site,window,season,reference,candidate,kind,n_available_days,n_valid_days,bias_c,median_abs_error_c,rmse_c,pearson_r,q50_difference_c,q90_difference_c,q95_difference_c,q99_difference_c,n_hottest_1pct_days,cond_mean_error_hottest_1pct_c,daily_gate,candidate_id,humidity_method,wind_treatment
Bikaner,1990-2004,ALL,ref_audited,cand_A,deployable candidate,5478,5476,0.041138324720252646,0.7258637256120153,1.1597250413485758,0.9736671466353967,0.003518463844784492,0.3333652588573841,0.13420708423312533,-0.6489009963316335,55,-1.7722473910431198,PASS,A,vapour_pressure,C1
Bikaner,1990-2004,DJF,ref_audited,cand_A,deployable candidate,1353,1351,-0.27987642289691683,0.7529150559735172,1.2732756085674117,0.8828788048803119,-0.3721945657112542,-0.6318216235954992,-1.0115942565533373,-1.073487411955142,14,-2.4310684572651553,,A,vapour_pressure,C1
Bikaner,1990-2004,MAM,ref_audited,cand_A,deployable candidate,1380,1380,0.14035739131331648,0.9194302198371531,1.3139114298694952,0.9213942600062202,0.0425901092663139,0.4014021196270292,0.2491018533833298,-0.7599366181482665,14,-2.4977001174881406,,A,vapour_pressure,C1
Bikaner,1990-2004,JJAS,ref_audited,cand_A,deployable candidate,1830,1830,0.34659882674924614,0.6299060663693012,0.8894856954486279,0.880694057885269,0.5032018401534515,0.02402903082620611,-0.22585865191869914,-1.069973255429133,19,-2.1453385050077385,,A,vapour_pressure,C1
Bikaner,1990-2004,ON,ref_audited,cand_A,deployable candidate,915,915,-0.24544539831875312,0.7200262636478101,1.2121789109059447,0.9146598269708538,-0.314645708392959,-0.5040642641012489,-0.6336639243818496,-0.2161783931922443,10,-2.0837879566901734,,A,vapour_pressure,C1
Bikaner,1990-2004,ALL,ref_audited,cand_B,deployable candidate,5478,5476,-0.2811753014583854,0.6390085595111827,1.2397650309430162,0.9721682238285805,-0.3404444890012712,0.10020612994338762,-0.12035141525160498,-0.9361637320292289,55,-2.0807375815510185,PASS,B,vapour_pressure,W1
Bikaner,1990-2004,DJF,ref_audited,cand_B,deployable candidate,1353,1351,-0.678370790994614,0.7407722322685686,1.4472716419937572,0.8755028235621282,-0.7715066061269908,-1.0949281358332428,-1.4412955392041908,-1.5619697561880344,14,-2.9178175696718824,,B,vapour_pressure,W1
Bikaner,1990-2004,MAM,ref_audited,cand_B,deployable candidate,1380,1380,-0.20915906053935993,0.7627159918854147,1.360158623423476,0.9176067563651111,-0.2918701694814274,0.09658779178229082,-0.018421322630956638,-1.06005087733773,14,-2.900132152769885,,B,vapour_pressure,W1
Bikaner,1990-2004,JJAS,ref_audited,cand_B,deployable candidate,1830,1830,0.14149420684553038,0.5137675025468695,0.8408395998473732,0.8777517403578518,0.3208192616130816,-0.21563129445272722,-0.469437760232843,-1.3377483413970523,19,-2.460929854534838,,B,vapour_pressure,W1
Bikaner,1990-2004,ON,ref_audited,cand_B,deployable candidate,915,915,-0.648668750967649,0.6803002086772381,1.3790131846050375,0.9103130706240681,-0.7101584298045509,-0.856661152423964,-0.9171864174260271,-0.5356503193316406,10,-2.463691800035247,,B,vapour_pressure,W1
Bikaner,1990-2004,ALL,ref_audited,cand_C,deployable candidate,5478,5476,-0.033191171467015196,0.7098382086952029,1.1797990954510011,0.9730743202152852,-0.11861716740773431,0.30088437546336877,0.1271107147499464,-0.6718568020250757,55,-1.7754233192410849,PASS,C,input_consistent_daily_rh,C1
Bikaner,1990-2004,DJF,ref_audited,cand_C,deployable candidate,1353,1351,-0.3781363937276883,0.7460771129291288,1.3060498134714789,0.881383982870833,-0.4636034532733788,-0.7113019233062801,-1.144397914427799,-1.2587169968726073,14,-2.610665059168777,,C,input_consistent_daily_rh,C1
Bikaner,1990-2004,MAM,ref_audited,cand_C,deployable candidate,1380,1380,0.010342255543777969,0.8356739172017171,1.3233889503871596,0.9195794808590937,-0.10917441910643788,0.27771733355497474,0.1546345349001257,-0.8502272269340949,14,-2.6178131069965582,,C,input_consistent_daily_rh,C1
Bikaner,1990-2004,JJAS,ref_audited,cand_C,deployable candidate,1830,1830,0.3521478671887442,0.6307524914012674,0.8917879133498856,0.880650270325038,0.5039322764552026,0.04066127280385956,-0.19642307244051693,-1.0408551123295595,19,-2.1637261004762056,,C,input_consistent_daily_rh,C1
Bikaner,1990-2004,ON,ref_audited,cand_C,deployable candidate,915,915,-0.36021365752249584,0.6811536385292811,1.2568713717848856,0.9120832084979802,-0.3935161604767927,-0.6167687175985286,-0.6493696397687678,-0.18820692452996468,10,-2.2235311962773894,,C,input_consistent_daily_rh,C1
Bikaner,1990-2004,ALL,ref_audited,cand_D,deployable candidate,5478,5476,-0.35607253229329994,0.6287220282486601,1.2853256135395184,0.9713153078423123,-0.47462551781416096,0.09165646929409377,-0.12175446217258923,-0.927778979988787,55,-2.084441540952113,PASS,D,input_consistent_daily_rh,W1
Bikaner,1990-2004,DJF,ref_audited,cand_D,deployable candidate,1353,1351,-0.7773863533046318,0.7602949887374848,1.5058847445175276,0.873169986789399,-0.8490716624322658,-1.1791066247839694,-1.55073237485081,-1.7474816388485408,14,-3.0989752618020896,,D,input_consistent_daily_rh,W1
Bikaner,1990-2004,MAM,ref_audited,cand_D,deployable candidate,1380,1380,-0.339999605121566,0.7350530379399629,1.4070871388949162,0.9152913961515072,-0.4314112051282848,0.016301099121839968,-0.11328285063856214,-1.1748722688364168,14,-3.0216936212859764,,D,input_consistent_daily_rh,W1
Bikaner,1990-2004,JJAS,ref_audited,cand_D,deployable candidate,1830,1830,0.14698679302770373,0.5025388400751751,0.8473217058570242,0.8759104733538995,0.2985901902341368,-0.19198061812947032,-0.44232205124387747,-1.2954471614667966,19,-2.4803746977525463,,D,input_consistent_daily_rh,W1
Bikaner,1990-2004,ON,ref_audited,cand_D,deployable candidate,915,915,-0.7643613111437044,0.6747363251462275,1.4549457828871617,0.9070847315785473,-0.8040800962082244,-0.9468786696048603,-0.9446690247884106,-0.48396326908427767,10,-2.604544695715049,,D,input_consistent_daily_rh,W1
Bikaner,1990-2004,ALL,ref_R3_midpoint,cand_A,deployable candidate,5478,5476,0.27527353437575347,0.8020975786717202,1.1089852686433241,0.9774175608019817,0.25406117770745595,0.554814823080136,0.3717182694207537,-0.22686042790888905,55,-1.3965771047544442,PASS,A,vapour_pressure,C1
Bikaner,1990-2004,DJF,ref_R3_midpoint,cand_A,deployable candidate,1353,1351,-0.014461439818330485,0.7732915978862707,1.1744230501377302,0.8929864959835349,-0.10274384227813016,-0.25143888417767357,-0.6189010980826879,-0.8687843562957198,14,-2.030601517417072,,A,vapour_pressure,C1
Bikaner,1990-2004,MAM,ref_R3_midpoint,cand_A,deployable candidate,1380,1380,0.3844814900611991,0.9723893796351888,1.2471850301444223,0.9348114159466897,0.3700160450139549,0.7056189117524383,0.5213397342389143,-0.16414213809941458,14,-2.235417651325065,,A,vapour_pressure,C1
Bikaner,1990-2004,JJAS,ref_R3_midpoint,cand_A,deployable candidate,1830,1830,0.548688080166179,0.7631487601838387,0.9536186890700056,0.8886423378931471,0.6893975780749031,0.24774767092994665,0.03992425335057703,-0.6785451994580782,19,-1.8164867936802962,,A,vapour_pressure,C1
Bikaner,1990-2004,ON,ref_R3_midpoint,cand_A,deployable candidate,915,915,-0.008468156887838234,0.7255771233697601,1.0765893846285575,0.9280399473153634,-0.1018295941395877,-0.1603362246285549,-0.14261906547970327,0.11321851235874192,10,-1.2114649460239206,,A,vapour_pressure,C1
Bikaner,1990-2004,ALL,ref_R3_midpoint,cand_B,deployable candidate,5478,5476,-0.047040091802884605,0.682769994946085,1.1236639499707055,0.9760255131618375,-0.08990177513859976,0.3216556941661395,0.1171597699360234,-0.5141231636064845,55,-1.7093769384459165,PASS,B,vapour_pressure,W1
Bikaner,1990-2004,DJF,ref_R3_midpoint,cand_B,deployable candidate,1353,1351,-0.41295580791602765,0.7187208339100266,1.2788698055602574,0.8859764034004802,-0.5020558826938668,-0.7145453964154171,-1.0486023807335414,-1.357266700528612,14,-2.5173506298237993,,B,vapour_pressure,W1
Bikaner,1990-2004,MAM,ref_R3_midpoint,cand_B,deployable candidate,1380,1380,0.03496503820852264,0.8112645827874019,1.2257580624490572,0.9312063275085333,0.035555766266213595,0.4008045839076999,0.2538165582246279,-0.464256397288878,14,-2.644448871553737,,B,vapour_pressure,W1
Bikaner,1990-2004,JJAS,ref_R3_midpoint,cand_B,deployable candidate,1830,1830,0.3435834602624632,0.6203346066813538,0.8606279449220966,0.8858599791432563,0.5070149995345332,0.008087345651013322,-0.20365485496356683,-0.9463202854259976,19,-2.1412575138237666,,B,vapour_pressure,W1
Bikaner,1990-2004,ON,ref_R3_midpoint,cand_B,deployable candidate,915,915,-0.41169150953673406,0.6609237222712636,1.1807508858485143,0.924018880224422,-0.4973423155511796,-0.51293311295127,-0.4261415585238808,-0.20625341378065443,10,-1.5780688316657574,,B,vapour_pressure,W1
Bikaner,1990-2004,ALL,ref_R3_midpoint,cand_C,deployable candidate,5478,5476,0.2009440381884856,0.7704626074060457,1.1147384487909644,0.9767843993770751,0.13192554645493715,0.5223339396861206,0.36462189993757477,-0.2498162336023313,55,-1.4109180858504518,PASS,C,input_consistent_daily_rh,C1
Bikaner,1990-2004,DJF,ref_R3_midpoint,cand_C,deployable candidate,1353,1351,-0.11272141064910195,0.7381719232650426,1.1902717416677957,0.89101418644891,-0.19415272984025478,-0.3309191838884544,-0.7517047559571495,-1.054013941213185,14,-2.210198119320694,,C,input_consistent_daily_rh,C1
Bikaner,1990-2004,MAM,ref_R3_midpoint,cand_C,deployable candidate,1380,1380,0.25446635429166053,0.9028284061287479,1.233621888533245,0.9327398315514299,0.21825151664120312,0.5819341256803838,0.4268724157557102,-0.254432746885243,14,-2.3771933814591444,,C,input_consistent_daily_rh,C1
Bikaner,1990-2004,JJAS,ref_R3_midpoint,cand_C,deployable candidate,1830,1830,0.554237120605677,0.7606229876563759,0.9585148650536706,0.8880253729092734,0.6901280143766542,0.2643799129076001,0.06935983282875924,-0.6494270563585047,19,-1.837923178898357,,C,input_consistent_daily_rh,C1
Bikaner,1990-2004,ON,ref_R3_midpoint,cand_C,deployable candidate,915,915,-0.12323641609158097,0.7011952622933677,1.1010437365569092,0.925592296981349,-0.1807000462234214,-0.27304067812583455,-0.1583247808666215,0.14118998102102154,10,-1.330973939554724,,C,input_consistent_daily_rh,C1
Bikaner,1990-2004,ALL,ref_R3_midpoint,cand_D,deployable candidate,5478,5476,-0.12193732263779912,0.6794487839330543,1.1589795061377395,0.9751307623628835,-0.2240828039514895,0.3131060335168456,0.11575672301503914,-0.5057384115660426,55,-1.724370004403763,PASS,D,input_consistent_daily_rh,W1
Bikaner,1990-2004,DJF,ref_R3_midpoint,cand_D,deployable candidate,1353,1351,-0.5119713702260456,0.7288876251286638,1.3271020283417054,0.8831479738016876,-0.5796209389991418,-0.7987238853661438,-1.1580392163801605,-1.5427785831891185,14,-2.6985083219540065,,D,input_consistent_daily_rh,W1
Bikaner,1990-2004,MAM,ref_R3_midpoint,cand_D,deployable candidate,1380,1380,-0.09587550637368344,0.7431220127546112,1.2543122265010933,0.9286281888951391,-0.10398526938064379,0.32051789124724905,0.1589550302170224,-0.5790777887875649,14,-2.7878445312965505,,D,input_consistent_daily_rh,W1
Bikaner,1990-2004,JJAS,ref_R3_midpoint,cand_D,deployable candidate,1830,1830,0.34907604644463663,0.6226680190501099,0.8699995991516923,0.8834134329831036,0.4847859281555884,0.031738021974270225,-0.1765391459746013,-0.9040191054957418,19,-2.1637577568712643,,D,input_consistent_daily_rh,W1
Bikaner,1990-2004,ON,ref_R3_midpoint,cand_D,deployable candidate,915,915,-0.5273840697127894,0.6541303250543251,1.2457083197677778,0.920911027551952,-0.5912639819548531,-0.6031506301321663,-0.4536241658862643,-0.15456636353329145,10,-1.6990447381125136,,D,input_consistent_daily_rh,W1
Bikaner,1990-2004,ALL,ref_audited,ref_R3_midpoint,reference versus reference,5478,5477,-0.23410864735168838,0.20523904765860834,0.34852125126950434,0.9986471525142429,-0.24965269311121574,-0.22089513943697625,-0.23805208665325495,-0.4223853328226852,55,-0.43066635606526854,PASS,,,
Hyderabad,1990-2004,ALL,ref_audited,cand_A,deployable candidate,5478,5476,0.2858748967896605,0.6292647909147604,0.8978880947874094,0.9465104744735097,0.39404838663404007,0.02262508280887232,-0.4004524506865579,-1.1129586261880604,55,-1.8463091730119385,PASS,A,vapour_pressure,C1
Hyderabad,1990-2004,DJF,ref_audited,cand_A,deployable candidate,1353,1351,0.27934963546585373,0.7054716741970992,0.96619630348781,0.8739091166441466,0.48960408095257435,-0.2086307849247646,-0.6740490126588838,-1.0043225856973663,14,-1.9902240874721062,,A,vapour_pressure,C1
Hyderabad,1990-2004,MAM,ref_audited,cand_A,deployable candidate,1380,1380,0.10414039376286509,0.7592014403098517,1.0649082625421114,0.8458390833229722,0.2936580560944435,-0.8551013560939182,-0.9995680309017843,-1.431461818625813,14,-1.9925514992711604,,A,vapour_pressure,C1
Hyderabad,1990-2004,JJAS,ref_audited,cand_A,deployable candidate,1830,1830,0.31070286567665006,0.47494349699070426,0.6722755893522512,0.9513173555118488,0.4375155712601213,0.40705826995969474,0.2540532031242151,-0.8687702797005201,19,-1.6379884535269447,,A,vapour_pressure,C1
Hyderabad,1990-2004,ON,ref_audited,cand_A,deployable candidate,915,915,0.5199449068030485,0.7429768490821402,0.9122865498264146,0.9299695011674652,0.6409149747802871,0.40264028234324556,0.11752798907435036,-0.4457770578962368,10,-1.2583487178626966,,A,vapour_pressure,C1
Hyderabad,1990-2004,ALL,ref_audited,cand_B,deployable candidate,5478,5476,-0.01809949589006891,0.4929608004476904,0.8733859076292602,0.9435966813666486,0.15358993808229116,-0.3206754402543197,-0.7673857553385375,-1.5124859955362808,55,-2.2297751587297037,PASS,B,vapour_pressure,W1
Hyderabad,1990-2004,DJF,ref_audited,cand_B,deployable candidate,1353,1351,-0.1406811502141034,0.49263189767060567,0.9638240490100363,0.8652253026338156,0.08825532088877708,-0.6426783631449098,-1.1196591428581257,-1.4639956389518431,14,-2.502367765941151,,B,vapour_pressure,W1
Hyderabad,1990-2004,MAM,ref_audited,cand_B,deployable candidate,1380,1380,-0.28324518065085724,0.6576876591281007,1.1240964726200795,0.8346575091495646,-0.07845885496689675,-1.2426532282816822,-1.3907725150405668,-1.7949593951683909,14,-2.3857823540233847,,B,vapour_pressure,W1
Hyderabad,1990-2004,JJAS,ref_audited,cand_B,deployable candidate,1830,1830,0.15257014166317054,0.3877926806660241,0.5950874319206028,0.9521230223825959,0.2697315034072858,0.1596801325435031,-0.03831965723563968,-1.2202233441708898,19,-1.979192483293257,,B,vapour_pressure,W1
Hyderabad,1990-2004,ON,ref_audited,cand_B,deployable candidate,915,915,0.22144522896154892,0.519863817379985,0.761271547381307,0.9339499650414294,0.34516666574563715,0.1319417927226212,-0.20509976182460932,-0.7873315199913691,10,-1.5925562339472834,,B,vapour_pressure,W1
Hyderabad,1990-2004,ALL,ref_audited,cand_C,deployable candidate,5478,5476,0.2891792122985182,0.625206657738687,0.9124930253549124,0.9445838890566689,0.4270228555402298,0.028450547859478093,-0.40856439108118536,-1.0222810341614093,55,-1.866440580905485,PASS,C,input_consistent_daily_rh,C1
Hyderabad,1990-2004,DJF,ref_audited,cand_C,deployable candidate,1353,1351,0.200619306078465,0.6441728870674979,0.9613795878976408,0.8696688617024051,0.41573765937545204,-0.3002475006572922,-0.8058215661207271,-1.1568953426958615,14,-2.160090192875811,,C,input_consistent_daily_rh,C1
Hyderabad,1990-2004,MAM,ref_audited,cand_C,deployable candidate,1380,1380,0.034946458779837236,0.7407266406553106,1.0902509409825871,0.83281786998736,0.2283465734086576,-0.8777661603706051,-0.9782806665679615,-1.3542276186056768,14,-2.037134872289138,,C,input_consistent_daily_rh,C1
Hyderabad,1990-2004,JJAS,ref_audited,cand_C,deployable candidate,1830,1830,0.42365996053933935,0.5206369380299805,0.7137043180603823,0.9544316472518918,0.5375233763194274,0.529242848856672,0.3141499158022327,-0.8396891338086974,19,-1.580225142044825,,C,input_consistent_daily_rh,C1
Hyderabad,1990-2004,ON,ref_audited,cand_C,deployable candidate,915,915,0.5344096646246042,0.6974810427452667,0.8983324204511753,0.9356215079213547,0.6135238763471875,0.5369827819559632,0.22069281118503525,-0.3067369954151431,10,-1.1514064139910203,,C,input_consistent_daily_rh,C1
Hyderabad,1990-2004,ALL,ref_audited,cand_D,deployable candidate,5478,5476,-0.015099316697212867,0.49930813709485733,0.9046033292829506,0.9392736237605498,0.17697454881727026,-0.3190856424178605,-0.7768526141039303,-1.4018554016993932,55,-2.250007440019532,PASS,D,input_consistent_daily_rh,W1
Hyderabad,1990-2004,DJF,ref_audited,cand_D,deployable candidate,1353,1351,-0.22021407101396856,0.4923088240192328,0.9989290798140618,0.8588883546425001,0.04185982173260072,-0.7324906970774805,-1.2662351186238539,-1.5768235729885873,14,-2.6738168773767126,,D,input_consistent_daily_rh,W1
Hyderabad,1990-2004,MAM,ref_audited,cand_D,deployable candidate,1380,1380,-0.35324756002169033,0.657683154523852,1.1791762251130224,0.8189345213165202,-0.12072103190382677,-1.2397649299797138,-1.3371222892699421,-1.6387367203979366,14,-2.431230645604935,,D,input_consistent_daily_rh,W1
Hyderabad,1990-2004,JJAS,ref_audited,cand_D,deployable candidate,1830,1830,0.26586056078504716,0.4084263352023072,0.6171119150670619,0.9548794936066094,0.35964615964246605,0.2817988412630079,0.027708992263278276,-1.1395252765323605,19,-1.9206564591898159,,D,input_consistent_daily_rh,W1
Hyderabad,1990-2004,ON,ref_audited,cand_D,deployable candidate,915,915,0.23582749540899478,0.5137599082096358,0.7518273002178965,0.9372238093865218,0.3212255726701869,0.26778510748465223,-0.033296787762424174,-0.7279989619812746,10,-1.4852475963654626,,D,input_consistent_daily_rh,W1
Hyderabad,1990-2004,ALL,ref_R3_midpoint,cand_A,deployable candidate,5478,5476,0.485527901526327,0.7350274584597116,0.9346215509681959,0.9519550276021667,0.565279635678337,0.2872227898261883,-0.1152298608146225,-0.8344892671005937,55,-1.4906913204708003,PASS,A,vapour_pressure,C1
Hyderabad,1990-2004,DJF,ref_R3_midpoint,cand_A,deployable candidate,1353,1351,0.5002066705197843,0.8308345354018343,0.9926253736436257,0.8892598267148039,0.6849169780591637,0.031728923054288316,-0.31432459740108243,-0.7228265646468799,14,-1.872519685969142,,A,vapour_pressure,C1
Hyderabad,1990-2004,MAM,ref_R3_midpoint,cand_A,deployable candidate,1380,1380,0.3465775585368519,0.8048970231391195,1.0500819067255076,0.8567860321630522,0.5257969577100425,-0.4052446117214288,-0.6644450437675076,-1.1046523567962794,14,-1.6443173003303204,,A,vapour_pressure,C1
Hyderabad,1990-2004,JJAS,ref_R3_midpoint,cand_A,deployable candidate,1830,1830,0.4910568376074402,0.5835997756113329,0.7555862100222503,0.9549725199918906,0.6147772725553295,0.6184199217947857,0.5921773720600001,-0.6035415924711813,19,-1.2905433612065078,,A,vapour_pressure,C1
Hyderabad,1990-2004,ON,ref_R3_midpoint,cand_A,deployable candidate,915,915,0.6623612385611662,0.8321150270257363,0.9839035999200316,0.9348469203920142,0.7730238609857452,0.5508492118550414,0.23656812473071653,-0.3476837184133714,10,-1.1323824183656939,,A,vapour_pressure,C1
Hyderabad,1990-2004,ALL,ref_R3_midpoint,cand_B,deployable candidate,5478,5476,0.18155350884659763,0.5506030708727963,0.8377088420565156,0.9495467501976708,0.32482118712658803,-0.05607773323700371,-0.4821631654666021,-1.234016636448814,55,-1.87721430363013,PASS,B,vapour_pressure,W1
Hyderabad,1990-2004,DJF,ref_R3_midpoint,cand_B,deployable candidate,1353,1351,0.08017588483982721,0.5369488059777723,0.8915091783193502,0.8805155019366542,0.28356821799536647,-0.40231865516585685,-0.7599347276003243,-1.1824996179013567,14,-2.406415369507353,,B,vapour_pressure,W1
Hyderabad,1990-2004,MAM,ref_R3_midpoint,cand_B,deployable candidate,1380,1380,-0.040808015876870454,0.6636382917389767,1.019668458823965,0.8462197690404044,0.15368004664870227,-0.7927964839091928,-1.05564952790629,-1.4681499333388572,14,-2.0423286941526038,,B,vapour_pressure,W1
Hyderabad,1990-2004,JJAS,ref_R3_midpoint,cand_B,deployable candidate,1830,1830,0.3329241135939608,0.47161067694688086,0.6435475308348741,0.9556882210868363,0.44699320470249404,0.37104178437859403,0.2998045117001453,-0.9549946569415511,19,-1.620486041361376,,B,vapour_pressure,W1
Hyderabad,1990-2004,ON,ref_R3_midpoint,cand_B,deployable candidate,915,915,0.3638615607196667,0.606189675406938,0.7936478987136255,0.9388450687846764,0.47727555195109517,0.28015072223441706,-0.08605962616824314,-0.6892381805085037,10,-1.4525281257765925,,B,vapour_pressure,W1
Hyderabad,1990-2004,ALL,ref_R3_midpoint,cand_C,deployable candidate,5478,5476,0.48883221703518465,0.7410624136935837,0.9489137036522876,0.9500898764795503,0.5982541045845267,0.2930482548767941,-0.12334180120924998,-0.7438116750739425,55,-1.5155996825384177,PASS,C,input_consistent_daily_rh,C1
Hyderabad,1990-2004,DJF,ref_R3_midpoint,cand_C,deployable candidate,1353,1351,0.42147634113239557,0.7634521526044296,0.9701709776546534,0.8849813655445324,0.6110505564820414,-0.05988779267823929,-0.4460971508629257,-0.875399321645375,14,-2.039943508508153,,C,input_consistent_daily_rh,C1
Hyderabad,1990-2004,MAM,ref_R3_midpoint,cand_C,deployable candidate,1380,1380,0.27738362355382407,0.8008436627081892,1.0597596090559402,0.8438375467994502,0.46048547502425663,-0.4279094159981156,-0.6431576794336848,-1.0274181567761431,14,-1.6373263024410147,,C,input_consistent_daily_rh,C1
Hyderabad,1990-2004,JJAS,ref_R3_midpoint,cand_C,deployable candidate,1830,1830,0.6040139324701295,0.6534373181606554,0.8225573193452721,0.9570065833373357,0.7147850776146356,0.740604500691763,0.6522740847380177,-0.5744604465793586,19,-1.2440786842820504,,C,input_consistent_daily_rh,C1
Hyderabad,1990-2004,ON,ref_R3_midpoint,cand_C,deployable candidate,915,915,0.676825996382722,0.8092509568144806,0.9757420332874289,0.9396425392852263,0.7456327625526455,0.685191711467759,0.33973294684140143,-0.20864365593227774,10,-0.985223985710661,,C,input_consistent_daily_rh,C1
Hyderabad,1990-2004,ALL,ref_R3_midpoint,cand_D,deployable candidate,5478,5476,0.18455368803945366,0.5587457759004337,0.870389782976882,0.9452713088737011,0.34820579786156713,-0.05448793540054453,-0.49163002423199487,-1.1233860426119264,55,-1.9020076870912197,PASS,D,input_consistent_daily_rh,W1
Hyderabad,1990-2004,DJF,ref_R3_midpoint,cand_D,deployable candidate,1353,1351,0.0006429640399620421,0.5206090907901171,0.910238864562121,0.8741073448661827,0.2371727188391901,-0.49213098909842756,-0.9065107033660524,-1.295327551938101,14,-2.575440929658007,,D,input_consistent_daily_rh,W1
Hyderabad,1990-2004,MAM,ref_R3_midpoint,cand_D,deployable candidate,1380,1380,-0.11081039524770353,0.6640599418873876,1.0639265886498106,0.8305225980329876,0.11141786971177225,-0.7899081856072243,-1.0019993021356655,-1.311927258568403,14,-2.0353816603279102,,D,input_consistent_daily_rh,W1
Hyderabad,1990-2004,JJAS,ref_R3_midpoint,cand_D,deployable candidate,1830,1830,0.4462145327158374,0.5204415082019977,0.6994632662855652,0.9573230694843106,0.5369078609376743,0.49316049309809884,0.3658331611990633,-0.8742965893030217,19,-1.5730537393501616,,D,input_consistent_daily_rh,W1
Hyderabad,1990-2004,ON,ref_R3_midpoint,cand_D,deployable candidate,915,915,0.3782438271671125,0.5699096866438254,0.7904804899266326,0.9412477611028024,0.45333445887564494,0.4159940369964481,0.085743347893942,-0.6299056224984092,10,-1.3046434977835246,,D,input_consistent_daily_rh,W1
Hyderabad,1990-2004,ALL,ref_audited,ref_R3_midpoint,reference versus reference,5478,5477,-0.19965054144123787,0.18692928317170754,0.28402441331359884,0.9970902235592893,-0.1715235970896174,-0.2647928998141076,-0.28491505962775676,-0.2783149198627157,55,-0.4137617293443286,PASS,,,
Kochi,1990-2004,ALL,ref_audited,cand_A,deployable candidate,5478,5476,0.23118788480656294,0.7118150307911151,0.9828573471480933,0.8853003636685687,0.2728417330315267,0.5248389205761725,0.6049439659637841,0.609029498396751,55,-0.13566001797661845,PASS,A,vapour_pressure,C1
Kochi,1990-2004,DJF,ref_audited,cand_A,deployable candidate,1353,1351,0.00785415393561717,0.6627664060756047,0.9233297926850612,0.7031538940703773,-0.07419302959982588,0.04810990605341203,0.0784443015328975,-0.06293294519929304,14,-0.6461643360631025,,A,vapour_pressure,C1
Kochi,1990-2004,MAM,ref_audited,cand_A,deployable candidate,1380,1380,0.874941476113331,0.9806208136864996,1.2199472156566693,0.844076703211788,1.1350788953141375,0.7515184042485217,0.6458871234470109,0.5540911867325491,14,-0.33777898487252045,,A,vapour_pressure,C1
Kochi,1990-2004,JJAS,ref_audited,cand_A,deployable candidate,1830,1830,0.14847920437776582,0.644526592988683,0.8854888693920315,0.874296448451679,0.37133462874194834,0.3937411089635816,0.15656216198111395,-0.28357225243847495,19,-0.8764779572493951,,A,vapour_pressure,C1
Kochi,1990-2004,ON,ref_audited,cand_A,deployable candidate,915,915,-0.24454894624479587,0.5747828423053534,0.8424426087594244,0.874845277240409,-0.030632300344507257,-0.43264627980270376,-0.49183511123592893,-0.45275709661937924,10,-0.966822204418645,,A,vapour_pressure,C1
Kochi,1990-2004,ALL,ref_audited,cand_B,deployable candidate,5478,5476,-0.0743488446070323,0.6659651846713643,0.9320621140212898,0.8800386310044602,-0.07721502562236537,0.10462735079283902,0.16501701734334517,0.1481540936449477,55,-0.5716013862317606,PASS,B,vapour_pressure,W1
Kochi,1990-2004,DJF,ref_audited,cand_B,deployable candidate,1353,1351,-0.43127571332457626,0.7535383475014328,1.0194467734214356,0.6952775128458891,-0.48389408091230734,-0.4232863721816216,-0.44307771275123287,-0.5489786925377587,14,-1.1582806539015362,,B,vapour_pressure,W1
Kochi,1990-2004,MAM,ref_audited,cand_B,deployable candidate,1380,1380,0.5184928231502265,0.7201994782186318,0.9634272974628733,0.8450799215593716,0.734888338927135,0.32005165697993476,0.20991665576780605,0.15377577276955634,14,-0.7571687176037715,,B,vapour_pressure,W1
Kochi,1990-2004,JJAS,ref_audited,cand_B,deployable candidate,1830,1830,-0.03219669395690312,0.580441561977608,0.8295162992319827,0.8757353576679713,0.19714125660482296,0.11502146333839391,-0.12713496100517574,-0.6568341475088175,19,-1.191797679431201,,B,vapour_pressure,W1
Kochi,1990-2004,ON,ref_audited,cand_B,deployable candidate,915,915,-0.5257715086041378,0.6744778183690414,0.9426388614337202,0.874292912334564,-0.3537043254473815,-0.8032397776355182,-0.8639226897494012,-0.8163307658246453,10,-1.3617613473237271,,B,vapour_pressure,W1
Kochi,1990-2004,ALL,ref_audited,cand_C,deployable candidate,5478,5476,0.44829398961300254,0.7886629719641576,1.0712508213777536,0.8779232620846001,0.4441349663420908,0.7409379295047813,0.8090799249297049,0.8684773089664475,55,0.06031587495081216,PASS,C,input_consistent_daily_rh,C1
Kochi,1990-2004,DJF,ref_audited,cand_C,deployable candidate,1353,1351,0.0660474179967991,0.7145057888855035,0.9799691390836689,0.6748689140717327,-0.0025296690914160536,0.13131757435900226,0.14835498184299922,0.038885614532745194,14,-0.6379792474737209,,C,input_consistent_daily_rh,C1
Kochi,1990-2004,MAM,ref_audited,cand_C,deployable candidate,1380,1380,1.1039105326373022,1.1596509184157355,1.3973010966108985,0.8420510422340054,1.3287876315300764,0.9876662311453828,0.9177476292006901,0.8908806127352165,14,-0.15335537507372773,,C,input_consistent_daily_rh,C1
Kochi,1990-2004,JJAS,ref_audited,cand_C,deployable candidate,1830,1830,0.44963382350312625,0.7247742897081366,0.9569343441872811,0.8847014731991942,0.6560628559025758,0.7339875613370523,0.48342359085769004,-0.04539399250969467,19,-0.4988827584652875,,C,input_consistent_daily_rh,C1
Kochi,1990-2004,ON,ref_audited,cand_C,deployable candidate,915,915,0.02120370858680618,0.5591400259943953,0.820878517967809,0.8690704974503638,0.2198241945245627,-0.13106622560284364,-0.18303564346520318,-0.20141894301799823,10,-0.7507155393024106,,C,input_consistent_daily_rh,C1
Kochi,1990-2004,ALL,ref_audited,cand_D,deployable candidate,5478,5476,0.14424907475126958,0.7042604960140011,0.9717819795881607,0.8696998669635495,0.12057616740196409,0.34110335030635497,0.3827677174719355,0.42422745378978277,55,-0.37343018533647926,PASS,D,input_consistent_daily_rh,W1
Kochi,1990-2004,DJF,ref_audited,cand_D,deployable candidate,1353,1351,-0.37253443755612464,0.7798900915627769,1.0518627641148022,0.663557910898214,-0.44438904870770557,-0.3292466685089721,-0.31178949858642113,-0.4132788570276489,14,-1.1508863594630034,,D,input_consistent_daily_rh,W1
Kochi,1990-2004,MAM,ref_audited,cand_D,deployable candidate,1380,1380,0.7494375859842131,0.8502276913791889,1.1148175981948671,0.8408642540581719,0.9462401878263336,0.5678224163759609,0.48956236994641955,0.45049984640969853,14,-0.5708361392558297,,D,input_consistent_daily_rh,W1
Kochi,1990-2004,JJAS,ref_audited,cand_D,deployable candidate,1830,1830,0.27039630509101736,0.6248136132456636,0.8451812647647349,0.8861106423266217,0.46441416243882827,0.4528744545745411,0.20341950256987928,-0.3907711956494069,19,-0.8120913795434005,,D,input_consistent_daily_rh,W1
Kochi,1990-2004,ON,ref_audited,cand_D,deployable candidate,915,915,-0.25775644644644724,0.5630146708136294,0.8455824622022011,0.866246659013985,-0.07924592005400655,-0.48691386591828945,-0.5271062257800452,-0.5308950079906225,10,-1.1422374981560721,,D,input_consistent_daily_rh,W1
Kochi,1990-2004,ALL,ref_R3_midpoint,cand_A,deployable candidate,5478,5476,0.2520294792710201,0.7216132613656612,0.9887932622246725,0.8850472983962245,0.27005408986505586,0.5418919905783355,0.5932635536399431,0.5515858857883842,55,-0.1959831310547987,PASS,A,vapour_pressure,C1
Kochi,1990-2004,DJF,ref_R3_midpoint,cand_A,deployable candidate,1353,1351,-0.03407969841011275,0.6398475351276716,0.8963429896566495,0.7213307779511633,-0.13108455296719512,0.06498828487883657,0.08844358302431488,0.06745789590181062,14,-0.5949523012044072,,A,vapour_pressure,C1
Kochi,1990-2004,MAM,ref_R3_midpoint,cand_A,deployable candidate,1380,1380,0.9101937345384853,1.0234371435836351,1.2405037595202097,0.8484109204036077,1.1601394015628728,0.6945037331598627,0.6310216190658267,0.41857238787517304,14,-0.3347726659145727,,A,vapour_pressure,C1
Kochi,1990-2004,JJAS,ref_R3_midpoint,cand_A,deployable candidate,1830,1830,0.20474940648564988,0.6678556662680535,0.9042851375994646,0.8713651568140385,0.45630909234080264,0.42272433292507117,0.09878410381775637,-0.03940775862399448,19,-0.9602679411871272,,A,vapour_pressure,C1
Kochi,1990-2004,ON,ref_R3_midpoint,cand_A,deployable candidate,915,915,-0.22361056447178226,0.6122053803608765,0.8418398603305486,0.8750575154339899,-0.025795869760543155,-0.43420872295220647,-0.48388889673319824,-0.3959568279084209,10,-0.844236711593777,,A,vapour_pressure,C1
Kochi,1990-2004,ALL,ref_R3_midpoint,cand_B,deployable candidate,5478,5476,-0.05350725014257518,0.6822574676203885,0.9381279458117333,0.878936049925202,-0.08000266878883622,0.12168042079500196,0.1533366050195042,0.09071048103658086,55,-0.6250939408228471,PASS,B,vapour_pressure,W1
Kochi,1990-2004,DJF,ref_R3_midpoint,cand_B,deployable candidate,1353,1351,-0.47320956567030614,0.7724200764513967,1.0143161984726732,0.7133390509644945,-0.5407856042796766,-0.40640799335619704,-0.4330784312598155,-0.418587851436655,14,-1.0861151930660273,,B,vapour_pressure,W1
Kochi,1990-2004,MAM,ref_R3_midpoint,cand_B,deployable candidate,1380,1380,0.5537450815753807,0.7477731897107276,0.9844022721189687,0.8472946633465473,0.7599488451758702,0.2630369858912758,0.19505115138662177,0.018256973912180285,14,-0.7709901344326957,,B,vapour_pressure,W1
Kochi,1990-2004,JJAS,ref_R3_midpoint,cand_B,deployable candidate,1830,1830,0.024073508150980947,0.5964395100527611,0.8380432697529943,0.8728716326307827,0.28211572020367726,0.14400468729988347,-0.1849130191685333,-0.41266965369433706,19,-1.2679882035489647,,B,vapour_pressure,W1
Kochi,1990-2004,ON,ref_R3_midpoint,cand_B,deployable candidate,915,915,-0.5048331268311242,0.6729313641999966,0.9390471348498118,0.874393035057216,-0.3488678948634174,-0.804802220785021,-0.8559764752466705,-0.7595304971136869,10,-1.2302609808847478,,B,vapour_pressure,W1
Kochi,1990-2004,ALL,ref_R3_midpoint,cand_C,deployable candidate,5478,5476,0.4691355840774596,0.8029017242275813,1.0882285429351133,0.875814856581257,0.44134732317562,0.7579909995069443,0.797399512605864,0.8110336963580806,55,0.018937991812382197,PASS,C,input_consistent_daily_rh,C1
Kochi,1990-2004,DJF,ref_R3_midpoint,cand_C,deployable candidate,1353,1351,0.02411356565106918,0.6917262696857733,0.9525392727530482,0.6923428289474763,-0.0594211924587853,0.1481959531844268,0.1583542633344166,0.16927645563384885,14,-0.5888188346514157,,C,input_consistent_daily_rh,C1
Kochi,1990-2004,MAM,ref_R3_midpoint,cand_C,deployable candidate,1380,1380,1.1391627910624564,1.2223613086214584,1.427746340353832,0.8422008869692814,1.3538481377788116,0.9306515600567238,0.9028821248195058,0.7553618138778404,14,-0.17082175580305098,,C,input_consistent_daily_rh,C1
Kochi,1990-2004,JJAS,ref_R3_midpoint,cand_C,deployable candidate,1830,1830,0.5059040256110103,0.7710420726066332,0.99518423906511,0.880324267478437,0.7410373195014301,0.7629707852985419,0.4256455326943325,0.1987705013047858,19,-0.51974299254897,,C,input_consistent_daily_rh,C1
Kochi,1990-2004,ON,ref_R3_midpoint,cand_C,deployable candidate,915,915,0.0421420903598198,0.585535618631809,0.832148056831936,0.867915834896595,0.2246606251085268,-0.13262866875234636,-0.17508942896247248,-0.1446186743070399,10,-0.6452208410267588,,C,input_consistent_daily_rh,C1
Kochi,1990-2004,ALL,ref_R3_midpoint,cand_D,deployable candidate,5478,5476,0.16509066921572668,0.7324941995797474,0.9903524195177477,0.8666268971703539,0.11778852423549324,0.3581564203085179,0.3710873051480945,0.36678384118141594,55,-0.407430385675925,PASS,D,input_consistent_daily_rh,W1
Kochi,1990-2004,DJF,ref_R3_midpoint,cand_D,deployable candidate,1353,1351,-0.4144682899018545,0.7854848042103981,1.0450148514438127,0.6808183735398615,-0.5012805720750748,-0.3123682896835476,-0.30179021709500375,-0.2828880159265452,14,-1.0803797545947467,,D,input_consistent_daily_rh,W1
Kochi,1990-2004,MAM,ref_R3_midpoint,cand_D,deployable candidate,1380,1380,0.7846898444093674,0.8973508027629009,1.1486500157306796,0.8386111181185613,0.9713006940750688,0.5108077452873019,0.47469686556523527,0.3149810475523225,14,-0.6052475739282873,,D,input_consistent_daily_rh,W1
Kochi,1990-2004,JJAS,ref_R3_midpoint,cand_D,deployable candidate,1830,1830,0.3266665071989014,0.6531899980309674,0.8773410292311763,0.8817406257746999,0.5493886260376826,0.4818576785360307,0.14564144440652171,-0.1466067018349264,19,-0.8249758979540167,,D,input_consistent_daily_rh,W1
Kochi,1990-2004,ON,ref_R3_midpoint,cand_D,deployable candidate,915,915,-0.2368180646734336,0.5926594102395484,0.8532247295590881,0.864900751655212,-0.07440948947004244,-0.48847630906779216,-0.5191600112773145,-0.47409473927966417,10,-1.0291850838947425,,D,input_consistent_daily_rh,W1
Kochi,1990-2004,ALL,ref_audited,ref_R3_midpoint,reference versus reference,5478,5477,-0.020900515471581633,0.1721631347484731,0.2964678839879507,0.986853630492573,0.0026315844467035276,-0.017055939896124528,0.011776221506785589,0.0574600722081442,55,-0.1531049510559652,PASS,,,
Kolkata,1990-2004,ALL,ref_audited,cand_A,deployable candidate,5478,5476,0.332745740464324,0.6379458683508119,0.9453374647859789,0.9715871329999799,0.20197154549734364,0.1598189826504779,0.04050075733066194,-0.1335004936266273,55,-1.265852676741564,PASS,A,vapour_pressure,C1
Kolkata,1990-2004,DJF,ref_audited,cand_A,deployable candidate,1353,1351,0.6204505833648483,0.871832757942741,1.0779456474819253,0.9394067198607736,0.5986927612801765,0.3935474305377511,0.39010040641960586,0.522547553546616,14,-0.4694913363568552,,A,vapour_pressure,C1
Kolkata,1990-2004,MAM,ref_audited,cand_A,deployable candidate,1380,1380,0.6012869949672159,0.7301303099228278,1.1366517825219902,0.9049789017074465,0.6332943562153162,0.37843997861138234,0.2061685644205724,-0.3653582029104214,14,-1.3455232076328107,,A,vapour_pressure,C1
Kolkata,1990-2004,JJAS,ref_audited,cand_A,deployable candidate,1830,1830,-0.0803252178840214,0.4152236002265397,0.6944285571615575,0.914915935674793,-0.032960566049979434,-0.07222682481781817,-0.3004029927496745,-0.5261611619192621,19,-1.5820490210597522,,A,vapour_pressure,C1
Kolkata,1990-2004,ON,ref_audited,cand_A,deployable candidate,915,915,0.32907763096145287,0.6666040146140517,0.848315323609034,0.9612320698769531,0.5147971826254434,-0.10070468571436919,-0.4402281799200338,-0.5365090874379064,10,-0.9522749743406166,,A,vapour_pressure,C1
Kolkata,1990-2004,ALL,ref_audited,cand_B,deployable candidate,5478,5476,0.07952457510265742,0.5100829830145415,0.8482623569327464,0.9738527262029265,0.010286789715081568,-0.07711979079468279,-0.2186764862376691,-0.4256266462342353,55,-1.5370268866505523,PASS,B,vapour_pressure,W1
Kolkata,1990-2004,DJF,ref_audited,cand_B,deployable candidate,1353,1351,0.24195253938196887,0.611257040438943,0.9145452799874768,0.939639545867607,0.2262327899748584,-0.0628309989536433,-0.05054548701968997,0.1909089427865922,14,-0.8310730535406249,,B,vapour_pressure,W1
Kolkata,1990-2004,MAM,ref_audited,cand_B,deployable candidate,1380,1380,0.32174239437804825,0.5877748932339841,0.9948695084373078,0.9096745858509244,0.37159893661362275,0.1255192402736185,-0.07713081781327702,-0.6045544383269075,14,-1.661334930369849,,B,vapour_pressure,W1
Kolkata,1990-2004,JJAS,ref_audited,cand_B,deployable candidate,1830,1830,-0.21149458174388536,0.3978336300488934,0.7087927658350959,0.9154602353538837,-0.1460678978750991,-0.28501576255312244,-0.5169312437721558,-0.789681188150233,19,-1.80079118745012,,B,vapour_pressure,W1
Kolkata,1990-2004,ON,ref_audited,cand_B,deployable candidate,915,915,0.05642543487072754,0.5388902855699484,0.75750432562516,0.9641976696909804,0.2267803784080229,-0.37057492180401397,-0.6990281063295853,-0.8463827633135068,10,-1.2371267857075339,,B,vapour_pressure,W1
Kolkata,1990-2004,ALL,ref_audited,cand_C,deployable candidate,5478,5476,0.44655526196951806,0.6741734587089354,0.975128366944994,0.9723662073364442,0.32088995273332444,0.3481711860766268,0.2271764555325433,0.1387011855356377,55,-1.0541359833880342,PASS,C,input_consistent_daily_rh,C1
Kolkata,1990-2004,DJF,ref_audited,cand_C,deployable candidate,1353,1351,0.6636319610828662,0.9378454746667444,1.1145649864385712,0.9374510965551683,0.6247861491613662,0.3902238622240475,0.3371461638508322,0.5816208608931959,14,-0.40868166751464435,,C,input_consistent_daily_rh,C1
Kolkata,1990-2004,MAM,ref_audited,cand_C,deployable candidate,1380,1380,0.7343637470289053,0.8507797655792615,1.2099222762636903,0.905919509255905,0.8035837397123373,0.5602866028415718,0.4702961769706775,-0.04726226316836346,14,-1.154079909651354,,C,input_consistent_daily_rh,C1
Kolkata,1990-2004,JJAS,ref_audited,cand_C,deployable candidate,1830,1830,0.09498442976602045,0.4244240158913044,0.6775620015043253,0.9207949958344582,0.15683178769742767,0.1002586719235552,-0.12193991337372267,-0.2268236610653176,19,-1.365170362914392,,C,input_consistent_daily_rh,C1
Kolkata,1990-2004,ON,ref_audited,cand_C,deployable candidate,915,915,0.3951107734977286,0.6835413919358189,0.8546708932204142,0.9635440860274982,0.5213650206311513,-0.009111210547352755,-0.3416196862934626,-0.4910294449632602,10,-0.8197448993399519,,C,input_consistent_daily_rh,C1
Kolkata,1990-2004,ALL,ref_audited,cand_D,deployable candidate,5478,5476,0.19377060242205907,0.5351667867659557,0.8589299479060595,0.97409119319399,0.142649792935714,0.11230004717975817,-0.03109024996480514,-0.10107973430085337,55,-1.3234044888359522,PASS,D,input_consistent_daily_rh,W1
Kolkata,1990-2004,DJF,ref_audited,cand_D,deployable candidate,1353,1351,0.2854138480335608,0.6688747520727247,0.9442395356068366,0.9370334093433416,0.28788477338349594,0.014313720219661263,-0.030404446205892555,0.2681772549105972,14,-0.7706657627274305,,D,input_consistent_daily_rh,W1
Kolkata,1990-2004,MAM,ref_audited,cand_D,deployable candidate,1380,1380,0.4553411684076845,0.6746836466609238,1.0529513936899784,0.908710497028575,0.5415773008628264,0.3614037531525369,0.17639091534104523,-0.3344204124875816,14,-1.4685556015306207,,D,input_consistent_daily_rh,W1
Kolkata,1990-2004,JJAS,ref_audited,cand_D,deployable candidate,1830,1830,-0.03560598596226197,0.3994299789135596,0.6583865757045668,0.9211627737892979,0.02412554682814516,-0.10188650304340285,-0.3775759076847294,-0.5202259386880286,19,-1.5817944825101247,,D,input_consistent_daily_rh,W1
Kolkata,1990-2004,ON,ref_audited,cand_D,deployable candidate,915,915,0.12271240664283012,0.5240769682652626,0.7481642518456619,0.9656332223021491,0.24119579611431163,-0.27647881071602853,-0.6144145274819266,-0.7529284031913477,10,-1.1036844805542558,,D,input_consistent_daily_rh,W1
Kolkata,1990-2004,ALL,ref_R3_midpoint,cand_A,deployable candidate,5478,5476,0.44612132241311114,0.6685843256502153,0.9844777084045192,0.9723138639685849,0.3093367960396449,0.275703230274587,0.15327637835305552,0.03137050856466317,55,-1.1451861471818834,PASS,A,vapour_pressure,C1
Kolkata,1990-2004,DJF,ref_R3_midpoint,cand_A,deployable candidate,1353,1351,0.7481475946272956,0.9706437437312729,1.1604299431950276,0.9407449364300495,0.7179109450029273,0.528472212613849,0.44986940339674675,0.4720955603394259,14,-0.3598382455492291,,A,vapour_pressure,C1
Kolkata,1990-2004,MAM,ref_R3_midpoint,cand_A,deployable candidate,1380,1380,0.7317356153175503,0.7854205818641731,1.1880237229924444,0.9114515650196158,0.7424975191962346,0.5180007468869547,0.4784342940832431,-0.032042000357598965,14,-1.3684675993987696,,A,vapour_pressure,C1
Kolkata,1990-2004,JJAS,ref_R3_midpoint,cand_A,deployable candidate,1830,1830,0.028857666368176313,0.4153020188344385,0.6820851796368363,0.9169045285751378,0.07229799007151883,0.03951107568131107,-0.1271018094773808,-0.295417323706026,19,-1.3617728078567726,,A,vapour_pressure,C1
Kolkata,1990-2004,ON,ref_R3_midpoint,cand_A,deployable candidate,915,915,0.4039434782521729,0.6914400360730042,0.8677234655034997,0.9626201026900991,0.569870849926474,-0.02443377240064848,-0.3237736191919538,-0.41759805302330477,10,-0.9979104418883253,,A,vapour_pressure,C1
Kolkata,1990-2004,ALL,ref_R3_midpoint,cand_B,deployable candidate,5478,5476,0.19290015705144464,0.5337050490289528,0.8596134257944673,0.9744813573962458,0.11765204025738285,0.03876445682942631,-0.10590086521527553,-0.2607556440429448,55,-1.4144716100592405,PASS,B,vapour_pressure,W1
Kolkata,1990-2004,DJF,ref_R3_midpoint,cand_B,deployable candidate,1353,1351,0.36964955064441635,0.7163416183341837,0.964426286180922,0.9405864323980255,0.34545097369760924,0.07209378312245462,0.009223509957450915,0.14045694957940213,14,-0.7277702160241526,,B,vapour_pressure,W1
Kolkata,1990-2004,MAM,ref_R3_midpoint,cand_B,deployable candidate,1380,1380,0.4521910147283826,0.6276563699004782,1.0190504494055106,0.9158040329145698,0.48080209959454123,0.2650800085491909,0.1951349118493937,-0.271238235774085,14,-1.687920090544184,,B,vapour_pressure,W1
Kolkata,1990-2004,JJAS,ref_R3_midpoint,cand_B,deployable candidate,1830,1830,-0.10231169749168764,0.38693597018919945,0.6759070920741008,0.9174657397709309,-0.04080934175360085,-0.1732778620539932,-0.3436300604998621,-0.558937349936997,19,-1.5946045646862246,,B,vapour_pressure,W1
Kolkata,1990-2004,ON,ref_R3_midpoint,cand_B,deployable candidate,915,915,0.1312912821614476,0.5403061063610153,0.7543705709904182,0.9653864595923874,0.2818540457090535,-0.29430400849029326,-0.5825735456015053,-0.7274717288989052,10,-1.281663833981736,,B,vapour_pressure,W1
Kolkata,1990-2004,ALL,ref_R3_midpoint,cand_C,deployable candidate,5478,5476,0.5599308439183052,0.730054927606659,1.0297326653960681,0.9727329733077276,0.4282552032756257,0.4640554337007359,0.33995207655493687,0.3035721877269282,55,-0.9585194211907823,PASS,C,input_consistent_daily_rh,C1
Kolkata,1990-2004,DJF,ref_R3_midpoint,cand_C,deployable candidate,1353,1351,0.7913289723453136,1.0144215254571236,1.2031746297600234,0.9380494269137852,0.744004332884117,0.5251486443001454,0.39691516082797307,0.5311688676860058,14,-0.3060827147100968,,C,input_consistent_daily_rh,C1
Kolkata,1990-2004,MAM,ref_R3_midpoint,cand_C,deployable candidate,1380,1380,0.8648123673792397,0.9414901477621811,1.2755998461373201,0.9110840468074867,0.9127869026932558,0.6998473711171442,0.7425619066333482,0.286053939384459,14,-1.1645654858452263,,C,input_consistent_daily_rh,C1
Kolkata,1990-2004,JJAS,ref_R3_midpoint,cand_C,deployable candidate,1830,1830,0.20416731401821817,0.4687880964026476,0.6985857009428718,0.9214186398439732,0.26209034381892593,0.21199657242268444,0.05136126989857104,0.00392017714791848,19,-1.209864690647159,,C,input_consistent_daily_rh,C1
Kolkata,1990-2004,ON,ref_R3_midpoint,cand_C,deployable candidate,915,915,0.46997662078844865,0.7147462824141257,0.8822301539017924,0.964594760784834,0.5764386879321819,0.06715970276636796,-0.2251651255653826,-0.3721184105486586,10,-0.8823927190912514,,C,input_consistent_daily_rh,C1
Kolkata,1990-2004,ALL,ref_R3_midpoint,cand_D,deployable candidate,5478,5476,0.30714618437084623,0.5752241458496599,0.8895134778291203,0.9743644553224697,0.2500150434780153,0.22818429480386726,0.08168537105758844,0.0637912678904371,55,-1.2262849499692483,PASS,D,input_consistent_daily_rh,W1
Kolkata,1990-2004,DJF,ref_R3_midpoint,cand_D,deployable candidate,1353,1351,0.4131108592960082,0.7652448777955101,1.003086462144663,0.9372294011063204,0.4071029571062468,0.1492385022957592,0.029364550771248332,0.2177252617034071,14,-0.674487067820946,,D,input_consistent_daily_rh,W1
Kolkata,1990-2004,MAM,ref_R3_midpoint,cand_D,deployable candidate,1380,1380,0.5857897887580189,0.760308010834791,1.0961041951646007,0.913539570110968,0.6507804638437449,0.5009645214281093,0.44865664500371594,-0.001104209934759126,14,-1.4825898773070858,,D,input_consistent_daily_rh,W1
Kolkata,1990-2004,JJAS,ref_R3_midpoint,cand_D,deployable candidate,1830,1830,0.07357689828993574,0.4089918469096574,0.6587917157694778,0.9217593836939806,0.12938410294964342,0.009851397455726385,-0.20427472441243566,-0.2894821004747925,19,-1.440800664983379,,D,input_consistent_daily_rh,W1
Kolkata,1990-2004,ON,ref_R3_midpoint,cand_D,deployable candidate,915,915,0.19757825393355016,0.5462209723385172,0.7547452189642674,0.9664831107129424,0.2962694634153422,-0.20020789740230782,-0.4979599667538466,-0.6340173687767461,10,-1.1660384159200987,,D,input_consistent_daily_rh,W1
Kolkata,1990-2004,ALL,ref_audited,ref_R3_midpoint,reference versus reference,5478,5477,-0.11334925912372348,0.1257087001388868,0.23245073488419066,0.9985000509952121,-0.1081999670186633,-0.11591185879798616,-0.1125248127589984,-0.16488731523153888,55,-0.23237085145273423,PASS,,,
Lucknow,1990-2004,ALL,ref_audited,cand_A,deployable candidate,5478,5476,0.048244456300642766,0.7113471036793158,1.0352696544529392,0.9789360502207128,0.04041965895450517,-0.2958290229608167,-0.682954224089201,-1.2781142941867785,55,-2.0500964733346576,PASS,A,vapour_pressure,C1
Lucknow,1990-2004,DJF,ref_audited,cand_A,deployable candidate,1353,1351,0.11297725992842132,0.6963358063188707,1.0078965839642295,0.9251862636430119,0.16826163871485278,-0.48387463566433553,-0.5987042658582027,-0.5916086780323155,14,-1.335083645457465,,A,vapour_pressure,C1
Lucknow,1990-2004,MAM,ref_audited,cand_A,deployable candidate,1380,1380,0.14620002591210018,0.9935313903679059,1.2764955419973505,0.9504387164450034,0.3855362085873537,-1.079612160142652,-1.3633917919940188,-1.5517024989496022,14,-2.2274564024008123,,A,vapour_pressure,C1
Lucknow,1990-2004,JJAS,ref_audited,cand_A,deployable candidate,1830,1830,-0.09655317807555235,0.5251240154183847,0.862211893454939,0.9101806051217944,0.16009408447109763,-0.385159433733925,-0.7230158837294667,-1.406613439357642,19,-2.137775509336444,,A,vapour_pressure,C1
Lucknow,1990-2004,ON,ref_audited,cand_A,deployable candidate,915,915,0.09452529470883617,0.799338580491451,0.9849117443416062,0.955339162986644,-0.03183654737802044,-0.5723679411343312,-0.42942983959275693,-0.6661745048075005,10,-1.1424877258840809,,A,vapour_pressure,C1
Lucknow,1990-2004,ALL,ref_audited,cand_B,deployable candidate,5478,5476,-0.2787180036305963,0.5889463228178897,1.0721348872469285,0.9786425190075289,-0.26910027159883043,-0.5696779040170838,-0.977161179033871,-1.593241550854529,55,-2.401782682265183,PASS,B,vapour_pressure,W1
Lucknow,1990-2004,DJF,ref_audited,cand_B,deployable candidate,1353,1351,-0.2901908312088167,0.5407456771343959,1.0619407184466552,0.9224640259903416,-0.26593195333032327,-0.8788334081227731,-1.0494213011339184,-1.0486734140176566,14,-1.8013248017289893,,B,vapour_pressure,W1
Lucknow,1990-2004,MAM,ref_audited,cand_B,deployable candidate,1380,1380,-0.26358989439155656,0.7792634136933998,1.3036227654089534,0.9490985053987695,-0.0880055430136224,-1.4680954756843292,-1.7280035780065504,-1.9226947406512949,14,-2.600171836313905,,B,vapour_pressure,W1
Lucknow,1990-2004,JJAS,ref_audited,cand_B,deployable candidate,1830,1830,-0.2749770550652295,0.494742004142779,0.8937338493974587,0.9102553242251231,-0.01589028775765655,-0.650168347259779,-1.014912810921885,-1.6972962262567322,19,-2.4897295871934855,,B,vapour_pressure,W1
Lucknow,1990-2004,ON,ref_audited,cand_B,deployable candidate,915,915,-0.2920764042495255,0.6431398124452699,1.026437654273497,0.9547133096404502,-0.40896262258314664,-0.904714965310248,-0.7767334578086889,-1.090290257169407,10,-1.5236295446120665,,B,vapour_pressure,W1
Lucknow,1990-2004,ALL,ref_audited,cand_C,deployable candidate,5478,5476,0.06458080025272252,0.7042031392307422,1.0356815195468396,0.9789548806246846,0.06277208816831603,-0.2820526199124913,-0.6324994501576526,-1.2031964591110267,55,-2.0467991240865135,PASS,C,input_consistent_daily_rh,C1
Lucknow,1990-2004,DJF,ref_audited,cand_C,deployable candidate,1353,1351,0.13976918032283023,0.7385404647828295,1.030363773454156,0.9226127657841738,0.20324375754904622,-0.44157408827948075,-0.62246911348862,-0.7084145663269226,14,-1.4592254625912184,,C,input_consistent_daily_rh,C1
Lucknow,1990-2004,MAM,ref_audited,cand_C,deployable candidate,1380,1380,0.04028376279558884,0.9089707297479492,1.2560289972687368,0.9511358068407073,0.20463035815240005,-1.1766510871598825,-1.2956136959327935,-1.5263990722096068,14,-2.2369160248072393,,C,input_consistent_daily_rh,C1
Lucknow,1990-2004,JJAS,ref_audited,cand_C,deployable candidate,1830,1830,0.007607222165761277,0.5099000032306549,0.84269351123025,0.9121791295541621,0.28418744772841364,-0.31352906446558393,-0.6671134346806298,-1.3651419943985914,19,-2.1790844460297225,,C,input_consistent_daily_rh,C1
Lucknow,1990-2004,ON,ref_audited,cand_C,deployable candidate,915,915,0.10415682005082966,0.8420691629100929,1.025801029897556,0.9514642308959452,0.003869594216268979,-0.5906579738792743,-0.40650020419911215,-0.6744135891936907,10,-1.1656133777426363,,C,input_consistent_daily_rh,C1
Lucknow,1990-2004,ALL,ref_audited,cand_D,deployable candidate,5478,5476,-0.2624610171726939,0.5705980524300855,1.079992020915674,0.9780993589452835,-0.26543824206163436,-0.5559335695864718,-0.9384373493713696,-1.5351056976250845,55,-2.3987996403261245,PASS,D,input_consistent_daily_rh,W1
Lucknow,1990-2004,DJF,ref_audited,cand_D,deployable candidate,1353,1351,-0.26317889767372205,0.5254878316543454,1.0777888265846947,0.9192198497206737,-0.22204239905431677,-0.8633042248716265,-1.0176854049352073,-1.0985055311134033,14,-1.926782729661787,,D,input_consistent_daily_rh,W1
Lucknow,1990-2004,MAM,ref_audited,cand_D,deployable candidate,1380,1380,-0.3704400236698363,0.7122796630660275,1.3234767163825227,0.9490461843000786,-0.2625894684858281,-1.52907711024217,-1.6794334344345998,-1.874915204119496,14,-2.6101775338794533,,D,input_consistent_daily_rh,W1
Lucknow,1990-2004,JJAS,ref_audited,cand_D,deployable candidate,1830,1830,-0.1704863310251234,0.46827704368882905,0.8616232091301446,0.9113705406862239,0.09314151839382134,-0.5948301675866503,-0.9481847082155923,-1.654564250655028,19,-2.5313056588967187,,D,input_consistent_daily_rh,W1
Lucknow,1990-2004,ON,ref_audited,cand_D,deployable candidate,915,915,-0.28249685337718394,0.6579957841850614,1.0671316367750154,0.9502392571561833,-0.39605403990873356,-0.9401872014216011,-0.7580967679805326,-1.0865703955939239,10,-1.5464882437450798,,D,input_consistent_daily_rh,W1
Lucknow,1990-2004,ALL,ref_R3_midpoint,cand_A,deployable candidate,5478,5476,0.23945150949226154,0.7633865299248157,1.01899429715166,0.9807369861471544,0.20476781796992327,-0.060195446348899395,-0.37293022320973535,-0.9419531522805045,55,-1.6485354137476809,PASS,A,vapour_pressure,C1
Lucknow,1990-2004,DJF,ref_R3_midpoint,cand_A,deployable candidate,1353,1351,0.3409403020922849,0.8559312167330972,1.0508115270304024,0.9267990395679239,0.3576489265225291,-0.2736159268424103,-0.25143872945463386,-0.23519003139702477,14,-1.1412167556599075,,A,vapour_pressure,C1
Lucknow,1990-2004,MAM,ref_R3_midpoint,cand_A,deployable candidate,1380,1380,0.36591508874031087,0.9955342025168079,1.2236390352687196,0.9561866200843239,0.5244575922614274,-0.7064168800445003,-0.9923609393194752,-1.2403208553382257,14,-1.6795336440955282,,A,vapour_pressure,C1
Lucknow,1990-2004,JJAS,ref_R3_midpoint,cand_A,deployable candidate,1830,1830,0.08455910955460182,0.5293251996158972,0.8151336794988557,0.9180142906135291,0.35155105421782196,-0.17631885386891355,-0.5220609049043716,-1.2658644020221814,19,-1.651532070580614,,A,vapour_pressure,C1
Lucknow,1990-2004,ON,ref_R3_midpoint,cand_A,deployable candidate,915,915,0.20865587421464155,0.8344110487395255,0.9983736771111453,0.9565471688218542,0.1241910350810258,-0.35108526362776615,-0.37356725933497614,-0.5714018342372,10,-1.082856465832134,,A,vapour_pressure,C1
Lucknow,1990-2004,ALL,ref_R3_midpoint,cand_B,deployable candidate,5478,5476,-0.08751095043897751,0.6147540133827647,0.9954036314001251,0.9804352962705926,-0.10475211258341233,-0.33404432740516654,-0.6671371781544053,-1.257080408948255,55,-2.005175027859527,PASS,B,vapour_pressure,W1
Lucknow,1990-2004,DJF,ref_R3_midpoint,cand_B,deployable candidate,1353,1351,-0.06222778904495316,0.6119363718490831,1.0155832431689589,0.9242106676994881,-0.07654466552264694,-0.6685746993008479,-0.7021557647303496,-0.6922547673823658,14,-1.5984035351225105,,B,vapour_pressure,W1
Lucknow,1990-2004,MAM,ref_R3_midpoint,cand_B,deployable candidate,1380,1380,-0.0438748315633459,0.7982042717118532,1.1806632101954804,0.9545826032510152,0.050915840660451295,-1.0949001955861775,-1.3569727253320067,-1.6113130970399183,14,-2.0596072596918753,,B,vapour_pressure,W1
Lucknow,1990-2004,JJAS,ref_R3_midpoint,cand_B,deployable candidate,1830,1830,-0.09386476743507534,0.4820071340405718,0.8092452976687043,0.9179202475316417,0.17556668198906777,-0.44132776739476753,-0.81395783209679,-1.5565471889212716,19,-2.0147662709575647,,B,vapour_pressure,W1
Lucknow,1990-2004,ON,ref_R3_midpoint,cand_B,deployable candidate,915,915,-0.17794582474372017,0.6795424493032556,0.99739719311973,0.9557550991355064,-0.2529350401241004,-0.6834322878036829,-0.7208708775509081,-0.9955175865991066,10,-1.4732418498767914,,B,vapour_pressure,W1
Lucknow,1990-2004,ALL,ref_R3_midpoint,cand_C,deployable candidate,5478,5476,0.2557878534443413,0.7546499736048986,1.0276793195735758,0.9805323172411333,0.22712024718373414,-0.046419043300574,-0.32247544927818694,-0.8670353172047527,55,-1.6562909764680058,PASS,C,input_consistent_daily_rh,C1
Lucknow,1990-2004,DJF,ref_R3_midpoint,cand_C,deployable candidate,1353,1351,0.3677322224866938,0.8829285361108532,1.084853238000119,0.9230941073823381,0.39263104535672255,-0.23131537945755554,-0.27520357708505117,-0.3519959196916318,14,-1.2681731063863626,,C,input_consistent_daily_rh,C1
Lucknow,1990-2004,MAM,ref_R3_midpoint,cand_C,deployable candidate,1380,1380,0.2599988256237995,0.9141771115139647,1.190116317825044,0.9562297699439998,0.34355174182647374,-0.8034558070617308,-0.9245828432582499,-1.2150174285982303,14,-1.7112079805150984,,C,input_consistent_daily_rh,C1
Lucknow,1990-2004,JJAS,ref_R3_midpoint,cand_C,deployable candidate,1830,1830,0.18871950979591545,0.5333364265919158,0.8244739807180437,0.9185076955172083,0.47564441747513797,-0.10468848460057245,-0.4661584558555347,-1.224392957063131,19,-1.6869547246884082,,C,input_consistent_daily_rh,C1
Lucknow,1990-2004,ON,ref_R3_midpoint,cand_C,deployable candidate,915,915,0.218287399556635,0.8667363096905092,1.0426859892836704,0.9524051225806256,0.15989717667531522,-0.36937529637270927,-0.35063762394133136,-0.5796409186233902,10,-1.1391157870626785,,C,input_consistent_daily_rh,C1
Lucknow,1990-2004,ALL,ref_R3_midpoint,cand_D,deployable candidate,5478,5476,-0.0712539639810751,0.6108030067026107,1.0122847921251068,0.9796681825458994,-0.10109008304621625,-0.32029999297455447,-0.6284133484919039,-1.1989445557188105,55,-2.0131404468042806,PASS,D,input_consistent_daily_rh,W1
Lucknow,1990-2004,DJF,ref_R3_midpoint,cand_D,deployable candidate,1353,1351,-0.03521585550985851,0.6466143881110611,1.0452149485392497,0.91980616266513,-0.032655111246640445,-0.6530455160497013,-0.6704198685316385,-0.7420868844781126,14,-1.7269698704209873,,D,input_consistent_daily_rh,W1
Lucknow,1990-2004,MAM,ref_R3_midpoint,cand_D,deployable candidate,1380,1380,-0.15072496084162562,0.7399630910330188,1.1902858039015944,0.9538708054291265,-0.1236680848117544,-1.1558818301440184,-1.3084025817600562,-1.5635335605081195,14,-2.0924407679280006,,D,input_consistent_daily_rh,W1
Lucknow,1990-2004,JJAS,ref_R3_midpoint,cand_D,deployable candidate,1830,1830,0.010625956605030771,0.47233105583069346,0.804553302515683,0.9174510016702869,0.28459848814054567,-0.3859895877216388,-0.7472297293904973,-1.5138152133195675,19,-2.0503939024733193,,D,input_consistent_daily_rh,W1
Lucknow,1990-2004,ON,ref_R3_midpoint,cand_D,deployable candidate,915,915,-0.16836627387137856,0.7307383532908602,1.043171854312935,0.9510143382057626,-0.2400264574496873,-0.718904523915036,-0.7022341877227518,-0.9917977250236234,10,-1.5301399694650797,,D,input_consistent_daily_rh,W1
Lucknow,1990-2004,ALL,ref_audited,ref_R3_midpoint,reference versus reference,5478,5477,-0.1911703424849188,0.17667307275252142,0.3159196224750659,0.9987423192037362,-0.16403096632899405,-0.2354409734706806,-0.31043927335818466,-0.3361156282894555,55,-0.3939473753653612,PASS,,,
Shimla,1990-2004,ALL,ref_audited,cand_A,deployable candidate,5478,5476,0.2735964881551834,0.8570105535687844,1.1066415727925674,0.9780498361345751,0.32014668243272126,0.7003287601832255,0.64749048253681,0.25977650435038413,55,-0.6606274891164637,PASS,A,vapour_pressure,C1
Shimla,1990-2004,DJF,ref_audited,cand_A,deployable candidate,1353,1351,-0.1827446153263217,0.7188372468247053,1.1051648714111075,0.9165181452263754,-0.07277165072594016,0.042632219561596685,-0.32141576699658003,-0.6655566843487577,14,-1.6623183128851053,,A,vapour_pressure,C1
Shimla,1990-2004,MAM,ref_audited,cand_A,deployable candidate,1380,1380,0.18380225581097165,0.8707555148419601,1.1551406828376891,0.9361975042237846,0.2827018013869633,0.2818550601972589,0.3314407748949044,-0.09300557707064883,14,-1.2784355208686609,,A,vapour_pressure,C1
Shimla,1990-2004,JJAS,ref_audited,cand_A,deployable candidate,1830,1830,0.6254125949170851,0.9725964125397297,1.1149234041331293,0.8329312833029549,0.7007923225327488,0.470460941352016,0.3390876225409123,-0.10995883929584593,19,-1.1145084329580097,,A,vapour_pressure,C1
Shimla,1990-2004,ON,ref_audited,cand_A,deployable candidate,915,915,0.3791805275696594,0.8362549909967925,1.0135285213123193,0.9264802433087042,0.3440455103257136,0.560416165564888,0.3730367224205686,0.050615171446441565,10,-0.5721490603560199,,A,vapour_pressure,C1
Shimla,1990-2004,ALL,ref_audited,cand_B,deployable candidate,5478,5476,-0.16873718792208242,0.7245081011764967,1.1044705467325489,0.9782849043907444,-0.18427851313580845,0.4012546468925109,0.33738124530232483,-0.03730975314948637,55,-0.9589718078260241,PASS,B,vapour_pressure,W1
Shimla,1990-2004,DJF,ref_audited,cand_B,deployable candidate,1353,1351,-0.7128343127166151,0.7699549946229354,1.3115087324358528,0.9103869588478711,-0.6330125513169378,-0.598980818990583,-0.9406263419308516,-1.1559399385549511,14,-2.2664198858042255,,B,vapour_pressure,W1
Shimla,1990-2004,MAM,ref_audited,cand_B,deployable candidate,1380,1380,-0.3183718424797477,0.6814020916222887,1.1757212422544323,0.9369071218358677,-0.24778338446881776,-0.22688838117863241,-0.17994740669020004,-0.6027628708320734,14,-1.7295824300387241,,B,vapour_pressure,W1
Shimla,1990-2004,JJAS,ref_audited,cand_B,deployable candidate,1830,1830,0.33001650189097087,0.7560355208752583,0.9351331343516653,0.8473101442433938,0.40890130580831396,0.19982747764568742,-0.0034867424690361304,-0.42150767105724896,19,-1.418939611736888,,B,vapour_pressure,W1
Shimla,1990-2004,ON,ref_audited,cand_B,deployable candidate,915,915,-0.13720518078644917,0.6941707532390637,0.9628299079916617,0.9244952123791905,-0.2280395115706142,0.14120422187286152,-0.08883951477261576,-0.237952862885912,10,-1.0769462882113316,,B,vapour_pressure,W1
Shimla,1990-2004,ALL,ref_audited,cand_C,deployable candidate,5478,5476,0.2753308515867727,0.8343134820641183,1.1047452315866972,0.9785905790809779,0.2345043453601079,0.8419065196885924,0.77900726361041,0.47036239235144706,55,-0.33278580437083954,PASS,C,input_consistent_daily_rh,C1
Shimla,1990-2004,DJF,ref_audited,cand_C,deployable candidate,1353,1351,-0.17441056709288857,0.7151406900688357,1.1207649787087235,0.9139681337838826,-0.07042801357118833,0.0299408863323265,-0.2925508020882148,-0.6958218318226557,14,-1.676957298153066,,C,input_consistent_daily_rh,C1
Shimla,1990-2004,MAM,ref_audited,cand_C,deployable candidate,1380,1380,0.05553778467441806,0.7891283438686116,1.1229053897418557,0.9373975663426929,0.14029605293234226,0.044452405916150184,0.07054805787241492,-0.3171496546837709,14,-1.4106062175002876,,C,input_consistent_daily_rh,C1
Shimla,1990-2004,JJAS,ref_audited,cand_C,deployable candidate,1830,1830,0.7255402983830354,0.9576139114042235,1.1201702959371336,0.8609896745725752,0.8000553699596935,0.6090463245008948,0.5155289669981187,0.08557291299809222,19,-0.7213141005003321,,C,input_consistent_daily_rh,C1
Shimla,1990-2004,ON,ref_audited,cand_C,deployable candidate,915,915,0.3704475743606645,0.8427093216771482,1.0189059484551537,0.924276203671053,0.32365609497696823,0.5052125153430751,0.3156444957834772,0.19525546324551257,10,-0.6488129598564626,,C,input_consistent_daily_rh,C1
Shimla,1990-2004,ALL,ref_audited,cand_D,deployable candidate,5478,5476,-0.167254334812921,0.6965033436013925,1.1154559598347065,0.9783279298377284,-0.2849267706446881,0.5419512306264096,0.4725747627789616,0.17200444297279205,55,-0.6278405953861952,PASS,D,input_consistent_daily_rh,W1
Shimla,1990-2004,DJF,ref_audited,cand_D,deployable candidate,1353,1351,-0.7044190783959021,0.7676900379744325,1.3245107071952584,0.9071491138410178,-0.5978447207104409,-0.5955401151665001,-0.9332236162943275,-1.2800310791444645,14,-2.280347386055837,,D,input_consistent_daily_rh,W1
Shimla,1990-2004,MAM,ref_audited,cand_D,deployable candidate,1380,1380,-0.4484091542491338,0.6214381439325791,1.208444498549212,0.9371671261659177,-0.4031614619780157,-0.4369519829553674,-0.3890495462058077,-0.7204443850173021,14,-1.8635318881236702,,D,input_consistent_daily_rh,W1
Shimla,1990-2004,JJAS,ref_audited,cand_D,deployable candidate,1830,1830,0.43077286829677247,0.7066697761176499,0.9225471389629554,0.8713866918679231,0.525501748158689,0.32856652443172507,0.2249886246671906,-0.21724013144188703,19,-1.0210470712913207,,D,input_consistent_daily_rh,W1
Shimla,1990-2004,ON,ref_audited,cand_D,deployable candidate,915,915,-0.14614675261418658,0.6907587860793001,0.9754382736231777,0.9219255107138717,-0.217261375974374,0.09797182378387959,-0.12067053577655429,-0.13678190478391627,10,-1.1538500962033538,,D,input_consistent_daily_rh,W1
Shimla,1990-2004,ALL,ref_R3_midpoint,cand_A,deployable candidate,5478,5476,0.37651591980906135,0.907205821196527,1.1355936730439675,0.9782591675451988,0.4411998365373222,0.8441793039296499,0.7653753243302077,0.40405049147047123,55,-0.4284954234484551,PASS,A,vapour_pressure,C1
Shimla,1990-2004,DJF,ref_R3_midpoint,cand_A,deployable candidate,1353,1351,-0.13624857758935613,0.7978504280351899,1.112643131183757,0.9154236458689519,-0.0667259923382062,-0.05101740887585038,-0.2507609631536525,-0.6007881731952693,14,-1.2084424827681468,,A,vapour_pressure,C1
Shimla,1990-2004,MAM,ref_R3_midpoint,cand_A,deployable candidate,1380,1380,0.3194313786275726,0.925766400220482,1.1672354717069708,0.9380512957325448,0.4761548738611907,0.44650902064794806,0.3928577707842784,0.01578144538584425,14,-0.7853339711101788,,A,vapour_pressure,C1
Shimla,1990-2004,JJAS,ref_R3_midpoint,cand_A,deployable candidate,1830,1830,0.7518360613870498,1.02852346713496,1.170470885988442,0.8408369857424397,0.8026638231317236,0.6671787639860156,0.5313862419954916,0.1272190444351402,19,-0.8509603767165632,,A,vapour_pressure,C1
Shimla,1990-2004,ON,ref_R3_midpoint,cand_A,deployable candidate,915,915,0.46906853590523384,0.8221999760185668,1.0464243873969263,0.9272392658663652,0.4580830954215571,0.6071179167428333,0.44997668007205505,0.15389535311302893,10,-0.14215032813591505,,A,vapour_pressure,C1
Shimla,1990-2004,ALL,ref_R3_midpoint,cand_B,deployable candidate,5478,5476,-0.06581775626820444,0.7592634224881181,1.100698161724604,0.9781808271755883,-0.06322535903120752,0.5451051906389353,0.4552660870957226,0.10696423397060073,55,-0.7177688826734157,PASS,B,vapour_pressure,W1
Shimla,1990-2004,DJF,ref_R3_midpoint,cand_B,deployable candidate,1353,1351,-0.6663382749796496,0.840734668797495,1.3093635123575968,0.908258211965925,-0.6269668929292038,-0.69263044742803,-0.869971538087924,-1.0911714274014628,14,-1.8310651261777764,,B,vapour_pressure,W1
Shimla,1990-2004,MAM,ref_R3_midpoint,cand_B,deployable candidate,1380,1380,-0.18274271966314679,0.6935597483575009,1.1368915924426757,0.9378539664979455,-0.054330311994590375,-0.062234420727943274,-0.11853041080082605,-0.4939758483755803,14,-1.2619022595110851,,B,vapour_pressure,W1
Shimla,1990-2004,JJAS,ref_R3_midpoint,cand_B,deployable candidate,1830,1830,0.45643996836093553,0.7920031177870328,0.9664021947389025,0.8539021204142843,0.5107728064072887,0.39654530027968704,0.18881187698554314,-0.18432978732626282,19,-1.148159768166193,,B,vapour_pressure,W1
Shimla,1990-2004,ON,ref_R3_midpoint,cand_B,deployable candidate,915,915,-0.04731717245087474,0.6922076263743975,0.9497748023123666,0.9252465630094573,-0.1140019264747707,0.1879059730508068,-0.011899557121129334,-0.13467268121932463,10,-0.6008784953799363,,B,vapour_pressure,W1
Shimla,1990-2004,ALL,ref_R3_midpoint,cand_C,deployable candidate,5478,5476,0.3782502832406507,0.8943297257517315,1.1412919504165504,0.9784768846661874,0.3555574994647088,0.9857570634350168,0.8968921054038077,0.6146363794715342,55,-0.10167485222116594,PASS,C,input_consistent_daily_rh,C1
Shimla,1990-2004,DJF,ref_R3_midpoint,cand_C,deployable candidate,1353,1351,-0.127914529355923,0.8110774702153094,1.13436250294227,0.9119878131109846,-0.06438235518345437,-0.06370874210512056,-0.22189599824528727,-0.6310533206691673,14,-1.2563490463103213,,C,input_consistent_daily_rh,C1
Shimla,1990-2004,MAM,ref_R3_midpoint,cand_C,deployable candidate,1380,1380,0.191166907491019,0.8384066266325476,1.1286935321984464,0.9382608582346949,0.33374912540656965,0.20910636636683932,0.1319650537617889,-0.2083626322272778,14,-1.0139440610041675,,C,input_consistent_daily_rh,C1
Shimla,1990-2004,JJAS,ref_R3_midpoint,cand_C,deployable candidate,1830,1830,0.8519637648530001,1.0444817822129266,1.1962467021801826,0.8645462757398176,0.9019268705586683,0.8057641471348944,0.7078275864526979,0.32275079672907836,19,-0.48087189905442973,,C,input_consistent_daily_rh,C1
Shimla,1990-2004,ON,ref_R3_midpoint,cand_C,deployable candidate,915,915,0.4603355826962389,0.841216103791055,1.0545351429026137,0.9244036773231038,0.43769368007281173,0.5519142665210204,0.3925844534349636,0.29853564491209994,10,-0.16609845673783638,,C,input_consistent_daily_rh,C1
Shimla,1990-2004,ALL,ref_R3_midpoint,cand_D,deployable candidate,5478,5476,-0.06433490315904306,0.750242354871375,1.1194925946092094,0.9779020605989299,-0.16387361654008714,0.685801774372834,0.5904596045723594,0.31627843009287915,55,-0.387848078452648,PASS,D,input_consistent_daily_rh,W1
Shimla,1990-2004,DJF,ref_R3_midpoint,cand_D,deployable candidate,1353,1351,-0.6579230406589366,0.8642768012444435,1.3277686118674656,0.9040918366776672,-0.591799062322707,-0.6891897436039471,-0.8625688124513999,-1.215262567990976,14,-1.878680767330471,,D,input_consistent_daily_rh,W1
Shimla,1990-2004,MAM,ref_R3_midpoint,cand_D,deployable candidate,1380,1380,-0.31278003143253286,0.6506062451326216,1.1642171281617384,0.9370885397124149,-0.20970838950378834,-0.27229802250467827,-0.3276325503164337,-0.611657362560809,14,-1.4932448559775895,,D,input_consistent_daily_rh,W1
Shimla,1990-2004,JJAS,ref_R3_midpoint,cand_D,deployable candidate,1830,1830,0.5571963347667371,0.7902758513307333,0.9799125317488868,0.8735376396335932,0.6273732487576638,0.5252843470657247,0.4172872441217699,0.01993775228909911,19,-0.773694708924839,,D,input_consistent_daily_rh,W1
Shimla,1990-2004,ON,ref_R3_midpoint,cand_D,deployable candidate,915,915,-0.05625874427861217,0.711144921922596,0.9657680171043381,0.9220354662890724,-0.10322379087853051,0.14467357496182487,-0.043730578125067865,-0.03350172311732891,10,-0.6244013586951098,,D,input_consistent_daily_rh,W1
Shimla,1990-2004,ALL,ref_audited,ref_R3_midpoint,reference versus reference,5478,5477,-0.10285970671716568,0.20475066095593775,0.36952746798566855,0.9972420994128569,-0.12235932564942686,-0.14424614919465384,-0.11744466922083063,-0.1443891882299262,55,-0.3588160673777927,PASS,,,
Bikaner,2005-2014,ALL,ref_audited,cand_A,deployable candidate,3651,3649,0.2040082446186575,0.8109678722460103,1.143903519946026,0.9766052598230527,0.08225824905230184,0.3117453046148313,0.2617825069133701,-0.37059123978608,37,-1.4761386628615751,PASS,A,vapour_pressure,C1
Bikaner,2005-2014,DJF,ref_audited,cand_A,deployable candidate,901,899,-0.05312977464347195,0.799057863466544,1.211704794942675,0.9037764564133055,-0.09777144666503546,-0.5454250478356926,-0.5579991583513149,-0.5448528188707726,9,-1.4135839435573543,,A,vapour_pressure,C1
Bikaner,2005-2014,MAM,ref_audited,cand_A,deployable candidate,920,920,0.32412597727222325,0.9386895916357787,1.2897202329003319,0.9133171224437328,0.16461515530650672,0.5459976420332069,0.2880546540382767,0.10898120310689308,10,-1.769951308490846,,A,vapour_pressure,C1
Bikaner,2005-2014,JJAS,ref_audited,cand_A,deployable candidate,1220,1220,0.46068384045305644,0.716780926170685,0.9311152962227848,0.8709618951779381,0.5389742822854373,0.23190548292991764,-0.09028426250257127,-0.8648721639082169,13,-1.9449398757732472,,A,vapour_pressure,C1
Bikaner,2005-2014,ON,ref_audited,cand_A,deployable candidate,610,610,-0.11154169250034712,0.8106058534584406,1.19206144588585,0.9071001697372163,-0.24187078558466624,0.009824081027083764,-0.2561589786488021,-0.3783675925091501,7,-1.6334407261619748,,A,vapour_pressure,C1
Bikaner,2005-2014,ALL,ref_audited,cand_B,deployable candidate,3651,3649,-0.11678914402400406,0.6871057011102835,1.171219535926113,0.975552387121624,-0.2517636719841221,0.11963809154127603,0.047157450253259015,-0.6429632672105683,37,-1.7660807197793293,PASS,B,vapour_pressure,W1
Bikaner,2005-2014,DJF,ref_audited,cand_B,deployable candidate,901,899,-0.454783453029305,0.7326432026674752,1.3174910258615737,0.8993805993362611,-0.4691128772770412,-0.9611343464926883,-1.0376051727648168,-0.9093237239787513,9,-1.8535377000160338,,B,vapour_pressure,W1
Bikaner,2005-2014,MAM,ref_audited,cand_B,deployable candidate,920,920,-0.024847441721090838,0.8325055467263667,1.2843721181666998,0.9087868431900127,-0.19016426069853765,0.23063275623037072,0.0334870728538732,-0.06868097225999747,10,-2.1320444758977315,,B,vapour_pressure,W1
Bikaner,2005-2014,JJAS,ref_audited,cand_B,deployable candidate,1220,1220,0.2551786324010058,0.5708600579022516,0.8462868584750709,0.8721176916587268,0.3466048260465868,-0.018633871058078455,-0.3412860297522613,-1.1283403267511787,13,-2.2479758651750568,,B,vapour_pressure,W1
Bikaner,2005-2014,ON,ref_audited,cand_B,deployable candidate,610,610,-0.5012648318296216,0.7260804284066467,1.3142707292474818,0.903400845560822,-0.6094267785667284,-0.3172084635257306,-0.5731010850940947,-0.7876472221873776,7,-1.99531035348703,,B,vapour_pressure,W1
Bikaner,2005-2014,ALL,ref_audited,cand_C,deployable candidate,3651,3649,0.142007972628931,0.7872825833802608,1.1478936242379238,0.9763161050617276,0.0165918652450614,0.3412423450042752,0.24755226883727488,-0.3744935034264003,37,-1.5137152824264697,PASS,C,input_consistent_daily_rh,C1
Bikaner,2005-2014,DJF,ref_audited,cand_C,deployable candidate,901,899,-0.14743327364718106,0.7811687422447449,1.2216284860356523,0.9035264428743772,-0.23928641392257077,-0.6312625385376904,-0.6869322262277748,-0.6981734486899889,9,-1.5205443061562833,,C,input_consistent_daily_rh,C1
Bikaner,2005-2014,MAM,ref_audited,cand_C,deployable candidate,920,920,0.2138796976840539,0.9354326485756701,1.2826569781227872,0.911285067447417,0.04543402642025285,0.4850273468360058,0.23532902448917525,0.12383459623325166,10,-1.819093632643859,,C,input_consistent_daily_rh,C1
Bikaner,2005-2014,JJAS,ref_audited,cand_C,deployable candidate,1220,1220,0.4759520601440366,0.7207787514022357,0.9294559472371597,0.8747927178160908,0.5341616056333578,0.227447455065672,-0.12121570403904514,-0.9470804324992557,13,-1.965535921142086,,C,input_consistent_daily_rh,C1
Bikaner,2005-2014,ON,ref_audited,cand_C,deployable candidate,610,610,-0.20770693461191683,0.7871903976059684,1.2139613640107985,0.9055666267234531,-0.33713856300195744,-0.07384856303896825,-0.3336550435773198,-0.5748144052420798,7,-1.7884856252446508,,C,input_consistent_daily_rh,C1
Bikaner,2005-2014,ALL,ref_audited,cand_D,deployable candidate,3651,3649,-0.1792958806538497,0.6725591109034212,1.2001981851653334,0.975012989518187,-0.32080409624740014,0.14203909943290682,0.01854448617258697,-0.6311167814775587,37,-1.8042714703166165,PASS,D,input_consistent_daily_rh,W1
Bikaner,2005-2014,DJF,ref_audited,cand_D,deployable candidate,901,899,-0.5498341365591263,0.7360631344043895,1.3586421766479497,0.8984550159225207,-0.5761605049460741,-1.057157081996106,-1.1609302254929652,-1.0813099437402656,9,-1.960980863060816,,D,input_consistent_daily_rh,W1
Bikaner,2005-2014,MAM,ref_audited,cand_D,deployable candidate,920,920,-0.13572399100647803,0.8269357974022,1.312366405605446,0.9061211692755841,-0.3485629758886546,0.16895133013900931,0.016980371945514605,0.013380881050238713,10,-2.1822667836872314,,D,input_consistent_daily_rh,W1
Bikaner,2005-2014,JJAS,ref_audited,cand_D,deployable candidate,1220,1220,0.2704301458280024,0.5682125657368431,0.8472326010694886,0.8735353465193438,0.338559588575265,0.01081129711479889,-0.3676546313338136,-1.2113641671037385,13,-2.269262728573879,,D,input_consistent_daily_rh,W1
Bikaner,2005-2014,ON,ref_audited,cand_D,deployable candidate,610,610,-0.5983745670876165,0.6942505985694538,1.365009503720042,0.9014198265556186,-0.7058918461570443,-0.36488688774613465,-0.7007576427482753,-0.9741272491639812,7,-2.152486108753018,,D,input_consistent_daily_rh,W1
Bikaner,2005-2014,ALL,ref_R3_midpoint,cand_A,deployable candidate,3651,3649,0.4192234584534742,0.8849069404359966,1.1193862337790663,0.9801334982044566,0.3131327275829108,0.5521324777892787,0.517643431550006,-0.03996130203028514,37,-1.3093580250836618,PASS,A,vapour_pressure,C1
Bikaner,2005-2014,DJF,ref_R3_midpoint,cand_A,deployable candidate,901,899,0.1863977120203832,0.8294114987368744,1.1483751987194386,0.9147312247677171,0.12630627583757814,-0.23646347688712765,-0.26429527073301173,-0.16282092107379142,9,-0.6705183713275145,,A,vapour_pressure,C1
Bikaner,2005-2014,MAM,ref_R3_midpoint,cand_A,deployable candidate,920,920,0.5488419559503444,1.0169003277423485,1.2597995246396545,0.9275851316551776,0.44126339977336215,0.7632384827518521,0.5200847537360502,0.3751525018989881,10,-1.1887799454015577,,A,vapour_pressure,C1
Bikaner,2005-2014,JJAS,ref_R3_midpoint,cand_A,deployable candidate,1220,1220,0.654812162320681,0.8519833471792992,1.000427334693962,0.8819599005756148,0.7241324620486864,0.511486436612195,0.2802445132286593,-0.604843070765277,13,-1.7048617559797208,,A,vapour_pressure,C1
Bikaner,2005-2014,ON,ref_R3_midpoint,cand_A,deployable candidate,610,610,0.0956875725981232,0.8093298408785756,1.075471494579472,0.9237579930318043,-0.013583886157675806,0.12559304567106366,-0.12565903672047085,-0.09247984945923804,7,-1.3654006198834736,,A,vapour_pressure,C1
Bikaner,2005-2014,ALL,ref_R3_midpoint,cand_B,deployable candidate,3651,3649,0.0984260698108126,0.736459493068196,1.0827025213085224,0.9791453009590937,-0.020889193453513144,0.3600252647157234,0.3030183748898949,-0.31233332945477343,37,-1.5949671434644532,PASS,B,vapour_pressure,W1
Bikaner,2005-2014,DJF,ref_R3_midpoint,cand_B,deployable candidate,901,899,-0.21525596636544989,0.7569981745675136,1.179253159554116,0.9105469676398629,-0.2450351547744276,-0.6521727755441233,-0.7439012851465137,-0.5272918261817701,9,-1.1081307125670985,,B,vapour_pressure,W1
Bikaner,2005-2014,MAM,ref_R3_midpoint,cand_B,deployable candidate,920,920,0.19986853695703025,0.8520577058567369,1.1877800481182264,0.9232892724618215,0.08648398376831778,0.44787359694901596,0.26551717255164675,0.19749032653209753,10,-1.541190768711715,,B,vapour_pressure,W1
Bikaner,2005-2014,JJAS,ref_R3_midpoint,cand_B,deployable candidate,1220,1220,0.4493069542686304,0.694411166353575,0.8777349850055741,0.8829495462253382,0.5317630058098359,0.26094708262419886,0.029242745978969253,-0.8683112336082388,13,-1.9949637321062972,,B,vapour_pressure,W1
Bikaner,2005-2014,ON,ref_R3_midpoint,cand_B,deployable candidate,610,610,-0.2940355667311512,0.6511516549422538,1.1376355768890685,0.9203533691617147,-0.381139879139738,-0.20143949888175072,-0.4426011431657635,-0.5017594791374655,7,-1.7062025231641818,,B,vapour_pressure,W1
Bikaner,2005-2014,ALL,ref_R3_midpoint,cand_C,deployable candidate,3651,3649,0.35722318646374773,0.8420082536271707,1.1118518675167024,0.9798095874008887,0.24746634377567034,0.5816295181787225,0.5034131934739108,-0.04386356567060545,37,-1.3307317558707323,PASS,C,input_consistent_daily_rh,C1
Bikaner,2005-2014,DJF,ref_R3_midpoint,cand_C,deployable candidate,901,899,0.09209421301667409,0.7962065962866518,1.1396873781731254,0.9144188311781503,-0.015208691419957177,-0.3223009675891255,-0.3932283386094717,-0.31614155089300766,9,-0.8013859395312769,,C,input_consistent_daily_rh,C1
Bikaner,2005-2014,MAM,ref_R3_midpoint,cand_C,deployable candidate,920,920,0.438595676362175,0.9630544703674673,1.233004798125144,0.9254610772111874,0.3220822708871083,0.702268187554651,0.4673591241869488,0.39000589502534666,10,-1.231669791591503,,C,input_consistent_daily_rh,C1
Bikaner,2005-2014,JJAS,ref_R3_midpoint,cand_C,deployable candidate,1220,1220,0.6700803820116612,0.8376924010339053,1.0044982149632056,0.8846702876679201,0.7193197853966069,0.5070284087479493,0.24931307169218542,-0.6870513393563158,13,-1.740693166593985,,C,input_consistent_daily_rh,C1
Bikaner,2005-2014,ON,ref_R3_midpoint,cand_C,deployable candidate,610,610,-0.0004776695134465127,0.8017453483101065,1.0815670091202505,0.9222088550307352,-0.108851663574967,0.04192040160501165,-0.20315510164898853,-0.2889266621921678,7,-1.484593312029436,,C,input_consistent_daily_rh,C1
Bikaner,2005-2014,ALL,ref_R3_midpoint,cand_D,deployable candidate,3651,3649,0.03591933318096701,0.7253464872786708,1.1021665166031336,0.9785704924887368,-0.0899296177167912,0.3824262726073542,0.27440541080922287,-0.3004868437217638,37,-1.6167365728866168,PASS,D,input_consistent_daily_rh,W1
Bikaner,2005-2014,DJF,ref_R3_midpoint,cand_D,deployable candidate,901,899,-0.3103066498952711,0.7321519209079952,1.2068054525976624,0.90955263483687,-0.3520827824434605,-0.7481955110475411,-0.8672263378746621,-0.6992780459432844,9,-1.2401330254644956,,D,input_consistent_daily_rh,W1
Bikaner,2005-2014,MAM,ref_R3_midpoint,cand_D,deployable candidate,920,920,0.08899198767164306,0.8094990860435018,1.1977302922022428,0.9205233116303679,-0.07191473142179916,0.38619217085765456,0.24901047164328816,0.2795521798423337,10,-1.584627055794357,,D,input_consistent_daily_rh,W1
Bikaner,2005-2014,JJAS,ref_R3_midpoint,cand_D,deployable candidate,1220,1220,0.464558467695627,0.69740542700481,0.8850387104268158,0.8831948775082116,0.5237177683385141,0.2903922507970762,0.0028741443974169556,-0.9513350739607986,13,-2.0315472002627777,,D,input_consistent_daily_rh,W1
Bikaner,2005-2014,ON,ref_R3_midpoint,cand_D,deployable candidate,610,610,-0.39114530198914615,0.6540202537537425,1.1790542826743502,0.9183530529240407,-0.4776049467300538,-0.24911792310215475,-0.5702577008199441,-0.6882395061140691,7,-1.827314824231548,,D,input_consistent_daily_rh,W1
Bikaner,2005-2014,ALL,ref_audited,ref_R3_midpoint,reference versus reference,3651,3650,-0.21527174079730818,0.1878544885254314,0.33868908131563547,0.9987047717525116,-0.23116175708034348,-0.2404359707543975,-0.25642346804369254,-0.33062431873396747,37,-0.371313289270834,PASS,,,
Hyderabad,2005-2014,ALL,ref_audited,cand_A,deployable candidate,3651,3649,0.2733353675991831,0.6245309727595441,0.9032049079097985,0.9461146208315332,0.3942750710388623,0.02030725822133661,-0.4257041806792472,-1.202989408186923,37,-2.158945120391699,PASS,A,vapour_pressure,C1
Hyderabad,2005-2014,DJF,ref_audited,cand_A,deployable candidate,901,899,0.3487459685706295,0.7115096171980895,0.9258588608607915,0.8882455847114495,0.508354941458947,-0.011656639115869893,-0.32066962313392366,-1.289693584099986,9,-2.3050136292562797,,A,vapour_pressure,C1
Hyderabad,2005-2014,MAM,ref_audited,cand_A,deployable candidate,920,920,0.01084789761654317,0.722770292971461,1.084749030650429,0.8537805315839672,0.221660077569652,-0.8088340134935024,-1.08253102718092,-1.6348631130392306,10,-2.3631156556224027,,A,vapour_pressure,C1
Hyderabad,2005-2014,JJAS,ref_audited,cand_A,deployable candidate,1220,1220,0.21920112398055688,0.4479036236468801,0.6326628065335711,0.9584103845429661,0.40655780327196567,0.341227629195771,0.09838522987502074,-0.5002830132074578,13,-1.1128076761349173,,A,vapour_pressure,C1
Hyderabad,2005-2014,ON,ref_audited,cand_A,deployable candidate,610,610,0.6663486779687279,0.8305687116669276,1.020507800806973,0.9268611249246561,0.8035302879135884,0.6277219941584669,0.5266541349307481,-0.320805790961316,7,-1.2114499916850556,,A,vapour_pressure,C1
Hyderabad,2005-2014,ALL,ref_audited,cand_B,deployable candidate,3651,3649,-0.03507204054145843,0.4911916315279541,0.8706724455093506,0.9449941503487509,0.13095903763689876,-0.31879461017359745,-0.789832899137707,-1.6007013194443545,37,-2.5706319259213,PASS,B,vapour_pressure,W1
Hyderabad,2005-2014,DJF,ref_audited,cand_B,deployable candidate,901,899,-0.07906057263962081,0.4897604444683452,0.8761819337504277,0.8839800419220718,0.07670133532195678,-0.48552949532412626,-0.8261640119089897,-1.7457263474084144,9,-2.8029697588391906,,B,vapour_pressure,W1
Hyderabad,2005-2014,MAM,ref_audited,cand_B,deployable candidate,920,920,-0.38617806698144275,0.627106007830946,1.1723796953290586,0.8464050457974607,-0.1940333977171349,-1.1608460603408304,-1.487485718338668,-2.038789035469385,10,-2.7710220613132264,,B,vapour_pressure,W1
Hyderabad,2005-2014,JJAS,ref_audited,cand_B,deployable candidate,1220,1220,0.06370104680454218,0.38564643675454136,0.5758160854935359,0.9586506497435254,0.24942329083097547,0.058816435110887966,-0.19075461925566373,-0.8723356928114185,13,-1.4614009213338215,,B,vapour_pressure,W1
Hyderabad,2005-2014,ON,ref_audited,cand_B,deployable candidate,610,610,0.361747743260038,0.6080530649207105,0.8168483764470381,0.9340127384904299,0.5054716559728263,0.320851267466427,0.2516248082908277,-0.6771907417926855,7,-1.5486289460001623,,B,vapour_pressure,W1
Hyderabad,2005-2014,ALL,ref_audited,cand_C,deployable candidate,3651,3649,0.3451099375396418,0.6616596667735735,0.9358943296253962,0.9448161227356419,0.47920143618273414,0.08120060042640631,-0.3369082063023612,-1.0649369738164438,37,-2.0524382493068005,PASS,C,input_consistent_daily_rh,C1
Hyderabad,2005-2014,DJF,ref_audited,cand_C,deployable candidate,901,899,0.344896895592714,0.7054306667666879,0.9368085794032046,0.8845682931787188,0.4989331740840157,-0.04667642897824109,-0.3649701139642332,-1.3428183142057613,9,-2.379701002795331,,C,input_consistent_daily_rh,C1
Hyderabad,2005-2014,MAM,ref_audited,cand_C,deployable candidate,920,920,0.019511441275087395,0.7518837171313919,1.1045565894803613,0.846336048400817,0.2097476020073259,-0.7343617940545286,-1.0105546547301856,-1.4418340001948664,10,-2.2372794603781188,,C,input_consistent_daily_rh,C1
Hyderabad,2005-2014,JJAS,ref_audited,cand_C,deployable candidate,1220,1220,0.3833814778035567,0.5037539036718783,0.6954500639543457,0.9611194129081853,0.5026196972615935,0.5230543971179031,0.291741324413735,-0.2805395710736036,13,-0.8776450390768892,,C,input_consistent_daily_rh,C1
Hyderabad,2005-2014,ON,ref_audited,cand_C,deployable candidate,610,610,0.7599474164768582,0.8970508177737884,1.0671589685617753,0.932650408815929,0.8876060339464402,0.7472142835251461,0.7244130102149029,-0.15163016661864503,7,-1.07116700802769,,C,input_consistent_daily_rh,C1
Hyderabad,2005-2014,ALL,ref_audited,cand_D,deployable candidate,3651,3649,0.03688970657978742,0.5100131064339735,0.8953098746899344,0.9415330916889963,0.2250892015316026,-0.25585188265957726,-0.6902025699908023,-1.429335643994392,37,-2.4636482182848316,PASS,D,input_consistent_daily_rh,W1
Hyderabad,2005-2014,DJF,ref_audited,cand_D,deployable candidate,901,899,-0.08303664542088669,0.49954429634573216,0.8968145111545517,0.8780422231844446,0.08710838033698565,-0.4414721481365085,-0.8074711655271578,-1.6861864648085891,9,-2.879472388053374,,D,input_consistent_daily_rh,W1
Hyderabad,2005-2014,MAM,ref_audited,cand_D,deployable candidate,920,920,-0.3777720214682664,0.6477893777339432,1.1954779077509519,0.8365933629928117,-0.1688163102617466,-1.1125615751208429,-1.3958198389582037,-1.8554945882940572,10,-2.6450799941274568,,D,input_consistent_daily_rh,W1
Hyderabad,2005-2014,JJAS,ref_audited,cand_D,deployable candidate,1220,1220,0.22849244822179998,0.41383838880739177,0.6038820282445442,0.9611604432233466,0.3738433015528244,0.2767750992024496,0.0005268289609290377,-0.6371104863618413,13,-1.2247144107989287,,D,input_consistent_daily_rh,W1
Hyderabad,2005-2014,ON,ref_audited,cand_D,deployable candidate,610,610,0.45581960075939437,0.6344088085218402,0.8514062754425988,0.9377814366441387,0.5539950193258392,0.456457858057739,0.43530784896422503,-0.4789078212113935,7,-1.4086151885970497,,D,input_consistent_daily_rh,W1
Hyderabad,2005-2014,ALL,ref_R3_midpoint,cand_A,deployable candidate,3651,3649,0.4720395460507127,0.7135649279302356,0.9412244753728641,0.9501078482011206,0.579017661774401,0.29518104179198446,-0.1783386043373838,-0.9029782511880029,37,-1.741694241042513,PASS,A,vapour_pressure,C1
Hyderabad,2005-2014,DJF,ref_R3_midpoint,cand_A,deployable candidate,901,899,0.5389903180126963,0.7894715481167509,0.9626159004632746,0.9007498395548584,0.6923351789805565,0.24738682668512624,-0.08273745215736739,-0.8977027398220869,9,-1.8879344136371528,,A,vapour_pressure,C1
Hyderabad,2005-2014,MAM,ref_R3_midpoint,cand_A,deployable candidate,920,920,0.26441974970427196,0.7953898189304596,1.064613373832588,0.8601851389444879,0.4858470689041212,-0.35856766057056433,-0.689237018686434,-1.2529659721624071,10,-1.9642580018935802,,A,vapour_pressure,C1
Hyderabad,2005-2014,JJAS,ref_R3_midpoint,cand_A,deployable candidate,1220,1220,0.40896400822904505,0.5408671690046276,0.7190821097686204,0.9592400097074952,0.5748598942484762,0.5609638590869395,0.4516545918400041,-0.08428125250307517,13,-0.9937269448541053,,A,vapour_pressure,C1
Hyderabad,2005-2014,ON,ref_R3_midpoint,cand_A,deployable candidate,610,610,0.8126520457020844,0.9597208879372374,1.0909885204826641,0.9351636773086062,0.9410425545240741,0.7698045267217815,0.695535592684422,-0.21171933243008567,7,-0.9386387781074339,,A,vapour_pressure,C1
Hyderabad,2005-2014,ALL,ref_R3_midpoint,cand_B,deployable candidate,3651,3649,0.16363213791007117,0.5436038395610012,0.8383883573009154,0.9491290842010528,0.3157016283724374,-0.0439208266029496,-0.5424673227958436,-1.3006901624454343,37,-2.156452397745686,PASS,B,vapour_pressure,W1
Hyderabad,2005-2014,DJF,ref_R3_midpoint,cand_B,deployable candidate,901,899,0.11118377680244593,0.5247288676674202,0.8228696849895654,0.8959319844675551,0.2606815728435663,-0.22648602952313013,-0.5882318409324334,-1.3537355031305154,9,-2.361602079106294,,B,vapour_pressure,W1
Hyderabad,2005-2014,MAM,ref_R3_midpoint,cand_B,deployable candidate,920,920,-0.13260621489371396,0.6388799257683786,1.0627610062890214,0.8527272462042477,0.07015359361733431,-0.7105797074178923,-1.094191709844182,-1.6568918945925617,10,-2.3784534270680355,,B,vapour_pressure,W1
Hyderabad,2005-2014,JJAS,ref_R3_midpoint,cand_B,deployable candidate,1220,1220,0.25346393105303033,0.4487154570005316,0.620987333713096,0.9593781482839913,0.417725381807486,0.27855266500205644,0.16251474270931965,-0.4563339321070359,13,-1.3375431005606253,,B,vapour_pressure,W1
Hyderabad,2005-2014,ON,ref_R3_midpoint,cand_B,deployable candidate,610,610,0.5080511109933945,0.6993665007795471,0.8556189712368422,0.9417187111641612,0.642983922583312,0.4629338000297416,0.4205062660445016,-0.5681042832614551,7,-1.293196840231831,,B,vapour_pressure,W1
Hyderabad,2005-2014,ALL,ref_R3_midpoint,cand_C,deployable candidate,3651,3649,0.5438141159911714,0.777269962038531,0.9884507506393976,0.9486738268248958,0.6639440269182728,0.35607438399705416,-0.08954262996049778,-0.7649258168175237,37,-1.6599278572125222,PASS,C,input_consistent_daily_rh,C1
Hyderabad,2005-2014,DJF,ref_R3_midpoint,cand_C,deployable candidate,901,899,0.5351412450347808,0.7710107661919778,0.9730645591180758,0.8967733791621401,0.6829134116056252,0.21236703682275504,-0.1270379429876769,-0.9508274699278623,9,-1.9698368081428852,,C,input_consistent_daily_rh,C1
Hyderabad,2005-2014,MAM,ref_R3_midpoint,cand_C,deployable candidate,920,920,0.2730832933628162,0.8283078409106679,1.0889517910582958,0.8522648885096544,0.4739345933417951,-0.2840954411315906,-0.6172606462356995,-1.059936859318043,10,-1.7953713496727972,,C,input_consistent_daily_rh,C1
Hyderabad,2005-2014,JJAS,ref_R3_midpoint,cand_C,deployable candidate,1220,1220,0.5731443620520449,0.6579597707696223,0.8189372089592412,0.9611499167300424,0.670921788238104,0.7427906270090716,0.6450106863787184,0.13546218963077905,13,-0.7578861093415324,,C,input_consistent_daily_rh,C1
Hyderabad,2005-2014,ON,ref_R3_midpoint,cand_C,deployable candidate,610,610,0.9062507842102147,1.0373195156890347,1.1486444712182358,0.9402837410455724,1.025118300556926,0.8892968160884607,0.8932944679685768,-0.0425437080874147,7,-0.8194894162894327,,C,input_consistent_daily_rh,C1
Hyderabad,2005-2014,ALL,ref_R3_midpoint,cand_D,deployable candidate,3651,3649,0.235593885031317,0.5866150307443831,0.8817560477412101,0.9455219853680106,0.4098317922671413,0.01902190091107059,-0.4428369936489389,-1.129324486995472,37,-2.074211534325541,PASS,D,input_consistent_daily_rh,W1
Hyderabad,2005-2014,DJF,ref_R3_midpoint,cand_D,deployable candidate,901,899,0.10720770402118004,0.5332637927313613,0.844681063707359,0.8896589936947613,0.27108861785859517,-0.18242868233551235,-0.5695389945506015,-1.2941956205306901,9,-2.4460219863199137,,D,input_consistent_daily_rh,W1
Hyderabad,2005-2014,MAM,ref_R3_midpoint,cand_D,deployable candidate,920,920,-0.12420016938053759,0.6879792371738915,1.0923080136757493,0.842419133844309,0.09537068107272262,-0.6622952221979048,-1.0025258304637177,-1.4735974474172338,10,-2.209575344413383,,D,input_consistent_daily_rh,W1
Hyderabad,2005-2014,JJAS,ref_R3_midpoint,cand_D,deployable candidate,1220,1220,0.4182553324702881,0.5158431543498807,0.6994163499717696,0.9610635130277946,0.5421453925293349,0.49651132909361806,0.3537961909259124,-0.22110872565745865,13,-1.0997560066870908,,D,input_consistent_daily_rh,W1
Hyderabad,2005-2014,ON,ref_R3_midpoint,cand_D,deployable candidate,610,610,0.6021229684927508,0.7346607860997381,0.9064081652050846,0.944813138506853,0.6915072859363249,0.5985403906210536,0.6041893067178989,-0.3698213626801632,7,-1.1736188783993384,,D,input_consistent_daily_rh,W1
Hyderabad,2005-2014,ALL,ref_audited,ref_R3_midpoint,reference versus reference,3651,3650,-0.19877081713857808,0.17784112851143163,0.2800494704082547,0.9973296962899362,-0.18471697063364445,-0.2742230400386205,-0.24756991449141452,-0.29984805622438415,37,-0.3703288229775156,PASS,,,
Kochi,2005-2014,ALL,ref_audited,cand_A,deployable candidate,3651,3649,0.3452629384838236,0.7817157144975795,1.0891194300789946,0.8666362145757609,0.4602130509463791,0.802079432544609,0.7996224015079534,0.6880714904210379,37,-0.1139129363580288,PASS,A,vapour_pressure,C1
Kochi,2005-2014,DJF,ref_audited,cand_A,deployable candidate,901,899,0.3531881075453821,0.7490434064627038,1.0770216617558444,0.6374420210516085,0.260438612340522,0.13988814371646185,0.22792360499278175,0.32470686425744333,9,-0.9919282307667269,,A,vapour_pressure,C1
Kochi,2005-2014,MAM,ref_audited,cand_A,deployable candidate,920,920,1.003685803654234,1.1699330161712282,1.3902058928345216,0.7865158234653282,1.2838081922989204,0.9497811293245704,0.817864123267313,0.6501628145280023,10,-0.1929525572816658,,A,vapour_pressure,C1
Kochi,2005-2014,JJAS,ref_audited,cand_A,deployable candidate,1220,1220,0.05665611046933937,0.6540356676897829,0.9068895393029077,0.876633435605498,0.3631951672045943,0.43255814790926195,0.3131822997634828,0.20452211557147137,13,-0.8824412961336153,,A,vapour_pressure,C1
Kochi,2005-2014,ON,ref_audited,cand_A,deployable candidate,610,610,-0.08223449227920575,0.6321779188262724,0.9090716476526262,0.8485087501727545,0.2288688283717022,-0.13892222988042136,-0.2758689137417889,-0.3071509302102129,7,-0.9708110975124343,,A,vapour_pressure,C1
Kochi,2005-2014,ALL,ref_audited,cand_B,deployable candidate,3651,3649,0.05223019906470159,0.7190948367245369,0.982826403887571,0.8653194945202385,0.11735173247888042,0.4079748047230396,0.3670252438350303,0.2646296982400571,37,-0.5073343418356244,PASS,B,vapour_pressure,W1
Kochi,2005-2014,DJF,ref_audited,cand_B,deployable candidate,901,899,-0.06667037297941113,0.7557273342666804,1.0070628525127143,0.6387243411855958,-0.17969012948441332,-0.3154597779382229,-0.24342490797583594,-0.13467180244484922,9,-1.4023585979652151,,B,vapour_pressure,W1
Kochi,2005-2014,MAM,ref_audited,cand_B,deployable candidate,920,920,0.6598239154898042,0.8959728813396453,1.1235048265980068,0.7908423238065906,0.8971956469151223,0.5257132682363022,0.38330083921798774,0.1855568687012763,10,-0.5855758581674706,,B,vapour_pressure,W1
Kochi,2005-2014,JJAS,ref_audited,cand_B,deployable candidate,1220,1220,-0.11505886560583807,0.6017386190712841,0.8656837606224095,0.8776714283576978,0.17674621687322656,0.13169102020928847,0.031090865103827525,-0.09266133849210689,13,-1.1634388631771957,,B,vapour_pressure,W1
Kochi,2005-2014,ON,ref_audited,cand_B,deployable candidate,610,610,-0.35433036805887,0.6142975661191485,0.9386414896952452,0.8484824272713987,-0.07023204403822092,-0.4800249930250331,-0.6362426236016248,-0.6927176319332631,7,-1.3528393942899422,,B,vapour_pressure,W1
Kochi,2005-2014,ALL,ref_audited,cand_C,deployable candidate,3651,3649,0.5795475650551,0.8432227624016377,1.1903307988556935,0.8642045876873351,0.6454697610282665,1.069388401144849,1.0807309484351961,1.064871586118258,37,0.1788700174217174,PASS,C,input_consistent_daily_rh,C1
Kochi,2005-2014,DJF,ref_audited,cand_C,deployable candidate,901,899,0.4686161359994258,0.7995040350750173,1.163586476935372,0.6117039121246556,0.3522437490700554,0.3120513523563986,0.4613941488575435,0.5750932013462702,9,-0.8743635063919568,,C,input_consistent_daily_rh,C1
Kochi,2005-2014,MAM,ref_audited,cand_C,deployable candidate,920,920,1.271827152757869,1.3651077418481918,1.5952283503138818,0.7892756925654695,1.5123316615105864,1.234902351624072,1.1225435393250933,0.9774235178842687,10,0.17516071090106494,,C,input_consistent_daily_rh,C1
Kochi,2005-2014,JJAS,ref_audited,cand_C,deployable candidate,1220,1220,0.3481050641050981,0.7227294628881964,0.9540555672054757,0.8853921999885923,0.6356526060295664,0.6925871285897287,0.6820258384409996,0.5796443006787868,13,-0.5265906622894144,,C,input_consistent_daily_rh,C1
Kochi,2005-2014,ON,ref_audited,cand_C,deployable candidate,610,610,0.16182622930674895,0.6482368255389304,0.9066167276440434,0.8517476669356342,0.42533575800050016,0.14542615905168788,0.05066014254934004,-0.02418377165295027,7,-0.7260728870398745,,C,input_consistent_daily_rh,C1
Kochi,2005-2014,ALL,ref_audited,cand_D,deployable candidate,3651,3649,0.2882525007141144,0.7634929794759273,1.0380667020056407,0.8609431398672333,0.28709708242843135,0.6892210290976308,0.6673776410128269,0.6375972412210231,37,-0.2112321909929687,PASS,D,input_consistent_daily_rh,W1
Kochi,2005-2014,DJF,ref_audited,cand_D,deployable candidate,901,899,0.049901656123280055,0.8155146395163797,1.058736545666951,0.6093558995098205,-0.06333951664618098,-0.10019503129863949,0.020400700085161816,0.21595790512937896,9,-1.2822209488601983,,D,input_consistent_daily_rh,W1
Kochi,2005-2014,MAM,ref_audited,cand_D,deployable candidate,920,920,0.9304170663473774,1.0811943716530266,1.3037126530042995,0.7925196633503105,1.133971536564303,0.8493187759400556,0.7070348652404306,0.5245253471587361,10,-0.21349800554236822,,D,input_consistent_daily_rh,W1
Kochi,2005-2014,JJAS,ref_audited,cand_D,deployable candidate,1220,1220,0.17793862389096096,0.6520827327095162,0.8593658986963022,0.8864361054969964,0.46262393413189784,0.40850608764230856,0.4022957395926525,0.24249523294831477,13,-0.8048091434793299,,D,input_consistent_daily_rh,W1
Kochi,2005-2014,ON,ref_audited,cand_D,deployable candidate,610,610,-0.108355796615713,0.6233870060669062,0.8681177862139167,0.8504985464989402,0.10633812982004542,-0.21939994775420502,-0.30735029003808734,-0.35182899166097314,7,-1.1063704429315635,,D,input_consistent_daily_rh,W1
Kochi,2005-2014,ALL,ref_R3_midpoint,cand_A,deployable candidate,3651,3649,0.4136196839426865,0.7788717191320984,1.0907706873181109,0.8730164579192775,0.4768595246563905,0.8595370585884226,0.8738995747643017,0.8434783432797133,37,-0.06688505053811444,PASS,A,vapour_pressure,C1
Kochi,2005-2014,DJF,ref_R3_midpoint,cand_A,deployable candidate,901,899,0.3601144181357381,0.7589153232629542,1.0517652645482447,0.6536507404683491,0.282512684305118,0.2151520117025214,0.23665183901102438,0.33860862089665744,9,-0.588563810498676,,A,vapour_pressure,C1
Kochi,2005-2014,MAM,ref_R3_midpoint,cand_A,deployable candidate,920,920,1.101647723085231,1.241594244026743,1.4297409245540806,0.8099692150255798,1.3565506239008016,1.0693410421104304,0.9960530577360416,0.832105705539874,10,-0.10304791792773357,,A,vapour_pressure,C1
Kochi,2005-2014,JJAS,ref_R3_midpoint,cand_A,deployable candidate,1220,1220,0.13762425315163254,0.6505966341672149,0.8970639290616252,0.8802833682593048,0.4466344627220451,0.43578210152790575,0.26426035854616714,0.13701377750297183,13,-0.9260298493215504,,A,vapour_pressure,C1
Kochi,2005-2014,ON,ref_R3_midpoint,cand_A,deployable candidate,610,610,0.00678339462201639,0.6185314537823956,0.8913404109511709,0.8539233122880933,0.2982655120502784,-0.07348944973009708,-0.15842645037916014,-0.2331757703070494,7,-1.2123244609891717,,A,vapour_pressure,C1
Kochi,2005-2014,ALL,ref_R3_midpoint,cand_B,deployable candidate,3651,3649,0.12058694452356447,0.7107696357966802,0.9712766884102526,0.8704943497688099,0.1339982061888918,0.46543243076685314,0.44130241709137863,0.4200365510987325,37,-0.47745906245953895,PASS,B,vapour_pressure,W1
Kochi,2005-2014,DJF,ref_R3_midpoint,cand_B,deployable candidate,901,899,-0.05974406238905516,0.7399037741922143,0.9816222170346588,0.6519205179571906,-0.15761605751981733,-0.24019590995216333,-0.2346966739575933,-0.1207700458056351,9,-1.0107957477467393,,B,vapour_pressure,W1
Kochi,2005-2014,MAM,ref_R3_midpoint,cand_B,deployable candidate,920,920,0.7577858349208014,0.930861309084662,1.1492371600897167,0.8121543560742543,0.9699380785170035,0.6452731810221621,0.5614897736867164,0.36749975971314797,10,-0.5179925084642321,,B,vapour_pressure,W1
Kochi,2005-2014,JJAS,ref_R3_midpoint,cand_B,deployable candidate,1220,1220,-0.03409072292354491,0.5864685759327131,0.8437880849309516,0.8811467263476921,0.26018551239067733,0.13491497382793227,-0.01783107611348811,-0.16016967656060643,13,-1.2138511600130204,,B,vapour_pressure,W1
Kochi,2005-2014,ON,ref_R3_midpoint,cand_B,deployable candidate,610,610,-0.2653124811576479,0.652322364724057,0.8984754782780685,0.8534571691280027,-0.0008353603596447101,-0.4145922128747088,-0.518800160238996,-0.6187424720300996,7,-1.575997089370162,,B,vapour_pressure,W1
Kochi,2005-2014,ALL,ref_R3_midpoint,cand_C,deployable candidate,3651,3649,0.6479043105139629,0.8707771032660503,1.211446870885492,0.8684919191720247,0.6621162347382779,1.1268460271886624,1.1550081216915444,1.2202784389769334,37,0.21665963070057923,PASS,C,input_consistent_daily_rh,C1
Kochi,2005-2014,DJF,ref_R3_midpoint,cand_C,deployable candidate,901,899,0.4755424465897818,0.8022910157369552,1.1444411059076824,0.6245874336981043,0.3743178210346514,0.38731522034245813,0.4701223828757861,0.5889949579854843,9,-0.4862962045159078,,C,input_consistent_daily_rh,C1
Kochi,2005-2014,MAM,ref_R3_midpoint,cand_C,deployable candidate,920,920,1.3697890721888661,1.4626335493092313,1.650523593545272,0.8087500922254529,1.5850740931124676,1.354462264409932,1.300732473793822,1.1593664088961404,10,0.18132634999351466,,C,input_consistent_daily_rh,C1
Kochi,2005-2014,JJAS,ref_R3_midpoint,cand_C,deployable candidate,1220,1220,0.4290732067873913,0.7331948890209219,0.9724760736714115,0.8874200984844919,0.7190919015470172,0.6958110822083725,0.633103897223684,0.5121359626102873,13,-0.6305211919179083,,C,input_consistent_daily_rh,C1
Kochi,2005-2014,ON,ref_R3_midpoint,cand_C,deployable candidate,610,610,0.2508441162079711,0.6945260059412703,0.9213037447521208,0.854262758664876,0.4947324416790764,0.21085893920201215,0.1681026059119688,0.04979138825021323,7,-0.8915236361229079,,C,input_consistent_daily_rh,C1
Kochi,2005-2014,ALL,ref_R3_midpoint,cand_D,deployable candidate,3651,3649,0.3566092461729773,0.7710938083425276,1.049951589576266,0.8638979931233735,0.3037435561384427,0.7466786551414444,0.7416548142691752,0.7930040940796985,37,-0.19038276017377215,PASS,D,input_consistent_daily_rh,W1
Kochi,2005-2014,DJF,ref_R3_midpoint,cand_D,deployable candidate,901,899,0.056827966713636026,0.7732317924642302,1.0392090295549794,0.6191601279386262,-0.041265444681584995,-0.02493116331257994,0.029128934103404447,0.22985966176859307,9,-0.9067134563271237,,D,input_consistent_daily_rh,W1
Kochi,2005-2014,MAM,ref_R3_midpoint,cand_D,deployable candidate,920,920,1.0283789857783747,1.1411706175815652,1.3515353242359571,0.8095934813159356,1.2067139681661843,0.9688786887259155,0.8852237997091592,0.7064682381706078,10,-0.2299755135444002,,D,input_consistent_daily_rh,W1
Kochi,2005-2014,JJAS,ref_R3_midpoint,cand_D,deployable candidate,1220,1220,0.2589067665732541,0.6342995609987838,0.8686078315354366,0.8882229495573687,0.5460632296493486,0.41173004126095236,0.3533737983753369,0.17498689487981522,13,-0.9159665445400702,,D,input_consistent_daily_rh,W1
Kochi,2005-2014,ON,ref_R3_midpoint,cand_D,deployable candidate,610,610,-0.019337909714490856,0.6366868904305534,0.8596517117598561,0.8524027028909595,0.17573481349862163,-0.15396716760388074,-0.18990782667545858,-0.27785383175780964,7,-1.2517785849260576,,D,input_consistent_daily_rh,W1
Kochi,2005-2014,ALL,ref_audited,ref_R3_midpoint,reference versus reference,3651,3650,-0.0684582367422158,0.17579959668034917,0.3067057174036617,0.9846427465519053,-0.016717406701729942,-0.05761345345911195,-0.0742925071482432,-0.15544091863258558,37,-0.4169652019375791,PASS,,,
Kolkata,2005-2014,ALL,ref_audited,cand_A,deployable candidate,3651,3649,0.45248108967100065,0.7026062585450745,1.033121418137229,0.9714668307803866,0.2118444508797097,0.2846800036997692,0.20066821575972682,0.012528257444486712,37,-1.0820456673464398,PASS,A,vapour_pressure,C1
Kolkata,2005-2014,DJF,ref_audited,cand_A,deployable candidate,901,899,0.8430527675515875,1.088205118054134,1.2518543429794353,0.9435282584950824,1.0179081312942344,0.3236536671821,0.2636608859308609,0.5428953690479794,9,-0.5713372508878175,,A,vapour_pressure,C1
Kolkata,2005-2014,MAM,ref_audited,cand_A,deployable candidate,920,920,0.7027856893350893,0.7951406550694458,1.2385092010595393,0.8837414119471639,0.5847624659946291,0.49030795336279454,0.37811250792274365,0.056182191758779254,10,-1.0329469224774812,,A,vapour_pressure,C1
Kolkata,2005-2014,JJAS,ref_audited,cand_A,deployable candidate,1220,1220,-0.01871168049223176,0.41769991658100025,0.6792048863838751,0.935591485694015,0.09483954418283247,-0.06728425740388388,-0.105885799461511,-0.20241812422123218,13,-1.2794666593591422,,A,vapour_pressure,C1
Kolkata,2005-2014,ON,ref_audited,cand_A,deployable candidate,610,610,0.4417450396604011,0.7626040207951803,0.9160345600179274,0.9610822710481195,0.5596004531880681,0.2703507217734611,-0.21449761168943837,-0.33883562980420123,7,-1.0370108285380215,,A,vapour_pressure,C1
Kolkata,2005-2014,ALL,ref_audited,cand_B,deployable candidate,3651,3649,0.1934371805070249,0.5821535424811373,0.9013501324526173,0.9741299820855019,0.04067137617312255,0.050631774026456355,-0.030087583729198286,-0.29059077138409606,37,-1.3693247345181867,PASS,B,vapour_pressure,W1
Kolkata,2005-2014,DJF,ref_audited,cand_B,deployable candidate,901,899,0.45758253479862915,0.8474814756472142,1.025197066528894,0.9451669381982015,0.6055769272063571,-0.07721930476072814,-0.1379738454016639,0.1367514613898706,9,-0.9257859009415988,,B,vapour_pressure,W1
Kolkata,2005-2014,MAM,ref_audited,cand_B,deployable candidate,920,920,0.4121948357592993,0.672472033466164,1.0817009819605623,0.8884567655970116,0.3292841480775337,0.22435669423571625,0.08819794632768208,-0.26579655159126503,10,-1.3699062222052532,,B,vapour_pressure,W1
Kolkata,2005-2014,JJAS,ref_audited,cand_B,deployable candidate,1220,1220,-0.1524859921583819,0.3914685088380452,0.6818398319558386,0.9356923481353469,-0.04343283887411076,-0.273430964604394,-0.3301251590021934,-0.46917414651431244,13,-1.5287893041921996,,B,vapour_pressure,W1
Kolkata,2005-2014,ON,ref_audited,cand_B,deployable candidate,610,610,0.16606431872268318,0.6049618673080204,0.7851426369601009,0.9647713958941037,0.302623054416415,0.006573325399884311,-0.49528435432523565,-0.6147805716412833,7,-1.366904110150293,,B,vapour_pressure,W1
Kolkata,2005-2014,ALL,ref_audited,cand_C,deployable candidate,3651,3649,0.5885171246082351,0.757844680204073,1.081752890242756,0.9723123854337916,0.3734160636808497,0.5051397703512421,0.4691636617435009,0.3344063672982571,37,-0.8045585316335193,PASS,C,input_consistent_daily_rh,C1
Kolkata,2005-2014,DJF,ref_audited,cand_C,deployable candidate,901,899,0.9102366032789078,1.1423017919479435,1.2963106886155862,0.9441616999288498,1.0640576825093149,0.381231527711396,0.24281536683844251,0.6189593007344101,9,-0.4024780307614151,,C,input_consistent_daily_rh,C1
Kolkata,2005-2014,MAM,ref_audited,cand_C,deployable candidate,920,920,0.8667457123670221,0.9606894353196935,1.3436788735215792,0.882793264610816,0.7596648333646954,0.8019363223713896,0.6929339743110745,0.38300665605903816,10,-0.7990305822189839,,C,input_consistent_daily_rh,C1
Kolkata,2005-2014,JJAS,ref_audited,cand_C,deployable candidate,1220,1220,0.17903773298248168,0.4505541956744423,0.6849384489506514,0.9404058409051609,0.30990519946726636,0.1383927657115933,0.1971037694901625,0.12848173455196132,13,-0.9524303440083355,,C,input_consistent_daily_rh,C1
Kolkata,2005-2014,ON,ref_audited,cand_C,deployable candidate,610,610,0.5137117897236457,0.7627266196836331,0.9285413048419195,0.9639595467494673,0.6520765684505534,0.33832528552746055,-0.11222264737259735,-0.2715623491875334,7,-0.7692411570116064,,C,input_consistent_daily_rh,C1
Kolkata,2005-2014,ALL,ref_audited,cand_D,deployable candidate,3651,3649,0.33002295427941314,0.6361420470794314,0.9293967339538969,0.9744357332019888,0.19518755873758664,0.25968529315053956,0.22659259120119657,0.05160900033899907,37,-1.0897524628412059,PASS,D,input_consistent_daily_rh,W1
Kolkata,2005-2014,DJF,ref_audited,cand_D,deployable candidate,901,899,0.5252309609301526,0.8790210620805965,1.0605023743867856,0.944927998580689,0.6543910178285159,-0.03894481548878659,-0.1829647245199233,0.3074472417825227,9,-0.7556677254870389,,D,input_consistent_daily_rh,W1
Kolkata,2005-2014,MAM,ref_audited,cand_D,deployable candidate,920,920,0.5768568781718169,0.8057107012890015,1.1696757286116146,0.8854193158574398,0.5063134268888803,0.5667451785166975,0.3713485526976186,0.042621187774841474,10,-1.1343146611166275,,D,input_consistent_daily_rh,W1
Kolkata,2005-2014,JJAS,ref_audited,cand_D,deployable candidate,1220,1220,0.04584261251877729,0.40893721974381947,0.6469645346756393,0.9404852699836465,0.1729059401648385,-0.0579108901003309,-0.015664044858297643,-0.12750532552028204,13,-1.1998745611991983,,D,input_consistent_daily_rh,W1
Kolkata,2005-2014,ON,ref_audited,cand_D,deployable candidate,610,610,0.23841772311211712,0.6235845647918268,0.7804117095977114,0.9669982705955841,0.3697627888726629,0.058369388828154456,-0.35815845902546073,-0.5676216094696613,7,-1.094845805015,,D,input_consistent_daily_rh,W1
Kolkata,2005-2014,ALL,ref_R3_midpoint,cand_A,deployable candidate,3651,3649,0.5838536607252013,0.7440199544066104,1.0911851525627096,0.9723584746992561,0.32635831578329544,0.4049151763780827,0.3070688314975669,0.10070227614618688,37,-0.9440303877796562,PASS,A,vapour_pressure,C1
Kolkata,2005-2014,DJF,ref_R3_midpoint,cand_A,deployable candidate,901,899,1.0126214861194511,1.2386294162667468,1.3679886175923308,0.9456353501887421,1.1290521934191702,0.46267505398631315,0.3558771399337246,0.8077565220889902,9,-0.28828313854940135,,A,vapour_pressure,C1
Kolkata,2005-2014,MAM,ref_R3_midpoint,cand_A,deployable candidate,920,920,0.8246982117004809,0.8990015442657295,1.294828390809634,0.8882016989905354,0.7073884878695935,0.621278765805549,0.5420655713421212,0.16183787839693053,10,-0.8832248498015929,,A,vapour_pressure,C1
Kolkata,2005-2014,JJAS,ref_R3_midpoint,cand_A,deployable candidate,1220,1220,0.10906452789659954,0.41358904707809074,0.6757203072591215,0.9378504566155798,0.21008318592424757,0.07189984909210523,0.08424656073549386,-0.10895815060981562,13,-1.32715370453998,,A,vapour_pressure,C1
Kolkata,2005-2014,ON,ref_R3_midpoint,cand_A,deployable candidate,610,610,0.5382855953550476,0.8230445236326034,0.9606383854778882,0.9616782573442656,0.6303087675932488,0.31751466620548285,0.008273854676076553,-0.3044047418712523,7,-0.9237889069880225,,A,vapour_pressure,C1
Kolkata,2005-2014,ALL,ref_R3_midpoint,cand_B,deployable candidate,3651,3649,0.32480975156122555,0.6245895277261866,0.9312844537660702,0.9749653507373345,0.15518524107670828,0.17086694670476987,0.07631303200864181,-0.2024167526823959,37,-1.2356164373009557,PASS,B,vapour_pressure,W1
Kolkata,2005-2014,DJF,ref_R3_midpoint,cand_B,deployable candidate,901,899,0.6271512533664928,0.9405452954506472,1.1080883594095035,0.9471023660583118,0.7167209893312929,0.06180208204348503,-0.0457575913988002,0.40161261443088137,9,-0.6382222301175552,,B,vapour_pressure,W1
Kolkata,2005-2014,MAM,ref_R3_midpoint,cand_B,deployable candidate,920,920,0.5341073581246908,0.732592047961532,1.1152050632241997,0.8927020628844468,0.4519101699524981,0.3553275066784707,0.2521510097470596,-0.16014086495311375,10,-1.2332139650489125,,B,vapour_pressure,W1
Kolkata,2005-2014,JJAS,ref_R3_midpoint,cand_B,deployable candidate,1220,1220,-0.02470978376955062,0.3848955926377471,0.6527092531519738,0.937936222115034,0.07181080286730435,-0.13424685810840487,-0.13999279880518856,-0.3757141729028959,13,-1.5720227393483652,,B,vapour_pressure,W1
Kolkata,2005-2014,ON,ref_R3_midpoint,cand_B,deployable candidate,610,610,0.2626048744173297,0.6593885799738359,0.8066875598790865,0.9651151606533663,0.3733313688215958,0.053737269831906076,-0.27251288795972073,-0.5803496837083344,7,-1.253682188600294,,B,vapour_pressure,W1
Kolkata,2005-2014,ALL,ref_R3_midpoint,cand_C,deployable candidate,3651,3649,0.7198896956624358,0.8353611123235396,1.156391260010483,0.9728459405904905,0.4879299285844354,0.6253749430295557,0.575564277481341,0.4225803859999573,37,-0.6853863102660721,PASS,C,input_consistent_daily_rh,C1
Kolkata,2005-2014,DJF,ref_R3_midpoint,cand_C,deployable candidate,901,899,1.0798053218467714,1.2797597246050145,1.4224822245326536,0.945134066957382,1.1752017446342506,0.5202529145156092,0.3350316208413062,0.8838204537754208,9,-0.10910866241411238,,C,input_consistent_daily_rh,C1
Kolkata,2005-2014,MAM,ref_R3_midpoint,cand_C,deployable candidate,920,920,0.9886582347324135,1.0658812877758521,1.4121337894697132,0.8864826072623516,0.8822908552396598,0.932907134814144,0.856887037730452,0.48866234269718944,10,-0.6934783162134522,,C,input_consistent_daily_rh,C1
Kolkata,2005-2014,JJAS,ref_R3_midpoint,cand_C,deployable candidate,1220,1220,0.30681394137131296,0.492579890854131,0.7232148982591745,0.9415473928169655,0.42514884120868146,0.2775768722075824,0.38723612968716736,0.22194170816337788,13,-0.9830004122703188,,C,input_consistent_daily_rh,C1
Kolkata,2005-2014,ON,ref_R3_midpoint,cand_C,deployable candidate,610,610,0.6102523454182922,0.8307835833178672,0.9816381362218556,0.9643044600427578,0.7227848828557342,0.3854892299594823,0.11054881899291757,-0.2371314612545845,7,-0.6560192354616073,,C,input_consistent_daily_rh,C1
Kolkata,2005-2014,ALL,ref_R3_midpoint,cand_D,deployable candidate,3651,3649,0.4613955253336137,0.6857103207259456,0.9810987820436226,0.9749155585053099,0.30970142364117237,0.3799204658288531,0.33299320693903667,0.13978301904069923,37,-0.9749921479314317,PASS,D,input_consistent_daily_rh,W1
Kolkata,2005-2014,DJF,ref_R3_midpoint,cand_D,deployable candidate,901,899,0.6947996794980164,1.0016545782163462,1.157848452807214,0.9457035294769224,0.7655350799534517,0.10007657131542658,-0.09074847051705959,0.5723083948235335,9,-0.4577130626778209,,D,input_consistent_daily_rh,W1
Kolkata,2005-2014,MAM,ref_R3_midpoint,cand_D,deployable candidate,920,920,0.6987694005372084,0.897851379227177,1.2197976222104394,0.8889011960707935,0.6289394487638447,0.6977159909594519,0.5353016161169961,0.14827687441299275,10,-1.0419666253922628,,D,input_consistent_daily_rh,W1
Kolkata,2005-2014,JJAS,ref_R3_midpoint,cand_D,deployable candidate,1220,1220,0.17361882090760858,0.42639743879922776,0.6621934415452005,0.9415741401790995,0.2881495819062536,0.08127321639565821,0.1744683153387072,-0.034045351908865484,13,-1.2258744106569128,,D,input_consistent_daily_rh,W1
Kolkata,2005-2014,ON,ref_R3_midpoint,cand_D,deployable candidate,610,610,0.33495827880676365,0.6783056310937923,0.8131173448417097,0.9670899077022216,0.44047110327784367,0.10553333326017622,-0.1353869926599458,-0.5331907215367124,7,-0.981623883465001,,D,input_consistent_daily_rh,W1
Kolkata,2005-2014,ALL,ref_audited,ref_R3_midpoint,reference versus reference,3651,3650,-0.1313632875881282,0.1306394394808308,0.23703005784853542,0.998702592872985,-0.11474810719380457,-0.11975770486146331,-0.10667612102902524,-0.08811820381095714,37,-0.17469532558037662,PASS,,,
Lucknow,2005-2014,ALL,ref_audited,cand_A,deployable candidate,3651,3649,0.11632025888150883,0.7380784640508296,1.0400751678398568,0.9789043753477109,0.011924813926214028,-0.2187606184268347,-0.4818945928487679,-1.2307884421103594,37,-1.964048179085064,PASS,A,vapour_pressure,C1
Lucknow,2005-2014,DJF,ref_audited,cand_A,deployable candidate,901,899,0.17645468832896796,0.7504502747325432,0.9993907788072827,0.9318740167279694,0.4522984137076378,-0.3076180562893249,-0.22642838276707877,-0.10430957495652748,9,-1.4975218332680242,,A,vapour_pressure,C1
Lucknow,2005-2014,MAM,ref_audited,cand_A,deployable candidate,920,920,0.11725457657780038,1.0387440869707802,1.2961552538098757,0.9344629448126456,0.2242814455820792,-1.0327126190147666,-1.3610360138696294,-1.4928032027979228,10,-2.067076828995971,,A,vapour_pressure,C1
Lucknow,2005-2014,JJAS,ref_audited,cand_A,deployable candidate,1220,1220,-0.0001201132737800096,0.5193953752251446,0.8332909366121072,0.9186500023450423,0.18813629266014686,-0.2261499203919115,-0.6352051077328227,-1.16450207537288,13,-2.072269577813739,,A,vapour_pressure,C1
Lucknow,2005-2014,ON,ref_audited,cand_A,deployable candidate,610,610,0.2591675206447849,0.8606784638750753,1.0375499199364147,0.954039725038256,0.20160209592762612,-0.09185404948733122,-0.3179206884312933,-0.5023600105688146,7,-1.0947837714118773,,A,vapour_pressure,C1
Lucknow,2005-2014,ALL,ref_audited,cand_B,deployable candidate,3651,3649,-0.20623644188458437,0.6005349773900548,1.0528614714199585,0.9787861978860525,-0.28045324557689355,-0.4705238543575163,-0.7411811134957134,-1.5328480935526088,37,-2.293473172596261,PASS,B,vapour_pressure,W1
Lucknow,2005-2014,DJF,ref_audited,cand_B,deployable candidate,901,899,-0.20975492358380093,0.569194241905052,1.018584541836814,0.930056874162491,0.020444201758266445,-0.6345011681308428,-0.654528713220504,-0.5598282905108611,9,-2.059863043704613,,B,vapour_pressure,W1
Lucknow,2005-2014,MAM,ref_audited,cand_B,deployable candidate,920,920,-0.2960030207010966,0.8263905797145128,1.3334287830992044,0.9331034440463178,-0.2162415669827169,-1.4141569825496916,-1.7683531605450966,-1.8416389434120575,10,-2.401413998945401,,B,vapour_pressure,W1
Lucknow,2005-2014,JJAS,ref_audited,cand_B,deployable candidate,1220,1220,-0.18183350275815705,0.4871937783380247,0.8377016651699466,0.9203781354928939,-0.0007264942336178137,-0.4968496315733475,-0.9326282490804303,-1.4849743489893967,13,-2.4028870095842367,,B,vapour_pressure,W1
Lucknow,2005-2014,ON,ref_audited,cand_B,deployable candidate,610,610,-0.11447122577877204,0.672426826577265,1.0084369730792164,0.9540296216921669,-0.19651436084203056,-0.3928922706733715,-0.6498574317567289,-0.9180761166855476,7,-1.45053938863597,,B,vapour_pressure,W1
Lucknow,2005-2014,ALL,ref_audited,cand_C,deployable candidate,3651,3649,0.14423302150565512,0.7337955505255991,1.0356061435843757,0.9792977554796385,0.06911133494782007,-0.17899852841512853,-0.43732187553059987,-1.1485568451951664,37,-1.9652493341534916,PASS,C,input_consistent_daily_rh,C1
Lucknow,2005-2014,DJF,ref_audited,cand_C,deployable candidate,901,899,0.23103307876710308,0.7895071257000268,1.0188133945430455,0.9308270763493369,0.4845981237611454,-0.2251697301394202,-0.1713521237111415,-0.19395462535823427,9,-1.7160072607957584,,C,input_consistent_daily_rh,C1
Lucknow,2005-2014,MAM,ref_audited,cand_C,deployable candidate,920,920,0.019041429989624888,0.9560865853491407,1.2764425764285512,0.9358434512352518,0.10914422158549542,-1.0655869321005653,-1.4286458337885435,-1.579173628186858,10,-2.1370117283813785,,C,input_consistent_daily_rh,C1
Lucknow,2005-2014,JJAS,ref_audited,cand_C,deployable candidate,1220,1220,0.10914736884741257,0.5130477836686396,0.807023612282077,0.924255243987477,0.3027046463863883,-0.1827855996292982,-0.6754847498466674,-1.1637435285016338,13,-2.0358613088565587,,C,input_consistent_daily_rh,C1
Lucknow,2005-2014,ON,ref_audited,cand_C,deployable candidate,610,610,0.27529451160362556,0.888031262970145,1.061087963117017,0.9522899231284104,0.21031963955564947,-0.13601125116917956,-0.29295428051041483,-0.5218456855545739,7,-1.1171501682104983,,C,input_consistent_daily_rh,C1
Lucknow,2005-2014,ALL,ref_audited,cand_D,deployable candidate,3651,3649,-0.17835933727580974,0.5937233444262802,1.0519678780876978,0.9786280108510178,-0.23285088209968308,-0.4346046007814621,-0.725337466496093,-1.4932411846415334,37,-2.294744620212937,PASS,D,input_consistent_daily_rh,W1
Lucknow,2005-2014,DJF,ref_audited,cand_D,deployable candidate,901,899,-0.15481861812080552,0.5835870437088033,1.0224978726255405,0.9283142709053026,0.07329111126227872,-0.6235145537154736,-0.6441042155834147,-0.6280367210910853,9,-2.2806718878199805,,D,input_consistent_daily_rh,W1
Lucknow,2005-2014,MAM,ref_audited,cand_D,deployable candidate,920,920,-0.39513141435168425,0.7443891625728156,1.3507774376563821,0.9336052442647558,-0.3388079641437116,-1.478347374467127,-1.881122039252034,-1.868780016649076,10,-2.471743268622788,,D,input_consistent_daily_rh,W1
Lucknow,2005-2014,JJAS,ref_audited,cand_D,deployable candidate,1220,1220,-0.07226692942531712,0.4510711738510622,0.7958344971424464,0.9252578292174254,0.10774632757417635,-0.4511584533494428,-0.9359754818881143,-1.4813611183076105,13,-2.365797458249233,,D,input_consistent_daily_rh,W1
Lucknow,2005-2014,ON,ref_audited,cand_D,deployable candidate,610,610,-0.09830283430555592,0.7281276475530944,1.0297924810032533,0.9519191576857435,-0.1262861477409274,-0.3829797715467578,-0.6275180770500981,-0.8309029405158768,7,-1.4731008729304773,,D,input_consistent_daily_rh,W1
Lucknow,2005-2014,ALL,ref_R3_midpoint,cand_A,deployable candidate,3651,3649,0.3052885353593168,0.7956162994043439,1.0240648245138884,0.9813482355446851,0.141742621106971,-0.0033581819341392816,-0.18553818814062595,-0.8731101183728214,37,-1.6113829302022564,PASS,A,vapour_pressure,C1
Lucknow,2005-2014,DJF,ref_R3_midpoint,cand_A,deployable candidate,901,899,0.4184605166991725,0.8799745972042956,1.037621111197242,0.9370860636149877,0.6002947637373381,-0.058722632110242756,-0.00808246873806695,0.0801714021526223,9,-1.3067589330884555,,A,vapour_pressure,C1
Lucknow,2005-2014,MAM,ref_R3_midpoint,cand_A,deployable candidate,920,920,0.32041705176094604,1.022125603372956,1.221255855137094,0.943642923201944,0.41391128623803297,-0.6802291857231495,-1.1167269282524614,-0.9087836518611709,10,-1.726237842575216,,A,vapour_pressure,C1
Lucknow,2005-2014,JJAS,ref_R3_midpoint,cand_A,deployable candidate,1220,1220,0.16976318006244007,0.5392216846220776,0.8085424329221779,0.9254900564067607,0.3514657054006136,0.0331118894256619,-0.3882541100681536,-0.8575228343692913,13,-1.8460009784389644,,A,vapour_pressure,C1
Lucknow,2005-2014,ON,ref_R3_midpoint,cand_A,deployable candidate,610,610,0.38673294052023555,0.9115176977877866,1.0628685868358243,0.95662725015018,0.2387909904905996,-0.0041230730083725575,-0.30892196816980544,-0.5071804686293078,7,-0.7137350232192473,,A,vapour_pressure,C1
Lucknow,2005-2014,ALL,ref_R3_midpoint,cand_B,deployable candidate,3651,3649,-0.017268165406776427,0.6266156614988176,0.9761085716258775,0.9812118603724395,-0.15063543839613658,-0.2551214178648209,-0.4448247087875714,-1.1751697698150707,37,-1.9450534535784143,PASS,B,vapour_pressure,W1
Lucknow,2005-2014,DJF,ref_R3_midpoint,cand_B,deployable candidate,901,899,0.03225090478640363,0.6546580320469957,0.963658883416323,0.9353492629587299,0.1684405517879668,-0.3856057439517606,-0.43618279919149217,-0.37534731340171135,9,-1.8265534669896195,,B,vapour_pressure,W1
Lucknow,2005-2014,MAM,ref_R3_midpoint,cand_B,deployable candidate,920,920,-0.09284054551795096,0.8174022756128068,1.195510792592353,0.9418679916509219,-0.02661172632676312,-1.0616735492580744,-1.5240440749279287,-1.2576193924753056,10,-2.057373202310248,,B,vapour_pressure,W1
Lucknow,2005-2014,JJAS,ref_R3_midpoint,cand_B,deployable candidate,1220,1220,-0.011950209421936982,0.4754178166471661,0.7743343467559066,0.9269781539029085,0.16260291850684894,-0.2375878217557741,-0.6856772514157612,-1.177995107985808,13,-2.198522639131297,,B,vapour_pressure,W1
Lucknow,2005-2014,ON,ref_R3_midpoint,cand_B,deployable candidate,610,610,0.013094194096678616,0.7250437866613595,0.9880155506991325,0.95650457791874,-0.15932546627905708,-0.30516129419441285,-0.6408587114952411,-0.9228965747460407,7,-1.0670456476271641,,B,vapour_pressure,W1
Lucknow,2005-2014,ALL,ref_R3_midpoint,cand_C,deployable candidate,3651,3649,0.3332012979834631,0.7936630056051399,1.0276500528758374,0.9816231256409298,0.19892914212857704,0.03640390807756688,-0.14096547082245792,-0.7908785214576284,37,-1.6199849661267358,PASS,C,input_consistent_daily_rh,C1
Lucknow,2005-2014,DJF,ref_R3_midpoint,cand_C,deployable candidate,901,899,0.4730389071373076,0.9310491709416056,1.0715286276924652,0.9357450373584216,0.6325944737908458,0.02372569403966196,0.04699379031787032,-0.009473648249084476,9,-1.4751060134930754,,C,input_consistent_daily_rh,C1
Lucknow,2005-2014,MAM,ref_R3_midpoint,cand_C,deployable candidate,920,920,0.22220390517277053,0.9681481023781089,1.189025159785514,0.9444213631989594,0.2987740622414492,-0.7131034988089482,-1.1843367481713756,-0.9951540772501062,10,-1.788297636524834,,C,input_consistent_daily_rh,C1
Lucknow,2005-2014,JJAS,ref_R3_midpoint,cand_C,deployable candidate,1220,1220,0.27903066218363265,0.5714127152787398,0.8092699551295792,0.9301590558167624,0.466034059126855,0.07647621018827522,-0.4285337521819983,-0.856764287498045,13,-1.8388839953577452,,C,input_consistent_daily_rh,C1
Lucknow,2005-2014,ON,ref_R3_midpoint,cand_C,deployable candidate,610,610,0.40285993147907617,0.9244532444269566,1.0877059775549371,0.9549442335109428,0.24750853411862295,-0.04828027469022089,-0.283955560248927,-0.526666143615067,7,-0.7362783067029,,C,input_consistent_daily_rh,C1
Lucknow,2005-2014,ALL,ref_R3_midpoint,cand_D,deployable candidate,3651,3649,0.010608939201998246,0.6313584967706447,0.9836609697000277,0.9809336938304462,-0.1030330749189261,-0.2192021642887667,-0.42898106178795103,-1.1355628609039954,37,-1.9538003576137757,PASS,D,input_consistent_daily_rh,W1
Lucknow,2005-2014,DJF,ref_R3_midpoint,cand_D,deployable candidate,901,899,0.08718721024939903,0.6736233342751348,0.9844777718912234,0.9333022629174516,0.22128746129197907,-0.3746191295363914,-0.42575830155440286,-0.44355574398193554,9,-1.9969468558676278,,D,input_consistent_daily_rh,W1
Lucknow,2005-2014,MAM,ref_R3_midpoint,cand_D,deployable candidate,920,920,-0.1919689391685386,0.757658274519514,1.2035546982213001,0.9417592553918747,-0.14917812348775783,-1.1258639411755098,-1.6368129536348661,-1.2847604657123242,10,-2.1198775476948697,,D,input_consistent_daily_rh,W1
Lucknow,2005-2014,JJAS,ref_R3_midpoint,cand_D,deployable candidate,1220,1220,0.09761636391090295,0.4837850102043717,0.7587077720828715,0.9308653163445562,0.2710757403146431,-0.19189664353186942,-0.6890244842234452,-1.1743818773040218,13,-2.1909374097655157,,D,input_consistent_daily_rh,W1
Lucknow,2005-2014,ON,ref_R3_midpoint,cand_D,deployable candidate,610,610,0.029262585569894733,0.7358872776642897,1.0118042164662766,0.9544584277063914,-0.08909725317795392,-0.2952487950677991,-0.6185193567886103,-0.8357233985763699,7,-1.089792138424205,,D,input_consistent_daily_rh,W1
Lucknow,2005-2014,ALL,ref_audited,ref_R3_midpoint,reference versus reference,3651,3650,-0.18907820637217027,0.17681201579034678,0.3035823295475145,0.9988871414127112,-0.1287557624617932,-0.21568008747712497,-0.29639162380806994,-0.3574667568458594,37,-0.3844359768048109,PASS,,,
Shimla,2005-2014,ALL,ref_audited,cand_A,deployable candidate,3651,3649,0.3437522406422336,0.9025507051204045,1.1277002612597538,0.9778278989375893,0.2850805938260237,0.767308244637114,0.6859064040736591,0.33470775268983743,37,-0.5113910379726837,PASS,A,vapour_pressure,C1
Shimla,2005-2014,DJF,ref_audited,cand_A,deployable candidate,901,899,-0.16980958291457612,0.7076606659856566,1.1240219207283006,0.9164002219842997,-0.07088122128556051,0.06247409115752589,0.06711730664905957,-0.23869050582485585,9,-0.8651993575044483,,A,vapour_pressure,C1
Shimla,2005-2014,MAM,ref_audited,cand_A,deployable candidate,920,920,0.3422625107947025,0.941429310275737,1.1856740917977702,0.9214962281356698,0.33924905771459635,0.3622718507618359,0.44736600949928373,0.10827409755361117,10,-1.2738257572454927,,A,vapour_pressure,C1
Shimla,2005-2014,JJAS,ref_audited,cand_A,deployable candidate,1220,1220,0.6283159646022063,0.9682206477646957,1.1094000692713564,0.8578408793192454,0.7156002106293897,0.5891890814807752,0.5714118443590301,0.051267621261612106,13,-0.7325402473753946,,A,vapour_pressure,C1
Shimla,2005-2014,ON,ref_audited,cand_A,deployable candidate,610,610,0.5337438596686824,0.9440736694647853,1.0786663986013731,0.9241489637758851,0.5616452108828298,0.6248205022401265,0.5895505709671127,0.3254103708973055,7,-0.1339446813498252,,A,vapour_pressure,C1
Shimla,2005-2014,ALL,ref_audited,cand_B,deployable candidate,3651,3649,-0.09062392708706274,0.7279301032390322,1.0935925561099833,0.978184579605057,-0.17277720672512942,0.49197520222305613,0.3743222620991453,0.047399820644411506,37,-0.8172626584047232,PASS,B,vapour_pressure,W1
Shimla,2005-2014,DJF,ref_audited,cand_B,deployable candidate,901,899,-0.6903209256865293,0.7296544696048954,1.3189590549209687,0.9105578102115683,-0.6588319173811215,-0.5579309823478624,-0.5878020636291019,-0.743547907129944,9,-1.435142394260418,,B,vapour_pressure,W1
Shimla,2005-2014,MAM,ref_audited,cand_B,deployable candidate,920,920,-0.1603096888439049,0.6650118480497724,1.1369315844532915,0.9223593924213724,-0.13085041493161498,-0.1328610807802626,-0.02219426978120609,-0.32983675679351165,10,-1.7398566094278691,,B,vapour_pressure,W1
Shimla,2005-2014,JJAS,ref_audited,cand_B,deployable candidate,1220,1220,0.33910671399575415,0.7538184064826794,0.9346419769452207,0.8677299484191305,0.4150424051195216,0.26501605939425943,0.2684470262551457,-0.2562693693601936,13,-1.0331831211731723,,B,vapour_pressure,W1
Shimla,2005-2014,ON,ref_audited,cand_B,deployable candidate,610,610,0.03883036870995138,0.7455872830350074,0.9453179533278426,0.924350966103368,0.03501705163782276,0.2985898432497116,0.26859591013372963,-0.08090305481423954,7,-0.5445271255731541,,B,vapour_pressure,W1
Shimla,2005-2014,ALL,ref_audited,cand_C,deployable candidate,3651,3649,0.35436465015723656,0.866583619759524,1.124545541406551,0.9785852296652071,0.1897012456292373,0.8836442302207139,0.8529012434006731,0.6136773526479651,37,-0.07260528306502496,PASS,C,input_consistent_daily_rh,C1
Shimla,2005-2014,DJF,ref_audited,cand_C,deployable candidate,901,899,-0.15814245862637566,0.7208993240155905,1.131662265342457,0.9144575085287706,-0.04623270267006774,0.03857004624169491,-0.0028730023429979212,-0.27891810868714373,9,-0.8948552550561177,,C,input_consistent_daily_rh,C1
Shimla,2005-2014,MAM,ref_audited,cand_C,deployable candidate,920,920,0.21141854090835532,0.8257236165269717,1.1301673692769048,0.9235535766967717,0.21225183813248805,0.20086049290830488,0.2483769618233609,-0.1075571187674349,10,-1.419242242369836,,C,input_consistent_daily_rh,C1
Shimla,2005-2014,JJAS,ref_audited,cand_C,deployable candidate,1220,1220,0.742586351644256,0.9544156243305224,1.12684487634447,0.8822335157644812,0.8492787808380058,0.7522940438360806,0.7678507078329133,0.36025172539246597,13,-0.323298858056568,,C,input_consistent_daily_rh,C1
Shimla,2005-2014,ON,ref_audited,cand_C,deployable candidate,610,610,0.5488299542412931,0.9416090280428193,1.1006670310241813,0.9216088358716296,0.5820050094810085,0.7715860025924108,0.6292768084967761,0.4547917340035035,7,-0.14777451141420833,,C,input_consistent_daily_rh,C1
Shimla,2005-2014,ALL,ref_audited,cand_D,deployable candidate,3651,3649,-0.08014012926537818,0.7195983861407171,1.100208070567515,0.9784227305172103,-0.25580057306746085,0.6122390238734035,0.5802818268590606,0.3199025789839176,37,-0.3741019879513656,PASS,D,input_consistent_daily_rh,W1
Shimla,2005-2014,DJF,ref_audited,cand_D,deployable candidate,901,899,-0.6785711742153261,0.7440476848058211,1.3238687153689153,0.9081365501212912,-0.6170662766878081,-0.5816013159191336,-0.5600525673651156,-0.8506659399017487,9,-1.4664077158859894,,D,input_consistent_daily_rh,W1
Shimla,2005-2014,MAM,ref_audited,cand_D,deployable candidate,920,920,-0.2930301864177217,0.63462567554663,1.1481213152655847,0.9232627681037835,-0.33126073482944207,-0.31149959728851684,-0.23126309318800153,-0.5427794381780373,10,-1.8874243424334451,,D,input_consistent_daily_rh,W1
Shimla,2005-2014,JJAS,ref_audited,cand_D,deployable candidate,1220,1220,0.45419326985586583,0.7426527216084935,0.9319167803058238,0.8890646284261454,0.5297714351220577,0.446423637230275,0.46007504239184627,0.048721401940248654,13,-0.6204332238590863,,D,input_consistent_daily_rh,W1
Shimla,2005-2014,ON,ref_audited,cand_D,deployable candidate,610,610,0.05422317411534586,0.7484326714969995,0.9658832761055323,0.9213871995257752,0.06184910606432936,0.40044152050001003,0.3500291978606782,0.12823193638165264,7,-0.5592807444907878,,D,input_consistent_daily_rh,W1
Shimla,2005-2014,ALL,ref_R3_midpoint,cand_A,deployable candidate,3651,3649,0.46348787403413183,0.935634164902865,1.1507752101798256,0.9787205541211964,0.4201805708470374,0.8882388014773248,0.757571092624346,0.6189639402352576,37,-0.3169823579374599,PASS,A,vapour_pressure,C1
Shimla,2005-2014,DJF,ref_R3_midpoint,cand_A,deployable candidate,901,899,-0.054310306180081015,0.7899043214142694,1.1127139581858927,0.9176459185431303,0.03216680979232933,-0.06623012949313534,0.020268707196311908,-0.05953846011349384,9,-0.9627585148143427,,A,vapour_pressure,C1
Shimla,2005-2014,MAM,ref_R3_midpoint,cand_A,deployable candidate,920,920,0.49328814319063385,0.9753803471430444,1.1959901629686924,0.9280997469788629,0.5110206840507203,0.5278178612082165,0.4866934789171644,0.3566373408284029,10,-1.0565751524177187,,A,vapour_pressure,C1
Shimla,2005-2014,JJAS,ref_R3_midpoint,cand_A,deployable candidate,1220,1220,0.7461301309448986,1.0096337278538385,1.1617341191662247,0.8645294764341214,0.8317465735479175,0.8025488723544001,0.7041781721358333,0.2077626857920052,13,-0.5530367575075624,,A,vapour_pressure,C1
Shimla,2005-2014,ON,ref_R3_midpoint,cand_A,deployable candidate,610,610,0.6163743706857059,0.9491438819652274,1.113791944452702,0.9247451924135683,0.6775286797769411,0.8011431578829189,0.7684638021774859,0.6188105354389712,7,0.3750563826444022,,A,vapour_pressure,C1
Shimla,2005-2014,ALL,ref_R3_midpoint,cand_B,deployable candidate,3651,3649,0.029111706304835564,0.7580252816065922,1.0745902438042905,0.9788487827219693,-0.03767722970411569,0.6129057590632669,0.4459869506498322,0.33165600818983165,37,-0.6207159374668226,PASS,B,vapour_pressure,W1
Shimla,2005-2014,DJF,ref_R3_midpoint,cand_B,deployable candidate,901,899,-0.574821648952034,0.788143160062134,1.2689134947536205,0.911627275609192,-0.5557838863032316,-0.6866352029985237,-0.6346506630818496,-0.564395861418582,9,-1.520973134487949,,B,vapour_pressure,W1
Shimla,2005-2014,MAM,ref_R3_midpoint,cand_B,deployable candidate,920,920,-0.009284056447973562,0.70380745704486,1.0854527662036444,0.928236726043659,0.040921211404508995,0.03268492966611802,0.01713319963667459,-0.0814735135187199,10,-1.5456322308461836,,B,vapour_pressure,W1
Shimla,2005-2014,JJAS,ref_R3_midpoint,cand_B,deployable candidate,1220,1220,0.4569208803384464,0.8047317455370546,0.9638545578446093,0.8736321423201355,0.5311887680380494,0.4783758502678843,0.4012133540319489,-0.09977430482980054,13,-0.8599412739269803,,B,vapour_pressure,W1
Shimla,2005-2014,ON,ref_R3_midpoint,cand_B,deployable candidate,610,610,0.12146087972697493,0.738345618981441,0.9485055141006066,0.9242423090984615,0.15090052053193403,0.474912498892504,0.4475091413441028,0.2124971097274262,7,-0.03987494131456515,,B,vapour_pressure,W1
Shimla,2005-2014,ALL,ref_R3_midpoint,cand_C,deployable candidate,3651,3649,0.4741002835491348,0.9222620543471294,1.155501093803721,0.9791497741523802,0.324801222650251,1.0045747870609247,0.9245659319513599,0.8979335401933852,37,0.12152222817450814,PASS,C,input_consistent_daily_rh,C1
Shimla,2005-2014,DJF,ref_R3_midpoint,cand_C,deployable candidate,901,899,-0.04264318189188056,0.7965467837252618,1.1282294896832106,0.9148421584849141,0.05681532840782211,-0.09013417440896632,-0.049721601795745585,-0.09976606297578172,9,-1.0291451398827514,,C,input_consistent_daily_rh,C1
Shimla,2005-2014,MAM,ref_R3_midpoint,cand_C,deployable candidate,920,920,0.3624441733042867,0.8676883999087579,1.1330355299909118,0.929018939181313,0.384023464468612,0.3664065033546855,0.28770443124124156,0.14080612450735686,10,-1.234680490909551,,C,input_consistent_daily_rh,C1
Shimla,2005-2014,JJAS,ref_R3_midpoint,cand_C,deployable candidate,1220,1220,0.8604005179869483,1.034305735187587,1.198246505788809,0.8857910719130373,0.9654251437565335,0.9656538347097054,0.9006170356097165,0.516746789922859,13,-0.11627161544391985,,C,input_consistent_daily_rh,C1
Shimla,2005-2014,ON,ref_R3_midpoint,cand_C,deployable candidate,610,610,0.6314604652583167,0.9790953815345631,1.1416164720713493,0.9211105184277577,0.6978884783751198,0.9479086582352032,0.8081900397071493,0.7481918985451692,7,0.3631504353590945,,C,input_consistent_daily_rh,C1
Shimla,2005-2014,ALL,ref_R3_midpoint,cand_D,deployable candidate,3651,3649,0.03959550412652012,0.7597906126677003,1.0896691762536674,0.9787606010244142,-0.12070059604644712,0.7331695807136143,0.6519465154097475,0.6041587665293378,37,-0.17781971365413202,PASS,D,input_consistent_daily_rh,W1
Shimla,2005-2014,DJF,ref_R3_midpoint,cand_D,deployable candidate,901,899,-0.5630718974808311,0.8018342762837278,1.2809799125908428,0.9082977985717567,-0.5140182456099183,-0.7103055365697948,-0.6069011668178632,-0.6715138941903867,9,-1.5888304127090451,,D,input_consistent_daily_rh,W1
Shimla,2005-2014,MAM,ref_R3_midpoint,cand_D,deployable candidate,920,920,-0.14200455402179038,0.6681326991874812,1.0887284101751054,0.9279695498006346,-0.1594891084933181,-0.14595358684213622,-0.19193562377012086,-0.29441619490324555,10,-1.7273635802067246,,D,input_consistent_daily_rh,W1
Shimla,2005-2014,JJAS,ref_R3_midpoint,cand_D,deployable candidate,1220,1220,0.5720074361985581,0.7876019355676931,0.9856282508044872,0.8917564809251751,0.6459177980405855,0.6597834281038999,0.5928413701686495,0.20521646647064173,13,-0.4188865300657548,,D,input_consistent_daily_rh,W1
Shimla,2005-2014,ON,ref_R3_midpoint,cand_D,deployable candidate,610,610,0.1368536851323694,0.775459411269992,0.9766787784948896,0.9201931911719899,0.17773257495844064,0.5767641761428024,0.5289424290710514,0.4216321009233184,7,-0.05269053320366116,,D,input_consistent_daily_rh,W1
Shimla,2005-2014,ALL,ref_audited,ref_R3_midpoint,reference versus reference,3651,3650,-0.11967372087901207,0.21121088034999502,0.37235868817684664,0.9972579474863346,-0.1317073271521565,-0.12141993456514655,-0.07088372051957847,-0.28418669393697016,37,-0.32288776515084106,PASS,,,
