site,window,reference,candidate,candidate_id,threshold_c,year,reference_count,candidate_count,signed_error,absolute_error,window_mean_gate,gate_tolerance_per_year,outside_tolerance
Bikaner,1990-2004,ref_audited,cand_A,A,28.0,1991,184.0,180.0,-4.0,4.0,PASS,38.78461538461539,False
Bikaner,1990-2004,ref_audited,cand_A,A,28.0,1992,176.0,179.0,3.0,3.0,PASS,38.78461538461539,False
Bikaner,1990-2004,ref_audited,cand_A,A,28.0,1993,197.0,189.0,-8.0,8.0,PASS,38.78461538461539,False
Bikaner,1990-2004,ref_audited,cand_A,A,28.0,1994,196.0,185.0,-11.0,11.0,PASS,38.78461538461539,False
Bikaner,1990-2004,ref_audited,cand_A,A,28.0,1995,191.0,199.0,8.0,8.0,PASS,38.78461538461539,False
Bikaner,1990-2004,ref_audited,cand_A,A,28.0,1996,184.0,191.0,7.0,7.0,PASS,38.78461538461539,False
Bikaner,1990-2004,ref_audited,cand_A,A,28.0,1997,181.0,180.0,-1.0,1.0,PASS,38.78461538461539,False
Bikaner,1990-2004,ref_audited,cand_A,A,28.0,1998,201.0,199.0,-2.0,2.0,PASS,38.78461538461539,False
Bikaner,1990-2004,ref_audited,cand_A,A,28.0,1999,202.0,197.0,-5.0,5.0,PASS,38.78461538461539,False
Bikaner,1990-2004,ref_audited,cand_A,A,28.0,2000,204.0,209.0,5.0,5.0,PASS,38.78461538461539,False
Bikaner,1990-2004,ref_audited,cand_A,A,28.0,2001,201.0,199.0,-2.0,2.0,PASS,38.78461538461539,False
Bikaner,1990-2004,ref_audited,cand_A,A,28.0,2002,203.0,209.0,6.0,6.0,PASS,38.78461538461539,False
Bikaner,1990-2004,ref_audited,cand_A,A,28.0,2003,201.0,193.0,-8.0,8.0,PASS,38.78461538461539,False
Bikaner,1990-2004,ref_audited,cand_A,A,30.0,1991,138.0,137.0,-1.0,1.0,PASS,30.261538461538464,False
Bikaner,1990-2004,ref_audited,cand_A,A,30.0,1992,126.0,125.0,-1.0,1.0,PASS,30.261538461538464,False
Bikaner,1990-2004,ref_audited,cand_A,A,30.0,1993,159.0,160.0,1.0,1.0,PASS,30.261538461538464,False
Bikaner,1990-2004,ref_audited,cand_A,A,30.0,1994,139.0,133.0,-6.0,6.0,PASS,30.261538461538464,False
Bikaner,1990-2004,ref_audited,cand_A,A,30.0,1995,152.0,157.0,5.0,5.0,PASS,30.261538461538464,False
Bikaner,1990-2004,ref_audited,cand_A,A,30.0,1996,137.0,149.0,12.0,12.0,PASS,30.261538461538464,False
Bikaner,1990-2004,ref_audited,cand_A,A,30.0,1997,132.0,132.0,0.0,0.0,PASS,30.261538461538464,False
Bikaner,1990-2004,ref_audited,cand_A,A,30.0,1998,177.0,180.0,3.0,3.0,PASS,30.261538461538464,False
Bikaner,1990-2004,ref_audited,cand_A,A,30.0,1999,161.0,163.0,2.0,2.0,PASS,30.261538461538464,False
Bikaner,1990-2004,ref_audited,cand_A,A,30.0,2000,169.0,177.0,8.0,8.0,PASS,30.261538461538464,False
Bikaner,1990-2004,ref_audited,cand_A,A,30.0,2001,160.0,169.0,9.0,9.0,PASS,30.261538461538464,False
Bikaner,1990-2004,ref_audited,cand_A,A,30.0,2002,167.0,164.0,-3.0,3.0,PASS,30.261538461538464,False
Bikaner,1990-2004,ref_audited,cand_A,A,30.0,2003,150.0,155.0,5.0,5.0,PASS,30.261538461538464,False
Bikaner,1990-2004,ref_audited,cand_A,A,32.0,1991,74.0,88.0,14.0,14.0,FAIL,14.523076923076923,False
Bikaner,1990-2004,ref_audited,cand_A,A,32.0,1992,66.0,80.0,14.0,14.0,FAIL,14.523076923076923,False
Bikaner,1990-2004,ref_audited,cand_A,A,32.0,1993,79.0,92.0,13.0,13.0,FAIL,14.523076923076923,False
Bikaner,1990-2004,ref_audited,cand_A,A,32.0,1994,67.0,84.0,17.0,17.0,FAIL,14.523076923076923,True
Bikaner,1990-2004,ref_audited,cand_A,A,32.0,1995,70.0,77.0,7.0,7.0,FAIL,14.523076923076923,False
Bikaner,1990-2004,ref_audited,cand_A,A,32.0,1996,62.0,77.0,15.0,15.0,FAIL,14.523076923076923,True
Bikaner,1990-2004,ref_audited,cand_A,A,32.0,1997,67.0,82.0,15.0,15.0,FAIL,14.523076923076923,True
Bikaner,1990-2004,ref_audited,cand_A,A,32.0,1998,98.0,126.0,28.0,28.0,FAIL,14.523076923076923,True
Bikaner,1990-2004,ref_audited,cand_A,A,32.0,1999,54.0,82.0,28.0,28.0,FAIL,14.523076923076923,True
Bikaner,1990-2004,ref_audited,cand_A,A,32.0,2000,79.0,94.0,15.0,15.0,FAIL,14.523076923076923,True
Bikaner,1990-2004,ref_audited,cand_A,A,32.0,2001,70.0,88.0,18.0,18.0,FAIL,14.523076923076923,True
Bikaner,1990-2004,ref_audited,cand_A,A,32.0,2002,78.0,110.0,32.0,32.0,FAIL,14.523076923076923,True
Bikaner,1990-2004,ref_audited,cand_A,A,32.0,2003,80.0,101.0,21.0,21.0,FAIL,14.523076923076923,True
Bikaner,1990-2004,ref_audited,cand_B,B,28.0,1991,184.0,174.0,-10.0,10.0,PASS,38.78461538461539,False
Bikaner,1990-2004,ref_audited,cand_B,B,28.0,1992,176.0,170.0,-6.0,6.0,PASS,38.78461538461539,False
Bikaner,1990-2004,ref_audited,cand_B,B,28.0,1993,197.0,188.0,-9.0,9.0,PASS,38.78461538461539,False
Bikaner,1990-2004,ref_audited,cand_B,B,28.0,1994,196.0,180.0,-16.0,16.0,PASS,38.78461538461539,False
Bikaner,1990-2004,ref_audited,cand_B,B,28.0,1995,191.0,189.0,-2.0,2.0,PASS,38.78461538461539,False
Bikaner,1990-2004,ref_audited,cand_B,B,28.0,1996,184.0,186.0,2.0,2.0,PASS,38.78461538461539,False
Bikaner,1990-2004,ref_audited,cand_B,B,28.0,1997,181.0,175.0,-6.0,6.0,PASS,38.78461538461539,False
Bikaner,1990-2004,ref_audited,cand_B,B,28.0,1998,201.0,193.0,-8.0,8.0,PASS,38.78461538461539,False
Bikaner,1990-2004,ref_audited,cand_B,B,28.0,1999,202.0,191.0,-11.0,11.0,PASS,38.78461538461539,False
Bikaner,1990-2004,ref_audited,cand_B,B,28.0,2000,204.0,198.0,-6.0,6.0,PASS,38.78461538461539,False
Bikaner,1990-2004,ref_audited,cand_B,B,28.0,2001,201.0,194.0,-7.0,7.0,PASS,38.78461538461539,False
Bikaner,1990-2004,ref_audited,cand_B,B,28.0,2002,203.0,204.0,1.0,1.0,PASS,38.78461538461539,False
Bikaner,1990-2004,ref_audited,cand_B,B,28.0,2003,201.0,190.0,-11.0,11.0,PASS,38.78461538461539,False
Bikaner,1990-2004,ref_audited,cand_B,B,30.0,1991,138.0,127.0,-11.0,11.0,PASS,30.261538461538464,False
Bikaner,1990-2004,ref_audited,cand_B,B,30.0,1992,126.0,121.0,-5.0,5.0,PASS,30.261538461538464,False
Bikaner,1990-2004,ref_audited,cand_B,B,30.0,1993,159.0,155.0,-4.0,4.0,PASS,30.261538461538464,False
Bikaner,1990-2004,ref_audited,cand_B,B,30.0,1994,139.0,130.0,-9.0,9.0,PASS,30.261538461538464,False
Bikaner,1990-2004,ref_audited,cand_B,B,30.0,1995,152.0,152.0,0.0,0.0,PASS,30.261538461538464,False
Bikaner,1990-2004,ref_audited,cand_B,B,30.0,1996,137.0,141.0,4.0,4.0,PASS,30.261538461538464,False
Bikaner,1990-2004,ref_audited,cand_B,B,30.0,1997,132.0,128.0,-4.0,4.0,PASS,30.261538461538464,False
Bikaner,1990-2004,ref_audited,cand_B,B,30.0,1998,177.0,174.0,-3.0,3.0,PASS,30.261538461538464,False
Bikaner,1990-2004,ref_audited,cand_B,B,30.0,1999,161.0,156.0,-5.0,5.0,PASS,30.261538461538464,False
Bikaner,1990-2004,ref_audited,cand_B,B,30.0,2000,169.0,173.0,4.0,4.0,PASS,30.261538461538464,False
Bikaner,1990-2004,ref_audited,cand_B,B,30.0,2001,160.0,162.0,2.0,2.0,PASS,30.261538461538464,False
Bikaner,1990-2004,ref_audited,cand_B,B,30.0,2002,167.0,156.0,-11.0,11.0,PASS,30.261538461538464,False
Bikaner,1990-2004,ref_audited,cand_B,B,30.0,2003,150.0,148.0,-2.0,2.0,PASS,30.261538461538464,False
Bikaner,1990-2004,ref_audited,cand_B,B,32.0,1991,74.0,78.0,4.0,4.0,PASS,14.523076923076923,False
Bikaner,1990-2004,ref_audited,cand_B,B,32.0,1992,66.0,72.0,6.0,6.0,PASS,14.523076923076923,False
Bikaner,1990-2004,ref_audited,cand_B,B,32.0,1993,79.0,81.0,2.0,2.0,PASS,14.523076923076923,False
Bikaner,1990-2004,ref_audited,cand_B,B,32.0,1994,67.0,81.0,14.0,14.0,PASS,14.523076923076923,False
Bikaner,1990-2004,ref_audited,cand_B,B,32.0,1995,70.0,70.0,0.0,0.0,PASS,14.523076923076923,False
Bikaner,1990-2004,ref_audited,cand_B,B,32.0,1996,62.0,70.0,8.0,8.0,PASS,14.523076923076923,False
Bikaner,1990-2004,ref_audited,cand_B,B,32.0,1997,67.0,73.0,6.0,6.0,PASS,14.523076923076923,False
Bikaner,1990-2004,ref_audited,cand_B,B,32.0,1998,98.0,118.0,20.0,20.0,PASS,14.523076923076923,True
Bikaner,1990-2004,ref_audited,cand_B,B,32.0,1999,54.0,72.0,18.0,18.0,PASS,14.523076923076923,True
Bikaner,1990-2004,ref_audited,cand_B,B,32.0,2000,79.0,90.0,11.0,11.0,PASS,14.523076923076923,False
Bikaner,1990-2004,ref_audited,cand_B,B,32.0,2001,70.0,82.0,12.0,12.0,PASS,14.523076923076923,False
Bikaner,1990-2004,ref_audited,cand_B,B,32.0,2002,78.0,103.0,25.0,25.0,PASS,14.523076923076923,True
Bikaner,1990-2004,ref_audited,cand_B,B,32.0,2003,80.0,89.0,9.0,9.0,PASS,14.523076923076923,False
Bikaner,1990-2004,ref_audited,cand_C,C,28.0,1991,184.0,179.0,-5.0,5.0,PASS,38.78461538461539,False
Bikaner,1990-2004,ref_audited,cand_C,C,28.0,1992,176.0,177.0,1.0,1.0,PASS,38.78461538461539,False
Bikaner,1990-2004,ref_audited,cand_C,C,28.0,1993,197.0,189.0,-8.0,8.0,PASS,38.78461538461539,False
Bikaner,1990-2004,ref_audited,cand_C,C,28.0,1994,196.0,181.0,-15.0,15.0,PASS,38.78461538461539,False
Bikaner,1990-2004,ref_audited,cand_C,C,28.0,1995,191.0,195.0,4.0,4.0,PASS,38.78461538461539,False
Bikaner,1990-2004,ref_audited,cand_C,C,28.0,1996,184.0,189.0,5.0,5.0,PASS,38.78461538461539,False
Bikaner,1990-2004,ref_audited,cand_C,C,28.0,1997,181.0,179.0,-2.0,2.0,PASS,38.78461538461539,False
Bikaner,1990-2004,ref_audited,cand_C,C,28.0,1998,201.0,195.0,-6.0,6.0,PASS,38.78461538461539,False
Bikaner,1990-2004,ref_audited,cand_C,C,28.0,1999,202.0,194.0,-8.0,8.0,PASS,38.78461538461539,False
Bikaner,1990-2004,ref_audited,cand_C,C,28.0,2000,204.0,205.0,1.0,1.0,PASS,38.78461538461539,False
Bikaner,1990-2004,ref_audited,cand_C,C,28.0,2001,201.0,198.0,-3.0,3.0,PASS,38.78461538461539,False
Bikaner,1990-2004,ref_audited,cand_C,C,28.0,2002,203.0,207.0,4.0,4.0,PASS,38.78461538461539,False
Bikaner,1990-2004,ref_audited,cand_C,C,28.0,2003,201.0,189.0,-12.0,12.0,PASS,38.78461538461539,False
Bikaner,1990-2004,ref_audited,cand_C,C,30.0,1991,138.0,133.0,-5.0,5.0,PASS,30.261538461538464,False
Bikaner,1990-2004,ref_audited,cand_C,C,30.0,1992,126.0,126.0,0.0,0.0,PASS,30.261538461538464,False
Bikaner,1990-2004,ref_audited,cand_C,C,30.0,1993,159.0,159.0,0.0,0.0,PASS,30.261538461538464,False
Bikaner,1990-2004,ref_audited,cand_C,C,30.0,1994,139.0,135.0,-4.0,4.0,PASS,30.261538461538464,False
Bikaner,1990-2004,ref_audited,cand_C,C,30.0,1995,152.0,156.0,4.0,4.0,PASS,30.261538461538464,False
Bikaner,1990-2004,ref_audited,cand_C,C,30.0,1996,137.0,147.0,10.0,10.0,PASS,30.261538461538464,False
Bikaner,1990-2004,ref_audited,cand_C,C,30.0,1997,132.0,133.0,1.0,1.0,PASS,30.261538461538464,False
Bikaner,1990-2004,ref_audited,cand_C,C,30.0,1998,177.0,179.0,2.0,2.0,PASS,30.261538461538464,False
Bikaner,1990-2004,ref_audited,cand_C,C,30.0,1999,161.0,160.0,-1.0,1.0,PASS,30.261538461538464,False
Bikaner,1990-2004,ref_audited,cand_C,C,30.0,2000,169.0,176.0,7.0,7.0,PASS,30.261538461538464,False
Bikaner,1990-2004,ref_audited,cand_C,C,30.0,2001,160.0,168.0,8.0,8.0,PASS,30.261538461538464,False
Bikaner,1990-2004,ref_audited,cand_C,C,30.0,2002,167.0,162.0,-5.0,5.0,PASS,30.261538461538464,False
Bikaner,1990-2004,ref_audited,cand_C,C,30.0,2003,150.0,151.0,1.0,1.0,PASS,30.261538461538464,False
Bikaner,1990-2004,ref_audited,cand_C,C,32.0,1991,74.0,86.0,12.0,12.0,FAIL,14.523076923076923,False
Bikaner,1990-2004,ref_audited,cand_C,C,32.0,1992,66.0,81.0,15.0,15.0,FAIL,14.523076923076923,True
Bikaner,1990-2004,ref_audited,cand_C,C,32.0,1993,79.0,88.0,9.0,9.0,FAIL,14.523076923076923,False
Bikaner,1990-2004,ref_audited,cand_C,C,32.0,1994,67.0,87.0,20.0,20.0,FAIL,14.523076923076923,True
Bikaner,1990-2004,ref_audited,cand_C,C,32.0,1995,70.0,77.0,7.0,7.0,FAIL,14.523076923076923,False
Bikaner,1990-2004,ref_audited,cand_C,C,32.0,1996,62.0,79.0,17.0,17.0,FAIL,14.523076923076923,True
Bikaner,1990-2004,ref_audited,cand_C,C,32.0,1997,67.0,82.0,15.0,15.0,FAIL,14.523076923076923,True
Bikaner,1990-2004,ref_audited,cand_C,C,32.0,1998,98.0,126.0,28.0,28.0,FAIL,14.523076923076923,True
Bikaner,1990-2004,ref_audited,cand_C,C,32.0,1999,54.0,82.0,28.0,28.0,FAIL,14.523076923076923,True
Bikaner,1990-2004,ref_audited,cand_C,C,32.0,2000,79.0,95.0,16.0,16.0,FAIL,14.523076923076923,True
Bikaner,1990-2004,ref_audited,cand_C,C,32.0,2001,70.0,88.0,18.0,18.0,FAIL,14.523076923076923,True
Bikaner,1990-2004,ref_audited,cand_C,C,32.0,2002,78.0,108.0,30.0,30.0,FAIL,14.523076923076923,True
Bikaner,1990-2004,ref_audited,cand_C,C,32.0,2003,80.0,99.0,19.0,19.0,FAIL,14.523076923076923,True
Bikaner,1990-2004,ref_audited,cand_D,D,28.0,1991,184.0,171.0,-13.0,13.0,PASS,38.78461538461539,False
Bikaner,1990-2004,ref_audited,cand_D,D,28.0,1992,176.0,173.0,-3.0,3.0,PASS,38.78461538461539,False
Bikaner,1990-2004,ref_audited,cand_D,D,28.0,1993,197.0,188.0,-9.0,9.0,PASS,38.78461538461539,False
Bikaner,1990-2004,ref_audited,cand_D,D,28.0,1994,196.0,177.0,-19.0,19.0,PASS,38.78461538461539,False
Bikaner,1990-2004,ref_audited,cand_D,D,28.0,1995,191.0,186.0,-5.0,5.0,PASS,38.78461538461539,False
Bikaner,1990-2004,ref_audited,cand_D,D,28.0,1996,184.0,181.0,-3.0,3.0,PASS,38.78461538461539,False
Bikaner,1990-2004,ref_audited,cand_D,D,28.0,1997,181.0,175.0,-6.0,6.0,PASS,38.78461538461539,False
Bikaner,1990-2004,ref_audited,cand_D,D,28.0,1998,201.0,192.0,-9.0,9.0,PASS,38.78461538461539,False
Bikaner,1990-2004,ref_audited,cand_D,D,28.0,1999,202.0,187.0,-15.0,15.0,PASS,38.78461538461539,False
Bikaner,1990-2004,ref_audited,cand_D,D,28.0,2000,204.0,197.0,-7.0,7.0,PASS,38.78461538461539,False
Bikaner,1990-2004,ref_audited,cand_D,D,28.0,2001,201.0,189.0,-12.0,12.0,PASS,38.78461538461539,False
Bikaner,1990-2004,ref_audited,cand_D,D,28.0,2002,203.0,199.0,-4.0,4.0,PASS,38.78461538461539,False
Bikaner,1990-2004,ref_audited,cand_D,D,28.0,2003,201.0,187.0,-14.0,14.0,PASS,38.78461538461539,False
Bikaner,1990-2004,ref_audited,cand_D,D,30.0,1991,138.0,126.0,-12.0,12.0,PASS,30.261538461538464,False
Bikaner,1990-2004,ref_audited,cand_D,D,30.0,1992,126.0,118.0,-8.0,8.0,PASS,30.261538461538464,False
Bikaner,1990-2004,ref_audited,cand_D,D,30.0,1993,159.0,154.0,-5.0,5.0,PASS,30.261538461538464,False
Bikaner,1990-2004,ref_audited,cand_D,D,30.0,1994,139.0,131.0,-8.0,8.0,PASS,30.261538461538464,False
Bikaner,1990-2004,ref_audited,cand_D,D,30.0,1995,152.0,149.0,-3.0,3.0,PASS,30.261538461538464,False
Bikaner,1990-2004,ref_audited,cand_D,D,30.0,1996,137.0,136.0,-1.0,1.0,PASS,30.261538461538464,False
Bikaner,1990-2004,ref_audited,cand_D,D,30.0,1997,132.0,129.0,-3.0,3.0,PASS,30.261538461538464,False
Bikaner,1990-2004,ref_audited,cand_D,D,30.0,1998,177.0,168.0,-9.0,9.0,PASS,30.261538461538464,False
Bikaner,1990-2004,ref_audited,cand_D,D,30.0,1999,161.0,154.0,-7.0,7.0,PASS,30.261538461538464,False
Bikaner,1990-2004,ref_audited,cand_D,D,30.0,2000,169.0,166.0,-3.0,3.0,PASS,30.261538461538464,False
Bikaner,1990-2004,ref_audited,cand_D,D,30.0,2001,160.0,160.0,0.0,0.0,PASS,30.261538461538464,False
Bikaner,1990-2004,ref_audited,cand_D,D,30.0,2002,167.0,153.0,-14.0,14.0,PASS,30.261538461538464,False
Bikaner,1990-2004,ref_audited,cand_D,D,30.0,2003,150.0,145.0,-5.0,5.0,PASS,30.261538461538464,False
Bikaner,1990-2004,ref_audited,cand_D,D,32.0,1991,74.0,77.0,3.0,3.0,PASS,14.523076923076923,False
Bikaner,1990-2004,ref_audited,cand_D,D,32.0,1992,66.0,72.0,6.0,6.0,PASS,14.523076923076923,False
Bikaner,1990-2004,ref_audited,cand_D,D,32.0,1993,79.0,80.0,1.0,1.0,PASS,14.523076923076923,False
Bikaner,1990-2004,ref_audited,cand_D,D,32.0,1994,67.0,83.0,16.0,16.0,PASS,14.523076923076923,True
Bikaner,1990-2004,ref_audited,cand_D,D,32.0,1995,70.0,71.0,1.0,1.0,PASS,14.523076923076923,False
Bikaner,1990-2004,ref_audited,cand_D,D,32.0,1996,62.0,69.0,7.0,7.0,PASS,14.523076923076923,False
Bikaner,1990-2004,ref_audited,cand_D,D,32.0,1997,67.0,72.0,5.0,5.0,PASS,14.523076923076923,False
Bikaner,1990-2004,ref_audited,cand_D,D,32.0,1998,98.0,116.0,18.0,18.0,PASS,14.523076923076923,True
Bikaner,1990-2004,ref_audited,cand_D,D,32.0,1999,54.0,73.0,19.0,19.0,PASS,14.523076923076923,True
Bikaner,1990-2004,ref_audited,cand_D,D,32.0,2000,79.0,83.0,4.0,4.0,PASS,14.523076923076923,False
Bikaner,1990-2004,ref_audited,cand_D,D,32.0,2001,70.0,82.0,12.0,12.0,PASS,14.523076923076923,False
Bikaner,1990-2004,ref_audited,cand_D,D,32.0,2002,78.0,101.0,23.0,23.0,PASS,14.523076923076923,True
Bikaner,1990-2004,ref_audited,cand_D,D,32.0,2003,80.0,87.0,7.0,7.0,PASS,14.523076923076923,False
Bikaner,1990-2004,ref_R3_midpoint,cand_A,A,28.0,1991,177.0,180.0,3.0,3.0,PASS,37.861538461538466,False
Bikaner,1990-2004,ref_R3_midpoint,cand_A,A,28.0,1992,167.0,179.0,12.0,12.0,PASS,37.861538461538466,False
Bikaner,1990-2004,ref_R3_midpoint,cand_A,A,28.0,1993,193.0,189.0,-4.0,4.0,PASS,37.861538461538466,False
Bikaner,1990-2004,ref_R3_midpoint,cand_A,A,28.0,1994,190.0,185.0,-5.0,5.0,PASS,37.861538461538466,False
Bikaner,1990-2004,ref_R3_midpoint,cand_A,A,28.0,1995,189.0,199.0,10.0,10.0,PASS,37.861538461538466,False
Bikaner,1990-2004,ref_R3_midpoint,cand_A,A,28.0,1996,179.0,191.0,12.0,12.0,PASS,37.861538461538466,False
Bikaner,1990-2004,ref_R3_midpoint,cand_A,A,28.0,1997,174.0,180.0,6.0,6.0,PASS,37.861538461538466,False
Bikaner,1990-2004,ref_R3_midpoint,cand_A,A,28.0,1998,201.0,199.0,-2.0,2.0,PASS,37.861538461538466,False
Bikaner,1990-2004,ref_R3_midpoint,cand_A,A,28.0,1999,198.0,197.0,-1.0,1.0,PASS,37.861538461538466,False
Bikaner,1990-2004,ref_R3_midpoint,cand_A,A,28.0,2000,199.0,209.0,10.0,10.0,PASS,37.861538461538466,False
Bikaner,1990-2004,ref_R3_midpoint,cand_A,A,28.0,2001,195.0,199.0,4.0,4.0,PASS,37.861538461538466,False
Bikaner,1990-2004,ref_R3_midpoint,cand_A,A,28.0,2002,201.0,209.0,8.0,8.0,PASS,37.861538461538466,False
Bikaner,1990-2004,ref_R3_midpoint,cand_A,A,28.0,2003,198.0,193.0,-5.0,5.0,PASS,37.861538461538466,False
Bikaner,1990-2004,ref_R3_midpoint,cand_A,A,30.0,1991,129.0,137.0,8.0,8.0,PASS,29.061538461538465,False
Bikaner,1990-2004,ref_R3_midpoint,cand_A,A,30.0,1992,122.0,125.0,3.0,3.0,PASS,29.061538461538465,False
Bikaner,1990-2004,ref_R3_midpoint,cand_A,A,30.0,1993,155.0,160.0,5.0,5.0,PASS,29.061538461538465,False
Bikaner,1990-2004,ref_R3_midpoint,cand_A,A,30.0,1994,129.0,133.0,4.0,4.0,PASS,29.061538461538465,False
Bikaner,1990-2004,ref_R3_midpoint,cand_A,A,30.0,1995,147.0,157.0,10.0,10.0,PASS,29.061538461538465,False
Bikaner,1990-2004,ref_R3_midpoint,cand_A,A,30.0,1996,136.0,149.0,13.0,13.0,PASS,29.061538461538465,False
Bikaner,1990-2004,ref_R3_midpoint,cand_A,A,30.0,1997,129.0,132.0,3.0,3.0,PASS,29.061538461538465,False
Bikaner,1990-2004,ref_R3_midpoint,cand_A,A,30.0,1998,170.0,180.0,10.0,10.0,PASS,29.061538461538465,False
Bikaner,1990-2004,ref_R3_midpoint,cand_A,A,30.0,1999,152.0,163.0,11.0,11.0,PASS,29.061538461538465,False
Bikaner,1990-2004,ref_R3_midpoint,cand_A,A,30.0,2000,162.0,177.0,15.0,15.0,PASS,29.061538461538465,False
Bikaner,1990-2004,ref_R3_midpoint,cand_A,A,30.0,2001,153.0,169.0,16.0,16.0,PASS,29.061538461538465,False
Bikaner,1990-2004,ref_R3_midpoint,cand_A,A,30.0,2002,161.0,164.0,3.0,3.0,PASS,29.061538461538465,False
Bikaner,1990-2004,ref_R3_midpoint,cand_A,A,30.0,2003,144.0,155.0,11.0,11.0,PASS,29.061538461538465,False
Bikaner,1990-2004,ref_R3_midpoint,cand_A,A,32.0,1991,68.0,88.0,20.0,20.0,FAIL,13.015384615384617,True
Bikaner,1990-2004,ref_R3_midpoint,cand_A,A,32.0,1992,60.0,80.0,20.0,20.0,FAIL,13.015384615384617,True
Bikaner,1990-2004,ref_R3_midpoint,cand_A,A,32.0,1993,73.0,92.0,19.0,19.0,FAIL,13.015384615384617,True
Bikaner,1990-2004,ref_R3_midpoint,cand_A,A,32.0,1994,62.0,84.0,22.0,22.0,FAIL,13.015384615384617,True
Bikaner,1990-2004,ref_R3_midpoint,cand_A,A,32.0,1995,64.0,77.0,13.0,13.0,FAIL,13.015384615384617,False
Bikaner,1990-2004,ref_R3_midpoint,cand_A,A,32.0,1996,58.0,77.0,19.0,19.0,FAIL,13.015384615384617,True
Bikaner,1990-2004,ref_R3_midpoint,cand_A,A,32.0,1997,58.0,82.0,24.0,24.0,FAIL,13.015384615384617,True
Bikaner,1990-2004,ref_R3_midpoint,cand_A,A,32.0,1998,86.0,126.0,40.0,40.0,FAIL,13.015384615384617,True
Bikaner,1990-2004,ref_R3_midpoint,cand_A,A,32.0,1999,45.0,82.0,37.0,37.0,FAIL,13.015384615384617,True
Bikaner,1990-2004,ref_R3_midpoint,cand_A,A,32.0,2000,68.0,94.0,26.0,26.0,FAIL,13.015384615384617,True
Bikaner,1990-2004,ref_R3_midpoint,cand_A,A,32.0,2001,58.0,88.0,30.0,30.0,FAIL,13.015384615384617,True
Bikaner,1990-2004,ref_R3_midpoint,cand_A,A,32.0,2002,69.0,110.0,41.0,41.0,FAIL,13.015384615384617,True
Bikaner,1990-2004,ref_R3_midpoint,cand_A,A,32.0,2003,77.0,101.0,24.0,24.0,FAIL,13.015384615384617,True
Bikaner,1990-2004,ref_R3_midpoint,cand_B,B,28.0,1991,177.0,174.0,-3.0,3.0,PASS,37.861538461538466,False
Bikaner,1990-2004,ref_R3_midpoint,cand_B,B,28.0,1992,167.0,170.0,3.0,3.0,PASS,37.861538461538466,False
Bikaner,1990-2004,ref_R3_midpoint,cand_B,B,28.0,1993,193.0,188.0,-5.0,5.0,PASS,37.861538461538466,False
Bikaner,1990-2004,ref_R3_midpoint,cand_B,B,28.0,1994,190.0,180.0,-10.0,10.0,PASS,37.861538461538466,False
Bikaner,1990-2004,ref_R3_midpoint,cand_B,B,28.0,1995,189.0,189.0,0.0,0.0,PASS,37.861538461538466,False
Bikaner,1990-2004,ref_R3_midpoint,cand_B,B,28.0,1996,179.0,186.0,7.0,7.0,PASS,37.861538461538466,False
Bikaner,1990-2004,ref_R3_midpoint,cand_B,B,28.0,1997,174.0,175.0,1.0,1.0,PASS,37.861538461538466,False
Bikaner,1990-2004,ref_R3_midpoint,cand_B,B,28.0,1998,201.0,193.0,-8.0,8.0,PASS,37.861538461538466,False
Bikaner,1990-2004,ref_R3_midpoint,cand_B,B,28.0,1999,198.0,191.0,-7.0,7.0,PASS,37.861538461538466,False
Bikaner,1990-2004,ref_R3_midpoint,cand_B,B,28.0,2000,199.0,198.0,-1.0,1.0,PASS,37.861538461538466,False
Bikaner,1990-2004,ref_R3_midpoint,cand_B,B,28.0,2001,195.0,194.0,-1.0,1.0,PASS,37.861538461538466,False
Bikaner,1990-2004,ref_R3_midpoint,cand_B,B,28.0,2002,201.0,204.0,3.0,3.0,PASS,37.861538461538466,False
Bikaner,1990-2004,ref_R3_midpoint,cand_B,B,28.0,2003,198.0,190.0,-8.0,8.0,PASS,37.861538461538466,False
Bikaner,1990-2004,ref_R3_midpoint,cand_B,B,30.0,1991,129.0,127.0,-2.0,2.0,PASS,29.061538461538465,False
Bikaner,1990-2004,ref_R3_midpoint,cand_B,B,30.0,1992,122.0,121.0,-1.0,1.0,PASS,29.061538461538465,False
Bikaner,1990-2004,ref_R3_midpoint,cand_B,B,30.0,1993,155.0,155.0,0.0,0.0,PASS,29.061538461538465,False
Bikaner,1990-2004,ref_R3_midpoint,cand_B,B,30.0,1994,129.0,130.0,1.0,1.0,PASS,29.061538461538465,False
Bikaner,1990-2004,ref_R3_midpoint,cand_B,B,30.0,1995,147.0,152.0,5.0,5.0,PASS,29.061538461538465,False
Bikaner,1990-2004,ref_R3_midpoint,cand_B,B,30.0,1996,136.0,141.0,5.0,5.0,PASS,29.061538461538465,False
Bikaner,1990-2004,ref_R3_midpoint,cand_B,B,30.0,1997,129.0,128.0,-1.0,1.0,PASS,29.061538461538465,False
Bikaner,1990-2004,ref_R3_midpoint,cand_B,B,30.0,1998,170.0,174.0,4.0,4.0,PASS,29.061538461538465,False
Bikaner,1990-2004,ref_R3_midpoint,cand_B,B,30.0,1999,152.0,156.0,4.0,4.0,PASS,29.061538461538465,False
Bikaner,1990-2004,ref_R3_midpoint,cand_B,B,30.0,2000,162.0,173.0,11.0,11.0,PASS,29.061538461538465,False
Bikaner,1990-2004,ref_R3_midpoint,cand_B,B,30.0,2001,153.0,162.0,9.0,9.0,PASS,29.061538461538465,False
Bikaner,1990-2004,ref_R3_midpoint,cand_B,B,30.0,2002,161.0,156.0,-5.0,5.0,PASS,29.061538461538465,False
Bikaner,1990-2004,ref_R3_midpoint,cand_B,B,30.0,2003,144.0,148.0,4.0,4.0,PASS,29.061538461538465,False
Bikaner,1990-2004,ref_R3_midpoint,cand_B,B,32.0,1991,68.0,78.0,10.0,10.0,FAIL,13.015384615384617,False
Bikaner,1990-2004,ref_R3_midpoint,cand_B,B,32.0,1992,60.0,72.0,12.0,12.0,FAIL,13.015384615384617,False
Bikaner,1990-2004,ref_R3_midpoint,cand_B,B,32.0,1993,73.0,81.0,8.0,8.0,FAIL,13.015384615384617,False
Bikaner,1990-2004,ref_R3_midpoint,cand_B,B,32.0,1994,62.0,81.0,19.0,19.0,FAIL,13.015384615384617,True
Bikaner,1990-2004,ref_R3_midpoint,cand_B,B,32.0,1995,64.0,70.0,6.0,6.0,FAIL,13.015384615384617,False
Bikaner,1990-2004,ref_R3_midpoint,cand_B,B,32.0,1996,58.0,70.0,12.0,12.0,FAIL,13.015384615384617,False
Bikaner,1990-2004,ref_R3_midpoint,cand_B,B,32.0,1997,58.0,73.0,15.0,15.0,FAIL,13.015384615384617,True
Bikaner,1990-2004,ref_R3_midpoint,cand_B,B,32.0,1998,86.0,118.0,32.0,32.0,FAIL,13.015384615384617,True
Bikaner,1990-2004,ref_R3_midpoint,cand_B,B,32.0,1999,45.0,72.0,27.0,27.0,FAIL,13.015384615384617,True
Bikaner,1990-2004,ref_R3_midpoint,cand_B,B,32.0,2000,68.0,90.0,22.0,22.0,FAIL,13.015384615384617,True
Bikaner,1990-2004,ref_R3_midpoint,cand_B,B,32.0,2001,58.0,82.0,24.0,24.0,FAIL,13.015384615384617,True
Bikaner,1990-2004,ref_R3_midpoint,cand_B,B,32.0,2002,69.0,103.0,34.0,34.0,FAIL,13.015384615384617,True
Bikaner,1990-2004,ref_R3_midpoint,cand_B,B,32.0,2003,77.0,89.0,12.0,12.0,FAIL,13.015384615384617,False
Bikaner,1990-2004,ref_R3_midpoint,cand_C,C,28.0,1991,177.0,179.0,2.0,2.0,PASS,37.861538461538466,False
Bikaner,1990-2004,ref_R3_midpoint,cand_C,C,28.0,1992,167.0,177.0,10.0,10.0,PASS,37.861538461538466,False
Bikaner,1990-2004,ref_R3_midpoint,cand_C,C,28.0,1993,193.0,189.0,-4.0,4.0,PASS,37.861538461538466,False
Bikaner,1990-2004,ref_R3_midpoint,cand_C,C,28.0,1994,190.0,181.0,-9.0,9.0,PASS,37.861538461538466,False
Bikaner,1990-2004,ref_R3_midpoint,cand_C,C,28.0,1995,189.0,195.0,6.0,6.0,PASS,37.861538461538466,False
Bikaner,1990-2004,ref_R3_midpoint,cand_C,C,28.0,1996,179.0,189.0,10.0,10.0,PASS,37.861538461538466,False
Bikaner,1990-2004,ref_R3_midpoint,cand_C,C,28.0,1997,174.0,179.0,5.0,5.0,PASS,37.861538461538466,False
Bikaner,1990-2004,ref_R3_midpoint,cand_C,C,28.0,1998,201.0,195.0,-6.0,6.0,PASS,37.861538461538466,False
Bikaner,1990-2004,ref_R3_midpoint,cand_C,C,28.0,1999,198.0,194.0,-4.0,4.0,PASS,37.861538461538466,False
Bikaner,1990-2004,ref_R3_midpoint,cand_C,C,28.0,2000,199.0,205.0,6.0,6.0,PASS,37.861538461538466,False
Bikaner,1990-2004,ref_R3_midpoint,cand_C,C,28.0,2001,195.0,198.0,3.0,3.0,PASS,37.861538461538466,False
Bikaner,1990-2004,ref_R3_midpoint,cand_C,C,28.0,2002,201.0,207.0,6.0,6.0,PASS,37.861538461538466,False
Bikaner,1990-2004,ref_R3_midpoint,cand_C,C,28.0,2003,198.0,189.0,-9.0,9.0,PASS,37.861538461538466,False
Bikaner,1990-2004,ref_R3_midpoint,cand_C,C,30.0,1991,129.0,133.0,4.0,4.0,PASS,29.061538461538465,False
Bikaner,1990-2004,ref_R3_midpoint,cand_C,C,30.0,1992,122.0,126.0,4.0,4.0,PASS,29.061538461538465,False
Bikaner,1990-2004,ref_R3_midpoint,cand_C,C,30.0,1993,155.0,159.0,4.0,4.0,PASS,29.061538461538465,False
Bikaner,1990-2004,ref_R3_midpoint,cand_C,C,30.0,1994,129.0,135.0,6.0,6.0,PASS,29.061538461538465,False
Bikaner,1990-2004,ref_R3_midpoint,cand_C,C,30.0,1995,147.0,156.0,9.0,9.0,PASS,29.061538461538465,False
Bikaner,1990-2004,ref_R3_midpoint,cand_C,C,30.0,1996,136.0,147.0,11.0,11.0,PASS,29.061538461538465,False
Bikaner,1990-2004,ref_R3_midpoint,cand_C,C,30.0,1997,129.0,133.0,4.0,4.0,PASS,29.061538461538465,False
Bikaner,1990-2004,ref_R3_midpoint,cand_C,C,30.0,1998,170.0,179.0,9.0,9.0,PASS,29.061538461538465,False
Bikaner,1990-2004,ref_R3_midpoint,cand_C,C,30.0,1999,152.0,160.0,8.0,8.0,PASS,29.061538461538465,False
Bikaner,1990-2004,ref_R3_midpoint,cand_C,C,30.0,2000,162.0,176.0,14.0,14.0,PASS,29.061538461538465,False
Bikaner,1990-2004,ref_R3_midpoint,cand_C,C,30.0,2001,153.0,168.0,15.0,15.0,PASS,29.061538461538465,False
Bikaner,1990-2004,ref_R3_midpoint,cand_C,C,30.0,2002,161.0,162.0,1.0,1.0,PASS,29.061538461538465,False
Bikaner,1990-2004,ref_R3_midpoint,cand_C,C,30.0,2003,144.0,151.0,7.0,7.0,PASS,29.061538461538465,False
Bikaner,1990-2004,ref_R3_midpoint,cand_C,C,32.0,1991,68.0,86.0,18.0,18.0,FAIL,13.015384615384617,True
Bikaner,1990-2004,ref_R3_midpoint,cand_C,C,32.0,1992,60.0,81.0,21.0,21.0,FAIL,13.015384615384617,True
Bikaner,1990-2004,ref_R3_midpoint,cand_C,C,32.0,1993,73.0,88.0,15.0,15.0,FAIL,13.015384615384617,True
Bikaner,1990-2004,ref_R3_midpoint,cand_C,C,32.0,1994,62.0,87.0,25.0,25.0,FAIL,13.015384615384617,True
Bikaner,1990-2004,ref_R3_midpoint,cand_C,C,32.0,1995,64.0,77.0,13.0,13.0,FAIL,13.015384615384617,False
Bikaner,1990-2004,ref_R3_midpoint,cand_C,C,32.0,1996,58.0,79.0,21.0,21.0,FAIL,13.015384615384617,True
Bikaner,1990-2004,ref_R3_midpoint,cand_C,C,32.0,1997,58.0,82.0,24.0,24.0,FAIL,13.015384615384617,True
Bikaner,1990-2004,ref_R3_midpoint,cand_C,C,32.0,1998,86.0,126.0,40.0,40.0,FAIL,13.015384615384617,True
Bikaner,1990-2004,ref_R3_midpoint,cand_C,C,32.0,1999,45.0,82.0,37.0,37.0,FAIL,13.015384615384617,True
Bikaner,1990-2004,ref_R3_midpoint,cand_C,C,32.0,2000,68.0,95.0,27.0,27.0,FAIL,13.015384615384617,True
Bikaner,1990-2004,ref_R3_midpoint,cand_C,C,32.0,2001,58.0,88.0,30.0,30.0,FAIL,13.015384615384617,True
Bikaner,1990-2004,ref_R3_midpoint,cand_C,C,32.0,2002,69.0,108.0,39.0,39.0,FAIL,13.015384615384617,True
Bikaner,1990-2004,ref_R3_midpoint,cand_C,C,32.0,2003,77.0,99.0,22.0,22.0,FAIL,13.015384615384617,True
Bikaner,1990-2004,ref_R3_midpoint,cand_D,D,28.0,1991,177.0,171.0,-6.0,6.0,PASS,37.861538461538466,False
Bikaner,1990-2004,ref_R3_midpoint,cand_D,D,28.0,1992,167.0,173.0,6.0,6.0,PASS,37.861538461538466,False
Bikaner,1990-2004,ref_R3_midpoint,cand_D,D,28.0,1993,193.0,188.0,-5.0,5.0,PASS,37.861538461538466,False
Bikaner,1990-2004,ref_R3_midpoint,cand_D,D,28.0,1994,190.0,177.0,-13.0,13.0,PASS,37.861538461538466,False
Bikaner,1990-2004,ref_R3_midpoint,cand_D,D,28.0,1995,189.0,186.0,-3.0,3.0,PASS,37.861538461538466,False
Bikaner,1990-2004,ref_R3_midpoint,cand_D,D,28.0,1996,179.0,181.0,2.0,2.0,PASS,37.861538461538466,False
Bikaner,1990-2004,ref_R3_midpoint,cand_D,D,28.0,1997,174.0,175.0,1.0,1.0,PASS,37.861538461538466,False
Bikaner,1990-2004,ref_R3_midpoint,cand_D,D,28.0,1998,201.0,192.0,-9.0,9.0,PASS,37.861538461538466,False
Bikaner,1990-2004,ref_R3_midpoint,cand_D,D,28.0,1999,198.0,187.0,-11.0,11.0,PASS,37.861538461538466,False
Bikaner,1990-2004,ref_R3_midpoint,cand_D,D,28.0,2000,199.0,197.0,-2.0,2.0,PASS,37.861538461538466,False
Bikaner,1990-2004,ref_R3_midpoint,cand_D,D,28.0,2001,195.0,189.0,-6.0,6.0,PASS,37.861538461538466,False
Bikaner,1990-2004,ref_R3_midpoint,cand_D,D,28.0,2002,201.0,199.0,-2.0,2.0,PASS,37.861538461538466,False
Bikaner,1990-2004,ref_R3_midpoint,cand_D,D,28.0,2003,198.0,187.0,-11.0,11.0,PASS,37.861538461538466,False
Bikaner,1990-2004,ref_R3_midpoint,cand_D,D,30.0,1991,129.0,126.0,-3.0,3.0,PASS,29.061538461538465,False
Bikaner,1990-2004,ref_R3_midpoint,cand_D,D,30.0,1992,122.0,118.0,-4.0,4.0,PASS,29.061538461538465,False
Bikaner,1990-2004,ref_R3_midpoint,cand_D,D,30.0,1993,155.0,154.0,-1.0,1.0,PASS,29.061538461538465,False
Bikaner,1990-2004,ref_R3_midpoint,cand_D,D,30.0,1994,129.0,131.0,2.0,2.0,PASS,29.061538461538465,False
Bikaner,1990-2004,ref_R3_midpoint,cand_D,D,30.0,1995,147.0,149.0,2.0,2.0,PASS,29.061538461538465,False
Bikaner,1990-2004,ref_R3_midpoint,cand_D,D,30.0,1996,136.0,136.0,0.0,0.0,PASS,29.061538461538465,False
Bikaner,1990-2004,ref_R3_midpoint,cand_D,D,30.0,1997,129.0,129.0,0.0,0.0,PASS,29.061538461538465,False
Bikaner,1990-2004,ref_R3_midpoint,cand_D,D,30.0,1998,170.0,168.0,-2.0,2.0,PASS,29.061538461538465,False
Bikaner,1990-2004,ref_R3_midpoint,cand_D,D,30.0,1999,152.0,154.0,2.0,2.0,PASS,29.061538461538465,False
Bikaner,1990-2004,ref_R3_midpoint,cand_D,D,30.0,2000,162.0,166.0,4.0,4.0,PASS,29.061538461538465,False
Bikaner,1990-2004,ref_R3_midpoint,cand_D,D,30.0,2001,153.0,160.0,7.0,7.0,PASS,29.061538461538465,False
Bikaner,1990-2004,ref_R3_midpoint,cand_D,D,30.0,2002,161.0,153.0,-8.0,8.0,PASS,29.061538461538465,False
Bikaner,1990-2004,ref_R3_midpoint,cand_D,D,30.0,2003,144.0,145.0,1.0,1.0,PASS,29.061538461538465,False
Bikaner,1990-2004,ref_R3_midpoint,cand_D,D,32.0,1991,68.0,77.0,9.0,9.0,FAIL,13.015384615384617,False
Bikaner,1990-2004,ref_R3_midpoint,cand_D,D,32.0,1992,60.0,72.0,12.0,12.0,FAIL,13.015384615384617,False
Bikaner,1990-2004,ref_R3_midpoint,cand_D,D,32.0,1993,73.0,80.0,7.0,7.0,FAIL,13.015384615384617,False
Bikaner,1990-2004,ref_R3_midpoint,cand_D,D,32.0,1994,62.0,83.0,21.0,21.0,FAIL,13.015384615384617,True
Bikaner,1990-2004,ref_R3_midpoint,cand_D,D,32.0,1995,64.0,71.0,7.0,7.0,FAIL,13.015384615384617,False
Bikaner,1990-2004,ref_R3_midpoint,cand_D,D,32.0,1996,58.0,69.0,11.0,11.0,FAIL,13.015384615384617,False
Bikaner,1990-2004,ref_R3_midpoint,cand_D,D,32.0,1997,58.0,72.0,14.0,14.0,FAIL,13.015384615384617,True
Bikaner,1990-2004,ref_R3_midpoint,cand_D,D,32.0,1998,86.0,116.0,30.0,30.0,FAIL,13.015384615384617,True
Bikaner,1990-2004,ref_R3_midpoint,cand_D,D,32.0,1999,45.0,73.0,28.0,28.0,FAIL,13.015384615384617,True
Bikaner,1990-2004,ref_R3_midpoint,cand_D,D,32.0,2000,68.0,83.0,15.0,15.0,FAIL,13.015384615384617,True
Bikaner,1990-2004,ref_R3_midpoint,cand_D,D,32.0,2001,58.0,82.0,24.0,24.0,FAIL,13.015384615384617,True
Bikaner,1990-2004,ref_R3_midpoint,cand_D,D,32.0,2002,69.0,101.0,32.0,32.0,FAIL,13.015384615384617,True
Bikaner,1990-2004,ref_R3_midpoint,cand_D,D,32.0,2003,77.0,87.0,10.0,10.0,FAIL,13.015384615384617,False
Hyderabad,1990-2004,ref_audited,cand_A,A,28.0,1991,195.0,218.0,23.0,23.0,PASS,42.53846153846154,False
Hyderabad,1990-2004,ref_audited,cand_A,A,28.0,1992,212.0,226.0,14.0,14.0,PASS,42.53846153846154,False
Hyderabad,1990-2004,ref_audited,cand_A,A,28.0,1993,208.0,221.0,13.0,13.0,PASS,42.53846153846154,False
Hyderabad,1990-2004,ref_audited,cand_A,A,28.0,1994,181.0,207.0,26.0,26.0,PASS,42.53846153846154,False
Hyderabad,1990-2004,ref_audited,cand_A,A,28.0,1995,205.0,231.0,26.0,26.0,PASS,42.53846153846154,False
Hyderabad,1990-2004,ref_audited,cand_A,A,28.0,1996,207.0,226.0,19.0,19.0,PASS,42.53846153846154,False
Hyderabad,1990-2004,ref_audited,cand_A,A,28.0,1997,242.0,256.0,14.0,14.0,PASS,42.53846153846154,False
Hyderabad,1990-2004,ref_audited,cand_A,A,28.0,1998,252.0,255.0,3.0,3.0,PASS,42.53846153846154,False
Hyderabad,1990-2004,ref_audited,cand_A,A,28.0,1999,209.0,217.0,8.0,8.0,PASS,42.53846153846154,False
Hyderabad,1990-2004,ref_audited,cand_A,A,28.0,2000,211.0,234.0,23.0,23.0,PASS,42.53846153846154,False
Hyderabad,1990-2004,ref_audited,cand_A,A,28.0,2001,207.0,235.0,28.0,28.0,PASS,42.53846153846154,False
Hyderabad,1990-2004,ref_audited,cand_A,A,28.0,2002,209.0,226.0,17.0,17.0,PASS,42.53846153846154,False
Hyderabad,1990-2004,ref_audited,cand_A,A,28.0,2003,227.0,239.0,12.0,12.0,PASS,42.53846153846154,False
Hyderabad,1990-2004,ref_audited,cand_A,A,30.0,1991,96.0,122.0,26.0,26.0,PASS,21.384615384615387,True
Hyderabad,1990-2004,ref_audited,cand_A,A,30.0,1992,111.0,124.0,13.0,13.0,PASS,21.384615384615387,False
Hyderabad,1990-2004,ref_audited,cand_A,A,30.0,1993,101.0,127.0,26.0,26.0,PASS,21.384615384615387,True
Hyderabad,1990-2004,ref_audited,cand_A,A,30.0,1994,94.0,107.0,13.0,13.0,PASS,21.384615384615387,False
Hyderabad,1990-2004,ref_audited,cand_A,A,30.0,1995,97.0,125.0,28.0,28.0,PASS,21.384615384615387,True
Hyderabad,1990-2004,ref_audited,cand_A,A,30.0,1996,108.0,126.0,18.0,18.0,PASS,21.384615384615387,False
Hyderabad,1990-2004,ref_audited,cand_A,A,30.0,1997,99.0,138.0,39.0,39.0,PASS,21.384615384615387,True
Hyderabad,1990-2004,ref_audited,cand_A,A,30.0,1998,138.0,156.0,18.0,18.0,PASS,21.384615384615387,False
Hyderabad,1990-2004,ref_audited,cand_A,A,30.0,1999,98.0,114.0,16.0,16.0,PASS,21.384615384615387,False
Hyderabad,1990-2004,ref_audited,cand_A,A,30.0,2000,116.0,130.0,14.0,14.0,PASS,21.384615384615387,False
Hyderabad,1990-2004,ref_audited,cand_A,A,30.0,2001,102.0,116.0,14.0,14.0,PASS,21.384615384615387,False
Hyderabad,1990-2004,ref_audited,cand_A,A,30.0,2002,111.0,127.0,16.0,16.0,PASS,21.384615384615387,False
Hyderabad,1990-2004,ref_audited,cand_A,A,30.0,2003,119.0,128.0,9.0,9.0,PASS,21.384615384615387,False
Hyderabad,1990-2004,ref_audited,cand_A,A,32.0,1991,49.0,44.0,-5.0,5.0,PASS,7.876923076923077,False
Hyderabad,1990-2004,ref_audited,cand_A,A,32.0,1992,46.0,44.0,-2.0,2.0,PASS,7.876923076923077,False
Hyderabad,1990-2004,ref_audited,cand_A,A,32.0,1993,36.0,44.0,8.0,8.0,PASS,7.876923076923077,True
Hyderabad,1990-2004,ref_audited,cand_A,A,32.0,1994,41.0,37.0,-4.0,4.0,PASS,7.876923076923077,False
Hyderabad,1990-2004,ref_audited,cand_A,A,32.0,1995,26.0,40.0,14.0,14.0,PASS,7.876923076923077,True
Hyderabad,1990-2004,ref_audited,cand_A,A,32.0,1996,41.0,44.0,3.0,3.0,PASS,7.876923076923077,False
Hyderabad,1990-2004,ref_audited,cand_A,A,32.0,1997,26.0,22.0,-4.0,4.0,PASS,7.876923076923077,False
Hyderabad,1990-2004,ref_audited,cand_A,A,32.0,1998,57.0,63.0,6.0,6.0,PASS,7.876923076923077,False
Hyderabad,1990-2004,ref_audited,cand_A,A,32.0,1999,32.0,33.0,1.0,1.0,PASS,7.876923076923077,False
Hyderabad,1990-2004,ref_audited,cand_A,A,32.0,2000,42.0,35.0,-7.0,7.0,PASS,7.876923076923077,False
Hyderabad,1990-2004,ref_audited,cand_A,A,32.0,2001,31.0,36.0,5.0,5.0,PASS,7.876923076923077,False
Hyderabad,1990-2004,ref_audited,cand_A,A,32.0,2002,47.0,56.0,9.0,9.0,PASS,7.876923076923077,True
Hyderabad,1990-2004,ref_audited,cand_A,A,32.0,2003,38.0,40.0,2.0,2.0,PASS,7.876923076923077,False
Hyderabad,1990-2004,ref_audited,cand_B,B,28.0,1991,195.0,200.0,5.0,5.0,PASS,42.53846153846154,False
Hyderabad,1990-2004,ref_audited,cand_B,B,28.0,1992,212.0,215.0,3.0,3.0,PASS,42.53846153846154,False
Hyderabad,1990-2004,ref_audited,cand_B,B,28.0,1993,208.0,206.0,-2.0,2.0,PASS,42.53846153846154,False
Hyderabad,1990-2004,ref_audited,cand_B,B,28.0,1994,181.0,195.0,14.0,14.0,PASS,42.53846153846154,False
Hyderabad,1990-2004,ref_audited,cand_B,B,28.0,1995,205.0,218.0,13.0,13.0,PASS,42.53846153846154,False
Hyderabad,1990-2004,ref_audited,cand_B,B,28.0,1996,207.0,215.0,8.0,8.0,PASS,42.53846153846154,False
Hyderabad,1990-2004,ref_audited,cand_B,B,28.0,1997,242.0,244.0,2.0,2.0,PASS,42.53846153846154,False
Hyderabad,1990-2004,ref_audited,cand_B,B,28.0,1998,252.0,245.0,-7.0,7.0,PASS,42.53846153846154,False
Hyderabad,1990-2004,ref_audited,cand_B,B,28.0,1999,209.0,204.0,-5.0,5.0,PASS,42.53846153846154,False
Hyderabad,1990-2004,ref_audited,cand_B,B,28.0,2000,211.0,218.0,7.0,7.0,PASS,42.53846153846154,False
Hyderabad,1990-2004,ref_audited,cand_B,B,28.0,2001,207.0,222.0,15.0,15.0,PASS,42.53846153846154,False
Hyderabad,1990-2004,ref_audited,cand_B,B,28.0,2002,209.0,212.0,3.0,3.0,PASS,42.53846153846154,False
Hyderabad,1990-2004,ref_audited,cand_B,B,28.0,2003,227.0,229.0,2.0,2.0,PASS,42.53846153846154,False
Hyderabad,1990-2004,ref_audited,cand_B,B,30.0,1991,96.0,110.0,14.0,14.0,PASS,21.384615384615387,False
Hyderabad,1990-2004,ref_audited,cand_B,B,30.0,1992,111.0,110.0,-1.0,1.0,PASS,21.384615384615387,False
Hyderabad,1990-2004,ref_audited,cand_B,B,30.0,1993,101.0,109.0,8.0,8.0,PASS,21.384615384615387,False
Hyderabad,1990-2004,ref_audited,cand_B,B,30.0,1994,94.0,98.0,4.0,4.0,PASS,21.384615384615387,False
Hyderabad,1990-2004,ref_audited,cand_B,B,30.0,1995,97.0,111.0,14.0,14.0,PASS,21.384615384615387,False
Hyderabad,1990-2004,ref_audited,cand_B,B,30.0,1996,108.0,114.0,6.0,6.0,PASS,21.384615384615387,False
Hyderabad,1990-2004,ref_audited,cand_B,B,30.0,1997,99.0,114.0,15.0,15.0,PASS,21.384615384615387,False
Hyderabad,1990-2004,ref_audited,cand_B,B,30.0,1998,138.0,140.0,2.0,2.0,PASS,21.384615384615387,False
Hyderabad,1990-2004,ref_audited,cand_B,B,30.0,1999,98.0,99.0,1.0,1.0,PASS,21.384615384615387,False
Hyderabad,1990-2004,ref_audited,cand_B,B,30.0,2000,116.0,119.0,3.0,3.0,PASS,21.384615384615387,False
Hyderabad,1990-2004,ref_audited,cand_B,B,30.0,2001,102.0,109.0,7.0,7.0,PASS,21.384615384615387,False
Hyderabad,1990-2004,ref_audited,cand_B,B,30.0,2002,111.0,118.0,7.0,7.0,PASS,21.384615384615387,False
Hyderabad,1990-2004,ref_audited,cand_B,B,30.0,2003,119.0,115.0,-4.0,4.0,PASS,21.384615384615387,False
Hyderabad,1990-2004,ref_audited,cand_B,B,32.0,1991,49.0,38.0,-11.0,11.0,FAIL,7.876923076923077,True
Hyderabad,1990-2004,ref_audited,cand_B,B,32.0,1992,46.0,31.0,-15.0,15.0,FAIL,7.876923076923077,True
Hyderabad,1990-2004,ref_audited,cand_B,B,32.0,1993,36.0,31.0,-5.0,5.0,FAIL,7.876923076923077,False
Hyderabad,1990-2004,ref_audited,cand_B,B,32.0,1994,41.0,25.0,-16.0,16.0,FAIL,7.876923076923077,True
Hyderabad,1990-2004,ref_audited,cand_B,B,32.0,1995,26.0,30.0,4.0,4.0,FAIL,7.876923076923077,False
Hyderabad,1990-2004,ref_audited,cand_B,B,32.0,1996,41.0,32.0,-9.0,9.0,FAIL,7.876923076923077,True
Hyderabad,1990-2004,ref_audited,cand_B,B,32.0,1997,26.0,14.0,-12.0,12.0,FAIL,7.876923076923077,True
Hyderabad,1990-2004,ref_audited,cand_B,B,32.0,1998,57.0,54.0,-3.0,3.0,FAIL,7.876923076923077,False
Hyderabad,1990-2004,ref_audited,cand_B,B,32.0,1999,32.0,21.0,-11.0,11.0,FAIL,7.876923076923077,True
Hyderabad,1990-2004,ref_audited,cand_B,B,32.0,2000,42.0,26.0,-16.0,16.0,FAIL,7.876923076923077,True
Hyderabad,1990-2004,ref_audited,cand_B,B,32.0,2001,31.0,19.0,-12.0,12.0,FAIL,7.876923076923077,True
Hyderabad,1990-2004,ref_audited,cand_B,B,32.0,2002,47.0,40.0,-7.0,7.0,FAIL,7.876923076923077,False
Hyderabad,1990-2004,ref_audited,cand_B,B,32.0,2003,38.0,33.0,-5.0,5.0,FAIL,7.876923076923077,False
Hyderabad,1990-2004,ref_audited,cand_C,C,28.0,1991,195.0,216.0,21.0,21.0,PASS,42.53846153846154,False
Hyderabad,1990-2004,ref_audited,cand_C,C,28.0,1992,212.0,224.0,12.0,12.0,PASS,42.53846153846154,False
Hyderabad,1990-2004,ref_audited,cand_C,C,28.0,1993,208.0,218.0,10.0,10.0,PASS,42.53846153846154,False
Hyderabad,1990-2004,ref_audited,cand_C,C,28.0,1994,181.0,209.0,28.0,28.0,PASS,42.53846153846154,False
Hyderabad,1990-2004,ref_audited,cand_C,C,28.0,1995,205.0,225.0,20.0,20.0,PASS,42.53846153846154,False
Hyderabad,1990-2004,ref_audited,cand_C,C,28.0,1996,207.0,222.0,15.0,15.0,PASS,42.53846153846154,False
Hyderabad,1990-2004,ref_audited,cand_C,C,28.0,1997,242.0,259.0,17.0,17.0,PASS,42.53846153846154,False
Hyderabad,1990-2004,ref_audited,cand_C,C,28.0,1998,252.0,255.0,3.0,3.0,PASS,42.53846153846154,False
Hyderabad,1990-2004,ref_audited,cand_C,C,28.0,1999,209.0,216.0,7.0,7.0,PASS,42.53846153846154,False
Hyderabad,1990-2004,ref_audited,cand_C,C,28.0,2000,211.0,237.0,26.0,26.0,PASS,42.53846153846154,False
Hyderabad,1990-2004,ref_audited,cand_C,C,28.0,2001,207.0,236.0,29.0,29.0,PASS,42.53846153846154,False
Hyderabad,1990-2004,ref_audited,cand_C,C,28.0,2002,209.0,226.0,17.0,17.0,PASS,42.53846153846154,False
Hyderabad,1990-2004,ref_audited,cand_C,C,28.0,2003,227.0,241.0,14.0,14.0,PASS,42.53846153846154,False
Hyderabad,1990-2004,ref_audited,cand_C,C,30.0,1991,96.0,119.0,23.0,23.0,PASS,21.384615384615387,True
Hyderabad,1990-2004,ref_audited,cand_C,C,30.0,1992,111.0,122.0,11.0,11.0,PASS,21.384615384615387,False
Hyderabad,1990-2004,ref_audited,cand_C,C,30.0,1993,101.0,128.0,27.0,27.0,PASS,21.384615384615387,True
Hyderabad,1990-2004,ref_audited,cand_C,C,30.0,1994,94.0,110.0,16.0,16.0,PASS,21.384615384615387,False
Hyderabad,1990-2004,ref_audited,cand_C,C,30.0,1995,97.0,125.0,28.0,28.0,PASS,21.384615384615387,True
Hyderabad,1990-2004,ref_audited,cand_C,C,30.0,1996,108.0,128.0,20.0,20.0,PASS,21.384615384615387,False
Hyderabad,1990-2004,ref_audited,cand_C,C,30.0,1997,99.0,140.0,41.0,41.0,PASS,21.384615384615387,True
Hyderabad,1990-2004,ref_audited,cand_C,C,30.0,1998,138.0,160.0,22.0,22.0,PASS,21.384615384615387,True
Hyderabad,1990-2004,ref_audited,cand_C,C,30.0,1999,98.0,111.0,13.0,13.0,PASS,21.384615384615387,False
Hyderabad,1990-2004,ref_audited,cand_C,C,30.0,2000,116.0,132.0,16.0,16.0,PASS,21.384615384615387,False
Hyderabad,1990-2004,ref_audited,cand_C,C,30.0,2001,102.0,120.0,18.0,18.0,PASS,21.384615384615387,False
Hyderabad,1990-2004,ref_audited,cand_C,C,30.0,2002,111.0,132.0,21.0,21.0,PASS,21.384615384615387,False
Hyderabad,1990-2004,ref_audited,cand_C,C,30.0,2003,119.0,132.0,13.0,13.0,PASS,21.384615384615387,False
Hyderabad,1990-2004,ref_audited,cand_C,C,32.0,1991,49.0,47.0,-2.0,2.0,PASS,7.876923076923077,False
Hyderabad,1990-2004,ref_audited,cand_C,C,32.0,1992,46.0,40.0,-6.0,6.0,PASS,7.876923076923077,False
Hyderabad,1990-2004,ref_audited,cand_C,C,32.0,1993,36.0,44.0,8.0,8.0,PASS,7.876923076923077,True
Hyderabad,1990-2004,ref_audited,cand_C,C,32.0,1994,41.0,34.0,-7.0,7.0,PASS,7.876923076923077,False
Hyderabad,1990-2004,ref_audited,cand_C,C,32.0,1995,26.0,40.0,14.0,14.0,PASS,7.876923076923077,True
Hyderabad,1990-2004,ref_audited,cand_C,C,32.0,1996,41.0,43.0,2.0,2.0,PASS,7.876923076923077,False
Hyderabad,1990-2004,ref_audited,cand_C,C,32.0,1997,26.0,22.0,-4.0,4.0,PASS,7.876923076923077,False
Hyderabad,1990-2004,ref_audited,cand_C,C,32.0,1998,57.0,64.0,7.0,7.0,PASS,7.876923076923077,False
Hyderabad,1990-2004,ref_audited,cand_C,C,32.0,1999,32.0,30.0,-2.0,2.0,PASS,7.876923076923077,False
Hyderabad,1990-2004,ref_audited,cand_C,C,32.0,2000,42.0,37.0,-5.0,5.0,PASS,7.876923076923077,False
Hyderabad,1990-2004,ref_audited,cand_C,C,32.0,2001,31.0,39.0,8.0,8.0,PASS,7.876923076923077,True
Hyderabad,1990-2004,ref_audited,cand_C,C,32.0,2002,47.0,52.0,5.0,5.0,PASS,7.876923076923077,False
Hyderabad,1990-2004,ref_audited,cand_C,C,32.0,2003,38.0,42.0,4.0,4.0,PASS,7.876923076923077,False
Hyderabad,1990-2004,ref_audited,cand_D,D,28.0,1991,195.0,197.0,2.0,2.0,PASS,42.53846153846154,False
Hyderabad,1990-2004,ref_audited,cand_D,D,28.0,1992,212.0,211.0,-1.0,1.0,PASS,42.53846153846154,False
Hyderabad,1990-2004,ref_audited,cand_D,D,28.0,1993,208.0,203.0,-5.0,5.0,PASS,42.53846153846154,False
Hyderabad,1990-2004,ref_audited,cand_D,D,28.0,1994,181.0,196.0,15.0,15.0,PASS,42.53846153846154,False
Hyderabad,1990-2004,ref_audited,cand_D,D,28.0,1995,205.0,215.0,10.0,10.0,PASS,42.53846153846154,False
Hyderabad,1990-2004,ref_audited,cand_D,D,28.0,1996,207.0,214.0,7.0,7.0,PASS,42.53846153846154,False
Hyderabad,1990-2004,ref_audited,cand_D,D,28.0,1997,242.0,246.0,4.0,4.0,PASS,42.53846153846154,False
Hyderabad,1990-2004,ref_audited,cand_D,D,28.0,1998,252.0,247.0,-5.0,5.0,PASS,42.53846153846154,False
Hyderabad,1990-2004,ref_audited,cand_D,D,28.0,1999,209.0,207.0,-2.0,2.0,PASS,42.53846153846154,False
Hyderabad,1990-2004,ref_audited,cand_D,D,28.0,2000,211.0,222.0,11.0,11.0,PASS,42.53846153846154,False
Hyderabad,1990-2004,ref_audited,cand_D,D,28.0,2001,207.0,222.0,15.0,15.0,PASS,42.53846153846154,False
Hyderabad,1990-2004,ref_audited,cand_D,D,28.0,2002,209.0,211.0,2.0,2.0,PASS,42.53846153846154,False
Hyderabad,1990-2004,ref_audited,cand_D,D,28.0,2003,227.0,229.0,2.0,2.0,PASS,42.53846153846154,False
Hyderabad,1990-2004,ref_audited,cand_D,D,30.0,1991,96.0,103.0,7.0,7.0,PASS,21.384615384615387,False
Hyderabad,1990-2004,ref_audited,cand_D,D,30.0,1992,111.0,104.0,-7.0,7.0,PASS,21.384615384615387,False
Hyderabad,1990-2004,ref_audited,cand_D,D,30.0,1993,101.0,114.0,13.0,13.0,PASS,21.384615384615387,False
Hyderabad,1990-2004,ref_audited,cand_D,D,30.0,1994,94.0,97.0,3.0,3.0,PASS,21.384615384615387,False
Hyderabad,1990-2004,ref_audited,cand_D,D,30.0,1995,97.0,112.0,15.0,15.0,PASS,21.384615384615387,False
Hyderabad,1990-2004,ref_audited,cand_D,D,30.0,1996,108.0,113.0,5.0,5.0,PASS,21.384615384615387,False
Hyderabad,1990-2004,ref_audited,cand_D,D,30.0,1997,99.0,113.0,14.0,14.0,PASS,21.384615384615387,False
Hyderabad,1990-2004,ref_audited,cand_D,D,30.0,1998,138.0,147.0,9.0,9.0,PASS,21.384615384615387,False
Hyderabad,1990-2004,ref_audited,cand_D,D,30.0,1999,98.0,100.0,2.0,2.0,PASS,21.384615384615387,False
Hyderabad,1990-2004,ref_audited,cand_D,D,30.0,2000,116.0,122.0,6.0,6.0,PASS,21.384615384615387,False
Hyderabad,1990-2004,ref_audited,cand_D,D,30.0,2001,102.0,108.0,6.0,6.0,PASS,21.384615384615387,False
Hyderabad,1990-2004,ref_audited,cand_D,D,30.0,2002,111.0,119.0,8.0,8.0,PASS,21.384615384615387,False
Hyderabad,1990-2004,ref_audited,cand_D,D,30.0,2003,119.0,114.0,-5.0,5.0,PASS,21.384615384615387,False
Hyderabad,1990-2004,ref_audited,cand_D,D,32.0,1991,49.0,34.0,-15.0,15.0,FAIL,7.876923076923077,True
Hyderabad,1990-2004,ref_audited,cand_D,D,32.0,1992,46.0,30.0,-16.0,16.0,FAIL,7.876923076923077,True
Hyderabad,1990-2004,ref_audited,cand_D,D,32.0,1993,36.0,32.0,-4.0,4.0,FAIL,7.876923076923077,False
Hyderabad,1990-2004,ref_audited,cand_D,D,32.0,1994,41.0,24.0,-17.0,17.0,FAIL,7.876923076923077,True
Hyderabad,1990-2004,ref_audited,cand_D,D,32.0,1995,26.0,27.0,1.0,1.0,FAIL,7.876923076923077,False
Hyderabad,1990-2004,ref_audited,cand_D,D,32.0,1996,41.0,30.0,-11.0,11.0,FAIL,7.876923076923077,True
Hyderabad,1990-2004,ref_audited,cand_D,D,32.0,1997,26.0,15.0,-11.0,11.0,FAIL,7.876923076923077,True
Hyderabad,1990-2004,ref_audited,cand_D,D,32.0,1998,57.0,54.0,-3.0,3.0,FAIL,7.876923076923077,False
Hyderabad,1990-2004,ref_audited,cand_D,D,32.0,1999,32.0,22.0,-10.0,10.0,FAIL,7.876923076923077,True
Hyderabad,1990-2004,ref_audited,cand_D,D,32.0,2000,42.0,22.0,-20.0,20.0,FAIL,7.876923076923077,True
Hyderabad,1990-2004,ref_audited,cand_D,D,32.0,2001,31.0,21.0,-10.0,10.0,FAIL,7.876923076923077,True
Hyderabad,1990-2004,ref_audited,cand_D,D,32.0,2002,47.0,37.0,-10.0,10.0,FAIL,7.876923076923077,True
Hyderabad,1990-2004,ref_audited,cand_D,D,32.0,2003,38.0,31.0,-7.0,7.0,FAIL,7.876923076923077,False
Hyderabad,1990-2004,ref_R3_midpoint,cand_A,A,28.0,1991,183.0,218.0,35.0,35.0,PASS,40.47692307692308,False
Hyderabad,1990-2004,ref_R3_midpoint,cand_A,A,28.0,1992,202.0,226.0,24.0,24.0,PASS,40.47692307692308,False
Hyderabad,1990-2004,ref_R3_midpoint,cand_A,A,28.0,1993,191.0,221.0,30.0,30.0,PASS,40.47692307692308,False
Hyderabad,1990-2004,ref_R3_midpoint,cand_A,A,28.0,1994,165.0,207.0,42.0,42.0,PASS,40.47692307692308,True
Hyderabad,1990-2004,ref_R3_midpoint,cand_A,A,28.0,1995,205.0,231.0,26.0,26.0,PASS,40.47692307692308,False
Hyderabad,1990-2004,ref_R3_midpoint,cand_A,A,28.0,1996,200.0,226.0,26.0,26.0,PASS,40.47692307692308,False
Hyderabad,1990-2004,ref_R3_midpoint,cand_A,A,28.0,1997,230.0,256.0,26.0,26.0,PASS,40.47692307692308,False
Hyderabad,1990-2004,ref_R3_midpoint,cand_A,A,28.0,1998,244.0,255.0,11.0,11.0,PASS,40.47692307692308,False
Hyderabad,1990-2004,ref_R3_midpoint,cand_A,A,28.0,1999,200.0,217.0,17.0,17.0,PASS,40.47692307692308,False
Hyderabad,1990-2004,ref_R3_midpoint,cand_A,A,28.0,2000,199.0,234.0,35.0,35.0,PASS,40.47692307692308,False
Hyderabad,1990-2004,ref_R3_midpoint,cand_A,A,28.0,2001,196.0,235.0,39.0,39.0,PASS,40.47692307692308,False
Hyderabad,1990-2004,ref_R3_midpoint,cand_A,A,28.0,2002,199.0,226.0,27.0,27.0,PASS,40.47692307692308,False
Hyderabad,1990-2004,ref_R3_midpoint,cand_A,A,28.0,2003,217.0,239.0,22.0,22.0,PASS,40.47692307692308,False
Hyderabad,1990-2004,ref_R3_midpoint,cand_A,A,30.0,1991,88.0,122.0,34.0,34.0,FAIL,19.70769230769231,True
Hyderabad,1990-2004,ref_R3_midpoint,cand_A,A,30.0,1992,102.0,124.0,22.0,22.0,FAIL,19.70769230769231,True
Hyderabad,1990-2004,ref_R3_midpoint,cand_A,A,30.0,1993,96.0,127.0,31.0,31.0,FAIL,19.70769230769231,True
Hyderabad,1990-2004,ref_R3_midpoint,cand_A,A,30.0,1994,90.0,107.0,17.0,17.0,FAIL,19.70769230769231,False
Hyderabad,1990-2004,ref_R3_midpoint,cand_A,A,30.0,1995,87.0,125.0,38.0,38.0,FAIL,19.70769230769231,True
Hyderabad,1990-2004,ref_R3_midpoint,cand_A,A,30.0,1996,98.0,126.0,28.0,28.0,FAIL,19.70769230769231,True
Hyderabad,1990-2004,ref_R3_midpoint,cand_A,A,30.0,1997,86.0,138.0,52.0,52.0,FAIL,19.70769230769231,True
Hyderabad,1990-2004,ref_R3_midpoint,cand_A,A,30.0,1998,134.0,156.0,22.0,22.0,FAIL,19.70769230769231,True
Hyderabad,1990-2004,ref_R3_midpoint,cand_A,A,30.0,1999,85.0,114.0,29.0,29.0,FAIL,19.70769230769231,True
Hyderabad,1990-2004,ref_R3_midpoint,cand_A,A,30.0,2000,107.0,130.0,23.0,23.0,FAIL,19.70769230769231,True
Hyderabad,1990-2004,ref_R3_midpoint,cand_A,A,30.0,2001,95.0,116.0,21.0,21.0,FAIL,19.70769230769231,True
Hyderabad,1990-2004,ref_R3_midpoint,cand_A,A,30.0,2002,106.0,127.0,21.0,21.0,FAIL,19.70769230769231,True
Hyderabad,1990-2004,ref_R3_midpoint,cand_A,A,30.0,2003,107.0,128.0,21.0,21.0,FAIL,19.70769230769231,True
Hyderabad,1990-2004,ref_R3_midpoint,cand_A,A,32.0,1991,43.0,44.0,1.0,1.0,FAIL,6.753846153846154,False
Hyderabad,1990-2004,ref_R3_midpoint,cand_A,A,32.0,1992,42.0,44.0,2.0,2.0,FAIL,6.753846153846154,False
Hyderabad,1990-2004,ref_R3_midpoint,cand_A,A,32.0,1993,29.0,44.0,15.0,15.0,FAIL,6.753846153846154,True
Hyderabad,1990-2004,ref_R3_midpoint,cand_A,A,32.0,1994,35.0,37.0,2.0,2.0,FAIL,6.753846153846154,False
Hyderabad,1990-2004,ref_R3_midpoint,cand_A,A,32.0,1995,24.0,40.0,16.0,16.0,FAIL,6.753846153846154,True
Hyderabad,1990-2004,ref_R3_midpoint,cand_A,A,32.0,1996,32.0,44.0,12.0,12.0,FAIL,6.753846153846154,True
Hyderabad,1990-2004,ref_R3_midpoint,cand_A,A,32.0,1997,22.0,22.0,0.0,0.0,FAIL,6.753846153846154,False
Hyderabad,1990-2004,ref_R3_midpoint,cand_A,A,32.0,1998,49.0,63.0,14.0,14.0,FAIL,6.753846153846154,True
Hyderabad,1990-2004,ref_R3_midpoint,cand_A,A,32.0,1999,30.0,33.0,3.0,3.0,FAIL,6.753846153846154,False
Hyderabad,1990-2004,ref_R3_midpoint,cand_A,A,32.0,2000,33.0,35.0,2.0,2.0,FAIL,6.753846153846154,False
Hyderabad,1990-2004,ref_R3_midpoint,cand_A,A,32.0,2001,27.0,36.0,9.0,9.0,FAIL,6.753846153846154,True
Hyderabad,1990-2004,ref_R3_midpoint,cand_A,A,32.0,2002,41.0,56.0,15.0,15.0,FAIL,6.753846153846154,True
Hyderabad,1990-2004,ref_R3_midpoint,cand_A,A,32.0,2003,32.0,40.0,8.0,8.0,FAIL,6.753846153846154,True
Hyderabad,1990-2004,ref_R3_midpoint,cand_B,B,28.0,1991,183.0,200.0,17.0,17.0,PASS,40.47692307692308,False
Hyderabad,1990-2004,ref_R3_midpoint,cand_B,B,28.0,1992,202.0,215.0,13.0,13.0,PASS,40.47692307692308,False
Hyderabad,1990-2004,ref_R3_midpoint,cand_B,B,28.0,1993,191.0,206.0,15.0,15.0,PASS,40.47692307692308,False
Hyderabad,1990-2004,ref_R3_midpoint,cand_B,B,28.0,1994,165.0,195.0,30.0,30.0,PASS,40.47692307692308,False
Hyderabad,1990-2004,ref_R3_midpoint,cand_B,B,28.0,1995,205.0,218.0,13.0,13.0,PASS,40.47692307692308,False
Hyderabad,1990-2004,ref_R3_midpoint,cand_B,B,28.0,1996,200.0,215.0,15.0,15.0,PASS,40.47692307692308,False
Hyderabad,1990-2004,ref_R3_midpoint,cand_B,B,28.0,1997,230.0,244.0,14.0,14.0,PASS,40.47692307692308,False
Hyderabad,1990-2004,ref_R3_midpoint,cand_B,B,28.0,1998,244.0,245.0,1.0,1.0,PASS,40.47692307692308,False
Hyderabad,1990-2004,ref_R3_midpoint,cand_B,B,28.0,1999,200.0,204.0,4.0,4.0,PASS,40.47692307692308,False
Hyderabad,1990-2004,ref_R3_midpoint,cand_B,B,28.0,2000,199.0,218.0,19.0,19.0,PASS,40.47692307692308,False
Hyderabad,1990-2004,ref_R3_midpoint,cand_B,B,28.0,2001,196.0,222.0,26.0,26.0,PASS,40.47692307692308,False
Hyderabad,1990-2004,ref_R3_midpoint,cand_B,B,28.0,2002,199.0,212.0,13.0,13.0,PASS,40.47692307692308,False
Hyderabad,1990-2004,ref_R3_midpoint,cand_B,B,28.0,2003,217.0,229.0,12.0,12.0,PASS,40.47692307692308,False
Hyderabad,1990-2004,ref_R3_midpoint,cand_B,B,30.0,1991,88.0,110.0,22.0,22.0,PASS,19.70769230769231,True
Hyderabad,1990-2004,ref_R3_midpoint,cand_B,B,30.0,1992,102.0,110.0,8.0,8.0,PASS,19.70769230769231,False
Hyderabad,1990-2004,ref_R3_midpoint,cand_B,B,30.0,1993,96.0,109.0,13.0,13.0,PASS,19.70769230769231,False
Hyderabad,1990-2004,ref_R3_midpoint,cand_B,B,30.0,1994,90.0,98.0,8.0,8.0,PASS,19.70769230769231,False
Hyderabad,1990-2004,ref_R3_midpoint,cand_B,B,30.0,1995,87.0,111.0,24.0,24.0,PASS,19.70769230769231,True
Hyderabad,1990-2004,ref_R3_midpoint,cand_B,B,30.0,1996,98.0,114.0,16.0,16.0,PASS,19.70769230769231,False
Hyderabad,1990-2004,ref_R3_midpoint,cand_B,B,30.0,1997,86.0,114.0,28.0,28.0,PASS,19.70769230769231,True
Hyderabad,1990-2004,ref_R3_midpoint,cand_B,B,30.0,1998,134.0,140.0,6.0,6.0,PASS,19.70769230769231,False
Hyderabad,1990-2004,ref_R3_midpoint,cand_B,B,30.0,1999,85.0,99.0,14.0,14.0,PASS,19.70769230769231,False
Hyderabad,1990-2004,ref_R3_midpoint,cand_B,B,30.0,2000,107.0,119.0,12.0,12.0,PASS,19.70769230769231,False
Hyderabad,1990-2004,ref_R3_midpoint,cand_B,B,30.0,2001,95.0,109.0,14.0,14.0,PASS,19.70769230769231,False
Hyderabad,1990-2004,ref_R3_midpoint,cand_B,B,30.0,2002,106.0,118.0,12.0,12.0,PASS,19.70769230769231,False
Hyderabad,1990-2004,ref_R3_midpoint,cand_B,B,30.0,2003,107.0,115.0,8.0,8.0,PASS,19.70769230769231,False
Hyderabad,1990-2004,ref_R3_midpoint,cand_B,B,32.0,1991,43.0,38.0,-5.0,5.0,PASS,6.753846153846154,False
Hyderabad,1990-2004,ref_R3_midpoint,cand_B,B,32.0,1992,42.0,31.0,-11.0,11.0,PASS,6.753846153846154,True
Hyderabad,1990-2004,ref_R3_midpoint,cand_B,B,32.0,1993,29.0,31.0,2.0,2.0,PASS,6.753846153846154,False
Hyderabad,1990-2004,ref_R3_midpoint,cand_B,B,32.0,1994,35.0,25.0,-10.0,10.0,PASS,6.753846153846154,True
Hyderabad,1990-2004,ref_R3_midpoint,cand_B,B,32.0,1995,24.0,30.0,6.0,6.0,PASS,6.753846153846154,False
Hyderabad,1990-2004,ref_R3_midpoint,cand_B,B,32.0,1996,32.0,32.0,0.0,0.0,PASS,6.753846153846154,False
Hyderabad,1990-2004,ref_R3_midpoint,cand_B,B,32.0,1997,22.0,14.0,-8.0,8.0,PASS,6.753846153846154,True
Hyderabad,1990-2004,ref_R3_midpoint,cand_B,B,32.0,1998,49.0,54.0,5.0,5.0,PASS,6.753846153846154,False
Hyderabad,1990-2004,ref_R3_midpoint,cand_B,B,32.0,1999,30.0,21.0,-9.0,9.0,PASS,6.753846153846154,True
Hyderabad,1990-2004,ref_R3_midpoint,cand_B,B,32.0,2000,33.0,26.0,-7.0,7.0,PASS,6.753846153846154,True
Hyderabad,1990-2004,ref_R3_midpoint,cand_B,B,32.0,2001,27.0,19.0,-8.0,8.0,PASS,6.753846153846154,True
Hyderabad,1990-2004,ref_R3_midpoint,cand_B,B,32.0,2002,41.0,40.0,-1.0,1.0,PASS,6.753846153846154,False
Hyderabad,1990-2004,ref_R3_midpoint,cand_B,B,32.0,2003,32.0,33.0,1.0,1.0,PASS,6.753846153846154,False
Hyderabad,1990-2004,ref_R3_midpoint,cand_C,C,28.0,1991,183.0,216.0,33.0,33.0,PASS,40.47692307692308,False
Hyderabad,1990-2004,ref_R3_midpoint,cand_C,C,28.0,1992,202.0,224.0,22.0,22.0,PASS,40.47692307692308,False
Hyderabad,1990-2004,ref_R3_midpoint,cand_C,C,28.0,1993,191.0,218.0,27.0,27.0,PASS,40.47692307692308,False
Hyderabad,1990-2004,ref_R3_midpoint,cand_C,C,28.0,1994,165.0,209.0,44.0,44.0,PASS,40.47692307692308,True
Hyderabad,1990-2004,ref_R3_midpoint,cand_C,C,28.0,1995,205.0,225.0,20.0,20.0,PASS,40.47692307692308,False
Hyderabad,1990-2004,ref_R3_midpoint,cand_C,C,28.0,1996,200.0,222.0,22.0,22.0,PASS,40.47692307692308,False
Hyderabad,1990-2004,ref_R3_midpoint,cand_C,C,28.0,1997,230.0,259.0,29.0,29.0,PASS,40.47692307692308,False
Hyderabad,1990-2004,ref_R3_midpoint,cand_C,C,28.0,1998,244.0,255.0,11.0,11.0,PASS,40.47692307692308,False
Hyderabad,1990-2004,ref_R3_midpoint,cand_C,C,28.0,1999,200.0,216.0,16.0,16.0,PASS,40.47692307692308,False
Hyderabad,1990-2004,ref_R3_midpoint,cand_C,C,28.0,2000,199.0,237.0,38.0,38.0,PASS,40.47692307692308,False
Hyderabad,1990-2004,ref_R3_midpoint,cand_C,C,28.0,2001,196.0,236.0,40.0,40.0,PASS,40.47692307692308,False
Hyderabad,1990-2004,ref_R3_midpoint,cand_C,C,28.0,2002,199.0,226.0,27.0,27.0,PASS,40.47692307692308,False
Hyderabad,1990-2004,ref_R3_midpoint,cand_C,C,28.0,2003,217.0,241.0,24.0,24.0,PASS,40.47692307692308,False
Hyderabad,1990-2004,ref_R3_midpoint,cand_C,C,30.0,1991,88.0,119.0,31.0,31.0,FAIL,19.70769230769231,True
Hyderabad,1990-2004,ref_R3_midpoint,cand_C,C,30.0,1992,102.0,122.0,20.0,20.0,FAIL,19.70769230769231,True
Hyderabad,1990-2004,ref_R3_midpoint,cand_C,C,30.0,1993,96.0,128.0,32.0,32.0,FAIL,19.70769230769231,True
Hyderabad,1990-2004,ref_R3_midpoint,cand_C,C,30.0,1994,90.0,110.0,20.0,20.0,FAIL,19.70769230769231,True
Hyderabad,1990-2004,ref_R3_midpoint,cand_C,C,30.0,1995,87.0,125.0,38.0,38.0,FAIL,19.70769230769231,True
Hyderabad,1990-2004,ref_R3_midpoint,cand_C,C,30.0,1996,98.0,128.0,30.0,30.0,FAIL,19.70769230769231,True
Hyderabad,1990-2004,ref_R3_midpoint,cand_C,C,30.0,1997,86.0,140.0,54.0,54.0,FAIL,19.70769230769231,True
Hyderabad,1990-2004,ref_R3_midpoint,cand_C,C,30.0,1998,134.0,160.0,26.0,26.0,FAIL,19.70769230769231,True
Hyderabad,1990-2004,ref_R3_midpoint,cand_C,C,30.0,1999,85.0,111.0,26.0,26.0,FAIL,19.70769230769231,True
Hyderabad,1990-2004,ref_R3_midpoint,cand_C,C,30.0,2000,107.0,132.0,25.0,25.0,FAIL,19.70769230769231,True
Hyderabad,1990-2004,ref_R3_midpoint,cand_C,C,30.0,2001,95.0,120.0,25.0,25.0,FAIL,19.70769230769231,True
Hyderabad,1990-2004,ref_R3_midpoint,cand_C,C,30.0,2002,106.0,132.0,26.0,26.0,FAIL,19.70769230769231,True
Hyderabad,1990-2004,ref_R3_midpoint,cand_C,C,30.0,2003,107.0,132.0,25.0,25.0,FAIL,19.70769230769231,True
Hyderabad,1990-2004,ref_R3_midpoint,cand_C,C,32.0,1991,43.0,47.0,4.0,4.0,FAIL,6.753846153846154,False
Hyderabad,1990-2004,ref_R3_midpoint,cand_C,C,32.0,1992,42.0,40.0,-2.0,2.0,FAIL,6.753846153846154,False
Hyderabad,1990-2004,ref_R3_midpoint,cand_C,C,32.0,1993,29.0,44.0,15.0,15.0,FAIL,6.753846153846154,True
Hyderabad,1990-2004,ref_R3_midpoint,cand_C,C,32.0,1994,35.0,34.0,-1.0,1.0,FAIL,6.753846153846154,False
Hyderabad,1990-2004,ref_R3_midpoint,cand_C,C,32.0,1995,24.0,40.0,16.0,16.0,FAIL,6.753846153846154,True
Hyderabad,1990-2004,ref_R3_midpoint,cand_C,C,32.0,1996,32.0,43.0,11.0,11.0,FAIL,6.753846153846154,True
Hyderabad,1990-2004,ref_R3_midpoint,cand_C,C,32.0,1997,22.0,22.0,0.0,0.0,FAIL,6.753846153846154,False
Hyderabad,1990-2004,ref_R3_midpoint,cand_C,C,32.0,1998,49.0,64.0,15.0,15.0,FAIL,6.753846153846154,True
Hyderabad,1990-2004,ref_R3_midpoint,cand_C,C,32.0,1999,30.0,30.0,0.0,0.0,FAIL,6.753846153846154,False
Hyderabad,1990-2004,ref_R3_midpoint,cand_C,C,32.0,2000,33.0,37.0,4.0,4.0,FAIL,6.753846153846154,False
Hyderabad,1990-2004,ref_R3_midpoint,cand_C,C,32.0,2001,27.0,39.0,12.0,12.0,FAIL,6.753846153846154,True
Hyderabad,1990-2004,ref_R3_midpoint,cand_C,C,32.0,2002,41.0,52.0,11.0,11.0,FAIL,6.753846153846154,True
Hyderabad,1990-2004,ref_R3_midpoint,cand_C,C,32.0,2003,32.0,42.0,10.0,10.0,FAIL,6.753846153846154,True
Hyderabad,1990-2004,ref_R3_midpoint,cand_D,D,28.0,1991,183.0,197.0,14.0,14.0,PASS,40.47692307692308,False
Hyderabad,1990-2004,ref_R3_midpoint,cand_D,D,28.0,1992,202.0,211.0,9.0,9.0,PASS,40.47692307692308,False
Hyderabad,1990-2004,ref_R3_midpoint,cand_D,D,28.0,1993,191.0,203.0,12.0,12.0,PASS,40.47692307692308,False
Hyderabad,1990-2004,ref_R3_midpoint,cand_D,D,28.0,1994,165.0,196.0,31.0,31.0,PASS,40.47692307692308,False
Hyderabad,1990-2004,ref_R3_midpoint,cand_D,D,28.0,1995,205.0,215.0,10.0,10.0,PASS,40.47692307692308,False
Hyderabad,1990-2004,ref_R3_midpoint,cand_D,D,28.0,1996,200.0,214.0,14.0,14.0,PASS,40.47692307692308,False
Hyderabad,1990-2004,ref_R3_midpoint,cand_D,D,28.0,1997,230.0,246.0,16.0,16.0,PASS,40.47692307692308,False
Hyderabad,1990-2004,ref_R3_midpoint,cand_D,D,28.0,1998,244.0,247.0,3.0,3.0,PASS,40.47692307692308,False
Hyderabad,1990-2004,ref_R3_midpoint,cand_D,D,28.0,1999,200.0,207.0,7.0,7.0,PASS,40.47692307692308,False
Hyderabad,1990-2004,ref_R3_midpoint,cand_D,D,28.0,2000,199.0,222.0,23.0,23.0,PASS,40.47692307692308,False
Hyderabad,1990-2004,ref_R3_midpoint,cand_D,D,28.0,2001,196.0,222.0,26.0,26.0,PASS,40.47692307692308,False
Hyderabad,1990-2004,ref_R3_midpoint,cand_D,D,28.0,2002,199.0,211.0,12.0,12.0,PASS,40.47692307692308,False
Hyderabad,1990-2004,ref_R3_midpoint,cand_D,D,28.0,2003,217.0,229.0,12.0,12.0,PASS,40.47692307692308,False
Hyderabad,1990-2004,ref_R3_midpoint,cand_D,D,30.0,1991,88.0,103.0,15.0,15.0,PASS,19.70769230769231,False
Hyderabad,1990-2004,ref_R3_midpoint,cand_D,D,30.0,1992,102.0,104.0,2.0,2.0,PASS,19.70769230769231,False
Hyderabad,1990-2004,ref_R3_midpoint,cand_D,D,30.0,1993,96.0,114.0,18.0,18.0,PASS,19.70769230769231,False
Hyderabad,1990-2004,ref_R3_midpoint,cand_D,D,30.0,1994,90.0,97.0,7.0,7.0,PASS,19.70769230769231,False
Hyderabad,1990-2004,ref_R3_midpoint,cand_D,D,30.0,1995,87.0,112.0,25.0,25.0,PASS,19.70769230769231,True
Hyderabad,1990-2004,ref_R3_midpoint,cand_D,D,30.0,1996,98.0,113.0,15.0,15.0,PASS,19.70769230769231,False
Hyderabad,1990-2004,ref_R3_midpoint,cand_D,D,30.0,1997,86.0,113.0,27.0,27.0,PASS,19.70769230769231,True
Hyderabad,1990-2004,ref_R3_midpoint,cand_D,D,30.0,1998,134.0,147.0,13.0,13.0,PASS,19.70769230769231,False
Hyderabad,1990-2004,ref_R3_midpoint,cand_D,D,30.0,1999,85.0,100.0,15.0,15.0,PASS,19.70769230769231,False
Hyderabad,1990-2004,ref_R3_midpoint,cand_D,D,30.0,2000,107.0,122.0,15.0,15.0,PASS,19.70769230769231,False
Hyderabad,1990-2004,ref_R3_midpoint,cand_D,D,30.0,2001,95.0,108.0,13.0,13.0,PASS,19.70769230769231,False
Hyderabad,1990-2004,ref_R3_midpoint,cand_D,D,30.0,2002,106.0,119.0,13.0,13.0,PASS,19.70769230769231,False
Hyderabad,1990-2004,ref_R3_midpoint,cand_D,D,30.0,2003,107.0,114.0,7.0,7.0,PASS,19.70769230769231,False
Hyderabad,1990-2004,ref_R3_midpoint,cand_D,D,32.0,1991,43.0,34.0,-9.0,9.0,PASS,6.753846153846154,True
Hyderabad,1990-2004,ref_R3_midpoint,cand_D,D,32.0,1992,42.0,30.0,-12.0,12.0,PASS,6.753846153846154,True
Hyderabad,1990-2004,ref_R3_midpoint,cand_D,D,32.0,1993,29.0,32.0,3.0,3.0,PASS,6.753846153846154,False
Hyderabad,1990-2004,ref_R3_midpoint,cand_D,D,32.0,1994,35.0,24.0,-11.0,11.0,PASS,6.753846153846154,True
Hyderabad,1990-2004,ref_R3_midpoint,cand_D,D,32.0,1995,24.0,27.0,3.0,3.0,PASS,6.753846153846154,False
Hyderabad,1990-2004,ref_R3_midpoint,cand_D,D,32.0,1996,32.0,30.0,-2.0,2.0,PASS,6.753846153846154,False
Hyderabad,1990-2004,ref_R3_midpoint,cand_D,D,32.0,1997,22.0,15.0,-7.0,7.0,PASS,6.753846153846154,True
Hyderabad,1990-2004,ref_R3_midpoint,cand_D,D,32.0,1998,49.0,54.0,5.0,5.0,PASS,6.753846153846154,False
Hyderabad,1990-2004,ref_R3_midpoint,cand_D,D,32.0,1999,30.0,22.0,-8.0,8.0,PASS,6.753846153846154,True
Hyderabad,1990-2004,ref_R3_midpoint,cand_D,D,32.0,2000,33.0,22.0,-11.0,11.0,PASS,6.753846153846154,True
Hyderabad,1990-2004,ref_R3_midpoint,cand_D,D,32.0,2001,27.0,21.0,-6.0,6.0,PASS,6.753846153846154,False
Hyderabad,1990-2004,ref_R3_midpoint,cand_D,D,32.0,2002,41.0,37.0,-4.0,4.0,PASS,6.753846153846154,False
Hyderabad,1990-2004,ref_R3_midpoint,cand_D,D,32.0,2003,32.0,31.0,-1.0,1.0,PASS,6.753846153846154,False
Kochi,1990-2004,ref_audited,cand_A,A,28.0,1991,356.0,354.0,-2.0,2.0,PASS,71.2,False
Kochi,1990-2004,ref_audited,cand_A,A,28.0,1992,349.0,345.0,-4.0,4.0,PASS,71.2,False
Kochi,1990-2004,ref_audited,cand_A,A,28.0,1993,358.0,348.0,-10.0,10.0,PASS,71.2,False
Kochi,1990-2004,ref_audited,cand_A,A,28.0,1994,359.0,352.0,-7.0,7.0,PASS,71.2,False
Kochi,1990-2004,ref_audited,cand_A,A,28.0,1995,356.0,353.0,-3.0,3.0,PASS,71.2,False
Kochi,1990-2004,ref_audited,cand_A,A,28.0,1996,355.0,344.0,-11.0,11.0,PASS,71.2,False
Kochi,1990-2004,ref_audited,cand_A,A,28.0,1997,361.0,357.0,-4.0,4.0,PASS,71.2,False
Kochi,1990-2004,ref_audited,cand_A,A,28.0,1998,360.0,353.0,-7.0,7.0,PASS,71.2,False
Kochi,1990-2004,ref_audited,cand_A,A,28.0,1999,356.0,350.0,-6.0,6.0,PASS,71.2,False
Kochi,1990-2004,ref_audited,cand_A,A,28.0,2000,347.0,343.0,-4.0,4.0,PASS,71.2,False
Kochi,1990-2004,ref_audited,cand_A,A,28.0,2001,355.0,346.0,-9.0,9.0,PASS,71.2,False
Kochi,1990-2004,ref_audited,cand_A,A,28.0,2002,354.0,354.0,0.0,0.0,PASS,71.2,False
Kochi,1990-2004,ref_audited,cand_A,A,28.0,2003,362.0,351.0,-11.0,11.0,PASS,71.2,False
Kochi,1990-2004,ref_audited,cand_A,A,30.0,1991,312.0,320.0,8.0,8.0,PASS,62.21538461538462,False
Kochi,1990-2004,ref_audited,cand_A,A,30.0,1992,290.0,283.0,-7.0,7.0,PASS,62.21538461538462,False
Kochi,1990-2004,ref_audited,cand_A,A,30.0,1993,294.0,302.0,8.0,8.0,PASS,62.21538461538462,False
Kochi,1990-2004,ref_audited,cand_A,A,30.0,1994,306.0,313.0,7.0,7.0,PASS,62.21538461538462,False
Kochi,1990-2004,ref_audited,cand_A,A,30.0,1995,317.0,314.0,-3.0,3.0,PASS,62.21538461538462,False
Kochi,1990-2004,ref_audited,cand_A,A,30.0,1996,301.0,302.0,1.0,1.0,PASS,62.21538461538462,False
Kochi,1990-2004,ref_audited,cand_A,A,30.0,1997,318.0,319.0,1.0,1.0,PASS,62.21538461538462,False
Kochi,1990-2004,ref_audited,cand_A,A,30.0,1998,318.0,309.0,-9.0,9.0,PASS,62.21538461538462,False
Kochi,1990-2004,ref_audited,cand_A,A,30.0,1999,308.0,305.0,-3.0,3.0,PASS,62.21538461538462,False
Kochi,1990-2004,ref_audited,cand_A,A,30.0,2000,311.0,316.0,5.0,5.0,PASS,62.21538461538462,False
Kochi,1990-2004,ref_audited,cand_A,A,30.0,2001,310.0,312.0,2.0,2.0,PASS,62.21538461538462,False
Kochi,1990-2004,ref_audited,cand_A,A,30.0,2002,325.0,329.0,4.0,4.0,PASS,62.21538461538462,False
Kochi,1990-2004,ref_audited,cand_A,A,30.0,2003,334.0,320.0,-14.0,14.0,PASS,62.21538461538462,False
Kochi,1990-2004,ref_audited,cand_A,A,32.0,1991,197.0,224.0,27.0,27.0,PASS,38.53846153846154,False
Kochi,1990-2004,ref_audited,cand_A,A,32.0,1992,168.0,174.0,6.0,6.0,PASS,38.53846153846154,False
Kochi,1990-2004,ref_audited,cand_A,A,32.0,1993,177.0,196.0,19.0,19.0,PASS,38.53846153846154,False
Kochi,1990-2004,ref_audited,cand_A,A,32.0,1994,203.0,215.0,12.0,12.0,PASS,38.53846153846154,False
Kochi,1990-2004,ref_audited,cand_A,A,32.0,1995,197.0,210.0,13.0,13.0,PASS,38.53846153846154,False
Kochi,1990-2004,ref_audited,cand_A,A,32.0,1996,172.0,203.0,31.0,31.0,PASS,38.53846153846154,False
Kochi,1990-2004,ref_audited,cand_A,A,32.0,1997,225.0,258.0,33.0,33.0,PASS,38.53846153846154,False
Kochi,1990-2004,ref_audited,cand_A,A,32.0,1998,188.0,226.0,38.0,38.0,PASS,38.53846153846154,False
Kochi,1990-2004,ref_audited,cand_A,A,32.0,1999,174.0,195.0,21.0,21.0,PASS,38.53846153846154,False
Kochi,1990-2004,ref_audited,cand_A,A,32.0,2000,188.0,215.0,27.0,27.0,PASS,38.53846153846154,False
Kochi,1990-2004,ref_audited,cand_A,A,32.0,2001,187.0,212.0,25.0,25.0,PASS,38.53846153846154,False
Kochi,1990-2004,ref_audited,cand_A,A,32.0,2002,206.0,230.0,24.0,24.0,PASS,38.53846153846154,False
Kochi,1990-2004,ref_audited,cand_A,A,32.0,2003,223.0,235.0,12.0,12.0,PASS,38.53846153846154,False
Kochi,1990-2004,ref_audited,cand_B,B,28.0,1991,356.0,352.0,-4.0,4.0,PASS,71.2,False
Kochi,1990-2004,ref_audited,cand_B,B,28.0,1992,349.0,343.0,-6.0,6.0,PASS,71.2,False
Kochi,1990-2004,ref_audited,cand_B,B,28.0,1993,358.0,347.0,-11.0,11.0,PASS,71.2,False
Kochi,1990-2004,ref_audited,cand_B,B,28.0,1994,359.0,352.0,-7.0,7.0,PASS,71.2,False
Kochi,1990-2004,ref_audited,cand_B,B,28.0,1995,356.0,352.0,-4.0,4.0,PASS,71.2,False
Kochi,1990-2004,ref_audited,cand_B,B,28.0,1996,355.0,344.0,-11.0,11.0,PASS,71.2,False
Kochi,1990-2004,ref_audited,cand_B,B,28.0,1997,361.0,357.0,-4.0,4.0,PASS,71.2,False
Kochi,1990-2004,ref_audited,cand_B,B,28.0,1998,360.0,352.0,-8.0,8.0,PASS,71.2,False
Kochi,1990-2004,ref_audited,cand_B,B,28.0,1999,356.0,349.0,-7.0,7.0,PASS,71.2,False
Kochi,1990-2004,ref_audited,cand_B,B,28.0,2000,347.0,341.0,-6.0,6.0,PASS,71.2,False
Kochi,1990-2004,ref_audited,cand_B,B,28.0,2001,355.0,345.0,-10.0,10.0,PASS,71.2,False
Kochi,1990-2004,ref_audited,cand_B,B,28.0,2002,354.0,353.0,-1.0,1.0,PASS,71.2,False
Kochi,1990-2004,ref_audited,cand_B,B,28.0,2003,362.0,350.0,-12.0,12.0,PASS,71.2,False
Kochi,1990-2004,ref_audited,cand_B,B,30.0,1991,312.0,316.0,4.0,4.0,PASS,62.21538461538462,False
Kochi,1990-2004,ref_audited,cand_B,B,30.0,1992,290.0,274.0,-16.0,16.0,PASS,62.21538461538462,False
Kochi,1990-2004,ref_audited,cand_B,B,30.0,1993,294.0,294.0,0.0,0.0,PASS,62.21538461538462,False
Kochi,1990-2004,ref_audited,cand_B,B,30.0,1994,306.0,310.0,4.0,4.0,PASS,62.21538461538462,False
Kochi,1990-2004,ref_audited,cand_B,B,30.0,1995,317.0,309.0,-8.0,8.0,PASS,62.21538461538462,False
Kochi,1990-2004,ref_audited,cand_B,B,30.0,1996,301.0,297.0,-4.0,4.0,PASS,62.21538461538462,False
Kochi,1990-2004,ref_audited,cand_B,B,30.0,1997,318.0,316.0,-2.0,2.0,PASS,62.21538461538462,False
Kochi,1990-2004,ref_audited,cand_B,B,30.0,1998,318.0,307.0,-11.0,11.0,PASS,62.21538461538462,False
Kochi,1990-2004,ref_audited,cand_B,B,30.0,1999,308.0,303.0,-5.0,5.0,PASS,62.21538461538462,False
Kochi,1990-2004,ref_audited,cand_B,B,30.0,2000,311.0,310.0,-1.0,1.0,PASS,62.21538461538462,False
Kochi,1990-2004,ref_audited,cand_B,B,30.0,2001,310.0,309.0,-1.0,1.0,PASS,62.21538461538462,False
Kochi,1990-2004,ref_audited,cand_B,B,30.0,2002,325.0,327.0,2.0,2.0,PASS,62.21538461538462,False
Kochi,1990-2004,ref_audited,cand_B,B,30.0,2003,334.0,319.0,-15.0,15.0,PASS,62.21538461538462,False
Kochi,1990-2004,ref_audited,cand_B,B,32.0,1991,197.0,204.0,7.0,7.0,PASS,38.53846153846154,False
Kochi,1990-2004,ref_audited,cand_B,B,32.0,1992,168.0,151.0,-17.0,17.0,PASS,38.53846153846154,False
Kochi,1990-2004,ref_audited,cand_B,B,32.0,1993,177.0,170.0,-7.0,7.0,PASS,38.53846153846154,False
Kochi,1990-2004,ref_audited,cand_B,B,32.0,1994,203.0,185.0,-18.0,18.0,PASS,38.53846153846154,False
Kochi,1990-2004,ref_audited,cand_B,B,32.0,1995,197.0,178.0,-19.0,19.0,PASS,38.53846153846154,False
Kochi,1990-2004,ref_audited,cand_B,B,32.0,1996,172.0,177.0,5.0,5.0,PASS,38.53846153846154,False
Kochi,1990-2004,ref_audited,cand_B,B,32.0,1997,225.0,231.0,6.0,6.0,PASS,38.53846153846154,False
Kochi,1990-2004,ref_audited,cand_B,B,32.0,1998,188.0,199.0,11.0,11.0,PASS,38.53846153846154,False
Kochi,1990-2004,ref_audited,cand_B,B,32.0,1999,174.0,162.0,-12.0,12.0,PASS,38.53846153846154,False
Kochi,1990-2004,ref_audited,cand_B,B,32.0,2000,188.0,183.0,-5.0,5.0,PASS,38.53846153846154,False
Kochi,1990-2004,ref_audited,cand_B,B,32.0,2001,187.0,191.0,4.0,4.0,PASS,38.53846153846154,False
Kochi,1990-2004,ref_audited,cand_B,B,32.0,2002,206.0,207.0,1.0,1.0,PASS,38.53846153846154,False
Kochi,1990-2004,ref_audited,cand_B,B,32.0,2003,223.0,213.0,-10.0,10.0,PASS,38.53846153846154,False
Kochi,1990-2004,ref_audited,cand_C,C,28.0,1991,356.0,354.0,-2.0,2.0,PASS,71.2,False
Kochi,1990-2004,ref_audited,cand_C,C,28.0,1992,349.0,349.0,0.0,0.0,PASS,71.2,False
Kochi,1990-2004,ref_audited,cand_C,C,28.0,1993,358.0,353.0,-5.0,5.0,PASS,71.2,False
Kochi,1990-2004,ref_audited,cand_C,C,28.0,1994,359.0,356.0,-3.0,3.0,PASS,71.2,False
Kochi,1990-2004,ref_audited,cand_C,C,28.0,1995,356.0,354.0,-2.0,2.0,PASS,71.2,False
Kochi,1990-2004,ref_audited,cand_C,C,28.0,1996,355.0,351.0,-4.0,4.0,PASS,71.2,False
Kochi,1990-2004,ref_audited,cand_C,C,28.0,1997,361.0,359.0,-2.0,2.0,PASS,71.2,False
Kochi,1990-2004,ref_audited,cand_C,C,28.0,1998,360.0,356.0,-4.0,4.0,PASS,71.2,False
Kochi,1990-2004,ref_audited,cand_C,C,28.0,1999,356.0,352.0,-4.0,4.0,PASS,71.2,False
Kochi,1990-2004,ref_audited,cand_C,C,28.0,2000,347.0,343.0,-4.0,4.0,PASS,71.2,False
Kochi,1990-2004,ref_audited,cand_C,C,28.0,2001,355.0,351.0,-4.0,4.0,PASS,71.2,False
Kochi,1990-2004,ref_audited,cand_C,C,28.0,2002,354.0,354.0,0.0,0.0,PASS,71.2,False
Kochi,1990-2004,ref_audited,cand_C,C,28.0,2003,362.0,351.0,-11.0,11.0,PASS,71.2,False
Kochi,1990-2004,ref_audited,cand_C,C,30.0,1991,312.0,325.0,13.0,13.0,PASS,62.21538461538462,False
Kochi,1990-2004,ref_audited,cand_C,C,30.0,1992,290.0,298.0,8.0,8.0,PASS,62.21538461538462,False
Kochi,1990-2004,ref_audited,cand_C,C,30.0,1993,294.0,309.0,15.0,15.0,PASS,62.21538461538462,False
Kochi,1990-2004,ref_audited,cand_C,C,30.0,1994,306.0,325.0,19.0,19.0,PASS,62.21538461538462,False
Kochi,1990-2004,ref_audited,cand_C,C,30.0,1995,317.0,325.0,8.0,8.0,PASS,62.21538461538462,False
Kochi,1990-2004,ref_audited,cand_C,C,30.0,1996,301.0,306.0,5.0,5.0,PASS,62.21538461538462,False
Kochi,1990-2004,ref_audited,cand_C,C,30.0,1997,318.0,329.0,11.0,11.0,PASS,62.21538461538462,False
Kochi,1990-2004,ref_audited,cand_C,C,30.0,1998,318.0,318.0,0.0,0.0,PASS,62.21538461538462,False
Kochi,1990-2004,ref_audited,cand_C,C,30.0,1999,308.0,318.0,10.0,10.0,PASS,62.21538461538462,False
Kochi,1990-2004,ref_audited,cand_C,C,30.0,2000,311.0,323.0,12.0,12.0,PASS,62.21538461538462,False
Kochi,1990-2004,ref_audited,cand_C,C,30.0,2001,310.0,320.0,10.0,10.0,PASS,62.21538461538462,False
Kochi,1990-2004,ref_audited,cand_C,C,30.0,2002,325.0,334.0,9.0,9.0,PASS,62.21538461538462,False
Kochi,1990-2004,ref_audited,cand_C,C,30.0,2003,334.0,328.0,-6.0,6.0,PASS,62.21538461538462,False
Kochi,1990-2004,ref_audited,cand_C,C,32.0,1991,197.0,239.0,42.0,42.0,PASS,38.53846153846154,True
Kochi,1990-2004,ref_audited,cand_C,C,32.0,1992,168.0,186.0,18.0,18.0,PASS,38.53846153846154,False
Kochi,1990-2004,ref_audited,cand_C,C,32.0,1993,177.0,208.0,31.0,31.0,PASS,38.53846153846154,False
Kochi,1990-2004,ref_audited,cand_C,C,32.0,1994,203.0,233.0,30.0,30.0,PASS,38.53846153846154,False
Kochi,1990-2004,ref_audited,cand_C,C,32.0,1995,197.0,220.0,23.0,23.0,PASS,38.53846153846154,False
Kochi,1990-2004,ref_audited,cand_C,C,32.0,1996,172.0,215.0,43.0,43.0,PASS,38.53846153846154,True
Kochi,1990-2004,ref_audited,cand_C,C,32.0,1997,225.0,270.0,45.0,45.0,PASS,38.53846153846154,True
Kochi,1990-2004,ref_audited,cand_C,C,32.0,1998,188.0,238.0,50.0,50.0,PASS,38.53846153846154,True
Kochi,1990-2004,ref_audited,cand_C,C,32.0,1999,174.0,214.0,40.0,40.0,PASS,38.53846153846154,True
Kochi,1990-2004,ref_audited,cand_C,C,32.0,2000,188.0,232.0,44.0,44.0,PASS,38.53846153846154,True
Kochi,1990-2004,ref_audited,cand_C,C,32.0,2001,187.0,230.0,43.0,43.0,PASS,38.53846153846154,True
Kochi,1990-2004,ref_audited,cand_C,C,32.0,2002,206.0,251.0,45.0,45.0,PASS,38.53846153846154,True
Kochi,1990-2004,ref_audited,cand_C,C,32.0,2003,223.0,259.0,36.0,36.0,PASS,38.53846153846154,False
Kochi,1990-2004,ref_audited,cand_D,D,28.0,1991,356.0,354.0,-2.0,2.0,PASS,71.2,False
Kochi,1990-2004,ref_audited,cand_D,D,28.0,1992,349.0,348.0,-1.0,1.0,PASS,71.2,False
Kochi,1990-2004,ref_audited,cand_D,D,28.0,1993,358.0,353.0,-5.0,5.0,PASS,71.2,False
Kochi,1990-2004,ref_audited,cand_D,D,28.0,1994,359.0,355.0,-4.0,4.0,PASS,71.2,False
Kochi,1990-2004,ref_audited,cand_D,D,28.0,1995,356.0,354.0,-2.0,2.0,PASS,71.2,False
Kochi,1990-2004,ref_audited,cand_D,D,28.0,1996,355.0,349.0,-6.0,6.0,PASS,71.2,False
Kochi,1990-2004,ref_audited,cand_D,D,28.0,1997,361.0,359.0,-2.0,2.0,PASS,71.2,False
Kochi,1990-2004,ref_audited,cand_D,D,28.0,1998,360.0,355.0,-5.0,5.0,PASS,71.2,False
Kochi,1990-2004,ref_audited,cand_D,D,28.0,1999,356.0,352.0,-4.0,4.0,PASS,71.2,False
Kochi,1990-2004,ref_audited,cand_D,D,28.0,2000,347.0,343.0,-4.0,4.0,PASS,71.2,False
Kochi,1990-2004,ref_audited,cand_D,D,28.0,2001,355.0,351.0,-4.0,4.0,PASS,71.2,False
Kochi,1990-2004,ref_audited,cand_D,D,28.0,2002,354.0,354.0,0.0,0.0,PASS,71.2,False
Kochi,1990-2004,ref_audited,cand_D,D,28.0,2003,362.0,351.0,-11.0,11.0,PASS,71.2,False
Kochi,1990-2004,ref_audited,cand_D,D,30.0,1991,312.0,322.0,10.0,10.0,PASS,62.21538461538462,False
Kochi,1990-2004,ref_audited,cand_D,D,30.0,1992,290.0,285.0,-5.0,5.0,PASS,62.21538461538462,False
Kochi,1990-2004,ref_audited,cand_D,D,30.0,1993,294.0,299.0,5.0,5.0,PASS,62.21538461538462,False
Kochi,1990-2004,ref_audited,cand_D,D,30.0,1994,306.0,320.0,14.0,14.0,PASS,62.21538461538462,False
Kochi,1990-2004,ref_audited,cand_D,D,30.0,1995,317.0,318.0,1.0,1.0,PASS,62.21538461538462,False
Kochi,1990-2004,ref_audited,cand_D,D,30.0,1996,301.0,305.0,4.0,4.0,PASS,62.21538461538462,False
Kochi,1990-2004,ref_audited,cand_D,D,30.0,1997,318.0,322.0,4.0,4.0,PASS,62.21538461538462,False
Kochi,1990-2004,ref_audited,cand_D,D,30.0,1998,318.0,312.0,-6.0,6.0,PASS,62.21538461538462,False
Kochi,1990-2004,ref_audited,cand_D,D,30.0,1999,308.0,308.0,0.0,0.0,PASS,62.21538461538462,False
Kochi,1990-2004,ref_audited,cand_D,D,30.0,2000,311.0,319.0,8.0,8.0,PASS,62.21538461538462,False
Kochi,1990-2004,ref_audited,cand_D,D,30.0,2001,310.0,316.0,6.0,6.0,PASS,62.21538461538462,False
Kochi,1990-2004,ref_audited,cand_D,D,30.0,2002,325.0,333.0,8.0,8.0,PASS,62.21538461538462,False
Kochi,1990-2004,ref_audited,cand_D,D,30.0,2003,334.0,326.0,-8.0,8.0,PASS,62.21538461538462,False
Kochi,1990-2004,ref_audited,cand_D,D,32.0,1991,197.0,217.0,20.0,20.0,PASS,38.53846153846154,False
Kochi,1990-2004,ref_audited,cand_D,D,32.0,1992,168.0,162.0,-6.0,6.0,PASS,38.53846153846154,False
Kochi,1990-2004,ref_audited,cand_D,D,32.0,1993,177.0,187.0,10.0,10.0,PASS,38.53846153846154,False
Kochi,1990-2004,ref_audited,cand_D,D,32.0,1994,203.0,206.0,3.0,3.0,PASS,38.53846153846154,False
Kochi,1990-2004,ref_audited,cand_D,D,32.0,1995,197.0,190.0,-7.0,7.0,PASS,38.53846153846154,False
Kochi,1990-2004,ref_audited,cand_D,D,32.0,1996,172.0,190.0,18.0,18.0,PASS,38.53846153846154,False
Kochi,1990-2004,ref_audited,cand_D,D,32.0,1997,225.0,248.0,23.0,23.0,PASS,38.53846153846154,False
Kochi,1990-2004,ref_audited,cand_D,D,32.0,1998,188.0,217.0,29.0,29.0,PASS,38.53846153846154,False
Kochi,1990-2004,ref_audited,cand_D,D,32.0,1999,174.0,187.0,13.0,13.0,PASS,38.53846153846154,False
Kochi,1990-2004,ref_audited,cand_D,D,32.0,2000,188.0,206.0,18.0,18.0,PASS,38.53846153846154,False
Kochi,1990-2004,ref_audited,cand_D,D,32.0,2001,187.0,211.0,24.0,24.0,PASS,38.53846153846154,False
Kochi,1990-2004,ref_audited,cand_D,D,32.0,2002,206.0,224.0,18.0,18.0,PASS,38.53846153846154,False
Kochi,1990-2004,ref_audited,cand_D,D,32.0,2003,223.0,236.0,13.0,13.0,PASS,38.53846153846154,False
Kochi,1990-2004,ref_R3_midpoint,cand_A,A,28.0,1991,356.0,354.0,-2.0,2.0,PASS,70.92307692307693,False
Kochi,1990-2004,ref_R3_midpoint,cand_A,A,28.0,1992,347.0,345.0,-2.0,2.0,PASS,70.92307692307693,False
Kochi,1990-2004,ref_R3_midpoint,cand_A,A,28.0,1993,354.0,348.0,-6.0,6.0,PASS,70.92307692307693,False
Kochi,1990-2004,ref_R3_midpoint,cand_A,A,28.0,1994,359.0,352.0,-7.0,7.0,PASS,70.92307692307693,False
Kochi,1990-2004,ref_R3_midpoint,cand_A,A,28.0,1995,356.0,353.0,-3.0,3.0,PASS,70.92307692307693,False
Kochi,1990-2004,ref_R3_midpoint,cand_A,A,28.0,1996,351.0,344.0,-7.0,7.0,PASS,70.92307692307693,False
Kochi,1990-2004,ref_R3_midpoint,cand_A,A,28.0,1997,360.0,357.0,-3.0,3.0,PASS,70.92307692307693,False
Kochi,1990-2004,ref_R3_midpoint,cand_A,A,28.0,1998,358.0,353.0,-5.0,5.0,PASS,70.92307692307693,False
Kochi,1990-2004,ref_R3_midpoint,cand_A,A,28.0,1999,357.0,350.0,-7.0,7.0,PASS,70.92307692307693,False
Kochi,1990-2004,ref_R3_midpoint,cand_A,A,28.0,2000,345.0,343.0,-2.0,2.0,PASS,70.92307692307693,False
Kochi,1990-2004,ref_R3_midpoint,cand_A,A,28.0,2001,354.0,346.0,-8.0,8.0,PASS,70.92307692307693,False
Kochi,1990-2004,ref_R3_midpoint,cand_A,A,28.0,2002,354.0,354.0,0.0,0.0,PASS,70.92307692307693,False
Kochi,1990-2004,ref_R3_midpoint,cand_A,A,28.0,2003,359.0,351.0,-8.0,8.0,PASS,70.92307692307693,False
Kochi,1990-2004,ref_R3_midpoint,cand_A,A,30.0,1991,307.0,320.0,13.0,13.0,PASS,61.64615384615385,False
Kochi,1990-2004,ref_R3_midpoint,cand_A,A,30.0,1992,286.0,283.0,-3.0,3.0,PASS,61.64615384615385,False
Kochi,1990-2004,ref_R3_midpoint,cand_A,A,30.0,1993,297.0,302.0,5.0,5.0,PASS,61.64615384615385,False
Kochi,1990-2004,ref_R3_midpoint,cand_A,A,30.0,1994,304.0,313.0,9.0,9.0,PASS,61.64615384615385,False
Kochi,1990-2004,ref_R3_midpoint,cand_A,A,30.0,1995,312.0,314.0,2.0,2.0,PASS,61.64615384615385,False
Kochi,1990-2004,ref_R3_midpoint,cand_A,A,30.0,1996,298.0,302.0,4.0,4.0,PASS,61.64615384615385,False
Kochi,1990-2004,ref_R3_midpoint,cand_A,A,30.0,1997,317.0,319.0,2.0,2.0,PASS,61.64615384615385,False
Kochi,1990-2004,ref_R3_midpoint,cand_A,A,30.0,1998,312.0,309.0,-3.0,3.0,PASS,61.64615384615385,False
Kochi,1990-2004,ref_R3_midpoint,cand_A,A,30.0,1999,306.0,305.0,-1.0,1.0,PASS,61.64615384615385,False
Kochi,1990-2004,ref_R3_midpoint,cand_A,A,30.0,2000,307.0,316.0,9.0,9.0,PASS,61.64615384615385,False
Kochi,1990-2004,ref_R3_midpoint,cand_A,A,30.0,2001,304.0,312.0,8.0,8.0,PASS,61.64615384615385,False
Kochi,1990-2004,ref_R3_midpoint,cand_A,A,30.0,2002,322.0,329.0,7.0,7.0,PASS,61.64615384615385,False
Kochi,1990-2004,ref_R3_midpoint,cand_A,A,30.0,2003,335.0,320.0,-15.0,15.0,PASS,61.64615384615385,False
Kochi,1990-2004,ref_R3_midpoint,cand_A,A,32.0,1991,197.0,224.0,27.0,27.0,PASS,38.400000000000006,False
Kochi,1990-2004,ref_R3_midpoint,cand_A,A,32.0,1992,166.0,174.0,8.0,8.0,PASS,38.400000000000006,False
Kochi,1990-2004,ref_R3_midpoint,cand_A,A,32.0,1993,175.0,196.0,21.0,21.0,PASS,38.400000000000006,False
Kochi,1990-2004,ref_R3_midpoint,cand_A,A,32.0,1994,199.0,215.0,16.0,16.0,PASS,38.400000000000006,False
Kochi,1990-2004,ref_R3_midpoint,cand_A,A,32.0,1995,200.0,210.0,10.0,10.0,PASS,38.400000000000006,False
Kochi,1990-2004,ref_R3_midpoint,cand_A,A,32.0,1996,175.0,203.0,28.0,28.0,PASS,38.400000000000006,False
Kochi,1990-2004,ref_R3_midpoint,cand_A,A,32.0,1997,226.0,258.0,32.0,32.0,PASS,38.400000000000006,False
Kochi,1990-2004,ref_R3_midpoint,cand_A,A,32.0,1998,188.0,226.0,38.0,38.0,PASS,38.400000000000006,False
Kochi,1990-2004,ref_R3_midpoint,cand_A,A,32.0,1999,172.0,195.0,23.0,23.0,PASS,38.400000000000006,False
Kochi,1990-2004,ref_R3_midpoint,cand_A,A,32.0,2000,194.0,215.0,21.0,21.0,PASS,38.400000000000006,False
Kochi,1990-2004,ref_R3_midpoint,cand_A,A,32.0,2001,184.0,212.0,28.0,28.0,PASS,38.400000000000006,False
Kochi,1990-2004,ref_R3_midpoint,cand_A,A,32.0,2002,199.0,230.0,31.0,31.0,PASS,38.400000000000006,False
Kochi,1990-2004,ref_R3_midpoint,cand_A,A,32.0,2003,221.0,235.0,14.0,14.0,PASS,38.400000000000006,False
Kochi,1990-2004,ref_R3_midpoint,cand_B,B,28.0,1991,356.0,352.0,-4.0,4.0,PASS,70.92307692307693,False
Kochi,1990-2004,ref_R3_midpoint,cand_B,B,28.0,1992,347.0,343.0,-4.0,4.0,PASS,70.92307692307693,False
Kochi,1990-2004,ref_R3_midpoint,cand_B,B,28.0,1993,354.0,347.0,-7.0,7.0,PASS,70.92307692307693,False
Kochi,1990-2004,ref_R3_midpoint,cand_B,B,28.0,1994,359.0,352.0,-7.0,7.0,PASS,70.92307692307693,False
Kochi,1990-2004,ref_R3_midpoint,cand_B,B,28.0,1995,356.0,352.0,-4.0,4.0,PASS,70.92307692307693,False
Kochi,1990-2004,ref_R3_midpoint,cand_B,B,28.0,1996,351.0,344.0,-7.0,7.0,PASS,70.92307692307693,False
Kochi,1990-2004,ref_R3_midpoint,cand_B,B,28.0,1997,360.0,357.0,-3.0,3.0,PASS,70.92307692307693,False
Kochi,1990-2004,ref_R3_midpoint,cand_B,B,28.0,1998,358.0,352.0,-6.0,6.0,PASS,70.92307692307693,False
Kochi,1990-2004,ref_R3_midpoint,cand_B,B,28.0,1999,357.0,349.0,-8.0,8.0,PASS,70.92307692307693,False
Kochi,1990-2004,ref_R3_midpoint,cand_B,B,28.0,2000,345.0,341.0,-4.0,4.0,PASS,70.92307692307693,False
Kochi,1990-2004,ref_R3_midpoint,cand_B,B,28.0,2001,354.0,345.0,-9.0,9.0,PASS,70.92307692307693,False
Kochi,1990-2004,ref_R3_midpoint,cand_B,B,28.0,2002,354.0,353.0,-1.0,1.0,PASS,70.92307692307693,False
Kochi,1990-2004,ref_R3_midpoint,cand_B,B,28.0,2003,359.0,350.0,-9.0,9.0,PASS,70.92307692307693,False
Kochi,1990-2004,ref_R3_midpoint,cand_B,B,30.0,1991,307.0,316.0,9.0,9.0,PASS,61.64615384615385,False
Kochi,1990-2004,ref_R3_midpoint,cand_B,B,30.0,1992,286.0,274.0,-12.0,12.0,PASS,61.64615384615385,False
Kochi,1990-2004,ref_R3_midpoint,cand_B,B,30.0,1993,297.0,294.0,-3.0,3.0,PASS,61.64615384615385,False
Kochi,1990-2004,ref_R3_midpoint,cand_B,B,30.0,1994,304.0,310.0,6.0,6.0,PASS,61.64615384615385,False
Kochi,1990-2004,ref_R3_midpoint,cand_B,B,30.0,1995,312.0,309.0,-3.0,3.0,PASS,61.64615384615385,False
Kochi,1990-2004,ref_R3_midpoint,cand_B,B,30.0,1996,298.0,297.0,-1.0,1.0,PASS,61.64615384615385,False
Kochi,1990-2004,ref_R3_midpoint,cand_B,B,30.0,1997,317.0,316.0,-1.0,1.0,PASS,61.64615384615385,False
Kochi,1990-2004,ref_R3_midpoint,cand_B,B,30.0,1998,312.0,307.0,-5.0,5.0,PASS,61.64615384615385,False
Kochi,1990-2004,ref_R3_midpoint,cand_B,B,30.0,1999,306.0,303.0,-3.0,3.0,PASS,61.64615384615385,False
Kochi,1990-2004,ref_R3_midpoint,cand_B,B,30.0,2000,307.0,310.0,3.0,3.0,PASS,61.64615384615385,False
Kochi,1990-2004,ref_R3_midpoint,cand_B,B,30.0,2001,304.0,309.0,5.0,5.0,PASS,61.64615384615385,False
Kochi,1990-2004,ref_R3_midpoint,cand_B,B,30.0,2002,322.0,327.0,5.0,5.0,PASS,61.64615384615385,False
Kochi,1990-2004,ref_R3_midpoint,cand_B,B,30.0,2003,335.0,319.0,-16.0,16.0,PASS,61.64615384615385,False
Kochi,1990-2004,ref_R3_midpoint,cand_B,B,32.0,1991,197.0,204.0,7.0,7.0,PASS,38.400000000000006,False
Kochi,1990-2004,ref_R3_midpoint,cand_B,B,32.0,1992,166.0,151.0,-15.0,15.0,PASS,38.400000000000006,False
Kochi,1990-2004,ref_R3_midpoint,cand_B,B,32.0,1993,175.0,170.0,-5.0,5.0,PASS,38.400000000000006,False
Kochi,1990-2004,ref_R3_midpoint,cand_B,B,32.0,1994,199.0,185.0,-14.0,14.0,PASS,38.400000000000006,False
Kochi,1990-2004,ref_R3_midpoint,cand_B,B,32.0,1995,200.0,178.0,-22.0,22.0,PASS,38.400000000000006,False
Kochi,1990-2004,ref_R3_midpoint,cand_B,B,32.0,1996,175.0,177.0,2.0,2.0,PASS,38.400000000000006,False
Kochi,1990-2004,ref_R3_midpoint,cand_B,B,32.0,1997,226.0,231.0,5.0,5.0,PASS,38.400000000000006,False
Kochi,1990-2004,ref_R3_midpoint,cand_B,B,32.0,1998,188.0,199.0,11.0,11.0,PASS,38.400000000000006,False
Kochi,1990-2004,ref_R3_midpoint,cand_B,B,32.0,1999,172.0,162.0,-10.0,10.0,PASS,38.400000000000006,False
Kochi,1990-2004,ref_R3_midpoint,cand_B,B,32.0,2000,194.0,183.0,-11.0,11.0,PASS,38.400000000000006,False
Kochi,1990-2004,ref_R3_midpoint,cand_B,B,32.0,2001,184.0,191.0,7.0,7.0,PASS,38.400000000000006,False
Kochi,1990-2004,ref_R3_midpoint,cand_B,B,32.0,2002,199.0,207.0,8.0,8.0,PASS,38.400000000000006,False
Kochi,1990-2004,ref_R3_midpoint,cand_B,B,32.0,2003,221.0,213.0,-8.0,8.0,PASS,38.400000000000006,False
Kochi,1990-2004,ref_R3_midpoint,cand_C,C,28.0,1991,356.0,354.0,-2.0,2.0,PASS,70.92307692307693,False
Kochi,1990-2004,ref_R3_midpoint,cand_C,C,28.0,1992,347.0,349.0,2.0,2.0,PASS,70.92307692307693,False
Kochi,1990-2004,ref_R3_midpoint,cand_C,C,28.0,1993,354.0,353.0,-1.0,1.0,PASS,70.92307692307693,False
Kochi,1990-2004,ref_R3_midpoint,cand_C,C,28.0,1994,359.0,356.0,-3.0,3.0,PASS,70.92307692307693,False
Kochi,1990-2004,ref_R3_midpoint,cand_C,C,28.0,1995,356.0,354.0,-2.0,2.0,PASS,70.92307692307693,False
Kochi,1990-2004,ref_R3_midpoint,cand_C,C,28.0,1996,351.0,351.0,0.0,0.0,PASS,70.92307692307693,False
Kochi,1990-2004,ref_R3_midpoint,cand_C,C,28.0,1997,360.0,359.0,-1.0,1.0,PASS,70.92307692307693,False
Kochi,1990-2004,ref_R3_midpoint,cand_C,C,28.0,1998,358.0,356.0,-2.0,2.0,PASS,70.92307692307693,False
Kochi,1990-2004,ref_R3_midpoint,cand_C,C,28.0,1999,357.0,352.0,-5.0,5.0,PASS,70.92307692307693,False
Kochi,1990-2004,ref_R3_midpoint,cand_C,C,28.0,2000,345.0,343.0,-2.0,2.0,PASS,70.92307692307693,False
Kochi,1990-2004,ref_R3_midpoint,cand_C,C,28.0,2001,354.0,351.0,-3.0,3.0,PASS,70.92307692307693,False
Kochi,1990-2004,ref_R3_midpoint,cand_C,C,28.0,2002,354.0,354.0,0.0,0.0,PASS,70.92307692307693,False
Kochi,1990-2004,ref_R3_midpoint,cand_C,C,28.0,2003,359.0,351.0,-8.0,8.0,PASS,70.92307692307693,False
Kochi,1990-2004,ref_R3_midpoint,cand_C,C,30.0,1991,307.0,325.0,18.0,18.0,PASS,61.64615384615385,False
Kochi,1990-2004,ref_R3_midpoint,cand_C,C,30.0,1992,286.0,298.0,12.0,12.0,PASS,61.64615384615385,False
Kochi,1990-2004,ref_R3_midpoint,cand_C,C,30.0,1993,297.0,309.0,12.0,12.0,PASS,61.64615384615385,False
Kochi,1990-2004,ref_R3_midpoint,cand_C,C,30.0,1994,304.0,325.0,21.0,21.0,PASS,61.64615384615385,False
Kochi,1990-2004,ref_R3_midpoint,cand_C,C,30.0,1995,312.0,325.0,13.0,13.0,PASS,61.64615384615385,False
Kochi,1990-2004,ref_R3_midpoint,cand_C,C,30.0,1996,298.0,306.0,8.0,8.0,PASS,61.64615384615385,False
Kochi,1990-2004,ref_R3_midpoint,cand_C,C,30.0,1997,317.0,329.0,12.0,12.0,PASS,61.64615384615385,False
Kochi,1990-2004,ref_R3_midpoint,cand_C,C,30.0,1998,312.0,318.0,6.0,6.0,PASS,61.64615384615385,False
Kochi,1990-2004,ref_R3_midpoint,cand_C,C,30.0,1999,306.0,318.0,12.0,12.0,PASS,61.64615384615385,False
Kochi,1990-2004,ref_R3_midpoint,cand_C,C,30.0,2000,307.0,323.0,16.0,16.0,PASS,61.64615384615385,False
Kochi,1990-2004,ref_R3_midpoint,cand_C,C,30.0,2001,304.0,320.0,16.0,16.0,PASS,61.64615384615385,False
Kochi,1990-2004,ref_R3_midpoint,cand_C,C,30.0,2002,322.0,334.0,12.0,12.0,PASS,61.64615384615385,False
Kochi,1990-2004,ref_R3_midpoint,cand_C,C,30.0,2003,335.0,328.0,-7.0,7.0,PASS,61.64615384615385,False
Kochi,1990-2004,ref_R3_midpoint,cand_C,C,32.0,1991,197.0,239.0,42.0,42.0,PASS,38.400000000000006,True
Kochi,1990-2004,ref_R3_midpoint,cand_C,C,32.0,1992,166.0,186.0,20.0,20.0,PASS,38.400000000000006,False
Kochi,1990-2004,ref_R3_midpoint,cand_C,C,32.0,1993,175.0,208.0,33.0,33.0,PASS,38.400000000000006,False
Kochi,1990-2004,ref_R3_midpoint,cand_C,C,32.0,1994,199.0,233.0,34.0,34.0,PASS,38.400000000000006,False
Kochi,1990-2004,ref_R3_midpoint,cand_C,C,32.0,1995,200.0,220.0,20.0,20.0,PASS,38.400000000000006,False
Kochi,1990-2004,ref_R3_midpoint,cand_C,C,32.0,1996,175.0,215.0,40.0,40.0,PASS,38.400000000000006,True
Kochi,1990-2004,ref_R3_midpoint,cand_C,C,32.0,1997,226.0,270.0,44.0,44.0,PASS,38.400000000000006,True
Kochi,1990-2004,ref_R3_midpoint,cand_C,C,32.0,1998,188.0,238.0,50.0,50.0,PASS,38.400000000000006,True
Kochi,1990-2004,ref_R3_midpoint,cand_C,C,32.0,1999,172.0,214.0,42.0,42.0,PASS,38.400000000000006,True
Kochi,1990-2004,ref_R3_midpoint,cand_C,C,32.0,2000,194.0,232.0,38.0,38.0,PASS,38.400000000000006,False
Kochi,1990-2004,ref_R3_midpoint,cand_C,C,32.0,2001,184.0,230.0,46.0,46.0,PASS,38.400000000000006,True
Kochi,1990-2004,ref_R3_midpoint,cand_C,C,32.0,2002,199.0,251.0,52.0,52.0,PASS,38.400000000000006,True
Kochi,1990-2004,ref_R3_midpoint,cand_C,C,32.0,2003,221.0,259.0,38.0,38.0,PASS,38.400000000000006,False
Kochi,1990-2004,ref_R3_midpoint,cand_D,D,28.0,1991,356.0,354.0,-2.0,2.0,PASS,70.92307692307693,False
Kochi,1990-2004,ref_R3_midpoint,cand_D,D,28.0,1992,347.0,348.0,1.0,1.0,PASS,70.92307692307693,False
Kochi,1990-2004,ref_R3_midpoint,cand_D,D,28.0,1993,354.0,353.0,-1.0,1.0,PASS,70.92307692307693,False
Kochi,1990-2004,ref_R3_midpoint,cand_D,D,28.0,1994,359.0,355.0,-4.0,4.0,PASS,70.92307692307693,False
Kochi,1990-2004,ref_R3_midpoint,cand_D,D,28.0,1995,356.0,354.0,-2.0,2.0,PASS,70.92307692307693,False
Kochi,1990-2004,ref_R3_midpoint,cand_D,D,28.0,1996,351.0,349.0,-2.0,2.0,PASS,70.92307692307693,False
Kochi,1990-2004,ref_R3_midpoint,cand_D,D,28.0,1997,360.0,359.0,-1.0,1.0,PASS,70.92307692307693,False
Kochi,1990-2004,ref_R3_midpoint,cand_D,D,28.0,1998,358.0,355.0,-3.0,3.0,PASS,70.92307692307693,False
Kochi,1990-2004,ref_R3_midpoint,cand_D,D,28.0,1999,357.0,352.0,-5.0,5.0,PASS,70.92307692307693,False
Kochi,1990-2004,ref_R3_midpoint,cand_D,D,28.0,2000,345.0,343.0,-2.0,2.0,PASS,70.92307692307693,False
Kochi,1990-2004,ref_R3_midpoint,cand_D,D,28.0,2001,354.0,351.0,-3.0,3.0,PASS,70.92307692307693,False
Kochi,1990-2004,ref_R3_midpoint,cand_D,D,28.0,2002,354.0,354.0,0.0,0.0,PASS,70.92307692307693,False
Kochi,1990-2004,ref_R3_midpoint,cand_D,D,28.0,2003,359.0,351.0,-8.0,8.0,PASS,70.92307692307693,False
Kochi,1990-2004,ref_R3_midpoint,cand_D,D,30.0,1991,307.0,322.0,15.0,15.0,PASS,61.64615384615385,False
Kochi,1990-2004,ref_R3_midpoint,cand_D,D,30.0,1992,286.0,285.0,-1.0,1.0,PASS,61.64615384615385,False
Kochi,1990-2004,ref_R3_midpoint,cand_D,D,30.0,1993,297.0,299.0,2.0,2.0,PASS,61.64615384615385,False
Kochi,1990-2004,ref_R3_midpoint,cand_D,D,30.0,1994,304.0,320.0,16.0,16.0,PASS,61.64615384615385,False
Kochi,1990-2004,ref_R3_midpoint,cand_D,D,30.0,1995,312.0,318.0,6.0,6.0,PASS,61.64615384615385,False
Kochi,1990-2004,ref_R3_midpoint,cand_D,D,30.0,1996,298.0,305.0,7.0,7.0,PASS,61.64615384615385,False
Kochi,1990-2004,ref_R3_midpoint,cand_D,D,30.0,1997,317.0,322.0,5.0,5.0,PASS,61.64615384615385,False
Kochi,1990-2004,ref_R3_midpoint,cand_D,D,30.0,1998,312.0,312.0,0.0,0.0,PASS,61.64615384615385,False
Kochi,1990-2004,ref_R3_midpoint,cand_D,D,30.0,1999,306.0,308.0,2.0,2.0,PASS,61.64615384615385,False
Kochi,1990-2004,ref_R3_midpoint,cand_D,D,30.0,2000,307.0,319.0,12.0,12.0,PASS,61.64615384615385,False
Kochi,1990-2004,ref_R3_midpoint,cand_D,D,30.0,2001,304.0,316.0,12.0,12.0,PASS,61.64615384615385,False
Kochi,1990-2004,ref_R3_midpoint,cand_D,D,30.0,2002,322.0,333.0,11.0,11.0,PASS,61.64615384615385,False
Kochi,1990-2004,ref_R3_midpoint,cand_D,D,30.0,2003,335.0,326.0,-9.0,9.0,PASS,61.64615384615385,False
Kochi,1990-2004,ref_R3_midpoint,cand_D,D,32.0,1991,197.0,217.0,20.0,20.0,PASS,38.400000000000006,False
Kochi,1990-2004,ref_R3_midpoint,cand_D,D,32.0,1992,166.0,162.0,-4.0,4.0,PASS,38.400000000000006,False
Kochi,1990-2004,ref_R3_midpoint,cand_D,D,32.0,1993,175.0,187.0,12.0,12.0,PASS,38.400000000000006,False
Kochi,1990-2004,ref_R3_midpoint,cand_D,D,32.0,1994,199.0,206.0,7.0,7.0,PASS,38.400000000000006,False
Kochi,1990-2004,ref_R3_midpoint,cand_D,D,32.0,1995,200.0,190.0,-10.0,10.0,PASS,38.400000000000006,False
Kochi,1990-2004,ref_R3_midpoint,cand_D,D,32.0,1996,175.0,190.0,15.0,15.0,PASS,38.400000000000006,False
Kochi,1990-2004,ref_R3_midpoint,cand_D,D,32.0,1997,226.0,248.0,22.0,22.0,PASS,38.400000000000006,False
Kochi,1990-2004,ref_R3_midpoint,cand_D,D,32.0,1998,188.0,217.0,29.0,29.0,PASS,38.400000000000006,False
Kochi,1990-2004,ref_R3_midpoint,cand_D,D,32.0,1999,172.0,187.0,15.0,15.0,PASS,38.400000000000006,False
Kochi,1990-2004,ref_R3_midpoint,cand_D,D,32.0,2000,194.0,206.0,12.0,12.0,PASS,38.400000000000006,False
Kochi,1990-2004,ref_R3_midpoint,cand_D,D,32.0,2001,184.0,211.0,27.0,27.0,PASS,38.400000000000006,False
Kochi,1990-2004,ref_R3_midpoint,cand_D,D,32.0,2002,199.0,224.0,25.0,25.0,PASS,38.400000000000006,False
Kochi,1990-2004,ref_R3_midpoint,cand_D,D,32.0,2003,221.0,236.0,15.0,15.0,PASS,38.400000000000006,False
Kolkata,1990-2004,ref_audited,cand_A,A,28.0,1991,258.0,265.0,7.0,7.0,PASS,51.800000000000004,False
Kolkata,1990-2004,ref_audited,cand_A,A,28.0,1992,253.0,257.0,4.0,4.0,PASS,51.800000000000004,False
Kolkata,1990-2004,ref_audited,cand_A,A,28.0,1993,259.0,270.0,11.0,11.0,PASS,51.800000000000004,False
Kolkata,1990-2004,ref_audited,cand_A,A,28.0,1994,256.0,266.0,10.0,10.0,PASS,51.800000000000004,False
Kolkata,1990-2004,ref_audited,cand_A,A,28.0,1995,254.0,262.0,8.0,8.0,PASS,51.800000000000004,False
Kolkata,1990-2004,ref_audited,cand_A,A,28.0,1996,255.0,260.0,5.0,5.0,PASS,51.800000000000004,False
Kolkata,1990-2004,ref_audited,cand_A,A,28.0,1997,269.0,272.0,3.0,3.0,PASS,51.800000000000004,False
Kolkata,1990-2004,ref_audited,cand_A,A,28.0,1998,259.0,266.0,7.0,7.0,PASS,51.800000000000004,False
Kolkata,1990-2004,ref_audited,cand_A,A,28.0,1999,259.0,275.0,16.0,16.0,PASS,51.800000000000004,False
Kolkata,1990-2004,ref_audited,cand_A,A,28.0,2000,262.0,267.0,5.0,5.0,PASS,51.800000000000004,False
Kolkata,1990-2004,ref_audited,cand_A,A,28.0,2001,264.0,276.0,12.0,12.0,PASS,51.800000000000004,False
Kolkata,1990-2004,ref_audited,cand_A,A,28.0,2002,258.0,268.0,10.0,10.0,PASS,51.800000000000004,False
Kolkata,1990-2004,ref_audited,cand_A,A,28.0,2003,261.0,268.0,7.0,7.0,PASS,51.800000000000004,False
Kolkata,1990-2004,ref_audited,cand_A,A,30.0,1991,214.0,231.0,17.0,17.0,PASS,42.753846153846155,False
Kolkata,1990-2004,ref_audited,cand_A,A,30.0,1992,204.0,217.0,13.0,13.0,PASS,42.753846153846155,False
Kolkata,1990-2004,ref_audited,cand_A,A,30.0,1993,199.0,207.0,8.0,8.0,PASS,42.753846153846155,False
Kolkata,1990-2004,ref_audited,cand_A,A,30.0,1994,214.0,222.0,8.0,8.0,PASS,42.753846153846155,False
Kolkata,1990-2004,ref_audited,cand_A,A,30.0,1995,202.0,210.0,8.0,8.0,PASS,42.753846153846155,False
Kolkata,1990-2004,ref_audited,cand_A,A,30.0,1996,210.0,223.0,13.0,13.0,PASS,42.753846153846155,False
Kolkata,1990-2004,ref_audited,cand_A,A,30.0,1997,223.0,230.0,7.0,7.0,PASS,42.753846153846155,False
Kolkata,1990-2004,ref_audited,cand_A,A,30.0,1998,213.0,221.0,8.0,8.0,PASS,42.753846153846155,False
Kolkata,1990-2004,ref_audited,cand_A,A,30.0,1999,215.0,224.0,9.0,9.0,PASS,42.753846153846155,False
Kolkata,1990-2004,ref_audited,cand_A,A,30.0,2000,224.0,227.0,3.0,3.0,PASS,42.753846153846155,False
Kolkata,1990-2004,ref_audited,cand_A,A,30.0,2001,226.0,222.0,-4.0,4.0,PASS,42.753846153846155,False
Kolkata,1990-2004,ref_audited,cand_A,A,30.0,2002,207.0,218.0,11.0,11.0,PASS,42.753846153846155,False
Kolkata,1990-2004,ref_audited,cand_A,A,30.0,2003,228.0,226.0,-2.0,2.0,PASS,42.753846153846155,False
Kolkata,1990-2004,ref_audited,cand_A,A,32.0,1991,126.0,148.0,22.0,22.0,PASS,25.27692307692308,False
Kolkata,1990-2004,ref_audited,cand_A,A,32.0,1992,108.0,131.0,23.0,23.0,PASS,25.27692307692308,False
Kolkata,1990-2004,ref_audited,cand_A,A,32.0,1993,123.0,121.0,-2.0,2.0,PASS,25.27692307692308,False
Kolkata,1990-2004,ref_audited,cand_A,A,32.0,1994,105.0,126.0,21.0,21.0,PASS,25.27692307692308,False
Kolkata,1990-2004,ref_audited,cand_A,A,32.0,1995,118.0,131.0,13.0,13.0,PASS,25.27692307692308,False
Kolkata,1990-2004,ref_audited,cand_A,A,32.0,1996,126.0,143.0,17.0,17.0,PASS,25.27692307692308,False
Kolkata,1990-2004,ref_audited,cand_A,A,32.0,1997,136.0,131.0,-5.0,5.0,PASS,25.27692307692308,False
Kolkata,1990-2004,ref_audited,cand_A,A,32.0,1998,157.0,152.0,-5.0,5.0,PASS,25.27692307692308,False
Kolkata,1990-2004,ref_audited,cand_A,A,32.0,1999,119.0,136.0,17.0,17.0,PASS,25.27692307692308,False
Kolkata,1990-2004,ref_audited,cand_A,A,32.0,2000,129.0,134.0,5.0,5.0,PASS,25.27692307692308,False
Kolkata,1990-2004,ref_audited,cand_A,A,32.0,2001,107.0,127.0,20.0,20.0,PASS,25.27692307692308,False
Kolkata,1990-2004,ref_audited,cand_A,A,32.0,2002,140.0,143.0,3.0,3.0,PASS,25.27692307692308,False
Kolkata,1990-2004,ref_audited,cand_A,A,32.0,2003,149.0,151.0,2.0,2.0,PASS,25.27692307692308,False
Kolkata,1990-2004,ref_audited,cand_B,B,28.0,1991,258.0,260.0,2.0,2.0,PASS,51.800000000000004,False
Kolkata,1990-2004,ref_audited,cand_B,B,28.0,1992,253.0,248.0,-5.0,5.0,PASS,51.800000000000004,False
Kolkata,1990-2004,ref_audited,cand_B,B,28.0,1993,259.0,258.0,-1.0,1.0,PASS,51.800000000000004,False
Kolkata,1990-2004,ref_audited,cand_B,B,28.0,1994,256.0,259.0,3.0,3.0,PASS,51.800000000000004,False
Kolkata,1990-2004,ref_audited,cand_B,B,28.0,1995,254.0,255.0,1.0,1.0,PASS,51.800000000000004,False
Kolkata,1990-2004,ref_audited,cand_B,B,28.0,1996,255.0,253.0,-2.0,2.0,PASS,51.800000000000004,False
Kolkata,1990-2004,ref_audited,cand_B,B,28.0,1997,269.0,270.0,1.0,1.0,PASS,51.800000000000004,False
Kolkata,1990-2004,ref_audited,cand_B,B,28.0,1998,259.0,261.0,2.0,2.0,PASS,51.800000000000004,False
Kolkata,1990-2004,ref_audited,cand_B,B,28.0,1999,259.0,269.0,10.0,10.0,PASS,51.800000000000004,False
Kolkata,1990-2004,ref_audited,cand_B,B,28.0,2000,262.0,262.0,0.0,0.0,PASS,51.800000000000004,False
Kolkata,1990-2004,ref_audited,cand_B,B,28.0,2001,264.0,271.0,7.0,7.0,PASS,51.800000000000004,False
Kolkata,1990-2004,ref_audited,cand_B,B,28.0,2002,258.0,263.0,5.0,5.0,PASS,51.800000000000004,False
Kolkata,1990-2004,ref_audited,cand_B,B,28.0,2003,261.0,261.0,0.0,0.0,PASS,51.800000000000004,False
Kolkata,1990-2004,ref_audited,cand_B,B,30.0,1991,214.0,223.0,9.0,9.0,PASS,42.753846153846155,False
Kolkata,1990-2004,ref_audited,cand_B,B,30.0,1992,204.0,211.0,7.0,7.0,PASS,42.753846153846155,False
Kolkata,1990-2004,ref_audited,cand_B,B,30.0,1993,199.0,201.0,2.0,2.0,PASS,42.753846153846155,False
Kolkata,1990-2004,ref_audited,cand_B,B,30.0,1994,214.0,218.0,4.0,4.0,PASS,42.753846153846155,False
Kolkata,1990-2004,ref_audited,cand_B,B,30.0,1995,202.0,203.0,1.0,1.0,PASS,42.753846153846155,False
Kolkata,1990-2004,ref_audited,cand_B,B,30.0,1996,210.0,221.0,11.0,11.0,PASS,42.753846153846155,False
Kolkata,1990-2004,ref_audited,cand_B,B,30.0,1997,223.0,219.0,-4.0,4.0,PASS,42.753846153846155,False
Kolkata,1990-2004,ref_audited,cand_B,B,30.0,1998,213.0,213.0,0.0,0.0,PASS,42.753846153846155,False
Kolkata,1990-2004,ref_audited,cand_B,B,30.0,1999,215.0,218.0,3.0,3.0,PASS,42.753846153846155,False
Kolkata,1990-2004,ref_audited,cand_B,B,30.0,2000,224.0,220.0,-4.0,4.0,PASS,42.753846153846155,False
Kolkata,1990-2004,ref_audited,cand_B,B,30.0,2001,226.0,216.0,-10.0,10.0,PASS,42.753846153846155,False
Kolkata,1990-2004,ref_audited,cand_B,B,30.0,2002,207.0,210.0,3.0,3.0,PASS,42.753846153846155,False
Kolkata,1990-2004,ref_audited,cand_B,B,30.0,2003,228.0,222.0,-6.0,6.0,PASS,42.753846153846155,False
Kolkata,1990-2004,ref_audited,cand_B,B,32.0,1991,126.0,136.0,10.0,10.0,PASS,25.27692307692308,False
Kolkata,1990-2004,ref_audited,cand_B,B,32.0,1992,108.0,116.0,8.0,8.0,PASS,25.27692307692308,False
Kolkata,1990-2004,ref_audited,cand_B,B,32.0,1993,123.0,109.0,-14.0,14.0,PASS,25.27692307692308,False
Kolkata,1990-2004,ref_audited,cand_B,B,32.0,1994,105.0,119.0,14.0,14.0,PASS,25.27692307692308,False
Kolkata,1990-2004,ref_audited,cand_B,B,32.0,1995,118.0,122.0,4.0,4.0,PASS,25.27692307692308,False
Kolkata,1990-2004,ref_audited,cand_B,B,32.0,1996,126.0,131.0,5.0,5.0,PASS,25.27692307692308,False
Kolkata,1990-2004,ref_audited,cand_B,B,32.0,1997,136.0,124.0,-12.0,12.0,PASS,25.27692307692308,False
Kolkata,1990-2004,ref_audited,cand_B,B,32.0,1998,157.0,140.0,-17.0,17.0,PASS,25.27692307692308,False
Kolkata,1990-2004,ref_audited,cand_B,B,32.0,1999,119.0,126.0,7.0,7.0,PASS,25.27692307692308,False
Kolkata,1990-2004,ref_audited,cand_B,B,32.0,2000,129.0,126.0,-3.0,3.0,PASS,25.27692307692308,False
Kolkata,1990-2004,ref_audited,cand_B,B,32.0,2001,107.0,114.0,7.0,7.0,PASS,25.27692307692308,False
Kolkata,1990-2004,ref_audited,cand_B,B,32.0,2002,140.0,132.0,-8.0,8.0,PASS,25.27692307692308,False
Kolkata,1990-2004,ref_audited,cand_B,B,32.0,2003,149.0,136.0,-13.0,13.0,PASS,25.27692307692308,False
Kolkata,1990-2004,ref_audited,cand_C,C,28.0,1991,258.0,266.0,8.0,8.0,PASS,51.800000000000004,False
Kolkata,1990-2004,ref_audited,cand_C,C,28.0,1992,253.0,255.0,2.0,2.0,PASS,51.800000000000004,False
Kolkata,1990-2004,ref_audited,cand_C,C,28.0,1993,259.0,273.0,14.0,14.0,PASS,51.800000000000004,False
Kolkata,1990-2004,ref_audited,cand_C,C,28.0,1994,256.0,268.0,12.0,12.0,PASS,51.800000000000004,False
Kolkata,1990-2004,ref_audited,cand_C,C,28.0,1995,254.0,266.0,12.0,12.0,PASS,51.800000000000004,False
Kolkata,1990-2004,ref_audited,cand_C,C,28.0,1996,255.0,260.0,5.0,5.0,PASS,51.800000000000004,False
Kolkata,1990-2004,ref_audited,cand_C,C,28.0,1997,269.0,274.0,5.0,5.0,PASS,51.800000000000004,False
Kolkata,1990-2004,ref_audited,cand_C,C,28.0,1998,259.0,267.0,8.0,8.0,PASS,51.800000000000004,False
Kolkata,1990-2004,ref_audited,cand_C,C,28.0,1999,259.0,276.0,17.0,17.0,PASS,51.800000000000004,False
Kolkata,1990-2004,ref_audited,cand_C,C,28.0,2000,262.0,268.0,6.0,6.0,PASS,51.800000000000004,False
Kolkata,1990-2004,ref_audited,cand_C,C,28.0,2001,264.0,276.0,12.0,12.0,PASS,51.800000000000004,False
Kolkata,1990-2004,ref_audited,cand_C,C,28.0,2002,258.0,270.0,12.0,12.0,PASS,51.800000000000004,False
Kolkata,1990-2004,ref_audited,cand_C,C,28.0,2003,261.0,270.0,9.0,9.0,PASS,51.800000000000004,False
Kolkata,1990-2004,ref_audited,cand_C,C,30.0,1991,214.0,234.0,20.0,20.0,PASS,42.753846153846155,False
Kolkata,1990-2004,ref_audited,cand_C,C,30.0,1992,204.0,218.0,14.0,14.0,PASS,42.753846153846155,False
Kolkata,1990-2004,ref_audited,cand_C,C,30.0,1993,199.0,214.0,15.0,15.0,PASS,42.753846153846155,False
Kolkata,1990-2004,ref_audited,cand_C,C,30.0,1994,214.0,227.0,13.0,13.0,PASS,42.753846153846155,False
Kolkata,1990-2004,ref_audited,cand_C,C,30.0,1995,202.0,211.0,9.0,9.0,PASS,42.753846153846155,False
Kolkata,1990-2004,ref_audited,cand_C,C,30.0,1996,210.0,224.0,14.0,14.0,PASS,42.753846153846155,False
Kolkata,1990-2004,ref_audited,cand_C,C,30.0,1997,223.0,234.0,11.0,11.0,PASS,42.753846153846155,False
Kolkata,1990-2004,ref_audited,cand_C,C,30.0,1998,213.0,216.0,3.0,3.0,PASS,42.753846153846155,False
Kolkata,1990-2004,ref_audited,cand_C,C,30.0,1999,215.0,228.0,13.0,13.0,PASS,42.753846153846155,False
Kolkata,1990-2004,ref_audited,cand_C,C,30.0,2000,224.0,229.0,5.0,5.0,PASS,42.753846153846155,False
Kolkata,1990-2004,ref_audited,cand_C,C,30.0,2001,226.0,227.0,1.0,1.0,PASS,42.753846153846155,False
Kolkata,1990-2004,ref_audited,cand_C,C,30.0,2002,207.0,220.0,13.0,13.0,PASS,42.753846153846155,False
Kolkata,1990-2004,ref_audited,cand_C,C,30.0,2003,228.0,231.0,3.0,3.0,PASS,42.753846153846155,False
Kolkata,1990-2004,ref_audited,cand_C,C,32.0,1991,126.0,154.0,28.0,28.0,PASS,25.27692307692308,True
Kolkata,1990-2004,ref_audited,cand_C,C,32.0,1992,108.0,139.0,31.0,31.0,PASS,25.27692307692308,True
Kolkata,1990-2004,ref_audited,cand_C,C,32.0,1993,123.0,130.0,7.0,7.0,PASS,25.27692307692308,False
Kolkata,1990-2004,ref_audited,cand_C,C,32.0,1994,105.0,129.0,24.0,24.0,PASS,25.27692307692308,False
Kolkata,1990-2004,ref_audited,cand_C,C,32.0,1995,118.0,135.0,17.0,17.0,PASS,25.27692307692308,False
Kolkata,1990-2004,ref_audited,cand_C,C,32.0,1996,126.0,153.0,27.0,27.0,PASS,25.27692307692308,True
Kolkata,1990-2004,ref_audited,cand_C,C,32.0,1997,136.0,135.0,-1.0,1.0,PASS,25.27692307692308,False
Kolkata,1990-2004,ref_audited,cand_C,C,32.0,1998,157.0,162.0,5.0,5.0,PASS,25.27692307692308,False
Kolkata,1990-2004,ref_audited,cand_C,C,32.0,1999,119.0,142.0,23.0,23.0,PASS,25.27692307692308,False
Kolkata,1990-2004,ref_audited,cand_C,C,32.0,2000,129.0,146.0,17.0,17.0,PASS,25.27692307692308,False
Kolkata,1990-2004,ref_audited,cand_C,C,32.0,2001,107.0,139.0,32.0,32.0,PASS,25.27692307692308,True
Kolkata,1990-2004,ref_audited,cand_C,C,32.0,2002,140.0,146.0,6.0,6.0,PASS,25.27692307692308,False
Kolkata,1990-2004,ref_audited,cand_C,C,32.0,2003,149.0,158.0,9.0,9.0,PASS,25.27692307692308,False
Kolkata,1990-2004,ref_audited,cand_D,D,28.0,1991,258.0,257.0,-1.0,1.0,PASS,51.800000000000004,False
Kolkata,1990-2004,ref_audited,cand_D,D,28.0,1992,253.0,248.0,-5.0,5.0,PASS,51.800000000000004,False
Kolkata,1990-2004,ref_audited,cand_D,D,28.0,1993,259.0,258.0,-1.0,1.0,PASS,51.800000000000004,False
Kolkata,1990-2004,ref_audited,cand_D,D,28.0,1994,256.0,259.0,3.0,3.0,PASS,51.800000000000004,False
Kolkata,1990-2004,ref_audited,cand_D,D,28.0,1995,254.0,256.0,2.0,2.0,PASS,51.800000000000004,False
Kolkata,1990-2004,ref_audited,cand_D,D,28.0,1996,255.0,252.0,-3.0,3.0,PASS,51.800000000000004,False
Kolkata,1990-2004,ref_audited,cand_D,D,28.0,1997,269.0,272.0,3.0,3.0,PASS,51.800000000000004,False
Kolkata,1990-2004,ref_audited,cand_D,D,28.0,1998,259.0,261.0,2.0,2.0,PASS,51.800000000000004,False
Kolkata,1990-2004,ref_audited,cand_D,D,28.0,1999,259.0,270.0,11.0,11.0,PASS,51.800000000000004,False
Kolkata,1990-2004,ref_audited,cand_D,D,28.0,2000,262.0,262.0,0.0,0.0,PASS,51.800000000000004,False
Kolkata,1990-2004,ref_audited,cand_D,D,28.0,2001,264.0,271.0,7.0,7.0,PASS,51.800000000000004,False
Kolkata,1990-2004,ref_audited,cand_D,D,28.0,2002,258.0,264.0,6.0,6.0,PASS,51.800000000000004,False
Kolkata,1990-2004,ref_audited,cand_D,D,28.0,2003,261.0,263.0,2.0,2.0,PASS,51.800000000000004,False
Kolkata,1990-2004,ref_audited,cand_D,D,30.0,1991,214.0,224.0,10.0,10.0,PASS,42.753846153846155,False
Kolkata,1990-2004,ref_audited,cand_D,D,30.0,1992,204.0,214.0,10.0,10.0,PASS,42.753846153846155,False
Kolkata,1990-2004,ref_audited,cand_D,D,30.0,1993,199.0,207.0,8.0,8.0,PASS,42.753846153846155,False
Kolkata,1990-2004,ref_audited,cand_D,D,30.0,1994,214.0,222.0,8.0,8.0,PASS,42.753846153846155,False
Kolkata,1990-2004,ref_audited,cand_D,D,30.0,1995,202.0,206.0,4.0,4.0,PASS,42.753846153846155,False
Kolkata,1990-2004,ref_audited,cand_D,D,30.0,1996,210.0,219.0,9.0,9.0,PASS,42.753846153846155,False
Kolkata,1990-2004,ref_audited,cand_D,D,30.0,1997,223.0,225.0,2.0,2.0,PASS,42.753846153846155,False
Kolkata,1990-2004,ref_audited,cand_D,D,30.0,1998,213.0,214.0,1.0,1.0,PASS,42.753846153846155,False
Kolkata,1990-2004,ref_audited,cand_D,D,30.0,1999,215.0,220.0,5.0,5.0,PASS,42.753846153846155,False
Kolkata,1990-2004,ref_audited,cand_D,D,30.0,2000,224.0,223.0,-1.0,1.0,PASS,42.753846153846155,False
Kolkata,1990-2004,ref_audited,cand_D,D,30.0,2001,226.0,219.0,-7.0,7.0,PASS,42.753846153846155,False
Kolkata,1990-2004,ref_audited,cand_D,D,30.0,2002,207.0,211.0,4.0,4.0,PASS,42.753846153846155,False
Kolkata,1990-2004,ref_audited,cand_D,D,30.0,2003,228.0,226.0,-2.0,2.0,PASS,42.753846153846155,False
Kolkata,1990-2004,ref_audited,cand_D,D,32.0,1991,126.0,146.0,20.0,20.0,PASS,25.27692307692308,False
Kolkata,1990-2004,ref_audited,cand_D,D,32.0,1992,108.0,124.0,16.0,16.0,PASS,25.27692307692308,False
Kolkata,1990-2004,ref_audited,cand_D,D,32.0,1993,123.0,117.0,-6.0,6.0,PASS,25.27692307692308,False
Kolkata,1990-2004,ref_audited,cand_D,D,32.0,1994,105.0,125.0,20.0,20.0,PASS,25.27692307692308,False
Kolkata,1990-2004,ref_audited,cand_D,D,32.0,1995,118.0,132.0,14.0,14.0,PASS,25.27692307692308,False
Kolkata,1990-2004,ref_audited,cand_D,D,32.0,1996,126.0,138.0,12.0,12.0,PASS,25.27692307692308,False
Kolkata,1990-2004,ref_audited,cand_D,D,32.0,1997,136.0,130.0,-6.0,6.0,PASS,25.27692307692308,False
Kolkata,1990-2004,ref_audited,cand_D,D,32.0,1998,157.0,152.0,-5.0,5.0,PASS,25.27692307692308,False
Kolkata,1990-2004,ref_audited,cand_D,D,32.0,1999,119.0,134.0,15.0,15.0,PASS,25.27692307692308,False
Kolkata,1990-2004,ref_audited,cand_D,D,32.0,2000,129.0,137.0,8.0,8.0,PASS,25.27692307692308,False
Kolkata,1990-2004,ref_audited,cand_D,D,32.0,2001,107.0,124.0,17.0,17.0,PASS,25.27692307692308,False
Kolkata,1990-2004,ref_audited,cand_D,D,32.0,2002,140.0,140.0,0.0,0.0,PASS,25.27692307692308,False
Kolkata,1990-2004,ref_audited,cand_D,D,32.0,2003,149.0,147.0,-2.0,2.0,PASS,25.27692307692308,False
Kolkata,1990-2004,ref_R3_midpoint,cand_A,A,28.0,1991,258.0,265.0,7.0,7.0,PASS,51.353846153846156,False
Kolkata,1990-2004,ref_R3_midpoint,cand_A,A,28.0,1992,249.0,257.0,8.0,8.0,PASS,51.353846153846156,False
Kolkata,1990-2004,ref_R3_midpoint,cand_A,A,28.0,1993,253.0,270.0,17.0,17.0,PASS,51.353846153846156,False
Kolkata,1990-2004,ref_R3_midpoint,cand_A,A,28.0,1994,255.0,266.0,11.0,11.0,PASS,51.353846153846156,False
Kolkata,1990-2004,ref_R3_midpoint,cand_A,A,28.0,1995,251.0,262.0,11.0,11.0,PASS,51.353846153846156,False
Kolkata,1990-2004,ref_R3_midpoint,cand_A,A,28.0,1996,254.0,260.0,6.0,6.0,PASS,51.353846153846156,False
Kolkata,1990-2004,ref_R3_midpoint,cand_A,A,28.0,1997,268.0,272.0,4.0,4.0,PASS,51.353846153846156,False
Kolkata,1990-2004,ref_R3_midpoint,cand_A,A,28.0,1998,256.0,266.0,10.0,10.0,PASS,51.353846153846156,False
Kolkata,1990-2004,ref_R3_midpoint,cand_A,A,28.0,1999,255.0,275.0,20.0,20.0,PASS,51.353846153846156,False
Kolkata,1990-2004,ref_R3_midpoint,cand_A,A,28.0,2000,263.0,267.0,4.0,4.0,PASS,51.353846153846156,False
Kolkata,1990-2004,ref_R3_midpoint,cand_A,A,28.0,2001,264.0,276.0,12.0,12.0,PASS,51.353846153846156,False
Kolkata,1990-2004,ref_R3_midpoint,cand_A,A,28.0,2002,254.0,268.0,14.0,14.0,PASS,51.353846153846156,False
Kolkata,1990-2004,ref_R3_midpoint,cand_A,A,28.0,2003,258.0,268.0,10.0,10.0,PASS,51.353846153846156,False
Kolkata,1990-2004,ref_R3_midpoint,cand_A,A,30.0,1991,213.0,231.0,18.0,18.0,PASS,42.01538461538462,False
Kolkata,1990-2004,ref_R3_midpoint,cand_A,A,30.0,1992,201.0,217.0,16.0,16.0,PASS,42.01538461538462,False
Kolkata,1990-2004,ref_R3_midpoint,cand_A,A,30.0,1993,196.0,207.0,11.0,11.0,PASS,42.01538461538462,False
Kolkata,1990-2004,ref_R3_midpoint,cand_A,A,30.0,1994,208.0,222.0,14.0,14.0,PASS,42.01538461538462,False
Kolkata,1990-2004,ref_R3_midpoint,cand_A,A,30.0,1995,201.0,210.0,9.0,9.0,PASS,42.01538461538462,False
Kolkata,1990-2004,ref_R3_midpoint,cand_A,A,30.0,1996,207.0,223.0,16.0,16.0,PASS,42.01538461538462,False
Kolkata,1990-2004,ref_R3_midpoint,cand_A,A,30.0,1997,219.0,230.0,11.0,11.0,PASS,42.01538461538462,False
Kolkata,1990-2004,ref_R3_midpoint,cand_A,A,30.0,1998,211.0,221.0,10.0,10.0,PASS,42.01538461538462,False
Kolkata,1990-2004,ref_R3_midpoint,cand_A,A,30.0,1999,211.0,224.0,13.0,13.0,PASS,42.01538461538462,False
Kolkata,1990-2004,ref_R3_midpoint,cand_A,A,30.0,2000,220.0,227.0,7.0,7.0,PASS,42.01538461538462,False
Kolkata,1990-2004,ref_R3_midpoint,cand_A,A,30.0,2001,222.0,222.0,0.0,0.0,PASS,42.01538461538462,False
Kolkata,1990-2004,ref_R3_midpoint,cand_A,A,30.0,2002,199.0,218.0,19.0,19.0,PASS,42.01538461538462,False
Kolkata,1990-2004,ref_R3_midpoint,cand_A,A,30.0,2003,223.0,226.0,3.0,3.0,PASS,42.01538461538462,False
Kolkata,1990-2004,ref_R3_midpoint,cand_A,A,32.0,1991,120.0,148.0,28.0,28.0,PASS,23.892307692307696,True
Kolkata,1990-2004,ref_R3_midpoint,cand_A,A,32.0,1992,105.0,131.0,26.0,26.0,PASS,23.892307692307696,True
Kolkata,1990-2004,ref_R3_midpoint,cand_A,A,32.0,1993,110.0,121.0,11.0,11.0,PASS,23.892307692307696,False
Kolkata,1990-2004,ref_R3_midpoint,cand_A,A,32.0,1994,101.0,126.0,25.0,25.0,PASS,23.892307692307696,True
Kolkata,1990-2004,ref_R3_midpoint,cand_A,A,32.0,1995,109.0,131.0,22.0,22.0,PASS,23.892307692307696,False
Kolkata,1990-2004,ref_R3_midpoint,cand_A,A,32.0,1996,118.0,143.0,25.0,25.0,PASS,23.892307692307696,True
Kolkata,1990-2004,ref_R3_midpoint,cand_A,A,32.0,1997,130.0,131.0,1.0,1.0,PASS,23.892307692307696,False
Kolkata,1990-2004,ref_R3_midpoint,cand_A,A,32.0,1998,147.0,152.0,5.0,5.0,PASS,23.892307692307696,False
Kolkata,1990-2004,ref_R3_midpoint,cand_A,A,32.0,1999,112.0,136.0,24.0,24.0,PASS,23.892307692307696,True
Kolkata,1990-2004,ref_R3_midpoint,cand_A,A,32.0,2000,122.0,134.0,12.0,12.0,PASS,23.892307692307696,False
Kolkata,1990-2004,ref_R3_midpoint,cand_A,A,32.0,2001,102.0,127.0,25.0,25.0,PASS,23.892307692307696,True
Kolkata,1990-2004,ref_R3_midpoint,cand_A,A,32.0,2002,135.0,143.0,8.0,8.0,PASS,23.892307692307696,False
Kolkata,1990-2004,ref_R3_midpoint,cand_A,A,32.0,2003,142.0,151.0,9.0,9.0,PASS,23.892307692307696,False
Kolkata,1990-2004,ref_R3_midpoint,cand_B,B,28.0,1991,258.0,260.0,2.0,2.0,PASS,51.353846153846156,False
Kolkata,1990-2004,ref_R3_midpoint,cand_B,B,28.0,1992,249.0,248.0,-1.0,1.0,PASS,51.353846153846156,False
Kolkata,1990-2004,ref_R3_midpoint,cand_B,B,28.0,1993,253.0,258.0,5.0,5.0,PASS,51.353846153846156,False
Kolkata,1990-2004,ref_R3_midpoint,cand_B,B,28.0,1994,255.0,259.0,4.0,4.0,PASS,51.353846153846156,False
Kolkata,1990-2004,ref_R3_midpoint,cand_B,B,28.0,1995,251.0,255.0,4.0,4.0,PASS,51.353846153846156,False
Kolkata,1990-2004,ref_R3_midpoint,cand_B,B,28.0,1996,254.0,253.0,-1.0,1.0,PASS,51.353846153846156,False
Kolkata,1990-2004,ref_R3_midpoint,cand_B,B,28.0,1997,268.0,270.0,2.0,2.0,PASS,51.353846153846156,False
Kolkata,1990-2004,ref_R3_midpoint,cand_B,B,28.0,1998,256.0,261.0,5.0,5.0,PASS,51.353846153846156,False
Kolkata,1990-2004,ref_R3_midpoint,cand_B,B,28.0,1999,255.0,269.0,14.0,14.0,PASS,51.353846153846156,False
Kolkata,1990-2004,ref_R3_midpoint,cand_B,B,28.0,2000,263.0,262.0,-1.0,1.0,PASS,51.353846153846156,False
Kolkata,1990-2004,ref_R3_midpoint,cand_B,B,28.0,2001,264.0,271.0,7.0,7.0,PASS,51.353846153846156,False
Kolkata,1990-2004,ref_R3_midpoint,cand_B,B,28.0,2002,254.0,263.0,9.0,9.0,PASS,51.353846153846156,False
Kolkata,1990-2004,ref_R3_midpoint,cand_B,B,28.0,2003,258.0,261.0,3.0,3.0,PASS,51.353846153846156,False
Kolkata,1990-2004,ref_R3_midpoint,cand_B,B,30.0,1991,213.0,223.0,10.0,10.0,PASS,42.01538461538462,False
Kolkata,1990-2004,ref_R3_midpoint,cand_B,B,30.0,1992,201.0,211.0,10.0,10.0,PASS,42.01538461538462,False
Kolkata,1990-2004,ref_R3_midpoint,cand_B,B,30.0,1993,196.0,201.0,5.0,5.0,PASS,42.01538461538462,False
Kolkata,1990-2004,ref_R3_midpoint,cand_B,B,30.0,1994,208.0,218.0,10.0,10.0,PASS,42.01538461538462,False
Kolkata,1990-2004,ref_R3_midpoint,cand_B,B,30.0,1995,201.0,203.0,2.0,2.0,PASS,42.01538461538462,False
Kolkata,1990-2004,ref_R3_midpoint,cand_B,B,30.0,1996,207.0,221.0,14.0,14.0,PASS,42.01538461538462,False
Kolkata,1990-2004,ref_R3_midpoint,cand_B,B,30.0,1997,219.0,219.0,0.0,0.0,PASS,42.01538461538462,False
Kolkata,1990-2004,ref_R3_midpoint,cand_B,B,30.0,1998,211.0,213.0,2.0,2.0,PASS,42.01538461538462,False
Kolkata,1990-2004,ref_R3_midpoint,cand_B,B,30.0,1999,211.0,218.0,7.0,7.0,PASS,42.01538461538462,False
Kolkata,1990-2004,ref_R3_midpoint,cand_B,B,30.0,2000,220.0,220.0,0.0,0.0,PASS,42.01538461538462,False
Kolkata,1990-2004,ref_R3_midpoint,cand_B,B,30.0,2001,222.0,216.0,-6.0,6.0,PASS,42.01538461538462,False
Kolkata,1990-2004,ref_R3_midpoint,cand_B,B,30.0,2002,199.0,210.0,11.0,11.0,PASS,42.01538461538462,False
Kolkata,1990-2004,ref_R3_midpoint,cand_B,B,30.0,2003,223.0,222.0,-1.0,1.0,PASS,42.01538461538462,False
Kolkata,1990-2004,ref_R3_midpoint,cand_B,B,32.0,1991,120.0,136.0,16.0,16.0,PASS,23.892307692307696,False
Kolkata,1990-2004,ref_R3_midpoint,cand_B,B,32.0,1992,105.0,116.0,11.0,11.0,PASS,23.892307692307696,False
Kolkata,1990-2004,ref_R3_midpoint,cand_B,B,32.0,1993,110.0,109.0,-1.0,1.0,PASS,23.892307692307696,False
Kolkata,1990-2004,ref_R3_midpoint,cand_B,B,32.0,1994,101.0,119.0,18.0,18.0,PASS,23.892307692307696,False
Kolkata,1990-2004,ref_R3_midpoint,cand_B,B,32.0,1995,109.0,122.0,13.0,13.0,PASS,23.892307692307696,False
Kolkata,1990-2004,ref_R3_midpoint,cand_B,B,32.0,1996,118.0,131.0,13.0,13.0,PASS,23.892307692307696,False
Kolkata,1990-2004,ref_R3_midpoint,cand_B,B,32.0,1997,130.0,124.0,-6.0,6.0,PASS,23.892307692307696,False
Kolkata,1990-2004,ref_R3_midpoint,cand_B,B,32.0,1998,147.0,140.0,-7.0,7.0,PASS,23.892307692307696,False
Kolkata,1990-2004,ref_R3_midpoint,cand_B,B,32.0,1999,112.0,126.0,14.0,14.0,PASS,23.892307692307696,False
Kolkata,1990-2004,ref_R3_midpoint,cand_B,B,32.0,2000,122.0,126.0,4.0,4.0,PASS,23.892307692307696,False
Kolkata,1990-2004,ref_R3_midpoint,cand_B,B,32.0,2001,102.0,114.0,12.0,12.0,PASS,23.892307692307696,False
Kolkata,1990-2004,ref_R3_midpoint,cand_B,B,32.0,2002,135.0,132.0,-3.0,3.0,PASS,23.892307692307696,False
Kolkata,1990-2004,ref_R3_midpoint,cand_B,B,32.0,2003,142.0,136.0,-6.0,6.0,PASS,23.892307692307696,False
Kolkata,1990-2004,ref_R3_midpoint,cand_C,C,28.0,1991,258.0,266.0,8.0,8.0,PASS,51.353846153846156,False
Kolkata,1990-2004,ref_R3_midpoint,cand_C,C,28.0,1992,249.0,255.0,6.0,6.0,PASS,51.353846153846156,False
Kolkata,1990-2004,ref_R3_midpoint,cand_C,C,28.0,1993,253.0,273.0,20.0,20.0,PASS,51.353846153846156,False
Kolkata,1990-2004,ref_R3_midpoint,cand_C,C,28.0,1994,255.0,268.0,13.0,13.0,PASS,51.353846153846156,False
Kolkata,1990-2004,ref_R3_midpoint,cand_C,C,28.0,1995,251.0,266.0,15.0,15.0,PASS,51.353846153846156,False
Kolkata,1990-2004,ref_R3_midpoint,cand_C,C,28.0,1996,254.0,260.0,6.0,6.0,PASS,51.353846153846156,False
Kolkata,1990-2004,ref_R3_midpoint,cand_C,C,28.0,1997,268.0,274.0,6.0,6.0,PASS,51.353846153846156,False
Kolkata,1990-2004,ref_R3_midpoint,cand_C,C,28.0,1998,256.0,267.0,11.0,11.0,PASS,51.353846153846156,False
Kolkata,1990-2004,ref_R3_midpoint,cand_C,C,28.0,1999,255.0,276.0,21.0,21.0,PASS,51.353846153846156,False
Kolkata,1990-2004,ref_R3_midpoint,cand_C,C,28.0,2000,263.0,268.0,5.0,5.0,PASS,51.353846153846156,False
Kolkata,1990-2004,ref_R3_midpoint,cand_C,C,28.0,2001,264.0,276.0,12.0,12.0,PASS,51.353846153846156,False
Kolkata,1990-2004,ref_R3_midpoint,cand_C,C,28.0,2002,254.0,270.0,16.0,16.0,PASS,51.353846153846156,False
Kolkata,1990-2004,ref_R3_midpoint,cand_C,C,28.0,2003,258.0,270.0,12.0,12.0,PASS,51.353846153846156,False
Kolkata,1990-2004,ref_R3_midpoint,cand_C,C,30.0,1991,213.0,234.0,21.0,21.0,PASS,42.01538461538462,False
Kolkata,1990-2004,ref_R3_midpoint,cand_C,C,30.0,1992,201.0,218.0,17.0,17.0,PASS,42.01538461538462,False
Kolkata,1990-2004,ref_R3_midpoint,cand_C,C,30.0,1993,196.0,214.0,18.0,18.0,PASS,42.01538461538462,False
Kolkata,1990-2004,ref_R3_midpoint,cand_C,C,30.0,1994,208.0,227.0,19.0,19.0,PASS,42.01538461538462,False
Kolkata,1990-2004,ref_R3_midpoint,cand_C,C,30.0,1995,201.0,211.0,10.0,10.0,PASS,42.01538461538462,False
Kolkata,1990-2004,ref_R3_midpoint,cand_C,C,30.0,1996,207.0,224.0,17.0,17.0,PASS,42.01538461538462,False
Kolkata,1990-2004,ref_R3_midpoint,cand_C,C,30.0,1997,219.0,234.0,15.0,15.0,PASS,42.01538461538462,False
Kolkata,1990-2004,ref_R3_midpoint,cand_C,C,30.0,1998,211.0,216.0,5.0,5.0,PASS,42.01538461538462,False
Kolkata,1990-2004,ref_R3_midpoint,cand_C,C,30.0,1999,211.0,228.0,17.0,17.0,PASS,42.01538461538462,False
Kolkata,1990-2004,ref_R3_midpoint,cand_C,C,30.0,2000,220.0,229.0,9.0,9.0,PASS,42.01538461538462,False
Kolkata,1990-2004,ref_R3_midpoint,cand_C,C,30.0,2001,222.0,227.0,5.0,5.0,PASS,42.01538461538462,False
Kolkata,1990-2004,ref_R3_midpoint,cand_C,C,30.0,2002,199.0,220.0,21.0,21.0,PASS,42.01538461538462,False
Kolkata,1990-2004,ref_R3_midpoint,cand_C,C,30.0,2003,223.0,231.0,8.0,8.0,PASS,42.01538461538462,False
Kolkata,1990-2004,ref_R3_midpoint,cand_C,C,32.0,1991,120.0,154.0,34.0,34.0,FAIL,23.892307692307696,True
Kolkata,1990-2004,ref_R3_midpoint,cand_C,C,32.0,1992,105.0,139.0,34.0,34.0,FAIL,23.892307692307696,True
Kolkata,1990-2004,ref_R3_midpoint,cand_C,C,32.0,1993,110.0,130.0,20.0,20.0,FAIL,23.892307692307696,False
Kolkata,1990-2004,ref_R3_midpoint,cand_C,C,32.0,1994,101.0,129.0,28.0,28.0,FAIL,23.892307692307696,True
Kolkata,1990-2004,ref_R3_midpoint,cand_C,C,32.0,1995,109.0,135.0,26.0,26.0,FAIL,23.892307692307696,True
Kolkata,1990-2004,ref_R3_midpoint,cand_C,C,32.0,1996,118.0,153.0,35.0,35.0,FAIL,23.892307692307696,True
Kolkata,1990-2004,ref_R3_midpoint,cand_C,C,32.0,1997,130.0,135.0,5.0,5.0,FAIL,23.892307692307696,False
Kolkata,1990-2004,ref_R3_midpoint,cand_C,C,32.0,1998,147.0,162.0,15.0,15.0,FAIL,23.892307692307696,False
Kolkata,1990-2004,ref_R3_midpoint,cand_C,C,32.0,1999,112.0,142.0,30.0,30.0,FAIL,23.892307692307696,True
Kolkata,1990-2004,ref_R3_midpoint,cand_C,C,32.0,2000,122.0,146.0,24.0,24.0,FAIL,23.892307692307696,True
Kolkata,1990-2004,ref_R3_midpoint,cand_C,C,32.0,2001,102.0,139.0,37.0,37.0,FAIL,23.892307692307696,True
Kolkata,1990-2004,ref_R3_midpoint,cand_C,C,32.0,2002,135.0,146.0,11.0,11.0,FAIL,23.892307692307696,False
Kolkata,1990-2004,ref_R3_midpoint,cand_C,C,32.0,2003,142.0,158.0,16.0,16.0,FAIL,23.892307692307696,False
Kolkata,1990-2004,ref_R3_midpoint,cand_D,D,28.0,1991,258.0,257.0,-1.0,1.0,PASS,51.353846153846156,False
Kolkata,1990-2004,ref_R3_midpoint,cand_D,D,28.0,1992,249.0,248.0,-1.0,1.0,PASS,51.353846153846156,False
Kolkata,1990-2004,ref_R3_midpoint,cand_D,D,28.0,1993,253.0,258.0,5.0,5.0,PASS,51.353846153846156,False
Kolkata,1990-2004,ref_R3_midpoint,cand_D,D,28.0,1994,255.0,259.0,4.0,4.0,PASS,51.353846153846156,False
Kolkata,1990-2004,ref_R3_midpoint,cand_D,D,28.0,1995,251.0,256.0,5.0,5.0,PASS,51.353846153846156,False
Kolkata,1990-2004,ref_R3_midpoint,cand_D,D,28.0,1996,254.0,252.0,-2.0,2.0,PASS,51.353846153846156,False
Kolkata,1990-2004,ref_R3_midpoint,cand_D,D,28.0,1997,268.0,272.0,4.0,4.0,PASS,51.353846153846156,False
Kolkata,1990-2004,ref_R3_midpoint,cand_D,D,28.0,1998,256.0,261.0,5.0,5.0,PASS,51.353846153846156,False
Kolkata,1990-2004,ref_R3_midpoint,cand_D,D,28.0,1999,255.0,270.0,15.0,15.0,PASS,51.353846153846156,False
Kolkata,1990-2004,ref_R3_midpoint,cand_D,D,28.0,2000,263.0,262.0,-1.0,1.0,PASS,51.353846153846156,False
Kolkata,1990-2004,ref_R3_midpoint,cand_D,D,28.0,2001,264.0,271.0,7.0,7.0,PASS,51.353846153846156,False
Kolkata,1990-2004,ref_R3_midpoint,cand_D,D,28.0,2002,254.0,264.0,10.0,10.0,PASS,51.353846153846156,False
Kolkata,1990-2004,ref_R3_midpoint,cand_D,D,28.0,2003,258.0,263.0,5.0,5.0,PASS,51.353846153846156,False
Kolkata,1990-2004,ref_R3_midpoint,cand_D,D,30.0,1991,213.0,224.0,11.0,11.0,PASS,42.01538461538462,False
Kolkata,1990-2004,ref_R3_midpoint,cand_D,D,30.0,1992,201.0,214.0,13.0,13.0,PASS,42.01538461538462,False
Kolkata,1990-2004,ref_R3_midpoint,cand_D,D,30.0,1993,196.0,207.0,11.0,11.0,PASS,42.01538461538462,False
Kolkata,1990-2004,ref_R3_midpoint,cand_D,D,30.0,1994,208.0,222.0,14.0,14.0,PASS,42.01538461538462,False
Kolkata,1990-2004,ref_R3_midpoint,cand_D,D,30.0,1995,201.0,206.0,5.0,5.0,PASS,42.01538461538462,False
Kolkata,1990-2004,ref_R3_midpoint,cand_D,D,30.0,1996,207.0,219.0,12.0,12.0,PASS,42.01538461538462,False
Kolkata,1990-2004,ref_R3_midpoint,cand_D,D,30.0,1997,219.0,225.0,6.0,6.0,PASS,42.01538461538462,False
Kolkata,1990-2004,ref_R3_midpoint,cand_D,D,30.0,1998,211.0,214.0,3.0,3.0,PASS,42.01538461538462,False
Kolkata,1990-2004,ref_R3_midpoint,cand_D,D,30.0,1999,211.0,220.0,9.0,9.0,PASS,42.01538461538462,False
Kolkata,1990-2004,ref_R3_midpoint,cand_D,D,30.0,2000,220.0,223.0,3.0,3.0,PASS,42.01538461538462,False
Kolkata,1990-2004,ref_R3_midpoint,cand_D,D,30.0,2001,222.0,219.0,-3.0,3.0,PASS,42.01538461538462,False
Kolkata,1990-2004,ref_R3_midpoint,cand_D,D,30.0,2002,199.0,211.0,12.0,12.0,PASS,42.01538461538462,False
Kolkata,1990-2004,ref_R3_midpoint,cand_D,D,30.0,2003,223.0,226.0,3.0,3.0,PASS,42.01538461538462,False
Kolkata,1990-2004,ref_R3_midpoint,cand_D,D,32.0,1991,120.0,146.0,26.0,26.0,PASS,23.892307692307696,True
Kolkata,1990-2004,ref_R3_midpoint,cand_D,D,32.0,1992,105.0,124.0,19.0,19.0,PASS,23.892307692307696,False
Kolkata,1990-2004,ref_R3_midpoint,cand_D,D,32.0,1993,110.0,117.0,7.0,7.0,PASS,23.892307692307696,False
Kolkata,1990-2004,ref_R3_midpoint,cand_D,D,32.0,1994,101.0,125.0,24.0,24.0,PASS,23.892307692307696,True
Kolkata,1990-2004,ref_R3_midpoint,cand_D,D,32.0,1995,109.0,132.0,23.0,23.0,PASS,23.892307692307696,False
Kolkata,1990-2004,ref_R3_midpoint,cand_D,D,32.0,1996,118.0,138.0,20.0,20.0,PASS,23.892307692307696,False
Kolkata,1990-2004,ref_R3_midpoint,cand_D,D,32.0,1997,130.0,130.0,0.0,0.0,PASS,23.892307692307696,False
Kolkata,1990-2004,ref_R3_midpoint,cand_D,D,32.0,1998,147.0,152.0,5.0,5.0,PASS,23.892307692307696,False
Kolkata,1990-2004,ref_R3_midpoint,cand_D,D,32.0,1999,112.0,134.0,22.0,22.0,PASS,23.892307692307696,False
Kolkata,1990-2004,ref_R3_midpoint,cand_D,D,32.0,2000,122.0,137.0,15.0,15.0,PASS,23.892307692307696,False
Kolkata,1990-2004,ref_R3_midpoint,cand_D,D,32.0,2001,102.0,124.0,22.0,22.0,PASS,23.892307692307696,False
Kolkata,1990-2004,ref_R3_midpoint,cand_D,D,32.0,2002,135.0,140.0,5.0,5.0,PASS,23.892307692307696,False
Kolkata,1990-2004,ref_R3_midpoint,cand_D,D,32.0,2003,142.0,147.0,5.0,5.0,PASS,23.892307692307696,False
Lucknow,1990-2004,ref_audited,cand_A,A,28.0,1991,209.0,223.0,14.0,14.0,PASS,43.430769230769236,False
Lucknow,1990-2004,ref_audited,cand_A,A,28.0,1992,211.0,215.0,4.0,4.0,PASS,43.430769230769236,False
Lucknow,1990-2004,ref_audited,cand_A,A,28.0,1993,204.0,207.0,3.0,3.0,PASS,43.430769230769236,False
Lucknow,1990-2004,ref_audited,cand_A,A,28.0,1994,214.0,216.0,2.0,2.0,PASS,43.430769230769236,False
Lucknow,1990-2004,ref_audited,cand_A,A,28.0,1995,214.0,215.0,1.0,1.0,PASS,43.430769230769236,False
Lucknow,1990-2004,ref_audited,cand_A,A,28.0,1996,208.0,215.0,7.0,7.0,PASS,43.430769230769236,False
Lucknow,1990-2004,ref_audited,cand_A,A,28.0,1997,206.0,208.0,2.0,2.0,PASS,43.430769230769236,False
Lucknow,1990-2004,ref_audited,cand_A,A,28.0,1998,217.0,221.0,4.0,4.0,PASS,43.430769230769236,False
Lucknow,1990-2004,ref_audited,cand_A,A,28.0,1999,228.0,231.0,3.0,3.0,PASS,43.430769230769236,False
Lucknow,1990-2004,ref_audited,cand_A,A,28.0,2000,220.0,226.0,6.0,6.0,PASS,43.430769230769236,False
Lucknow,1990-2004,ref_audited,cand_A,A,28.0,2001,234.0,231.0,-3.0,3.0,PASS,43.430769230769236,False
Lucknow,1990-2004,ref_audited,cand_A,A,28.0,2002,227.0,230.0,3.0,3.0,PASS,43.430769230769236,False
Lucknow,1990-2004,ref_audited,cand_A,A,28.0,2003,231.0,237.0,6.0,6.0,PASS,43.430769230769236,False
Lucknow,1990-2004,ref_audited,cand_A,A,30.0,1991,157.0,164.0,7.0,7.0,PASS,35.49230769230769,False
Lucknow,1990-2004,ref_audited,cand_A,A,30.0,1992,159.0,162.0,3.0,3.0,PASS,35.49230769230769,False
Lucknow,1990-2004,ref_audited,cand_A,A,30.0,1993,163.0,162.0,-1.0,1.0,PASS,35.49230769230769,False
Lucknow,1990-2004,ref_audited,cand_A,A,30.0,1994,168.0,170.0,2.0,2.0,PASS,35.49230769230769,False
Lucknow,1990-2004,ref_audited,cand_A,A,30.0,1995,180.0,187.0,7.0,7.0,PASS,35.49230769230769,False
Lucknow,1990-2004,ref_audited,cand_A,A,30.0,1996,170.0,168.0,-2.0,2.0,PASS,35.49230769230769,False
Lucknow,1990-2004,ref_audited,cand_A,A,30.0,1997,166.0,169.0,3.0,3.0,PASS,35.49230769230769,False
Lucknow,1990-2004,ref_audited,cand_A,A,30.0,1998,188.0,182.0,-6.0,6.0,PASS,35.49230769230769,False
Lucknow,1990-2004,ref_audited,cand_A,A,30.0,1999,189.0,195.0,6.0,6.0,PASS,35.49230769230769,False
Lucknow,1990-2004,ref_audited,cand_A,A,30.0,2000,192.0,190.0,-2.0,2.0,PASS,35.49230769230769,False
Lucknow,1990-2004,ref_audited,cand_A,A,30.0,2001,190.0,191.0,1.0,1.0,PASS,35.49230769230769,False
Lucknow,1990-2004,ref_audited,cand_A,A,30.0,2002,199.0,188.0,-11.0,11.0,PASS,35.49230769230769,False
Lucknow,1990-2004,ref_audited,cand_A,A,30.0,2003,186.0,179.0,-7.0,7.0,PASS,35.49230769230769,False
Lucknow,1990-2004,ref_audited,cand_A,A,32.0,1991,100.0,105.0,5.0,5.0,PASS,22.861538461538462,False
Lucknow,1990-2004,ref_audited,cand_A,A,32.0,1992,91.0,91.0,0.0,0.0,PASS,22.861538461538462,False
Lucknow,1990-2004,ref_audited,cand_A,A,32.0,1993,122.0,124.0,2.0,2.0,PASS,22.861538461538462,False
Lucknow,1990-2004,ref_audited,cand_A,A,32.0,1994,95.0,96.0,1.0,1.0,PASS,22.861538461538462,False
Lucknow,1990-2004,ref_audited,cand_A,A,32.0,1995,100.0,106.0,6.0,6.0,PASS,22.861538461538462,False
Lucknow,1990-2004,ref_audited,cand_A,A,32.0,1996,106.0,95.0,-11.0,11.0,PASS,22.861538461538462,False
Lucknow,1990-2004,ref_audited,cand_A,A,32.0,1997,100.0,105.0,5.0,5.0,PASS,22.861538461538462,False
Lucknow,1990-2004,ref_audited,cand_A,A,32.0,1998,131.0,130.0,-1.0,1.0,PASS,22.861538461538462,False
Lucknow,1990-2004,ref_audited,cand_A,A,32.0,1999,127.0,128.0,1.0,1.0,PASS,22.861538461538462,False
Lucknow,1990-2004,ref_audited,cand_A,A,32.0,2000,121.0,121.0,0.0,0.0,PASS,22.861538461538462,False
Lucknow,1990-2004,ref_audited,cand_A,A,32.0,2001,144.0,144.0,0.0,0.0,PASS,22.861538461538462,False
Lucknow,1990-2004,ref_audited,cand_A,A,32.0,2002,133.0,137.0,4.0,4.0,PASS,22.861538461538462,False
Lucknow,1990-2004,ref_audited,cand_A,A,32.0,2003,116.0,100.0,-16.0,16.0,PASS,22.861538461538462,False
Lucknow,1990-2004,ref_audited,cand_B,B,28.0,1991,209.0,213.0,4.0,4.0,PASS,43.430769230769236,False
Lucknow,1990-2004,ref_audited,cand_B,B,28.0,1992,211.0,205.0,-6.0,6.0,PASS,43.430769230769236,False
Lucknow,1990-2004,ref_audited,cand_B,B,28.0,1993,204.0,196.0,-8.0,8.0,PASS,43.430769230769236,False
Lucknow,1990-2004,ref_audited,cand_B,B,28.0,1994,214.0,214.0,0.0,0.0,PASS,43.430769230769236,False
Lucknow,1990-2004,ref_audited,cand_B,B,28.0,1995,214.0,207.0,-7.0,7.0,PASS,43.430769230769236,False
Lucknow,1990-2004,ref_audited,cand_B,B,28.0,1996,208.0,208.0,0.0,0.0,PASS,43.430769230769236,False
Lucknow,1990-2004,ref_audited,cand_B,B,28.0,1997,206.0,199.0,-7.0,7.0,PASS,43.430769230769236,False
Lucknow,1990-2004,ref_audited,cand_B,B,28.0,1998,217.0,214.0,-3.0,3.0,PASS,43.430769230769236,False
Lucknow,1990-2004,ref_audited,cand_B,B,28.0,1999,228.0,229.0,1.0,1.0,PASS,43.430769230769236,False
Lucknow,1990-2004,ref_audited,cand_B,B,28.0,2000,220.0,220.0,0.0,0.0,PASS,43.430769230769236,False
Lucknow,1990-2004,ref_audited,cand_B,B,28.0,2001,234.0,227.0,-7.0,7.0,PASS,43.430769230769236,False
Lucknow,1990-2004,ref_audited,cand_B,B,28.0,2002,227.0,222.0,-5.0,5.0,PASS,43.430769230769236,False
Lucknow,1990-2004,ref_audited,cand_B,B,28.0,2003,231.0,231.0,0.0,0.0,PASS,43.430769230769236,False
Lucknow,1990-2004,ref_audited,cand_B,B,30.0,1991,157.0,151.0,-6.0,6.0,PASS,35.49230769230769,False
Lucknow,1990-2004,ref_audited,cand_B,B,30.0,1992,159.0,155.0,-4.0,4.0,PASS,35.49230769230769,False
Lucknow,1990-2004,ref_audited,cand_B,B,30.0,1993,163.0,155.0,-8.0,8.0,PASS,35.49230769230769,False
Lucknow,1990-2004,ref_audited,cand_B,B,30.0,1994,168.0,156.0,-12.0,12.0,PASS,35.49230769230769,False
Lucknow,1990-2004,ref_audited,cand_B,B,30.0,1995,180.0,181.0,1.0,1.0,PASS,35.49230769230769,False
Lucknow,1990-2004,ref_audited,cand_B,B,30.0,1996,170.0,159.0,-11.0,11.0,PASS,35.49230769230769,False
Lucknow,1990-2004,ref_audited,cand_B,B,30.0,1997,166.0,164.0,-2.0,2.0,PASS,35.49230769230769,False
Lucknow,1990-2004,ref_audited,cand_B,B,30.0,1998,188.0,178.0,-10.0,10.0,PASS,35.49230769230769,False
Lucknow,1990-2004,ref_audited,cand_B,B,30.0,1999,189.0,186.0,-3.0,3.0,PASS,35.49230769230769,False
Lucknow,1990-2004,ref_audited,cand_B,B,30.0,2000,192.0,182.0,-10.0,10.0,PASS,35.49230769230769,False
Lucknow,1990-2004,ref_audited,cand_B,B,30.0,2001,190.0,183.0,-7.0,7.0,PASS,35.49230769230769,False
Lucknow,1990-2004,ref_audited,cand_B,B,30.0,2002,199.0,181.0,-18.0,18.0,PASS,35.49230769230769,False
Lucknow,1990-2004,ref_audited,cand_B,B,30.0,2003,186.0,168.0,-18.0,18.0,PASS,35.49230769230769,False
Lucknow,1990-2004,ref_audited,cand_B,B,32.0,1991,100.0,95.0,-5.0,5.0,PASS,22.861538461538462,False
Lucknow,1990-2004,ref_audited,cand_B,B,32.0,1992,91.0,87.0,-4.0,4.0,PASS,22.861538461538462,False
Lucknow,1990-2004,ref_audited,cand_B,B,32.0,1993,122.0,117.0,-5.0,5.0,PASS,22.861538461538462,False
Lucknow,1990-2004,ref_audited,cand_B,B,32.0,1994,95.0,83.0,-12.0,12.0,PASS,22.861538461538462,False
Lucknow,1990-2004,ref_audited,cand_B,B,32.0,1995,100.0,97.0,-3.0,3.0,PASS,22.861538461538462,False
Lucknow,1990-2004,ref_audited,cand_B,B,32.0,1996,106.0,90.0,-16.0,16.0,PASS,22.861538461538462,False
Lucknow,1990-2004,ref_audited,cand_B,B,32.0,1997,100.0,94.0,-6.0,6.0,PASS,22.861538461538462,False
Lucknow,1990-2004,ref_audited,cand_B,B,32.0,1998,131.0,125.0,-6.0,6.0,PASS,22.861538461538462,False
Lucknow,1990-2004,ref_audited,cand_B,B,32.0,1999,127.0,116.0,-11.0,11.0,PASS,22.861538461538462,False
Lucknow,1990-2004,ref_audited,cand_B,B,32.0,2000,121.0,104.0,-17.0,17.0,PASS,22.861538461538462,False
Lucknow,1990-2004,ref_audited,cand_B,B,32.0,2001,144.0,137.0,-7.0,7.0,PASS,22.861538461538462,False
Lucknow,1990-2004,ref_audited,cand_B,B,32.0,2002,133.0,122.0,-11.0,11.0,PASS,22.861538461538462,False
Lucknow,1990-2004,ref_audited,cand_B,B,32.0,2003,116.0,92.0,-24.0,24.0,PASS,22.861538461538462,True
Lucknow,1990-2004,ref_audited,cand_C,C,28.0,1991,209.0,222.0,13.0,13.0,PASS,43.430769230769236,False
Lucknow,1990-2004,ref_audited,cand_C,C,28.0,1992,211.0,216.0,5.0,5.0,PASS,43.430769230769236,False
Lucknow,1990-2004,ref_audited,cand_C,C,28.0,1993,204.0,209.0,5.0,5.0,PASS,43.430769230769236,False
Lucknow,1990-2004,ref_audited,cand_C,C,28.0,1994,214.0,218.0,4.0,4.0,PASS,43.430769230769236,False
Lucknow,1990-2004,ref_audited,cand_C,C,28.0,1995,214.0,214.0,0.0,0.0,PASS,43.430769230769236,False
Lucknow,1990-2004,ref_audited,cand_C,C,28.0,1996,208.0,212.0,4.0,4.0,PASS,43.430769230769236,False
Lucknow,1990-2004,ref_audited,cand_C,C,28.0,1997,206.0,204.0,-2.0,2.0,PASS,43.430769230769236,False
Lucknow,1990-2004,ref_audited,cand_C,C,28.0,1998,217.0,222.0,5.0,5.0,PASS,43.430769230769236,False
Lucknow,1990-2004,ref_audited,cand_C,C,28.0,1999,228.0,230.0,2.0,2.0,PASS,43.430769230769236,False
Lucknow,1990-2004,ref_audited,cand_C,C,28.0,2000,220.0,226.0,6.0,6.0,PASS,43.430769230769236,False
Lucknow,1990-2004,ref_audited,cand_C,C,28.0,2001,234.0,231.0,-3.0,3.0,PASS,43.430769230769236,False
Lucknow,1990-2004,ref_audited,cand_C,C,28.0,2002,227.0,228.0,1.0,1.0,PASS,43.430769230769236,False
Lucknow,1990-2004,ref_audited,cand_C,C,28.0,2003,231.0,236.0,5.0,5.0,PASS,43.430769230769236,False
Lucknow,1990-2004,ref_audited,cand_C,C,30.0,1991,157.0,165.0,8.0,8.0,PASS,35.49230769230769,False
Lucknow,1990-2004,ref_audited,cand_C,C,30.0,1992,159.0,161.0,2.0,2.0,PASS,35.49230769230769,False
Lucknow,1990-2004,ref_audited,cand_C,C,30.0,1993,163.0,161.0,-2.0,2.0,PASS,35.49230769230769,False
Lucknow,1990-2004,ref_audited,cand_C,C,30.0,1994,168.0,172.0,4.0,4.0,PASS,35.49230769230769,False
Lucknow,1990-2004,ref_audited,cand_C,C,30.0,1995,180.0,187.0,7.0,7.0,PASS,35.49230769230769,False
Lucknow,1990-2004,ref_audited,cand_C,C,30.0,1996,170.0,170.0,0.0,0.0,PASS,35.49230769230769,False
Lucknow,1990-2004,ref_audited,cand_C,C,30.0,1997,166.0,169.0,3.0,3.0,PASS,35.49230769230769,False
Lucknow,1990-2004,ref_audited,cand_C,C,30.0,1998,188.0,186.0,-2.0,2.0,PASS,35.49230769230769,False
Lucknow,1990-2004,ref_audited,cand_C,C,30.0,1999,189.0,195.0,6.0,6.0,PASS,35.49230769230769,False
Lucknow,1990-2004,ref_audited,cand_C,C,30.0,2000,192.0,191.0,-1.0,1.0,PASS,35.49230769230769,False
Lucknow,1990-2004,ref_audited,cand_C,C,30.0,2001,190.0,191.0,1.0,1.0,PASS,35.49230769230769,False
Lucknow,1990-2004,ref_audited,cand_C,C,30.0,2002,199.0,189.0,-10.0,10.0,PASS,35.49230769230769,False
Lucknow,1990-2004,ref_audited,cand_C,C,30.0,2003,186.0,184.0,-2.0,2.0,PASS,35.49230769230769,False
Lucknow,1990-2004,ref_audited,cand_C,C,32.0,1991,100.0,105.0,5.0,5.0,PASS,22.861538461538462,False
Lucknow,1990-2004,ref_audited,cand_C,C,32.0,1992,91.0,91.0,0.0,0.0,PASS,22.861538461538462,False
Lucknow,1990-2004,ref_audited,cand_C,C,32.0,1993,122.0,127.0,5.0,5.0,PASS,22.861538461538462,False
Lucknow,1990-2004,ref_audited,cand_C,C,32.0,1994,95.0,93.0,-2.0,2.0,PASS,22.861538461538462,False
Lucknow,1990-2004,ref_audited,cand_C,C,32.0,1995,100.0,102.0,2.0,2.0,PASS,22.861538461538462,False
Lucknow,1990-2004,ref_audited,cand_C,C,32.0,1996,106.0,97.0,-9.0,9.0,PASS,22.861538461538462,False
Lucknow,1990-2004,ref_audited,cand_C,C,32.0,1997,100.0,102.0,2.0,2.0,PASS,22.861538461538462,False
Lucknow,1990-2004,ref_audited,cand_C,C,32.0,1998,131.0,128.0,-3.0,3.0,PASS,22.861538461538462,False
Lucknow,1990-2004,ref_audited,cand_C,C,32.0,1999,127.0,131.0,4.0,4.0,PASS,22.861538461538462,False
Lucknow,1990-2004,ref_audited,cand_C,C,32.0,2000,121.0,126.0,5.0,5.0,PASS,22.861538461538462,False
Lucknow,1990-2004,ref_audited,cand_C,C,32.0,2001,144.0,144.0,0.0,0.0,PASS,22.861538461538462,False
Lucknow,1990-2004,ref_audited,cand_C,C,32.0,2002,133.0,137.0,4.0,4.0,PASS,22.861538461538462,False
Lucknow,1990-2004,ref_audited,cand_C,C,32.0,2003,116.0,102.0,-14.0,14.0,PASS,22.861538461538462,False
Lucknow,1990-2004,ref_audited,cand_D,D,28.0,1991,209.0,211.0,2.0,2.0,PASS,43.430769230769236,False
Lucknow,1990-2004,ref_audited,cand_D,D,28.0,1992,211.0,206.0,-5.0,5.0,PASS,43.430769230769236,False
Lucknow,1990-2004,ref_audited,cand_D,D,28.0,1993,204.0,198.0,-6.0,6.0,PASS,43.430769230769236,False
Lucknow,1990-2004,ref_audited,cand_D,D,28.0,1994,214.0,214.0,0.0,0.0,PASS,43.430769230769236,False
Lucknow,1990-2004,ref_audited,cand_D,D,28.0,1995,214.0,204.0,-10.0,10.0,PASS,43.430769230769236,False
Lucknow,1990-2004,ref_audited,cand_D,D,28.0,1996,208.0,207.0,-1.0,1.0,PASS,43.430769230769236,False
Lucknow,1990-2004,ref_audited,cand_D,D,28.0,1997,206.0,198.0,-8.0,8.0,PASS,43.430769230769236,False
Lucknow,1990-2004,ref_audited,cand_D,D,28.0,1998,217.0,215.0,-2.0,2.0,PASS,43.430769230769236,False
Lucknow,1990-2004,ref_audited,cand_D,D,28.0,1999,228.0,228.0,0.0,0.0,PASS,43.430769230769236,False
Lucknow,1990-2004,ref_audited,cand_D,D,28.0,2000,220.0,220.0,0.0,0.0,PASS,43.430769230769236,False
Lucknow,1990-2004,ref_audited,cand_D,D,28.0,2001,234.0,225.0,-9.0,9.0,PASS,43.430769230769236,False
Lucknow,1990-2004,ref_audited,cand_D,D,28.0,2002,227.0,222.0,-5.0,5.0,PASS,43.430769230769236,False
Lucknow,1990-2004,ref_audited,cand_D,D,28.0,2003,231.0,231.0,0.0,0.0,PASS,43.430769230769236,False
Lucknow,1990-2004,ref_audited,cand_D,D,30.0,1991,157.0,149.0,-8.0,8.0,PASS,35.49230769230769,False
Lucknow,1990-2004,ref_audited,cand_D,D,30.0,1992,159.0,156.0,-3.0,3.0,PASS,35.49230769230769,False
Lucknow,1990-2004,ref_audited,cand_D,D,30.0,1993,163.0,155.0,-8.0,8.0,PASS,35.49230769230769,False
Lucknow,1990-2004,ref_audited,cand_D,D,30.0,1994,168.0,155.0,-13.0,13.0,PASS,35.49230769230769,False
Lucknow,1990-2004,ref_audited,cand_D,D,30.0,1995,180.0,174.0,-6.0,6.0,PASS,35.49230769230769,False
Lucknow,1990-2004,ref_audited,cand_D,D,30.0,1996,170.0,162.0,-8.0,8.0,PASS,35.49230769230769,False
Lucknow,1990-2004,ref_audited,cand_D,D,30.0,1997,166.0,166.0,0.0,0.0,PASS,35.49230769230769,False
Lucknow,1990-2004,ref_audited,cand_D,D,30.0,1998,188.0,182.0,-6.0,6.0,PASS,35.49230769230769,False
Lucknow,1990-2004,ref_audited,cand_D,D,30.0,1999,189.0,189.0,0.0,0.0,PASS,35.49230769230769,False
Lucknow,1990-2004,ref_audited,cand_D,D,30.0,2000,192.0,184.0,-8.0,8.0,PASS,35.49230769230769,False
Lucknow,1990-2004,ref_audited,cand_D,D,30.0,2001,190.0,181.0,-9.0,9.0,PASS,35.49230769230769,False
Lucknow,1990-2004,ref_audited,cand_D,D,30.0,2002,199.0,180.0,-19.0,19.0,PASS,35.49230769230769,False
Lucknow,1990-2004,ref_audited,cand_D,D,30.0,2003,186.0,169.0,-17.0,17.0,PASS,35.49230769230769,False
Lucknow,1990-2004,ref_audited,cand_D,D,32.0,1991,100.0,99.0,-1.0,1.0,PASS,22.861538461538462,False
Lucknow,1990-2004,ref_audited,cand_D,D,32.0,1992,91.0,87.0,-4.0,4.0,PASS,22.861538461538462,False
Lucknow,1990-2004,ref_audited,cand_D,D,32.0,1993,122.0,116.0,-6.0,6.0,PASS,22.861538461538462,False
Lucknow,1990-2004,ref_audited,cand_D,D,32.0,1994,95.0,83.0,-12.0,12.0,PASS,22.861538461538462,False
Lucknow,1990-2004,ref_audited,cand_D,D,32.0,1995,100.0,100.0,0.0,0.0,PASS,22.861538461538462,False
Lucknow,1990-2004,ref_audited,cand_D,D,32.0,1996,106.0,88.0,-18.0,18.0,PASS,22.861538461538462,False
Lucknow,1990-2004,ref_audited,cand_D,D,32.0,1997,100.0,90.0,-10.0,10.0,PASS,22.861538461538462,False
Lucknow,1990-2004,ref_audited,cand_D,D,32.0,1998,131.0,125.0,-6.0,6.0,PASS,22.861538461538462,False
Lucknow,1990-2004,ref_audited,cand_D,D,32.0,1999,127.0,113.0,-14.0,14.0,PASS,22.861538461538462,False
Lucknow,1990-2004,ref_audited,cand_D,D,32.0,2000,121.0,113.0,-8.0,8.0,PASS,22.861538461538462,False
Lucknow,1990-2004,ref_audited,cand_D,D,32.0,2001,144.0,137.0,-7.0,7.0,PASS,22.861538461538462,False
Lucknow,1990-2004,ref_audited,cand_D,D,32.0,2002,133.0,122.0,-11.0,11.0,PASS,22.861538461538462,False
Lucknow,1990-2004,ref_audited,cand_D,D,32.0,2003,116.0,96.0,-20.0,20.0,PASS,22.861538461538462,False
Lucknow,1990-2004,ref_R3_midpoint,cand_A,A,28.0,1991,206.0,223.0,17.0,17.0,PASS,42.93846153846154,False
Lucknow,1990-2004,ref_R3_midpoint,cand_A,A,28.0,1992,208.0,215.0,7.0,7.0,PASS,42.93846153846154,False
Lucknow,1990-2004,ref_R3_midpoint,cand_A,A,28.0,1993,203.0,207.0,4.0,4.0,PASS,42.93846153846154,False
Lucknow,1990-2004,ref_R3_midpoint,cand_A,A,28.0,1994,212.0,216.0,4.0,4.0,PASS,42.93846153846154,False
Lucknow,1990-2004,ref_R3_midpoint,cand_A,A,28.0,1995,212.0,215.0,3.0,3.0,PASS,42.93846153846154,False
Lucknow,1990-2004,ref_R3_midpoint,cand_A,A,28.0,1996,204.0,215.0,11.0,11.0,PASS,42.93846153846154,False
Lucknow,1990-2004,ref_R3_midpoint,cand_A,A,28.0,1997,203.0,208.0,5.0,5.0,PASS,42.93846153846154,False
Lucknow,1990-2004,ref_R3_midpoint,cand_A,A,28.0,1998,214.0,221.0,7.0,7.0,PASS,42.93846153846154,False
Lucknow,1990-2004,ref_R3_midpoint,cand_A,A,28.0,1999,228.0,231.0,3.0,3.0,PASS,42.93846153846154,False
Lucknow,1990-2004,ref_R3_midpoint,cand_A,A,28.0,2000,218.0,226.0,8.0,8.0,PASS,42.93846153846154,False
Lucknow,1990-2004,ref_R3_midpoint,cand_A,A,28.0,2001,230.0,231.0,1.0,1.0,PASS,42.93846153846154,False
Lucknow,1990-2004,ref_R3_midpoint,cand_A,A,28.0,2002,225.0,230.0,5.0,5.0,PASS,42.93846153846154,False
Lucknow,1990-2004,ref_R3_midpoint,cand_A,A,28.0,2003,228.0,237.0,9.0,9.0,PASS,42.93846153846154,False
Lucknow,1990-2004,ref_R3_midpoint,cand_A,A,30.0,1991,153.0,164.0,11.0,11.0,PASS,34.815384615384616,False
Lucknow,1990-2004,ref_R3_midpoint,cand_A,A,30.0,1992,154.0,162.0,8.0,8.0,PASS,34.815384615384616,False
Lucknow,1990-2004,ref_R3_midpoint,cand_A,A,30.0,1993,163.0,162.0,-1.0,1.0,PASS,34.815384615384616,False
Lucknow,1990-2004,ref_R3_midpoint,cand_A,A,30.0,1994,166.0,170.0,4.0,4.0,PASS,34.815384615384616,False
Lucknow,1990-2004,ref_R3_midpoint,cand_A,A,30.0,1995,178.0,187.0,9.0,9.0,PASS,34.815384615384616,False
Lucknow,1990-2004,ref_R3_midpoint,cand_A,A,30.0,1996,167.0,168.0,1.0,1.0,PASS,34.815384615384616,False
Lucknow,1990-2004,ref_R3_midpoint,cand_A,A,30.0,1997,161.0,169.0,8.0,8.0,PASS,34.815384615384616,False
Lucknow,1990-2004,ref_R3_midpoint,cand_A,A,30.0,1998,181.0,182.0,1.0,1.0,PASS,34.815384615384616,False
Lucknow,1990-2004,ref_R3_midpoint,cand_A,A,30.0,1999,187.0,195.0,8.0,8.0,PASS,34.815384615384616,False
Lucknow,1990-2004,ref_R3_midpoint,cand_A,A,30.0,2000,190.0,190.0,0.0,0.0,PASS,34.815384615384616,False
Lucknow,1990-2004,ref_R3_midpoint,cand_A,A,30.0,2001,184.0,191.0,7.0,7.0,PASS,34.815384615384616,False
Lucknow,1990-2004,ref_R3_midpoint,cand_A,A,30.0,2002,195.0,188.0,-7.0,7.0,PASS,34.815384615384616,False
Lucknow,1990-2004,ref_R3_midpoint,cand_A,A,30.0,2003,184.0,179.0,-5.0,5.0,PASS,34.815384615384616,False
Lucknow,1990-2004,ref_R3_midpoint,cand_A,A,32.0,1991,95.0,105.0,10.0,10.0,PASS,21.184615384615384,False
Lucknow,1990-2004,ref_R3_midpoint,cand_A,A,32.0,1992,83.0,91.0,8.0,8.0,PASS,21.184615384615384,False
Lucknow,1990-2004,ref_R3_midpoint,cand_A,A,32.0,1993,118.0,124.0,6.0,6.0,PASS,21.184615384615384,False
Lucknow,1990-2004,ref_R3_midpoint,cand_A,A,32.0,1994,86.0,96.0,10.0,10.0,PASS,21.184615384615384,False
Lucknow,1990-2004,ref_R3_midpoint,cand_A,A,32.0,1995,95.0,106.0,11.0,11.0,PASS,21.184615384615384,False
Lucknow,1990-2004,ref_R3_midpoint,cand_A,A,32.0,1996,91.0,95.0,4.0,4.0,PASS,21.184615384615384,False
Lucknow,1990-2004,ref_R3_midpoint,cand_A,A,32.0,1997,90.0,105.0,15.0,15.0,PASS,21.184615384615384,False
Lucknow,1990-2004,ref_R3_midpoint,cand_A,A,32.0,1998,122.0,130.0,8.0,8.0,PASS,21.184615384615384,False
Lucknow,1990-2004,ref_R3_midpoint,cand_A,A,32.0,1999,117.0,128.0,11.0,11.0,PASS,21.184615384615384,False
Lucknow,1990-2004,ref_R3_midpoint,cand_A,A,32.0,2000,114.0,121.0,7.0,7.0,PASS,21.184615384615384,False
Lucknow,1990-2004,ref_R3_midpoint,cand_A,A,32.0,2001,135.0,144.0,9.0,9.0,PASS,21.184615384615384,False
Lucknow,1990-2004,ref_R3_midpoint,cand_A,A,32.0,2002,126.0,137.0,11.0,11.0,PASS,21.184615384615384,False
Lucknow,1990-2004,ref_R3_midpoint,cand_A,A,32.0,2003,105.0,100.0,-5.0,5.0,PASS,21.184615384615384,False
Lucknow,1990-2004,ref_R3_midpoint,cand_B,B,28.0,1991,206.0,213.0,7.0,7.0,PASS,42.93846153846154,False
Lucknow,1990-2004,ref_R3_midpoint,cand_B,B,28.0,1992,208.0,205.0,-3.0,3.0,PASS,42.93846153846154,False
Lucknow,1990-2004,ref_R3_midpoint,cand_B,B,28.0,1993,203.0,196.0,-7.0,7.0,PASS,42.93846153846154,False
Lucknow,1990-2004,ref_R3_midpoint,cand_B,B,28.0,1994,212.0,214.0,2.0,2.0,PASS,42.93846153846154,False
Lucknow,1990-2004,ref_R3_midpoint,cand_B,B,28.0,1995,212.0,207.0,-5.0,5.0,PASS,42.93846153846154,False
Lucknow,1990-2004,ref_R3_midpoint,cand_B,B,28.0,1996,204.0,208.0,4.0,4.0,PASS,42.93846153846154,False
Lucknow,1990-2004,ref_R3_midpoint,cand_B,B,28.0,1997,203.0,199.0,-4.0,4.0,PASS,42.93846153846154,False
Lucknow,1990-2004,ref_R3_midpoint,cand_B,B,28.0,1998,214.0,214.0,0.0,0.0,PASS,42.93846153846154,False
Lucknow,1990-2004,ref_R3_midpoint,cand_B,B,28.0,1999,228.0,229.0,1.0,1.0,PASS,42.93846153846154,False
Lucknow,1990-2004,ref_R3_midpoint,cand_B,B,28.0,2000,218.0,220.0,2.0,2.0,PASS,42.93846153846154,False
Lucknow,1990-2004,ref_R3_midpoint,cand_B,B,28.0,2001,230.0,227.0,-3.0,3.0,PASS,42.93846153846154,False
Lucknow,1990-2004,ref_R3_midpoint,cand_B,B,28.0,2002,225.0,222.0,-3.0,3.0,PASS,42.93846153846154,False
Lucknow,1990-2004,ref_R3_midpoint,cand_B,B,28.0,2003,228.0,231.0,3.0,3.0,PASS,42.93846153846154,False
Lucknow,1990-2004,ref_R3_midpoint,cand_B,B,30.0,1991,153.0,151.0,-2.0,2.0,PASS,34.815384615384616,False
Lucknow,1990-2004,ref_R3_midpoint,cand_B,B,30.0,1992,154.0,155.0,1.0,1.0,PASS,34.815384615384616,False
Lucknow,1990-2004,ref_R3_midpoint,cand_B,B,30.0,1993,163.0,155.0,-8.0,8.0,PASS,34.815384615384616,False
Lucknow,1990-2004,ref_R3_midpoint,cand_B,B,30.0,1994,166.0,156.0,-10.0,10.0,PASS,34.815384615384616,False
Lucknow,1990-2004,ref_R3_midpoint,cand_B,B,30.0,1995,178.0,181.0,3.0,3.0,PASS,34.815384615384616,False
Lucknow,1990-2004,ref_R3_midpoint,cand_B,B,30.0,1996,167.0,159.0,-8.0,8.0,PASS,34.815384615384616,False
Lucknow,1990-2004,ref_R3_midpoint,cand_B,B,30.0,1997,161.0,164.0,3.0,3.0,PASS,34.815384615384616,False
Lucknow,1990-2004,ref_R3_midpoint,cand_B,B,30.0,1998,181.0,178.0,-3.0,3.0,PASS,34.815384615384616,False
Lucknow,1990-2004,ref_R3_midpoint,cand_B,B,30.0,1999,187.0,186.0,-1.0,1.0,PASS,34.815384615384616,False
Lucknow,1990-2004,ref_R3_midpoint,cand_B,B,30.0,2000,190.0,182.0,-8.0,8.0,PASS,34.815384615384616,False
Lucknow,1990-2004,ref_R3_midpoint,cand_B,B,30.0,2001,184.0,183.0,-1.0,1.0,PASS,34.815384615384616,False
Lucknow,1990-2004,ref_R3_midpoint,cand_B,B,30.0,2002,195.0,181.0,-14.0,14.0,PASS,34.815384615384616,False
Lucknow,1990-2004,ref_R3_midpoint,cand_B,B,30.0,2003,184.0,168.0,-16.0,16.0,PASS,34.815384615384616,False
Lucknow,1990-2004,ref_R3_midpoint,cand_B,B,32.0,1991,95.0,95.0,0.0,0.0,PASS,21.184615384615384,False
Lucknow,1990-2004,ref_R3_midpoint,cand_B,B,32.0,1992,83.0,87.0,4.0,4.0,PASS,21.184615384615384,False
Lucknow,1990-2004,ref_R3_midpoint,cand_B,B,32.0,1993,118.0,117.0,-1.0,1.0,PASS,21.184615384615384,False
Lucknow,1990-2004,ref_R3_midpoint,cand_B,B,32.0,1994,86.0,83.0,-3.0,3.0,PASS,21.184615384615384,False
Lucknow,1990-2004,ref_R3_midpoint,cand_B,B,32.0,1995,95.0,97.0,2.0,2.0,PASS,21.184615384615384,False
Lucknow,1990-2004,ref_R3_midpoint,cand_B,B,32.0,1996,91.0,90.0,-1.0,1.0,PASS,21.184615384615384,False
Lucknow,1990-2004,ref_R3_midpoint,cand_B,B,32.0,1997,90.0,94.0,4.0,4.0,PASS,21.184615384615384,False
Lucknow,1990-2004,ref_R3_midpoint,cand_B,B,32.0,1998,122.0,125.0,3.0,3.0,PASS,21.184615384615384,False
Lucknow,1990-2004,ref_R3_midpoint,cand_B,B,32.0,1999,117.0,116.0,-1.0,1.0,PASS,21.184615384615384,False
Lucknow,1990-2004,ref_R3_midpoint,cand_B,B,32.0,2000,114.0,104.0,-10.0,10.0,PASS,21.184615384615384,False
Lucknow,1990-2004,ref_R3_midpoint,cand_B,B,32.0,2001,135.0,137.0,2.0,2.0,PASS,21.184615384615384,False
Lucknow,1990-2004,ref_R3_midpoint,cand_B,B,32.0,2002,126.0,122.0,-4.0,4.0,PASS,21.184615384615384,False
Lucknow,1990-2004,ref_R3_midpoint,cand_B,B,32.0,2003,105.0,92.0,-13.0,13.0,PASS,21.184615384615384,False
Lucknow,1990-2004,ref_R3_midpoint,cand_C,C,28.0,1991,206.0,222.0,16.0,16.0,PASS,42.93846153846154,False
Lucknow,1990-2004,ref_R3_midpoint,cand_C,C,28.0,1992,208.0,216.0,8.0,8.0,PASS,42.93846153846154,False
Lucknow,1990-2004,ref_R3_midpoint,cand_C,C,28.0,1993,203.0,209.0,6.0,6.0,PASS,42.93846153846154,False
Lucknow,1990-2004,ref_R3_midpoint,cand_C,C,28.0,1994,212.0,218.0,6.0,6.0,PASS,42.93846153846154,False
Lucknow,1990-2004,ref_R3_midpoint,cand_C,C,28.0,1995,212.0,214.0,2.0,2.0,PASS,42.93846153846154,False
Lucknow,1990-2004,ref_R3_midpoint,cand_C,C,28.0,1996,204.0,212.0,8.0,8.0,PASS,42.93846153846154,False
Lucknow,1990-2004,ref_R3_midpoint,cand_C,C,28.0,1997,203.0,204.0,1.0,1.0,PASS,42.93846153846154,False
Lucknow,1990-2004,ref_R3_midpoint,cand_C,C,28.0,1998,214.0,222.0,8.0,8.0,PASS,42.93846153846154,False
Lucknow,1990-2004,ref_R3_midpoint,cand_C,C,28.0,1999,228.0,230.0,2.0,2.0,PASS,42.93846153846154,False
Lucknow,1990-2004,ref_R3_midpoint,cand_C,C,28.0,2000,218.0,226.0,8.0,8.0,PASS,42.93846153846154,False
Lucknow,1990-2004,ref_R3_midpoint,cand_C,C,28.0,2001,230.0,231.0,1.0,1.0,PASS,42.93846153846154,False
Lucknow,1990-2004,ref_R3_midpoint,cand_C,C,28.0,2002,225.0,228.0,3.0,3.0,PASS,42.93846153846154,False
Lucknow,1990-2004,ref_R3_midpoint,cand_C,C,28.0,2003,228.0,236.0,8.0,8.0,PASS,42.93846153846154,False
Lucknow,1990-2004,ref_R3_midpoint,cand_C,C,30.0,1991,153.0,165.0,12.0,12.0,PASS,34.815384615384616,False
Lucknow,1990-2004,ref_R3_midpoint,cand_C,C,30.0,1992,154.0,161.0,7.0,7.0,PASS,34.815384615384616,False
Lucknow,1990-2004,ref_R3_midpoint,cand_C,C,30.0,1993,163.0,161.0,-2.0,2.0,PASS,34.815384615384616,False
Lucknow,1990-2004,ref_R3_midpoint,cand_C,C,30.0,1994,166.0,172.0,6.0,6.0,PASS,34.815384615384616,False
Lucknow,1990-2004,ref_R3_midpoint,cand_C,C,30.0,1995,178.0,187.0,9.0,9.0,PASS,34.815384615384616,False
Lucknow,1990-2004,ref_R3_midpoint,cand_C,C,30.0,1996,167.0,170.0,3.0,3.0,PASS,34.815384615384616,False
Lucknow,1990-2004,ref_R3_midpoint,cand_C,C,30.0,1997,161.0,169.0,8.0,8.0,PASS,34.815384615384616,False
Lucknow,1990-2004,ref_R3_midpoint,cand_C,C,30.0,1998,181.0,186.0,5.0,5.0,PASS,34.815384615384616,False
Lucknow,1990-2004,ref_R3_midpoint,cand_C,C,30.0,1999,187.0,195.0,8.0,8.0,PASS,34.815384615384616,False
Lucknow,1990-2004,ref_R3_midpoint,cand_C,C,30.0,2000,190.0,191.0,1.0,1.0,PASS,34.815384615384616,False
Lucknow,1990-2004,ref_R3_midpoint,cand_C,C,30.0,2001,184.0,191.0,7.0,7.0,PASS,34.815384615384616,False
Lucknow,1990-2004,ref_R3_midpoint,cand_C,C,30.0,2002,195.0,189.0,-6.0,6.0,PASS,34.815384615384616,False
Lucknow,1990-2004,ref_R3_midpoint,cand_C,C,30.0,2003,184.0,184.0,0.0,0.0,PASS,34.815384615384616,False
Lucknow,1990-2004,ref_R3_midpoint,cand_C,C,32.0,1991,95.0,105.0,10.0,10.0,PASS,21.184615384615384,False
Lucknow,1990-2004,ref_R3_midpoint,cand_C,C,32.0,1992,83.0,91.0,8.0,8.0,PASS,21.184615384615384,False
Lucknow,1990-2004,ref_R3_midpoint,cand_C,C,32.0,1993,118.0,127.0,9.0,9.0,PASS,21.184615384615384,False
Lucknow,1990-2004,ref_R3_midpoint,cand_C,C,32.0,1994,86.0,93.0,7.0,7.0,PASS,21.184615384615384,False
Lucknow,1990-2004,ref_R3_midpoint,cand_C,C,32.0,1995,95.0,102.0,7.0,7.0,PASS,21.184615384615384,False
Lucknow,1990-2004,ref_R3_midpoint,cand_C,C,32.0,1996,91.0,97.0,6.0,6.0,PASS,21.184615384615384,False
Lucknow,1990-2004,ref_R3_midpoint,cand_C,C,32.0,1997,90.0,102.0,12.0,12.0,PASS,21.184615384615384,False
Lucknow,1990-2004,ref_R3_midpoint,cand_C,C,32.0,1998,122.0,128.0,6.0,6.0,PASS,21.184615384615384,False
Lucknow,1990-2004,ref_R3_midpoint,cand_C,C,32.0,1999,117.0,131.0,14.0,14.0,PASS,21.184615384615384,False
Lucknow,1990-2004,ref_R3_midpoint,cand_C,C,32.0,2000,114.0,126.0,12.0,12.0,PASS,21.184615384615384,False
Lucknow,1990-2004,ref_R3_midpoint,cand_C,C,32.0,2001,135.0,144.0,9.0,9.0,PASS,21.184615384615384,False
Lucknow,1990-2004,ref_R3_midpoint,cand_C,C,32.0,2002,126.0,137.0,11.0,11.0,PASS,21.184615384615384,False
Lucknow,1990-2004,ref_R3_midpoint,cand_C,C,32.0,2003,105.0,102.0,-3.0,3.0,PASS,21.184615384615384,False
Lucknow,1990-2004,ref_R3_midpoint,cand_D,D,28.0,1991,206.0,211.0,5.0,5.0,PASS,42.93846153846154,False
Lucknow,1990-2004,ref_R3_midpoint,cand_D,D,28.0,1992,208.0,206.0,-2.0,2.0,PASS,42.93846153846154,False
Lucknow,1990-2004,ref_R3_midpoint,cand_D,D,28.0,1993,203.0,198.0,-5.0,5.0,PASS,42.93846153846154,False
Lucknow,1990-2004,ref_R3_midpoint,cand_D,D,28.0,1994,212.0,214.0,2.0,2.0,PASS,42.93846153846154,False
Lucknow,1990-2004,ref_R3_midpoint,cand_D,D,28.0,1995,212.0,204.0,-8.0,8.0,PASS,42.93846153846154,False
Lucknow,1990-2004,ref_R3_midpoint,cand_D,D,28.0,1996,204.0,207.0,3.0,3.0,PASS,42.93846153846154,False
Lucknow,1990-2004,ref_R3_midpoint,cand_D,D,28.0,1997,203.0,198.0,-5.0,5.0,PASS,42.93846153846154,False
Lucknow,1990-2004,ref_R3_midpoint,cand_D,D,28.0,1998,214.0,215.0,1.0,1.0,PASS,42.93846153846154,False
Lucknow,1990-2004,ref_R3_midpoint,cand_D,D,28.0,1999,228.0,228.0,0.0,0.0,PASS,42.93846153846154,False
Lucknow,1990-2004,ref_R3_midpoint,cand_D,D,28.0,2000,218.0,220.0,2.0,2.0,PASS,42.93846153846154,False
Lucknow,1990-2004,ref_R3_midpoint,cand_D,D,28.0,2001,230.0,225.0,-5.0,5.0,PASS,42.93846153846154,False
Lucknow,1990-2004,ref_R3_midpoint,cand_D,D,28.0,2002,225.0,222.0,-3.0,3.0,PASS,42.93846153846154,False
Lucknow,1990-2004,ref_R3_midpoint,cand_D,D,28.0,2003,228.0,231.0,3.0,3.0,PASS,42.93846153846154,False
Lucknow,1990-2004,ref_R3_midpoint,cand_D,D,30.0,1991,153.0,149.0,-4.0,4.0,PASS,34.815384615384616,False
Lucknow,1990-2004,ref_R3_midpoint,cand_D,D,30.0,1992,154.0,156.0,2.0,2.0,PASS,34.815384615384616,False
Lucknow,1990-2004,ref_R3_midpoint,cand_D,D,30.0,1993,163.0,155.0,-8.0,8.0,PASS,34.815384615384616,False
Lucknow,1990-2004,ref_R3_midpoint,cand_D,D,30.0,1994,166.0,155.0,-11.0,11.0,PASS,34.815384615384616,False
Lucknow,1990-2004,ref_R3_midpoint,cand_D,D,30.0,1995,178.0,174.0,-4.0,4.0,PASS,34.815384615384616,False
Lucknow,1990-2004,ref_R3_midpoint,cand_D,D,30.0,1996,167.0,162.0,-5.0,5.0,PASS,34.815384615384616,False
Lucknow,1990-2004,ref_R3_midpoint,cand_D,D,30.0,1997,161.0,166.0,5.0,5.0,PASS,34.815384615384616,False
Lucknow,1990-2004,ref_R3_midpoint,cand_D,D,30.0,1998,181.0,182.0,1.0,1.0,PASS,34.815384615384616,False
Lucknow,1990-2004,ref_R3_midpoint,cand_D,D,30.0,1999,187.0,189.0,2.0,2.0,PASS,34.815384615384616,False
Lucknow,1990-2004,ref_R3_midpoint,cand_D,D,30.0,2000,190.0,184.0,-6.0,6.0,PASS,34.815384615384616,False
Lucknow,1990-2004,ref_R3_midpoint,cand_D,D,30.0,2001,184.0,181.0,-3.0,3.0,PASS,34.815384615384616,False
Lucknow,1990-2004,ref_R3_midpoint,cand_D,D,30.0,2002,195.0,180.0,-15.0,15.0,PASS,34.815384615384616,False
Lucknow,1990-2004,ref_R3_midpoint,cand_D,D,30.0,2003,184.0,169.0,-15.0,15.0,PASS,34.815384615384616,False
Lucknow,1990-2004,ref_R3_midpoint,cand_D,D,32.0,1991,95.0,99.0,4.0,4.0,PASS,21.184615384615384,False
Lucknow,1990-2004,ref_R3_midpoint,cand_D,D,32.0,1992,83.0,87.0,4.0,4.0,PASS,21.184615384615384,False
Lucknow,1990-2004,ref_R3_midpoint,cand_D,D,32.0,1993,118.0,116.0,-2.0,2.0,PASS,21.184615384615384,False
Lucknow,1990-2004,ref_R3_midpoint,cand_D,D,32.0,1994,86.0,83.0,-3.0,3.0,PASS,21.184615384615384,False
Lucknow,1990-2004,ref_R3_midpoint,cand_D,D,32.0,1995,95.0,100.0,5.0,5.0,PASS,21.184615384615384,False
Lucknow,1990-2004,ref_R3_midpoint,cand_D,D,32.0,1996,91.0,88.0,-3.0,3.0,PASS,21.184615384615384,False
Lucknow,1990-2004,ref_R3_midpoint,cand_D,D,32.0,1997,90.0,90.0,0.0,0.0,PASS,21.184615384615384,False
Lucknow,1990-2004,ref_R3_midpoint,cand_D,D,32.0,1998,122.0,125.0,3.0,3.0,PASS,21.184615384615384,False
Lucknow,1990-2004,ref_R3_midpoint,cand_D,D,32.0,1999,117.0,113.0,-4.0,4.0,PASS,21.184615384615384,False
Lucknow,1990-2004,ref_R3_midpoint,cand_D,D,32.0,2000,114.0,113.0,-1.0,1.0,PASS,21.184615384615384,False
Lucknow,1990-2004,ref_R3_midpoint,cand_D,D,32.0,2001,135.0,137.0,2.0,2.0,PASS,21.184615384615384,False
Lucknow,1990-2004,ref_R3_midpoint,cand_D,D,32.0,2002,126.0,122.0,-4.0,4.0,PASS,21.184615384615384,False
Lucknow,1990-2004,ref_R3_midpoint,cand_D,D,32.0,2003,105.0,96.0,-9.0,9.0,PASS,21.184615384615384,False
Shimla,1990-2004,ref_audited,cand_A,A,28.0,1991,1.0,1.0,0.0,0.0,NOT GATED (rare event),,False
Shimla,1990-2004,ref_audited,cand_A,A,28.0,1992,0.0,0.0,0.0,0.0,NOT GATED (rare event),,False
Shimla,1990-2004,ref_audited,cand_A,A,28.0,1993,0.0,0.0,0.0,0.0,NOT GATED (rare event),,False
Shimla,1990-2004,ref_audited,cand_A,A,28.0,1994,3.0,2.0,-1.0,1.0,NOT GATED (rare event),,False
Shimla,1990-2004,ref_audited,cand_A,A,28.0,1995,0.0,0.0,0.0,0.0,NOT GATED (rare event),,False
Shimla,1990-2004,ref_audited,cand_A,A,28.0,1996,1.0,0.0,-1.0,1.0,NOT GATED (rare event),,False
Shimla,1990-2004,ref_audited,cand_A,A,28.0,1997,0.0,0.0,0.0,0.0,NOT GATED (rare event),,False
Shimla,1990-2004,ref_audited,cand_A,A,28.0,1998,0.0,0.0,0.0,0.0,NOT GATED (rare event),,False
Shimla,1990-2004,ref_audited,cand_A,A,28.0,1999,0.0,0.0,0.0,0.0,NOT GATED (rare event),,False
Shimla,1990-2004,ref_audited,cand_A,A,28.0,2000,0.0,0.0,0.0,0.0,NOT GATED (rare event),,False
Shimla,1990-2004,ref_audited,cand_A,A,28.0,2001,2.0,1.0,-1.0,1.0,NOT GATED (rare event),,False
Shimla,1990-2004,ref_audited,cand_A,A,28.0,2002,0.0,1.0,1.0,1.0,NOT GATED (rare event),,False
Shimla,1990-2004,ref_audited,cand_A,A,28.0,2003,1.0,1.0,0.0,0.0,NOT GATED (rare event),,False
Shimla,1990-2004,ref_audited,cand_A,A,30.0,1991,0.0,0.0,0.0,0.0,NOT GATED (rare event),,False
Shimla,1990-2004,ref_audited,cand_A,A,30.0,1992,0.0,0.0,0.0,0.0,NOT GATED (rare event),,False
Shimla,1990-2004,ref_audited,cand_A,A,30.0,1993,0.0,0.0,0.0,0.0,NOT GATED (rare event),,False
Shimla,1990-2004,ref_audited,cand_A,A,30.0,1994,0.0,0.0,0.0,0.0,NOT GATED (rare event),,False
Shimla,1990-2004,ref_audited,cand_A,A,30.0,1995,0.0,0.0,0.0,0.0,NOT GATED (rare event),,False
Shimla,1990-2004,ref_audited,cand_A,A,30.0,1996,0.0,0.0,0.0,0.0,NOT GATED (rare event),,False
Shimla,1990-2004,ref_audited,cand_A,A,30.0,1997,0.0,0.0,0.0,0.0,NOT GATED (rare event),,False
Shimla,1990-2004,ref_audited,cand_A,A,30.0,1998,0.0,0.0,0.0,0.0,NOT GATED (rare event),,False
Shimla,1990-2004,ref_audited,cand_A,A,30.0,1999,0.0,0.0,0.0,0.0,NOT GATED (rare event),,False
Shimla,1990-2004,ref_audited,cand_A,A,30.0,2000,0.0,0.0,0.0,0.0,NOT GATED (rare event),,False
Shimla,1990-2004,ref_audited,cand_A,A,30.0,2001,0.0,0.0,0.0,0.0,NOT GATED (rare event),,False
Shimla,1990-2004,ref_audited,cand_A,A,30.0,2002,0.0,0.0,0.0,0.0,NOT GATED (rare event),,False
Shimla,1990-2004,ref_audited,cand_A,A,30.0,2003,0.0,0.0,0.0,0.0,NOT GATED (rare event),,False
Shimla,1990-2004,ref_audited,cand_A,A,32.0,1991,0.0,0.0,0.0,0.0,NOT GATED (rare event),,False
Shimla,1990-2004,ref_audited,cand_A,A,32.0,1992,0.0,0.0,0.0,0.0,NOT GATED (rare event),,False
Shimla,1990-2004,ref_audited,cand_A,A,32.0,1993,0.0,0.0,0.0,0.0,NOT GATED (rare event),,False
Shimla,1990-2004,ref_audited,cand_A,A,32.0,1994,0.0,0.0,0.0,0.0,NOT GATED (rare event),,False
Shimla,1990-2004,ref_audited,cand_A,A,32.0,1995,0.0,0.0,0.0,0.0,NOT GATED (rare event),,False
Shimla,1990-2004,ref_audited,cand_A,A,32.0,1996,0.0,0.0,0.0,0.0,NOT GATED (rare event),,False
Shimla,1990-2004,ref_audited,cand_A,A,32.0,1997,0.0,0.0,0.0,0.0,NOT GATED (rare event),,False
Shimla,1990-2004,ref_audited,cand_A,A,32.0,1998,0.0,0.0,0.0,0.0,NOT GATED (rare event),,False
Shimla,1990-2004,ref_audited,cand_A,A,32.0,1999,0.0,0.0,0.0,0.0,NOT GATED (rare event),,False
Shimla,1990-2004,ref_audited,cand_A,A,32.0,2000,0.0,0.0,0.0,0.0,NOT GATED (rare event),,False
Shimla,1990-2004,ref_audited,cand_A,A,32.0,2001,0.0,0.0,0.0,0.0,NOT GATED (rare event),,False
Shimla,1990-2004,ref_audited,cand_A,A,32.0,2002,0.0,0.0,0.0,0.0,NOT GATED (rare event),,False
Shimla,1990-2004,ref_audited,cand_A,A,32.0,2003,0.0,0.0,0.0,0.0,NOT GATED (rare event),,False
Shimla,1990-2004,ref_audited,cand_B,B,28.0,1991,1.0,0.0,-1.0,1.0,NOT GATED (rare event),,False
Shimla,1990-2004,ref_audited,cand_B,B,28.0,1992,0.0,0.0,0.0,0.0,NOT GATED (rare event),,False
Shimla,1990-2004,ref_audited,cand_B,B,28.0,1993,0.0,0.0,0.0,0.0,NOT GATED (rare event),,False
Shimla,1990-2004,ref_audited,cand_B,B,28.0,1994,3.0,0.0,-3.0,3.0,NOT GATED (rare event),,False
Shimla,1990-2004,ref_audited,cand_B,B,28.0,1995,0.0,0.0,0.0,0.0,NOT GATED (rare event),,False
Shimla,1990-2004,ref_audited,cand_B,B,28.0,1996,1.0,0.0,-1.0,1.0,NOT GATED (rare event),,False
Shimla,1990-2004,ref_audited,cand_B,B,28.0,1997,0.0,0.0,0.0,0.0,NOT GATED (rare event),,False
Shimla,1990-2004,ref_audited,cand_B,B,28.0,1998,0.0,0.0,0.0,0.0,NOT GATED (rare event),,False
Shimla,1990-2004,ref_audited,cand_B,B,28.0,1999,0.0,0.0,0.0,0.0,NOT GATED (rare event),,False
Shimla,1990-2004,ref_audited,cand_B,B,28.0,2000,0.0,0.0,0.0,0.0,NOT GATED (rare event),,False
Shimla,1990-2004,ref_audited,cand_B,B,28.0,2001,2.0,0.0,-2.0,2.0,NOT GATED (rare event),,False
Shimla,1990-2004,ref_audited,cand_B,B,28.0,2002,0.0,0.0,0.0,0.0,NOT GATED (rare event),,False
Shimla,1990-2004,ref_audited,cand_B,B,28.0,2003,1.0,0.0,-1.0,1.0,NOT GATED (rare event),,False
Shimla,1990-2004,ref_audited,cand_B,B,30.0,1991,0.0,0.0,0.0,0.0,NOT GATED (rare event),,False
Shimla,1990-2004,ref_audited,cand_B,B,30.0,1992,0.0,0.0,0.0,0.0,NOT GATED (rare event),,False
Shimla,1990-2004,ref_audited,cand_B,B,30.0,1993,0.0,0.0,0.0,0.0,NOT GATED (rare event),,False
Shimla,1990-2004,ref_audited,cand_B,B,30.0,1994,0.0,0.0,0.0,0.0,NOT GATED (rare event),,False
Shimla,1990-2004,ref_audited,cand_B,B,30.0,1995,0.0,0.0,0.0,0.0,NOT GATED (rare event),,False
Shimla,1990-2004,ref_audited,cand_B,B,30.0,1996,0.0,0.0,0.0,0.0,NOT GATED (rare event),,False
Shimla,1990-2004,ref_audited,cand_B,B,30.0,1997,0.0,0.0,0.0,0.0,NOT GATED (rare event),,False
Shimla,1990-2004,ref_audited,cand_B,B,30.0,1998,0.0,0.0,0.0,0.0,NOT GATED (rare event),,False
Shimla,1990-2004,ref_audited,cand_B,B,30.0,1999,0.0,0.0,0.0,0.0,NOT GATED (rare event),,False
Shimla,1990-2004,ref_audited,cand_B,B,30.0,2000,0.0,0.0,0.0,0.0,NOT GATED (rare event),,False
Shimla,1990-2004,ref_audited,cand_B,B,30.0,2001,0.0,0.0,0.0,0.0,NOT GATED (rare event),,False
Shimla,1990-2004,ref_audited,cand_B,B,30.0,2002,0.0,0.0,0.0,0.0,NOT GATED (rare event),,False
Shimla,1990-2004,ref_audited,cand_B,B,30.0,2003,0.0,0.0,0.0,0.0,NOT GATED (rare event),,False
Shimla,1990-2004,ref_audited,cand_B,B,32.0,1991,0.0,0.0,0.0,0.0,NOT GATED (rare event),,False
Shimla,1990-2004,ref_audited,cand_B,B,32.0,1992,0.0,0.0,0.0,0.0,NOT GATED (rare event),,False
Shimla,1990-2004,ref_audited,cand_B,B,32.0,1993,0.0,0.0,0.0,0.0,NOT GATED (rare event),,False
Shimla,1990-2004,ref_audited,cand_B,B,32.0,1994,0.0,0.0,0.0,0.0,NOT GATED (rare event),,False
Shimla,1990-2004,ref_audited,cand_B,B,32.0,1995,0.0,0.0,0.0,0.0,NOT GATED (rare event),,False
Shimla,1990-2004,ref_audited,cand_B,B,32.0,1996,0.0,0.0,0.0,0.0,NOT GATED (rare event),,False
Shimla,1990-2004,ref_audited,cand_B,B,32.0,1997,0.0,0.0,0.0,0.0,NOT GATED (rare event),,False
Shimla,1990-2004,ref_audited,cand_B,B,32.0,1998,0.0,0.0,0.0,0.0,NOT GATED (rare event),,False
Shimla,1990-2004,ref_audited,cand_B,B,32.0,1999,0.0,0.0,0.0,0.0,NOT GATED (rare event),,False
Shimla,1990-2004,ref_audited,cand_B,B,32.0,2000,0.0,0.0,0.0,0.0,NOT GATED (rare event),,False
Shimla,1990-2004,ref_audited,cand_B,B,32.0,2001,0.0,0.0,0.0,0.0,NOT GATED (rare event),,False
Shimla,1990-2004,ref_audited,cand_B,B,32.0,2002,0.0,0.0,0.0,0.0,NOT GATED (rare event),,False
Shimla,1990-2004,ref_audited,cand_B,B,32.0,2003,0.0,0.0,0.0,0.0,NOT GATED (rare event),,False
Shimla,1990-2004,ref_audited,cand_C,C,28.0,1991,1.0,1.0,0.0,0.0,NOT GATED (rare event),,False
Shimla,1990-2004,ref_audited,cand_C,C,28.0,1992,0.0,0.0,0.0,0.0,NOT GATED (rare event),,False
Shimla,1990-2004,ref_audited,cand_C,C,28.0,1993,0.0,1.0,1.0,1.0,NOT GATED (rare event),,False
Shimla,1990-2004,ref_audited,cand_C,C,28.0,1994,3.0,2.0,-1.0,1.0,NOT GATED (rare event),,False
Shimla,1990-2004,ref_audited,cand_C,C,28.0,1995,0.0,1.0,1.0,1.0,NOT GATED (rare event),,False
Shimla,1990-2004,ref_audited,cand_C,C,28.0,1996,1.0,0.0,-1.0,1.0,NOT GATED (rare event),,False
Shimla,1990-2004,ref_audited,cand_C,C,28.0,1997,0.0,0.0,0.0,0.0,NOT GATED (rare event),,False
Shimla,1990-2004,ref_audited,cand_C,C,28.0,1998,0.0,0.0,0.0,0.0,NOT GATED (rare event),,False
Shimla,1990-2004,ref_audited,cand_C,C,28.0,1999,0.0,0.0,0.0,0.0,NOT GATED (rare event),,False
Shimla,1990-2004,ref_audited,cand_C,C,28.0,2000,0.0,0.0,0.0,0.0,NOT GATED (rare event),,False
Shimla,1990-2004,ref_audited,cand_C,C,28.0,2001,2.0,3.0,1.0,1.0,NOT GATED (rare event),,False
Shimla,1990-2004,ref_audited,cand_C,C,28.0,2002,0.0,1.0,1.0,1.0,NOT GATED (rare event),,False
Shimla,1990-2004,ref_audited,cand_C,C,28.0,2003,1.0,3.0,2.0,2.0,NOT GATED (rare event),,False
Shimla,1990-2004,ref_audited,cand_C,C,30.0,1991,0.0,0.0,0.0,0.0,NOT GATED (rare event),,False
Shimla,1990-2004,ref_audited,cand_C,C,30.0,1992,0.0,0.0,0.0,0.0,NOT GATED (rare event),,False
Shimla,1990-2004,ref_audited,cand_C,C,30.0,1993,0.0,0.0,0.0,0.0,NOT GATED (rare event),,False
Shimla,1990-2004,ref_audited,cand_C,C,30.0,1994,0.0,0.0,0.0,0.0,NOT GATED (rare event),,False
Shimla,1990-2004,ref_audited,cand_C,C,30.0,1995,0.0,0.0,0.0,0.0,NOT GATED (rare event),,False
Shimla,1990-2004,ref_audited,cand_C,C,30.0,1996,0.0,0.0,0.0,0.0,NOT GATED (rare event),,False
Shimla,1990-2004,ref_audited,cand_C,C,30.0,1997,0.0,0.0,0.0,0.0,NOT GATED (rare event),,False
Shimla,1990-2004,ref_audited,cand_C,C,30.0,1998,0.0,0.0,0.0,0.0,NOT GATED (rare event),,False
Shimla,1990-2004,ref_audited,cand_C,C,30.0,1999,0.0,0.0,0.0,0.0,NOT GATED (rare event),,False
Shimla,1990-2004,ref_audited,cand_C,C,30.0,2000,0.0,0.0,0.0,0.0,NOT GATED (rare event),,False
Shimla,1990-2004,ref_audited,cand_C,C,30.0,2001,0.0,0.0,0.0,0.0,NOT GATED (rare event),,False
Shimla,1990-2004,ref_audited,cand_C,C,30.0,2002,0.0,0.0,0.0,0.0,NOT GATED (rare event),,False
Shimla,1990-2004,ref_audited,cand_C,C,30.0,2003,0.0,0.0,0.0,0.0,NOT GATED (rare event),,False
Shimla,1990-2004,ref_audited,cand_C,C,32.0,1991,0.0,0.0,0.0,0.0,NOT GATED (rare event),,False
Shimla,1990-2004,ref_audited,cand_C,C,32.0,1992,0.0,0.0,0.0,0.0,NOT GATED (rare event),,False
Shimla,1990-2004,ref_audited,cand_C,C,32.0,1993,0.0,0.0,0.0,0.0,NOT GATED (rare event),,False
Shimla,1990-2004,ref_audited,cand_C,C,32.0,1994,0.0,0.0,0.0,0.0,NOT GATED (rare event),,False
Shimla,1990-2004,ref_audited,cand_C,C,32.0,1995,0.0,0.0,0.0,0.0,NOT GATED (rare event),,False
Shimla,1990-2004,ref_audited,cand_C,C,32.0,1996,0.0,0.0,0.0,0.0,NOT GATED (rare event),,False
Shimla,1990-2004,ref_audited,cand_C,C,32.0,1997,0.0,0.0,0.0,0.0,NOT GATED (rare event),,False
Shimla,1990-2004,ref_audited,cand_C,C,32.0,1998,0.0,0.0,0.0,0.0,NOT GATED (rare event),,False
Shimla,1990-2004,ref_audited,cand_C,C,32.0,1999,0.0,0.0,0.0,0.0,NOT GATED (rare event),,False
Shimla,1990-2004,ref_audited,cand_C,C,32.0,2000,0.0,0.0,0.0,0.0,NOT GATED (rare event),,False
Shimla,1990-2004,ref_audited,cand_C,C,32.0,2001,0.0,0.0,0.0,0.0,NOT GATED (rare event),,False
Shimla,1990-2004,ref_audited,cand_C,C,32.0,2002,0.0,0.0,0.0,0.0,NOT GATED (rare event),,False
Shimla,1990-2004,ref_audited,cand_C,C,32.0,2003,0.0,0.0,0.0,0.0,NOT GATED (rare event),,False
Shimla,1990-2004,ref_audited,cand_D,D,28.0,1991,1.0,0.0,-1.0,1.0,NOT GATED (rare event),,False
Shimla,1990-2004,ref_audited,cand_D,D,28.0,1992,0.0,0.0,0.0,0.0,NOT GATED (rare event),,False
Shimla,1990-2004,ref_audited,cand_D,D,28.0,1993,0.0,0.0,0.0,0.0,NOT GATED (rare event),,False
Shimla,1990-2004,ref_audited,cand_D,D,28.0,1994,3.0,0.0,-3.0,3.0,NOT GATED (rare event),,False
Shimla,1990-2004,ref_audited,cand_D,D,28.0,1995,0.0,0.0,0.0,0.0,NOT GATED (rare event),,False
Shimla,1990-2004,ref_audited,cand_D,D,28.0,1996,1.0,0.0,-1.0,1.0,NOT GATED (rare event),,False
Shimla,1990-2004,ref_audited,cand_D,D,28.0,1997,0.0,0.0,0.0,0.0,NOT GATED (rare event),,False
Shimla,1990-2004,ref_audited,cand_D,D,28.0,1998,0.0,0.0,0.0,0.0,NOT GATED (rare event),,False
Shimla,1990-2004,ref_audited,cand_D,D,28.0,1999,0.0,0.0,0.0,0.0,NOT GATED (rare event),,False
Shimla,1990-2004,ref_audited,cand_D,D,28.0,2000,0.0,0.0,0.0,0.0,NOT GATED (rare event),,False
Shimla,1990-2004,ref_audited,cand_D,D,28.0,2001,2.0,2.0,0.0,0.0,NOT GATED (rare event),,False
Shimla,1990-2004,ref_audited,cand_D,D,28.0,2002,0.0,1.0,1.0,1.0,NOT GATED (rare event),,False
Shimla,1990-2004,ref_audited,cand_D,D,28.0,2003,1.0,0.0,-1.0,1.0,NOT GATED (rare event),,False
Shimla,1990-2004,ref_audited,cand_D,D,30.0,1991,0.0,0.0,0.0,0.0,NOT GATED (rare event),,False
Shimla,1990-2004,ref_audited,cand_D,D,30.0,1992,0.0,0.0,0.0,0.0,NOT GATED (rare event),,False
Shimla,1990-2004,ref_audited,cand_D,D,30.0,1993,0.0,0.0,0.0,0.0,NOT GATED (rare event),,False
Shimla,1990-2004,ref_audited,cand_D,D,30.0,1994,0.0,0.0,0.0,0.0,NOT GATED (rare event),,False
Shimla,1990-2004,ref_audited,cand_D,D,30.0,1995,0.0,0.0,0.0,0.0,NOT GATED (rare event),,False
Shimla,1990-2004,ref_audited,cand_D,D,30.0,1996,0.0,0.0,0.0,0.0,NOT GATED (rare event),,False
Shimla,1990-2004,ref_audited,cand_D,D,30.0,1997,0.0,0.0,0.0,0.0,NOT GATED (rare event),,False
Shimla,1990-2004,ref_audited,cand_D,D,30.0,1998,0.0,0.0,0.0,0.0,NOT GATED (rare event),,False
Shimla,1990-2004,ref_audited,cand_D,D,30.0,1999,0.0,0.0,0.0,0.0,NOT GATED (rare event),,False
Shimla,1990-2004,ref_audited,cand_D,D,30.0,2000,0.0,0.0,0.0,0.0,NOT GATED (rare event),,False
Shimla,1990-2004,ref_audited,cand_D,D,30.0,2001,0.0,0.0,0.0,0.0,NOT GATED (rare event),,False
Shimla,1990-2004,ref_audited,cand_D,D,30.0,2002,0.0,0.0,0.0,0.0,NOT GATED (rare event),,False
Shimla,1990-2004,ref_audited,cand_D,D,30.0,2003,0.0,0.0,0.0,0.0,NOT GATED (rare event),,False
Shimla,1990-2004,ref_audited,cand_D,D,32.0,1991,0.0,0.0,0.0,0.0,NOT GATED (rare event),,False
Shimla,1990-2004,ref_audited,cand_D,D,32.0,1992,0.0,0.0,0.0,0.0,NOT GATED (rare event),,False
Shimla,1990-2004,ref_audited,cand_D,D,32.0,1993,0.0,0.0,0.0,0.0,NOT GATED (rare event),,False
Shimla,1990-2004,ref_audited,cand_D,D,32.0,1994,0.0,0.0,0.0,0.0,NOT GATED (rare event),,False
Shimla,1990-2004,ref_audited,cand_D,D,32.0,1995,0.0,0.0,0.0,0.0,NOT GATED (rare event),,False
Shimla,1990-2004,ref_audited,cand_D,D,32.0,1996,0.0,0.0,0.0,0.0,NOT GATED (rare event),,False
Shimla,1990-2004,ref_audited,cand_D,D,32.0,1997,0.0,0.0,0.0,0.0,NOT GATED (rare event),,False
Shimla,1990-2004,ref_audited,cand_D,D,32.0,1998,0.0,0.0,0.0,0.0,NOT GATED (rare event),,False
Shimla,1990-2004,ref_audited,cand_D,D,32.0,1999,0.0,0.0,0.0,0.0,NOT GATED (rare event),,False
Shimla,1990-2004,ref_audited,cand_D,D,32.0,2000,0.0,0.0,0.0,0.0,NOT GATED (rare event),,False
Shimla,1990-2004,ref_audited,cand_D,D,32.0,2001,0.0,0.0,0.0,0.0,NOT GATED (rare event),,False
Shimla,1990-2004,ref_audited,cand_D,D,32.0,2002,0.0,0.0,0.0,0.0,NOT GATED (rare event),,False
Shimla,1990-2004,ref_audited,cand_D,D,32.0,2003,0.0,0.0,0.0,0.0,NOT GATED (rare event),,False
Shimla,1990-2004,ref_R3_midpoint,cand_A,A,28.0,1991,1.0,1.0,0.0,0.0,NOT GATED (rare event),,False
Shimla,1990-2004,ref_R3_midpoint,cand_A,A,28.0,1992,0.0,0.0,0.0,0.0,NOT GATED (rare event),,False
Shimla,1990-2004,ref_R3_midpoint,cand_A,A,28.0,1993,0.0,0.0,0.0,0.0,NOT GATED (rare event),,False
Shimla,1990-2004,ref_R3_midpoint,cand_A,A,28.0,1994,0.0,2.0,2.0,2.0,NOT GATED (rare event),,False
Shimla,1990-2004,ref_R3_midpoint,cand_A,A,28.0,1995,0.0,0.0,0.0,0.0,NOT GATED (rare event),,False
Shimla,1990-2004,ref_R3_midpoint,cand_A,A,28.0,1996,0.0,0.0,0.0,0.0,NOT GATED (rare event),,False
Shimla,1990-2004,ref_R3_midpoint,cand_A,A,28.0,1997,0.0,0.0,0.0,0.0,NOT GATED (rare event),,False
Shimla,1990-2004,ref_R3_midpoint,cand_A,A,28.0,1998,0.0,0.0,0.0,0.0,NOT GATED (rare event),,False
Shimla,1990-2004,ref_R3_midpoint,cand_A,A,28.0,1999,0.0,0.0,0.0,0.0,NOT GATED (rare event),,False
Shimla,1990-2004,ref_R3_midpoint,cand_A,A,28.0,2000,0.0,0.0,0.0,0.0,NOT GATED (rare event),,False
Shimla,1990-2004,ref_R3_midpoint,cand_A,A,28.0,2001,0.0,1.0,1.0,1.0,NOT GATED (rare event),,False
Shimla,1990-2004,ref_R3_midpoint,cand_A,A,28.0,2002,0.0,1.0,1.0,1.0,NOT GATED (rare event),,False
Shimla,1990-2004,ref_R3_midpoint,cand_A,A,28.0,2003,3.0,1.0,-2.0,2.0,NOT GATED (rare event),,False
Shimla,1990-2004,ref_R3_midpoint,cand_A,A,30.0,1991,0.0,0.0,0.0,0.0,NOT GATED (rare event),,False
Shimla,1990-2004,ref_R3_midpoint,cand_A,A,30.0,1992,0.0,0.0,0.0,0.0,NOT GATED (rare event),,False
Shimla,1990-2004,ref_R3_midpoint,cand_A,A,30.0,1993,0.0,0.0,0.0,0.0,NOT GATED (rare event),,False
Shimla,1990-2004,ref_R3_midpoint,cand_A,A,30.0,1994,0.0,0.0,0.0,0.0,NOT GATED (rare event),,False
Shimla,1990-2004,ref_R3_midpoint,cand_A,A,30.0,1995,0.0,0.0,0.0,0.0,NOT GATED (rare event),,False
Shimla,1990-2004,ref_R3_midpoint,cand_A,A,30.0,1996,0.0,0.0,0.0,0.0,NOT GATED (rare event),,False
Shimla,1990-2004,ref_R3_midpoint,cand_A,A,30.0,1997,0.0,0.0,0.0,0.0,NOT GATED (rare event),,False
Shimla,1990-2004,ref_R3_midpoint,cand_A,A,30.0,1998,0.0,0.0,0.0,0.0,NOT GATED (rare event),,False
Shimla,1990-2004,ref_R3_midpoint,cand_A,A,30.0,1999,0.0,0.0,0.0,0.0,NOT GATED (rare event),,False
Shimla,1990-2004,ref_R3_midpoint,cand_A,A,30.0,2000,0.0,0.0,0.0,0.0,NOT GATED (rare event),,False
Shimla,1990-2004,ref_R3_midpoint,cand_A,A,30.0,2001,0.0,0.0,0.0,0.0,NOT GATED (rare event),,False
Shimla,1990-2004,ref_R3_midpoint,cand_A,A,30.0,2002,0.0,0.0,0.0,0.0,NOT GATED (rare event),,False
Shimla,1990-2004,ref_R3_midpoint,cand_A,A,30.0,2003,0.0,0.0,0.0,0.0,NOT GATED (rare event),,False
Shimla,1990-2004,ref_R3_midpoint,cand_A,A,32.0,1991,0.0,0.0,0.0,0.0,NOT GATED (rare event),,False
Shimla,1990-2004,ref_R3_midpoint,cand_A,A,32.0,1992,0.0,0.0,0.0,0.0,NOT GATED (rare event),,False
Shimla,1990-2004,ref_R3_midpoint,cand_A,A,32.0,1993,0.0,0.0,0.0,0.0,NOT GATED (rare event),,False
Shimla,1990-2004,ref_R3_midpoint,cand_A,A,32.0,1994,0.0,0.0,0.0,0.0,NOT GATED (rare event),,False
Shimla,1990-2004,ref_R3_midpoint,cand_A,A,32.0,1995,0.0,0.0,0.0,0.0,NOT GATED (rare event),,False
Shimla,1990-2004,ref_R3_midpoint,cand_A,A,32.0,1996,0.0,0.0,0.0,0.0,NOT GATED (rare event),,False
Shimla,1990-2004,ref_R3_midpoint,cand_A,A,32.0,1997,0.0,0.0,0.0,0.0,NOT GATED (rare event),,False
Shimla,1990-2004,ref_R3_midpoint,cand_A,A,32.0,1998,0.0,0.0,0.0,0.0,NOT GATED (rare event),,False
Shimla,1990-2004,ref_R3_midpoint,cand_A,A,32.0,1999,0.0,0.0,0.0,0.0,NOT GATED (rare event),,False
Shimla,1990-2004,ref_R3_midpoint,cand_A,A,32.0,2000,0.0,0.0,0.0,0.0,NOT GATED (rare event),,False
Shimla,1990-2004,ref_R3_midpoint,cand_A,A,32.0,2001,0.0,0.0,0.0,0.0,NOT GATED (rare event),,False
Shimla,1990-2004,ref_R3_midpoint,cand_A,A,32.0,2002,0.0,0.0,0.0,0.0,NOT GATED (rare event),,False
Shimla,1990-2004,ref_R3_midpoint,cand_A,A,32.0,2003,0.0,0.0,0.0,0.0,NOT GATED (rare event),,False
Shimla,1990-2004,ref_R3_midpoint,cand_B,B,28.0,1991,1.0,0.0,-1.0,1.0,NOT GATED (rare event),,False
Shimla,1990-2004,ref_R3_midpoint,cand_B,B,28.0,1992,0.0,0.0,0.0,0.0,NOT GATED (rare event),,False
Shimla,1990-2004,ref_R3_midpoint,cand_B,B,28.0,1993,0.0,0.0,0.0,0.0,NOT GATED (rare event),,False
Shimla,1990-2004,ref_R3_midpoint,cand_B,B,28.0,1994,0.0,0.0,0.0,0.0,NOT GATED (rare event),,False
Shimla,1990-2004,ref_R3_midpoint,cand_B,B,28.0,1995,0.0,0.0,0.0,0.0,NOT GATED (rare event),,False
Shimla,1990-2004,ref_R3_midpoint,cand_B,B,28.0,1996,0.0,0.0,0.0,0.0,NOT GATED (rare event),,False
Shimla,1990-2004,ref_R3_midpoint,cand_B,B,28.0,1997,0.0,0.0,0.0,0.0,NOT GATED (rare event),,False
Shimla,1990-2004,ref_R3_midpoint,cand_B,B,28.0,1998,0.0,0.0,0.0,0.0,NOT GATED (rare event),,False
Shimla,1990-2004,ref_R3_midpoint,cand_B,B,28.0,1999,0.0,0.0,0.0,0.0,NOT GATED (rare event),,False
Shimla,1990-2004,ref_R3_midpoint,cand_B,B,28.0,2000,0.0,0.0,0.0,0.0,NOT GATED (rare event),,False
Shimla,1990-2004,ref_R3_midpoint,cand_B,B,28.0,2001,0.0,0.0,0.0,0.0,NOT GATED (rare event),,False
Shimla,1990-2004,ref_R3_midpoint,cand_B,B,28.0,2002,0.0,0.0,0.0,0.0,NOT GATED (rare event),,False
Shimla,1990-2004,ref_R3_midpoint,cand_B,B,28.0,2003,3.0,0.0,-3.0,3.0,NOT GATED (rare event),,False
Shimla,1990-2004,ref_R3_midpoint,cand_B,B,30.0,1991,0.0,0.0,0.0,0.0,NOT GATED (rare event),,False
Shimla,1990-2004,ref_R3_midpoint,cand_B,B,30.0,1992,0.0,0.0,0.0,0.0,NOT GATED (rare event),,False
Shimla,1990-2004,ref_R3_midpoint,cand_B,B,30.0,1993,0.0,0.0,0.0,0.0,NOT GATED (rare event),,False
Shimla,1990-2004,ref_R3_midpoint,cand_B,B,30.0,1994,0.0,0.0,0.0,0.0,NOT GATED (rare event),,False
Shimla,1990-2004,ref_R3_midpoint,cand_B,B,30.0,1995,0.0,0.0,0.0,0.0,NOT GATED (rare event),,False
Shimla,1990-2004,ref_R3_midpoint,cand_B,B,30.0,1996,0.0,0.0,0.0,0.0,NOT GATED (rare event),,False
Shimla,1990-2004,ref_R3_midpoint,cand_B,B,30.0,1997,0.0,0.0,0.0,0.0,NOT GATED (rare event),,False
Shimla,1990-2004,ref_R3_midpoint,cand_B,B,30.0,1998,0.0,0.0,0.0,0.0,NOT GATED (rare event),,False
Shimla,1990-2004,ref_R3_midpoint,cand_B,B,30.0,1999,0.0,0.0,0.0,0.0,NOT GATED (rare event),,False
Shimla,1990-2004,ref_R3_midpoint,cand_B,B,30.0,2000,0.0,0.0,0.0,0.0,NOT GATED (rare event),,False
Shimla,1990-2004,ref_R3_midpoint,cand_B,B,30.0,2001,0.0,0.0,0.0,0.0,NOT GATED (rare event),,False
Shimla,1990-2004,ref_R3_midpoint,cand_B,B,30.0,2002,0.0,0.0,0.0,0.0,NOT GATED (rare event),,False
Shimla,1990-2004,ref_R3_midpoint,cand_B,B,30.0,2003,0.0,0.0,0.0,0.0,NOT GATED (rare event),,False
Shimla,1990-2004,ref_R3_midpoint,cand_B,B,32.0,1991,0.0,0.0,0.0,0.0,NOT GATED (rare event),,False
Shimla,1990-2004,ref_R3_midpoint,cand_B,B,32.0,1992,0.0,0.0,0.0,0.0,NOT GATED (rare event),,False
Shimla,1990-2004,ref_R3_midpoint,cand_B,B,32.0,1993,0.0,0.0,0.0,0.0,NOT GATED (rare event),,False
Shimla,1990-2004,ref_R3_midpoint,cand_B,B,32.0,1994,0.0,0.0,0.0,0.0,NOT GATED (rare event),,False
Shimla,1990-2004,ref_R3_midpoint,cand_B,B,32.0,1995,0.0,0.0,0.0,0.0,NOT GATED (rare event),,False
Shimla,1990-2004,ref_R3_midpoint,cand_B,B,32.0,1996,0.0,0.0,0.0,0.0,NOT GATED (rare event),,False
Shimla,1990-2004,ref_R3_midpoint,cand_B,B,32.0,1997,0.0,0.0,0.0,0.0,NOT GATED (rare event),,False
Shimla,1990-2004,ref_R3_midpoint,cand_B,B,32.0,1998,0.0,0.0,0.0,0.0,NOT GATED (rare event),,False
Shimla,1990-2004,ref_R3_midpoint,cand_B,B,32.0,1999,0.0,0.0,0.0,0.0,NOT GATED (rare event),,False
Shimla,1990-2004,ref_R3_midpoint,cand_B,B,32.0,2000,0.0,0.0,0.0,0.0,NOT GATED (rare event),,False
Shimla,1990-2004,ref_R3_midpoint,cand_B,B,32.0,2001,0.0,0.0,0.0,0.0,NOT GATED (rare event),,False
Shimla,1990-2004,ref_R3_midpoint,cand_B,B,32.0,2002,0.0,0.0,0.0,0.0,NOT GATED (rare event),,False
Shimla,1990-2004,ref_R3_midpoint,cand_B,B,32.0,2003,0.0,0.0,0.0,0.0,NOT GATED (rare event),,False
Shimla,1990-2004,ref_R3_midpoint,cand_C,C,28.0,1991,1.0,1.0,0.0,0.0,NOT GATED (rare event),,False
Shimla,1990-2004,ref_R3_midpoint,cand_C,C,28.0,1992,0.0,0.0,0.0,0.0,NOT GATED (rare event),,False
Shimla,1990-2004,ref_R3_midpoint,cand_C,C,28.0,1993,0.0,1.0,1.0,1.0,NOT GATED (rare event),,False
Shimla,1990-2004,ref_R3_midpoint,cand_C,C,28.0,1994,0.0,2.0,2.0,2.0,NOT GATED (rare event),,False
Shimla,1990-2004,ref_R3_midpoint,cand_C,C,28.0,1995,0.0,1.0,1.0,1.0,NOT GATED (rare event),,False
Shimla,1990-2004,ref_R3_midpoint,cand_C,C,28.0,1996,0.0,0.0,0.0,0.0,NOT GATED (rare event),,False
Shimla,1990-2004,ref_R3_midpoint,cand_C,C,28.0,1997,0.0,0.0,0.0,0.0,NOT GATED (rare event),,False
Shimla,1990-2004,ref_R3_midpoint,cand_C,C,28.0,1998,0.0,0.0,0.0,0.0,NOT GATED (rare event),,False
Shimla,1990-2004,ref_R3_midpoint,cand_C,C,28.0,1999,0.0,0.0,0.0,0.0,NOT GATED (rare event),,False
Shimla,1990-2004,ref_R3_midpoint,cand_C,C,28.0,2000,0.0,0.0,0.0,0.0,NOT GATED (rare event),,False
Shimla,1990-2004,ref_R3_midpoint,cand_C,C,28.0,2001,0.0,3.0,3.0,3.0,NOT GATED (rare event),,False
Shimla,1990-2004,ref_R3_midpoint,cand_C,C,28.0,2002,0.0,1.0,1.0,1.0,NOT GATED (rare event),,False
Shimla,1990-2004,ref_R3_midpoint,cand_C,C,28.0,2003,3.0,3.0,0.0,0.0,NOT GATED (rare event),,False
Shimla,1990-2004,ref_R3_midpoint,cand_C,C,30.0,1991,0.0,0.0,0.0,0.0,NOT GATED (rare event),,False
Shimla,1990-2004,ref_R3_midpoint,cand_C,C,30.0,1992,0.0,0.0,0.0,0.0,NOT GATED (rare event),,False
Shimla,1990-2004,ref_R3_midpoint,cand_C,C,30.0,1993,0.0,0.0,0.0,0.0,NOT GATED (rare event),,False
Shimla,1990-2004,ref_R3_midpoint,cand_C,C,30.0,1994,0.0,0.0,0.0,0.0,NOT GATED (rare event),,False
Shimla,1990-2004,ref_R3_midpoint,cand_C,C,30.0,1995,0.0,0.0,0.0,0.0,NOT GATED (rare event),,False
Shimla,1990-2004,ref_R3_midpoint,cand_C,C,30.0,1996,0.0,0.0,0.0,0.0,NOT GATED (rare event),,False
Shimla,1990-2004,ref_R3_midpoint,cand_C,C,30.0,1997,0.0,0.0,0.0,0.0,NOT GATED (rare event),,False
Shimla,1990-2004,ref_R3_midpoint,cand_C,C,30.0,1998,0.0,0.0,0.0,0.0,NOT GATED (rare event),,False
Shimla,1990-2004,ref_R3_midpoint,cand_C,C,30.0,1999,0.0,0.0,0.0,0.0,NOT GATED (rare event),,False
Shimla,1990-2004,ref_R3_midpoint,cand_C,C,30.0,2000,0.0,0.0,0.0,0.0,NOT GATED (rare event),,False
Shimla,1990-2004,ref_R3_midpoint,cand_C,C,30.0,2001,0.0,0.0,0.0,0.0,NOT GATED (rare event),,False
Shimla,1990-2004,ref_R3_midpoint,cand_C,C,30.0,2002,0.0,0.0,0.0,0.0,NOT GATED (rare event),,False
Shimla,1990-2004,ref_R3_midpoint,cand_C,C,30.0,2003,0.0,0.0,0.0,0.0,NOT GATED (rare event),,False
Shimla,1990-2004,ref_R3_midpoint,cand_C,C,32.0,1991,0.0,0.0,0.0,0.0,NOT GATED (rare event),,False
Shimla,1990-2004,ref_R3_midpoint,cand_C,C,32.0,1992,0.0,0.0,0.0,0.0,NOT GATED (rare event),,False
Shimla,1990-2004,ref_R3_midpoint,cand_C,C,32.0,1993,0.0,0.0,0.0,0.0,NOT GATED (rare event),,False
Shimla,1990-2004,ref_R3_midpoint,cand_C,C,32.0,1994,0.0,0.0,0.0,0.0,NOT GATED (rare event),,False
Shimla,1990-2004,ref_R3_midpoint,cand_C,C,32.0,1995,0.0,0.0,0.0,0.0,NOT GATED (rare event),,False
Shimla,1990-2004,ref_R3_midpoint,cand_C,C,32.0,1996,0.0,0.0,0.0,0.0,NOT GATED (rare event),,False
Shimla,1990-2004,ref_R3_midpoint,cand_C,C,32.0,1997,0.0,0.0,0.0,0.0,NOT GATED (rare event),,False
Shimla,1990-2004,ref_R3_midpoint,cand_C,C,32.0,1998,0.0,0.0,0.0,0.0,NOT GATED (rare event),,False
Shimla,1990-2004,ref_R3_midpoint,cand_C,C,32.0,1999,0.0,0.0,0.0,0.0,NOT GATED (rare event),,False
Shimla,1990-2004,ref_R3_midpoint,cand_C,C,32.0,2000,0.0,0.0,0.0,0.0,NOT GATED (rare event),,False
Shimla,1990-2004,ref_R3_midpoint,cand_C,C,32.0,2001,0.0,0.0,0.0,0.0,NOT GATED (rare event),,False
Shimla,1990-2004,ref_R3_midpoint,cand_C,C,32.0,2002,0.0,0.0,0.0,0.0,NOT GATED (rare event),,False
Shimla,1990-2004,ref_R3_midpoint,cand_C,C,32.0,2003,0.0,0.0,0.0,0.0,NOT GATED (rare event),,False
Shimla,1990-2004,ref_R3_midpoint,cand_D,D,28.0,1991,1.0,0.0,-1.0,1.0,NOT GATED (rare event),,False
Shimla,1990-2004,ref_R3_midpoint,cand_D,D,28.0,1992,0.0,0.0,0.0,0.0,NOT GATED (rare event),,False
Shimla,1990-2004,ref_R3_midpoint,cand_D,D,28.0,1993,0.0,0.0,0.0,0.0,NOT GATED (rare event),,False
Shimla,1990-2004,ref_R3_midpoint,cand_D,D,28.0,1994,0.0,0.0,0.0,0.0,NOT GATED (rare event),,False
Shimla,1990-2004,ref_R3_midpoint,cand_D,D,28.0,1995,0.0,0.0,0.0,0.0,NOT GATED (rare event),,False
Shimla,1990-2004,ref_R3_midpoint,cand_D,D,28.0,1996,0.0,0.0,0.0,0.0,NOT GATED (rare event),,False
Shimla,1990-2004,ref_R3_midpoint,cand_D,D,28.0,1997,0.0,0.0,0.0,0.0,NOT GATED (rare event),,False
Shimla,1990-2004,ref_R3_midpoint,cand_D,D,28.0,1998,0.0,0.0,0.0,0.0,NOT GATED (rare event),,False
Shimla,1990-2004,ref_R3_midpoint,cand_D,D,28.0,1999,0.0,0.0,0.0,0.0,NOT GATED (rare event),,False
Shimla,1990-2004,ref_R3_midpoint,cand_D,D,28.0,2000,0.0,0.0,0.0,0.0,NOT GATED (rare event),,False
Shimla,1990-2004,ref_R3_midpoint,cand_D,D,28.0,2001,0.0,2.0,2.0,2.0,NOT GATED (rare event),,False
Shimla,1990-2004,ref_R3_midpoint,cand_D,D,28.0,2002,0.0,1.0,1.0,1.0,NOT GATED (rare event),,False
Shimla,1990-2004,ref_R3_midpoint,cand_D,D,28.0,2003,3.0,0.0,-3.0,3.0,NOT GATED (rare event),,False
Shimla,1990-2004,ref_R3_midpoint,cand_D,D,30.0,1991,0.0,0.0,0.0,0.0,NOT GATED (rare event),,False
Shimla,1990-2004,ref_R3_midpoint,cand_D,D,30.0,1992,0.0,0.0,0.0,0.0,NOT GATED (rare event),,False
Shimla,1990-2004,ref_R3_midpoint,cand_D,D,30.0,1993,0.0,0.0,0.0,0.0,NOT GATED (rare event),,False
Shimla,1990-2004,ref_R3_midpoint,cand_D,D,30.0,1994,0.0,0.0,0.0,0.0,NOT GATED (rare event),,False
Shimla,1990-2004,ref_R3_midpoint,cand_D,D,30.0,1995,0.0,0.0,0.0,0.0,NOT GATED (rare event),,False
Shimla,1990-2004,ref_R3_midpoint,cand_D,D,30.0,1996,0.0,0.0,0.0,0.0,NOT GATED (rare event),,False
Shimla,1990-2004,ref_R3_midpoint,cand_D,D,30.0,1997,0.0,0.0,0.0,0.0,NOT GATED (rare event),,False
Shimla,1990-2004,ref_R3_midpoint,cand_D,D,30.0,1998,0.0,0.0,0.0,0.0,NOT GATED (rare event),,False
Shimla,1990-2004,ref_R3_midpoint,cand_D,D,30.0,1999,0.0,0.0,0.0,0.0,NOT GATED (rare event),,False
Shimla,1990-2004,ref_R3_midpoint,cand_D,D,30.0,2000,0.0,0.0,0.0,0.0,NOT GATED (rare event),,False
Shimla,1990-2004,ref_R3_midpoint,cand_D,D,30.0,2001,0.0,0.0,0.0,0.0,NOT GATED (rare event),,False
Shimla,1990-2004,ref_R3_midpoint,cand_D,D,30.0,2002,0.0,0.0,0.0,0.0,NOT GATED (rare event),,False
Shimla,1990-2004,ref_R3_midpoint,cand_D,D,30.0,2003,0.0,0.0,0.0,0.0,NOT GATED (rare event),,False
Shimla,1990-2004,ref_R3_midpoint,cand_D,D,32.0,1991,0.0,0.0,0.0,0.0,NOT GATED (rare event),,False
Shimla,1990-2004,ref_R3_midpoint,cand_D,D,32.0,1992,0.0,0.0,0.0,0.0,NOT GATED (rare event),,False
Shimla,1990-2004,ref_R3_midpoint,cand_D,D,32.0,1993,0.0,0.0,0.0,0.0,NOT GATED (rare event),,False
Shimla,1990-2004,ref_R3_midpoint,cand_D,D,32.0,1994,0.0,0.0,0.0,0.0,NOT GATED (rare event),,False
Shimla,1990-2004,ref_R3_midpoint,cand_D,D,32.0,1995,0.0,0.0,0.0,0.0,NOT GATED (rare event),,False
Shimla,1990-2004,ref_R3_midpoint,cand_D,D,32.0,1996,0.0,0.0,0.0,0.0,NOT GATED (rare event),,False
Shimla,1990-2004,ref_R3_midpoint,cand_D,D,32.0,1997,0.0,0.0,0.0,0.0,NOT GATED (rare event),,False
Shimla,1990-2004,ref_R3_midpoint,cand_D,D,32.0,1998,0.0,0.0,0.0,0.0,NOT GATED (rare event),,False
Shimla,1990-2004,ref_R3_midpoint,cand_D,D,32.0,1999,0.0,0.0,0.0,0.0,NOT GATED (rare event),,False
Shimla,1990-2004,ref_R3_midpoint,cand_D,D,32.0,2000,0.0,0.0,0.0,0.0,NOT GATED (rare event),,False
Shimla,1990-2004,ref_R3_midpoint,cand_D,D,32.0,2001,0.0,0.0,0.0,0.0,NOT GATED (rare event),,False
Shimla,1990-2004,ref_R3_midpoint,cand_D,D,32.0,2002,0.0,0.0,0.0,0.0,NOT GATED (rare event),,False
Shimla,1990-2004,ref_R3_midpoint,cand_D,D,32.0,2003,0.0,0.0,0.0,0.0,NOT GATED (rare event),,False
Bikaner,2005-2014,ref_audited,cand_A,A,28.0,2006,210.0,200.0,-10.0,10.0,PASS,40.925000000000004,False
Bikaner,2005-2014,ref_audited,cand_A,A,28.0,2007,198.0,197.0,-1.0,1.0,PASS,40.925000000000004,False
Bikaner,2005-2014,ref_audited,cand_A,A,28.0,2008,208.0,206.0,-2.0,2.0,PASS,40.925000000000004,False
Bikaner,2005-2014,ref_audited,cand_A,A,28.0,2009,198.0,193.0,-5.0,5.0,PASS,40.925000000000004,False
Bikaner,2005-2014,ref_audited,cand_A,A,28.0,2010,218.0,224.0,6.0,6.0,PASS,40.925000000000004,False
Bikaner,2005-2014,ref_audited,cand_A,A,28.0,2011,203.0,204.0,1.0,1.0,PASS,40.925000000000004,False
Bikaner,2005-2014,ref_audited,cand_A,A,28.0,2012,204.0,204.0,0.0,0.0,PASS,40.925000000000004,False
Bikaner,2005-2014,ref_audited,cand_A,A,28.0,2013,198.0,199.0,1.0,1.0,PASS,40.925000000000004,False
Bikaner,2005-2014,ref_audited,cand_A,A,30.0,2006,157.0,171.0,14.0,14.0,PASS,31.975,False
Bikaner,2005-2014,ref_audited,cand_A,A,30.0,2007,168.0,169.0,1.0,1.0,PASS,31.975,False
Bikaner,2005-2014,ref_audited,cand_A,A,30.0,2008,160.0,172.0,12.0,12.0,PASS,31.975,False
Bikaner,2005-2014,ref_audited,cand_A,A,30.0,2009,155.0,169.0,14.0,14.0,PASS,31.975,False
Bikaner,2005-2014,ref_audited,cand_A,A,30.0,2010,169.0,189.0,20.0,20.0,PASS,31.975,False
Bikaner,2005-2014,ref_audited,cand_A,A,30.0,2011,157.0,158.0,1.0,1.0,PASS,31.975,False
Bikaner,2005-2014,ref_audited,cand_A,A,30.0,2012,150.0,159.0,9.0,9.0,PASS,31.975,False
Bikaner,2005-2014,ref_audited,cand_A,A,30.0,2013,163.0,164.0,1.0,1.0,PASS,31.975,False
Bikaner,2005-2014,ref_audited,cand_A,A,32.0,2006,80.0,112.0,32.0,32.0,FAIL,17.275000000000002,True
Bikaner,2005-2014,ref_audited,cand_A,A,32.0,2007,94.0,111.0,17.0,17.0,FAIL,17.275000000000002,False
Bikaner,2005-2014,ref_audited,cand_A,A,32.0,2008,67.0,105.0,38.0,38.0,FAIL,17.275000000000002,True
Bikaner,2005-2014,ref_audited,cand_A,A,32.0,2009,83.0,113.0,30.0,30.0,FAIL,17.275000000000002,True
Bikaner,2005-2014,ref_audited,cand_A,A,32.0,2010,102.0,106.0,4.0,4.0,FAIL,17.275000000000002,False
Bikaner,2005-2014,ref_audited,cand_A,A,32.0,2011,96.0,110.0,14.0,14.0,FAIL,17.275000000000002,False
Bikaner,2005-2014,ref_audited,cand_A,A,32.0,2012,79.0,98.0,19.0,19.0,FAIL,17.275000000000002,True
Bikaner,2005-2014,ref_audited,cand_A,A,32.0,2013,90.0,106.0,16.0,16.0,FAIL,17.275000000000002,False
Bikaner,2005-2014,ref_audited,cand_B,B,28.0,2006,210.0,192.0,-18.0,18.0,PASS,40.925000000000004,False
Bikaner,2005-2014,ref_audited,cand_B,B,28.0,2007,198.0,190.0,-8.0,8.0,PASS,40.925000000000004,False
Bikaner,2005-2014,ref_audited,cand_B,B,28.0,2008,208.0,201.0,-7.0,7.0,PASS,40.925000000000004,False
Bikaner,2005-2014,ref_audited,cand_B,B,28.0,2009,198.0,187.0,-11.0,11.0,PASS,40.925000000000004,False
Bikaner,2005-2014,ref_audited,cand_B,B,28.0,2010,218.0,219.0,1.0,1.0,PASS,40.925000000000004,False
Bikaner,2005-2014,ref_audited,cand_B,B,28.0,2011,203.0,194.0,-9.0,9.0,PASS,40.925000000000004,False
Bikaner,2005-2014,ref_audited,cand_B,B,28.0,2012,204.0,195.0,-9.0,9.0,PASS,40.925000000000004,False
Bikaner,2005-2014,ref_audited,cand_B,B,28.0,2013,198.0,194.0,-4.0,4.0,PASS,40.925000000000004,False
Bikaner,2005-2014,ref_audited,cand_B,B,30.0,2006,157.0,164.0,7.0,7.0,PASS,31.975,False
Bikaner,2005-2014,ref_audited,cand_B,B,30.0,2007,168.0,165.0,-3.0,3.0,PASS,31.975,False
Bikaner,2005-2014,ref_audited,cand_B,B,30.0,2008,160.0,167.0,7.0,7.0,PASS,31.975,False
Bikaner,2005-2014,ref_audited,cand_B,B,30.0,2009,155.0,163.0,8.0,8.0,PASS,31.975,False
Bikaner,2005-2014,ref_audited,cand_B,B,30.0,2010,169.0,174.0,5.0,5.0,PASS,31.975,False
Bikaner,2005-2014,ref_audited,cand_B,B,30.0,2011,157.0,150.0,-7.0,7.0,PASS,31.975,False
Bikaner,2005-2014,ref_audited,cand_B,B,30.0,2012,150.0,152.0,2.0,2.0,PASS,31.975,False
Bikaner,2005-2014,ref_audited,cand_B,B,30.0,2013,163.0,160.0,-3.0,3.0,PASS,31.975,False
Bikaner,2005-2014,ref_audited,cand_B,B,32.0,2006,80.0,97.0,17.0,17.0,PASS,17.275000000000002,False
Bikaner,2005-2014,ref_audited,cand_B,B,32.0,2007,94.0,100.0,6.0,6.0,PASS,17.275000000000002,False
Bikaner,2005-2014,ref_audited,cand_B,B,32.0,2008,67.0,94.0,27.0,27.0,PASS,17.275000000000002,True
Bikaner,2005-2014,ref_audited,cand_B,B,32.0,2009,83.0,109.0,26.0,26.0,PASS,17.275000000000002,True
Bikaner,2005-2014,ref_audited,cand_B,B,32.0,2010,102.0,97.0,-5.0,5.0,PASS,17.275000000000002,False
Bikaner,2005-2014,ref_audited,cand_B,B,32.0,2011,96.0,104.0,8.0,8.0,PASS,17.275000000000002,False
Bikaner,2005-2014,ref_audited,cand_B,B,32.0,2012,79.0,90.0,11.0,11.0,PASS,17.275000000000002,False
Bikaner,2005-2014,ref_audited,cand_B,B,32.0,2013,90.0,97.0,7.0,7.0,PASS,17.275000000000002,False
Bikaner,2005-2014,ref_audited,cand_C,C,28.0,2006,210.0,197.0,-13.0,13.0,PASS,40.925000000000004,False
Bikaner,2005-2014,ref_audited,cand_C,C,28.0,2007,198.0,196.0,-2.0,2.0,PASS,40.925000000000004,False
Bikaner,2005-2014,ref_audited,cand_C,C,28.0,2008,208.0,205.0,-3.0,3.0,PASS,40.925000000000004,False
Bikaner,2005-2014,ref_audited,cand_C,C,28.0,2009,198.0,190.0,-8.0,8.0,PASS,40.925000000000004,False
Bikaner,2005-2014,ref_audited,cand_C,C,28.0,2010,218.0,223.0,5.0,5.0,PASS,40.925000000000004,False
Bikaner,2005-2014,ref_audited,cand_C,C,28.0,2011,203.0,202.0,-1.0,1.0,PASS,40.925000000000004,False
Bikaner,2005-2014,ref_audited,cand_C,C,28.0,2012,204.0,201.0,-3.0,3.0,PASS,40.925000000000004,False
Bikaner,2005-2014,ref_audited,cand_C,C,28.0,2013,198.0,199.0,1.0,1.0,PASS,40.925000000000004,False
Bikaner,2005-2014,ref_audited,cand_C,C,30.0,2006,157.0,169.0,12.0,12.0,PASS,31.975,False
Bikaner,2005-2014,ref_audited,cand_C,C,30.0,2007,168.0,169.0,1.0,1.0,PASS,31.975,False
Bikaner,2005-2014,ref_audited,cand_C,C,30.0,2008,160.0,172.0,12.0,12.0,PASS,31.975,False
Bikaner,2005-2014,ref_audited,cand_C,C,30.0,2009,155.0,166.0,11.0,11.0,PASS,31.975,False
Bikaner,2005-2014,ref_audited,cand_C,C,30.0,2010,169.0,185.0,16.0,16.0,PASS,31.975,False
Bikaner,2005-2014,ref_audited,cand_C,C,30.0,2011,157.0,155.0,-2.0,2.0,PASS,31.975,False
Bikaner,2005-2014,ref_audited,cand_C,C,30.0,2012,150.0,157.0,7.0,7.0,PASS,31.975,False
Bikaner,2005-2014,ref_audited,cand_C,C,30.0,2013,163.0,164.0,1.0,1.0,PASS,31.975,False
Bikaner,2005-2014,ref_audited,cand_C,C,32.0,2006,80.0,109.0,29.0,29.0,FAIL,17.275000000000002,True
Bikaner,2005-2014,ref_audited,cand_C,C,32.0,2007,94.0,113.0,19.0,19.0,FAIL,17.275000000000002,True
Bikaner,2005-2014,ref_audited,cand_C,C,32.0,2008,67.0,105.0,38.0,38.0,FAIL,17.275000000000002,True
Bikaner,2005-2014,ref_audited,cand_C,C,32.0,2009,83.0,113.0,30.0,30.0,FAIL,17.275000000000002,True
Bikaner,2005-2014,ref_audited,cand_C,C,32.0,2010,102.0,107.0,5.0,5.0,FAIL,17.275000000000002,False
Bikaner,2005-2014,ref_audited,cand_C,C,32.0,2011,96.0,112.0,16.0,16.0,FAIL,17.275000000000002,False
Bikaner,2005-2014,ref_audited,cand_C,C,32.0,2012,79.0,96.0,17.0,17.0,FAIL,17.275000000000002,False
Bikaner,2005-2014,ref_audited,cand_C,C,32.0,2013,90.0,105.0,15.0,15.0,FAIL,17.275000000000002,False
Bikaner,2005-2014,ref_audited,cand_D,D,28.0,2006,210.0,190.0,-20.0,20.0,PASS,40.925000000000004,False
Bikaner,2005-2014,ref_audited,cand_D,D,28.0,2007,198.0,190.0,-8.0,8.0,PASS,40.925000000000004,False
Bikaner,2005-2014,ref_audited,cand_D,D,28.0,2008,208.0,199.0,-9.0,9.0,PASS,40.925000000000004,False
Bikaner,2005-2014,ref_audited,cand_D,D,28.0,2009,198.0,187.0,-11.0,11.0,PASS,40.925000000000004,False
Bikaner,2005-2014,ref_audited,cand_D,D,28.0,2010,218.0,219.0,1.0,1.0,PASS,40.925000000000004,False
Bikaner,2005-2014,ref_audited,cand_D,D,28.0,2011,203.0,191.0,-12.0,12.0,PASS,40.925000000000004,False
Bikaner,2005-2014,ref_audited,cand_D,D,28.0,2012,204.0,195.0,-9.0,9.0,PASS,40.925000000000004,False
Bikaner,2005-2014,ref_audited,cand_D,D,28.0,2013,198.0,191.0,-7.0,7.0,PASS,40.925000000000004,False
Bikaner,2005-2014,ref_audited,cand_D,D,30.0,2006,157.0,164.0,7.0,7.0,PASS,31.975,False
Bikaner,2005-2014,ref_audited,cand_D,D,30.0,2007,168.0,163.0,-5.0,5.0,PASS,31.975,False
Bikaner,2005-2014,ref_audited,cand_D,D,30.0,2008,160.0,164.0,4.0,4.0,PASS,31.975,False
Bikaner,2005-2014,ref_audited,cand_D,D,30.0,2009,155.0,162.0,7.0,7.0,PASS,31.975,False
Bikaner,2005-2014,ref_audited,cand_D,D,30.0,2010,169.0,167.0,-2.0,2.0,PASS,31.975,False
Bikaner,2005-2014,ref_audited,cand_D,D,30.0,2011,157.0,151.0,-6.0,6.0,PASS,31.975,False
Bikaner,2005-2014,ref_audited,cand_D,D,30.0,2012,150.0,150.0,0.0,0.0,PASS,31.975,False
Bikaner,2005-2014,ref_audited,cand_D,D,30.0,2013,163.0,158.0,-5.0,5.0,PASS,31.975,False
Bikaner,2005-2014,ref_audited,cand_D,D,32.0,2006,80.0,91.0,11.0,11.0,PASS,17.275000000000002,False
Bikaner,2005-2014,ref_audited,cand_D,D,32.0,2007,94.0,101.0,7.0,7.0,PASS,17.275000000000002,False
Bikaner,2005-2014,ref_audited,cand_D,D,32.0,2008,67.0,94.0,27.0,27.0,PASS,17.275000000000002,True
Bikaner,2005-2014,ref_audited,cand_D,D,32.0,2009,83.0,106.0,23.0,23.0,PASS,17.275000000000002,True
Bikaner,2005-2014,ref_audited,cand_D,D,32.0,2010,102.0,97.0,-5.0,5.0,PASS,17.275000000000002,False
Bikaner,2005-2014,ref_audited,cand_D,D,32.0,2011,96.0,106.0,10.0,10.0,PASS,17.275000000000002,False
Bikaner,2005-2014,ref_audited,cand_D,D,32.0,2012,79.0,86.0,7.0,7.0,PASS,17.275000000000002,False
Bikaner,2005-2014,ref_audited,cand_D,D,32.0,2013,90.0,98.0,8.0,8.0,PASS,17.275000000000002,False
Bikaner,2005-2014,ref_R3_midpoint,cand_A,A,28.0,2006,204.0,200.0,-4.0,4.0,PASS,40.075,False
Bikaner,2005-2014,ref_R3_midpoint,cand_A,A,28.0,2007,195.0,197.0,2.0,2.0,PASS,40.075,False
Bikaner,2005-2014,ref_R3_midpoint,cand_A,A,28.0,2008,206.0,206.0,0.0,0.0,PASS,40.075,False
Bikaner,2005-2014,ref_R3_midpoint,cand_A,A,28.0,2009,191.0,193.0,2.0,2.0,PASS,40.075,False
Bikaner,2005-2014,ref_R3_midpoint,cand_A,A,28.0,2010,214.0,224.0,10.0,10.0,PASS,40.075,False
Bikaner,2005-2014,ref_R3_midpoint,cand_A,A,28.0,2011,200.0,204.0,4.0,4.0,PASS,40.075,False
Bikaner,2005-2014,ref_R3_midpoint,cand_A,A,28.0,2012,199.0,204.0,5.0,5.0,PASS,40.075,False
Bikaner,2005-2014,ref_R3_midpoint,cand_A,A,28.0,2013,194.0,199.0,5.0,5.0,PASS,40.075,False
Bikaner,2005-2014,ref_R3_midpoint,cand_A,A,30.0,2006,149.0,171.0,22.0,22.0,PASS,31.075000000000003,False
Bikaner,2005-2014,ref_R3_midpoint,cand_A,A,30.0,2007,164.0,169.0,5.0,5.0,PASS,31.075000000000003,False
Bikaner,2005-2014,ref_R3_midpoint,cand_A,A,30.0,2008,151.0,172.0,21.0,21.0,PASS,31.075000000000003,False
Bikaner,2005-2014,ref_R3_midpoint,cand_A,A,30.0,2009,154.0,169.0,15.0,15.0,PASS,31.075000000000003,False
Bikaner,2005-2014,ref_R3_midpoint,cand_A,A,30.0,2010,166.0,189.0,23.0,23.0,PASS,31.075000000000003,False
Bikaner,2005-2014,ref_R3_midpoint,cand_A,A,30.0,2011,152.0,158.0,6.0,6.0,PASS,31.075000000000003,False
Bikaner,2005-2014,ref_R3_midpoint,cand_A,A,30.0,2012,148.0,159.0,11.0,11.0,PASS,31.075000000000003,False
Bikaner,2005-2014,ref_R3_midpoint,cand_A,A,30.0,2013,159.0,164.0,5.0,5.0,PASS,31.075000000000003,False
Bikaner,2005-2014,ref_R3_midpoint,cand_A,A,32.0,2006,76.0,112.0,36.0,36.0,FAIL,15.525,True
Bikaner,2005-2014,ref_R3_midpoint,cand_A,A,32.0,2007,82.0,111.0,29.0,29.0,FAIL,15.525,True
Bikaner,2005-2014,ref_R3_midpoint,cand_A,A,32.0,2008,55.0,105.0,50.0,50.0,FAIL,15.525,True
Bikaner,2005-2014,ref_R3_midpoint,cand_A,A,32.0,2009,75.0,113.0,38.0,38.0,FAIL,15.525,True
Bikaner,2005-2014,ref_R3_midpoint,cand_A,A,32.0,2010,97.0,106.0,9.0,9.0,FAIL,15.525,False
Bikaner,2005-2014,ref_R3_midpoint,cand_A,A,32.0,2011,87.0,110.0,23.0,23.0,FAIL,15.525,True
Bikaner,2005-2014,ref_R3_midpoint,cand_A,A,32.0,2012,67.0,98.0,31.0,31.0,FAIL,15.525,True
Bikaner,2005-2014,ref_R3_midpoint,cand_A,A,32.0,2013,82.0,106.0,24.0,24.0,FAIL,15.525,True
Bikaner,2005-2014,ref_R3_midpoint,cand_B,B,28.0,2006,204.0,192.0,-12.0,12.0,PASS,40.075,False
Bikaner,2005-2014,ref_R3_midpoint,cand_B,B,28.0,2007,195.0,190.0,-5.0,5.0,PASS,40.075,False
Bikaner,2005-2014,ref_R3_midpoint,cand_B,B,28.0,2008,206.0,201.0,-5.0,5.0,PASS,40.075,False
Bikaner,2005-2014,ref_R3_midpoint,cand_B,B,28.0,2009,191.0,187.0,-4.0,4.0,PASS,40.075,False
Bikaner,2005-2014,ref_R3_midpoint,cand_B,B,28.0,2010,214.0,219.0,5.0,5.0,PASS,40.075,False
Bikaner,2005-2014,ref_R3_midpoint,cand_B,B,28.0,2011,200.0,194.0,-6.0,6.0,PASS,40.075,False
Bikaner,2005-2014,ref_R3_midpoint,cand_B,B,28.0,2012,199.0,195.0,-4.0,4.0,PASS,40.075,False
Bikaner,2005-2014,ref_R3_midpoint,cand_B,B,28.0,2013,194.0,194.0,0.0,0.0,PASS,40.075,False
Bikaner,2005-2014,ref_R3_midpoint,cand_B,B,30.0,2006,149.0,164.0,15.0,15.0,PASS,31.075000000000003,False
Bikaner,2005-2014,ref_R3_midpoint,cand_B,B,30.0,2007,164.0,165.0,1.0,1.0,PASS,31.075000000000003,False
Bikaner,2005-2014,ref_R3_midpoint,cand_B,B,30.0,2008,151.0,167.0,16.0,16.0,PASS,31.075000000000003,False
Bikaner,2005-2014,ref_R3_midpoint,cand_B,B,30.0,2009,154.0,163.0,9.0,9.0,PASS,31.075000000000003,False
Bikaner,2005-2014,ref_R3_midpoint,cand_B,B,30.0,2010,166.0,174.0,8.0,8.0,PASS,31.075000000000003,False
Bikaner,2005-2014,ref_R3_midpoint,cand_B,B,30.0,2011,152.0,150.0,-2.0,2.0,PASS,31.075000000000003,False
Bikaner,2005-2014,ref_R3_midpoint,cand_B,B,30.0,2012,148.0,152.0,4.0,4.0,PASS,31.075000000000003,False
Bikaner,2005-2014,ref_R3_midpoint,cand_B,B,30.0,2013,159.0,160.0,1.0,1.0,PASS,31.075000000000003,False
Bikaner,2005-2014,ref_R3_midpoint,cand_B,B,32.0,2006,76.0,97.0,21.0,21.0,FAIL,15.525,True
Bikaner,2005-2014,ref_R3_midpoint,cand_B,B,32.0,2007,82.0,100.0,18.0,18.0,FAIL,15.525,True
Bikaner,2005-2014,ref_R3_midpoint,cand_B,B,32.0,2008,55.0,94.0,39.0,39.0,FAIL,15.525,True
Bikaner,2005-2014,ref_R3_midpoint,cand_B,B,32.0,2009,75.0,109.0,34.0,34.0,FAIL,15.525,True
Bikaner,2005-2014,ref_R3_midpoint,cand_B,B,32.0,2010,97.0,97.0,0.0,0.0,FAIL,15.525,False
Bikaner,2005-2014,ref_R3_midpoint,cand_B,B,32.0,2011,87.0,104.0,17.0,17.0,FAIL,15.525,True
Bikaner,2005-2014,ref_R3_midpoint,cand_B,B,32.0,2012,67.0,90.0,23.0,23.0,FAIL,15.525,True
Bikaner,2005-2014,ref_R3_midpoint,cand_B,B,32.0,2013,82.0,97.0,15.0,15.0,FAIL,15.525,False
Bikaner,2005-2014,ref_R3_midpoint,cand_C,C,28.0,2006,204.0,197.0,-7.0,7.0,PASS,40.075,False
Bikaner,2005-2014,ref_R3_midpoint,cand_C,C,28.0,2007,195.0,196.0,1.0,1.0,PASS,40.075,False
Bikaner,2005-2014,ref_R3_midpoint,cand_C,C,28.0,2008,206.0,205.0,-1.0,1.0,PASS,40.075,False
Bikaner,2005-2014,ref_R3_midpoint,cand_C,C,28.0,2009,191.0,190.0,-1.0,1.0,PASS,40.075,False
Bikaner,2005-2014,ref_R3_midpoint,cand_C,C,28.0,2010,214.0,223.0,9.0,9.0,PASS,40.075,False
Bikaner,2005-2014,ref_R3_midpoint,cand_C,C,28.0,2011,200.0,202.0,2.0,2.0,PASS,40.075,False
Bikaner,2005-2014,ref_R3_midpoint,cand_C,C,28.0,2012,199.0,201.0,2.0,2.0,PASS,40.075,False
Bikaner,2005-2014,ref_R3_midpoint,cand_C,C,28.0,2013,194.0,199.0,5.0,5.0,PASS,40.075,False
Bikaner,2005-2014,ref_R3_midpoint,cand_C,C,30.0,2006,149.0,169.0,20.0,20.0,PASS,31.075000000000003,False
Bikaner,2005-2014,ref_R3_midpoint,cand_C,C,30.0,2007,164.0,169.0,5.0,5.0,PASS,31.075000000000003,False
Bikaner,2005-2014,ref_R3_midpoint,cand_C,C,30.0,2008,151.0,172.0,21.0,21.0,PASS,31.075000000000003,False
Bikaner,2005-2014,ref_R3_midpoint,cand_C,C,30.0,2009,154.0,166.0,12.0,12.0,PASS,31.075000000000003,False
Bikaner,2005-2014,ref_R3_midpoint,cand_C,C,30.0,2010,166.0,185.0,19.0,19.0,PASS,31.075000000000003,False
Bikaner,2005-2014,ref_R3_midpoint,cand_C,C,30.0,2011,152.0,155.0,3.0,3.0,PASS,31.075000000000003,False
Bikaner,2005-2014,ref_R3_midpoint,cand_C,C,30.0,2012,148.0,157.0,9.0,9.0,PASS,31.075000000000003,False
Bikaner,2005-2014,ref_R3_midpoint,cand_C,C,30.0,2013,159.0,164.0,5.0,5.0,PASS,31.075000000000003,False
Bikaner,2005-2014,ref_R3_midpoint,cand_C,C,32.0,2006,76.0,109.0,33.0,33.0,FAIL,15.525,True
Bikaner,2005-2014,ref_R3_midpoint,cand_C,C,32.0,2007,82.0,113.0,31.0,31.0,FAIL,15.525,True
Bikaner,2005-2014,ref_R3_midpoint,cand_C,C,32.0,2008,55.0,105.0,50.0,50.0,FAIL,15.525,True
Bikaner,2005-2014,ref_R3_midpoint,cand_C,C,32.0,2009,75.0,113.0,38.0,38.0,FAIL,15.525,True
Bikaner,2005-2014,ref_R3_midpoint,cand_C,C,32.0,2010,97.0,107.0,10.0,10.0,FAIL,15.525,False
Bikaner,2005-2014,ref_R3_midpoint,cand_C,C,32.0,2011,87.0,112.0,25.0,25.0,FAIL,15.525,True
Bikaner,2005-2014,ref_R3_midpoint,cand_C,C,32.0,2012,67.0,96.0,29.0,29.0,FAIL,15.525,True
Bikaner,2005-2014,ref_R3_midpoint,cand_C,C,32.0,2013,82.0,105.0,23.0,23.0,FAIL,15.525,True
Bikaner,2005-2014,ref_R3_midpoint,cand_D,D,28.0,2006,204.0,190.0,-14.0,14.0,PASS,40.075,False
Bikaner,2005-2014,ref_R3_midpoint,cand_D,D,28.0,2007,195.0,190.0,-5.0,5.0,PASS,40.075,False
Bikaner,2005-2014,ref_R3_midpoint,cand_D,D,28.0,2008,206.0,199.0,-7.0,7.0,PASS,40.075,False
Bikaner,2005-2014,ref_R3_midpoint,cand_D,D,28.0,2009,191.0,187.0,-4.0,4.0,PASS,40.075,False
Bikaner,2005-2014,ref_R3_midpoint,cand_D,D,28.0,2010,214.0,219.0,5.0,5.0,PASS,40.075,False
Bikaner,2005-2014,ref_R3_midpoint,cand_D,D,28.0,2011,200.0,191.0,-9.0,9.0,PASS,40.075,False
Bikaner,2005-2014,ref_R3_midpoint,cand_D,D,28.0,2012,199.0,195.0,-4.0,4.0,PASS,40.075,False
Bikaner,2005-2014,ref_R3_midpoint,cand_D,D,28.0,2013,194.0,191.0,-3.0,3.0,PASS,40.075,False
Bikaner,2005-2014,ref_R3_midpoint,cand_D,D,30.0,2006,149.0,164.0,15.0,15.0,PASS,31.075000000000003,False
Bikaner,2005-2014,ref_R3_midpoint,cand_D,D,30.0,2007,164.0,163.0,-1.0,1.0,PASS,31.075000000000003,False
Bikaner,2005-2014,ref_R3_midpoint,cand_D,D,30.0,2008,151.0,164.0,13.0,13.0,PASS,31.075000000000003,False
Bikaner,2005-2014,ref_R3_midpoint,cand_D,D,30.0,2009,154.0,162.0,8.0,8.0,PASS,31.075000000000003,False
Bikaner,2005-2014,ref_R3_midpoint,cand_D,D,30.0,2010,166.0,167.0,1.0,1.0,PASS,31.075000000000003,False
Bikaner,2005-2014,ref_R3_midpoint,cand_D,D,30.0,2011,152.0,151.0,-1.0,1.0,PASS,31.075000000000003,False
Bikaner,2005-2014,ref_R3_midpoint,cand_D,D,30.0,2012,148.0,150.0,2.0,2.0,PASS,31.075000000000003,False
Bikaner,2005-2014,ref_R3_midpoint,cand_D,D,30.0,2013,159.0,158.0,-1.0,1.0,PASS,31.075000000000003,False
Bikaner,2005-2014,ref_R3_midpoint,cand_D,D,32.0,2006,76.0,91.0,15.0,15.0,FAIL,15.525,False
Bikaner,2005-2014,ref_R3_midpoint,cand_D,D,32.0,2007,82.0,101.0,19.0,19.0,FAIL,15.525,True
Bikaner,2005-2014,ref_R3_midpoint,cand_D,D,32.0,2008,55.0,94.0,39.0,39.0,FAIL,15.525,True
Bikaner,2005-2014,ref_R3_midpoint,cand_D,D,32.0,2009,75.0,106.0,31.0,31.0,FAIL,15.525,True
Bikaner,2005-2014,ref_R3_midpoint,cand_D,D,32.0,2010,97.0,97.0,0.0,0.0,FAIL,15.525,False
Bikaner,2005-2014,ref_R3_midpoint,cand_D,D,32.0,2011,87.0,106.0,19.0,19.0,FAIL,15.525,True
Bikaner,2005-2014,ref_R3_midpoint,cand_D,D,32.0,2012,67.0,86.0,19.0,19.0,FAIL,15.525,True
Bikaner,2005-2014,ref_R3_midpoint,cand_D,D,32.0,2013,82.0,98.0,16.0,16.0,FAIL,15.525,True
Hyderabad,2005-2014,ref_audited,cand_A,A,28.0,2006,232.0,253.0,21.0,21.0,PASS,45.475,False
Hyderabad,2005-2014,ref_audited,cand_A,A,28.0,2007,227.0,234.0,7.0,7.0,PASS,45.475,False
Hyderabad,2005-2014,ref_audited,cand_A,A,28.0,2008,206.0,245.0,39.0,39.0,PASS,45.475,False
Hyderabad,2005-2014,ref_audited,cand_A,A,28.0,2009,239.0,263.0,24.0,24.0,PASS,45.475,False
Hyderabad,2005-2014,ref_audited,cand_A,A,28.0,2010,239.0,242.0,3.0,3.0,PASS,45.475,False
Hyderabad,2005-2014,ref_audited,cand_A,A,28.0,2011,233.0,261.0,28.0,28.0,PASS,45.475,False
Hyderabad,2005-2014,ref_audited,cand_A,A,28.0,2012,227.0,247.0,20.0,20.0,PASS,45.475,False
Hyderabad,2005-2014,ref_audited,cand_A,A,28.0,2013,216.0,230.0,14.0,14.0,PASS,45.475,False
Hyderabad,2005-2014,ref_audited,cand_A,A,30.0,2006,110.0,138.0,28.0,28.0,PASS,23.225,True
Hyderabad,2005-2014,ref_audited,cand_A,A,30.0,2007,120.0,129.0,9.0,9.0,PASS,23.225,False
Hyderabad,2005-2014,ref_audited,cand_A,A,30.0,2008,106.0,132.0,26.0,26.0,PASS,23.225,True
Hyderabad,2005-2014,ref_audited,cand_A,A,30.0,2009,131.0,149.0,18.0,18.0,PASS,23.225,False
Hyderabad,2005-2014,ref_audited,cand_A,A,30.0,2010,142.0,156.0,14.0,14.0,PASS,23.225,False
Hyderabad,2005-2014,ref_audited,cand_A,A,30.0,2011,98.0,131.0,33.0,33.0,PASS,23.225,True
Hyderabad,2005-2014,ref_audited,cand_A,A,30.0,2012,110.0,124.0,14.0,14.0,PASS,23.225,False
Hyderabad,2005-2014,ref_audited,cand_A,A,30.0,2013,112.0,117.0,5.0,5.0,PASS,23.225,False
Hyderabad,2005-2014,ref_audited,cand_A,A,32.0,2006,34.0,43.0,9.0,9.0,PASS,8.975,True
Hyderabad,2005-2014,ref_audited,cand_A,A,32.0,2007,49.0,48.0,-1.0,1.0,PASS,8.975,False
Hyderabad,2005-2014,ref_audited,cand_A,A,32.0,2008,34.0,30.0,-4.0,4.0,PASS,8.975,False
Hyderabad,2005-2014,ref_audited,cand_A,A,32.0,2009,48.0,47.0,-1.0,1.0,PASS,8.975,False
Hyderabad,2005-2014,ref_audited,cand_A,A,32.0,2010,68.0,70.0,2.0,2.0,PASS,8.975,False
Hyderabad,2005-2014,ref_audited,cand_A,A,32.0,2011,41.0,35.0,-6.0,6.0,PASS,8.975,False
Hyderabad,2005-2014,ref_audited,cand_A,A,32.0,2012,41.0,48.0,7.0,7.0,PASS,8.975,False
Hyderabad,2005-2014,ref_audited,cand_A,A,32.0,2013,44.0,55.0,11.0,11.0,PASS,8.975,True
Hyderabad,2005-2014,ref_audited,cand_B,B,28.0,2006,232.0,235.0,3.0,3.0,PASS,45.475,False
Hyderabad,2005-2014,ref_audited,cand_B,B,28.0,2007,227.0,220.0,-7.0,7.0,PASS,45.475,False
Hyderabad,2005-2014,ref_audited,cand_B,B,28.0,2008,206.0,228.0,22.0,22.0,PASS,45.475,False
Hyderabad,2005-2014,ref_audited,cand_B,B,28.0,2009,239.0,250.0,11.0,11.0,PASS,45.475,False
Hyderabad,2005-2014,ref_audited,cand_B,B,28.0,2010,239.0,238.0,-1.0,1.0,PASS,45.475,False
Hyderabad,2005-2014,ref_audited,cand_B,B,28.0,2011,233.0,246.0,13.0,13.0,PASS,45.475,False
Hyderabad,2005-2014,ref_audited,cand_B,B,28.0,2012,227.0,228.0,1.0,1.0,PASS,45.475,False
Hyderabad,2005-2014,ref_audited,cand_B,B,28.0,2013,216.0,217.0,1.0,1.0,PASS,45.475,False
Hyderabad,2005-2014,ref_audited,cand_B,B,30.0,2006,110.0,120.0,10.0,10.0,PASS,23.225,False
Hyderabad,2005-2014,ref_audited,cand_B,B,30.0,2007,120.0,119.0,-1.0,1.0,PASS,23.225,False
Hyderabad,2005-2014,ref_audited,cand_B,B,30.0,2008,106.0,116.0,10.0,10.0,PASS,23.225,False
Hyderabad,2005-2014,ref_audited,cand_B,B,30.0,2009,131.0,137.0,6.0,6.0,PASS,23.225,False
Hyderabad,2005-2014,ref_audited,cand_B,B,30.0,2010,142.0,146.0,4.0,4.0,PASS,23.225,False
Hyderabad,2005-2014,ref_audited,cand_B,B,30.0,2011,98.0,114.0,16.0,16.0,PASS,23.225,False
Hyderabad,2005-2014,ref_audited,cand_B,B,30.0,2012,110.0,114.0,4.0,4.0,PASS,23.225,False
Hyderabad,2005-2014,ref_audited,cand_B,B,30.0,2013,112.0,100.0,-12.0,12.0,PASS,23.225,False
Hyderabad,2005-2014,ref_audited,cand_B,B,32.0,2006,34.0,33.0,-1.0,1.0,FAIL,8.975,False
Hyderabad,2005-2014,ref_audited,cand_B,B,32.0,2007,49.0,35.0,-14.0,14.0,FAIL,8.975,True
Hyderabad,2005-2014,ref_audited,cand_B,B,32.0,2008,34.0,22.0,-12.0,12.0,FAIL,8.975,True
Hyderabad,2005-2014,ref_audited,cand_B,B,32.0,2009,48.0,33.0,-15.0,15.0,FAIL,8.975,True
Hyderabad,2005-2014,ref_audited,cand_B,B,32.0,2010,68.0,58.0,-10.0,10.0,FAIL,8.975,True
Hyderabad,2005-2014,ref_audited,cand_B,B,32.0,2011,41.0,23.0,-18.0,18.0,FAIL,8.975,True
Hyderabad,2005-2014,ref_audited,cand_B,B,32.0,2012,41.0,34.0,-7.0,7.0,FAIL,8.975,False
Hyderabad,2005-2014,ref_audited,cand_B,B,32.0,2013,44.0,45.0,1.0,1.0,FAIL,8.975,False
Hyderabad,2005-2014,ref_audited,cand_C,C,28.0,2006,232.0,254.0,22.0,22.0,PASS,45.475,False
Hyderabad,2005-2014,ref_audited,cand_C,C,28.0,2007,227.0,237.0,10.0,10.0,PASS,45.475,False
Hyderabad,2005-2014,ref_audited,cand_C,C,28.0,2008,206.0,244.0,38.0,38.0,PASS,45.475,False
Hyderabad,2005-2014,ref_audited,cand_C,C,28.0,2009,239.0,263.0,24.0,24.0,PASS,45.475,False
Hyderabad,2005-2014,ref_audited,cand_C,C,28.0,2010,239.0,250.0,11.0,11.0,PASS,45.475,False
Hyderabad,2005-2014,ref_audited,cand_C,C,28.0,2011,233.0,265.0,32.0,32.0,PASS,45.475,False
Hyderabad,2005-2014,ref_audited,cand_C,C,28.0,2012,227.0,251.0,24.0,24.0,PASS,45.475,False
Hyderabad,2005-2014,ref_audited,cand_C,C,28.0,2013,216.0,234.0,18.0,18.0,PASS,45.475,False
Hyderabad,2005-2014,ref_audited,cand_C,C,30.0,2006,110.0,138.0,28.0,28.0,FAIL,23.225,True
Hyderabad,2005-2014,ref_audited,cand_C,C,30.0,2007,120.0,133.0,13.0,13.0,FAIL,23.225,False
Hyderabad,2005-2014,ref_audited,cand_C,C,30.0,2008,106.0,133.0,27.0,27.0,FAIL,23.225,True
Hyderabad,2005-2014,ref_audited,cand_C,C,30.0,2009,131.0,150.0,19.0,19.0,FAIL,23.225,False
Hyderabad,2005-2014,ref_audited,cand_C,C,30.0,2010,142.0,166.0,24.0,24.0,FAIL,23.225,True
Hyderabad,2005-2014,ref_audited,cand_C,C,30.0,2011,98.0,144.0,46.0,46.0,FAIL,23.225,True
Hyderabad,2005-2014,ref_audited,cand_C,C,30.0,2012,110.0,132.0,22.0,22.0,FAIL,23.225,False
Hyderabad,2005-2014,ref_audited,cand_C,C,30.0,2013,112.0,125.0,13.0,13.0,FAIL,23.225,False
Hyderabad,2005-2014,ref_audited,cand_C,C,32.0,2006,34.0,44.0,10.0,10.0,PASS,8.975,True
Hyderabad,2005-2014,ref_audited,cand_C,C,32.0,2007,49.0,47.0,-2.0,2.0,PASS,8.975,False
Hyderabad,2005-2014,ref_audited,cand_C,C,32.0,2008,34.0,40.0,6.0,6.0,PASS,8.975,False
Hyderabad,2005-2014,ref_audited,cand_C,C,32.0,2009,48.0,47.0,-1.0,1.0,PASS,8.975,False
Hyderabad,2005-2014,ref_audited,cand_C,C,32.0,2010,68.0,74.0,6.0,6.0,PASS,8.975,False
Hyderabad,2005-2014,ref_audited,cand_C,C,32.0,2011,41.0,41.0,0.0,0.0,PASS,8.975,False
Hyderabad,2005-2014,ref_audited,cand_C,C,32.0,2012,41.0,49.0,8.0,8.0,PASS,8.975,False
Hyderabad,2005-2014,ref_audited,cand_C,C,32.0,2013,44.0,57.0,13.0,13.0,PASS,8.975,True
Hyderabad,2005-2014,ref_audited,cand_D,D,28.0,2006,232.0,239.0,7.0,7.0,PASS,45.475,False
Hyderabad,2005-2014,ref_audited,cand_D,D,28.0,2007,227.0,225.0,-2.0,2.0,PASS,45.475,False
Hyderabad,2005-2014,ref_audited,cand_D,D,28.0,2008,206.0,228.0,22.0,22.0,PASS,45.475,False
Hyderabad,2005-2014,ref_audited,cand_D,D,28.0,2009,239.0,248.0,9.0,9.0,PASS,45.475,False
Hyderabad,2005-2014,ref_audited,cand_D,D,28.0,2010,239.0,241.0,2.0,2.0,PASS,45.475,False
Hyderabad,2005-2014,ref_audited,cand_D,D,28.0,2011,233.0,252.0,19.0,19.0,PASS,45.475,False
Hyderabad,2005-2014,ref_audited,cand_D,D,28.0,2012,227.0,234.0,7.0,7.0,PASS,45.475,False
Hyderabad,2005-2014,ref_audited,cand_D,D,28.0,2013,216.0,223.0,7.0,7.0,PASS,45.475,False
Hyderabad,2005-2014,ref_audited,cand_D,D,30.0,2006,110.0,123.0,13.0,13.0,PASS,23.225,False
Hyderabad,2005-2014,ref_audited,cand_D,D,30.0,2007,120.0,123.0,3.0,3.0,PASS,23.225,False
Hyderabad,2005-2014,ref_audited,cand_D,D,30.0,2008,106.0,116.0,10.0,10.0,PASS,23.225,False
Hyderabad,2005-2014,ref_audited,cand_D,D,30.0,2009,131.0,137.0,6.0,6.0,PASS,23.225,False
Hyderabad,2005-2014,ref_audited,cand_D,D,30.0,2010,142.0,150.0,8.0,8.0,PASS,23.225,False
Hyderabad,2005-2014,ref_audited,cand_D,D,30.0,2011,98.0,127.0,29.0,29.0,PASS,23.225,True
Hyderabad,2005-2014,ref_audited,cand_D,D,30.0,2012,110.0,120.0,10.0,10.0,PASS,23.225,False
Hyderabad,2005-2014,ref_audited,cand_D,D,30.0,2013,112.0,109.0,-3.0,3.0,PASS,23.225,False
Hyderabad,2005-2014,ref_audited,cand_D,D,32.0,2006,34.0,34.0,0.0,0.0,PASS,8.975,False
Hyderabad,2005-2014,ref_audited,cand_D,D,32.0,2007,49.0,35.0,-14.0,14.0,PASS,8.975,True
Hyderabad,2005-2014,ref_audited,cand_D,D,32.0,2008,34.0,23.0,-11.0,11.0,PASS,8.975,True
Hyderabad,2005-2014,ref_audited,cand_D,D,32.0,2009,48.0,33.0,-15.0,15.0,PASS,8.975,True
Hyderabad,2005-2014,ref_audited,cand_D,D,32.0,2010,68.0,63.0,-5.0,5.0,PASS,8.975,False
Hyderabad,2005-2014,ref_audited,cand_D,D,32.0,2011,41.0,31.0,-10.0,10.0,PASS,8.975,True
Hyderabad,2005-2014,ref_audited,cand_D,D,32.0,2012,41.0,36.0,-5.0,5.0,PASS,8.975,False
Hyderabad,2005-2014,ref_audited,cand_D,D,32.0,2013,44.0,45.0,1.0,1.0,PASS,8.975,False
Hyderabad,2005-2014,ref_R3_midpoint,cand_A,A,28.0,2006,221.0,253.0,32.0,32.0,PASS,43.2,False
Hyderabad,2005-2014,ref_R3_midpoint,cand_A,A,28.0,2007,218.0,234.0,16.0,16.0,PASS,43.2,False
Hyderabad,2005-2014,ref_R3_midpoint,cand_A,A,28.0,2008,193.0,245.0,52.0,52.0,PASS,43.2,True
Hyderabad,2005-2014,ref_R3_midpoint,cand_A,A,28.0,2009,227.0,263.0,36.0,36.0,PASS,43.2,False
Hyderabad,2005-2014,ref_R3_midpoint,cand_A,A,28.0,2010,226.0,242.0,16.0,16.0,PASS,43.2,False
Hyderabad,2005-2014,ref_R3_midpoint,cand_A,A,28.0,2011,221.0,261.0,40.0,40.0,PASS,43.2,False
Hyderabad,2005-2014,ref_R3_midpoint,cand_A,A,28.0,2012,215.0,247.0,32.0,32.0,PASS,43.2,False
Hyderabad,2005-2014,ref_R3_midpoint,cand_A,A,28.0,2013,207.0,230.0,23.0,23.0,PASS,43.2,False
Hyderabad,2005-2014,ref_R3_midpoint,cand_A,A,30.0,2006,100.0,138.0,38.0,38.0,FAIL,21.25,True
Hyderabad,2005-2014,ref_R3_midpoint,cand_A,A,30.0,2007,108.0,129.0,21.0,21.0,FAIL,21.25,False
Hyderabad,2005-2014,ref_R3_midpoint,cand_A,A,30.0,2008,92.0,132.0,40.0,40.0,FAIL,21.25,True
Hyderabad,2005-2014,ref_R3_midpoint,cand_A,A,30.0,2009,123.0,149.0,26.0,26.0,FAIL,21.25,True
Hyderabad,2005-2014,ref_R3_midpoint,cand_A,A,30.0,2010,132.0,156.0,24.0,24.0,FAIL,21.25,True
Hyderabad,2005-2014,ref_R3_midpoint,cand_A,A,30.0,2011,87.0,131.0,44.0,44.0,FAIL,21.25,True
Hyderabad,2005-2014,ref_R3_midpoint,cand_A,A,30.0,2012,109.0,124.0,15.0,15.0,FAIL,21.25,False
Hyderabad,2005-2014,ref_R3_midpoint,cand_A,A,30.0,2013,99.0,117.0,18.0,18.0,FAIL,21.25,False
Hyderabad,2005-2014,ref_R3_midpoint,cand_A,A,32.0,2006,29.0,43.0,14.0,14.0,FAIL,7.45,True
Hyderabad,2005-2014,ref_R3_midpoint,cand_A,A,32.0,2007,39.0,48.0,9.0,9.0,FAIL,7.45,True
Hyderabad,2005-2014,ref_R3_midpoint,cand_A,A,32.0,2008,28.0,30.0,2.0,2.0,FAIL,7.45,False
Hyderabad,2005-2014,ref_R3_midpoint,cand_A,A,32.0,2009,40.0,47.0,7.0,7.0,FAIL,7.45,False
Hyderabad,2005-2014,ref_R3_midpoint,cand_A,A,32.0,2010,57.0,70.0,13.0,13.0,FAIL,7.45,True
Hyderabad,2005-2014,ref_R3_midpoint,cand_A,A,32.0,2011,34.0,35.0,1.0,1.0,FAIL,7.45,False
Hyderabad,2005-2014,ref_R3_midpoint,cand_A,A,32.0,2012,33.0,48.0,15.0,15.0,FAIL,7.45,True
Hyderabad,2005-2014,ref_R3_midpoint,cand_A,A,32.0,2013,38.0,55.0,17.0,17.0,FAIL,7.45,True
Hyderabad,2005-2014,ref_R3_midpoint,cand_B,B,28.0,2006,221.0,235.0,14.0,14.0,PASS,43.2,False
Hyderabad,2005-2014,ref_R3_midpoint,cand_B,B,28.0,2007,218.0,220.0,2.0,2.0,PASS,43.2,False
Hyderabad,2005-2014,ref_R3_midpoint,cand_B,B,28.0,2008,193.0,228.0,35.0,35.0,PASS,43.2,False
Hyderabad,2005-2014,ref_R3_midpoint,cand_B,B,28.0,2009,227.0,250.0,23.0,23.0,PASS,43.2,False
Hyderabad,2005-2014,ref_R3_midpoint,cand_B,B,28.0,2010,226.0,238.0,12.0,12.0,PASS,43.2,False
Hyderabad,2005-2014,ref_R3_midpoint,cand_B,B,28.0,2011,221.0,246.0,25.0,25.0,PASS,43.2,False
Hyderabad,2005-2014,ref_R3_midpoint,cand_B,B,28.0,2012,215.0,228.0,13.0,13.0,PASS,43.2,False
Hyderabad,2005-2014,ref_R3_midpoint,cand_B,B,28.0,2013,207.0,217.0,10.0,10.0,PASS,43.2,False
Hyderabad,2005-2014,ref_R3_midpoint,cand_B,B,30.0,2006,100.0,120.0,20.0,20.0,PASS,21.25,False
Hyderabad,2005-2014,ref_R3_midpoint,cand_B,B,30.0,2007,108.0,119.0,11.0,11.0,PASS,21.25,False
Hyderabad,2005-2014,ref_R3_midpoint,cand_B,B,30.0,2008,92.0,116.0,24.0,24.0,PASS,21.25,True
Hyderabad,2005-2014,ref_R3_midpoint,cand_B,B,30.0,2009,123.0,137.0,14.0,14.0,PASS,21.25,False
Hyderabad,2005-2014,ref_R3_midpoint,cand_B,B,30.0,2010,132.0,146.0,14.0,14.0,PASS,21.25,False
Hyderabad,2005-2014,ref_R3_midpoint,cand_B,B,30.0,2011,87.0,114.0,27.0,27.0,PASS,21.25,True
Hyderabad,2005-2014,ref_R3_midpoint,cand_B,B,30.0,2012,109.0,114.0,5.0,5.0,PASS,21.25,False
Hyderabad,2005-2014,ref_R3_midpoint,cand_B,B,30.0,2013,99.0,100.0,1.0,1.0,PASS,21.25,False
Hyderabad,2005-2014,ref_R3_midpoint,cand_B,B,32.0,2006,29.0,33.0,4.0,4.0,PASS,7.45,False
Hyderabad,2005-2014,ref_R3_midpoint,cand_B,B,32.0,2007,39.0,35.0,-4.0,4.0,PASS,7.45,False
Hyderabad,2005-2014,ref_R3_midpoint,cand_B,B,32.0,2008,28.0,22.0,-6.0,6.0,PASS,7.45,False
Hyderabad,2005-2014,ref_R3_midpoint,cand_B,B,32.0,2009,40.0,33.0,-7.0,7.0,PASS,7.45,False
Hyderabad,2005-2014,ref_R3_midpoint,cand_B,B,32.0,2010,57.0,58.0,1.0,1.0,PASS,7.45,False
Hyderabad,2005-2014,ref_R3_midpoint,cand_B,B,32.0,2011,34.0,23.0,-11.0,11.0,PASS,7.45,True
Hyderabad,2005-2014,ref_R3_midpoint,cand_B,B,32.0,2012,33.0,34.0,1.0,1.0,PASS,7.45,False
Hyderabad,2005-2014,ref_R3_midpoint,cand_B,B,32.0,2013,38.0,45.0,7.0,7.0,PASS,7.45,False
Hyderabad,2005-2014,ref_R3_midpoint,cand_C,C,28.0,2006,221.0,254.0,33.0,33.0,PASS,43.2,False
Hyderabad,2005-2014,ref_R3_midpoint,cand_C,C,28.0,2007,218.0,237.0,19.0,19.0,PASS,43.2,False
Hyderabad,2005-2014,ref_R3_midpoint,cand_C,C,28.0,2008,193.0,244.0,51.0,51.0,PASS,43.2,True
Hyderabad,2005-2014,ref_R3_midpoint,cand_C,C,28.0,2009,227.0,263.0,36.0,36.0,PASS,43.2,False
Hyderabad,2005-2014,ref_R3_midpoint,cand_C,C,28.0,2010,226.0,250.0,24.0,24.0,PASS,43.2,False
Hyderabad,2005-2014,ref_R3_midpoint,cand_C,C,28.0,2011,221.0,265.0,44.0,44.0,PASS,43.2,True
Hyderabad,2005-2014,ref_R3_midpoint,cand_C,C,28.0,2012,215.0,251.0,36.0,36.0,PASS,43.2,False
Hyderabad,2005-2014,ref_R3_midpoint,cand_C,C,28.0,2013,207.0,234.0,27.0,27.0,PASS,43.2,False
Hyderabad,2005-2014,ref_R3_midpoint,cand_C,C,30.0,2006,100.0,138.0,38.0,38.0,FAIL,21.25,True
Hyderabad,2005-2014,ref_R3_midpoint,cand_C,C,30.0,2007,108.0,133.0,25.0,25.0,FAIL,21.25,True
Hyderabad,2005-2014,ref_R3_midpoint,cand_C,C,30.0,2008,92.0,133.0,41.0,41.0,FAIL,21.25,True
Hyderabad,2005-2014,ref_R3_midpoint,cand_C,C,30.0,2009,123.0,150.0,27.0,27.0,FAIL,21.25,True
Hyderabad,2005-2014,ref_R3_midpoint,cand_C,C,30.0,2010,132.0,166.0,34.0,34.0,FAIL,21.25,True
Hyderabad,2005-2014,ref_R3_midpoint,cand_C,C,30.0,2011,87.0,144.0,57.0,57.0,FAIL,21.25,True
Hyderabad,2005-2014,ref_R3_midpoint,cand_C,C,30.0,2012,109.0,132.0,23.0,23.0,FAIL,21.25,True
Hyderabad,2005-2014,ref_R3_midpoint,cand_C,C,30.0,2013,99.0,125.0,26.0,26.0,FAIL,21.25,True
Hyderabad,2005-2014,ref_R3_midpoint,cand_C,C,32.0,2006,29.0,44.0,15.0,15.0,FAIL,7.45,True
Hyderabad,2005-2014,ref_R3_midpoint,cand_C,C,32.0,2007,39.0,47.0,8.0,8.0,FAIL,7.45,True
Hyderabad,2005-2014,ref_R3_midpoint,cand_C,C,32.0,2008,28.0,40.0,12.0,12.0,FAIL,7.45,True
Hyderabad,2005-2014,ref_R3_midpoint,cand_C,C,32.0,2009,40.0,47.0,7.0,7.0,FAIL,7.45,False
Hyderabad,2005-2014,ref_R3_midpoint,cand_C,C,32.0,2010,57.0,74.0,17.0,17.0,FAIL,7.45,True
Hyderabad,2005-2014,ref_R3_midpoint,cand_C,C,32.0,2011,34.0,41.0,7.0,7.0,FAIL,7.45,False
Hyderabad,2005-2014,ref_R3_midpoint,cand_C,C,32.0,2012,33.0,49.0,16.0,16.0,FAIL,7.45,True
Hyderabad,2005-2014,ref_R3_midpoint,cand_C,C,32.0,2013,38.0,57.0,19.0,19.0,FAIL,7.45,True
Hyderabad,2005-2014,ref_R3_midpoint,cand_D,D,28.0,2006,221.0,239.0,18.0,18.0,PASS,43.2,False
Hyderabad,2005-2014,ref_R3_midpoint,cand_D,D,28.0,2007,218.0,225.0,7.0,7.0,PASS,43.2,False
Hyderabad,2005-2014,ref_R3_midpoint,cand_D,D,28.0,2008,193.0,228.0,35.0,35.0,PASS,43.2,False
Hyderabad,2005-2014,ref_R3_midpoint,cand_D,D,28.0,2009,227.0,248.0,21.0,21.0,PASS,43.2,False
Hyderabad,2005-2014,ref_R3_midpoint,cand_D,D,28.0,2010,226.0,241.0,15.0,15.0,PASS,43.2,False
Hyderabad,2005-2014,ref_R3_midpoint,cand_D,D,28.0,2011,221.0,252.0,31.0,31.0,PASS,43.2,False
Hyderabad,2005-2014,ref_R3_midpoint,cand_D,D,28.0,2012,215.0,234.0,19.0,19.0,PASS,43.2,False
Hyderabad,2005-2014,ref_R3_midpoint,cand_D,D,28.0,2013,207.0,223.0,16.0,16.0,PASS,43.2,False
Hyderabad,2005-2014,ref_R3_midpoint,cand_D,D,30.0,2006,100.0,123.0,23.0,23.0,PASS,21.25,True
Hyderabad,2005-2014,ref_R3_midpoint,cand_D,D,30.0,2007,108.0,123.0,15.0,15.0,PASS,21.25,False
Hyderabad,2005-2014,ref_R3_midpoint,cand_D,D,30.0,2008,92.0,116.0,24.0,24.0,PASS,21.25,True
Hyderabad,2005-2014,ref_R3_midpoint,cand_D,D,30.0,2009,123.0,137.0,14.0,14.0,PASS,21.25,False
Hyderabad,2005-2014,ref_R3_midpoint,cand_D,D,30.0,2010,132.0,150.0,18.0,18.0,PASS,21.25,False
Hyderabad,2005-2014,ref_R3_midpoint,cand_D,D,30.0,2011,87.0,127.0,40.0,40.0,PASS,21.25,True
Hyderabad,2005-2014,ref_R3_midpoint,cand_D,D,30.0,2012,109.0,120.0,11.0,11.0,PASS,21.25,False
Hyderabad,2005-2014,ref_R3_midpoint,cand_D,D,30.0,2013,99.0,109.0,10.0,10.0,PASS,21.25,False
Hyderabad,2005-2014,ref_R3_midpoint,cand_D,D,32.0,2006,29.0,34.0,5.0,5.0,PASS,7.45,False
Hyderabad,2005-2014,ref_R3_midpoint,cand_D,D,32.0,2007,39.0,35.0,-4.0,4.0,PASS,7.45,False
Hyderabad,2005-2014,ref_R3_midpoint,cand_D,D,32.0,2008,28.0,23.0,-5.0,5.0,PASS,7.45,False
Hyderabad,2005-2014,ref_R3_midpoint,cand_D,D,32.0,2009,40.0,33.0,-7.0,7.0,PASS,7.45,False
Hyderabad,2005-2014,ref_R3_midpoint,cand_D,D,32.0,2010,57.0,63.0,6.0,6.0,PASS,7.45,False
Hyderabad,2005-2014,ref_R3_midpoint,cand_D,D,32.0,2011,34.0,31.0,-3.0,3.0,PASS,7.45,False
Hyderabad,2005-2014,ref_R3_midpoint,cand_D,D,32.0,2012,33.0,36.0,3.0,3.0,PASS,7.45,False
Hyderabad,2005-2014,ref_R3_midpoint,cand_D,D,32.0,2013,38.0,45.0,7.0,7.0,PASS,7.45,False
Kochi,2005-2014,ref_audited,cand_A,A,28.0,2006,360.0,354.0,-6.0,6.0,PASS,71.7,False
Kochi,2005-2014,ref_audited,cand_A,A,28.0,2007,360.0,348.0,-12.0,12.0,PASS,71.7,False
Kochi,2005-2014,ref_audited,cand_A,A,28.0,2008,363.0,358.0,-5.0,5.0,PASS,71.7,False
Kochi,2005-2014,ref_audited,cand_A,A,28.0,2009,358.0,353.0,-5.0,5.0,PASS,71.7,False
Kochi,2005-2014,ref_audited,cand_A,A,28.0,2010,353.0,339.0,-14.0,14.0,PASS,71.7,False
Kochi,2005-2014,ref_audited,cand_A,A,28.0,2011,359.0,349.0,-10.0,10.0,PASS,71.7,False
Kochi,2005-2014,ref_audited,cand_A,A,28.0,2012,362.0,354.0,-8.0,8.0,PASS,71.7,False
Kochi,2005-2014,ref_audited,cand_A,A,28.0,2013,353.0,345.0,-8.0,8.0,PASS,71.7,False
Kochi,2005-2014,ref_audited,cand_A,A,30.0,2006,331.0,330.0,-1.0,1.0,PASS,65.0,False
Kochi,2005-2014,ref_audited,cand_A,A,30.0,2007,326.0,311.0,-15.0,15.0,PASS,65.0,False
Kochi,2005-2014,ref_audited,cand_A,A,30.0,2008,327.0,326.0,-1.0,1.0,PASS,65.0,False
Kochi,2005-2014,ref_audited,cand_A,A,30.0,2009,331.0,318.0,-13.0,13.0,PASS,65.0,False
Kochi,2005-2014,ref_audited,cand_A,A,30.0,2010,314.0,300.0,-14.0,14.0,PASS,65.0,False
Kochi,2005-2014,ref_audited,cand_A,A,30.0,2011,324.0,314.0,-10.0,10.0,PASS,65.0,False
Kochi,2005-2014,ref_audited,cand_A,A,30.0,2012,339.0,331.0,-8.0,8.0,PASS,65.0,False
Kochi,2005-2014,ref_audited,cand_A,A,30.0,2013,308.0,308.0,0.0,0.0,PASS,65.0,False
Kochi,2005-2014,ref_audited,cand_A,A,32.0,2006,223.0,252.0,29.0,29.0,PASS,41.25,False
Kochi,2005-2014,ref_audited,cand_A,A,32.0,2007,198.0,239.0,41.0,41.0,PASS,41.25,False
Kochi,2005-2014,ref_audited,cand_A,A,32.0,2008,217.0,247.0,30.0,30.0,PASS,41.25,False
Kochi,2005-2014,ref_audited,cand_A,A,32.0,2009,212.0,254.0,42.0,42.0,PASS,41.25,True
Kochi,2005-2014,ref_audited,cand_A,A,32.0,2010,205.0,217.0,12.0,12.0,PASS,41.25,False
Kochi,2005-2014,ref_audited,cand_A,A,32.0,2011,187.0,241.0,54.0,54.0,PASS,41.25,True
Kochi,2005-2014,ref_audited,cand_A,A,32.0,2012,206.0,265.0,59.0,59.0,PASS,41.25,True
Kochi,2005-2014,ref_audited,cand_A,A,32.0,2013,202.0,241.0,39.0,39.0,PASS,41.25,False
Kochi,2005-2014,ref_audited,cand_B,B,28.0,2006,360.0,352.0,-8.0,8.0,PASS,71.7,False
Kochi,2005-2014,ref_audited,cand_B,B,28.0,2007,360.0,347.0,-13.0,13.0,PASS,71.7,False
Kochi,2005-2014,ref_audited,cand_B,B,28.0,2008,363.0,356.0,-7.0,7.0,PASS,71.7,False
Kochi,2005-2014,ref_audited,cand_B,B,28.0,2009,358.0,353.0,-5.0,5.0,PASS,71.7,False
Kochi,2005-2014,ref_audited,cand_B,B,28.0,2010,353.0,339.0,-14.0,14.0,PASS,71.7,False
Kochi,2005-2014,ref_audited,cand_B,B,28.0,2011,359.0,349.0,-10.0,10.0,PASS,71.7,False
Kochi,2005-2014,ref_audited,cand_B,B,28.0,2012,362.0,354.0,-8.0,8.0,PASS,71.7,False
Kochi,2005-2014,ref_audited,cand_B,B,28.0,2013,353.0,343.0,-10.0,10.0,PASS,71.7,False
Kochi,2005-2014,ref_audited,cand_B,B,30.0,2006,331.0,326.0,-5.0,5.0,PASS,65.0,False
Kochi,2005-2014,ref_audited,cand_B,B,30.0,2007,326.0,306.0,-20.0,20.0,PASS,65.0,False
Kochi,2005-2014,ref_audited,cand_B,B,30.0,2008,327.0,323.0,-4.0,4.0,PASS,65.0,False
Kochi,2005-2014,ref_audited,cand_B,B,30.0,2009,331.0,315.0,-16.0,16.0,PASS,65.0,False
Kochi,2005-2014,ref_audited,cand_B,B,30.0,2010,314.0,296.0,-18.0,18.0,PASS,65.0,False
Kochi,2005-2014,ref_audited,cand_B,B,30.0,2011,324.0,313.0,-11.0,11.0,PASS,65.0,False
Kochi,2005-2014,ref_audited,cand_B,B,30.0,2012,339.0,326.0,-13.0,13.0,PASS,65.0,False
Kochi,2005-2014,ref_audited,cand_B,B,30.0,2013,308.0,306.0,-2.0,2.0,PASS,65.0,False
Kochi,2005-2014,ref_audited,cand_B,B,32.0,2006,223.0,223.0,0.0,0.0,PASS,41.25,False
Kochi,2005-2014,ref_audited,cand_B,B,32.0,2007,198.0,213.0,15.0,15.0,PASS,41.25,False
Kochi,2005-2014,ref_audited,cand_B,B,32.0,2008,217.0,217.0,0.0,0.0,PASS,41.25,False
Kochi,2005-2014,ref_audited,cand_B,B,32.0,2009,212.0,234.0,22.0,22.0,PASS,41.25,False
Kochi,2005-2014,ref_audited,cand_B,B,32.0,2010,205.0,204.0,-1.0,1.0,PASS,41.25,False
Kochi,2005-2014,ref_audited,cand_B,B,32.0,2011,187.0,218.0,31.0,31.0,PASS,41.25,False
Kochi,2005-2014,ref_audited,cand_B,B,32.0,2012,206.0,242.0,36.0,36.0,PASS,41.25,False
Kochi,2005-2014,ref_audited,cand_B,B,32.0,2013,202.0,224.0,22.0,22.0,PASS,41.25,False
Kochi,2005-2014,ref_audited,cand_C,C,28.0,2006,360.0,356.0,-4.0,4.0,PASS,71.7,False
Kochi,2005-2014,ref_audited,cand_C,C,28.0,2007,360.0,355.0,-5.0,5.0,PASS,71.7,False
Kochi,2005-2014,ref_audited,cand_C,C,28.0,2008,363.0,360.0,-3.0,3.0,PASS,71.7,False
Kochi,2005-2014,ref_audited,cand_C,C,28.0,2009,358.0,355.0,-3.0,3.0,PASS,71.7,False
Kochi,2005-2014,ref_audited,cand_C,C,28.0,2010,353.0,345.0,-8.0,8.0,PASS,71.7,False
Kochi,2005-2014,ref_audited,cand_C,C,28.0,2011,359.0,352.0,-7.0,7.0,PASS,71.7,False
Kochi,2005-2014,ref_audited,cand_C,C,28.0,2012,362.0,356.0,-6.0,6.0,PASS,71.7,False
Kochi,2005-2014,ref_audited,cand_C,C,28.0,2013,353.0,346.0,-7.0,7.0,PASS,71.7,False
Kochi,2005-2014,ref_audited,cand_C,C,30.0,2006,331.0,339.0,8.0,8.0,PASS,65.0,False
Kochi,2005-2014,ref_audited,cand_C,C,30.0,2007,326.0,323.0,-3.0,3.0,PASS,65.0,False
Kochi,2005-2014,ref_audited,cand_C,C,30.0,2008,327.0,335.0,8.0,8.0,PASS,65.0,False
Kochi,2005-2014,ref_audited,cand_C,C,30.0,2009,331.0,325.0,-6.0,6.0,PASS,65.0,False
Kochi,2005-2014,ref_audited,cand_C,C,30.0,2010,314.0,308.0,-6.0,6.0,PASS,65.0,False
Kochi,2005-2014,ref_audited,cand_C,C,30.0,2011,324.0,318.0,-6.0,6.0,PASS,65.0,False
Kochi,2005-2014,ref_audited,cand_C,C,30.0,2012,339.0,337.0,-2.0,2.0,PASS,65.0,False
Kochi,2005-2014,ref_audited,cand_C,C,30.0,2013,308.0,313.0,5.0,5.0,PASS,65.0,False
Kochi,2005-2014,ref_audited,cand_C,C,32.0,2006,223.0,262.0,39.0,39.0,FAIL,41.25,False
Kochi,2005-2014,ref_audited,cand_C,C,32.0,2007,198.0,252.0,54.0,54.0,FAIL,41.25,True
Kochi,2005-2014,ref_audited,cand_C,C,32.0,2008,217.0,263.0,46.0,46.0,FAIL,41.25,True
Kochi,2005-2014,ref_audited,cand_C,C,32.0,2009,212.0,262.0,50.0,50.0,FAIL,41.25,True
Kochi,2005-2014,ref_audited,cand_C,C,32.0,2010,205.0,231.0,26.0,26.0,FAIL,41.25,False
Kochi,2005-2014,ref_audited,cand_C,C,32.0,2011,187.0,257.0,70.0,70.0,FAIL,41.25,True
Kochi,2005-2014,ref_audited,cand_C,C,32.0,2012,206.0,279.0,73.0,73.0,FAIL,41.25,True
Kochi,2005-2014,ref_audited,cand_C,C,32.0,2013,202.0,252.0,50.0,50.0,FAIL,41.25,True
Kochi,2005-2014,ref_audited,cand_D,D,28.0,2006,360.0,354.0,-6.0,6.0,PASS,71.7,False
Kochi,2005-2014,ref_audited,cand_D,D,28.0,2007,360.0,353.0,-7.0,7.0,PASS,71.7,False
Kochi,2005-2014,ref_audited,cand_D,D,28.0,2008,363.0,359.0,-4.0,4.0,PASS,71.7,False
Kochi,2005-2014,ref_audited,cand_D,D,28.0,2009,358.0,355.0,-3.0,3.0,PASS,71.7,False
Kochi,2005-2014,ref_audited,cand_D,D,28.0,2010,353.0,343.0,-10.0,10.0,PASS,71.7,False
Kochi,2005-2014,ref_audited,cand_D,D,28.0,2011,359.0,352.0,-7.0,7.0,PASS,71.7,False
Kochi,2005-2014,ref_audited,cand_D,D,28.0,2012,362.0,356.0,-6.0,6.0,PASS,71.7,False
Kochi,2005-2014,ref_audited,cand_D,D,28.0,2013,353.0,346.0,-7.0,7.0,PASS,71.7,False
Kochi,2005-2014,ref_audited,cand_D,D,30.0,2006,331.0,337.0,6.0,6.0,PASS,65.0,False
Kochi,2005-2014,ref_audited,cand_D,D,30.0,2007,326.0,317.0,-9.0,9.0,PASS,65.0,False
Kochi,2005-2014,ref_audited,cand_D,D,30.0,2008,327.0,330.0,3.0,3.0,PASS,65.0,False
Kochi,2005-2014,ref_audited,cand_D,D,30.0,2009,331.0,323.0,-8.0,8.0,PASS,65.0,False
Kochi,2005-2014,ref_audited,cand_D,D,30.0,2010,314.0,305.0,-9.0,9.0,PASS,65.0,False
Kochi,2005-2014,ref_audited,cand_D,D,30.0,2011,324.0,316.0,-8.0,8.0,PASS,65.0,False
Kochi,2005-2014,ref_audited,cand_D,D,30.0,2012,339.0,336.0,-3.0,3.0,PASS,65.0,False
Kochi,2005-2014,ref_audited,cand_D,D,30.0,2013,308.0,312.0,4.0,4.0,PASS,65.0,False
Kochi,2005-2014,ref_audited,cand_D,D,32.0,2006,223.0,238.0,15.0,15.0,PASS,41.25,False
Kochi,2005-2014,ref_audited,cand_D,D,32.0,2007,198.0,224.0,26.0,26.0,PASS,41.25,False
Kochi,2005-2014,ref_audited,cand_D,D,32.0,2008,217.0,233.0,16.0,16.0,PASS,41.25,False
Kochi,2005-2014,ref_audited,cand_D,D,32.0,2009,212.0,242.0,30.0,30.0,PASS,41.25,False
Kochi,2005-2014,ref_audited,cand_D,D,32.0,2010,205.0,218.0,13.0,13.0,PASS,41.25,False
Kochi,2005-2014,ref_audited,cand_D,D,32.0,2011,187.0,232.0,45.0,45.0,PASS,41.25,True
Kochi,2005-2014,ref_audited,cand_D,D,32.0,2012,206.0,260.0,54.0,54.0,PASS,41.25,True
Kochi,2005-2014,ref_audited,cand_D,D,32.0,2013,202.0,237.0,35.0,35.0,PASS,41.25,False
Kochi,2005-2014,ref_R3_midpoint,cand_A,A,28.0,2006,357.0,354.0,-3.0,3.0,PASS,71.325,False
Kochi,2005-2014,ref_R3_midpoint,cand_A,A,28.0,2007,359.0,348.0,-11.0,11.0,PASS,71.325,False
Kochi,2005-2014,ref_R3_midpoint,cand_A,A,28.0,2008,361.0,358.0,-3.0,3.0,PASS,71.325,False
Kochi,2005-2014,ref_R3_midpoint,cand_A,A,28.0,2009,358.0,353.0,-5.0,5.0,PASS,71.325,False
Kochi,2005-2014,ref_R3_midpoint,cand_A,A,28.0,2010,348.0,339.0,-9.0,9.0,PASS,71.325,False
Kochi,2005-2014,ref_R3_midpoint,cand_A,A,28.0,2011,358.0,349.0,-9.0,9.0,PASS,71.325,False
Kochi,2005-2014,ref_R3_midpoint,cand_A,A,28.0,2012,361.0,354.0,-7.0,7.0,PASS,71.325,False
Kochi,2005-2014,ref_R3_midpoint,cand_A,A,28.0,2013,351.0,345.0,-6.0,6.0,PASS,71.325,False
Kochi,2005-2014,ref_R3_midpoint,cand_A,A,30.0,2006,328.0,330.0,2.0,2.0,PASS,64.3,False
Kochi,2005-2014,ref_R3_midpoint,cand_A,A,30.0,2007,320.0,311.0,-9.0,9.0,PASS,64.3,False
Kochi,2005-2014,ref_R3_midpoint,cand_A,A,30.0,2008,324.0,326.0,2.0,2.0,PASS,64.3,False
Kochi,2005-2014,ref_R3_midpoint,cand_A,A,30.0,2009,327.0,318.0,-9.0,9.0,PASS,64.3,False
Kochi,2005-2014,ref_R3_midpoint,cand_A,A,30.0,2010,313.0,300.0,-13.0,13.0,PASS,64.3,False
Kochi,2005-2014,ref_R3_midpoint,cand_A,A,30.0,2011,322.0,314.0,-8.0,8.0,PASS,64.3,False
Kochi,2005-2014,ref_R3_midpoint,cand_A,A,30.0,2012,334.0,331.0,-3.0,3.0,PASS,64.3,False
Kochi,2005-2014,ref_R3_midpoint,cand_A,A,30.0,2013,304.0,308.0,4.0,4.0,PASS,64.3,False
Kochi,2005-2014,ref_R3_midpoint,cand_A,A,32.0,2006,219.0,252.0,33.0,33.0,PASS,40.75,False
Kochi,2005-2014,ref_R3_midpoint,cand_A,A,32.0,2007,200.0,239.0,39.0,39.0,PASS,40.75,False
Kochi,2005-2014,ref_R3_midpoint,cand_A,A,32.0,2008,212.0,247.0,35.0,35.0,PASS,40.75,False
Kochi,2005-2014,ref_R3_midpoint,cand_A,A,32.0,2009,211.0,254.0,43.0,43.0,PASS,40.75,True
Kochi,2005-2014,ref_R3_midpoint,cand_A,A,32.0,2010,203.0,217.0,14.0,14.0,PASS,40.75,False
Kochi,2005-2014,ref_R3_midpoint,cand_A,A,32.0,2011,181.0,241.0,60.0,60.0,PASS,40.75,True
Kochi,2005-2014,ref_R3_midpoint,cand_A,A,32.0,2012,201.0,265.0,64.0,64.0,PASS,40.75,True
Kochi,2005-2014,ref_R3_midpoint,cand_A,A,32.0,2013,203.0,241.0,38.0,38.0,PASS,40.75,False
Kochi,2005-2014,ref_R3_midpoint,cand_B,B,28.0,2006,357.0,352.0,-5.0,5.0,PASS,71.325,False
Kochi,2005-2014,ref_R3_midpoint,cand_B,B,28.0,2007,359.0,347.0,-12.0,12.0,PASS,71.325,False
Kochi,2005-2014,ref_R3_midpoint,cand_B,B,28.0,2008,361.0,356.0,-5.0,5.0,PASS,71.325,False
Kochi,2005-2014,ref_R3_midpoint,cand_B,B,28.0,2009,358.0,353.0,-5.0,5.0,PASS,71.325,False
Kochi,2005-2014,ref_R3_midpoint,cand_B,B,28.0,2010,348.0,339.0,-9.0,9.0,PASS,71.325,False
Kochi,2005-2014,ref_R3_midpoint,cand_B,B,28.0,2011,358.0,349.0,-9.0,9.0,PASS,71.325,False
Kochi,2005-2014,ref_R3_midpoint,cand_B,B,28.0,2012,361.0,354.0,-7.0,7.0,PASS,71.325,False
Kochi,2005-2014,ref_R3_midpoint,cand_B,B,28.0,2013,351.0,343.0,-8.0,8.0,PASS,71.325,False
Kochi,2005-2014,ref_R3_midpoint,cand_B,B,30.0,2006,328.0,326.0,-2.0,2.0,PASS,64.3,False
Kochi,2005-2014,ref_R3_midpoint,cand_B,B,30.0,2007,320.0,306.0,-14.0,14.0,PASS,64.3,False
Kochi,2005-2014,ref_R3_midpoint,cand_B,B,30.0,2008,324.0,323.0,-1.0,1.0,PASS,64.3,False
Kochi,2005-2014,ref_R3_midpoint,cand_B,B,30.0,2009,327.0,315.0,-12.0,12.0,PASS,64.3,False
Kochi,2005-2014,ref_R3_midpoint,cand_B,B,30.0,2010,313.0,296.0,-17.0,17.0,PASS,64.3,False
Kochi,2005-2014,ref_R3_midpoint,cand_B,B,30.0,2011,322.0,313.0,-9.0,9.0,PASS,64.3,False
Kochi,2005-2014,ref_R3_midpoint,cand_B,B,30.0,2012,334.0,326.0,-8.0,8.0,PASS,64.3,False
Kochi,2005-2014,ref_R3_midpoint,cand_B,B,30.0,2013,304.0,306.0,2.0,2.0,PASS,64.3,False
Kochi,2005-2014,ref_R3_midpoint,cand_B,B,32.0,2006,219.0,223.0,4.0,4.0,PASS,40.75,False
Kochi,2005-2014,ref_R3_midpoint,cand_B,B,32.0,2007,200.0,213.0,13.0,13.0,PASS,40.75,False
Kochi,2005-2014,ref_R3_midpoint,cand_B,B,32.0,2008,212.0,217.0,5.0,5.0,PASS,40.75,False
Kochi,2005-2014,ref_R3_midpoint,cand_B,B,32.0,2009,211.0,234.0,23.0,23.0,PASS,40.75,False
Kochi,2005-2014,ref_R3_midpoint,cand_B,B,32.0,2010,203.0,204.0,1.0,1.0,PASS,40.75,False
Kochi,2005-2014,ref_R3_midpoint,cand_B,B,32.0,2011,181.0,218.0,37.0,37.0,PASS,40.75,False
Kochi,2005-2014,ref_R3_midpoint,cand_B,B,32.0,2012,201.0,242.0,41.0,41.0,PASS,40.75,True
Kochi,2005-2014,ref_R3_midpoint,cand_B,B,32.0,2013,203.0,224.0,21.0,21.0,PASS,40.75,False
Kochi,2005-2014,ref_R3_midpoint,cand_C,C,28.0,2006,357.0,356.0,-1.0,1.0,PASS,71.325,False
Kochi,2005-2014,ref_R3_midpoint,cand_C,C,28.0,2007,359.0,355.0,-4.0,4.0,PASS,71.325,False
Kochi,2005-2014,ref_R3_midpoint,cand_C,C,28.0,2008,361.0,360.0,-1.0,1.0,PASS,71.325,False
Kochi,2005-2014,ref_R3_midpoint,cand_C,C,28.0,2009,358.0,355.0,-3.0,3.0,PASS,71.325,False
Kochi,2005-2014,ref_R3_midpoint,cand_C,C,28.0,2010,348.0,345.0,-3.0,3.0,PASS,71.325,False
Kochi,2005-2014,ref_R3_midpoint,cand_C,C,28.0,2011,358.0,352.0,-6.0,6.0,PASS,71.325,False
Kochi,2005-2014,ref_R3_midpoint,cand_C,C,28.0,2012,361.0,356.0,-5.0,5.0,PASS,71.325,False
Kochi,2005-2014,ref_R3_midpoint,cand_C,C,28.0,2013,351.0,346.0,-5.0,5.0,PASS,71.325,False
Kochi,2005-2014,ref_R3_midpoint,cand_C,C,30.0,2006,328.0,339.0,11.0,11.0,PASS,64.3,False
Kochi,2005-2014,ref_R3_midpoint,cand_C,C,30.0,2007,320.0,323.0,3.0,3.0,PASS,64.3,False
Kochi,2005-2014,ref_R3_midpoint,cand_C,C,30.0,2008,324.0,335.0,11.0,11.0,PASS,64.3,False
Kochi,2005-2014,ref_R3_midpoint,cand_C,C,30.0,2009,327.0,325.0,-2.0,2.0,PASS,64.3,False
Kochi,2005-2014,ref_R3_midpoint,cand_C,C,30.0,2010,313.0,308.0,-5.0,5.0,PASS,64.3,False
Kochi,2005-2014,ref_R3_midpoint,cand_C,C,30.0,2011,322.0,318.0,-4.0,4.0,PASS,64.3,False
Kochi,2005-2014,ref_R3_midpoint,cand_C,C,30.0,2012,334.0,337.0,3.0,3.0,PASS,64.3,False
Kochi,2005-2014,ref_R3_midpoint,cand_C,C,30.0,2013,304.0,313.0,9.0,9.0,PASS,64.3,False
Kochi,2005-2014,ref_R3_midpoint,cand_C,C,32.0,2006,219.0,262.0,43.0,43.0,FAIL,40.75,True
Kochi,2005-2014,ref_R3_midpoint,cand_C,C,32.0,2007,200.0,252.0,52.0,52.0,FAIL,40.75,True
Kochi,2005-2014,ref_R3_midpoint,cand_C,C,32.0,2008,212.0,263.0,51.0,51.0,FAIL,40.75,True
Kochi,2005-2014,ref_R3_midpoint,cand_C,C,32.0,2009,211.0,262.0,51.0,51.0,FAIL,40.75,True
Kochi,2005-2014,ref_R3_midpoint,cand_C,C,32.0,2010,203.0,231.0,28.0,28.0,FAIL,40.75,False
Kochi,2005-2014,ref_R3_midpoint,cand_C,C,32.0,2011,181.0,257.0,76.0,76.0,FAIL,40.75,True
Kochi,2005-2014,ref_R3_midpoint,cand_C,C,32.0,2012,201.0,279.0,78.0,78.0,FAIL,40.75,True
Kochi,2005-2014,ref_R3_midpoint,cand_C,C,32.0,2013,203.0,252.0,49.0,49.0,FAIL,40.75,True
Kochi,2005-2014,ref_R3_midpoint,cand_D,D,28.0,2006,357.0,354.0,-3.0,3.0,PASS,71.325,False
Kochi,2005-2014,ref_R3_midpoint,cand_D,D,28.0,2007,359.0,353.0,-6.0,6.0,PASS,71.325,False
Kochi,2005-2014,ref_R3_midpoint,cand_D,D,28.0,2008,361.0,359.0,-2.0,2.0,PASS,71.325,False
Kochi,2005-2014,ref_R3_midpoint,cand_D,D,28.0,2009,358.0,355.0,-3.0,3.0,PASS,71.325,False
Kochi,2005-2014,ref_R3_midpoint,cand_D,D,28.0,2010,348.0,343.0,-5.0,5.0,PASS,71.325,False
Kochi,2005-2014,ref_R3_midpoint,cand_D,D,28.0,2011,358.0,352.0,-6.0,6.0,PASS,71.325,False
Kochi,2005-2014,ref_R3_midpoint,cand_D,D,28.0,2012,361.0,356.0,-5.0,5.0,PASS,71.325,False
Kochi,2005-2014,ref_R3_midpoint,cand_D,D,28.0,2013,351.0,346.0,-5.0,5.0,PASS,71.325,False
Kochi,2005-2014,ref_R3_midpoint,cand_D,D,30.0,2006,328.0,337.0,9.0,9.0,PASS,64.3,False
Kochi,2005-2014,ref_R3_midpoint,cand_D,D,30.0,2007,320.0,317.0,-3.0,3.0,PASS,64.3,False
Kochi,2005-2014,ref_R3_midpoint,cand_D,D,30.0,2008,324.0,330.0,6.0,6.0,PASS,64.3,False
Kochi,2005-2014,ref_R3_midpoint,cand_D,D,30.0,2009,327.0,323.0,-4.0,4.0,PASS,64.3,False
Kochi,2005-2014,ref_R3_midpoint,cand_D,D,30.0,2010,313.0,305.0,-8.0,8.0,PASS,64.3,False
Kochi,2005-2014,ref_R3_midpoint,cand_D,D,30.0,2011,322.0,316.0,-6.0,6.0,PASS,64.3,False
Kochi,2005-2014,ref_R3_midpoint,cand_D,D,30.0,2012,334.0,336.0,2.0,2.0,PASS,64.3,False
Kochi,2005-2014,ref_R3_midpoint,cand_D,D,30.0,2013,304.0,312.0,8.0,8.0,PASS,64.3,False
Kochi,2005-2014,ref_R3_midpoint,cand_D,D,32.0,2006,219.0,238.0,19.0,19.0,PASS,40.75,False
Kochi,2005-2014,ref_R3_midpoint,cand_D,D,32.0,2007,200.0,224.0,24.0,24.0,PASS,40.75,False
Kochi,2005-2014,ref_R3_midpoint,cand_D,D,32.0,2008,212.0,233.0,21.0,21.0,PASS,40.75,False
Kochi,2005-2014,ref_R3_midpoint,cand_D,D,32.0,2009,211.0,242.0,31.0,31.0,PASS,40.75,False
Kochi,2005-2014,ref_R3_midpoint,cand_D,D,32.0,2010,203.0,218.0,15.0,15.0,PASS,40.75,False
Kochi,2005-2014,ref_R3_midpoint,cand_D,D,32.0,2011,181.0,232.0,51.0,51.0,PASS,40.75,True
Kochi,2005-2014,ref_R3_midpoint,cand_D,D,32.0,2012,201.0,260.0,59.0,59.0,PASS,40.75,True
Kochi,2005-2014,ref_R3_midpoint,cand_D,D,32.0,2013,203.0,237.0,34.0,34.0,PASS,40.75,False
Kolkata,2005-2014,ref_audited,cand_A,A,28.0,2006,281.0,294.0,13.0,13.0,PASS,52.95,False
Kolkata,2005-2014,ref_audited,cand_A,A,28.0,2007,256.0,257.0,1.0,1.0,PASS,52.95,False
Kolkata,2005-2014,ref_audited,cand_A,A,28.0,2008,261.0,272.0,11.0,11.0,PASS,52.95,False
Kolkata,2005-2014,ref_audited,cand_A,A,28.0,2009,275.0,284.0,9.0,9.0,PASS,52.95,False
Kolkata,2005-2014,ref_audited,cand_A,A,28.0,2010,281.0,284.0,3.0,3.0,PASS,52.95,False
Kolkata,2005-2014,ref_audited,cand_A,A,28.0,2011,263.0,275.0,12.0,12.0,PASS,52.95,False
Kolkata,2005-2014,ref_audited,cand_A,A,28.0,2012,253.0,263.0,10.0,10.0,PASS,52.95,False
Kolkata,2005-2014,ref_audited,cand_A,A,28.0,2013,248.0,263.0,15.0,15.0,PASS,52.95,False
Kolkata,2005-2014,ref_audited,cand_A,A,30.0,2006,221.0,240.0,19.0,19.0,PASS,44.300000000000004,False
Kolkata,2005-2014,ref_audited,cand_A,A,30.0,2007,217.0,222.0,5.0,5.0,PASS,44.300000000000004,False
Kolkata,2005-2014,ref_audited,cand_A,A,30.0,2008,228.0,232.0,4.0,4.0,PASS,44.300000000000004,False
Kolkata,2005-2014,ref_audited,cand_A,A,30.0,2009,225.0,241.0,16.0,16.0,PASS,44.300000000000004,False
Kolkata,2005-2014,ref_audited,cand_A,A,30.0,2010,248.0,256.0,8.0,8.0,PASS,44.300000000000004,False
Kolkata,2005-2014,ref_audited,cand_A,A,30.0,2011,206.0,218.0,12.0,12.0,PASS,44.300000000000004,False
Kolkata,2005-2014,ref_audited,cand_A,A,30.0,2012,218.0,234.0,16.0,16.0,PASS,44.300000000000004,False
Kolkata,2005-2014,ref_audited,cand_A,A,30.0,2013,209.0,211.0,2.0,2.0,PASS,44.300000000000004,False
Kolkata,2005-2014,ref_audited,cand_A,A,32.0,2006,143.0,151.0,8.0,8.0,PASS,27.625,False
Kolkata,2005-2014,ref_audited,cand_A,A,32.0,2007,132.0,140.0,8.0,8.0,PASS,27.625,False
Kolkata,2005-2014,ref_audited,cand_A,A,32.0,2008,117.0,131.0,14.0,14.0,PASS,27.625,False
Kolkata,2005-2014,ref_audited,cand_A,A,32.0,2009,139.0,171.0,32.0,32.0,PASS,27.625,True
Kolkata,2005-2014,ref_audited,cand_A,A,32.0,2010,162.0,180.0,18.0,18.0,PASS,27.625,False
Kolkata,2005-2014,ref_audited,cand_A,A,32.0,2011,118.0,129.0,11.0,11.0,PASS,27.625,False
Kolkata,2005-2014,ref_audited,cand_A,A,32.0,2012,149.0,161.0,12.0,12.0,PASS,27.625,False
Kolkata,2005-2014,ref_audited,cand_A,A,32.0,2013,145.0,152.0,7.0,7.0,PASS,27.625,False
Kolkata,2005-2014,ref_audited,cand_B,B,28.0,2006,281.0,288.0,7.0,7.0,PASS,52.95,False
Kolkata,2005-2014,ref_audited,cand_B,B,28.0,2007,256.0,252.0,-4.0,4.0,PASS,52.95,False
Kolkata,2005-2014,ref_audited,cand_B,B,28.0,2008,261.0,264.0,3.0,3.0,PASS,52.95,False
Kolkata,2005-2014,ref_audited,cand_B,B,28.0,2009,275.0,278.0,3.0,3.0,PASS,52.95,False
Kolkata,2005-2014,ref_audited,cand_B,B,28.0,2010,281.0,283.0,2.0,2.0,PASS,52.95,False
Kolkata,2005-2014,ref_audited,cand_B,B,28.0,2011,263.0,266.0,3.0,3.0,PASS,52.95,False
Kolkata,2005-2014,ref_audited,cand_B,B,28.0,2012,253.0,256.0,3.0,3.0,PASS,52.95,False
Kolkata,2005-2014,ref_audited,cand_B,B,28.0,2013,248.0,252.0,4.0,4.0,PASS,52.95,False
Kolkata,2005-2014,ref_audited,cand_B,B,30.0,2006,221.0,233.0,12.0,12.0,PASS,44.300000000000004,False
Kolkata,2005-2014,ref_audited,cand_B,B,30.0,2007,217.0,217.0,0.0,0.0,PASS,44.300000000000004,False
Kolkata,2005-2014,ref_audited,cand_B,B,30.0,2008,228.0,224.0,-4.0,4.0,PASS,44.300000000000004,False
Kolkata,2005-2014,ref_audited,cand_B,B,30.0,2009,225.0,236.0,11.0,11.0,PASS,44.300000000000004,False
Kolkata,2005-2014,ref_audited,cand_B,B,30.0,2010,248.0,253.0,5.0,5.0,PASS,44.300000000000004,False
Kolkata,2005-2014,ref_audited,cand_B,B,30.0,2011,206.0,211.0,5.0,5.0,PASS,44.300000000000004,False
Kolkata,2005-2014,ref_audited,cand_B,B,30.0,2012,218.0,226.0,8.0,8.0,PASS,44.300000000000004,False
Kolkata,2005-2014,ref_audited,cand_B,B,30.0,2013,209.0,210.0,1.0,1.0,PASS,44.300000000000004,False
Kolkata,2005-2014,ref_audited,cand_B,B,32.0,2006,143.0,142.0,-1.0,1.0,PASS,27.625,False
Kolkata,2005-2014,ref_audited,cand_B,B,32.0,2007,132.0,134.0,2.0,2.0,PASS,27.625,False
Kolkata,2005-2014,ref_audited,cand_B,B,32.0,2008,117.0,119.0,2.0,2.0,PASS,27.625,False
Kolkata,2005-2014,ref_audited,cand_B,B,32.0,2009,139.0,157.0,18.0,18.0,PASS,27.625,False
Kolkata,2005-2014,ref_audited,cand_B,B,32.0,2010,162.0,172.0,10.0,10.0,PASS,27.625,False
Kolkata,2005-2014,ref_audited,cand_B,B,32.0,2011,118.0,122.0,4.0,4.0,PASS,27.625,False
Kolkata,2005-2014,ref_audited,cand_B,B,32.0,2012,149.0,151.0,2.0,2.0,PASS,27.625,False
Kolkata,2005-2014,ref_audited,cand_B,B,32.0,2013,145.0,144.0,-1.0,1.0,PASS,27.625,False
Kolkata,2005-2014,ref_audited,cand_C,C,28.0,2006,281.0,296.0,15.0,15.0,PASS,52.95,False
Kolkata,2005-2014,ref_audited,cand_C,C,28.0,2007,256.0,261.0,5.0,5.0,PASS,52.95,False
Kolkata,2005-2014,ref_audited,cand_C,C,28.0,2008,261.0,273.0,12.0,12.0,PASS,52.95,False
Kolkata,2005-2014,ref_audited,cand_C,C,28.0,2009,275.0,284.0,9.0,9.0,PASS,52.95,False
Kolkata,2005-2014,ref_audited,cand_C,C,28.0,2010,281.0,284.0,3.0,3.0,PASS,52.95,False
Kolkata,2005-2014,ref_audited,cand_C,C,28.0,2011,263.0,276.0,13.0,13.0,PASS,52.95,False
Kolkata,2005-2014,ref_audited,cand_C,C,28.0,2012,253.0,264.0,11.0,11.0,PASS,52.95,False
Kolkata,2005-2014,ref_audited,cand_C,C,28.0,2013,248.0,263.0,15.0,15.0,PASS,52.95,False
Kolkata,2005-2014,ref_audited,cand_C,C,30.0,2006,221.0,242.0,21.0,21.0,PASS,44.300000000000004,False
Kolkata,2005-2014,ref_audited,cand_C,C,30.0,2007,217.0,222.0,5.0,5.0,PASS,44.300000000000004,False
Kolkata,2005-2014,ref_audited,cand_C,C,30.0,2008,228.0,232.0,4.0,4.0,PASS,44.300000000000004,False
Kolkata,2005-2014,ref_audited,cand_C,C,30.0,2009,225.0,245.0,20.0,20.0,PASS,44.300000000000004,False
Kolkata,2005-2014,ref_audited,cand_C,C,30.0,2010,248.0,259.0,11.0,11.0,PASS,44.300000000000004,False
Kolkata,2005-2014,ref_audited,cand_C,C,30.0,2011,206.0,222.0,16.0,16.0,PASS,44.300000000000004,False
Kolkata,2005-2014,ref_audited,cand_C,C,30.0,2012,218.0,234.0,16.0,16.0,PASS,44.300000000000004,False
Kolkata,2005-2014,ref_audited,cand_C,C,30.0,2013,209.0,213.0,4.0,4.0,PASS,44.300000000000004,False
Kolkata,2005-2014,ref_audited,cand_C,C,32.0,2006,143.0,157.0,14.0,14.0,PASS,27.625,False
Kolkata,2005-2014,ref_audited,cand_C,C,32.0,2007,132.0,147.0,15.0,15.0,PASS,27.625,False
Kolkata,2005-2014,ref_audited,cand_C,C,32.0,2008,117.0,148.0,31.0,31.0,PASS,27.625,True
Kolkata,2005-2014,ref_audited,cand_C,C,32.0,2009,139.0,174.0,35.0,35.0,PASS,27.625,True
Kolkata,2005-2014,ref_audited,cand_C,C,32.0,2010,162.0,187.0,25.0,25.0,PASS,27.625,False
Kolkata,2005-2014,ref_audited,cand_C,C,32.0,2011,118.0,136.0,18.0,18.0,PASS,27.625,False
Kolkata,2005-2014,ref_audited,cand_C,C,32.0,2012,149.0,163.0,14.0,14.0,PASS,27.625,False
Kolkata,2005-2014,ref_audited,cand_C,C,32.0,2013,145.0,159.0,14.0,14.0,PASS,27.625,False
Kolkata,2005-2014,ref_audited,cand_D,D,28.0,2006,281.0,288.0,7.0,7.0,PASS,52.95,False
Kolkata,2005-2014,ref_audited,cand_D,D,28.0,2007,256.0,253.0,-3.0,3.0,PASS,52.95,False
Kolkata,2005-2014,ref_audited,cand_D,D,28.0,2008,261.0,264.0,3.0,3.0,PASS,52.95,False
Kolkata,2005-2014,ref_audited,cand_D,D,28.0,2009,275.0,281.0,6.0,6.0,PASS,52.95,False
Kolkata,2005-2014,ref_audited,cand_D,D,28.0,2010,281.0,283.0,2.0,2.0,PASS,52.95,False
Kolkata,2005-2014,ref_audited,cand_D,D,28.0,2011,263.0,267.0,4.0,4.0,PASS,52.95,False
Kolkata,2005-2014,ref_audited,cand_D,D,28.0,2012,253.0,256.0,3.0,3.0,PASS,52.95,False
Kolkata,2005-2014,ref_audited,cand_D,D,28.0,2013,248.0,254.0,6.0,6.0,PASS,52.95,False
Kolkata,2005-2014,ref_audited,cand_D,D,30.0,2006,221.0,236.0,15.0,15.0,PASS,44.300000000000004,False
Kolkata,2005-2014,ref_audited,cand_D,D,30.0,2007,217.0,219.0,2.0,2.0,PASS,44.300000000000004,False
Kolkata,2005-2014,ref_audited,cand_D,D,30.0,2008,228.0,226.0,-2.0,2.0,PASS,44.300000000000004,False
Kolkata,2005-2014,ref_audited,cand_D,D,30.0,2009,225.0,241.0,16.0,16.0,PASS,44.300000000000004,False
Kolkata,2005-2014,ref_audited,cand_D,D,30.0,2010,248.0,254.0,6.0,6.0,PASS,44.300000000000004,False
Kolkata,2005-2014,ref_audited,cand_D,D,30.0,2011,206.0,212.0,6.0,6.0,PASS,44.300000000000004,False
Kolkata,2005-2014,ref_audited,cand_D,D,30.0,2012,218.0,225.0,7.0,7.0,PASS,44.300000000000004,False
Kolkata,2005-2014,ref_audited,cand_D,D,30.0,2013,209.0,208.0,-1.0,1.0,PASS,44.300000000000004,False
Kolkata,2005-2014,ref_audited,cand_D,D,32.0,2006,143.0,148.0,5.0,5.0,PASS,27.625,False
Kolkata,2005-2014,ref_audited,cand_D,D,32.0,2007,132.0,139.0,7.0,7.0,PASS,27.625,False
Kolkata,2005-2014,ref_audited,cand_D,D,32.0,2008,117.0,127.0,10.0,10.0,PASS,27.625,False
Kolkata,2005-2014,ref_audited,cand_D,D,32.0,2009,139.0,160.0,21.0,21.0,PASS,27.625,False
Kolkata,2005-2014,ref_audited,cand_D,D,32.0,2010,162.0,179.0,17.0,17.0,PASS,27.625,False
Kolkata,2005-2014,ref_audited,cand_D,D,32.0,2011,118.0,130.0,12.0,12.0,PASS,27.625,False
Kolkata,2005-2014,ref_audited,cand_D,D,32.0,2012,149.0,160.0,11.0,11.0,PASS,27.625,False
Kolkata,2005-2014,ref_audited,cand_D,D,32.0,2013,145.0,154.0,9.0,9.0,PASS,27.625,False
Kolkata,2005-2014,ref_R3_midpoint,cand_A,A,28.0,2006,281.0,294.0,13.0,13.0,PASS,52.5,False
Kolkata,2005-2014,ref_R3_midpoint,cand_A,A,28.0,2007,252.0,257.0,5.0,5.0,PASS,52.5,False
Kolkata,2005-2014,ref_R3_midpoint,cand_A,A,28.0,2008,260.0,272.0,12.0,12.0,PASS,52.5,False
Kolkata,2005-2014,ref_R3_midpoint,cand_A,A,28.0,2009,273.0,284.0,11.0,11.0,PASS,52.5,False
Kolkata,2005-2014,ref_R3_midpoint,cand_A,A,28.0,2010,277.0,284.0,7.0,7.0,PASS,52.5,False
Kolkata,2005-2014,ref_R3_midpoint,cand_A,A,28.0,2011,259.0,275.0,16.0,16.0,PASS,52.5,False
Kolkata,2005-2014,ref_R3_midpoint,cand_A,A,28.0,2012,251.0,263.0,12.0,12.0,PASS,52.5,False
Kolkata,2005-2014,ref_R3_midpoint,cand_A,A,28.0,2013,247.0,263.0,16.0,16.0,PASS,52.5,False
Kolkata,2005-2014,ref_R3_midpoint,cand_A,A,30.0,2006,217.0,240.0,23.0,23.0,PASS,43.925000000000004,False
Kolkata,2005-2014,ref_R3_midpoint,cand_A,A,30.0,2007,216.0,222.0,6.0,6.0,PASS,43.925000000000004,False
Kolkata,2005-2014,ref_R3_midpoint,cand_A,A,30.0,2008,227.0,232.0,5.0,5.0,PASS,43.925000000000004,False
Kolkata,2005-2014,ref_R3_midpoint,cand_A,A,30.0,2009,224.0,241.0,17.0,17.0,PASS,43.925000000000004,False
Kolkata,2005-2014,ref_R3_midpoint,cand_A,A,30.0,2010,245.0,256.0,11.0,11.0,PASS,43.925000000000004,False
Kolkata,2005-2014,ref_R3_midpoint,cand_A,A,30.0,2011,206.0,218.0,12.0,12.0,PASS,43.925000000000004,False
Kolkata,2005-2014,ref_R3_midpoint,cand_A,A,30.0,2012,214.0,234.0,20.0,20.0,PASS,43.925000000000004,False
Kolkata,2005-2014,ref_R3_midpoint,cand_A,A,30.0,2013,208.0,211.0,3.0,3.0,PASS,43.925000000000004,False
Kolkata,2005-2014,ref_R3_midpoint,cand_A,A,32.0,2006,136.0,151.0,15.0,15.0,PASS,26.525000000000002,False
Kolkata,2005-2014,ref_R3_midpoint,cand_A,A,32.0,2007,123.0,140.0,17.0,17.0,PASS,26.525000000000002,False
Kolkata,2005-2014,ref_R3_midpoint,cand_A,A,32.0,2008,113.0,131.0,18.0,18.0,PASS,26.525000000000002,False
Kolkata,2005-2014,ref_R3_midpoint,cand_A,A,32.0,2009,138.0,171.0,33.0,33.0,PASS,26.525000000000002,True
Kolkata,2005-2014,ref_R3_midpoint,cand_A,A,32.0,2010,160.0,180.0,20.0,20.0,PASS,26.525000000000002,False
Kolkata,2005-2014,ref_R3_midpoint,cand_A,A,32.0,2011,112.0,129.0,17.0,17.0,PASS,26.525000000000002,False
Kolkata,2005-2014,ref_R3_midpoint,cand_A,A,32.0,2012,141.0,161.0,20.0,20.0,PASS,26.525000000000002,False
Kolkata,2005-2014,ref_R3_midpoint,cand_A,A,32.0,2013,138.0,152.0,14.0,14.0,PASS,26.525000000000002,False
Kolkata,2005-2014,ref_R3_midpoint,cand_B,B,28.0,2006,281.0,288.0,7.0,7.0,PASS,52.5,False
Kolkata,2005-2014,ref_R3_midpoint,cand_B,B,28.0,2007,252.0,252.0,0.0,0.0,PASS,52.5,False
Kolkata,2005-2014,ref_R3_midpoint,cand_B,B,28.0,2008,260.0,264.0,4.0,4.0,PASS,52.5,False
Kolkata,2005-2014,ref_R3_midpoint,cand_B,B,28.0,2009,273.0,278.0,5.0,5.0,PASS,52.5,False
Kolkata,2005-2014,ref_R3_midpoint,cand_B,B,28.0,2010,277.0,283.0,6.0,6.0,PASS,52.5,False
Kolkata,2005-2014,ref_R3_midpoint,cand_B,B,28.0,2011,259.0,266.0,7.0,7.0,PASS,52.5,False
Kolkata,2005-2014,ref_R3_midpoint,cand_B,B,28.0,2012,251.0,256.0,5.0,5.0,PASS,52.5,False
Kolkata,2005-2014,ref_R3_midpoint,cand_B,B,28.0,2013,247.0,252.0,5.0,5.0,PASS,52.5,False
Kolkata,2005-2014,ref_R3_midpoint,cand_B,B,30.0,2006,217.0,233.0,16.0,16.0,PASS,43.925000000000004,False
Kolkata,2005-2014,ref_R3_midpoint,cand_B,B,30.0,2007,216.0,217.0,1.0,1.0,PASS,43.925000000000004,False
Kolkata,2005-2014,ref_R3_midpoint,cand_B,B,30.0,2008,227.0,224.0,-3.0,3.0,PASS,43.925000000000004,False
Kolkata,2005-2014,ref_R3_midpoint,cand_B,B,30.0,2009,224.0,236.0,12.0,12.0,PASS,43.925000000000004,False
Kolkata,2005-2014,ref_R3_midpoint,cand_B,B,30.0,2010,245.0,253.0,8.0,8.0,PASS,43.925000000000004,False
Kolkata,2005-2014,ref_R3_midpoint,cand_B,B,30.0,2011,206.0,211.0,5.0,5.0,PASS,43.925000000000004,False
Kolkata,2005-2014,ref_R3_midpoint,cand_B,B,30.0,2012,214.0,226.0,12.0,12.0,PASS,43.925000000000004,False
Kolkata,2005-2014,ref_R3_midpoint,cand_B,B,30.0,2013,208.0,210.0,2.0,2.0,PASS,43.925000000000004,False
Kolkata,2005-2014,ref_R3_midpoint,cand_B,B,32.0,2006,136.0,142.0,6.0,6.0,PASS,26.525000000000002,False
Kolkata,2005-2014,ref_R3_midpoint,cand_B,B,32.0,2007,123.0,134.0,11.0,11.0,PASS,26.525000000000002,False
Kolkata,2005-2014,ref_R3_midpoint,cand_B,B,32.0,2008,113.0,119.0,6.0,6.0,PASS,26.525000000000002,False
Kolkata,2005-2014,ref_R3_midpoint,cand_B,B,32.0,2009,138.0,157.0,19.0,19.0,PASS,26.525000000000002,False
Kolkata,2005-2014,ref_R3_midpoint,cand_B,B,32.0,2010,160.0,172.0,12.0,12.0,PASS,26.525000000000002,False
Kolkata,2005-2014,ref_R3_midpoint,cand_B,B,32.0,2011,112.0,122.0,10.0,10.0,PASS,26.525000000000002,False
Kolkata,2005-2014,ref_R3_midpoint,cand_B,B,32.0,2012,141.0,151.0,10.0,10.0,PASS,26.525000000000002,False
Kolkata,2005-2014,ref_R3_midpoint,cand_B,B,32.0,2013,138.0,144.0,6.0,6.0,PASS,26.525000000000002,False
Kolkata,2005-2014,ref_R3_midpoint,cand_C,C,28.0,2006,281.0,296.0,15.0,15.0,PASS,52.5,False
Kolkata,2005-2014,ref_R3_midpoint,cand_C,C,28.0,2007,252.0,261.0,9.0,9.0,PASS,52.5,False
Kolkata,2005-2014,ref_R3_midpoint,cand_C,C,28.0,2008,260.0,273.0,13.0,13.0,PASS,52.5,False
Kolkata,2005-2014,ref_R3_midpoint,cand_C,C,28.0,2009,273.0,284.0,11.0,11.0,PASS,52.5,False
Kolkata,2005-2014,ref_R3_midpoint,cand_C,C,28.0,2010,277.0,284.0,7.0,7.0,PASS,52.5,False
Kolkata,2005-2014,ref_R3_midpoint,cand_C,C,28.0,2011,259.0,276.0,17.0,17.0,PASS,52.5,False
Kolkata,2005-2014,ref_R3_midpoint,cand_C,C,28.0,2012,251.0,264.0,13.0,13.0,PASS,52.5,False
Kolkata,2005-2014,ref_R3_midpoint,cand_C,C,28.0,2013,247.0,263.0,16.0,16.0,PASS,52.5,False
Kolkata,2005-2014,ref_R3_midpoint,cand_C,C,30.0,2006,217.0,242.0,25.0,25.0,PASS,43.925000000000004,False
Kolkata,2005-2014,ref_R3_midpoint,cand_C,C,30.0,2007,216.0,222.0,6.0,6.0,PASS,43.925000000000004,False
Kolkata,2005-2014,ref_R3_midpoint,cand_C,C,30.0,2008,227.0,232.0,5.0,5.0,PASS,43.925000000000004,False
Kolkata,2005-2014,ref_R3_midpoint,cand_C,C,30.0,2009,224.0,245.0,21.0,21.0,PASS,43.925000000000004,False
Kolkata,2005-2014,ref_R3_midpoint,cand_C,C,30.0,2010,245.0,259.0,14.0,14.0,PASS,43.925000000000004,False
Kolkata,2005-2014,ref_R3_midpoint,cand_C,C,30.0,2011,206.0,222.0,16.0,16.0,PASS,43.925000000000004,False
Kolkata,2005-2014,ref_R3_midpoint,cand_C,C,30.0,2012,214.0,234.0,20.0,20.0,PASS,43.925000000000004,False
Kolkata,2005-2014,ref_R3_midpoint,cand_C,C,30.0,2013,208.0,213.0,5.0,5.0,PASS,43.925000000000004,False
Kolkata,2005-2014,ref_R3_midpoint,cand_C,C,32.0,2006,136.0,157.0,21.0,21.0,PASS,26.525000000000002,False
Kolkata,2005-2014,ref_R3_midpoint,cand_C,C,32.0,2007,123.0,147.0,24.0,24.0,PASS,26.525000000000002,False
Kolkata,2005-2014,ref_R3_midpoint,cand_C,C,32.0,2008,113.0,148.0,35.0,35.0,PASS,26.525000000000002,True
Kolkata,2005-2014,ref_R3_midpoint,cand_C,C,32.0,2009,138.0,174.0,36.0,36.0,PASS,26.525000000000002,True
Kolkata,2005-2014,ref_R3_midpoint,cand_C,C,32.0,2010,160.0,187.0,27.0,27.0,PASS,26.525000000000002,True
Kolkata,2005-2014,ref_R3_midpoint,cand_C,C,32.0,2011,112.0,136.0,24.0,24.0,PASS,26.525000000000002,False
Kolkata,2005-2014,ref_R3_midpoint,cand_C,C,32.0,2012,141.0,163.0,22.0,22.0,PASS,26.525000000000002,False
Kolkata,2005-2014,ref_R3_midpoint,cand_C,C,32.0,2013,138.0,159.0,21.0,21.0,PASS,26.525000000000002,False
Kolkata,2005-2014,ref_R3_midpoint,cand_D,D,28.0,2006,281.0,288.0,7.0,7.0,PASS,52.5,False
Kolkata,2005-2014,ref_R3_midpoint,cand_D,D,28.0,2007,252.0,253.0,1.0,1.0,PASS,52.5,False
Kolkata,2005-2014,ref_R3_midpoint,cand_D,D,28.0,2008,260.0,264.0,4.0,4.0,PASS,52.5,False
Kolkata,2005-2014,ref_R3_midpoint,cand_D,D,28.0,2009,273.0,281.0,8.0,8.0,PASS,52.5,False
Kolkata,2005-2014,ref_R3_midpoint,cand_D,D,28.0,2010,277.0,283.0,6.0,6.0,PASS,52.5,False
Kolkata,2005-2014,ref_R3_midpoint,cand_D,D,28.0,2011,259.0,267.0,8.0,8.0,PASS,52.5,False
Kolkata,2005-2014,ref_R3_midpoint,cand_D,D,28.0,2012,251.0,256.0,5.0,5.0,PASS,52.5,False
Kolkata,2005-2014,ref_R3_midpoint,cand_D,D,28.0,2013,247.0,254.0,7.0,7.0,PASS,52.5,False
Kolkata,2005-2014,ref_R3_midpoint,cand_D,D,30.0,2006,217.0,236.0,19.0,19.0,PASS,43.925000000000004,False
Kolkata,2005-2014,ref_R3_midpoint,cand_D,D,30.0,2007,216.0,219.0,3.0,3.0,PASS,43.925000000000004,False
Kolkata,2005-2014,ref_R3_midpoint,cand_D,D,30.0,2008,227.0,226.0,-1.0,1.0,PASS,43.925000000000004,False
Kolkata,2005-2014,ref_R3_midpoint,cand_D,D,30.0,2009,224.0,241.0,17.0,17.0,PASS,43.925000000000004,False
Kolkata,2005-2014,ref_R3_midpoint,cand_D,D,30.0,2010,245.0,254.0,9.0,9.0,PASS,43.925000000000004,False
Kolkata,2005-2014,ref_R3_midpoint,cand_D,D,30.0,2011,206.0,212.0,6.0,6.0,PASS,43.925000000000004,False
Kolkata,2005-2014,ref_R3_midpoint,cand_D,D,30.0,2012,214.0,225.0,11.0,11.0,PASS,43.925000000000004,False
Kolkata,2005-2014,ref_R3_midpoint,cand_D,D,30.0,2013,208.0,208.0,0.0,0.0,PASS,43.925000000000004,False
Kolkata,2005-2014,ref_R3_midpoint,cand_D,D,32.0,2006,136.0,148.0,12.0,12.0,PASS,26.525000000000002,False
Kolkata,2005-2014,ref_R3_midpoint,cand_D,D,32.0,2007,123.0,139.0,16.0,16.0,PASS,26.525000000000002,False
Kolkata,2005-2014,ref_R3_midpoint,cand_D,D,32.0,2008,113.0,127.0,14.0,14.0,PASS,26.525000000000002,False
Kolkata,2005-2014,ref_R3_midpoint,cand_D,D,32.0,2009,138.0,160.0,22.0,22.0,PASS,26.525000000000002,False
Kolkata,2005-2014,ref_R3_midpoint,cand_D,D,32.0,2010,160.0,179.0,19.0,19.0,PASS,26.525000000000002,False
Kolkata,2005-2014,ref_R3_midpoint,cand_D,D,32.0,2011,112.0,130.0,18.0,18.0,PASS,26.525000000000002,False
Kolkata,2005-2014,ref_R3_midpoint,cand_D,D,32.0,2012,141.0,160.0,19.0,19.0,PASS,26.525000000000002,False
Kolkata,2005-2014,ref_R3_midpoint,cand_D,D,32.0,2013,138.0,154.0,16.0,16.0,PASS,26.525000000000002,False
Lucknow,2005-2014,ref_audited,cand_A,A,28.0,2006,226.0,238.0,12.0,12.0,PASS,44.400000000000006,False
Lucknow,2005-2014,ref_audited,cand_A,A,28.0,2007,221.0,226.0,5.0,5.0,PASS,44.400000000000006,False
Lucknow,2005-2014,ref_audited,cand_A,A,28.0,2008,231.0,238.0,7.0,7.0,PASS,44.400000000000006,False
Lucknow,2005-2014,ref_audited,cand_A,A,28.0,2009,204.0,226.0,22.0,22.0,PASS,44.400000000000006,False
Lucknow,2005-2014,ref_audited,cand_A,A,28.0,2010,236.0,243.0,7.0,7.0,PASS,44.400000000000006,False
Lucknow,2005-2014,ref_audited,cand_A,A,28.0,2011,227.0,226.0,-1.0,1.0,PASS,44.400000000000006,False
Lucknow,2005-2014,ref_audited,cand_A,A,28.0,2012,220.0,218.0,-2.0,2.0,PASS,44.400000000000006,False
Lucknow,2005-2014,ref_audited,cand_A,A,28.0,2013,211.0,219.0,8.0,8.0,PASS,44.400000000000006,False
Lucknow,2005-2014,ref_audited,cand_A,A,30.0,2006,195.0,195.0,0.0,0.0,PASS,36.25,False
Lucknow,2005-2014,ref_audited,cand_A,A,30.0,2007,186.0,187.0,1.0,1.0,PASS,36.25,False
Lucknow,2005-2014,ref_audited,cand_A,A,30.0,2008,177.0,164.0,-13.0,13.0,PASS,36.25,False
Lucknow,2005-2014,ref_audited,cand_A,A,30.0,2009,176.0,170.0,-6.0,6.0,PASS,36.25,False
Lucknow,2005-2014,ref_audited,cand_A,A,30.0,2010,188.0,201.0,13.0,13.0,PASS,36.25,False
Lucknow,2005-2014,ref_audited,cand_A,A,30.0,2011,177.0,174.0,-3.0,3.0,PASS,36.25,False
Lucknow,2005-2014,ref_audited,cand_A,A,30.0,2012,175.0,179.0,4.0,4.0,PASS,36.25,False
Lucknow,2005-2014,ref_audited,cand_A,A,30.0,2013,176.0,176.0,0.0,0.0,PASS,36.25,False
Lucknow,2005-2014,ref_audited,cand_A,A,32.0,2006,132.0,132.0,0.0,0.0,PASS,23.35,False
Lucknow,2005-2014,ref_audited,cand_A,A,32.0,2007,125.0,133.0,8.0,8.0,PASS,23.35,False
Lucknow,2005-2014,ref_audited,cand_A,A,32.0,2008,96.0,104.0,8.0,8.0,PASS,23.35,False
Lucknow,2005-2014,ref_audited,cand_A,A,32.0,2009,114.0,123.0,9.0,9.0,PASS,23.35,False
Lucknow,2005-2014,ref_audited,cand_A,A,32.0,2010,131.0,138.0,7.0,7.0,PASS,23.35,False
Lucknow,2005-2014,ref_audited,cand_A,A,32.0,2011,112.0,118.0,6.0,6.0,PASS,23.35,False
Lucknow,2005-2014,ref_audited,cand_A,A,32.0,2012,105.0,111.0,6.0,6.0,PASS,23.35,False
Lucknow,2005-2014,ref_audited,cand_A,A,32.0,2013,119.0,119.0,0.0,0.0,PASS,23.35,False
Lucknow,2005-2014,ref_audited,cand_B,B,28.0,2006,226.0,230.0,4.0,4.0,PASS,44.400000000000006,False
Lucknow,2005-2014,ref_audited,cand_B,B,28.0,2007,221.0,222.0,1.0,1.0,PASS,44.400000000000006,False
Lucknow,2005-2014,ref_audited,cand_B,B,28.0,2008,231.0,227.0,-4.0,4.0,PASS,44.400000000000006,False
Lucknow,2005-2014,ref_audited,cand_B,B,28.0,2009,204.0,215.0,11.0,11.0,PASS,44.400000000000006,False
Lucknow,2005-2014,ref_audited,cand_B,B,28.0,2010,236.0,238.0,2.0,2.0,PASS,44.400000000000006,False
Lucknow,2005-2014,ref_audited,cand_B,B,28.0,2011,227.0,220.0,-7.0,7.0,PASS,44.400000000000006,False
Lucknow,2005-2014,ref_audited,cand_B,B,28.0,2012,220.0,210.0,-10.0,10.0,PASS,44.400000000000006,False
Lucknow,2005-2014,ref_audited,cand_B,B,28.0,2013,211.0,216.0,5.0,5.0,PASS,44.400000000000006,False
Lucknow,2005-2014,ref_audited,cand_B,B,30.0,2006,195.0,187.0,-8.0,8.0,PASS,36.25,False
Lucknow,2005-2014,ref_audited,cand_B,B,30.0,2007,186.0,173.0,-13.0,13.0,PASS,36.25,False
Lucknow,2005-2014,ref_audited,cand_B,B,30.0,2008,177.0,156.0,-21.0,21.0,PASS,36.25,False
Lucknow,2005-2014,ref_audited,cand_B,B,30.0,2009,176.0,167.0,-9.0,9.0,PASS,36.25,False
Lucknow,2005-2014,ref_audited,cand_B,B,30.0,2010,188.0,196.0,8.0,8.0,PASS,36.25,False
Lucknow,2005-2014,ref_audited,cand_B,B,30.0,2011,177.0,167.0,-10.0,10.0,PASS,36.25,False
Lucknow,2005-2014,ref_audited,cand_B,B,30.0,2012,175.0,169.0,-6.0,6.0,PASS,36.25,False
Lucknow,2005-2014,ref_audited,cand_B,B,30.0,2013,176.0,167.0,-9.0,9.0,PASS,36.25,False
Lucknow,2005-2014,ref_audited,cand_B,B,32.0,2006,132.0,123.0,-9.0,9.0,PASS,23.35,False
Lucknow,2005-2014,ref_audited,cand_B,B,32.0,2007,125.0,124.0,-1.0,1.0,PASS,23.35,False
Lucknow,2005-2014,ref_audited,cand_B,B,32.0,2008,96.0,87.0,-9.0,9.0,PASS,23.35,False
Lucknow,2005-2014,ref_audited,cand_B,B,32.0,2009,114.0,118.0,4.0,4.0,PASS,23.35,False
Lucknow,2005-2014,ref_audited,cand_B,B,32.0,2010,131.0,127.0,-4.0,4.0,PASS,23.35,False
Lucknow,2005-2014,ref_audited,cand_B,B,32.0,2011,112.0,115.0,3.0,3.0,PASS,23.35,False
Lucknow,2005-2014,ref_audited,cand_B,B,32.0,2012,105.0,103.0,-2.0,2.0,PASS,23.35,False
Lucknow,2005-2014,ref_audited,cand_B,B,32.0,2013,119.0,109.0,-10.0,10.0,PASS,23.35,False
Lucknow,2005-2014,ref_audited,cand_C,C,28.0,2006,226.0,239.0,13.0,13.0,PASS,44.400000000000006,False
Lucknow,2005-2014,ref_audited,cand_C,C,28.0,2007,221.0,224.0,3.0,3.0,PASS,44.400000000000006,False
Lucknow,2005-2014,ref_audited,cand_C,C,28.0,2008,231.0,239.0,8.0,8.0,PASS,44.400000000000006,False
Lucknow,2005-2014,ref_audited,cand_C,C,28.0,2009,204.0,225.0,21.0,21.0,PASS,44.400000000000006,False
Lucknow,2005-2014,ref_audited,cand_C,C,28.0,2010,236.0,242.0,6.0,6.0,PASS,44.400000000000006,False
Lucknow,2005-2014,ref_audited,cand_C,C,28.0,2011,227.0,225.0,-2.0,2.0,PASS,44.400000000000006,False
Lucknow,2005-2014,ref_audited,cand_C,C,28.0,2012,220.0,216.0,-4.0,4.0,PASS,44.400000000000006,False
Lucknow,2005-2014,ref_audited,cand_C,C,28.0,2013,211.0,218.0,7.0,7.0,PASS,44.400000000000006,False
Lucknow,2005-2014,ref_audited,cand_C,C,30.0,2006,195.0,193.0,-2.0,2.0,PASS,36.25,False
Lucknow,2005-2014,ref_audited,cand_C,C,30.0,2007,186.0,186.0,0.0,0.0,PASS,36.25,False
Lucknow,2005-2014,ref_audited,cand_C,C,30.0,2008,177.0,165.0,-12.0,12.0,PASS,36.25,False
Lucknow,2005-2014,ref_audited,cand_C,C,30.0,2009,176.0,172.0,-4.0,4.0,PASS,36.25,False
Lucknow,2005-2014,ref_audited,cand_C,C,30.0,2010,188.0,202.0,14.0,14.0,PASS,36.25,False
Lucknow,2005-2014,ref_audited,cand_C,C,30.0,2011,177.0,176.0,-1.0,1.0,PASS,36.25,False
Lucknow,2005-2014,ref_audited,cand_C,C,30.0,2012,175.0,178.0,3.0,3.0,PASS,36.25,False
Lucknow,2005-2014,ref_audited,cand_C,C,30.0,2013,176.0,176.0,0.0,0.0,PASS,36.25,False
Lucknow,2005-2014,ref_audited,cand_C,C,32.0,2006,132.0,135.0,3.0,3.0,PASS,23.35,False
Lucknow,2005-2014,ref_audited,cand_C,C,32.0,2007,125.0,137.0,12.0,12.0,PASS,23.35,False
Lucknow,2005-2014,ref_audited,cand_C,C,32.0,2008,96.0,107.0,11.0,11.0,PASS,23.35,False
Lucknow,2005-2014,ref_audited,cand_C,C,32.0,2009,114.0,125.0,11.0,11.0,PASS,23.35,False
Lucknow,2005-2014,ref_audited,cand_C,C,32.0,2010,131.0,141.0,10.0,10.0,PASS,23.35,False
Lucknow,2005-2014,ref_audited,cand_C,C,32.0,2011,112.0,122.0,10.0,10.0,PASS,23.35,False
Lucknow,2005-2014,ref_audited,cand_C,C,32.0,2012,105.0,113.0,8.0,8.0,PASS,23.35,False
Lucknow,2005-2014,ref_audited,cand_C,C,32.0,2013,119.0,118.0,-1.0,1.0,PASS,23.35,False
Lucknow,2005-2014,ref_audited,cand_D,D,28.0,2006,226.0,229.0,3.0,3.0,PASS,44.400000000000006,False
Lucknow,2005-2014,ref_audited,cand_D,D,28.0,2007,221.0,223.0,2.0,2.0,PASS,44.400000000000006,False
Lucknow,2005-2014,ref_audited,cand_D,D,28.0,2008,231.0,228.0,-3.0,3.0,PASS,44.400000000000006,False
Lucknow,2005-2014,ref_audited,cand_D,D,28.0,2009,204.0,213.0,9.0,9.0,PASS,44.400000000000006,False
Lucknow,2005-2014,ref_audited,cand_D,D,28.0,2010,236.0,237.0,1.0,1.0,PASS,44.400000000000006,False
Lucknow,2005-2014,ref_audited,cand_D,D,28.0,2011,227.0,221.0,-6.0,6.0,PASS,44.400000000000006,False
Lucknow,2005-2014,ref_audited,cand_D,D,28.0,2012,220.0,212.0,-8.0,8.0,PASS,44.400000000000006,False
Lucknow,2005-2014,ref_audited,cand_D,D,28.0,2013,211.0,211.0,0.0,0.0,PASS,44.400000000000006,False
Lucknow,2005-2014,ref_audited,cand_D,D,30.0,2006,195.0,189.0,-6.0,6.0,PASS,36.25,False
Lucknow,2005-2014,ref_audited,cand_D,D,30.0,2007,186.0,175.0,-11.0,11.0,PASS,36.25,False
Lucknow,2005-2014,ref_audited,cand_D,D,30.0,2008,177.0,158.0,-19.0,19.0,PASS,36.25,False
Lucknow,2005-2014,ref_audited,cand_D,D,30.0,2009,176.0,166.0,-10.0,10.0,PASS,36.25,False
Lucknow,2005-2014,ref_audited,cand_D,D,30.0,2010,188.0,194.0,6.0,6.0,PASS,36.25,False
Lucknow,2005-2014,ref_audited,cand_D,D,30.0,2011,177.0,168.0,-9.0,9.0,PASS,36.25,False
Lucknow,2005-2014,ref_audited,cand_D,D,30.0,2012,175.0,167.0,-8.0,8.0,PASS,36.25,False
Lucknow,2005-2014,ref_audited,cand_D,D,30.0,2013,176.0,169.0,-7.0,7.0,PASS,36.25,False
Lucknow,2005-2014,ref_audited,cand_D,D,32.0,2006,132.0,129.0,-3.0,3.0,PASS,23.35,False
Lucknow,2005-2014,ref_audited,cand_D,D,32.0,2007,125.0,125.0,0.0,0.0,PASS,23.35,False
Lucknow,2005-2014,ref_audited,cand_D,D,32.0,2008,96.0,94.0,-2.0,2.0,PASS,23.35,False
Lucknow,2005-2014,ref_audited,cand_D,D,32.0,2009,114.0,120.0,6.0,6.0,PASS,23.35,False
Lucknow,2005-2014,ref_audited,cand_D,D,32.0,2010,131.0,131.0,0.0,0.0,PASS,23.35,False
Lucknow,2005-2014,ref_audited,cand_D,D,32.0,2011,112.0,118.0,6.0,6.0,PASS,23.35,False
Lucknow,2005-2014,ref_audited,cand_D,D,32.0,2012,105.0,103.0,-2.0,2.0,PASS,23.35,False
Lucknow,2005-2014,ref_audited,cand_D,D,32.0,2013,119.0,109.0,-10.0,10.0,PASS,23.35,False
Lucknow,2005-2014,ref_R3_midpoint,cand_A,A,28.0,2006,226.0,238.0,12.0,12.0,PASS,44.050000000000004,False
Lucknow,2005-2014,ref_R3_midpoint,cand_A,A,28.0,2007,219.0,226.0,7.0,7.0,PASS,44.050000000000004,False
Lucknow,2005-2014,ref_R3_midpoint,cand_A,A,28.0,2008,229.0,238.0,9.0,9.0,PASS,44.050000000000004,False
Lucknow,2005-2014,ref_R3_midpoint,cand_A,A,28.0,2009,203.0,226.0,23.0,23.0,PASS,44.050000000000004,False
Lucknow,2005-2014,ref_R3_midpoint,cand_A,A,28.0,2010,234.0,243.0,9.0,9.0,PASS,44.050000000000004,False
Lucknow,2005-2014,ref_R3_midpoint,cand_A,A,28.0,2011,223.0,226.0,3.0,3.0,PASS,44.050000000000004,False
Lucknow,2005-2014,ref_R3_midpoint,cand_A,A,28.0,2012,216.0,218.0,2.0,2.0,PASS,44.050000000000004,False
Lucknow,2005-2014,ref_R3_midpoint,cand_A,A,28.0,2013,212.0,219.0,7.0,7.0,PASS,44.050000000000004,False
Lucknow,2005-2014,ref_R3_midpoint,cand_A,A,30.0,2006,188.0,195.0,7.0,7.0,PASS,35.4,False
Lucknow,2005-2014,ref_R3_midpoint,cand_A,A,30.0,2007,182.0,187.0,5.0,5.0,PASS,35.4,False
Lucknow,2005-2014,ref_R3_midpoint,cand_A,A,30.0,2008,172.0,164.0,-8.0,8.0,PASS,35.4,False
Lucknow,2005-2014,ref_R3_midpoint,cand_A,A,30.0,2009,170.0,170.0,0.0,0.0,PASS,35.4,False
Lucknow,2005-2014,ref_R3_midpoint,cand_A,A,30.0,2010,185.0,201.0,16.0,16.0,PASS,35.4,False
Lucknow,2005-2014,ref_R3_midpoint,cand_A,A,30.0,2011,175.0,174.0,-1.0,1.0,PASS,35.4,False
Lucknow,2005-2014,ref_R3_midpoint,cand_A,A,30.0,2012,172.0,179.0,7.0,7.0,PASS,35.4,False
Lucknow,2005-2014,ref_R3_midpoint,cand_A,A,30.0,2013,172.0,176.0,4.0,4.0,PASS,35.4,False
Lucknow,2005-2014,ref_R3_midpoint,cand_A,A,32.0,2006,121.0,132.0,11.0,11.0,PASS,21.950000000000003,False
Lucknow,2005-2014,ref_R3_midpoint,cand_A,A,32.0,2007,116.0,133.0,17.0,17.0,PASS,21.950000000000003,False
Lucknow,2005-2014,ref_R3_midpoint,cand_A,A,32.0,2008,92.0,104.0,12.0,12.0,PASS,21.950000000000003,False
Lucknow,2005-2014,ref_R3_midpoint,cand_A,A,32.0,2009,110.0,123.0,13.0,13.0,PASS,21.950000000000003,False
Lucknow,2005-2014,ref_R3_midpoint,cand_A,A,32.0,2010,126.0,138.0,12.0,12.0,PASS,21.950000000000003,False
Lucknow,2005-2014,ref_R3_midpoint,cand_A,A,32.0,2011,110.0,118.0,8.0,8.0,PASS,21.950000000000003,False
Lucknow,2005-2014,ref_R3_midpoint,cand_A,A,32.0,2012,97.0,111.0,14.0,14.0,PASS,21.950000000000003,False
Lucknow,2005-2014,ref_R3_midpoint,cand_A,A,32.0,2013,106.0,119.0,13.0,13.0,PASS,21.950000000000003,False
Lucknow,2005-2014,ref_R3_midpoint,cand_B,B,28.0,2006,226.0,230.0,4.0,4.0,PASS,44.050000000000004,False
Lucknow,2005-2014,ref_R3_midpoint,cand_B,B,28.0,2007,219.0,222.0,3.0,3.0,PASS,44.050000000000004,False
Lucknow,2005-2014,ref_R3_midpoint,cand_B,B,28.0,2008,229.0,227.0,-2.0,2.0,PASS,44.050000000000004,False
Lucknow,2005-2014,ref_R3_midpoint,cand_B,B,28.0,2009,203.0,215.0,12.0,12.0,PASS,44.050000000000004,False
Lucknow,2005-2014,ref_R3_midpoint,cand_B,B,28.0,2010,234.0,238.0,4.0,4.0,PASS,44.050000000000004,False
Lucknow,2005-2014,ref_R3_midpoint,cand_B,B,28.0,2011,223.0,220.0,-3.0,3.0,PASS,44.050000000000004,False
Lucknow,2005-2014,ref_R3_midpoint,cand_B,B,28.0,2012,216.0,210.0,-6.0,6.0,PASS,44.050000000000004,False
Lucknow,2005-2014,ref_R3_midpoint,cand_B,B,28.0,2013,212.0,216.0,4.0,4.0,PASS,44.050000000000004,False
Lucknow,2005-2014,ref_R3_midpoint,cand_B,B,30.0,2006,188.0,187.0,-1.0,1.0,PASS,35.4,False
Lucknow,2005-2014,ref_R3_midpoint,cand_B,B,30.0,2007,182.0,173.0,-9.0,9.0,PASS,35.4,False
Lucknow,2005-2014,ref_R3_midpoint,cand_B,B,30.0,2008,172.0,156.0,-16.0,16.0,PASS,35.4,False
Lucknow,2005-2014,ref_R3_midpoint,cand_B,B,30.0,2009,170.0,167.0,-3.0,3.0,PASS,35.4,False
Lucknow,2005-2014,ref_R3_midpoint,cand_B,B,30.0,2010,185.0,196.0,11.0,11.0,PASS,35.4,False
Lucknow,2005-2014,ref_R3_midpoint,cand_B,B,30.0,2011,175.0,167.0,-8.0,8.0,PASS,35.4,False
Lucknow,2005-2014,ref_R3_midpoint,cand_B,B,30.0,2012,172.0,169.0,-3.0,3.0,PASS,35.4,False
Lucknow,2005-2014,ref_R3_midpoint,cand_B,B,30.0,2013,172.0,167.0,-5.0,5.0,PASS,35.4,False
Lucknow,2005-2014,ref_R3_midpoint,cand_B,B,32.0,2006,121.0,123.0,2.0,2.0,PASS,21.950000000000003,False
Lucknow,2005-2014,ref_R3_midpoint,cand_B,B,32.0,2007,116.0,124.0,8.0,8.0,PASS,21.950000000000003,False
Lucknow,2005-2014,ref_R3_midpoint,cand_B,B,32.0,2008,92.0,87.0,-5.0,5.0,PASS,21.950000000000003,False
Lucknow,2005-2014,ref_R3_midpoint,cand_B,B,32.0,2009,110.0,118.0,8.0,8.0,PASS,21.950000000000003,False
Lucknow,2005-2014,ref_R3_midpoint,cand_B,B,32.0,2010,126.0,127.0,1.0,1.0,PASS,21.950000000000003,False
Lucknow,2005-2014,ref_R3_midpoint,cand_B,B,32.0,2011,110.0,115.0,5.0,5.0,PASS,21.950000000000003,False
Lucknow,2005-2014,ref_R3_midpoint,cand_B,B,32.0,2012,97.0,103.0,6.0,6.0,PASS,21.950000000000003,False
Lucknow,2005-2014,ref_R3_midpoint,cand_B,B,32.0,2013,106.0,109.0,3.0,3.0,PASS,21.950000000000003,False
Lucknow,2005-2014,ref_R3_midpoint,cand_C,C,28.0,2006,226.0,239.0,13.0,13.0,PASS,44.050000000000004,False
Lucknow,2005-2014,ref_R3_midpoint,cand_C,C,28.0,2007,219.0,224.0,5.0,5.0,PASS,44.050000000000004,False
Lucknow,2005-2014,ref_R3_midpoint,cand_C,C,28.0,2008,229.0,239.0,10.0,10.0,PASS,44.050000000000004,False
Lucknow,2005-2014,ref_R3_midpoint,cand_C,C,28.0,2009,203.0,225.0,22.0,22.0,PASS,44.050000000000004,False
Lucknow,2005-2014,ref_R3_midpoint,cand_C,C,28.0,2010,234.0,242.0,8.0,8.0,PASS,44.050000000000004,False
Lucknow,2005-2014,ref_R3_midpoint,cand_C,C,28.0,2011,223.0,225.0,2.0,2.0,PASS,44.050000000000004,False
Lucknow,2005-2014,ref_R3_midpoint,cand_C,C,28.0,2012,216.0,216.0,0.0,0.0,PASS,44.050000000000004,False
Lucknow,2005-2014,ref_R3_midpoint,cand_C,C,28.0,2013,212.0,218.0,6.0,6.0,PASS,44.050000000000004,False
Lucknow,2005-2014,ref_R3_midpoint,cand_C,C,30.0,2006,188.0,193.0,5.0,5.0,PASS,35.4,False
Lucknow,2005-2014,ref_R3_midpoint,cand_C,C,30.0,2007,182.0,186.0,4.0,4.0,PASS,35.4,False
Lucknow,2005-2014,ref_R3_midpoint,cand_C,C,30.0,2008,172.0,165.0,-7.0,7.0,PASS,35.4,False
Lucknow,2005-2014,ref_R3_midpoint,cand_C,C,30.0,2009,170.0,172.0,2.0,2.0,PASS,35.4,False
Lucknow,2005-2014,ref_R3_midpoint,cand_C,C,30.0,2010,185.0,202.0,17.0,17.0,PASS,35.4,False
Lucknow,2005-2014,ref_R3_midpoint,cand_C,C,30.0,2011,175.0,176.0,1.0,1.0,PASS,35.4,False
Lucknow,2005-2014,ref_R3_midpoint,cand_C,C,30.0,2012,172.0,178.0,6.0,6.0,PASS,35.4,False
Lucknow,2005-2014,ref_R3_midpoint,cand_C,C,30.0,2013,172.0,176.0,4.0,4.0,PASS,35.4,False
Lucknow,2005-2014,ref_R3_midpoint,cand_C,C,32.0,2006,121.0,135.0,14.0,14.0,PASS,21.950000000000003,False
Lucknow,2005-2014,ref_R3_midpoint,cand_C,C,32.0,2007,116.0,137.0,21.0,21.0,PASS,21.950000000000003,False
Lucknow,2005-2014,ref_R3_midpoint,cand_C,C,32.0,2008,92.0,107.0,15.0,15.0,PASS,21.950000000000003,False
Lucknow,2005-2014,ref_R3_midpoint,cand_C,C,32.0,2009,110.0,125.0,15.0,15.0,PASS,21.950000000000003,False
Lucknow,2005-2014,ref_R3_midpoint,cand_C,C,32.0,2010,126.0,141.0,15.0,15.0,PASS,21.950000000000003,False
Lucknow,2005-2014,ref_R3_midpoint,cand_C,C,32.0,2011,110.0,122.0,12.0,12.0,PASS,21.950000000000003,False
Lucknow,2005-2014,ref_R3_midpoint,cand_C,C,32.0,2012,97.0,113.0,16.0,16.0,PASS,21.950000000000003,False
Lucknow,2005-2014,ref_R3_midpoint,cand_C,C,32.0,2013,106.0,118.0,12.0,12.0,PASS,21.950000000000003,False
Lucknow,2005-2014,ref_R3_midpoint,cand_D,D,28.0,2006,226.0,229.0,3.0,3.0,PASS,44.050000000000004,False
Lucknow,2005-2014,ref_R3_midpoint,cand_D,D,28.0,2007,219.0,223.0,4.0,4.0,PASS,44.050000000000004,False
Lucknow,2005-2014,ref_R3_midpoint,cand_D,D,28.0,2008,229.0,228.0,-1.0,1.0,PASS,44.050000000000004,False
Lucknow,2005-2014,ref_R3_midpoint,cand_D,D,28.0,2009,203.0,213.0,10.0,10.0,PASS,44.050000000000004,False
Lucknow,2005-2014,ref_R3_midpoint,cand_D,D,28.0,2010,234.0,237.0,3.0,3.0,PASS,44.050000000000004,False
Lucknow,2005-2014,ref_R3_midpoint,cand_D,D,28.0,2011,223.0,221.0,-2.0,2.0,PASS,44.050000000000004,False
Lucknow,2005-2014,ref_R3_midpoint,cand_D,D,28.0,2012,216.0,212.0,-4.0,4.0,PASS,44.050000000000004,False
Lucknow,2005-2014,ref_R3_midpoint,cand_D,D,28.0,2013,212.0,211.0,-1.0,1.0,PASS,44.050000000000004,False
Lucknow,2005-2014,ref_R3_midpoint,cand_D,D,30.0,2006,188.0,189.0,1.0,1.0,PASS,35.4,False
Lucknow,2005-2014,ref_R3_midpoint,cand_D,D,30.0,2007,182.0,175.0,-7.0,7.0,PASS,35.4,False
Lucknow,2005-2014,ref_R3_midpoint,cand_D,D,30.0,2008,172.0,158.0,-14.0,14.0,PASS,35.4,False
Lucknow,2005-2014,ref_R3_midpoint,cand_D,D,30.0,2009,170.0,166.0,-4.0,4.0,PASS,35.4,False
Lucknow,2005-2014,ref_R3_midpoint,cand_D,D,30.0,2010,185.0,194.0,9.0,9.0,PASS,35.4,False
Lucknow,2005-2014,ref_R3_midpoint,cand_D,D,30.0,2011,175.0,168.0,-7.0,7.0,PASS,35.4,False
Lucknow,2005-2014,ref_R3_midpoint,cand_D,D,30.0,2012,172.0,167.0,-5.0,5.0,PASS,35.4,False
Lucknow,2005-2014,ref_R3_midpoint,cand_D,D,30.0,2013,172.0,169.0,-3.0,3.0,PASS,35.4,False
Lucknow,2005-2014,ref_R3_midpoint,cand_D,D,32.0,2006,121.0,129.0,8.0,8.0,PASS,21.950000000000003,False
Lucknow,2005-2014,ref_R3_midpoint,cand_D,D,32.0,2007,116.0,125.0,9.0,9.0,PASS,21.950000000000003,False
Lucknow,2005-2014,ref_R3_midpoint,cand_D,D,32.0,2008,92.0,94.0,2.0,2.0,PASS,21.950000000000003,False
Lucknow,2005-2014,ref_R3_midpoint,cand_D,D,32.0,2009,110.0,120.0,10.0,10.0,PASS,21.950000000000003,False
Lucknow,2005-2014,ref_R3_midpoint,cand_D,D,32.0,2010,126.0,131.0,5.0,5.0,PASS,21.950000000000003,False
Lucknow,2005-2014,ref_R3_midpoint,cand_D,D,32.0,2011,110.0,118.0,8.0,8.0,PASS,21.950000000000003,False
Lucknow,2005-2014,ref_R3_midpoint,cand_D,D,32.0,2012,97.0,103.0,6.0,6.0,PASS,21.950000000000003,False
Lucknow,2005-2014,ref_R3_midpoint,cand_D,D,32.0,2013,106.0,109.0,3.0,3.0,PASS,21.950000000000003,False
Shimla,2005-2014,ref_audited,cand_A,A,28.0,2006,0.0,0.0,0.0,0.0,NOT GATED (rare event),,False
Shimla,2005-2014,ref_audited,cand_A,A,28.0,2007,2.0,0.0,-2.0,2.0,NOT GATED (rare event),,False
Shimla,2005-2014,ref_audited,cand_A,A,28.0,2008,3.0,0.0,-3.0,3.0,NOT GATED (rare event),,False
Shimla,2005-2014,ref_audited,cand_A,A,28.0,2009,1.0,0.0,-1.0,1.0,NOT GATED (rare event),,False
Shimla,2005-2014,ref_audited,cand_A,A,28.0,2010,1.0,0.0,-1.0,1.0,NOT GATED (rare event),,False
Shimla,2005-2014,ref_audited,cand_A,A,28.0,2011,0.0,0.0,0.0,0.0,NOT GATED (rare event),,False
Shimla,2005-2014,ref_audited,cand_A,A,28.0,2012,0.0,1.0,1.0,1.0,NOT GATED (rare event),,False
Shimla,2005-2014,ref_audited,cand_A,A,28.0,2013,0.0,1.0,1.0,1.0,NOT GATED (rare event),,False
Shimla,2005-2014,ref_audited,cand_A,A,30.0,2006,0.0,0.0,0.0,0.0,NOT GATED (rare event),,False
Shimla,2005-2014,ref_audited,cand_A,A,30.0,2007,0.0,0.0,0.0,0.0,NOT GATED (rare event),,False
Shimla,2005-2014,ref_audited,cand_A,A,30.0,2008,0.0,0.0,0.0,0.0,NOT GATED (rare event),,False
Shimla,2005-2014,ref_audited,cand_A,A,30.0,2009,0.0,0.0,0.0,0.0,NOT GATED (rare event),,False
Shimla,2005-2014,ref_audited,cand_A,A,30.0,2010,0.0,0.0,0.0,0.0,NOT GATED (rare event),,False
Shimla,2005-2014,ref_audited,cand_A,A,30.0,2011,0.0,0.0,0.0,0.0,NOT GATED (rare event),,False
Shimla,2005-2014,ref_audited,cand_A,A,30.0,2012,0.0,0.0,0.0,0.0,NOT GATED (rare event),,False
Shimla,2005-2014,ref_audited,cand_A,A,30.0,2013,0.0,0.0,0.0,0.0,NOT GATED (rare event),,False
Shimla,2005-2014,ref_audited,cand_A,A,32.0,2006,0.0,0.0,0.0,0.0,NOT GATED (rare event),,False
Shimla,2005-2014,ref_audited,cand_A,A,32.0,2007,0.0,0.0,0.0,0.0,NOT GATED (rare event),,False
Shimla,2005-2014,ref_audited,cand_A,A,32.0,2008,0.0,0.0,0.0,0.0,NOT GATED (rare event),,False
Shimla,2005-2014,ref_audited,cand_A,A,32.0,2009,0.0,0.0,0.0,0.0,NOT GATED (rare event),,False
Shimla,2005-2014,ref_audited,cand_A,A,32.0,2010,0.0,0.0,0.0,0.0,NOT GATED (rare event),,False
Shimla,2005-2014,ref_audited,cand_A,A,32.0,2011,0.0,0.0,0.0,0.0,NOT GATED (rare event),,False
Shimla,2005-2014,ref_audited,cand_A,A,32.0,2012,0.0,0.0,0.0,0.0,NOT GATED (rare event),,False
Shimla,2005-2014,ref_audited,cand_A,A,32.0,2013,0.0,0.0,0.0,0.0,NOT GATED (rare event),,False
Shimla,2005-2014,ref_audited,cand_B,B,28.0,2006,0.0,0.0,0.0,0.0,NOT GATED (rare event),,False
Shimla,2005-2014,ref_audited,cand_B,B,28.0,2007,2.0,0.0,-2.0,2.0,NOT GATED (rare event),,False
Shimla,2005-2014,ref_audited,cand_B,B,28.0,2008,3.0,0.0,-3.0,3.0,NOT GATED (rare event),,False
Shimla,2005-2014,ref_audited,cand_B,B,28.0,2009,1.0,0.0,-1.0,1.0,NOT GATED (rare event),,False
Shimla,2005-2014,ref_audited,cand_B,B,28.0,2010,1.0,0.0,-1.0,1.0,NOT GATED (rare event),,False
Shimla,2005-2014,ref_audited,cand_B,B,28.0,2011,0.0,0.0,0.0,0.0,NOT GATED (rare event),,False
Shimla,2005-2014,ref_audited,cand_B,B,28.0,2012,0.0,1.0,1.0,1.0,NOT GATED (rare event),,False
Shimla,2005-2014,ref_audited,cand_B,B,28.0,2013,0.0,0.0,0.0,0.0,NOT GATED (rare event),,False
Shimla,2005-2014,ref_audited,cand_B,B,30.0,2006,0.0,0.0,0.0,0.0,NOT GATED (rare event),,False
Shimla,2005-2014,ref_audited,cand_B,B,30.0,2007,0.0,0.0,0.0,0.0,NOT GATED (rare event),,False
Shimla,2005-2014,ref_audited,cand_B,B,30.0,2008,0.0,0.0,0.0,0.0,NOT GATED (rare event),,False
Shimla,2005-2014,ref_audited,cand_B,B,30.0,2009,0.0,0.0,0.0,0.0,NOT GATED (rare event),,False
Shimla,2005-2014,ref_audited,cand_B,B,30.0,2010,0.0,0.0,0.0,0.0,NOT GATED (rare event),,False
Shimla,2005-2014,ref_audited,cand_B,B,30.0,2011,0.0,0.0,0.0,0.0,NOT GATED (rare event),,False
Shimla,2005-2014,ref_audited,cand_B,B,30.0,2012,0.0,0.0,0.0,0.0,NOT GATED (rare event),,False
Shimla,2005-2014,ref_audited,cand_B,B,30.0,2013,0.0,0.0,0.0,0.0,NOT GATED (rare event),,False
Shimla,2005-2014,ref_audited,cand_B,B,32.0,2006,0.0,0.0,0.0,0.0,NOT GATED (rare event),,False
Shimla,2005-2014,ref_audited,cand_B,B,32.0,2007,0.0,0.0,0.0,0.0,NOT GATED (rare event),,False
Shimla,2005-2014,ref_audited,cand_B,B,32.0,2008,0.0,0.0,0.0,0.0,NOT GATED (rare event),,False
Shimla,2005-2014,ref_audited,cand_B,B,32.0,2009,0.0,0.0,0.0,0.0,NOT GATED (rare event),,False
Shimla,2005-2014,ref_audited,cand_B,B,32.0,2010,0.0,0.0,0.0,0.0,NOT GATED (rare event),,False
Shimla,2005-2014,ref_audited,cand_B,B,32.0,2011,0.0,0.0,0.0,0.0,NOT GATED (rare event),,False
Shimla,2005-2014,ref_audited,cand_B,B,32.0,2012,0.0,0.0,0.0,0.0,NOT GATED (rare event),,False
Shimla,2005-2014,ref_audited,cand_B,B,32.0,2013,0.0,0.0,0.0,0.0,NOT GATED (rare event),,False
Shimla,2005-2014,ref_audited,cand_C,C,28.0,2006,0.0,3.0,3.0,3.0,NOT GATED (rare event),,False
Shimla,2005-2014,ref_audited,cand_C,C,28.0,2007,2.0,1.0,-1.0,1.0,NOT GATED (rare event),,False
Shimla,2005-2014,ref_audited,cand_C,C,28.0,2008,3.0,3.0,0.0,0.0,NOT GATED (rare event),,False
Shimla,2005-2014,ref_audited,cand_C,C,28.0,2009,1.0,0.0,-1.0,1.0,NOT GATED (rare event),,False
Shimla,2005-2014,ref_audited,cand_C,C,28.0,2010,1.0,1.0,0.0,0.0,NOT GATED (rare event),,False
Shimla,2005-2014,ref_audited,cand_C,C,28.0,2011,0.0,1.0,1.0,1.0,NOT GATED (rare event),,False
Shimla,2005-2014,ref_audited,cand_C,C,28.0,2012,0.0,2.0,2.0,2.0,NOT GATED (rare event),,False
Shimla,2005-2014,ref_audited,cand_C,C,28.0,2013,0.0,3.0,3.0,3.0,NOT GATED (rare event),,False
Shimla,2005-2014,ref_audited,cand_C,C,30.0,2006,0.0,0.0,0.0,0.0,NOT GATED (rare event),,False
Shimla,2005-2014,ref_audited,cand_C,C,30.0,2007,0.0,0.0,0.0,0.0,NOT GATED (rare event),,False
Shimla,2005-2014,ref_audited,cand_C,C,30.0,2008,0.0,0.0,0.0,0.0,NOT GATED (rare event),,False
Shimla,2005-2014,ref_audited,cand_C,C,30.0,2009,0.0,0.0,0.0,0.0,NOT GATED (rare event),,False
Shimla,2005-2014,ref_audited,cand_C,C,30.0,2010,0.0,0.0,0.0,0.0,NOT GATED (rare event),,False
Shimla,2005-2014,ref_audited,cand_C,C,30.0,2011,0.0,0.0,0.0,0.0,NOT GATED (rare event),,False
Shimla,2005-2014,ref_audited,cand_C,C,30.0,2012,0.0,0.0,0.0,0.0,NOT GATED (rare event),,False
Shimla,2005-2014,ref_audited,cand_C,C,30.0,2013,0.0,0.0,0.0,0.0,NOT GATED (rare event),,False
Shimla,2005-2014,ref_audited,cand_C,C,32.0,2006,0.0,0.0,0.0,0.0,NOT GATED (rare event),,False
Shimla,2005-2014,ref_audited,cand_C,C,32.0,2007,0.0,0.0,0.0,0.0,NOT GATED (rare event),,False
Shimla,2005-2014,ref_audited,cand_C,C,32.0,2008,0.0,0.0,0.0,0.0,NOT GATED (rare event),,False
Shimla,2005-2014,ref_audited,cand_C,C,32.0,2009,0.0,0.0,0.0,0.0,NOT GATED (rare event),,False
Shimla,2005-2014,ref_audited,cand_C,C,32.0,2010,0.0,0.0,0.0,0.0,NOT GATED (rare event),,False
Shimla,2005-2014,ref_audited,cand_C,C,32.0,2011,0.0,0.0,0.0,0.0,NOT GATED (rare event),,False
Shimla,2005-2014,ref_audited,cand_C,C,32.0,2012,0.0,0.0,0.0,0.0,NOT GATED (rare event),,False
Shimla,2005-2014,ref_audited,cand_C,C,32.0,2013,0.0,0.0,0.0,0.0,NOT GATED (rare event),,False
Shimla,2005-2014,ref_audited,cand_D,D,28.0,2006,0.0,2.0,2.0,2.0,NOT GATED (rare event),,False
Shimla,2005-2014,ref_audited,cand_D,D,28.0,2007,2.0,0.0,-2.0,2.0,NOT GATED (rare event),,False
Shimla,2005-2014,ref_audited,cand_D,D,28.0,2008,3.0,0.0,-3.0,3.0,NOT GATED (rare event),,False
Shimla,2005-2014,ref_audited,cand_D,D,28.0,2009,1.0,0.0,-1.0,1.0,NOT GATED (rare event),,False
Shimla,2005-2014,ref_audited,cand_D,D,28.0,2010,1.0,1.0,0.0,0.0,NOT GATED (rare event),,False
Shimla,2005-2014,ref_audited,cand_D,D,28.0,2011,0.0,0.0,0.0,0.0,NOT GATED (rare event),,False
Shimla,2005-2014,ref_audited,cand_D,D,28.0,2012,0.0,1.0,1.0,1.0,NOT GATED (rare event),,False
Shimla,2005-2014,ref_audited,cand_D,D,28.0,2013,0.0,0.0,0.0,0.0,NOT GATED (rare event),,False
Shimla,2005-2014,ref_audited,cand_D,D,30.0,2006,0.0,0.0,0.0,0.0,NOT GATED (rare event),,False
Shimla,2005-2014,ref_audited,cand_D,D,30.0,2007,0.0,0.0,0.0,0.0,NOT GATED (rare event),,False
Shimla,2005-2014,ref_audited,cand_D,D,30.0,2008,0.0,0.0,0.0,0.0,NOT GATED (rare event),,False
Shimla,2005-2014,ref_audited,cand_D,D,30.0,2009,0.0,0.0,0.0,0.0,NOT GATED (rare event),,False
Shimla,2005-2014,ref_audited,cand_D,D,30.0,2010,0.0,0.0,0.0,0.0,NOT GATED (rare event),,False
Shimla,2005-2014,ref_audited,cand_D,D,30.0,2011,0.0,0.0,0.0,0.0,NOT GATED (rare event),,False
Shimla,2005-2014,ref_audited,cand_D,D,30.0,2012,0.0,0.0,0.0,0.0,NOT GATED (rare event),,False
Shimla,2005-2014,ref_audited,cand_D,D,30.0,2013,0.0,0.0,0.0,0.0,NOT GATED (rare event),,False
Shimla,2005-2014,ref_audited,cand_D,D,32.0,2006,0.0,0.0,0.0,0.0,NOT GATED (rare event),,False
Shimla,2005-2014,ref_audited,cand_D,D,32.0,2007,0.0,0.0,0.0,0.0,NOT GATED (rare event),,False
Shimla,2005-2014,ref_audited,cand_D,D,32.0,2008,0.0,0.0,0.0,0.0,NOT GATED (rare event),,False
Shimla,2005-2014,ref_audited,cand_D,D,32.0,2009,0.0,0.0,0.0,0.0,NOT GATED (rare event),,False
Shimla,2005-2014,ref_audited,cand_D,D,32.0,2010,0.0,0.0,0.0,0.0,NOT GATED (rare event),,False
Shimla,2005-2014,ref_audited,cand_D,D,32.0,2011,0.0,0.0,0.0,0.0,NOT GATED (rare event),,False
Shimla,2005-2014,ref_audited,cand_D,D,32.0,2012,0.0,0.0,0.0,0.0,NOT GATED (rare event),,False
Shimla,2005-2014,ref_audited,cand_D,D,32.0,2013,0.0,0.0,0.0,0.0,NOT GATED (rare event),,False
Shimla,2005-2014,ref_R3_midpoint,cand_A,A,28.0,2006,0.0,0.0,0.0,0.0,NOT GATED (rare event),,False
Shimla,2005-2014,ref_R3_midpoint,cand_A,A,28.0,2007,1.0,0.0,-1.0,1.0,NOT GATED (rare event),,False
Shimla,2005-2014,ref_R3_midpoint,cand_A,A,28.0,2008,2.0,0.0,-2.0,2.0,NOT GATED (rare event),,False
Shimla,2005-2014,ref_R3_midpoint,cand_A,A,28.0,2009,0.0,0.0,0.0,0.0,NOT GATED (rare event),,False
Shimla,2005-2014,ref_R3_midpoint,cand_A,A,28.0,2010,1.0,0.0,-1.0,1.0,NOT GATED (rare event),,False
Shimla,2005-2014,ref_R3_midpoint,cand_A,A,28.0,2011,0.0,0.0,0.0,0.0,NOT GATED (rare event),,False
Shimla,2005-2014,ref_R3_midpoint,cand_A,A,28.0,2012,0.0,1.0,1.0,1.0,NOT GATED (rare event),,False
Shimla,2005-2014,ref_R3_midpoint,cand_A,A,28.0,2013,0.0,1.0,1.0,1.0,NOT GATED (rare event),,False
Shimla,2005-2014,ref_R3_midpoint,cand_A,A,30.0,2006,0.0,0.0,0.0,0.0,NOT GATED (rare event),,False
Shimla,2005-2014,ref_R3_midpoint,cand_A,A,30.0,2007,0.0,0.0,0.0,0.0,NOT GATED (rare event),,False
Shimla,2005-2014,ref_R3_midpoint,cand_A,A,30.0,2008,0.0,0.0,0.0,0.0,NOT GATED (rare event),,False
Shimla,2005-2014,ref_R3_midpoint,cand_A,A,30.0,2009,0.0,0.0,0.0,0.0,NOT GATED (rare event),,False
Shimla,2005-2014,ref_R3_midpoint,cand_A,A,30.0,2010,0.0,0.0,0.0,0.0,NOT GATED (rare event),,False
Shimla,2005-2014,ref_R3_midpoint,cand_A,A,30.0,2011,0.0,0.0,0.0,0.0,NOT GATED (rare event),,False
Shimla,2005-2014,ref_R3_midpoint,cand_A,A,30.0,2012,0.0,0.0,0.0,0.0,NOT GATED (rare event),,False
Shimla,2005-2014,ref_R3_midpoint,cand_A,A,30.0,2013,0.0,0.0,0.0,0.0,NOT GATED (rare event),,False
Shimla,2005-2014,ref_R3_midpoint,cand_A,A,32.0,2006,0.0,0.0,0.0,0.0,NOT GATED (rare event),,False
Shimla,2005-2014,ref_R3_midpoint,cand_A,A,32.0,2007,0.0,0.0,0.0,0.0,NOT GATED (rare event),,False
Shimla,2005-2014,ref_R3_midpoint,cand_A,A,32.0,2008,0.0,0.0,0.0,0.0,NOT GATED (rare event),,False
Shimla,2005-2014,ref_R3_midpoint,cand_A,A,32.0,2009,0.0,0.0,0.0,0.0,NOT GATED (rare event),,False
Shimla,2005-2014,ref_R3_midpoint,cand_A,A,32.0,2010,0.0,0.0,0.0,0.0,NOT GATED (rare event),,False
Shimla,2005-2014,ref_R3_midpoint,cand_A,A,32.0,2011,0.0,0.0,0.0,0.0,NOT GATED (rare event),,False
Shimla,2005-2014,ref_R3_midpoint,cand_A,A,32.0,2012,0.0,0.0,0.0,0.0,NOT GATED (rare event),,False
Shimla,2005-2014,ref_R3_midpoint,cand_A,A,32.0,2013,0.0,0.0,0.0,0.0,NOT GATED (rare event),,False
Shimla,2005-2014,ref_R3_midpoint,cand_B,B,28.0,2006,0.0,0.0,0.0,0.0,NOT GATED (rare event),,False
Shimla,2005-2014,ref_R3_midpoint,cand_B,B,28.0,2007,1.0,0.0,-1.0,1.0,NOT GATED (rare event),,False
Shimla,2005-2014,ref_R3_midpoint,cand_B,B,28.0,2008,2.0,0.0,-2.0,2.0,NOT GATED (rare event),,False
Shimla,2005-2014,ref_R3_midpoint,cand_B,B,28.0,2009,0.0,0.0,0.0,0.0,NOT GATED (rare event),,False
Shimla,2005-2014,ref_R3_midpoint,cand_B,B,28.0,2010,1.0,0.0,-1.0,1.0,NOT GATED (rare event),,False
Shimla,2005-2014,ref_R3_midpoint,cand_B,B,28.0,2011,0.0,0.0,0.0,0.0,NOT GATED (rare event),,False
Shimla,2005-2014,ref_R3_midpoint,cand_B,B,28.0,2012,0.0,1.0,1.0,1.0,NOT GATED (rare event),,False
Shimla,2005-2014,ref_R3_midpoint,cand_B,B,28.0,2013,0.0,0.0,0.0,0.0,NOT GATED (rare event),,False
Shimla,2005-2014,ref_R3_midpoint,cand_B,B,30.0,2006,0.0,0.0,0.0,0.0,NOT GATED (rare event),,False
Shimla,2005-2014,ref_R3_midpoint,cand_B,B,30.0,2007,0.0,0.0,0.0,0.0,NOT GATED (rare event),,False
Shimla,2005-2014,ref_R3_midpoint,cand_B,B,30.0,2008,0.0,0.0,0.0,0.0,NOT GATED (rare event),,False
Shimla,2005-2014,ref_R3_midpoint,cand_B,B,30.0,2009,0.0,0.0,0.0,0.0,NOT GATED (rare event),,False
Shimla,2005-2014,ref_R3_midpoint,cand_B,B,30.0,2010,0.0,0.0,0.0,0.0,NOT GATED (rare event),,False
Shimla,2005-2014,ref_R3_midpoint,cand_B,B,30.0,2011,0.0,0.0,0.0,0.0,NOT GATED (rare event),,False
Shimla,2005-2014,ref_R3_midpoint,cand_B,B,30.0,2012,0.0,0.0,0.0,0.0,NOT GATED (rare event),,False
Shimla,2005-2014,ref_R3_midpoint,cand_B,B,30.0,2013,0.0,0.0,0.0,0.0,NOT GATED (rare event),,False
Shimla,2005-2014,ref_R3_midpoint,cand_B,B,32.0,2006,0.0,0.0,0.0,0.0,NOT GATED (rare event),,False
Shimla,2005-2014,ref_R3_midpoint,cand_B,B,32.0,2007,0.0,0.0,0.0,0.0,NOT GATED (rare event),,False
Shimla,2005-2014,ref_R3_midpoint,cand_B,B,32.0,2008,0.0,0.0,0.0,0.0,NOT GATED (rare event),,False
Shimla,2005-2014,ref_R3_midpoint,cand_B,B,32.0,2009,0.0,0.0,0.0,0.0,NOT GATED (rare event),,False
Shimla,2005-2014,ref_R3_midpoint,cand_B,B,32.0,2010,0.0,0.0,0.0,0.0,NOT GATED (rare event),,False
Shimla,2005-2014,ref_R3_midpoint,cand_B,B,32.0,2011,0.0,0.0,0.0,0.0,NOT GATED (rare event),,False
Shimla,2005-2014,ref_R3_midpoint,cand_B,B,32.0,2012,0.0,0.0,0.0,0.0,NOT GATED (rare event),,False
Shimla,2005-2014,ref_R3_midpoint,cand_B,B,32.0,2013,0.0,0.0,0.0,0.0,NOT GATED (rare event),,False
Shimla,2005-2014,ref_R3_midpoint,cand_C,C,28.0,2006,0.0,3.0,3.0,3.0,NOT GATED (rare event),,False
Shimla,2005-2014,ref_R3_midpoint,cand_C,C,28.0,2007,1.0,1.0,0.0,0.0,NOT GATED (rare event),,False
Shimla,2005-2014,ref_R3_midpoint,cand_C,C,28.0,2008,2.0,3.0,1.0,1.0,NOT GATED (rare event),,False
Shimla,2005-2014,ref_R3_midpoint,cand_C,C,28.0,2009,0.0,0.0,0.0,0.0,NOT GATED (rare event),,False
Shimla,2005-2014,ref_R3_midpoint,cand_C,C,28.0,2010,1.0,1.0,0.0,0.0,NOT GATED (rare event),,False
Shimla,2005-2014,ref_R3_midpoint,cand_C,C,28.0,2011,0.0,1.0,1.0,1.0,NOT GATED (rare event),,False
Shimla,2005-2014,ref_R3_midpoint,cand_C,C,28.0,2012,0.0,2.0,2.0,2.0,NOT GATED (rare event),,False
Shimla,2005-2014,ref_R3_midpoint,cand_C,C,28.0,2013,0.0,3.0,3.0,3.0,NOT GATED (rare event),,False
Shimla,2005-2014,ref_R3_midpoint,cand_C,C,30.0,2006,0.0,0.0,0.0,0.0,NOT GATED (rare event),,False
Shimla,2005-2014,ref_R3_midpoint,cand_C,C,30.0,2007,0.0,0.0,0.0,0.0,NOT GATED (rare event),,False
Shimla,2005-2014,ref_R3_midpoint,cand_C,C,30.0,2008,0.0,0.0,0.0,0.0,NOT GATED (rare event),,False
Shimla,2005-2014,ref_R3_midpoint,cand_C,C,30.0,2009,0.0,0.0,0.0,0.0,NOT GATED (rare event),,False
Shimla,2005-2014,ref_R3_midpoint,cand_C,C,30.0,2010,0.0,0.0,0.0,0.0,NOT GATED (rare event),,False
Shimla,2005-2014,ref_R3_midpoint,cand_C,C,30.0,2011,0.0,0.0,0.0,0.0,NOT GATED (rare event),,False
Shimla,2005-2014,ref_R3_midpoint,cand_C,C,30.0,2012,0.0,0.0,0.0,0.0,NOT GATED (rare event),,False
Shimla,2005-2014,ref_R3_midpoint,cand_C,C,30.0,2013,0.0,0.0,0.0,0.0,NOT GATED (rare event),,False
Shimla,2005-2014,ref_R3_midpoint,cand_C,C,32.0,2006,0.0,0.0,0.0,0.0,NOT GATED (rare event),,False
Shimla,2005-2014,ref_R3_midpoint,cand_C,C,32.0,2007,0.0,0.0,0.0,0.0,NOT GATED (rare event),,False
Shimla,2005-2014,ref_R3_midpoint,cand_C,C,32.0,2008,0.0,0.0,0.0,0.0,NOT GATED (rare event),,False
Shimla,2005-2014,ref_R3_midpoint,cand_C,C,32.0,2009,0.0,0.0,0.0,0.0,NOT GATED (rare event),,False
Shimla,2005-2014,ref_R3_midpoint,cand_C,C,32.0,2010,0.0,0.0,0.0,0.0,NOT GATED (rare event),,False
Shimla,2005-2014,ref_R3_midpoint,cand_C,C,32.0,2011,0.0,0.0,0.0,0.0,NOT GATED (rare event),,False
Shimla,2005-2014,ref_R3_midpoint,cand_C,C,32.0,2012,0.0,0.0,0.0,0.0,NOT GATED (rare event),,False
Shimla,2005-2014,ref_R3_midpoint,cand_C,C,32.0,2013,0.0,0.0,0.0,0.0,NOT GATED (rare event),,False
Shimla,2005-2014,ref_R3_midpoint,cand_D,D,28.0,2006,0.0,2.0,2.0,2.0,NOT GATED (rare event),,False
Shimla,2005-2014,ref_R3_midpoint,cand_D,D,28.0,2007,1.0,0.0,-1.0,1.0,NOT GATED (rare event),,False
Shimla,2005-2014,ref_R3_midpoint,cand_D,D,28.0,2008,2.0,0.0,-2.0,2.0,NOT GATED (rare event),,False
Shimla,2005-2014,ref_R3_midpoint,cand_D,D,28.0,2009,0.0,0.0,0.0,0.0,NOT GATED (rare event),,False
Shimla,2005-2014,ref_R3_midpoint,cand_D,D,28.0,2010,1.0,1.0,0.0,0.0,NOT GATED (rare event),,False
Shimla,2005-2014,ref_R3_midpoint,cand_D,D,28.0,2011,0.0,0.0,0.0,0.0,NOT GATED (rare event),,False
Shimla,2005-2014,ref_R3_midpoint,cand_D,D,28.0,2012,0.0,1.0,1.0,1.0,NOT GATED (rare event),,False
Shimla,2005-2014,ref_R3_midpoint,cand_D,D,28.0,2013,0.0,0.0,0.0,0.0,NOT GATED (rare event),,False
Shimla,2005-2014,ref_R3_midpoint,cand_D,D,30.0,2006,0.0,0.0,0.0,0.0,NOT GATED (rare event),,False
Shimla,2005-2014,ref_R3_midpoint,cand_D,D,30.0,2007,0.0,0.0,0.0,0.0,NOT GATED (rare event),,False
Shimla,2005-2014,ref_R3_midpoint,cand_D,D,30.0,2008,0.0,0.0,0.0,0.0,NOT GATED (rare event),,False
Shimla,2005-2014,ref_R3_midpoint,cand_D,D,30.0,2009,0.0,0.0,0.0,0.0,NOT GATED (rare event),,False
Shimla,2005-2014,ref_R3_midpoint,cand_D,D,30.0,2010,0.0,0.0,0.0,0.0,NOT GATED (rare event),,False
Shimla,2005-2014,ref_R3_midpoint,cand_D,D,30.0,2011,0.0,0.0,0.0,0.0,NOT GATED (rare event),,False
Shimla,2005-2014,ref_R3_midpoint,cand_D,D,30.0,2012,0.0,0.0,0.0,0.0,NOT GATED (rare event),,False
Shimla,2005-2014,ref_R3_midpoint,cand_D,D,30.0,2013,0.0,0.0,0.0,0.0,NOT GATED (rare event),,False
Shimla,2005-2014,ref_R3_midpoint,cand_D,D,32.0,2006,0.0,0.0,0.0,0.0,NOT GATED (rare event),,False
Shimla,2005-2014,ref_R3_midpoint,cand_D,D,32.0,2007,0.0,0.0,0.0,0.0,NOT GATED (rare event),,False
Shimla,2005-2014,ref_R3_midpoint,cand_D,D,32.0,2008,0.0,0.0,0.0,0.0,NOT GATED (rare event),,False
Shimla,2005-2014,ref_R3_midpoint,cand_D,D,32.0,2009,0.0,0.0,0.0,0.0,NOT GATED (rare event),,False
Shimla,2005-2014,ref_R3_midpoint,cand_D,D,32.0,2010,0.0,0.0,0.0,0.0,NOT GATED (rare event),,False
Shimla,2005-2014,ref_R3_midpoint,cand_D,D,32.0,2011,0.0,0.0,0.0,0.0,NOT GATED (rare event),,False
Shimla,2005-2014,ref_R3_midpoint,cand_D,D,32.0,2012,0.0,0.0,0.0,0.0,NOT GATED (rare event),,False
Shimla,2005-2014,ref_R3_midpoint,cand_D,D,32.0,2013,0.0,0.0,0.0,0.0,NOT GATED (rare event),,False
