site,window,policy,method,year,threshold,reference_days,candidate_days,absolute_count_error,false_positives,missed_events,annual_mean_error
Kochi,2005-2014,reproduction,shipped,2005,28,124,0,124,0,124,-2.1601840919219852
Kochi,2005-2014,reproduction,shipped,2005,30,8,0,8,0,8,-2.1601840919219852
Kochi,2005-2014,reproduction,shipped,2005,32,0,0,0,0,0,-2.1601840919219852
Kochi,2005-2014,reproduction,shipped,2006,28,115,0,115,0,115,-2.1836052190074993
Kochi,2005-2014,reproduction,shipped,2006,30,1,0,1,0,1,-2.1836052190074993
Kochi,2005-2014,reproduction,shipped,2006,32,0,0,0,0,0,-2.1836052190074993
Kochi,2005-2014,reproduction,shipped,2007,28,114,1,113,0,113,-2.1389798261351265
Kochi,2005-2014,reproduction,shipped,2007,30,2,0,2,0,2,-2.1389798261351265
Kochi,2005-2014,reproduction,shipped,2007,32,0,0,0,0,0,-2.1389798261351265
Kochi,2005-2014,reproduction,shipped,2008,28,107,0,107,0,107,-2.1314641403729193
Kochi,2005-2014,reproduction,shipped,2008,30,0,0,0,0,0,-2.1314641403729193
Kochi,2005-2014,reproduction,shipped,2008,32,0,0,0,0,0,-2.1314641403729193
Kochi,2005-2014,reproduction,shipped,2009,28,121,0,121,0,121,-2.0120491827528846
Kochi,2005-2014,reproduction,shipped,2009,30,0,0,0,0,0,-2.0120491827528846
Kochi,2005-2014,reproduction,shipped,2009,32,0,0,0,0,0,-2.0120491827528846
Kochi,2005-2014,reproduction,shipped,2010,28,140,3,137,0,137,-2.0338262585656866
Kochi,2005-2014,reproduction,shipped,2010,30,18,0,18,0,18,-2.0338262585656866
Kochi,2005-2014,reproduction,shipped,2010,32,0,0,0,0,0,-2.0338262585656866
Kochi,2005-2014,reproduction,shipped,2011,28,118,0,118,0,118,-2.139036398619442
Kochi,2005-2014,reproduction,shipped,2011,30,1,0,1,0,1,-2.139036398619442
Kochi,2005-2014,reproduction,shipped,2011,32,0,0,0,0,0,-2.139036398619442
Kochi,2005-2014,reproduction,shipped,2012,28,127,0,127,0,127,-2.0687603520749285
Kochi,2005-2014,reproduction,shipped,2012,30,3,0,3,0,3,-2.0687603520749285
Kochi,2005-2014,reproduction,shipped,2012,32,0,0,0,0,0,-2.0687603520749285
Kochi,2005-2014,reproduction,shipped,2013,28,121,3,118,0,118,-1.9993329003775122
Kochi,2005-2014,reproduction,shipped,2013,30,9,0,9,0,9,-1.9993329003775122
Kochi,2005-2014,reproduction,shipped,2013,32,0,0,0,0,0,-1.9993329003775122
Kochi,2005-2014,reproduction,shipped,2014,28,188,4,184,0,184,-2.1327340969897373
Kochi,2005-2014,reproduction,shipped,2014,30,10,0,10,0,10,-2.1327340969897373
Kochi,2005-2014,reproduction,shipped,2014,32,0,0,0,0,0,-2.1327340969897373
Kochi,2005-2014,reproduction,candidate,2005,28,124,137,13,30,17,0.11798837758044758
Kochi,2005-2014,reproduction,candidate,2005,30,8,22,14,17,3,0.11798837758044758
Kochi,2005-2014,reproduction,candidate,2005,32,0,0,0,0,0,0.11798837758044758
Kochi,2005-2014,reproduction,candidate,2006,28,115,134,19,40,21,0.21225499921850888
Kochi,2005-2014,reproduction,candidate,2006,30,1,11,10,10,0,0.21225499921850888
Kochi,2005-2014,reproduction,candidate,2006,32,0,0,0,0,0,0.21225499921850888
Kochi,2005-2014,reproduction,candidate,2007,28,114,150,36,59,23,0.2757902909251703
Kochi,2005-2014,reproduction,candidate,2007,30,2,25,23,24,1,0.2757902909251703
Kochi,2005-2014,reproduction,candidate,2007,32,0,0,0,0,0,0.2757902909251703
Kochi,2005-2014,reproduction,candidate,2008,28,107,126,19,43,24,0.15654584581599476
Kochi,2005-2014,reproduction,candidate,2008,30,0,1,1,1,0,0.15654584581599476
Kochi,2005-2014,reproduction,candidate,2008,32,0,0,0,0,0,0.15654584581599476
Kochi,2005-2014,reproduction,candidate,2009,28,121,147,26,52,26,0.24813726979301653
Kochi,2005-2014,reproduction,candidate,2009,30,0,15,15,15,0,0.24813726979301653
Kochi,2005-2014,reproduction,candidate,2009,32,0,0,0,0,0,0.24813726979301653
Kochi,2005-2014,reproduction,candidate,2010,28,140,159,19,38,19,0.13267542398459903
Kochi,2005-2014,reproduction,candidate,2010,30,18,50,32,39,7,0.13267542398459903
Kochi,2005-2014,reproduction,candidate,2010,32,0,0,0,0,0,0.13267542398459903
Kochi,2005-2014,reproduction,candidate,2011,28,118,148,30,61,31,0.2237137647138154
Kochi,2005-2014,reproduction,candidate,2011,30,1,10,9,10,1,0.2237137647138154
Kochi,2005-2014,reproduction,candidate,2011,32,0,0,0,0,0,0.2237137647138154
Kochi,2005-2014,reproduction,candidate,2012,28,127,168,41,60,19,0.30934551583732844
Kochi,2005-2014,reproduction,candidate,2012,30,3,26,23,24,1,0.30934551583732844
Kochi,2005-2014,reproduction,candidate,2012,32,0,0,0,0,0,0.30934551583732844
Kochi,2005-2014,reproduction,candidate,2013,28,121,164,43,57,14,0.29901952136235266
Kochi,2005-2014,reproduction,candidate,2013,30,9,33,24,24,0,0.29901952136235266
Kochi,2005-2014,reproduction,candidate,2013,32,0,0,0,0,0,0.29901952136235266
Kochi,2005-2014,reproduction,candidate,2014,28,188,186,2,38,40,0.149070094698599
Kochi,2005-2014,reproduction,candidate,2014,30,10,38,28,32,4,0.149070094698599
Kochi,2005-2014,reproduction,candidate,2014,32,0,0,0,0,0,0.149070094698599
Kochi,2005-2014,reproduction,hourly_stull,2005,28,124,119,5,1,6,-0.03796113121592508
Kochi,2005-2014,reproduction,hourly_stull,2005,30,8,9,1,2,1,-0.03796113121592508
Kochi,2005-2014,reproduction,hourly_stull,2005,32,0,0,0,0,0,-0.03796113121592508
Kochi,2005-2014,reproduction,hourly_stull,2006,28,115,110,5,1,6,-0.03858081352897303
Kochi,2005-2014,reproduction,hourly_stull,2006,30,1,1,0,0,0,-0.03858081352897303
Kochi,2005-2014,reproduction,hourly_stull,2006,32,0,0,0,0,0,-0.03858081352897303
Kochi,2005-2014,reproduction,hourly_stull,2007,28,114,111,3,0,3,-0.03321286826556869
Kochi,2005-2014,reproduction,hourly_stull,2007,30,2,2,0,0,0,-0.03321286826556869
Kochi,2005-2014,reproduction,hourly_stull,2007,32,0,0,0,0,0,-0.03321286826556869
Kochi,2005-2014,reproduction,hourly_stull,2008,28,107,97,10,1,11,-0.05051276352072664
Kochi,2005-2014,reproduction,hourly_stull,2008,30,0,0,0,0,0,-0.05051276352072664
Kochi,2005-2014,reproduction,hourly_stull,2008,32,0,0,0,0,0,-0.05051276352072664
Kochi,2005-2014,reproduction,hourly_stull,2009,28,121,118,3,1,4,-0.04043139028136078
Kochi,2005-2014,reproduction,hourly_stull,2009,30,0,0,0,0,0,-0.04043139028136078
Kochi,2005-2014,reproduction,hourly_stull,2009,32,0,0,0,0,0,-0.04043139028136078
Kochi,2005-2014,reproduction,hourly_stull,2010,28,140,140,0,2,2,-0.03189471957159825
Kochi,2005-2014,reproduction,hourly_stull,2010,30,18,16,2,0,2,-0.03189471957159825
Kochi,2005-2014,reproduction,hourly_stull,2010,32,0,0,0,0,0,-0.03189471957159825
Kochi,2005-2014,reproduction,hourly_stull,2011,28,118,106,12,0,12,-0.036863731401803816
Kochi,2005-2014,reproduction,hourly_stull,2011,30,1,1,0,0,0,-0.036863731401803816
Kochi,2005-2014,reproduction,hourly_stull,2011,32,0,0,0,0,0,-0.036863731401803816
Kochi,2005-2014,reproduction,hourly_stull,2012,28,127,120,7,0,7,-0.034584389995456835
Kochi,2005-2014,reproduction,hourly_stull,2012,30,3,3,0,0,0,-0.034584389995456835
Kochi,2005-2014,reproduction,hourly_stull,2012,32,0,0,0,0,0,-0.034584389995456835
Kochi,2005-2014,reproduction,hourly_stull,2013,28,121,113,8,0,8,-0.031303787634871356
Kochi,2005-2014,reproduction,hourly_stull,2013,30,9,10,1,1,0,-0.031303787634871356
Kochi,2005-2014,reproduction,hourly_stull,2013,32,0,0,0,0,0,-0.031303787634871356
Kochi,2005-2014,reproduction,hourly_stull,2014,28,188,179,9,1,10,-0.033446800293877484
Kochi,2005-2014,reproduction,hourly_stull,2014,30,10,11,1,1,0,-0.033446800293877484
Kochi,2005-2014,reproduction,hourly_stull,2014,32,0,0,0,0,0,-0.033446800293877484
Kochi,2005-2014,reproduction,bernard,2005,28,124,124,0,0,0,0.0
Kochi,2005-2014,reproduction,bernard,2005,30,8,8,0,0,0,0.0
Kochi,2005-2014,reproduction,bernard,2005,32,0,0,0,0,0,0.0
Kochi,2005-2014,reproduction,bernard,2006,28,115,115,0,0,0,0.0
Kochi,2005-2014,reproduction,bernard,2006,30,1,1,0,0,0,0.0
Kochi,2005-2014,reproduction,bernard,2006,32,0,0,0,0,0,0.0
Kochi,2005-2014,reproduction,bernard,2007,28,114,114,0,0,0,0.0
Kochi,2005-2014,reproduction,bernard,2007,30,2,2,0,0,0,0.0
Kochi,2005-2014,reproduction,bernard,2007,32,0,0,0,0,0,0.0
Kochi,2005-2014,reproduction,bernard,2008,28,107,107,0,0,0,0.0
Kochi,2005-2014,reproduction,bernard,2008,30,0,0,0,0,0,0.0
Kochi,2005-2014,reproduction,bernard,2008,32,0,0,0,0,0,0.0
Kochi,2005-2014,reproduction,bernard,2009,28,121,121,0,0,0,0.0
Kochi,2005-2014,reproduction,bernard,2009,30,0,0,0,0,0,0.0
Kochi,2005-2014,reproduction,bernard,2009,32,0,0,0,0,0,0.0
Kochi,2005-2014,reproduction,bernard,2010,28,140,140,0,0,0,0.0
Kochi,2005-2014,reproduction,bernard,2010,30,18,18,0,0,0,0.0
Kochi,2005-2014,reproduction,bernard,2010,32,0,0,0,0,0,0.0
Kochi,2005-2014,reproduction,bernard,2011,28,118,118,0,0,0,0.0
Kochi,2005-2014,reproduction,bernard,2011,30,1,1,0,0,0,0.0
Kochi,2005-2014,reproduction,bernard,2011,32,0,0,0,0,0,0.0
Kochi,2005-2014,reproduction,bernard,2012,28,127,127,0,0,0,0.0
Kochi,2005-2014,reproduction,bernard,2012,30,3,3,0,0,0,0.0
Kochi,2005-2014,reproduction,bernard,2012,32,0,0,0,0,0,0.0
Kochi,2005-2014,reproduction,bernard,2013,28,121,121,0,0,0,0.0
Kochi,2005-2014,reproduction,bernard,2013,30,9,9,0,0,0,0.0
Kochi,2005-2014,reproduction,bernard,2013,32,0,0,0,0,0,0.0
Kochi,2005-2014,reproduction,bernard,2014,28,188,188,0,0,0,0.0
Kochi,2005-2014,reproduction,bernard,2014,30,10,10,0,0,0,0.0
Kochi,2005-2014,reproduction,bernard,2014,32,0,0,0,0,0,0.0
Kochi,2005-2014,deployment,shipped,2006,28,115,0,115,0,115,-2.1836052190074993
Kochi,2005-2014,deployment,shipped,2006,30,1,0,1,0,1,-2.1836052190074993
Kochi,2005-2014,deployment,shipped,2006,32,0,0,0,0,0,-2.1836052190074993
Kochi,2005-2014,deployment,shipped,2007,28,114,1,113,0,113,-2.1389798261351265
Kochi,2005-2014,deployment,shipped,2007,30,2,0,2,0,2,-2.1389798261351265
Kochi,2005-2014,deployment,shipped,2007,32,0,0,0,0,0,-2.1389798261351265
Kochi,2005-2014,deployment,shipped,2008,28,107,0,107,0,107,-2.1313932244815077
Kochi,2005-2014,deployment,shipped,2008,30,0,0,0,0,0,-2.1313932244815077
Kochi,2005-2014,deployment,shipped,2008,32,0,0,0,0,0,-2.1313932244815077
Kochi,2005-2014,deployment,shipped,2009,28,121,0,121,0,121,-2.0120491827528846
Kochi,2005-2014,deployment,shipped,2009,30,0,0,0,0,0,-2.0120491827528846
Kochi,2005-2014,deployment,shipped,2009,32,0,0,0,0,0,-2.0120491827528846
Kochi,2005-2014,deployment,shipped,2010,28,140,3,137,0,137,-2.0338262585656866
Kochi,2005-2014,deployment,shipped,2010,30,18,0,18,0,18,-2.0338262585656866
Kochi,2005-2014,deployment,shipped,2010,32,0,0,0,0,0,-2.0338262585656866
Kochi,2005-2014,deployment,shipped,2011,28,118,0,118,0,118,-2.139036398619442
Kochi,2005-2014,deployment,shipped,2011,30,1,0,1,0,1,-2.139036398619442
Kochi,2005-2014,deployment,shipped,2011,32,0,0,0,0,0,-2.139036398619442
Kochi,2005-2014,deployment,shipped,2012,28,127,0,127,0,127,-2.0677775690816076
Kochi,2005-2014,deployment,shipped,2012,30,3,0,3,0,3,-2.0677775690816076
Kochi,2005-2014,deployment,shipped,2012,32,0,0,0,0,0,-2.0677775690816076
Kochi,2005-2014,deployment,shipped,2013,28,121,3,118,0,118,-1.9993329003775122
Kochi,2005-2014,deployment,shipped,2013,30,9,0,9,0,9,-1.9993329003775122
Kochi,2005-2014,deployment,shipped,2013,32,0,0,0,0,0,-1.9993329003775122
Kochi,2005-2014,deployment,shipped,2014,28,188,4,184,0,184,-2.1327340969897373
Kochi,2005-2014,deployment,shipped,2014,30,10,0,10,0,10,-2.1327340969897373
Kochi,2005-2014,deployment,shipped,2014,32,0,0,0,0,0,-2.1327340969897373
Kochi,2005-2014,deployment,candidate,2006,28,115,134,19,40,21,0.21225499921850888
Kochi,2005-2014,deployment,candidate,2006,30,1,11,10,10,0,0.21225499921850888
Kochi,2005-2014,deployment,candidate,2006,32,0,0,0,0,0,0.21225499921850888
Kochi,2005-2014,deployment,candidate,2007,28,114,150,36,59,23,0.2757902909251703
Kochi,2005-2014,deployment,candidate,2007,30,2,25,23,24,1,0.2757902909251703
Kochi,2005-2014,deployment,candidate,2007,32,0,0,0,0,0,0.2757902909251703
Kochi,2005-2014,deployment,candidate,2008,28,107,125,18,42,24,0.15101601435779108
Kochi,2005-2014,deployment,candidate,2008,30,0,1,1,1,0,0.15101601435779108
Kochi,2005-2014,deployment,candidate,2008,32,0,0,0,0,0,0.15101601435779108
Kochi,2005-2014,deployment,candidate,2009,28,121,147,26,52,26,0.24813726979301653
Kochi,2005-2014,deployment,candidate,2009,30,0,15,15,15,0,0.24813726979301653
Kochi,2005-2014,deployment,candidate,2009,32,0,0,0,0,0,0.24813726979301653
Kochi,2005-2014,deployment,candidate,2010,28,140,159,19,38,19,0.13267542398459903
Kochi,2005-2014,deployment,candidate,2010,30,18,50,32,39,7,0.13267542398459903
Kochi,2005-2014,deployment,candidate,2010,32,0,0,0,0,0,0.13267542398459903
Kochi,2005-2014,deployment,candidate,2011,28,118,148,30,61,31,0.2237137647138154
Kochi,2005-2014,deployment,candidate,2011,30,1,10,9,10,1,0.2237137647138154
Kochi,2005-2014,deployment,candidate,2011,32,0,0,0,0,0,0.2237137647138154
Kochi,2005-2014,deployment,candidate,2012,28,127,167,40,59,19,0.30650197955503405
Kochi,2005-2014,deployment,candidate,2012,30,3,26,23,24,1,0.30650197955503405
Kochi,2005-2014,deployment,candidate,2012,32,0,0,0,0,0,0.30650197955503405
Kochi,2005-2014,deployment,candidate,2013,28,121,164,43,57,14,0.29901952136235266
Kochi,2005-2014,deployment,candidate,2013,30,9,33,24,24,0,0.29901952136235266
Kochi,2005-2014,deployment,candidate,2013,32,0,0,0,0,0,0.29901952136235266
Kochi,2005-2014,deployment,candidate,2014,28,188,186,2,38,40,0.149070094698599
Kochi,2005-2014,deployment,candidate,2014,30,10,38,28,32,4,0.149070094698599
Kochi,2005-2014,deployment,candidate,2014,32,0,0,0,0,0,0.149070094698599
Kochi,2005-2014,deployment,hourly_stull,2006,28,115,110,5,1,6,-0.03858081352897303
Kochi,2005-2014,deployment,hourly_stull,2006,30,1,1,0,0,0,-0.03858081352897303
Kochi,2005-2014,deployment,hourly_stull,2006,32,0,0,0,0,0,-0.03858081352897303
Kochi,2005-2014,deployment,hourly_stull,2007,28,114,111,3,0,3,-0.03321286826556869
Kochi,2005-2014,deployment,hourly_stull,2007,30,2,2,0,0,0,-0.03321286826556869
Kochi,2005-2014,deployment,hourly_stull,2007,32,0,0,0,0,0,-0.03321286826556869
Kochi,2005-2014,deployment,hourly_stull,2008,28,107,97,10,1,11,-0.050855511436428254
Kochi,2005-2014,deployment,hourly_stull,2008,30,0,0,0,0,0,-0.050855511436428254
Kochi,2005-2014,deployment,hourly_stull,2008,32,0,0,0,0,0,-0.050855511436428254
Kochi,2005-2014,deployment,hourly_stull,2009,28,121,118,3,1,4,-0.04043139028136078
Kochi,2005-2014,deployment,hourly_stull,2009,30,0,0,0,0,0,-0.04043139028136078
Kochi,2005-2014,deployment,hourly_stull,2009,32,0,0,0,0,0,-0.04043139028136078
Kochi,2005-2014,deployment,hourly_stull,2010,28,140,140,0,2,2,-0.03189471957159825
Kochi,2005-2014,deployment,hourly_stull,2010,30,18,16,2,0,2,-0.03189471957159825
Kochi,2005-2014,deployment,hourly_stull,2010,32,0,0,0,0,0,-0.03189471957159825
Kochi,2005-2014,deployment,hourly_stull,2011,28,118,106,12,0,12,-0.036863731401803816
Kochi,2005-2014,deployment,hourly_stull,2011,30,1,1,0,0,0,-0.036863731401803816
Kochi,2005-2014,deployment,hourly_stull,2011,32,0,0,0,0,0,-0.036863731401803816
Kochi,2005-2014,deployment,hourly_stull,2012,28,127,120,7,0,7,-0.03456446934151056
Kochi,2005-2014,deployment,hourly_stull,2012,30,3,3,0,0,0,-0.03456446934151056
Kochi,2005-2014,deployment,hourly_stull,2012,32,0,0,0,0,0,-0.03456446934151056
Kochi,2005-2014,deployment,hourly_stull,2013,28,121,113,8,0,8,-0.031303787634871356
Kochi,2005-2014,deployment,hourly_stull,2013,30,9,10,1,1,0,-0.031303787634871356
Kochi,2005-2014,deployment,hourly_stull,2013,32,0,0,0,0,0,-0.031303787634871356
Kochi,2005-2014,deployment,hourly_stull,2014,28,188,179,9,1,10,-0.033446800293877484
Kochi,2005-2014,deployment,hourly_stull,2014,30,10,11,1,1,0,-0.033446800293877484
Kochi,2005-2014,deployment,hourly_stull,2014,32,0,0,0,0,0,-0.033446800293877484
Kochi,2005-2014,deployment,bernard,2006,28,115,115,0,0,0,0.0
Kochi,2005-2014,deployment,bernard,2006,30,1,1,0,0,0,0.0
Kochi,2005-2014,deployment,bernard,2006,32,0,0,0,0,0,0.0
Kochi,2005-2014,deployment,bernard,2007,28,114,114,0,0,0,0.0
Kochi,2005-2014,deployment,bernard,2007,30,2,2,0,0,0,0.0
Kochi,2005-2014,deployment,bernard,2007,32,0,0,0,0,0,0.0
Kochi,2005-2014,deployment,bernard,2008,28,107,107,0,0,0,0.0
Kochi,2005-2014,deployment,bernard,2008,30,0,0,0,0,0,0.0
Kochi,2005-2014,deployment,bernard,2008,32,0,0,0,0,0,0.0
Kochi,2005-2014,deployment,bernard,2009,28,121,121,0,0,0,0.0
Kochi,2005-2014,deployment,bernard,2009,30,0,0,0,0,0,0.0
Kochi,2005-2014,deployment,bernard,2009,32,0,0,0,0,0,0.0
Kochi,2005-2014,deployment,bernard,2010,28,140,140,0,0,0,0.0
Kochi,2005-2014,deployment,bernard,2010,30,18,18,0,0,0,0.0
Kochi,2005-2014,deployment,bernard,2010,32,0,0,0,0,0,0.0
Kochi,2005-2014,deployment,bernard,2011,28,118,118,0,0,0,0.0
Kochi,2005-2014,deployment,bernard,2011,30,1,1,0,0,0,0.0
Kochi,2005-2014,deployment,bernard,2011,32,0,0,0,0,0,0.0
Kochi,2005-2014,deployment,bernard,2012,28,127,127,0,0,0,0.0
Kochi,2005-2014,deployment,bernard,2012,30,3,3,0,0,0,0.0
Kochi,2005-2014,deployment,bernard,2012,32,0,0,0,0,0,0.0
Kochi,2005-2014,deployment,bernard,2013,28,121,121,0,0,0,0.0
Kochi,2005-2014,deployment,bernard,2013,30,9,9,0,0,0,0.0
Kochi,2005-2014,deployment,bernard,2013,32,0,0,0,0,0,0.0
Kochi,2005-2014,deployment,bernard,2014,28,188,188,0,0,0,0.0
Kochi,2005-2014,deployment,bernard,2014,30,10,10,0,0,0,0.0
Kochi,2005-2014,deployment,bernard,2014,32,0,0,0,0,0,0.0
Kolkata,2005-2014,reproduction,shipped,2005,28,179,69,110,0,110,-2.1320456330269844
Kolkata,2005-2014,reproduction,shipped,2005,30,64,13,51,0,51,-2.1320456330269844
Kolkata,2005-2014,reproduction,shipped,2005,32,7,0,7,0,7,-2.1320456330269844
Kolkata,2005-2014,reproduction,shipped,2006,28,182,41,141,0,141,-2.2340107583954025
Kolkata,2005-2014,reproduction,shipped,2006,30,43,1,42,0,42,-2.2340107583954025
Kolkata,2005-2014,reproduction,shipped,2006,32,1,0,1,0,1,-2.2340107583954025
Kolkata,2005-2014,reproduction,shipped,2007,28,181,50,131,0,131,-2.2287944208765094
Kolkata,2005-2014,reproduction,shipped,2007,30,40,3,37,0,37,-2.2287944208765094
Kolkata,2005-2014,reproduction,shipped,2007,32,6,0,6,0,6,-2.2287944208765094
Kolkata,2005-2014,reproduction,shipped,2008,28,170,25,145,0,145,-2.164875470055657
Kolkata,2005-2014,reproduction,shipped,2008,30,30,0,30,0,30,-2.164875470055657
Kolkata,2005-2014,reproduction,shipped,2008,32,1,0,1,0,1,-2.164875470055657
Kolkata,2005-2014,reproduction,shipped,2009,28,179,64,115,0,115,-2.16218505459718
Kolkata,2005-2014,reproduction,shipped,2009,30,55,6,49,0,49,-2.16218505459718
Kolkata,2005-2014,reproduction,shipped,2009,32,6,0,6,0,6,-2.16218505459718
Kolkata,2005-2014,reproduction,shipped,2010,28,209,90,119,0,119,-2.204835251325937
Kolkata,2005-2014,reproduction,shipped,2010,30,84,2,82,0,82,-2.204835251325937
Kolkata,2005-2014,reproduction,shipped,2010,32,6,0,6,0,6,-2.204835251325937
Kolkata,2005-2014,reproduction,shipped,2011,28,156,51,105,0,105,-2.2038740803834105
Kolkata,2005-2014,reproduction,shipped,2011,30,46,0,46,0,46,-2.2038740803834105
Kolkata,2005-2014,reproduction,shipped,2011,32,0,0,0,0,0,-2.2038740803834105
Kolkata,2005-2014,reproduction,shipped,2012,28,184,78,106,0,106,-2.2410806126484433
Kolkata,2005-2014,reproduction,shipped,2012,30,73,11,62,0,62,-2.2410806126484433
Kolkata,2005-2014,reproduction,shipped,2012,32,10,0,10,0,10,-2.2410806126484433
Kolkata,2005-2014,reproduction,shipped,2013,28,175,66,109,0,109,-2.295108791177017
Kolkata,2005-2014,reproduction,shipped,2013,30,52,0,52,0,52,-2.295108791177017
Kolkata,2005-2014,reproduction,shipped,2013,32,1,0,1,0,1,-2.295108791177017
Kolkata,2005-2014,reproduction,shipped,2014,28,186,80,106,0,106,-2.31933721192901
Kolkata,2005-2014,reproduction,shipped,2014,30,65,3,62,0,62,-2.31933721192901
Kolkata,2005-2014,reproduction,shipped,2014,32,1,0,1,0,1,-2.31933721192901
Kolkata,2005-2014,reproduction,candidate,2005,28,179,186,7,17,10,0.3829161756151976
Kolkata,2005-2014,reproduction,candidate,2005,30,64,71,7,10,3,0.3829161756151976
Kolkata,2005-2014,reproduction,candidate,2005,32,7,19,12,12,0,0.3829161756151976
Kolkata,2005-2014,reproduction,candidate,2006,28,182,179,3,9,12,0.3830708158737853
Kolkata,2005-2014,reproduction,candidate,2006,30,43,49,6,20,14,0.3830708158737853
Kolkata,2005-2014,reproduction,candidate,2006,32,1,2,1,1,0,0.3830708158737853
Kolkata,2005-2014,reproduction,candidate,2007,28,181,181,0,13,13,0.30601142488082905
Kolkata,2005-2014,reproduction,candidate,2007,30,40,48,8,14,6,0.30601142488082905
Kolkata,2005-2014,reproduction,candidate,2007,32,6,8,2,4,2,0.30601142488082905
Kolkata,2005-2014,reproduction,candidate,2008,28,170,180,10,20,10,0.29875244543017754
Kolkata,2005-2014,reproduction,candidate,2008,30,30,44,14,18,4,0.29875244543017754
Kolkata,2005-2014,reproduction,candidate,2008,32,1,5,4,5,1,0.29875244543017754
Kolkata,2005-2014,reproduction,candidate,2009,28,179,199,20,25,5,0.5703098142838625
Kolkata,2005-2014,reproduction,candidate,2009,30,55,73,18,23,5,0.5703098142838625
Kolkata,2005-2014,reproduction,candidate,2009,32,6,20,14,14,0,0.5703098142838625
Kolkata,2005-2014,reproduction,candidate,2010,28,209,222,13,17,4,0.3659850633159709
Kolkata,2005-2014,reproduction,candidate,2010,30,84,86,2,12,10,0.3659850633159709
Kolkata,2005-2014,reproduction,candidate,2010,32,6,18,12,12,0,0.3659850633159709
Kolkata,2005-2014,reproduction,candidate,2011,28,156,167,11,17,6,0.4188950623514945
Kolkata,2005-2014,reproduction,candidate,2011,30,46,46,0,5,5,0.4188950623514945
Kolkata,2005-2014,reproduction,candidate,2011,32,0,2,2,2,0,0.4188950623514945
Kolkata,2005-2014,reproduction,candidate,2012,28,184,193,9,13,4,0.4028418525719875
Kolkata,2005-2014,reproduction,candidate,2012,30,73,73,0,14,14,0.4028418525719875
Kolkata,2005-2014,reproduction,candidate,2012,32,10,26,16,16,0,0.4028418525719875
Kolkata,2005-2014,reproduction,candidate,2013,28,175,183,8,17,9,0.3906226864010321
Kolkata,2005-2014,reproduction,candidate,2013,30,52,62,10,18,8,0.3906226864010321
Kolkata,2005-2014,reproduction,candidate,2013,32,1,6,5,5,0,0.3906226864010321
Kolkata,2005-2014,reproduction,candidate,2014,28,186,192,6,11,5,0.5168624783921736
Kolkata,2005-2014,reproduction,candidate,2014,30,65,80,15,29,14,0.5168624783921736
Kolkata,2005-2014,reproduction,candidate,2014,32,1,26,25,25,0,0.5168624783921736
Kolkata,2005-2014,reproduction,hourly_stull,2005,28,179,174,5,0,5,-0.05613173840445755
Kolkata,2005-2014,reproduction,hourly_stull,2005,30,64,64,0,0,0,-0.05613173840445755
Kolkata,2005-2014,reproduction,hourly_stull,2005,32,7,7,0,0,0,-0.05613173840445755
Kolkata,2005-2014,reproduction,hourly_stull,2006,28,182,179,3,0,3,-0.06128221953104868
Kolkata,2005-2014,reproduction,hourly_stull,2006,30,43,38,5,0,5,-0.06128221953104868
Kolkata,2005-2014,reproduction,hourly_stull,2006,32,1,1,0,0,0,-0.06128221953104868
Kolkata,2005-2014,reproduction,hourly_stull,2007,28,181,180,1,0,1,-0.06657231002861615
Kolkata,2005-2014,reproduction,hourly_stull,2007,30,40,37,3,1,4,-0.06657231002861615
Kolkata,2005-2014,reproduction,hourly_stull,2007,32,6,7,1,1,0,-0.06657231002861615
Kolkata,2005-2014,reproduction,hourly_stull,2008,28,170,169,1,0,1,-0.06850346533334768
Kolkata,2005-2014,reproduction,hourly_stull,2008,30,30,30,0,1,1,-0.06850346533334768
Kolkata,2005-2014,reproduction,hourly_stull,2008,32,1,1,0,0,0,-0.06850346533334768
Kolkata,2005-2014,reproduction,hourly_stull,2009,28,179,173,6,0,6,-0.05351194608128626
Kolkata,2005-2014,reproduction,hourly_stull,2009,30,55,54,1,0,1,-0.05351194608128626
Kolkata,2005-2014,reproduction,hourly_stull,2009,32,6,6,0,0,0,-0.05351194608128626
Kolkata,2005-2014,reproduction,hourly_stull,2010,28,209,206,3,0,3,-0.05339398430152656
Kolkata,2005-2014,reproduction,hourly_stull,2010,30,84,82,2,0,2,-0.05339398430152656
Kolkata,2005-2014,reproduction,hourly_stull,2010,32,6,8,2,2,0,-0.05339398430152656
Kolkata,2005-2014,reproduction,hourly_stull,2011,28,156,154,2,1,3,-0.06579454253362989
Kolkata,2005-2014,reproduction,hourly_stull,2011,30,46,45,1,0,1,-0.06579454253362989
Kolkata,2005-2014,reproduction,hourly_stull,2011,32,0,0,0,0,0,-0.06579454253362989
Kolkata,2005-2014,reproduction,hourly_stull,2012,28,184,183,1,0,1,-0.06121222133936265
Kolkata,2005-2014,reproduction,hourly_stull,2012,30,73,70,3,0,3,-0.06121222133936265
Kolkata,2005-2014,reproduction,hourly_stull,2012,32,10,10,0,0,0,-0.06121222133936265
Kolkata,2005-2014,reproduction,hourly_stull,2013,28,175,174,1,0,1,-0.06213262358242357
Kolkata,2005-2014,reproduction,hourly_stull,2013,30,52,52,0,1,1,-0.06213262358242357
Kolkata,2005-2014,reproduction,hourly_stull,2013,32,1,1,0,0,0,-0.06213262358242357
Kolkata,2005-2014,reproduction,hourly_stull,2014,28,186,185,1,0,1,-0.05386646152487183
Kolkata,2005-2014,reproduction,hourly_stull,2014,30,65,63,2,1,3,-0.05386646152487183
Kolkata,2005-2014,reproduction,hourly_stull,2014,32,1,1,0,0,0,-0.05386646152487183
Kolkata,2005-2014,reproduction,bernard,2005,28,179,179,0,0,0,0.0
Kolkata,2005-2014,reproduction,bernard,2005,30,64,64,0,0,0,0.0
Kolkata,2005-2014,reproduction,bernard,2005,32,7,7,0,0,0,0.0
Kolkata,2005-2014,reproduction,bernard,2006,28,182,182,0,0,0,0.0
Kolkata,2005-2014,reproduction,bernard,2006,30,43,43,0,0,0,0.0
Kolkata,2005-2014,reproduction,bernard,2006,32,1,1,0,0,0,0.0
Kolkata,2005-2014,reproduction,bernard,2007,28,181,181,0,0,0,0.0
Kolkata,2005-2014,reproduction,bernard,2007,30,40,40,0,0,0,0.0
Kolkata,2005-2014,reproduction,bernard,2007,32,6,6,0,0,0,0.0
Kolkata,2005-2014,reproduction,bernard,2008,28,170,170,0,0,0,0.0
Kolkata,2005-2014,reproduction,bernard,2008,30,30,30,0,0,0,0.0
Kolkata,2005-2014,reproduction,bernard,2008,32,1,1,0,0,0,0.0
Kolkata,2005-2014,reproduction,bernard,2009,28,179,179,0,0,0,0.0
Kolkata,2005-2014,reproduction,bernard,2009,30,55,55,0,0,0,0.0
Kolkata,2005-2014,reproduction,bernard,2009,32,6,6,0,0,0,0.0
Kolkata,2005-2014,reproduction,bernard,2010,28,209,209,0,0,0,0.0
Kolkata,2005-2014,reproduction,bernard,2010,30,84,84,0,0,0,0.0
Kolkata,2005-2014,reproduction,bernard,2010,32,6,6,0,0,0,0.0
Kolkata,2005-2014,reproduction,bernard,2011,28,156,156,0,0,0,0.0
Kolkata,2005-2014,reproduction,bernard,2011,30,46,46,0,0,0,0.0
Kolkata,2005-2014,reproduction,bernard,2011,32,0,0,0,0,0,0.0
Kolkata,2005-2014,reproduction,bernard,2012,28,184,184,0,0,0,0.0
Kolkata,2005-2014,reproduction,bernard,2012,30,73,73,0,0,0,0.0
Kolkata,2005-2014,reproduction,bernard,2012,32,10,10,0,0,0,0.0
Kolkata,2005-2014,reproduction,bernard,2013,28,175,175,0,0,0,0.0
Kolkata,2005-2014,reproduction,bernard,2013,30,52,52,0,0,0,0.0
Kolkata,2005-2014,reproduction,bernard,2013,32,1,1,0,0,0,0.0
Kolkata,2005-2014,reproduction,bernard,2014,28,186,186,0,0,0,0.0
Kolkata,2005-2014,reproduction,bernard,2014,30,65,65,0,0,0,0.0
Kolkata,2005-2014,reproduction,bernard,2014,32,1,1,0,0,0,0.0
Kolkata,2005-2014,deployment,shipped,2006,28,182,41,141,0,141,-2.2340107583954025
Kolkata,2005-2014,deployment,shipped,2006,30,43,1,42,0,42,-2.2340107583954025
Kolkata,2005-2014,deployment,shipped,2006,32,1,0,1,0,1,-2.2340107583954025
Kolkata,2005-2014,deployment,shipped,2007,28,181,50,131,0,131,-2.2287944208765094
Kolkata,2005-2014,deployment,shipped,2007,30,40,3,37,0,37,-2.2287944208765094
Kolkata,2005-2014,deployment,shipped,2007,32,6,0,6,0,6,-2.2287944208765094
Kolkata,2005-2014,deployment,shipped,2008,28,170,25,145,0,145,-2.1640365164626973
Kolkata,2005-2014,deployment,shipped,2008,30,30,0,30,0,30,-2.1640365164626973
Kolkata,2005-2014,deployment,shipped,2008,32,1,0,1,0,1,-2.1640365164626973
Kolkata,2005-2014,deployment,shipped,2009,28,179,64,115,0,115,-2.16218505459718
Kolkata,2005-2014,deployment,shipped,2009,30,55,6,49,0,49,-2.16218505459718
Kolkata,2005-2014,deployment,shipped,2009,32,6,0,6,0,6,-2.16218505459718
Kolkata,2005-2014,deployment,shipped,2010,28,209,90,119,0,119,-2.204835251325937
Kolkata,2005-2014,deployment,shipped,2010,30,84,2,82,0,82,-2.204835251325937
Kolkata,2005-2014,deployment,shipped,2010,32,6,0,6,0,6,-2.204835251325937
Kolkata,2005-2014,deployment,shipped,2011,28,156,51,105,0,105,-2.2038740803834105
Kolkata,2005-2014,deployment,shipped,2011,30,46,0,46,0,46,-2.2038740803834105
Kolkata,2005-2014,deployment,shipped,2011,32,0,0,0,0,0,-2.2038740803834105
Kolkata,2005-2014,deployment,shipped,2012,28,184,78,106,0,106,-2.2412437290796388
Kolkata,2005-2014,deployment,shipped,2012,30,73,11,62,0,62,-2.2412437290796388
Kolkata,2005-2014,deployment,shipped,2012,32,10,0,10,0,10,-2.2412437290796388
Kolkata,2005-2014,deployment,shipped,2013,28,175,66,109,0,109,-2.295108791177017
Kolkata,2005-2014,deployment,shipped,2013,30,52,0,52,0,52,-2.295108791177017
Kolkata,2005-2014,deployment,shipped,2013,32,1,0,1,0,1,-2.295108791177017
Kolkata,2005-2014,deployment,shipped,2014,28,186,80,106,0,106,-2.31933721192901
Kolkata,2005-2014,deployment,shipped,2014,30,65,3,62,0,62,-2.31933721192901
Kolkata,2005-2014,deployment,shipped,2014,32,1,0,1,0,1,-2.31933721192901
Kolkata,2005-2014,deployment,candidate,2006,28,182,179,3,9,12,0.3830708158737853
Kolkata,2005-2014,deployment,candidate,2006,30,43,49,6,20,14,0.3830708158737853
Kolkata,2005-2014,deployment,candidate,2006,32,1,2,1,1,0,0.3830708158737853
Kolkata,2005-2014,deployment,candidate,2007,28,181,181,0,13,13,0.30601142488082905
Kolkata,2005-2014,deployment,candidate,2007,30,40,48,8,14,6,0.30601142488082905
Kolkata,2005-2014,deployment,candidate,2007,32,6,8,2,4,2,0.30601142488082905
Kolkata,2005-2014,deployment,candidate,2008,28,170,180,10,20,10,0.29613733489554234
Kolkata,2005-2014,deployment,candidate,2008,30,30,44,14,18,4,0.29613733489554234
Kolkata,2005-2014,deployment,candidate,2008,32,1,5,4,5,1,0.29613733489554234
Kolkata,2005-2014,deployment,candidate,2009,28,179,199,20,25,5,0.5703098142838625
Kolkata,2005-2014,deployment,candidate,2009,30,55,73,18,23,5,0.5703098142838625
Kolkata,2005-2014,deployment,candidate,2009,32,6,20,14,14,0,0.5703098142838625
Kolkata,2005-2014,deployment,candidate,2010,28,209,222,13,17,4,0.3659850633159709
Kolkata,2005-2014,deployment,candidate,2010,30,84,86,2,12,10,0.3659850633159709
Kolkata,2005-2014,deployment,candidate,2010,32,6,18,12,12,0,0.3659850633159709
Kolkata,2005-2014,deployment,candidate,2011,28,156,167,11,17,6,0.4188950623514945
Kolkata,2005-2014,deployment,candidate,2011,30,46,46,0,5,5,0.4188950623514945
Kolkata,2005-2014,deployment,candidate,2011,32,0,2,2,2,0,0.4188950623514945
Kolkata,2005-2014,deployment,candidate,2012,28,184,193,9,13,4,0.40029192799643987
Kolkata,2005-2014,deployment,candidate,2012,30,73,73,0,14,14,0.40029192799643987
Kolkata,2005-2014,deployment,candidate,2012,32,10,26,16,16,0,0.40029192799643987
Kolkata,2005-2014,deployment,candidate,2013,28,175,183,8,17,9,0.3906226864010321
Kolkata,2005-2014,deployment,candidate,2013,30,52,62,10,18,8,0.3906226864010321
Kolkata,2005-2014,deployment,candidate,2013,32,1,6,5,5,0,0.3906226864010321
Kolkata,2005-2014,deployment,candidate,2014,28,186,192,6,11,5,0.5168624783921736
Kolkata,2005-2014,deployment,candidate,2014,30,65,80,15,29,14,0.5168624783921736
Kolkata,2005-2014,deployment,candidate,2014,32,1,26,25,25,0,0.5168624783921736
Kolkata,2005-2014,deployment,hourly_stull,2006,28,182,179,3,0,3,-0.06128221953104868
Kolkata,2005-2014,deployment,hourly_stull,2006,30,43,38,5,0,5,-0.06128221953104868
Kolkata,2005-2014,deployment,hourly_stull,2006,32,1,1,0,0,0,-0.06128221953104868
Kolkata,2005-2014,deployment,hourly_stull,2007,28,181,180,1,0,1,-0.06657231002861615
Kolkata,2005-2014,deployment,hourly_stull,2007,30,40,37,3,1,4,-0.06657231002861615
Kolkata,2005-2014,deployment,hourly_stull,2007,32,6,7,1,1,0,-0.06657231002861615
Kolkata,2005-2014,deployment,hourly_stull,2008,28,170,169,1,0,1,-0.06831424151097816
Kolkata,2005-2014,deployment,hourly_stull,2008,30,30,30,0,1,1,-0.06831424151097816
Kolkata,2005-2014,deployment,hourly_stull,2008,32,1,1,0,0,0,-0.06831424151097816
Kolkata,2005-2014,deployment,hourly_stull,2009,28,179,173,6,0,6,-0.05351194608128626
Kolkata,2005-2014,deployment,hourly_stull,2009,30,55,54,1,0,1,-0.05351194608128626
Kolkata,2005-2014,deployment,hourly_stull,2009,32,6,6,0,0,0,-0.05351194608128626
Kolkata,2005-2014,deployment,hourly_stull,2010,28,209,206,3,0,3,-0.05339398430152656
Kolkata,2005-2014,deployment,hourly_stull,2010,30,84,82,2,0,2,-0.05339398430152656
Kolkata,2005-2014,deployment,hourly_stull,2010,32,6,8,2,2,0,-0.05339398430152656
Kolkata,2005-2014,deployment,hourly_stull,2011,28,156,154,2,1,3,-0.06579454253362989
Kolkata,2005-2014,deployment,hourly_stull,2011,30,46,45,1,0,1,-0.06579454253362989
Kolkata,2005-2014,deployment,hourly_stull,2011,32,0,0,0,0,0,-0.06579454253362989
Kolkata,2005-2014,deployment,hourly_stull,2012,28,184,183,1,0,1,-0.06123904188518674
Kolkata,2005-2014,deployment,hourly_stull,2012,30,73,70,3,0,3,-0.06123904188518674
Kolkata,2005-2014,deployment,hourly_stull,2012,32,10,10,0,0,0,-0.06123904188518674
Kolkata,2005-2014,deployment,hourly_stull,2013,28,175,174,1,0,1,-0.06213262358242357
Kolkata,2005-2014,deployment,hourly_stull,2013,30,52,52,0,1,1,-0.06213262358242357
Kolkata,2005-2014,deployment,hourly_stull,2013,32,1,1,0,0,0,-0.06213262358242357
Kolkata,2005-2014,deployment,hourly_stull,2014,28,186,185,1,0,1,-0.05386646152487183
Kolkata,2005-2014,deployment,hourly_stull,2014,30,65,63,2,1,3,-0.05386646152487183
Kolkata,2005-2014,deployment,hourly_stull,2014,32,1,1,0,0,0,-0.05386646152487183
Kolkata,2005-2014,deployment,bernard,2006,28,182,182,0,0,0,0.0
Kolkata,2005-2014,deployment,bernard,2006,30,43,43,0,0,0,0.0
Kolkata,2005-2014,deployment,bernard,2006,32,1,1,0,0,0,0.0
Kolkata,2005-2014,deployment,bernard,2007,28,181,181,0,0,0,0.0
Kolkata,2005-2014,deployment,bernard,2007,30,40,40,0,0,0,0.0
Kolkata,2005-2014,deployment,bernard,2007,32,6,6,0,0,0,0.0
Kolkata,2005-2014,deployment,bernard,2008,28,170,170,0,0,0,0.0
Kolkata,2005-2014,deployment,bernard,2008,30,30,30,0,0,0,0.0
Kolkata,2005-2014,deployment,bernard,2008,32,1,1,0,0,0,0.0
Kolkata,2005-2014,deployment,bernard,2009,28,179,179,0,0,0,0.0
Kolkata,2005-2014,deployment,bernard,2009,30,55,55,0,0,0,0.0
Kolkata,2005-2014,deployment,bernard,2009,32,6,6,0,0,0,0.0
Kolkata,2005-2014,deployment,bernard,2010,28,209,209,0,0,0,0.0
Kolkata,2005-2014,deployment,bernard,2010,30,84,84,0,0,0,0.0
Kolkata,2005-2014,deployment,bernard,2010,32,6,6,0,0,0,0.0
Kolkata,2005-2014,deployment,bernard,2011,28,156,156,0,0,0,0.0
Kolkata,2005-2014,deployment,bernard,2011,30,46,46,0,0,0,0.0
Kolkata,2005-2014,deployment,bernard,2011,32,0,0,0,0,0,0.0
Kolkata,2005-2014,deployment,bernard,2012,28,184,184,0,0,0,0.0
Kolkata,2005-2014,deployment,bernard,2012,30,73,73,0,0,0,0.0
Kolkata,2005-2014,deployment,bernard,2012,32,10,10,0,0,0,0.0
Kolkata,2005-2014,deployment,bernard,2013,28,175,175,0,0,0,0.0
Kolkata,2005-2014,deployment,bernard,2013,30,52,52,0,0,0,0.0
Kolkata,2005-2014,deployment,bernard,2013,32,1,1,0,0,0,0.0
Kolkata,2005-2014,deployment,bernard,2014,28,186,186,0,0,0,0.0
Kolkata,2005-2014,deployment,bernard,2014,30,65,65,0,0,0,0.0
Kolkata,2005-2014,deployment,bernard,2014,32,1,1,0,0,0,0.0
Bikaner,2005-2014,reproduction,shipped,2005,28,119,47,72,0,72,-2.961752982628818
Bikaner,2005-2014,reproduction,shipped,2005,30,46,6,40,0,40,-2.961752982628818
Bikaner,2005-2014,reproduction,shipped,2005,32,5,0,5,0,5,-2.961752982628818
Bikaner,2005-2014,reproduction,shipped,2006,28,137,53,84,0,84,-2.7874161257115855
Bikaner,2005-2014,reproduction,shipped,2006,30,54,5,49,0,49,-2.7874161257115855
Bikaner,2005-2014,reproduction,shipped,2006,32,3,0,3,0,3,-2.7874161257115855
Bikaner,2005-2014,reproduction,shipped,2007,28,137,69,68,0,68,-2.9528319870389885
Bikaner,2005-2014,reproduction,shipped,2007,30,54,3,51,0,51,-2.9528319870389885
Bikaner,2005-2014,reproduction,shipped,2007,32,2,0,2,0,2,-2.9528319870389885
Bikaner,2005-2014,reproduction,shipped,2008,28,131,41,90,0,90,-3.038086874911394
Bikaner,2005-2014,reproduction,shipped,2008,30,34,0,34,0,34,-3.038086874911394
Bikaner,2005-2014,reproduction,shipped,2008,32,0,0,0,0,0,-3.038086874911394
Bikaner,2005-2014,reproduction,shipped,2009,28,132,53,79,0,79,-2.9821812923543405
Bikaner,2005-2014,reproduction,shipped,2009,30,50,2,48,0,48,-2.9821812923543405
Bikaner,2005-2014,reproduction,shipped,2009,32,2,0,2,0,2,-2.9821812923543405
Bikaner,2005-2014,reproduction,shipped,2010,28,133,60,73,0,73,-2.9044484668670414
Bikaner,2005-2014,reproduction,shipped,2010,30,51,2,49,0,49,-2.9044484668670414
Bikaner,2005-2014,reproduction,shipped,2010,32,3,0,3,0,3,-2.9044484668670414
Bikaner,2005-2014,reproduction,shipped,2011,28,132,62,70,0,70,-2.9721308928738868
Bikaner,2005-2014,reproduction,shipped,2011,30,64,0,64,0,64,-2.9721308928738868
Bikaner,2005-2014,reproduction,shipped,2011,32,0,0,0,0,0,-2.9721308928738868
Bikaner,2005-2014,reproduction,shipped,2012,28,120,54,66,0,66,-3.037421531816696
Bikaner,2005-2014,reproduction,shipped,2012,30,51,1,50,0,50,-3.037421531816696
Bikaner,2005-2014,reproduction,shipped,2012,32,1,0,1,0,1,-3.037421531816696
Bikaner,2005-2014,reproduction,shipped,2013,28,137,55,82,0,82,-2.9367729823841415
Bikaner,2005-2014,reproduction,shipped,2013,30,56,1,55,0,55,-2.9367729823841415
Bikaner,2005-2014,reproduction,shipped,2013,32,2,0,2,0,2,-2.9367729823841415
Bikaner,2005-2014,reproduction,shipped,2014,28,118,54,64,0,64,-2.9473887854189855
Bikaner,2005-2014,reproduction,shipped,2014,30,52,1,51,0,51,-2.9473887854189855
Bikaner,2005-2014,reproduction,shipped,2014,32,0,0,0,0,0,-2.9473887854189855
Bikaner,2005-2014,reproduction,candidate,2005,28,119,131,12,12,0,0.48298298253282684
Bikaner,2005-2014,reproduction,candidate,2005,30,46,73,27,28,1,0.48298298253282684
Bikaner,2005-2014,reproduction,candidate,2005,32,5,9,4,5,1,0.48298298253282684
Bikaner,2005-2014,reproduction,candidate,2006,28,137,154,17,17,0,0.5539403288792366
Bikaner,2005-2014,reproduction,candidate,2006,30,54,75,21,22,1,0.5539403288792366
Bikaner,2005-2014,reproduction,candidate,2006,32,3,12,9,9,0,0.5539403288792366
Bikaner,2005-2014,reproduction,candidate,2007,28,137,150,13,13,0,0.5121054587975339
Bikaner,2005-2014,reproduction,candidate,2007,30,54,81,27,27,0,0.5121054587975339
Bikaner,2005-2014,reproduction,candidate,2007,32,2,12,10,10,0,0.5121054587975339
Bikaner,2005-2014,reproduction,candidate,2008,28,131,149,18,20,2,0.40239977355842305
Bikaner,2005-2014,reproduction,candidate,2008,30,34,72,38,39,1,0.40239977355842305
Bikaner,2005-2014,reproduction,candidate,2008,32,0,3,3,3,0,0.40239977355842305
Bikaner,2005-2014,reproduction,candidate,2009,28,132,154,22,22,0,0.5693963713546859
Bikaner,2005-2014,reproduction,candidate,2009,30,50,87,37,37,0,0.5693963713546859
Bikaner,2005-2014,reproduction,candidate,2009,32,2,16,14,14,0,0.5693963713546859
Bikaner,2005-2014,reproduction,candidate,2010,28,133,150,17,19,2,0.5316818625213433
Bikaner,2005-2014,reproduction,candidate,2010,30,51,73,22,23,1,0.5316818625213433
Bikaner,2005-2014,reproduction,candidate,2010,32,3,12,9,9,0,0.5316818625213433
Bikaner,2005-2014,reproduction,candidate,2011,28,132,141,9,10,1,0.4867790135857515
Bikaner,2005-2014,reproduction,candidate,2011,30,64,89,25,25,0,0.4867790135857515
Bikaner,2005-2014,reproduction,candidate,2011,32,0,7,7,7,0,0.4867790135857515
Bikaner,2005-2014,reproduction,candidate,2012,28,120,133,13,16,3,0.5180758356850862
Bikaner,2005-2014,reproduction,candidate,2012,30,51,69,18,19,1,0.5180758356850862
Bikaner,2005-2014,reproduction,candidate,2012,32,1,8,7,7,0,0.5180758356850862
Bikaner,2005-2014,reproduction,candidate,2013,28,137,149,12,13,1,0.4632602938080533
Bikaner,2005-2014,reproduction,candidate,2013,30,56,78,22,22,0,0.4632602938080533
Bikaner,2005-2014,reproduction,candidate,2013,32,2,10,8,8,0,0.4632602938080533
Bikaner,2005-2014,reproduction,candidate,2014,28,118,138,20,20,0,0.5746751085714384
Bikaner,2005-2014,reproduction,candidate,2014,30,52,73,21,23,2,0.5746751085714384
Bikaner,2005-2014,reproduction,candidate,2014,32,0,9,9,9,0,0.5746751085714384
Bikaner,2005-2014,reproduction,hourly_stull,2005,28,119,117,2,2,4,-0.17579116464279465
Bikaner,2005-2014,reproduction,hourly_stull,2005,30,46,49,3,3,0,-0.17579116464279465
Bikaner,2005-2014,reproduction,hourly_stull,2005,32,5,6,1,1,0,-0.17579116464279465
Bikaner,2005-2014,reproduction,hourly_stull,2006,28,137,135,2,2,4,-0.1465102241620219
Bikaner,2005-2014,reproduction,hourly_stull,2006,30,54,55,1,3,2,-0.1465102241620219
Bikaner,2005-2014,reproduction,hourly_stull,2006,32,3,4,1,1,0,-0.1465102241620219
Bikaner,2005-2014,reproduction,hourly_stull,2007,28,137,133,4,0,4,-0.17238050688373807
Bikaner,2005-2014,reproduction,hourly_stull,2007,30,54,56,2,2,0,-0.17238050688373807
Bikaner,2005-2014,reproduction,hourly_stull,2007,32,2,2,0,0,0,-0.17238050688373807
Bikaner,2005-2014,reproduction,hourly_stull,2008,28,131,130,1,0,1,-0.17862628449401252
Bikaner,2005-2014,reproduction,hourly_stull,2008,30,34,39,5,6,1,-0.17862628449401252
Bikaner,2005-2014,reproduction,hourly_stull,2008,32,0,0,0,0,0,-0.17862628449401252
Bikaner,2005-2014,reproduction,hourly_stull,2009,28,132,128,4,1,5,-0.17759300549331958
Bikaner,2005-2014,reproduction,hourly_stull,2009,30,50,54,4,4,0,-0.17759300549331958
Bikaner,2005-2014,reproduction,hourly_stull,2009,32,2,3,1,1,0,-0.17759300549331958
Bikaner,2005-2014,reproduction,hourly_stull,2010,28,133,128,5,0,5,-0.20128263155708023
Bikaner,2005-2014,reproduction,hourly_stull,2010,30,51,50,1,1,2,-0.20128263155708023
Bikaner,2005-2014,reproduction,hourly_stull,2010,32,3,3,0,0,0,-0.20128263155708023
Bikaner,2005-2014,reproduction,hourly_stull,2011,28,132,130,2,0,2,-0.16816022773619227
Bikaner,2005-2014,reproduction,hourly_stull,2011,30,64,64,0,1,1,-0.16816022773619227
Bikaner,2005-2014,reproduction,hourly_stull,2011,32,0,0,0,0,0,-0.16816022773619227
Bikaner,2005-2014,reproduction,hourly_stull,2012,28,120,118,2,0,2,-0.18388819002535023
Bikaner,2005-2014,reproduction,hourly_stull,2012,30,51,51,0,0,0,-0.18388819002535023
Bikaner,2005-2014,reproduction,hourly_stull,2012,32,1,1,0,0,0,-0.18388819002535023
Bikaner,2005-2014,reproduction,hourly_stull,2013,28,137,136,1,1,2,-0.15254476720606838
Bikaner,2005-2014,reproduction,hourly_stull,2013,30,56,55,1,0,1,-0.15254476720606838
Bikaner,2005-2014,reproduction,hourly_stull,2013,32,2,3,1,1,0,-0.15254476720606838
Bikaner,2005-2014,reproduction,hourly_stull,2014,28,118,115,3,0,3,-0.15245670507167466
Bikaner,2005-2014,reproduction,hourly_stull,2014,30,52,55,3,3,0,-0.15245670507167466
Bikaner,2005-2014,reproduction,hourly_stull,2014,32,0,2,2,2,0,-0.15245670507167466
Bikaner,2005-2014,reproduction,bernard,2005,28,119,119,0,0,0,0.0
Bikaner,2005-2014,reproduction,bernard,2005,30,46,46,0,0,0,0.0
Bikaner,2005-2014,reproduction,bernard,2005,32,5,5,0,0,0,0.0
Bikaner,2005-2014,reproduction,bernard,2006,28,137,137,0,0,0,0.0
Bikaner,2005-2014,reproduction,bernard,2006,30,54,54,0,0,0,0.0
Bikaner,2005-2014,reproduction,bernard,2006,32,3,3,0,0,0,0.0
Bikaner,2005-2014,reproduction,bernard,2007,28,137,137,0,0,0,0.0
Bikaner,2005-2014,reproduction,bernard,2007,30,54,54,0,0,0,0.0
Bikaner,2005-2014,reproduction,bernard,2007,32,2,2,0,0,0,0.0
Bikaner,2005-2014,reproduction,bernard,2008,28,131,131,0,0,0,0.0
Bikaner,2005-2014,reproduction,bernard,2008,30,34,34,0,0,0,0.0
Bikaner,2005-2014,reproduction,bernard,2008,32,0,0,0,0,0,0.0
Bikaner,2005-2014,reproduction,bernard,2009,28,132,132,0,0,0,0.0
Bikaner,2005-2014,reproduction,bernard,2009,30,50,50,0,0,0,0.0
Bikaner,2005-2014,reproduction,bernard,2009,32,2,2,0,0,0,0.0
Bikaner,2005-2014,reproduction,bernard,2010,28,133,133,0,0,0,0.0
Bikaner,2005-2014,reproduction,bernard,2010,30,51,51,0,0,0,0.0
Bikaner,2005-2014,reproduction,bernard,2010,32,3,3,0,0,0,0.0
Bikaner,2005-2014,reproduction,bernard,2011,28,132,132,0,0,0,0.0
Bikaner,2005-2014,reproduction,bernard,2011,30,64,64,0,0,0,0.0
Bikaner,2005-2014,reproduction,bernard,2011,32,0,0,0,0,0,0.0
Bikaner,2005-2014,reproduction,bernard,2012,28,120,120,0,0,0,0.0
Bikaner,2005-2014,reproduction,bernard,2012,30,51,51,0,0,0,0.0
Bikaner,2005-2014,reproduction,bernard,2012,32,1,1,0,0,0,0.0
Bikaner,2005-2014,reproduction,bernard,2013,28,137,137,0,0,0,0.0
Bikaner,2005-2014,reproduction,bernard,2013,30,56,56,0,0,0,0.0
Bikaner,2005-2014,reproduction,bernard,2013,32,2,2,0,0,0,0.0
Bikaner,2005-2014,reproduction,bernard,2014,28,118,118,0,0,0,0.0
Bikaner,2005-2014,reproduction,bernard,2014,30,52,52,0,0,0,0.0
Bikaner,2005-2014,reproduction,bernard,2014,32,0,0,0,0,0,0.0
Bikaner,2005-2014,deployment,shipped,2006,28,137,53,84,0,84,-2.7874161257115855
Bikaner,2005-2014,deployment,shipped,2006,30,54,5,49,0,49,-2.7874161257115855
Bikaner,2005-2014,deployment,shipped,2006,32,3,0,3,0,3,-2.7874161257115855
Bikaner,2005-2014,deployment,shipped,2007,28,137,69,68,0,68,-2.9528319870389885
Bikaner,2005-2014,deployment,shipped,2007,30,54,3,51,0,51,-2.9528319870389885
Bikaner,2005-2014,deployment,shipped,2007,32,2,0,2,0,2,-2.9528319870389885
Bikaner,2005-2014,deployment,shipped,2008,28,131,41,90,0,90,-3.0288901052874477
Bikaner,2005-2014,deployment,shipped,2008,30,34,0,34,0,34,-3.0288901052874477
Bikaner,2005-2014,deployment,shipped,2008,32,0,0,0,0,0,-3.0288901052874477
Bikaner,2005-2014,deployment,shipped,2009,28,132,53,79,0,79,-2.9821812923543405
Bikaner,2005-2014,deployment,shipped,2009,30,50,2,48,0,48,-2.9821812923543405
Bikaner,2005-2014,deployment,shipped,2009,32,2,0,2,0,2,-2.9821812923543405
Bikaner,2005-2014,deployment,shipped,2010,28,133,60,73,0,73,-2.9044484668670414
Bikaner,2005-2014,deployment,shipped,2010,30,51,2,49,0,49,-2.9044484668670414
Bikaner,2005-2014,deployment,shipped,2010,32,3,0,3,0,3,-2.9044484668670414
Bikaner,2005-2014,deployment,shipped,2011,28,132,62,70,0,70,-2.9721308928738868
Bikaner,2005-2014,deployment,shipped,2011,30,64,0,64,0,64,-2.9721308928738868
Bikaner,2005-2014,deployment,shipped,2011,32,0,0,0,0,0,-2.9721308928738868
Bikaner,2005-2014,deployment,shipped,2012,28,120,54,66,0,66,-3.0336134810120985
Bikaner,2005-2014,deployment,shipped,2012,30,51,1,50,0,50,-3.0336134810120985
Bikaner,2005-2014,deployment,shipped,2012,32,1,0,1,0,1,-3.0336134810120985
Bikaner,2005-2014,deployment,shipped,2013,28,137,55,82,0,82,-2.9367729823841415
Bikaner,2005-2014,deployment,shipped,2013,30,56,1,55,0,55,-2.9367729823841415
Bikaner,2005-2014,deployment,shipped,2013,32,2,0,2,0,2,-2.9367729823841415
Bikaner,2005-2014,deployment,shipped,2014,28,118,54,64,0,64,-2.9473887854189855
Bikaner,2005-2014,deployment,shipped,2014,30,52,1,51,0,51,-2.9473887854189855
Bikaner,2005-2014,deployment,shipped,2014,32,0,0,0,0,0,-2.9473887854189855
Bikaner,2005-2014,deployment,candidate,2006,28,137,154,17,17,0,0.5539403288792366
Bikaner,2005-2014,deployment,candidate,2006,30,54,75,21,22,1,0.5539403288792366
Bikaner,2005-2014,deployment,candidate,2006,32,3,12,9,9,0,0.5539403288792366
Bikaner,2005-2014,deployment,candidate,2007,28,137,150,13,13,0,0.5121054587975339
Bikaner,2005-2014,deployment,candidate,2007,30,54,81,27,27,0,0.5121054587975339
Bikaner,2005-2014,deployment,candidate,2007,32,2,12,10,10,0,0.5121054587975339
Bikaner,2005-2014,deployment,candidate,2008,28,131,149,18,20,2,0.4053504996151565
Bikaner,2005-2014,deployment,candidate,2008,30,34,72,38,39,1,0.4053504996151565
Bikaner,2005-2014,deployment,candidate,2008,32,0,3,3,3,0,0.4053504996151565
Bikaner,2005-2014,deployment,candidate,2009,28,132,154,22,22,0,0.5693963713546859
Bikaner,2005-2014,deployment,candidate,2009,30,50,87,37,37,0,0.5693963713546859
Bikaner,2005-2014,deployment,candidate,2009,32,2,16,14,14,0,0.5693963713546859
Bikaner,2005-2014,deployment,candidate,2010,28,133,150,17,19,2,0.5316818625213433
Bikaner,2005-2014,deployment,candidate,2010,30,51,73,22,23,1,0.5316818625213433
Bikaner,2005-2014,deployment,candidate,2010,32,3,12,9,9,0,0.5316818625213433
Bikaner,2005-2014,deployment,candidate,2011,28,132,141,9,10,1,0.4867790135857515
Bikaner,2005-2014,deployment,candidate,2011,30,64,89,25,25,0,0.4867790135857515
Bikaner,2005-2014,deployment,candidate,2011,32,0,7,7,7,0,0.4867790135857515
Bikaner,2005-2014,deployment,candidate,2012,28,120,133,13,16,3,0.5181460579914496
Bikaner,2005-2014,deployment,candidate,2012,30,51,69,18,19,1,0.5181460579914496
Bikaner,2005-2014,deployment,candidate,2012,32,1,8,7,7,0,0.5181460579914496
Bikaner,2005-2014,deployment,candidate,2013,28,137,149,12,13,1,0.4632602938080533
Bikaner,2005-2014,deployment,candidate,2013,30,56,78,22,22,0,0.4632602938080533
Bikaner,2005-2014,deployment,candidate,2013,32,2,10,8,8,0,0.4632602938080533
Bikaner,2005-2014,deployment,candidate,2014,28,118,138,20,20,0,0.5746751085714384
Bikaner,2005-2014,deployment,candidate,2014,30,52,73,21,23,2,0.5746751085714384
Bikaner,2005-2014,deployment,candidate,2014,32,0,9,9,9,0,0.5746751085714384
Bikaner,2005-2014,deployment,hourly_stull,2006,28,137,135,2,2,4,-0.1465102241620219
Bikaner,2005-2014,deployment,hourly_stull,2006,30,54,55,1,3,2,-0.1465102241620219
Bikaner,2005-2014,deployment,hourly_stull,2006,32,3,4,1,1,0,-0.1465102241620219
Bikaner,2005-2014,deployment,hourly_stull,2007,28,137,133,4,0,4,-0.17238050688373807
Bikaner,2005-2014,deployment,hourly_stull,2007,30,54,56,2,2,0,-0.17238050688373807
Bikaner,2005-2014,deployment,hourly_stull,2007,32,2,2,0,0,0,-0.17238050688373807
Bikaner,2005-2014,deployment,hourly_stull,2008,28,131,130,1,0,1,-0.17705984245146433
Bikaner,2005-2014,deployment,hourly_stull,2008,30,34,39,5,6,1,-0.17705984245146433
Bikaner,2005-2014,deployment,hourly_stull,2008,32,0,0,0,0,0,-0.17705984245146433
Bikaner,2005-2014,deployment,hourly_stull,2009,28,132,128,4,1,5,-0.17759300549331958
Bikaner,2005-2014,deployment,hourly_stull,2009,30,50,54,4,4,0,-0.17759300549331958
Bikaner,2005-2014,deployment,hourly_stull,2009,32,2,3,1,1,0,-0.17759300549331958
Bikaner,2005-2014,deployment,hourly_stull,2010,28,133,128,5,0,5,-0.20128263155708023
Bikaner,2005-2014,deployment,hourly_stull,2010,30,51,50,1,1,2,-0.20128263155708023
Bikaner,2005-2014,deployment,hourly_stull,2010,32,3,3,0,0,0,-0.20128263155708023
Bikaner,2005-2014,deployment,hourly_stull,2011,28,132,130,2,0,2,-0.16816022773619227
Bikaner,2005-2014,deployment,hourly_stull,2011,30,64,64,0,1,1,-0.16816022773619227
Bikaner,2005-2014,deployment,hourly_stull,2011,32,0,0,0,0,0,-0.16816022773619227
Bikaner,2005-2014,deployment,hourly_stull,2012,28,120,118,2,0,2,-0.1827249511158452
Bikaner,2005-2014,deployment,hourly_stull,2012,30,51,51,0,0,0,-0.1827249511158452
Bikaner,2005-2014,deployment,hourly_stull,2012,32,1,1,0,0,0,-0.1827249511158452
Bikaner,2005-2014,deployment,hourly_stull,2013,28,137,136,1,1,2,-0.15254476720606838
Bikaner,2005-2014,deployment,hourly_stull,2013,30,56,55,1,0,1,-0.15254476720606838
Bikaner,2005-2014,deployment,hourly_stull,2013,32,2,3,1,1,0,-0.15254476720606838
Bikaner,2005-2014,deployment,hourly_stull,2014,28,118,115,3,0,3,-0.15245670507167466
Bikaner,2005-2014,deployment,hourly_stull,2014,30,52,55,3,3,0,-0.15245670507167466
Bikaner,2005-2014,deployment,hourly_stull,2014,32,0,2,2,2,0,-0.15245670507167466
Bikaner,2005-2014,deployment,bernard,2006,28,137,137,0,0,0,0.0
Bikaner,2005-2014,deployment,bernard,2006,30,54,54,0,0,0,0.0
Bikaner,2005-2014,deployment,bernard,2006,32,3,3,0,0,0,0.0
Bikaner,2005-2014,deployment,bernard,2007,28,137,137,0,0,0,0.0
Bikaner,2005-2014,deployment,bernard,2007,30,54,54,0,0,0,0.0
Bikaner,2005-2014,deployment,bernard,2007,32,2,2,0,0,0,0.0
Bikaner,2005-2014,deployment,bernard,2008,28,131,131,0,0,0,0.0
Bikaner,2005-2014,deployment,bernard,2008,30,34,34,0,0,0,0.0
Bikaner,2005-2014,deployment,bernard,2008,32,0,0,0,0,0,0.0
Bikaner,2005-2014,deployment,bernard,2009,28,132,132,0,0,0,0.0
Bikaner,2005-2014,deployment,bernard,2009,30,50,50,0,0,0,0.0
Bikaner,2005-2014,deployment,bernard,2009,32,2,2,0,0,0,0.0
Bikaner,2005-2014,deployment,bernard,2010,28,133,133,0,0,0,0.0
Bikaner,2005-2014,deployment,bernard,2010,30,51,51,0,0,0,0.0
Bikaner,2005-2014,deployment,bernard,2010,32,3,3,0,0,0,0.0
Bikaner,2005-2014,deployment,bernard,2011,28,132,132,0,0,0,0.0
Bikaner,2005-2014,deployment,bernard,2011,30,64,64,0,0,0,0.0
Bikaner,2005-2014,deployment,bernard,2011,32,0,0,0,0,0,0.0
Bikaner,2005-2014,deployment,bernard,2012,28,120,120,0,0,0,0.0
Bikaner,2005-2014,deployment,bernard,2012,30,51,51,0,0,0,0.0
Bikaner,2005-2014,deployment,bernard,2012,32,1,1,0,0,0,0.0
Bikaner,2005-2014,deployment,bernard,2013,28,137,137,0,0,0,0.0
Bikaner,2005-2014,deployment,bernard,2013,30,56,56,0,0,0,0.0
Bikaner,2005-2014,deployment,bernard,2013,32,2,2,0,0,0,0.0
Bikaner,2005-2014,deployment,bernard,2014,28,118,118,0,0,0,0.0
Bikaner,2005-2014,deployment,bernard,2014,30,52,52,0,0,0,0.0
Bikaner,2005-2014,deployment,bernard,2014,32,0,0,0,0,0,0.0
Lucknow,2005-2014,reproduction,shipped,2005,28,134,43,91,0,91,-3.1247259277175834
Lucknow,2005-2014,reproduction,shipped,2005,30,47,0,47,0,47,-3.1247259277175834
Lucknow,2005-2014,reproduction,shipped,2005,32,3,0,3,0,3,-3.1247259277175834
Lucknow,2005-2014,reproduction,shipped,2006,28,151,38,113,0,113,-3.0654489747426
Lucknow,2005-2014,reproduction,shipped,2006,30,49,1,48,0,48,-3.0654489747426
Lucknow,2005-2014,reproduction,shipped,2006,32,2,0,2,0,2,-3.0654489747426
Lucknow,2005-2014,reproduction,shipped,2007,28,149,47,102,0,102,-2.9982518592407423
Lucknow,2005-2014,reproduction,shipped,2007,30,48,2,46,0,46,-2.9982518592407423
Lucknow,2005-2014,reproduction,shipped,2007,32,1,0,1,0,1,-2.9982518592407423
Lucknow,2005-2014,reproduction,shipped,2008,28,130,21,109,0,109,-3.0438963027483164
Lucknow,2005-2014,reproduction,shipped,2008,30,28,0,28,0,28,-3.0438963027483164
Lucknow,2005-2014,reproduction,shipped,2008,32,0,0,0,0,0,-3.0438963027483164
Lucknow,2005-2014,reproduction,shipped,2009,28,146,59,87,0,87,-3.1452012246124177
Lucknow,2005-2014,reproduction,shipped,2009,30,60,2,58,0,58,-3.1452012246124177
Lucknow,2005-2014,reproduction,shipped,2009,32,3,0,3,0,3,-3.1452012246124177
Lucknow,2005-2014,reproduction,shipped,2010,28,155,64,91,0,91,-2.999837273681884
Lucknow,2005-2014,reproduction,shipped,2010,30,68,4,64,0,64,-2.999837273681884
Lucknow,2005-2014,reproduction,shipped,2010,32,6,0,6,0,6,-2.999837273681884
Lucknow,2005-2014,reproduction,shipped,2011,28,147,33,114,0,114,-3.0747092019655455
Lucknow,2005-2014,reproduction,shipped,2011,30,36,0,36,0,36,-3.0747092019655455
Lucknow,2005-2014,reproduction,shipped,2011,32,0,0,0,0,0,-3.0747092019655455
Lucknow,2005-2014,reproduction,shipped,2012,28,132,43,89,0,89,-3.1774538125992104
Lucknow,2005-2014,reproduction,shipped,2012,30,54,1,53,0,53,-3.1774538125992104
Lucknow,2005-2014,reproduction,shipped,2012,32,1,0,1,0,1,-3.1774538125992104
Lucknow,2005-2014,reproduction,shipped,2013,28,140,52,88,0,88,-3.0370229759003444
Lucknow,2005-2014,reproduction,shipped,2013,30,48,1,47,0,47,-3.0370229759003444
Lucknow,2005-2014,reproduction,shipped,2013,32,5,0,5,0,5,-3.0370229759003444
Lucknow,2005-2014,reproduction,shipped,2014,28,157,68,89,0,89,-3.018159491610994
Lucknow,2005-2014,reproduction,shipped,2014,30,71,1,70,0,70,-3.018159491610994
Lucknow,2005-2014,reproduction,shipped,2014,32,9,0,9,0,9,-3.018159491610994
Lucknow,2005-2014,reproduction,candidate,2005,28,134,132,2,7,9,0.13649863620350028
Lucknow,2005-2014,reproduction,candidate,2005,30,47,52,5,7,2,0.13649863620350028
Lucknow,2005-2014,reproduction,candidate,2005,32,3,3,0,0,0,0.13649863620350028
Lucknow,2005-2014,reproduction,candidate,2006,28,151,159,8,10,2,0.22010629917518018
Lucknow,2005-2014,reproduction,candidate,2006,30,49,53,4,13,9,0.22010629917518018
Lucknow,2005-2014,reproduction,candidate,2006,32,2,3,1,1,0,0.22010629917518018
Lucknow,2005-2014,reproduction,candidate,2007,28,149,151,2,8,6,0.19108623274304862
Lucknow,2005-2014,reproduction,candidate,2007,30,48,57,9,16,7,0.19108623274304862
Lucknow,2005-2014,reproduction,candidate,2007,32,1,4,3,3,0,0.19108623274304862
Lucknow,2005-2014,reproduction,candidate,2008,28,130,132,2,13,11,0.15596705870268482
Lucknow,2005-2014,reproduction,candidate,2008,30,28,25,3,5,8,0.15596705870268482
Lucknow,2005-2014,reproduction,candidate,2008,32,0,0,0,0,0,0.15596705870268482
Lucknow,2005-2014,reproduction,candidate,2009,28,146,149,3,5,2,0.2159346947711911
Lucknow,2005-2014,reproduction,candidate,2009,30,60,61,1,10,9,0.2159346947711911
Lucknow,2005-2014,reproduction,candidate,2009,32,3,4,1,1,0,0.2159346947711911
Lucknow,2005-2014,reproduction,candidate,2010,28,155,174,19,20,1,0.1853653073013629
Lucknow,2005-2014,reproduction,candidate,2010,30,68,73,5,13,8,0.1853653073013629
Lucknow,2005-2014,reproduction,candidate,2010,32,6,9,3,4,1,0.1853653073013629
Lucknow,2005-2014,reproduction,candidate,2011,28,147,146,1,5,6,0.15834743618574257
Lucknow,2005-2014,reproduction,candidate,2011,30,36,40,4,10,6,0.15834743618574257
Lucknow,2005-2014,reproduction,candidate,2011,32,0,2,2,2,0,0.15834743618574257
Lucknow,2005-2014,reproduction,candidate,2012,28,132,134,2,9,7,0.19312062735592297
Lucknow,2005-2014,reproduction,candidate,2012,30,54,52,2,12,14,0.19312062735592297
Lucknow,2005-2014,reproduction,candidate,2012,32,1,7,6,6,0,0.19312062735592297
Lucknow,2005-2014,reproduction,candidate,2013,28,140,140,0,4,4,0.08576208612017183
Lucknow,2005-2014,reproduction,candidate,2013,30,48,49,1,4,3,0.08576208612017183
Lucknow,2005-2014,reproduction,candidate,2013,32,5,9,4,5,1,0.08576208612017183
Lucknow,2005-2014,reproduction,candidate,2014,28,157,160,3,4,1,0.20219678942700237
Lucknow,2005-2014,reproduction,candidate,2014,30,71,75,4,8,4,0.20219678942700237
Lucknow,2005-2014,reproduction,candidate,2014,32,9,21,12,14,2,0.20219678942700237
Lucknow,2005-2014,reproduction,hourly_stull,2005,28,134,127,7,0,7,-0.09944908708251879
Lucknow,2005-2014,reproduction,hourly_stull,2005,30,47,47,0,0,0,-0.09944908708251879
Lucknow,2005-2014,reproduction,hourly_stull,2005,32,3,3,0,0,0,-0.09944908708251879
Lucknow,2005-2014,reproduction,hourly_stull,2006,28,151,152,1,1,0,-0.07449047854719959
Lucknow,2005-2014,reproduction,hourly_stull,2006,30,49,51,2,2,0,-0.07449047854719959
Lucknow,2005-2014,reproduction,hourly_stull,2006,32,2,2,0,0,0,-0.07449047854719959
Lucknow,2005-2014,reproduction,hourly_stull,2007,28,149,145,4,0,4,-0.08622629593494806
Lucknow,2005-2014,reproduction,hourly_stull,2007,30,48,47,1,1,2,-0.08622629593494806
Lucknow,2005-2014,reproduction,hourly_stull,2007,32,1,1,0,0,0,-0.08622629593494806
Lucknow,2005-2014,reproduction,hourly_stull,2008,28,130,124,6,0,6,-0.09937243443664692
Lucknow,2005-2014,reproduction,hourly_stull,2008,30,28,27,1,0,1,-0.09937243443664692
Lucknow,2005-2014,reproduction,hourly_stull,2008,32,0,0,0,0,0,-0.09937243443664692
Lucknow,2005-2014,reproduction,hourly_stull,2009,28,146,143,3,0,3,-0.09046326351088
Lucknow,2005-2014,reproduction,hourly_stull,2009,30,60,59,1,0,1,-0.09046326351088
Lucknow,2005-2014,reproduction,hourly_stull,2009,32,3,4,1,1,0,-0.09046326351088
Lucknow,2005-2014,reproduction,hourly_stull,2010,28,155,154,1,0,1,-0.07884191343166895
Lucknow,2005-2014,reproduction,hourly_stull,2010,30,68,68,0,0,0,-0.07884191343166895
Lucknow,2005-2014,reproduction,hourly_stull,2010,32,6,7,1,1,0,-0.07884191343166895
Lucknow,2005-2014,reproduction,hourly_stull,2011,28,147,144,3,0,3,-0.08688143842157249
Lucknow,2005-2014,reproduction,hourly_stull,2011,30,36,37,1,2,1,-0.08688143842157249
Lucknow,2005-2014,reproduction,hourly_stull,2011,32,0,0,0,0,0,-0.08688143842157249
Lucknow,2005-2014,reproduction,hourly_stull,2012,28,132,128,4,0,4,-0.09750772270774087
Lucknow,2005-2014,reproduction,hourly_stull,2012,30,54,53,1,1,2,-0.09750772270774087
Lucknow,2005-2014,reproduction,hourly_stull,2012,32,1,2,1,1,0,-0.09750772270774087
Lucknow,2005-2014,reproduction,hourly_stull,2013,28,140,138,2,1,3,-0.09186800609713434
Lucknow,2005-2014,reproduction,hourly_stull,2013,30,48,47,1,0,1,-0.09186800609713434
Lucknow,2005-2014,reproduction,hourly_stull,2013,32,5,4,1,0,1,-0.09186800609713434
Lucknow,2005-2014,reproduction,hourly_stull,2014,28,157,156,1,0,1,-0.08397782646489473
Lucknow,2005-2014,reproduction,hourly_stull,2014,30,71,72,1,1,0,-0.08397782646489473
Lucknow,2005-2014,reproduction,hourly_stull,2014,32,9,12,3,3,0,-0.08397782646489473
Lucknow,2005-2014,reproduction,bernard,2005,28,134,134,0,0,0,0.0
Lucknow,2005-2014,reproduction,bernard,2005,30,47,47,0,0,0,0.0
Lucknow,2005-2014,reproduction,bernard,2005,32,3,3,0,0,0,0.0
Lucknow,2005-2014,reproduction,bernard,2006,28,151,151,0,0,0,0.0
Lucknow,2005-2014,reproduction,bernard,2006,30,49,49,0,0,0,0.0
Lucknow,2005-2014,reproduction,bernard,2006,32,2,2,0,0,0,0.0
Lucknow,2005-2014,reproduction,bernard,2007,28,149,149,0,0,0,0.0
Lucknow,2005-2014,reproduction,bernard,2007,30,48,48,0,0,0,0.0
Lucknow,2005-2014,reproduction,bernard,2007,32,1,1,0,0,0,0.0
Lucknow,2005-2014,reproduction,bernard,2008,28,130,130,0,0,0,0.0
Lucknow,2005-2014,reproduction,bernard,2008,30,28,28,0,0,0,0.0
Lucknow,2005-2014,reproduction,bernard,2008,32,0,0,0,0,0,0.0
Lucknow,2005-2014,reproduction,bernard,2009,28,146,146,0,0,0,0.0
Lucknow,2005-2014,reproduction,bernard,2009,30,60,60,0,0,0,0.0
Lucknow,2005-2014,reproduction,bernard,2009,32,3,3,0,0,0,0.0
Lucknow,2005-2014,reproduction,bernard,2010,28,155,155,0,0,0,0.0
Lucknow,2005-2014,reproduction,bernard,2010,30,68,68,0,0,0,0.0
Lucknow,2005-2014,reproduction,bernard,2010,32,6,6,0,0,0,0.0
Lucknow,2005-2014,reproduction,bernard,2011,28,147,147,0,0,0,0.0
Lucknow,2005-2014,reproduction,bernard,2011,30,36,36,0,0,0,0.0
Lucknow,2005-2014,reproduction,bernard,2011,32,0,0,0,0,0,0.0
Lucknow,2005-2014,reproduction,bernard,2012,28,132,132,0,0,0,0.0
Lucknow,2005-2014,reproduction,bernard,2012,30,54,54,0,0,0,0.0
Lucknow,2005-2014,reproduction,bernard,2012,32,1,1,0,0,0,0.0
Lucknow,2005-2014,reproduction,bernard,2013,28,140,140,0,0,0,0.0
Lucknow,2005-2014,reproduction,bernard,2013,30,48,48,0,0,0,0.0
Lucknow,2005-2014,reproduction,bernard,2013,32,5,5,0,0,0,0.0
Lucknow,2005-2014,reproduction,bernard,2014,28,157,157,0,0,0,0.0
Lucknow,2005-2014,reproduction,bernard,2014,30,71,71,0,0,0,0.0
Lucknow,2005-2014,reproduction,bernard,2014,32,9,9,0,0,0,0.0
Lucknow,2005-2014,deployment,shipped,2006,28,151,38,113,0,113,-3.0654489747426
Lucknow,2005-2014,deployment,shipped,2006,30,49,1,48,0,48,-3.0654489747426
Lucknow,2005-2014,deployment,shipped,2006,32,2,0,2,0,2,-3.0654489747426
Lucknow,2005-2014,deployment,shipped,2007,28,149,47,102,0,102,-2.9982518592407423
Lucknow,2005-2014,deployment,shipped,2007,30,48,2,46,0,46,-2.9982518592407423
Lucknow,2005-2014,deployment,shipped,2007,32,1,0,1,0,1,-2.9982518592407423
Lucknow,2005-2014,deployment,shipped,2008,28,130,21,109,0,109,-3.038728000043052
Lucknow,2005-2014,deployment,shipped,2008,30,28,0,28,0,28,-3.038728000043052
Lucknow,2005-2014,deployment,shipped,2008,32,0,0,0,0,0,-3.038728000043052
Lucknow,2005-2014,deployment,shipped,2009,28,146,59,87,0,87,-3.1452012246124177
Lucknow,2005-2014,deployment,shipped,2009,30,60,2,58,0,58,-3.1452012246124177
Lucknow,2005-2014,deployment,shipped,2009,32,3,0,3,0,3,-3.1452012246124177
Lucknow,2005-2014,deployment,shipped,2010,28,155,64,91,0,91,-2.999837273681884
Lucknow,2005-2014,deployment,shipped,2010,30,68,4,64,0,64,-2.999837273681884
Lucknow,2005-2014,deployment,shipped,2010,32,6,0,6,0,6,-2.999837273681884
Lucknow,2005-2014,deployment,shipped,2011,28,147,33,114,0,114,-3.0747092019655455
Lucknow,2005-2014,deployment,shipped,2011,30,36,0,36,0,36,-3.0747092019655455
Lucknow,2005-2014,deployment,shipped,2011,32,0,0,0,0,0,-3.0747092019655455
Lucknow,2005-2014,deployment,shipped,2012,28,132,43,89,0,89,-3.1763647016035264
Lucknow,2005-2014,deployment,shipped,2012,30,54,1,53,0,53,-3.1763647016035264
Lucknow,2005-2014,deployment,shipped,2012,32,1,0,1,0,1,-3.1763647016035264
Lucknow,2005-2014,deployment,shipped,2013,28,140,52,88,0,88,-3.0370229759003444
Lucknow,2005-2014,deployment,shipped,2013,30,48,1,47,0,47,-3.0370229759003444
Lucknow,2005-2014,deployment,shipped,2013,32,5,0,5,0,5,-3.0370229759003444
Lucknow,2005-2014,deployment,shipped,2014,28,157,68,89,0,89,-3.018159491610994
Lucknow,2005-2014,deployment,shipped,2014,30,71,1,70,0,70,-3.018159491610994
Lucknow,2005-2014,deployment,shipped,2014,32,9,0,9,0,9,-3.018159491610994
Lucknow,2005-2014,deployment,candidate,2006,28,151,159,8,10,2,0.22010629917518018
Lucknow,2005-2014,deployment,candidate,2006,30,49,53,4,13,9,0.22010629917518018
Lucknow,2005-2014,deployment,candidate,2006,32,2,3,1,1,0,0.22010629917518018
Lucknow,2005-2014,deployment,candidate,2007,28,149,151,2,8,6,0.19108623274304862
Lucknow,2005-2014,deployment,candidate,2007,30,48,57,9,16,7,0.19108623274304862
Lucknow,2005-2014,deployment,candidate,2007,32,1,4,3,3,0,0.19108623274304862
Lucknow,2005-2014,deployment,candidate,2008,28,130,132,2,13,11,0.15715291390074032
Lucknow,2005-2014,deployment,candidate,2008,30,28,25,3,5,8,0.15715291390074032
Lucknow,2005-2014,deployment,candidate,2008,32,0,0,0,0,0,0.15715291390074032
Lucknow,2005-2014,deployment,candidate,2009,28,146,149,3,5,2,0.2159346947711911
Lucknow,2005-2014,deployment,candidate,2009,30,60,61,1,10,9,0.2159346947711911
Lucknow,2005-2014,deployment,candidate,2009,32,3,4,1,1,0,0.2159346947711911
Lucknow,2005-2014,deployment,candidate,2010,28,155,174,19,20,1,0.1853653073013629
Lucknow,2005-2014,deployment,candidate,2010,30,68,73,5,13,8,0.1853653073013629
Lucknow,2005-2014,deployment,candidate,2010,32,6,9,3,4,1,0.1853653073013629
Lucknow,2005-2014,deployment,candidate,2011,28,147,146,1,5,6,0.15834743618574257
Lucknow,2005-2014,deployment,candidate,2011,30,36,40,4,10,6,0.15834743618574257
Lucknow,2005-2014,deployment,candidate,2011,32,0,2,2,2,0,0.15834743618574257
Lucknow,2005-2014,deployment,candidate,2012,28,132,134,2,9,7,0.19122375154315807
Lucknow,2005-2014,deployment,candidate,2012,30,54,52,2,12,14,0.19122375154315807
Lucknow,2005-2014,deployment,candidate,2012,32,1,7,6,6,0,0.19122375154315807
Lucknow,2005-2014,deployment,candidate,2013,28,140,140,0,4,4,0.08576208612017183
Lucknow,2005-2014,deployment,candidate,2013,30,48,49,1,4,3,0.08576208612017183
Lucknow,2005-2014,deployment,candidate,2013,32,5,9,4,5,1,0.08576208612017183
Lucknow,2005-2014,deployment,candidate,2014,28,157,160,3,4,1,0.20219678942700237
Lucknow,2005-2014,deployment,candidate,2014,30,71,75,4,8,4,0.20219678942700237
Lucknow,2005-2014,deployment,candidate,2014,32,9,21,12,14,2,0.20219678942700237
Lucknow,2005-2014,deployment,hourly_stull,2006,28,151,152,1,1,0,-0.07449047854719959
Lucknow,2005-2014,deployment,hourly_stull,2006,30,49,51,2,2,0,-0.07449047854719959
Lucknow,2005-2014,deployment,hourly_stull,2006,32,2,2,0,0,0,-0.07449047854719959
Lucknow,2005-2014,deployment,hourly_stull,2007,28,149,145,4,0,4,-0.08622629593494806
Lucknow,2005-2014,deployment,hourly_stull,2007,30,48,47,1,1,2,-0.08622629593494806
Lucknow,2005-2014,deployment,hourly_stull,2007,32,1,1,0,0,0,-0.08622629593494806
Lucknow,2005-2014,deployment,hourly_stull,2008,28,130,124,6,0,6,-0.09943598133271472
Lucknow,2005-2014,deployment,hourly_stull,2008,30,28,27,1,0,1,-0.09943598133271472
Lucknow,2005-2014,deployment,hourly_stull,2008,32,0,0,0,0,0,-0.09943598133271472
Lucknow,2005-2014,deployment,hourly_stull,2009,28,146,143,3,0,3,-0.09046326351088
Lucknow,2005-2014,deployment,hourly_stull,2009,30,60,59,1,0,1,-0.09046326351088
Lucknow,2005-2014,deployment,hourly_stull,2009,32,3,4,1,1,0,-0.09046326351088
Lucknow,2005-2014,deployment,hourly_stull,2010,28,155,154,1,0,1,-0.07884191343166895
Lucknow,2005-2014,deployment,hourly_stull,2010,30,68,68,0,0,0,-0.07884191343166895
Lucknow,2005-2014,deployment,hourly_stull,2010,32,6,7,1,1,0,-0.07884191343166895
Lucknow,2005-2014,deployment,hourly_stull,2011,28,147,144,3,0,3,-0.08688143842157249
Lucknow,2005-2014,deployment,hourly_stull,2011,30,36,37,1,2,1,-0.08688143842157249
Lucknow,2005-2014,deployment,hourly_stull,2011,32,0,0,0,0,0,-0.08688143842157249
Lucknow,2005-2014,deployment,hourly_stull,2012,28,132,128,4,0,4,-0.09741116610790261
Lucknow,2005-2014,deployment,hourly_stull,2012,30,54,53,1,1,2,-0.09741116610790261
Lucknow,2005-2014,deployment,hourly_stull,2012,32,1,2,1,1,0,-0.09741116610790261
Lucknow,2005-2014,deployment,hourly_stull,2013,28,140,138,2,1,3,-0.09186800609713434
Lucknow,2005-2014,deployment,hourly_stull,2013,30,48,47,1,0,1,-0.09186800609713434
Lucknow,2005-2014,deployment,hourly_stull,2013,32,5,4,1,0,1,-0.09186800609713434
Lucknow,2005-2014,deployment,hourly_stull,2014,28,157,156,1,0,1,-0.08397782646489473
Lucknow,2005-2014,deployment,hourly_stull,2014,30,71,72,1,1,0,-0.08397782646489473
Lucknow,2005-2014,deployment,hourly_stull,2014,32,9,12,3,3,0,-0.08397782646489473
Lucknow,2005-2014,deployment,bernard,2006,28,151,151,0,0,0,0.0
Lucknow,2005-2014,deployment,bernard,2006,30,49,49,0,0,0,0.0
Lucknow,2005-2014,deployment,bernard,2006,32,2,2,0,0,0,0.0
Lucknow,2005-2014,deployment,bernard,2007,28,149,149,0,0,0,0.0
Lucknow,2005-2014,deployment,bernard,2007,30,48,48,0,0,0,0.0
Lucknow,2005-2014,deployment,bernard,2007,32,1,1,0,0,0,0.0
Lucknow,2005-2014,deployment,bernard,2008,28,130,130,0,0,0,0.0
Lucknow,2005-2014,deployment,bernard,2008,30,28,28,0,0,0,0.0
Lucknow,2005-2014,deployment,bernard,2008,32,0,0,0,0,0,0.0
Lucknow,2005-2014,deployment,bernard,2009,28,146,146,0,0,0,0.0
Lucknow,2005-2014,deployment,bernard,2009,30,60,60,0,0,0,0.0
Lucknow,2005-2014,deployment,bernard,2009,32,3,3,0,0,0,0.0
Lucknow,2005-2014,deployment,bernard,2010,28,155,155,0,0,0,0.0
Lucknow,2005-2014,deployment,bernard,2010,30,68,68,0,0,0,0.0
Lucknow,2005-2014,deployment,bernard,2010,32,6,6,0,0,0,0.0
Lucknow,2005-2014,deployment,bernard,2011,28,147,147,0,0,0,0.0
Lucknow,2005-2014,deployment,bernard,2011,30,36,36,0,0,0,0.0
Lucknow,2005-2014,deployment,bernard,2011,32,0,0,0,0,0,0.0
Lucknow,2005-2014,deployment,bernard,2012,28,132,132,0,0,0,0.0
Lucknow,2005-2014,deployment,bernard,2012,30,54,54,0,0,0,0.0
Lucknow,2005-2014,deployment,bernard,2012,32,1,1,0,0,0,0.0
Lucknow,2005-2014,deployment,bernard,2013,28,140,140,0,0,0,0.0
Lucknow,2005-2014,deployment,bernard,2013,30,48,48,0,0,0,0.0
Lucknow,2005-2014,deployment,bernard,2013,32,5,5,0,0,0,0.0
Lucknow,2005-2014,deployment,bernard,2014,28,157,157,0,0,0,0.0
Lucknow,2005-2014,deployment,bernard,2014,30,71,71,0,0,0,0.0
Lucknow,2005-2014,deployment,bernard,2014,32,9,9,0,0,0,0.0
Hyderabad,2005-2014,reproduction,shipped,2005,28,49,0,49,0,49,-2.6836128414870855
Hyderabad,2005-2014,reproduction,shipped,2005,30,3,0,3,0,3,-2.6836128414870855
Hyderabad,2005-2014,reproduction,shipped,2005,32,0,0,0,0,0,-2.6836128414870855
Hyderabad,2005-2014,reproduction,shipped,2006,28,41,0,41,0,41,-2.6789749658647994
Hyderabad,2005-2014,reproduction,shipped,2006,30,0,0,0,0,0,-2.6789749658647994
Hyderabad,2005-2014,reproduction,shipped,2006,32,0,0,0,0,0,-2.6789749658647994
Hyderabad,2005-2014,reproduction,shipped,2007,28,50,0,50,0,50,-2.7342304619782483
Hyderabad,2005-2014,reproduction,shipped,2007,30,0,0,0,0,0,-2.7342304619782483
Hyderabad,2005-2014,reproduction,shipped,2007,32,0,0,0,0,0,-2.7342304619782483
Hyderabad,2005-2014,reproduction,shipped,2008,28,30,0,30,0,30,-2.699752490767371
Hyderabad,2005-2014,reproduction,shipped,2008,30,0,0,0,0,0,-2.699752490767371
Hyderabad,2005-2014,reproduction,shipped,2008,32,0,0,0,0,0,-2.699752490767371
Hyderabad,2005-2014,reproduction,shipped,2009,28,57,0,57,0,57,-2.755589476821902
Hyderabad,2005-2014,reproduction,shipped,2009,30,0,0,0,0,0,-2.755589476821902
Hyderabad,2005-2014,reproduction,shipped,2009,32,0,0,0,0,0,-2.755589476821902
Hyderabad,2005-2014,reproduction,shipped,2010,28,69,0,69,0,69,-2.5479837020094007
Hyderabad,2005-2014,reproduction,shipped,2010,30,7,0,7,0,7,-2.5479837020094007
Hyderabad,2005-2014,reproduction,shipped,2010,32,0,0,0,0,0,-2.5479837020094007
Hyderabad,2005-2014,reproduction,shipped,2011,28,36,0,36,0,36,-2.8273284960992098
Hyderabad,2005-2014,reproduction,shipped,2011,30,0,0,0,0,0,-2.8273284960992098
Hyderabad,2005-2014,reproduction,shipped,2011,32,0,0,0,0,0,-2.8273284960992098
Hyderabad,2005-2014,reproduction,shipped,2012,28,54,0,54,0,54,-2.820569056726821
Hyderabad,2005-2014,reproduction,shipped,2012,30,0,0,0,0,0,-2.820569056726821
Hyderabad,2005-2014,reproduction,shipped,2012,32,0,0,0,0,0,-2.820569056726821
Hyderabad,2005-2014,reproduction,shipped,2013,28,55,2,53,0,53,-2.6849518392686393
Hyderabad,2005-2014,reproduction,shipped,2013,30,3,0,3,0,3,-2.6849518392686393
Hyderabad,2005-2014,reproduction,shipped,2013,32,0,0,0,0,0,-2.6849518392686393
Hyderabad,2005-2014,reproduction,shipped,2014,28,58,0,58,0,58,-2.6840717868247905
Hyderabad,2005-2014,reproduction,shipped,2014,30,1,0,1,0,1,-2.6840717868247905
Hyderabad,2005-2014,reproduction,shipped,2014,32,0,0,0,0,0,-2.6840717868247905
Hyderabad,2005-2014,reproduction,candidate,2005,28,49,72,23,25,2,0.24492258246958154
Hyderabad,2005-2014,reproduction,candidate,2005,30,3,11,8,8,0,0.24492258246958154
Hyderabad,2005-2014,reproduction,candidate,2005,32,0,0,0,0,0,0.24492258246958154
Hyderabad,2005-2014,reproduction,candidate,2006,28,41,57,16,16,0,0.24721434315928112
Hyderabad,2005-2014,reproduction,candidate,2006,30,0,3,3,3,0,0.24721434315928112
Hyderabad,2005-2014,reproduction,candidate,2006,32,0,0,0,0,0,0.24721434315928112
Hyderabad,2005-2014,reproduction,candidate,2007,28,50,61,11,13,2,0.2833724144246799
Hyderabad,2005-2014,reproduction,candidate,2007,30,0,3,3,3,0,0.2833724144246799
Hyderabad,2005-2014,reproduction,candidate,2007,32,0,0,0,0,0,0.2833724144246799
Hyderabad,2005-2014,reproduction,candidate,2008,28,30,41,11,12,1,0.28449058901941776
Hyderabad,2005-2014,reproduction,candidate,2008,30,0,0,0,0,0,0.28449058901941776
Hyderabad,2005-2014,reproduction,candidate,2008,32,0,0,0,0,0,0.28449058901941776
Hyderabad,2005-2014,reproduction,candidate,2009,28,57,73,16,18,2,0.3283310199631084
Hyderabad,2005-2014,reproduction,candidate,2009,30,0,7,7,7,0,0.3283310199631084
Hyderabad,2005-2014,reproduction,candidate,2009,32,0,0,0,0,0,0.3283310199631084
Hyderabad,2005-2014,reproduction,candidate,2010,28,69,82,13,15,2,0.23591850245708368
Hyderabad,2005-2014,reproduction,candidate,2010,30,7,17,10,10,0,0.23591850245708368
Hyderabad,2005-2014,reproduction,candidate,2010,32,0,0,0,0,0,0.23591850245708368
Hyderabad,2005-2014,reproduction,candidate,2011,28,36,46,10,12,2,0.3561571359434062
Hyderabad,2005-2014,reproduction,candidate,2011,30,0,4,4,4,0,0.3561571359434062
Hyderabad,2005-2014,reproduction,candidate,2011,32,0,0,0,0,0,0.3561571359434062
Hyderabad,2005-2014,reproduction,candidate,2012,28,54,70,16,16,0,0.2848605774253769
Hyderabad,2005-2014,reproduction,candidate,2012,30,0,4,4,4,0,0.2848605774253769
Hyderabad,2005-2014,reproduction,candidate,2012,32,0,0,0,0,0,0.2848605774253769
Hyderabad,2005-2014,reproduction,candidate,2013,28,55,68,13,13,0,0.26433532498188117
Hyderabad,2005-2014,reproduction,candidate,2013,30,3,16,13,13,0,0.26433532498188117
Hyderabad,2005-2014,reproduction,candidate,2013,32,0,1,1,1,0,0.26433532498188117
Hyderabad,2005-2014,reproduction,candidate,2014,28,58,75,17,19,2,0.36394952197371344
Hyderabad,2005-2014,reproduction,candidate,2014,30,1,11,10,10,0,0.36394952197371344
Hyderabad,2005-2014,reproduction,candidate,2014,32,0,0,0,0,0,0.36394952197371344
Hyderabad,2005-2014,reproduction,hourly_stull,2005,28,49,49,0,0,0,-0.06785110477575698
Hyderabad,2005-2014,reproduction,hourly_stull,2005,30,3,3,0,0,0,-0.06785110477575698
Hyderabad,2005-2014,reproduction,hourly_stull,2005,32,0,0,0,0,0,-0.06785110477575698
Hyderabad,2005-2014,reproduction,hourly_stull,2006,28,41,40,1,1,2,-0.05957734571400478
Hyderabad,2005-2014,reproduction,hourly_stull,2006,30,0,0,0,0,0,-0.05957734571400478
Hyderabad,2005-2014,reproduction,hourly_stull,2006,32,0,0,0,0,0,-0.05957734571400478
Hyderabad,2005-2014,reproduction,hourly_stull,2007,28,50,50,0,0,0,-0.05328088603068555
Hyderabad,2005-2014,reproduction,hourly_stull,2007,30,0,0,0,0,0,-0.05328088603068555
Hyderabad,2005-2014,reproduction,hourly_stull,2007,32,0,0,0,0,0,-0.05328088603068555
Hyderabad,2005-2014,reproduction,hourly_stull,2008,28,30,30,0,1,1,-0.06418926702798013
Hyderabad,2005-2014,reproduction,hourly_stull,2008,30,0,0,0,0,0,-0.06418926702798013
Hyderabad,2005-2014,reproduction,hourly_stull,2008,32,0,0,0,0,0,-0.06418926702798013
Hyderabad,2005-2014,reproduction,hourly_stull,2009,28,57,56,1,0,1,-0.05699142174626382
Hyderabad,2005-2014,reproduction,hourly_stull,2009,30,0,1,1,1,0,-0.05699142174626382
Hyderabad,2005-2014,reproduction,hourly_stull,2009,32,0,0,0,0,0,-0.05699142174626382
Hyderabad,2005-2014,reproduction,hourly_stull,2010,28,69,68,1,0,1,-0.06240216509634045
Hyderabad,2005-2014,reproduction,hourly_stull,2010,30,7,7,0,0,0,-0.06240216509634045
Hyderabad,2005-2014,reproduction,hourly_stull,2010,32,0,0,0,0,0,-0.06240216509634045
Hyderabad,2005-2014,reproduction,hourly_stull,2011,28,36,37,1,1,0,-0.06332994027392713
Hyderabad,2005-2014,reproduction,hourly_stull,2011,30,0,0,0,0,0,-0.06332994027392713
Hyderabad,2005-2014,reproduction,hourly_stull,2011,32,0,0,0,0,0,-0.06332994027392713
Hyderabad,2005-2014,reproduction,hourly_stull,2012,28,54,51,3,0,3,-0.08048487720885691
Hyderabad,2005-2014,reproduction,hourly_stull,2012,30,0,0,0,0,0,-0.08048487720885691
Hyderabad,2005-2014,reproduction,hourly_stull,2012,32,0,0,0,0,0,-0.08048487720885691
Hyderabad,2005-2014,reproduction,hourly_stull,2013,28,55,55,0,2,2,-0.05929156549598297
Hyderabad,2005-2014,reproduction,hourly_stull,2013,30,3,5,2,2,0,-0.05929156549598297
Hyderabad,2005-2014,reproduction,hourly_stull,2013,32,0,0,0,0,0,-0.05929156549598297
Hyderabad,2005-2014,reproduction,hourly_stull,2014,28,58,60,2,2,0,-0.041921287363096554
Hyderabad,2005-2014,reproduction,hourly_stull,2014,30,1,2,1,1,0,-0.041921287363096554
Hyderabad,2005-2014,reproduction,hourly_stull,2014,32,0,0,0,0,0,-0.041921287363096554
Hyderabad,2005-2014,reproduction,bernard,2005,28,49,49,0,0,0,0.0
Hyderabad,2005-2014,reproduction,bernard,2005,30,3,3,0,0,0,0.0
Hyderabad,2005-2014,reproduction,bernard,2005,32,0,0,0,0,0,0.0
Hyderabad,2005-2014,reproduction,bernard,2006,28,41,41,0,0,0,0.0
Hyderabad,2005-2014,reproduction,bernard,2006,30,0,0,0,0,0,0.0
Hyderabad,2005-2014,reproduction,bernard,2006,32,0,0,0,0,0,0.0
Hyderabad,2005-2014,reproduction,bernard,2007,28,50,50,0,0,0,0.0
Hyderabad,2005-2014,reproduction,bernard,2007,30,0,0,0,0,0,0.0
Hyderabad,2005-2014,reproduction,bernard,2007,32,0,0,0,0,0,0.0
Hyderabad,2005-2014,reproduction,bernard,2008,28,30,30,0,0,0,0.0
Hyderabad,2005-2014,reproduction,bernard,2008,30,0,0,0,0,0,0.0
Hyderabad,2005-2014,reproduction,bernard,2008,32,0,0,0,0,0,0.0
Hyderabad,2005-2014,reproduction,bernard,2009,28,57,57,0,0,0,0.0
Hyderabad,2005-2014,reproduction,bernard,2009,30,0,0,0,0,0,0.0
Hyderabad,2005-2014,reproduction,bernard,2009,32,0,0,0,0,0,0.0
Hyderabad,2005-2014,reproduction,bernard,2010,28,69,69,0,0,0,0.0
Hyderabad,2005-2014,reproduction,bernard,2010,30,7,7,0,0,0,0.0
Hyderabad,2005-2014,reproduction,bernard,2010,32,0,0,0,0,0,0.0
Hyderabad,2005-2014,reproduction,bernard,2011,28,36,36,0,0,0,0.0
Hyderabad,2005-2014,reproduction,bernard,2011,30,0,0,0,0,0,0.0
Hyderabad,2005-2014,reproduction,bernard,2011,32,0,0,0,0,0,0.0
Hyderabad,2005-2014,reproduction,bernard,2012,28,54,54,0,0,0,0.0
Hyderabad,2005-2014,reproduction,bernard,2012,30,0,0,0,0,0,0.0
Hyderabad,2005-2014,reproduction,bernard,2012,32,0,0,0,0,0,0.0
Hyderabad,2005-2014,reproduction,bernard,2013,28,55,55,0,0,0,0.0
Hyderabad,2005-2014,reproduction,bernard,2013,30,3,3,0,0,0,0.0
Hyderabad,2005-2014,reproduction,bernard,2013,32,0,0,0,0,0,0.0
Hyderabad,2005-2014,reproduction,bernard,2014,28,58,58,0,0,0,0.0
Hyderabad,2005-2014,reproduction,bernard,2014,30,1,1,0,0,0,0.0
Hyderabad,2005-2014,reproduction,bernard,2014,32,0,0,0,0,0,0.0
Hyderabad,2005-2014,deployment,shipped,2006,28,41,0,41,0,41,-2.6789749658647994
Hyderabad,2005-2014,deployment,shipped,2006,30,0,0,0,0,0,-2.6789749658647994
Hyderabad,2005-2014,deployment,shipped,2006,32,0,0,0,0,0,-2.6789749658647994
Hyderabad,2005-2014,deployment,shipped,2007,28,50,0,50,0,50,-2.7342304619782483
Hyderabad,2005-2014,deployment,shipped,2007,30,0,0,0,0,0,-2.7342304619782483
Hyderabad,2005-2014,deployment,shipped,2007,32,0,0,0,0,0,-2.7342304619782483
Hyderabad,2005-2014,deployment,shipped,2008,28,30,0,30,0,30,-2.699707105540785
Hyderabad,2005-2014,deployment,shipped,2008,30,0,0,0,0,0,-2.699707105540785
Hyderabad,2005-2014,deployment,shipped,2008,32,0,0,0,0,0,-2.699707105540785
Hyderabad,2005-2014,deployment,shipped,2009,28,57,0,57,0,57,-2.755589476821902
Hyderabad,2005-2014,deployment,shipped,2009,30,0,0,0,0,0,-2.755589476821902
Hyderabad,2005-2014,deployment,shipped,2009,32,0,0,0,0,0,-2.755589476821902
Hyderabad,2005-2014,deployment,shipped,2010,28,69,0,69,0,69,-2.5479837020094007
Hyderabad,2005-2014,deployment,shipped,2010,30,7,0,7,0,7,-2.5479837020094007
Hyderabad,2005-2014,deployment,shipped,2010,32,0,0,0,0,0,-2.5479837020094007
Hyderabad,2005-2014,deployment,shipped,2011,28,36,0,36,0,36,-2.8273284960992098
Hyderabad,2005-2014,deployment,shipped,2011,30,0,0,0,0,0,-2.8273284960992098
Hyderabad,2005-2014,deployment,shipped,2011,32,0,0,0,0,0,-2.8273284960992098
Hyderabad,2005-2014,deployment,shipped,2012,28,54,0,54,0,54,-2.816205440033154
Hyderabad,2005-2014,deployment,shipped,2012,30,0,0,0,0,0,-2.816205440033154
Hyderabad,2005-2014,deployment,shipped,2012,32,0,0,0,0,0,-2.816205440033154
Hyderabad,2005-2014,deployment,shipped,2013,28,55,2,53,0,53,-2.6849518392686393
Hyderabad,2005-2014,deployment,shipped,2013,30,3,0,3,0,3,-2.6849518392686393
Hyderabad,2005-2014,deployment,shipped,2013,32,0,0,0,0,0,-2.6849518392686393
Hyderabad,2005-2014,deployment,shipped,2014,28,58,0,58,0,58,-2.6840717868247905
Hyderabad,2005-2014,deployment,shipped,2014,30,1,0,1,0,1,-2.6840717868247905
Hyderabad,2005-2014,deployment,shipped,2014,32,0,0,0,0,0,-2.6840717868247905
Hyderabad,2005-2014,deployment,candidate,2006,28,41,57,16,16,0,0.24721434315928112
Hyderabad,2005-2014,deployment,candidate,2006,30,0,3,3,3,0,0.24721434315928112
Hyderabad,2005-2014,deployment,candidate,2006,32,0,0,0,0,0,0.24721434315928112
Hyderabad,2005-2014,deployment,candidate,2007,28,50,61,11,13,2,0.2833724144246799
Hyderabad,2005-2014,deployment,candidate,2007,30,0,3,3,3,0,0.2833724144246799
Hyderabad,2005-2014,deployment,candidate,2007,32,0,0,0,0,0,0.2833724144246799
Hyderabad,2005-2014,deployment,candidate,2008,28,30,41,11,12,1,0.2813057487058314
Hyderabad,2005-2014,deployment,candidate,2008,30,0,0,0,0,0,0.2813057487058314
Hyderabad,2005-2014,deployment,candidate,2008,32,0,0,0,0,0,0.2813057487058314
Hyderabad,2005-2014,deployment,candidate,2009,28,57,73,16,18,2,0.3283310199631084
Hyderabad,2005-2014,deployment,candidate,2009,30,0,7,7,7,0,0.3283310199631084
Hyderabad,2005-2014,deployment,candidate,2009,32,0,0,0,0,0,0.3283310199631084
Hyderabad,2005-2014,deployment,candidate,2010,28,69,82,13,15,2,0.23591850245708368
Hyderabad,2005-2014,deployment,candidate,2010,30,7,17,10,10,0,0.23591850245708368
Hyderabad,2005-2014,deployment,candidate,2010,32,0,0,0,0,0,0.23591850245708368
Hyderabad,2005-2014,deployment,candidate,2011,28,36,46,10,12,2,0.3561571359434062
Hyderabad,2005-2014,deployment,candidate,2011,30,0,4,4,4,0,0.3561571359434062
Hyderabad,2005-2014,deployment,candidate,2011,32,0,0,0,0,0,0.3561571359434062
Hyderabad,2005-2014,deployment,candidate,2012,28,54,70,16,16,0,0.28579809986317584
Hyderabad,2005-2014,deployment,candidate,2012,30,0,4,4,4,0,0.28579809986317584
Hyderabad,2005-2014,deployment,candidate,2012,32,0,0,0,0,0,0.28579809986317584
Hyderabad,2005-2014,deployment,candidate,2013,28,55,68,13,13,0,0.26433532498188117
Hyderabad,2005-2014,deployment,candidate,2013,30,3,16,13,13,0,0.26433532498188117
Hyderabad,2005-2014,deployment,candidate,2013,32,0,1,1,1,0,0.26433532498188117
Hyderabad,2005-2014,deployment,candidate,2014,28,58,75,17,19,2,0.36394952197371344
Hyderabad,2005-2014,deployment,candidate,2014,30,1,11,10,10,0,0.36394952197371344
Hyderabad,2005-2014,deployment,candidate,2014,32,0,0,0,0,0,0.36394952197371344
Hyderabad,2005-2014,deployment,hourly_stull,2006,28,41,40,1,1,2,-0.05957734571400478
Hyderabad,2005-2014,deployment,hourly_stull,2006,30,0,0,0,0,0,-0.05957734571400478
Hyderabad,2005-2014,deployment,hourly_stull,2006,32,0,0,0,0,0,-0.05957734571400478
Hyderabad,2005-2014,deployment,hourly_stull,2007,28,50,50,0,0,0,-0.05328088603068555
Hyderabad,2005-2014,deployment,hourly_stull,2007,30,0,0,0,0,0,-0.05328088603068555
Hyderabad,2005-2014,deployment,hourly_stull,2007,32,0,0,0,0,0,-0.05328088603068555
Hyderabad,2005-2014,deployment,hourly_stull,2008,28,30,30,0,1,1,-0.06363909193018255
Hyderabad,2005-2014,deployment,hourly_stull,2008,30,0,0,0,0,0,-0.06363909193018255
Hyderabad,2005-2014,deployment,hourly_stull,2008,32,0,0,0,0,0,-0.06363909193018255
Hyderabad,2005-2014,deployment,hourly_stull,2009,28,57,56,1,0,1,-0.05699142174626382
Hyderabad,2005-2014,deployment,hourly_stull,2009,30,0,1,1,1,0,-0.05699142174626382
Hyderabad,2005-2014,deployment,hourly_stull,2009,32,0,0,0,0,0,-0.05699142174626382
Hyderabad,2005-2014,deployment,hourly_stull,2010,28,69,68,1,0,1,-0.06240216509634045
Hyderabad,2005-2014,deployment,hourly_stull,2010,30,7,7,0,0,0,-0.06240216509634045
Hyderabad,2005-2014,deployment,hourly_stull,2010,32,0,0,0,0,0,-0.06240216509634045
Hyderabad,2005-2014,deployment,hourly_stull,2011,28,36,37,1,1,0,-0.06332994027392713
Hyderabad,2005-2014,deployment,hourly_stull,2011,30,0,0,0,0,0,-0.06332994027392713
Hyderabad,2005-2014,deployment,hourly_stull,2011,32,0,0,0,0,0,-0.06332994027392713
Hyderabad,2005-2014,deployment,hourly_stull,2012,28,54,51,3,0,3,-0.07984089141539284
Hyderabad,2005-2014,deployment,hourly_stull,2012,30,0,0,0,0,0,-0.07984089141539284
Hyderabad,2005-2014,deployment,hourly_stull,2012,32,0,0,0,0,0,-0.07984089141539284
Hyderabad,2005-2014,deployment,hourly_stull,2013,28,55,55,0,2,2,-0.05929156549598297
Hyderabad,2005-2014,deployment,hourly_stull,2013,30,3,5,2,2,0,-0.05929156549598297
Hyderabad,2005-2014,deployment,hourly_stull,2013,32,0,0,0,0,0,-0.05929156549598297
Hyderabad,2005-2014,deployment,hourly_stull,2014,28,58,60,2,2,0,-0.041921287363096554
Hyderabad,2005-2014,deployment,hourly_stull,2014,30,1,2,1,1,0,-0.041921287363096554
Hyderabad,2005-2014,deployment,hourly_stull,2014,32,0,0,0,0,0,-0.041921287363096554
Hyderabad,2005-2014,deployment,bernard,2006,28,41,41,0,0,0,0.0
Hyderabad,2005-2014,deployment,bernard,2006,30,0,0,0,0,0,0.0
Hyderabad,2005-2014,deployment,bernard,2006,32,0,0,0,0,0,0.0
Hyderabad,2005-2014,deployment,bernard,2007,28,50,50,0,0,0,0.0
Hyderabad,2005-2014,deployment,bernard,2007,30,0,0,0,0,0,0.0
Hyderabad,2005-2014,deployment,bernard,2007,32,0,0,0,0,0,0.0
Hyderabad,2005-2014,deployment,bernard,2008,28,30,30,0,0,0,0.0
Hyderabad,2005-2014,deployment,bernard,2008,30,0,0,0,0,0,0.0
Hyderabad,2005-2014,deployment,bernard,2008,32,0,0,0,0,0,0.0
Hyderabad,2005-2014,deployment,bernard,2009,28,57,57,0,0,0,0.0
Hyderabad,2005-2014,deployment,bernard,2009,30,0,0,0,0,0,0.0
Hyderabad,2005-2014,deployment,bernard,2009,32,0,0,0,0,0,0.0
Hyderabad,2005-2014,deployment,bernard,2010,28,69,69,0,0,0,0.0
Hyderabad,2005-2014,deployment,bernard,2010,30,7,7,0,0,0,0.0
Hyderabad,2005-2014,deployment,bernard,2010,32,0,0,0,0,0,0.0
Hyderabad,2005-2014,deployment,bernard,2011,28,36,36,0,0,0,0.0
Hyderabad,2005-2014,deployment,bernard,2011,30,0,0,0,0,0,0.0
Hyderabad,2005-2014,deployment,bernard,2011,32,0,0,0,0,0,0.0
Hyderabad,2005-2014,deployment,bernard,2012,28,54,54,0,0,0,0.0
Hyderabad,2005-2014,deployment,bernard,2012,30,0,0,0,0,0,0.0
Hyderabad,2005-2014,deployment,bernard,2012,32,0,0,0,0,0,0.0
Hyderabad,2005-2014,deployment,bernard,2013,28,55,55,0,0,0,0.0
Hyderabad,2005-2014,deployment,bernard,2013,30,3,3,0,0,0,0.0
Hyderabad,2005-2014,deployment,bernard,2013,32,0,0,0,0,0,0.0
Hyderabad,2005-2014,deployment,bernard,2014,28,58,58,0,0,0,0.0
Hyderabad,2005-2014,deployment,bernard,2014,30,1,1,0,0,0,0.0
Hyderabad,2005-2014,deployment,bernard,2014,32,0,0,0,0,0,0.0
Shimla,2005-2014,reproduction,shipped,2005,28,0,0,0,0,0,-3.6404036796142054
Shimla,2005-2014,reproduction,shipped,2005,30,0,0,0,0,0,-3.6404036796142054
Shimla,2005-2014,reproduction,shipped,2005,32,0,0,0,0,0,-3.6404036796142054
Shimla,2005-2014,reproduction,shipped,2006,28,0,0,0,0,0,-3.50154664084107
Shimla,2005-2014,reproduction,shipped,2006,30,0,0,0,0,0,-3.50154664084107
Shimla,2005-2014,reproduction,shipped,2006,32,0,0,0,0,0,-3.50154664084107
Shimla,2005-2014,reproduction,shipped,2007,28,0,0,0,0,0,-3.691862487133777
Shimla,2005-2014,reproduction,shipped,2007,30,0,0,0,0,0,-3.691862487133777
Shimla,2005-2014,reproduction,shipped,2007,32,0,0,0,0,0,-3.691862487133777
Shimla,2005-2014,reproduction,shipped,2008,28,0,0,0,0,0,-3.68878156425094
Shimla,2005-2014,reproduction,shipped,2008,30,0,0,0,0,0,-3.68878156425094
Shimla,2005-2014,reproduction,shipped,2008,32,0,0,0,0,0,-3.68878156425094
Shimla,2005-2014,reproduction,shipped,2009,28,0,0,0,0,0,-3.628478438659293
Shimla,2005-2014,reproduction,shipped,2009,30,0,0,0,0,0,-3.628478438659293
Shimla,2005-2014,reproduction,shipped,2009,32,0,0,0,0,0,-3.628478438659293
Shimla,2005-2014,reproduction,shipped,2010,28,0,0,0,0,0,-3.698822633056818
Shimla,2005-2014,reproduction,shipped,2010,30,0,0,0,0,0,-3.698822633056818
Shimla,2005-2014,reproduction,shipped,2010,32,0,0,0,0,0,-3.698822633056818
Shimla,2005-2014,reproduction,shipped,2011,28,0,0,0,0,0,-3.5811070591191205
Shimla,2005-2014,reproduction,shipped,2011,30,0,0,0,0,0,-3.5811070591191205
Shimla,2005-2014,reproduction,shipped,2011,32,0,0,0,0,0,-3.5811070591191205
Shimla,2005-2014,reproduction,shipped,2012,28,0,0,0,0,0,-3.6440560607880155
Shimla,2005-2014,reproduction,shipped,2012,30,0,0,0,0,0,-3.6440560607880155
Shimla,2005-2014,reproduction,shipped,2012,32,0,0,0,0,0,-3.6440560607880155
Shimla,2005-2014,reproduction,shipped,2013,28,0,0,0,0,0,-3.6873823597132387
Shimla,2005-2014,reproduction,shipped,2013,30,0,0,0,0,0,-3.6873823597132387
Shimla,2005-2014,reproduction,shipped,2013,32,0,0,0,0,0,-3.6873823597132387
Shimla,2005-2014,reproduction,shipped,2014,28,0,0,0,0,0,-3.6488063720145014
Shimla,2005-2014,reproduction,shipped,2014,30,0,0,0,0,0,-3.6488063720145014
Shimla,2005-2014,reproduction,shipped,2014,32,0,0,0,0,0,-3.6488063720145014
Shimla,2005-2014,reproduction,candidate,2005,28,0,0,0,0,0,-0.3853809729066945
Shimla,2005-2014,reproduction,candidate,2005,30,0,0,0,0,0,-0.3853809729066945
Shimla,2005-2014,reproduction,candidate,2005,32,0,0,0,0,0,-0.3853809729066945
Shimla,2005-2014,reproduction,candidate,2006,28,0,0,0,0,0,-0.35905036713252353
Shimla,2005-2014,reproduction,candidate,2006,30,0,0,0,0,0,-0.35905036713252353
Shimla,2005-2014,reproduction,candidate,2006,32,0,0,0,0,0,-0.35905036713252353
Shimla,2005-2014,reproduction,candidate,2007,28,0,0,0,0,0,-0.2724382401361231
Shimla,2005-2014,reproduction,candidate,2007,30,0,0,0,0,0,-0.2724382401361231
Shimla,2005-2014,reproduction,candidate,2007,32,0,0,0,0,0,-0.2724382401361231
Shimla,2005-2014,reproduction,candidate,2008,28,0,0,0,0,0,-0.3807200307058405
Shimla,2005-2014,reproduction,candidate,2008,30,0,0,0,0,0,-0.3807200307058405
Shimla,2005-2014,reproduction,candidate,2008,32,0,0,0,0,0,-0.3807200307058405
Shimla,2005-2014,reproduction,candidate,2009,28,0,0,0,0,0,-0.23421951730073032
Shimla,2005-2014,reproduction,candidate,2009,30,0,0,0,0,0,-0.23421951730073032
Shimla,2005-2014,reproduction,candidate,2009,32,0,0,0,0,0,-0.23421951730073032
Shimla,2005-2014,reproduction,candidate,2010,28,0,0,0,0,0,-0.37219626725503285
Shimla,2005-2014,reproduction,candidate,2010,30,0,0,0,0,0,-0.37219626725503285
Shimla,2005-2014,reproduction,candidate,2010,32,0,0,0,0,0,-0.37219626725503285
Shimla,2005-2014,reproduction,candidate,2011,28,0,0,0,0,0,-0.34182526113306827
Shimla,2005-2014,reproduction,candidate,2011,30,0,0,0,0,0,-0.34182526113306827
Shimla,2005-2014,reproduction,candidate,2011,32,0,0,0,0,0,-0.34182526113306827
Shimla,2005-2014,reproduction,candidate,2012,28,0,0,0,0,0,-0.3475636798284459
Shimla,2005-2014,reproduction,candidate,2012,30,0,0,0,0,0,-0.3475636798284459
Shimla,2005-2014,reproduction,candidate,2012,32,0,0,0,0,0,-0.3475636798284459
Shimla,2005-2014,reproduction,candidate,2013,28,0,0,0,0,0,-0.44414818479262813
Shimla,2005-2014,reproduction,candidate,2013,30,0,0,0,0,0,-0.44414818479262813
Shimla,2005-2014,reproduction,candidate,2013,32,0,0,0,0,0,-0.44414818479262813
Shimla,2005-2014,reproduction,candidate,2014,28,0,0,0,0,0,-0.3273427218447358
Shimla,2005-2014,reproduction,candidate,2014,30,0,0,0,0,0,-0.3273427218447358
Shimla,2005-2014,reproduction,candidate,2014,32,0,0,0,0,0,-0.3273427218447358
Shimla,2005-2014,reproduction,hourly_stull,2005,28,0,0,0,0,0,-0.2661951999247514
Shimla,2005-2014,reproduction,hourly_stull,2005,30,0,0,0,0,0,-0.2661951999247514
Shimla,2005-2014,reproduction,hourly_stull,2005,32,0,0,0,0,0,-0.2661951999247514
Shimla,2005-2014,reproduction,hourly_stull,2006,28,0,0,0,0,0,-0.25107862822317023
Shimla,2005-2014,reproduction,hourly_stull,2006,30,0,0,0,0,0,-0.25107862822317023
Shimla,2005-2014,reproduction,hourly_stull,2006,32,0,0,0,0,0,-0.25107862822317023
Shimla,2005-2014,reproduction,hourly_stull,2007,28,0,0,0,0,0,-0.25702940697407745
Shimla,2005-2014,reproduction,hourly_stull,2007,30,0,0,0,0,0,-0.25702940697407745
Shimla,2005-2014,reproduction,hourly_stull,2007,32,0,0,0,0,0,-0.25702940697407745
Shimla,2005-2014,reproduction,hourly_stull,2008,28,0,0,0,0,0,-0.2567303231748764
Shimla,2005-2014,reproduction,hourly_stull,2008,30,0,0,0,0,0,-0.2567303231748764
Shimla,2005-2014,reproduction,hourly_stull,2008,32,0,0,0,0,0,-0.2567303231748764
Shimla,2005-2014,reproduction,hourly_stull,2009,28,0,0,0,0,0,-0.25696259387412523
Shimla,2005-2014,reproduction,hourly_stull,2009,30,0,0,0,0,0,-0.25696259387412523
Shimla,2005-2014,reproduction,hourly_stull,2009,32,0,0,0,0,0,-0.25696259387412523
Shimla,2005-2014,reproduction,hourly_stull,2010,28,0,0,0,0,0,-0.24918655145048696
Shimla,2005-2014,reproduction,hourly_stull,2010,30,0,0,0,0,0,-0.24918655145048696
Shimla,2005-2014,reproduction,hourly_stull,2010,32,0,0,0,0,0,-0.24918655145048696
Shimla,2005-2014,reproduction,hourly_stull,2011,28,0,0,0,0,0,-0.2548186218139151
Shimla,2005-2014,reproduction,hourly_stull,2011,30,0,0,0,0,0,-0.2548186218139151
Shimla,2005-2014,reproduction,hourly_stull,2011,32,0,0,0,0,0,-0.2548186218139151
Shimla,2005-2014,reproduction,hourly_stull,2012,28,0,0,0,0,0,-0.2629171466563746
Shimla,2005-2014,reproduction,hourly_stull,2012,30,0,0,0,0,0,-0.2629171466563746
Shimla,2005-2014,reproduction,hourly_stull,2012,32,0,0,0,0,0,-0.2629171466563746
Shimla,2005-2014,reproduction,hourly_stull,2013,28,0,0,0,0,0,-0.2520920425792765
Shimla,2005-2014,reproduction,hourly_stull,2013,30,0,0,0,0,0,-0.2520920425792765
Shimla,2005-2014,reproduction,hourly_stull,2013,32,0,0,0,0,0,-0.2520920425792765
Shimla,2005-2014,reproduction,hourly_stull,2014,28,0,0,0,0,0,-0.2627200742047455
Shimla,2005-2014,reproduction,hourly_stull,2014,30,0,0,0,0,0,-0.2627200742047455
Shimla,2005-2014,reproduction,hourly_stull,2014,32,0,0,0,0,0,-0.2627200742047455
Shimla,2005-2014,reproduction,bernard,2005,28,0,0,0,0,0,0.0
Shimla,2005-2014,reproduction,bernard,2005,30,0,0,0,0,0,0.0
Shimla,2005-2014,reproduction,bernard,2005,32,0,0,0,0,0,0.0
Shimla,2005-2014,reproduction,bernard,2006,28,0,0,0,0,0,0.0
Shimla,2005-2014,reproduction,bernard,2006,30,0,0,0,0,0,0.0
Shimla,2005-2014,reproduction,bernard,2006,32,0,0,0,0,0,0.0
Shimla,2005-2014,reproduction,bernard,2007,28,0,0,0,0,0,0.0
Shimla,2005-2014,reproduction,bernard,2007,30,0,0,0,0,0,0.0
Shimla,2005-2014,reproduction,bernard,2007,32,0,0,0,0,0,0.0
Shimla,2005-2014,reproduction,bernard,2008,28,0,0,0,0,0,0.0
Shimla,2005-2014,reproduction,bernard,2008,30,0,0,0,0,0,0.0
Shimla,2005-2014,reproduction,bernard,2008,32,0,0,0,0,0,0.0
Shimla,2005-2014,reproduction,bernard,2009,28,0,0,0,0,0,0.0
Shimla,2005-2014,reproduction,bernard,2009,30,0,0,0,0,0,0.0
Shimla,2005-2014,reproduction,bernard,2009,32,0,0,0,0,0,0.0
Shimla,2005-2014,reproduction,bernard,2010,28,0,0,0,0,0,0.0
Shimla,2005-2014,reproduction,bernard,2010,30,0,0,0,0,0,0.0
Shimla,2005-2014,reproduction,bernard,2010,32,0,0,0,0,0,0.0
Shimla,2005-2014,reproduction,bernard,2011,28,0,0,0,0,0,0.0
Shimla,2005-2014,reproduction,bernard,2011,30,0,0,0,0,0,0.0
Shimla,2005-2014,reproduction,bernard,2011,32,0,0,0,0,0,0.0
Shimla,2005-2014,reproduction,bernard,2012,28,0,0,0,0,0,0.0
Shimla,2005-2014,reproduction,bernard,2012,30,0,0,0,0,0,0.0
Shimla,2005-2014,reproduction,bernard,2012,32,0,0,0,0,0,0.0
Shimla,2005-2014,reproduction,bernard,2013,28,0,0,0,0,0,0.0
Shimla,2005-2014,reproduction,bernard,2013,30,0,0,0,0,0,0.0
Shimla,2005-2014,reproduction,bernard,2013,32,0,0,0,0,0,0.0
Shimla,2005-2014,reproduction,bernard,2014,28,0,0,0,0,0,0.0
Shimla,2005-2014,reproduction,bernard,2014,30,0,0,0,0,0,0.0
Shimla,2005-2014,reproduction,bernard,2014,32,0,0,0,0,0,0.0
Shimla,2005-2014,deployment,shipped,2006,28,0,0,0,0,0,-3.50154664084107
Shimla,2005-2014,deployment,shipped,2006,30,0,0,0,0,0,-3.50154664084107
Shimla,2005-2014,deployment,shipped,2006,32,0,0,0,0,0,-3.50154664084107
Shimla,2005-2014,deployment,shipped,2007,28,0,0,0,0,0,-3.691862487133777
Shimla,2005-2014,deployment,shipped,2007,30,0,0,0,0,0,-3.691862487133777
Shimla,2005-2014,deployment,shipped,2007,32,0,0,0,0,0,-3.691862487133777
Shimla,2005-2014,deployment,shipped,2008,28,0,0,0,0,0,-3.6848381726844894
Shimla,2005-2014,deployment,shipped,2008,30,0,0,0,0,0,-3.6848381726844894
Shimla,2005-2014,deployment,shipped,2008,32,0,0,0,0,0,-3.6848381726844894
Shimla,2005-2014,deployment,shipped,2009,28,0,0,0,0,0,-3.628478438659293
Shimla,2005-2014,deployment,shipped,2009,30,0,0,0,0,0,-3.628478438659293
Shimla,2005-2014,deployment,shipped,2009,32,0,0,0,0,0,-3.628478438659293
Shimla,2005-2014,deployment,shipped,2010,28,0,0,0,0,0,-3.698822633056818
Shimla,2005-2014,deployment,shipped,2010,30,0,0,0,0,0,-3.698822633056818
Shimla,2005-2014,deployment,shipped,2010,32,0,0,0,0,0,-3.698822633056818
Shimla,2005-2014,deployment,shipped,2011,28,0,0,0,0,0,-3.5811070591191205
Shimla,2005-2014,deployment,shipped,2011,30,0,0,0,0,0,-3.5811070591191205
Shimla,2005-2014,deployment,shipped,2011,32,0,0,0,0,0,-3.5811070591191205
Shimla,2005-2014,deployment,shipped,2012,28,0,0,0,0,0,-3.6405634215674256
Shimla,2005-2014,deployment,shipped,2012,30,0,0,0,0,0,-3.6405634215674256
Shimla,2005-2014,deployment,shipped,2012,32,0,0,0,0,0,-3.6405634215674256
Shimla,2005-2014,deployment,shipped,2013,28,0,0,0,0,0,-3.6873823597132387
Shimla,2005-2014,deployment,shipped,2013,30,0,0,0,0,0,-3.6873823597132387
Shimla,2005-2014,deployment,shipped,2013,32,0,0,0,0,0,-3.6873823597132387
Shimla,2005-2014,deployment,shipped,2014,28,0,0,0,0,0,-3.6488063720145014
Shimla,2005-2014,deployment,shipped,2014,30,0,0,0,0,0,-3.6488063720145014
Shimla,2005-2014,deployment,shipped,2014,32,0,0,0,0,0,-3.6488063720145014
Shimla,2005-2014,deployment,candidate,2006,28,0,0,0,0,0,-0.35905036713252353
Shimla,2005-2014,deployment,candidate,2006,30,0,0,0,0,0,-0.35905036713252353
Shimla,2005-2014,deployment,candidate,2006,32,0,0,0,0,0,-0.35905036713252353
Shimla,2005-2014,deployment,candidate,2007,28,0,0,0,0,0,-0.2724382401361231
Shimla,2005-2014,deployment,candidate,2007,30,0,0,0,0,0,-0.2724382401361231
Shimla,2005-2014,deployment,candidate,2007,32,0,0,0,0,0,-0.2724382401361231
Shimla,2005-2014,deployment,candidate,2008,28,0,0,0,0,0,-0.3805707525261748
Shimla,2005-2014,deployment,candidate,2008,30,0,0,0,0,0,-0.3805707525261748
Shimla,2005-2014,deployment,candidate,2008,32,0,0,0,0,0,-0.3805707525261748
Shimla,2005-2014,deployment,candidate,2009,28,0,0,0,0,0,-0.23421951730073032
Shimla,2005-2014,deployment,candidate,2009,30,0,0,0,0,0,-0.23421951730073032
Shimla,2005-2014,deployment,candidate,2009,32,0,0,0,0,0,-0.23421951730073032
Shimla,2005-2014,deployment,candidate,2010,28,0,0,0,0,0,-0.37219626725503285
Shimla,2005-2014,deployment,candidate,2010,30,0,0,0,0,0,-0.37219626725503285
Shimla,2005-2014,deployment,candidate,2010,32,0,0,0,0,0,-0.37219626725503285
Shimla,2005-2014,deployment,candidate,2011,28,0,0,0,0,0,-0.34182526113306827
Shimla,2005-2014,deployment,candidate,2011,30,0,0,0,0,0,-0.34182526113306827
Shimla,2005-2014,deployment,candidate,2011,32,0,0,0,0,0,-0.34182526113306827
Shimla,2005-2014,deployment,candidate,2012,28,0,0,0,0,0,-0.34776423722332234
Shimla,2005-2014,deployment,candidate,2012,30,0,0,0,0,0,-0.34776423722332234
Shimla,2005-2014,deployment,candidate,2012,32,0,0,0,0,0,-0.34776423722332234
Shimla,2005-2014,deployment,candidate,2013,28,0,0,0,0,0,-0.44414818479262813
Shimla,2005-2014,deployment,candidate,2013,30,0,0,0,0,0,-0.44414818479262813
Shimla,2005-2014,deployment,candidate,2013,32,0,0,0,0,0,-0.44414818479262813
Shimla,2005-2014,deployment,candidate,2014,28,0,0,0,0,0,-0.3273427218447358
Shimla,2005-2014,deployment,candidate,2014,30,0,0,0,0,0,-0.3273427218447358
Shimla,2005-2014,deployment,candidate,2014,32,0,0,0,0,0,-0.3273427218447358
Shimla,2005-2014,deployment,hourly_stull,2006,28,0,0,0,0,0,-0.25107862822317023
Shimla,2005-2014,deployment,hourly_stull,2006,30,0,0,0,0,0,-0.25107862822317023
Shimla,2005-2014,deployment,hourly_stull,2006,32,0,0,0,0,0,-0.25107862822317023
Shimla,2005-2014,deployment,hourly_stull,2007,28,0,0,0,0,0,-0.25702940697407745
Shimla,2005-2014,deployment,hourly_stull,2007,30,0,0,0,0,0,-0.25702940697407745
Shimla,2005-2014,deployment,hourly_stull,2007,32,0,0,0,0,0,-0.25702940697407745
Shimla,2005-2014,deployment,hourly_stull,2008,28,0,0,0,0,0,-0.2567890606418413
Shimla,2005-2014,deployment,hourly_stull,2008,30,0,0,0,0,0,-0.2567890606418413
Shimla,2005-2014,deployment,hourly_stull,2008,32,0,0,0,0,0,-0.2567890606418413
Shimla,2005-2014,deployment,hourly_stull,2009,28,0,0,0,0,0,-0.25696259387412523
Shimla,2005-2014,deployment,hourly_stull,2009,30,0,0,0,0,0,-0.25696259387412523
Shimla,2005-2014,deployment,hourly_stull,2009,32,0,0,0,0,0,-0.25696259387412523
Shimla,2005-2014,deployment,hourly_stull,2010,28,0,0,0,0,0,-0.24918655145048696
Shimla,2005-2014,deployment,hourly_stull,2010,30,0,0,0,0,0,-0.24918655145048696
Shimla,2005-2014,deployment,hourly_stull,2010,32,0,0,0,0,0,-0.24918655145048696
Shimla,2005-2014,deployment,hourly_stull,2011,28,0,0,0,0,0,-0.2548186218139151
Shimla,2005-2014,deployment,hourly_stull,2011,30,0,0,0,0,0,-0.2548186218139151
Shimla,2005-2014,deployment,hourly_stull,2011,32,0,0,0,0,0,-0.2548186218139151
Shimla,2005-2014,deployment,hourly_stull,2012,28,0,0,0,0,0,-0.2625636108257753
Shimla,2005-2014,deployment,hourly_stull,2012,30,0,0,0,0,0,-0.2625636108257753
Shimla,2005-2014,deployment,hourly_stull,2012,32,0,0,0,0,0,-0.2625636108257753
Shimla,2005-2014,deployment,hourly_stull,2013,28,0,0,0,0,0,-0.2520920425792765
Shimla,2005-2014,deployment,hourly_stull,2013,30,0,0,0,0,0,-0.2520920425792765
Shimla,2005-2014,deployment,hourly_stull,2013,32,0,0,0,0,0,-0.2520920425792765
Shimla,2005-2014,deployment,hourly_stull,2014,28,0,0,0,0,0,-0.2627200742047455
Shimla,2005-2014,deployment,hourly_stull,2014,30,0,0,0,0,0,-0.2627200742047455
Shimla,2005-2014,deployment,hourly_stull,2014,32,0,0,0,0,0,-0.2627200742047455
Shimla,2005-2014,deployment,bernard,2006,28,0,0,0,0,0,0.0
Shimla,2005-2014,deployment,bernard,2006,30,0,0,0,0,0,0.0
Shimla,2005-2014,deployment,bernard,2006,32,0,0,0,0,0,0.0
Shimla,2005-2014,deployment,bernard,2007,28,0,0,0,0,0,0.0
Shimla,2005-2014,deployment,bernard,2007,30,0,0,0,0,0,0.0
Shimla,2005-2014,deployment,bernard,2007,32,0,0,0,0,0,0.0
Shimla,2005-2014,deployment,bernard,2008,28,0,0,0,0,0,0.0
Shimla,2005-2014,deployment,bernard,2008,30,0,0,0,0,0,0.0
Shimla,2005-2014,deployment,bernard,2008,32,0,0,0,0,0,0.0
Shimla,2005-2014,deployment,bernard,2009,28,0,0,0,0,0,0.0
Shimla,2005-2014,deployment,bernard,2009,30,0,0,0,0,0,0.0
Shimla,2005-2014,deployment,bernard,2009,32,0,0,0,0,0,0.0
Shimla,2005-2014,deployment,bernard,2010,28,0,0,0,0,0,0.0
Shimla,2005-2014,deployment,bernard,2010,30,0,0,0,0,0,0.0
Shimla,2005-2014,deployment,bernard,2010,32,0,0,0,0,0,0.0
Shimla,2005-2014,deployment,bernard,2011,28,0,0,0,0,0,0.0
Shimla,2005-2014,deployment,bernard,2011,30,0,0,0,0,0,0.0
Shimla,2005-2014,deployment,bernard,2011,32,0,0,0,0,0,0.0
Shimla,2005-2014,deployment,bernard,2012,28,0,0,0,0,0,0.0
Shimla,2005-2014,deployment,bernard,2012,30,0,0,0,0,0,0.0
Shimla,2005-2014,deployment,bernard,2012,32,0,0,0,0,0,0.0
Shimla,2005-2014,deployment,bernard,2013,28,0,0,0,0,0,0.0
Shimla,2005-2014,deployment,bernard,2013,30,0,0,0,0,0,0.0
Shimla,2005-2014,deployment,bernard,2013,32,0,0,0,0,0,0.0
Shimla,2005-2014,deployment,bernard,2014,28,0,0,0,0,0,0.0
Shimla,2005-2014,deployment,bernard,2014,30,0,0,0,0,0,0.0
Shimla,2005-2014,deployment,bernard,2014,32,0,0,0,0,0,0.0
Kochi,1990-2004,reproduction,shipped,1990,28,63,0,63,0,63,-2.203316146414402
Kochi,1990-2004,reproduction,shipped,1990,30,0,0,0,0,0,-2.203316146414402
Kochi,1990-2004,reproduction,shipped,1990,32,0,0,0,0,0,-2.203316146414402
Kochi,1990-2004,reproduction,shipped,1991,28,92,0,92,0,92,-2.1567624300207124
Kochi,1990-2004,reproduction,shipped,1991,30,1,0,1,0,1,-2.1567624300207124
Kochi,1990-2004,reproduction,shipped,1991,32,0,0,0,0,0,-2.1567624300207124
Kochi,1990-2004,reproduction,shipped,1992,28,57,0,57,0,57,-2.1137388120132465
Kochi,1990-2004,reproduction,shipped,1992,30,1,0,1,0,1,-2.1137388120132465
Kochi,1990-2004,reproduction,shipped,1992,32,0,0,0,0,0,-2.1137388120132465
Kochi,1990-2004,reproduction,shipped,1993,28,63,0,63,0,63,-2.1092084163361755
Kochi,1990-2004,reproduction,shipped,1993,30,0,0,0,0,0,-2.1092084163361755
Kochi,1990-2004,reproduction,shipped,1993,32,0,0,0,0,0,-2.1092084163361755
Kochi,1990-2004,reproduction,shipped,1994,28,63,0,63,0,63,-2.12655823608644
Kochi,1990-2004,reproduction,shipped,1994,30,0,0,0,0,0,-2.12655823608644
Kochi,1990-2004,reproduction,shipped,1994,32,0,0,0,0,0,-2.12655823608644
Kochi,1990-2004,reproduction,shipped,1995,28,69,0,69,0,69,-2.097064245425514
Kochi,1990-2004,reproduction,shipped,1995,30,0,0,0,0,0,-2.097064245425514
Kochi,1990-2004,reproduction,shipped,1995,32,0,0,0,0,0,-2.097064245425514
Kochi,1990-2004,reproduction,shipped,1996,28,79,0,79,0,79,-2.162657660913991
Kochi,1990-2004,reproduction,shipped,1996,30,0,0,0,0,0,-2.162657660913991
Kochi,1990-2004,reproduction,shipped,1996,32,0,0,0,0,0,-2.162657660913991
Kochi,1990-2004,reproduction,shipped,1997,28,108,0,108,0,108,-2.1971765958831457
Kochi,1990-2004,reproduction,shipped,1997,30,0,0,0,0,0,-2.1971765958831457
Kochi,1990-2004,reproduction,shipped,1997,32,0,0,0,0,0,-2.1971765958831457
Kochi,1990-2004,reproduction,shipped,1998,28,113,6,107,0,107,-2.09870211283001
Kochi,1990-2004,reproduction,shipped,1998,30,14,0,14,0,14,-2.09870211283001
Kochi,1990-2004,reproduction,shipped,1998,32,0,0,0,0,0,-2.09870211283001
Kochi,1990-2004,reproduction,shipped,1999,28,65,0,65,0,65,-2.1733446217340204
Kochi,1990-2004,reproduction,shipped,1999,30,0,0,0,0,0,-2.1733446217340204
Kochi,1990-2004,reproduction,shipped,1999,32,0,0,0,0,0,-2.1733446217340204
Kochi,1990-2004,reproduction,shipped,2000,28,75,0,75,0,75,-2.298565955746658
Kochi,1990-2004,reproduction,shipped,2000,30,0,0,0,0,0,-2.298565955746658
Kochi,1990-2004,reproduction,shipped,2000,32,0,0,0,0,0,-2.298565955746658
Kochi,1990-2004,reproduction,shipped,2001,28,71,0,71,0,71,-2.215250881108299
Kochi,1990-2004,reproduction,shipped,2001,30,0,0,0,0,0,-2.215250881108299
Kochi,1990-2004,reproduction,shipped,2001,32,0,0,0,0,0,-2.215250881108299
Kochi,1990-2004,reproduction,shipped,2002,28,92,0,92,0,92,-2.167788837127365
Kochi,1990-2004,reproduction,shipped,2002,30,1,0,1,0,1,-2.167788837127365
Kochi,1990-2004,reproduction,shipped,2002,32,0,0,0,0,0,-2.167788837127365
Kochi,1990-2004,reproduction,shipped,2003,28,118,0,118,0,118,-2.222297075904783
Kochi,1990-2004,reproduction,shipped,2003,30,0,0,0,0,0,-2.222297075904783
Kochi,1990-2004,reproduction,shipped,2003,32,0,0,0,0,0,-2.222297075904783
Kochi,1990-2004,reproduction,shipped,2004,28,99,0,99,0,99,-2.1502845644541217
Kochi,1990-2004,reproduction,shipped,2004,30,0,0,0,0,0,-2.1502845644541217
Kochi,1990-2004,reproduction,shipped,2004,32,0,0,0,0,0,-2.1502845644541217
Kochi,1990-2004,reproduction,candidate,1990,28,63,96,33,38,5,0.19832916102518863
Kochi,1990-2004,reproduction,candidate,1990,30,0,11,11,11,0,0.19832916102518863
Kochi,1990-2004,reproduction,candidate,1990,32,0,0,0,0,0,0.19832916102518863
Kochi,1990-2004,reproduction,candidate,1991,28,92,137,45,54,9,0.30397887496265635
Kochi,1990-2004,reproduction,candidate,1991,30,1,7,6,6,0,0.30397887496265635
Kochi,1990-2004,reproduction,candidate,1991,32,0,0,0,0,0,0.30397887496265635
Kochi,1990-2004,reproduction,candidate,1992,28,57,90,33,40,7,0.229265275078241
Kochi,1990-2004,reproduction,candidate,1992,30,1,6,5,6,1,0.229265275078241
Kochi,1990-2004,reproduction,candidate,1992,32,0,0,0,0,0,0.229265275078241
Kochi,1990-2004,reproduction,candidate,1993,28,63,98,35,42,7,0.2091692705841106
Kochi,1990-2004,reproduction,candidate,1993,30,0,6,6,6,0,0.2091692705841106
Kochi,1990-2004,reproduction,candidate,1993,32,0,0,0,0,0,0.2091692705841106
Kochi,1990-2004,reproduction,candidate,1994,28,63,106,43,46,3,0.18868331976570135
Kochi,1990-2004,reproduction,candidate,1994,30,0,3,3,3,0,0.18868331976570135
Kochi,1990-2004,reproduction,candidate,1994,32,0,0,0,0,0,0.18868331976570135
Kochi,1990-2004,reproduction,candidate,1995,28,69,114,45,53,8,0.165403701078105
Kochi,1990-2004,reproduction,candidate,1995,30,0,6,6,6,0,0.165403701078105
Kochi,1990-2004,reproduction,candidate,1995,32,0,0,0,0,0,0.165403701078105
Kochi,1990-2004,reproduction,candidate,1996,28,79,112,33,41,8,0.18313086917452168
Kochi,1990-2004,reproduction,candidate,1996,30,0,10,10,10,0,0.18313086917452168
Kochi,1990-2004,reproduction,candidate,1996,32,0,0,0,0,0,0.18313086917452168
Kochi,1990-2004,reproduction,candidate,1997,28,108,118,10,29,19,0.21620186190391785
Kochi,1990-2004,reproduction,candidate,1997,30,0,14,14,14,0,0.21620186190391785
Kochi,1990-2004,reproduction,candidate,1997,32,0,0,0,0,0,0.21620186190391785
Kochi,1990-2004,reproduction,candidate,1998,28,113,145,32,41,9,0.18044711404336836
Kochi,1990-2004,reproduction,candidate,1998,30,14,49,35,36,1,0.18044711404336836
Kochi,1990-2004,reproduction,candidate,1998,32,0,0,0,0,0,0.18044711404336836
Kochi,1990-2004,reproduction,candidate,1999,28,65,75,10,26,16,0.052931536758779145
Kochi,1990-2004,reproduction,candidate,1999,30,0,9,9,9,0,0.052931536758779145
Kochi,1990-2004,reproduction,candidate,1999,32,0,0,0,0,0,0.052931536758779145
Kochi,1990-2004,reproduction,candidate,2000,28,75,104,29,41,12,0.08650814650546944
Kochi,1990-2004,reproduction,candidate,2000,30,0,1,1,1,0,0.08650814650546944
Kochi,1990-2004,reproduction,candidate,2000,32,0,0,0,0,0,0.08650814650546944
Kochi,1990-2004,reproduction,candidate,2001,28,71,104,33,45,12,0.07977633934605345
Kochi,1990-2004,reproduction,candidate,2001,30,0,2,2,2,0,0.07977633934605345
Kochi,1990-2004,reproduction,candidate,2001,32,0,0,0,0,0,0.07977633934605345
Kochi,1990-2004,reproduction,candidate,2002,28,92,126,34,54,20,0.25108314738252957
Kochi,1990-2004,reproduction,candidate,2002,30,1,15,14,15,1,0.25108314738252957
Kochi,1990-2004,reproduction,candidate,2002,32,0,0,0,0,0,0.25108314738252957
Kochi,1990-2004,reproduction,candidate,2003,28,118,140,22,45,23,0.11320264163390288
Kochi,1990-2004,reproduction,candidate,2003,30,0,3,3,3,0,0.11320264163390288
Kochi,1990-2004,reproduction,candidate,2003,32,0,0,0,0,0,0.11320264163390288
Kochi,1990-2004,reproduction,candidate,2004,28,99,123,24,51,27,0.19298651575797263
Kochi,1990-2004,reproduction,candidate,2004,30,0,12,12,12,0,0.19298651575797263
Kochi,1990-2004,reproduction,candidate,2004,32,0,0,0,0,0,0.19298651575797263
Kochi,1990-2004,reproduction,hourly_stull,1990,28,63,61,2,2,4,-0.043425458541012214
Kochi,1990-2004,reproduction,hourly_stull,1990,30,0,0,0,0,0,-0.043425458541012214
Kochi,1990-2004,reproduction,hourly_stull,1990,32,0,0,0,0,0,-0.043425458541012214
Kochi,1990-2004,reproduction,hourly_stull,1991,28,92,88,4,1,5,-0.03967510016159015
Kochi,1990-2004,reproduction,hourly_stull,1991,30,1,2,1,1,0,-0.03967510016159015
Kochi,1990-2004,reproduction,hourly_stull,1991,32,0,0,0,0,0,-0.03967510016159015
Kochi,1990-2004,reproduction,hourly_stull,1992,28,57,56,1,0,1,-0.03886244252940817
Kochi,1990-2004,reproduction,hourly_stull,1992,30,1,1,0,0,0,-0.03886244252940817
Kochi,1990-2004,reproduction,hourly_stull,1992,32,0,0,0,0,0,-0.03886244252940817
Kochi,1990-2004,reproduction,hourly_stull,1993,28,63,65,2,4,2,-0.04245541465349418
Kochi,1990-2004,reproduction,hourly_stull,1993,30,0,0,0,0,0,-0.04245541465349418
Kochi,1990-2004,reproduction,hourly_stull,1993,32,0,0,0,0,0,-0.04245541465349418
Kochi,1990-2004,reproduction,hourly_stull,1994,28,63,62,1,2,3,-0.04501975891864716
Kochi,1990-2004,reproduction,hourly_stull,1994,30,0,0,0,0,0,-0.04501975891864716
Kochi,1990-2004,reproduction,hourly_stull,1994,32,0,0,0,0,0,-0.04501975891864716
Kochi,1990-2004,reproduction,hourly_stull,1995,28,69,68,1,3,4,-0.04174142093068252
Kochi,1990-2004,reproduction,hourly_stull,1995,30,0,0,0,0,0,-0.04174142093068252
Kochi,1990-2004,reproduction,hourly_stull,1995,32,0,0,0,0,0,-0.04174142093068252
Kochi,1990-2004,reproduction,hourly_stull,1996,28,79,79,0,0,0,-0.044239144661020996
Kochi,1990-2004,reproduction,hourly_stull,1996,30,0,0,0,0,0,-0.044239144661020996
Kochi,1990-2004,reproduction,hourly_stull,1996,32,0,0,0,0,0,-0.044239144661020996
Kochi,1990-2004,reproduction,hourly_stull,1997,28,108,104,4,0,4,-0.040612768461296196
Kochi,1990-2004,reproduction,hourly_stull,1997,30,0,0,0,0,0,-0.040612768461296196
Kochi,1990-2004,reproduction,hourly_stull,1997,32,0,0,0,0,0,-0.040612768461296196
Kochi,1990-2004,reproduction,hourly_stull,1998,28,113,112,1,0,1,-0.03176807413396286
Kochi,1990-2004,reproduction,hourly_stull,1998,30,14,13,1,1,2,-0.03176807413396286
Kochi,1990-2004,reproduction,hourly_stull,1998,32,0,0,0,0,0,-0.03176807413396286
Kochi,1990-2004,reproduction,hourly_stull,1999,28,65,62,3,1,4,-0.05042033562927793
Kochi,1990-2004,reproduction,hourly_stull,1999,30,0,0,0,0,0,-0.05042033562927793
Kochi,1990-2004,reproduction,hourly_stull,1999,32,0,0,0,0,0,-0.05042033562927793
Kochi,1990-2004,reproduction,hourly_stull,2000,28,75,71,4,1,5,-0.04677280675211981
Kochi,1990-2004,reproduction,hourly_stull,2000,30,0,0,0,0,0,-0.04677280675211981
Kochi,1990-2004,reproduction,hourly_stull,2000,32,0,0,0,0,0,-0.04677280675211981
Kochi,1990-2004,reproduction,hourly_stull,2001,28,71,68,3,0,3,-0.045442551792714364
Kochi,1990-2004,reproduction,hourly_stull,2001,30,0,0,0,0,0,-0.045442551792714364
Kochi,1990-2004,reproduction,hourly_stull,2001,32,0,0,0,0,0,-0.045442551792714364
Kochi,1990-2004,reproduction,hourly_stull,2002,28,92,88,4,2,6,-0.040308192583503794
Kochi,1990-2004,reproduction,hourly_stull,2002,30,1,1,0,0,0,-0.040308192583503794
Kochi,1990-2004,reproduction,hourly_stull,2002,32,0,0,0,0,0,-0.040308192583503794
Kochi,1990-2004,reproduction,hourly_stull,2003,28,118,114,4,1,5,-0.03768332789330609
Kochi,1990-2004,reproduction,hourly_stull,2003,30,0,0,0,0,0,-0.03768332789330609
Kochi,1990-2004,reproduction,hourly_stull,2003,32,0,0,0,0,0,-0.03768332789330609
Kochi,1990-2004,reproduction,hourly_stull,2004,28,99,95,4,0,4,-0.038196139354842513
Kochi,1990-2004,reproduction,hourly_stull,2004,30,0,0,0,0,0,-0.038196139354842513
Kochi,1990-2004,reproduction,hourly_stull,2004,32,0,0,0,0,0,-0.038196139354842513
Kochi,1990-2004,reproduction,bernard,1990,28,63,63,0,0,0,0.0
Kochi,1990-2004,reproduction,bernard,1990,30,0,0,0,0,0,0.0
Kochi,1990-2004,reproduction,bernard,1990,32,0,0,0,0,0,0.0
Kochi,1990-2004,reproduction,bernard,1991,28,92,92,0,0,0,0.0
Kochi,1990-2004,reproduction,bernard,1991,30,1,1,0,0,0,0.0
Kochi,1990-2004,reproduction,bernard,1991,32,0,0,0,0,0,0.0
Kochi,1990-2004,reproduction,bernard,1992,28,57,57,0,0,0,0.0
Kochi,1990-2004,reproduction,bernard,1992,30,1,1,0,0,0,0.0
Kochi,1990-2004,reproduction,bernard,1992,32,0,0,0,0,0,0.0
Kochi,1990-2004,reproduction,bernard,1993,28,63,63,0,0,0,0.0
Kochi,1990-2004,reproduction,bernard,1993,30,0,0,0,0,0,0.0
Kochi,1990-2004,reproduction,bernard,1993,32,0,0,0,0,0,0.0
Kochi,1990-2004,reproduction,bernard,1994,28,63,63,0,0,0,0.0
Kochi,1990-2004,reproduction,bernard,1994,30,0,0,0,0,0,0.0
Kochi,1990-2004,reproduction,bernard,1994,32,0,0,0,0,0,0.0
Kochi,1990-2004,reproduction,bernard,1995,28,69,69,0,0,0,0.0
Kochi,1990-2004,reproduction,bernard,1995,30,0,0,0,0,0,0.0
Kochi,1990-2004,reproduction,bernard,1995,32,0,0,0,0,0,0.0
Kochi,1990-2004,reproduction,bernard,1996,28,79,79,0,0,0,0.0
Kochi,1990-2004,reproduction,bernard,1996,30,0,0,0,0,0,0.0
Kochi,1990-2004,reproduction,bernard,1996,32,0,0,0,0,0,0.0
Kochi,1990-2004,reproduction,bernard,1997,28,108,108,0,0,0,0.0
Kochi,1990-2004,reproduction,bernard,1997,30,0,0,0,0,0,0.0
Kochi,1990-2004,reproduction,bernard,1997,32,0,0,0,0,0,0.0
Kochi,1990-2004,reproduction,bernard,1998,28,113,113,0,0,0,0.0
Kochi,1990-2004,reproduction,bernard,1998,30,14,14,0,0,0,0.0
Kochi,1990-2004,reproduction,bernard,1998,32,0,0,0,0,0,0.0
Kochi,1990-2004,reproduction,bernard,1999,28,65,65,0,0,0,0.0
Kochi,1990-2004,reproduction,bernard,1999,30,0,0,0,0,0,0.0
Kochi,1990-2004,reproduction,bernard,1999,32,0,0,0,0,0,0.0
Kochi,1990-2004,reproduction,bernard,2000,28,75,75,0,0,0,0.0
Kochi,1990-2004,reproduction,bernard,2000,30,0,0,0,0,0,0.0
Kochi,1990-2004,reproduction,bernard,2000,32,0,0,0,0,0,0.0
Kochi,1990-2004,reproduction,bernard,2001,28,71,71,0,0,0,0.0
Kochi,1990-2004,reproduction,bernard,2001,30,0,0,0,0,0,0.0
Kochi,1990-2004,reproduction,bernard,2001,32,0,0,0,0,0,0.0
Kochi,1990-2004,reproduction,bernard,2002,28,92,92,0,0,0,0.0
Kochi,1990-2004,reproduction,bernard,2002,30,1,1,0,0,0,0.0
Kochi,1990-2004,reproduction,bernard,2002,32,0,0,0,0,0,0.0
Kochi,1990-2004,reproduction,bernard,2003,28,118,118,0,0,0,0.0
Kochi,1990-2004,reproduction,bernard,2003,30,0,0,0,0,0,0.0
Kochi,1990-2004,reproduction,bernard,2003,32,0,0,0,0,0,0.0
Kochi,1990-2004,reproduction,bernard,2004,28,99,99,0,0,0,0.0
Kochi,1990-2004,reproduction,bernard,2004,30,0,0,0,0,0,0.0
Kochi,1990-2004,reproduction,bernard,2004,32,0,0,0,0,0,0.0
Kochi,1990-2004,deployment,shipped,1991,28,92,0,92,0,92,-2.1567624300207124
Kochi,1990-2004,deployment,shipped,1991,30,1,0,1,0,1,-2.1567624300207124
Kochi,1990-2004,deployment,shipped,1991,32,0,0,0,0,0,-2.1567624300207124
Kochi,1990-2004,deployment,shipped,1992,28,57,0,57,0,57,-2.1123908320703513
Kochi,1990-2004,deployment,shipped,1992,30,1,0,1,0,1,-2.1123908320703513
Kochi,1990-2004,deployment,shipped,1992,32,0,0,0,0,0,-2.1123908320703513
Kochi,1990-2004,deployment,shipped,1993,28,63,0,63,0,63,-2.1092084163361755
Kochi,1990-2004,deployment,shipped,1993,30,0,0,0,0,0,-2.1092084163361755
Kochi,1990-2004,deployment,shipped,1993,32,0,0,0,0,0,-2.1092084163361755
Kochi,1990-2004,deployment,shipped,1994,28,63,0,63,0,63,-2.12655823608644
Kochi,1990-2004,deployment,shipped,1994,30,0,0,0,0,0,-2.12655823608644
Kochi,1990-2004,deployment,shipped,1994,32,0,0,0,0,0,-2.12655823608644
Kochi,1990-2004,deployment,shipped,1995,28,69,0,69,0,69,-2.097064245425514
Kochi,1990-2004,deployment,shipped,1995,30,0,0,0,0,0,-2.097064245425514
Kochi,1990-2004,deployment,shipped,1995,32,0,0,0,0,0,-2.097064245425514
Kochi,1990-2004,deployment,shipped,1996,28,79,0,79,0,79,-2.164095848325331
Kochi,1990-2004,deployment,shipped,1996,30,0,0,0,0,0,-2.164095848325331
Kochi,1990-2004,deployment,shipped,1996,32,0,0,0,0,0,-2.164095848325331
Kochi,1990-2004,deployment,shipped,1997,28,108,0,108,0,108,-2.1971765958831457
Kochi,1990-2004,deployment,shipped,1997,30,0,0,0,0,0,-2.1971765958831457
Kochi,1990-2004,deployment,shipped,1997,32,0,0,0,0,0,-2.1971765958831457
Kochi,1990-2004,deployment,shipped,1998,28,113,6,107,0,107,-2.09870211283001
Kochi,1990-2004,deployment,shipped,1998,30,14,0,14,0,14,-2.09870211283001
Kochi,1990-2004,deployment,shipped,1998,32,0,0,0,0,0,-2.09870211283001
Kochi,1990-2004,deployment,shipped,1999,28,65,0,65,0,65,-2.1733446217340204
Kochi,1990-2004,deployment,shipped,1999,30,0,0,0,0,0,-2.1733446217340204
Kochi,1990-2004,deployment,shipped,1999,32,0,0,0,0,0,-2.1733446217340204
Kochi,1990-2004,deployment,shipped,2000,28,74,0,74,0,74,-2.2965785696779877
Kochi,1990-2004,deployment,shipped,2000,30,0,0,0,0,0,-2.2965785696779877
Kochi,1990-2004,deployment,shipped,2000,32,0,0,0,0,0,-2.2965785696779877
Kochi,1990-2004,deployment,shipped,2001,28,71,0,71,0,71,-2.215250881108299
Kochi,1990-2004,deployment,shipped,2001,30,0,0,0,0,0,-2.215250881108299
Kochi,1990-2004,deployment,shipped,2001,32,0,0,0,0,0,-2.215250881108299
Kochi,1990-2004,deployment,shipped,2002,28,92,0,92,0,92,-2.167788837127365
Kochi,1990-2004,deployment,shipped,2002,30,1,0,1,0,1,-2.167788837127365
Kochi,1990-2004,deployment,shipped,2002,32,0,0,0,0,0,-2.167788837127365
Kochi,1990-2004,deployment,shipped,2003,28,118,0,118,0,118,-2.222297075904783
Kochi,1990-2004,deployment,shipped,2003,30,0,0,0,0,0,-2.222297075904783
Kochi,1990-2004,deployment,shipped,2003,32,0,0,0,0,0,-2.222297075904783
Kochi,1990-2004,deployment,shipped,2004,28,98,0,98,0,98,-2.150187493954047
Kochi,1990-2004,deployment,shipped,2004,30,0,0,0,0,0,-2.150187493954047
Kochi,1990-2004,deployment,shipped,2004,32,0,0,0,0,0,-2.150187493954047
Kochi,1990-2004,deployment,candidate,1991,28,92,137,45,54,9,0.30397887496265635
Kochi,1990-2004,deployment,candidate,1991,30,1,7,6,6,0,0.30397887496265635
Kochi,1990-2004,deployment,candidate,1991,32,0,0,0,0,0,0.30397887496265635
Kochi,1990-2004,deployment,candidate,1992,28,57,89,32,39,7,0.22595330834735924
Kochi,1990-2004,deployment,candidate,1992,30,1,6,5,6,1,0.22595330834735924
Kochi,1990-2004,deployment,candidate,1992,32,0,0,0,0,0,0.22595330834735924
Kochi,1990-2004,deployment,candidate,1993,28,63,98,35,42,7,0.2091692705841106
Kochi,1990-2004,deployment,candidate,1993,30,0,6,6,6,0,0.2091692705841106
Kochi,1990-2004,deployment,candidate,1993,32,0,0,0,0,0,0.2091692705841106
Kochi,1990-2004,deployment,candidate,1994,28,63,106,43,46,3,0.18868331976570135
Kochi,1990-2004,deployment,candidate,1994,30,0,3,3,3,0,0.18868331976570135
Kochi,1990-2004,deployment,candidate,1994,32,0,0,0,0,0,0.18868331976570135
Kochi,1990-2004,deployment,candidate,1995,28,69,114,45,53,8,0.165403701078105
Kochi,1990-2004,deployment,candidate,1995,30,0,6,6,6,0,0.165403701078105
Kochi,1990-2004,deployment,candidate,1995,32,0,0,0,0,0,0.165403701078105
Kochi,1990-2004,deployment,candidate,1996,28,79,111,32,40,8,0.17901767275301272
Kochi,1990-2004,deployment,candidate,1996,30,0,10,10,10,0,0.17901767275301272
Kochi,1990-2004,deployment,candidate,1996,32,0,0,0,0,0,0.17901767275301272
Kochi,1990-2004,deployment,candidate,1997,28,108,118,10,29,19,0.21620186190391785
Kochi,1990-2004,deployment,candidate,1997,30,0,14,14,14,0,0.21620186190391785
Kochi,1990-2004,deployment,candidate,1997,32,0,0,0,0,0,0.21620186190391785
Kochi,1990-2004,deployment,candidate,1998,28,113,145,32,41,9,0.18044711404336836
Kochi,1990-2004,deployment,candidate,1998,30,14,49,35,36,1,0.18044711404336836
Kochi,1990-2004,deployment,candidate,1998,32,0,0,0,0,0,0.18044711404336836
Kochi,1990-2004,deployment,candidate,1999,28,65,75,10,26,16,0.052931536758779145
Kochi,1990-2004,deployment,candidate,1999,30,0,9,9,9,0,0.052931536758779145
Kochi,1990-2004,deployment,candidate,1999,32,0,0,0,0,0,0.052931536758779145
Kochi,1990-2004,deployment,candidate,2000,28,74,103,29,41,12,0.08350973507216292
Kochi,1990-2004,deployment,candidate,2000,30,0,0,0,0,0,0.08350973507216292
Kochi,1990-2004,deployment,candidate,2000,32,0,0,0,0,0,0.08350973507216292
Kochi,1990-2004,deployment,candidate,2001,28,71,104,33,45,12,0.07977633934605345
Kochi,1990-2004,deployment,candidate,2001,30,0,2,2,2,0,0.07977633934605345
Kochi,1990-2004,deployment,candidate,2001,32,0,0,0,0,0,0.07977633934605345
Kochi,1990-2004,deployment,candidate,2002,28,92,126,34,54,20,0.25108314738252957
Kochi,1990-2004,deployment,candidate,2002,30,1,15,14,15,1,0.25108314738252957
Kochi,1990-2004,deployment,candidate,2002,32,0,0,0,0,0,0.25108314738252957
Kochi,1990-2004,deployment,candidate,2003,28,118,140,22,45,23,0.11320264163390288
Kochi,1990-2004,deployment,candidate,2003,30,0,3,3,3,0,0.11320264163390288
Kochi,1990-2004,deployment,candidate,2003,32,0,0,0,0,0,0.11320264163390288
Kochi,1990-2004,deployment,candidate,2004,28,98,122,24,51,27,0.1896247766273395
Kochi,1990-2004,deployment,candidate,2004,30,0,12,12,12,0,0.1896247766273395
Kochi,1990-2004,deployment,candidate,2004,32,0,0,0,0,0,0.1896247766273395
Kochi,1990-2004,deployment,hourly_stull,1991,28,92,88,4,1,5,-0.03967510016159015
Kochi,1990-2004,deployment,hourly_stull,1991,30,1,2,1,1,0,-0.03967510016159015
Kochi,1990-2004,deployment,hourly_stull,1991,32,0,0,0,0,0,-0.03967510016159015
Kochi,1990-2004,deployment,hourly_stull,1992,28,57,56,1,0,1,-0.039036641755296024
Kochi,1990-2004,deployment,hourly_stull,1992,30,1,1,0,0,0,-0.039036641755296024
Kochi,1990-2004,deployment,hourly_stull,1992,32,0,0,0,0,0,-0.039036641755296024
Kochi,1990-2004,deployment,hourly_stull,1993,28,63,65,2,4,2,-0.04245541465349418
Kochi,1990-2004,deployment,hourly_stull,1993,30,0,0,0,0,0,-0.04245541465349418
Kochi,1990-2004,deployment,hourly_stull,1993,32,0,0,0,0,0,-0.04245541465349418
Kochi,1990-2004,deployment,hourly_stull,1994,28,63,62,1,2,3,-0.04501975891864716
Kochi,1990-2004,deployment,hourly_stull,1994,30,0,0,0,0,0,-0.04501975891864716
Kochi,1990-2004,deployment,hourly_stull,1994,32,0,0,0,0,0,-0.04501975891864716
Kochi,1990-2004,deployment,hourly_stull,1995,28,69,68,1,3,4,-0.04174142093068252
Kochi,1990-2004,deployment,hourly_stull,1995,30,0,0,0,0,0,-0.04174142093068252
Kochi,1990-2004,deployment,hourly_stull,1995,32,0,0,0,0,0,-0.04174142093068252
Kochi,1990-2004,deployment,hourly_stull,1996,28,79,79,0,0,0,-0.044393674858918104
Kochi,1990-2004,deployment,hourly_stull,1996,30,0,0,0,0,0,-0.044393674858918104
Kochi,1990-2004,deployment,hourly_stull,1996,32,0,0,0,0,0,-0.044393674858918104
Kochi,1990-2004,deployment,hourly_stull,1997,28,108,104,4,0,4,-0.040612768461296196
Kochi,1990-2004,deployment,hourly_stull,1997,30,0,0,0,0,0,-0.040612768461296196
Kochi,1990-2004,deployment,hourly_stull,1997,32,0,0,0,0,0,-0.040612768461296196
Kochi,1990-2004,deployment,hourly_stull,1998,28,113,112,1,0,1,-0.03176807413396286
Kochi,1990-2004,deployment,hourly_stull,1998,30,14,13,1,1,2,-0.03176807413396286
Kochi,1990-2004,deployment,hourly_stull,1998,32,0,0,0,0,0,-0.03176807413396286
Kochi,1990-2004,deployment,hourly_stull,1999,28,65,62,3,1,4,-0.05042033562927793
Kochi,1990-2004,deployment,hourly_stull,1999,30,0,0,0,0,0,-0.05042033562927793
Kochi,1990-2004,deployment,hourly_stull,1999,32,0,0,0,0,0,-0.05042033562927793
Kochi,1990-2004,deployment,hourly_stull,2000,28,74,70,4,1,5,-0.04710631311839553
Kochi,1990-2004,deployment,hourly_stull,2000,30,0,0,0,0,0,-0.04710631311839553
Kochi,1990-2004,deployment,hourly_stull,2000,32,0,0,0,0,0,-0.04710631311839553
Kochi,1990-2004,deployment,hourly_stull,2001,28,71,68,3,0,3,-0.045442551792714364
Kochi,1990-2004,deployment,hourly_stull,2001,30,0,0,0,0,0,-0.045442551792714364
Kochi,1990-2004,deployment,hourly_stull,2001,32,0,0,0,0,0,-0.045442551792714364
Kochi,1990-2004,deployment,hourly_stull,2002,28,92,88,4,2,6,-0.040308192583503794
Kochi,1990-2004,deployment,hourly_stull,2002,30,1,1,0,0,0,-0.040308192583503794
Kochi,1990-2004,deployment,hourly_stull,2002,32,0,0,0,0,0,-0.040308192583503794
Kochi,1990-2004,deployment,hourly_stull,2003,28,118,114,4,1,5,-0.03768332789330609
Kochi,1990-2004,deployment,hourly_stull,2003,30,0,0,0,0,0,-0.03768332789330609
Kochi,1990-2004,deployment,hourly_stull,2003,32,0,0,0,0,0,-0.03768332789330609
Kochi,1990-2004,deployment,hourly_stull,2004,28,98,94,4,0,4,-0.03843000524845868
Kochi,1990-2004,deployment,hourly_stull,2004,30,0,0,0,0,0,-0.03843000524845868
Kochi,1990-2004,deployment,hourly_stull,2004,32,0,0,0,0,0,-0.03843000524845868
Kochi,1990-2004,deployment,bernard,1991,28,92,92,0,0,0,0.0
Kochi,1990-2004,deployment,bernard,1991,30,1,1,0,0,0,0.0
Kochi,1990-2004,deployment,bernard,1991,32,0,0,0,0,0,0.0
Kochi,1990-2004,deployment,bernard,1992,28,57,57,0,0,0,0.0
Kochi,1990-2004,deployment,bernard,1992,30,1,1,0,0,0,0.0
Kochi,1990-2004,deployment,bernard,1992,32,0,0,0,0,0,0.0
Kochi,1990-2004,deployment,bernard,1993,28,63,63,0,0,0,0.0
Kochi,1990-2004,deployment,bernard,1993,30,0,0,0,0,0,0.0
Kochi,1990-2004,deployment,bernard,1993,32,0,0,0,0,0,0.0
Kochi,1990-2004,deployment,bernard,1994,28,63,63,0,0,0,0.0
Kochi,1990-2004,deployment,bernard,1994,30,0,0,0,0,0,0.0
Kochi,1990-2004,deployment,bernard,1994,32,0,0,0,0,0,0.0
Kochi,1990-2004,deployment,bernard,1995,28,69,69,0,0,0,0.0
Kochi,1990-2004,deployment,bernard,1995,30,0,0,0,0,0,0.0
Kochi,1990-2004,deployment,bernard,1995,32,0,0,0,0,0,0.0
Kochi,1990-2004,deployment,bernard,1996,28,79,79,0,0,0,0.0
Kochi,1990-2004,deployment,bernard,1996,30,0,0,0,0,0,0.0
Kochi,1990-2004,deployment,bernard,1996,32,0,0,0,0,0,0.0
Kochi,1990-2004,deployment,bernard,1997,28,108,108,0,0,0,0.0
Kochi,1990-2004,deployment,bernard,1997,30,0,0,0,0,0,0.0
Kochi,1990-2004,deployment,bernard,1997,32,0,0,0,0,0,0.0
Kochi,1990-2004,deployment,bernard,1998,28,113,113,0,0,0,0.0
Kochi,1990-2004,deployment,bernard,1998,30,14,14,0,0,0,0.0
Kochi,1990-2004,deployment,bernard,1998,32,0,0,0,0,0,0.0
Kochi,1990-2004,deployment,bernard,1999,28,65,65,0,0,0,0.0
Kochi,1990-2004,deployment,bernard,1999,30,0,0,0,0,0,0.0
Kochi,1990-2004,deployment,bernard,1999,32,0,0,0,0,0,0.0
Kochi,1990-2004,deployment,bernard,2000,28,74,74,0,0,0,0.0
Kochi,1990-2004,deployment,bernard,2000,30,0,0,0,0,0,0.0
Kochi,1990-2004,deployment,bernard,2000,32,0,0,0,0,0,0.0
Kochi,1990-2004,deployment,bernard,2001,28,71,71,0,0,0,0.0
Kochi,1990-2004,deployment,bernard,2001,30,0,0,0,0,0,0.0
Kochi,1990-2004,deployment,bernard,2001,32,0,0,0,0,0,0.0
Kochi,1990-2004,deployment,bernard,2002,28,92,92,0,0,0,0.0
Kochi,1990-2004,deployment,bernard,2002,30,1,1,0,0,0,0.0
Kochi,1990-2004,deployment,bernard,2002,32,0,0,0,0,0,0.0
Kochi,1990-2004,deployment,bernard,2003,28,118,118,0,0,0,0.0
Kochi,1990-2004,deployment,bernard,2003,30,0,0,0,0,0,0.0
Kochi,1990-2004,deployment,bernard,2003,32,0,0,0,0,0,0.0
Kochi,1990-2004,deployment,bernard,2004,28,98,98,0,0,0,0.0
Kochi,1990-2004,deployment,bernard,2004,30,0,0,0,0,0,0.0
Kochi,1990-2004,deployment,bernard,2004,32,0,0,0,0,0,0.0
Kolkata,1990-2004,reproduction,shipped,1990,28,151,28,123,0,123,-2.2131789792772802
Kolkata,1990-2004,reproduction,shipped,1990,30,25,1,24,0,24,-2.2131789792772802
Kolkata,1990-2004,reproduction,shipped,1990,32,1,0,1,0,1,-2.2131789792772802
Kolkata,1990-2004,reproduction,shipped,1991,28,178,39,139,0,139,-2.0982644604550287
Kolkata,1990-2004,reproduction,shipped,1991,30,38,0,38,0,38,-2.0982644604550287
Kolkata,1990-2004,reproduction,shipped,1991,32,0,0,0,0,0,-2.0982644604550287
Kolkata,1990-2004,reproduction,shipped,1992,28,154,22,132,0,132,-2.1834746413223005
Kolkata,1990-2004,reproduction,shipped,1992,30,22,0,22,0,22,-2.1834746413223005
Kolkata,1990-2004,reproduction,shipped,1992,32,0,0,0,0,0,-2.1834746413223005
Kolkata,1990-2004,reproduction,shipped,1993,28,154,30,124,0,124,-2.2520102102170294
Kolkata,1990-2004,reproduction,shipped,1993,30,36,0,36,0,36,-2.2520102102170294
Kolkata,1990-2004,reproduction,shipped,1993,32,0,0,0,0,0,-2.2520102102170294
Kolkata,1990-2004,reproduction,shipped,1994,28,162,26,136,0,136,-2.1572012235961555
Kolkata,1990-2004,reproduction,shipped,1994,30,24,0,24,0,24,-2.1572012235961555
Kolkata,1990-2004,reproduction,shipped,1994,32,0,0,0,0,0,-2.1572012235961555
Kolkata,1990-2004,reproduction,shipped,1995,28,168,55,113,0,113,-2.1747557507003488
Kolkata,1990-2004,reproduction,shipped,1995,30,40,2,38,0,38,-2.1747557507003488
Kolkata,1990-2004,reproduction,shipped,1995,32,2,0,2,0,2,-2.1747557507003488
Kolkata,1990-2004,reproduction,shipped,1996,28,159,39,120,0,120,-2.251149669487463
Kolkata,1990-2004,reproduction,shipped,1996,30,44,0,44,0,44,-2.251149669487463
Kolkata,1990-2004,reproduction,shipped,1996,32,0,0,0,0,0,-2.251149669487463
Kolkata,1990-2004,reproduction,shipped,1997,28,155,42,113,0,113,-2.224169875866134
Kolkata,1990-2004,reproduction,shipped,1997,30,41,0,41,0,41,-2.224169875866134
Kolkata,1990-2004,reproduction,shipped,1997,32,0,0,0,0,0,-2.224169875866134
Kolkata,1990-2004,reproduction,shipped,1998,28,187,67,120,0,120,-2.250982165263189
Kolkata,1990-2004,reproduction,shipped,1998,30,55,11,44,0,44,-2.250982165263189
Kolkata,1990-2004,reproduction,shipped,1998,32,8,0,8,0,8,-2.250982165263189
Kolkata,1990-2004,reproduction,shipped,1999,28,174,28,146,0,146,-2.273245997488852
Kolkata,1990-2004,reproduction,shipped,1999,30,30,1,29,0,29,-2.273245997488852
Kolkata,1990-2004,reproduction,shipped,1999,32,2,0,2,0,2,-2.273245997488852
Kolkata,1990-2004,reproduction,shipped,2000,28,180,34,146,0,146,-2.2809422392044145
Kolkata,1990-2004,reproduction,shipped,2000,30,31,0,31,0,31,-2.2809422392044145
Kolkata,1990-2004,reproduction,shipped,2000,32,0,0,0,0,0,-2.2809422392044145
Kolkata,1990-2004,reproduction,shipped,2001,28,170,14,156,0,156,-2.2864730920472676
Kolkata,1990-2004,reproduction,shipped,2001,30,22,0,22,0,22,-2.2864730920472676
Kolkata,1990-2004,reproduction,shipped,2001,32,0,0,0,0,0,-2.2864730920472676
Kolkata,1990-2004,reproduction,shipped,2002,28,169,58,111,0,111,-2.279370107379156
Kolkata,1990-2004,reproduction,shipped,2002,30,57,3,54,0,54,-2.279370107379156
Kolkata,1990-2004,reproduction,shipped,2002,32,5,0,5,0,5,-2.279370107379156
Kolkata,1990-2004,reproduction,shipped,2003,28,184,55,129,0,129,-2.30286369005418
Kolkata,1990-2004,reproduction,shipped,2003,30,57,1,56,0,56,-2.30286369005418
Kolkata,1990-2004,reproduction,shipped,2003,32,1,0,1,0,1,-2.30286369005418
Kolkata,1990-2004,reproduction,shipped,2004,28,177,55,122,0,122,-2.191004468253018
Kolkata,1990-2004,reproduction,shipped,2004,30,47,2,45,0,45,-2.191004468253018
Kolkata,1990-2004,reproduction,shipped,2004,32,0,0,0,0,0,-2.191004468253018
Kolkata,1990-2004,reproduction,candidate,1990,28,151,136,15,2,17,0.09214504749430441
Kolkata,1990-2004,reproduction,candidate,1990,30,25,24,1,3,4,0.09214504749430441
Kolkata,1990-2004,reproduction,candidate,1990,32,1,0,1,0,1,0.09214504749430441
Kolkata,1990-2004,reproduction,candidate,1991,28,178,177,1,14,15,0.3372889635555513
Kolkata,1990-2004,reproduction,candidate,1991,30,38,50,12,17,5,0.3372889635555513
Kolkata,1990-2004,reproduction,candidate,1991,32,0,3,3,3,0,0.3372889635555513
Kolkata,1990-2004,reproduction,candidate,1992,28,154,166,12,23,11,0.40367791872616066
Kolkata,1990-2004,reproduction,candidate,1992,30,22,35,13,19,6,0.40367791872616066
Kolkata,1990-2004,reproduction,candidate,1992,32,0,0,0,0,0,0.40367791872616066
Kolkata,1990-2004,reproduction,candidate,1993,28,154,156,2,12,10,0.3064438687094939
Kolkata,1990-2004,reproduction,candidate,1993,30,36,31,5,7,12,0.3064438687094939
Kolkata,1990-2004,reproduction,candidate,1993,32,0,0,0,0,0,0.3064438687094939
Kolkata,1990-2004,reproduction,candidate,1994,28,162,173,11,25,14,0.3872733638399318
Kolkata,1990-2004,reproduction,candidate,1994,30,24,33,9,11,2,0.3872733638399318
Kolkata,1990-2004,reproduction,candidate,1994,32,0,6,6,6,0,0.3872733638399318
Kolkata,1990-2004,reproduction,candidate,1995,28,168,168,0,11,11,0.30850662843047993
Kolkata,1990-2004,reproduction,candidate,1995,30,40,53,13,17,4,0.30850662843047993
Kolkata,1990-2004,reproduction,candidate,1995,32,2,14,12,12,0,0.30850662843047993
Kolkata,1990-2004,reproduction,candidate,1996,28,159,168,9,20,11,0.3846552013141281
Kolkata,1990-2004,reproduction,candidate,1996,30,44,44,0,10,10,0.3846552013141281
Kolkata,1990-2004,reproduction,candidate,1996,32,0,4,4,4,0,0.3846552013141281
Kolkata,1990-2004,reproduction,candidate,1997,28,155,154,1,14,15,0.24431115477988996
Kolkata,1990-2004,reproduction,candidate,1997,30,41,34,7,3,10,0.24431115477988996
Kolkata,1990-2004,reproduction,candidate,1997,32,0,4,4,4,0,0.24431115477988996
Kolkata,1990-2004,reproduction,candidate,1998,28,187,187,0,5,5,0.1125170217319757
Kolkata,1990-2004,reproduction,candidate,1998,30,55,57,2,11,9,0.1125170217319757
Kolkata,1990-2004,reproduction,candidate,1998,32,8,11,3,4,1,0.1125170217319757
Kolkata,1990-2004,reproduction,candidate,1999,28,174,173,1,14,15,0.34954648389481774
Kolkata,1990-2004,reproduction,candidate,1999,30,30,42,12,18,6,0.34954648389481774
Kolkata,1990-2004,reproduction,candidate,1999,32,2,6,4,5,1,0.34954648389481774
Kolkata,1990-2004,reproduction,candidate,2000,28,180,183,3,11,8,0.2752421777552449
Kolkata,1990-2004,reproduction,candidate,2000,30,31,39,8,13,5,0.2752421777552449
Kolkata,1990-2004,reproduction,candidate,2000,32,0,1,1,1,0,0.2752421777552449
Kolkata,1990-2004,reproduction,candidate,2001,28,170,168,2,15,17,0.25877283542494584
Kolkata,1990-2004,reproduction,candidate,2001,30,22,27,5,9,4,0.25877283542494584
Kolkata,1990-2004,reproduction,candidate,2001,32,0,0,0,0,0,0.25877283542494584
Kolkata,1990-2004,reproduction,candidate,2002,28,169,167,2,7,9,0.29158769605145113
Kolkata,1990-2004,reproduction,candidate,2002,30,57,57,0,9,9,0.29158769605145113
Kolkata,1990-2004,reproduction,candidate,2002,32,5,6,1,3,2,0.29158769605145113
Kolkata,1990-2004,reproduction,candidate,2003,28,184,185,1,7,6,0.2509839489688525
Kolkata,1990-2004,reproduction,candidate,2003,30,57,57,0,10,10,0.2509839489688525
Kolkata,1990-2004,reproduction,candidate,2003,32,1,12,11,11,0,0.2509839489688525
Kolkata,1990-2004,reproduction,candidate,2004,28,177,184,7,9,2,0.40344075946676455
Kolkata,1990-2004,reproduction,candidate,2004,30,47,62,15,24,9,0.40344075946676455
Kolkata,1990-2004,reproduction,candidate,2004,32,0,13,13,13,0,0.40344075946676455
Kolkata,1990-2004,reproduction,hourly_stull,1990,28,151,146,5,0,5,-0.07735437568388474
Kolkata,1990-2004,reproduction,hourly_stull,1990,30,25,24,1,0,1,-0.07735437568388474
Kolkata,1990-2004,reproduction,hourly_stull,1990,32,1,1,0,0,0,-0.07735437568388474
Kolkata,1990-2004,reproduction,hourly_stull,1991,28,178,174,4,1,5,-0.06577411227908773
Kolkata,1990-2004,reproduction,hourly_stull,1991,30,38,37,1,0,1,-0.06577411227908773
Kolkata,1990-2004,reproduction,hourly_stull,1991,32,0,0,0,0,0,-0.06577411227908773
Kolkata,1990-2004,reproduction,hourly_stull,1992,28,154,153,1,0,1,-0.07070960465926086
Kolkata,1990-2004,reproduction,hourly_stull,1992,30,22,23,1,1,0,-0.07070960465926086
Kolkata,1990-2004,reproduction,hourly_stull,1992,32,0,0,0,0,0,-0.07070960465926086
Kolkata,1990-2004,reproduction,hourly_stull,1993,28,154,153,1,0,1,-0.07089095549246677
Kolkata,1990-2004,reproduction,hourly_stull,1993,30,36,34,2,0,2,-0.07089095549246677
Kolkata,1990-2004,reproduction,hourly_stull,1993,32,0,0,0,0,0,-0.07089095549246677
Kolkata,1990-2004,reproduction,hourly_stull,1994,28,162,157,5,0,5,-0.06677305719341485
Kolkata,1990-2004,reproduction,hourly_stull,1994,30,24,25,1,2,1,-0.06677305719341485
Kolkata,1990-2004,reproduction,hourly_stull,1994,32,0,0,0,0,0,-0.06677305719341485
Kolkata,1990-2004,reproduction,hourly_stull,1995,28,168,166,2,0,2,-0.0752704461199164
Kolkata,1990-2004,reproduction,hourly_stull,1995,30,40,40,0,1,1,-0.0752704461199164
Kolkata,1990-2004,reproduction,hourly_stull,1995,32,2,3,1,1,0,-0.0752704461199164
Kolkata,1990-2004,reproduction,hourly_stull,1996,28,159,158,1,1,2,-0.059667159966650396
Kolkata,1990-2004,reproduction,hourly_stull,1996,30,44,42,2,1,3,-0.059667159966650396
Kolkata,1990-2004,reproduction,hourly_stull,1996,32,0,0,0,0,0,-0.059667159966650396
Kolkata,1990-2004,reproduction,hourly_stull,1997,28,155,153,2,0,2,-0.07545176325365621
Kolkata,1990-2004,reproduction,hourly_stull,1997,30,41,37,4,0,4,-0.07545176325365621
Kolkata,1990-2004,reproduction,hourly_stull,1997,32,0,0,0,0,0,-0.07545176325365621
Kolkata,1990-2004,reproduction,hourly_stull,1998,28,187,187,0,0,0,-0.066874435988549
Kolkata,1990-2004,reproduction,hourly_stull,1998,30,55,54,1,0,1,-0.066874435988549
Kolkata,1990-2004,reproduction,hourly_stull,1998,32,8,10,2,2,0,-0.066874435988549
Kolkata,1990-2004,reproduction,hourly_stull,1999,28,174,169,5,0,5,-0.05897568849651869
Kolkata,1990-2004,reproduction,hourly_stull,1999,30,30,28,2,0,2,-0.05897568849651869
Kolkata,1990-2004,reproduction,hourly_stull,1999,32,2,5,3,3,0,-0.05897568849651869
Kolkata,1990-2004,reproduction,hourly_stull,2000,28,180,178,2,0,2,-0.06683775118225291
Kolkata,1990-2004,reproduction,hourly_stull,2000,30,31,29,2,0,2,-0.06683775118225291
Kolkata,1990-2004,reproduction,hourly_stull,2000,32,0,0,0,0,0,-0.06683775118225291
Kolkata,1990-2004,reproduction,hourly_stull,2001,28,170,167,3,0,3,-0.07591558431917309
Kolkata,1990-2004,reproduction,hourly_stull,2001,30,22,22,0,0,0,-0.07591558431917309
Kolkata,1990-2004,reproduction,hourly_stull,2001,32,0,0,0,0,0,-0.07591558431917309
Kolkata,1990-2004,reproduction,hourly_stull,2002,28,169,167,2,0,2,-0.06028361738086532
Kolkata,1990-2004,reproduction,hourly_stull,2002,30,57,56,1,2,3,-0.06028361738086532
Kolkata,1990-2004,reproduction,hourly_stull,2002,32,5,5,0,0,0,-0.06028361738086532
Kolkata,1990-2004,reproduction,hourly_stull,2003,28,184,182,2,0,2,-0.06672786859400659
Kolkata,1990-2004,reproduction,hourly_stull,2003,30,57,56,1,1,2,-0.06672786859400659
Kolkata,1990-2004,reproduction,hourly_stull,2003,32,1,1,0,0,0,-0.06672786859400659
Kolkata,1990-2004,reproduction,hourly_stull,2004,28,177,175,2,0,2,-0.06225121043596513
Kolkata,1990-2004,reproduction,hourly_stull,2004,30,47,46,1,0,1,-0.06225121043596513
Kolkata,1990-2004,reproduction,hourly_stull,2004,32,0,2,2,2,0,-0.06225121043596513
Kolkata,1990-2004,reproduction,bernard,1990,28,151,151,0,0,0,0.0
Kolkata,1990-2004,reproduction,bernard,1990,30,25,25,0,0,0,0.0
Kolkata,1990-2004,reproduction,bernard,1990,32,1,1,0,0,0,0.0
Kolkata,1990-2004,reproduction,bernard,1991,28,178,178,0,0,0,0.0
Kolkata,1990-2004,reproduction,bernard,1991,30,38,38,0,0,0,0.0
Kolkata,1990-2004,reproduction,bernard,1991,32,0,0,0,0,0,0.0
Kolkata,1990-2004,reproduction,bernard,1992,28,154,154,0,0,0,0.0
Kolkata,1990-2004,reproduction,bernard,1992,30,22,22,0,0,0,0.0
Kolkata,1990-2004,reproduction,bernard,1992,32,0,0,0,0,0,0.0
Kolkata,1990-2004,reproduction,bernard,1993,28,154,154,0,0,0,0.0
Kolkata,1990-2004,reproduction,bernard,1993,30,36,36,0,0,0,0.0
Kolkata,1990-2004,reproduction,bernard,1993,32,0,0,0,0,0,0.0
Kolkata,1990-2004,reproduction,bernard,1994,28,162,162,0,0,0,0.0
Kolkata,1990-2004,reproduction,bernard,1994,30,24,24,0,0,0,0.0
Kolkata,1990-2004,reproduction,bernard,1994,32,0,0,0,0,0,0.0
Kolkata,1990-2004,reproduction,bernard,1995,28,168,168,0,0,0,0.0
Kolkata,1990-2004,reproduction,bernard,1995,30,40,40,0,0,0,0.0
Kolkata,1990-2004,reproduction,bernard,1995,32,2,2,0,0,0,0.0
Kolkata,1990-2004,reproduction,bernard,1996,28,159,159,0,0,0,0.0
Kolkata,1990-2004,reproduction,bernard,1996,30,44,44,0,0,0,0.0
Kolkata,1990-2004,reproduction,bernard,1996,32,0,0,0,0,0,0.0
Kolkata,1990-2004,reproduction,bernard,1997,28,155,155,0,0,0,0.0
Kolkata,1990-2004,reproduction,bernard,1997,30,41,41,0,0,0,0.0
Kolkata,1990-2004,reproduction,bernard,1997,32,0,0,0,0,0,0.0
Kolkata,1990-2004,reproduction,bernard,1998,28,187,187,0,0,0,0.0
Kolkata,1990-2004,reproduction,bernard,1998,30,55,55,0,0,0,0.0
Kolkata,1990-2004,reproduction,bernard,1998,32,8,8,0,0,0,0.0
Kolkata,1990-2004,reproduction,bernard,1999,28,174,174,0,0,0,0.0
Kolkata,1990-2004,reproduction,bernard,1999,30,30,30,0,0,0,0.0
Kolkata,1990-2004,reproduction,bernard,1999,32,2,2,0,0,0,0.0
Kolkata,1990-2004,reproduction,bernard,2000,28,180,180,0,0,0,0.0
Kolkata,1990-2004,reproduction,bernard,2000,30,31,31,0,0,0,0.0
Kolkata,1990-2004,reproduction,bernard,2000,32,0,0,0,0,0,0.0
Kolkata,1990-2004,reproduction,bernard,2001,28,170,170,0,0,0,0.0
Kolkata,1990-2004,reproduction,bernard,2001,30,22,22,0,0,0,0.0
Kolkata,1990-2004,reproduction,bernard,2001,32,0,0,0,0,0,0.0
Kolkata,1990-2004,reproduction,bernard,2002,28,169,169,0,0,0,0.0
Kolkata,1990-2004,reproduction,bernard,2002,30,57,57,0,0,0,0.0
Kolkata,1990-2004,reproduction,bernard,2002,32,5,5,0,0,0,0.0
Kolkata,1990-2004,reproduction,bernard,2003,28,184,184,0,0,0,0.0
Kolkata,1990-2004,reproduction,bernard,2003,30,57,57,0,0,0,0.0
Kolkata,1990-2004,reproduction,bernard,2003,32,1,1,0,0,0,0.0
Kolkata,1990-2004,reproduction,bernard,2004,28,177,177,0,0,0,0.0
Kolkata,1990-2004,reproduction,bernard,2004,30,47,47,0,0,0,0.0
Kolkata,1990-2004,reproduction,bernard,2004,32,0,0,0,0,0,0.0
Kolkata,1990-2004,deployment,shipped,1991,28,178,39,139,0,139,-2.0982644604550287
Kolkata,1990-2004,deployment,shipped,1991,30,38,0,38,0,38,-2.0982644604550287
Kolkata,1990-2004,deployment,shipped,1991,32,0,0,0,0,0,-2.0982644604550287
Kolkata,1990-2004,deployment,shipped,1992,28,154,22,132,0,132,-2.1827217303662514
Kolkata,1990-2004,deployment,shipped,1992,30,22,0,22,0,22,-2.1827217303662514
Kolkata,1990-2004,deployment,shipped,1992,32,0,0,0,0,0,-2.1827217303662514
Kolkata,1990-2004,deployment,shipped,1993,28,154,30,124,0,124,-2.2520102102170294
Kolkata,1990-2004,deployment,shipped,1993,30,36,0,36,0,36,-2.2520102102170294
Kolkata,1990-2004,deployment,shipped,1993,32,0,0,0,0,0,-2.2520102102170294
Kolkata,1990-2004,deployment,shipped,1994,28,162,26,136,0,136,-2.1572012235961555
Kolkata,1990-2004,deployment,shipped,1994,30,24,0,24,0,24,-2.1572012235961555
Kolkata,1990-2004,deployment,shipped,1994,32,0,0,0,0,0,-2.1572012235961555
Kolkata,1990-2004,deployment,shipped,1995,28,168,55,113,0,113,-2.1747557507003488
Kolkata,1990-2004,deployment,shipped,1995,30,40,2,38,0,38,-2.1747557507003488
Kolkata,1990-2004,deployment,shipped,1995,32,2,0,2,0,2,-2.1747557507003488
Kolkata,1990-2004,deployment,shipped,1996,28,159,39,120,0,120,-2.2499097384109277
Kolkata,1990-2004,deployment,shipped,1996,30,44,0,44,0,44,-2.2499097384109277
Kolkata,1990-2004,deployment,shipped,1996,32,0,0,0,0,0,-2.2499097384109277
Kolkata,1990-2004,deployment,shipped,1997,28,155,42,113,0,113,-2.224169875866134
Kolkata,1990-2004,deployment,shipped,1997,30,41,0,41,0,41,-2.224169875866134
Kolkata,1990-2004,deployment,shipped,1997,32,0,0,0,0,0,-2.224169875866134
Kolkata,1990-2004,deployment,shipped,1998,28,187,67,120,0,120,-2.250982165263189
Kolkata,1990-2004,deployment,shipped,1998,30,55,11,44,0,44,-2.250982165263189
Kolkata,1990-2004,deployment,shipped,1998,32,8,0,8,0,8,-2.250982165263189
Kolkata,1990-2004,deployment,shipped,1999,28,174,28,146,0,146,-2.273245997488852
Kolkata,1990-2004,deployment,shipped,1999,30,30,1,29,0,29,-2.273245997488852
Kolkata,1990-2004,deployment,shipped,1999,32,2,0,2,0,2,-2.273245997488852
Kolkata,1990-2004,deployment,shipped,2000,28,180,34,146,0,146,-2.2779110151657638
Kolkata,1990-2004,deployment,shipped,2000,30,31,0,31,0,31,-2.2779110151657638
Kolkata,1990-2004,deployment,shipped,2000,32,0,0,0,0,0,-2.2779110151657638
Kolkata,1990-2004,deployment,shipped,2001,28,170,14,156,0,156,-2.2864730920472676
Kolkata,1990-2004,deployment,shipped,2001,30,22,0,22,0,22,-2.2864730920472676
Kolkata,1990-2004,deployment,shipped,2001,32,0,0,0,0,0,-2.2864730920472676
Kolkata,1990-2004,deployment,shipped,2002,28,169,58,111,0,111,-2.279370107379156
Kolkata,1990-2004,deployment,shipped,2002,30,57,3,54,0,54,-2.279370107379156
Kolkata,1990-2004,deployment,shipped,2002,32,5,0,5,0,5,-2.279370107379156
Kolkata,1990-2004,deployment,shipped,2003,28,184,55,129,0,129,-2.30286369005418
Kolkata,1990-2004,deployment,shipped,2003,30,57,1,56,0,56,-2.30286369005418
Kolkata,1990-2004,deployment,shipped,2003,32,1,0,1,0,1,-2.30286369005418
Kolkata,1990-2004,deployment,shipped,2004,28,177,55,122,0,122,-2.1934517716237503
Kolkata,1990-2004,deployment,shipped,2004,30,47,2,45,0,45,-2.1934517716237503
Kolkata,1990-2004,deployment,shipped,2004,32,0,0,0,0,0,-2.1934517716237503
Kolkata,1990-2004,deployment,candidate,1991,28,178,177,1,14,15,0.3372889635555513
Kolkata,1990-2004,deployment,candidate,1991,30,38,50,12,17,5,0.3372889635555513
Kolkata,1990-2004,deployment,candidate,1991,32,0,3,3,3,0,0.3372889635555513
Kolkata,1990-2004,deployment,candidate,1992,28,154,166,12,23,11,0.40152106511424124
Kolkata,1990-2004,deployment,candidate,1992,30,22,35,13,19,6,0.40152106511424124
Kolkata,1990-2004,deployment,candidate,1992,32,0,0,0,0,0,0.40152106511424124
Kolkata,1990-2004,deployment,candidate,1993,28,154,156,2,12,10,0.3064438687094939
Kolkata,1990-2004,deployment,candidate,1993,30,36,31,5,7,12,0.3064438687094939
Kolkata,1990-2004,deployment,candidate,1993,32,0,0,0,0,0,0.3064438687094939
Kolkata,1990-2004,deployment,candidate,1994,28,162,173,11,25,14,0.3872733638399318
Kolkata,1990-2004,deployment,candidate,1994,30,24,33,9,11,2,0.3872733638399318
Kolkata,1990-2004,deployment,candidate,1994,32,0,6,6,6,0,0.3872733638399318
Kolkata,1990-2004,deployment,candidate,1995,28,168,168,0,11,11,0.30850662843047993
Kolkata,1990-2004,deployment,candidate,1995,30,40,53,13,17,4,0.30850662843047993
Kolkata,1990-2004,deployment,candidate,1995,32,2,14,12,12,0,0.30850662843047993
Kolkata,1990-2004,deployment,candidate,1996,28,159,168,9,20,11,0.3835929843513069
Kolkata,1990-2004,deployment,candidate,1996,30,44,44,0,10,10,0.3835929843513069
Kolkata,1990-2004,deployment,candidate,1996,32,0,4,4,4,0,0.3835929843513069
Kolkata,1990-2004,deployment,candidate,1997,28,155,154,1,14,15,0.24431115477988996
Kolkata,1990-2004,deployment,candidate,1997,30,41,34,7,3,10,0.24431115477988996
Kolkata,1990-2004,deployment,candidate,1997,32,0,4,4,4,0,0.24431115477988996
Kolkata,1990-2004,deployment,candidate,1998,28,187,187,0,5,5,0.1125170217319757
Kolkata,1990-2004,deployment,candidate,1998,30,55,57,2,11,9,0.1125170217319757
Kolkata,1990-2004,deployment,candidate,1998,32,8,11,3,4,1,0.1125170217319757
Kolkata,1990-2004,deployment,candidate,1999,28,174,173,1,14,15,0.34954648389481774
Kolkata,1990-2004,deployment,candidate,1999,30,30,42,12,18,6,0.34954648389481774
Kolkata,1990-2004,deployment,candidate,1999,32,2,6,4,5,1,0.34954648389481774
Kolkata,1990-2004,deployment,candidate,2000,28,180,183,3,11,8,0.2737534761647605
Kolkata,1990-2004,deployment,candidate,2000,30,31,39,8,13,5,0.2737534761647605
Kolkata,1990-2004,deployment,candidate,2000,32,0,1,1,1,0,0.2737534761647605
Kolkata,1990-2004,deployment,candidate,2001,28,170,168,2,15,17,0.25877283542494584
Kolkata,1990-2004,deployment,candidate,2001,30,22,27,5,9,4,0.25877283542494584
Kolkata,1990-2004,deployment,candidate,2001,32,0,0,0,0,0,0.25877283542494584
Kolkata,1990-2004,deployment,candidate,2002,28,169,167,2,7,9,0.29158769605145113
Kolkata,1990-2004,deployment,candidate,2002,30,57,57,0,9,9,0.29158769605145113
Kolkata,1990-2004,deployment,candidate,2002,32,5,6,1,3,2,0.29158769605145113
Kolkata,1990-2004,deployment,candidate,2003,28,184,185,1,7,6,0.2509839489688525
Kolkata,1990-2004,deployment,candidate,2003,30,57,57,0,10,10,0.2509839489688525
Kolkata,1990-2004,deployment,candidate,2003,32,1,12,11,11,0,0.2509839489688525
Kolkata,1990-2004,deployment,candidate,2004,28,177,183,6,8,2,0.3980556408855336
Kolkata,1990-2004,deployment,candidate,2004,30,47,62,15,24,9,0.3980556408855336
Kolkata,1990-2004,deployment,candidate,2004,32,0,13,13,13,0,0.3980556408855336
Kolkata,1990-2004,deployment,hourly_stull,1991,28,178,174,4,1,5,-0.06577411227908773
Kolkata,1990-2004,deployment,hourly_stull,1991,30,38,37,1,0,1,-0.06577411227908773
Kolkata,1990-2004,deployment,hourly_stull,1991,32,0,0,0,0,0,-0.06577411227908773
Kolkata,1990-2004,deployment,hourly_stull,1992,28,154,153,1,0,1,-0.07095782921875356
Kolkata,1990-2004,deployment,hourly_stull,1992,30,22,23,1,1,0,-0.07095782921875356
Kolkata,1990-2004,deployment,hourly_stull,1992,32,0,0,0,0,0,-0.07095782921875356
Kolkata,1990-2004,deployment,hourly_stull,1993,28,154,153,1,0,1,-0.07089095549246677
Kolkata,1990-2004,deployment,hourly_stull,1993,30,36,34,2,0,2,-0.07089095549246677
Kolkata,1990-2004,deployment,hourly_stull,1993,32,0,0,0,0,0,-0.07089095549246677
Kolkata,1990-2004,deployment,hourly_stull,1994,28,162,157,5,0,5,-0.06677305719341485
Kolkata,1990-2004,deployment,hourly_stull,1994,30,24,25,1,2,1,-0.06677305719341485
Kolkata,1990-2004,deployment,hourly_stull,1994,32,0,0,0,0,0,-0.06677305719341485
Kolkata,1990-2004,deployment,hourly_stull,1995,28,168,166,2,0,2,-0.0752704461199164
Kolkata,1990-2004,deployment,hourly_stull,1995,30,40,40,0,1,1,-0.0752704461199164
Kolkata,1990-2004,deployment,hourly_stull,1995,32,2,3,1,1,0,-0.0752704461199164
Kolkata,1990-2004,deployment,hourly_stull,1996,28,159,158,1,1,2,-0.059522930551266263
Kolkata,1990-2004,deployment,hourly_stull,1996,30,44,42,2,1,3,-0.059522930551266263
Kolkata,1990-2004,deployment,hourly_stull,1996,32,0,0,0,0,0,-0.059522930551266263
Kolkata,1990-2004,deployment,hourly_stull,1997,28,155,153,2,0,2,-0.07545176325365621
Kolkata,1990-2004,deployment,hourly_stull,1997,30,41,37,4,0,4,-0.07545176325365621
Kolkata,1990-2004,deployment,hourly_stull,1997,32,0,0,0,0,0,-0.07545176325365621
Kolkata,1990-2004,deployment,hourly_stull,1998,28,187,187,0,0,0,-0.066874435988549
Kolkata,1990-2004,deployment,hourly_stull,1998,30,55,54,1,0,1,-0.066874435988549
Kolkata,1990-2004,deployment,hourly_stull,1998,32,8,10,2,2,0,-0.066874435988549
Kolkata,1990-2004,deployment,hourly_stull,1999,28,174,169,5,0,5,-0.05897568849651869
Kolkata,1990-2004,deployment,hourly_stull,1999,30,30,28,2,0,2,-0.05897568849651869
Kolkata,1990-2004,deployment,hourly_stull,1999,32,2,5,3,3,0,-0.05897568849651869
Kolkata,1990-2004,deployment,hourly_stull,2000,28,180,178,2,0,2,-0.06670177941324155
Kolkata,1990-2004,deployment,hourly_stull,2000,30,31,29,2,0,2,-0.06670177941324155
Kolkata,1990-2004,deployment,hourly_stull,2000,32,0,0,0,0,0,-0.06670177941324155
Kolkata,1990-2004,deployment,hourly_stull,2001,28,170,167,3,0,3,-0.07591558431917309
Kolkata,1990-2004,deployment,hourly_stull,2001,30,22,22,0,0,0,-0.07591558431917309
Kolkata,1990-2004,deployment,hourly_stull,2001,32,0,0,0,0,0,-0.07591558431917309
Kolkata,1990-2004,deployment,hourly_stull,2002,28,169,167,2,0,2,-0.06028361738086532
Kolkata,1990-2004,deployment,hourly_stull,2002,30,57,56,1,2,3,-0.06028361738086532
Kolkata,1990-2004,deployment,hourly_stull,2002,32,5,5,0,0,0,-0.06028361738086532
Kolkata,1990-2004,deployment,hourly_stull,2003,28,184,182,2,0,2,-0.06672786859400659
Kolkata,1990-2004,deployment,hourly_stull,2003,30,57,56,1,1,2,-0.06672786859400659
Kolkata,1990-2004,deployment,hourly_stull,2003,32,1,1,0,0,0,-0.06672786859400659
Kolkata,1990-2004,deployment,hourly_stull,2004,28,177,175,2,0,2,-0.0624066032983771
Kolkata,1990-2004,deployment,hourly_stull,2004,30,47,46,1,0,1,-0.0624066032983771
Kolkata,1990-2004,deployment,hourly_stull,2004,32,0,2,2,2,0,-0.0624066032983771
Kolkata,1990-2004,deployment,bernard,1991,28,178,178,0,0,0,0.0
Kolkata,1990-2004,deployment,bernard,1991,30,38,38,0,0,0,0.0
Kolkata,1990-2004,deployment,bernard,1991,32,0,0,0,0,0,0.0
Kolkata,1990-2004,deployment,bernard,1992,28,154,154,0,0,0,0.0
Kolkata,1990-2004,deployment,bernard,1992,30,22,22,0,0,0,0.0
Kolkata,1990-2004,deployment,bernard,1992,32,0,0,0,0,0,0.0
Kolkata,1990-2004,deployment,bernard,1993,28,154,154,0,0,0,0.0
Kolkata,1990-2004,deployment,bernard,1993,30,36,36,0,0,0,0.0
Kolkata,1990-2004,deployment,bernard,1993,32,0,0,0,0,0,0.0
Kolkata,1990-2004,deployment,bernard,1994,28,162,162,0,0,0,0.0
Kolkata,1990-2004,deployment,bernard,1994,30,24,24,0,0,0,0.0
Kolkata,1990-2004,deployment,bernard,1994,32,0,0,0,0,0,0.0
Kolkata,1990-2004,deployment,bernard,1995,28,168,168,0,0,0,0.0
Kolkata,1990-2004,deployment,bernard,1995,30,40,40,0,0,0,0.0
Kolkata,1990-2004,deployment,bernard,1995,32,2,2,0,0,0,0.0
Kolkata,1990-2004,deployment,bernard,1996,28,159,159,0,0,0,0.0
Kolkata,1990-2004,deployment,bernard,1996,30,44,44,0,0,0,0.0
Kolkata,1990-2004,deployment,bernard,1996,32,0,0,0,0,0,0.0
Kolkata,1990-2004,deployment,bernard,1997,28,155,155,0,0,0,0.0
Kolkata,1990-2004,deployment,bernard,1997,30,41,41,0,0,0,0.0
Kolkata,1990-2004,deployment,bernard,1997,32,0,0,0,0,0,0.0
Kolkata,1990-2004,deployment,bernard,1998,28,187,187,0,0,0,0.0
Kolkata,1990-2004,deployment,bernard,1998,30,55,55,0,0,0,0.0
Kolkata,1990-2004,deployment,bernard,1998,32,8,8,0,0,0,0.0
Kolkata,1990-2004,deployment,bernard,1999,28,174,174,0,0,0,0.0
Kolkata,1990-2004,deployment,bernard,1999,30,30,30,0,0,0,0.0
Kolkata,1990-2004,deployment,bernard,1999,32,2,2,0,0,0,0.0
Kolkata,1990-2004,deployment,bernard,2000,28,180,180,0,0,0,0.0
Kolkata,1990-2004,deployment,bernard,2000,30,31,31,0,0,0,0.0
Kolkata,1990-2004,deployment,bernard,2000,32,0,0,0,0,0,0.0
Kolkata,1990-2004,deployment,bernard,2001,28,170,170,0,0,0,0.0
Kolkata,1990-2004,deployment,bernard,2001,30,22,22,0,0,0,0.0
Kolkata,1990-2004,deployment,bernard,2001,32,0,0,0,0,0,0.0
Kolkata,1990-2004,deployment,bernard,2002,28,169,169,0,0,0,0.0
Kolkata,1990-2004,deployment,bernard,2002,30,57,57,0,0,0,0.0
Kolkata,1990-2004,deployment,bernard,2002,32,5,5,0,0,0,0.0
Kolkata,1990-2004,deployment,bernard,2003,28,184,184,0,0,0,0.0
Kolkata,1990-2004,deployment,bernard,2003,30,57,57,0,0,0,0.0
Kolkata,1990-2004,deployment,bernard,2003,32,1,1,0,0,0,0.0
Kolkata,1990-2004,deployment,bernard,2004,28,177,177,0,0,0,0.0
Kolkata,1990-2004,deployment,bernard,2004,30,47,47,0,0,0,0.0
Kolkata,1990-2004,deployment,bernard,2004,32,0,0,0,0,0,0.0
Bikaner,1990-2004,reproduction,shipped,1990,28,118,33,85,0,85,-3.1237834525786714
Bikaner,1990-2004,reproduction,shipped,1990,30,31,0,31,0,31,-3.1237834525786714
Bikaner,1990-2004,reproduction,shipped,1990,32,2,0,2,0,2,-3.1237834525786714
Bikaner,1990-2004,reproduction,shipped,1991,28,109,35,74,0,74,-3.1889838147030978
Bikaner,1990-2004,reproduction,shipped,1991,30,43,0,43,0,43,-3.1889838147030978
Bikaner,1990-2004,reproduction,shipped,1991,32,0,0,0,0,0,-3.1889838147030978
Bikaner,1990-2004,reproduction,shipped,1992,28,105,25,80,0,80,-3.0936785745451143
Bikaner,1990-2004,reproduction,shipped,1992,30,30,1,29,0,29,-3.0936785745451143
Bikaner,1990-2004,reproduction,shipped,1992,32,1,0,1,0,1,-3.0936785745451143
Bikaner,1990-2004,reproduction,shipped,1993,28,145,39,106,0,106,-3.2269510138752246
Bikaner,1990-2004,reproduction,shipped,1993,30,45,0,45,0,45,-3.2269510138752246
Bikaner,1990-2004,reproduction,shipped,1993,32,0,0,0,0,0,-3.2269510138752246
Bikaner,1990-2004,reproduction,shipped,1994,28,112,39,73,0,73,-3.1375518058035676
Bikaner,1990-2004,reproduction,shipped,1994,30,43,1,42,0,42,-3.1375518058035676
Bikaner,1990-2004,reproduction,shipped,1994,32,2,0,2,0,2,-3.1375518058035676
Bikaner,1990-2004,reproduction,shipped,1995,28,120,36,84,0,84,-3.0117887287150538
Bikaner,1990-2004,reproduction,shipped,1995,30,36,1,35,0,35,-3.0117887287150538
Bikaner,1990-2004,reproduction,shipped,1995,32,1,0,1,0,1,-3.0117887287150538
Bikaner,1990-2004,reproduction,shipped,1996,28,119,33,86,0,86,-3.334943181987211
Bikaner,1990-2004,reproduction,shipped,1996,30,38,0,38,0,38,-3.334943181987211
Bikaner,1990-2004,reproduction,shipped,1996,32,0,0,0,0,0,-3.334943181987211
Bikaner,1990-2004,reproduction,shipped,1997,28,114,37,77,0,77,-2.9457468165085654
Bikaner,1990-2004,reproduction,shipped,1997,30,36,0,36,0,36,-2.9457468165085654
Bikaner,1990-2004,reproduction,shipped,1997,32,0,0,0,0,0,-2.9457468165085654
Bikaner,1990-2004,reproduction,shipped,1998,28,149,62,87,0,87,-3.056287403640817
Bikaner,1990-2004,reproduction,shipped,1998,30,62,4,58,0,58,-3.056287403640817
Bikaner,1990-2004,reproduction,shipped,1998,32,5,0,5,0,5,-3.056287403640817
Bikaner,1990-2004,reproduction,shipped,1999,28,138,27,111,0,111,-3.1473145839621393
Bikaner,1990-2004,reproduction,shipped,1999,30,34,1,33,0,33,-3.1473145839621393
Bikaner,1990-2004,reproduction,shipped,1999,32,1,0,1,0,1,-3.1473145839621393
Bikaner,1990-2004,reproduction,shipped,2000,28,132,46,86,0,86,-3.2361414508395545
Bikaner,1990-2004,reproduction,shipped,2000,30,48,0,48,0,48,-3.2361414508395545
Bikaner,1990-2004,reproduction,shipped,2000,32,0,0,0,0,0,-3.2361414508395545
Bikaner,1990-2004,reproduction,shipped,2001,28,131,37,94,0,94,-3.0882886831039422
Bikaner,1990-2004,reproduction,shipped,2001,30,32,0,32,0,32,-3.0882886831039422
Bikaner,1990-2004,reproduction,shipped,2001,32,0,0,0,0,0,-3.0882886831039422
Bikaner,1990-2004,reproduction,shipped,2002,28,141,62,79,0,79,-3.1259881597840833
Bikaner,1990-2004,reproduction,shipped,2002,30,60,1,59,0,59,-3.1259881597840833
Bikaner,1990-2004,reproduction,shipped,2002,32,1,0,1,0,1,-3.1259881597840833
Bikaner,1990-2004,reproduction,shipped,2003,28,131,57,74,0,74,-3.1022079580613253
Bikaner,1990-2004,reproduction,shipped,2003,30,54,2,52,0,52,-3.1022079580613253
Bikaner,1990-2004,reproduction,shipped,2003,32,0,0,0,0,0,-3.1022079580613253
Bikaner,1990-2004,reproduction,shipped,2004,28,139,46,93,0,93,-2.9550616552689517
Bikaner,1990-2004,reproduction,shipped,2004,30,47,0,47,0,47,-2.9550616552689517
Bikaner,1990-2004,reproduction,shipped,2004,32,0,0,0,0,0,-2.9550616552689517
Bikaner,1990-2004,reproduction,candidate,1990,28,118,135,17,18,1,0.30959430989801434
Bikaner,1990-2004,reproduction,candidate,1990,30,31,53,22,24,2,0.30959430989801434
Bikaner,1990-2004,reproduction,candidate,1990,32,2,4,2,3,1,0.30959430989801434
Bikaner,1990-2004,reproduction,candidate,1991,28,109,120,11,12,1,0.38301212798047746
Bikaner,1990-2004,reproduction,candidate,1991,30,43,63,20,20,0,0.38301212798047746
Bikaner,1990-2004,reproduction,candidate,1991,32,0,11,11,11,0,0.38301212798047746
Bikaner,1990-2004,reproduction,candidate,1992,28,105,106,1,6,5,0.29753795273911116
Bikaner,1990-2004,reproduction,candidate,1992,30,30,47,17,18,1,0.29753795273911116
Bikaner,1990-2004,reproduction,candidate,1992,32,1,2,1,1,0,0.29753795273911116
Bikaner,1990-2004,reproduction,candidate,1993,28,145,151,6,7,1,0.328218865691906
Bikaner,1990-2004,reproduction,candidate,1993,30,45,60,15,16,1,0.328218865691906
Bikaner,1990-2004,reproduction,candidate,1993,32,0,6,6,6,0,0.328218865691906
Bikaner,1990-2004,reproduction,candidate,1994,28,112,118,6,10,4,0.3169521831025872
Bikaner,1990-2004,reproduction,candidate,1994,30,43,62,19,20,1,0.3169521831025872
Bikaner,1990-2004,reproduction,candidate,1994,32,2,6,4,5,1,0.3169521831025872
Bikaner,1990-2004,reproduction,candidate,1995,28,120,134,14,18,4,0.3215051302834184
Bikaner,1990-2004,reproduction,candidate,1995,30,36,52,16,18,2,0.3215051302834184
Bikaner,1990-2004,reproduction,candidate,1995,32,1,5,4,4,0,0.3215051302834184
Bikaner,1990-2004,reproduction,candidate,1996,28,119,124,5,6,1,0.3021423022951764
Bikaner,1990-2004,reproduction,candidate,1996,30,38,52,14,15,1,0.3021423022951764
Bikaner,1990-2004,reproduction,candidate,1996,32,0,7,7,7,0,0.3021423022951764
Bikaner,1990-2004,reproduction,candidate,1997,28,114,124,10,12,2,0.30736031183538887
Bikaner,1990-2004,reproduction,candidate,1997,30,36,58,22,22,0,0.30736031183538887
Bikaner,1990-2004,reproduction,candidate,1997,32,0,1,1,1,0,0.30736031183538887
Bikaner,1990-2004,reproduction,candidate,1998,28,149,157,8,10,2,0.37851457919802367
Bikaner,1990-2004,reproduction,candidate,1998,30,62,86,24,26,2,0.37851457919802367
Bikaner,1990-2004,reproduction,candidate,1998,32,5,15,10,10,0,0.37851457919802367
Bikaner,1990-2004,reproduction,candidate,1999,28,138,147,9,11,2,0.35251206589339307
Bikaner,1990-2004,reproduction,candidate,1999,30,34,56,22,22,0,0.35251206589339307
Bikaner,1990-2004,reproduction,candidate,1999,32,1,4,3,3,0,0.35251206589339307
Bikaner,1990-2004,reproduction,candidate,2000,28,132,147,15,18,3,0.3878506117127355
Bikaner,1990-2004,reproduction,candidate,2000,30,48,78,30,32,2,0.3878506117127355
Bikaner,1990-2004,reproduction,candidate,2000,32,0,7,7,7,0,0.3878506117127355
Bikaner,1990-2004,reproduction,candidate,2001,28,131,148,17,18,1,0.4366281357980985
Bikaner,1990-2004,reproduction,candidate,2001,30,32,53,21,23,2,0.4366281357980985
Bikaner,1990-2004,reproduction,candidate,2001,32,0,5,5,5,0,0.4366281357980985
Bikaner,1990-2004,reproduction,candidate,2002,28,141,145,4,8,4,0.46144582509927773
Bikaner,1990-2004,reproduction,candidate,2002,30,60,94,34,34,0,0.46144582509927773
Bikaner,1990-2004,reproduction,candidate,2002,32,1,10,9,9,0,0.46144582509927773
Bikaner,1990-2004,reproduction,candidate,2003,28,131,137,6,9,3,0.32918559170819467
Bikaner,1990-2004,reproduction,candidate,2003,30,54,66,12,14,2,0.32918559170819467
Bikaner,1990-2004,reproduction,candidate,2003,32,0,16,16,16,0,0.32918559170819467
Bikaner,1990-2004,reproduction,candidate,2004,28,139,154,15,15,0,0.5105458495102584
Bikaner,1990-2004,reproduction,candidate,2004,30,47,80,33,33,0,0.5105458495102584
Bikaner,1990-2004,reproduction,candidate,2004,32,0,11,11,11,0,0.5105458495102584
Bikaner,1990-2004,reproduction,hourly_stull,1990,28,118,119,1,1,0,-0.16037120416350575
Bikaner,1990-2004,reproduction,hourly_stull,1990,30,31,31,0,0,0,-0.16037120416350575
Bikaner,1990-2004,reproduction,hourly_stull,1990,32,2,2,0,0,0,-0.16037120416350575
Bikaner,1990-2004,reproduction,hourly_stull,1991,28,109,109,0,2,2,-0.16996200481361315
Bikaner,1990-2004,reproduction,hourly_stull,1991,30,43,44,1,2,1,-0.16996200481361315
Bikaner,1990-2004,reproduction,hourly_stull,1991,32,0,1,1,1,0,-0.16996200481361315
Bikaner,1990-2004,reproduction,hourly_stull,1992,28,105,101,4,0,4,-0.1817995306518888
Bikaner,1990-2004,reproduction,hourly_stull,1992,30,30,29,1,2,3,-0.1817995306518888
Bikaner,1990-2004,reproduction,hourly_stull,1992,32,1,1,0,0,0,-0.1817995306518888
Bikaner,1990-2004,reproduction,hourly_stull,1993,28,145,144,1,2,3,-0.17156927216909898
Bikaner,1990-2004,reproduction,hourly_stull,1993,30,45,42,3,1,4,-0.17156927216909898
Bikaner,1990-2004,reproduction,hourly_stull,1993,32,0,1,1,1,0,-0.17156927216909898
Bikaner,1990-2004,reproduction,hourly_stull,1994,28,112,107,5,0,5,-0.18440657907249747
Bikaner,1990-2004,reproduction,hourly_stull,1994,30,43,42,1,1,2,-0.18440657907249747
Bikaner,1990-2004,reproduction,hourly_stull,1994,32,2,2,0,0,0,-0.18440657907249747
Bikaner,1990-2004,reproduction,hourly_stull,1995,28,120,118,2,1,3,-0.1797810650751098
Bikaner,1990-2004,reproduction,hourly_stull,1995,30,36,36,0,2,2,-0.1797810650751098
Bikaner,1990-2004,reproduction,hourly_stull,1995,32,1,1,0,0,0,-0.1797810650751098
Bikaner,1990-2004,reproduction,hourly_stull,1996,28,119,118,1,1,2,-0.19541220355495792
Bikaner,1990-2004,reproduction,hourly_stull,1996,30,38,41,3,3,0,-0.19541220355495792
Bikaner,1990-2004,reproduction,hourly_stull,1996,32,0,0,0,0,0,-0.19541220355495792
Bikaner,1990-2004,reproduction,hourly_stull,1997,28,114,115,1,1,0,-0.1475844427067068
Bikaner,1990-2004,reproduction,hourly_stull,1997,30,36,36,0,0,0,-0.1475844427067068
Bikaner,1990-2004,reproduction,hourly_stull,1997,32,0,0,0,0,0,-0.1475844427067068
Bikaner,1990-2004,reproduction,hourly_stull,1998,28,149,147,2,1,3,-0.13340566363303477
Bikaner,1990-2004,reproduction,hourly_stull,1998,30,62,62,0,3,3,-0.13340566363303477
Bikaner,1990-2004,reproduction,hourly_stull,1998,32,5,7,2,3,1,-0.13340566363303477
Bikaner,1990-2004,reproduction,hourly_stull,1999,28,138,134,4,0,4,-0.18207499026441357
Bikaner,1990-2004,reproduction,hourly_stull,1999,30,34,36,2,2,0,-0.18207499026441357
Bikaner,1990-2004,reproduction,hourly_stull,1999,32,1,1,0,0,0,-0.18207499026441357
Bikaner,1990-2004,reproduction,hourly_stull,2000,28,132,131,1,1,2,-0.20133263221488523
Bikaner,1990-2004,reproduction,hourly_stull,2000,30,48,55,7,7,0,-0.20133263221488523
Bikaner,1990-2004,reproduction,hourly_stull,2000,32,0,0,0,0,0,-0.20133263221488523
Bikaner,1990-2004,reproduction,hourly_stull,2001,28,131,132,1,2,1,-0.17820179885007217
Bikaner,1990-2004,reproduction,hourly_stull,2001,30,32,32,0,4,4,-0.17820179885007217
Bikaner,1990-2004,reproduction,hourly_stull,2001,32,0,0,0,0,0,-0.17820179885007217
Bikaner,1990-2004,reproduction,hourly_stull,2002,28,141,137,4,1,5,-0.1823238769414071
Bikaner,1990-2004,reproduction,hourly_stull,2002,30,60,61,1,2,1,-0.1823238769414071
Bikaner,1990-2004,reproduction,hourly_stull,2002,32,1,1,0,0,0,-0.1823238769414071
Bikaner,1990-2004,reproduction,hourly_stull,2003,28,131,126,5,1,6,-0.19798273956334717
Bikaner,1990-2004,reproduction,hourly_stull,2003,30,54,55,1,2,1,-0.19798273956334717
Bikaner,1990-2004,reproduction,hourly_stull,2003,32,0,1,1,1,0,-0.19798273956334717
Bikaner,1990-2004,reproduction,hourly_stull,2004,28,139,139,0,1,1,-0.16931244306743515
Bikaner,1990-2004,reproduction,hourly_stull,2004,30,47,46,1,0,1,-0.16931244306743515
Bikaner,1990-2004,reproduction,hourly_stull,2004,32,0,0,0,0,0,-0.16931244306743515
Bikaner,1990-2004,reproduction,bernard,1990,28,118,118,0,0,0,0.0
Bikaner,1990-2004,reproduction,bernard,1990,30,31,31,0,0,0,0.0
Bikaner,1990-2004,reproduction,bernard,1990,32,2,2,0,0,0,0.0
Bikaner,1990-2004,reproduction,bernard,1991,28,109,109,0,0,0,0.0
Bikaner,1990-2004,reproduction,bernard,1991,30,43,43,0,0,0,0.0
Bikaner,1990-2004,reproduction,bernard,1991,32,0,0,0,0,0,0.0
Bikaner,1990-2004,reproduction,bernard,1992,28,105,105,0,0,0,0.0
Bikaner,1990-2004,reproduction,bernard,1992,30,30,30,0,0,0,0.0
Bikaner,1990-2004,reproduction,bernard,1992,32,1,1,0,0,0,0.0
Bikaner,1990-2004,reproduction,bernard,1993,28,145,145,0,0,0,0.0
Bikaner,1990-2004,reproduction,bernard,1993,30,45,45,0,0,0,0.0
Bikaner,1990-2004,reproduction,bernard,1993,32,0,0,0,0,0,0.0
Bikaner,1990-2004,reproduction,bernard,1994,28,112,112,0,0,0,0.0
Bikaner,1990-2004,reproduction,bernard,1994,30,43,43,0,0,0,0.0
Bikaner,1990-2004,reproduction,bernard,1994,32,2,2,0,0,0,0.0
Bikaner,1990-2004,reproduction,bernard,1995,28,120,120,0,0,0,0.0
Bikaner,1990-2004,reproduction,bernard,1995,30,36,36,0,0,0,0.0
Bikaner,1990-2004,reproduction,bernard,1995,32,1,1,0,0,0,0.0
Bikaner,1990-2004,reproduction,bernard,1996,28,119,119,0,0,0,0.0
Bikaner,1990-2004,reproduction,bernard,1996,30,38,38,0,0,0,0.0
Bikaner,1990-2004,reproduction,bernard,1996,32,0,0,0,0,0,0.0
Bikaner,1990-2004,reproduction,bernard,1997,28,114,114,0,0,0,0.0
Bikaner,1990-2004,reproduction,bernard,1997,30,36,36,0,0,0,0.0
Bikaner,1990-2004,reproduction,bernard,1997,32,0,0,0,0,0,0.0
Bikaner,1990-2004,reproduction,bernard,1998,28,149,149,0,0,0,0.0
Bikaner,1990-2004,reproduction,bernard,1998,30,62,62,0,0,0,0.0
Bikaner,1990-2004,reproduction,bernard,1998,32,5,5,0,0,0,0.0
Bikaner,1990-2004,reproduction,bernard,1999,28,138,138,0,0,0,0.0
Bikaner,1990-2004,reproduction,bernard,1999,30,34,34,0,0,0,0.0
Bikaner,1990-2004,reproduction,bernard,1999,32,1,1,0,0,0,0.0
Bikaner,1990-2004,reproduction,bernard,2000,28,132,132,0,0,0,0.0
Bikaner,1990-2004,reproduction,bernard,2000,30,48,48,0,0,0,0.0
Bikaner,1990-2004,reproduction,bernard,2000,32,0,0,0,0,0,0.0
Bikaner,1990-2004,reproduction,bernard,2001,28,131,131,0,0,0,0.0
Bikaner,1990-2004,reproduction,bernard,2001,30,32,32,0,0,0,0.0
Bikaner,1990-2004,reproduction,bernard,2001,32,0,0,0,0,0,0.0
Bikaner,1990-2004,reproduction,bernard,2002,28,141,141,0,0,0,0.0
Bikaner,1990-2004,reproduction,bernard,2002,30,60,60,0,0,0,0.0
Bikaner,1990-2004,reproduction,bernard,2002,32,1,1,0,0,0,0.0
Bikaner,1990-2004,reproduction,bernard,2003,28,131,131,0,0,0,0.0
Bikaner,1990-2004,reproduction,bernard,2003,30,54,54,0,0,0,0.0
Bikaner,1990-2004,reproduction,bernard,2003,32,0,0,0,0,0,0.0
Bikaner,1990-2004,reproduction,bernard,2004,28,139,139,0,0,0,0.0
Bikaner,1990-2004,reproduction,bernard,2004,30,47,47,0,0,0,0.0
Bikaner,1990-2004,reproduction,bernard,2004,32,0,0,0,0,0,0.0
Bikaner,1990-2004,deployment,shipped,1991,28,109,35,74,0,74,-3.1889838147030978
Bikaner,1990-2004,deployment,shipped,1991,30,43,0,43,0,43,-3.1889838147030978
Bikaner,1990-2004,deployment,shipped,1991,32,0,0,0,0,0,-3.1889838147030978
Bikaner,1990-2004,deployment,shipped,1992,28,105,25,80,0,80,-3.0935628248099842
Bikaner,1990-2004,deployment,shipped,1992,30,30,1,29,0,29,-3.0935628248099842
Bikaner,1990-2004,deployment,shipped,1992,32,1,0,1,0,1,-3.0935628248099842
Bikaner,1990-2004,deployment,shipped,1993,28,145,39,106,0,106,-3.2269510138752246
Bikaner,1990-2004,deployment,shipped,1993,30,45,0,45,0,45,-3.2269510138752246
Bikaner,1990-2004,deployment,shipped,1993,32,0,0,0,0,0,-3.2269510138752246
Bikaner,1990-2004,deployment,shipped,1994,28,112,39,73,0,73,-3.1375518058035676
Bikaner,1990-2004,deployment,shipped,1994,30,43,1,42,0,42,-3.1375518058035676
Bikaner,1990-2004,deployment,shipped,1994,32,2,0,2,0,2,-3.1375518058035676
Bikaner,1990-2004,deployment,shipped,1995,28,120,36,84,0,84,-3.0117887287150538
Bikaner,1990-2004,deployment,shipped,1995,30,36,1,35,0,35,-3.0117887287150538
Bikaner,1990-2004,deployment,shipped,1995,32,1,0,1,0,1,-3.0117887287150538
Bikaner,1990-2004,deployment,shipped,1996,28,119,33,86,0,86,-3.334512949798035
Bikaner,1990-2004,deployment,shipped,1996,30,38,0,38,0,38,-3.334512949798035
Bikaner,1990-2004,deployment,shipped,1996,32,0,0,0,0,0,-3.334512949798035
Bikaner,1990-2004,deployment,shipped,1997,28,114,37,77,0,77,-2.9457468165085654
Bikaner,1990-2004,deployment,shipped,1997,30,36,0,36,0,36,-2.9457468165085654
Bikaner,1990-2004,deployment,shipped,1997,32,0,0,0,0,0,-2.9457468165085654
Bikaner,1990-2004,deployment,shipped,1998,28,149,62,87,0,87,-3.056287403640817
Bikaner,1990-2004,deployment,shipped,1998,30,62,4,58,0,58,-3.056287403640817
Bikaner,1990-2004,deployment,shipped,1998,32,5,0,5,0,5,-3.056287403640817
Bikaner,1990-2004,deployment,shipped,1999,28,138,27,111,0,111,-3.1473145839621393
Bikaner,1990-2004,deployment,shipped,1999,30,34,1,33,0,33,-3.1473145839621393
Bikaner,1990-2004,deployment,shipped,1999,32,1,0,1,0,1,-3.1473145839621393
Bikaner,1990-2004,deployment,shipped,2000,28,132,46,86,0,86,-3.2287819737125014
Bikaner,1990-2004,deployment,shipped,2000,30,48,0,48,0,48,-3.2287819737125014
Bikaner,1990-2004,deployment,shipped,2000,32,0,0,0,0,0,-3.2287819737125014
Bikaner,1990-2004,deployment,shipped,2001,28,131,37,94,0,94,-3.0882886831039422
Bikaner,1990-2004,deployment,shipped,2001,30,32,0,32,0,32,-3.0882886831039422
Bikaner,1990-2004,deployment,shipped,2001,32,0,0,0,0,0,-3.0882886831039422
Bikaner,1990-2004,deployment,shipped,2002,28,141,62,79,0,79,-3.1259881597840833
Bikaner,1990-2004,deployment,shipped,2002,30,60,1,59,0,59,-3.1259881597840833
Bikaner,1990-2004,deployment,shipped,2002,32,1,0,1,0,1,-3.1259881597840833
Bikaner,1990-2004,deployment,shipped,2003,28,131,57,74,0,74,-3.1022079580613253
Bikaner,1990-2004,deployment,shipped,2003,30,54,2,52,0,52,-3.1022079580613253
Bikaner,1990-2004,deployment,shipped,2003,32,0,0,0,0,0,-3.1022079580613253
Bikaner,1990-2004,deployment,shipped,2004,28,139,46,93,0,93,-2.9549936039316527
Bikaner,1990-2004,deployment,shipped,2004,30,47,0,47,0,47,-2.9549936039316527
Bikaner,1990-2004,deployment,shipped,2004,32,0,0,0,0,0,-2.9549936039316527
Bikaner,1990-2004,deployment,candidate,1991,28,109,120,11,12,1,0.38301212798047746
Bikaner,1990-2004,deployment,candidate,1991,30,43,63,20,20,0,0.38301212798047746
Bikaner,1990-2004,deployment,candidate,1991,32,0,11,11,11,0,0.38301212798047746
Bikaner,1990-2004,deployment,candidate,1992,28,105,106,1,6,5,0.2978404793597571
Bikaner,1990-2004,deployment,candidate,1992,30,30,47,17,18,1,0.2978404793597571
Bikaner,1990-2004,deployment,candidate,1992,32,1,2,1,1,0,0.2978404793597571
Bikaner,1990-2004,deployment,candidate,1993,28,145,151,6,7,1,0.328218865691906
Bikaner,1990-2004,deployment,candidate,1993,30,45,60,15,16,1,0.328218865691906
Bikaner,1990-2004,deployment,candidate,1993,32,0,6,6,6,0,0.328218865691906
Bikaner,1990-2004,deployment,candidate,1994,28,112,118,6,10,4,0.3169521831025872
Bikaner,1990-2004,deployment,candidate,1994,30,43,62,19,20,1,0.3169521831025872
Bikaner,1990-2004,deployment,candidate,1994,32,2,6,4,5,1,0.3169521831025872
Bikaner,1990-2004,deployment,candidate,1995,28,120,134,14,18,4,0.3215051302834184
Bikaner,1990-2004,deployment,candidate,1995,30,36,52,16,18,2,0.3215051302834184
Bikaner,1990-2004,deployment,candidate,1995,32,1,5,4,4,0,0.3215051302834184
Bikaner,1990-2004,deployment,candidate,1996,28,119,124,5,6,1,0.3010401975879731
Bikaner,1990-2004,deployment,candidate,1996,30,38,52,14,15,1,0.3010401975879731
Bikaner,1990-2004,deployment,candidate,1996,32,0,7,7,7,0,0.3010401975879731
Bikaner,1990-2004,deployment,candidate,1997,28,114,124,10,12,2,0.30736031183538887
Bikaner,1990-2004,deployment,candidate,1997,30,36,58,22,22,0,0.30736031183538887
Bikaner,1990-2004,deployment,candidate,1997,32,0,1,1,1,0,0.30736031183538887
Bikaner,1990-2004,deployment,candidate,1998,28,149,157,8,10,2,0.37851457919802367
Bikaner,1990-2004,deployment,candidate,1998,30,62,86,24,26,2,0.37851457919802367
Bikaner,1990-2004,deployment,candidate,1998,32,5,15,10,10,0,0.37851457919802367
Bikaner,1990-2004,deployment,candidate,1999,28,138,147,9,11,2,0.35251206589339307
Bikaner,1990-2004,deployment,candidate,1999,30,34,56,22,22,0,0.35251206589339307
Bikaner,1990-2004,deployment,candidate,1999,32,1,4,3,3,0,0.35251206589339307
Bikaner,1990-2004,deployment,candidate,2000,28,132,147,15,18,3,0.3924917406434597
Bikaner,1990-2004,deployment,candidate,2000,30,48,78,30,32,2,0.3924917406434597
Bikaner,1990-2004,deployment,candidate,2000,32,0,7,7,7,0,0.3924917406434597
Bikaner,1990-2004,deployment,candidate,2001,28,131,148,17,18,1,0.4366281357980985
Bikaner,1990-2004,deployment,candidate,2001,30,32,53,21,23,2,0.4366281357980985
Bikaner,1990-2004,deployment,candidate,2001,32,0,5,5,5,0,0.4366281357980985
Bikaner,1990-2004,deployment,candidate,2002,28,141,145,4,8,4,0.46144582509927773
Bikaner,1990-2004,deployment,candidate,2002,30,60,94,34,34,0,0.46144582509927773
Bikaner,1990-2004,deployment,candidate,2002,32,1,10,9,9,0,0.46144582509927773
Bikaner,1990-2004,deployment,candidate,2003,28,131,137,6,9,3,0.32918559170819467
Bikaner,1990-2004,deployment,candidate,2003,30,54,66,12,14,2,0.32918559170819467
Bikaner,1990-2004,deployment,candidate,2003,32,0,16,16,16,0,0.32918559170819467
Bikaner,1990-2004,deployment,candidate,2004,28,139,154,15,15,0,0.5091297643633259
Bikaner,1990-2004,deployment,candidate,2004,30,47,80,33,33,0,0.5091297643633259
Bikaner,1990-2004,deployment,candidate,2004,32,0,11,11,11,0,0.5091297643633259
Bikaner,1990-2004,deployment,hourly_stull,1991,28,109,109,0,2,2,-0.16996200481361315
Bikaner,1990-2004,deployment,hourly_stull,1991,30,43,44,1,2,1,-0.16996200481361315
Bikaner,1990-2004,deployment,hourly_stull,1991,32,0,1,1,1,0,-0.16996200481361315
Bikaner,1990-2004,deployment,hourly_stull,1992,28,105,101,4,0,4,-0.1811337582563459
Bikaner,1990-2004,deployment,hourly_stull,1992,30,30,29,1,2,3,-0.1811337582563459
Bikaner,1990-2004,deployment,hourly_stull,1992,32,1,1,0,0,0,-0.1811337582563459
Bikaner,1990-2004,deployment,hourly_stull,1993,28,145,144,1,2,3,-0.17156927216909898
Bikaner,1990-2004,deployment,hourly_stull,1993,30,45,42,3,1,4,-0.17156927216909898
Bikaner,1990-2004,deployment,hourly_stull,1993,32,0,1,1,1,0,-0.17156927216909898
Bikaner,1990-2004,deployment,hourly_stull,1994,28,112,107,5,0,5,-0.18440657907249747
Bikaner,1990-2004,deployment,hourly_stull,1994,30,43,42,1,1,2,-0.18440657907249747
Bikaner,1990-2004,deployment,hourly_stull,1994,32,2,2,0,0,0,-0.18440657907249747
Bikaner,1990-2004,deployment,hourly_stull,1995,28,120,118,2,1,3,-0.1797810650751098
Bikaner,1990-2004,deployment,hourly_stull,1995,30,36,36,0,2,2,-0.1797810650751098
Bikaner,1990-2004,deployment,hourly_stull,1995,32,1,1,0,0,0,-0.1797810650751098
Bikaner,1990-2004,deployment,hourly_stull,1996,28,119,118,1,1,2,-0.19512496448638178
Bikaner,1990-2004,deployment,hourly_stull,1996,30,38,41,3,3,0,-0.19512496448638178
Bikaner,1990-2004,deployment,hourly_stull,1996,32,0,0,0,0,0,-0.19512496448638178
Bikaner,1990-2004,deployment,hourly_stull,1997,28,114,115,1,1,0,-0.1475844427067068
Bikaner,1990-2004,deployment,hourly_stull,1997,30,36,36,0,0,0,-0.1475844427067068
Bikaner,1990-2004,deployment,hourly_stull,1997,32,0,0,0,0,0,-0.1475844427067068
Bikaner,1990-2004,deployment,hourly_stull,1998,28,149,147,2,1,3,-0.13340566363303477
Bikaner,1990-2004,deployment,hourly_stull,1998,30,62,62,0,3,3,-0.13340566363303477
Bikaner,1990-2004,deployment,hourly_stull,1998,32,5,7,2,3,1,-0.13340566363303477
Bikaner,1990-2004,deployment,hourly_stull,1999,28,138,134,4,0,4,-0.18207499026441357
Bikaner,1990-2004,deployment,hourly_stull,1999,30,34,36,2,2,0,-0.18207499026441357
Bikaner,1990-2004,deployment,hourly_stull,1999,32,1,1,0,0,0,-0.18207499026441357
Bikaner,1990-2004,deployment,hourly_stull,2000,28,132,131,1,1,2,-0.2011907670884826
Bikaner,1990-2004,deployment,hourly_stull,2000,30,48,55,7,7,0,-0.2011907670884826
Bikaner,1990-2004,deployment,hourly_stull,2000,32,0,0,0,0,0,-0.2011907670884826
Bikaner,1990-2004,deployment,hourly_stull,2001,28,131,132,1,2,1,-0.17820179885007217
Bikaner,1990-2004,deployment,hourly_stull,2001,30,32,32,0,4,4,-0.17820179885007217
Bikaner,1990-2004,deployment,hourly_stull,2001,32,0,0,0,0,0,-0.17820179885007217
Bikaner,1990-2004,deployment,hourly_stull,2002,28,141,137,4,1,5,-0.1823238769414071
Bikaner,1990-2004,deployment,hourly_stull,2002,30,60,61,1,2,1,-0.1823238769414071
Bikaner,1990-2004,deployment,hourly_stull,2002,32,1,1,0,0,0,-0.1823238769414071
Bikaner,1990-2004,deployment,hourly_stull,2003,28,131,126,5,1,6,-0.19798273956334717
Bikaner,1990-2004,deployment,hourly_stull,2003,30,54,55,1,2,1,-0.19798273956334717
Bikaner,1990-2004,deployment,hourly_stull,2003,32,0,1,1,1,0,-0.19798273956334717
Bikaner,1990-2004,deployment,hourly_stull,2004,28,139,139,0,1,1,-0.16902955614352277
Bikaner,1990-2004,deployment,hourly_stull,2004,30,47,46,1,0,1,-0.16902955614352277
Bikaner,1990-2004,deployment,hourly_stull,2004,32,0,0,0,0,0,-0.16902955614352277
Bikaner,1990-2004,deployment,bernard,1991,28,109,109,0,0,0,0.0
Bikaner,1990-2004,deployment,bernard,1991,30,43,43,0,0,0,0.0
Bikaner,1990-2004,deployment,bernard,1991,32,0,0,0,0,0,0.0
Bikaner,1990-2004,deployment,bernard,1992,28,105,105,0,0,0,0.0
Bikaner,1990-2004,deployment,bernard,1992,30,30,30,0,0,0,0.0
Bikaner,1990-2004,deployment,bernard,1992,32,1,1,0,0,0,0.0
Bikaner,1990-2004,deployment,bernard,1993,28,145,145,0,0,0,0.0
Bikaner,1990-2004,deployment,bernard,1993,30,45,45,0,0,0,0.0
Bikaner,1990-2004,deployment,bernard,1993,32,0,0,0,0,0,0.0
Bikaner,1990-2004,deployment,bernard,1994,28,112,112,0,0,0,0.0
Bikaner,1990-2004,deployment,bernard,1994,30,43,43,0,0,0,0.0
Bikaner,1990-2004,deployment,bernard,1994,32,2,2,0,0,0,0.0
Bikaner,1990-2004,deployment,bernard,1995,28,120,120,0,0,0,0.0
Bikaner,1990-2004,deployment,bernard,1995,30,36,36,0,0,0,0.0
Bikaner,1990-2004,deployment,bernard,1995,32,1,1,0,0,0,0.0
Bikaner,1990-2004,deployment,bernard,1996,28,119,119,0,0,0,0.0
Bikaner,1990-2004,deployment,bernard,1996,30,38,38,0,0,0,0.0
Bikaner,1990-2004,deployment,bernard,1996,32,0,0,0,0,0,0.0
Bikaner,1990-2004,deployment,bernard,1997,28,114,114,0,0,0,0.0
Bikaner,1990-2004,deployment,bernard,1997,30,36,36,0,0,0,0.0
Bikaner,1990-2004,deployment,bernard,1997,32,0,0,0,0,0,0.0
Bikaner,1990-2004,deployment,bernard,1998,28,149,149,0,0,0,0.0
Bikaner,1990-2004,deployment,bernard,1998,30,62,62,0,0,0,0.0
Bikaner,1990-2004,deployment,bernard,1998,32,5,5,0,0,0,0.0
Bikaner,1990-2004,deployment,bernard,1999,28,138,138,0,0,0,0.0
Bikaner,1990-2004,deployment,bernard,1999,30,34,34,0,0,0,0.0
Bikaner,1990-2004,deployment,bernard,1999,32,1,1,0,0,0,0.0
Bikaner,1990-2004,deployment,bernard,2000,28,132,132,0,0,0,0.0
Bikaner,1990-2004,deployment,bernard,2000,30,48,48,0,0,0,0.0
Bikaner,1990-2004,deployment,bernard,2000,32,0,0,0,0,0,0.0
Bikaner,1990-2004,deployment,bernard,2001,28,131,131,0,0,0,0.0
Bikaner,1990-2004,deployment,bernard,2001,30,32,32,0,0,0,0.0
Bikaner,1990-2004,deployment,bernard,2001,32,0,0,0,0,0,0.0
Bikaner,1990-2004,deployment,bernard,2002,28,141,141,0,0,0,0.0
Bikaner,1990-2004,deployment,bernard,2002,30,60,60,0,0,0,0.0
Bikaner,1990-2004,deployment,bernard,2002,32,1,1,0,0,0,0.0
Bikaner,1990-2004,deployment,bernard,2003,28,131,131,0,0,0,0.0
Bikaner,1990-2004,deployment,bernard,2003,30,54,54,0,0,0,0.0
Bikaner,1990-2004,deployment,bernard,2003,32,0,0,0,0,0,0.0
Bikaner,1990-2004,deployment,bernard,2004,28,139,139,0,0,0,0.0
Bikaner,1990-2004,deployment,bernard,2004,30,47,47,0,0,0,0.0
Bikaner,1990-2004,deployment,bernard,2004,32,0,0,0,0,0,0.0
Lucknow,1990-2004,reproduction,shipped,1990,28,124,29,95,0,95,-3.165315035986373
Lucknow,1990-2004,reproduction,shipped,1990,30,33,0,33,0,33,-3.165315035986373
Lucknow,1990-2004,reproduction,shipped,1990,32,0,0,0,0,0,-3.165315035986373
Lucknow,1990-2004,reproduction,shipped,1991,28,133,46,87,0,87,-3.298552121783194
Lucknow,1990-2004,reproduction,shipped,1991,30,55,0,55,0,55,-3.298552121783194
Lucknow,1990-2004,reproduction,shipped,1991,32,3,0,3,0,3,-3.298552121783194
Lucknow,1990-2004,reproduction,shipped,1992,28,113,35,78,0,78,-3.32028897456213
Lucknow,1990-2004,reproduction,shipped,1992,30,42,0,42,0,42,-3.32028897456213
Lucknow,1990-2004,reproduction,shipped,1992,32,0,0,0,0,0,-3.32028897456213
Lucknow,1990-2004,reproduction,shipped,1993,28,140,47,93,0,93,-3.228221900484547
Lucknow,1990-2004,reproduction,shipped,1993,30,59,0,59,0,59,-3.228221900484547
Lucknow,1990-2004,reproduction,shipped,1993,32,1,0,1,0,1,-3.228221900484547
Lucknow,1990-2004,reproduction,shipped,1994,28,127,40,87,0,87,-3.209908547874116
Lucknow,1990-2004,reproduction,shipped,1994,30,42,0,42,0,42,-3.209908547874116
Lucknow,1990-2004,reproduction,shipped,1994,32,0,0,0,0,0,-3.209908547874116
Lucknow,1990-2004,reproduction,shipped,1995,28,147,37,110,0,110,-3.0591787387572404
Lucknow,1990-2004,reproduction,shipped,1995,30,41,9,32,0,32,-3.0591787387572404
Lucknow,1990-2004,reproduction,shipped,1995,32,12,0,12,0,12,-3.0591787387572404
Lucknow,1990-2004,reproduction,shipped,1996,28,133,29,104,0,104,-3.277333913710617
Lucknow,1990-2004,reproduction,shipped,1996,30,34,0,34,0,34,-3.277333913710617
Lucknow,1990-2004,reproduction,shipped,1996,32,1,0,1,0,1,-3.277333913710617
Lucknow,1990-2004,reproduction,shipped,1997,28,124,33,91,0,91,-2.984930714466032
Lucknow,1990-2004,reproduction,shipped,1997,30,32,0,32,0,32,-2.984930714466032
Lucknow,1990-2004,reproduction,shipped,1997,32,1,0,1,0,1,-2.984930714466032
Lucknow,1990-2004,reproduction,shipped,1998,28,156,64,92,0,92,-2.983616483545019
Lucknow,1990-2004,reproduction,shipped,1998,30,71,4,67,0,67,-2.983616483545019
Lucknow,1990-2004,reproduction,shipped,1998,32,3,0,3,0,3,-2.983616483545019
Lucknow,1990-2004,reproduction,shipped,1999,28,152,47,105,0,105,-3.1864851460503267
Lucknow,1990-2004,reproduction,shipped,1999,30,48,0,48,0,48,-3.1864851460503267
Lucknow,1990-2004,reproduction,shipped,1999,32,0,0,0,0,0,-3.1864851460503267
Lucknow,1990-2004,reproduction,shipped,2000,28,142,40,102,0,102,-3.2631176286381067
Lucknow,1990-2004,reproduction,shipped,2000,30,41,0,41,0,41,-3.2631176286381067
Lucknow,1990-2004,reproduction,shipped,2000,32,2,0,2,0,2,-3.2631176286381067
Lucknow,1990-2004,reproduction,shipped,2001,28,155,33,122,0,122,-3.265988510251384
Lucknow,1990-2004,reproduction,shipped,2001,30,43,0,43,0,43,-3.265988510251384
Lucknow,1990-2004,reproduction,shipped,2001,32,0,0,0,0,0,-3.265988510251384
Lucknow,1990-2004,reproduction,shipped,2002,28,140,73,67,0,67,-3.113036799188488
Lucknow,1990-2004,reproduction,shipped,2002,30,78,0,78,0,78,-3.113036799188488
Lucknow,1990-2004,reproduction,shipped,2002,32,1,0,1,0,1,-3.113036799188488
Lucknow,1990-2004,reproduction,shipped,2003,28,134,42,92,0,92,-3.0809413968789463
Lucknow,1990-2004,reproduction,shipped,2003,30,44,1,43,0,43,-3.0809413968789463
Lucknow,1990-2004,reproduction,shipped,2003,32,0,0,0,0,0,-3.0809413968789463
Lucknow,1990-2004,reproduction,shipped,2004,28,159,32,127,0,127,-3.123474253877921
Lucknow,1990-2004,reproduction,shipped,2004,30,44,0,44,0,44,-3.123474253877921
Lucknow,1990-2004,reproduction,shipped,2004,32,3,0,3,0,3,-3.123474253877921
Lucknow,1990-2004,reproduction,candidate,1990,28,124,121,3,5,8,0.10290958084372845
Lucknow,1990-2004,reproduction,candidate,1990,30,33,39,6,11,5,0.10290958084372845
Lucknow,1990-2004,reproduction,candidate,1990,32,0,1,1,1,0,0.10290958084372845
Lucknow,1990-2004,reproduction,candidate,1991,28,133,130,3,5,8,0.2306668776771091
Lucknow,1990-2004,reproduction,candidate,1991,30,55,59,4,8,4,0.2306668776771091
Lucknow,1990-2004,reproduction,candidate,1991,32,3,8,5,6,1,0.2306668776771091
Lucknow,1990-2004,reproduction,candidate,1992,28,113,120,7,16,9,0.1590566610647208
Lucknow,1990-2004,reproduction,candidate,1992,30,42,48,6,7,1,0.1590566610647208
Lucknow,1990-2004,reproduction,candidate,1992,32,0,1,1,1,0,0.1590566610647208
Lucknow,1990-2004,reproduction,candidate,1993,28,140,142,2,7,5,0.20717699888349914
Lucknow,1990-2004,reproduction,candidate,1993,30,59,66,7,10,3,0.20717699888349914
Lucknow,1990-2004,reproduction,candidate,1993,32,1,4,3,4,1,0.20717699888349914
Lucknow,1990-2004,reproduction,candidate,1994,28,127,127,0,6,6,0.20996234753356807
Lucknow,1990-2004,reproduction,candidate,1994,30,42,44,2,5,3,0.20996234753356807
Lucknow,1990-2004,reproduction,candidate,1994,32,0,5,5,5,0,0.20996234753356807
Lucknow,1990-2004,reproduction,candidate,1995,28,147,153,6,10,4,0.22969919024924546
Lucknow,1990-2004,reproduction,candidate,1995,30,41,38,3,3,6,0.22969919024924546
Lucknow,1990-2004,reproduction,candidate,1995,32,12,18,6,6,0,0.22969919024924546
Lucknow,1990-2004,reproduction,candidate,1996,28,133,128,5,3,8,0.09869046919613458
Lucknow,1990-2004,reproduction,candidate,1996,30,34,40,6,10,4,0.09869046919613458
Lucknow,1990-2004,reproduction,candidate,1996,32,1,3,2,2,0,0.09869046919613458
Lucknow,1990-2004,reproduction,candidate,1997,28,124,131,7,11,4,0.13003614437272015
Lucknow,1990-2004,reproduction,candidate,1997,30,32,31,1,6,7,0.13003614437272015
Lucknow,1990-2004,reproduction,candidate,1997,32,1,0,1,0,1,0.13003614437272015
Lucknow,1990-2004,reproduction,candidate,1998,28,156,152,4,6,10,0.1681759227382896
Lucknow,1990-2004,reproduction,candidate,1998,30,71,74,3,13,10,0.1681759227382896
Lucknow,1990-2004,reproduction,candidate,1998,32,3,10,7,7,0,0.1681759227382896
Lucknow,1990-2004,reproduction,candidate,1999,28,152,152,0,9,9,0.12006605581012851
Lucknow,1990-2004,reproduction,candidate,1999,30,48,54,6,10,4,0.12006605581012851
Lucknow,1990-2004,reproduction,candidate,1999,32,0,6,6,6,0,0.12006605581012851
Lucknow,1990-2004,reproduction,candidate,2000,28,142,148,6,11,5,0.14111924326963832
Lucknow,1990-2004,reproduction,candidate,2000,30,41,47,6,10,4,0.14111924326963832
Lucknow,1990-2004,reproduction,candidate,2000,32,2,5,3,4,1,0.14111924326963832
Lucknow,1990-2004,reproduction,candidate,2001,28,155,159,4,8,4,0.10222202114990477
Lucknow,1990-2004,reproduction,candidate,2001,30,43,52,9,12,3,0.10222202114990477
Lucknow,1990-2004,reproduction,candidate,2001,32,0,1,1,1,0,0.10222202114990477
Lucknow,1990-2004,reproduction,candidate,2002,28,140,146,6,11,5,0.20299246903893373
Lucknow,1990-2004,reproduction,candidate,2002,30,78,84,6,14,8,0.20299246903893373
Lucknow,1990-2004,reproduction,candidate,2002,32,1,11,10,10,0,0.20299246903893373
Lucknow,1990-2004,reproduction,candidate,2003,28,134,134,0,12,12,0.11261074956629967
Lucknow,1990-2004,reproduction,candidate,2003,30,44,47,3,7,4,0.11261074956629967
Lucknow,1990-2004,reproduction,candidate,2003,32,0,7,7,7,0,0.11261074956629967
Lucknow,1990-2004,reproduction,candidate,2004,28,159,160,1,7,6,0.013064289273007285
Lucknow,1990-2004,reproduction,candidate,2004,30,44,49,5,11,6,0.013064289273007285
Lucknow,1990-2004,reproduction,candidate,2004,32,3,4,1,1,0,0.013064289273007285
Lucknow,1990-2004,reproduction,hourly_stull,1990,28,124,123,1,0,1,-0.10342655193395642
Lucknow,1990-2004,reproduction,hourly_stull,1990,30,33,33,0,0,0,-0.10342655193395642
Lucknow,1990-2004,reproduction,hourly_stull,1990,32,0,0,0,0,0,-0.10342655193395642
Lucknow,1990-2004,reproduction,hourly_stull,1991,28,133,131,2,0,2,-0.0978822560209782
Lucknow,1990-2004,reproduction,hourly_stull,1991,30,55,57,2,2,0,-0.0978822560209782
Lucknow,1990-2004,reproduction,hourly_stull,1991,32,3,5,2,2,0,-0.0978822560209782
Lucknow,1990-2004,reproduction,hourly_stull,1992,28,113,111,2,2,4,-0.10636847115579348
Lucknow,1990-2004,reproduction,hourly_stull,1992,30,42,40,2,0,2,-0.10636847115579348
Lucknow,1990-2004,reproduction,hourly_stull,1992,32,0,0,0,0,0,-0.10636847115579348
Lucknow,1990-2004,reproduction,hourly_stull,1993,28,140,138,2,1,3,-0.09547303495586561
Lucknow,1990-2004,reproduction,hourly_stull,1993,30,59,59,0,0,0,-0.09547303495586561
Lucknow,1990-2004,reproduction,hourly_stull,1993,32,1,1,0,0,0,-0.09547303495586561
Lucknow,1990-2004,reproduction,hourly_stull,1994,28,127,125,2,0,2,-0.09074835423598575
Lucknow,1990-2004,reproduction,hourly_stull,1994,30,42,42,0,1,1,-0.09074835423598575
Lucknow,1990-2004,reproduction,hourly_stull,1994,32,0,0,0,0,0,-0.09074835423598575
Lucknow,1990-2004,reproduction,hourly_stull,1995,28,147,145,2,0,2,-0.11665715948044518
Lucknow,1990-2004,reproduction,hourly_stull,1995,30,41,41,0,0,0,-0.11665715948044518
Lucknow,1990-2004,reproduction,hourly_stull,1995,32,12,13,1,1,0,-0.11665715948044518
Lucknow,1990-2004,reproduction,hourly_stull,1996,28,133,132,1,0,1,-0.09642566397242051
Lucknow,1990-2004,reproduction,hourly_stull,1996,30,34,35,1,1,0,-0.09642566397242051
Lucknow,1990-2004,reproduction,hourly_stull,1996,32,1,1,0,0,0,-0.09642566397242051
Lucknow,1990-2004,reproduction,hourly_stull,1997,28,124,123,1,0,1,-0.10715017743201947
Lucknow,1990-2004,reproduction,hourly_stull,1997,30,32,30,2,1,3,-0.10715017743201947
Lucknow,1990-2004,reproduction,hourly_stull,1997,32,1,1,0,0,0,-0.10715017743201947
Lucknow,1990-2004,reproduction,hourly_stull,1998,28,156,155,1,1,2,-0.07678159747246559
Lucknow,1990-2004,reproduction,hourly_stull,1998,30,71,69,2,1,3,-0.07678159747246559
Lucknow,1990-2004,reproduction,hourly_stull,1998,32,3,3,0,0,0,-0.07678159747246559
Lucknow,1990-2004,reproduction,hourly_stull,1999,28,152,149,3,0,3,-0.08712196477817134
Lucknow,1990-2004,reproduction,hourly_stull,1999,30,48,47,1,1,2,-0.08712196477817134
Lucknow,1990-2004,reproduction,hourly_stull,1999,32,0,1,1,1,0,-0.08712196477817134
Lucknow,1990-2004,reproduction,hourly_stull,2000,28,142,141,1,3,4,-0.0970990364369876
Lucknow,1990-2004,reproduction,hourly_stull,2000,30,41,41,0,0,0,-0.0970990364369876
Lucknow,1990-2004,reproduction,hourly_stull,2000,32,2,2,0,0,0,-0.0970990364369876
Lucknow,1990-2004,reproduction,hourly_stull,2001,28,155,154,1,0,1,-0.09260965740916077
Lucknow,1990-2004,reproduction,hourly_stull,2001,30,43,47,4,4,0,-0.09260965740916077
Lucknow,1990-2004,reproduction,hourly_stull,2001,32,0,0,0,0,0,-0.09260965740916077
Lucknow,1990-2004,reproduction,hourly_stull,2002,28,140,139,1,0,1,-0.06923951002246873
Lucknow,1990-2004,reproduction,hourly_stull,2002,30,78,78,0,1,1,-0.06923951002246873
Lucknow,1990-2004,reproduction,hourly_stull,2002,32,1,1,0,0,0,-0.06923951002246873
Lucknow,1990-2004,reproduction,hourly_stull,2003,28,134,131,3,0,3,-0.09716490763503809
Lucknow,1990-2004,reproduction,hourly_stull,2003,30,44,46,2,3,1,-0.09716490763503809
Lucknow,1990-2004,reproduction,hourly_stull,2003,32,0,0,0,0,0,-0.09716490763503809
Lucknow,1990-2004,reproduction,hourly_stull,2004,28,159,157,2,0,2,-0.08634734497430713
Lucknow,1990-2004,reproduction,hourly_stull,2004,30,44,44,0,3,3,-0.08634734497430713
Lucknow,1990-2004,reproduction,hourly_stull,2004,32,3,4,1,1,0,-0.08634734497430713
Lucknow,1990-2004,reproduction,bernard,1990,28,124,124,0,0,0,0.0
Lucknow,1990-2004,reproduction,bernard,1990,30,33,33,0,0,0,0.0
Lucknow,1990-2004,reproduction,bernard,1990,32,0,0,0,0,0,0.0
Lucknow,1990-2004,reproduction,bernard,1991,28,133,133,0,0,0,0.0
Lucknow,1990-2004,reproduction,bernard,1991,30,55,55,0,0,0,0.0
Lucknow,1990-2004,reproduction,bernard,1991,32,3,3,0,0,0,0.0
Lucknow,1990-2004,reproduction,bernard,1992,28,113,113,0,0,0,0.0
Lucknow,1990-2004,reproduction,bernard,1992,30,42,42,0,0,0,0.0
Lucknow,1990-2004,reproduction,bernard,1992,32,0,0,0,0,0,0.0
Lucknow,1990-2004,reproduction,bernard,1993,28,140,140,0,0,0,0.0
Lucknow,1990-2004,reproduction,bernard,1993,30,59,59,0,0,0,0.0
Lucknow,1990-2004,reproduction,bernard,1993,32,1,1,0,0,0,0.0
Lucknow,1990-2004,reproduction,bernard,1994,28,127,127,0,0,0,0.0
Lucknow,1990-2004,reproduction,bernard,1994,30,42,42,0,0,0,0.0
Lucknow,1990-2004,reproduction,bernard,1994,32,0,0,0,0,0,0.0
Lucknow,1990-2004,reproduction,bernard,1995,28,147,147,0,0,0,0.0
Lucknow,1990-2004,reproduction,bernard,1995,30,41,41,0,0,0,0.0
Lucknow,1990-2004,reproduction,bernard,1995,32,12,12,0,0,0,0.0
Lucknow,1990-2004,reproduction,bernard,1996,28,133,133,0,0,0,0.0
Lucknow,1990-2004,reproduction,bernard,1996,30,34,34,0,0,0,0.0
Lucknow,1990-2004,reproduction,bernard,1996,32,1,1,0,0,0,0.0
Lucknow,1990-2004,reproduction,bernard,1997,28,124,124,0,0,0,0.0
Lucknow,1990-2004,reproduction,bernard,1997,30,32,32,0,0,0,0.0
Lucknow,1990-2004,reproduction,bernard,1997,32,1,1,0,0,0,0.0
Lucknow,1990-2004,reproduction,bernard,1998,28,156,156,0,0,0,0.0
Lucknow,1990-2004,reproduction,bernard,1998,30,71,71,0,0,0,0.0
Lucknow,1990-2004,reproduction,bernard,1998,32,3,3,0,0,0,0.0
Lucknow,1990-2004,reproduction,bernard,1999,28,152,152,0,0,0,0.0
Lucknow,1990-2004,reproduction,bernard,1999,30,48,48,0,0,0,0.0
Lucknow,1990-2004,reproduction,bernard,1999,32,0,0,0,0,0,0.0
Lucknow,1990-2004,reproduction,bernard,2000,28,142,142,0,0,0,0.0
Lucknow,1990-2004,reproduction,bernard,2000,30,41,41,0,0,0,0.0
Lucknow,1990-2004,reproduction,bernard,2000,32,2,2,0,0,0,0.0
Lucknow,1990-2004,reproduction,bernard,2001,28,155,155,0,0,0,0.0
Lucknow,1990-2004,reproduction,bernard,2001,30,43,43,0,0,0,0.0
Lucknow,1990-2004,reproduction,bernard,2001,32,0,0,0,0,0,0.0
Lucknow,1990-2004,reproduction,bernard,2002,28,140,140,0,0,0,0.0
Lucknow,1990-2004,reproduction,bernard,2002,30,78,78,0,0,0,0.0
Lucknow,1990-2004,reproduction,bernard,2002,32,1,1,0,0,0,0.0
Lucknow,1990-2004,reproduction,bernard,2003,28,134,134,0,0,0,0.0
Lucknow,1990-2004,reproduction,bernard,2003,30,44,44,0,0,0,0.0
Lucknow,1990-2004,reproduction,bernard,2003,32,0,0,0,0,0,0.0
Lucknow,1990-2004,reproduction,bernard,2004,28,159,159,0,0,0,0.0
Lucknow,1990-2004,reproduction,bernard,2004,30,44,44,0,0,0,0.0
Lucknow,1990-2004,reproduction,bernard,2004,32,3,3,0,0,0,0.0
Lucknow,1990-2004,deployment,shipped,1991,28,133,46,87,0,87,-3.298552121783194
Lucknow,1990-2004,deployment,shipped,1991,30,55,0,55,0,55,-3.298552121783194
Lucknow,1990-2004,deployment,shipped,1991,32,3,0,3,0,3,-3.298552121783194
Lucknow,1990-2004,deployment,shipped,1992,28,113,35,78,0,78,-3.3178353105311893
Lucknow,1990-2004,deployment,shipped,1992,30,42,0,42,0,42,-3.3178353105311893
Lucknow,1990-2004,deployment,shipped,1992,32,0,0,0,0,0,-3.3178353105311893
Lucknow,1990-2004,deployment,shipped,1993,28,140,47,93,0,93,-3.228221900484547
Lucknow,1990-2004,deployment,shipped,1993,30,59,0,59,0,59,-3.228221900484547
Lucknow,1990-2004,deployment,shipped,1993,32,1,0,1,0,1,-3.228221900484547
Lucknow,1990-2004,deployment,shipped,1994,28,127,40,87,0,87,-3.209908547874116
Lucknow,1990-2004,deployment,shipped,1994,30,42,0,42,0,42,-3.209908547874116
Lucknow,1990-2004,deployment,shipped,1994,32,0,0,0,0,0,-3.209908547874116
Lucknow,1990-2004,deployment,shipped,1995,28,147,37,110,0,110,-3.0591787387572404
Lucknow,1990-2004,deployment,shipped,1995,30,41,9,32,0,32,-3.0591787387572404
Lucknow,1990-2004,deployment,shipped,1995,32,12,0,12,0,12,-3.0591787387572404
Lucknow,1990-2004,deployment,shipped,1996,28,133,29,104,0,104,-3.274378327907147
Lucknow,1990-2004,deployment,shipped,1996,30,34,0,34,0,34,-3.274378327907147
Lucknow,1990-2004,deployment,shipped,1996,32,1,0,1,0,1,-3.274378327907147
Lucknow,1990-2004,deployment,shipped,1997,28,124,33,91,0,91,-2.984930714466032
Lucknow,1990-2004,deployment,shipped,1997,30,32,0,32,0,32,-2.984930714466032
Lucknow,1990-2004,deployment,shipped,1997,32,1,0,1,0,1,-2.984930714466032
Lucknow,1990-2004,deployment,shipped,1998,28,156,64,92,0,92,-2.983616483545019
Lucknow,1990-2004,deployment,shipped,1998,30,71,4,67,0,67,-2.983616483545019
Lucknow,1990-2004,deployment,shipped,1998,32,3,0,3,0,3,-2.983616483545019
Lucknow,1990-2004,deployment,shipped,1999,28,152,47,105,0,105,-3.1864851460503267
Lucknow,1990-2004,deployment,shipped,1999,30,48,0,48,0,48,-3.1864851460503267
Lucknow,1990-2004,deployment,shipped,1999,32,0,0,0,0,0,-3.1864851460503267
Lucknow,1990-2004,deployment,shipped,2000,28,142,40,102,0,102,-3.258265123043215
Lucknow,1990-2004,deployment,shipped,2000,30,41,0,41,0,41,-3.258265123043215
Lucknow,1990-2004,deployment,shipped,2000,32,2,0,2,0,2,-3.258265123043215
Lucknow,1990-2004,deployment,shipped,2001,28,155,33,122,0,122,-3.265988510251384
Lucknow,1990-2004,deployment,shipped,2001,30,43,0,43,0,43,-3.265988510251384
Lucknow,1990-2004,deployment,shipped,2001,32,0,0,0,0,0,-3.265988510251384
Lucknow,1990-2004,deployment,shipped,2002,28,140,73,67,0,67,-3.113036799188488
Lucknow,1990-2004,deployment,shipped,2002,30,78,0,78,0,78,-3.113036799188488
Lucknow,1990-2004,deployment,shipped,2002,32,1,0,1,0,1,-3.113036799188488
Lucknow,1990-2004,deployment,shipped,2003,28,134,42,92,0,92,-3.0809413968789463
Lucknow,1990-2004,deployment,shipped,2003,30,44,1,43,0,43,-3.0809413968789463
Lucknow,1990-2004,deployment,shipped,2003,32,0,0,0,0,0,-3.0809413968789463
Lucknow,1990-2004,deployment,shipped,2004,28,159,32,127,0,127,-3.1216209010435416
Lucknow,1990-2004,deployment,shipped,2004,30,44,0,44,0,44,-3.1216209010435416
Lucknow,1990-2004,deployment,shipped,2004,32,3,0,3,0,3,-3.1216209010435416
Lucknow,1990-2004,deployment,candidate,1991,28,133,130,3,5,8,0.2306668776771091
Lucknow,1990-2004,deployment,candidate,1991,30,55,59,4,8,4,0.2306668776771091
Lucknow,1990-2004,deployment,candidate,1991,32,3,8,5,6,1,0.2306668776771091
Lucknow,1990-2004,deployment,candidate,1992,28,113,120,7,16,9,0.15859473716060524
Lucknow,1990-2004,deployment,candidate,1992,30,42,48,6,7,1,0.15859473716060524
Lucknow,1990-2004,deployment,candidate,1992,32,0,1,1,1,0,0.15859473716060524
Lucknow,1990-2004,deployment,candidate,1993,28,140,142,2,7,5,0.20717699888349914
Lucknow,1990-2004,deployment,candidate,1993,30,59,66,7,10,3,0.20717699888349914
Lucknow,1990-2004,deployment,candidate,1993,32,1,4,3,4,1,0.20717699888349914
Lucknow,1990-2004,deployment,candidate,1994,28,127,127,0,6,6,0.20996234753356807
Lucknow,1990-2004,deployment,candidate,1994,30,42,44,2,5,3,0.20996234753356807
Lucknow,1990-2004,deployment,candidate,1994,32,0,5,5,5,0,0.20996234753356807
Lucknow,1990-2004,deployment,candidate,1995,28,147,153,6,10,4,0.22969919024924546
Lucknow,1990-2004,deployment,candidate,1995,30,41,38,3,3,6,0.22969919024924546
Lucknow,1990-2004,deployment,candidate,1995,32,12,18,6,6,0,0.22969919024924546
Lucknow,1990-2004,deployment,candidate,1996,28,133,128,5,3,8,0.09818657785784969
Lucknow,1990-2004,deployment,candidate,1996,30,34,40,6,10,4,0.09818657785784969
Lucknow,1990-2004,deployment,candidate,1996,32,1,3,2,2,0,0.09818657785784969
Lucknow,1990-2004,deployment,candidate,1997,28,124,131,7,11,4,0.13003614437272015
Lucknow,1990-2004,deployment,candidate,1997,30,32,31,1,6,7,0.13003614437272015
Lucknow,1990-2004,deployment,candidate,1997,32,1,0,1,0,1,0.13003614437272015
Lucknow,1990-2004,deployment,candidate,1998,28,156,152,4,6,10,0.1681759227382896
Lucknow,1990-2004,deployment,candidate,1998,30,71,74,3,13,10,0.1681759227382896
Lucknow,1990-2004,deployment,candidate,1998,32,3,10,7,7,0,0.1681759227382896
Lucknow,1990-2004,deployment,candidate,1999,28,152,152,0,9,9,0.12006605581012851
Lucknow,1990-2004,deployment,candidate,1999,30,48,54,6,10,4,0.12006605581012851
Lucknow,1990-2004,deployment,candidate,1999,32,0,6,6,6,0,0.12006605581012851
Lucknow,1990-2004,deployment,candidate,2000,28,142,148,6,11,5,0.14216738892060102
Lucknow,1990-2004,deployment,candidate,2000,30,41,47,6,10,4,0.14216738892060102
Lucknow,1990-2004,deployment,candidate,2000,32,2,5,3,4,1,0.14216738892060102
Lucknow,1990-2004,deployment,candidate,2001,28,155,159,4,8,4,0.10222202114990477
Lucknow,1990-2004,deployment,candidate,2001,30,43,52,9,12,3,0.10222202114990477
Lucknow,1990-2004,deployment,candidate,2001,32,0,1,1,1,0,0.10222202114990477
Lucknow,1990-2004,deployment,candidate,2002,28,140,146,6,11,5,0.20299246903893373
Lucknow,1990-2004,deployment,candidate,2002,30,78,84,6,14,8,0.20299246903893373
Lucknow,1990-2004,deployment,candidate,2002,32,1,11,10,10,0,0.20299246903893373
Lucknow,1990-2004,deployment,candidate,2003,28,134,134,0,12,12,0.11261074956629967
Lucknow,1990-2004,deployment,candidate,2003,30,44,47,3,7,4,0.11261074956629967
Lucknow,1990-2004,deployment,candidate,2003,32,0,7,7,7,0,0.11261074956629967
Lucknow,1990-2004,deployment,candidate,2004,28,159,160,1,7,6,0.01052408882179582
Lucknow,1990-2004,deployment,candidate,2004,30,44,49,5,11,6,0.01052408882179582
Lucknow,1990-2004,deployment,candidate,2004,32,3,4,1,1,0,0.01052408882179582
Lucknow,1990-2004,deployment,hourly_stull,1991,28,133,131,2,0,2,-0.0978822560209782
Lucknow,1990-2004,deployment,hourly_stull,1991,30,55,57,2,2,0,-0.0978822560209782
Lucknow,1990-2004,deployment,hourly_stull,1991,32,3,5,2,2,0,-0.0978822560209782
Lucknow,1990-2004,deployment,hourly_stull,1992,28,113,111,2,2,4,-0.10664942492259814
Lucknow,1990-2004,deployment,hourly_stull,1992,30,42,40,2,0,2,-0.10664942492259814
Lucknow,1990-2004,deployment,hourly_stull,1992,32,0,0,0,0,0,-0.10664942492259814
Lucknow,1990-2004,deployment,hourly_stull,1993,28,140,138,2,1,3,-0.09547303495586561
Lucknow,1990-2004,deployment,hourly_stull,1993,30,59,59,0,0,0,-0.09547303495586561
Lucknow,1990-2004,deployment,hourly_stull,1993,32,1,1,0,0,0,-0.09547303495586561
Lucknow,1990-2004,deployment,hourly_stull,1994,28,127,125,2,0,2,-0.09074835423598575
Lucknow,1990-2004,deployment,hourly_stull,1994,30,42,42,0,1,1,-0.09074835423598575
Lucknow,1990-2004,deployment,hourly_stull,1994,32,0,0,0,0,0,-0.09074835423598575
Lucknow,1990-2004,deployment,hourly_stull,1995,28,147,145,2,0,2,-0.11665715948044518
Lucknow,1990-2004,deployment,hourly_stull,1995,30,41,41,0,0,0,-0.11665715948044518
Lucknow,1990-2004,deployment,hourly_stull,1995,32,12,13,1,1,0,-0.11665715948044518
Lucknow,1990-2004,deployment,hourly_stull,1996,28,133,132,1,0,1,-0.0963059621908669
Lucknow,1990-2004,deployment,hourly_stull,1996,30,34,35,1,1,0,-0.0963059621908669
Lucknow,1990-2004,deployment,hourly_stull,1996,32,1,1,0,0,0,-0.0963059621908669
Lucknow,1990-2004,deployment,hourly_stull,1997,28,124,123,1,0,1,-0.10715017743201947
Lucknow,1990-2004,deployment,hourly_stull,1997,30,32,30,2,1,3,-0.10715017743201947
Lucknow,1990-2004,deployment,hourly_stull,1997,32,1,1,0,0,0,-0.10715017743201947
Lucknow,1990-2004,deployment,hourly_stull,1998,28,156,155,1,1,2,-0.07678159747246559
Lucknow,1990-2004,deployment,hourly_stull,1998,30,71,69,2,1,3,-0.07678159747246559
Lucknow,1990-2004,deployment,hourly_stull,1998,32,3,3,0,0,0,-0.07678159747246559
Lucknow,1990-2004,deployment,hourly_stull,1999,28,152,149,3,0,3,-0.08712196477817134
Lucknow,1990-2004,deployment,hourly_stull,1999,30,48,47,1,1,2,-0.08712196477817134
Lucknow,1990-2004,deployment,hourly_stull,1999,32,0,1,1,1,0,-0.08712196477817134
Lucknow,1990-2004,deployment,hourly_stull,2000,28,142,141,1,3,4,-0.09691846492829631
Lucknow,1990-2004,deployment,hourly_stull,2000,30,41,41,0,0,0,-0.09691846492829631
Lucknow,1990-2004,deployment,hourly_stull,2000,32,2,2,0,0,0,-0.09691846492829631
Lucknow,1990-2004,deployment,hourly_stull,2001,28,155,154,1,0,1,-0.09260965740916077
Lucknow,1990-2004,deployment,hourly_stull,2001,30,43,47,4,4,0,-0.09260965740916077
Lucknow,1990-2004,deployment,hourly_stull,2001,32,0,0,0,0,0,-0.09260965740916077
Lucknow,1990-2004,deployment,hourly_stull,2002,28,140,139,1,0,1,-0.06923951002246873
Lucknow,1990-2004,deployment,hourly_stull,2002,30,78,78,0,1,1,-0.06923951002246873
Lucknow,1990-2004,deployment,hourly_stull,2002,32,1,1,0,0,0,-0.06923951002246873
Lucknow,1990-2004,deployment,hourly_stull,2003,28,134,131,3,0,3,-0.09716490763503809
Lucknow,1990-2004,deployment,hourly_stull,2003,30,44,46,2,3,1,-0.09716490763503809
Lucknow,1990-2004,deployment,hourly_stull,2003,32,0,0,0,0,0,-0.09716490763503809
Lucknow,1990-2004,deployment,hourly_stull,2004,28,159,157,2,0,2,-0.08649686416926117
Lucknow,1990-2004,deployment,hourly_stull,2004,30,44,44,0,3,3,-0.08649686416926117
Lucknow,1990-2004,deployment,hourly_stull,2004,32,3,4,1,1,0,-0.08649686416926117
Lucknow,1990-2004,deployment,bernard,1991,28,133,133,0,0,0,0.0
Lucknow,1990-2004,deployment,bernard,1991,30,55,55,0,0,0,0.0
Lucknow,1990-2004,deployment,bernard,1991,32,3,3,0,0,0,0.0
Lucknow,1990-2004,deployment,bernard,1992,28,113,113,0,0,0,0.0
Lucknow,1990-2004,deployment,bernard,1992,30,42,42,0,0,0,0.0
Lucknow,1990-2004,deployment,bernard,1992,32,0,0,0,0,0,0.0
Lucknow,1990-2004,deployment,bernard,1993,28,140,140,0,0,0,0.0
Lucknow,1990-2004,deployment,bernard,1993,30,59,59,0,0,0,0.0
Lucknow,1990-2004,deployment,bernard,1993,32,1,1,0,0,0,0.0
Lucknow,1990-2004,deployment,bernard,1994,28,127,127,0,0,0,0.0
Lucknow,1990-2004,deployment,bernard,1994,30,42,42,0,0,0,0.0
Lucknow,1990-2004,deployment,bernard,1994,32,0,0,0,0,0,0.0
Lucknow,1990-2004,deployment,bernard,1995,28,147,147,0,0,0,0.0
Lucknow,1990-2004,deployment,bernard,1995,30,41,41,0,0,0,0.0
Lucknow,1990-2004,deployment,bernard,1995,32,12,12,0,0,0,0.0
Lucknow,1990-2004,deployment,bernard,1996,28,133,133,0,0,0,0.0
Lucknow,1990-2004,deployment,bernard,1996,30,34,34,0,0,0,0.0
Lucknow,1990-2004,deployment,bernard,1996,32,1,1,0,0,0,0.0
Lucknow,1990-2004,deployment,bernard,1997,28,124,124,0,0,0,0.0
Lucknow,1990-2004,deployment,bernard,1997,30,32,32,0,0,0,0.0
Lucknow,1990-2004,deployment,bernard,1997,32,1,1,0,0,0,0.0
Lucknow,1990-2004,deployment,bernard,1998,28,156,156,0,0,0,0.0
Lucknow,1990-2004,deployment,bernard,1998,30,71,71,0,0,0,0.0
Lucknow,1990-2004,deployment,bernard,1998,32,3,3,0,0,0,0.0
Lucknow,1990-2004,deployment,bernard,1999,28,152,152,0,0,0,0.0
Lucknow,1990-2004,deployment,bernard,1999,30,48,48,0,0,0,0.0
Lucknow,1990-2004,deployment,bernard,1999,32,0,0,0,0,0,0.0
Lucknow,1990-2004,deployment,bernard,2000,28,142,142,0,0,0,0.0
Lucknow,1990-2004,deployment,bernard,2000,30,41,41,0,0,0,0.0
Lucknow,1990-2004,deployment,bernard,2000,32,2,2,0,0,0,0.0
Lucknow,1990-2004,deployment,bernard,2001,28,155,155,0,0,0,0.0
Lucknow,1990-2004,deployment,bernard,2001,30,43,43,0,0,0,0.0
Lucknow,1990-2004,deployment,bernard,2001,32,0,0,0,0,0,0.0
Lucknow,1990-2004,deployment,bernard,2002,28,140,140,0,0,0,0.0
Lucknow,1990-2004,deployment,bernard,2002,30,78,78,0,0,0,0.0
Lucknow,1990-2004,deployment,bernard,2002,32,1,1,0,0,0,0.0
Lucknow,1990-2004,deployment,bernard,2003,28,134,134,0,0,0,0.0
Lucknow,1990-2004,deployment,bernard,2003,30,44,44,0,0,0,0.0
Lucknow,1990-2004,deployment,bernard,2003,32,0,0,0,0,0,0.0
Lucknow,1990-2004,deployment,bernard,2004,28,159,159,0,0,0,0.0
Lucknow,1990-2004,deployment,bernard,2004,30,44,44,0,0,0,0.0
Lucknow,1990-2004,deployment,bernard,2004,32,3,3,0,0,0,0.0
Hyderabad,1990-2004,reproduction,shipped,1990,28,14,0,14,0,14,-2.3778697648490175
Hyderabad,1990-2004,reproduction,shipped,1990,30,0,0,0,0,0,-2.3778697648490175
Hyderabad,1990-2004,reproduction,shipped,1990,32,0,0,0,0,0,-2.3778697648490175
Hyderabad,1990-2004,reproduction,shipped,1991,28,44,0,44,0,44,-2.4771336760929077
Hyderabad,1990-2004,reproduction,shipped,1991,30,0,0,0,0,0,-2.4771336760929077
Hyderabad,1990-2004,reproduction,shipped,1991,32,0,0,0,0,0,-2.4771336760929077
Hyderabad,1990-2004,reproduction,shipped,1992,28,38,0,38,0,38,-2.6902403449153924
Hyderabad,1990-2004,reproduction,shipped,1992,30,0,0,0,0,0,-2.6902403449153924
Hyderabad,1990-2004,reproduction,shipped,1992,32,0,0,0,0,0,-2.6902403449153924
Hyderabad,1990-2004,reproduction,shipped,1993,28,45,0,45,0,45,-2.6849798302920815
Hyderabad,1990-2004,reproduction,shipped,1993,30,1,0,1,0,1,-2.6849798302920815
Hyderabad,1990-2004,reproduction,shipped,1993,32,0,0,0,0,0,-2.6849798302920815
Hyderabad,1990-2004,reproduction,shipped,1994,28,29,0,29,0,29,-2.4966816525904463
Hyderabad,1990-2004,reproduction,shipped,1994,30,0,0,0,0,0,-2.4966816525904463
Hyderabad,1990-2004,reproduction,shipped,1994,32,0,0,0,0,0,-2.4966816525904463
Hyderabad,1990-2004,reproduction,shipped,1995,28,29,0,29,0,29,-2.4025488160255106
Hyderabad,1990-2004,reproduction,shipped,1995,30,0,0,0,0,0,-2.4025488160255106
Hyderabad,1990-2004,reproduction,shipped,1995,32,0,0,0,0,0,-2.4025488160255106
Hyderabad,1990-2004,reproduction,shipped,1996,28,35,0,35,0,35,-2.6263697696455486
Hyderabad,1990-2004,reproduction,shipped,1996,30,0,0,0,0,0,-2.6263697696455486
Hyderabad,1990-2004,reproduction,shipped,1996,32,0,0,0,0,0,-2.6263697696455486
Hyderabad,1990-2004,reproduction,shipped,1997,28,30,0,30,0,30,-2.5376972991510205
Hyderabad,1990-2004,reproduction,shipped,1997,30,0,0,0,0,0,-2.5376972991510205
Hyderabad,1990-2004,reproduction,shipped,1997,32,0,0,0,0,0,-2.5376972991510205
Hyderabad,1990-2004,reproduction,shipped,1998,28,69,0,69,0,69,-2.4844468028762976
Hyderabad,1990-2004,reproduction,shipped,1998,30,4,0,4,0,4,-2.4844468028762976
Hyderabad,1990-2004,reproduction,shipped,1998,32,0,0,0,0,0,-2.4844468028762976
Hyderabad,1990-2004,reproduction,shipped,1999,28,37,0,37,0,37,-2.6734478800039483
Hyderabad,1990-2004,reproduction,shipped,1999,30,1,0,1,0,1,-2.6734478800039483
Hyderabad,1990-2004,reproduction,shipped,1999,32,0,0,0,0,0,-2.6734478800039483
Hyderabad,1990-2004,reproduction,shipped,2000,28,38,0,38,0,38,-2.630163617353948
Hyderabad,1990-2004,reproduction,shipped,2000,30,0,0,0,0,0,-2.630163617353948
Hyderabad,1990-2004,reproduction,shipped,2000,32,0,0,0,0,0,-2.630163617353948
Hyderabad,1990-2004,reproduction,shipped,2001,28,34,0,34,0,34,-2.543868585484006
Hyderabad,1990-2004,reproduction,shipped,2001,30,0,0,0,0,0,-2.543868585484006
Hyderabad,1990-2004,reproduction,shipped,2001,32,0,0,0,0,0,-2.543868585484006
Hyderabad,1990-2004,reproduction,shipped,2002,28,51,0,51,0,51,-2.5829996779280355
Hyderabad,1990-2004,reproduction,shipped,2002,30,2,0,2,0,2,-2.5829996779280355
Hyderabad,1990-2004,reproduction,shipped,2002,32,0,0,0,0,0,-2.5829996779280355
Hyderabad,1990-2004,reproduction,shipped,2003,28,57,0,57,0,57,-2.5875511528967285
Hyderabad,1990-2004,reproduction,shipped,2003,30,0,0,0,0,0,-2.5875511528967285
Hyderabad,1990-2004,reproduction,shipped,2003,32,0,0,0,0,0,-2.5875511528967285
Hyderabad,1990-2004,reproduction,shipped,2004,28,35,0,35,0,35,-2.6695950024639314
Hyderabad,1990-2004,reproduction,shipped,2004,30,0,0,0,0,0,-2.6695950024639314
Hyderabad,1990-2004,reproduction,shipped,2004,32,0,0,0,0,0,-2.6695950024639314
Hyderabad,1990-2004,reproduction,candidate,1990,28,14,27,13,14,1,0.2511994974426383
Hyderabad,1990-2004,reproduction,candidate,1990,30,0,0,0,0,0,0.2511994974426383
Hyderabad,1990-2004,reproduction,candidate,1990,32,0,0,0,0,0,0.2511994974426383
Hyderabad,1990-2004,reproduction,candidate,1991,28,44,55,11,11,0,0.313289180042212
Hyderabad,1990-2004,reproduction,candidate,1991,30,0,5,5,5,0,0.313289180042212
Hyderabad,1990-2004,reproduction,candidate,1991,32,0,0,0,0,0,0.313289180042212
Hyderabad,1990-2004,reproduction,candidate,1992,28,38,58,20,22,2,0.3231140927091542
Hyderabad,1990-2004,reproduction,candidate,1992,30,0,4,4,4,0,0.3231140927091542
Hyderabad,1990-2004,reproduction,candidate,1992,32,0,0,0,0,0,0.3231140927091542
Hyderabad,1990-2004,reproduction,candidate,1993,28,45,66,21,23,2,0.3168779573896188
Hyderabad,1990-2004,reproduction,candidate,1993,30,1,6,5,5,0,0.3168779573896188
Hyderabad,1990-2004,reproduction,candidate,1993,32,0,0,0,0,0,0.3168779573896188
Hyderabad,1990-2004,reproduction,candidate,1994,28,29,53,24,24,0,0.28048750179210996
Hyderabad,1990-2004,reproduction,candidate,1994,30,0,6,6,6,0,0.28048750179210996
Hyderabad,1990-2004,reproduction,candidate,1994,32,0,0,0,0,0,0.28048750179210996
Hyderabad,1990-2004,reproduction,candidate,1995,28,29,53,24,24,0,0.2891063837287688
Hyderabad,1990-2004,reproduction,candidate,1995,30,0,6,6,6,0,0.2891063837287688
Hyderabad,1990-2004,reproduction,candidate,1995,32,0,0,0,0,0,0.2891063837287688
Hyderabad,1990-2004,reproduction,candidate,1996,28,35,50,15,15,0,0.2580861409265953
Hyderabad,1990-2004,reproduction,candidate,1996,30,0,6,6,6,0,0.2580861409265953
Hyderabad,1990-2004,reproduction,candidate,1996,32,0,0,0,0,0,0.2580861409265953
Hyderabad,1990-2004,reproduction,candidate,1997,28,30,36,6,7,1,0.2868878998525
Hyderabad,1990-2004,reproduction,candidate,1997,30,0,0,0,0,0,0.2868878998525
Hyderabad,1990-2004,reproduction,candidate,1997,32,0,0,0,0,0,0.2868878998525
Hyderabad,1990-2004,reproduction,candidate,1998,28,69,87,18,21,3,0.26228750178145066
Hyderabad,1990-2004,reproduction,candidate,1998,30,4,13,9,9,0,0.26228750178145066
Hyderabad,1990-2004,reproduction,candidate,1998,32,0,0,0,0,0,0.26228750178145066
Hyderabad,1990-2004,reproduction,candidate,1999,28,37,49,12,13,1,0.23602115240122196
Hyderabad,1990-2004,reproduction,candidate,1999,30,1,2,1,2,1,0.23602115240122196
Hyderabad,1990-2004,reproduction,candidate,1999,32,0,0,0,0,0,0.23602115240122196
Hyderabad,1990-2004,reproduction,candidate,2000,28,38,55,17,18,1,0.2885670200396269
Hyderabad,1990-2004,reproduction,candidate,2000,30,0,2,2,2,0,0.2885670200396269
Hyderabad,1990-2004,reproduction,candidate,2000,32,0,0,0,0,0,0.2885670200396269
Hyderabad,1990-2004,reproduction,candidate,2001,28,34,54,20,21,1,0.3126783415361654
Hyderabad,1990-2004,reproduction,candidate,2001,30,0,3,3,3,0,0.3126783415361654
Hyderabad,1990-2004,reproduction,candidate,2001,32,0,0,0,0,0,0.3126783415361654
Hyderabad,1990-2004,reproduction,candidate,2002,28,51,74,23,24,1,0.34465257470538607
Hyderabad,1990-2004,reproduction,candidate,2002,30,2,9,7,7,0,0.34465257470538607
Hyderabad,1990-2004,reproduction,candidate,2002,32,0,0,0,0,0,0.34465257470538607
Hyderabad,1990-2004,reproduction,candidate,2003,28,57,69,12,13,1,0.24928040909296703
Hyderabad,1990-2004,reproduction,candidate,2003,30,0,1,1,1,0,0.24928040909296703
Hyderabad,1990-2004,reproduction,candidate,2003,32,0,0,0,0,0,0.24928040909296703
Hyderabad,1990-2004,reproduction,candidate,2004,28,35,57,22,22,0,0.3768256563385326
Hyderabad,1990-2004,reproduction,candidate,2004,30,0,4,4,4,0,0.3768256563385326
Hyderabad,1990-2004,reproduction,candidate,2004,32,0,0,0,0,0,0.3768256563385326
Hyderabad,1990-2004,reproduction,hourly_stull,1990,28,14,14,0,1,1,-0.08858757240534143
Hyderabad,1990-2004,reproduction,hourly_stull,1990,30,0,0,0,0,0,-0.08858757240534143
Hyderabad,1990-2004,reproduction,hourly_stull,1990,32,0,0,0,0,0,-0.08858757240534143
Hyderabad,1990-2004,reproduction,hourly_stull,1991,28,44,44,0,0,0,-0.054401324659558825
Hyderabad,1990-2004,reproduction,hourly_stull,1991,30,0,0,0,0,0,-0.054401324659558825
Hyderabad,1990-2004,reproduction,hourly_stull,1991,32,0,0,0,0,0,-0.054401324659558825
Hyderabad,1990-2004,reproduction,hourly_stull,1992,28,38,37,1,0,1,-0.07670449428644685
Hyderabad,1990-2004,reproduction,hourly_stull,1992,30,0,0,0,0,0,-0.07670449428644685
Hyderabad,1990-2004,reproduction,hourly_stull,1992,32,0,0,0,0,0,-0.07670449428644685
Hyderabad,1990-2004,reproduction,hourly_stull,1993,28,45,43,2,0,2,-0.07588653260794787
Hyderabad,1990-2004,reproduction,hourly_stull,1993,30,1,2,1,1,0,-0.07588653260794787
Hyderabad,1990-2004,reproduction,hourly_stull,1993,32,0,0,0,0,0,-0.07588653260794787
Hyderabad,1990-2004,reproduction,hourly_stull,1994,28,29,29,0,1,1,-0.07003237882976786
Hyderabad,1990-2004,reproduction,hourly_stull,1994,30,0,0,0,0,0,-0.07003237882976786
Hyderabad,1990-2004,reproduction,hourly_stull,1994,32,0,0,0,0,0,-0.07003237882976786
Hyderabad,1990-2004,reproduction,hourly_stull,1995,28,29,28,1,0,1,-0.06521193903899147
Hyderabad,1990-2004,reproduction,hourly_stull,1995,30,0,1,1,1,0,-0.06521193903899147
Hyderabad,1990-2004,reproduction,hourly_stull,1995,32,0,0,0,0,0,-0.06521193903899147
Hyderabad,1990-2004,reproduction,hourly_stull,1996,28,35,34,1,1,2,-0.07806388651510608
Hyderabad,1990-2004,reproduction,hourly_stull,1996,30,0,0,0,0,0,-0.07806388651510608
Hyderabad,1990-2004,reproduction,hourly_stull,1996,32,0,0,0,0,0,-0.07806388651510608
Hyderabad,1990-2004,reproduction,hourly_stull,1997,28,30,29,1,0,1,-0.06845180526671257
Hyderabad,1990-2004,reproduction,hourly_stull,1997,30,0,0,0,0,0,-0.06845180526671257
Hyderabad,1990-2004,reproduction,hourly_stull,1997,32,0,0,0,0,0,-0.06845180526671257
Hyderabad,1990-2004,reproduction,hourly_stull,1998,28,69,68,1,0,1,-0.04844054353429222
Hyderabad,1990-2004,reproduction,hourly_stull,1998,30,4,4,0,0,0,-0.04844054353429222
Hyderabad,1990-2004,reproduction,hourly_stull,1998,32,0,0,0,0,0,-0.04844054353429222
Hyderabad,1990-2004,reproduction,hourly_stull,1999,28,37,37,0,0,0,-0.07846316839160164
Hyderabad,1990-2004,reproduction,hourly_stull,1999,30,1,1,0,0,0,-0.07846316839160164
Hyderabad,1990-2004,reproduction,hourly_stull,1999,32,0,0,0,0,0,-0.07846316839160164
Hyderabad,1990-2004,reproduction,hourly_stull,2000,28,38,38,0,2,2,-0.07035783045277476
Hyderabad,1990-2004,reproduction,hourly_stull,2000,30,0,0,0,0,0,-0.07035783045277476
Hyderabad,1990-2004,reproduction,hourly_stull,2000,32,0,0,0,0,0,-0.07035783045277476
Hyderabad,1990-2004,reproduction,hourly_stull,2001,28,34,35,1,1,0,-0.07200512564817849
Hyderabad,1990-2004,reproduction,hourly_stull,2001,30,0,0,0,0,0,-0.07200512564817849
Hyderabad,1990-2004,reproduction,hourly_stull,2001,32,0,0,0,0,0,-0.07200512564817849
Hyderabad,1990-2004,reproduction,hourly_stull,2002,28,51,52,1,1,0,-0.05202515780295388
Hyderabad,1990-2004,reproduction,hourly_stull,2002,30,2,2,0,0,0,-0.05202515780295388
Hyderabad,1990-2004,reproduction,hourly_stull,2002,32,0,0,0,0,0,-0.05202515780295388
Hyderabad,1990-2004,reproduction,hourly_stull,2003,28,57,58,1,2,1,-0.06452070934486834
Hyderabad,1990-2004,reproduction,hourly_stull,2003,30,0,1,1,1,0,-0.06452070934486834
Hyderabad,1990-2004,reproduction,hourly_stull,2003,32,0,0,0,0,0,-0.06452070934486834
Hyderabad,1990-2004,reproduction,hourly_stull,2004,28,35,34,1,0,1,-0.07075784050820165
Hyderabad,1990-2004,reproduction,hourly_stull,2004,30,0,1,1,1,0,-0.07075784050820165
Hyderabad,1990-2004,reproduction,hourly_stull,2004,32,0,0,0,0,0,-0.07075784050820165
Hyderabad,1990-2004,reproduction,bernard,1990,28,14,14,0,0,0,0.0
Hyderabad,1990-2004,reproduction,bernard,1990,30,0,0,0,0,0,0.0
Hyderabad,1990-2004,reproduction,bernard,1990,32,0,0,0,0,0,0.0
Hyderabad,1990-2004,reproduction,bernard,1991,28,44,44,0,0,0,0.0
Hyderabad,1990-2004,reproduction,bernard,1991,30,0,0,0,0,0,0.0
Hyderabad,1990-2004,reproduction,bernard,1991,32,0,0,0,0,0,0.0
Hyderabad,1990-2004,reproduction,bernard,1992,28,38,38,0,0,0,0.0
Hyderabad,1990-2004,reproduction,bernard,1992,30,0,0,0,0,0,0.0
Hyderabad,1990-2004,reproduction,bernard,1992,32,0,0,0,0,0,0.0
Hyderabad,1990-2004,reproduction,bernard,1993,28,45,45,0,0,0,0.0
Hyderabad,1990-2004,reproduction,bernard,1993,30,1,1,0,0,0,0.0
Hyderabad,1990-2004,reproduction,bernard,1993,32,0,0,0,0,0,0.0
Hyderabad,1990-2004,reproduction,bernard,1994,28,29,29,0,0,0,0.0
Hyderabad,1990-2004,reproduction,bernard,1994,30,0,0,0,0,0,0.0
Hyderabad,1990-2004,reproduction,bernard,1994,32,0,0,0,0,0,0.0
Hyderabad,1990-2004,reproduction,bernard,1995,28,29,29,0,0,0,0.0
Hyderabad,1990-2004,reproduction,bernard,1995,30,0,0,0,0,0,0.0
Hyderabad,1990-2004,reproduction,bernard,1995,32,0,0,0,0,0,0.0
Hyderabad,1990-2004,reproduction,bernard,1996,28,35,35,0,0,0,0.0
Hyderabad,1990-2004,reproduction,bernard,1996,30,0,0,0,0,0,0.0
Hyderabad,1990-2004,reproduction,bernard,1996,32,0,0,0,0,0,0.0
Hyderabad,1990-2004,reproduction,bernard,1997,28,30,30,0,0,0,0.0
Hyderabad,1990-2004,reproduction,bernard,1997,30,0,0,0,0,0,0.0
Hyderabad,1990-2004,reproduction,bernard,1997,32,0,0,0,0,0,0.0
Hyderabad,1990-2004,reproduction,bernard,1998,28,69,69,0,0,0,0.0
Hyderabad,1990-2004,reproduction,bernard,1998,30,4,4,0,0,0,0.0
Hyderabad,1990-2004,reproduction,bernard,1998,32,0,0,0,0,0,0.0
Hyderabad,1990-2004,reproduction,bernard,1999,28,37,37,0,0,0,0.0
Hyderabad,1990-2004,reproduction,bernard,1999,30,1,1,0,0,0,0.0
Hyderabad,1990-2004,reproduction,bernard,1999,32,0,0,0,0,0,0.0
Hyderabad,1990-2004,reproduction,bernard,2000,28,38,38,0,0,0,0.0
Hyderabad,1990-2004,reproduction,bernard,2000,30,0,0,0,0,0,0.0
Hyderabad,1990-2004,reproduction,bernard,2000,32,0,0,0,0,0,0.0
Hyderabad,1990-2004,reproduction,bernard,2001,28,34,34,0,0,0,0.0
Hyderabad,1990-2004,reproduction,bernard,2001,30,0,0,0,0,0,0.0
Hyderabad,1990-2004,reproduction,bernard,2001,32,0,0,0,0,0,0.0
Hyderabad,1990-2004,reproduction,bernard,2002,28,51,51,0,0,0,0.0
Hyderabad,1990-2004,reproduction,bernard,2002,30,2,2,0,0,0,0.0
Hyderabad,1990-2004,reproduction,bernard,2002,32,0,0,0,0,0,0.0
Hyderabad,1990-2004,reproduction,bernard,2003,28,57,57,0,0,0,0.0
Hyderabad,1990-2004,reproduction,bernard,2003,30,0,0,0,0,0,0.0
Hyderabad,1990-2004,reproduction,bernard,2003,32,0,0,0,0,0,0.0
Hyderabad,1990-2004,reproduction,bernard,2004,28,35,35,0,0,0,0.0
Hyderabad,1990-2004,reproduction,bernard,2004,30,0,0,0,0,0,0.0
Hyderabad,1990-2004,reproduction,bernard,2004,32,0,0,0,0,0,0.0
Hyderabad,1990-2004,deployment,shipped,1991,28,44,0,44,0,44,-2.4771336760929077
Hyderabad,1990-2004,deployment,shipped,1991,30,0,0,0,0,0,-2.4771336760929077
Hyderabad,1990-2004,deployment,shipped,1991,32,0,0,0,0,0,-2.4771336760929077
Hyderabad,1990-2004,deployment,shipped,1992,28,38,0,38,0,38,-2.6868414082021173
Hyderabad,1990-2004,deployment,shipped,1992,30,0,0,0,0,0,-2.6868414082021173
Hyderabad,1990-2004,deployment,shipped,1992,32,0,0,0,0,0,-2.6868414082021173
Hyderabad,1990-2004,deployment,shipped,1993,28,45,0,45,0,45,-2.6849798302920815
Hyderabad,1990-2004,deployment,shipped,1993,30,1,0,1,0,1,-2.6849798302920815
Hyderabad,1990-2004,deployment,shipped,1993,32,0,0,0,0,0,-2.6849798302920815
Hyderabad,1990-2004,deployment,shipped,1994,28,29,0,29,0,29,-2.4966816525904463
Hyderabad,1990-2004,deployment,shipped,1994,30,0,0,0,0,0,-2.4966816525904463
Hyderabad,1990-2004,deployment,shipped,1994,32,0,0,0,0,0,-2.4966816525904463
Hyderabad,1990-2004,deployment,shipped,1995,28,29,0,29,0,29,-2.4025488160255106
Hyderabad,1990-2004,deployment,shipped,1995,30,0,0,0,0,0,-2.4025488160255106
Hyderabad,1990-2004,deployment,shipped,1995,32,0,0,0,0,0,-2.4025488160255106
Hyderabad,1990-2004,deployment,shipped,1996,28,35,0,35,0,35,-2.62270021851376
Hyderabad,1990-2004,deployment,shipped,1996,30,0,0,0,0,0,-2.62270021851376
Hyderabad,1990-2004,deployment,shipped,1996,32,0,0,0,0,0,-2.62270021851376
Hyderabad,1990-2004,deployment,shipped,1997,28,30,0,30,0,30,-2.5376972991510205
Hyderabad,1990-2004,deployment,shipped,1997,30,0,0,0,0,0,-2.5376972991510205
Hyderabad,1990-2004,deployment,shipped,1997,32,0,0,0,0,0,-2.5376972991510205
Hyderabad,1990-2004,deployment,shipped,1998,28,69,0,69,0,69,-2.4844468028762976
Hyderabad,1990-2004,deployment,shipped,1998,30,4,0,4,0,4,-2.4844468028762976
Hyderabad,1990-2004,deployment,shipped,1998,32,0,0,0,0,0,-2.4844468028762976
Hyderabad,1990-2004,deployment,shipped,1999,28,37,0,37,0,37,-2.6734478800039483
Hyderabad,1990-2004,deployment,shipped,1999,30,1,0,1,0,1,-2.6734478800039483
Hyderabad,1990-2004,deployment,shipped,1999,32,0,0,0,0,0,-2.6734478800039483
Hyderabad,1990-2004,deployment,shipped,2000,28,38,0,38,0,38,-2.6303833628294773
Hyderabad,1990-2004,deployment,shipped,2000,30,0,0,0,0,0,-2.6303833628294773
Hyderabad,1990-2004,deployment,shipped,2000,32,0,0,0,0,0,-2.6303833628294773
Hyderabad,1990-2004,deployment,shipped,2001,28,34,0,34,0,34,-2.543868585484006
Hyderabad,1990-2004,deployment,shipped,2001,30,0,0,0,0,0,-2.543868585484006
Hyderabad,1990-2004,deployment,shipped,2001,32,0,0,0,0,0,-2.543868585484006
Hyderabad,1990-2004,deployment,shipped,2002,28,51,0,51,0,51,-2.5829996779280355
Hyderabad,1990-2004,deployment,shipped,2002,30,2,0,2,0,2,-2.5829996779280355
Hyderabad,1990-2004,deployment,shipped,2002,32,0,0,0,0,0,-2.5829996779280355
Hyderabad,1990-2004,deployment,shipped,2003,28,57,0,57,0,57,-2.5875511528967285
Hyderabad,1990-2004,deployment,shipped,2003,30,0,0,0,0,0,-2.5875511528967285
Hyderabad,1990-2004,deployment,shipped,2003,32,0,0,0,0,0,-2.5875511528967285
Hyderabad,1990-2004,deployment,shipped,2004,28,35,0,35,0,35,-2.6669457998835684
Hyderabad,1990-2004,deployment,shipped,2004,30,0,0,0,0,0,-2.6669457998835684
Hyderabad,1990-2004,deployment,shipped,2004,32,0,0,0,0,0,-2.6669457998835684
Hyderabad,1990-2004,deployment,candidate,1991,28,44,55,11,11,0,0.313289180042212
Hyderabad,1990-2004,deployment,candidate,1991,30,0,5,5,5,0,0.313289180042212
Hyderabad,1990-2004,deployment,candidate,1991,32,0,0,0,0,0,0.313289180042212
Hyderabad,1990-2004,deployment,candidate,1992,28,38,58,20,22,2,0.322701094750765
Hyderabad,1990-2004,deployment,candidate,1992,30,0,4,4,4,0,0.322701094750765
Hyderabad,1990-2004,deployment,candidate,1992,32,0,0,0,0,0,0.322701094750765
Hyderabad,1990-2004,deployment,candidate,1993,28,45,66,21,23,2,0.3168779573896188
Hyderabad,1990-2004,deployment,candidate,1993,30,1,6,5,5,0,0.3168779573896188
Hyderabad,1990-2004,deployment,candidate,1993,32,0,0,0,0,0,0.3168779573896188
Hyderabad,1990-2004,deployment,candidate,1994,28,29,53,24,24,0,0.28048750179210996
Hyderabad,1990-2004,deployment,candidate,1994,30,0,6,6,6,0,0.28048750179210996
Hyderabad,1990-2004,deployment,candidate,1994,32,0,0,0,0,0,0.28048750179210996
Hyderabad,1990-2004,deployment,candidate,1995,28,29,53,24,24,0,0.2891063837287688
Hyderabad,1990-2004,deployment,candidate,1995,30,0,6,6,6,0,0.2891063837287688
Hyderabad,1990-2004,deployment,candidate,1995,32,0,0,0,0,0,0.2891063837287688
Hyderabad,1990-2004,deployment,candidate,1996,28,35,50,15,15,0,0.2584033781287276
Hyderabad,1990-2004,deployment,candidate,1996,30,0,6,6,6,0,0.2584033781287276
Hyderabad,1990-2004,deployment,candidate,1996,32,0,0,0,0,0,0.2584033781287276
Hyderabad,1990-2004,deployment,candidate,1997,28,30,36,6,7,1,0.2868878998525
Hyderabad,1990-2004,deployment,candidate,1997,30,0,0,0,0,0,0.2868878998525
Hyderabad,1990-2004,deployment,candidate,1997,32,0,0,0,0,0,0.2868878998525
Hyderabad,1990-2004,deployment,candidate,1998,28,69,87,18,21,3,0.26228750178145066
Hyderabad,1990-2004,deployment,candidate,1998,30,4,13,9,9,0,0.26228750178145066
Hyderabad,1990-2004,deployment,candidate,1998,32,0,0,0,0,0,0.26228750178145066
Hyderabad,1990-2004,deployment,candidate,1999,28,37,49,12,13,1,0.23602115240122196
Hyderabad,1990-2004,deployment,candidate,1999,30,1,2,1,2,1,0.23602115240122196
Hyderabad,1990-2004,deployment,candidate,1999,32,0,0,0,0,0,0.23602115240122196
Hyderabad,1990-2004,deployment,candidate,2000,28,38,55,17,18,1,0.28560464681042075
Hyderabad,1990-2004,deployment,candidate,2000,30,0,2,2,2,0,0.28560464681042075
Hyderabad,1990-2004,deployment,candidate,2000,32,0,0,0,0,0,0.28560464681042075
Hyderabad,1990-2004,deployment,candidate,2001,28,34,54,20,21,1,0.3126783415361654
Hyderabad,1990-2004,deployment,candidate,2001,30,0,3,3,3,0,0.3126783415361654
Hyderabad,1990-2004,deployment,candidate,2001,32,0,0,0,0,0,0.3126783415361654
Hyderabad,1990-2004,deployment,candidate,2002,28,51,74,23,24,1,0.34465257470538607
Hyderabad,1990-2004,deployment,candidate,2002,30,2,9,7,7,0,0.34465257470538607
Hyderabad,1990-2004,deployment,candidate,2002,32,0,0,0,0,0,0.34465257470538607
Hyderabad,1990-2004,deployment,candidate,2003,28,57,69,12,13,1,0.24928040909296703
Hyderabad,1990-2004,deployment,candidate,2003,30,0,1,1,1,0,0.24928040909296703
Hyderabad,1990-2004,deployment,candidate,2003,32,0,0,0,0,0,0.24928040909296703
Hyderabad,1990-2004,deployment,candidate,2004,28,35,57,22,22,0,0.3769370836287225
Hyderabad,1990-2004,deployment,candidate,2004,30,0,4,4,4,0,0.3769370836287225
Hyderabad,1990-2004,deployment,candidate,2004,32,0,0,0,0,0,0.3769370836287225
Hyderabad,1990-2004,deployment,hourly_stull,1991,28,44,44,0,0,0,-0.054401324659558825
Hyderabad,1990-2004,deployment,hourly_stull,1991,30,0,0,0,0,0,-0.054401324659558825
Hyderabad,1990-2004,deployment,hourly_stull,1991,32,0,0,0,0,0,-0.054401324659558825
Hyderabad,1990-2004,deployment,hourly_stull,1992,28,38,37,1,0,1,-0.07650144307236403
Hyderabad,1990-2004,deployment,hourly_stull,1992,30,0,0,0,0,0,-0.07650144307236403
Hyderabad,1990-2004,deployment,hourly_stull,1992,32,0,0,0,0,0,-0.07650144307236403
Hyderabad,1990-2004,deployment,hourly_stull,1993,28,45,43,2,0,2,-0.07588653260794787
Hyderabad,1990-2004,deployment,hourly_stull,1993,30,1,2,1,1,0,-0.07588653260794787
Hyderabad,1990-2004,deployment,hourly_stull,1993,32,0,0,0,0,0,-0.07588653260794787
Hyderabad,1990-2004,deployment,hourly_stull,1994,28,29,29,0,1,1,-0.07003237882976786
Hyderabad,1990-2004,deployment,hourly_stull,1994,30,0,0,0,0,0,-0.07003237882976786
Hyderabad,1990-2004,deployment,hourly_stull,1994,32,0,0,0,0,0,-0.07003237882976786
Hyderabad,1990-2004,deployment,hourly_stull,1995,28,29,28,1,0,1,-0.06521193903899147
Hyderabad,1990-2004,deployment,hourly_stull,1995,30,0,1,1,1,0,-0.06521193903899147
Hyderabad,1990-2004,deployment,hourly_stull,1995,32,0,0,0,0,0,-0.06521193903899147
Hyderabad,1990-2004,deployment,hourly_stull,1996,28,35,34,1,1,2,-0.07779178699970712
Hyderabad,1990-2004,deployment,hourly_stull,1996,30,0,0,0,0,0,-0.07779178699970712
Hyderabad,1990-2004,deployment,hourly_stull,1996,32,0,0,0,0,0,-0.07779178699970712
Hyderabad,1990-2004,deployment,hourly_stull,1997,28,30,29,1,0,1,-0.06845180526671257
Hyderabad,1990-2004,deployment,hourly_stull,1997,30,0,0,0,0,0,-0.06845180526671257
Hyderabad,1990-2004,deployment,hourly_stull,1997,32,0,0,0,0,0,-0.06845180526671257
Hyderabad,1990-2004,deployment,hourly_stull,1998,28,69,68,1,0,1,-0.04844054353429222
Hyderabad,1990-2004,deployment,hourly_stull,1998,30,4,4,0,0,0,-0.04844054353429222
Hyderabad,1990-2004,deployment,hourly_stull,1998,32,0,0,0,0,0,-0.04844054353429222
Hyderabad,1990-2004,deployment,hourly_stull,1999,28,37,37,0,0,0,-0.07846316839160164
Hyderabad,1990-2004,deployment,hourly_stull,1999,30,1,1,0,0,0,-0.07846316839160164
Hyderabad,1990-2004,deployment,hourly_stull,1999,32,0,0,0,0,0,-0.07846316839160164
Hyderabad,1990-2004,deployment,hourly_stull,2000,28,38,38,0,2,2,-0.07007177740191535
Hyderabad,1990-2004,deployment,hourly_stull,2000,30,0,0,0,0,0,-0.07007177740191535
Hyderabad,1990-2004,deployment,hourly_stull,2000,32,0,0,0,0,0,-0.07007177740191535
Hyderabad,1990-2004,deployment,hourly_stull,2001,28,34,35,1,1,0,-0.07200512564817849
Hyderabad,1990-2004,deployment,hourly_stull,2001,30,0,0,0,0,0,-0.07200512564817849
Hyderabad,1990-2004,deployment,hourly_stull,2001,32,0,0,0,0,0,-0.07200512564817849
Hyderabad,1990-2004,deployment,hourly_stull,2002,28,51,52,1,1,0,-0.05202515780295388
Hyderabad,1990-2004,deployment,hourly_stull,2002,30,2,2,0,0,0,-0.05202515780295388
Hyderabad,1990-2004,deployment,hourly_stull,2002,32,0,0,0,0,0,-0.05202515780295388
Hyderabad,1990-2004,deployment,hourly_stull,2003,28,57,58,1,2,1,-0.06452070934486834
Hyderabad,1990-2004,deployment,hourly_stull,2003,30,0,1,1,1,0,-0.06452070934486834
Hyderabad,1990-2004,deployment,hourly_stull,2003,32,0,0,0,0,0,-0.06452070934486834
Hyderabad,1990-2004,deployment,hourly_stull,2004,28,35,34,1,0,1,-0.07035292600482618
Hyderabad,1990-2004,deployment,hourly_stull,2004,30,0,1,1,1,0,-0.07035292600482618
Hyderabad,1990-2004,deployment,hourly_stull,2004,32,0,0,0,0,0,-0.07035292600482618
Hyderabad,1990-2004,deployment,bernard,1991,28,44,44,0,0,0,0.0
Hyderabad,1990-2004,deployment,bernard,1991,30,0,0,0,0,0,0.0
Hyderabad,1990-2004,deployment,bernard,1991,32,0,0,0,0,0,0.0
Hyderabad,1990-2004,deployment,bernard,1992,28,38,38,0,0,0,0.0
Hyderabad,1990-2004,deployment,bernard,1992,30,0,0,0,0,0,0.0
Hyderabad,1990-2004,deployment,bernard,1992,32,0,0,0,0,0,0.0
Hyderabad,1990-2004,deployment,bernard,1993,28,45,45,0,0,0,0.0
Hyderabad,1990-2004,deployment,bernard,1993,30,1,1,0,0,0,0.0
Hyderabad,1990-2004,deployment,bernard,1993,32,0,0,0,0,0,0.0
Hyderabad,1990-2004,deployment,bernard,1994,28,29,29,0,0,0,0.0
Hyderabad,1990-2004,deployment,bernard,1994,30,0,0,0,0,0,0.0
Hyderabad,1990-2004,deployment,bernard,1994,32,0,0,0,0,0,0.0
Hyderabad,1990-2004,deployment,bernard,1995,28,29,29,0,0,0,0.0
Hyderabad,1990-2004,deployment,bernard,1995,30,0,0,0,0,0,0.0
Hyderabad,1990-2004,deployment,bernard,1995,32,0,0,0,0,0,0.0
Hyderabad,1990-2004,deployment,bernard,1996,28,35,35,0,0,0,0.0
Hyderabad,1990-2004,deployment,bernard,1996,30,0,0,0,0,0,0.0
Hyderabad,1990-2004,deployment,bernard,1996,32,0,0,0,0,0,0.0
Hyderabad,1990-2004,deployment,bernard,1997,28,30,30,0,0,0,0.0
Hyderabad,1990-2004,deployment,bernard,1997,30,0,0,0,0,0,0.0
Hyderabad,1990-2004,deployment,bernard,1997,32,0,0,0,0,0,0.0
Hyderabad,1990-2004,deployment,bernard,1998,28,69,69,0,0,0,0.0
Hyderabad,1990-2004,deployment,bernard,1998,30,4,4,0,0,0,0.0
Hyderabad,1990-2004,deployment,bernard,1998,32,0,0,0,0,0,0.0
Hyderabad,1990-2004,deployment,bernard,1999,28,37,37,0,0,0,0.0
Hyderabad,1990-2004,deployment,bernard,1999,30,1,1,0,0,0,0.0
Hyderabad,1990-2004,deployment,bernard,1999,32,0,0,0,0,0,0.0
Hyderabad,1990-2004,deployment,bernard,2000,28,38,38,0,0,0,0.0
Hyderabad,1990-2004,deployment,bernard,2000,30,0,0,0,0,0,0.0
Hyderabad,1990-2004,deployment,bernard,2000,32,0,0,0,0,0,0.0
Hyderabad,1990-2004,deployment,bernard,2001,28,34,34,0,0,0,0.0
Hyderabad,1990-2004,deployment,bernard,2001,30,0,0,0,0,0,0.0
Hyderabad,1990-2004,deployment,bernard,2001,32,0,0,0,0,0,0.0
Hyderabad,1990-2004,deployment,bernard,2002,28,51,51,0,0,0,0.0
Hyderabad,1990-2004,deployment,bernard,2002,30,2,2,0,0,0,0.0
Hyderabad,1990-2004,deployment,bernard,2002,32,0,0,0,0,0,0.0
Hyderabad,1990-2004,deployment,bernard,2003,28,57,57,0,0,0,0.0
Hyderabad,1990-2004,deployment,bernard,2003,30,0,0,0,0,0,0.0
Hyderabad,1990-2004,deployment,bernard,2003,32,0,0,0,0,0,0.0
Hyderabad,1990-2004,deployment,bernard,2004,28,35,35,0,0,0,0.0
Hyderabad,1990-2004,deployment,bernard,2004,30,0,0,0,0,0,0.0
Hyderabad,1990-2004,deployment,bernard,2004,32,0,0,0,0,0,0.0
Shimla,1990-2004,reproduction,shipped,1990,28,0,0,0,0,0,-3.6951465561762378
Shimla,1990-2004,reproduction,shipped,1990,30,0,0,0,0,0,-3.6951465561762378
Shimla,1990-2004,reproduction,shipped,1990,32,0,0,0,0,0,-3.6951465561762378
Shimla,1990-2004,reproduction,shipped,1991,28,0,0,0,0,0,-3.769701571744863
Shimla,1990-2004,reproduction,shipped,1991,30,0,0,0,0,0,-3.769701571744863
Shimla,1990-2004,reproduction,shipped,1991,32,0,0,0,0,0,-3.769701571744863
Shimla,1990-2004,reproduction,shipped,1992,28,0,0,0,0,0,-3.7006562722710665
Shimla,1990-2004,reproduction,shipped,1992,30,0,0,0,0,0,-3.7006562722710665
Shimla,1990-2004,reproduction,shipped,1992,32,0,0,0,0,0,-3.7006562722710665
Shimla,1990-2004,reproduction,shipped,1993,28,0,0,0,0,0,-3.7616589460863956
Shimla,1990-2004,reproduction,shipped,1993,30,0,0,0,0,0,-3.7616589460863956
Shimla,1990-2004,reproduction,shipped,1993,32,0,0,0,0,0,-3.7616589460863956
Shimla,1990-2004,reproduction,shipped,1994,28,0,0,0,0,0,-3.6580138773816953
Shimla,1990-2004,reproduction,shipped,1994,30,0,0,0,0,0,-3.6580138773816953
Shimla,1990-2004,reproduction,shipped,1994,32,0,0,0,0,0,-3.6580138773816953
Shimla,1990-2004,reproduction,shipped,1995,28,0,0,0,0,0,-3.6204437861175918
Shimla,1990-2004,reproduction,shipped,1995,30,0,0,0,0,0,-3.6204437861175918
Shimla,1990-2004,reproduction,shipped,1995,32,0,0,0,0,0,-3.6204437861175918
Shimla,1990-2004,reproduction,shipped,1996,28,0,0,0,0,0,-3.8214998281918136
Shimla,1990-2004,reproduction,shipped,1996,30,0,0,0,0,0,-3.8214998281918136
Shimla,1990-2004,reproduction,shipped,1996,32,0,0,0,0,0,-3.8214998281918136
Shimla,1990-2004,reproduction,shipped,1997,28,0,0,0,0,0,-3.6371868987636216
Shimla,1990-2004,reproduction,shipped,1997,30,0,0,0,0,0,-3.6371868987636216
Shimla,1990-2004,reproduction,shipped,1997,32,0,0,0,0,0,-3.6371868987636216
Shimla,1990-2004,reproduction,shipped,1998,28,0,0,0,0,0,-3.7308753390334646
Shimla,1990-2004,reproduction,shipped,1998,30,0,0,0,0,0,-3.7308753390334646
Shimla,1990-2004,reproduction,shipped,1998,32,0,0,0,0,0,-3.7308753390334646
Shimla,1990-2004,reproduction,shipped,1999,28,0,0,0,0,0,-3.7657003250459438
Shimla,1990-2004,reproduction,shipped,1999,30,0,0,0,0,0,-3.7657003250459438
Shimla,1990-2004,reproduction,shipped,1999,32,0,0,0,0,0,-3.7657003250459438
Shimla,1990-2004,reproduction,shipped,2000,28,0,0,0,0,0,-3.74222288666532
Shimla,1990-2004,reproduction,shipped,2000,30,0,0,0,0,0,-3.74222288666532
Shimla,1990-2004,reproduction,shipped,2000,32,0,0,0,0,0,-3.74222288666532
Shimla,1990-2004,reproduction,shipped,2001,28,0,0,0,0,0,-3.8984467741779167
Shimla,1990-2004,reproduction,shipped,2001,30,0,0,0,0,0,-3.8984467741779167
Shimla,1990-2004,reproduction,shipped,2001,32,0,0,0,0,0,-3.8984467741779167
Shimla,1990-2004,reproduction,shipped,2002,28,0,0,0,0,0,-3.730588331023118
Shimla,1990-2004,reproduction,shipped,2002,30,0,0,0,0,0,-3.730588331023118
Shimla,1990-2004,reproduction,shipped,2002,32,0,0,0,0,0,-3.730588331023118
Shimla,1990-2004,reproduction,shipped,2003,28,0,0,0,0,0,-3.741040423291017
Shimla,1990-2004,reproduction,shipped,2003,30,0,0,0,0,0,-3.741040423291017
Shimla,1990-2004,reproduction,shipped,2003,32,0,0,0,0,0,-3.741040423291017
Shimla,1990-2004,reproduction,shipped,2004,28,0,0,0,0,0,-3.673168799688724
Shimla,1990-2004,reproduction,shipped,2004,30,0,0,0,0,0,-3.673168799688724
Shimla,1990-2004,reproduction,shipped,2004,32,0,0,0,0,0,-3.673168799688724
Shimla,1990-2004,reproduction,candidate,1990,28,0,0,0,0,0,-0.4712189067196473
Shimla,1990-2004,reproduction,candidate,1990,30,0,0,0,0,0,-0.4712189067196473
Shimla,1990-2004,reproduction,candidate,1990,32,0,0,0,0,0,-0.4712189067196473
Shimla,1990-2004,reproduction,candidate,1991,28,0,0,0,0,0,-0.38077517311869713
Shimla,1990-2004,reproduction,candidate,1991,30,0,0,0,0,0,-0.38077517311869713
Shimla,1990-2004,reproduction,candidate,1991,32,0,0,0,0,0,-0.38077517311869713
Shimla,1990-2004,reproduction,candidate,1992,28,0,0,0,0,0,-0.2792305803470146
Shimla,1990-2004,reproduction,candidate,1992,30,0,0,0,0,0,-0.2792305803470146
Shimla,1990-2004,reproduction,candidate,1992,32,0,0,0,0,0,-0.2792305803470146
Shimla,1990-2004,reproduction,candidate,1993,28,0,0,0,0,0,-0.30521580532991965
Shimla,1990-2004,reproduction,candidate,1993,30,0,0,0,0,0,-0.30521580532991965
Shimla,1990-2004,reproduction,candidate,1993,32,0,0,0,0,0,-0.30521580532991965
Shimla,1990-2004,reproduction,candidate,1994,28,0,0,0,0,0,-0.3541926429383502
Shimla,1990-2004,reproduction,candidate,1994,30,0,0,0,0,0,-0.3541926429383502
Shimla,1990-2004,reproduction,candidate,1994,32,0,0,0,0,0,-0.3541926429383502
Shimla,1990-2004,reproduction,candidate,1995,28,0,0,0,0,0,-0.38974808825096907
Shimla,1990-2004,reproduction,candidate,1995,30,0,0,0,0,0,-0.38974808825096907
Shimla,1990-2004,reproduction,candidate,1995,32,0,0,0,0,0,-0.38974808825096907
Shimla,1990-2004,reproduction,candidate,1996,28,0,0,0,0,0,-0.39330707418050287
Shimla,1990-2004,reproduction,candidate,1996,30,0,0,0,0,0,-0.39330707418050287
Shimla,1990-2004,reproduction,candidate,1996,32,0,0,0,0,0,-0.39330707418050287
Shimla,1990-2004,reproduction,candidate,1997,28,0,0,0,0,0,-0.47922479225524134
Shimla,1990-2004,reproduction,candidate,1997,30,0,0,0,0,0,-0.47922479225524134
Shimla,1990-2004,reproduction,candidate,1997,32,0,0,0,0,0,-0.47922479225524134
Shimla,1990-2004,reproduction,candidate,1998,28,0,0,0,0,0,-0.4360128008852708
Shimla,1990-2004,reproduction,candidate,1998,30,0,0,0,0,0,-0.4360128008852708
Shimla,1990-2004,reproduction,candidate,1998,32,0,0,0,0,0,-0.4360128008852708
Shimla,1990-2004,reproduction,candidate,1999,28,0,0,0,0,0,-0.3723549524169292
Shimla,1990-2004,reproduction,candidate,1999,30,0,0,0,0,0,-0.3723549524169292
Shimla,1990-2004,reproduction,candidate,1999,32,0,0,0,0,0,-0.3723549524169292
Shimla,1990-2004,reproduction,candidate,2000,28,0,0,0,0,0,-0.3865414587421715
Shimla,1990-2004,reproduction,candidate,2000,30,0,0,0,0,0,-0.3865414587421715
Shimla,1990-2004,reproduction,candidate,2000,32,0,0,0,0,0,-0.3865414587421715
Shimla,1990-2004,reproduction,candidate,2001,28,0,0,0,0,0,-0.44180154377504083
Shimla,1990-2004,reproduction,candidate,2001,30,0,0,0,0,0,-0.44180154377504083
Shimla,1990-2004,reproduction,candidate,2001,32,0,0,0,0,0,-0.44180154377504083
Shimla,1990-2004,reproduction,candidate,2002,28,0,0,0,0,0,-0.4326940043724857
Shimla,1990-2004,reproduction,candidate,2002,30,0,0,0,0,0,-0.4326940043724857
Shimla,1990-2004,reproduction,candidate,2002,32,0,0,0,0,0,-0.4326940043724857
Shimla,1990-2004,reproduction,candidate,2003,28,0,0,0,0,0,-0.4355768157876046
Shimla,1990-2004,reproduction,candidate,2003,30,0,0,0,0,0,-0.4355768157876046
Shimla,1990-2004,reproduction,candidate,2003,32,0,0,0,0,0,-0.4355768157876046
Shimla,1990-2004,reproduction,candidate,2004,28,0,0,0,0,0,-0.40253979940597706
Shimla,1990-2004,reproduction,candidate,2004,30,0,0,0,0,0,-0.40253979940597706
Shimla,1990-2004,reproduction,candidate,2004,32,0,0,0,0,0,-0.40253979940597706
Shimla,1990-2004,reproduction,hourly_stull,1990,28,0,0,0,0,0,-0.25752631165049994
Shimla,1990-2004,reproduction,hourly_stull,1990,30,0,0,0,0,0,-0.25752631165049994
Shimla,1990-2004,reproduction,hourly_stull,1990,32,0,0,0,0,0,-0.25752631165049994
Shimla,1990-2004,reproduction,hourly_stull,1991,28,0,0,0,0,0,-0.2661066066681807
Shimla,1990-2004,reproduction,hourly_stull,1991,30,0,0,0,0,0,-0.2661066066681807
Shimla,1990-2004,reproduction,hourly_stull,1991,32,0,0,0,0,0,-0.2661066066681807
Shimla,1990-2004,reproduction,hourly_stull,1992,28,0,0,0,0,0,-0.26987464098941694
Shimla,1990-2004,reproduction,hourly_stull,1992,30,0,0,0,0,0,-0.26987464098941694
Shimla,1990-2004,reproduction,hourly_stull,1992,32,0,0,0,0,0,-0.26987464098941694
Shimla,1990-2004,reproduction,hourly_stull,1993,28,0,0,0,0,0,-0.2633281628939451
Shimla,1990-2004,reproduction,hourly_stull,1993,30,0,0,0,0,0,-0.2633281628939451
Shimla,1990-2004,reproduction,hourly_stull,1993,32,0,0,0,0,0,-0.2633281628939451
Shimla,1990-2004,reproduction,hourly_stull,1994,28,0,0,0,0,0,-0.256297724974352
Shimla,1990-2004,reproduction,hourly_stull,1994,30,0,0,0,0,0,-0.256297724974352
Shimla,1990-2004,reproduction,hourly_stull,1994,32,0,0,0,0,0,-0.256297724974352
Shimla,1990-2004,reproduction,hourly_stull,1995,28,0,0,0,0,0,-0.268596875515521
Shimla,1990-2004,reproduction,hourly_stull,1995,30,0,0,0,0,0,-0.268596875515521
Shimla,1990-2004,reproduction,hourly_stull,1995,32,0,0,0,0,0,-0.268596875515521
Shimla,1990-2004,reproduction,hourly_stull,1996,28,0,0,0,0,0,-0.2578417863194352
Shimla,1990-2004,reproduction,hourly_stull,1996,30,0,0,0,0,0,-0.2578417863194352
Shimla,1990-2004,reproduction,hourly_stull,1996,32,0,0,0,0,0,-0.2578417863194352
Shimla,1990-2004,reproduction,hourly_stull,1997,28,0,0,0,0,0,-0.27433346878317777
Shimla,1990-2004,reproduction,hourly_stull,1997,30,0,0,0,0,0,-0.27433346878317777
Shimla,1990-2004,reproduction,hourly_stull,1997,32,0,0,0,0,0,-0.27433346878317777
Shimla,1990-2004,reproduction,hourly_stull,1998,28,0,0,0,0,0,-0.2517080406615073
Shimla,1990-2004,reproduction,hourly_stull,1998,30,0,0,0,0,0,-0.2517080406615073
Shimla,1990-2004,reproduction,hourly_stull,1998,32,0,0,0,0,0,-0.2517080406615073
Shimla,1990-2004,reproduction,hourly_stull,1999,28,0,0,0,0,0,-0.2703560470007046
Shimla,1990-2004,reproduction,hourly_stull,1999,30,0,0,0,0,0,-0.2703560470007046
Shimla,1990-2004,reproduction,hourly_stull,1999,32,0,0,0,0,0,-0.2703560470007046
Shimla,1990-2004,reproduction,hourly_stull,2000,28,0,0,0,0,0,-0.26049650609187147
Shimla,1990-2004,reproduction,hourly_stull,2000,30,0,0,0,0,0,-0.26049650609187147
Shimla,1990-2004,reproduction,hourly_stull,2000,32,0,0,0,0,0,-0.26049650609187147
Shimla,1990-2004,reproduction,hourly_stull,2001,28,0,0,0,0,0,-0.2516672920488279
Shimla,1990-2004,reproduction,hourly_stull,2001,30,0,0,0,0,0,-0.2516672920488279
Shimla,1990-2004,reproduction,hourly_stull,2001,32,0,0,0,0,0,-0.2516672920488279
Shimla,1990-2004,reproduction,hourly_stull,2002,28,0,0,0,0,0,-0.25952894143047556
Shimla,1990-2004,reproduction,hourly_stull,2002,30,0,0,0,0,0,-0.25952894143047556
Shimla,1990-2004,reproduction,hourly_stull,2002,32,0,0,0,0,0,-0.25952894143047556
Shimla,1990-2004,reproduction,hourly_stull,2003,28,0,0,0,0,0,-0.25976937520320476
Shimla,1990-2004,reproduction,hourly_stull,2003,30,0,0,0,0,0,-0.25976937520320476
Shimla,1990-2004,reproduction,hourly_stull,2003,32,0,0,0,0,0,-0.25976937520320476
Shimla,1990-2004,reproduction,hourly_stull,2004,28,0,0,0,0,0,-0.2595515642928063
Shimla,1990-2004,reproduction,hourly_stull,2004,30,0,0,0,0,0,-0.2595515642928063
Shimla,1990-2004,reproduction,hourly_stull,2004,32,0,0,0,0,0,-0.2595515642928063
Shimla,1990-2004,reproduction,bernard,1990,28,0,0,0,0,0,0.0
Shimla,1990-2004,reproduction,bernard,1990,30,0,0,0,0,0,0.0
Shimla,1990-2004,reproduction,bernard,1990,32,0,0,0,0,0,0.0
Shimla,1990-2004,reproduction,bernard,1991,28,0,0,0,0,0,0.0
Shimla,1990-2004,reproduction,bernard,1991,30,0,0,0,0,0,0.0
Shimla,1990-2004,reproduction,bernard,1991,32,0,0,0,0,0,0.0
Shimla,1990-2004,reproduction,bernard,1992,28,0,0,0,0,0,0.0
Shimla,1990-2004,reproduction,bernard,1992,30,0,0,0,0,0,0.0
Shimla,1990-2004,reproduction,bernard,1992,32,0,0,0,0,0,0.0
Shimla,1990-2004,reproduction,bernard,1993,28,0,0,0,0,0,0.0
Shimla,1990-2004,reproduction,bernard,1993,30,0,0,0,0,0,0.0
Shimla,1990-2004,reproduction,bernard,1993,32,0,0,0,0,0,0.0
Shimla,1990-2004,reproduction,bernard,1994,28,0,0,0,0,0,0.0
Shimla,1990-2004,reproduction,bernard,1994,30,0,0,0,0,0,0.0
Shimla,1990-2004,reproduction,bernard,1994,32,0,0,0,0,0,0.0
Shimla,1990-2004,reproduction,bernard,1995,28,0,0,0,0,0,0.0
Shimla,1990-2004,reproduction,bernard,1995,30,0,0,0,0,0,0.0
Shimla,1990-2004,reproduction,bernard,1995,32,0,0,0,0,0,0.0
Shimla,1990-2004,reproduction,bernard,1996,28,0,0,0,0,0,0.0
Shimla,1990-2004,reproduction,bernard,1996,30,0,0,0,0,0,0.0
Shimla,1990-2004,reproduction,bernard,1996,32,0,0,0,0,0,0.0
Shimla,1990-2004,reproduction,bernard,1997,28,0,0,0,0,0,0.0
Shimla,1990-2004,reproduction,bernard,1997,30,0,0,0,0,0,0.0
Shimla,1990-2004,reproduction,bernard,1997,32,0,0,0,0,0,0.0
Shimla,1990-2004,reproduction,bernard,1998,28,0,0,0,0,0,0.0
Shimla,1990-2004,reproduction,bernard,1998,30,0,0,0,0,0,0.0
Shimla,1990-2004,reproduction,bernard,1998,32,0,0,0,0,0,0.0
Shimla,1990-2004,reproduction,bernard,1999,28,0,0,0,0,0,0.0
Shimla,1990-2004,reproduction,bernard,1999,30,0,0,0,0,0,0.0
Shimla,1990-2004,reproduction,bernard,1999,32,0,0,0,0,0,0.0
Shimla,1990-2004,reproduction,bernard,2000,28,0,0,0,0,0,0.0
Shimla,1990-2004,reproduction,bernard,2000,30,0,0,0,0,0,0.0
Shimla,1990-2004,reproduction,bernard,2000,32,0,0,0,0,0,0.0
Shimla,1990-2004,reproduction,bernard,2001,28,0,0,0,0,0,0.0
Shimla,1990-2004,reproduction,bernard,2001,30,0,0,0,0,0,0.0
Shimla,1990-2004,reproduction,bernard,2001,32,0,0,0,0,0,0.0
Shimla,1990-2004,reproduction,bernard,2002,28,0,0,0,0,0,0.0
Shimla,1990-2004,reproduction,bernard,2002,30,0,0,0,0,0,0.0
Shimla,1990-2004,reproduction,bernard,2002,32,0,0,0,0,0,0.0
Shimla,1990-2004,reproduction,bernard,2003,28,0,0,0,0,0,0.0
Shimla,1990-2004,reproduction,bernard,2003,30,0,0,0,0,0,0.0
Shimla,1990-2004,reproduction,bernard,2003,32,0,0,0,0,0,0.0
Shimla,1990-2004,reproduction,bernard,2004,28,0,0,0,0,0,0.0
Shimla,1990-2004,reproduction,bernard,2004,30,0,0,0,0,0,0.0
Shimla,1990-2004,reproduction,bernard,2004,32,0,0,0,0,0,0.0
Shimla,1990-2004,deployment,shipped,1991,28,0,0,0,0,0,-3.769701571744863
Shimla,1990-2004,deployment,shipped,1991,30,0,0,0,0,0,-3.769701571744863
Shimla,1990-2004,deployment,shipped,1991,32,0,0,0,0,0,-3.769701571744863
Shimla,1990-2004,deployment,shipped,1992,28,0,0,0,0,0,-3.698559838609286
Shimla,1990-2004,deployment,shipped,1992,30,0,0,0,0,0,-3.698559838609286
Shimla,1990-2004,deployment,shipped,1992,32,0,0,0,0,0,-3.698559838609286
Shimla,1990-2004,deployment,shipped,1993,28,0,0,0,0,0,-3.7616589460863956
Shimla,1990-2004,deployment,shipped,1993,30,0,0,0,0,0,-3.7616589460863956
Shimla,1990-2004,deployment,shipped,1993,32,0,0,0,0,0,-3.7616589460863956
Shimla,1990-2004,deployment,shipped,1994,28,0,0,0,0,0,-3.6580138773816953
Shimla,1990-2004,deployment,shipped,1994,30,0,0,0,0,0,-3.6580138773816953
Shimla,1990-2004,deployment,shipped,1994,32,0,0,0,0,0,-3.6580138773816953
Shimla,1990-2004,deployment,shipped,1995,28,0,0,0,0,0,-3.6204437861175918
Shimla,1990-2004,deployment,shipped,1995,30,0,0,0,0,0,-3.6204437861175918
Shimla,1990-2004,deployment,shipped,1995,32,0,0,0,0,0,-3.6204437861175918
Shimla,1990-2004,deployment,shipped,1996,28,0,0,0,0,0,-3.817217495133661
Shimla,1990-2004,deployment,shipped,1996,30,0,0,0,0,0,-3.817217495133661
Shimla,1990-2004,deployment,shipped,1996,32,0,0,0,0,0,-3.817217495133661
Shimla,1990-2004,deployment,shipped,1997,28,0,0,0,0,0,-3.6371868987636216
Shimla,1990-2004,deployment,shipped,1997,30,0,0,0,0,0,-3.6371868987636216
Shimla,1990-2004,deployment,shipped,1997,32,0,0,0,0,0,-3.6371868987636216
Shimla,1990-2004,deployment,shipped,1998,28,0,0,0,0,0,-3.7308753390334646
Shimla,1990-2004,deployment,shipped,1998,30,0,0,0,0,0,-3.7308753390334646
Shimla,1990-2004,deployment,shipped,1998,32,0,0,0,0,0,-3.7308753390334646
Shimla,1990-2004,deployment,shipped,1999,28,0,0,0,0,0,-3.7657003250459438
Shimla,1990-2004,deployment,shipped,1999,30,0,0,0,0,0,-3.7657003250459438
Shimla,1990-2004,deployment,shipped,1999,32,0,0,0,0,0,-3.7657003250459438
Shimla,1990-2004,deployment,shipped,2000,28,0,0,0,0,0,-3.7404392279918217
Shimla,1990-2004,deployment,shipped,2000,30,0,0,0,0,0,-3.7404392279918217
Shimla,1990-2004,deployment,shipped,2000,32,0,0,0,0,0,-3.7404392279918217
Shimla,1990-2004,deployment,shipped,2001,28,0,0,0,0,0,-3.8984467741779167
Shimla,1990-2004,deployment,shipped,2001,30,0,0,0,0,0,-3.8984467741779167
Shimla,1990-2004,deployment,shipped,2001,32,0,0,0,0,0,-3.8984467741779167
Shimla,1990-2004,deployment,shipped,2002,28,0,0,0,0,0,-3.730588331023118
Shimla,1990-2004,deployment,shipped,2002,30,0,0,0,0,0,-3.730588331023118
Shimla,1990-2004,deployment,shipped,2002,32,0,0,0,0,0,-3.730588331023118
Shimla,1990-2004,deployment,shipped,2003,28,0,0,0,0,0,-3.741040423291017
Shimla,1990-2004,deployment,shipped,2003,30,0,0,0,0,0,-3.741040423291017
Shimla,1990-2004,deployment,shipped,2003,32,0,0,0,0,0,-3.741040423291017
Shimla,1990-2004,deployment,shipped,2004,28,0,0,0,0,0,-3.673908939082948
Shimla,1990-2004,deployment,shipped,2004,30,0,0,0,0,0,-3.673908939082948
Shimla,1990-2004,deployment,shipped,2004,32,0,0,0,0,0,-3.673908939082948
Shimla,1990-2004,deployment,candidate,1991,28,0,0,0,0,0,-0.38077517311869713
Shimla,1990-2004,deployment,candidate,1991,30,0,0,0,0,0,-0.38077517311869713
Shimla,1990-2004,deployment,candidate,1991,32,0,0,0,0,0,-0.38077517311869713
Shimla,1990-2004,deployment,candidate,1992,28,0,0,0,0,0,-0.27954269011738436
Shimla,1990-2004,deployment,candidate,1992,30,0,0,0,0,0,-0.27954269011738436
Shimla,1990-2004,deployment,candidate,1992,32,0,0,0,0,0,-0.27954269011738436
Shimla,1990-2004,deployment,candidate,1993,28,0,0,0,0,0,-0.30521580532991965
Shimla,1990-2004,deployment,candidate,1993,30,0,0,0,0,0,-0.30521580532991965
Shimla,1990-2004,deployment,candidate,1993,32,0,0,0,0,0,-0.30521580532991965
Shimla,1990-2004,deployment,candidate,1994,28,0,0,0,0,0,-0.3541926429383502
Shimla,1990-2004,deployment,candidate,1994,30,0,0,0,0,0,-0.3541926429383502
Shimla,1990-2004,deployment,candidate,1994,32,0,0,0,0,0,-0.3541926429383502
Shimla,1990-2004,deployment,candidate,1995,28,0,0,0,0,0,-0.38974808825096907
Shimla,1990-2004,deployment,candidate,1995,30,0,0,0,0,0,-0.38974808825096907
Shimla,1990-2004,deployment,candidate,1995,32,0,0,0,0,0,-0.38974808825096907
Shimla,1990-2004,deployment,candidate,1996,28,0,0,0,0,0,-0.3934824479386352
Shimla,1990-2004,deployment,candidate,1996,30,0,0,0,0,0,-0.3934824479386352
Shimla,1990-2004,deployment,candidate,1996,32,0,0,0,0,0,-0.3934824479386352
Shimla,1990-2004,deployment,candidate,1997,28,0,0,0,0,0,-0.47922479225524134
Shimla,1990-2004,deployment,candidate,1997,30,0,0,0,0,0,-0.47922479225524134
Shimla,1990-2004,deployment,candidate,1997,32,0,0,0,0,0,-0.47922479225524134
Shimla,1990-2004,deployment,candidate,1998,28,0,0,0,0,0,-0.4360128008852708
Shimla,1990-2004,deployment,candidate,1998,30,0,0,0,0,0,-0.4360128008852708
Shimla,1990-2004,deployment,candidate,1998,32,0,0,0,0,0,-0.4360128008852708
Shimla,1990-2004,deployment,candidate,1999,28,0,0,0,0,0,-0.3723549524169292
Shimla,1990-2004,deployment,candidate,1999,30,0,0,0,0,0,-0.3723549524169292
Shimla,1990-2004,deployment,candidate,1999,32,0,0,0,0,0,-0.3723549524169292
Shimla,1990-2004,deployment,candidate,2000,28,0,0,0,0,0,-0.38654929653404047
Shimla,1990-2004,deployment,candidate,2000,30,0,0,0,0,0,-0.38654929653404047
Shimla,1990-2004,deployment,candidate,2000,32,0,0,0,0,0,-0.38654929653404047
Shimla,1990-2004,deployment,candidate,2001,28,0,0,0,0,0,-0.44180154377504083
Shimla,1990-2004,deployment,candidate,2001,30,0,0,0,0,0,-0.44180154377504083
Shimla,1990-2004,deployment,candidate,2001,32,0,0,0,0,0,-0.44180154377504083
Shimla,1990-2004,deployment,candidate,2002,28,0,0,0,0,0,-0.4326940043724857
Shimla,1990-2004,deployment,candidate,2002,30,0,0,0,0,0,-0.4326940043724857
Shimla,1990-2004,deployment,candidate,2002,32,0,0,0,0,0,-0.4326940043724857
Shimla,1990-2004,deployment,candidate,2003,28,0,0,0,0,0,-0.4355768157876046
Shimla,1990-2004,deployment,candidate,2003,30,0,0,0,0,0,-0.4355768157876046
Shimla,1990-2004,deployment,candidate,2003,32,0,0,0,0,0,-0.4355768157876046
Shimla,1990-2004,deployment,candidate,2004,28,0,0,0,0,0,-0.40473546130560256
Shimla,1990-2004,deployment,candidate,2004,30,0,0,0,0,0,-0.40473546130560256
Shimla,1990-2004,deployment,candidate,2004,32,0,0,0,0,0,-0.40473546130560256
Shimla,1990-2004,deployment,hourly_stull,1991,28,0,0,0,0,0,-0.2661066066681807
Shimla,1990-2004,deployment,hourly_stull,1991,30,0,0,0,0,0,-0.2661066066681807
Shimla,1990-2004,deployment,hourly_stull,1991,32,0,0,0,0,0,-0.2661066066681807
Shimla,1990-2004,deployment,hourly_stull,1992,28,0,0,0,0,0,-0.2697325578425019
Shimla,1990-2004,deployment,hourly_stull,1992,30,0,0,0,0,0,-0.2697325578425019
Shimla,1990-2004,deployment,hourly_stull,1992,32,0,0,0,0,0,-0.2697325578425019
Shimla,1990-2004,deployment,hourly_stull,1993,28,0,0,0,0,0,-0.2633281628939451
Shimla,1990-2004,deployment,hourly_stull,1993,30,0,0,0,0,0,-0.2633281628939451
Shimla,1990-2004,deployment,hourly_stull,1993,32,0,0,0,0,0,-0.2633281628939451
Shimla,1990-2004,deployment,hourly_stull,1994,28,0,0,0,0,0,-0.256297724974352
Shimla,1990-2004,deployment,hourly_stull,1994,30,0,0,0,0,0,-0.256297724974352
Shimla,1990-2004,deployment,hourly_stull,1994,32,0,0,0,0,0,-0.256297724974352
Shimla,1990-2004,deployment,hourly_stull,1995,28,0,0,0,0,0,-0.268596875515521
Shimla,1990-2004,deployment,hourly_stull,1995,30,0,0,0,0,0,-0.268596875515521
Shimla,1990-2004,deployment,hourly_stull,1995,32,0,0,0,0,0,-0.268596875515521
Shimla,1990-2004,deployment,hourly_stull,1996,28,0,0,0,0,0,-0.25776195132271784
Shimla,1990-2004,deployment,hourly_stull,1996,30,0,0,0,0,0,-0.25776195132271784
Shimla,1990-2004,deployment,hourly_stull,1996,32,0,0,0,0,0,-0.25776195132271784
Shimla,1990-2004,deployment,hourly_stull,1997,28,0,0,0,0,0,-0.27433346878317777
Shimla,1990-2004,deployment,hourly_stull,1997,30,0,0,0,0,0,-0.27433346878317777
Shimla,1990-2004,deployment,hourly_stull,1997,32,0,0,0,0,0,-0.27433346878317777
Shimla,1990-2004,deployment,hourly_stull,1998,28,0,0,0,0,0,-0.2517080406615073
Shimla,1990-2004,deployment,hourly_stull,1998,30,0,0,0,0,0,-0.2517080406615073
Shimla,1990-2004,deployment,hourly_stull,1998,32,0,0,0,0,0,-0.2517080406615073
Shimla,1990-2004,deployment,hourly_stull,1999,28,0,0,0,0,0,-0.2703560470007046
Shimla,1990-2004,deployment,hourly_stull,1999,30,0,0,0,0,0,-0.2703560470007046
Shimla,1990-2004,deployment,hourly_stull,1999,32,0,0,0,0,0,-0.2703560470007046
Shimla,1990-2004,deployment,hourly_stull,2000,28,0,0,0,0,0,-0.2603079840218611
Shimla,1990-2004,deployment,hourly_stull,2000,30,0,0,0,0,0,-0.2603079840218611
Shimla,1990-2004,deployment,hourly_stull,2000,32,0,0,0,0,0,-0.2603079840218611
Shimla,1990-2004,deployment,hourly_stull,2001,28,0,0,0,0,0,-0.2516672920488279
Shimla,1990-2004,deployment,hourly_stull,2001,30,0,0,0,0,0,-0.2516672920488279
Shimla,1990-2004,deployment,hourly_stull,2001,32,0,0,0,0,0,-0.2516672920488279
Shimla,1990-2004,deployment,hourly_stull,2002,28,0,0,0,0,0,-0.25952894143047556
Shimla,1990-2004,deployment,hourly_stull,2002,30,0,0,0,0,0,-0.25952894143047556
Shimla,1990-2004,deployment,hourly_stull,2002,32,0,0,0,0,0,-0.25952894143047556
Shimla,1990-2004,deployment,hourly_stull,2003,28,0,0,0,0,0,-0.25976937520320476
Shimla,1990-2004,deployment,hourly_stull,2003,30,0,0,0,0,0,-0.25976937520320476
Shimla,1990-2004,deployment,hourly_stull,2003,32,0,0,0,0,0,-0.25976937520320476
Shimla,1990-2004,deployment,hourly_stull,2004,28,0,0,0,0,0,-0.259193562332708
Shimla,1990-2004,deployment,hourly_stull,2004,30,0,0,0,0,0,-0.259193562332708
Shimla,1990-2004,deployment,hourly_stull,2004,32,0,0,0,0,0,-0.259193562332708
Shimla,1990-2004,deployment,bernard,1991,28,0,0,0,0,0,0.0
Shimla,1990-2004,deployment,bernard,1991,30,0,0,0,0,0,0.0
Shimla,1990-2004,deployment,bernard,1991,32,0,0,0,0,0,0.0
Shimla,1990-2004,deployment,bernard,1992,28,0,0,0,0,0,0.0
Shimla,1990-2004,deployment,bernard,1992,30,0,0,0,0,0,0.0
Shimla,1990-2004,deployment,bernard,1992,32,0,0,0,0,0,0.0
Shimla,1990-2004,deployment,bernard,1993,28,0,0,0,0,0,0.0
Shimla,1990-2004,deployment,bernard,1993,30,0,0,0,0,0,0.0
Shimla,1990-2004,deployment,bernard,1993,32,0,0,0,0,0,0.0
Shimla,1990-2004,deployment,bernard,1994,28,0,0,0,0,0,0.0
Shimla,1990-2004,deployment,bernard,1994,30,0,0,0,0,0,0.0
Shimla,1990-2004,deployment,bernard,1994,32,0,0,0,0,0,0.0
Shimla,1990-2004,deployment,bernard,1995,28,0,0,0,0,0,0.0
Shimla,1990-2004,deployment,bernard,1995,30,0,0,0,0,0,0.0
Shimla,1990-2004,deployment,bernard,1995,32,0,0,0,0,0,0.0
Shimla,1990-2004,deployment,bernard,1996,28,0,0,0,0,0,0.0
Shimla,1990-2004,deployment,bernard,1996,30,0,0,0,0,0,0.0
Shimla,1990-2004,deployment,bernard,1996,32,0,0,0,0,0,0.0
Shimla,1990-2004,deployment,bernard,1997,28,0,0,0,0,0,0.0
Shimla,1990-2004,deployment,bernard,1997,30,0,0,0,0,0,0.0
Shimla,1990-2004,deployment,bernard,1997,32,0,0,0,0,0,0.0
Shimla,1990-2004,deployment,bernard,1998,28,0,0,0,0,0,0.0
Shimla,1990-2004,deployment,bernard,1998,30,0,0,0,0,0,0.0
Shimla,1990-2004,deployment,bernard,1998,32,0,0,0,0,0,0.0
Shimla,1990-2004,deployment,bernard,1999,28,0,0,0,0,0,0.0
Shimla,1990-2004,deployment,bernard,1999,30,0,0,0,0,0,0.0
Shimla,1990-2004,deployment,bernard,1999,32,0,0,0,0,0,0.0
Shimla,1990-2004,deployment,bernard,2000,28,0,0,0,0,0,0.0
Shimla,1990-2004,deployment,bernard,2000,30,0,0,0,0,0,0.0
Shimla,1990-2004,deployment,bernard,2000,32,0,0,0,0,0,0.0
Shimla,1990-2004,deployment,bernard,2001,28,0,0,0,0,0,0.0
Shimla,1990-2004,deployment,bernard,2001,30,0,0,0,0,0,0.0
Shimla,1990-2004,deployment,bernard,2001,32,0,0,0,0,0,0.0
Shimla,1990-2004,deployment,bernard,2002,28,0,0,0,0,0,0.0
Shimla,1990-2004,deployment,bernard,2002,30,0,0,0,0,0,0.0
Shimla,1990-2004,deployment,bernard,2002,32,0,0,0,0,0,0.0
Shimla,1990-2004,deployment,bernard,2003,28,0,0,0,0,0,0.0
Shimla,1990-2004,deployment,bernard,2003,30,0,0,0,0,0,0.0
Shimla,1990-2004,deployment,bernard,2003,32,0,0,0,0,0,0.0
Shimla,1990-2004,deployment,bernard,2004,28,0,0,0,0,0,0.0
Shimla,1990-2004,deployment,bernard,2004,30,0,0,0,0,0,0.0
Shimla,1990-2004,deployment,bernard,2004,32,0,0,0,0,0,0.0
