city,year,date,carbonplan_wbgt_c
Kochi,2005,2005-01-01,31.13318301903705
Kochi,2005,2005-01-02,30.36177663293532
Kochi,2005,2005-01-03,29.733911575507918
Kochi,2005,2005-01-04,28.57425138243214
Kochi,2005,2005-01-05,30.216667442505884
Kochi,2005,2005-01-06,30.987568161055194
Kochi,2005,2005-01-07,30.4270237404539
Kochi,2005,2005-01-08,29.55804432219285
Kochi,2005,2005-01-09,29.05503303918769
Kochi,2005,2005-01-10,27.908178571408598
Kochi,2005,2005-01-11,29.51878089493956
Kochi,2005,2005-01-12,28.362355595459803
Kochi,2005,2005-01-13,28.89928282497771
Kochi,2005,2005-01-14,30.15774834036998
Kochi,2005,2005-01-15,30.68299594361526
Kochi,2005,2005-01-16,29.596630630006565
Kochi,2005,2005-01-17,30.07828036298853
Kochi,2005,2005-01-18,31.09025365533982
Kochi,2005,2005-01-19,30.21920424540793
Kochi,2005,2005-01-20,29.73230096843799
Kochi,2005,2005-01-21,30.714744856510364
Kochi,2005,2005-01-22,30.092162658511004
Kochi,2005,2005-01-23,30.877975066803504
Kochi,2005,2005-01-24,32.58576699133753
Kochi,2005,2005-01-25,32.709039018991334
Kochi,2005,2005-01-26,33.216677548589345
Kochi,2005,2005-01-27,33.06467497969097
Kochi,2005,2005-01-28,33.28006554170053
Kochi,2005,2005-01-29,32.57515043419299
Kochi,2005,2005-01-30,31.652103777359194
Kochi,2005,2005-01-31,31.49487601070033
Kochi,2005,2005-02-01,32.538330888567394
Kochi,2005,2005-02-02,31.296118303806594
Kochi,2005,2005-02-03,31.433853589204762
Kochi,2005,2005-02-04,31.222103584482483
Kochi,2005,2005-02-05,31.25983218636067
Kochi,2005,2005-02-06,31.344855588907862
Kochi,2005,2005-02-07,30.264714811781595
Kochi,2005,2005-02-08,30.902783217476628
Kochi,2005,2005-02-09,30.633302741563668
Kochi,2005,2005-02-10,30.134133901230584
Kochi,2005,2005-02-11,30.307161295828536
Kochi,2005,2005-02-12,31.227958829066182
Kochi,2005,2005-02-13,31.137191803728513
Kochi,2005,2005-02-14,31.85601902435651
Kochi,2005,2005-02-15,31.687417305500592
Kochi,2005,2005-02-16,32.20583675971053
Kochi,2005,2005-02-17,29.904366559468492
Kochi,2005,2005-02-18,30.854193890106572
Kochi,2005,2005-02-19,31.639121935400695
Kochi,2005,2005-02-20,31.11030554721407
Kochi,2005,2005-02-21,30.519909243323415
Kochi,2005,2005-02-22,32.04942523796667
Kochi,2005,2005-02-23,32.422858488565005
Kochi,2005,2005-02-24,33.987804836915615
Kochi,2005,2005-02-25,34.48169599304379
Kochi,2005,2005-02-26,33.542751375723526
Kochi,2005,2005-02-27,33.88901200741214
Kochi,2005,2005-02-28,32.93961554141742
Kochi,2005,2005-03-01,33.1321339125774
Kochi,2005,2005-03-02,34.42607881957204
Kochi,2005,2005-03-03,34.33477635295009
Kochi,2005,2005-03-04,34.44246501947599
Kochi,2005,2005-03-05,33.131703910225454
Kochi,2005,2005-03-06,32.58134423284156
Kochi,2005,2005-03-07,33.16780448382772
Kochi,2005,2005-03-08,32.646474227556325
Kochi,2005,2005-03-09,31.698819324247154
Kochi,2005,2005-03-10,31.48828746269686
Kochi,2005,2005-03-11,32.20561660950149
Kochi,2005,2005-03-12,32.54543272496687
Kochi,2005,2005-03-13,32.21621007954627
Kochi,2005,2005-03-14,32.39752953594471
Kochi,2005,2005-03-15,32.137798206417
Kochi,2005,2005-03-16,33.197152899638354
Kochi,2005,2005-03-17,32.80963819651202
Kochi,2005,2005-03-18,31.925648326498514
Kochi,2005,2005-03-19,32.94914027803848
Kochi,2005,2005-03-20,33.375467184873365
Kochi,2005,2005-03-21,32.52056449202328
Kochi,2005,2005-03-22,32.50898728968329
Kochi,2005,2005-03-23,33.306428341346326
Kochi,2005,2005-03-24,32.505872686056435
Kochi,2005,2005-03-25,33.138739726669726
Kochi,2005,2005-03-26,33.38181852667855
Kochi,2005,2005-03-27,33.30342483568552
Kochi,2005,2005-03-28,33.46022265255701
Kochi,2005,2005-03-29,32.09337601343799
Kochi,2005,2005-03-30,31.886379257909788
Kochi,2005,2005-03-31,32.38309386920925
Kochi,2005,2005-04-01,33.059466909922286
Kochi,2005,2005-04-02,33.04558409382712
Kochi,2005,2005-04-03,33.6660952825683
Kochi,2005,2005-04-04,33.76005244359965
Kochi,2005,2005-04-05,32.480953576268114
Kochi,2005,2005-04-06,32.25072407746056
Kochi,2005,2005-04-07,32.935993874437855
Kochi,2005,2005-04-08,32.533922417220566
Kochi,2005,2005-04-09,32.4920688630816
Kochi,2005,2005-04-10,32.88546993759089
Kochi,2005,2005-04-11,32.090989587465415
Kochi,2005,2005-04-12,32.11397538528955
Kochi,2005,2005-04-13,32.079922345802956
Kochi,2005,2005-04-14,34.683881763765065
Kochi,2005,2005-04-15,33.68715550767724
Kochi,2005,2005-04-16,31.413247871989057
Kochi,2005,2005-04-17,32.65576007988057
Kochi,2005,2005-04-18,33.26700962543382
Kochi,2005,2005-04-19,33.61975587014479
Kochi,2005,2005-04-20,32.26350267840404
Kochi,2005,2005-04-21,32.02159114114306
Kochi,2005,2005-04-22,31.480540795069622
Kochi,2005,2005-04-23,32.29754289340964
Kochi,2005,2005-04-24,32.77344796821254
Kochi,2005,2005-04-25,33.24178557942819
Kochi,2005,2005-04-26,33.42406482283213
Kochi,2005,2005-04-27,32.5560272581571
Kochi,2005,2005-04-28,32.49602535137653
Kochi,2005,2005-04-29,31.911064852459354
Kochi,2005,2005-04-30,31.551873577678883
Kochi,2005,2005-05-01,31.925611027476634
Kochi,2005,2005-05-02,33.12334793330972
Kochi,2005,2005-05-03,33.5040267871222
Kochi,2005,2005-05-04,33.30881700577614
Kochi,2005,2005-05-05,33.79717392826437
Kochi,2005,2005-05-06,33.70765875607496
Kochi,2005,2005-05-07,32.86327386754099
Kochi,2005,2005-05-08,33.19308232145245
Kochi,2005,2005-05-09,33.62581383915254
Kochi,2005,2005-05-10,33.77127510319141
Kochi,2005,2005-05-11,32.73221262620548
Kochi,2005,2005-05-12,33.69693757825081
Kochi,2005,2005-05-13,31.576133059225263
Kochi,2005,2005-05-14,31.538898471513647
Kochi,2005,2005-05-15,31.348846328793876
Kochi,2005,2005-05-16,30.44294239588576
Kochi,2005,2005-05-17,31.562097392910612
Kochi,2005,2005-05-18,31.882661155019026
Kochi,2005,2005-05-19,31.71836646116353
Kochi,2005,2005-05-20,33.13197339647668
Kochi,2005,2005-05-21,32.861875743720816
Kochi,2005,2005-05-22,32.344771965735454
Kochi,2005,2005-05-23,31.79281699341772
Kochi,2005,2005-05-24,32.183736992303906
Kochi,2005,2005-05-25,30.951135772378784
Kochi,2005,2005-05-26,31.835792864360815
Kochi,2005,2005-05-27,31.940434236098092
Kochi,2005,2005-05-28,32.27441004441341
Kochi,2005,2005-05-29,31.28257867737701
Kochi,2005,2005-05-30,31.155462941311562
Kochi,2005,2005-05-31,31.03812656975567
Kochi,2005,2005-06-01,31.152877372154087
Kochi,2005,2005-06-02,31.636568975391768
Kochi,2005,2005-06-03,30.676898644725494
Kochi,2005,2005-06-04,31.611590093040405
Kochi,2005,2005-06-05,31.640960959271627
Kochi,2005,2005-06-06,31.35989182601688
Kochi,2005,2005-06-07,31.12937384812318
Kochi,2005,2005-06-08,30.812241106247996
Kochi,2005,2005-06-09,31.215544950484325
Kochi,2005,2005-06-10,30.120761233323435
Kochi,2005,2005-06-11,30.38157008517983
Kochi,2005,2005-06-12,29.474670004430063
Kochi,2005,2005-06-13,29.172605678060084
Kochi,2005,2005-06-14,28.713685654744953
Kochi,2005,2005-06-15,28.29917000538275
Kochi,2005,2005-06-16,29.515129535375863
Kochi,2005,2005-06-17,28.451472831186717
Kochi,2005,2005-06-18,28.605562818625348
Kochi,2005,2005-06-19,30.26289607354289
Kochi,2005,2005-06-20,30.36017185506749
Kochi,2005,2005-06-21,30.172935266532757
Kochi,2005,2005-06-22,29.935789637038585
Kochi,2005,2005-06-23,29.842434634524658
Kochi,2005,2005-06-24,30.080841302094626
Kochi,2005,2005-06-25,29.759506541870476
Kochi,2005,2005-06-26,29.65025870164155
Kochi,2005,2005-06-27,29.18242103962899
Kochi,2005,2005-06-28,29.093792135473393
Kochi,2005,2005-06-29,29.513293949102756
Kochi,2005,2005-06-30,29.43415396672432
Kochi,2005,2005-07-01,29.602688790242357
Kochi,2005,2005-07-02,29.39250433913478
Kochi,2005,2005-07-03,28.866772243560977
Kochi,2005,2005-07-04,29.347265478219065
Kochi,2005,2005-07-05,28.693249085124386
Kochi,2005,2005-07-06,27.29751015925551
Kochi,2005,2005-07-07,28.194627161767126
Kochi,2005,2005-07-08,28.611190311349016
Kochi,2005,2005-07-09,28.298400769267186
Kochi,2005,2005-07-10,28.243783231090724
Kochi,2005,2005-07-11,29.04473264343744
Kochi,2005,2005-07-12,29.973248392679206
Kochi,2005,2005-07-13,30.085354253584264
Kochi,2005,2005-07-14,29.87907901897674
Kochi,2005,2005-07-15,29.20566705169576
Kochi,2005,2005-07-16,29.315484602397703
Kochi,2005,2005-07-17,29.298462881665884
Kochi,2005,2005-07-18,29.158472000474823
Kochi,2005,2005-07-19,27.956177142567537
Kochi,2005,2005-07-20,28.552050783593103
Kochi,2005,2005-07-21,28.783094594118783
Kochi,2005,2005-07-22,29.282593726760837
Kochi,2005,2005-07-23,30.11262884592233
Kochi,2005,2005-07-24,30.598461696859623
Kochi,2005,2005-07-25,30.205524020358204
Kochi,2005,2005-07-26,30.611862206596054
Kochi,2005,2005-07-27,30.723030399983784
Kochi,2005,2005-07-28,29.2927709719147
Kochi,2005,2005-07-29,29.507549361332032
Kochi,2005,2005-07-30,29.69321947714364
Kochi,2005,2005-07-31,29.668182899056188
Kochi,2005,2005-08-01,30.03442856248432
Kochi,2005,2005-08-02,29.716324046662134
Kochi,2005,2005-08-03,29.728711291010804
Kochi,2005,2005-08-04,28.99188797812663
Kochi,2005,2005-08-05,29.244408103481042
Kochi,2005,2005-08-06,28.737243429412814
Kochi,2005,2005-08-07,29.419238060177683
Kochi,2005,2005-08-08,29.510165315303922
Kochi,2005,2005-08-09,29.600654186588876
Kochi,2005,2005-08-10,28.90678349290691
Kochi,2005,2005-08-11,29.244471996770944
Kochi,2005,2005-08-12,28.869884053189818
Kochi,2005,2005-08-13,28.329790095026244
Kochi,2005,2005-08-14,29.696446409578012
Kochi,2005,2005-08-15,28.97689177153623
Kochi,2005,2005-08-16,28.319989317457292
Kochi,2005,2005-08-17,28.6840227378101
Kochi,2005,2005-08-18,28.699397274380836
Kochi,2005,2005-08-19,29.22066369556755
Kochi,2005,2005-08-20,29.102195599840798
Kochi,2005,2005-08-21,28.584200288106295
Kochi,2005,2005-08-22,29.040046843180953
Kochi,2005,2005-08-23,30.222403036180324
Kochi,2005,2005-08-24,28.880892308644995
Kochi,2005,2005-08-25,29.14767651899505
Kochi,2005,2005-08-26,29.7574952048
Kochi,2005,2005-08-27,29.23788930039217
Kochi,2005,2005-08-28,29.130252407650996
Kochi,2005,2005-08-29,29.189573056150163
Kochi,2005,2005-08-30,29.632259426294745
Kochi,2005,2005-08-31,29.690802290622372
Kochi,2005,2005-09-01,29.63479966207148
Kochi,2005,2005-09-02,29.143836363927356
Kochi,2005,2005-09-03,28.902203810730487
Kochi,2005,2005-09-04,29.35881628610568
Kochi,2005,2005-09-05,28.79021024765419
Kochi,2005,2005-09-06,27.851271553153516
Kochi,2005,2005-09-07,28.180347669530047
Kochi,2005,2005-09-08,28.870032527945423
Kochi,2005,2005-09-09,28.83738971476703
Kochi,2005,2005-09-10,29.384270236943053
Kochi,2005,2005-09-11,30.15540191546698
Kochi,2005,2005-09-12,30.758345332151162
Kochi,2005,2005-09-13,30.397956561581857
Kochi,2005,2005-09-14,30.29146345939639
Kochi,2005,2005-09-15,30.07713707871754
Kochi,2005,2005-09-16,30.343974796106362
Kochi,2005,2005-09-17,30.49886507781438
Kochi,2005,2005-09-18,30.127804441363402
Kochi,2005,2005-09-19,30.683009543716768
Kochi,2005,2005-09-20,29.719027426655767
Kochi,2005,2005-09-21,30.4037201962168
Kochi,2005,2005-09-22,30.11854720776668
Kochi,2005,2005-09-23,29.901895223245397
Kochi,2005,2005-09-24,30.39226856306108
Kochi,2005,2005-09-25,30.789974674321794
Kochi,2005,2005-09-26,30.482242423363743
Kochi,2005,2005-09-27,30.486292062443194
Kochi,2005,2005-09-28,30.762312555649622
Kochi,2005,2005-09-29,30.56445728534217
Kochi,2005,2005-09-30,30.07888198277338
Kochi,2005,2005-10-01,30.40547603541837
Kochi,2005,2005-10-02,30.254486209461092
Kochi,2005,2005-10-03,30.52716685388731
Kochi,2005,2005-10-04,31.07418541856011
Kochi,2005,2005-10-05,31.58377013820875
Kochi,2005,2005-10-06,30.90295807469353
Kochi,2005,2005-10-07,30.28523053985139
Kochi,2005,2005-10-08,30.720872634562824
Kochi,2005,2005-10-09,30.37813136962048
Kochi,2005,2005-10-10,30.871237406812607
Kochi,2005,2005-10-11,31.0318392704229
Kochi,2005,2005-10-12,31.435801920310542
Kochi,2005,2005-10-13,31.979291580620497
Kochi,2005,2005-10-14,32.03072965912179
Kochi,2005,2005-10-15,32.314110071803455
Kochi,2005,2005-10-16,32.9030223630115
Kochi,2005,2005-10-17,32.17239411138257
Kochi,2005,2005-10-18,31.43212933668292
Kochi,2005,2005-10-19,31.57893337055707
Kochi,2005,2005-10-20,31.2671636300717
Kochi,2005,2005-10-21,32.403781160880165
Kochi,2005,2005-10-22,31.36922249632888
Kochi,2005,2005-10-23,31.99822899362946
Kochi,2005,2005-10-24,32.96381312277251
Kochi,2005,2005-10-25,33.10317080632617
Kochi,2005,2005-10-26,31.119926095760306
Kochi,2005,2005-10-27,31.87633318171351
Kochi,2005,2005-10-28,31.38202603293051
Kochi,2005,2005-10-29,30.870232975120388
Kochi,2005,2005-10-30,31.280153328487618
Kochi,2005,2005-10-31,31.151955995092226
Kochi,2005,2005-11-01,32.50564570992843
Kochi,2005,2005-11-02,31.559613034237252
Kochi,2005,2005-11-03,30.632012373324002
Kochi,2005,2005-11-04,32.0213812971431
Kochi,2005,2005-11-05,31.374276579417337
Kochi,2005,2005-11-06,32.23615006911133
Kochi,2005,2005-11-07,33.03554119499087
Kochi,2005,2005-11-08,32.830497727439884
Kochi,2005,2005-11-09,31.865951069892542
Kochi,2005,2005-11-10,31.632227424288434
Kochi,2005,2005-11-11,28.88535962191502
Kochi,2005,2005-11-12,29.835312430655467
Kochi,2005,2005-11-13,31.247096984398798
Kochi,2005,2005-11-14,31.95724563536217
Kochi,2005,2005-11-15,32.74956710574891
Kochi,2005,2005-11-16,32.475880559738016
Kochi,2005,2005-11-17,32.1341909971672
Kochi,2005,2005-11-18,32.264745154948855
Kochi,2005,2005-11-19,32.28209025249054
Kochi,2005,2005-11-20,31.73066645759624
Kochi,2005,2005-11-21,30.739449676399307
Kochi,2005,2005-11-22,30.672979247715237
Kochi,2005,2005-11-23,31.943897933009527
Kochi,2005,2005-11-24,31.540605581884925
Kochi,2005,2005-11-25,30.91639695482816
Kochi,2005,2005-11-26,29.748714659967032
Kochi,2005,2005-11-27,31.538230238306124
Kochi,2005,2005-11-28,31.882923115819928
Kochi,2005,2005-11-29,32.12468960776981
Kochi,2005,2005-11-30,32.12677824513188
Kochi,2005,2005-12-01,32.27701521097273
Kochi,2005,2005-12-02,32.41836221833641
Kochi,2005,2005-12-03,31.75429256467705
Kochi,2005,2005-12-04,32.29040455071447
Kochi,2005,2005-12-05,32.00082064359813
Kochi,2005,2005-12-06,29.874171705935165
Kochi,2005,2005-12-07,29.808065818971137
Kochi,2005,2005-12-08,32.25264149350156
Kochi,2005,2005-12-09,31.461650477444792
Kochi,2005,2005-12-10,32.83940611851844
Kochi,2005,2005-12-11,31.67223015154275
Kochi,2005,2005-12-12,32.7554210614889
Kochi,2005,2005-12-13,31.134821669233418
Kochi,2005,2005-12-14,30.56838356935025
Kochi,2005,2005-12-15,31.49119322220459
Kochi,2005,2005-12-16,30.739276941142226
Kochi,2005,2005-12-17,30.259062612752782
Kochi,2005,2005-12-18,30.878329403783162
Kochi,2005,2005-12-19,31.52318492629395
Kochi,2005,2005-12-20,31.520257885471295
Kochi,2005,2005-12-21,31.625042898349076
Kochi,2005,2005-12-22,31.657944069334338
Kochi,2005,2005-12-23,31.686290900809905
Kochi,2005,2005-12-24,31.491656862895596
Kochi,2005,2005-12-25,31.790001082847123
Kochi,2005,2005-12-26,31.148742032623073
Kochi,2005,2005-12-27,30.466552773507004
Kochi,2005,2005-12-28,31.1700148530669
Kochi,2005,2005-12-29,31.635847247998797
Kochi,2005,2005-12-30,29.394149921932133
Kochi,2005,2005-12-31,29.764656334010045
Kochi,2007,2007-01-01,28.775639244522765
Kochi,2007,2007-01-02,28.313228620964285
Kochi,2007,2007-01-03,27.931331410901663
Kochi,2007,2007-01-04,29.594714316784028
Kochi,2007,2007-01-05,28.501804881770642
Kochi,2007,2007-01-06,27.737912564733122
Kochi,2007,2007-01-07,27.93820838720419
Kochi,2007,2007-01-08,30.619570197220714
Kochi,2007,2007-01-09,31.10928867191513
Kochi,2007,2007-01-10,31.44861972320161
Kochi,2007,2007-01-11,32.42843986753013
Kochi,2007,2007-01-12,30.539620500108477
Kochi,2007,2007-01-13,30.86799729145989
Kochi,2007,2007-01-14,28.91801222648725
Kochi,2007,2007-01-15,27.665698994398202
Kochi,2007,2007-01-16,29.11588889330399
Kochi,2007,2007-01-17,29.975389595826375
Kochi,2007,2007-01-18,30.0311588161539
Kochi,2007,2007-01-19,30.05138854741452
Kochi,2007,2007-01-20,29.80666217455348
Kochi,2007,2007-01-21,29.24609889670112
Kochi,2007,2007-01-22,28.826852461241625
Kochi,2007,2007-01-23,30.016355235499162
Kochi,2007,2007-01-24,30.335387585671807
Kochi,2007,2007-01-25,31.24278864353069
Kochi,2007,2007-01-26,30.885385193366496
Kochi,2007,2007-01-27,29.90171886705222
Kochi,2007,2007-01-28,30.263841364580394
Kochi,2007,2007-01-29,29.565694734793098
Kochi,2007,2007-01-30,30.465607819003836
Kochi,2007,2007-01-31,32.58737789413513
Kochi,2007,2007-02-01,31.398065496902888
Kochi,2007,2007-02-02,31.750199269545586
Kochi,2007,2007-02-03,31.156436962808257
Kochi,2007,2007-02-04,31.563911177211686
Kochi,2007,2007-02-05,31.58212999241735
Kochi,2007,2007-02-06,31.517908717095843
Kochi,2007,2007-02-07,32.305435752631496
Kochi,2007,2007-02-08,31.78576288730655
Kochi,2007,2007-02-09,31.924148944115704
Kochi,2007,2007-02-10,31.579169924040297
Kochi,2007,2007-02-11,31.61181905774778
Kochi,2007,2007-02-12,33.1922849813779
Kochi,2007,2007-02-13,32.97558811623591
Kochi,2007,2007-02-14,32.80543787387043
Kochi,2007,2007-02-15,33.08361483950904
Kochi,2007,2007-02-16,31.225110600660777
Kochi,2007,2007-02-17,31.768540998784893
Kochi,2007,2007-02-18,32.280711591129176
Kochi,2007,2007-02-19,31.832558544609846
Kochi,2007,2007-02-20,31.735102933670248
Kochi,2007,2007-02-21,33.71271057376008
Kochi,2007,2007-02-22,33.5612547347629
Kochi,2007,2007-02-23,32.645495086701516
Kochi,2007,2007-02-24,31.828124082524745
Kochi,2007,2007-02-25,31.745750255306852
Kochi,2007,2007-02-26,31.035504098573938
Kochi,2007,2007-02-27,30.80003278180432
Kochi,2007,2007-02-28,31.578184312228878
Kochi,2007,2007-03-01,32.51855655721175
Kochi,2007,2007-03-02,33.58770633297358
Kochi,2007,2007-03-03,32.72523182073739
Kochi,2007,2007-03-04,32.40232477380704
Kochi,2007,2007-03-05,32.46580172166962
Kochi,2007,2007-03-06,32.184483680131635
Kochi,2007,2007-03-07,31.48192075266364
Kochi,2007,2007-03-08,32.98896166242727
Kochi,2007,2007-03-09,33.64995950395888
Kochi,2007,2007-03-10,32.86286403530243
Kochi,2007,2007-03-11,32.86526442489103
Kochi,2007,2007-03-12,33.685145303168504
Kochi,2007,2007-03-13,33.09424530454115
Kochi,2007,2007-03-14,32.742657895082495
Kochi,2007,2007-03-15,32.66102020065729
Kochi,2007,2007-03-16,33.45036176085213
Kochi,2007,2007-03-17,32.77231201710811
Kochi,2007,2007-03-18,34.64813552201727
Kochi,2007,2007-03-19,34.527818894649926
Kochi,2007,2007-03-20,33.21787969071707
Kochi,2007,2007-03-21,32.209649333988395
Kochi,2007,2007-03-22,32.091240270631346
Kochi,2007,2007-03-23,32.952978757301345
Kochi,2007,2007-03-24,32.612869046522995
Kochi,2007,2007-03-25,34.649038993622945
Kochi,2007,2007-03-26,34.43182598464854
Kochi,2007,2007-03-27,34.36815028196542
Kochi,2007,2007-03-28,33.20427399154612
Kochi,2007,2007-03-29,33.80740271778271
Kochi,2007,2007-03-30,33.086465259197695
Kochi,2007,2007-03-31,31.72660939717129
Kochi,2007,2007-04-01,32.06531602033057
Kochi,2007,2007-04-02,31.98609392651212
Kochi,2007,2007-04-03,32.18280641382582
Kochi,2007,2007-04-04,31.484878100970292
Kochi,2007,2007-04-05,30.994709889352812
Kochi,2007,2007-04-06,31.469819898783932
Kochi,2007,2007-04-07,31.907790047108055
Kochi,2007,2007-04-08,32.89597986371334
Kochi,2007,2007-04-09,33.0701302609703
Kochi,2007,2007-04-10,32.40255769120454
Kochi,2007,2007-04-11,33.405649064988744
Kochi,2007,2007-04-12,32.56060185007239
Kochi,2007,2007-04-13,32.12646008051628
Kochi,2007,2007-04-14,32.7062171980275
Kochi,2007,2007-04-15,32.696878636690776
Kochi,2007,2007-04-16,32.87325196198247
Kochi,2007,2007-04-17,31.71286253966162
Kochi,2007,2007-04-18,31.710965487244994
Kochi,2007,2007-04-19,32.59331143904317
Kochi,2007,2007-04-20,32.689588476906906
Kochi,2007,2007-04-21,32.098074382687706
Kochi,2007,2007-04-22,32.12008604685964
Kochi,2007,2007-04-23,31.62887343731396
Kochi,2007,2007-04-24,31.975715992102177
Kochi,2007,2007-04-25,31.603834593115273
Kochi,2007,2007-04-26,30.937018612386815
Kochi,2007,2007-04-27,31.735162290837067
Kochi,2007,2007-04-28,31.580261510118508
Kochi,2007,2007-04-29,31.260162185368124
Kochi,2007,2007-04-30,32.215748650137876
Kochi,2007,2007-05-01,31.903761416698856
Kochi,2007,2007-05-02,31.825052189652233
Kochi,2007,2007-05-03,32.477457189565385
Kochi,2007,2007-05-04,32.87576000516534
Kochi,2007,2007-05-05,32.4787002358269
Kochi,2007,2007-05-06,31.97937939435714
Kochi,2007,2007-05-07,32.330591497419654
Kochi,2007,2007-05-08,32.6831775446859
Kochi,2007,2007-05-09,32.398091717581536
Kochi,2007,2007-05-10,31.415452886393744
Kochi,2007,2007-05-11,31.330136085296534
Kochi,2007,2007-05-12,30.77073951536261
Kochi,2007,2007-05-13,31.10443555692577
Kochi,2007,2007-05-14,30.636815921932403
Kochi,2007,2007-05-15,31.13381266737921
Kochi,2007,2007-05-16,31.514351760973582
Kochi,2007,2007-05-17,31.33125809954509
Kochi,2007,2007-05-18,31.8460035449452
Kochi,2007,2007-05-19,32.302692284739095
Kochi,2007,2007-05-20,32.11533494944267
Kochi,2007,2007-05-21,31.1717315842155
Kochi,2007,2007-05-22,29.998306723678347
Kochi,2007,2007-05-23,28.92464345974755
Kochi,2007,2007-05-24,29.044864923032375
Kochi,2007,2007-05-25,30.49039031139195
Kochi,2007,2007-05-26,30.847242953884226
Kochi,2007,2007-05-27,30.934342993653427
Kochi,2007,2007-05-28,31.226998045303965
Kochi,2007,2007-05-29,31.679407558832576
Kochi,2007,2007-05-30,29.541265027794672
Kochi,2007,2007-05-31,29.36857711762387
Kochi,2007,2007-06-01,28.771942063749286
Kochi,2007,2007-06-02,29.754106829737342
Kochi,2007,2007-06-03,28.79505400016265
Kochi,2007,2007-06-04,28.720296990879888
Kochi,2007,2007-06-05,28.608851736700995
Kochi,2007,2007-06-06,28.776227449454346
Kochi,2007,2007-06-07,28.375317266773493
Kochi,2007,2007-06-08,27.417092479016176
Kochi,2007,2007-06-09,27.24911936941555
Kochi,2007,2007-06-10,27.4383668492964
Kochi,2007,2007-06-11,28.745216922360047
Kochi,2007,2007-06-12,28.92004898138139
Kochi,2007,2007-06-13,29.74927113978649
Kochi,2007,2007-06-14,29.217120411590336
Kochi,2007,2007-06-15,28.93310590285692
Kochi,2007,2007-06-16,28.103995307926475
Kochi,2007,2007-06-17,27.914040320815825
Kochi,2007,2007-06-18,27.87437116657615
Kochi,2007,2007-06-19,27.952117986183012
Kochi,2007,2007-06-20,28.02208746791925
Kochi,2007,2007-06-21,28.966083274979916
Kochi,2007,2007-06-22,29.377786458450206
Kochi,2007,2007-06-23,29.184212022408893
Kochi,2007,2007-06-24,28.130825804447024
Kochi,2007,2007-06-25,28.213080640738763
Kochi,2007,2007-06-26,27.96918255601772
Kochi,2007,2007-06-27,28.226082237394245
Kochi,2007,2007-06-28,27.52059338743826
Kochi,2007,2007-06-29,27.699703145132037
Kochi,2007,2007-06-30,29.21246674287279
Kochi,2007,2007-07-01,29.210624964370698
Kochi,2007,2007-07-02,29.617979687754385
Kochi,2007,2007-07-03,28.620486324917906
Kochi,2007,2007-07-04,28.04384710838221
Kochi,2007,2007-07-05,27.56515236557187
Kochi,2007,2007-07-06,26.679958580072345
Kochi,2007,2007-07-07,28.13129838057685
Kochi,2007,2007-07-08,27.854791123755245
Kochi,2007,2007-07-09,27.299534526890977
Kochi,2007,2007-07-10,28.599575799588965
Kochi,2007,2007-07-11,28.64991551639622
Kochi,2007,2007-07-12,27.39230317107466
Kochi,2007,2007-07-13,26.46511975412683
Kochi,2007,2007-07-14,26.962017999508397
Kochi,2007,2007-07-15,27.574817960112775
Kochi,2007,2007-07-16,27.669644540437424
Kochi,2007,2007-07-17,28.372458337337353
Kochi,2007,2007-07-18,27.477532522202644
Kochi,2007,2007-07-19,28.063419696303303
Kochi,2007,2007-07-20,27.84976763106872
Kochi,2007,2007-07-21,28.26273686127803
Kochi,2007,2007-07-22,28.231125409849938
Kochi,2007,2007-07-23,27.74261494601059
Kochi,2007,2007-07-24,27.298321879046554
Kochi,2007,2007-07-25,27.503802114432332
Kochi,2007,2007-07-26,27.389330760160526
Kochi,2007,2007-07-27,28.2692512857994
Kochi,2007,2007-07-28,27.251243651265256
Kochi,2007,2007-07-29,27.547333353566547
Kochi,2007,2007-07-30,28.49784040751731
Kochi,2007,2007-07-31,28.191324819900824
Kochi,2007,2007-08-01,27.051629758896976
Kochi,2007,2007-08-02,26.757373186070957
Kochi,2007,2007-08-03,26.281119280655982
Kochi,2007,2007-08-04,27.92648971498968
Kochi,2007,2007-08-05,29.64853362496949
Kochi,2007,2007-08-06,28.788225604083916
Kochi,2007,2007-08-07,28.327216950320512
Kochi,2007,2007-08-08,30.127762087145523
Kochi,2007,2007-08-09,29.179693557065516
Kochi,2007,2007-08-10,28.664445920491776
Kochi,2007,2007-08-11,28.140731527369894
Kochi,2007,2007-08-12,28.264675361455645
Kochi,2007,2007-08-13,28.42916206767957
Kochi,2007,2007-08-14,27.572309426457032
Kochi,2007,2007-08-15,27.8415254435738
Kochi,2007,2007-08-16,27.932936570595942
Kochi,2007,2007-08-17,28.147880770505235
Kochi,2007,2007-08-18,27.623462528412098
Kochi,2007,2007-08-19,27.643804656532527
Kochi,2007,2007-08-20,27.409622733947778
Kochi,2007,2007-08-21,27.939107225462298
Kochi,2007,2007-08-22,29.1195236010512
Kochi,2007,2007-08-23,28.06026195080222
Kochi,2007,2007-08-24,29.226521122498784
Kochi,2007,2007-08-25,29.07072148412073
Kochi,2007,2007-08-26,28.872138467917942
Kochi,2007,2007-08-27,28.545236256821703
Kochi,2007,2007-08-28,27.826068247375975
Kochi,2007,2007-08-29,29.06046673469756
Kochi,2007,2007-08-30,28.370400904019974
Kochi,2007,2007-08-31,28.62504034504461
Kochi,2007,2007-09-01,27.69312233491745
Kochi,2007,2007-09-02,28.666980873383338
Kochi,2007,2007-09-03,28.54516744272969
Kochi,2007,2007-09-04,28.605147566009272
Kochi,2007,2007-09-05,29.639099674025577
Kochi,2007,2007-09-06,30.509610574064567
Kochi,2007,2007-09-07,30.80014420686415
Kochi,2007,2007-09-08,30.948714113562012
Kochi,2007,2007-09-09,30.028209779210364
Kochi,2007,2007-09-10,29.50791479622815
Kochi,2007,2007-09-11,29.137070795012725
Kochi,2007,2007-09-12,29.660250142204582
Kochi,2007,2007-09-13,29.869294873252024
Kochi,2007,2007-09-14,29.542622731499378
Kochi,2007,2007-09-15,29.238008113881097
Kochi,2007,2007-09-16,29.781547672689584
Kochi,2007,2007-09-17,30.422954534702733
Kochi,2007,2007-09-18,29.764260170206438
Kochi,2007,2007-09-19,30.190834990218352
Kochi,2007,2007-09-20,30.269919743851798
Kochi,2007,2007-09-21,29.75334753183955
Kochi,2007,2007-09-22,30.273559758125373
Kochi,2007,2007-09-23,30.106505500587367
Kochi,2007,2007-09-24,30.072062067838583
Kochi,2007,2007-09-25,29.88508172747677
Kochi,2007,2007-09-26,29.75379541978996
Kochi,2007,2007-09-27,29.928267912586044
Kochi,2007,2007-09-28,29.89849457293692
Kochi,2007,2007-09-29,29.475058123704343
Kochi,2007,2007-09-30,29.502703266244875
Kochi,2007,2007-10-01,29.315551091546574
Kochi,2007,2007-10-02,29.603966129840313
Kochi,2007,2007-10-03,31.531086951071483
Kochi,2007,2007-10-04,32.87876450204189
Kochi,2007,2007-10-05,32.54960496262152
Kochi,2007,2007-10-06,30.9868953513945
Kochi,2007,2007-10-07,32.14662734750657
Kochi,2007,2007-10-08,32.6127212276561
Kochi,2007,2007-10-09,32.75844279619983
Kochi,2007,2007-10-10,32.08253549742894
Kochi,2007,2007-10-11,32.05846202721183
Kochi,2007,2007-10-12,32.01493783886494
Kochi,2007,2007-10-13,31.54427861212505
Kochi,2007,2007-10-14,31.669610810175783
Kochi,2007,2007-10-15,33.40482555085047
Kochi,2007,2007-10-16,32.27501380093045
Kochi,2007,2007-10-17,32.03296726915946
Kochi,2007,2007-10-18,30.791778248626763
Kochi,2007,2007-10-19,31.57907035324992
Kochi,2007,2007-10-20,31.8971890748957
Kochi,2007,2007-10-21,30.693225020942165
Kochi,2007,2007-10-22,30.94479624003687
Kochi,2007,2007-10-23,32.18036540916168
Kochi,2007,2007-10-24,32.482055078142636
Kochi,2007,2007-10-25,31.17504793127957
Kochi,2007,2007-10-26,30.681420315516505
Kochi,2007,2007-10-27,31.264994482045008
Kochi,2007,2007-10-28,31.847704437696926
Kochi,2007,2007-10-29,32.1961728891526
Kochi,2007,2007-10-30,32.32081587397775
Kochi,2007,2007-10-31,31.855863074118535
Kochi,2007,2007-11-01,30.84378919886776
Kochi,2007,2007-11-02,29.755338064111072
Kochi,2007,2007-11-03,29.303621427211443
Kochi,2007,2007-11-04,29.56156710130527
Kochi,2007,2007-11-05,29.439956640490365
Kochi,2007,2007-11-06,30.34735920279927
Kochi,2007,2007-11-07,30.142052301808597
Kochi,2007,2007-11-08,30.29190267084112
Kochi,2007,2007-11-09,30.847644377878325
Kochi,2007,2007-11-10,28.5790310800703
Kochi,2007,2007-11-11,30.204394534371318
Kochi,2007,2007-11-12,31.030821699820315
Kochi,2007,2007-11-13,31.107281235558947
Kochi,2007,2007-11-14,31.131474446347685
Kochi,2007,2007-11-15,28.363115524161213
Kochi,2007,2007-11-16,27.328869615924834
Kochi,2007,2007-11-17,27.697641665657404
Kochi,2007,2007-11-18,30.033172278482198
Kochi,2007,2007-11-19,31.432704031780915
Kochi,2007,2007-11-20,31.85814548554021
Kochi,2007,2007-11-21,29.86570975034505
Kochi,2007,2007-11-22,30.216147512084614
Kochi,2007,2007-11-23,30.794152997894503
Kochi,2007,2007-11-24,30.07597765492073
Kochi,2007,2007-11-25,29.9478608130393
Kochi,2007,2007-11-26,31.07477343237932
Kochi,2007,2007-11-27,31.94217342835818
Kochi,2007,2007-11-28,32.40144646848859
Kochi,2007,2007-11-29,31.75731338874372
Kochi,2007,2007-11-30,30.79917729084839
Kochi,2007,2007-12-01,30.273927392417882
Kochi,2007,2007-12-02,28.884008035925252
Kochi,2007,2007-12-03,29.8397806063017
Kochi,2007,2007-12-04,30.664115683118855
Kochi,2007,2007-12-05,31.49571775232722
Kochi,2007,2007-12-06,31.356074363106785
Kochi,2007,2007-12-07,30.508864101309843
Kochi,2007,2007-12-08,30.53942459357373
Kochi,2007,2007-12-09,29.856039650437683
Kochi,2007,2007-12-10,31.443474461622205
Kochi,2007,2007-12-11,31.69285912143112
Kochi,2007,2007-12-12,30.552290145025395
Kochi,2007,2007-12-13,30.05380272095583
Kochi,2007,2007-12-14,30.347460872767492
Kochi,2007,2007-12-15,30.455512529047486
Kochi,2007,2007-12-16,30.964163570666525
Kochi,2007,2007-12-17,31.67942311846231
Kochi,2007,2007-12-18,31.716027959573537
Kochi,2007,2007-12-19,31.45917423171754
Kochi,2007,2007-12-20,30.36753213952613
Kochi,2007,2007-12-21,29.617731583076793
Kochi,2007,2007-12-22,29.831084183818447
Kochi,2007,2007-12-23,29.669418005243354
Kochi,2007,2007-12-24,28.63296495139149
Kochi,2007,2007-12-25,29.52823452009156
Kochi,2007,2007-12-26,29.934234881057847
Kochi,2007,2007-12-27,29.83209180109649
Kochi,2007,2007-12-28,29.52097913306363
Kochi,2007,2007-12-29,30.172827772256888
Kochi,2007,2007-12-30,30.728697232997096
Kochi,2007,2007-12-31,31.401276419388193
Kochi,2009,2009-01-01,30.147871392947977
Kochi,2009,2009-01-02,30.063768503151685
Kochi,2009,2009-01-03,29.741506748555672
Kochi,2009,2009-01-04,29.380647741430714
Kochi,2009,2009-01-05,30.076903178387774
Kochi,2009,2009-01-06,29.686093670184135
Kochi,2009,2009-01-07,29.623833762589733
Kochi,2009,2009-01-08,28.58758450310929
Kochi,2009,2009-01-09,29.71708168211596
Kochi,2009,2009-01-10,29.62842234145384
Kochi,2009,2009-01-11,30.084721822495624
Kochi,2009,2009-01-12,30.267815477646025
Kochi,2009,2009-01-13,31.167744573230056
Kochi,2009,2009-01-14,31.65181032784954
Kochi,2009,2009-01-15,32.0692079001856
Kochi,2009,2009-01-16,31.35059017860743
Kochi,2009,2009-01-17,30.936495937088726
Kochi,2009,2009-01-18,30.40531366100122
Kochi,2009,2009-01-19,31.201659569638434
Kochi,2009,2009-01-20,30.982154215851132
Kochi,2009,2009-01-21,31.096832952055937
Kochi,2009,2009-01-22,31.50708369986999
Kochi,2009,2009-01-23,32.005304902606056
Kochi,2009,2009-01-24,32.752727400159436
Kochi,2009,2009-01-25,32.66703007582316
Kochi,2009,2009-01-26,31.928096555285663
Kochi,2009,2009-01-27,31.395593422156935
Kochi,2009,2009-01-28,31.202060442500247
Kochi,2009,2009-01-29,32.50687239178278
Kochi,2009,2009-01-30,31.186245977089683
Kochi,2009,2009-01-31,31.16146632182672
Kochi,2009,2009-02-01,32.280794197250614
Kochi,2009,2009-02-02,32.56190121782033
Kochi,2009,2009-02-03,31.95946585828655
Kochi,2009,2009-02-04,31.12695866031008
Kochi,2009,2009-02-05,32.210583108770344
Kochi,2009,2009-02-06,33.28666268391112
Kochi,2009,2009-02-07,32.81655484697414
Kochi,2009,2009-02-08,32.49342382378238
Kochi,2009,2009-02-09,31.169265668738674
Kochi,2009,2009-02-10,30.605929669819016
Kochi,2009,2009-02-11,31.457844189321843
Kochi,2009,2009-02-12,32.20679876422742
Kochi,2009,2009-02-13,33.31652884244519
Kochi,2009,2009-02-14,33.308938466748785
Kochi,2009,2009-02-15,33.429474281569924
Kochi,2009,2009-02-16,33.658305217633206
Kochi,2009,2009-02-17,31.751830834798692
Kochi,2009,2009-02-18,31.523296667114522
Kochi,2009,2009-02-19,30.870760228084684
Kochi,2009,2009-02-20,30.81346144404426
Kochi,2009,2009-02-21,31.81602470234439
Kochi,2009,2009-02-22,32.61041114832627
Kochi,2009,2009-02-23,32.45578135359034
Kochi,2009,2009-02-24,31.83310645218126
Kochi,2009,2009-02-25,32.2603595854537
Kochi,2009,2009-02-26,32.89958647587341
Kochi,2009,2009-02-27,33.58541623659108
Kochi,2009,2009-02-28,32.831328033645434
Kochi,2009,2009-03-01,31.63338369572079
Kochi,2009,2009-03-02,33.47637617287163
Kochi,2009,2009-03-03,31.524125461482747
Kochi,2009,2009-03-04,29.202082987757535
Kochi,2009,2009-03-05,31.65936156723327
Kochi,2009,2009-03-06,32.835800626919436
Kochi,2009,2009-03-07,32.14078962859646
Kochi,2009,2009-03-08,31.90958126600165
Kochi,2009,2009-03-09,32.989082284473874
Kochi,2009,2009-03-10,33.36100860037009
Kochi,2009,2009-03-11,34.27661866952094
Kochi,2009,2009-03-12,33.97768347828749
Kochi,2009,2009-03-13,33.59052333907692
Kochi,2009,2009-03-14,34.05043918064899
Kochi,2009,2009-03-15,34.146938113363056
Kochi,2009,2009-03-16,33.55709520814395
Kochi,2009,2009-03-17,34.29634897292071
Kochi,2009,2009-03-18,34.461042533421704
Kochi,2009,2009-03-19,33.965136913088664
Kochi,2009,2009-03-20,34.35469979340975
Kochi,2009,2009-03-21,33.608259072919374
Kochi,2009,2009-03-22,33.18919777328777
Kochi,2009,2009-03-23,33.009133933867346
Kochi,2009,2009-03-24,32.89253466986763
Kochi,2009,2009-03-25,33.32211250199958
Kochi,2009,2009-03-26,33.93520452697904
Kochi,2009,2009-03-27,33.22070215832548
Kochi,2009,2009-03-28,32.62435007082363
Kochi,2009,2009-03-29,34.85934117198742
Kochi,2009,2009-03-30,35.55403711412763
Kochi,2009,2009-03-31,34.83753135966357
Kochi,2009,2009-04-01,33.110093949487116
Kochi,2009,2009-04-02,32.63141316677823
Kochi,2009,2009-04-03,33.46652660440818
Kochi,2009,2009-04-04,33.96558407954948
Kochi,2009,2009-04-05,34.1280242559671
Kochi,2009,2009-04-06,33.34610357989851
Kochi,2009,2009-04-07,32.447159960866706
Kochi,2009,2009-04-08,32.889530308516555
Kochi,2009,2009-04-09,32.122037441681336
Kochi,2009,2009-04-10,34.13623424735335
Kochi,2009,2009-04-11,33.662110530432145
Kochi,2009,2009-04-12,32.5891071063348
Kochi,2009,2009-04-13,33.097901638793054
Kochi,2009,2009-04-14,32.46064842075862
Kochi,2009,2009-04-15,32.84043616280399
Kochi,2009,2009-04-16,32.561892300147086
Kochi,2009,2009-04-17,32.607690581875815
Kochi,2009,2009-04-18,34.8818763048581
Kochi,2009,2009-04-19,34.5087080334257
Kochi,2009,2009-04-20,33.31822438955758
Kochi,2009,2009-04-21,32.259764393352604
Kochi,2009,2009-04-22,32.23511989665342
Kochi,2009,2009-04-23,32.41529296177392
Kochi,2009,2009-04-24,32.55516381534038
Kochi,2009,2009-04-25,32.20890552042776
Kochi,2009,2009-04-26,32.532398786992246
Kochi,2009,2009-04-27,32.62360567882732
Kochi,2009,2009-04-28,32.76567776717407
Kochi,2009,2009-04-29,33.132541618618376
Kochi,2009,2009-04-30,32.14922864662569
Kochi,2009,2009-05-01,31.24007453011381
Kochi,2009,2009-05-02,32.229775189933456
Kochi,2009,2009-05-03,32.945663493592455
Kochi,2009,2009-05-04,32.246455144715036
Kochi,2009,2009-05-05,32.57418614652876
Kochi,2009,2009-05-06,32.91606327136977
Kochi,2009,2009-05-07,32.96791323437272
Kochi,2009,2009-05-08,32.00125674354678
Kochi,2009,2009-05-09,32.5636528339998
Kochi,2009,2009-05-10,33.9419503643256
Kochi,2009,2009-05-11,33.46027432248234
Kochi,2009,2009-05-12,32.78256176071864
Kochi,2009,2009-05-13,31.95058560103503
Kochi,2009,2009-05-14,32.230294018786616
Kochi,2009,2009-05-15,32.35519782480661
Kochi,2009,2009-05-16,32.38489081815453
Kochi,2009,2009-05-17,31.567730533760795
Kochi,2009,2009-05-18,31.828523180212606
Kochi,2009,2009-05-19,31.688492846102026
Kochi,2009,2009-05-20,31.90515812324646
Kochi,2009,2009-05-21,31.679624763092896
Kochi,2009,2009-05-22,32.11639126717992
Kochi,2009,2009-05-23,32.010221762262674
Kochi,2009,2009-05-24,32.727524562987824
Kochi,2009,2009-05-25,32.93469032923682
Kochi,2009,2009-05-26,33.158666948209984
Kochi,2009,2009-05-27,33.26533397668695
Kochi,2009,2009-05-28,32.5342795684027
Kochi,2009,2009-05-29,31.54981654265572
Kochi,2009,2009-05-30,31.81232628239421
Kochi,2009,2009-05-31,31.24000774045356
Kochi,2009,2009-06-01,31.354909033813026
Kochi,2009,2009-06-02,31.735922869208274
Kochi,2009,2009-06-03,31.545854282548365
Kochi,2009,2009-06-04,31.249424855338802
Kochi,2009,2009-06-05,30.17062808809602
Kochi,2009,2009-06-06,30.630654053756317
Kochi,2009,2009-06-07,29.47087863892878
Kochi,2009,2009-06-08,30.723021982624193
Kochi,2009,2009-06-09,29.69110771069662
Kochi,2009,2009-06-10,30.15972490823443
Kochi,2009,2009-06-11,31.08890319822227
Kochi,2009,2009-06-12,29.7938445409515
Kochi,2009,2009-06-13,29.268355956008946
Kochi,2009,2009-06-14,29.286066461832835
Kochi,2009,2009-06-15,30.055277232867223
Kochi,2009,2009-06-16,30.228187198206
Kochi,2009,2009-06-17,28.174208784730695
Kochi,2009,2009-06-18,28.778429939500143
Kochi,2009,2009-06-19,28.64994778345583
Kochi,2009,2009-06-20,28.374901368992184
Kochi,2009,2009-06-21,28.875898239094592
Kochi,2009,2009-06-22,28.82596488991617
Kochi,2009,2009-06-23,28.857344103849805
Kochi,2009,2009-06-24,28.012153501005564
Kochi,2009,2009-06-25,26.869779826320183
Kochi,2009,2009-06-26,26.36207504021187
Kochi,2009,2009-06-27,27.556792768483646
Kochi,2009,2009-06-28,28.84342031433731
Kochi,2009,2009-06-29,28.798805405992375
Kochi,2009,2009-06-30,28.989753424414115
Kochi,2009,2009-07-01,28.708245029966477
Kochi,2009,2009-07-02,28.80902661673528
Kochi,2009,2009-07-03,28.35019447981429
Kochi,2009,2009-07-04,28.106644878926815
Kochi,2009,2009-07-05,26.9946144376833
Kochi,2009,2009-07-06,28.27571754759522
Kochi,2009,2009-07-07,27.763503821448154
Kochi,2009,2009-07-08,28.260104479060374
Kochi,2009,2009-07-09,28.953420894282498
Kochi,2009,2009-07-10,27.91136462942027
Kochi,2009,2009-07-11,26.405712390127945
Kochi,2009,2009-07-12,27.647536198572396
Kochi,2009,2009-07-13,27.633727358894525
Kochi,2009,2009-07-14,27.39396352288083
Kochi,2009,2009-07-15,27.363886704876432
Kochi,2009,2009-07-16,27.566490215775218
Kochi,2009,2009-07-17,28.427198136194484
Kochi,2009,2009-07-18,28.550636184346633
Kochi,2009,2009-07-19,28.165434811184966
Kochi,2009,2009-07-20,28.604895452120743
Kochi,2009,2009-07-21,28.364885057026235
Kochi,2009,2009-07-22,28.795726617747786
Kochi,2009,2009-07-23,28.83478214557624
Kochi,2009,2009-07-24,29.200571136200264
Kochi,2009,2009-07-25,28.511367698931863
Kochi,2009,2009-07-26,29.158146000662384
Kochi,2009,2009-07-27,27.567306093067128
Kochi,2009,2009-07-28,27.802658997463485
Kochi,2009,2009-07-29,27.759520256954318
Kochi,2009,2009-07-30,28.226368008513575
Kochi,2009,2009-07-31,28.472721841972323
Kochi,2009,2009-08-01,27.712807433082457
Kochi,2009,2009-08-02,28.23994905671245
Kochi,2009,2009-08-03,27.233757791907134
Kochi,2009,2009-08-04,27.795443476432855
Kochi,2009,2009-08-05,26.950173673026704
Kochi,2009,2009-08-06,29.201099348661696
Kochi,2009,2009-08-07,28.85719996332169
Kochi,2009,2009-08-08,28.745772176033576
Kochi,2009,2009-08-09,28.87172661434936
Kochi,2009,2009-08-10,27.6441720120121
Kochi,2009,2009-08-11,28.168111129575024
Kochi,2009,2009-08-12,27.983364803410666
Kochi,2009,2009-08-13,28.27145622195786
Kochi,2009,2009-08-14,28.23706182672841
Kochi,2009,2009-08-15,28.587002714913822
Kochi,2009,2009-08-16,28.791196638460033
Kochi,2009,2009-08-17,29.092950534908525
Kochi,2009,2009-08-18,28.878679560712133
Kochi,2009,2009-08-19,28.942714623509303
Kochi,2009,2009-08-20,29.06064003267612
Kochi,2009,2009-08-21,28.85014217135972
Kochi,2009,2009-08-22,28.844992982553897
Kochi,2009,2009-08-23,28.93344215682484
Kochi,2009,2009-08-24,28.5750666789168
Kochi,2009,2009-08-25,28.48570512787522
Kochi,2009,2009-08-26,28.895224463919746
Kochi,2009,2009-08-27,29.16654648032886
Kochi,2009,2009-08-28,28.31250374489514
Kochi,2009,2009-08-29,27.891767014094718
Kochi,2009,2009-08-30,28.374373910107206
Kochi,2009,2009-08-31,27.569263621497736
Kochi,2009,2009-09-01,28.440416491388465
Kochi,2009,2009-09-02,28.65029149853778
Kochi,2009,2009-09-03,29.89767636067782
Kochi,2009,2009-09-04,30.55234817106321
Kochi,2009,2009-09-05,31.261495952347346
Kochi,2009,2009-09-06,30.328945335582077
Kochi,2009,2009-09-07,30.080570484463124
Kochi,2009,2009-09-08,29.88945928965053
Kochi,2009,2009-09-09,28.147779163802312
Kochi,2009,2009-09-10,28.421799581769687
Kochi,2009,2009-09-11,29.06474625249865
Kochi,2009,2009-09-12,29.260148513287554
Kochi,2009,2009-09-13,29.247882982670596
Kochi,2009,2009-09-14,29.473333934333905
Kochi,2009,2009-09-15,30.210154074642784
Kochi,2009,2009-09-16,30.44146750717211
Kochi,2009,2009-09-17,30.398756079008866
Kochi,2009,2009-09-18,30.267632061419647
Kochi,2009,2009-09-19,29.873499047414338
Kochi,2009,2009-09-20,30.436525008933245
Kochi,2009,2009-09-21,30.12405308693921
Kochi,2009,2009-09-22,29.62697314548915
Kochi,2009,2009-09-23,29.660428613903576
Kochi,2009,2009-09-24,29.580612698203147
Kochi,2009,2009-09-25,29.545423033486934
Kochi,2009,2009-09-26,29.07742962371941
Kochi,2009,2009-09-27,29.663306900704676
Kochi,2009,2009-09-28,30.306878643896756
Kochi,2009,2009-09-29,30.03634680942993
Kochi,2009,2009-09-30,29.63790984744318
Kochi,2009,2009-10-01,29.86639451432
Kochi,2009,2009-10-02,30.213943975198625
Kochi,2009,2009-10-03,30.14332432560474
Kochi,2009,2009-10-04,30.77412798374472
Kochi,2009,2009-10-05,30.48540107233427
Kochi,2009,2009-10-06,30.52054113188101
Kochi,2009,2009-10-07,30.00871611881042
Kochi,2009,2009-10-08,30.48279848528406
Kochi,2009,2009-10-09,31.007534511100765
Kochi,2009,2009-10-10,30.646900037247462
Kochi,2009,2009-10-11,30.09724579898744
Kochi,2009,2009-10-12,30.62401817972941
Kochi,2009,2009-10-13,30.500739102338922
Kochi,2009,2009-10-14,30.11824069500218
Kochi,2009,2009-10-15,30.845452572079868
Kochi,2009,2009-10-16,31.278454204552684
Kochi,2009,2009-10-17,30.99647162145063
Kochi,2009,2009-10-18,31.078443629017556
Kochi,2009,2009-10-19,30.59023452515001
Kochi,2009,2009-10-20,29.98910409093876
Kochi,2009,2009-10-21,31.22662096276533
Kochi,2009,2009-10-22,33.16630900510433
Kochi,2009,2009-10-23,33.48631416981724
Kochi,2009,2009-10-24,31.099716719543412
Kochi,2009,2009-10-25,31.2860867893435
Kochi,2009,2009-10-26,31.337862451857426
Kochi,2009,2009-10-27,31.973117311201722
Kochi,2009,2009-10-28,31.288648512680606
Kochi,2009,2009-10-29,30.240979719911433
Kochi,2009,2009-10-30,29.858319610184566
Kochi,2009,2009-10-31,30.636242463147614
Kochi,2009,2009-11-01,30.831969677836543
Kochi,2009,2009-11-02,31.110776836134264
Kochi,2009,2009-11-03,31.27517193202987
Kochi,2009,2009-11-04,31.865627688395797
Kochi,2009,2009-11-05,30.53242760270265
Kochi,2009,2009-11-06,29.95215918663345
Kochi,2009,2009-11-07,29.482615342279054
Kochi,2009,2009-11-08,29.88436349464285
Kochi,2009,2009-11-09,31.803706140232634
Kochi,2009,2009-11-10,29.928812495174363
Kochi,2009,2009-11-11,29.999623607855575
Kochi,2009,2009-11-12,29.68634178428323
Kochi,2009,2009-11-13,29.988209466694098
Kochi,2009,2009-11-14,30.89853426109106
Kochi,2009,2009-11-15,28.93395886908313
Kochi,2009,2009-11-16,28.913673839934606
Kochi,2009,2009-11-17,30.091098153069645
Kochi,2009,2009-11-18,30.768181800485543
Kochi,2009,2009-11-19,30.507413830429062
Kochi,2009,2009-11-20,31.044792890079695
Kochi,2009,2009-11-21,31.39202405899231
Kochi,2009,2009-11-22,30.53618400294627
Kochi,2009,2009-11-23,31.486865344898558
Kochi,2009,2009-11-24,31.003154722232054
Kochi,2009,2009-11-25,30.011397842936915
Kochi,2009,2009-11-26,29.594143412550384
Kochi,2009,2009-11-27,29.439571821412294
Kochi,2009,2009-11-28,28.341494629946993
Kochi,2009,2009-11-29,27.604041492457682
Kochi,2009,2009-11-30,29.623426191245766
Kochi,2009,2009-12-01,31.500179907063583
Kochi,2009,2009-12-02,30.56986039864556
Kochi,2009,2009-12-03,30.6128525456669
Kochi,2009,2009-12-04,30.21718840487482
Kochi,2009,2009-12-05,30.286972599806163
Kochi,2009,2009-12-06,30.383921698703556
Kochi,2009,2009-12-07,31.23593098285537
Kochi,2009,2009-12-08,31.26534352751287
Kochi,2009,2009-12-09,31.01718973924409
Kochi,2009,2009-12-10,29.614592918731525
Kochi,2009,2009-12-11,29.377338556702924
Kochi,2009,2009-12-12,29.14162899657282
Kochi,2009,2009-12-13,29.399192915504322
Kochi,2009,2009-12-14,29.345229508576374
Kochi,2009,2009-12-15,29.131306124504825
Kochi,2009,2009-12-16,29.99376708524852
Kochi,2009,2009-12-17,31.886397442574708
Kochi,2009,2009-12-18,31.254438516622063
Kochi,2009,2009-12-19,31.837864114736732
Kochi,2009,2009-12-20,30.399802026284075
Kochi,2009,2009-12-21,30.763498877377994
Kochi,2009,2009-12-22,30.516575906334623
Kochi,2009,2009-12-23,28.844970242741923
Kochi,2009,2009-12-24,29.232257562403046
Kochi,2009,2009-12-25,29.731691923335315
Kochi,2009,2009-12-26,29.87373837673769
Kochi,2009,2009-12-27,28.87647568138
Kochi,2009,2009-12-28,29.990486681582233
Kochi,2009,2009-12-29,29.775698214276925
Kochi,2009,2009-12-30,29.023880235882846
Kochi,2009,2009-12-31,29.703970881719187
Bikaner,2005,2005-01-01,19.47561188612074
Bikaner,2005,2005-01-02,18.267831519857364
Bikaner,2005,2005-01-03,17.494957232381232
Bikaner,2005,2005-01-04,17.18917332118732
Bikaner,2005,2005-01-05,18.960635263585477
Bikaner,2005,2005-01-06,21.498048995751063
Bikaner,2005,2005-01-07,21.44442439245814
Bikaner,2005,2005-01-08,21.3271770110374
Bikaner,2005,2005-01-09,20.88941812146495
Bikaner,2005,2005-01-10,20.860628581333955
Bikaner,2005,2005-01-11,21.520747870969416
Bikaner,2005,2005-01-12,21.66100154391368
Bikaner,2005,2005-01-13,22.052470820157207
Bikaner,2005,2005-01-14,22.83460607505338
Bikaner,2005,2005-01-15,21.606926848582884
Bikaner,2005,2005-01-16,21.44737364843785
Bikaner,2005,2005-01-17,21.488265230932605
Bikaner,2005,2005-01-18,21.576459135471296
Bikaner,2005,2005-01-19,20.853465533182607
Bikaner,2005,2005-01-20,20.76233624156724
Bikaner,2005,2005-01-21,20.149800013649617
Bikaner,2005,2005-01-22,20.052309631059043
Bikaner,2005,2005-01-23,20.846989505562355
Bikaner,2005,2005-01-24,21.542420181710142
Bikaner,2005,2005-01-25,21.68045835425299
Bikaner,2005,2005-01-26,22.69044213419899
Bikaner,2005,2005-01-27,23.442639784845458
Bikaner,2005,2005-01-28,24.065855090539017
Bikaner,2005,2005-01-29,25.367615360743933
Bikaner,2005,2005-01-30,24.00986587843161
Bikaner,2005,2005-01-31,22.577232070804126
Bikaner,2005,2005-02-01,23.19717584458347
Bikaner,2005,2005-02-02,23.402078182271207
Bikaner,2005,2005-02-03,22.211550716385172
Bikaner,2005,2005-02-04,19.601650334762454
Bikaner,2005,2005-02-05,19.050324305634255
Bikaner,2005,2005-02-06,21.123033871208506
Bikaner,2005,2005-02-07,23.007873455178405
Bikaner,2005,2005-02-08,20.368630901425263
Bikaner,2005,2005-02-09,21.001533575003833
Bikaner,2005,2005-02-10,22.100213098355063
Bikaner,2005,2005-02-11,23.341968522387365
Bikaner,2005,2005-02-12,18.806528589956798
Bikaner,2005,2005-02-13,20.27133967102158
Bikaner,2005,2005-02-14,20.615275241657056
Bikaner,2005,2005-02-15,22.676198163256498
Bikaner,2005,2005-02-16,22.747029555225353
Bikaner,2005,2005-02-17,22.647814024653094
Bikaner,2005,2005-02-18,22.62249346306881
Bikaner,2005,2005-02-19,22.854085673581853
Bikaner,2005,2005-02-20,22.862378818026606
Bikaner,2005,2005-02-21,22.628466011311886
Bikaner,2005,2005-02-22,23.80295527501847
Bikaner,2005,2005-02-23,24.671266768224402
Bikaner,2005,2005-02-24,24.697744672958613
Bikaner,2005,2005-02-25,26.145937414025273
Bikaner,2005,2005-02-26,26.90962770375564
Bikaner,2005,2005-02-27,26.777695511831432
Bikaner,2005,2005-02-28,25.853160739531365
Bikaner,2005,2005-03-01,25.12808021497978
Bikaner,2005,2005-03-02,24.833646185848707
Bikaner,2005,2005-03-03,27.161864524790985
Bikaner,2005,2005-03-04,26.136941872791272
Bikaner,2005,2005-03-05,23.48674677295233
Bikaner,2005,2005-03-06,23.146433373540297
Bikaner,2005,2005-03-07,23.228913126330827
Bikaner,2005,2005-03-08,27.77363330286753
Bikaner,2005,2005-03-09,25.65513116874641
Bikaner,2005,2005-03-10,21.650364338234958
Bikaner,2005,2005-03-11,23.112523239279014
Bikaner,2005,2005-03-12,22.8055376833233
Bikaner,2005,2005-03-13,22.69471068731389
Bikaner,2005,2005-03-14,23.59917735288156
Bikaner,2005,2005-03-15,24.441642480516187
Bikaner,2005,2005-03-16,27.108360986932116
Bikaner,2005,2005-03-17,26.283193434172667
Bikaner,2005,2005-03-18,25.368127737553102
Bikaner,2005,2005-03-19,25.05980422880921
Bikaner,2005,2005-03-20,26.685468859499423
Bikaner,2005,2005-03-21,26.037210585515243
Bikaner,2005,2005-03-22,25.844114031008765
Bikaner,2005,2005-03-23,24.99426183478468
Bikaner,2005,2005-03-24,26.34038206800707
Bikaner,2005,2005-03-25,25.257478716465396
Bikaner,2005,2005-03-26,27.427624076432846
Bikaner,2005,2005-03-27,27.423420364025777
Bikaner,2005,2005-03-28,25.727710467629468
Bikaner,2005,2005-03-29,25.994662162448098
Bikaner,2005,2005-03-30,26.318153065929252
Bikaner,2005,2005-03-31,27.082607949582474
Bikaner,2005,2005-04-01,27.434859757461354
Bikaner,2005,2005-04-02,27.859154196371943
Bikaner,2005,2005-04-03,29.062263208794885
Bikaner,2005,2005-04-04,28.702922159549047
Bikaner,2005,2005-04-05,29.402516374415306
Bikaner,2005,2005-04-06,30.603197239708727
Bikaner,2005,2005-04-07,30.745235243486526
Bikaner,2005,2005-04-08,30.43737440069372
Bikaner,2005,2005-04-09,30.099387143640953
Bikaner,2005,2005-04-10,30.628590855912346
Bikaner,2005,2005-04-11,29.964786298105523
Bikaner,2005,2005-04-12,28.71382657528232
Bikaner,2005,2005-04-13,26.267183460037757
Bikaner,2005,2005-04-14,26.744554725368967
Bikaner,2005,2005-04-15,28.21722747046947
Bikaner,2005,2005-04-16,29.621433709342448
Bikaner,2005,2005-04-17,30.941653477154325
Bikaner,2005,2005-04-18,31.601358537784613
Bikaner,2005,2005-04-19,31.553373711253503
Bikaner,2005,2005-04-20,31.141739140378217
Bikaner,2005,2005-04-21,30.656762391541555
Bikaner,2005,2005-04-22,31.883053992877144
Bikaner,2005,2005-04-23,32.58968155034031
Bikaner,2005,2005-04-24,33.240140647631435
Bikaner,2005,2005-04-25,32.883740585673365
Bikaner,2005,2005-04-26,32.81643264364663
Bikaner,2005,2005-04-27,31.761455423374805
Bikaner,2005,2005-04-28,31.688422652085073
Bikaner,2005,2005-04-29,31.449007932107637
Bikaner,2005,2005-04-30,31.617302673947705
Bikaner,2005,2005-05-01,31.454297498223358
Bikaner,2005,2005-05-02,33.645387050848356
Bikaner,2005,2005-05-03,33.40016219494179
Bikaner,2005,2005-05-04,33.13487915571824
Bikaner,2005,2005-05-05,33.98747179897772
Bikaner,2005,2005-05-06,34.1284078558369
Bikaner,2005,2005-05-07,34.39208244809513
Bikaner,2005,2005-05-08,33.21777677517414
Bikaner,2005,2005-05-09,31.501950449644223
Bikaner,2005,2005-05-10,30.7971050158528
Bikaner,2005,2005-05-11,32.415872500838134
Bikaner,2005,2005-05-12,32.29222903750588
Bikaner,2005,2005-05-13,32.02533823497314
Bikaner,2005,2005-05-14,32.68422124888517
Bikaner,2005,2005-05-15,33.136044543784394
Bikaner,2005,2005-05-16,34.166154619331984
Bikaner,2005,2005-05-17,34.11911105945285
Bikaner,2005,2005-05-18,34.86030934147048
Bikaner,2005,2005-05-19,34.47174296153079
Bikaner,2005,2005-05-20,35.11227618495884
Bikaner,2005,2005-05-21,35.32594228983352
Bikaner,2005,2005-05-22,34.12757674280819
Bikaner,2005,2005-05-23,35.03323461155524
Bikaner,2005,2005-05-24,34.62979661515159
Bikaner,2005,2005-05-25,34.59164662621715
Bikaner,2005,2005-05-26,34.16188134617139
Bikaner,2005,2005-05-27,33.81545353919947
Bikaner,2005,2005-05-28,33.116277178820404
Bikaner,2005,2005-05-29,33.519290821398535
Bikaner,2005,2005-05-30,33.82178246279507
Bikaner,2005,2005-05-31,34.14651324822211
Bikaner,2005,2005-06-01,33.745172097707595
Bikaner,2005,2005-06-02,33.76092947407918
Bikaner,2005,2005-06-03,33.64401648055137
Bikaner,2005,2005-06-04,32.91191693109198
Bikaner,2005,2005-06-05,32.449625413886736
Bikaner,2005,2005-06-06,32.59034514206275
Bikaner,2005,2005-06-07,32.96547101344791
Bikaner,2005,2005-06-08,32.665598009329614
Bikaner,2005,2005-06-09,33.22056635538883
Bikaner,2005,2005-06-10,33.646038456663
Bikaner,2005,2005-06-11,33.59214477869648
Bikaner,2005,2005-06-12,34.866336070803655
Bikaner,2005,2005-06-13,33.869554317666655
Bikaner,2005,2005-06-14,34.215483883095175
Bikaner,2005,2005-06-15,33.99482722899311
Bikaner,2005,2005-06-16,34.21477895771323
Bikaner,2005,2005-06-17,33.41530632786767
Bikaner,2005,2005-06-18,33.84293264243369
Bikaner,2005,2005-06-19,34.67640242055891
Bikaner,2005,2005-06-20,34.58113844643772
Bikaner,2005,2005-06-21,34.93887405894866
Bikaner,2005,2005-06-22,34.337722344468006
Bikaner,2005,2005-06-23,34.33287600518264
Bikaner,2005,2005-06-24,34.24440116580138
Bikaner,2005,2005-06-25,34.21359914749396
Bikaner,2005,2005-06-26,34.12468930123312
Bikaner,2005,2005-06-27,33.95940078623951
Bikaner,2005,2005-06-28,34.100106768537245
Bikaner,2005,2005-06-29,34.738382713452275
Bikaner,2005,2005-06-30,33.72776470995626
Bikaner,2005,2005-07-01,34.430810686599706
Bikaner,2005,2005-07-02,34.29696229382513
Bikaner,2005,2005-07-03,33.75195813880253
Bikaner,2005,2005-07-04,33.73704095855106
Bikaner,2005,2005-07-05,34.17178958880687
Bikaner,2005,2005-07-06,33.636445769453324
Bikaner,2005,2005-07-07,32.92278367806598
Bikaner,2005,2005-07-08,32.3640352562838
Bikaner,2005,2005-07-09,32.45694940246409
Bikaner,2005,2005-07-10,32.94811254290583
Bikaner,2005,2005-07-11,32.069704982748455
Bikaner,2005,2005-07-12,32.413443103838695
Bikaner,2005,2005-07-13,32.838142004384764
Bikaner,2005,2005-07-14,33.00291770728665
Bikaner,2005,2005-07-15,32.89443236115861
Bikaner,2005,2005-07-16,34.13501622471131
Bikaner,2005,2005-07-17,34.045281794254116
Bikaner,2005,2005-07-18,34.12351158424626
Bikaner,2005,2005-07-19,33.80144874238922
Bikaner,2005,2005-07-20,33.67791168157022
Bikaner,2005,2005-07-21,32.878976433507994
Bikaner,2005,2005-07-22,32.501743659253165
Bikaner,2005,2005-07-23,32.15508420924521
Bikaner,2005,2005-07-24,33.30895960618341
Bikaner,2005,2005-07-25,33.11617683030617
Bikaner,2005,2005-07-26,34.03518375856997
Bikaner,2005,2005-07-27,33.97428858244308
Bikaner,2005,2005-07-28,32.95542630668007
Bikaner,2005,2005-07-29,33.017699079454815
Bikaner,2005,2005-07-30,31.30510920273773
Bikaner,2005,2005-07-31,29.870715865746945
Bikaner,2005,2005-08-01,31.034380318315122
Bikaner,2005,2005-08-02,32.71416294295214
Bikaner,2005,2005-08-03,32.078262228260236
Bikaner,2005,2005-08-04,33.810812533837066
Bikaner,2005,2005-08-05,33.654718061128385
Bikaner,2005,2005-08-06,33.44927601948412
Bikaner,2005,2005-08-07,34.136495590419834
Bikaner,2005,2005-08-08,34.24672766169273
Bikaner,2005,2005-08-09,32.69709912496752
Bikaner,2005,2005-08-10,31.875360368108872
Bikaner,2005,2005-08-11,31.571631185034132
Bikaner,2005,2005-08-12,29.54260121821467
Bikaner,2005,2005-08-13,31.6136586835818
Bikaner,2005,2005-08-14,29.955709947875988
Bikaner,2005,2005-08-15,31.160212654964063
Bikaner,2005,2005-08-16,32.93309009024114
Bikaner,2005,2005-08-17,32.730902838577066
Bikaner,2005,2005-08-18,32.661178951653724
Bikaner,2005,2005-08-19,32.03350816086039
Bikaner,2005,2005-08-20,32.12547318044156
Bikaner,2005,2005-08-21,32.70799696241044
Bikaner,2005,2005-08-22,31.892531833854484
Bikaner,2005,2005-08-23,32.17268157200925
Bikaner,2005,2005-08-24,32.47520695268982
Bikaner,2005,2005-08-25,32.888535509440594
Bikaner,2005,2005-08-26,32.53346572030852
Bikaner,2005,2005-08-27,32.262851007754485
Bikaner,2005,2005-08-28,32.84639881161936
Bikaner,2005,2005-08-29,33.008247410182165
Bikaner,2005,2005-08-30,32.91759056076178
Bikaner,2005,2005-08-31,33.138702893634644
Bikaner,2005,2005-09-01,32.65307253179244
Bikaner,2005,2005-09-02,31.371692912100492
Bikaner,2005,2005-09-03,32.157947108034236
Bikaner,2005,2005-09-04,32.27029019945115
Bikaner,2005,2005-09-05,33.090333146414494
Bikaner,2005,2005-09-06,33.52991886859737
Bikaner,2005,2005-09-07,32.75998494778248
Bikaner,2005,2005-09-08,32.53081777206887
Bikaner,2005,2005-09-09,31.441097003688363
Bikaner,2005,2005-09-10,31.487486778567735
Bikaner,2005,2005-09-11,32.453089657799396
Bikaner,2005,2005-09-12,32.752695543308946
Bikaner,2005,2005-09-13,32.71041447259166
Bikaner,2005,2005-09-14,32.983766167947465
Bikaner,2005,2005-09-15,32.32593979598151
Bikaner,2005,2005-09-16,32.20308304194397
Bikaner,2005,2005-09-17,32.53980991944726
Bikaner,2005,2005-09-18,32.191848810986635
Bikaner,2005,2005-09-19,33.09122503479207
Bikaner,2005,2005-09-20,32.655007591967184
Bikaner,2005,2005-09-21,32.2701399088351
Bikaner,2005,2005-09-22,32.918781631506334
Bikaner,2005,2005-09-23,31.7460862583426
Bikaner,2005,2005-09-24,30.723289130419893
Bikaner,2005,2005-09-25,31.158226074591024
Bikaner,2005,2005-09-26,32.14375992785525
Bikaner,2005,2005-09-27,31.72702422849833
Bikaner,2005,2005-09-28,31.71468059311908
Bikaner,2005,2005-09-29,31.789741369380085
Bikaner,2005,2005-09-30,32.19566610749288
Bikaner,2005,2005-10-01,32.52327032409547
Bikaner,2005,2005-10-02,32.42339893832897
Bikaner,2005,2005-10-03,32.296013515918666
Bikaner,2005,2005-10-04,31.691926645835604
Bikaner,2005,2005-10-05,32.070459718972515
Bikaner,2005,2005-10-06,32.358543084052194
Bikaner,2005,2005-10-07,32.17571713212244
Bikaner,2005,2005-10-08,32.00350430048032
Bikaner,2005,2005-10-09,31.79790008514219
Bikaner,2005,2005-10-10,31.262896128940472
Bikaner,2005,2005-10-11,30.66705324256466
Bikaner,2005,2005-10-12,30.435559267016988
Bikaner,2005,2005-10-13,30.509029276018797
Bikaner,2005,2005-10-14,30.565597305850815
Bikaner,2005,2005-10-15,30.6995740247896
Bikaner,2005,2005-10-16,30.23411925384731
Bikaner,2005,2005-10-17,30.191967946553035
Bikaner,2005,2005-10-18,30.14434560165934
Bikaner,2005,2005-10-19,30.135051014041068
Bikaner,2005,2005-10-20,30.428993930407263
Bikaner,2005,2005-10-21,29.07535648362646
Bikaner,2005,2005-10-22,28.805359286393184
Bikaner,2005,2005-10-23,29.124773500577614
Bikaner,2005,2005-10-24,29.51200190349835
Bikaner,2005,2005-10-25,29.330473525709944
Bikaner,2005,2005-10-26,29.39285058160368
Bikaner,2005,2005-10-27,27.584987391118503
Bikaner,2005,2005-10-28,27.395333092420373
Bikaner,2005,2005-10-29,28.139090363769263
Bikaner,2005,2005-10-30,27.887650918388758
Bikaner,2005,2005-10-31,28.571990086086014
Bikaner,2005,2005-11-01,28.993695216702307
Bikaner,2005,2005-11-02,28.072581892467454
Bikaner,2005,2005-11-03,27.803960088191626
Bikaner,2005,2005-11-04,27.507245147387742
Bikaner,2005,2005-11-05,28.535925221973923
Bikaner,2005,2005-11-06,28.850273405682064
Bikaner,2005,2005-11-07,28.92872552106935
Bikaner,2005,2005-11-08,28.37237794437322
Bikaner,2005,2005-11-09,28.18603860324194
Bikaner,2005,2005-11-10,27.952600267126662
Bikaner,2005,2005-11-11,26.696867306786494
Bikaner,2005,2005-11-12,27.999217644570614
Bikaner,2005,2005-11-13,28.125417043282724
Bikaner,2005,2005-11-14,28.27911167894925
Bikaner,2005,2005-11-15,28.45888536998012
Bikaner,2005,2005-11-16,27.883666109488907
Bikaner,2005,2005-11-17,27.88568668078676
Bikaner,2005,2005-11-18,25.99188032180865
Bikaner,2005,2005-11-19,26.54729558821578
Bikaner,2005,2005-11-20,26.650101568522608
Bikaner,2005,2005-11-21,25.96480119318977
Bikaner,2005,2005-11-22,24.62353928827821
Bikaner,2005,2005-11-23,24.257414692375114
Bikaner,2005,2005-11-24,24.55105837654277
Bikaner,2005,2005-11-25,25.49240283016608
Bikaner,2005,2005-11-26,27.02008157275445
Bikaner,2005,2005-11-27,27.297467687933963
Bikaner,2005,2005-11-28,27.09592260702702
Bikaner,2005,2005-11-29,26.094507027092988
Bikaner,2005,2005-11-30,25.16419643490458
Bikaner,2005,2005-12-01,25.12808841082875
Bikaner,2005,2005-12-02,24.58660916672165
Bikaner,2005,2005-12-03,23.79405698233883
Bikaner,2005,2005-12-04,22.746277215365886
Bikaner,2005,2005-12-05,24.05224174499051
Bikaner,2005,2005-12-06,24.448439954448823
Bikaner,2005,2005-12-07,24.105908133560526
Bikaner,2005,2005-12-08,24.274397422207223
Bikaner,2005,2005-12-09,23.815455600801084
Bikaner,2005,2005-12-10,21.837127297373886
Bikaner,2005,2005-12-11,21.630780481924468
Bikaner,2005,2005-12-12,19.853723052195612
Bikaner,2005,2005-12-13,22.259459957734165
Bikaner,2005,2005-12-14,21.12964376151915
Bikaner,2005,2005-12-15,20.564409177495882
Bikaner,2005,2005-12-16,20.090372172404805
Bikaner,2005,2005-12-17,20.37606677704983
Bikaner,2005,2005-12-18,21.455102603685038
Bikaner,2005,2005-12-19,22.57519608992817
Bikaner,2005,2005-12-20,22.232304949057315
Bikaner,2005,2005-12-21,20.957176088378475
Bikaner,2005,2005-12-22,22.570920145847648
Bikaner,2005,2005-12-23,22.34109717690352
Bikaner,2005,2005-12-24,22.388615604789774
Bikaner,2005,2005-12-25,20.60729158219328
Bikaner,2005,2005-12-26,19.813164749794552
Bikaner,2005,2005-12-27,18.637696812501567
Bikaner,2005,2005-12-28,19.00530970128924
Bikaner,2005,2005-12-29,20.352783743822012
Bikaner,2005,2005-12-30,21.12417458445671
Bikaner,2005,2005-12-31,21.449437606051355
Bikaner,2007,2007-01-01,20.994396533661806
Bikaner,2007,2007-01-02,21.804943118635173
Bikaner,2007,2007-01-03,21.60396761877633
Bikaner,2007,2007-01-04,18.04989680409764
Bikaner,2007,2007-01-05,12.10968518931108
Bikaner,2007,2007-01-06,12.815386344266365
Bikaner,2007,2007-01-07,17.6669096428039
Bikaner,2007,2007-01-08,20.250606924263572
Bikaner,2007,2007-01-09,21.275910673587994
Bikaner,2007,2007-01-10,21.175974363404098
Bikaner,2007,2007-01-11,20.89541484731088
Bikaner,2007,2007-01-12,18.976964568827132
Bikaner,2007,2007-01-13,17.67092574652017
Bikaner,2007,2007-01-14,14.99254300593127
Bikaner,2007,2007-01-15,14.340875677349679
Bikaner,2007,2007-01-16,15.005932030421711
Bikaner,2007,2007-01-17,15.054444663657698
Bikaner,2007,2007-01-18,17.7325019479812
Bikaner,2007,2007-01-19,19.92639487174718
Bikaner,2007,2007-01-20,22.255022731109598
Bikaner,2007,2007-01-21,19.692361771358502
Bikaner,2007,2007-01-22,18.653927384559697
Bikaner,2007,2007-01-23,19.09835829694985
Bikaner,2007,2007-01-24,20.368490480812415
Bikaner,2007,2007-01-25,20.709113525162852
Bikaner,2007,2007-01-26,22.07450397969651
Bikaner,2007,2007-01-27,22.001850227030957
Bikaner,2007,2007-01-28,21.76416660315903
Bikaner,2007,2007-01-29,21.761898066886946
Bikaner,2007,2007-01-30,21.97373008263073
Bikaner,2007,2007-01-31,23.908674973431985
Bikaner,2007,2007-02-01,24.569772544544644
Bikaner,2007,2007-02-02,24.90136018115771
Bikaner,2007,2007-02-03,24.51340731658206
Bikaner,2007,2007-02-04,25.21459435412727
Bikaner,2007,2007-02-05,24.030404675504904
Bikaner,2007,2007-02-06,23.21185384604317
Bikaner,2007,2007-02-07,22.76618189998579
Bikaner,2007,2007-02-08,22.184535399280847
Bikaner,2007,2007-02-09,18.068233953552628
Bikaner,2007,2007-02-10,20.515503809169044
Bikaner,2007,2007-02-11,20.55481787186289
Bikaner,2007,2007-02-12,19.62976555572095
Bikaner,2007,2007-02-13,20.37571124601397
Bikaner,2007,2007-02-14,21.74519823359359
Bikaner,2007,2007-02-15,23.031327011427912
Bikaner,2007,2007-02-16,22.98309797562723
Bikaner,2007,2007-02-17,24.75880328973165
Bikaner,2007,2007-02-18,26.39539828021938
Bikaner,2007,2007-02-19,25.294357132986562
Bikaner,2007,2007-02-20,25.315531406516293
Bikaner,2007,2007-02-21,24.983058613171913
Bikaner,2007,2007-02-22,25.25683466948756
Bikaner,2007,2007-02-23,26.329334238823016
Bikaner,2007,2007-02-24,26.555799809693177
Bikaner,2007,2007-02-25,27.472317723429303
Bikaner,2007,2007-02-26,27.128358258024203
Bikaner,2007,2007-02-27,26.093599528257414
Bikaner,2007,2007-02-28,27.343578136990665
Bikaner,2007,2007-03-01,27.72300433898101
Bikaner,2007,2007-03-02,26.898129325877758
Bikaner,2007,2007-03-03,24.455683025913746
Bikaner,2007,2007-03-04,23.742801615480882
Bikaner,2007,2007-03-05,23.4278992602677
Bikaner,2007,2007-03-06,23.11762558770551
Bikaner,2007,2007-03-07,23.243860115072607
Bikaner,2007,2007-03-08,24.116679098907785
Bikaner,2007,2007-03-09,23.94664439536541
Bikaner,2007,2007-03-10,24.960395542297217
Bikaner,2007,2007-03-11,25.192529799140967
Bikaner,2007,2007-03-12,24.026225881216682
Bikaner,2007,2007-03-13,25.149057742491244
Bikaner,2007,2007-03-14,26.088927944171175
Bikaner,2007,2007-03-15,26.523098387951833
Bikaner,2007,2007-03-16,26.63128816682894
Bikaner,2007,2007-03-17,27.312450515930408
Bikaner,2007,2007-03-18,27.728544258892846
Bikaner,2007,2007-03-19,27.94711459481352
Bikaner,2007,2007-03-20,28.742151221879286
Bikaner,2007,2007-03-21,27.791045300197286
Bikaner,2007,2007-03-22,24.98498960902199
Bikaner,2007,2007-03-23,27.03357583908684
Bikaner,2007,2007-03-24,28.075464966827266
Bikaner,2007,2007-03-25,28.62714928381171
Bikaner,2007,2007-03-26,30.10984687720934
Bikaner,2007,2007-03-27,30.72236741551516
Bikaner,2007,2007-03-28,30.477876986508065
Bikaner,2007,2007-03-29,30.655753462001716
Bikaner,2007,2007-03-30,29.29825188085757
Bikaner,2007,2007-03-31,29.41943945708885
Bikaner,2007,2007-04-01,29.89761586741119
Bikaner,2007,2007-04-02,30.37214317371509
Bikaner,2007,2007-04-03,30.427586099878223
Bikaner,2007,2007-04-04,30.342408423741844
Bikaner,2007,2007-04-05,28.41216021908301
Bikaner,2007,2007-04-06,28.308616305559433
Bikaner,2007,2007-04-07,29.387511009454684
Bikaner,2007,2007-04-08,30.063257298139852
Bikaner,2007,2007-04-09,32.13833683728198
Bikaner,2007,2007-04-10,32.093659393134686
Bikaner,2007,2007-04-11,31.62995911889464
Bikaner,2007,2007-04-12,31.955073807936202
Bikaner,2007,2007-04-13,31.927629940659166
Bikaner,2007,2007-04-14,32.17735304925965
Bikaner,2007,2007-04-15,30.50691163630995
Bikaner,2007,2007-04-16,28.518343917150276
Bikaner,2007,2007-04-17,29.48036085629531
Bikaner,2007,2007-04-18,29.886434072359904
Bikaner,2007,2007-04-19,31.482936748194888
Bikaner,2007,2007-04-20,32.49384725862662
Bikaner,2007,2007-04-21,32.470385456001296
Bikaner,2007,2007-04-22,32.86199303340955
Bikaner,2007,2007-04-23,33.402315432817005
Bikaner,2007,2007-04-24,33.72509144280944
Bikaner,2007,2007-04-25,32.519136262298616
Bikaner,2007,2007-04-26,31.73475997694924
Bikaner,2007,2007-04-27,31.474532840017098
Bikaner,2007,2007-04-28,31.93815805396301
Bikaner,2007,2007-04-29,30.5353270582994
Bikaner,2007,2007-04-30,31.317457949991905
Bikaner,2007,2007-05-01,31.250041341914507
Bikaner,2007,2007-05-02,31.294642220244295
Bikaner,2007,2007-05-03,32.217082628564334
Bikaner,2007,2007-05-04,31.94540297257442
Bikaner,2007,2007-05-05,31.703064816183208
Bikaner,2007,2007-05-06,31.38336074635052
Bikaner,2007,2007-05-07,32.53962345117439
Bikaner,2007,2007-05-08,32.678880207265934
Bikaner,2007,2007-05-09,32.83229145554189
Bikaner,2007,2007-05-10,33.30480358428285
Bikaner,2007,2007-05-11,32.941240938889365
Bikaner,2007,2007-05-12,32.85373791520408
Bikaner,2007,2007-05-13,32.25274645665162
Bikaner,2007,2007-05-14,32.557163055382375
Bikaner,2007,2007-05-15,32.39270101661883
Bikaner,2007,2007-05-16,33.43635940390458
Bikaner,2007,2007-05-17,34.47596222625015
Bikaner,2007,2007-05-18,33.767024085430485
Bikaner,2007,2007-05-19,34.1079936895851
Bikaner,2007,2007-05-20,34.409473738060825
Bikaner,2007,2007-05-21,34.66116739424994
Bikaner,2007,2007-05-22,34.49701303719998
Bikaner,2007,2007-05-23,34.58110352112984
Bikaner,2007,2007-05-24,34.503345488301505
Bikaner,2007,2007-05-25,34.033887597787135
Bikaner,2007,2007-05-26,33.4641495687891
Bikaner,2007,2007-05-27,33.280388133533805
Bikaner,2007,2007-05-28,33.27650236963483
Bikaner,2007,2007-05-29,33.3682463140636
Bikaner,2007,2007-05-30,33.099192920258055
Bikaner,2007,2007-05-31,33.1654350711986
Bikaner,2007,2007-06-01,34.196770184439345
Bikaner,2007,2007-06-02,34.22866051589477
Bikaner,2007,2007-06-03,34.3742050702791
Bikaner,2007,2007-06-04,33.367256290235275
Bikaner,2007,2007-06-05,33.2605089937514
Bikaner,2007,2007-06-06,32.92958741891347
Bikaner,2007,2007-06-07,32.048676090551304
Bikaner,2007,2007-06-08,32.52039769982728
Bikaner,2007,2007-06-09,32.323577539640034
Bikaner,2007,2007-06-10,33.22848480792293
Bikaner,2007,2007-06-11,33.31192677565526
Bikaner,2007,2007-06-12,33.336367407928996
Bikaner,2007,2007-06-13,33.66610206909089
Bikaner,2007,2007-06-14,34.16252646391743
Bikaner,2007,2007-06-15,34.707824238841674
Bikaner,2007,2007-06-16,34.7421536734735
Bikaner,2007,2007-06-17,34.361039233593246
Bikaner,2007,2007-06-18,33.56203306701016
Bikaner,2007,2007-06-19,32.935468882295126
Bikaner,2007,2007-06-20,33.08245473957194
Bikaner,2007,2007-06-21,33.932007963058986
Bikaner,2007,2007-06-22,33.41774726542056
Bikaner,2007,2007-06-23,33.19583684424322
Bikaner,2007,2007-06-24,33.97445716379727
Bikaner,2007,2007-06-25,33.897012109095364
Bikaner,2007,2007-06-26,34.093162794888656
Bikaner,2007,2007-06-27,34.497266711897055
Bikaner,2007,2007-06-28,33.473254213485326
Bikaner,2007,2007-06-29,33.157722805955984
Bikaner,2007,2007-06-30,32.678534508639515
Bikaner,2007,2007-07-01,33.35861312309574
Bikaner,2007,2007-07-02,34.271567346885085
Bikaner,2007,2007-07-03,35.31011035075012
Bikaner,2007,2007-07-04,35.01758362485125
Bikaner,2007,2007-07-05,34.989126369006186
Bikaner,2007,2007-07-06,34.699761655189434
Bikaner,2007,2007-07-07,35.19786773721816
Bikaner,2007,2007-07-08,35.0224305846139
Bikaner,2007,2007-07-09,33.79630636701335
Bikaner,2007,2007-07-10,32.05534079677824
Bikaner,2007,2007-07-11,31.76417879951854
Bikaner,2007,2007-07-12,32.720256840937154
Bikaner,2007,2007-07-13,33.0817095304407
Bikaner,2007,2007-07-14,33.249853245581335
Bikaner,2007,2007-07-15,33.129354624468185
Bikaner,2007,2007-07-16,34.66743703385473
Bikaner,2007,2007-07-17,35.09032989615917
Bikaner,2007,2007-07-18,35.59958113585176
Bikaner,2007,2007-07-19,35.592276580064336
Bikaner,2007,2007-07-20,33.788214015672956
Bikaner,2007,2007-07-21,33.306623640108
Bikaner,2007,2007-07-22,33.42546975016006
Bikaner,2007,2007-07-23,32.325751299565255
Bikaner,2007,2007-07-24,31.60345321185689
Bikaner,2007,2007-07-25,32.60407555463692
Bikaner,2007,2007-07-26,33.5700355042401
Bikaner,2007,2007-07-27,33.57923965418429
Bikaner,2007,2007-07-28,33.434384421322164
Bikaner,2007,2007-07-29,33.51632051770736
Bikaner,2007,2007-07-30,33.13541486455968
Bikaner,2007,2007-07-31,32.66239341649848
Bikaner,2007,2007-08-01,32.70676446502578
Bikaner,2007,2007-08-02,32.6347571367964
Bikaner,2007,2007-08-03,30.863473017151485
Bikaner,2007,2007-08-04,30.932514347830946
Bikaner,2007,2007-08-05,31.997637744321082
Bikaner,2007,2007-08-06,33.21335601698471
Bikaner,2007,2007-08-07,33.694962512363645
Bikaner,2007,2007-08-08,33.39439639492136
Bikaner,2007,2007-08-09,33.56282287278826
Bikaner,2007,2007-08-10,32.969437567799886
Bikaner,2007,2007-08-11,30.406483400247904
Bikaner,2007,2007-08-12,31.14390589738601
Bikaner,2007,2007-08-13,32.65050803080724
Bikaner,2007,2007-08-14,33.75066390464922
Bikaner,2007,2007-08-15,35.768072456643495
Bikaner,2007,2007-08-16,35.234139382318524
Bikaner,2007,2007-08-17,36.257952642639495
Bikaner,2007,2007-08-18,34.36162361595298
Bikaner,2007,2007-08-19,33.35935040119885
Bikaner,2007,2007-08-20,33.25924151733711
Bikaner,2007,2007-08-21,32.88630701579372
Bikaner,2007,2007-08-22,31.798911455125815
Bikaner,2007,2007-08-23,31.77078773809128
Bikaner,2007,2007-08-24,31.199078557333646
Bikaner,2007,2007-08-25,31.48920816397651
Bikaner,2007,2007-08-26,32.230818092638096
Bikaner,2007,2007-08-27,33.38787582789435
Bikaner,2007,2007-08-28,33.460550914658164
Bikaner,2007,2007-08-29,33.15692585468585
Bikaner,2007,2007-08-30,32.89682439760677
Bikaner,2007,2007-08-31,33.14278175999036
Bikaner,2007,2007-09-01,33.16228631584525
Bikaner,2007,2007-09-02,32.28171732576874
Bikaner,2007,2007-09-03,32.238272521955786
Bikaner,2007,2007-09-04,31.85822980669571
Bikaner,2007,2007-09-05,31.20939655848171
Bikaner,2007,2007-09-06,30.36084943784446
Bikaner,2007,2007-09-07,31.118628266317387
Bikaner,2007,2007-09-08,32.171683447025934
Bikaner,2007,2007-09-09,32.553271803639674
Bikaner,2007,2007-09-10,32.54286549277601
Bikaner,2007,2007-09-11,32.87563045821877
Bikaner,2007,2007-09-12,32.08863752827054
Bikaner,2007,2007-09-13,31.15140361316914
Bikaner,2007,2007-09-14,30.615286861582046
Bikaner,2007,2007-09-15,29.315334750949813
Bikaner,2007,2007-09-16,30.285465728901915
Bikaner,2007,2007-09-17,30.290335046201143
Bikaner,2007,2007-09-18,30.328396594336816
Bikaner,2007,2007-09-19,30.291538673916516
Bikaner,2007,2007-09-20,31.57075164621996
Bikaner,2007,2007-09-21,31.757953324694107
Bikaner,2007,2007-09-22,31.987418292257033
Bikaner,2007,2007-09-23,32.07925310204267
Bikaner,2007,2007-09-24,32.07504848808315
Bikaner,2007,2007-09-25,32.140324260409805
Bikaner,2007,2007-09-26,31.729631662230272
Bikaner,2007,2007-09-27,31.26846873477193
Bikaner,2007,2007-09-28,30.887654530372522
Bikaner,2007,2007-09-29,30.596024593315864
Bikaner,2007,2007-09-30,30.533415887494208
Bikaner,2007,2007-10-01,31.58412743972687
Bikaner,2007,2007-10-02,31.79319235151007
Bikaner,2007,2007-10-03,32.19222655208299
Bikaner,2007,2007-10-04,31.42625764296028
Bikaner,2007,2007-10-05,31.68304754468749
Bikaner,2007,2007-10-06,32.044673281682996
Bikaner,2007,2007-10-07,30.715543163098825
Bikaner,2007,2007-10-08,29.005545551432334
Bikaner,2007,2007-10-09,26.813027167084016
Bikaner,2007,2007-10-10,29.277367416548636
Bikaner,2007,2007-10-11,29.029256568659623
Bikaner,2007,2007-10-12,29.617828231042186
Bikaner,2007,2007-10-13,29.82001310183253
Bikaner,2007,2007-10-14,29.254561042820207
Bikaner,2007,2007-10-15,30.34885390469015
Bikaner,2007,2007-10-16,31.00651557441313
Bikaner,2007,2007-10-17,30.98796357347626
Bikaner,2007,2007-10-18,31.010180924462794
Bikaner,2007,2007-10-19,29.34998051732203
Bikaner,2007,2007-10-20,28.71525388310911
Bikaner,2007,2007-10-21,28.993766110261355
Bikaner,2007,2007-10-22,28.385441728363716
Bikaner,2007,2007-10-23,29.317969104078323
Bikaner,2007,2007-10-24,29.865972734757836
Bikaner,2007,2007-10-25,29.631333394801956
Bikaner,2007,2007-10-26,28.990724603332364
Bikaner,2007,2007-10-27,28.918384161161896
Bikaner,2007,2007-10-28,28.907774818336257
Bikaner,2007,2007-10-29,29.240918752738974
Bikaner,2007,2007-10-30,29.16702731797142
Bikaner,2007,2007-10-31,28.947755575494366
Bikaner,2007,2007-11-01,28.987275786986206
Bikaner,2007,2007-11-02,28.5137907483318
Bikaner,2007,2007-11-03,28.379175994434934
Bikaner,2007,2007-11-04,28.55964487546344
Bikaner,2007,2007-11-05,28.349832213344165
Bikaner,2007,2007-11-06,27.854134431291563
Bikaner,2007,2007-11-07,27.655105105337196
Bikaner,2007,2007-11-08,27.145776455906176
Bikaner,2007,2007-11-09,26.918050230697112
Bikaner,2007,2007-11-10,26.16077349854681
Bikaner,2007,2007-11-11,26.89856887684896
Bikaner,2007,2007-11-12,27.266100631004264
Bikaner,2007,2007-11-13,26.70710712763358
Bikaner,2007,2007-11-14,27.0545506258421
Bikaner,2007,2007-11-15,26.863224873654794
Bikaner,2007,2007-11-16,26.974218275490912
Bikaner,2007,2007-11-17,26.786923899888944
Bikaner,2007,2007-11-18,26.52961062478272
Bikaner,2007,2007-11-19,26.19019919676177
Bikaner,2007,2007-11-20,25.92950765981538
Bikaner,2007,2007-11-21,25.829282160958513
Bikaner,2007,2007-11-22,25.278638146348634
Bikaner,2007,2007-11-23,24.85056452804161
Bikaner,2007,2007-11-24,25.301928715775215
Bikaner,2007,2007-11-25,25.716373456617788
Bikaner,2007,2007-11-26,25.699854257552953
Bikaner,2007,2007-11-27,25.142581104820287
Bikaner,2007,2007-11-28,25.92933764024091
Bikaner,2007,2007-11-29,26.27578388310099
Bikaner,2007,2007-11-30,26.099396597606052
Bikaner,2007,2007-12-01,25.839453731743745
Bikaner,2007,2007-12-02,24.76455814495518
Bikaner,2007,2007-12-03,24.810101782580755
Bikaner,2007,2007-12-04,25.1914449016446
Bikaner,2007,2007-12-05,25.995234507101475
Bikaner,2007,2007-12-06,26.104564452763984
Bikaner,2007,2007-12-07,25.867594213831524
Bikaner,2007,2007-12-08,25.421393307785657
Bikaner,2007,2007-12-09,24.363273837779726
Bikaner,2007,2007-12-10,25.69011515954332
Bikaner,2007,2007-12-11,25.709167312821148
Bikaner,2007,2007-12-12,24.832688064536722
Bikaner,2007,2007-12-13,24.065331822983435
Bikaner,2007,2007-12-14,24.19788188159346
Bikaner,2007,2007-12-15,24.245809295462912
Bikaner,2007,2007-12-16,24.5157642825425
Bikaner,2007,2007-12-17,22.311827798032425
Bikaner,2007,2007-12-18,24.687260013977
Bikaner,2007,2007-12-19,25.487336577765543
Bikaner,2007,2007-12-20,24.900557167963463
Bikaner,2007,2007-12-21,23.852556948897288
Bikaner,2007,2007-12-22,23.647396467466734
Bikaner,2007,2007-12-23,23.698233951701578
Bikaner,2007,2007-12-24,22.987637485123848
Bikaner,2007,2007-12-25,23.317248496888347
Bikaner,2007,2007-12-26,23.236373497167804
Bikaner,2007,2007-12-27,21.00749111068296
Bikaner,2007,2007-12-28,18.37855416249929
Bikaner,2007,2007-12-29,21.850606756187194
Bikaner,2007,2007-12-30,20.37009920610886
Bikaner,2007,2007-12-31,18.529817306646258
Bikaner,2009,2009-01-01,24.568128558466483
Bikaner,2009,2009-01-02,24.15954373941626
Bikaner,2009,2009-01-03,22.139884917271324
Bikaner,2009,2009-01-04,22.311073957769533
Bikaner,2009,2009-01-05,23.17874808943316
Bikaner,2009,2009-01-06,22.96450049111438
Bikaner,2009,2009-01-07,23.86581701253449
Bikaner,2009,2009-01-08,24.337789150342548
Bikaner,2009,2009-01-09,20.466672114998076
Bikaner,2009,2009-01-10,18.696794329770512
Bikaner,2009,2009-01-11,19.371325980125043
Bikaner,2009,2009-01-12,22.39258252712343
Bikaner,2009,2009-01-13,24.265939572139565
Bikaner,2009,2009-01-14,23.074313300619885
Bikaner,2009,2009-01-15,22.663850301855145
Bikaner,2009,2009-01-16,22.77238287911998
Bikaner,2009,2009-01-17,23.2880737837175
Bikaner,2009,2009-01-18,21.833197851416777
Bikaner,2009,2009-01-19,16.223263904693482
Bikaner,2009,2009-01-20,17.06363645661957
Bikaner,2009,2009-01-21,17.817351490604292
Bikaner,2009,2009-01-22,16.125527187819735
Bikaner,2009,2009-01-23,15.69498636058244
Bikaner,2009,2009-01-24,16.624468350788728
Bikaner,2009,2009-01-25,17.370957790310094
Bikaner,2009,2009-01-26,18.5499936962522
Bikaner,2009,2009-01-27,21.055403586780916
Bikaner,2009,2009-01-28,23.8911399861097
Bikaner,2009,2009-01-29,24.65879715087245
Bikaner,2009,2009-01-30,24.70448164102558
Bikaner,2009,2009-01-31,24.4406431006293
Bikaner,2009,2009-02-01,23.0802973569406
Bikaner,2009,2009-02-02,21.9982294740651
Bikaner,2009,2009-02-03,21.72317811564506
Bikaner,2009,2009-02-04,21.801307847066905
Bikaner,2009,2009-02-05,23.478493303464603
Bikaner,2009,2009-02-06,22.716594064208145
Bikaner,2009,2009-02-07,23.87089841872045
Bikaner,2009,2009-02-08,24.098277363385023
Bikaner,2009,2009-02-09,25.283072912756275
Bikaner,2009,2009-02-10,24.97792211541316
Bikaner,2009,2009-02-11,24.696023025904104
Bikaner,2009,2009-02-12,26.870422730055896
Bikaner,2009,2009-02-13,26.620664134478492
Bikaner,2009,2009-02-14,27.35233146431282
Bikaner,2009,2009-02-15,25.82425392277832
Bikaner,2009,2009-02-16,24.941902141584123
Bikaner,2009,2009-02-17,19.134853128373372
Bikaner,2009,2009-02-18,14.443595601836257
Bikaner,2009,2009-02-19,16.710605525088457
Bikaner,2009,2009-02-20,18.138075731613167
Bikaner,2009,2009-02-21,19.002804328800888
Bikaner,2009,2009-02-22,21.688340430457217
Bikaner,2009,2009-02-23,21.57383801041259
Bikaner,2009,2009-02-24,20.05733524290843
Bikaner,2009,2009-02-25,19.901965606054937
Bikaner,2009,2009-02-26,23.69897097092418
Bikaner,2009,2009-02-27,24.9691199211987
Bikaner,2009,2009-02-28,25.276479137626808
Bikaner,2009,2009-03-01,24.424453701702774
Bikaner,2009,2009-03-02,24.959707840379277
Bikaner,2009,2009-03-03,23.6044736687384
Bikaner,2009,2009-03-04,23.908474049891964
Bikaner,2009,2009-03-05,24.891545802813717
Bikaner,2009,2009-03-06,26.205958927769906
Bikaner,2009,2009-03-07,27.367712351694006
Bikaner,2009,2009-03-08,26.840271478330187
Bikaner,2009,2009-03-09,25.04279996717651
Bikaner,2009,2009-03-10,24.747948019328376
Bikaner,2009,2009-03-11,19.558505334998095
Bikaner,2009,2009-03-12,24.728818318906406
Bikaner,2009,2009-03-13,26.923987915157518
Bikaner,2009,2009-03-14,27.46333633518961
Bikaner,2009,2009-03-15,27.66846852356788
Bikaner,2009,2009-03-16,28.401210057916497
Bikaner,2009,2009-03-17,29.025500268580473
Bikaner,2009,2009-03-18,28.01634657583609
Bikaner,2009,2009-03-19,27.78810041992039
Bikaner,2009,2009-03-20,27.67286893017414
Bikaner,2009,2009-03-21,29.500501485227026
Bikaner,2009,2009-03-22,30.20586188786106
Bikaner,2009,2009-03-23,29.944752655876748
Bikaner,2009,2009-03-24,29.452591232819845
Bikaner,2009,2009-03-25,29.65666940382709
Bikaner,2009,2009-03-26,29.594586087790407
Bikaner,2009,2009-03-27,28.59587860883529
Bikaner,2009,2009-03-28,29.150866365784292
Bikaner,2009,2009-03-29,30.848056327438474
Bikaner,2009,2009-03-30,30.864807138322057
Bikaner,2009,2009-03-31,32.17687801000956
Bikaner,2009,2009-04-01,30.886602166156173
Bikaner,2009,2009-04-02,31.42020067930377
Bikaner,2009,2009-04-03,30.73782248676003
Bikaner,2009,2009-04-04,30.76050751095375
Bikaner,2009,2009-04-05,30.948985071835867
Bikaner,2009,2009-04-06,29.427995872677258
Bikaner,2009,2009-04-07,29.817871052795688
Bikaner,2009,2009-04-08,31.530223679375318
Bikaner,2009,2009-04-09,32.03537003407524
Bikaner,2009,2009-04-10,31.228283585887837
Bikaner,2009,2009-04-11,31.931063492257977
Bikaner,2009,2009-04-12,31.38798669794393
Bikaner,2009,2009-04-13,32.688352524496246
Bikaner,2009,2009-04-14,31.584195782832108
Bikaner,2009,2009-04-15,32.02393280052337
Bikaner,2009,2009-04-16,31.48713517193965
Bikaner,2009,2009-04-17,31.45578808265424
Bikaner,2009,2009-04-18,32.64185927275694
Bikaner,2009,2009-04-19,33.109363502266405
Bikaner,2009,2009-04-20,32.630643220997044
Bikaner,2009,2009-04-21,31.890632033802717
Bikaner,2009,2009-04-22,32.20808550320329
Bikaner,2009,2009-04-23,32.70780547906824
Bikaner,2009,2009-04-24,32.826713662130274
Bikaner,2009,2009-04-25,32.21075206198277
Bikaner,2009,2009-04-26,30.389290184409358
Bikaner,2009,2009-04-27,31.226331730810728
Bikaner,2009,2009-04-28,32.065767534411506
Bikaner,2009,2009-04-29,33.07187553227273
Bikaner,2009,2009-04-30,33.40022026610406
Bikaner,2009,2009-05-01,33.62368166248547
Bikaner,2009,2009-05-02,33.02136478704902
Bikaner,2009,2009-05-03,33.0724202836466
Bikaner,2009,2009-05-04,30.9072161563691
Bikaner,2009,2009-05-05,32.42677961820463
Bikaner,2009,2009-05-06,32.45273801064205
Bikaner,2009,2009-05-07,32.706586585185654
Bikaner,2009,2009-05-08,31.15796359828713
Bikaner,2009,2009-05-09,31.28696364069789
Bikaner,2009,2009-05-10,32.53356631447577
Bikaner,2009,2009-05-11,32.441233532706605
Bikaner,2009,2009-05-12,34.12350585667185
Bikaner,2009,2009-05-13,32.943844620479425
Bikaner,2009,2009-05-14,33.82278226397871
Bikaner,2009,2009-05-15,33.71845658894232
Bikaner,2009,2009-05-16,33.594679223045446
Bikaner,2009,2009-05-17,32.481277021144805
Bikaner,2009,2009-05-18,32.58985952866411
Bikaner,2009,2009-05-19,32.473022603607575
Bikaner,2009,2009-05-20,32.11908635619692
Bikaner,2009,2009-05-21,31.815340876184365
Bikaner,2009,2009-05-22,31.99493729835539
Bikaner,2009,2009-05-23,32.158618733263594
Bikaner,2009,2009-05-24,34.465019691253886
Bikaner,2009,2009-05-25,34.4200512689947
Bikaner,2009,2009-05-26,34.107829845493455
Bikaner,2009,2009-05-27,34.54245151539449
Bikaner,2009,2009-05-28,34.30798136821193
Bikaner,2009,2009-05-29,34.542452981972396
Bikaner,2009,2009-05-30,35.03793243682323
Bikaner,2009,2009-05-31,34.88053039888445
Bikaner,2009,2009-06-01,35.34011873094835
Bikaner,2009,2009-06-02,34.71232224485462
Bikaner,2009,2009-06-03,34.41374623068955
Bikaner,2009,2009-06-04,33.76023247698289
Bikaner,2009,2009-06-05,33.56785227698169
Bikaner,2009,2009-06-06,33.596084116923315
Bikaner,2009,2009-06-07,34.91072573283668
Bikaner,2009,2009-06-08,34.41892506189989
Bikaner,2009,2009-06-09,33.91882159219403
Bikaner,2009,2009-06-10,33.447955052177825
Bikaner,2009,2009-06-11,32.68271522095364
Bikaner,2009,2009-06-12,33.90672648602595
Bikaner,2009,2009-06-13,34.31305070977634
Bikaner,2009,2009-06-14,35.23089261219871
Bikaner,2009,2009-06-15,35.141672270174354
Bikaner,2009,2009-06-16,35.94975028685174
Bikaner,2009,2009-06-17,35.087634853837606
Bikaner,2009,2009-06-18,34.591892952262626
Bikaner,2009,2009-06-19,34.64071305072398
Bikaner,2009,2009-06-20,34.304589355512874
Bikaner,2009,2009-06-21,34.36154278510793
Bikaner,2009,2009-06-22,33.35468483807086
Bikaner,2009,2009-06-23,33.446612566950115
Bikaner,2009,2009-06-24,33.78218262141452
Bikaner,2009,2009-06-25,34.35876194303321
Bikaner,2009,2009-06-26,34.39745098845418
Bikaner,2009,2009-06-27,34.36280606642192
Bikaner,2009,2009-06-28,33.9920605434481
Bikaner,2009,2009-06-29,33.81312944649957
Bikaner,2009,2009-06-30,33.10566411643215
Bikaner,2009,2009-07-01,33.337019094255965
Bikaner,2009,2009-07-02,33.989010476002946
Bikaner,2009,2009-07-03,34.82855683137001
Bikaner,2009,2009-07-04,34.94406577801709
Bikaner,2009,2009-07-05,34.928427670881646
Bikaner,2009,2009-07-06,34.65529058871052
Bikaner,2009,2009-07-07,34.70209019169343
Bikaner,2009,2009-07-08,33.93275385395367
Bikaner,2009,2009-07-09,32.70977976649457
Bikaner,2009,2009-07-10,31.721404917763437
Bikaner,2009,2009-07-11,32.263474017342745
Bikaner,2009,2009-07-12,32.05445174756793
Bikaner,2009,2009-07-13,31.505931588258267
Bikaner,2009,2009-07-14,33.026549182303285
Bikaner,2009,2009-07-15,34.70942293248759
Bikaner,2009,2009-07-16,34.163976442641555
Bikaner,2009,2009-07-17,34.34802002312737
Bikaner,2009,2009-07-18,34.232732663471765
Bikaner,2009,2009-07-19,33.47282675443702
Bikaner,2009,2009-07-20,33.081052869048236
Bikaner,2009,2009-07-21,31.68415513481756
Bikaner,2009,2009-07-22,31.790159722407832
Bikaner,2009,2009-07-23,32.134256106851886
Bikaner,2009,2009-07-24,32.33096085835046
Bikaner,2009,2009-07-25,33.04455463303651
Bikaner,2009,2009-07-26,32.35702455083125
Bikaner,2009,2009-07-27,31.48948422041938
Bikaner,2009,2009-07-28,31.09519568465424
Bikaner,2009,2009-07-29,30.734982364818357
Bikaner,2009,2009-07-30,30.335829543932988
Bikaner,2009,2009-07-31,30.27748064348413
Bikaner,2009,2009-08-01,30.94126483894943
Bikaner,2009,2009-08-02,31.392642039743947
Bikaner,2009,2009-08-03,32.94470666281752
Bikaner,2009,2009-08-04,34.721075031886755
Bikaner,2009,2009-08-05,31.30208860475893
Bikaner,2009,2009-08-06,31.914260115621975
Bikaner,2009,2009-08-07,32.27166408616333
Bikaner,2009,2009-08-08,33.71053302546109
Bikaner,2009,2009-08-09,33.88329408122053
Bikaner,2009,2009-08-10,33.973779959076694
Bikaner,2009,2009-08-11,34.725856384002824
Bikaner,2009,2009-08-12,35.640127744473325
Bikaner,2009,2009-08-13,35.776260580653314
Bikaner,2009,2009-08-14,34.71399442308844
Bikaner,2009,2009-08-15,34.20518594641098
Bikaner,2009,2009-08-16,33.29859761151201
Bikaner,2009,2009-08-17,32.50743640052043
Bikaner,2009,2009-08-18,32.446094757301786
Bikaner,2009,2009-08-19,31.835852656830692
Bikaner,2009,2009-08-20,31.55871984317529
Bikaner,2009,2009-08-21,30.967237115023927
Bikaner,2009,2009-08-22,32.47316158115812
Bikaner,2009,2009-08-23,34.00877099325764
Bikaner,2009,2009-08-24,33.06546333876318
Bikaner,2009,2009-08-25,33.07685215042877
Bikaner,2009,2009-08-26,32.89281263509736
Bikaner,2009,2009-08-27,32.46400206443415
Bikaner,2009,2009-08-28,32.23768020893604
Bikaner,2009,2009-08-29,31.959553738980432
Bikaner,2009,2009-08-30,31.9571365692525
Bikaner,2009,2009-08-31,31.89177721275853
Bikaner,2009,2009-09-01,31.465875393962026
Bikaner,2009,2009-09-02,31.25614208866285
Bikaner,2009,2009-09-03,31.760227867390277
Bikaner,2009,2009-09-04,32.05071200520926
Bikaner,2009,2009-09-05,31.96682449190197
Bikaner,2009,2009-09-06,31.966229163524957
Bikaner,2009,2009-09-07,32.04961525446675
Bikaner,2009,2009-09-08,32.4159167518739
Bikaner,2009,2009-09-09,32.62102857683478
Bikaner,2009,2009-09-10,32.788808223968076
Bikaner,2009,2009-09-11,32.40838927568896
Bikaner,2009,2009-09-12,32.836114005051385
Bikaner,2009,2009-09-13,32.11527169608574
Bikaner,2009,2009-09-14,31.70393142614727
Bikaner,2009,2009-09-15,32.49235140155497
Bikaner,2009,2009-09-16,31.97372687128047
Bikaner,2009,2009-09-17,32.26565848503851
Bikaner,2009,2009-09-18,32.23333201271021
Bikaner,2009,2009-09-19,31.334435012013497
Bikaner,2009,2009-09-20,31.147944223062854
Bikaner,2009,2009-09-21,31.337219993415726
Bikaner,2009,2009-09-22,32.19215778791717
Bikaner,2009,2009-09-23,31.883222539542082
Bikaner,2009,2009-09-24,31.875008981481535
Bikaner,2009,2009-09-25,32.00568992940819
Bikaner,2009,2009-09-26,31.946719788262442
Bikaner,2009,2009-09-27,31.929478509122617
Bikaner,2009,2009-09-28,32.14053890035895
Bikaner,2009,2009-09-29,31.51684518699511
Bikaner,2009,2009-09-30,31.11140412669655
Bikaner,2009,2009-10-01,31.2544331910942
Bikaner,2009,2009-10-02,31.301687323745014
Bikaner,2009,2009-10-03,30.926015681671736
Bikaner,2009,2009-10-04,31.093741017185152
Bikaner,2009,2009-10-05,31.4109088017988
Bikaner,2009,2009-10-06,31.55487482664511
Bikaner,2009,2009-10-07,31.45535765739909
Bikaner,2009,2009-10-08,31.413697602476265
Bikaner,2009,2009-10-09,31.129502827152617
Bikaner,2009,2009-10-10,30.895669071311627
Bikaner,2009,2009-10-11,30.29090548935842
Bikaner,2009,2009-10-12,30.640119905571925
Bikaner,2009,2009-10-13,30.434917766973427
Bikaner,2009,2009-10-14,28.75325363566975
Bikaner,2009,2009-10-15,28.605253088704796
Bikaner,2009,2009-10-16,29.67154147649024
Bikaner,2009,2009-10-17,28.80726129456849
Bikaner,2009,2009-10-18,29.834670163919252
Bikaner,2009,2009-10-19,29.064340492304744
Bikaner,2009,2009-10-20,29.041996474331892
Bikaner,2009,2009-10-21,29.16964684905343
Bikaner,2009,2009-10-22,29.153739785671135
Bikaner,2009,2009-10-23,29.090609323429426
Bikaner,2009,2009-10-24,29.35138198975084
Bikaner,2009,2009-10-25,29.69138942471513
Bikaner,2009,2009-10-26,29.79313356229695
Bikaner,2009,2009-10-27,28.936905623069944
Bikaner,2009,2009-10-28,29.37959594898622
Bikaner,2009,2009-10-29,28.906455884716074
Bikaner,2009,2009-10-30,28.894978633128037
Bikaner,2009,2009-10-31,29.23772203351106
Bikaner,2009,2009-11-01,28.806638553876564
Bikaner,2009,2009-11-02,28.83455184660547
Bikaner,2009,2009-11-03,28.620889991712257
Bikaner,2009,2009-11-04,28.474602365929364
Bikaner,2009,2009-11-05,27.83222169159622
Bikaner,2009,2009-11-06,26.864423914133198
Bikaner,2009,2009-11-07,25.041723843584766
Bikaner,2009,2009-11-08,25.923583761277182
Bikaner,2009,2009-11-09,27.866715258669934
Bikaner,2009,2009-11-10,27.357828279953825
Bikaner,2009,2009-11-11,26.741239152944207
Bikaner,2009,2009-11-12,27.234388876499693
Bikaner,2009,2009-11-13,25.842052292017605
Bikaner,2009,2009-11-14,25.77375458502468
Bikaner,2009,2009-11-15,24.97733056410162
Bikaner,2009,2009-11-16,24.681624151110462
Bikaner,2009,2009-11-17,24.631811657170015
Bikaner,2009,2009-11-18,24.131721425397817
Bikaner,2009,2009-11-19,24.408463490414814
Bikaner,2009,2009-11-20,23.521199299687183
Bikaner,2009,2009-11-21,23.888318731716577
Bikaner,2009,2009-11-22,22.731100302404634
Bikaner,2009,2009-11-23,22.632861343082222
Bikaner,2009,2009-11-24,23.69162637329278
Bikaner,2009,2009-11-25,21.604001917561888
Bikaner,2009,2009-11-26,23.141842649090425
Bikaner,2009,2009-11-27,23.177254522304903
Bikaner,2009,2009-11-28,25.169701875127185
Bikaner,2009,2009-11-29,26.30579215788887
Bikaner,2009,2009-11-30,25.828902037649605
Bikaner,2009,2009-12-01,25.85216172564891
Bikaner,2009,2009-12-02,26.239618350812734
Bikaner,2009,2009-12-03,24.05818698782366
Bikaner,2009,2009-12-04,23.553447590622824
Bikaner,2009,2009-12-05,23.45841495784722
Bikaner,2009,2009-12-06,24.04025728259478
Bikaner,2009,2009-12-07,23.80491904922488
Bikaner,2009,2009-12-08,24.32992984310645
Bikaner,2009,2009-12-09,25.115518978933324
Bikaner,2009,2009-12-10,23.849330478588808
Bikaner,2009,2009-12-11,24.018309769616494
Bikaner,2009,2009-12-12,23.64246802717472
Bikaner,2009,2009-12-13,22.72993156485858
Bikaner,2009,2009-12-14,24.29960926452239
Bikaner,2009,2009-12-15,23.327280249184525
Bikaner,2009,2009-12-16,22.961360135872788
Bikaner,2009,2009-12-17,22.735846974000978
Bikaner,2009,2009-12-18,21.152493330426623
Bikaner,2009,2009-12-19,19.332801163575528
Bikaner,2009,2009-12-20,19.476308191173484
Bikaner,2009,2009-12-21,22.285760524010545
Bikaner,2009,2009-12-22,23.704248194072107
Bikaner,2009,2009-12-23,22.96407587454002
Bikaner,2009,2009-12-24,21.84471162787937
Bikaner,2009,2009-12-25,18.606799678852664
Bikaner,2009,2009-12-26,21.876349605613495
Bikaner,2009,2009-12-27,21.789279505542563
Bikaner,2009,2009-12-28,23.937331802506275
Bikaner,2009,2009-12-29,23.835302310653017
Bikaner,2009,2009-12-30,23.72560271660108
Bikaner,2009,2009-12-31,22.208373249244925
Shimla,2005,2005-01-01,4.649480420985787
Shimla,2005,2005-01-02,6.007387326276963
Shimla,2005,2005-01-03,7.447604788751178
Shimla,2005,2005-01-04,7.8986754022355985
Shimla,2005,2005-01-05,7.003395100701838
Shimla,2005,2005-01-06,9.690849477107175
Shimla,2005,2005-01-07,9.380503574369138
Shimla,2005,2005-01-08,9.10841300830133
Shimla,2005,2005-01-09,8.988259374476652
Shimla,2005,2005-01-10,10.48782035048547
Shimla,2005,2005-01-11,12.437234312479976
Shimla,2005,2005-01-12,12.5214848461179
Shimla,2005,2005-01-13,12.739173268323524
Shimla,2005,2005-01-14,12.73143967941956
Shimla,2005,2005-01-15,11.347258170951445
Shimla,2005,2005-01-16,10.417987409954257
Shimla,2005,2005-01-17,9.139035901861273
Shimla,2005,2005-01-18,9.357160455247424
Shimla,2005,2005-01-19,9.849615735375545
Shimla,2005,2005-01-20,8.438910101992052
Shimla,2005,2005-01-21,9.450504017544372
Shimla,2005,2005-01-22,9.562716739613288
Shimla,2005,2005-01-23,12.776333206777071
Shimla,2005,2005-01-24,13.356948257551153
Shimla,2005,2005-01-25,12.099083126032202
Shimla,2005,2005-01-26,12.549034066401216
Shimla,2005,2005-01-27,16.104446863688977
Shimla,2005,2005-01-28,16.22121785218721
Shimla,2005,2005-01-29,16.17786474641482
Shimla,2005,2005-01-30,13.25201261119889
Shimla,2005,2005-01-31,12.980653104568178
Shimla,2005,2005-02-01,12.216124664817382
Shimla,2005,2005-02-02,11.77170638433929
Shimla,2005,2005-02-03,11.11782835814296
Shimla,2005,2005-02-04,9.594820729422795
Shimla,2005,2005-02-05,10.837384834936769
Shimla,2005,2005-02-06,11.557312721495888
Shimla,2005,2005-02-07,9.414832282200162
Shimla,2005,2005-02-08,6.286829772747552
Shimla,2005,2005-02-09,8.501660996507386
Shimla,2005,2005-02-10,8.115038559783534
Shimla,2005,2005-02-11,9.013631730127148
Shimla,2005,2005-02-12,7.344798503540723
Shimla,2005,2005-02-13,11.374881136373272
Shimla,2005,2005-02-14,12.261138003172785
Shimla,2005,2005-02-15,12.93079077680412
Shimla,2005,2005-02-16,13.640450576995182
Shimla,2005,2005-02-17,14.638976931323436
Shimla,2005,2005-02-18,12.290343078708904
Shimla,2005,2005-02-19,12.316129629845047
Shimla,2005,2005-02-20,11.460065783464401
Shimla,2005,2005-02-21,10.856211931750163
Shimla,2005,2005-02-22,13.882164833727899
Shimla,2005,2005-02-23,16.161468565143043
Shimla,2005,2005-02-24,16.888555131117315
Shimla,2005,2005-02-25,18.011441106591338
Shimla,2005,2005-02-26,19.437444489049884
Shimla,2005,2005-02-27,18.461486810307456
Shimla,2005,2005-02-28,17.6536728124246
Shimla,2005,2005-03-01,16.994045589054124
Shimla,2005,2005-03-02,16.57487693950916
Shimla,2005,2005-03-03,16.125846065704657
Shimla,2005,2005-03-04,12.676339875640778
Shimla,2005,2005-03-05,12.577860209281134
Shimla,2005,2005-03-06,10.604683167244605
Shimla,2005,2005-03-07,10.212782493788193
Shimla,2005,2005-03-08,15.023449813719898
Shimla,2005,2005-03-09,14.809089796692307
Shimla,2005,2005-03-10,10.805236031391024
Shimla,2005,2005-03-11,7.730326016252274
Shimla,2005,2005-03-12,8.693593731759508
Shimla,2005,2005-03-13,8.358962421065733
Shimla,2005,2005-03-14,8.55259174799555
Shimla,2005,2005-03-15,13.012608277989383
Shimla,2005,2005-03-16,16.24236673882634
Shimla,2005,2005-03-17,15.780953799151533
Shimla,2005,2005-03-18,15.603644295046188
Shimla,2005,2005-03-19,14.951072044193607
Shimla,2005,2005-03-20,14.677158516405655
Shimla,2005,2005-03-21,13.819868940045762
Shimla,2005,2005-03-22,10.977465990973052
Shimla,2005,2005-03-23,9.505386759567566
Shimla,2005,2005-03-24,13.281902553273573
Shimla,2005,2005-03-25,18.303155200271554
Shimla,2005,2005-03-26,19.390287990553457
Shimla,2005,2005-03-27,18.35926098343798
Shimla,2005,2005-03-28,17.0485177723568
Shimla,2005,2005-03-29,14.333370347448346
Shimla,2005,2005-03-30,12.313371749264917
Shimla,2005,2005-03-31,12.749796019673603
Shimla,2005,2005-04-01,15.284913249354924
Shimla,2005,2005-04-02,18.19073473141627
Shimla,2005,2005-04-03,18.018326772791447
Shimla,2005,2005-04-04,19.609256066804626
Shimla,2005,2005-04-05,19.751777505907448
Shimla,2005,2005-04-06,22.2824640998955
Shimla,2005,2005-04-07,21.68488644866639
Shimla,2005,2005-04-08,20.321541337601488
Shimla,2005,2005-04-09,22.483475116080946
Shimla,2005,2005-04-10,21.91913793833045
Shimla,2005,2005-04-11,21.184958828479058
Shimla,2005,2005-04-12,20.099117466544982
Shimla,2005,2005-04-13,17.971482765870896
Shimla,2005,2005-04-14,17.92482855429038
Shimla,2005,2005-04-15,17.65286815338723
Shimla,2005,2005-04-16,20.273871871420994
Shimla,2005,2005-04-17,22.36338539968951
Shimla,2005,2005-04-18,22.496520934196
Shimla,2005,2005-04-19,22.462217868368896
Shimla,2005,2005-04-20,21.170714222741786
Shimla,2005,2005-04-21,21.149772695169347
Shimla,2005,2005-04-22,20.686710918367773
Shimla,2005,2005-04-23,21.87711860022559
Shimla,2005,2005-04-24,23.884435979533848
Shimla,2005,2005-04-25,24.81004274934585
Shimla,2005,2005-04-26,24.736752316565436
Shimla,2005,2005-04-27,24.3149858202888
Shimla,2005,2005-04-28,23.891033061003526
Shimla,2005,2005-04-29,23.177723384901675
Shimla,2005,2005-04-30,23.74633421885556
Shimla,2005,2005-05-01,24.14884315004916
Shimla,2005,2005-05-02,24.467525584035634
Shimla,2005,2005-05-03,25.180772704147877
Shimla,2005,2005-05-04,25.67578024523349
Shimla,2005,2005-05-05,25.614471581478323
Shimla,2005,2005-05-06,26.061726120852292
Shimla,2005,2005-05-07,26.64758975887782
Shimla,2005,2005-05-08,26.13264236921546
Shimla,2005,2005-05-09,25.87314678902014
Shimla,2005,2005-05-10,24.91331575255491
Shimla,2005,2005-05-11,24.931280084778237
Shimla,2005,2005-05-12,24.391190610967445
Shimla,2005,2005-05-13,23.162929747135326
Shimla,2005,2005-05-14,23.689286707448534
Shimla,2005,2005-05-15,25.13644506240424
Shimla,2005,2005-05-16,27.179634119237846
Shimla,2005,2005-05-17,29.043165341665276
Shimla,2005,2005-05-18,27.725436774226164
Shimla,2005,2005-05-19,28.526138123141568
Shimla,2005,2005-05-20,28.249145122379833
Shimla,2005,2005-05-21,28.0534755917868
Shimla,2005,2005-05-22,28.206206326325066
Shimla,2005,2005-05-23,29.189797249596445
Shimla,2005,2005-05-24,30.09006088308209
Shimla,2005,2005-05-25,29.197144079445735
Shimla,2005,2005-05-26,28.383882358107993
Shimla,2005,2005-05-27,27.08158574908689
Shimla,2005,2005-05-28,22.703807670083744
Shimla,2005,2005-05-29,25.90672155103741
Shimla,2005,2005-05-30,26.752734312745417
Shimla,2005,2005-05-31,28.141035515818245
Shimla,2005,2005-06-01,28.183500781422875
Shimla,2005,2005-06-02,28.196156041260878
Shimla,2005,2005-06-03,28.414585982192975
Shimla,2005,2005-06-04,26.910612546923574
Shimla,2005,2005-06-05,26.199821812968246
Shimla,2005,2005-06-06,25.857827715057198
Shimla,2005,2005-06-07,26.03275879495841
Shimla,2005,2005-06-08,25.90988858145335
Shimla,2005,2005-06-09,25.824044550582265
Shimla,2005,2005-06-10,24.665478617453577
Shimla,2005,2005-06-11,24.049635750296602
Shimla,2005,2005-06-12,23.927394698701242
Shimla,2005,2005-06-13,22.59142453682706
Shimla,2005,2005-06-14,25.238931344974894
Shimla,2005,2005-06-15,25.64640437122862
Shimla,2005,2005-06-16,24.686549453609377
Shimla,2005,2005-06-17,23.957475382779272
Shimla,2005,2005-06-18,24.73974214777464
Shimla,2005,2005-06-19,25.151201654421033
Shimla,2005,2005-06-20,25.218408761424485
Shimla,2005,2005-06-21,25.500359822900542
Shimla,2005,2005-06-22,26.48837662552014
Shimla,2005,2005-06-23,26.746826701467292
Shimla,2005,2005-06-24,25.944283663093252
Shimla,2005,2005-06-25,25.802276622135345
Shimla,2005,2005-06-26,25.832714287473046
Shimla,2005,2005-06-27,24.241084812603553
Shimla,2005,2005-06-28,23.374098476067314
Shimla,2005,2005-06-29,23.36702664168353
Shimla,2005,2005-06-30,25.26905922178915
Shimla,2005,2005-07-01,27.175771693448326
Shimla,2005,2005-07-02,27.58453999532962
Shimla,2005,2005-07-03,27.48764379160933
Shimla,2005,2005-07-04,27.728332543904777
Shimla,2005,2005-07-05,26.09497664767104
Shimla,2005,2005-07-06,25.354933576705058
Shimla,2005,2005-07-07,23.571982492173785
Shimla,2005,2005-07-08,20.7510274019364
Shimla,2005,2005-07-09,21.69781206300972
Shimla,2005,2005-07-10,22.663957010352153
Shimla,2005,2005-07-11,22.86846871293731
Shimla,2005,2005-07-12,23.116083769395438
Shimla,2005,2005-07-13,23.17240781313037
Shimla,2005,2005-07-14,22.66278421074325
Shimla,2005,2005-07-15,22.16366443408307
Shimla,2005,2005-07-16,22.394324526214227
Shimla,2005,2005-07-17,22.727289413649245
Shimla,2005,2005-07-18,22.95525883618241
Shimla,2005,2005-07-19,23.117167914465334
Shimla,2005,2005-07-20,23.645127286726357
Shimla,2005,2005-07-21,22.456761270301968
Shimla,2005,2005-07-22,22.340679400654306
Shimla,2005,2005-07-23,21.72578593140123
Shimla,2005,2005-07-24,21.09134155435764
Shimla,2005,2005-07-25,21.150451059949734
Shimla,2005,2005-07-26,21.76327178260731
Shimla,2005,2005-07-27,22.717225168394826
Shimla,2005,2005-07-28,21.56152230550107
Shimla,2005,2005-07-29,20.778568466306506
Shimla,2005,2005-07-30,20.226041908417137
Shimla,2005,2005-07-31,21.118501017332292
Shimla,2005,2005-08-01,21.137752311750212
Shimla,2005,2005-08-02,22.356887784938166
Shimla,2005,2005-08-03,23.36499441423393
Shimla,2005,2005-08-04,22.59761324612346
Shimla,2005,2005-08-05,22.111351209926916
Shimla,2005,2005-08-06,22.53192213585621
Shimla,2005,2005-08-07,23.047491159748496
Shimla,2005,2005-08-08,22.68778936567096
Shimla,2005,2005-08-09,22.46117642209806
Shimla,2005,2005-08-10,23.071962989315765
Shimla,2005,2005-08-11,22.790948507792596
Shimla,2005,2005-08-12,23.5002258635859
Shimla,2005,2005-08-13,23.26190479411452
Shimla,2005,2005-08-14,21.24456127076048
Shimla,2005,2005-08-15,19.712973346758552
Shimla,2005,2005-08-16,19.67908295050273
Shimla,2005,2005-08-17,20.754780472528836
Shimla,2005,2005-08-18,20.295286563361117
Shimla,2005,2005-08-19,20.66173258760973
Shimla,2005,2005-08-20,21.75512981841621
Shimla,2005,2005-08-21,22.00166566456413
Shimla,2005,2005-08-22,22.97828407571704
Shimla,2005,2005-08-23,23.781494624620876
Shimla,2005,2005-08-24,24.566706440392576
Shimla,2005,2005-08-25,24.25728175550646
Shimla,2005,2005-08-26,24.367044230869126
Shimla,2005,2005-08-27,24.08463571203489
Shimla,2005,2005-08-28,23.706290289502608
Shimla,2005,2005-08-29,24.958948296915448
Shimla,2005,2005-08-30,23.69750868912441
Shimla,2005,2005-08-31,23.692312538507526
Shimla,2005,2005-09-01,23.682054702378988
Shimla,2005,2005-09-02,23.29063191873025
Shimla,2005,2005-09-03,23.186230208077742
Shimla,2005,2005-09-04,23.284601230634795
Shimla,2005,2005-09-05,22.9935292063923
Shimla,2005,2005-09-06,22.24212867332818
Shimla,2005,2005-09-07,22.117846603687713
Shimla,2005,2005-09-08,22.231215798111585
Shimla,2005,2005-09-09,22.22389678304118
Shimla,2005,2005-09-10,22.46806467256627
Shimla,2005,2005-09-11,22.627149679143074
Shimla,2005,2005-09-12,22.5586239344973
Shimla,2005,2005-09-13,22.397547377639157
Shimla,2005,2005-09-14,21.9992264583147
Shimla,2005,2005-09-15,22.088791467478643
Shimla,2005,2005-09-16,21.493617990667445
Shimla,2005,2005-09-17,21.25819604563615
Shimla,2005,2005-09-18,21.41768064324669
Shimla,2005,2005-09-19,21.764050699062935
Shimla,2005,2005-09-20,22.396199526528733
Shimla,2005,2005-09-21,23.170682805925573
Shimla,2005,2005-09-22,22.810087824842274
Shimla,2005,2005-09-23,22.305493324994828
Shimla,2005,2005-09-24,21.645366908725233
Shimla,2005,2005-09-25,21.65505471632649
Shimla,2005,2005-09-26,21.93936048911372
Shimla,2005,2005-09-27,21.657580179109534
Shimla,2005,2005-09-28,21.457724550013815
Shimla,2005,2005-09-29,21.76400967025579
Shimla,2005,2005-09-30,21.557588567520853
Shimla,2005,2005-10-01,21.64883899841877
Shimla,2005,2005-10-02,21.13487345102789
Shimla,2005,2005-10-03,21.824983287683384
Shimla,2005,2005-10-04,23.527700691902282
Shimla,2005,2005-10-05,22.918886843701294
Shimla,2005,2005-10-06,22.118790068545316
Shimla,2005,2005-10-07,21.8917946097609
Shimla,2005,2005-10-08,21.121451809323204
Shimla,2005,2005-10-09,20.820347121542273
Shimla,2005,2005-10-10,20.76293338412241
Shimla,2005,2005-10-11,20.539397287754365
Shimla,2005,2005-10-12,20.64027943537394
Shimla,2005,2005-10-13,20.092276065863683
Shimla,2005,2005-10-14,20.17274242224798
Shimla,2005,2005-10-15,19.636103597389408
Shimla,2005,2005-10-16,19.21152413083941
Shimla,2005,2005-10-17,19.813146985962604
Shimla,2005,2005-10-18,19.809943464676675
Shimla,2005,2005-10-19,19.16851246999369
Shimla,2005,2005-10-20,18.461959594592287
Shimla,2005,2005-10-21,18.529918310303202
Shimla,2005,2005-10-22,18.262150936214212
Shimla,2005,2005-10-23,18.085885725026614
Shimla,2005,2005-10-24,18.3038424019149
Shimla,2005,2005-10-25,17.85659463375828
Shimla,2005,2005-10-26,17.670715274053443
Shimla,2005,2005-10-27,17.987966942165336
Shimla,2005,2005-10-28,18.41222137090371
Shimla,2005,2005-10-29,18.18225535680846
Shimla,2005,2005-10-30,17.405797673330774
Shimla,2005,2005-10-31,16.95116574170067
Shimla,2005,2005-11-01,17.128172242896248
Shimla,2005,2005-11-02,17.635251761181117
Shimla,2005,2005-11-03,17.364019098991996
Shimla,2005,2005-11-04,18.32066589886014
Shimla,2005,2005-11-05,18.04369164451831
Shimla,2005,2005-11-06,17.61531030895928
Shimla,2005,2005-11-07,17.73566992334884
Shimla,2005,2005-11-08,17.229052231194224
Shimla,2005,2005-11-09,17.308423504106038
Shimla,2005,2005-11-10,16.159218369416365
Shimla,2005,2005-11-11,15.4177560290588
Shimla,2005,2005-11-12,17.139858004227214
Shimla,2005,2005-11-13,17.677036905559824
Shimla,2005,2005-11-14,18.144158361343905
Shimla,2005,2005-11-15,18.663430515952474
Shimla,2005,2005-11-16,17.524616106157175
Shimla,2005,2005-11-17,16.5825995788909
Shimla,2005,2005-11-18,14.877400419868465
Shimla,2005,2005-11-19,15.277149004367436
Shimla,2005,2005-11-20,15.692985199916812
Shimla,2005,2005-11-21,16.335130381820544
Shimla,2005,2005-11-22,15.425191876999335
Shimla,2005,2005-11-23,16.19409238420371
Shimla,2005,2005-11-24,15.836087985862816
Shimla,2005,2005-11-25,16.08835196822143
Shimla,2005,2005-11-26,16.504583796182885
Shimla,2005,2005-11-27,16.158257043528124
Shimla,2005,2005-11-28,16.2071262150789
Shimla,2005,2005-11-29,13.928991047538192
Shimla,2005,2005-11-30,14.234988462481004
Shimla,2005,2005-12-01,14.044540850892915
Shimla,2005,2005-12-02,14.896994927674367
Shimla,2005,2005-12-03,13.606653284289369
Shimla,2005,2005-12-04,12.348416265753247
Shimla,2005,2005-12-05,14.889038121237382
Shimla,2005,2005-12-06,15.25470060476759
Shimla,2005,2005-12-07,14.896272062489842
Shimla,2005,2005-12-08,13.706681078832496
Shimla,2005,2005-12-09,12.243730740626718
Shimla,2005,2005-12-10,11.81110715268903
Shimla,2005,2005-12-11,14.95767720466772
Shimla,2005,2005-12-12,15.074006093149647
Shimla,2005,2005-12-13,14.797962999820829
Shimla,2005,2005-12-14,14.610648272364061
Shimla,2005,2005-12-15,13.79209445505387
Shimla,2005,2005-12-16,12.882753668822776
Shimla,2005,2005-12-17,11.866283473710286
Shimla,2005,2005-12-18,12.37890123906243
Shimla,2005,2005-12-19,12.764737961574795
Shimla,2005,2005-12-20,12.99776527059181
Shimla,2005,2005-12-21,13.6437675456029
Shimla,2005,2005-12-22,13.304193515976477
Shimla,2005,2005-12-23,13.267317587014963
Shimla,2005,2005-12-24,13.983434871930703
Shimla,2005,2005-12-25,12.600787684584784
Shimla,2005,2005-12-26,9.915688844721208
Shimla,2005,2005-12-27,8.951103418654807
Shimla,2005,2005-12-28,10.665255460483053
Shimla,2005,2005-12-29,11.82297611916654
Shimla,2005,2005-12-30,12.317634849844884
Shimla,2005,2005-12-31,13.02299441164352
Shimla,2007,2007-01-01,9.253277076455472
Shimla,2007,2007-01-02,10.135670526820975
Shimla,2007,2007-01-03,10.057875191835205
Shimla,2007,2007-01-04,9.178862383723205
Shimla,2007,2007-01-05,7.5006760917700195
Shimla,2007,2007-01-06,7.335193390808823
Shimla,2007,2007-01-07,10.090781232170194
Shimla,2007,2007-01-08,13.955061525234381
Shimla,2007,2007-01-09,13.891210629796563
Shimla,2007,2007-01-10,12.014080967709937
Shimla,2007,2007-01-11,10.712029430450125
Shimla,2007,2007-01-12,7.932792807940455
Shimla,2007,2007-01-13,4.765328239117181
Shimla,2007,2007-01-14,-0.9626720746183484
Shimla,2007,2007-01-15,-0.7006677785954305
Shimla,2007,2007-01-16,1.7462996529152237
Shimla,2007,2007-01-17,4.488771045813872
Shimla,2007,2007-01-18,5.93537835318447
Shimla,2007,2007-01-19,7.2421405242743395
Shimla,2007,2007-01-20,7.731435201141659
Shimla,2007,2007-01-21,7.87223234811828
Shimla,2007,2007-01-22,8.471299673638512
Shimla,2007,2007-01-23,9.383927626820338
Shimla,2007,2007-01-24,10.492974260193414
Shimla,2007,2007-01-25,10.852037602395459
Shimla,2007,2007-01-26,9.823798937018491
Shimla,2007,2007-01-27,8.779850601804984
Shimla,2007,2007-01-28,8.325051726679932
Shimla,2007,2007-01-29,9.46371933629085
Shimla,2007,2007-01-30,12.243332537926776
Shimla,2007,2007-01-31,17.15311130206403
Shimla,2007,2007-02-01,18.10799562858186
Shimla,2007,2007-02-02,17.562532265136145
Shimla,2007,2007-02-03,17.250124284543457
Shimla,2007,2007-02-04,17.009879456885372
Shimla,2007,2007-02-05,15.587618016586447
Shimla,2007,2007-02-06,13.931294573693291
Shimla,2007,2007-02-07,12.753628489765736
Shimla,2007,2007-02-08,12.859201768971396
Shimla,2007,2007-02-09,9.809550217761046
Shimla,2007,2007-02-10,7.949569803584852
Shimla,2007,2007-02-11,8.948157466750116
Shimla,2007,2007-02-12,10.363927640487644
Shimla,2007,2007-02-13,13.246388662058305
Shimla,2007,2007-02-14,12.82159454491999
Shimla,2007,2007-02-15,10.512217138482928
Shimla,2007,2007-02-16,11.596434150071996
Shimla,2007,2007-02-17,12.91732340676282
Shimla,2007,2007-02-18,15.787358946349356
Shimla,2007,2007-02-19,17.002915724666828
Shimla,2007,2007-02-20,18.310468670239366
Shimla,2007,2007-02-21,18.761076546530216
Shimla,2007,2007-02-22,18.963277491845787
Shimla,2007,2007-02-23,19.711197646480795
Shimla,2007,2007-02-24,19.347342369891507
Shimla,2007,2007-02-25,18.986208877948542
Shimla,2007,2007-02-26,17.415281173586486
Shimla,2007,2007-02-27,18.07346021417129
Shimla,2007,2007-02-28,17.126934902738533
Shimla,2007,2007-03-01,16.53230263994248
Shimla,2007,2007-03-02,17.363208003412165
Shimla,2007,2007-03-03,16.0018026662068
Shimla,2007,2007-03-04,15.458020905892063
Shimla,2007,2007-03-05,14.282601392104523
Shimla,2007,2007-03-06,13.401307225704441
Shimla,2007,2007-03-07,12.923936877721776
Shimla,2007,2007-03-08,12.663908535423861
Shimla,2007,2007-03-09,12.036049676531295
Shimla,2007,2007-03-10,12.85457526145536
Shimla,2007,2007-03-11,14.042610338377209
Shimla,2007,2007-03-12,12.492719230817602
Shimla,2007,2007-03-13,11.798907797386889
Shimla,2007,2007-03-14,11.326018037030014
Shimla,2007,2007-03-15,10.37825238080061
Shimla,2007,2007-03-16,14.080440512129725
Shimla,2007,2007-03-17,17.050541446782752
Shimla,2007,2007-03-18,18.103322760484662
Shimla,2007,2007-03-19,18.07071486970976
Shimla,2007,2007-03-20,18.47668459017885
Shimla,2007,2007-03-21,18.753793828652636
Shimla,2007,2007-03-22,16.59459497178875
Shimla,2007,2007-03-23,12.489600497077836
Shimla,2007,2007-03-24,16.704162313373217
Shimla,2007,2007-03-25,19.703996320976696
Shimla,2007,2007-03-26,22.776290237478406
Shimla,2007,2007-03-27,22.60911886392948
Shimla,2007,2007-03-28,21.885510081157793
Shimla,2007,2007-03-29,21.33467338248154
Shimla,2007,2007-03-30,21.34907623287951
Shimla,2007,2007-03-31,19.413710315479058
Shimla,2007,2007-04-01,20.083522086406226
Shimla,2007,2007-04-02,20.84834269167323
Shimla,2007,2007-04-03,21.976587005786428
Shimla,2007,2007-04-04,23.009096244460256
Shimla,2007,2007-04-05,22.66152463845082
Shimla,2007,2007-04-06,20.49021559753646
Shimla,2007,2007-04-07,18.611774923816256
Shimla,2007,2007-04-08,20.62208190514854
Shimla,2007,2007-04-09,23.27382596231252
Shimla,2007,2007-04-10,23.92578134214066
Shimla,2007,2007-04-11,24.061999786668228
Shimla,2007,2007-04-12,24.59588950518863
Shimla,2007,2007-04-13,24.81713772069518
Shimla,2007,2007-04-14,24.086301296532252
Shimla,2007,2007-04-15,23.286732717830795
Shimla,2007,2007-04-16,20.24803119347028
Shimla,2007,2007-04-17,19.92085546835444
Shimla,2007,2007-04-18,19.608353919293204
Shimla,2007,2007-04-19,20.56009489975126
Shimla,2007,2007-04-20,23.46961290974881
Shimla,2007,2007-04-21,24.156519302366938
Shimla,2007,2007-04-22,25.219316890023656
Shimla,2007,2007-04-23,25.714529313657614
Shimla,2007,2007-04-24,25.784108357446925
Shimla,2007,2007-04-25,25.145678714390343
Shimla,2007,2007-04-26,23.95928956193249
Shimla,2007,2007-04-27,22.16176788852489
Shimla,2007,2007-04-28,20.120148227524226
Shimla,2007,2007-04-29,18.42066176258674
Shimla,2007,2007-04-30,18.81140382767682
Shimla,2007,2007-05-01,20.16173463043376
Shimla,2007,2007-05-02,21.0351680243615
Shimla,2007,2007-05-03,21.667917914443688
Shimla,2007,2007-05-04,20.53182738187173
Shimla,2007,2007-05-05,18.2906230650986
Shimla,2007,2007-05-06,18.44124577597896
Shimla,2007,2007-05-07,20.29730046752855
Shimla,2007,2007-05-08,23.766844980656863
Shimla,2007,2007-05-09,25.29061547614091
Shimla,2007,2007-05-10,25.35091904420808
Shimla,2007,2007-05-11,25.248522491333713
Shimla,2007,2007-05-12,25.169097750160297
Shimla,2007,2007-05-13,24.12690996906617
Shimla,2007,2007-05-14,23.179218131118702
Shimla,2007,2007-05-15,23.065025278803514
Shimla,2007,2007-05-16,22.62372200184945
Shimla,2007,2007-05-17,24.014245208677927
Shimla,2007,2007-05-18,23.845083636266317
Shimla,2007,2007-05-19,25.605094460068976
Shimla,2007,2007-05-20,25.864746992686502
Shimla,2007,2007-05-21,26.11603040106613
Shimla,2007,2007-05-22,26.208344442066817
Shimla,2007,2007-05-23,26.260000241547313
Shimla,2007,2007-05-24,25.979065118356054
Shimla,2007,2007-05-25,26.280900045343174
Shimla,2007,2007-05-26,25.96361306773188
Shimla,2007,2007-05-27,25.338473255376115
Shimla,2007,2007-05-28,25.860965602987285
Shimla,2007,2007-05-29,26.407242925018316
Shimla,2007,2007-05-30,26.9593272257123
Shimla,2007,2007-05-31,26.24568102987279
Shimla,2007,2007-06-01,26.43103544318769
Shimla,2007,2007-06-02,26.565734065719514
Shimla,2007,2007-06-03,25.94594310070827
Shimla,2007,2007-06-04,25.707431926019087
Shimla,2007,2007-06-05,26.175338307809913
Shimla,2007,2007-06-06,25.619087514085592
Shimla,2007,2007-06-07,23.92607852932153
Shimla,2007,2007-06-08,21.784527335176556
Shimla,2007,2007-06-09,21.965471128502127
Shimla,2007,2007-06-10,24.64954603963252
Shimla,2007,2007-06-11,25.739283299839695
Shimla,2007,2007-06-12,25.952492698094986
Shimla,2007,2007-06-13,26.830611938762054
Shimla,2007,2007-06-14,27.327340444903754
Shimla,2007,2007-06-15,26.76390978164693
Shimla,2007,2007-06-16,26.306598656128255
Shimla,2007,2007-06-17,25.81447306298633
Shimla,2007,2007-06-18,25.460582656170438
Shimla,2007,2007-06-19,23.602885527879614
Shimla,2007,2007-06-20,23.83317267633985
Shimla,2007,2007-06-21,23.45161530360174
Shimla,2007,2007-06-22,25.05669823425005
Shimla,2007,2007-06-23,26.425806406514358
Shimla,2007,2007-06-24,26.877156134929816
Shimla,2007,2007-06-25,27.07627718237429
Shimla,2007,2007-06-26,27.30202737349488
Shimla,2007,2007-06-27,26.87606938528807
Shimla,2007,2007-06-28,26.02526134250972
Shimla,2007,2007-06-29,25.659874513121693
Shimla,2007,2007-06-30,26.13780668634763
Shimla,2007,2007-07-01,25.119596902019797
Shimla,2007,2007-07-02,25.126171908727887
Shimla,2007,2007-07-03,23.727643393700582
Shimla,2007,2007-07-04,25.669812531588605
Shimla,2007,2007-07-05,26.54521324038904
Shimla,2007,2007-07-06,26.71703461800199
Shimla,2007,2007-07-07,26.482299288915247
Shimla,2007,2007-07-08,27.119749203856784
Shimla,2007,2007-07-09,26.335244994402444
Shimla,2007,2007-07-10,25.029084610441412
Shimla,2007,2007-07-11,23.810774035805153
Shimla,2007,2007-07-12,23.546190959062937
Shimla,2007,2007-07-13,23.634581262122143
Shimla,2007,2007-07-14,23.90057863477205
Shimla,2007,2007-07-15,23.998880059094347
Shimla,2007,2007-07-16,24.100090075168104
Shimla,2007,2007-07-17,23.189979723683116
Shimla,2007,2007-07-18,23.70680333923495
Shimla,2007,2007-07-19,23.573345410514573
Shimla,2007,2007-07-20,23.67432222314665
Shimla,2007,2007-07-21,24.48380451827068
Shimla,2007,2007-07-22,23.77954888527184
Shimla,2007,2007-07-23,22.826752461136213
Shimla,2007,2007-07-24,22.043295566296894
Shimla,2007,2007-07-25,21.72616728055467
Shimla,2007,2007-07-26,22.73917455492209
Shimla,2007,2007-07-27,22.463989031369998
Shimla,2007,2007-07-28,22.700449442023885
Shimla,2007,2007-07-29,23.01809917079332
Shimla,2007,2007-07-30,23.615416286244617
Shimla,2007,2007-07-31,24.140830964949554
Shimla,2007,2007-08-01,24.69750982826101
Shimla,2007,2007-08-02,23.665382088620625
Shimla,2007,2007-08-03,23.854086391797324
Shimla,2007,2007-08-04,22.22649363537343
Shimla,2007,2007-08-05,22.753134768250444
Shimla,2007,2007-08-06,22.62588901486793
Shimla,2007,2007-08-07,23.239038091333384
Shimla,2007,2007-08-08,23.549974500465257
Shimla,2007,2007-08-09,22.579658808524012
Shimla,2007,2007-08-10,23.099821019517325
Shimla,2007,2007-08-11,21.175924711425754
Shimla,2007,2007-08-12,20.710161020132404
Shimla,2007,2007-08-13,22.4534372496319
Shimla,2007,2007-08-14,23.64863838541877
Shimla,2007,2007-08-15,24.182262014665852
Shimla,2007,2007-08-16,22.620713961678327
Shimla,2007,2007-08-17,22.31719104693483
Shimla,2007,2007-08-18,22.768392567763417
Shimla,2007,2007-08-19,23.798203824997195
Shimla,2007,2007-08-20,24.666677204274613
Shimla,2007,2007-08-21,22.407618248427557
Shimla,2007,2007-08-22,23.343075789585647
Shimla,2007,2007-08-23,23.092154816228845
Shimla,2007,2007-08-24,22.78897637040495
Shimla,2007,2007-08-25,23.05918898179097
Shimla,2007,2007-08-26,23.59913079831624
Shimla,2007,2007-08-27,24.03458039695003
Shimla,2007,2007-08-28,24.45020900745812
Shimla,2007,2007-08-29,23.442254801327806
Shimla,2007,2007-08-30,23.401456283395788
Shimla,2007,2007-08-31,23.632735274970003
Shimla,2007,2007-09-01,22.687037618069887
Shimla,2007,2007-09-02,21.956912326383648
Shimla,2007,2007-09-03,20.771733720280242
Shimla,2007,2007-09-04,21.790402632484174
Shimla,2007,2007-09-05,18.772048239503953
Shimla,2007,2007-09-06,19.060887172216248
Shimla,2007,2007-09-07,20.122197062645927
Shimla,2007,2007-09-08,22.385244546747245
Shimla,2007,2007-09-09,23.084612692612186
Shimla,2007,2007-09-10,23.72295647517376
Shimla,2007,2007-09-11,23.334257460667523
Shimla,2007,2007-09-12,22.30071406873482
Shimla,2007,2007-09-13,22.313918205141174
Shimla,2007,2007-09-14,22.2548948075201
Shimla,2007,2007-09-15,21.373895538119026
Shimla,2007,2007-09-16,20.408433502046087
Shimla,2007,2007-09-17,20.576450794867448
Shimla,2007,2007-09-18,19.849730383516437
Shimla,2007,2007-09-19,19.702832168507506
Shimla,2007,2007-09-20,20.1927323525367
Shimla,2007,2007-09-21,21.379966635649005
Shimla,2007,2007-09-22,22.01974272958263
Shimla,2007,2007-09-23,21.51516287245354
Shimla,2007,2007-09-24,21.784434230545614
Shimla,2007,2007-09-25,22.069189566943866
Shimla,2007,2007-09-26,22.215341097047972
Shimla,2007,2007-09-27,21.696495194694755
Shimla,2007,2007-09-28,21.555795270843277
Shimla,2007,2007-09-29,21.43357433923687
Shimla,2007,2007-09-30,22.237990524606847
Shimla,2007,2007-10-01,22.750544488272432
Shimla,2007,2007-10-02,21.80025088402186
Shimla,2007,2007-10-03,21.80013270835755
Shimla,2007,2007-10-04,21.71795385688138
Shimla,2007,2007-10-05,21.481554214726387
Shimla,2007,2007-10-06,21.405146329844893
Shimla,2007,2007-10-07,21.125782131480783
Shimla,2007,2007-10-08,20.857618302298963
Shimla,2007,2007-10-09,19.899131252792326
Shimla,2007,2007-10-10,19.771148726332864
Shimla,2007,2007-10-11,18.242109107358566
Shimla,2007,2007-10-12,17.35712664467573
Shimla,2007,2007-10-13,17.83951590658434
Shimla,2007,2007-10-14,19.359382799924475
Shimla,2007,2007-10-15,19.341336077192555
Shimla,2007,2007-10-16,19.680719658791602
Shimla,2007,2007-10-17,19.913958516458337
Shimla,2007,2007-10-18,19.88902128731088
Shimla,2007,2007-10-19,19.497666800921213
Shimla,2007,2007-10-20,20.719523541341594
Shimla,2007,2007-10-21,20.609836951778636
Shimla,2007,2007-10-22,19.308355351867572
Shimla,2007,2007-10-23,19.06927858750116
Shimla,2007,2007-10-24,19.221398250337145
Shimla,2007,2007-10-25,19.08084879601999
Shimla,2007,2007-10-26,18.19040920559986
Shimla,2007,2007-10-27,18.8249385830729
Shimla,2007,2007-10-28,19.00743032520879
Shimla,2007,2007-10-29,18.8231637346037
Shimla,2007,2007-10-30,18.438362794127293
Shimla,2007,2007-10-31,18.024787331715707
Shimla,2007,2007-11-01,17.83859101680859
Shimla,2007,2007-11-02,17.4942582415479
Shimla,2007,2007-11-03,17.26550196401953
Shimla,2007,2007-11-04,17.17702681565399
Shimla,2007,2007-11-05,16.4084223105014
Shimla,2007,2007-11-06,15.63598958227921
Shimla,2007,2007-11-07,15.27261619533537
Shimla,2007,2007-11-08,17.463373904847508
Shimla,2007,2007-11-09,16.377860524375095
Shimla,2007,2007-11-10,15.877475027013494
Shimla,2007,2007-11-11,17.114989116486164
Shimla,2007,2007-11-12,18.46407650352265
Shimla,2007,2007-11-13,18.571983043877697
Shimla,2007,2007-11-14,17.420928934469003
Shimla,2007,2007-11-15,17.318783967904988
Shimla,2007,2007-11-16,18.324319824464826
Shimla,2007,2007-11-17,18.293847378656366
Shimla,2007,2007-11-18,17.995894913936375
Shimla,2007,2007-11-19,17.867619881702396
Shimla,2007,2007-11-20,17.64851492194783
Shimla,2007,2007-11-21,17.97389764988577
Shimla,2007,2007-11-22,16.465184734338163
Shimla,2007,2007-11-23,14.98997946108943
Shimla,2007,2007-11-24,13.000944796556762
Shimla,2007,2007-11-25,11.136373107116325
Shimla,2007,2007-11-26,10.972061271260667
Shimla,2007,2007-11-27,8.709696735440636
Shimla,2007,2007-11-28,11.440245393688624
Shimla,2007,2007-11-29,14.486832785772986
Shimla,2007,2007-11-30,14.967464976470431
Shimla,2007,2007-12-01,14.153023675420915
Shimla,2007,2007-12-02,15.021947338350298
Shimla,2007,2007-12-03,15.708834845247848
Shimla,2007,2007-12-04,18.02203873020682
Shimla,2007,2007-12-05,17.66157298685068
Shimla,2007,2007-12-06,16.242004594850027
Shimla,2007,2007-12-07,15.689596297957161
Shimla,2007,2007-12-08,14.96349841400123
Shimla,2007,2007-12-09,14.876826496476196
Shimla,2007,2007-12-10,15.790834733688829
Shimla,2007,2007-12-11,15.455665940836463
Shimla,2007,2007-12-12,13.195541860940368
Shimla,2007,2007-12-13,13.097668964996153
Shimla,2007,2007-12-14,12.87169776310347
Shimla,2007,2007-12-15,10.757706136861673
Shimla,2007,2007-12-16,8.167417091662337
Shimla,2007,2007-12-17,10.901411965232647
Shimla,2007,2007-12-18,12.743223316183474
Shimla,2007,2007-12-19,14.472862638673945
Shimla,2007,2007-12-20,13.915422959501061
Shimla,2007,2007-12-21,10.479672801186203
Shimla,2007,2007-12-22,10.899641476212132
Shimla,2007,2007-12-23,10.665643391255935
Shimla,2007,2007-12-24,9.21608323351889
Shimla,2007,2007-12-25,11.048880888819657
Shimla,2007,2007-12-26,10.42979320071294
Shimla,2007,2007-12-27,9.484807606265628
Shimla,2007,2007-12-28,7.374759253600554
Shimla,2007,2007-12-29,8.957186658581717
Shimla,2007,2007-12-30,10.686654081898064
Shimla,2007,2007-12-31,12.04568238571663
Shimla,2009,2009-01-01,12.022232854726907
Shimla,2009,2009-01-02,11.572098135342836
Shimla,2009,2009-01-03,12.69897076229029
Shimla,2009,2009-01-04,10.794272652677439
Shimla,2009,2009-01-05,9.780039116148748
Shimla,2009,2009-01-06,7.786081626751762
Shimla,2009,2009-01-07,7.695095573299471
Shimla,2009,2009-01-08,8.910669293474847
Shimla,2009,2009-01-09,8.845625362546432
Shimla,2009,2009-01-10,14.123511585588634
Shimla,2009,2009-01-11,10.681445234289551
Shimla,2009,2009-01-12,11.490113099011506
Shimla,2009,2009-01-13,9.967363548314168
Shimla,2009,2009-01-14,8.87291671759811
Shimla,2009,2009-01-15,6.573702769813229
Shimla,2009,2009-01-16,5.715688567417339
Shimla,2009,2009-01-17,7.955256763477082
Shimla,2009,2009-01-18,6.1030825864543825
Shimla,2009,2009-01-19,7.099451056977728
Shimla,2009,2009-01-20,6.01609067527764
Shimla,2009,2009-01-21,4.755608267975864
Shimla,2009,2009-01-22,4.29308468751403
Shimla,2009,2009-01-23,4.716843125149216
Shimla,2009,2009-01-24,5.825275589477074
Shimla,2009,2009-01-25,8.633993711715203
Shimla,2009,2009-01-26,9.297321566297011
Shimla,2009,2009-01-27,10.119931324150302
Shimla,2009,2009-01-28,12.546575146497752
Shimla,2009,2009-01-29,13.517778457592282
Shimla,2009,2009-01-30,14.534483664569052
Shimla,2009,2009-01-31,13.617257753274675
Shimla,2009,2009-02-01,12.133848463107753
Shimla,2009,2009-02-02,10.826280582697564
Shimla,2009,2009-02-03,10.67555398459482
Shimla,2009,2009-02-04,10.112284786630196
Shimla,2009,2009-02-05,10.503744687544977
Shimla,2009,2009-02-06,10.851052108799678
Shimla,2009,2009-02-07,11.55431967484005
Shimla,2009,2009-02-08,10.708280023683745
Shimla,2009,2009-02-09,9.997968312216164
Shimla,2009,2009-02-10,10.902732010931672
Shimla,2009,2009-02-11,11.202089694227553
Shimla,2009,2009-02-12,11.991257323267796
Shimla,2009,2009-02-13,12.31901372528046
Shimla,2009,2009-02-14,15.599922727598882
Shimla,2009,2009-02-15,15.620666133065082
Shimla,2009,2009-02-16,15.768696692048096
Shimla,2009,2009-02-17,13.436406292827698
Shimla,2009,2009-02-18,10.274328153905191
Shimla,2009,2009-02-19,4.723332357874183
Shimla,2009,2009-02-20,3.7311256420377807
Shimla,2009,2009-02-21,4.358215023676637
Shimla,2009,2009-02-22,4.567572186277921
Shimla,2009,2009-02-23,4.404649854516788
Shimla,2009,2009-02-24,4.759533871912883
Shimla,2009,2009-02-25,6.098045195451119
Shimla,2009,2009-02-26,6.044612087528018
Shimla,2009,2009-02-27,11.393165812501024
Shimla,2009,2009-02-28,12.411092832879499
Shimla,2009,2009-03-01,11.559400082700558
Shimla,2009,2009-03-02,11.449073013133937
Shimla,2009,2009-03-03,10.553235534604413
Shimla,2009,2009-03-04,9.673349484337502
Shimla,2009,2009-03-05,11.959220824657853
Shimla,2009,2009-03-06,13.630333496833655
Shimla,2009,2009-03-07,14.688941019433695
Shimla,2009,2009-03-08,15.24694062660641
Shimla,2009,2009-03-09,16.694221155809338
Shimla,2009,2009-03-10,17.815861776900697
Shimla,2009,2009-03-11,14.985194819699108
Shimla,2009,2009-03-12,12.255646409775823
Shimla,2009,2009-03-13,13.759887585172592
Shimla,2009,2009-03-14,14.932700667138043
Shimla,2009,2009-03-15,15.832597554732848
Shimla,2009,2009-03-16,16.128358540507335
Shimla,2009,2009-03-17,18.38131081690705
Shimla,2009,2009-03-18,18.579530834798064
Shimla,2009,2009-03-19,18.41204447100818
Shimla,2009,2009-03-20,18.234814598179867
Shimla,2009,2009-03-21,19.718029876073846
Shimla,2009,2009-03-22,21.271190560903698
Shimla,2009,2009-03-23,23.00234274416805
Shimla,2009,2009-03-24,22.06122615091997
Shimla,2009,2009-03-25,21.776387491220813
Shimla,2009,2009-03-26,21.514951870949357
Shimla,2009,2009-03-27,21.01154920160141
Shimla,2009,2009-03-28,21.748371423548626
Shimla,2009,2009-03-29,21.98283961560958
Shimla,2009,2009-03-30,23.158516049413358
Shimla,2009,2009-03-31,23.805703695748896
Shimla,2009,2009-04-01,23.857487694066617
Shimla,2009,2009-04-02,24.040139210294342
Shimla,2009,2009-04-03,23.26500393348273
Shimla,2009,2009-04-04,23.50722532122161
Shimla,2009,2009-04-05,22.974239772190455
Shimla,2009,2009-04-06,22.99779007119274
Shimla,2009,2009-04-07,22.860395125605002
Shimla,2009,2009-04-08,22.89328744279771
Shimla,2009,2009-04-09,23.710840746039864
Shimla,2009,2009-04-10,23.67440251137583
Shimla,2009,2009-04-11,24.266673093562318
Shimla,2009,2009-04-12,24.04608324361844
Shimla,2009,2009-04-13,24.939972288817945
Shimla,2009,2009-04-14,25.337410597334777
Shimla,2009,2009-04-15,25.229690620221035
Shimla,2009,2009-04-16,24.295489954203767
Shimla,2009,2009-04-17,24.379334713046504
Shimla,2009,2009-04-18,24.152880831475834
Shimla,2009,2009-04-19,24.002813582188413
Shimla,2009,2009-04-20,24.868414511039145
Shimla,2009,2009-04-21,24.860373333936337
Shimla,2009,2009-04-22,24.534081972937322
Shimla,2009,2009-04-23,24.960138399954626
Shimla,2009,2009-04-24,24.693166725180728
Shimla,2009,2009-04-25,23.461886248822623
Shimla,2009,2009-04-26,21.401526151382022
Shimla,2009,2009-04-27,19.953233208105367
Shimla,2009,2009-04-28,20.773740031597853
Shimla,2009,2009-04-29,23.53269220377919
Shimla,2009,2009-04-30,24.3861123823008
Shimla,2009,2009-05-01,24.598695689622026
Shimla,2009,2009-05-02,25.05349418879123
Shimla,2009,2009-05-03,24.643720811436637
Shimla,2009,2009-05-04,23.157538809991525
Shimla,2009,2009-05-05,20.98525373849268
Shimla,2009,2009-05-06,20.743623496923423
Shimla,2009,2009-05-07,19.286549258883767
Shimla,2009,2009-05-08,18.848094887046873
Shimla,2009,2009-05-09,18.782785195661464
Shimla,2009,2009-05-10,20.738367310858024
Shimla,2009,2009-05-11,19.466990618812737
Shimla,2009,2009-05-12,23.05778371282269
Shimla,2009,2009-05-13,24.28641514018135
Shimla,2009,2009-05-14,25.053075155524816
Shimla,2009,2009-05-15,25.475035089178398
Shimla,2009,2009-05-16,25.961153715956378
Shimla,2009,2009-05-17,26.06551975570322
Shimla,2009,2009-05-18,25.599401533102082
Shimla,2009,2009-05-19,24.6059236893871
Shimla,2009,2009-05-20,23.366870740848917
Shimla,2009,2009-05-21,22.929260643829565
Shimla,2009,2009-05-22,23.78835367497014
Shimla,2009,2009-05-23,23.831189471638055
Shimla,2009,2009-05-24,23.151110120123825
Shimla,2009,2009-05-25,21.217391500830757
Shimla,2009,2009-05-26,22.800360157062972
Shimla,2009,2009-05-27,23.53200072478851
Shimla,2009,2009-05-28,26.086335778791604
Shimla,2009,2009-05-29,27.305439804975112
Shimla,2009,2009-05-30,27.410444670093074
Shimla,2009,2009-05-31,25.457572131922635
Shimla,2009,2009-06-01,25.70906358576453
Shimla,2009,2009-06-02,26.39358395044982
Shimla,2009,2009-06-03,26.101957928740934
Shimla,2009,2009-06-04,25.9572907655213
Shimla,2009,2009-06-05,25.247403924747168
Shimla,2009,2009-06-06,27.1834575601331
Shimla,2009,2009-06-07,29.259158337636826
Shimla,2009,2009-06-08,30.17027973993519
Shimla,2009,2009-06-09,30.70475625045525
Shimla,2009,2009-06-10,28.75398670376537
Shimla,2009,2009-06-11,26.789661069281372
Shimla,2009,2009-06-12,26.797889505829154
Shimla,2009,2009-06-13,28.076375883634363
Shimla,2009,2009-06-14,28.545757081376085
Shimla,2009,2009-06-15,28.276643281025127
Shimla,2009,2009-06-16,28.09111976733434
Shimla,2009,2009-06-17,26.992465565300805
Shimla,2009,2009-06-18,27.127525513246646
Shimla,2009,2009-06-19,26.794751361904215
Shimla,2009,2009-06-20,26.688353866561087
Shimla,2009,2009-06-21,27.49002888817523
Shimla,2009,2009-06-22,27.42420805692967
Shimla,2009,2009-06-23,27.77599661874457
Shimla,2009,2009-06-24,26.970318459789066
Shimla,2009,2009-06-25,26.509845463685224
Shimla,2009,2009-06-26,26.589045993998845
Shimla,2009,2009-06-27,26.596066087877073
Shimla,2009,2009-06-28,26.995384012885154
Shimla,2009,2009-06-29,26.96822930325204
Shimla,2009,2009-06-30,26.97082373005162
Shimla,2009,2009-07-01,26.5836786945013
Shimla,2009,2009-07-02,26.524992016898945
Shimla,2009,2009-07-03,26.389964858771883
Shimla,2009,2009-07-04,26.202154097377417
Shimla,2009,2009-07-05,27.42512641947325
Shimla,2009,2009-07-06,26.983559958181896
Shimla,2009,2009-07-07,26.678027140127554
Shimla,2009,2009-07-08,25.773401335206543
Shimla,2009,2009-07-09,24.716534751997308
Shimla,2009,2009-07-10,25.217749765517617
Shimla,2009,2009-07-11,23.896319177818686
Shimla,2009,2009-07-12,22.35711064967489
Shimla,2009,2009-07-13,21.760484794175127
Shimla,2009,2009-07-14,23.099070028504702
Shimla,2009,2009-07-15,23.71774401682887
Shimla,2009,2009-07-16,24.55985736408718
Shimla,2009,2009-07-17,24.976384327888006
Shimla,2009,2009-07-18,24.72962863870115
Shimla,2009,2009-07-19,23.17492238763647
Shimla,2009,2009-07-20,22.771450035153745
Shimla,2009,2009-07-21,23.430560145242513
Shimla,2009,2009-07-22,23.750616337521468
Shimla,2009,2009-07-23,24.40156402030026
Shimla,2009,2009-07-24,24.954860757990655
Shimla,2009,2009-07-25,25.423094859766852
Shimla,2009,2009-07-26,25.86371646962739
Shimla,2009,2009-07-27,26.59416439620297
Shimla,2009,2009-07-28,23.773901168730433
Shimla,2009,2009-07-29,22.87743319361148
Shimla,2009,2009-07-30,22.62208465770434
Shimla,2009,2009-07-31,22.820810148456054
Shimla,2009,2009-08-01,23.11981548497903
Shimla,2009,2009-08-02,22.213817256275032
Shimla,2009,2009-08-03,24.509907575037282
Shimla,2009,2009-08-04,24.74812579450938
Shimla,2009,2009-08-05,19.668295856712867
Shimla,2009,2009-08-06,20.281923439718597
Shimla,2009,2009-08-07,21.480428037321694
Shimla,2009,2009-08-08,22.31471351573548
Shimla,2009,2009-08-09,23.382122529078202
Shimla,2009,2009-08-10,23.7413605271979
Shimla,2009,2009-08-11,23.229426225057615
Shimla,2009,2009-08-12,24.051137458205783
Shimla,2009,2009-08-13,23.050098253093456
Shimla,2009,2009-08-14,24.06855195402576
Shimla,2009,2009-08-15,25.147900282520787
Shimla,2009,2009-08-16,25.440322257672587
Shimla,2009,2009-08-17,25.253625188743158
Shimla,2009,2009-08-18,24.727854238737255
Shimla,2009,2009-08-19,25.383835638715965
Shimla,2009,2009-08-20,24.422482016166114
Shimla,2009,2009-08-21,23.573269568689923
Shimla,2009,2009-08-22,23.553134981968856
Shimla,2009,2009-08-23,23.67260924398163
Shimla,2009,2009-08-24,24.351273430816658
Shimla,2009,2009-08-25,24.375713372336214
Shimla,2009,2009-08-26,24.95828308403131
Shimla,2009,2009-08-27,24.96051016123797
Shimla,2009,2009-08-28,24.114658641997977
Shimla,2009,2009-08-29,23.867792376305523
Shimla,2009,2009-08-30,23.592567473123538
Shimla,2009,2009-08-31,23.35908852768152
Shimla,2009,2009-09-01,23.03830650736903
Shimla,2009,2009-09-02,23.20916030981415
Shimla,2009,2009-09-03,23.411879303993125
Shimla,2009,2009-09-04,23.501128536021792
Shimla,2009,2009-09-05,22.54072537807075
Shimla,2009,2009-09-06,22.680925858301027
Shimla,2009,2009-09-07,23.04089034372913
Shimla,2009,2009-09-08,23.507090405682018
Shimla,2009,2009-09-09,23.648493652942022
Shimla,2009,2009-09-10,23.11926485228525
Shimla,2009,2009-09-11,22.53478724129001
Shimla,2009,2009-09-12,22.10834415504548
Shimla,2009,2009-09-13,22.404328517911992
Shimla,2009,2009-09-14,22.460744131312673
Shimla,2009,2009-09-15,22.340326180880794
Shimla,2009,2009-09-16,22.291829007455696
Shimla,2009,2009-09-17,21.767853142289184
Shimla,2009,2009-09-18,21.395050422809163
Shimla,2009,2009-09-19,21.691843250389784
Shimla,2009,2009-09-20,21.854314905106122
Shimla,2009,2009-09-21,21.900309292692278
Shimla,2009,2009-09-22,21.758494135192592
Shimla,2009,2009-09-23,22.08645543318755
Shimla,2009,2009-09-24,22.13408120886252
Shimla,2009,2009-09-25,22.36545825625239
Shimla,2009,2009-09-26,22.23234119114901
Shimla,2009,2009-09-27,22.094390163421277
Shimla,2009,2009-09-28,21.704503363733608
Shimla,2009,2009-09-29,21.745116010062006
Shimla,2009,2009-09-30,20.63809873248479
Shimla,2009,2009-10-01,20.62713795869932
Shimla,2009,2009-10-02,21.435867759405795
Shimla,2009,2009-10-03,21.113312896978282
Shimla,2009,2009-10-04,21.49408421605654
Shimla,2009,2009-10-05,21.021504900211973
Shimla,2009,2009-10-06,21.463383209920302
Shimla,2009,2009-10-07,21.687661368415956
Shimla,2009,2009-10-08,20.96389732993528
Shimla,2009,2009-10-09,20.241833310028785
Shimla,2009,2009-10-10,20.578096556124066
Shimla,2009,2009-10-11,21.254983746212513
Shimla,2009,2009-10-12,21.495400033662904
Shimla,2009,2009-10-13,21.123476915442104
Shimla,2009,2009-10-14,19.245223032223656
Shimla,2009,2009-10-15,18.882066712863214
Shimla,2009,2009-10-16,18.76555761725596
Shimla,2009,2009-10-17,19.59128716687195
Shimla,2009,2009-10-18,20.001606445643187
Shimla,2009,2009-10-19,19.424457656462117
Shimla,2009,2009-10-20,19.101368131817853
Shimla,2009,2009-10-21,19.6224331155236
Shimla,2009,2009-10-22,19.412319366525427
Shimla,2009,2009-10-23,18.733211850373934
Shimla,2009,2009-10-24,19.1192511398756
Shimla,2009,2009-10-25,19.70047285496628
Shimla,2009,2009-10-26,19.695619164943132
Shimla,2009,2009-10-27,19.432766432013167
Shimla,2009,2009-10-28,18.364619370985693
Shimla,2009,2009-10-29,18.263635714327997
Shimla,2009,2009-10-30,17.41999291965586
Shimla,2009,2009-10-31,17.746307020792543
Shimla,2009,2009-11-01,18.054367318300958
Shimla,2009,2009-11-02,18.09983166042924
Shimla,2009,2009-11-03,18.23354707766844
Shimla,2009,2009-11-04,18.25856395059855
Shimla,2009,2009-11-05,17.48555271802207
Shimla,2009,2009-11-06,17.519172405615972
Shimla,2009,2009-11-07,17.24127867155455
Shimla,2009,2009-11-08,17.353529283883034
Shimla,2009,2009-11-09,16.455263804065133
Shimla,2009,2009-11-10,14.73533837531259
Shimla,2009,2009-11-11,13.865642785711003
Shimla,2009,2009-11-12,10.534730293822646
Shimla,2009,2009-11-13,9.769935116525733
Shimla,2009,2009-11-14,9.473930367234711
Shimla,2009,2009-11-15,9.010804532405277
Shimla,2009,2009-11-16,9.351651158942595
Shimla,2009,2009-11-17,11.577855466411648
Shimla,2009,2009-11-18,13.874266386470698
Shimla,2009,2009-11-19,14.345205081236285
Shimla,2009,2009-11-20,11.536721493270225
Shimla,2009,2009-11-21,11.827062513362012
Shimla,2009,2009-11-22,12.471375243948312
Shimla,2009,2009-11-23,10.462436522544486
Shimla,2009,2009-11-24,13.383080653986568
Shimla,2009,2009-11-25,13.635995797245933
Shimla,2009,2009-11-26,12.302298766618364
Shimla,2009,2009-11-27,12.58973137618184
Shimla,2009,2009-11-28,14.620887981091533
Shimla,2009,2009-11-29,14.926405930794708
Shimla,2009,2009-11-30,15.67567037864052
Shimla,2009,2009-12-01,15.585086321468358
Shimla,2009,2009-12-02,14.47030443916784
Shimla,2009,2009-12-03,12.964673693576838
Shimla,2009,2009-12-04,13.704527816270305
Shimla,2009,2009-12-05,13.649864295246807
Shimla,2009,2009-12-06,12.335155812834703
Shimla,2009,2009-12-07,11.02441006758688
Shimla,2009,2009-12-08,10.566564250887124
Shimla,2009,2009-12-09,12.125828292522899
Shimla,2009,2009-12-10,11.8875503002523
Shimla,2009,2009-12-11,10.222993267452855
Shimla,2009,2009-12-12,10.772300816019559
Shimla,2009,2009-12-13,10.557638548526494
Shimla,2009,2009-12-14,11.037642578043961
Shimla,2009,2009-12-15,10.458502335718673
Shimla,2009,2009-12-16,7.7794669782034385
Shimla,2009,2009-12-17,3.3890686482714614
Shimla,2009,2009-12-18,2.7309091066730025
Shimla,2009,2009-12-19,2.776969601723508
Shimla,2009,2009-12-20,7.530158012164254
Shimla,2009,2009-12-21,8.612727260503792
Shimla,2009,2009-12-22,11.28425093273326
Shimla,2009,2009-12-23,12.154311865948122
Shimla,2009,2009-12-24,7.048213504044568
Shimla,2009,2009-12-25,8.924111130012928
Shimla,2009,2009-12-26,11.421753484164741
Shimla,2009,2009-12-27,13.421906683529537
Shimla,2009,2009-12-28,13.37513799575352
Shimla,2009,2009-12-29,11.299255173446225
Shimla,2009,2009-12-30,10.303539599952384
Shimla,2009,2009-12-31,8.417383915543097
Hyderabad,2005,2005-01-01,23.79259505839773
Hyderabad,2005,2005-01-02,24.05163449555966
Hyderabad,2005,2005-01-03,24.42142176472002
Hyderabad,2005,2005-01-04,24.54795261355798
Hyderabad,2005,2005-01-05,24.548735768972772
Hyderabad,2005,2005-01-06,24.551693663711404
Hyderabad,2005,2005-01-07,24.391305084973723
Hyderabad,2005,2005-01-08,24.173350023595507
Hyderabad,2005,2005-01-09,24.228602528966775
Hyderabad,2005,2005-01-10,24.0347271655302
Hyderabad,2005,2005-01-11,24.496560598782843
Hyderabad,2005,2005-01-12,25.2493900114371
Hyderabad,2005,2005-01-13,24.968730083641034
Hyderabad,2005,2005-01-14,25.391143647630106
Hyderabad,2005,2005-01-15,26.12912875473544
Hyderabad,2005,2005-01-16,26.447015296666585
Hyderabad,2005,2005-01-17,26.58776408621246
Hyderabad,2005,2005-01-18,26.553563785467382
Hyderabad,2005,2005-01-19,26.401591902233402
Hyderabad,2005,2005-01-20,26.805303883911385
Hyderabad,2005,2005-01-21,26.03125324080754
Hyderabad,2005,2005-01-22,26.357259100871396
Hyderabad,2005,2005-01-23,27.222472622657893
Hyderabad,2005,2005-01-24,27.048998598301914
Hyderabad,2005,2005-01-25,26.939888764460438
Hyderabad,2005,2005-01-26,27.60492849884276
Hyderabad,2005,2005-01-27,27.432513191566308
Hyderabad,2005,2005-01-28,26.810566607117767
Hyderabad,2005,2005-01-29,27.23174160767723
Hyderabad,2005,2005-01-30,27.352611310056478
Hyderabad,2005,2005-01-31,27.270678018506217
Hyderabad,2005,2005-02-01,27.107648312313867
Hyderabad,2005,2005-02-02,27.405500231079916
Hyderabad,2005,2005-02-03,27.056144917192626
Hyderabad,2005,2005-02-04,26.453458175467457
Hyderabad,2005,2005-02-05,27.539496114566433
Hyderabad,2005,2005-02-06,27.723217873133212
Hyderabad,2005,2005-02-07,26.631005892337342
Hyderabad,2005,2005-02-08,26.10405578375144
Hyderabad,2005,2005-02-09,26.070075821479694
Hyderabad,2005,2005-02-10,26.798380161109826
Hyderabad,2005,2005-02-11,27.191816711896895
Hyderabad,2005,2005-02-12,27.654847987478558
Hyderabad,2005,2005-02-13,27.22479012933551
Hyderabad,2005,2005-02-14,27.581774955442278
Hyderabad,2005,2005-02-15,27.86605164572721
Hyderabad,2005,2005-02-16,27.231722610943812
Hyderabad,2005,2005-02-17,27.446558595571293
Hyderabad,2005,2005-02-18,27.932442050896057
Hyderabad,2005,2005-02-19,27.584746255737436
Hyderabad,2005,2005-02-20,27.627693221543414
Hyderabad,2005,2005-02-21,27.112448420707953
Hyderabad,2005,2005-02-22,27.016762337345313
Hyderabad,2005,2005-02-23,26.440723996445037
Hyderabad,2005,2005-02-24,26.749132266977593
Hyderabad,2005,2005-02-25,26.862359355957175
Hyderabad,2005,2005-02-26,27.98837407346127
Hyderabad,2005,2005-02-27,28.525259477246593
Hyderabad,2005,2005-02-28,28.242556659390623
Hyderabad,2005,2005-03-01,28.17114522634308
Hyderabad,2005,2005-03-02,28.64799585699166
Hyderabad,2005,2005-03-03,29.172690204450525
Hyderabad,2005,2005-03-04,29.30403700394558
Hyderabad,2005,2005-03-05,29.736284109900854
Hyderabad,2005,2005-03-06,28.707458721604016
Hyderabad,2005,2005-03-07,28.31306193241701
Hyderabad,2005,2005-03-08,29.16501380776571
Hyderabad,2005,2005-03-09,29.878304072528422
Hyderabad,2005,2005-03-10,29.24990889901431
Hyderabad,2005,2005-03-11,26.91722259084092
Hyderabad,2005,2005-03-12,26.00123979304788
Hyderabad,2005,2005-03-13,27.18931185691587
Hyderabad,2005,2005-03-14,27.065209114360343
Hyderabad,2005,2005-03-15,25.92826824553577
Hyderabad,2005,2005-03-16,29.157236581845726
Hyderabad,2005,2005-03-17,30.184774323256462
Hyderabad,2005,2005-03-18,30.584920299970165
Hyderabad,2005,2005-03-19,30.850313594059962
Hyderabad,2005,2005-03-20,30.740929830800752
Hyderabad,2005,2005-03-21,30.610508092919922
Hyderabad,2005,2005-03-22,29.717552129740625
Hyderabad,2005,2005-03-23,29.958132709833446
Hyderabad,2005,2005-03-24,30.065587757791832
Hyderabad,2005,2005-03-25,29.41862065060932
Hyderabad,2005,2005-03-26,30.169814822120905
Hyderabad,2005,2005-03-27,31.232405507702673
Hyderabad,2005,2005-03-28,31.553891691657164
Hyderabad,2005,2005-03-29,31.59678956746514
Hyderabad,2005,2005-03-30,30.00144249151587
Hyderabad,2005,2005-03-31,29.85320281532789
Hyderabad,2005,2005-04-01,29.894808756156344
Hyderabad,2005,2005-04-02,31.11402519894427
Hyderabad,2005,2005-04-03,31.61150283417388
Hyderabad,2005,2005-04-04,31.938335479413592
Hyderabad,2005,2005-04-05,32.16855980914755
Hyderabad,2005,2005-04-06,32.865268675045286
Hyderabad,2005,2005-04-07,32.33519927127969
Hyderabad,2005,2005-04-08,32.421184541924866
Hyderabad,2005,2005-04-09,33.10342273426693
Hyderabad,2005,2005-04-10,32.30860157404082
Hyderabad,2005,2005-04-11,31.599103536480087
Hyderabad,2005,2005-04-12,31.150608321769027
Hyderabad,2005,2005-04-13,30.843774326596385
Hyderabad,2005,2005-04-14,30.638167736104833
Hyderabad,2005,2005-04-15,30.61156575891415
Hyderabad,2005,2005-04-16,30.90770124962997
Hyderabad,2005,2005-04-17,31.297859523442696
Hyderabad,2005,2005-04-18,31.123458411078314
Hyderabad,2005,2005-04-19,31.01710549792851
Hyderabad,2005,2005-04-20,31.27041268979267
Hyderabad,2005,2005-04-21,31.52659810764711
Hyderabad,2005,2005-04-22,32.13377402167901
Hyderabad,2005,2005-04-23,32.1992180349248
Hyderabad,2005,2005-04-24,32.86281060001663
Hyderabad,2005,2005-04-25,32.47255540691861
Hyderabad,2005,2005-04-26,32.327045180010956
Hyderabad,2005,2005-04-27,33.42052842201259
Hyderabad,2005,2005-04-28,33.383962210334055
Hyderabad,2005,2005-04-29,33.467361330367844
Hyderabad,2005,2005-04-30,34.18807458376283
Hyderabad,2005,2005-05-01,32.67488597693279
Hyderabad,2005,2005-05-02,31.669909106370145
Hyderabad,2005,2005-05-03,31.871558513490612
Hyderabad,2005,2005-05-04,31.953732948675178
Hyderabad,2005,2005-05-05,32.05441228895121
Hyderabad,2005,2005-05-06,31.95373942660477
Hyderabad,2005,2005-05-07,31.62239591095436
Hyderabad,2005,2005-05-08,31.589366596171303
Hyderabad,2005,2005-05-09,31.521753426669854
Hyderabad,2005,2005-05-10,31.36843716706823
Hyderabad,2005,2005-05-11,32.16496467183033
Hyderabad,2005,2005-05-12,32.51792804539861
Hyderabad,2005,2005-05-13,33.45849876748416
Hyderabad,2005,2005-05-14,33.18126197303451
Hyderabad,2005,2005-05-15,32.81994319640805
Hyderabad,2005,2005-05-16,33.204658102096275
Hyderabad,2005,2005-05-17,32.321444827005436
Hyderabad,2005,2005-05-18,32.861425600431446
Hyderabad,2005,2005-05-19,32.684816336025456
Hyderabad,2005,2005-05-20,33.528129870911826
Hyderabad,2005,2005-05-21,33.359946681173206
Hyderabad,2005,2005-05-22,33.006202296167395
Hyderabad,2005,2005-05-23,32.783991855454744
Hyderabad,2005,2005-05-24,32.71203949155832
Hyderabad,2005,2005-05-25,32.52663003026669
Hyderabad,2005,2005-05-26,32.28367772204935
Hyderabad,2005,2005-05-27,32.25412469769179
Hyderabad,2005,2005-05-28,32.598071957723846
Hyderabad,2005,2005-05-29,32.80477289623057
Hyderabad,2005,2005-05-30,32.80151124832722
Hyderabad,2005,2005-05-31,32.52564071505962
Hyderabad,2005,2005-06-01,32.73063562620569
Hyderabad,2005,2005-06-02,32.423163286424554
Hyderabad,2005,2005-06-03,31.776723148728934
Hyderabad,2005,2005-06-04,31.46326448932061
Hyderabad,2005,2005-06-05,30.94271014256958
Hyderabad,2005,2005-06-06,30.598788490329188
Hyderabad,2005,2005-06-07,29.78053165605006
Hyderabad,2005,2005-06-08,29.32752619262708
Hyderabad,2005,2005-06-09,29.02726032295322
Hyderabad,2005,2005-06-10,30.636814803019682
Hyderabad,2005,2005-06-11,31.18838561526724
Hyderabad,2005,2005-06-12,29.653339500091068
Hyderabad,2005,2005-06-13,29.146441177234863
Hyderabad,2005,2005-06-14,27.65196963652572
Hyderabad,2005,2005-06-15,28.4065960792187
Hyderabad,2005,2005-06-16,28.82343352814391
Hyderabad,2005,2005-06-17,28.327962109047334
Hyderabad,2005,2005-06-18,29.147153414793976
Hyderabad,2005,2005-06-19,28.588203259876508
Hyderabad,2005,2005-06-20,28.873987574034928
Hyderabad,2005,2005-06-21,29.71197143955905
Hyderabad,2005,2005-06-22,29.069050159709985
Hyderabad,2005,2005-06-23,29.739266207477282
Hyderabad,2005,2005-06-24,29.619883558550896
Hyderabad,2005,2005-06-25,29.82005999679141
Hyderabad,2005,2005-06-26,29.679957980077887
Hyderabad,2005,2005-06-27,29.96277718590771
Hyderabad,2005,2005-06-28,30.57653331631365
Hyderabad,2005,2005-06-29,30.834577874351226
Hyderabad,2005,2005-06-30,31.300510926396008
Hyderabad,2005,2005-07-01,30.22385501536995
Hyderabad,2005,2005-07-02,30.294741266665326
Hyderabad,2005,2005-07-03,29.44112922492623
Hyderabad,2005,2005-07-04,28.889122712646888
Hyderabad,2005,2005-07-05,27.620161592923044
Hyderabad,2005,2005-07-06,27.852991210306996
Hyderabad,2005,2005-07-07,26.6628976785994
Hyderabad,2005,2005-07-08,24.527945770352915
Hyderabad,2005,2005-07-09,26.473656361373713
Hyderabad,2005,2005-07-10,27.06020209200105
Hyderabad,2005,2005-07-11,26.28891954510297
Hyderabad,2005,2005-07-12,27.346024975451236
Hyderabad,2005,2005-07-13,27.383200904654917
Hyderabad,2005,2005-07-14,27.927575055818338
Hyderabad,2005,2005-07-15,27.650021715507485
Hyderabad,2005,2005-07-16,28.19095630820481
Hyderabad,2005,2005-07-17,29.109127753310414
Hyderabad,2005,2005-07-18,28.344664963801705
Hyderabad,2005,2005-07-19,28.672163662680575
Hyderabad,2005,2005-07-20,29.536528667469458
Hyderabad,2005,2005-07-21,29.021644274756092
Hyderabad,2005,2005-07-22,29.20891149344954
Hyderabad,2005,2005-07-23,28.95380573883613
Hyderabad,2005,2005-07-24,28.10298933500319
Hyderabad,2005,2005-07-25,27.102040477637622
Hyderabad,2005,2005-07-26,28.007558792208975
Hyderabad,2005,2005-07-27,28.05422728371305
Hyderabad,2005,2005-07-28,28.15362033096173
Hyderabad,2005,2005-07-29,28.26653225855518
Hyderabad,2005,2005-07-30,27.60415571664708
Hyderabad,2005,2005-07-31,26.55995141565412
Hyderabad,2005,2005-08-01,25.69518712327696
Hyderabad,2005,2005-08-02,27.53671853984891
Hyderabad,2005,2005-08-03,26.821464324388764
Hyderabad,2005,2005-08-04,27.614741599001526
Hyderabad,2005,2005-08-05,28.98465842754181
Hyderabad,2005,2005-08-06,29.218148591340423
Hyderabad,2005,2005-08-07,29.179334162441087
Hyderabad,2005,2005-08-08,29.383076356235406
Hyderabad,2005,2005-08-09,29.12763010476813
Hyderabad,2005,2005-08-10,29.808734930082565
Hyderabad,2005,2005-08-11,28.742345008737274
Hyderabad,2005,2005-08-12,24.346274713979298
Hyderabad,2005,2005-08-13,27.058074428504423
Hyderabad,2005,2005-08-14,28.486660328001175
Hyderabad,2005,2005-08-15,28.354911685999415
Hyderabad,2005,2005-08-16,28.00267984940982
Hyderabad,2005,2005-08-17,27.479897358267362
Hyderabad,2005,2005-08-18,27.511493328753588
Hyderabad,2005,2005-08-19,29.035409999294913
Hyderabad,2005,2005-08-20,27.324569154711494
Hyderabad,2005,2005-08-21,27.432974750003915
Hyderabad,2005,2005-08-22,28.187148485671482
Hyderabad,2005,2005-08-23,28.101930131414537
Hyderabad,2005,2005-08-24,29.32067454880638
Hyderabad,2005,2005-08-25,28.35652310606607
Hyderabad,2005,2005-08-26,28.252976591455557
Hyderabad,2005,2005-08-27,28.43745716215357
Hyderabad,2005,2005-08-28,27.99851247796567
Hyderabad,2005,2005-08-29,27.768694148895605
Hyderabad,2005,2005-08-30,27.873065077457277
Hyderabad,2005,2005-08-31,28.18844705682898
Hyderabad,2005,2005-09-01,27.95273202732883
Hyderabad,2005,2005-09-02,28.69143522982744
Hyderabad,2005,2005-09-03,27.39106596563267
Hyderabad,2005,2005-09-04,28.016576886424886
Hyderabad,2005,2005-09-05,28.07519591598097
Hyderabad,2005,2005-09-06,28.01303191263933
Hyderabad,2005,2005-09-07,27.852897785421845
Hyderabad,2005,2005-09-08,27.510673092732922
Hyderabad,2005,2005-09-09,28.41995212565352
Hyderabad,2005,2005-09-10,27.70165744884315
Hyderabad,2005,2005-09-11,28.218119173155227
Hyderabad,2005,2005-09-12,27.80688740899187
Hyderabad,2005,2005-09-13,26.754178062123138
Hyderabad,2005,2005-09-14,26.192490923992402
Hyderabad,2005,2005-09-15,25.831113068367962
Hyderabad,2005,2005-09-16,26.881949806870924
Hyderabad,2005,2005-09-17,28.69683887581328
Hyderabad,2005,2005-09-18,28.861325404158055
Hyderabad,2005,2005-09-19,29.023591601961748
Hyderabad,2005,2005-09-20,29.725903824806842
Hyderabad,2005,2005-09-21,29.77918355043855
Hyderabad,2005,2005-09-22,30.944283245455793
Hyderabad,2005,2005-09-23,31.387660707308402
Hyderabad,2005,2005-09-24,31.28782226461218
Hyderabad,2005,2005-09-25,30.34313525696213
Hyderabad,2005,2005-09-26,31.06542071663313
Hyderabad,2005,2005-09-27,31.12911028197767
Hyderabad,2005,2005-09-28,31.510842731356462
Hyderabad,2005,2005-09-29,31.74144176087389
Hyderabad,2005,2005-09-30,31.189668872982793
Hyderabad,2005,2005-10-01,31.135211708507775
Hyderabad,2005,2005-10-02,30.679090742709562
Hyderabad,2005,2005-10-03,29.972017764759816
Hyderabad,2005,2005-10-04,30.09562620611738
Hyderabad,2005,2005-10-05,29.821097287587897
Hyderabad,2005,2005-10-06,30.229285717329088
Hyderabad,2005,2005-10-07,29.624381135711992
Hyderabad,2005,2005-10-08,31.40460569842161
Hyderabad,2005,2005-10-09,30.209585122086864
Hyderabad,2005,2005-10-10,30.086742513950572
Hyderabad,2005,2005-10-11,30.184325580012736
Hyderabad,2005,2005-10-12,30.713473345149314
Hyderabad,2005,2005-10-13,30.677105331295618
Hyderabad,2005,2005-10-14,30.299940380339024
Hyderabad,2005,2005-10-15,29.920566513980415
Hyderabad,2005,2005-10-16,29.435949750039335
Hyderabad,2005,2005-10-17,28.308792585431327
Hyderabad,2005,2005-10-18,27.978188702314057
Hyderabad,2005,2005-10-19,28.962473332807857
Hyderabad,2005,2005-10-20,29.214229494037514
Hyderabad,2005,2005-10-21,28.48018271872983
Hyderabad,2005,2005-10-22,28.831214435020648
Hyderabad,2005,2005-10-23,28.195179215176154
Hyderabad,2005,2005-10-24,27.194826496060653
Hyderabad,2005,2005-10-25,26.839262121548323
Hyderabad,2005,2005-10-26,27.30805469872903
Hyderabad,2005,2005-10-27,26.276469586221197
Hyderabad,2005,2005-10-28,28.044039926178183
Hyderabad,2005,2005-10-29,28.59632442308587
Hyderabad,2005,2005-10-30,29.49576717162716
Hyderabad,2005,2005-10-31,29.35253131322393
Hyderabad,2005,2005-11-01,28.34461870199344
Hyderabad,2005,2005-11-02,28.236177427583506
Hyderabad,2005,2005-11-03,27.67228013043156
Hyderabad,2005,2005-11-04,25.759264099741777
Hyderabad,2005,2005-11-05,26.833988619198802
Hyderabad,2005,2005-11-06,27.403720144392118
Hyderabad,2005,2005-11-07,28.08998003475893
Hyderabad,2005,2005-11-08,27.23022142971817
Hyderabad,2005,2005-11-09,28.135004762617207
Hyderabad,2005,2005-11-10,28.627954534079983
Hyderabad,2005,2005-11-11,28.615259552758324
Hyderabad,2005,2005-11-12,27.87370289716359
Hyderabad,2005,2005-11-13,29.03455833826365
Hyderabad,2005,2005-11-14,28.81365111112665
Hyderabad,2005,2005-11-15,28.416194820213004
Hyderabad,2005,2005-11-16,27.899100314772433
Hyderabad,2005,2005-11-17,27.390625468743277
Hyderabad,2005,2005-11-18,26.49754666823666
Hyderabad,2005,2005-11-19,26.982589255257345
Hyderabad,2005,2005-11-20,28.411840445426005
Hyderabad,2005,2005-11-21,28.01151127020612
Hyderabad,2005,2005-11-22,27.555674767076862
Hyderabad,2005,2005-11-23,26.229127455806697
Hyderabad,2005,2005-11-24,26.78594284941553
Hyderabad,2005,2005-11-25,27.676229520774065
Hyderabad,2005,2005-11-26,27.675638669764567
Hyderabad,2005,2005-11-27,26.959623359878204
Hyderabad,2005,2005-11-28,27.003397439084605
Hyderabad,2005,2005-11-29,27.894435034058276
Hyderabad,2005,2005-11-30,27.968281711511523
Hyderabad,2005,2005-12-01,27.54695505503986
Hyderabad,2005,2005-12-02,27.82777137949678
Hyderabad,2005,2005-12-03,27.042701571535403
Hyderabad,2005,2005-12-04,26.54819181046543
Hyderabad,2005,2005-12-05,25.570667033302012
Hyderabad,2005,2005-12-06,26.043147660411233
Hyderabad,2005,2005-12-07,25.677707587428504
Hyderabad,2005,2005-12-08,26.310045009358213
Hyderabad,2005,2005-12-09,26.57594309470423
Hyderabad,2005,2005-12-10,25.692530532079886
Hyderabad,2005,2005-12-11,26.441935026355633
Hyderabad,2005,2005-12-12,27.274570354316516
Hyderabad,2005,2005-12-13,27.36211088658272
Hyderabad,2005,2005-12-14,27.447562060320653
Hyderabad,2005,2005-12-15,25.941354143934323
Hyderabad,2005,2005-12-16,26.864428905267484
Hyderabad,2005,2005-12-17,26.88946232134875
Hyderabad,2005,2005-12-18,25.429127064789487
Hyderabad,2005,2005-12-19,26.057631191478258
Hyderabad,2005,2005-12-20,25.996361940998483
Hyderabad,2005,2005-12-21,25.995692844854496
Hyderabad,2005,2005-12-22,25.61408379249435
Hyderabad,2005,2005-12-23,25.572276940757718
Hyderabad,2005,2005-12-24,25.57414147487341
Hyderabad,2005,2005-12-25,25.516414272656196
Hyderabad,2005,2005-12-26,26.0932693992124
Hyderabad,2005,2005-12-27,25.87316691672053
Hyderabad,2005,2005-12-28,26.069357532455534
Hyderabad,2005,2005-12-29,25.66980291065755
Hyderabad,2005,2005-12-30,26.540882922135623
Hyderabad,2005,2005-12-31,25.45694270239612
Hyderabad,2007,2007-01-01,24.392421295256643
Hyderabad,2007,2007-01-02,24.599652065715084
Hyderabad,2007,2007-01-03,24.589411861982008
Hyderabad,2007,2007-01-04,23.701371232961773
Hyderabad,2007,2007-01-05,24.04798500593172
Hyderabad,2007,2007-01-06,24.882295097192902
Hyderabad,2007,2007-01-07,24.944258324365904
Hyderabad,2007,2007-01-08,25.242068367180995
Hyderabad,2007,2007-01-09,25.54257646316774
Hyderabad,2007,2007-01-10,25.809117542402195
Hyderabad,2007,2007-01-11,26.01584983697204
Hyderabad,2007,2007-01-12,25.47394074280806
Hyderabad,2007,2007-01-13,25.406988312191412
Hyderabad,2007,2007-01-14,24.710809593330257
Hyderabad,2007,2007-01-15,24.597425119145672
Hyderabad,2007,2007-01-16,21.342579489924024
Hyderabad,2007,2007-01-17,20.86216262944954
Hyderabad,2007,2007-01-18,21.916892919837046
Hyderabad,2007,2007-01-19,22.82497158696142
Hyderabad,2007,2007-01-20,24.112464500467883
Hyderabad,2007,2007-01-21,25.650065794972974
Hyderabad,2007,2007-01-22,25.42598715309311
Hyderabad,2007,2007-01-23,25.573825252111448
Hyderabad,2007,2007-01-24,26.56811629763138
Hyderabad,2007,2007-01-25,26.58324625974298
Hyderabad,2007,2007-01-26,27.47617998589333
Hyderabad,2007,2007-01-27,26.652906119231382
Hyderabad,2007,2007-01-28,24.988134236087912
Hyderabad,2007,2007-01-29,26.60431108837446
Hyderabad,2007,2007-01-30,26.598716905176445
Hyderabad,2007,2007-01-31,25.639749766258223
Hyderabad,2007,2007-02-01,25.52482966540267
Hyderabad,2007,2007-02-02,26.283260150521205
Hyderabad,2007,2007-02-03,25.7636303071392
Hyderabad,2007,2007-02-04,25.67569286578304
Hyderabad,2007,2007-02-05,26.459940080222633
Hyderabad,2007,2007-02-06,27.383479684569565
Hyderabad,2007,2007-02-07,27.21580496861989
Hyderabad,2007,2007-02-08,26.954472830458055
Hyderabad,2007,2007-02-09,26.913075042134007
Hyderabad,2007,2007-02-10,27.27864825629428
Hyderabad,2007,2007-02-11,27.853566314861773
Hyderabad,2007,2007-02-12,27.821386045365372
Hyderabad,2007,2007-02-13,27.070228446239486
Hyderabad,2007,2007-02-14,27.76789569839237
Hyderabad,2007,2007-02-15,27.107328729457162
Hyderabad,2007,2007-02-16,27.35882192707008
Hyderabad,2007,2007-02-17,27.285257208822873
Hyderabad,2007,2007-02-18,27.238283620157166
Hyderabad,2007,2007-02-19,27.737684990391806
Hyderabad,2007,2007-02-20,28.55591161959733
Hyderabad,2007,2007-02-21,29.069398394675215
Hyderabad,2007,2007-02-22,28.553969718796523
Hyderabad,2007,2007-02-23,28.93145484470959
Hyderabad,2007,2007-02-24,29.209400634382888
Hyderabad,2007,2007-02-25,29.46745270086195
Hyderabad,2007,2007-02-26,28.428090778671425
Hyderabad,2007,2007-02-27,27.655442394847913
Hyderabad,2007,2007-02-28,27.999501951513942
Hyderabad,2007,2007-03-01,28.54389991954161
Hyderabad,2007,2007-03-02,29.944257707999206
Hyderabad,2007,2007-03-03,29.289377578532786
Hyderabad,2007,2007-03-04,29.076732526270764
Hyderabad,2007,2007-03-05,30.4130665392151
Hyderabad,2007,2007-03-06,30.48444513762429
Hyderabad,2007,2007-03-07,29.760443456981196
Hyderabad,2007,2007-03-08,30.251812003617502
Hyderabad,2007,2007-03-09,30.41779424972408
Hyderabad,2007,2007-03-10,30.307092107058583
Hyderabad,2007,2007-03-11,29.986509409445823
Hyderabad,2007,2007-03-12,29.724873390429153
Hyderabad,2007,2007-03-13,29.436502064981934
Hyderabad,2007,2007-03-14,29.28860689430075
Hyderabad,2007,2007-03-15,29.728576776043766
Hyderabad,2007,2007-03-16,30.149880856796628
Hyderabad,2007,2007-03-17,30.64802294685091
Hyderabad,2007,2007-03-18,31.393160975347158
Hyderabad,2007,2007-03-19,31.879431868546035
Hyderabad,2007,2007-03-20,30.928433002164926
Hyderabad,2007,2007-03-21,30.190449201836316
Hyderabad,2007,2007-03-22,31.07061669837848
Hyderabad,2007,2007-03-23,30.934155564891704
Hyderabad,2007,2007-03-24,31.126871631644086
Hyderabad,2007,2007-03-25,31.18657900528457
Hyderabad,2007,2007-03-26,30.870276132070963
Hyderabad,2007,2007-03-27,30.791045914402616
Hyderabad,2007,2007-03-28,31.002070976733215
Hyderabad,2007,2007-03-29,31.844720691672485
Hyderabad,2007,2007-03-30,31.313122838831614
Hyderabad,2007,2007-03-31,31.31737911757642
Hyderabad,2007,2007-04-01,31.693988047368116
Hyderabad,2007,2007-04-02,31.417758722035536
Hyderabad,2007,2007-04-03,31.05844870639383
Hyderabad,2007,2007-04-04,30.681952877502617
Hyderabad,2007,2007-04-05,31.273988346673864
Hyderabad,2007,2007-04-06,31.411354887700092
Hyderabad,2007,2007-04-07,30.702074297671007
Hyderabad,2007,2007-04-08,30.61559836003146
Hyderabad,2007,2007-04-09,30.71953615608163
Hyderabad,2007,2007-04-10,31.342323736464053
Hyderabad,2007,2007-04-11,32.00539942500095
Hyderabad,2007,2007-04-12,32.250576158612425
Hyderabad,2007,2007-04-13,32.03685844105828
Hyderabad,2007,2007-04-14,31.998298086704455
Hyderabad,2007,2007-04-15,31.851888176340793
Hyderabad,2007,2007-04-16,31.972910970228806
Hyderabad,2007,2007-04-17,32.04010355760146
Hyderabad,2007,2007-04-18,32.04836475215618
Hyderabad,2007,2007-04-19,30.91121811820136
Hyderabad,2007,2007-04-20,31.129932038204934
Hyderabad,2007,2007-04-21,30.223204629148203
Hyderabad,2007,2007-04-22,31.371906784525553
Hyderabad,2007,2007-04-23,31.908956499396496
Hyderabad,2007,2007-04-24,32.811412589004384
Hyderabad,2007,2007-04-25,32.7877321310488
Hyderabad,2007,2007-04-26,32.662575292868894
Hyderabad,2007,2007-04-27,32.74170673025986
Hyderabad,2007,2007-04-28,31.668875697086413
Hyderabad,2007,2007-04-29,31.206296791203375
Hyderabad,2007,2007-04-30,30.96577694962126
Hyderabad,2007,2007-05-01,30.89743403739736
Hyderabad,2007,2007-05-02,30.1023512464324
Hyderabad,2007,2007-05-03,32.09103472563095
Hyderabad,2007,2007-05-04,32.346563227211824
Hyderabad,2007,2007-05-05,32.384127478331564
Hyderabad,2007,2007-05-06,31.768936436948255
Hyderabad,2007,2007-05-07,32.07600338539938
Hyderabad,2007,2007-05-08,32.788652563813784
Hyderabad,2007,2007-05-09,33.082433783984115
Hyderabad,2007,2007-05-10,32.59166202783919
Hyderabad,2007,2007-05-11,32.51847979763373
Hyderabad,2007,2007-05-12,32.72928554385836
Hyderabad,2007,2007-05-13,33.36664771255475
Hyderabad,2007,2007-05-14,33.46261660338969
Hyderabad,2007,2007-05-15,33.28987054273701
Hyderabad,2007,2007-05-16,33.646794843664274
Hyderabad,2007,2007-05-17,32.99312856868232
Hyderabad,2007,2007-05-18,33.28217182675209
Hyderabad,2007,2007-05-19,33.69489455100981
Hyderabad,2007,2007-05-20,33.17955303938274
Hyderabad,2007,2007-05-21,33.59959279656158
Hyderabad,2007,2007-05-22,31.854048517263294
Hyderabad,2007,2007-05-23,31.24979574001504
Hyderabad,2007,2007-05-24,31.383628277714372
Hyderabad,2007,2007-05-25,32.15027796603996
Hyderabad,2007,2007-05-26,31.820127123374284
Hyderabad,2007,2007-05-27,31.541454707329326
Hyderabad,2007,2007-05-28,31.22454526476072
Hyderabad,2007,2007-05-29,31.717515393412118
Hyderabad,2007,2007-05-30,31.451201468271304
Hyderabad,2007,2007-05-31,31.66196618252912
Hyderabad,2007,2007-06-01,31.987239782271743
Hyderabad,2007,2007-06-02,30.7922480446555
Hyderabad,2007,2007-06-03,31.06206556368144
Hyderabad,2007,2007-06-04,30.717521385692525
Hyderabad,2007,2007-06-05,30.796476891525426
Hyderabad,2007,2007-06-06,31.741107959031353
Hyderabad,2007,2007-06-07,32.12559171507578
Hyderabad,2007,2007-06-08,30.169034011132712
Hyderabad,2007,2007-06-09,29.415217654122312
Hyderabad,2007,2007-06-10,28.83008099979373
Hyderabad,2007,2007-06-11,28.190464625676093
Hyderabad,2007,2007-06-12,28.002150160533326
Hyderabad,2007,2007-06-13,28.282270401947752
Hyderabad,2007,2007-06-14,29.90546538462711
Hyderabad,2007,2007-06-15,30.038410718670928
Hyderabad,2007,2007-06-16,29.37124998531964
Hyderabad,2007,2007-06-17,27.59560767115927
Hyderabad,2007,2007-06-18,28.001090838013354
Hyderabad,2007,2007-06-19,26.854289230966153
Hyderabad,2007,2007-06-20,27.06735875840357
Hyderabad,2007,2007-06-21,27.66209489890347
Hyderabad,2007,2007-06-22,29.18741508505837
Hyderabad,2007,2007-06-23,29.036744482743906
Hyderabad,2007,2007-06-24,27.951840559285703
Hyderabad,2007,2007-06-25,28.491242746091196
Hyderabad,2007,2007-06-26,27.414701329129844
Hyderabad,2007,2007-06-27,25.931052150815255
Hyderabad,2007,2007-06-28,26.360228864357765
Hyderabad,2007,2007-06-29,25.77774804466492
Hyderabad,2007,2007-06-30,28.54094316660644
Hyderabad,2007,2007-07-01,28.926193210713418
Hyderabad,2007,2007-07-02,29.381919379126174
Hyderabad,2007,2007-07-03,29.554008081120763
Hyderabad,2007,2007-07-04,29.82539499454891
Hyderabad,2007,2007-07-05,29.48353542741391
Hyderabad,2007,2007-07-06,29.34304120000286
Hyderabad,2007,2007-07-07,29.198815442872725
Hyderabad,2007,2007-07-08,28.54677714152374
Hyderabad,2007,2007-07-09,27.461732767050062
Hyderabad,2007,2007-07-10,27.768689127289854
Hyderabad,2007,2007-07-11,28.0440207331153
Hyderabad,2007,2007-07-12,27.386184302354547
Hyderabad,2007,2007-07-13,25.457473050284054
Hyderabad,2007,2007-07-14,26.002669973737127
Hyderabad,2007,2007-07-15,25.811641193513687
Hyderabad,2007,2007-07-16,26.70432125596207
Hyderabad,2007,2007-07-17,25.629920195720516
Hyderabad,2007,2007-07-18,25.18345439191678
Hyderabad,2007,2007-07-19,25.8966650822924
Hyderabad,2007,2007-07-20,25.181604836922055
Hyderabad,2007,2007-07-21,26.08952322678591
Hyderabad,2007,2007-07-22,26.043177440933434
Hyderabad,2007,2007-07-23,24.273977587183868
Hyderabad,2007,2007-07-24,25.92449755526092
Hyderabad,2007,2007-07-25,22.440131983750142
Hyderabad,2007,2007-07-26,25.62722436509321
Hyderabad,2007,2007-07-27,28.149312172901105
Hyderabad,2007,2007-07-28,29.010367012627537
Hyderabad,2007,2007-07-29,29.11518614902618
Hyderabad,2007,2007-07-30,27.931967269695093
Hyderabad,2007,2007-07-31,28.374451193959178
Hyderabad,2007,2007-08-01,27.509308860766048
Hyderabad,2007,2007-08-02,25.7882688338683
Hyderabad,2007,2007-08-03,25.270011430841308
Hyderabad,2007,2007-08-04,24.21781033789322
Hyderabad,2007,2007-08-05,25.87608617862095
Hyderabad,2007,2007-08-06,25.945986554829478
Hyderabad,2007,2007-08-07,27.597043975120712
Hyderabad,2007,2007-08-08,27.7390665118913
Hyderabad,2007,2007-08-09,27.78255693165255
Hyderabad,2007,2007-08-10,27.80016578977224
Hyderabad,2007,2007-08-11,27.966226153262575
Hyderabad,2007,2007-08-12,28.39946892680326
Hyderabad,2007,2007-08-13,24.701884404489263
Hyderabad,2007,2007-08-14,21.97765781214957
Hyderabad,2007,2007-08-15,20.74517805047441
Hyderabad,2007,2007-08-16,25.061849653584876
Hyderabad,2007,2007-08-17,26.300806556272285
Hyderabad,2007,2007-08-18,28.053852669733416
Hyderabad,2007,2007-08-19,28.10001749283176
Hyderabad,2007,2007-08-20,27.11881431276238
Hyderabad,2007,2007-08-21,26.549594293176455
Hyderabad,2007,2007-08-22,25.525005568741413
Hyderabad,2007,2007-08-23,27.484088431635502
Hyderabad,2007,2007-08-24,27.82540602364747
Hyderabad,2007,2007-08-25,26.88048466780966
Hyderabad,2007,2007-08-26,26.912032986836387
Hyderabad,2007,2007-08-27,27.113010456910544
Hyderabad,2007,2007-08-28,27.477328682977458
Hyderabad,2007,2007-08-29,27.792000716389204
Hyderabad,2007,2007-08-30,27.17436637668431
Hyderabad,2007,2007-08-31,27.46274450546657
Hyderabad,2007,2007-09-01,27.404665957452128
Hyderabad,2007,2007-09-02,27.684814814433345
Hyderabad,2007,2007-09-03,27.34551023927523
Hyderabad,2007,2007-09-04,27.75413278263374
Hyderabad,2007,2007-09-05,27.71715439704047
Hyderabad,2007,2007-09-06,29.180147205429883
Hyderabad,2007,2007-09-07,29.138016015240588
Hyderabad,2007,2007-09-08,29.761691914169788
Hyderabad,2007,2007-09-09,29.81544246313867
Hyderabad,2007,2007-09-10,30.330907275293516
Hyderabad,2007,2007-09-11,30.240539066033982
Hyderabad,2007,2007-09-12,29.317664118333585
Hyderabad,2007,2007-09-13,28.64751722054909
Hyderabad,2007,2007-09-14,27.45344440862037
Hyderabad,2007,2007-09-15,26.56656792354684
Hyderabad,2007,2007-09-16,24.813699297595058
Hyderabad,2007,2007-09-17,27.75842915478222
Hyderabad,2007,2007-09-18,29.626345227962315
Hyderabad,2007,2007-09-19,29.785482836957645
Hyderabad,2007,2007-09-20,30.14503897140626
Hyderabad,2007,2007-09-21,30.142732646685236
Hyderabad,2007,2007-09-22,28.966148735616393
Hyderabad,2007,2007-09-23,29.296271039525163
Hyderabad,2007,2007-09-24,29.656177055620795
Hyderabad,2007,2007-09-25,29.922162469353488
Hyderabad,2007,2007-09-26,30.37171063730073
Hyderabad,2007,2007-09-27,30.67970690090864
Hyderabad,2007,2007-09-28,29.968321293557366
Hyderabad,2007,2007-09-29,30.485995667181385
Hyderabad,2007,2007-09-30,30.4851247993587
Hyderabad,2007,2007-10-01,30.457653096215324
Hyderabad,2007,2007-10-02,29.743721927252647
Hyderabad,2007,2007-10-03,29.744656015927063
Hyderabad,2007,2007-10-04,30.370334183964168
Hyderabad,2007,2007-10-05,30.57235745609217
Hyderabad,2007,2007-10-06,30.00361527952196
Hyderabad,2007,2007-10-07,29.731312250275174
Hyderabad,2007,2007-10-08,29.454102051950095
Hyderabad,2007,2007-10-09,29.88455245974523
Hyderabad,2007,2007-10-10,30.326341783081105
Hyderabad,2007,2007-10-11,29.96338542657318
Hyderabad,2007,2007-10-12,29.956531082434545
Hyderabad,2007,2007-10-13,29.93249289347927
Hyderabad,2007,2007-10-14,29.778186235158245
Hyderabad,2007,2007-10-15,29.039407134121937
Hyderabad,2007,2007-10-16,28.335559610936674
Hyderabad,2007,2007-10-17,28.02134390337534
Hyderabad,2007,2007-10-18,27.506894893136657
Hyderabad,2007,2007-10-19,27.23952721278438
Hyderabad,2007,2007-10-20,27.53874928964358
Hyderabad,2007,2007-10-21,27.46727503907184
Hyderabad,2007,2007-10-22,28.04735596675766
Hyderabad,2007,2007-10-23,27.72178365287852
Hyderabad,2007,2007-10-24,27.176602317052396
Hyderabad,2007,2007-10-25,27.130410550717286
Hyderabad,2007,2007-10-26,27.25476394315118
Hyderabad,2007,2007-10-27,27.048046658837695
Hyderabad,2007,2007-10-28,27.627208451389922
Hyderabad,2007,2007-10-29,27.590275061812694
Hyderabad,2007,2007-10-30,27.42554162922974
Hyderabad,2007,2007-10-31,27.790064422511527
Hyderabad,2007,2007-11-01,27.345747930398502
Hyderabad,2007,2007-11-02,27.63946045849946
Hyderabad,2007,2007-11-03,27.349731619679744
Hyderabad,2007,2007-11-04,27.640991998644793
Hyderabad,2007,2007-11-05,27.815119919207532
Hyderabad,2007,2007-11-06,26.99591676537962
Hyderabad,2007,2007-11-07,27.60770276953923
Hyderabad,2007,2007-11-08,27.805033544426852
Hyderabad,2007,2007-11-09,28.116993914111113
Hyderabad,2007,2007-11-10,27.60218172199574
Hyderabad,2007,2007-11-11,27.357577660676863
Hyderabad,2007,2007-11-12,26.798544007946823
Hyderabad,2007,2007-11-13,25.5914147740061
Hyderabad,2007,2007-11-14,25.231913991518507
Hyderabad,2007,2007-11-15,25.75388576368992
Hyderabad,2007,2007-11-16,26.629596365363753
Hyderabad,2007,2007-11-17,25.939299870353278
Hyderabad,2007,2007-11-18,26.14606459541788
Hyderabad,2007,2007-11-19,26.478155289559435
Hyderabad,2007,2007-11-20,25.631051933991493
Hyderabad,2007,2007-11-21,25.871038907969726
Hyderabad,2007,2007-11-22,26.255823225681034
Hyderabad,2007,2007-11-23,26.566825077223434
Hyderabad,2007,2007-11-24,26.849475332494528
Hyderabad,2007,2007-11-25,26.944804078771245
Hyderabad,2007,2007-11-26,26.680426261629137
Hyderabad,2007,2007-11-27,26.92572823684597
Hyderabad,2007,2007-11-28,27.1322698020021
Hyderabad,2007,2007-11-29,26.877934349540226
Hyderabad,2007,2007-11-30,25.87106406032386
Hyderabad,2007,2007-12-01,25.599494975218047
Hyderabad,2007,2007-12-02,25.944368826372376
Hyderabad,2007,2007-12-03,26.049972211432507
Hyderabad,2007,2007-12-04,25.8888129883853
Hyderabad,2007,2007-12-05,26.10564002740292
Hyderabad,2007,2007-12-06,25.613782327263515
Hyderabad,2007,2007-12-07,25.799630696819335
Hyderabad,2007,2007-12-08,25.027269264141083
Hyderabad,2007,2007-12-09,24.94008204080248
Hyderabad,2007,2007-12-10,25.577026244902267
Hyderabad,2007,2007-12-11,24.804444453915615
Hyderabad,2007,2007-12-12,24.377014763716417
Hyderabad,2007,2007-12-13,24.893421867918427
Hyderabad,2007,2007-12-14,25.49737379568364
Hyderabad,2007,2007-12-15,25.552467633526007
Hyderabad,2007,2007-12-16,25.229846249098046
Hyderabad,2007,2007-12-17,25.668253042073584
Hyderabad,2007,2007-12-18,26.130388962174237
Hyderabad,2007,2007-12-19,26.050370338791634
Hyderabad,2007,2007-12-20,25.699704051393407
Hyderabad,2007,2007-12-21,25.597953994023136
Hyderabad,2007,2007-12-22,25.006573285030143
Hyderabad,2007,2007-12-23,24.565761213488422
Hyderabad,2007,2007-12-24,24.257220117363946
Hyderabad,2007,2007-12-25,24.22782623782188
Hyderabad,2007,2007-12-26,24.4287704698433
Hyderabad,2007,2007-12-27,24.432210487396677
Hyderabad,2007,2007-12-28,24.473968576192803
Hyderabad,2007,2007-12-29,24.820033894664927
Hyderabad,2007,2007-12-30,24.77803172432302
Hyderabad,2007,2007-12-31,24.36246074565136
Hyderabad,2009,2009-01-01,24.330264435379767
Hyderabad,2009,2009-01-02,24.38621370617448
Hyderabad,2009,2009-01-03,24.286774291266912
Hyderabad,2009,2009-01-04,24.3220455156811
Hyderabad,2009,2009-01-05,24.433634965066997
Hyderabad,2009,2009-01-06,24.76322345177933
Hyderabad,2009,2009-01-07,24.76056536506376
Hyderabad,2009,2009-01-08,24.78409744676866
Hyderabad,2009,2009-01-09,24.879156747225554
Hyderabad,2009,2009-01-10,24.994592583714873
Hyderabad,2009,2009-01-11,24.8806065958313
Hyderabad,2009,2009-01-12,25.01350369997558
Hyderabad,2009,2009-01-13,25.072948715661333
Hyderabad,2009,2009-01-14,25.91484248363928
Hyderabad,2009,2009-01-15,25.806435014344306
Hyderabad,2009,2009-01-16,26.16947845458349
Hyderabad,2009,2009-01-17,26.18051450137742
Hyderabad,2009,2009-01-18,26.257671184301998
Hyderabad,2009,2009-01-19,25.996643146808285
Hyderabad,2009,2009-01-20,26.390476539861723
Hyderabad,2009,2009-01-21,26.300283665506697
Hyderabad,2009,2009-01-22,25.91521659873294
Hyderabad,2009,2009-01-23,24.921906223136588
Hyderabad,2009,2009-01-24,24.575906860088317
Hyderabad,2009,2009-01-25,24.94828809894444
Hyderabad,2009,2009-01-26,25.380106894837866
Hyderabad,2009,2009-01-27,25.742200772463026
Hyderabad,2009,2009-01-28,26.85164619832772
Hyderabad,2009,2009-01-29,26.19626862492343
Hyderabad,2009,2009-01-30,27.103209264385505
Hyderabad,2009,2009-01-31,26.965606951164485
Hyderabad,2009,2009-02-01,26.73129354605199
Hyderabad,2009,2009-02-02,26.477070478723608
Hyderabad,2009,2009-02-03,27.47341636147964
Hyderabad,2009,2009-02-04,27.121229980699333
Hyderabad,2009,2009-02-05,28.13206875982545
Hyderabad,2009,2009-02-06,27.032531629326296
Hyderabad,2009,2009-02-07,26.922020764013833
Hyderabad,2009,2009-02-08,27.168925894037788
Hyderabad,2009,2009-02-09,27.474137557372718
Hyderabad,2009,2009-02-10,27.995477077732367
Hyderabad,2009,2009-02-11,28.51010600312238
Hyderabad,2009,2009-02-12,28.472866219303718
Hyderabad,2009,2009-02-13,29.17950033462899
Hyderabad,2009,2009-02-14,29.46854090431772
Hyderabad,2009,2009-02-15,28.982155222852555
Hyderabad,2009,2009-02-16,28.339655555712945
Hyderabad,2009,2009-02-17,29.083955851435505
Hyderabad,2009,2009-02-18,27.154651901952143
Hyderabad,2009,2009-02-19,26.329760205701675
Hyderabad,2009,2009-02-20,25.092019671884273
Hyderabad,2009,2009-02-21,24.527794926772252
Hyderabad,2009,2009-02-22,25.64560934001826
Hyderabad,2009,2009-02-23,28.22115420737049
Hyderabad,2009,2009-02-24,27.77412271321594
Hyderabad,2009,2009-02-25,27.08774068320782
Hyderabad,2009,2009-02-26,27.941774578993158
Hyderabad,2009,2009-02-27,28.86800020631385
Hyderabad,2009,2009-02-28,28.51741138097512
Hyderabad,2009,2009-03-01,28.421957618501555
Hyderabad,2009,2009-03-02,28.212847288269984
Hyderabad,2009,2009-03-03,28.908616429150356
Hyderabad,2009,2009-03-04,27.96711019327813
Hyderabad,2009,2009-03-05,25.325956484897794
Hyderabad,2009,2009-03-06,27.31700211873541
Hyderabad,2009,2009-03-07,29.736374451457007
Hyderabad,2009,2009-03-08,29.687079625900033
Hyderabad,2009,2009-03-09,29.964075607313667
Hyderabad,2009,2009-03-10,29.63191287667371
Hyderabad,2009,2009-03-11,29.32518771455588
Hyderabad,2009,2009-03-12,29.09442699779504
Hyderabad,2009,2009-03-13,28.266405088865543
Hyderabad,2009,2009-03-14,29.536462368523246
Hyderabad,2009,2009-03-15,29.58628613476334
Hyderabad,2009,2009-03-16,29.583131179745543
Hyderabad,2009,2009-03-17,30.34559677024522
Hyderabad,2009,2009-03-18,29.621935164527393
Hyderabad,2009,2009-03-19,29.921205755222925
Hyderabad,2009,2009-03-20,31.267296613482927
Hyderabad,2009,2009-03-21,31.801983582814522
Hyderabad,2009,2009-03-22,32.0074279722868
Hyderabad,2009,2009-03-23,32.10423892268606
Hyderabad,2009,2009-03-24,31.59372667836854
Hyderabad,2009,2009-03-25,31.01972463526739
Hyderabad,2009,2009-03-26,31.32909799203332
Hyderabad,2009,2009-03-27,31.894899678645693
Hyderabad,2009,2009-03-28,32.139764045557015
Hyderabad,2009,2009-03-29,32.02511995295821
Hyderabad,2009,2009-03-30,31.761780993996133
Hyderabad,2009,2009-03-31,31.156743334334205
Hyderabad,2009,2009-04-01,31.662246851017688
Hyderabad,2009,2009-04-02,32.42196473853681
Hyderabad,2009,2009-04-03,31.990829319597207
Hyderabad,2009,2009-04-04,32.03107948730667
Hyderabad,2009,2009-04-05,31.231235849893302
Hyderabad,2009,2009-04-06,31.694787700671117
Hyderabad,2009,2009-04-07,31.956089750557236
Hyderabad,2009,2009-04-08,32.230958642583424
Hyderabad,2009,2009-04-09,32.12118229329644
Hyderabad,2009,2009-04-10,32.37355022080004
Hyderabad,2009,2009-04-11,32.54468452584266
Hyderabad,2009,2009-04-12,32.54119395507855
Hyderabad,2009,2009-04-13,32.152142596409746
Hyderabad,2009,2009-04-14,32.02203421332947
Hyderabad,2009,2009-04-15,32.14868841272539
Hyderabad,2009,2009-04-16,31.89621285379788
Hyderabad,2009,2009-04-17,31.570067470914402
Hyderabad,2009,2009-04-18,31.579772338077227
Hyderabad,2009,2009-04-19,30.853507609974322
Hyderabad,2009,2009-04-20,32.34514585763652
Hyderabad,2009,2009-04-21,32.13115287978478
Hyderabad,2009,2009-04-22,32.37446209019572
Hyderabad,2009,2009-04-23,32.356027033615966
Hyderabad,2009,2009-04-24,32.16489789776278
Hyderabad,2009,2009-04-25,31.57479365124373
Hyderabad,2009,2009-04-26,31.327058000244968
Hyderabad,2009,2009-04-27,31.13195798036604
Hyderabad,2009,2009-04-28,31.994901378583084
Hyderabad,2009,2009-04-29,32.19987520566154
Hyderabad,2009,2009-04-30,32.824654563620335
Hyderabad,2009,2009-05-01,33.34881145065081
Hyderabad,2009,2009-05-02,34.28185906813422
Hyderabad,2009,2009-05-03,33.958607202801396
Hyderabad,2009,2009-05-04,33.10449961650181
Hyderabad,2009,2009-05-05,33.17324225743941
Hyderabad,2009,2009-05-06,33.444420878635256
Hyderabad,2009,2009-05-07,32.69650177943819
Hyderabad,2009,2009-05-08,32.597973425694356
Hyderabad,2009,2009-05-09,31.77664681841041
Hyderabad,2009,2009-05-10,30.710058293859422
Hyderabad,2009,2009-05-11,31.75997823065656
Hyderabad,2009,2009-05-12,31.769696238285952
Hyderabad,2009,2009-05-13,33.1683760820314
Hyderabad,2009,2009-05-14,33.505863776508455
Hyderabad,2009,2009-05-15,32.79236065782293
Hyderabad,2009,2009-05-16,32.53333008693564
Hyderabad,2009,2009-05-17,32.37862856685383
Hyderabad,2009,2009-05-18,32.933618945566536
Hyderabad,2009,2009-05-19,33.01428161311295
Hyderabad,2009,2009-05-20,32.57201683020383
Hyderabad,2009,2009-05-21,33.008649407662496
Hyderabad,2009,2009-05-22,32.27098357223854
Hyderabad,2009,2009-05-23,32.649248085676156
Hyderabad,2009,2009-05-24,32.71602318467636
Hyderabad,2009,2009-05-25,33.51491086245272
Hyderabad,2009,2009-05-26,33.64731568730038
Hyderabad,2009,2009-05-27,33.21310445650734
Hyderabad,2009,2009-05-28,34.06040017721607
Hyderabad,2009,2009-05-29,33.891000308945046
Hyderabad,2009,2009-05-30,33.04532234385724
Hyderabad,2009,2009-05-31,32.92292949286744
Hyderabad,2009,2009-06-01,33.44803613016235
Hyderabad,2009,2009-06-02,33.36233622604635
Hyderabad,2009,2009-06-03,34.08755637155989
Hyderabad,2009,2009-06-04,34.28095148880993
Hyderabad,2009,2009-06-05,33.81330686568531
Hyderabad,2009,2009-06-06,33.155063154500866
Hyderabad,2009,2009-06-07,32.70662074740048
Hyderabad,2009,2009-06-08,32.69347401051395
Hyderabad,2009,2009-06-09,32.474113553796684
Hyderabad,2009,2009-06-10,32.47426611211935
Hyderabad,2009,2009-06-11,32.34443735975814
Hyderabad,2009,2009-06-12,32.23293919062026
Hyderabad,2009,2009-06-13,32.80764000287327
Hyderabad,2009,2009-06-14,30.791483217841744
Hyderabad,2009,2009-06-15,28.17357387919555
Hyderabad,2009,2009-06-16,27.851317838164576
Hyderabad,2009,2009-06-17,28.443607290918294
Hyderabad,2009,2009-06-18,29.576723511742784
Hyderabad,2009,2009-06-19,30.5053726535118
Hyderabad,2009,2009-06-20,30.82762731579506
Hyderabad,2009,2009-06-21,30.387736872370702
Hyderabad,2009,2009-06-22,30.275398505155216
Hyderabad,2009,2009-06-23,30.617893448987434
Hyderabad,2009,2009-06-24,30.286322687564855
Hyderabad,2009,2009-06-25,30.214636044740473
Hyderabad,2009,2009-06-26,30.197776408293187
Hyderabad,2009,2009-06-27,30.250284157916568
Hyderabad,2009,2009-06-28,30.112521711886288
Hyderabad,2009,2009-06-29,29.757034449871767
Hyderabad,2009,2009-06-30,29.688782811405005
Hyderabad,2009,2009-07-01,29.4484238109773
Hyderabad,2009,2009-07-02,29.102986448309792
Hyderabad,2009,2009-07-03,29.17996700940146
Hyderabad,2009,2009-07-04,28.685974697266097
Hyderabad,2009,2009-07-05,28.56399667714055
Hyderabad,2009,2009-07-06,28.31339362692038
Hyderabad,2009,2009-07-07,27.361646911164105
Hyderabad,2009,2009-07-08,28.207691519261004
Hyderabad,2009,2009-07-09,28.225196679593232
Hyderabad,2009,2009-07-10,27.293856390215364
Hyderabad,2009,2009-07-11,26.70271128212422
Hyderabad,2009,2009-07-12,27.436671335685826
Hyderabad,2009,2009-07-13,28.49385477006156
Hyderabad,2009,2009-07-14,28.338537672138045
Hyderabad,2009,2009-07-15,28.381332279550477
Hyderabad,2009,2009-07-16,28.18137760523478
Hyderabad,2009,2009-07-17,28.041936730396337
Hyderabad,2009,2009-07-18,28.576556534372536
Hyderabad,2009,2009-07-19,27.23223308025647
Hyderabad,2009,2009-07-20,27.32113842227208
Hyderabad,2009,2009-07-21,27.218786959649133
Hyderabad,2009,2009-07-22,27.307732027141583
Hyderabad,2009,2009-07-23,26.39295734004542
Hyderabad,2009,2009-07-24,26.76058282195432
Hyderabad,2009,2009-07-25,25.55171034131733
Hyderabad,2009,2009-07-26,25.339120443581727
Hyderabad,2009,2009-07-27,26.573455648847403
Hyderabad,2009,2009-07-28,25.0892875256593
Hyderabad,2009,2009-07-29,27.99741914519271
Hyderabad,2009,2009-07-30,26.860027985250884
Hyderabad,2009,2009-07-31,25.42126805168963
Hyderabad,2009,2009-08-01,26.62063205060198
Hyderabad,2009,2009-08-02,24.800518778369327
Hyderabad,2009,2009-08-03,24.09749909620119
Hyderabad,2009,2009-08-04,24.56246918596145
Hyderabad,2009,2009-08-05,24.948941810081475
Hyderabad,2009,2009-08-06,26.950199486592407
Hyderabad,2009,2009-08-07,26.47196593176449
Hyderabad,2009,2009-08-08,26.458988854726897
Hyderabad,2009,2009-08-09,25.45322363877616
Hyderabad,2009,2009-08-10,21.535960371039238
Hyderabad,2009,2009-08-11,25.314915284384533
Hyderabad,2009,2009-08-12,25.910349285956787
Hyderabad,2009,2009-08-13,25.88816364381867
Hyderabad,2009,2009-08-14,27.009336355515245
Hyderabad,2009,2009-08-15,26.771854963816722
Hyderabad,2009,2009-08-16,26.856230346253774
Hyderabad,2009,2009-08-17,26.766998337901413
Hyderabad,2009,2009-08-18,27.835026708009458
Hyderabad,2009,2009-08-19,27.407472724240264
Hyderabad,2009,2009-08-20,26.55094288757531
Hyderabad,2009,2009-08-21,26.496865848471757
Hyderabad,2009,2009-08-22,27.26857257830662
Hyderabad,2009,2009-08-23,27.486581143803615
Hyderabad,2009,2009-08-24,27.041302272721477
Hyderabad,2009,2009-08-25,28.07660815203768
Hyderabad,2009,2009-08-26,26.000977416576397
Hyderabad,2009,2009-08-27,21.995090512966
Hyderabad,2009,2009-08-28,23.850516715691462
Hyderabad,2009,2009-08-29,25.750790449961812
Hyderabad,2009,2009-08-30,26.085067285258297
Hyderabad,2009,2009-08-31,27.441988122612017
Hyderabad,2009,2009-09-01,27.90667927239906
Hyderabad,2009,2009-09-02,28.077457702933195
Hyderabad,2009,2009-09-03,28.24093391212144
Hyderabad,2009,2009-09-04,28.071758616289177
Hyderabad,2009,2009-09-05,27.777353223584207
Hyderabad,2009,2009-09-06,28.442855477285764
Hyderabad,2009,2009-09-07,28.408556883632286
Hyderabad,2009,2009-09-08,28.0581878309391
Hyderabad,2009,2009-09-09,27.697395853658605
Hyderabad,2009,2009-09-10,29.814377620147354
Hyderabad,2009,2009-09-11,30.337691989958426
Hyderabad,2009,2009-09-12,31.205623846639387
Hyderabad,2009,2009-09-13,30.559835324272733
Hyderabad,2009,2009-09-14,29.50575173250747
Hyderabad,2009,2009-09-15,30.041979102503213
Hyderabad,2009,2009-09-16,29.790098567654354
Hyderabad,2009,2009-09-17,29.35886491018315
Hyderabad,2009,2009-09-18,29.32597821937928
Hyderabad,2009,2009-09-19,28.909145372304565
Hyderabad,2009,2009-09-20,29.479678120172494
Hyderabad,2009,2009-09-21,29.209444335670966
Hyderabad,2009,2009-09-22,29.938550099374797
Hyderabad,2009,2009-09-23,30.075312157096086
Hyderabad,2009,2009-09-24,30.78142053635202
Hyderabad,2009,2009-09-25,30.1113730438419
Hyderabad,2009,2009-09-26,28.925781281468527
Hyderabad,2009,2009-09-27,29.49560622780445
Hyderabad,2009,2009-09-28,29.97082297242274
Hyderabad,2009,2009-09-29,30.07145257990943
Hyderabad,2009,2009-09-30,28.47513614233211
Hyderabad,2009,2009-10-01,27.596848342578426
Hyderabad,2009,2009-10-02,27.246598871617298
Hyderabad,2009,2009-10-03,27.95926573634879
Hyderabad,2009,2009-10-04,28.175977506383234
Hyderabad,2009,2009-10-05,28.337000094074778
Hyderabad,2009,2009-10-06,28.323564276946897
Hyderabad,2009,2009-10-07,28.731499688184957
Hyderabad,2009,2009-10-08,29.25789365677365
Hyderabad,2009,2009-10-09,29.129796733184577
Hyderabad,2009,2009-10-10,29.09885394034611
Hyderabad,2009,2009-10-11,28.776918189577344
Hyderabad,2009,2009-10-12,28.881265251390925
Hyderabad,2009,2009-10-13,29.377204086525175
Hyderabad,2009,2009-10-14,29.58250392537194
Hyderabad,2009,2009-10-15,28.590688400015306
Hyderabad,2009,2009-10-16,27.50718246765216
Hyderabad,2009,2009-10-17,26.781124080324275
Hyderabad,2009,2009-10-18,26.97023147326572
Hyderabad,2009,2009-10-19,26.670249144743934
Hyderabad,2009,2009-10-20,28.19386659291542
Hyderabad,2009,2009-10-21,27.961167568816556
Hyderabad,2009,2009-10-22,28.59550469530426
Hyderabad,2009,2009-10-23,27.834902110955834
Hyderabad,2009,2009-10-24,27.41077192955411
Hyderabad,2009,2009-10-25,27.619443825956782
Hyderabad,2009,2009-10-26,28.224614729914087
Hyderabad,2009,2009-10-27,28.118316658453203
Hyderabad,2009,2009-10-28,27.70756241306346
Hyderabad,2009,2009-10-29,27.577776648720945
Hyderabad,2009,2009-10-30,27.412173281883174
Hyderabad,2009,2009-10-31,28.129574694434616
Hyderabad,2009,2009-11-01,28.16491991995111
Hyderabad,2009,2009-11-02,28.19270877589978
Hyderabad,2009,2009-11-03,28.394798393456217
Hyderabad,2009,2009-11-04,27.57024558992247
Hyderabad,2009,2009-11-05,27.417622333462738
Hyderabad,2009,2009-11-06,27.267103653618726
Hyderabad,2009,2009-11-07,26.460136679060632
Hyderabad,2009,2009-11-08,25.86675329709129
Hyderabad,2009,2009-11-09,24.832529178117298
Hyderabad,2009,2009-11-10,24.987165639828866
Hyderabad,2009,2009-11-11,25.16884802486639
Hyderabad,2009,2009-11-12,24.09296067445742
Hyderabad,2009,2009-11-13,25.84375925445149
Hyderabad,2009,2009-11-14,26.30622365435821
Hyderabad,2009,2009-11-15,27.035437087200744
Hyderabad,2009,2009-11-16,26.880586192099663
Hyderabad,2009,2009-11-17,25.985040442466893
Hyderabad,2009,2009-11-18,26.172076988848122
Hyderabad,2009,2009-11-19,25.59392885943359
Hyderabad,2009,2009-11-20,25.619625016323393
Hyderabad,2009,2009-11-21,25.863485136407633
Hyderabad,2009,2009-11-22,25.354312092838956
Hyderabad,2009,2009-11-23,25.439689971511736
Hyderabad,2009,2009-11-24,25.59720912981416
Hyderabad,2009,2009-11-25,27.332200703595372
Hyderabad,2009,2009-11-26,25.33203302583889
Hyderabad,2009,2009-11-27,26.38129259038589
Hyderabad,2009,2009-11-28,26.08895674756545
Hyderabad,2009,2009-11-29,25.33494988547419
Hyderabad,2009,2009-11-30,25.180652729275913
Hyderabad,2009,2009-12-01,25.15774654299645
Hyderabad,2009,2009-12-02,25.775362384301506
Hyderabad,2009,2009-12-03,25.12066467334811
Hyderabad,2009,2009-12-04,25.14958144832821
Hyderabad,2009,2009-12-05,24.929877850485134
Hyderabad,2009,2009-12-06,25.02371095382338
Hyderabad,2009,2009-12-07,25.57457251633223
Hyderabad,2009,2009-12-08,26.296955975917534
Hyderabad,2009,2009-12-09,26.71156358425837
Hyderabad,2009,2009-12-10,25.96291499086849
Hyderabad,2009,2009-12-11,26.89629480168229
Hyderabad,2009,2009-12-12,26.34581990301912
Hyderabad,2009,2009-12-13,27.04078078639584
Hyderabad,2009,2009-12-14,26.942030571692634
Hyderabad,2009,2009-12-15,26.552337983441074
Hyderabad,2009,2009-12-16,26.192855485185618
Hyderabad,2009,2009-12-17,25.99887752464087
Hyderabad,2009,2009-12-18,26.527260737093968
Hyderabad,2009,2009-12-19,24.031055767049793
Hyderabad,2009,2009-12-20,23.492599170858444
Hyderabad,2009,2009-12-21,23.910088033022284
Hyderabad,2009,2009-12-22,24.33485950867923
Hyderabad,2009,2009-12-23,24.631104317848987
Hyderabad,2009,2009-12-24,24.91749622540121
Hyderabad,2009,2009-12-25,24.824407904240623
Hyderabad,2009,2009-12-26,24.877446165660867
Hyderabad,2009,2009-12-27,24.893365397373156
Hyderabad,2009,2009-12-28,24.578585270847114
Hyderabad,2009,2009-12-29,24.667767688906885
Hyderabad,2009,2009-12-30,24.870044958778863
Hyderabad,2009,2009-12-31,24.75977218668229
Kolkata,2005,2005-01-01,20.628150992741283
Kolkata,2005,2005-01-02,20.147794239112606
Kolkata,2005,2005-01-03,20.401949976760505
Kolkata,2005,2005-01-04,21.32729019723685
Kolkata,2005,2005-01-05,22.678243184657692
Kolkata,2005,2005-01-06,23.562040975118403
Kolkata,2005,2005-01-07,23.300305429785105
Kolkata,2005,2005-01-08,22.91080251498508
Kolkata,2005,2005-01-09,23.887945410283027
Kolkata,2005,2005-01-10,24.10836820832382
Kolkata,2005,2005-01-11,23.366819106405018
Kolkata,2005,2005-01-12,23.79455966835323
Kolkata,2005,2005-01-13,23.886072554023976
Kolkata,2005,2005-01-14,24.354052872549442
Kolkata,2005,2005-01-15,24.79735930870828
Kolkata,2005,2005-01-16,25.210824685560457
Kolkata,2005,2005-01-17,25.097270172202926
Kolkata,2005,2005-01-18,25.091127000402764
Kolkata,2005,2005-01-19,23.568951399883858
Kolkata,2005,2005-01-20,24.1783261525036
Kolkata,2005,2005-01-21,24.757259246634824
Kolkata,2005,2005-01-22,24.623859549800777
Kolkata,2005,2005-01-23,25.141771891195756
Kolkata,2005,2005-01-24,24.95632967595776
Kolkata,2005,2005-01-25,25.16313477420058
Kolkata,2005,2005-01-26,25.469416444532033
Kolkata,2005,2005-01-27,24.129993325400395
Kolkata,2005,2005-01-28,23.86479531725854
Kolkata,2005,2005-01-29,24.739103799900697
Kolkata,2005,2005-01-30,25.52292094951068
Kolkata,2005,2005-01-31,25.73795444467285
Kolkata,2005,2005-02-01,26.16788761682581
Kolkata,2005,2005-02-02,26.135976645541838
Kolkata,2005,2005-02-03,25.73647215421989
Kolkata,2005,2005-02-04,25.74522387349915
Kolkata,2005,2005-02-05,25.447081849932523
Kolkata,2005,2005-02-06,25.28980793751468
Kolkata,2005,2005-02-07,26.07328247621748
Kolkata,2005,2005-02-08,26.118325252591063
Kolkata,2005,2005-02-09,26.314623935896357
Kolkata,2005,2005-02-10,25.38767268373349
Kolkata,2005,2005-02-11,25.078697757382393
Kolkata,2005,2005-02-12,26.117977702145943
Kolkata,2005,2005-02-13,27.021581694626278
Kolkata,2005,2005-02-14,26.847708208327095
Kolkata,2005,2005-02-15,26.797874069648575
Kolkata,2005,2005-02-16,28.876722709636827
Kolkata,2005,2005-02-17,29.607982370344672
Kolkata,2005,2005-02-18,29.770058328355343
Kolkata,2005,2005-02-19,29.527029193783235
Kolkata,2005,2005-02-20,29.274300431222954
Kolkata,2005,2005-02-21,27.62304675166429
Kolkata,2005,2005-02-22,26.95827825188338
Kolkata,2005,2005-02-23,24.950582899510646
Kolkata,2005,2005-02-24,26.390614105104575
Kolkata,2005,2005-02-25,25.786348168985974
Kolkata,2005,2005-02-26,27.405481821021525
Kolkata,2005,2005-02-27,28.312436929648335
Kolkata,2005,2005-02-28,27.711620550426524
Kolkata,2005,2005-03-01,27.229272629612616
Kolkata,2005,2005-03-02,28.25422365516488
Kolkata,2005,2005-03-03,28.414281307559982
Kolkata,2005,2005-03-04,31.036623800004442
Kolkata,2005,2005-03-05,30.49014083150195
Kolkata,2005,2005-03-06,29.38066684359726
Kolkata,2005,2005-03-07,27.642254216849192
Kolkata,2005,2005-03-08,25.98110059526406
Kolkata,2005,2005-03-09,28.838703655433406
Kolkata,2005,2005-03-10,30.797270225380288
Kolkata,2005,2005-03-11,29.259514393896325
Kolkata,2005,2005-03-12,25.664202069592772
Kolkata,2005,2005-03-13,27.304411759208485
Kolkata,2005,2005-03-14,28.378343515103573
Kolkata,2005,2005-03-15,27.89747864130551
Kolkata,2005,2005-03-16,27.989837343622114
Kolkata,2005,2005-03-17,29.80774216309782
Kolkata,2005,2005-03-18,31.5285185143973
Kolkata,2005,2005-03-19,30.507946542879754
Kolkata,2005,2005-03-20,30.416908214053983
Kolkata,2005,2005-03-21,30.020458619532942
Kolkata,2005,2005-03-22,30.415158609651495
Kolkata,2005,2005-03-23,30.797842694109633
Kolkata,2005,2005-03-24,30.334740756822374
Kolkata,2005,2005-03-25,25.83866165425068
Kolkata,2005,2005-03-26,27.137924577665782
Kolkata,2005,2005-03-27,30.999016363462673
Kolkata,2005,2005-03-28,33.091885401027966
Kolkata,2005,2005-03-29,33.43363778805512
Kolkata,2005,2005-03-30,31.975520450116846
Kolkata,2005,2005-03-31,29.667228154149836
Kolkata,2005,2005-04-01,26.741322178169227
Kolkata,2005,2005-04-02,26.75820950811979
Kolkata,2005,2005-04-03,29.611117335176203
Kolkata,2005,2005-04-04,29.71838537828456
Kolkata,2005,2005-04-05,31.410396166341403
Kolkata,2005,2005-04-06,32.08707415304917
Kolkata,2005,2005-04-07,31.340967371552658
Kolkata,2005,2005-04-08,32.41202460297152
Kolkata,2005,2005-04-09,32.4376679027075
Kolkata,2005,2005-04-10,33.07988821987272
Kolkata,2005,2005-04-11,34.11019991313279
Kolkata,2005,2005-04-12,34.623494381661224
Kolkata,2005,2005-04-13,34.67260124375805
Kolkata,2005,2005-04-14,34.63056343871811
Kolkata,2005,2005-04-15,32.82602479441026
Kolkata,2005,2005-04-16,29.989229215036367
Kolkata,2005,2005-04-17,30.60216335721276
Kolkata,2005,2005-04-18,32.79782650842715
Kolkata,2005,2005-04-19,33.42290199791924
Kolkata,2005,2005-04-20,32.30599114106665
Kolkata,2005,2005-04-21,31.893105075673816
Kolkata,2005,2005-04-22,33.39859386079902
Kolkata,2005,2005-04-23,32.916668944454386
Kolkata,2005,2005-04-24,33.37586240331758
Kolkata,2005,2005-04-25,34.21444960578597
Kolkata,2005,2005-04-26,34.486184289098944
Kolkata,2005,2005-04-27,34.591410500831294
Kolkata,2005,2005-04-28,34.084991292762645
Kolkata,2005,2005-04-29,32.90503767709205
Kolkata,2005,2005-04-30,33.15186501983863
Kolkata,2005,2005-05-01,31.539154204654782
Kolkata,2005,2005-05-02,31.177331054094527
Kolkata,2005,2005-05-03,32.825019219941176
Kolkata,2005,2005-05-04,32.877385433016386
Kolkata,2005,2005-05-05,33.20258422353832
Kolkata,2005,2005-05-06,33.510813908094505
Kolkata,2005,2005-05-07,33.95861347825401
Kolkata,2005,2005-05-08,34.90914898755728
Kolkata,2005,2005-05-09,33.98408108464108
Kolkata,2005,2005-05-10,33.656459158906515
Kolkata,2005,2005-05-11,33.927945823350726
Kolkata,2005,2005-05-12,33.47021845872199
Kolkata,2005,2005-05-13,33.491737980997655
Kolkata,2005,2005-05-14,34.31779615403067
Kolkata,2005,2005-05-15,33.951126377366954
Kolkata,2005,2005-05-16,33.404904408578695
Kolkata,2005,2005-05-17,32.43856356187261
Kolkata,2005,2005-05-18,26.9832265494616
Kolkata,2005,2005-05-19,27.638583211354202
Kolkata,2005,2005-05-20,27.089123889996177
Kolkata,2005,2005-05-21,31.09681920585978
Kolkata,2005,2005-05-22,31.443675376321675
Kolkata,2005,2005-05-23,33.814534225863675
Kolkata,2005,2005-05-24,35.504978108901895
Kolkata,2005,2005-05-25,33.060762706761274
Kolkata,2005,2005-05-26,33.42984826765476
Kolkata,2005,2005-05-27,31.23982430485997
Kolkata,2005,2005-05-28,32.99906679164596
Kolkata,2005,2005-05-29,32.500916655373004
Kolkata,2005,2005-05-30,33.22998465978141
Kolkata,2005,2005-05-31,33.57949151370113
Kolkata,2005,2005-06-01,33.16593759007371
Kolkata,2005,2005-06-02,33.293105400700334
Kolkata,2005,2005-06-03,32.53685383992407
Kolkata,2005,2005-06-04,32.997385659284234
Kolkata,2005,2005-06-05,33.3344677243546
Kolkata,2005,2005-06-06,32.0916261585423
Kolkata,2005,2005-06-07,31.61459243803147
Kolkata,2005,2005-06-08,33.11822477985365
Kolkata,2005,2005-06-09,32.697567974898504
Kolkata,2005,2005-06-10,32.82025621084924
Kolkata,2005,2005-06-11,32.5656647265067
Kolkata,2005,2005-06-12,33.085815961022554
Kolkata,2005,2005-06-13,32.55069005559978
Kolkata,2005,2005-06-14,33.62433244095053
Kolkata,2005,2005-06-15,33.345868850372256
Kolkata,2005,2005-06-16,34.293199249000494
Kolkata,2005,2005-06-17,34.99563749759119
Kolkata,2005,2005-06-18,35.015659719839036
Kolkata,2005,2005-06-19,34.557225882743325
Kolkata,2005,2005-06-20,33.9353066110103
Kolkata,2005,2005-06-21,32.853781029985626
Kolkata,2005,2005-06-22,31.778495102975484
Kolkata,2005,2005-06-23,31.855126781943575
Kolkata,2005,2005-06-24,31.760683496141425
Kolkata,2005,2005-06-25,32.25930106160361
Kolkata,2005,2005-06-26,32.24781275450901
Kolkata,2005,2005-06-27,32.34687591167793
Kolkata,2005,2005-06-28,33.151910645710274
Kolkata,2005,2005-06-29,33.89901804072919
Kolkata,2005,2005-06-30,33.686830359345315
Kolkata,2005,2005-07-01,32.96437465620467
Kolkata,2005,2005-07-02,33.16167347023023
Kolkata,2005,2005-07-03,33.75954651784244
Kolkata,2005,2005-07-04,34.42462750886888
Kolkata,2005,2005-07-05,34.23276278370676
Kolkata,2005,2005-07-06,32.73227257285589
Kolkata,2005,2005-07-07,32.17687242940199
Kolkata,2005,2005-07-08,31.79130541749862
Kolkata,2005,2005-07-09,31.906706276781946
Kolkata,2005,2005-07-10,31.48188995931015
Kolkata,2005,2005-07-11,32.07384481317827
Kolkata,2005,2005-07-12,32.88033206164328
Kolkata,2005,2005-07-13,33.795960141706516
Kolkata,2005,2005-07-14,32.372967210989806
Kolkata,2005,2005-07-15,33.29160327883556
Kolkata,2005,2005-07-16,33.71236250179596
Kolkata,2005,2005-07-17,33.57058153641008
Kolkata,2005,2005-07-18,34.36623393534795
Kolkata,2005,2005-07-19,33.28131925814863
Kolkata,2005,2005-07-20,32.98225501382409
Kolkata,2005,2005-07-21,33.23071960163914
Kolkata,2005,2005-07-22,32.396693442082565
Kolkata,2005,2005-07-23,32.184970359243415
Kolkata,2005,2005-07-24,32.12961711625819
Kolkata,2005,2005-07-25,32.81836788077337
Kolkata,2005,2005-07-26,32.187390867737975
Kolkata,2005,2005-07-27,32.50519499863716
Kolkata,2005,2005-07-28,31.95265464222712
Kolkata,2005,2005-07-29,32.70303579941201
Kolkata,2005,2005-07-30,33.81709291040883
Kolkata,2005,2005-07-31,33.69940712511509
Kolkata,2005,2005-08-01,32.92781342424014
Kolkata,2005,2005-08-02,33.0518981022081
Kolkata,2005,2005-08-03,32.72932099410168
Kolkata,2005,2005-08-04,32.89684485952618
Kolkata,2005,2005-08-05,32.738368600748615
Kolkata,2005,2005-08-06,33.29362757182207
Kolkata,2005,2005-08-07,33.36906995534521
Kolkata,2005,2005-08-08,33.899756762064044
Kolkata,2005,2005-08-09,34.31004895471606
Kolkata,2005,2005-08-10,32.969033897919196
Kolkata,2005,2005-08-11,31.320595124453835
Kolkata,2005,2005-08-12,31.406964296246596
Kolkata,2005,2005-08-13,31.742328859517443
Kolkata,2005,2005-08-14,32.40392872386032
Kolkata,2005,2005-08-15,33.419236634384994
Kolkata,2005,2005-08-16,32.72200370030217
Kolkata,2005,2005-08-17,32.66832833179163
Kolkata,2005,2005-08-18,32.63928839682755
Kolkata,2005,2005-08-19,32.88158788419808
Kolkata,2005,2005-08-20,32.89511180299049
Kolkata,2005,2005-08-21,33.91899166121797
Kolkata,2005,2005-08-22,33.97792259217602
Kolkata,2005,2005-08-23,34.265345537140156
Kolkata,2005,2005-08-24,33.537821072925915
Kolkata,2005,2005-08-25,33.63337581886227
Kolkata,2005,2005-08-26,33.43485967419291
Kolkata,2005,2005-08-27,33.574669833594854
Kolkata,2005,2005-08-28,33.99828417349266
Kolkata,2005,2005-08-29,33.856489672857634
Kolkata,2005,2005-08-30,34.60939882574915
Kolkata,2005,2005-08-31,34.92598977851849
Kolkata,2005,2005-09-01,34.31177605539641
Kolkata,2005,2005-09-02,33.50769871366724
Kolkata,2005,2005-09-03,33.55176697023899
Kolkata,2005,2005-09-04,33.673308648558
Kolkata,2005,2005-09-05,33.49278579916934
Kolkata,2005,2005-09-06,32.89385726722982
Kolkata,2005,2005-09-07,32.991968050114146
Kolkata,2005,2005-09-08,32.81245241446128
Kolkata,2005,2005-09-09,33.35753316385423
Kolkata,2005,2005-09-10,33.79621857371908
Kolkata,2005,2005-09-11,34.154046967735056
Kolkata,2005,2005-09-12,34.03340120986729
Kolkata,2005,2005-09-13,33.97685014166238
Kolkata,2005,2005-09-14,35.20948784866578
Kolkata,2005,2005-09-15,35.01742195838858
Kolkata,2005,2005-09-16,34.41964868858956
Kolkata,2005,2005-09-17,32.96421383732092
Kolkata,2005,2005-09-18,31.276842141504822
Kolkata,2005,2005-09-19,29.244893866035863
Kolkata,2005,2005-09-20,30.251170759846417
Kolkata,2005,2005-09-21,30.157673463708893
Kolkata,2005,2005-09-22,27.529650507626755
Kolkata,2005,2005-09-23,25.838664318969812
Kolkata,2005,2005-09-24,33.628710267799946
Kolkata,2005,2005-09-25,33.851245143718764
Kolkata,2005,2005-09-26,33.61752249328138
Kolkata,2005,2005-09-27,33.96309893619422
Kolkata,2005,2005-09-28,34.25956551079242
Kolkata,2005,2005-09-29,34.59946366064631
Kolkata,2005,2005-09-30,33.61117760721221
Kolkata,2005,2005-10-01,33.6931920843662
Kolkata,2005,2005-10-02,31.932609701905793
Kolkata,2005,2005-10-03,30.838253078443817
Kolkata,2005,2005-10-04,31.995170739144875
Kolkata,2005,2005-10-05,31.899838902300345
Kolkata,2005,2005-10-06,31.666895450147365
Kolkata,2005,2005-10-07,32.54115844955098
Kolkata,2005,2005-10-08,32.78324202575279
Kolkata,2005,2005-10-09,32.01325619842153
Kolkata,2005,2005-10-10,32.227974387917804
Kolkata,2005,2005-10-11,32.37039878747242
Kolkata,2005,2005-10-12,32.70562529918378
Kolkata,2005,2005-10-13,32.70809382623875
Kolkata,2005,2005-10-14,32.34116077390133
Kolkata,2005,2005-10-15,31.329785113746095
Kolkata,2005,2005-10-16,32.08699244160796
Kolkata,2005,2005-10-17,31.5135642400269
Kolkata,2005,2005-10-18,31.819416748425596
Kolkata,2005,2005-10-19,31.000808203962038
Kolkata,2005,2005-10-20,30.378421472888085
Kolkata,2005,2005-10-21,29.86204559381523
Kolkata,2005,2005-10-22,29.62706972640813
Kolkata,2005,2005-10-23,30.575052804551742
Kolkata,2005,2005-10-24,30.37770201370187
Kolkata,2005,2005-10-25,29.95072842146753
Kolkata,2005,2005-10-26,29.29176835400111
Kolkata,2005,2005-10-27,29.56603012327739
Kolkata,2005,2005-10-28,30.84259891060495
Kolkata,2005,2005-10-29,31.655493643970473
Kolkata,2005,2005-10-30,31.378798127180254
Kolkata,2005,2005-10-31,31.09692465353648
Kolkata,2005,2005-11-01,30.30729197810429
Kolkata,2005,2005-11-02,30.69957377018406
Kolkata,2005,2005-11-03,30.406770475234993
Kolkata,2005,2005-11-04,29.398389935859658
Kolkata,2005,2005-11-05,28.982572172455967
Kolkata,2005,2005-11-06,29.229993280800922
Kolkata,2005,2005-11-07,29.11532165311251
Kolkata,2005,2005-11-08,29.390950043084104
Kolkata,2005,2005-11-09,28.94327730351337
Kolkata,2005,2005-11-10,29.51753874018426
Kolkata,2005,2005-11-11,30.495338636853685
Kolkata,2005,2005-11-12,30.25844118089538
Kolkata,2005,2005-11-13,29.3810080524287
Kolkata,2005,2005-11-14,30.092591069031577
Kolkata,2005,2005-11-15,29.9914104230237
Kolkata,2005,2005-11-16,29.36293952776835
Kolkata,2005,2005-11-17,29.628270227754424
Kolkata,2005,2005-11-18,28.43991692395021
Kolkata,2005,2005-11-19,27.40835367857712
Kolkata,2005,2005-11-20,27.62253055958822
Kolkata,2005,2005-11-21,28.52256289546081
Kolkata,2005,2005-11-22,28.745828760015996
Kolkata,2005,2005-11-23,30.53978494736585
Kolkata,2005,2005-11-24,26.33191874593841
Kolkata,2005,2005-11-25,26.89952553218342
Kolkata,2005,2005-11-26,28.670751194166428
Kolkata,2005,2005-11-27,28.628475092619386
Kolkata,2005,2005-11-28,28.2130063617046
Kolkata,2005,2005-11-29,28.209132851042863
Kolkata,2005,2005-11-30,28.07473052573971
Kolkata,2005,2005-12-01,25.918135513797342
Kolkata,2005,2005-12-02,24.743852308473937
Kolkata,2005,2005-12-03,25.546340404262757
Kolkata,2005,2005-12-04,26.29832780044888
Kolkata,2005,2005-12-05,26.820010956460212
Kolkata,2005,2005-12-06,25.942989278366397
Kolkata,2005,2005-12-07,25.627529575899686
Kolkata,2005,2005-12-08,26.126565118009275
Kolkata,2005,2005-12-09,26.197368284781398
Kolkata,2005,2005-12-10,25.541459931653993
Kolkata,2005,2005-12-11,24.065835337184296
Kolkata,2005,2005-12-12,24.760216332257748
Kolkata,2005,2005-12-13,25.380358876274954
Kolkata,2005,2005-12-14,25.919710969190525
Kolkata,2005,2005-12-15,26.30530347175456
Kolkata,2005,2005-12-16,25.582411485715344
Kolkata,2005,2005-12-17,25.19731245516457
Kolkata,2005,2005-12-18,26.281083683414185
Kolkata,2005,2005-12-19,25.771588974984027
Kolkata,2005,2005-12-20,24.619347771226067
Kolkata,2005,2005-12-21,23.94717095865252
Kolkata,2005,2005-12-22,23.301358292826016
Kolkata,2005,2005-12-23,24.465997042310416
Kolkata,2005,2005-12-24,25.07356964814198
Kolkata,2005,2005-12-25,25.54694679797932
Kolkata,2005,2005-12-26,25.772537625635103
Kolkata,2005,2005-12-27,25.69580754438138
Kolkata,2005,2005-12-28,24.908836118810882
Kolkata,2005,2005-12-29,23.781121165428857
Kolkata,2005,2005-12-30,23.339366699515917
Kolkata,2005,2005-12-31,24.350965876136254
Kolkata,2007,2007-01-01,22.249442277408644
Kolkata,2007,2007-01-02,21.88306116977271
Kolkata,2007,2007-01-03,21.767211304707473
Kolkata,2007,2007-01-04,21.619707220825084
Kolkata,2007,2007-01-05,21.64234602539141
Kolkata,2007,2007-01-06,22.562062714323766
Kolkata,2007,2007-01-07,22.407926802283328
Kolkata,2007,2007-01-08,23.43835810996409
Kolkata,2007,2007-01-09,23.65106964881623
Kolkata,2007,2007-01-10,24.149984319688194
Kolkata,2007,2007-01-11,25.047932775095344
Kolkata,2007,2007-01-12,25.325700447870148
Kolkata,2007,2007-01-13,24.484675041830656
Kolkata,2007,2007-01-14,25.322553806958034
Kolkata,2007,2007-01-15,25.649393378550993
Kolkata,2007,2007-01-16,22.175553250868692
Kolkata,2007,2007-01-17,18.6792555570181
Kolkata,2007,2007-01-18,19.114683455832807
Kolkata,2007,2007-01-19,19.58084526068928
Kolkata,2007,2007-01-20,22.075592072536264
Kolkata,2007,2007-01-21,22.458720519141664
Kolkata,2007,2007-01-22,23.33228073793956
Kolkata,2007,2007-01-23,24.15324621360321
Kolkata,2007,2007-01-24,24.839239193518605
Kolkata,2007,2007-01-25,25.119358621179842
Kolkata,2007,2007-01-26,24.070239574541706
Kolkata,2007,2007-01-27,23.42630955870082
Kolkata,2007,2007-01-28,25.0317958379224
Kolkata,2007,2007-01-29,23.807811501890598
Kolkata,2007,2007-01-30,23.75630452422778
Kolkata,2007,2007-01-31,23.57883769328028
Kolkata,2007,2007-02-01,23.903208209892533
Kolkata,2007,2007-02-02,24.70530072221195
Kolkata,2007,2007-02-03,25.22099733441219
Kolkata,2007,2007-02-04,25.755419006169333
Kolkata,2007,2007-02-05,26.642147915538192
Kolkata,2007,2007-02-06,27.190412074292837
Kolkata,2007,2007-02-07,27.789310055359017
Kolkata,2007,2007-02-08,27.27536894055434
Kolkata,2007,2007-02-09,27.425750183725047
Kolkata,2007,2007-02-10,27.582543220945638
Kolkata,2007,2007-02-11,26.41320583844141
Kolkata,2007,2007-02-12,26.198995901828532
Kolkata,2007,2007-02-13,26.252762929831103
Kolkata,2007,2007-02-14,26.43710475170234
Kolkata,2007,2007-02-15,26.914451157264534
Kolkata,2007,2007-02-16,27.41086915104018
Kolkata,2007,2007-02-17,27.629113571455324
Kolkata,2007,2007-02-18,28.04240052316705
Kolkata,2007,2007-02-19,28.44863065391359
Kolkata,2007,2007-02-20,29.171233438162457
Kolkata,2007,2007-02-21,28.838460098888277
Kolkata,2007,2007-02-22,27.063793716355363
Kolkata,2007,2007-02-23,27.05059655468863
Kolkata,2007,2007-02-24,27.782707979903424
Kolkata,2007,2007-02-25,27.81197825117687
Kolkata,2007,2007-02-26,27.484654795467442
Kolkata,2007,2007-02-27,27.54037700506476
Kolkata,2007,2007-02-28,28.67973474050433
Kolkata,2007,2007-03-01,29.969125471745922
Kolkata,2007,2007-03-02,30.28182532958727
Kolkata,2007,2007-03-03,30.935434014708214
Kolkata,2007,2007-03-04,30.972342172180866
Kolkata,2007,2007-03-05,30.048429702126406
Kolkata,2007,2007-03-06,29.490568166035587
Kolkata,2007,2007-03-07,29.40495627271265
Kolkata,2007,2007-03-08,29.58715943930324
Kolkata,2007,2007-03-09,29.895143157627164
Kolkata,2007,2007-03-10,29.737586638111637
Kolkata,2007,2007-03-11,30.63520676876646
Kolkata,2007,2007-03-12,31.535614246326034
Kolkata,2007,2007-03-13,29.46276068887273
Kolkata,2007,2007-03-14,31.277807430067202
Kolkata,2007,2007-03-15,31.156632992099887
Kolkata,2007,2007-03-16,30.634697188643422
Kolkata,2007,2007-03-17,29.909701407641784
Kolkata,2007,2007-03-18,30.3059241098165
Kolkata,2007,2007-03-19,30.96177409442779
Kolkata,2007,2007-03-20,31.7327249747572
Kolkata,2007,2007-03-21,32.90084911387761
Kolkata,2007,2007-03-22,33.9799150831658
Kolkata,2007,2007-03-23,34.439826491185194
Kolkata,2007,2007-03-24,30.589115212228517
Kolkata,2007,2007-03-25,31.225404454485414
Kolkata,2007,2007-03-26,31.82084060653379
Kolkata,2007,2007-03-27,32.04245861794293
Kolkata,2007,2007-03-28,32.80784998093884
Kolkata,2007,2007-03-29,33.30015824927571
Kolkata,2007,2007-03-30,32.89544095571852
Kolkata,2007,2007-03-31,32.675379753247434
Kolkata,2007,2007-04-01,31.716106532711656
Kolkata,2007,2007-04-02,31.81699091722767
Kolkata,2007,2007-04-03,32.75771371534642
Kolkata,2007,2007-04-04,32.33996038633724
Kolkata,2007,2007-04-05,32.46425068621447
Kolkata,2007,2007-04-06,33.82218336909857
Kolkata,2007,2007-04-07,34.14841829654647
Kolkata,2007,2007-04-08,32.48381067874166
Kolkata,2007,2007-04-09,32.96739368645977
Kolkata,2007,2007-04-10,33.25749017081387
Kolkata,2007,2007-04-11,31.525924111683565
Kolkata,2007,2007-04-12,30.931878075132644
Kolkata,2007,2007-04-13,31.951139328007567
Kolkata,2007,2007-04-14,33.11851632889168
Kolkata,2007,2007-04-15,33.70026779095002
Kolkata,2007,2007-04-16,31.944850200626334
Kolkata,2007,2007-04-17,32.78347262323721
Kolkata,2007,2007-04-18,33.0267060024352
Kolkata,2007,2007-04-19,32.632811573912406
Kolkata,2007,2007-04-20,29.763153292229184
Kolkata,2007,2007-04-21,33.479449026609046
Kolkata,2007,2007-04-22,32.7794493318875
Kolkata,2007,2007-04-23,34.10731656143894
Kolkata,2007,2007-04-24,33.586751804111366
Kolkata,2007,2007-04-25,32.24207452877585
Kolkata,2007,2007-04-26,30.56301255404737
Kolkata,2007,2007-04-27,31.52997055244033
Kolkata,2007,2007-04-28,33.14001093748814
Kolkata,2007,2007-04-29,34.16496186529668
Kolkata,2007,2007-04-30,34.04380676384223
Kolkata,2007,2007-05-01,33.00395178269797
Kolkata,2007,2007-05-02,33.0452531321255
Kolkata,2007,2007-05-03,32.674990939821384
Kolkata,2007,2007-05-04,32.55088624026542
Kolkata,2007,2007-05-05,32.53786723881554
Kolkata,2007,2007-05-06,31.649643815638246
Kolkata,2007,2007-05-07,30.992892798730526
Kolkata,2007,2007-05-08,31.99214742207672
Kolkata,2007,2007-05-09,32.98152739622434
Kolkata,2007,2007-05-10,33.12169177426119
Kolkata,2007,2007-05-11,31.73443186065864
Kolkata,2007,2007-05-12,32.79460526907099
Kolkata,2007,2007-05-13,33.23552199715333
Kolkata,2007,2007-05-14,33.80285200666924
Kolkata,2007,2007-05-15,32.536770201293606
Kolkata,2007,2007-05-16,33.0090941232201
Kolkata,2007,2007-05-17,32.84742116121318
Kolkata,2007,2007-05-18,33.43919953602675
Kolkata,2007,2007-05-19,33.11786876108158
Kolkata,2007,2007-05-20,31.387095273399805
Kolkata,2007,2007-05-21,30.934939018305187
Kolkata,2007,2007-05-22,30.309947151740715
Kolkata,2007,2007-05-23,29.428429737509205
Kolkata,2007,2007-05-24,33.196211462298635
Kolkata,2007,2007-05-25,32.38425182469976
Kolkata,2007,2007-05-26,31.947287459269248
Kolkata,2007,2007-05-27,28.314534453574247
Kolkata,2007,2007-05-28,30.560780163081198
Kolkata,2007,2007-05-29,31.638518525279594
Kolkata,2007,2007-05-30,33.10454102649524
Kolkata,2007,2007-05-31,34.667897748927004
Kolkata,2007,2007-06-01,34.25273575056364
Kolkata,2007,2007-06-02,33.972647318897266
Kolkata,2007,2007-06-03,33.66153093293442
Kolkata,2007,2007-06-04,33.36008822759585
Kolkata,2007,2007-06-05,33.76666013368493
Kolkata,2007,2007-06-06,33.87572574555429
Kolkata,2007,2007-06-07,34.300185199750445
Kolkata,2007,2007-06-08,34.96256079785285
Kolkata,2007,2007-06-09,34.52344584045786
Kolkata,2007,2007-06-10,33.66929242666368
Kolkata,2007,2007-06-11,33.21219343560091
Kolkata,2007,2007-06-12,32.068097628194636
Kolkata,2007,2007-06-13,30.90211412841517
Kolkata,2007,2007-06-14,30.747886936791144
Kolkata,2007,2007-06-15,31.84449155008124
Kolkata,2007,2007-06-16,34.18746027076218
Kolkata,2007,2007-06-17,34.26034038731789
Kolkata,2007,2007-06-18,33.5979240124864
Kolkata,2007,2007-06-19,33.06265383649156
Kolkata,2007,2007-06-20,32.44713741453815
Kolkata,2007,2007-06-21,33.149295224896775
Kolkata,2007,2007-06-22,33.308713156987146
Kolkata,2007,2007-06-23,32.60883998893742
Kolkata,2007,2007-06-24,32.408443421536475
Kolkata,2007,2007-06-25,33.19636591165796
Kolkata,2007,2007-06-26,33.68437768367798
Kolkata,2007,2007-06-27,33.1988875059728
Kolkata,2007,2007-06-28,32.80852842418952
Kolkata,2007,2007-06-29,31.83309291471168
Kolkata,2007,2007-06-30,31.30651766574582
Kolkata,2007,2007-07-01,30.729527336172943
Kolkata,2007,2007-07-02,30.09149676503434
Kolkata,2007,2007-07-03,30.136197583074782
Kolkata,2007,2007-07-04,30.28640248835316
Kolkata,2007,2007-07-05,29.1721408976068
Kolkata,2007,2007-07-06,29.30923795429912
Kolkata,2007,2007-07-07,29.68641503434052
Kolkata,2007,2007-07-08,30.81950379996745
Kolkata,2007,2007-07-09,30.67899470639717
Kolkata,2007,2007-07-10,31.14930124109822
Kolkata,2007,2007-07-11,32.599692865695495
Kolkata,2007,2007-07-12,31.54147797203389
Kolkata,2007,2007-07-13,31.353680725082143
Kolkata,2007,2007-07-14,31.952108594566894
Kolkata,2007,2007-07-15,31.846194975204277
Kolkata,2007,2007-07-16,30.89300427452801
Kolkata,2007,2007-07-17,28.074901442293854
Kolkata,2007,2007-07-18,30.065528019911575
Kolkata,2007,2007-07-19,29.17263301913517
Kolkata,2007,2007-07-20,30.206145743632213
Kolkata,2007,2007-07-21,30.375728070614645
Kolkata,2007,2007-07-22,29.56914753693728
Kolkata,2007,2007-07-23,30.449507119522607
Kolkata,2007,2007-07-24,32.49296995384646
Kolkata,2007,2007-07-25,32.92047249737048
Kolkata,2007,2007-07-26,31.8730580820919
Kolkata,2007,2007-07-27,32.067187456416484
Kolkata,2007,2007-07-28,31.764285804426986
Kolkata,2007,2007-07-29,31.779774221531945
Kolkata,2007,2007-07-30,32.26048066966677
Kolkata,2007,2007-07-31,32.86028765479091
Kolkata,2007,2007-08-01,32.53398544263382
Kolkata,2007,2007-08-02,32.1674244566335
Kolkata,2007,2007-08-03,33.02494321961634
Kolkata,2007,2007-08-04,33.8363037621393
Kolkata,2007,2007-08-05,34.67000641612757
Kolkata,2007,2007-08-06,33.19500140528678
Kolkata,2007,2007-08-07,33.53594794023591
Kolkata,2007,2007-08-08,33.523599418102684
Kolkata,2007,2007-08-09,32.927565231127886
Kolkata,2007,2007-08-10,31.95815926892374
Kolkata,2007,2007-08-11,30.973612432691862
Kolkata,2007,2007-08-12,32.32186118682779
Kolkata,2007,2007-08-13,32.52016732435085
Kolkata,2007,2007-08-14,32.4865857486498
Kolkata,2007,2007-08-15,31.24837540050283
Kolkata,2007,2007-08-16,30.60778533165619
Kolkata,2007,2007-08-17,31.2517095663629
Kolkata,2007,2007-08-18,31.959181917208248
Kolkata,2007,2007-08-19,31.92321808478296
Kolkata,2007,2007-08-20,31.399385366095622
Kolkata,2007,2007-08-21,29.88929774879817
Kolkata,2007,2007-08-22,30.650819243228334
Kolkata,2007,2007-08-23,33.5733241152105
Kolkata,2007,2007-08-24,34.620859172093006
Kolkata,2007,2007-08-25,35.15754849615148
Kolkata,2007,2007-08-26,34.70443020683575
Kolkata,2007,2007-08-27,33.75884683658915
Kolkata,2007,2007-08-28,32.61363043897614
Kolkata,2007,2007-08-29,33.2822445351364
Kolkata,2007,2007-08-30,34.01917922078012
Kolkata,2007,2007-08-31,33.58708949432832
Kolkata,2007,2007-09-01,33.74723695629545
Kolkata,2007,2007-09-02,33.70353402490582
Kolkata,2007,2007-09-03,33.19290471127135
Kolkata,2007,2007-09-04,32.91388115503668
Kolkata,2007,2007-09-05,32.939340573497496
Kolkata,2007,2007-09-06,32.941449874103654
Kolkata,2007,2007-09-07,32.686101272236584
Kolkata,2007,2007-09-08,32.815844476664765
Kolkata,2007,2007-09-09,33.085980564932086
Kolkata,2007,2007-09-10,33.604236521338386
Kolkata,2007,2007-09-11,34.40381693086326
Kolkata,2007,2007-09-12,32.438345145551104
Kolkata,2007,2007-09-13,26.978075039447923
Kolkata,2007,2007-09-14,27.15770318520908
Kolkata,2007,2007-09-15,28.45646415524663
Kolkata,2007,2007-09-16,33.43608707925913
Kolkata,2007,2007-09-17,34.25380760593689
Kolkata,2007,2007-09-18,33.53087085374804
Kolkata,2007,2007-09-19,33.70427586408202
Kolkata,2007,2007-09-20,33.57956394989317
Kolkata,2007,2007-09-21,33.39955336020495
Kolkata,2007,2007-09-22,33.28608591248623
Kolkata,2007,2007-09-23,33.66634235530965
Kolkata,2007,2007-09-24,33.43325872110237
Kolkata,2007,2007-09-25,33.21824381186384
Kolkata,2007,2007-09-26,33.49557931472558
Kolkata,2007,2007-09-27,32.628700818514844
Kolkata,2007,2007-09-28,32.557265634301956
Kolkata,2007,2007-09-29,32.111498782573996
Kolkata,2007,2007-09-30,32.030504679344794
Kolkata,2007,2007-10-01,31.433121712463112
Kolkata,2007,2007-10-02,32.56469035615672
Kolkata,2007,2007-10-03,32.71944378590712
Kolkata,2007,2007-10-04,32.45636531852261
Kolkata,2007,2007-10-05,32.251895034676224
Kolkata,2007,2007-10-06,31.858899871863642
Kolkata,2007,2007-10-07,31.656920940275263
Kolkata,2007,2007-10-08,32.666888622831394
Kolkata,2007,2007-10-09,33.58795952074247
Kolkata,2007,2007-10-10,33.13290273548386
Kolkata,2007,2007-10-11,32.58075096272695
Kolkata,2007,2007-10-12,32.968549323136784
Kolkata,2007,2007-10-13,30.758611231901885
Kolkata,2007,2007-10-14,31.018332457421437
Kolkata,2007,2007-10-15,31.47606221106302
Kolkata,2007,2007-10-16,30.822093120011566
Kolkata,2007,2007-10-17,30.158669173634962
Kolkata,2007,2007-10-18,25.923900611542543
Kolkata,2007,2007-10-19,24.899614289686355
Kolkata,2007,2007-10-20,24.49648337937702
Kolkata,2007,2007-10-21,24.381672599366443
Kolkata,2007,2007-10-22,28.89844342284599
Kolkata,2007,2007-10-23,29.34324412047802
Kolkata,2007,2007-10-24,29.059545387459192
Kolkata,2007,2007-10-25,29.853831553375407
Kolkata,2007,2007-10-26,28.974750405924823
Kolkata,2007,2007-10-27,28.36995886659102
Kolkata,2007,2007-10-28,28.790245958461405
Kolkata,2007,2007-10-29,28.885568487542663
Kolkata,2007,2007-10-30,28.73769583545617
Kolkata,2007,2007-10-31,28.64020267572478
Kolkata,2007,2007-11-01,28.177467057847302
Kolkata,2007,2007-11-02,28.05462271779723
Kolkata,2007,2007-11-03,28.39603834864465
Kolkata,2007,2007-11-04,29.25352316715989
Kolkata,2007,2007-11-05,29.125361527536974
Kolkata,2007,2007-11-06,28.62870368916382
Kolkata,2007,2007-11-07,28.547172806359193
Kolkata,2007,2007-11-08,28.745265503807467
Kolkata,2007,2007-11-09,29.04139180814065
Kolkata,2007,2007-11-10,28.758871158838243
Kolkata,2007,2007-11-11,28.39183315595654
Kolkata,2007,2007-11-12,27.571036822686487
Kolkata,2007,2007-11-13,26.59002277999209
Kolkata,2007,2007-11-14,26.425924921413078
Kolkata,2007,2007-11-15,26.840956493020887
Kolkata,2007,2007-11-16,26.15652124642335
Kolkata,2007,2007-11-17,26.345587346745386
Kolkata,2007,2007-11-18,27.024690039753565
Kolkata,2007,2007-11-19,26.629581329504422
Kolkata,2007,2007-11-20,26.301968467734014
Kolkata,2007,2007-11-21,26.171013552204723
Kolkata,2007,2007-11-22,26.477724034212514
Kolkata,2007,2007-11-23,26.22721482306521
Kolkata,2007,2007-11-24,26.284493002937293
Kolkata,2007,2007-11-25,27.249623056288378
Kolkata,2007,2007-11-26,27.024664927360227
Kolkata,2007,2007-11-27,26.481675501593415
Kolkata,2007,2007-11-28,26.793830396643454
Kolkata,2007,2007-11-29,25.57810127038678
Kolkata,2007,2007-11-30,25.06580875515926
Kolkata,2007,2007-12-01,25.313075923923243
Kolkata,2007,2007-12-02,25.11224751243408
Kolkata,2007,2007-12-03,25.319637162996177
Kolkata,2007,2007-12-04,24.74031908818377
Kolkata,2007,2007-12-05,24.84419137462356
Kolkata,2007,2007-12-06,25.728394152179078
Kolkata,2007,2007-12-07,25.690690522017317
Kolkata,2007,2007-12-08,25.862688346218533
Kolkata,2007,2007-12-09,26.28314713741739
Kolkata,2007,2007-12-10,25.51848441029781
Kolkata,2007,2007-12-11,25.86164297395975
Kolkata,2007,2007-12-12,25.96841597284554
Kolkata,2007,2007-12-13,25.917621268047036
Kolkata,2007,2007-12-14,24.098209865218628
Kolkata,2007,2007-12-15,24.23240946058653
Kolkata,2007,2007-12-16,24.91087369233832
Kolkata,2007,2007-12-17,23.95871865864202
Kolkata,2007,2007-12-18,23.15764002927465
Kolkata,2007,2007-12-19,22.606199738306366
Kolkata,2007,2007-12-20,23.63856285679572
Kolkata,2007,2007-12-21,24.45765309853473
Kolkata,2007,2007-12-22,25.112038674365742
Kolkata,2007,2007-12-23,24.63157821307527
Kolkata,2007,2007-12-24,24.587362436431405
Kolkata,2007,2007-12-25,24.72844559804298
Kolkata,2007,2007-12-26,24.370797245586573
Kolkata,2007,2007-12-27,24.637032824540402
Kolkata,2007,2007-12-28,24.63833485242173
Kolkata,2007,2007-12-29,24.41555113776074
Kolkata,2007,2007-12-30,23.822210903498554
Kolkata,2007,2007-12-31,22.40050279758923
Kolkata,2009,2009-01-01,22.538834634626618
Kolkata,2009,2009-01-02,23.054203530640116
Kolkata,2009,2009-01-03,24.27058839487269
Kolkata,2009,2009-01-04,24.89818142993942
Kolkata,2009,2009-01-05,25.58220161620536
Kolkata,2009,2009-01-06,25.727153776408382
Kolkata,2009,2009-01-07,25.383103815575883
Kolkata,2009,2009-01-08,24.871878229333227
Kolkata,2009,2009-01-09,24.276072600648043
Kolkata,2009,2009-01-10,24.850173693292906
Kolkata,2009,2009-01-11,25.625494924896042
Kolkata,2009,2009-01-12,25.826061410197674
Kolkata,2009,2009-01-13,25.85861226887306
Kolkata,2009,2009-01-14,24.827333179209482
Kolkata,2009,2009-01-15,25.62878382711249
Kolkata,2009,2009-01-16,25.814248608916106
Kolkata,2009,2009-01-17,25.330929938671712
Kolkata,2009,2009-01-18,26.36195063183666
Kolkata,2009,2009-01-19,27.412383816411946
Kolkata,2009,2009-01-20,28.174670678134177
Kolkata,2009,2009-01-21,25.1442912469674
Kolkata,2009,2009-01-22,21.183719393983782
Kolkata,2009,2009-01-23,21.404691085817266
Kolkata,2009,2009-01-24,22.042264606922757
Kolkata,2009,2009-01-25,22.41402501432553
Kolkata,2009,2009-01-26,23.406741015284496
Kolkata,2009,2009-01-27,23.552410617155402
Kolkata,2009,2009-01-28,25.229090193521074
Kolkata,2009,2009-01-29,25.67076944444105
Kolkata,2009,2009-01-30,25.936998126494693
Kolkata,2009,2009-01-31,26.03674191477331
Kolkata,2009,2009-02-01,26.08552162801314
Kolkata,2009,2009-02-02,26.618246079212113
Kolkata,2009,2009-02-03,26.714920444847
Kolkata,2009,2009-02-04,26.48284358269861
Kolkata,2009,2009-02-05,27.240586757460083
Kolkata,2009,2009-02-06,26.38587824621578
Kolkata,2009,2009-02-07,26.92995593905615
Kolkata,2009,2009-02-08,27.022165274586452
Kolkata,2009,2009-02-09,26.779859407909708
Kolkata,2009,2009-02-10,27.46284943435641
Kolkata,2009,2009-02-11,28.1743482854775
Kolkata,2009,2009-02-12,27.500041066342707
Kolkata,2009,2009-02-13,28.118566591931156
Kolkata,2009,2009-02-14,27.54508080311022
Kolkata,2009,2009-02-15,26.95973309991042
Kolkata,2009,2009-02-16,27.566125788113354
Kolkata,2009,2009-02-17,28.966620170969062
Kolkata,2009,2009-02-18,29.563765787772482
Kolkata,2009,2009-02-19,27.67180190837136
Kolkata,2009,2009-02-20,26.477534789823586
Kolkata,2009,2009-02-21,21.357131488758203
Kolkata,2009,2009-02-22,23.034184895713867
Kolkata,2009,2009-02-23,25.641791889865708
Kolkata,2009,2009-02-24,25.123947266846802
Kolkata,2009,2009-02-25,24.651338205711653
Kolkata,2009,2009-02-26,25.719718170752582
Kolkata,2009,2009-02-27,26.89351721084771
Kolkata,2009,2009-02-28,28.516887423304293
Kolkata,2009,2009-03-01,30.268757465592607
Kolkata,2009,2009-03-02,30.26376326712558
Kolkata,2009,2009-03-03,31.036467947501034
Kolkata,2009,2009-03-04,29.75189312742624
Kolkata,2009,2009-03-05,27.756934349586995
Kolkata,2009,2009-03-06,28.2463949926265
Kolkata,2009,2009-03-07,28.753905842274612
Kolkata,2009,2009-03-08,29.57072691403102
Kolkata,2009,2009-03-09,30.914130826213416
Kolkata,2009,2009-03-10,30.498152939849167
Kolkata,2009,2009-03-11,30.134696308739922
Kolkata,2009,2009-03-12,29.393379053208108
Kolkata,2009,2009-03-13,29.200957451651234
Kolkata,2009,2009-03-14,29.01644859109294
Kolkata,2009,2009-03-15,29.23107343024149
Kolkata,2009,2009-03-16,29.9591490700883
Kolkata,2009,2009-03-17,31.296156194042226
Kolkata,2009,2009-03-18,31.747860704331163
Kolkata,2009,2009-03-19,32.16302398978656
Kolkata,2009,2009-03-20,33.17397468264508
Kolkata,2009,2009-03-21,33.908905534170586
Kolkata,2009,2009-03-22,33.861919298079656
Kolkata,2009,2009-03-23,33.34727716364629
Kolkata,2009,2009-03-24,33.49917898601087
Kolkata,2009,2009-03-25,32.9264051470487
Kolkata,2009,2009-03-26,32.69950904773826
Kolkata,2009,2009-03-27,32.280931556114176
Kolkata,2009,2009-03-28,33.22690744021506
Kolkata,2009,2009-03-29,33.44260955024251
Kolkata,2009,2009-03-30,33.00924558643189
Kolkata,2009,2009-03-31,32.83726516871211
Kolkata,2009,2009-04-01,33.282770774063096
Kolkata,2009,2009-04-02,32.45169802503449
Kolkata,2009,2009-04-03,33.074068105346065
Kolkata,2009,2009-04-04,33.766947536996675
Kolkata,2009,2009-04-05,33.655420319925994
Kolkata,2009,2009-04-06,34.83511924330986
Kolkata,2009,2009-04-07,34.841332767825385
Kolkata,2009,2009-04-08,33.80228792012099
Kolkata,2009,2009-04-09,33.76417497695526
Kolkata,2009,2009-04-10,34.429972301845005
Kolkata,2009,2009-04-11,35.249945436770744
Kolkata,2009,2009-04-12,34.40229886933038
Kolkata,2009,2009-04-13,34.38850409405147
Kolkata,2009,2009-04-14,34.114629141704576
Kolkata,2009,2009-04-15,34.51028494287271
Kolkata,2009,2009-04-16,35.41889537437343
Kolkata,2009,2009-04-17,34.30985824975737
Kolkata,2009,2009-04-18,34.28473243091876
Kolkata,2009,2009-04-19,33.91373713690428
Kolkata,2009,2009-04-20,33.721585144808145
Kolkata,2009,2009-04-21,34.04705607299436
Kolkata,2009,2009-04-22,34.10057025721545
Kolkata,2009,2009-04-23,32.972469950975785
Kolkata,2009,2009-04-24,34.02776282821139
Kolkata,2009,2009-04-25,34.33872102252716
Kolkata,2009,2009-04-26,33.1242324827098
Kolkata,2009,2009-04-27,33.06741845063625
Kolkata,2009,2009-04-28,33.17745367149191
Kolkata,2009,2009-04-29,33.08943741733474
Kolkata,2009,2009-04-30,32.128643691864184
Kolkata,2009,2009-05-01,32.66029902920519
Kolkata,2009,2009-05-02,33.28951634040867
Kolkata,2009,2009-05-03,33.448536969284596
Kolkata,2009,2009-05-04,33.20603151478787
Kolkata,2009,2009-05-05,34.02464414962661
Kolkata,2009,2009-05-06,34.01382150385794
Kolkata,2009,2009-05-07,34.139908711881034
Kolkata,2009,2009-05-08,32.42867776416302
Kolkata,2009,2009-05-09,31.379952627100327
Kolkata,2009,2009-05-10,29.26999051375107
Kolkata,2009,2009-05-11,27.12059512893309
Kolkata,2009,2009-05-12,30.28819815956046
Kolkata,2009,2009-05-13,31.783713598154385
Kolkata,2009,2009-05-14,32.18947376111328
Kolkata,2009,2009-05-15,32.11134187812563
Kolkata,2009,2009-05-16,28.855087441997952
Kolkata,2009,2009-05-17,32.33172808002154
Kolkata,2009,2009-05-18,34.42041552794123
Kolkata,2009,2009-05-19,32.66296999815068
Kolkata,2009,2009-05-20,33.370522945480666
Kolkata,2009,2009-05-21,33.60029524190289
Kolkata,2009,2009-05-22,33.830869244839114
Kolkata,2009,2009-05-23,34.07770198180747
Kolkata,2009,2009-05-24,33.53241541609697
Kolkata,2009,2009-05-25,34.416033927935125
Kolkata,2009,2009-05-26,34.90982976222899
Kolkata,2009,2009-05-27,33.32117368914382
Kolkata,2009,2009-05-28,33.32384729416951
Kolkata,2009,2009-05-29,33.310035292866125
Kolkata,2009,2009-05-30,31.21542381258225
Kolkata,2009,2009-05-31,30.171721066685475
Kolkata,2009,2009-06-01,31.493238416447603
Kolkata,2009,2009-06-02,33.11186497558379
Kolkata,2009,2009-06-03,32.78588632507667
Kolkata,2009,2009-06-04,34.41617372467537
Kolkata,2009,2009-06-05,34.89985775539538
Kolkata,2009,2009-06-06,35.32361686039866
Kolkata,2009,2009-06-07,34.630480457402456
Kolkata,2009,2009-06-08,35.233666389855046
Kolkata,2009,2009-06-09,34.9047852488788
Kolkata,2009,2009-06-10,34.52593875392741
Kolkata,2009,2009-06-11,34.45162972061325
Kolkata,2009,2009-06-12,34.75780341204982
Kolkata,2009,2009-06-13,35.24212348430307
Kolkata,2009,2009-06-14,34.889765910939666
Kolkata,2009,2009-06-15,34.250025837388925
Kolkata,2009,2009-06-16,32.944341121049455
Kolkata,2009,2009-06-17,32.06889875164801
Kolkata,2009,2009-06-18,32.235542912691976
Kolkata,2009,2009-06-19,32.87476110876735
Kolkata,2009,2009-06-20,32.39671583766063
Kolkata,2009,2009-06-21,31.74709699655604
Kolkata,2009,2009-06-22,31.820990365741032
Kolkata,2009,2009-06-23,31.112002999935136
Kolkata,2009,2009-06-24,30.29077077029548
Kolkata,2009,2009-06-25,30.917447859669867
Kolkata,2009,2009-06-26,30.648694758636708
Kolkata,2009,2009-06-27,30.15184430973026
Kolkata,2009,2009-06-28,30.812712451722145
Kolkata,2009,2009-06-29,31.067232560054038
Kolkata,2009,2009-06-30,32.65561738499196
Kolkata,2009,2009-07-01,32.69768426880325
Kolkata,2009,2009-07-02,32.15873569961089
Kolkata,2009,2009-07-03,33.50650231388251
Kolkata,2009,2009-07-04,32.6110688556747
Kolkata,2009,2009-07-05,33.06690943453467
Kolkata,2009,2009-07-06,32.31070829922327
Kolkata,2009,2009-07-07,32.78030012673912
Kolkata,2009,2009-07-08,30.80982396701159
Kolkata,2009,2009-07-09,30.04490946294453
Kolkata,2009,2009-07-10,31.448626705320443
Kolkata,2009,2009-07-11,32.53898010164633
Kolkata,2009,2009-07-12,31.616937221767735
Kolkata,2009,2009-07-13,31.372448717789595
Kolkata,2009,2009-07-14,32.32774607941006
Kolkata,2009,2009-07-15,30.357677186667793
Kolkata,2009,2009-07-16,30.93015805884357
Kolkata,2009,2009-07-17,31.420878709999194
Kolkata,2009,2009-07-18,31.24149587103549
Kolkata,2009,2009-07-19,30.348329330256366
Kolkata,2009,2009-07-20,31.703587236907868
Kolkata,2009,2009-07-21,32.5798603691623
Kolkata,2009,2009-07-22,32.554388782437854
Kolkata,2009,2009-07-23,33.109102869923646
Kolkata,2009,2009-07-24,33.378296987311415
Kolkata,2009,2009-07-25,32.86653428568856
Kolkata,2009,2009-07-26,31.86953870825745
Kolkata,2009,2009-07-27,28.253182068626735
Kolkata,2009,2009-07-28,28.746344163795236
Kolkata,2009,2009-07-29,30.692796320012057
Kolkata,2009,2009-07-30,31.653256534887426
Kolkata,2009,2009-07-31,31.773346415057457
Kolkata,2009,2009-08-01,32.617009582560236
Kolkata,2009,2009-08-02,31.89700801949307
Kolkata,2009,2009-08-03,30.87218038726337
Kolkata,2009,2009-08-04,29.071700506234684
Kolkata,2009,2009-08-05,30.012093421738687
Kolkata,2009,2009-08-06,31.11361427809433
Kolkata,2009,2009-08-07,32.06008341534888
Kolkata,2009,2009-08-08,32.50043288828939
Kolkata,2009,2009-08-09,32.220754750730634
Kolkata,2009,2009-08-10,31.15897747679891
Kolkata,2009,2009-08-11,29.129807850270687
Kolkata,2009,2009-08-12,30.26121708825632
Kolkata,2009,2009-08-13,31.3974814786658
Kolkata,2009,2009-08-14,31.827048824270328
Kolkata,2009,2009-08-15,32.36377824741976
Kolkata,2009,2009-08-16,32.758899498288045
Kolkata,2009,2009-08-17,32.5345035359458
Kolkata,2009,2009-08-18,31.379505176025212
Kolkata,2009,2009-08-19,30.01742221707038
Kolkata,2009,2009-08-20,29.595282675131532
Kolkata,2009,2009-08-21,30.352878559717798
Kolkata,2009,2009-08-22,31.90329430732596
Kolkata,2009,2009-08-23,32.297493290443924
Kolkata,2009,2009-08-24,32.93714922915444
Kolkata,2009,2009-08-25,32.72587265882817
Kolkata,2009,2009-08-26,31.99632731295087
Kolkata,2009,2009-08-27,32.633524654113444
Kolkata,2009,2009-08-28,33.290277257236006
Kolkata,2009,2009-08-29,32.92095510670515
Kolkata,2009,2009-08-30,32.535235814712784
Kolkata,2009,2009-08-31,32.190222432892114
Kolkata,2009,2009-09-01,29.66496905646691
Kolkata,2009,2009-09-02,31.302154915292608
Kolkata,2009,2009-09-03,31.177706110433494
Kolkata,2009,2009-09-04,31.015945580390476
Kolkata,2009,2009-09-05,32.117264455366254
Kolkata,2009,2009-09-06,32.15089765865095
Kolkata,2009,2009-09-07,32.007538297467676
Kolkata,2009,2009-09-08,31.89972685566443
Kolkata,2009,2009-09-09,30.854922724770073
Kolkata,2009,2009-09-10,30.909550716922535
Kolkata,2009,2009-09-11,30.891443734130547
Kolkata,2009,2009-09-12,31.557798312726323
Kolkata,2009,2009-09-13,32.912307617742826
Kolkata,2009,2009-09-14,32.7686586610714
Kolkata,2009,2009-09-15,32.77531355217548
Kolkata,2009,2009-09-16,32.703906252734825
Kolkata,2009,2009-09-17,31.775198552659244
Kolkata,2009,2009-09-18,31.530632529903894
Kolkata,2009,2009-09-19,31.438461353870697
Kolkata,2009,2009-09-20,32.42560186984958
Kolkata,2009,2009-09-21,32.8915566586551
Kolkata,2009,2009-09-22,33.0419447544406
Kolkata,2009,2009-09-23,32.886255716640136
Kolkata,2009,2009-09-24,33.12280454276836
Kolkata,2009,2009-09-25,33.66060427591274
Kolkata,2009,2009-09-26,33.425403336677185
Kolkata,2009,2009-09-27,33.429842807205326
Kolkata,2009,2009-09-28,33.48277999079266
Kolkata,2009,2009-09-29,34.27146288199313
Kolkata,2009,2009-09-30,33.91546545787274
Kolkata,2009,2009-10-01,32.813701734280016
Kolkata,2009,2009-10-02,33.34091663021398
Kolkata,2009,2009-10-03,32.11526108227547
Kolkata,2009,2009-10-04,32.57196795361704
Kolkata,2009,2009-10-05,32.962367731146884
Kolkata,2009,2009-10-06,32.89281932775203
Kolkata,2009,2009-10-07,32.16925066411963
Kolkata,2009,2009-10-08,30.127826180393036
Kolkata,2009,2009-10-09,29.291802738931715
Kolkata,2009,2009-10-10,31.540496624044298
Kolkata,2009,2009-10-11,32.29322575589918
Kolkata,2009,2009-10-12,32.24849935946156
Kolkata,2009,2009-10-13,32.2478374375278
Kolkata,2009,2009-10-14,32.85546022818819
Kolkata,2009,2009-10-15,33.00913178509628
Kolkata,2009,2009-10-16,32.39030947130617
Kolkata,2009,2009-10-17,32.053229696960265
Kolkata,2009,2009-10-18,31.886089515140384
Kolkata,2009,2009-10-19,30.738212104684443
Kolkata,2009,2009-10-20,29.69407333721144
Kolkata,2009,2009-10-21,30.290863642764517
Kolkata,2009,2009-10-22,30.760395180730683
Kolkata,2009,2009-10-23,30.96213284529098
Kolkata,2009,2009-10-24,29.651006939833337
Kolkata,2009,2009-10-25,28.535115099562173
Kolkata,2009,2009-10-26,28.72080736969594
Kolkata,2009,2009-10-27,29.017225583260664
Kolkata,2009,2009-10-28,28.780890415773598
Kolkata,2009,2009-10-29,28.330525588720228
Kolkata,2009,2009-10-30,27.467771166822484
Kolkata,2009,2009-10-31,27.954209328299168
Kolkata,2009,2009-11-01,28.03660937248222
Kolkata,2009,2009-11-02,28.515958083591112
Kolkata,2009,2009-11-03,28.508327040858312
Kolkata,2009,2009-11-04,29.144696525465676
Kolkata,2009,2009-11-05,29.439076274960925
Kolkata,2009,2009-11-06,29.79591087030432
Kolkata,2009,2009-11-07,29.71600893811707
Kolkata,2009,2009-11-08,29.723884473701492
Kolkata,2009,2009-11-09,29.420744552086585
Kolkata,2009,2009-11-10,29.4698082686347
Kolkata,2009,2009-11-11,29.25596089608825
Kolkata,2009,2009-11-12,29.392872342457487
Kolkata,2009,2009-11-13,27.910587469861742
Kolkata,2009,2009-11-14,28.31385331930337
Kolkata,2009,2009-11-15,27.065657198148394
Kolkata,2009,2009-11-16,26.80023724505934
Kolkata,2009,2009-11-17,25.915985206021364
Kolkata,2009,2009-11-18,24.81091708692175
Kolkata,2009,2009-11-19,24.329336787043186
Kolkata,2009,2009-11-20,24.555342639470016
Kolkata,2009,2009-11-21,24.80509667124176
Kolkata,2009,2009-11-22,25.251443677978173
Kolkata,2009,2009-11-23,25.766438782540014
Kolkata,2009,2009-11-24,26.01391218709653
Kolkata,2009,2009-11-25,25.335471561882564
Kolkata,2009,2009-11-26,24.74563431044858
Kolkata,2009,2009-11-27,23.57994477694552
Kolkata,2009,2009-11-28,22.08670059492293
Kolkata,2009,2009-11-29,22.939937752252845
Kolkata,2009,2009-11-30,23.356254854283513
Kolkata,2009,2009-12-01,24.325623559910145
Kolkata,2009,2009-12-02,24.846768540181877
Kolkata,2009,2009-12-03,25.257580717582513
Kolkata,2009,2009-12-04,25.579667086772197
Kolkata,2009,2009-12-05,25.965266116619986
Kolkata,2009,2009-12-06,26.044054545770877
Kolkata,2009,2009-12-07,25.61379451811406
Kolkata,2009,2009-12-08,24.986643979886743
Kolkata,2009,2009-12-09,22.4142566027803
Kolkata,2009,2009-12-10,22.883454025440635
Kolkata,2009,2009-12-11,24.783673121371027
Kolkata,2009,2009-12-12,24.62747420509798
Kolkata,2009,2009-12-13,23.822462394388655
Kolkata,2009,2009-12-14,24.06575832435483
Kolkata,2009,2009-12-15,23.974759706688406
Kolkata,2009,2009-12-16,23.058904097663017
Kolkata,2009,2009-12-17,21.929661266980993
Kolkata,2009,2009-12-18,20.163308206855145
Kolkata,2009,2009-12-19,19.264995552694455
Kolkata,2009,2009-12-20,18.03066811716904
Kolkata,2009,2009-12-21,18.44795979240702
Kolkata,2009,2009-12-22,19.37134326495262
Kolkata,2009,2009-12-23,19.62158073611386
Kolkata,2009,2009-12-24,22.903095699664902
Kolkata,2009,2009-12-25,23.3637396556156
Kolkata,2009,2009-12-26,21.16082252030497
Kolkata,2009,2009-12-27,21.22017285970532
Kolkata,2009,2009-12-28,22.374095697087107
Kolkata,2009,2009-12-29,23.08182073201555
Kolkata,2009,2009-12-30,23.354379341051597
Kolkata,2009,2009-12-31,23.781060108699272
