city,year,date,carbonplan_wbgt_c,w1_area_mean_wbgt_c,w1_all_cells_valid
Bikaner,2005,2005-01-01,19.47561188612074,19.306156178511635,True
Bikaner,2005,2005-01-02,18.267831519857364,18.441010292692177,True
Bikaner,2005,2005-01-03,17.494957232381232,18.18371609988184,True
Bikaner,2005,2005-01-04,17.18917332118732,17.501025933784423,True
Bikaner,2005,2005-01-05,18.960635263585477,18.113819900231686,True
Bikaner,2005,2005-01-06,21.498048995751063,19.595580440549764,True
Bikaner,2005,2005-01-07,21.44442439245814,19.31464258042678,True
Bikaner,2005,2005-01-08,21.3271770110374,19.282703985859243,True
Bikaner,2005,2005-01-09,20.88941812146495,19.35614018156453,True
Bikaner,2005,2005-01-10,20.860628581333955,19.729901275224407,True
Bikaner,2005,2005-01-11,21.520747870969416,20.408364790250403,True
Bikaner,2005,2005-01-12,21.66100154391368,20.378743684301863,True
Bikaner,2005,2005-01-13,22.052470820157207,20.499487786920884,True
Bikaner,2005,2005-01-14,22.83460607505338,20.730037789001187,True
Bikaner,2005,2005-01-15,21.606926848582884,20.191619320660124,True
Bikaner,2005,2005-01-16,21.44737364843785,19.97183483839669,True
Bikaner,2005,2005-01-17,21.488265230932605,19.977336743036076,True
Bikaner,2005,2005-01-18,21.576459135471296,20.19358691138707,True
Bikaner,2005,2005-01-19,20.853465533182607,19.04679126726683,True
Bikaner,2005,2005-01-20,20.76233624156724,19.444928909836694,True
Bikaner,2005,2005-01-21,20.149800013649617,19.597489449612237,True
Bikaner,2005,2005-01-22,20.052309631059043,19.128140017292917,True
Bikaner,2005,2005-01-23,20.846989505562355,19.62959950587667,True
Bikaner,2005,2005-01-24,21.542420181710142,20.051498083754506,True
Bikaner,2005,2005-01-25,21.68045835425299,20.02032001577982,True
Bikaner,2005,2005-01-26,22.69044213419899,20.40189077488303,True
Bikaner,2005,2005-01-27,23.442639784845458,20.76651231825248,True
Bikaner,2005,2005-01-28,24.065855090539017,21.182990359338774,True
Bikaner,2005,2005-01-29,25.367615360743933,22.673113565774692,True
Bikaner,2005,2005-01-30,24.00986587843161,21.410710872614203,True
Bikaner,2005,2005-01-31,22.577232070804126,19.697011539210745,True
Bikaner,2005,2005-02-01,23.19717584458347,20.57306139445238,True
Bikaner,2005,2005-02-02,23.402078182271207,20.78048765835725,True
Bikaner,2005,2005-02-03,22.211550716385172,19.74374591575889,True
Bikaner,2005,2005-02-04,19.601650334762454,18.994775511994682,True
Bikaner,2005,2005-02-05,19.050324305634255,19.470657718038982,True
Bikaner,2005,2005-02-06,21.123033871208506,19.43669638593171,True
Bikaner,2005,2005-02-07,23.007873455178405,20.408834077574213,True
Bikaner,2005,2005-02-08,20.368630901425263,19.356375134420542,True
Bikaner,2005,2005-02-09,21.001533575003833,19.69944313980015,True
Bikaner,2005,2005-02-10,22.100213098355063,20.03792190071708,True
Bikaner,2005,2005-02-11,23.341968522387365,20.74875391453544,True
Bikaner,2005,2005-02-12,18.806528589956798,18.63546173191936,True
Bikaner,2005,2005-02-13,20.27133967102158,20.37069263122306,True
Bikaner,2005,2005-02-14,20.615275241657056,20.697914656937204,True
Bikaner,2005,2005-02-15,22.676198163256498,20.856847739607357,True
Bikaner,2005,2005-02-16,22.747029555225353,21.19813549594407,True
Bikaner,2005,2005-02-17,22.647814024653094,20.992484751885684,True
Bikaner,2005,2005-02-18,22.62249346306881,21.349890812496884,True
Bikaner,2005,2005-02-19,22.854085673581853,21.298610472033296,True
Bikaner,2005,2005-02-20,22.862378818026606,21.40069719869992,True
Bikaner,2005,2005-02-21,22.628466011311886,21.136998081618437,True
Bikaner,2005,2005-02-22,23.80295527501847,21.783048055997128,True
Bikaner,2005,2005-02-23,24.671266768224402,22.954483799257304,True
Bikaner,2005,2005-02-24,24.697744672958613,23.283050066589585,True
Bikaner,2005,2005-02-25,26.145937414025273,24.468955433443757,True
Bikaner,2005,2005-02-26,26.90962770375564,25.086955301679144,True
Bikaner,2005,2005-02-27,26.777695511831432,25.08977565341313,True
Bikaner,2005,2005-02-28,25.853160739531365,24.44126210835083,True
Bikaner,2005,2005-03-01,25.12808021497978,23.67421338587354,True
Bikaner,2005,2005-03-02,24.833646185848707,23.085144296161676,True
Bikaner,2005,2005-03-03,27.161864524790985,24.467457266554174,True
Bikaner,2005,2005-03-04,26.136941872791272,24.691352454158988,True
Bikaner,2005,2005-03-05,23.48674677295233,20.895472121900784,True
Bikaner,2005,2005-03-06,23.146433373540297,21.01213373429247,True
Bikaner,2005,2005-03-07,23.228913126330827,21.394954822285307,True
Bikaner,2005,2005-03-08,27.77363330286753,25.185206639712973,True
Bikaner,2005,2005-03-09,25.65513116874641,22.9506994436727,True
Bikaner,2005,2005-03-10,21.650364338234958,18.879605736135655,True
Bikaner,2005,2005-03-11,23.112523239279014,19.8092772075482,True
Bikaner,2005,2005-03-12,22.8055376833233,20.641630070482126,True
Bikaner,2005,2005-03-13,22.69471068731389,20.575468257712547,True
Bikaner,2005,2005-03-14,23.59917735288156,21.245609779558233,True
Bikaner,2005,2005-03-15,24.441642480516187,21.728137503700008,True
Bikaner,2005,2005-03-16,27.108360986932116,24.880888856915274,True
Bikaner,2005,2005-03-17,26.283193434172667,23.381387605414176,True
Bikaner,2005,2005-03-18,25.368127737553102,23.05610707961132,True
Bikaner,2005,2005-03-19,25.05980422880921,22.81841921072217,True
Bikaner,2005,2005-03-20,26.685468859499423,24.3669125975049,True
Bikaner,2005,2005-03-21,26.037210585515243,23.888020101522077,True
Bikaner,2005,2005-03-22,25.844114031008765,22.655073302653857,True
Bikaner,2005,2005-03-23,24.99426183478468,20.49428122192589,True
Bikaner,2005,2005-03-24,26.34038206800707,21.614133731445946,True
Bikaner,2005,2005-03-25,25.257478716465396,23.506584919118623,True
Bikaner,2005,2005-03-26,27.427624076432846,25.953736886511845,True
Bikaner,2005,2005-03-27,27.423420364025777,25.57575990679331,True
Bikaner,2005,2005-03-28,25.727710467629468,23.356509116579236,True
Bikaner,2005,2005-03-29,25.994662162448098,23.780157085132995,True
Bikaner,2005,2005-03-30,26.318153065929252,23.527351155171022,True
Bikaner,2005,2005-03-31,27.082607949582474,24.317520512607615,True
Bikaner,2005,2005-04-01,27.434859757461354,25.647900932915906,True
Bikaner,2005,2005-04-02,27.859154196371943,25.867439807375863,True
Bikaner,2005,2005-04-03,29.062263208794885,27.18720096266745,True
Bikaner,2005,2005-04-04,28.702922159549047,27.093179854199143,True
Bikaner,2005,2005-04-05,29.402516374415306,28.279011722763528,True
Bikaner,2005,2005-04-06,30.603197239708727,29.806203340715314,True
Bikaner,2005,2005-04-07,30.745235243486526,29.422153603425855,True
Bikaner,2005,2005-04-08,30.43737440069372,28.809652712971893,True
Bikaner,2005,2005-04-09,30.099387143640953,29.269773353713337,True
Bikaner,2005,2005-04-10,30.628590855912346,29.270025019769662,True
Bikaner,2005,2005-04-11,29.964786298105523,27.638512580800686,True
Bikaner,2005,2005-04-12,28.71382657528232,26.034842485619457,True
Bikaner,2005,2005-04-13,26.267183460037757,24.086080498254713,True
Bikaner,2005,2005-04-14,26.744554725368967,24.27957573415338,True
Bikaner,2005,2005-04-15,28.21722747046947,25.991721452835606,True
Bikaner,2005,2005-04-16,29.621433709342448,27.351948784875454,True
Bikaner,2005,2005-04-17,30.941653477154325,28.705188511574875,True
Bikaner,2005,2005-04-18,31.601358537784613,29.551149181541014,True
Bikaner,2005,2005-04-19,31.553373711253503,29.822420020913974,True
Bikaner,2005,2005-04-20,31.141739140378217,28.82988022613783,True
Bikaner,2005,2005-04-21,30.656762391541555,28.32133209840808,True
Bikaner,2005,2005-04-22,31.883053992877144,29.333366326370864,True
Bikaner,2005,2005-04-23,32.58968155034031,30.41514591186879,True
Bikaner,2005,2005-04-24,33.240140647631435,31.121744301966853,True
Bikaner,2005,2005-04-25,32.883740585673365,31.344524365584693,True
Bikaner,2005,2005-04-26,32.81643264364663,31.468387607910667,True
Bikaner,2005,2005-04-27,31.761455423374805,29.72333609842691,True
Bikaner,2005,2005-04-28,31.688422652085073,28.848165313835857,True
Bikaner,2005,2005-04-29,31.449007932107637,28.784659651862345,True
Bikaner,2005,2005-04-30,31.617302673947705,29.029916076724763,True
Bikaner,2005,2005-05-01,31.454297498223358,29.025114058463963,True
Bikaner,2005,2005-05-02,33.645387050848356,31.68488926866231,True
Bikaner,2005,2005-05-03,33.40016219494179,32.31057464480593,True
Bikaner,2005,2005-05-04,33.13487915571824,32.702138804794295,True
Bikaner,2005,2005-05-05,33.98747179897772,32.827300872806155,True
Bikaner,2005,2005-05-06,34.1284078558369,33.32327907502576,True
Bikaner,2005,2005-05-07,34.39208244809513,33.140238020099865,True
Bikaner,2005,2005-05-08,33.21777677517414,31.405527217632542,True
Bikaner,2005,2005-05-09,31.501950449644223,29.624030684624195,True
Bikaner,2005,2005-05-10,30.7971050158528,28.925262412087527,True
Bikaner,2005,2005-05-11,32.415872500838134,30.00304581876221,True
Bikaner,2005,2005-05-12,32.29222903750588,30.197605724943028,True
Bikaner,2005,2005-05-13,32.02533823497314,30.23145416251845,True
Bikaner,2005,2005-05-14,32.68422124888517,30.5349119475188,True
Bikaner,2005,2005-05-15,33.136044543784394,31.101064202004377,True
Bikaner,2005,2005-05-16,34.166154619331984,32.57770933015459,True
Bikaner,2005,2005-05-17,34.11911105945285,32.98543038448445,True
Bikaner,2005,2005-05-18,34.86030934147048,33.289718444427166,True
Bikaner,2005,2005-05-19,34.47174296153079,33.12868955412,True
Bikaner,2005,2005-05-20,35.11227618495884,33.62639303997797,True
Bikaner,2005,2005-05-21,35.32594228983352,33.760199555708674,True
Bikaner,2005,2005-05-22,34.12757674280819,33.54980888759527,True
Bikaner,2005,2005-05-23,35.03323461155524,33.303918380910744,True
Bikaner,2005,2005-05-24,34.62979661515159,32.499473349617716,True
Bikaner,2005,2005-05-25,34.59164662621715,32.41219163465575,True
Bikaner,2005,2005-05-26,34.16188134617139,32.14521699921429,True
Bikaner,2005,2005-05-27,33.81545353919947,31.924009817298284,True
Bikaner,2005,2005-05-28,33.116277178820404,31.592184573297317,True
Bikaner,2005,2005-05-29,33.519290821398535,31.49761050208098,True
Bikaner,2005,2005-05-30,33.82178246279507,31.451353507482178,True
Bikaner,2005,2005-05-31,34.14651324822211,31.669704773635342,True
Bikaner,2005,2005-06-01,33.745172097707595,31.380028061306675,True
Bikaner,2005,2005-06-02,33.76092947407918,31.604137410565315,True
Bikaner,2005,2005-06-03,33.64401648055137,31.161341372954055,True
Bikaner,2005,2005-06-04,32.91191693109198,30.550126296167367,True
Bikaner,2005,2005-06-05,32.449625413886736,30.634737025276355,True
Bikaner,2005,2005-06-06,32.59034514206275,30.700466772877974,True
Bikaner,2005,2005-06-07,32.96547101344791,31.07655268874733,True
Bikaner,2005,2005-06-08,32.665598009329614,31.084739275664827,True
Bikaner,2005,2005-06-09,33.22056635538883,31.64617229281916,True
Bikaner,2005,2005-06-10,33.646038456663,32.30040059872241,True
Bikaner,2005,2005-06-11,33.59214477869648,31.54973594164342,True
Bikaner,2005,2005-06-12,34.866336070803655,34.40755671850038,True
Bikaner,2005,2005-06-13,33.869554317666655,32.24264023193772,True
Bikaner,2005,2005-06-14,34.215483883095175,33.16071586406206,True
Bikaner,2005,2005-06-15,33.99482722899311,32.99691385743665,True
Bikaner,2005,2005-06-16,34.21477895771323,33.82939915036659,True
Bikaner,2005,2005-06-17,33.41530632786767,32.43196574007776,True
Bikaner,2005,2005-06-18,33.84293264243369,32.51134500545929,True
Bikaner,2005,2005-06-19,34.67640242055891,34.24548905497287,True
Bikaner,2005,2005-06-20,34.58113844643772,34.44526631419758,True
Bikaner,2005,2005-06-21,34.93887405894866,34.025212863451436,True
Bikaner,2005,2005-06-22,34.337722344468006,33.83332722204927,True
Bikaner,2005,2005-06-23,34.33287600518264,33.842952755860246,True
Bikaner,2005,2005-06-24,34.24440116580138,33.781993346651326,True
Bikaner,2005,2005-06-25,34.21359914749396,33.28115205891827,True
Bikaner,2005,2005-06-26,34.12468930123312,32.75612410231988,True
Bikaner,2005,2005-06-27,33.95940078623951,32.853330025839234,True
Bikaner,2005,2005-06-28,34.100106768537245,32.80602501097587,True
Bikaner,2005,2005-06-29,34.738382713452275,34.71443237588386,True
Bikaner,2005,2005-06-30,33.72776470995626,33.28761936797536,True
Bikaner,2005,2005-07-01,34.430810686599706,33.8539723763706,True
Bikaner,2005,2005-07-02,34.29696229382513,32.96849854826263,True
Bikaner,2005,2005-07-03,33.75195813880253,33.7749238388653,True
Bikaner,2005,2005-07-04,33.73704095855106,33.26555772885589,True
Bikaner,2005,2005-07-05,34.17178958880687,34.637340056597104,True
Bikaner,2005,2005-07-06,33.636445769453324,34.52300659605954,True
Bikaner,2005,2005-07-07,32.92278367806598,33.59403266056547,True
Bikaner,2005,2005-07-08,32.3640352562838,32.39503036108224,True
Bikaner,2005,2005-07-09,32.45694940246409,30.04264185241133,True
Bikaner,2005,2005-07-10,32.94811254290583,32.34252083698426,True
Bikaner,2005,2005-07-11,32.069704982748455,32.249772575543574,True
Bikaner,2005,2005-07-12,32.413443103838695,32.80119481841746,True
Bikaner,2005,2005-07-13,32.838142004384764,33.2953567099805,True
Bikaner,2005,2005-07-14,33.00291770728665,33.66742882603637,True
Bikaner,2005,2005-07-15,32.89443236115861,33.61740478790388,True
Bikaner,2005,2005-07-16,34.13501622471131,35.90065511852399,True
Bikaner,2005,2005-07-17,34.045281794254116,34.88176123283782,True
Bikaner,2005,2005-07-18,34.12351158424626,34.347054176319304,True
Bikaner,2005,2005-07-19,33.80144874238922,34.006799212949105,True
Bikaner,2005,2005-07-20,33.67791168157022,33.45959417741986,True
Bikaner,2005,2005-07-21,32.878976433507994,32.983149749545746,True
Bikaner,2005,2005-07-22,32.501743659253165,31.811239135524655,True
Bikaner,2005,2005-07-23,32.15508420924521,32.39888741077026,True
Bikaner,2005,2005-07-24,33.30895960618341,34.42392103653363,True
Bikaner,2005,2005-07-25,33.11617683030617,33.796810081700016,True
Bikaner,2005,2005-07-26,34.03518375856997,34.82918811260622,True
Bikaner,2005,2005-07-27,33.97428858244308,35.08471619579581,True
Bikaner,2005,2005-07-28,32.95542630668007,34.23952152520429,True
Bikaner,2005,2005-07-29,33.017699079454815,33.66343971824001,True
Bikaner,2005,2005-07-30,31.30510920273773,31.624608264102783,True
Bikaner,2005,2005-07-31,29.870715865746945,30.94491373378441,True
Bikaner,2005,2005-08-01,31.034380318315122,32.039479974758486,True
Bikaner,2005,2005-08-02,32.71416294295214,34.18604364447614,True
Bikaner,2005,2005-08-03,32.078262228260236,33.760185798611836,True
Bikaner,2005,2005-08-04,33.810812533837066,35.40187579548367,True
Bikaner,2005,2005-08-05,33.654718061128385,35.65117001651423,True
Bikaner,2005,2005-08-06,33.44927601948412,35.43321866528335,True
Bikaner,2005,2005-08-07,34.136495590419834,36.0614415855158,True
Bikaner,2005,2005-08-08,34.24672766169273,35.556065767348045,True
Bikaner,2005,2005-08-09,32.69709912496752,34.063916124339926,True
Bikaner,2005,2005-08-10,31.875360368108872,33.08834134922256,True
Bikaner,2005,2005-08-11,31.571631185034132,32.43500161822276,True
Bikaner,2005,2005-08-12,29.54260121821467,31.935116167674185,True
Bikaner,2005,2005-08-13,31.6136586835818,32.316502168381064,True
Bikaner,2005,2005-08-14,29.955709947875988,31.788385376931934,True
Bikaner,2005,2005-08-15,31.160212654964063,31.96968408302189,True
Bikaner,2005,2005-08-16,32.93309009024114,34.01414596053176,True
Bikaner,2005,2005-08-17,32.730902838577066,33.73169071953865,True
Bikaner,2005,2005-08-18,32.661178951653724,33.85267055507494,True
Bikaner,2005,2005-08-19,32.03350816086039,33.50954474492903,True
Bikaner,2005,2005-08-20,32.12547318044156,33.482128938910684,True
Bikaner,2005,2005-08-21,32.70799696241044,34.03816559758738,True
Bikaner,2005,2005-08-22,31.892531833854484,33.50832511350707,True
Bikaner,2005,2005-08-23,32.17268157200925,33.29594103446614,True
Bikaner,2005,2005-08-24,32.47520695268982,33.59548816711868,True
Bikaner,2005,2005-08-25,32.888535509440594,34.38075818342168,True
Bikaner,2005,2005-08-26,32.53346572030852,34.38632309676651,True
Bikaner,2005,2005-08-27,32.262851007754485,34.44987919374835,True
Bikaner,2005,2005-08-28,32.84639881161936,34.92783893404955,True
Bikaner,2005,2005-08-29,33.008247410182165,34.73512296821203,True
Bikaner,2005,2005-08-30,32.91759056076178,35.273049464401936,True
Bikaner,2005,2005-08-31,33.138702893634644,35.00322673673871,True
Bikaner,2005,2005-09-01,32.65307253179244,34.08278545973873,True
Bikaner,2005,2005-09-02,31.371692912100492,33.24552251093227,True
Bikaner,2005,2005-09-03,32.157947108034236,33.58822187028461,True
Bikaner,2005,2005-09-04,32.27029019945115,34.22374011544015,True
Bikaner,2005,2005-09-05,33.090333146414494,35.44366611529625,True
Bikaner,2005,2005-09-06,33.52991886859737,35.215328483781626,True
Bikaner,2005,2005-09-07,32.75998494778248,34.084450145281316,True
Bikaner,2005,2005-09-08,32.53081777206887,33.934446298562435,True
Bikaner,2005,2005-09-09,31.441097003688363,33.20820619352247,True
Bikaner,2005,2005-09-10,31.487486778567735,33.76944520646047,True
Bikaner,2005,2005-09-11,32.453089657799396,34.48464980805545,True
Bikaner,2005,2005-09-12,32.752695543308946,34.42340766376572,True
Bikaner,2005,2005-09-13,32.71041447259166,34.4575179969918,True
Bikaner,2005,2005-09-14,32.983766167947465,34.460424654841425,True
Bikaner,2005,2005-09-15,32.32593979598151,34.11511105502433,True
Bikaner,2005,2005-09-16,32.20308304194397,33.898951946213366,True
Bikaner,2005,2005-09-17,32.53980991944726,33.839763160505356,True
Bikaner,2005,2005-09-18,32.191848810986635,34.312096661576504,True
Bikaner,2005,2005-09-19,33.09122503479207,35.57735798363511,True
Bikaner,2005,2005-09-20,32.655007591967184,34.019821833557494,True
Bikaner,2005,2005-09-21,32.2701399088351,36.05553182477357,True
Bikaner,2005,2005-09-22,32.918781631506334,35.431799999527065,True
Bikaner,2005,2005-09-23,31.7460862583426,33.67402180039943,True
Bikaner,2005,2005-09-24,30.723289130419893,33.20641504178662,True
Bikaner,2005,2005-09-25,31.158226074591024,33.360986664155746,True
Bikaner,2005,2005-09-26,32.14375992785525,32.86873000344208,True
Bikaner,2005,2005-09-27,31.72702422849833,32.254152202899604,True
Bikaner,2005,2005-09-28,31.71468059311908,32.27227153610709,True
Bikaner,2005,2005-09-29,31.789741369380085,32.04403483775999,True
Bikaner,2005,2005-09-30,32.19566610749288,32.29920987302053,True
Bikaner,2005,2005-10-01,32.52327032409547,32.52890453853322,True
Bikaner,2005,2005-10-02,32.42339893832897,32.552704292072065,True
Bikaner,2005,2005-10-03,32.296013515918666,31.644432223693023,True
Bikaner,2005,2005-10-04,31.691926645835604,30.06661409210458,True
Bikaner,2005,2005-10-05,32.070459718972515,31.448180388949037,True
Bikaner,2005,2005-10-06,32.358543084052194,32.03514977683546,True
Bikaner,2005,2005-10-07,32.17571713212244,31.8899931278299,True
Bikaner,2005,2005-10-08,32.00350430048032,31.803098050281573,True
Bikaner,2005,2005-10-09,31.79790008514219,31.500311582466182,True
Bikaner,2005,2005-10-10,31.262896128940472,31.36333400446658,True
Bikaner,2005,2005-10-11,30.66705324256466,30.544439268291082,True
Bikaner,2005,2005-10-12,30.435559267016988,30.19973365677545,True
Bikaner,2005,2005-10-13,30.509029276018797,30.211862269164737,True
Bikaner,2005,2005-10-14,30.565597305850815,29.99778673398216,True
Bikaner,2005,2005-10-15,30.6995740247896,30.19130237285546,True
Bikaner,2005,2005-10-16,30.23411925384731,29.816573926424386,True
Bikaner,2005,2005-10-17,30.191967946553035,29.856019025197412,True
Bikaner,2005,2005-10-18,30.14434560165934,29.843463629440087,True
Bikaner,2005,2005-10-19,30.135051014041068,29.849364571058455,True
Bikaner,2005,2005-10-20,30.428993930407263,30.704757516475492,True
Bikaner,2005,2005-10-21,29.07535648362646,28.862847684148417,True
Bikaner,2005,2005-10-22,28.805359286393184,28.630521605856103,True
Bikaner,2005,2005-10-23,29.124773500577614,28.882159566537297,True
Bikaner,2005,2005-10-24,29.51200190349835,28.81022846547889,True
Bikaner,2005,2005-10-25,29.330473525709944,28.93907941809769,True
Bikaner,2005,2005-10-26,29.39285058160368,28.63797721271508,True
Bikaner,2005,2005-10-27,27.584987391118503,27.582677752070865,True
Bikaner,2005,2005-10-28,27.395333092420373,26.30326765016188,True
Bikaner,2005,2005-10-29,28.139090363769263,26.120661809258028,True
Bikaner,2005,2005-10-30,27.887650918388758,26.018880453958875,True
Bikaner,2005,2005-10-31,28.571990086086014,26.558260071291567,True
Bikaner,2005,2005-11-01,28.993695216702307,26.83911807309857,True
Bikaner,2005,2005-11-02,28.072581892467454,26.341816923851784,True
Bikaner,2005,2005-11-03,27.803960088191626,26.3981217515678,True
Bikaner,2005,2005-11-04,27.507245147387742,25.805923177210527,True
Bikaner,2005,2005-11-05,28.535925221973923,27.30303019974109,True
Bikaner,2005,2005-11-06,28.850273405682064,27.738845717537256,True
Bikaner,2005,2005-11-07,28.92872552106935,27.948089812702182,True
Bikaner,2005,2005-11-08,28.37237794437322,27.324495608689663,True
Bikaner,2005,2005-11-09,28.18603860324194,27.210021323404067,True
Bikaner,2005,2005-11-10,27.952600267126662,26.916312561692838,True
Bikaner,2005,2005-11-11,26.696867306786494,24.398011493044987,True
Bikaner,2005,2005-11-12,27.999217644570614,25.718656884145826,True
Bikaner,2005,2005-11-13,28.125417043282724,25.685571346807237,True
Bikaner,2005,2005-11-14,28.27911167894925,26.296327519115057,True
Bikaner,2005,2005-11-15,28.45888536998012,27.031608761362797,True
Bikaner,2005,2005-11-16,27.883666109488907,26.34422682173573,True
Bikaner,2005,2005-11-17,27.88568668078676,26.306761780390595,True
Bikaner,2005,2005-11-18,25.99188032180865,23.97200286516156,True
Bikaner,2005,2005-11-19,26.54729558821578,24.114655612193552,True
Bikaner,2005,2005-11-20,26.650101568522608,24.442983917711256,True
Bikaner,2005,2005-11-21,25.96480119318977,23.862086519435522,True
Bikaner,2005,2005-11-22,24.62353928827821,22.430637915907177,True
Bikaner,2005,2005-11-23,24.257414692375114,22.19236353841086,True
Bikaner,2005,2005-11-24,24.55105837654277,22.198983354851674,True
Bikaner,2005,2005-11-25,25.49240283016608,22.506490262846118,True
Bikaner,2005,2005-11-26,27.02008157275445,24.46180892048868,True
Bikaner,2005,2005-11-27,27.297467687933963,24.54871943170779,True
Bikaner,2005,2005-11-28,27.09592260702702,24.737260506592442,True
Bikaner,2005,2005-11-29,26.094507027092988,23.29975329404936,True
Bikaner,2005,2005-11-30,25.16419643490458,22.549062480273825,True
Bikaner,2005,2005-12-01,25.12808841082875,22.438397633736813,True
Bikaner,2005,2005-12-02,24.58660916672165,21.775928259559404,True
Bikaner,2005,2005-12-03,23.79405698233883,20.968861093899864,True
Bikaner,2005,2005-12-04,22.746277215365886,20.0040547912806,True
Bikaner,2005,2005-12-05,24.05224174499051,21.009243721595386,True
Bikaner,2005,2005-12-06,24.448439954448823,21.520192177764056,True
Bikaner,2005,2005-12-07,24.105908133560526,21.207442057347112,True
Bikaner,2005,2005-12-08,24.274397422207223,21.37476162159996,True
Bikaner,2005,2005-12-09,23.815455600801084,20.900650994350173,True
Bikaner,2005,2005-12-10,21.837127297373886,19.596181184909973,True
Bikaner,2005,2005-12-11,21.630780481924468,19.798868307148187,True
Bikaner,2005,2005-12-12,19.853723052195612,19.611876912491827,True
Bikaner,2005,2005-12-13,22.259459957734165,20.11033205283287,True
Bikaner,2005,2005-12-14,21.12964376151915,19.612051420805383,True
Bikaner,2005,2005-12-15,20.564409177495882,19.950990016090415,True
Bikaner,2005,2005-12-16,20.090372172404805,19.24281768064416,True
Bikaner,2005,2005-12-17,20.37606677704983,19.598436646023043,True
Bikaner,2005,2005-12-18,21.455102603685038,19.85180735360974,True
Bikaner,2005,2005-12-19,22.57519608992817,20.152057032550577,True
Bikaner,2005,2005-12-20,22.232304949057315,20.28373895927278,True
Bikaner,2005,2005-12-21,20.957176088378475,19.596672833362753,True
Bikaner,2005,2005-12-22,22.570920145847648,20.185558051949393,True
Bikaner,2005,2005-12-23,22.34109717690352,19.66774169658301,True
Bikaner,2005,2005-12-24,22.388615604789774,20.806272902175387,True
Bikaner,2005,2005-12-25,20.60729158219328,19.800308056573634,True
Bikaner,2005,2005-12-26,19.813164749794552,19.337147309260505,True
Bikaner,2005,2005-12-27,18.637696812501567,18.423372373395424,True
Bikaner,2005,2005-12-28,19.00530970128924,18.989026614890875,True
Bikaner,2005,2005-12-29,20.352783743822012,20.001049594007014,True
Bikaner,2005,2005-12-30,21.12417458445671,19.481378059302656,True
Bikaner,2005,2005-12-31,21.449437606051355,19.581143893344695,True
Bikaner,2007,2007-01-01,20.994396533661806,20.006886283644025,True
Bikaner,2007,2007-01-02,21.804943118635173,20.18230573322854,True
Bikaner,2007,2007-01-03,21.60396761877633,20.128322060705596,True
Bikaner,2007,2007-01-04,18.04989680409764,18.11009379226137,True
Bikaner,2007,2007-01-05,12.10968518931108,15.837285411229654,True
Bikaner,2007,2007-01-06,12.815386344266365,16.541167874330213,True
Bikaner,2007,2007-01-07,17.6669096428039,17.947154083705815,True
Bikaner,2007,2007-01-08,20.250606924263572,19.397188378002806,True
Bikaner,2007,2007-01-09,21.275910673587994,20.419502771058163,True
Bikaner,2007,2007-01-10,21.175974363404098,20.539024665286384,True
Bikaner,2007,2007-01-11,20.89541484731088,20.013473901990558,True
Bikaner,2007,2007-01-12,18.976964568827132,18.67922267095823,True
Bikaner,2007,2007-01-13,17.67092574652017,17.621246664728073,True
Bikaner,2007,2007-01-14,14.99254300593127,15.837905943094949,True
Bikaner,2007,2007-01-15,14.340875677349679,15.275834018708412,True
Bikaner,2007,2007-01-16,15.005932030421711,15.443740241202145,True
Bikaner,2007,2007-01-17,15.054444663657698,15.31149222961427,True
Bikaner,2007,2007-01-18,17.7325019479812,16.71826210298313,True
Bikaner,2007,2007-01-19,19.92639487174718,18.51515886303379,True
Bikaner,2007,2007-01-20,22.255022731109598,19.794577521793027,True
Bikaner,2007,2007-01-21,19.692361771358502,18.490871360140552,True
Bikaner,2007,2007-01-22,18.653927384559697,17.19699767609134,True
Bikaner,2007,2007-01-23,19.09835829694985,17.556098049168597,True
Bikaner,2007,2007-01-24,20.368490480812415,18.861411950760523,True
Bikaner,2007,2007-01-25,20.709113525162852,19.022089753104144,True
Bikaner,2007,2007-01-26,22.07450397969651,20.247477653821083,True
Bikaner,2007,2007-01-27,22.001850227030957,19.558640329908084,True
Bikaner,2007,2007-01-28,21.76416660315903,19.486188078277085,True
Bikaner,2007,2007-01-29,21.761898066886946,19.78266331233947,True
Bikaner,2007,2007-01-30,21.97373008263073,19.903132372554712,True
Bikaner,2007,2007-01-31,23.908674973431985,21.268257972297114,True
Bikaner,2007,2007-02-01,24.569772544544644,22.664289530163906,True
Bikaner,2007,2007-02-02,24.90136018115771,22.678373150423354,True
Bikaner,2007,2007-02-03,24.51340731658206,22.2144563048038,True
Bikaner,2007,2007-02-04,25.21459435412727,23.32391506143203,True
Bikaner,2007,2007-02-05,24.030404675504904,21.80062800892021,True
Bikaner,2007,2007-02-06,23.21185384604317,20.921976979654506,True
Bikaner,2007,2007-02-07,22.76618189998579,20.85910847260672,True
Bikaner,2007,2007-02-08,22.184535399280847,20.221249377063824,True
Bikaner,2007,2007-02-09,18.068233953552628,17.855641214083505,True
Bikaner,2007,2007-02-10,20.515503809169044,19.48801770513916,True
Bikaner,2007,2007-02-11,20.55481787186289,19.65347035573315,True
Bikaner,2007,2007-02-12,19.62976555572095,19.062170869944712,True
Bikaner,2007,2007-02-13,20.37571124601397,20.091883208987674,True
Bikaner,2007,2007-02-14,21.74519823359359,21.056499321157755,True
Bikaner,2007,2007-02-15,23.031327011427912,21.892657171227402,True
Bikaner,2007,2007-02-16,22.98309797562723,21.365750824606224,True
Bikaner,2007,2007-02-17,24.75880328973165,23.293230242374005,True
Bikaner,2007,2007-02-18,26.39539828021938,24.82744761293686,True
Bikaner,2007,2007-02-19,25.294357132986562,23.475357917326566,True
Bikaner,2007,2007-02-20,25.315531406516293,23.535842480543067,True
Bikaner,2007,2007-02-21,24.983058613171913,23.47553334730066,True
Bikaner,2007,2007-02-22,25.25683466948756,23.790070208585558,True
Bikaner,2007,2007-02-23,26.329334238823016,24.744570696704088,True
Bikaner,2007,2007-02-24,26.555799809693177,24.882488383716282,True
Bikaner,2007,2007-02-25,27.472317723429303,25.82907164160871,True
Bikaner,2007,2007-02-26,27.128358258024203,25.50348638781659,True
Bikaner,2007,2007-02-27,26.093599528257414,24.779615805032382,True
Bikaner,2007,2007-02-28,27.343578136990665,25.618659453787817,True
Bikaner,2007,2007-03-01,27.72300433898101,26.137212672971913,True
Bikaner,2007,2007-03-02,26.898129325877758,25.259092127670197,True
Bikaner,2007,2007-03-03,24.455683025913746,22.65509334980728,True
Bikaner,2007,2007-03-04,23.742801615480882,21.916760258244143,True
Bikaner,2007,2007-03-05,23.4278992602677,21.648723147738856,True
Bikaner,2007,2007-03-06,23.11762558770551,21.546209294613757,True
Bikaner,2007,2007-03-07,23.243860115072607,21.819228772729975,True
Bikaner,2007,2007-03-08,24.116679098907785,21.781211286456177,True
Bikaner,2007,2007-03-09,23.94664439536541,21.267052090948734,True
Bikaner,2007,2007-03-10,24.960395542297217,22.68262333745502,True
Bikaner,2007,2007-03-11,25.192529799140967,22.686430868689964,True
Bikaner,2007,2007-03-12,24.026225881216682,21.13823441005601,True
Bikaner,2007,2007-03-13,25.149057742491244,22.209277433724743,True
Bikaner,2007,2007-03-14,26.088927944171175,23.057883036678,True
Bikaner,2007,2007-03-15,26.523098387951833,23.93679626230367,True
Bikaner,2007,2007-03-16,26.63128816682894,24.59530360728072,True
Bikaner,2007,2007-03-17,27.312450515930408,25.093306471098984,True
Bikaner,2007,2007-03-18,27.728544258892846,26.084981079113454,True
Bikaner,2007,2007-03-19,27.94711459481352,26.210138198112556,True
Bikaner,2007,2007-03-20,28.742151221879286,26.895394150143485,True
Bikaner,2007,2007-03-21,27.791045300197286,25.488856148690918,True
Bikaner,2007,2007-03-22,24.98498960902199,21.955015931554236,True
Bikaner,2007,2007-03-23,27.03357583908684,24.716080741842767,True
Bikaner,2007,2007-03-24,28.075464966827266,25.692407066540277,True
Bikaner,2007,2007-03-25,28.62714928381171,26.972772931084723,True
Bikaner,2007,2007-03-26,30.10984687720934,28.816966746375073,True
Bikaner,2007,2007-03-27,30.72236741551516,29.385198169145234,True
Bikaner,2007,2007-03-28,30.477876986508065,29.201754750997697,True
Bikaner,2007,2007-03-29,30.655753462001716,29.133623899585,True
Bikaner,2007,2007-03-30,29.29825188085757,27.690183762848395,True
Bikaner,2007,2007-03-31,29.41943945708885,27.90908603458568,True
Bikaner,2007,2007-04-01,29.89761586741119,28.129103884496622,True
Bikaner,2007,2007-04-02,30.37214317371509,28.69863418601763,True
Bikaner,2007,2007-04-03,30.427586099878223,29.006927769530485,True
Bikaner,2007,2007-04-04,30.342408423741844,28.50422690143362,True
Bikaner,2007,2007-04-05,28.41216021908301,26.965598308449156,True
Bikaner,2007,2007-04-06,28.308616305559433,26.660836399075773,True
Bikaner,2007,2007-04-07,29.387511009454684,27.52533480569206,True
Bikaner,2007,2007-04-08,30.063257298139852,28.47839987242132,True
Bikaner,2007,2007-04-09,32.13833683728198,30.59470453212611,True
Bikaner,2007,2007-04-10,32.093659393134686,30.703760244213353,True
Bikaner,2007,2007-04-11,31.62995911889464,29.990249431624992,True
Bikaner,2007,2007-04-12,31.955073807936202,31.0171398660525,True
Bikaner,2007,2007-04-13,31.927629940659166,30.90629312822547,True
Bikaner,2007,2007-04-14,32.17735304925965,30.727751086318627,True
Bikaner,2007,2007-04-15,30.50691163630995,28.656911522259815,True
Bikaner,2007,2007-04-16,28.518343917150276,27.028903828421114,True
Bikaner,2007,2007-04-17,29.48036085629531,27.551196496874063,True
Bikaner,2007,2007-04-18,29.886434072359904,27.914223679095386,True
Bikaner,2007,2007-04-19,31.482936748194888,28.93456456239421,True
Bikaner,2007,2007-04-20,32.49384725862662,31.008085285887688,True
Bikaner,2007,2007-04-21,32.470385456001296,30.37446587683287,True
Bikaner,2007,2007-04-22,32.86199303340955,30.947159146438995,True
Bikaner,2007,2007-04-23,33.402315432817005,31.783705297203014,True
Bikaner,2007,2007-04-24,33.72509144280944,32.05330819993519,True
Bikaner,2007,2007-04-25,32.519136262298616,31.0535265450375,True
Bikaner,2007,2007-04-26,31.73475997694924,29.855802873803448,True
Bikaner,2007,2007-04-27,31.474532840017098,28.809758076343957,True
Bikaner,2007,2007-04-28,31.93815805396301,27.37746854306802,True
Bikaner,2007,2007-04-29,30.5353270582994,27.399240528158888,True
Bikaner,2007,2007-04-30,31.317457949991905,28.434775147791925,True
Bikaner,2007,2007-05-01,31.250041341914507,28.753277195121267,True
Bikaner,2007,2007-05-02,31.294642220244295,28.96675432825394,True
Bikaner,2007,2007-05-03,32.217082628564334,30.017677085773823,True
Bikaner,2007,2007-05-04,31.94540297257442,29.646153614862822,True
Bikaner,2007,2007-05-05,31.703064816183208,29.506748259686898,True
Bikaner,2007,2007-05-06,31.38336074635052,29.414701194832052,True
Bikaner,2007,2007-05-07,32.53962345117439,30.7591836212255,True
Bikaner,2007,2007-05-08,32.678880207265934,31.871458819203248,True
Bikaner,2007,2007-05-09,32.83229145554189,31.677548561493836,True
Bikaner,2007,2007-05-10,33.30480358428285,32.249547302705444,True
Bikaner,2007,2007-05-11,32.941240938889365,31.765278729644727,True
Bikaner,2007,2007-05-12,32.85373791520408,31.198072014395994,True
Bikaner,2007,2007-05-13,32.25274645665162,30.333721500933606,True
Bikaner,2007,2007-05-14,32.557163055382375,30.311783478458754,True
Bikaner,2007,2007-05-15,32.39270101661883,30.598080763477903,True
Bikaner,2007,2007-05-16,33.43635940390458,31.696385348296392,True
Bikaner,2007,2007-05-17,34.47596222625015,32.437889073381534,True
Bikaner,2007,2007-05-18,33.767024085430485,32.00319238132672,True
Bikaner,2007,2007-05-19,34.1079936895851,31.960160720627158,True
Bikaner,2007,2007-05-20,34.409473738060825,32.23605063589512,True
Bikaner,2007,2007-05-21,34.66116739424994,32.452757688488134,True
Bikaner,2007,2007-05-22,34.49701303719998,32.44219793073114,True
Bikaner,2007,2007-05-23,34.58110352112984,32.5730514004973,True
Bikaner,2007,2007-05-24,34.503345488301505,32.490888664700876,True
Bikaner,2007,2007-05-25,34.033887597787135,32.7201247225475,True
Bikaner,2007,2007-05-26,33.4641495687891,32.4794002843367,True
Bikaner,2007,2007-05-27,33.280388133533805,31.889870959734086,True
Bikaner,2007,2007-05-28,33.27650236963483,31.62650475469051,True
Bikaner,2007,2007-05-29,33.3682463140636,31.471212046385237,True
Bikaner,2007,2007-05-30,33.099192920258055,31.18476585788142,True
Bikaner,2007,2007-05-31,33.1654350711986,30.725928970031262,True
Bikaner,2007,2007-06-01,34.196770184439345,32.108399379721526,True
Bikaner,2007,2007-06-02,34.22866051589477,31.95068923635023,True
Bikaner,2007,2007-06-03,34.3742050702791,32.28988908194942,True
Bikaner,2007,2007-06-04,33.367256290235275,31.64054508861463,True
Bikaner,2007,2007-06-05,33.2605089937514,30.76102928846818,True
Bikaner,2007,2007-06-06,32.92958741891347,30.93024440453101,True
Bikaner,2007,2007-06-07,32.048676090551304,30.84960302157947,True
Bikaner,2007,2007-06-08,32.52039769982728,30.74985599527601,True
Bikaner,2007,2007-06-09,32.323577539640034,30.639457890188094,True
Bikaner,2007,2007-06-10,33.22848480792293,32.05753173625777,True
Bikaner,2007,2007-06-11,33.31192677565526,32.42597627020828,True
Bikaner,2007,2007-06-12,33.336367407928996,32.30303506922374,True
Bikaner,2007,2007-06-13,33.66610206909089,32.060417589480494,True
Bikaner,2007,2007-06-14,34.16252646391743,32.64175568785341,True
Bikaner,2007,2007-06-15,34.707824238841674,33.260911898806455,True
Bikaner,2007,2007-06-16,34.7421536734735,33.10941053659625,True
Bikaner,2007,2007-06-17,34.361039233593246,33.169797714162314,True
Bikaner,2007,2007-06-18,33.56203306701016,32.359287241053515,True
Bikaner,2007,2007-06-19,32.935468882295126,31.825569235380733,True
Bikaner,2007,2007-06-20,33.08245473957194,31.912361604823428,True
Bikaner,2007,2007-06-21,33.932007963058986,32.56164682702226,True
Bikaner,2007,2007-06-22,33.41774726542056,32.33571172756608,True
Bikaner,2007,2007-06-23,33.19583684424322,32.27372210627342,True
Bikaner,2007,2007-06-24,33.97445716379727,32.835277995892206,True
Bikaner,2007,2007-06-25,33.897012109095364,32.67908455501232,True
Bikaner,2007,2007-06-26,34.093162794888656,33.0345670246401,True
Bikaner,2007,2007-06-27,34.497266711897055,35.30120372626137,True
Bikaner,2007,2007-06-28,33.473254213485326,34.765393059850446,True
Bikaner,2007,2007-06-29,33.157722805955984,33.28400354058267,True
Bikaner,2007,2007-06-30,32.678534508639515,32.818520992696676,True
Bikaner,2007,2007-07-01,33.35861312309574,33.61851386997724,True
Bikaner,2007,2007-07-02,34.271567346885085,34.969984948180674,True
Bikaner,2007,2007-07-03,35.31011035075012,36.13279969241785,True
Bikaner,2007,2007-07-04,35.01758362485125,34.95975419921082,True
Bikaner,2007,2007-07-05,34.989126369006186,34.80240323227207,True
Bikaner,2007,2007-07-06,34.699761655189434,35.117565973463165,True
Bikaner,2007,2007-07-07,35.19786773721816,37.157033393175304,True
Bikaner,2007,2007-07-08,35.0224305846139,36.58708143625064,True
Bikaner,2007,2007-07-09,33.79630636701335,35.60825537615113,True
Bikaner,2007,2007-07-10,32.05534079677824,32.42898174973676,True
Bikaner,2007,2007-07-11,31.76417879951854,31.498050766358975,True
Bikaner,2007,2007-07-12,32.720256840937154,31.842075880232418,True
Bikaner,2007,2007-07-13,33.0817095304407,33.03424085972754,True
Bikaner,2007,2007-07-14,33.249853245581335,34.122015859533775,True
Bikaner,2007,2007-07-15,33.129354624468185,33.36042429339949,True
Bikaner,2007,2007-07-16,34.66743703385473,36.036730555965626,True
Bikaner,2007,2007-07-17,35.09032989615917,37.75166366182956,True
Bikaner,2007,2007-07-18,35.59958113585176,37.654154257268985,True
Bikaner,2007,2007-07-19,35.592276580064336,37.17388799033022,True
Bikaner,2007,2007-07-20,33.788214015672956,34.68076698053448,True
Bikaner,2007,2007-07-21,33.306623640108,34.92193083515086,True
Bikaner,2007,2007-07-22,33.42546975016006,35.2855858682677,True
Bikaner,2007,2007-07-23,32.325751299565255,33.40542182142462,True
Bikaner,2007,2007-07-24,31.60345321185689,31.853438090386767,True
Bikaner,2007,2007-07-25,32.60407555463692,32.6829030998651,True
Bikaner,2007,2007-07-26,33.5700355042401,33.60913194058627,True
Bikaner,2007,2007-07-27,33.57923965418429,33.935661808093975,True
Bikaner,2007,2007-07-28,33.434384421322164,34.05155330520927,True
Bikaner,2007,2007-07-29,33.51632051770736,34.37863893420605,True
Bikaner,2007,2007-07-30,33.13541486455968,34.72490960328215,True
Bikaner,2007,2007-07-31,32.66239341649848,34.70697675283733,True
Bikaner,2007,2007-08-01,32.70676446502578,34.08187711617314,True
Bikaner,2007,2007-08-02,32.6347571367964,34.67854541400558,True
Bikaner,2007,2007-08-03,30.863473017151485,31.775260614338077,True
Bikaner,2007,2007-08-04,30.932514347830946,31.939905380107575,True
Bikaner,2007,2007-08-05,31.997637744321082,33.16602251923671,True
Bikaner,2007,2007-08-06,33.21335601698471,35.319156668094294,True
Bikaner,2007,2007-08-07,33.694962512363645,36.015659547433316,True
Bikaner,2007,2007-08-08,33.39439639492136,35.777618464961876,True
Bikaner,2007,2007-08-09,33.56282287278826,35.39962701509237,True
Bikaner,2007,2007-08-10,32.969437567799886,34.06033699571123,True
Bikaner,2007,2007-08-11,30.406483400247904,32.56564281116425,True
Bikaner,2007,2007-08-12,31.14390589738601,32.45442995444236,True
Bikaner,2007,2007-08-13,32.65050803080724,33.85474878019395,True
Bikaner,2007,2007-08-14,33.75066390464922,35.8252934388127,True
Bikaner,2007,2007-08-15,35.768072456643495,38.54458794472106,True
Bikaner,2007,2007-08-16,35.234139382318524,37.52848089281059,True
Bikaner,2007,2007-08-17,36.257952642639495,38.94874687217261,True
Bikaner,2007,2007-08-18,34.36162361595298,37.12183406213401,True
Bikaner,2007,2007-08-19,33.35935040119885,35.32093230548577,True
Bikaner,2007,2007-08-20,33.25924151733711,35.80524700302433,True
Bikaner,2007,2007-08-21,32.88630701579372,34.73308724562474,True
Bikaner,2007,2007-08-22,31.798911455125815,33.6740848332297,True
Bikaner,2007,2007-08-23,31.77078773809128,33.29363033972894,True
Bikaner,2007,2007-08-24,31.199078557333646,33.125664123096705,True
Bikaner,2007,2007-08-25,31.48920816397651,33.36365037412771,True
Bikaner,2007,2007-08-26,32.230818092638096,34.42659643217606,True
Bikaner,2007,2007-08-27,33.38787582789435,35.25795461062174,True
Bikaner,2007,2007-08-28,33.460550914658164,35.201637101018974,True
Bikaner,2007,2007-08-29,33.15692585468585,34.831126406104964,True
Bikaner,2007,2007-08-30,32.89682439760677,34.557890538265205,True
Bikaner,2007,2007-08-31,33.14278175999036,35.0867237850368,True
Bikaner,2007,2007-09-01,33.16228631584525,34.8713967720694,True
Bikaner,2007,2007-09-02,32.28171732576874,34.12847611986076,True
Bikaner,2007,2007-09-03,32.238272521955786,33.98175993590652,True
Bikaner,2007,2007-09-04,31.85822980669571,33.06279755952976,True
Bikaner,2007,2007-09-05,31.20939655848171,31.251095494451466,True
Bikaner,2007,2007-09-06,30.36084943784446,29.690322933297722,True
Bikaner,2007,2007-09-07,31.118628266317387,30.506851032691703,True
Bikaner,2007,2007-09-08,32.171683447025934,32.058171134392815,True
Bikaner,2007,2007-09-09,32.553271803639674,33.04110280458596,True
Bikaner,2007,2007-09-10,32.54286549277601,33.577883370124034,True
Bikaner,2007,2007-09-11,32.87563045821877,34.03330156281675,True
Bikaner,2007,2007-09-12,32.08863752827054,33.076270566393305,True
Bikaner,2007,2007-09-13,31.15140361316914,31.733218260794917,True
Bikaner,2007,2007-09-14,30.615286861582046,30.25280211937973,True
Bikaner,2007,2007-09-15,29.315334750949813,29.96627350940189,True
Bikaner,2007,2007-09-16,30.285465728901915,30.907288521660437,True
Bikaner,2007,2007-09-17,30.290335046201143,29.172183480936344,True
Bikaner,2007,2007-09-18,30.328396594336816,30.508249478205354,True
Bikaner,2007,2007-09-19,30.291538673916516,28.605468808362936,True
Bikaner,2007,2007-09-20,31.57075164621996,30.298705337061257,True
Bikaner,2007,2007-09-21,31.757953324694107,30.56653761684154,True
Bikaner,2007,2007-09-22,31.987418292257033,30.956838278585227,True
Bikaner,2007,2007-09-23,32.07925310204267,31.078241364379412,True
Bikaner,2007,2007-09-24,32.07504848808315,31.27892839003371,True
Bikaner,2007,2007-09-25,32.140324260409805,30.885997941278912,True
Bikaner,2007,2007-09-26,31.729631662230272,30.451988141625716,True
Bikaner,2007,2007-09-27,31.26846873477193,30.187320065352445,True
Bikaner,2007,2007-09-28,30.887654530372522,29.826781303280264,True
Bikaner,2007,2007-09-29,30.596024593315864,29.567471354905145,True
Bikaner,2007,2007-09-30,30.533415887494208,29.44177689268531,True
Bikaner,2007,2007-10-01,31.58412743972687,30.841458361053807,True
Bikaner,2007,2007-10-02,31.79319235151007,31.65839533125466,True
Bikaner,2007,2007-10-03,32.19222655208299,31.978734556035462,True
Bikaner,2007,2007-10-04,31.42625764296028,31.323471202036657,True
Bikaner,2007,2007-10-05,31.68304754468749,31.893615628985003,True
Bikaner,2007,2007-10-06,32.044673281682996,31.58094908347465,True
Bikaner,2007,2007-10-07,30.715543163098825,29.887924759624447,True
Bikaner,2007,2007-10-08,29.005545551432334,27.573963639224846,True
Bikaner,2007,2007-10-09,26.813027167084016,25.90704794363344,True
Bikaner,2007,2007-10-10,29.277367416548636,27.63439329772051,True
Bikaner,2007,2007-10-11,29.029256568659623,27.761029754604877,True
Bikaner,2007,2007-10-12,29.617828231042186,27.97876947051413,True
Bikaner,2007,2007-10-13,29.82001310183253,28.39742522760998,True
Bikaner,2007,2007-10-14,29.254561042820207,28.078337189261894,True
Bikaner,2007,2007-10-15,30.34885390469015,29.764778322411225,True
Bikaner,2007,2007-10-16,31.00651557441313,30.60432795058504,True
Bikaner,2007,2007-10-17,30.98796357347626,30.814943470992812,True
Bikaner,2007,2007-10-18,31.010180924462794,30.81285121701738,True
Bikaner,2007,2007-10-19,29.34998051732203,29.39448807989745,True
Bikaner,2007,2007-10-20,28.71525388310911,28.839433783713186,True
Bikaner,2007,2007-10-21,28.993766110261355,28.416019950800735,True
Bikaner,2007,2007-10-22,28.385441728363716,27.48522184770515,True
Bikaner,2007,2007-10-23,29.317969104078323,28.16178771637718,True
Bikaner,2007,2007-10-24,29.865972734757836,28.91117097912447,True
Bikaner,2007,2007-10-25,29.631333394801956,28.752930364029243,True
Bikaner,2007,2007-10-26,28.990724603332364,28.20443212228273,True
Bikaner,2007,2007-10-27,28.918384161161896,27.366491432388326,True
Bikaner,2007,2007-10-28,28.907774818336257,27.268995232273767,True
Bikaner,2007,2007-10-29,29.240918752738974,28.126008140214317,True
Bikaner,2007,2007-10-30,29.16702731797142,28.150875754169107,True
Bikaner,2007,2007-10-31,28.947755575494366,27.78399043636158,True
Bikaner,2007,2007-11-01,28.987275786986206,27.520865312667006,True
Bikaner,2007,2007-11-02,28.5137907483318,27.151117191245604,True
Bikaner,2007,2007-11-03,28.379175994434934,26.73139148101142,True
Bikaner,2007,2007-11-04,28.55964487546344,26.71137018039236,True
Bikaner,2007,2007-11-05,28.349832213344165,26.330398360283866,True
Bikaner,2007,2007-11-06,27.854134431291563,26.003313431114357,True
Bikaner,2007,2007-11-07,27.655105105337196,25.495360562291623,True
Bikaner,2007,2007-11-08,27.145776455906176,24.990532149409947,True
Bikaner,2007,2007-11-09,26.918050230697112,24.457794489924204,True
Bikaner,2007,2007-11-10,26.16077349854681,24.04641847506578,True
Bikaner,2007,2007-11-11,26.89856887684896,24.72998862275116,True
Bikaner,2007,2007-11-12,27.266100631004264,24.915845716809972,True
Bikaner,2007,2007-11-13,26.70710712763358,24.485168064395424,True
Bikaner,2007,2007-11-14,27.0545506258421,25.1035918652923,True
Bikaner,2007,2007-11-15,26.863224873654794,24.97604642832907,True
Bikaner,2007,2007-11-16,26.974218275490912,25.230059267171647,True
Bikaner,2007,2007-11-17,26.786923899888944,24.87464232498632,True
Bikaner,2007,2007-11-18,26.52961062478272,24.652812219704014,True
Bikaner,2007,2007-11-19,26.19019919676177,24.09538736295654,True
Bikaner,2007,2007-11-20,25.92950765981538,23.961408974515177,True
Bikaner,2007,2007-11-21,25.829282160958513,23.94641353502899,True
Bikaner,2007,2007-11-22,25.278638146348634,23.309001775691552,True
Bikaner,2007,2007-11-23,24.85056452804161,23.383018626713856,True
Bikaner,2007,2007-11-24,25.301928715775215,22.728913816116442,True
Bikaner,2007,2007-11-25,25.716373456617788,23.03377262221713,True
Bikaner,2007,2007-11-26,25.699854257552953,22.9468754689909,True
Bikaner,2007,2007-11-27,25.142581104820287,22.43055298733136,True
Bikaner,2007,2007-11-28,25.92933764024091,23.368109316680574,True
Bikaner,2007,2007-11-29,26.27578388310099,23.30619462172312,True
Bikaner,2007,2007-11-30,26.099396597606052,24.436188416370523,True
Bikaner,2007,2007-12-01,25.839453731743745,23.268560124889934,True
Bikaner,2007,2007-12-02,24.76455814495518,22.07504755295092,True
Bikaner,2007,2007-12-03,24.810101782580755,22.218948706394304,True
Bikaner,2007,2007-12-04,25.1914449016446,22.959485715744343,True
Bikaner,2007,2007-12-05,25.995234507101475,23.937184685590793,True
Bikaner,2007,2007-12-06,26.104564452763984,23.798522114296084,True
Bikaner,2007,2007-12-07,25.867594213831524,23.072892096028944,True
Bikaner,2007,2007-12-08,25.421393307785657,22.700651892425434,True
Bikaner,2007,2007-12-09,24.363273837779726,21.2569093176177,True
Bikaner,2007,2007-12-10,25.69011515954332,22.353098252146633,True
Bikaner,2007,2007-12-11,25.709167312821148,22.599657365505546,True
Bikaner,2007,2007-12-12,24.832688064536722,21.61037098921056,True
Bikaner,2007,2007-12-13,24.065331822983435,21.14940236558914,True
Bikaner,2007,2007-12-14,24.19788188159346,21.585158265364498,True
Bikaner,2007,2007-12-15,24.245809295462912,21.102952771446038,True
Bikaner,2007,2007-12-16,24.5157642825425,21.447192071234227,True
Bikaner,2007,2007-12-17,22.311827798032425,18.578049197888674,True
Bikaner,2007,2007-12-18,24.687260013977,21.136654730942546,True
Bikaner,2007,2007-12-19,25.487336577765543,22.135972911584968,True
Bikaner,2007,2007-12-20,24.900557167963463,21.638321314479242,True
Bikaner,2007,2007-12-21,23.852556948897288,20.67368799321859,True
Bikaner,2007,2007-12-22,23.647396467466734,20.85766921488833,True
Bikaner,2007,2007-12-23,23.698233951701578,20.809978835760663,True
Bikaner,2007,2007-12-24,22.987637485123848,20.311455566679218,True
Bikaner,2007,2007-12-25,23.317248496888347,20.638372350815178,True
Bikaner,2007,2007-12-26,23.236373497167804,20.344145703438766,True
Bikaner,2007,2007-12-27,21.00749111068296,18.290767898353973,True
Bikaner,2007,2007-12-28,18.37855416249929,17.134927039609646,True
Bikaner,2007,2007-12-29,21.850606756187194,20.018274083370372,True
Bikaner,2007,2007-12-30,20.37009920610886,19.758833333138508,True
Bikaner,2007,2007-12-31,18.529817306646258,19.339669635541497,True
Bikaner,2009,2009-01-01,24.568128558466483,21.553941682348142,True
Bikaner,2009,2009-01-02,24.15954373941626,21.035060173906317,True
Bikaner,2009,2009-01-03,22.139884917271324,18.956227269643506,True
Bikaner,2009,2009-01-04,22.311073957769533,19.772350089525915,True
Bikaner,2009,2009-01-05,23.17874808943316,21.419702751725655,True
Bikaner,2009,2009-01-06,22.96450049111438,20.42947678548523,True
Bikaner,2009,2009-01-07,23.86581701253449,21.106654654220566,True
Bikaner,2009,2009-01-08,24.337789150342548,21.48438835775951,True
Bikaner,2009,2009-01-09,20.466672114998076,17.671093818697248,True
Bikaner,2009,2009-01-10,18.696794329770512,16.594617537809317,True
Bikaner,2009,2009-01-11,19.371325980125043,18.138798960498843,True
Bikaner,2009,2009-01-12,22.39258252712343,20.02489719049467,True
Bikaner,2009,2009-01-13,24.265939572139565,21.634347515460195,True
Bikaner,2009,2009-01-14,23.074313300619885,20.840593289798964,True
Bikaner,2009,2009-01-15,22.663850301855145,20.09239062307246,True
Bikaner,2009,2009-01-16,22.77238287911998,20.226909334897293,True
Bikaner,2009,2009-01-17,23.2880737837175,20.73783404744968,True
Bikaner,2009,2009-01-18,21.833197851416777,18.942799217702056,True
Bikaner,2009,2009-01-19,16.223263904693482,15.685779588079551,True
Bikaner,2009,2009-01-20,17.06363645661957,16.364891723661376,True
Bikaner,2009,2009-01-21,17.817351490604292,16.86288553986194,True
Bikaner,2009,2009-01-22,16.125527187819735,15.957055871792907,True
Bikaner,2009,2009-01-23,15.69498636058244,15.11435901182005,True
Bikaner,2009,2009-01-24,16.624468350788728,15.494699900525879,True
Bikaner,2009,2009-01-25,17.370957790310094,16.3322220710381,True
Bikaner,2009,2009-01-26,18.5499936962522,17.223074688050648,True
Bikaner,2009,2009-01-27,21.055403586780916,19.081979008035304,True
Bikaner,2009,2009-01-28,23.8911399861097,20.909478117179653,True
Bikaner,2009,2009-01-29,24.65879715087245,22.105991101034714,True
Bikaner,2009,2009-01-30,24.70448164102558,22.155823153464592,True
Bikaner,2009,2009-01-31,24.4406431006293,21.5716530101377,True
Bikaner,2009,2009-02-01,23.0802973569406,19.976125791857577,True
Bikaner,2009,2009-02-02,21.9982294740651,19.35040566557877,True
Bikaner,2009,2009-02-03,21.72317811564506,19.55938485566547,True
Bikaner,2009,2009-02-04,21.801307847066905,19.649719655588566,True
Bikaner,2009,2009-02-05,23.478493303464603,20.951512384870227,True
Bikaner,2009,2009-02-06,22.716594064208145,20.804556973870184,True
Bikaner,2009,2009-02-07,23.87089841872045,21.634006877406367,True
Bikaner,2009,2009-02-08,24.098277363385023,21.364749732846832,True
Bikaner,2009,2009-02-09,25.283072912756275,22.652569641063657,True
Bikaner,2009,2009-02-10,24.97792211541316,22.50709574394764,True
Bikaner,2009,2009-02-11,24.696023025904104,22.319984964332694,True
Bikaner,2009,2009-02-12,26.870422730055896,24.259404809378736,True
Bikaner,2009,2009-02-13,26.620664134478492,23.882371716965466,True
Bikaner,2009,2009-02-14,27.35233146431282,24.304428213259193,True
Bikaner,2009,2009-02-15,25.82425392277832,23.871020626930193,True
Bikaner,2009,2009-02-16,24.941902141584123,22.88249210243873,True
Bikaner,2009,2009-02-17,19.134853128373372,17.4037541930084,True
Bikaner,2009,2009-02-18,14.443595601836257,12.807113265479225,True
Bikaner,2009,2009-02-19,16.710605525088457,15.053838865541998,True
Bikaner,2009,2009-02-20,18.138075731613167,16.089585066948104,True
Bikaner,2009,2009-02-21,19.002804328800888,17.482769088466835,True
Bikaner,2009,2009-02-22,21.688340430457217,19.927136485313184,True
Bikaner,2009,2009-02-23,21.57383801041259,19.722448373942015,True
Bikaner,2009,2009-02-24,20.05733524290843,18.861677768067228,True
Bikaner,2009,2009-02-25,19.901965606054937,17.80802218729423,True
Bikaner,2009,2009-02-26,23.69897097092418,21.421777929427954,True
Bikaner,2009,2009-02-27,24.9691199211987,23.173599553137645,True
Bikaner,2009,2009-02-28,25.276479137626808,23.10063700531711,True
Bikaner,2009,2009-03-01,24.424453701702774,21.641163224243176,True
Bikaner,2009,2009-03-02,24.959707840379277,22.28478973078003,True
Bikaner,2009,2009-03-03,23.6044736687384,20.969284910507394,True
Bikaner,2009,2009-03-04,23.908474049891964,20.959304877210347,True
Bikaner,2009,2009-03-05,24.891545802813717,22.622361020400618,True
Bikaner,2009,2009-03-06,26.205958927769906,23.523497631365373,True
Bikaner,2009,2009-03-07,27.367712351694006,24.759196156329473,True
Bikaner,2009,2009-03-08,26.840271478330187,24.589197358567738,True
Bikaner,2009,2009-03-09,25.04279996717651,22.69573121003278,True
Bikaner,2009,2009-03-10,24.747948019328376,22.356485336373975,True
Bikaner,2009,2009-03-11,19.558505334998095,17.576693343452877,True
Bikaner,2009,2009-03-12,24.728818318906406,21.243979662107165,True
Bikaner,2009,2009-03-13,26.923987915157518,24.000878927166028,True
Bikaner,2009,2009-03-14,27.46333633518961,25.199442947957174,True
Bikaner,2009,2009-03-15,27.66846852356788,25.63749952088073,True
Bikaner,2009,2009-03-16,28.401210057916497,26.45638943130137,True
Bikaner,2009,2009-03-17,29.025500268580473,26.593564509873808,True
Bikaner,2009,2009-03-18,28.01634657583609,26.66008710176293,True
Bikaner,2009,2009-03-19,27.78810041992039,25.7481878043309,True
Bikaner,2009,2009-03-20,27.67286893017414,25.75485946926476,True
Bikaner,2009,2009-03-21,29.500501485227026,27.533784999996683,True
Bikaner,2009,2009-03-22,30.20586188786106,28.407449284086216,True
Bikaner,2009,2009-03-23,29.944752655876748,28.423209993959983,True
Bikaner,2009,2009-03-24,29.452591232819845,28.448636189619855,True
Bikaner,2009,2009-03-25,29.65666940382709,28.38673723682599,True
Bikaner,2009,2009-03-26,29.594586087790407,27.94104636041208,True
Bikaner,2009,2009-03-27,28.59587860883529,27.353069757186816,True
Bikaner,2009,2009-03-28,29.150866365784292,27.91748227403232,True
Bikaner,2009,2009-03-29,30.848056327438474,29.30263927107964,True
Bikaner,2009,2009-03-30,30.864807138322057,29.358253971336694,True
Bikaner,2009,2009-03-31,32.17687801000956,30.856836468807103,True
Bikaner,2009,2009-04-01,30.886602166156173,30.155461303466517,True
Bikaner,2009,2009-04-02,31.42020067930377,29.790559579504418,True
Bikaner,2009,2009-04-03,30.73782248676003,29.19878550103855,True
Bikaner,2009,2009-04-04,30.76050751095375,28.904844695245153,True
Bikaner,2009,2009-04-05,30.948985071835867,29.62036217140359,True
Bikaner,2009,2009-04-06,29.427995872677258,28.205316349983292,True
Bikaner,2009,2009-04-07,29.817871052795688,28.820370100461677,True
Bikaner,2009,2009-04-08,31.530223679375318,30.139491825759666,True
Bikaner,2009,2009-04-09,32.03537003407524,31.031086788274276,True
Bikaner,2009,2009-04-10,31.228283585887837,30.7462433584285,True
Bikaner,2009,2009-04-11,31.931063492257977,31.146353524562144,True
Bikaner,2009,2009-04-12,31.38798669794393,30.61800148786568,True
Bikaner,2009,2009-04-13,32.688352524496246,31.44482735385672,True
Bikaner,2009,2009-04-14,31.584195782832108,31.29727296332652,True
Bikaner,2009,2009-04-15,32.02393280052337,31.361133634610102,True
Bikaner,2009,2009-04-16,31.48713517193965,30.465073140984277,True
Bikaner,2009,2009-04-17,31.45578808265424,30.345759727309975,True
Bikaner,2009,2009-04-18,32.64185927275694,31.273519761338207,True
Bikaner,2009,2009-04-19,33.109363502266405,31.86810608045378,True
Bikaner,2009,2009-04-20,32.630643220997044,31.50294016952188,True
Bikaner,2009,2009-04-21,31.890632033802717,31.04048934973728,True
Bikaner,2009,2009-04-22,32.20808550320329,30.578013037602165,True
Bikaner,2009,2009-04-23,32.70780547906824,31.332126294127594,True
Bikaner,2009,2009-04-24,32.826713662130274,31.152782726051907,True
Bikaner,2009,2009-04-25,32.21075206198277,30.156373283875983,True
Bikaner,2009,2009-04-26,30.389290184409358,27.70775436416332,True
Bikaner,2009,2009-04-27,31.226331730810728,28.035779620557815,True
Bikaner,2009,2009-04-28,32.065767534411506,29.08822360266725,True
Bikaner,2009,2009-04-29,33.07187553227273,30.49110192241033,True
Bikaner,2009,2009-04-30,33.40022026610406,30.894007675351954,True
Bikaner,2009,2009-05-01,33.62368166248547,31.459113662746795,True
Bikaner,2009,2009-05-02,33.02136478704902,30.82390764839907,True
Bikaner,2009,2009-05-03,33.0724202836466,31.20444785228493,True
Bikaner,2009,2009-05-04,30.9072161563691,28.611584812785516,True
Bikaner,2009,2009-05-05,32.42677961820463,30.15442963927121,True
Bikaner,2009,2009-05-06,32.45273801064205,30.373880470970068,True
Bikaner,2009,2009-05-07,32.706586585185654,30.9462396707375,True
Bikaner,2009,2009-05-08,31.15796359828713,29.324518483316883,True
Bikaner,2009,2009-05-09,31.28696364069789,29.583228964849223,True
Bikaner,2009,2009-05-10,32.53356631447577,30.472478848857936,True
Bikaner,2009,2009-05-11,32.441233532706605,30.503535333626,True
Bikaner,2009,2009-05-12,34.12350585667185,30.719355475927877,True
Bikaner,2009,2009-05-13,32.943844620479425,30.96162952328117,True
Bikaner,2009,2009-05-14,33.82278226397871,31.611185148504063,True
Bikaner,2009,2009-05-15,33.71845658894232,32.00123832978569,True
Bikaner,2009,2009-05-16,33.594679223045446,31.88845699927089,True
Bikaner,2009,2009-05-17,32.481277021144805,30.615014466606127,True
Bikaner,2009,2009-05-18,32.58985952866411,30.34140233896253,True
Bikaner,2009,2009-05-19,32.473022603607575,30.483971241903472,True
Bikaner,2009,2009-05-20,32.11908635619692,29.802052985904787,True
Bikaner,2009,2009-05-21,31.815340876184365,29.73546526598047,True
Bikaner,2009,2009-05-22,31.99493729835539,30.17536765161637,True
Bikaner,2009,2009-05-23,32.158618733263594,30.467873763037783,True
Bikaner,2009,2009-05-24,34.465019691253886,33.320061533921226,True
Bikaner,2009,2009-05-25,34.4200512689947,32.28274508708148,True
Bikaner,2009,2009-05-26,34.107829845493455,31.89240122594304,True
Bikaner,2009,2009-05-27,34.54245151539449,32.814049618432435,True
Bikaner,2009,2009-05-28,34.30798136821193,32.184067059017664,True
Bikaner,2009,2009-05-29,34.542452981972396,32.56359759347089,True
Bikaner,2009,2009-05-30,35.03793243682323,33.3964199914854,True
Bikaner,2009,2009-05-31,34.88053039888445,33.61025690171217,True
Bikaner,2009,2009-06-01,35.34011873094835,33.78743870549478,True
Bikaner,2009,2009-06-02,34.71232224485462,32.89851474993161,True
Bikaner,2009,2009-06-03,34.41374623068955,32.95785986212266,True
Bikaner,2009,2009-06-04,33.76023247698289,32.89473554104759,True
Bikaner,2009,2009-06-05,33.56785227698169,32.465134322870426,True
Bikaner,2009,2009-06-06,33.596084116923315,32.86279704600569,True
Bikaner,2009,2009-06-07,34.91072573283668,33.4281087689648,True
Bikaner,2009,2009-06-08,34.41892506189989,32.670519724415186,True
Bikaner,2009,2009-06-09,33.91882159219403,32.03232027852783,True
Bikaner,2009,2009-06-10,33.447955052177825,31.399376340487443,True
Bikaner,2009,2009-06-11,32.68271522095364,31.569707765726797,True
Bikaner,2009,2009-06-12,33.90672648602595,32.692218668339734,True
Bikaner,2009,2009-06-13,34.31305070977634,33.55112520299856,True
Bikaner,2009,2009-06-14,35.23089261219871,33.804411032069176,True
Bikaner,2009,2009-06-15,35.141672270174354,34.14900246912015,True
Bikaner,2009,2009-06-16,35.94975028685174,35.19133399960211,True
Bikaner,2009,2009-06-17,35.087634853837606,34.69120579850962,True
Bikaner,2009,2009-06-18,34.591892952262626,33.942543328692004,True
Bikaner,2009,2009-06-19,34.64071305072398,33.61824783252064,True
Bikaner,2009,2009-06-20,34.304589355512874,33.7899029140262,True
Bikaner,2009,2009-06-21,34.36154278510793,34.04506362164423,True
Bikaner,2009,2009-06-22,33.35468483807086,33.684069017441246,True
Bikaner,2009,2009-06-23,33.446612566950115,33.052745565329765,True
Bikaner,2009,2009-06-24,33.78218262141452,33.47207255744682,True
Bikaner,2009,2009-06-25,34.35876194303321,34.28830443342126,True
Bikaner,2009,2009-06-26,34.39745098845418,33.866126595699534,True
Bikaner,2009,2009-06-27,34.36280606642192,33.75316999164813,True
Bikaner,2009,2009-06-28,33.9920605434481,33.01678590343933,True
Bikaner,2009,2009-06-29,33.81312944649957,33.2111433292447,True
Bikaner,2009,2009-06-30,33.10566411643215,33.60962740015909,True
Bikaner,2009,2009-07-01,33.337019094255965,34.36558889207386,True
Bikaner,2009,2009-07-02,33.989010476002946,35.36162384845291,True
Bikaner,2009,2009-07-03,34.82855683137001,35.7709063976263,True
Bikaner,2009,2009-07-04,34.94406577801709,35.36114298644785,True
Bikaner,2009,2009-07-05,34.928427670881646,35.50993645991172,True
Bikaner,2009,2009-07-06,34.65529058871052,35.27544635012571,True
Bikaner,2009,2009-07-07,34.70209019169343,34.81123992799766,True
Bikaner,2009,2009-07-08,33.93275385395367,34.698086650868866,True
Bikaner,2009,2009-07-09,32.70977976649457,33.85886222381193,True
Bikaner,2009,2009-07-10,31.721404917763437,31.31273723048362,True
Bikaner,2009,2009-07-11,32.263474017342745,30.82277664209461,True
Bikaner,2009,2009-07-12,32.05445174756793,31.146947628802042,True
Bikaner,2009,2009-07-13,31.505931588258267,30.20780194854009,True
Bikaner,2009,2009-07-14,33.026549182303285,32.91815164245293,True
Bikaner,2009,2009-07-15,34.70942293248759,36.238389469816745,True
Bikaner,2009,2009-07-16,34.163976442641555,34.91355730950016,True
Bikaner,2009,2009-07-17,34.34802002312737,34.23349604459097,True
Bikaner,2009,2009-07-18,34.232732663471765,33.859427704483295,True
Bikaner,2009,2009-07-19,33.47282675443702,34.57857664515922,True
Bikaner,2009,2009-07-20,33.081052869048236,34.32963663135945,True
Bikaner,2009,2009-07-21,31.68415513481756,31.54583809692586,True
Bikaner,2009,2009-07-22,31.790159722407832,32.09903965006746,True
Bikaner,2009,2009-07-23,32.134256106851886,32.651794666115755,True
Bikaner,2009,2009-07-24,32.33096085835046,33.4541099453278,True
Bikaner,2009,2009-07-25,33.04455463303651,34.003224646349025,True
Bikaner,2009,2009-07-26,32.35702455083125,33.329196407200406,True
Bikaner,2009,2009-07-27,31.48948422041938,32.3971515491777,True
Bikaner,2009,2009-07-28,31.09519568465424,30.168585922621947,True
Bikaner,2009,2009-07-29,30.734982364818357,30.692883518096558,True
Bikaner,2009,2009-07-30,30.335829543932988,31.27650446688212,True
Bikaner,2009,2009-07-31,30.27748064348413,31.067158305633356,True
Bikaner,2009,2009-08-01,30.94126483894943,31.941073381551668,True
Bikaner,2009,2009-08-02,31.392642039743947,31.584195456128583,True
Bikaner,2009,2009-08-03,32.94470666281752,33.90558359848611,True
Bikaner,2009,2009-08-04,34.721075031886755,36.70241912130129,True
Bikaner,2009,2009-08-05,31.30208860475893,31.40975473971121,True
Bikaner,2009,2009-08-06,31.914260115621975,31.97803474386224,True
Bikaner,2009,2009-08-07,32.27166408616333,32.97309620768029,True
Bikaner,2009,2009-08-08,33.71053302546109,35.65322790953825,True
Bikaner,2009,2009-08-09,33.88329408122053,35.84775651089536,True
Bikaner,2009,2009-08-10,33.973779959076694,35.934565777899884,True
Bikaner,2009,2009-08-11,34.725856384002824,36.23790749238701,True
Bikaner,2009,2009-08-12,35.640127744473325,37.224589987057136,True
Bikaner,2009,2009-08-13,35.776260580653314,38.08148860159472,True
Bikaner,2009,2009-08-14,34.71399442308844,37.41633150120398,True
Bikaner,2009,2009-08-15,34.20518594641098,37.003501719061916,True
Bikaner,2009,2009-08-16,33.29859761151201,36.04125381427755,True
Bikaner,2009,2009-08-17,32.50743640052043,35.09677868026286,True
Bikaner,2009,2009-08-18,32.446094757301786,35.080717342271264,True
Bikaner,2009,2009-08-19,31.835852656830692,34.21798364042028,True
Bikaner,2009,2009-08-20,31.55871984317529,33.68613836148209,True
Bikaner,2009,2009-08-21,30.967237115023927,32.615654710767274,True
Bikaner,2009,2009-08-22,32.47316158115812,34.45035795754705,True
Bikaner,2009,2009-08-23,34.00877099325764,35.225179089953436,True
Bikaner,2009,2009-08-24,33.06546333876318,34.56004514807199,True
Bikaner,2009,2009-08-25,33.07685215042877,35.19411656803402,True
Bikaner,2009,2009-08-26,32.89281263509736,35.035978979877044,True
Bikaner,2009,2009-08-27,32.46400206443415,34.525609275568385,True
Bikaner,2009,2009-08-28,32.23768020893604,33.930046665645065,True
Bikaner,2009,2009-08-29,31.959553738980432,33.185442586270526,True
Bikaner,2009,2009-08-30,31.9571365692525,33.32964955597291,True
Bikaner,2009,2009-08-31,31.89177721275853,32.95889302364523,True
Bikaner,2009,2009-09-01,31.465875393962026,32.525744378037324,True
Bikaner,2009,2009-09-02,31.25614208866285,32.35300626319685,True
Bikaner,2009,2009-09-03,31.760227867390277,33.26438801253546,True
Bikaner,2009,2009-09-04,32.05071200520926,33.360823480055785,True
Bikaner,2009,2009-09-05,31.96682449190197,32.61065653416497,True
Bikaner,2009,2009-09-06,31.966229163524957,31.93953330942493,True
Bikaner,2009,2009-09-07,32.04961525446675,32.207848206115436,True
Bikaner,2009,2009-09-08,32.4159167518739,33.009273741360786,True
Bikaner,2009,2009-09-09,32.62102857683478,33.550622793319846,True
Bikaner,2009,2009-09-10,32.788808223968076,33.86084976149605,True
Bikaner,2009,2009-09-11,32.40838927568896,33.50398350064013,True
Bikaner,2009,2009-09-12,32.836114005051385,33.99452092311644,True
Bikaner,2009,2009-09-13,32.11527169608574,33.26380598734011,True
Bikaner,2009,2009-09-14,31.70393142614727,32.40920175721513,True
Bikaner,2009,2009-09-15,32.49235140155497,33.32875547309531,True
Bikaner,2009,2009-09-16,31.97372687128047,33.51526043214481,True
Bikaner,2009,2009-09-17,32.26565848503851,33.535190719682184,True
Bikaner,2009,2009-09-18,32.23333201271021,33.21631753464801,True
Bikaner,2009,2009-09-19,31.334435012013497,33.00018919893419,True
Bikaner,2009,2009-09-20,31.147944223062854,32.18830458509541,True
Bikaner,2009,2009-09-21,31.337219993415726,32.24254385022081,True
Bikaner,2009,2009-09-22,32.19215778791717,32.89134825493016,True
Bikaner,2009,2009-09-23,31.883222539542082,32.849297151697144,True
Bikaner,2009,2009-09-24,31.875008981481535,32.394566877411755,True
Bikaner,2009,2009-09-25,32.00568992940819,32.27209825400935,True
Bikaner,2009,2009-09-26,31.946719788262442,32.43939453428178,True
Bikaner,2009,2009-09-27,31.929478509122617,32.60839471192146,True
Bikaner,2009,2009-09-28,32.14053890035895,32.5903065013224,True
Bikaner,2009,2009-09-29,31.51684518699511,31.53597737108352,True
Bikaner,2009,2009-09-30,31.11140412669655,30.850095051174637,True
Bikaner,2009,2009-10-01,31.2544331910942,30.658238600566143,True
Bikaner,2009,2009-10-02,31.301687323745014,30.91945339657876,True
Bikaner,2009,2009-10-03,30.926015681671736,30.627485108284223,True
Bikaner,2009,2009-10-04,31.093741017185152,30.359726233011504,True
Bikaner,2009,2009-10-05,31.4109088017988,30.467761141712668,True
Bikaner,2009,2009-10-06,31.55487482664511,30.517923846145987,True
Bikaner,2009,2009-10-07,31.45535765739909,30.05673024447848,True
Bikaner,2009,2009-10-08,31.413697602476265,30.376104295043408,True
Bikaner,2009,2009-10-09,31.129502827152617,30.2330166194426,True
Bikaner,2009,2009-10-10,30.895669071311627,30.02601451580627,True
Bikaner,2009,2009-10-11,30.29090548935842,29.287297945916382,True
Bikaner,2009,2009-10-12,30.640119905571925,30.47527594081161,True
Bikaner,2009,2009-10-13,30.434917766973427,30.469240788271506,True
Bikaner,2009,2009-10-14,28.75325363566975,27.746479643858276,True
Bikaner,2009,2009-10-15,28.605253088704796,26.923203778601273,True
Bikaner,2009,2009-10-16,29.67154147649024,28.125571425175075,True
Bikaner,2009,2009-10-17,28.80726129456849,28.657653188896557,True
Bikaner,2009,2009-10-18,29.834670163919252,29.25682021294719,True
Bikaner,2009,2009-10-19,29.064340492304744,28.536016107678034,True
Bikaner,2009,2009-10-20,29.041996474331892,28.271542853115925,True
Bikaner,2009,2009-10-21,29.16964684905343,27.999383405292473,True
Bikaner,2009,2009-10-22,29.153739785671135,28.49811836575294,True
Bikaner,2009,2009-10-23,29.090609323429426,28.45746940722078,True
Bikaner,2009,2009-10-24,29.35138198975084,28.81881120184514,True
Bikaner,2009,2009-10-25,29.69138942471513,29.60679852078789,True
Bikaner,2009,2009-10-26,29.79313356229695,29.648636530499605,True
Bikaner,2009,2009-10-27,28.936905623069944,28.73879880361911,True
Bikaner,2009,2009-10-28,29.37959594898622,28.868372134727043,True
Bikaner,2009,2009-10-29,28.906455884716074,28.508730752965278,True
Bikaner,2009,2009-10-30,28.894978633128037,28.302721401090377,True
Bikaner,2009,2009-10-31,29.23772203351106,28.55599963793533,True
Bikaner,2009,2009-11-01,28.806638553876564,28.063919702695316,True
Bikaner,2009,2009-11-02,28.83455184660547,28.29927304744312,True
Bikaner,2009,2009-11-03,28.620889991712257,28.072521108889003,True
Bikaner,2009,2009-11-04,28.474602365929364,27.73287835208227,True
Bikaner,2009,2009-11-05,27.83222169159622,26.026363544571407,True
Bikaner,2009,2009-11-06,26.864423914133198,24.856177183435125,True
Bikaner,2009,2009-11-07,25.041723843584766,22.865300933841407,True
Bikaner,2009,2009-11-08,25.923583761277182,23.63672957557207,True
Bikaner,2009,2009-11-09,27.866715258669934,25.791629326940836,True
Bikaner,2009,2009-11-10,27.357828279953825,25.51502914212972,True
Bikaner,2009,2009-11-11,26.741239152944207,24.451606764601518,True
Bikaner,2009,2009-11-12,27.234388876499693,24.588449178417402,True
Bikaner,2009,2009-11-13,25.842052292017605,23.29018717286803,True
Bikaner,2009,2009-11-14,25.77375458502468,22.897738033725506,True
Bikaner,2009,2009-11-15,24.97733056410162,22.38486832090852,True
Bikaner,2009,2009-11-16,24.681624151110462,22.078537279151668,True
Bikaner,2009,2009-11-17,24.631811657170015,22.20413138924398,True
Bikaner,2009,2009-11-18,24.131721425397817,22.160308300108454,True
Bikaner,2009,2009-11-19,24.408463490414814,22.24168345932883,True
Bikaner,2009,2009-11-20,23.521199299687183,21.186955735461623,True
Bikaner,2009,2009-11-21,23.888318731716577,21.479667166044315,True
Bikaner,2009,2009-11-22,22.731100302404634,20.39729407410242,True
Bikaner,2009,2009-11-23,22.632861343082222,20.452352847668266,True
Bikaner,2009,2009-11-24,23.69162637329278,21.354218711983552,True
Bikaner,2009,2009-11-25,21.604001917561888,18.11952085054541,True
Bikaner,2009,2009-11-26,23.141842649090425,20.07431061876669,True
Bikaner,2009,2009-11-27,23.177254522304903,20.00183176345768,True
Bikaner,2009,2009-11-28,25.169701875127185,21.824794624588645,True
Bikaner,2009,2009-11-29,26.30579215788887,23.62596115000108,True
Bikaner,2009,2009-11-30,25.828902037649605,22.81345402586383,True
Bikaner,2009,2009-12-01,25.85216172564891,23.29261377345139,True
Bikaner,2009,2009-12-02,26.239618350812734,23.621906721152584,True
Bikaner,2009,2009-12-03,24.05818698782366,20.52198948883335,True
Bikaner,2009,2009-12-04,23.553447590622824,20.52871950879479,True
Bikaner,2009,2009-12-05,23.45841495784722,20.090721123627482,True
Bikaner,2009,2009-12-06,24.04025728259478,20.571769256356024,True
Bikaner,2009,2009-12-07,23.80491904922488,20.37917452439812,True
Bikaner,2009,2009-12-08,24.32992984310645,20.82418954713598,True
Bikaner,2009,2009-12-09,25.115518978933324,21.81630572521393,True
Bikaner,2009,2009-12-10,23.849330478588808,20.500946474653997,True
Bikaner,2009,2009-12-11,24.018309769616494,20.54615937189293,True
Bikaner,2009,2009-12-12,23.64246802717472,20.553155028117605,True
Bikaner,2009,2009-12-13,22.72993156485858,19.25429314259562,True
Bikaner,2009,2009-12-14,24.29960926452239,20.94383632966954,True
Bikaner,2009,2009-12-15,23.327280249184525,20.90136161629073,True
Bikaner,2009,2009-12-16,22.961360135872788,20.53660925542032,True
Bikaner,2009,2009-12-17,22.735846974000978,20.26598010706319,True
Bikaner,2009,2009-12-18,21.152493330426623,19.509223953771055,True
Bikaner,2009,2009-12-19,19.332801163575528,18.560553259160162,True
Bikaner,2009,2009-12-20,19.476308191173484,18.388435868157554,True
Bikaner,2009,2009-12-21,22.285760524010545,19.71706470231777,True
Bikaner,2009,2009-12-22,23.704248194072107,20.532121012898397,True
Bikaner,2009,2009-12-23,22.96407587454002,19.816424248042104,True
Bikaner,2009,2009-12-24,21.84471162787937,19.36159708296841,True
Bikaner,2009,2009-12-25,18.606799678852664,18.271751419741623,True
Bikaner,2009,2009-12-26,21.876349605613495,19.917505533398767,True
Bikaner,2009,2009-12-27,21.789279505542563,20.124395115986832,True
Bikaner,2009,2009-12-28,23.937331802506275,21.321588814653886,True
Bikaner,2009,2009-12-29,23.835302310653017,21.446647886458937,True
Bikaner,2009,2009-12-30,23.72560271660108,21.369674549182196,True
Bikaner,2009,2009-12-31,22.208373249244925,20.06233686947492,True
Hyderabad,2005,2005-01-01,23.79259505839773,22.375259024955234,True
Hyderabad,2005,2005-01-02,24.05163449555966,22.172702474469084,True
Hyderabad,2005,2005-01-03,24.42142176472002,22.553596913178286,True
Hyderabad,2005,2005-01-04,24.54795261355798,23.571900627401984,True
Hyderabad,2005,2005-01-05,24.548735768972772,23.550703659880384,True
Hyderabad,2005,2005-01-06,24.551693663711404,23.72760390011267,True
Hyderabad,2005,2005-01-07,24.391305084973723,23.299254189996503,True
Hyderabad,2005,2005-01-08,24.173350023595507,23.176876276483526,True
Hyderabad,2005,2005-01-09,24.228602528966775,22.623561377243387,True
Hyderabad,2005,2005-01-10,24.0347271655302,22.33865572497304,True
Hyderabad,2005,2005-01-11,24.496560598782843,22.666008000138874,True
Hyderabad,2005,2005-01-12,25.2493900114371,23.038566218750713,True
Hyderabad,2005,2005-01-13,24.968730083641034,23.02134766293576,True
Hyderabad,2005,2005-01-14,25.391143647630106,23.802577818432088,True
Hyderabad,2005,2005-01-15,26.12912875473544,24.399578474446677,True
Hyderabad,2005,2005-01-16,26.447015296666585,25.071008748276977,True
Hyderabad,2005,2005-01-17,26.58776408621246,25.49059598101623,True
Hyderabad,2005,2005-01-18,26.553563785467382,25.27719202787291,True
Hyderabad,2005,2005-01-19,26.401591902233402,25.177928731112015,True
Hyderabad,2005,2005-01-20,26.805303883911385,25.265263822248073,True
Hyderabad,2005,2005-01-21,26.03125324080754,24.9122989282713,True
Hyderabad,2005,2005-01-22,26.357259100871396,25.328355058030322,True
Hyderabad,2005,2005-01-23,27.222472622657893,26.325799919984203,True
Hyderabad,2005,2005-01-24,27.048998598301914,26.782140065414264,True
Hyderabad,2005,2005-01-25,26.939888764460438,25.870287638525102,True
Hyderabad,2005,2005-01-26,27.60492849884276,26.930577434644853,True
Hyderabad,2005,2005-01-27,27.432513191566308,26.170246621873055,True
Hyderabad,2005,2005-01-28,26.810566607117767,25.271082371330102,True
Hyderabad,2005,2005-01-29,27.23174160767723,25.328235354281293,True
Hyderabad,2005,2005-01-30,27.352611310056478,26.0595990060355,True
Hyderabad,2005,2005-01-31,27.270678018506217,26.120093089951535,True
Hyderabad,2005,2005-02-01,27.107648312313867,25.9312821227925,True
Hyderabad,2005,2005-02-02,27.405500231079916,26.00438981340893,True
Hyderabad,2005,2005-02-03,27.056144917192626,25.787495421311387,True
Hyderabad,2005,2005-02-04,26.453458175467457,25.086312382889844,True
Hyderabad,2005,2005-02-05,27.539496114566433,26.107828001100813,True
Hyderabad,2005,2005-02-06,27.723217873133212,26.376817150751535,True
Hyderabad,2005,2005-02-07,26.631005892337342,25.531077140329806,True
Hyderabad,2005,2005-02-08,26.10405578375144,25.076666319890034,True
Hyderabad,2005,2005-02-09,26.070075821479694,24.78946952569634,True
Hyderabad,2005,2005-02-10,26.798380161109826,23.860768538952208,True
Hyderabad,2005,2005-02-11,27.191816711896895,24.47831114434071,True
Hyderabad,2005,2005-02-12,27.654847987478558,25.239153228235256,True
Hyderabad,2005,2005-02-13,27.22479012933551,26.021231894475157,True
Hyderabad,2005,2005-02-14,27.581774955442278,26.744296674240438,True
Hyderabad,2005,2005-02-15,27.86605164572721,26.92194361004481,True
Hyderabad,2005,2005-02-16,27.231722610943812,26.266707872383247,True
Hyderabad,2005,2005-02-17,27.446558595571293,26.64842509980272,True
Hyderabad,2005,2005-02-18,27.932442050896057,26.7839612650252,True
Hyderabad,2005,2005-02-19,27.584746255737436,26.58108112470021,True
Hyderabad,2005,2005-02-20,27.627693221543414,26.413636923526365,True
Hyderabad,2005,2005-02-21,27.112448420707953,26.541745530459817,True
Hyderabad,2005,2005-02-22,27.016762337345313,26.22115186636209,True
Hyderabad,2005,2005-02-23,26.440723996445037,24.17048478417359,True
Hyderabad,2005,2005-02-24,26.749132266977593,24.135113906814695,True
Hyderabad,2005,2005-02-25,26.862359355957175,24.883179616698875,True
Hyderabad,2005,2005-02-26,27.98837407346127,26.394301253161665,True
Hyderabad,2005,2005-02-27,28.525259477246593,27.099668664050103,True
Hyderabad,2005,2005-02-28,28.242556659390623,26.577487134504675,True
Hyderabad,2005,2005-03-01,28.17114522634308,26.66316049705885,True
Hyderabad,2005,2005-03-02,28.64799585699166,27.246116201975944,True
Hyderabad,2005,2005-03-03,29.172690204450525,27.85415661316859,True
Hyderabad,2005,2005-03-04,29.30403700394558,28.02711408266057,True
Hyderabad,2005,2005-03-05,29.736284109900854,28.132912690838126,True
Hyderabad,2005,2005-03-06,28.707458721604016,26.956871316774034,True
Hyderabad,2005,2005-03-07,28.31306193241701,25.578608030717813,True
Hyderabad,2005,2005-03-08,29.16501380776571,26.745768968099725,True
Hyderabad,2005,2005-03-09,29.878304072528422,27.815515926936516,True
Hyderabad,2005,2005-03-10,29.24990889901431,27.011317719329067,True
Hyderabad,2005,2005-03-11,26.91722259084092,23.45081789264686,True
Hyderabad,2005,2005-03-12,26.00123979304788,23.69238802846962,True
Hyderabad,2005,2005-03-13,27.18931185691587,24.326943040393946,True
Hyderabad,2005,2005-03-14,27.065209114360343,24.097986459868586,True
Hyderabad,2005,2005-03-15,25.92826824553577,23.59606856358508,True
Hyderabad,2005,2005-03-16,29.157236581845726,25.598238871226517,True
Hyderabad,2005,2005-03-17,30.184774323256462,27.948849497967384,True
Hyderabad,2005,2005-03-18,30.584920299970165,27.963461393372853,True
Hyderabad,2005,2005-03-19,30.850313594059962,27.997198191558027,True
Hyderabad,2005,2005-03-20,30.740929830800752,28.112331057155156,True
Hyderabad,2005,2005-03-21,30.610508092919922,27.904515161607456,True
Hyderabad,2005,2005-03-22,29.717552129740625,26.857223368395783,True
Hyderabad,2005,2005-03-23,29.958132709833446,26.51534460865688,True
Hyderabad,2005,2005-03-24,30.065587757791832,26.724886448424048,True
Hyderabad,2005,2005-03-25,29.41862065060932,26.44645817224522,True
Hyderabad,2005,2005-03-26,30.169814822120905,27.6812635238285,True
Hyderabad,2005,2005-03-27,31.232405507702673,28.841765945636986,True
Hyderabad,2005,2005-03-28,31.553891691657164,29.491815077515987,True
Hyderabad,2005,2005-03-29,31.59678956746514,29.575469684071,True
Hyderabad,2005,2005-03-30,30.00144249151587,27.95145624401783,True
Hyderabad,2005,2005-03-31,29.85320281532789,27.18782063936067,True
Hyderabad,2005,2005-04-01,29.894808756156344,27.257533494085457,True
Hyderabad,2005,2005-04-02,31.11402519894427,28.74136546248177,True
Hyderabad,2005,2005-04-03,31.61150283417388,29.657913746615026,True
Hyderabad,2005,2005-04-04,31.938335479413592,30.094507537892014,True
Hyderabad,2005,2005-04-05,32.16855980914755,30.401485553188213,True
Hyderabad,2005,2005-04-06,32.865268675045286,31.242374730559124,True
Hyderabad,2005,2005-04-07,32.33519927127969,30.466427878152682,True
Hyderabad,2005,2005-04-08,32.421184541924866,30.372308723914095,True
Hyderabad,2005,2005-04-09,33.10342273426693,31.223269129408106,True
Hyderabad,2005,2005-04-10,32.30860157404082,30.707740589447628,True
Hyderabad,2005,2005-04-11,31.599103536480087,29.76469918923933,True
Hyderabad,2005,2005-04-12,31.150608321769027,29.361400717330604,True
Hyderabad,2005,2005-04-13,30.843774326596385,29.181283590007947,True
Hyderabad,2005,2005-04-14,30.638167736104833,28.862854302034712,True
Hyderabad,2005,2005-04-15,30.61156575891415,28.48683467776037,True
Hyderabad,2005,2005-04-16,30.90770124962997,28.849721596629426,True
Hyderabad,2005,2005-04-17,31.297859523442696,29.23260835704162,True
Hyderabad,2005,2005-04-18,31.123458411078314,29.362506667130067,True
Hyderabad,2005,2005-04-19,31.01710549792851,29.35762221263994,True
Hyderabad,2005,2005-04-20,31.27041268979267,29.44689201731725,True
Hyderabad,2005,2005-04-21,31.52659810764711,29.723008921155277,True
Hyderabad,2005,2005-04-22,32.13377402167901,30.60507347067674,True
Hyderabad,2005,2005-04-23,32.1992180349248,30.66180052983566,True
Hyderabad,2005,2005-04-24,32.86281060001663,31.603151104696085,True
Hyderabad,2005,2005-04-25,32.47255540691861,30.455919522991387,True
Hyderabad,2005,2005-04-26,32.327045180010956,30.33831255521896,True
Hyderabad,2005,2005-04-27,33.42052842201259,31.4283156587903,True
Hyderabad,2005,2005-04-28,33.383962210334055,31.816280617816044,True
Hyderabad,2005,2005-04-29,33.467361330367844,31.862159878074586,True
Hyderabad,2005,2005-04-30,34.18807458376283,32.381534382441046,True
Hyderabad,2005,2005-05-01,32.67488597693279,30.815364283710135,True
Hyderabad,2005,2005-05-02,31.669909106370145,29.810121849335342,True
Hyderabad,2005,2005-05-03,31.871558513490612,29.776167511934297,True
Hyderabad,2005,2005-05-04,31.953732948675178,30.106794036417554,True
Hyderabad,2005,2005-05-05,32.05441228895121,30.27820108132439,True
Hyderabad,2005,2005-05-06,31.95373942660477,30.038278445777,True
Hyderabad,2005,2005-05-07,31.62239591095436,29.273670602124714,True
Hyderabad,2005,2005-05-08,31.589366596171303,29.281597615271096,True
Hyderabad,2005,2005-05-09,31.521753426669854,29.247183909514742,True
Hyderabad,2005,2005-05-10,31.36843716706823,29.308298957701393,True
Hyderabad,2005,2005-05-11,32.16496467183033,30.401097773539203,True
Hyderabad,2005,2005-05-12,32.51792804539861,31.005110098270247,True
Hyderabad,2005,2005-05-13,33.45849876748416,31.65905755290934,True
Hyderabad,2005,2005-05-14,33.18126197303451,31.928520708302404,True
Hyderabad,2005,2005-05-15,32.81994319640805,32.05973789435976,True
Hyderabad,2005,2005-05-16,33.204658102096275,31.934796315980517,True
Hyderabad,2005,2005-05-17,32.321444827005436,31.238522372431785,True
Hyderabad,2005,2005-05-18,32.861425600431446,31.278524777701744,True
Hyderabad,2005,2005-05-19,32.684816336025456,31.3202457350614,True
Hyderabad,2005,2005-05-20,33.528129870911826,32.71986440024825,True
Hyderabad,2005,2005-05-21,33.359946681173206,32.70100335030654,True
Hyderabad,2005,2005-05-22,33.006202296167395,31.616760415252525,True
Hyderabad,2005,2005-05-23,32.783991855454744,31.05342440197369,True
Hyderabad,2005,2005-05-24,32.71203949155832,31.190941738603616,True
Hyderabad,2005,2005-05-25,32.52663003026669,30.652956623190168,True
Hyderabad,2005,2005-05-26,32.28367772204935,30.392581103732926,True
Hyderabad,2005,2005-05-27,32.25412469769179,30.66479820720963,True
Hyderabad,2005,2005-05-28,32.598071957723846,30.80058384618338,True
Hyderabad,2005,2005-05-29,32.80477289623057,31.01641233773759,True
Hyderabad,2005,2005-05-30,32.80151124832722,31.170735405556258,True
Hyderabad,2005,2005-05-31,32.52564071505962,30.91094086283781,True
Hyderabad,2005,2005-06-01,32.73063562620569,31.273685359858924,True
Hyderabad,2005,2005-06-02,32.423163286424554,31.49641421180473,True
Hyderabad,2005,2005-06-03,31.776723148728934,29.943157213363797,True
Hyderabad,2005,2005-06-04,31.46326448932061,29.24843955909853,True
Hyderabad,2005,2005-06-05,30.94271014256958,29.00389195458441,True
Hyderabad,2005,2005-06-06,30.598788490329188,28.701922151483537,True
Hyderabad,2005,2005-06-07,29.78053165605006,28.088489295288678,True
Hyderabad,2005,2005-06-08,29.32752619262708,28.011661207939472,True
Hyderabad,2005,2005-06-09,29.02726032295322,27.90901350252234,True
Hyderabad,2005,2005-06-10,30.636814803019682,29.549701684772778,True
Hyderabad,2005,2005-06-11,31.18838561526724,30.479720296614104,True
Hyderabad,2005,2005-06-12,29.653339500091068,28.9088398612164,True
Hyderabad,2005,2005-06-13,29.146441177234863,28.605804024389982,True
Hyderabad,2005,2005-06-14,27.65196963652572,28.214190730008717,True
Hyderabad,2005,2005-06-15,28.4065960792187,29.007672868635414,True
Hyderabad,2005,2005-06-16,28.82343352814391,29.04483976856404,True
Hyderabad,2005,2005-06-17,28.327962109047334,28.6961429459197,True
Hyderabad,2005,2005-06-18,29.147153414793976,28.849304290735486,True
Hyderabad,2005,2005-06-19,28.588203259876508,28.586970803692758,True
Hyderabad,2005,2005-06-20,28.873987574034928,29.559098724889292,True
Hyderabad,2005,2005-06-21,29.71197143955905,30.667144266263886,True
Hyderabad,2005,2005-06-22,29.069050159709985,30.543644022815105,True
Hyderabad,2005,2005-06-23,29.739266207477282,31.341748406794377,True
Hyderabad,2005,2005-06-24,29.619883558550896,30.638617223085095,True
Hyderabad,2005,2005-06-25,29.82005999679141,30.745252405279754,True
Hyderabad,2005,2005-06-26,29.679957980077887,31.06778235953834,True
Hyderabad,2005,2005-06-27,29.96277718590771,31.5188421122039,True
Hyderabad,2005,2005-06-28,30.57653331631365,32.35657520039905,True
Hyderabad,2005,2005-06-29,30.834577874351226,33.32780149444979,True
Hyderabad,2005,2005-06-30,31.300510926396008,34.522335468995955,True
Hyderabad,2005,2005-07-01,30.22385501536995,32.05871674599789,True
Hyderabad,2005,2005-07-02,30.294741266665326,31.34094881628,True
Hyderabad,2005,2005-07-03,29.44112922492623,30.91923606143008,True
Hyderabad,2005,2005-07-04,28.889122712646888,30.540173173844362,True
Hyderabad,2005,2005-07-05,27.620161592923044,30.29175324033186,True
Hyderabad,2005,2005-07-06,27.852991210306996,30.269777633362857,True
Hyderabad,2005,2005-07-07,26.6628976785994,29.67362745112405,True
Hyderabad,2005,2005-07-08,24.527945770352915,29.533283232648937,True
Hyderabad,2005,2005-07-09,26.473656361373713,30.39385061315834,True
Hyderabad,2005,2005-07-10,27.06020209200105,30.51498723949789,True
Hyderabad,2005,2005-07-11,26.28891954510297,30.248506534007074,True
Hyderabad,2005,2005-07-12,27.346024975451236,30.62983676859898,True
Hyderabad,2005,2005-07-13,27.383200904654917,30.683513418806882,True
Hyderabad,2005,2005-07-14,27.927575055818338,30.954934367458883,True
Hyderabad,2005,2005-07-15,27.650021715507485,30.542894167444885,True
Hyderabad,2005,2005-07-16,28.19095630820481,30.885490887145146,True
Hyderabad,2005,2005-07-17,29.109127753310414,31.966479312824855,True
Hyderabad,2005,2005-07-18,28.344664963801705,31.47292758057444,True
Hyderabad,2005,2005-07-19,28.672163662680575,31.760733932643063,True
Hyderabad,2005,2005-07-20,29.536528667469458,32.32399591650455,True
Hyderabad,2005,2005-07-21,29.021644274756092,32.09314151271733,True
Hyderabad,2005,2005-07-22,29.20891149344954,31.746078147779407,True
Hyderabad,2005,2005-07-23,28.95380573883613,31.34369413321838,True
Hyderabad,2005,2005-07-24,28.10298933500319,31.03315235831278,True
Hyderabad,2005,2005-07-25,27.102040477637622,31.070399796034188,True
Hyderabad,2005,2005-07-26,28.007558792208975,31.185936496074714,True
Hyderabad,2005,2005-07-27,28.05422728371305,31.200841920239416,True
Hyderabad,2005,2005-07-28,28.15362033096173,31.20145510599684,True
Hyderabad,2005,2005-07-29,28.26653225855518,30.66275265579838,True
Hyderabad,2005,2005-07-30,27.60415571664708,30.3588753031615,True
Hyderabad,2005,2005-07-31,26.55995141565412,30.95285572209136,True
Hyderabad,2005,2005-08-01,25.69518712327696,30.798087895806166,True
Hyderabad,2005,2005-08-02,27.53671853984891,31.125878235202272,True
Hyderabad,2005,2005-08-03,26.821464324388764,30.65319383219155,True
Hyderabad,2005,2005-08-04,27.614741599001526,30.760275962605146,True
Hyderabad,2005,2005-08-05,28.98465842754181,31.067241351262638,True
Hyderabad,2005,2005-08-06,29.218148591340423,30.89215933828143,True
Hyderabad,2005,2005-08-07,29.179334162441087,30.796251697017272,True
Hyderabad,2005,2005-08-08,29.383076356235406,31.23544635296119,True
Hyderabad,2005,2005-08-09,29.12763010476813,31.03402787446738,True
Hyderabad,2005,2005-08-10,29.808734930082565,31.58583194087067,True
Hyderabad,2005,2005-08-11,28.742345008737274,30.88218263058455,True
Hyderabad,2005,2005-08-12,24.346274713979298,29.98136265260725,True
Hyderabad,2005,2005-08-13,27.058074428504423,30.64073194541057,True
Hyderabad,2005,2005-08-14,28.486660328001175,30.821712247243475,True
Hyderabad,2005,2005-08-15,28.354911685999415,30.66536056387774,True
Hyderabad,2005,2005-08-16,28.00267984940982,30.59609486772544,True
Hyderabad,2005,2005-08-17,27.479897358267362,30.35069511679781,True
Hyderabad,2005,2005-08-18,27.511493328753588,30.49834660004095,True
Hyderabad,2005,2005-08-19,29.035409999294913,31.119988371960652,True
Hyderabad,2005,2005-08-20,27.324569154711494,30.50825498898197,True
Hyderabad,2005,2005-08-21,27.432974750003915,30.670271333568063,True
Hyderabad,2005,2005-08-22,28.187148485671482,31.055550350631144,True
Hyderabad,2005,2005-08-23,28.101930131414537,30.885566422637336,True
Hyderabad,2005,2005-08-24,29.32067454880638,31.48575306942322,True
Hyderabad,2005,2005-08-25,28.35652310606607,30.87935240671293,True
Hyderabad,2005,2005-08-26,28.252976591455557,30.9845263697695,True
Hyderabad,2005,2005-08-27,28.43745716215357,30.858836264762584,True
Hyderabad,2005,2005-08-28,27.99851247796567,30.75312731384122,True
Hyderabad,2005,2005-08-29,27.768694148895605,30.826650744180014,True
Hyderabad,2005,2005-08-30,27.873065077457277,30.70700784032433,True
Hyderabad,2005,2005-08-31,28.18844705682898,30.715254503495157,True
Hyderabad,2005,2005-09-01,27.95273202732883,30.8388090249546,True
Hyderabad,2005,2005-09-02,28.69143522982744,31.12822930902909,True
Hyderabad,2005,2005-09-03,27.39106596563267,30.893240242752388,True
Hyderabad,2005,2005-09-04,28.016576886424886,31.176227601251284,True
Hyderabad,2005,2005-09-05,28.07519591598097,31.017358678358416,True
Hyderabad,2005,2005-09-06,28.01303191263933,30.785540103169982,True
Hyderabad,2005,2005-09-07,27.852897785421845,30.7149743676588,True
Hyderabad,2005,2005-09-08,27.510673092732922,30.58247618553643,True
Hyderabad,2005,2005-09-09,28.41995212565352,31.403903324282552,True
Hyderabad,2005,2005-09-10,27.70165744884315,30.740854993708368,True
Hyderabad,2005,2005-09-11,28.218119173155227,31.049283998291738,True
Hyderabad,2005,2005-09-12,27.80688740899187,31.008291681040593,True
Hyderabad,2005,2005-09-13,26.754178062123138,30.52056919551876,True
Hyderabad,2005,2005-09-14,26.192490923992402,30.616661216461164,True
Hyderabad,2005,2005-09-15,25.831113068367962,30.241129817949126,True
Hyderabad,2005,2005-09-16,26.881949806870924,30.735209949660618,True
Hyderabad,2005,2005-09-17,28.69683887581328,31.052204011572748,True
Hyderabad,2005,2005-09-18,28.861325404158055,31.530750020788904,True
Hyderabad,2005,2005-09-19,29.023591601961748,31.12196274504412,True
Hyderabad,2005,2005-09-20,29.725903824806842,30.940517732492516,True
Hyderabad,2005,2005-09-21,29.77918355043855,31.429889665439013,True
Hyderabad,2005,2005-09-22,30.944283245455793,32.49427088301131,True
Hyderabad,2005,2005-09-23,31.387660707308402,33.06340530517516,True
Hyderabad,2005,2005-09-24,31.28782226461218,33.06329247629912,True
Hyderabad,2005,2005-09-25,30.34313525696213,32.16591871930876,True
Hyderabad,2005,2005-09-26,31.06542071663313,32.604100994064375,True
Hyderabad,2005,2005-09-27,31.12911028197767,33.0628805084058,True
Hyderabad,2005,2005-09-28,31.510842731356462,33.775822957369655,True
Hyderabad,2005,2005-09-29,31.74144176087389,34.15534536744219,True
Hyderabad,2005,2005-09-30,31.189668872982793,33.57800004629613,True
Hyderabad,2005,2005-10-01,31.135211708507775,33.245413983715885,True
Hyderabad,2005,2005-10-02,30.679090742709562,32.23227404191049,True
Hyderabad,2005,2005-10-03,29.972017764759816,31.964890467238597,True
Hyderabad,2005,2005-10-04,30.09562620611738,31.948098144923666,True
Hyderabad,2005,2005-10-05,29.821097287587897,31.66015275985891,True
Hyderabad,2005,2005-10-06,30.229285717329088,31.822009812801262,True
Hyderabad,2005,2005-10-07,29.624381135711992,31.47473796310379,True
Hyderabad,2005,2005-10-08,31.40460569842161,33.47517190609555,True
Hyderabad,2005,2005-10-09,30.209585122086864,31.82351948986126,True
Hyderabad,2005,2005-10-10,30.086742513950572,31.525191182091653,True
Hyderabad,2005,2005-10-11,30.184325580012736,31.916748782848327,True
Hyderabad,2005,2005-10-12,30.713473345149314,32.74959062301416,True
Hyderabad,2005,2005-10-13,30.677105331295618,32.31375760151692,True
Hyderabad,2005,2005-10-14,30.299940380339024,32.14978569118868,True
Hyderabad,2005,2005-10-15,29.920566513980415,31.466872619896392,True
Hyderabad,2005,2005-10-16,29.435949750039335,31.61280691603288,True
Hyderabad,2005,2005-10-17,28.308792585431327,29.7241518394878,True
Hyderabad,2005,2005-10-18,27.978188702314057,29.681496028946384,True
Hyderabad,2005,2005-10-19,28.962473332807857,30.40777868990606,True
Hyderabad,2005,2005-10-20,29.214229494037514,30.989816778872864,True
Hyderabad,2005,2005-10-21,28.48018271872983,29.94655644145545,True
Hyderabad,2005,2005-10-22,28.831214435020648,30.275761407855835,True
Hyderabad,2005,2005-10-23,28.195179215176154,29.901769663864837,True
Hyderabad,2005,2005-10-24,27.194826496060653,29.119066182966602,True
Hyderabad,2005,2005-10-25,26.839262121548323,28.691691369453807,True
Hyderabad,2005,2005-10-26,27.30805469872903,28.866733019082236,True
Hyderabad,2005,2005-10-27,26.276469586221197,28.126845404564584,True
Hyderabad,2005,2005-10-28,28.044039926178183,29.045134692540845,True
Hyderabad,2005,2005-10-29,28.59632442308587,29.79146212634539,True
Hyderabad,2005,2005-10-30,29.49576717162716,30.6585898006242,True
Hyderabad,2005,2005-10-31,29.35253131322393,31.262014116724608,True
Hyderabad,2005,2005-11-01,28.34461870199344,30.288368526478507,True
Hyderabad,2005,2005-11-02,28.236177427583506,29.42652411777703,True
Hyderabad,2005,2005-11-03,27.67228013043156,28.610175028454425,True
Hyderabad,2005,2005-11-04,25.759264099741777,27.131116983201288,True
Hyderabad,2005,2005-11-05,26.833988619198802,27.584670402232163,True
Hyderabad,2005,2005-11-06,27.403720144392118,28.444679414548126,True
Hyderabad,2005,2005-11-07,28.08998003475893,28.53141935230705,True
Hyderabad,2005,2005-11-08,27.23022142971817,27.888204337503783,True
Hyderabad,2005,2005-11-09,28.135004762617207,28.82820059178771,True
Hyderabad,2005,2005-11-10,28.627954534079983,29.040709162308875,True
Hyderabad,2005,2005-11-11,28.615259552758324,28.58835985935695,True
Hyderabad,2005,2005-11-12,27.87370289716359,28.477344760892752,True
Hyderabad,2005,2005-11-13,29.03455833826365,28.920954398502293,True
Hyderabad,2005,2005-11-14,28.81365111112665,28.83218179503201,True
Hyderabad,2005,2005-11-15,28.416194820213004,28.242840696733577,True
Hyderabad,2005,2005-11-16,27.899100314772433,27.58475968103586,True
Hyderabad,2005,2005-11-17,27.390625468743277,27.13369072035583,True
Hyderabad,2005,2005-11-18,26.49754666823666,26.58324835083181,True
Hyderabad,2005,2005-11-19,26.982589255257345,27.187386024622295,True
Hyderabad,2005,2005-11-20,28.411840445426005,27.38790385953042,True
Hyderabad,2005,2005-11-21,28.01151127020612,27.417323723545547,True
Hyderabad,2005,2005-11-22,27.555674767076862,27.332231948473815,True
Hyderabad,2005,2005-11-23,26.229127455806697,26.406107469774938,True
Hyderabad,2005,2005-11-24,26.78594284941553,26.605945919335497,True
Hyderabad,2005,2005-11-25,27.676229520774065,27.103962922576738,True
Hyderabad,2005,2005-11-26,27.675638669764567,27.362482995091423,True
Hyderabad,2005,2005-11-27,26.959623359878204,26.685032918453253,True
Hyderabad,2005,2005-11-28,27.003397439084605,26.8736895564405,True
Hyderabad,2005,2005-11-29,27.894435034058276,27.75826341390804,True
Hyderabad,2005,2005-11-30,27.968281711511523,27.93497896776364,True
Hyderabad,2005,2005-12-01,27.54695505503986,27.614142366977394,True
Hyderabad,2005,2005-12-02,27.82777137949678,28.150113025551903,True
Hyderabad,2005,2005-12-03,27.042701571535403,26.499209312784117,True
Hyderabad,2005,2005-12-04,26.54819181046543,26.48882027643441,True
Hyderabad,2005,2005-12-05,25.570667033302012,25.532953602300466,True
Hyderabad,2005,2005-12-06,26.043147660411233,25.624451357330635,True
Hyderabad,2005,2005-12-07,25.677707587428504,25.217680668235822,True
Hyderabad,2005,2005-12-08,26.310045009358213,25.81981589305947,True
Hyderabad,2005,2005-12-09,26.57594309470423,26.67177602891159,True
Hyderabad,2005,2005-12-10,25.692530532079886,25.460161704597766,True
Hyderabad,2005,2005-12-11,26.441935026355633,26.677444405336004,True
Hyderabad,2005,2005-12-12,27.274570354316516,26.33966217841932,True
Hyderabad,2005,2005-12-13,27.36211088658272,26.85391867248683,True
Hyderabad,2005,2005-12-14,27.447562060320653,26.817161352477,True
Hyderabad,2005,2005-12-15,25.941354143934323,25.898063937150567,True
Hyderabad,2005,2005-12-16,26.864428905267484,26.142154270246124,True
Hyderabad,2005,2005-12-17,26.88946232134875,26.123554173392478,True
Hyderabad,2005,2005-12-18,25.429127064789487,25.24108603054977,True
Hyderabad,2005,2005-12-19,26.057631191478258,25.601334147829494,True
Hyderabad,2005,2005-12-20,25.996361940998483,25.515385470794172,True
Hyderabad,2005,2005-12-21,25.995692844854496,25.438194956658172,True
Hyderabad,2005,2005-12-22,25.61408379249435,25.351079548388466,True
Hyderabad,2005,2005-12-23,25.572276940757718,25.111432576994904,True
Hyderabad,2005,2005-12-24,25.57414147487341,25.040305602970555,True
Hyderabad,2005,2005-12-25,25.516414272656196,25.193618273733588,True
Hyderabad,2005,2005-12-26,26.0932693992124,26.02045181701167,True
Hyderabad,2005,2005-12-27,25.87316691672053,25.78119219581581,True
Hyderabad,2005,2005-12-28,26.069357532455534,25.785763403496258,True
Hyderabad,2005,2005-12-29,25.66980291065755,25.405122123970028,True
Hyderabad,2005,2005-12-30,26.540882922135623,25.484872187129287,True
Hyderabad,2005,2005-12-31,25.45694270239612,25.17152488575556,True
Hyderabad,2007,2007-01-01,24.392421295256643,22.97869184572802,True
Hyderabad,2007,2007-01-02,24.599652065715084,22.925348767431853,True
Hyderabad,2007,2007-01-03,24.589411861982008,22.574854505607956,True
Hyderabad,2007,2007-01-04,23.701371232961773,22.55423723239532,True
Hyderabad,2007,2007-01-05,24.04798500593172,22.780271251758467,True
Hyderabad,2007,2007-01-06,24.882295097192902,22.736094381476587,True
Hyderabad,2007,2007-01-07,24.944258324365904,23.363786433553226,True
Hyderabad,2007,2007-01-08,25.242068367180995,23.647866149629166,True
Hyderabad,2007,2007-01-09,25.54257646316774,23.876805516192015,True
Hyderabad,2007,2007-01-10,25.809117542402195,24.37573077557821,True
Hyderabad,2007,2007-01-11,26.01584983697204,24.517930943640195,True
Hyderabad,2007,2007-01-12,25.47394074280806,24.39244821068808,True
Hyderabad,2007,2007-01-13,25.406988312191412,24.44165522515259,True
Hyderabad,2007,2007-01-14,24.710809593330257,23.508365942587947,True
Hyderabad,2007,2007-01-15,24.597425119145672,22.697013793898993,True
Hyderabad,2007,2007-01-16,21.342579489924024,20.73152150595058,True
Hyderabad,2007,2007-01-17,20.86216262944954,20.50476957405996,True
Hyderabad,2007,2007-01-18,21.916892919837046,21.351424954146974,True
Hyderabad,2007,2007-01-19,22.82497158696142,22.13318755241914,True
Hyderabad,2007,2007-01-20,24.112464500467883,23.278250088573053,True
Hyderabad,2007,2007-01-21,25.650065794972974,23.561613776008087,True
Hyderabad,2007,2007-01-22,25.42598715309311,24.208595973730453,True
Hyderabad,2007,2007-01-23,25.573825252111448,24.53504397853378,True
Hyderabad,2007,2007-01-24,26.56811629763138,25.509375586989822,True
Hyderabad,2007,2007-01-25,26.58324625974298,25.280256511609796,True
Hyderabad,2007,2007-01-26,27.47617998589333,26.28760264939364,True
Hyderabad,2007,2007-01-27,26.652906119231382,25.808045157963058,True
Hyderabad,2007,2007-01-28,24.988134236087912,24.635834130984044,True
Hyderabad,2007,2007-01-29,26.60431108837446,25.778634195573876,True
Hyderabad,2007,2007-01-30,26.598716905176445,24.838261098726232,True
Hyderabad,2007,2007-01-31,25.639749766258223,22.762258823279087,True
Hyderabad,2007,2007-02-01,25.52482966540267,22.429396189469674,True
Hyderabad,2007,2007-02-02,26.283260150521205,24.162248933745225,True
Hyderabad,2007,2007-02-03,25.7636303071392,24.149697828468554,True
Hyderabad,2007,2007-02-04,25.67569286578304,24.32061262796317,True
Hyderabad,2007,2007-02-05,26.459940080222633,24.73992749741694,True
Hyderabad,2007,2007-02-06,27.383479684569565,25.563265418089518,True
Hyderabad,2007,2007-02-07,27.21580496861989,25.913026954652675,True
Hyderabad,2007,2007-02-08,26.954472830458055,25.727561871375293,True
Hyderabad,2007,2007-02-09,26.913075042134007,25.72343885308991,True
Hyderabad,2007,2007-02-10,27.27864825629428,25.927377545029795,True
Hyderabad,2007,2007-02-11,27.853566314861773,26.40677498581075,True
Hyderabad,2007,2007-02-12,27.821386045365372,26.002767324622095,True
Hyderabad,2007,2007-02-13,27.070228446239486,25.26082122785658,True
Hyderabad,2007,2007-02-14,27.76789569839237,25.559948656075264,True
Hyderabad,2007,2007-02-15,27.107328729457162,25.516623126604223,True
Hyderabad,2007,2007-02-16,27.35882192707008,26.441290337008343,True
Hyderabad,2007,2007-02-17,27.285257208822873,26.27925116028743,True
Hyderabad,2007,2007-02-18,27.238283620157166,26.321788267565807,True
Hyderabad,2007,2007-02-19,27.737684990391806,26.58301262776765,True
Hyderabad,2007,2007-02-20,28.55591161959733,27.29797986610269,True
Hyderabad,2007,2007-02-21,29.069398394675215,27.520928664168874,True
Hyderabad,2007,2007-02-22,28.553969718796523,27.182889758591422,True
Hyderabad,2007,2007-02-23,28.93145484470959,27.334067056038624,True
Hyderabad,2007,2007-02-24,29.209400634382888,28.145499981362846,True
Hyderabad,2007,2007-02-25,29.46745270086195,28.43492733663742,True
Hyderabad,2007,2007-02-26,28.428090778671425,27.116356120777667,True
Hyderabad,2007,2007-02-27,27.655442394847913,26.328383260968852,True
Hyderabad,2007,2007-02-28,27.999501951513942,26.185400821494305,True
Hyderabad,2007,2007-03-01,28.54389991954161,26.61459145860438,True
Hyderabad,2007,2007-03-02,29.944257707999206,28.184360952752105,True
Hyderabad,2007,2007-03-03,29.289377578532786,27.810040560460287,True
Hyderabad,2007,2007-03-04,29.076732526270764,27.95400002409781,True
Hyderabad,2007,2007-03-05,30.4130665392151,29.288037346122668,True
Hyderabad,2007,2007-03-06,30.48444513762429,29.11597916078074,True
Hyderabad,2007,2007-03-07,29.760443456981196,28.358585783784903,True
Hyderabad,2007,2007-03-08,30.251812003617502,28.654207645153555,True
Hyderabad,2007,2007-03-09,30.41779424972408,28.712595461244668,True
Hyderabad,2007,2007-03-10,30.307092107058583,28.88559379319645,True
Hyderabad,2007,2007-03-11,29.986509409445823,28.902547227444433,True
Hyderabad,2007,2007-03-12,29.724873390429153,28.382396373577603,True
Hyderabad,2007,2007-03-13,29.436502064981934,27.399896462561035,True
Hyderabad,2007,2007-03-14,29.28860689430075,26.90878984782155,True
Hyderabad,2007,2007-03-15,29.728576776043766,26.891221310842273,True
Hyderabad,2007,2007-03-16,30.149880856796628,26.97168141619275,True
Hyderabad,2007,2007-03-17,30.64802294685091,28.074230686759293,True
Hyderabad,2007,2007-03-18,31.393160975347158,29.330485583592726,True
Hyderabad,2007,2007-03-19,31.879431868546035,29.742613934648,True
Hyderabad,2007,2007-03-20,30.928433002164926,29.320103417928834,True
Hyderabad,2007,2007-03-21,30.190449201836316,28.48871925703972,True
Hyderabad,2007,2007-03-22,31.07061669837848,28.994493504177097,True
Hyderabad,2007,2007-03-23,30.934155564891704,28.573637710089173,True
Hyderabad,2007,2007-03-24,31.126871631644086,28.638643192812015,True
Hyderabad,2007,2007-03-25,31.18657900528457,28.650496744847388,True
Hyderabad,2007,2007-03-26,30.870276132070963,28.75576083603291,True
Hyderabad,2007,2007-03-27,30.791045914402616,28.870678598018273,True
Hyderabad,2007,2007-03-28,31.002070976733215,29.2247137888436,True
Hyderabad,2007,2007-03-29,31.844720691672485,29.73523568641827,True
Hyderabad,2007,2007-03-30,31.313122838831614,29.607846414658095,True
Hyderabad,2007,2007-03-31,31.31737911757642,29.883790117506354,True
Hyderabad,2007,2007-04-01,31.693988047368116,30.0318316446155,True
Hyderabad,2007,2007-04-02,31.417758722035536,30.0843809363253,True
Hyderabad,2007,2007-04-03,31.05844870639383,29.38337655005155,True
Hyderabad,2007,2007-04-04,30.681952877502617,28.79052062248857,True
Hyderabad,2007,2007-04-05,31.273988346673864,29.297383717927104,True
Hyderabad,2007,2007-04-06,31.411354887700092,29.425291477340135,True
Hyderabad,2007,2007-04-07,30.702074297671007,28.58526236764282,True
Hyderabad,2007,2007-04-08,30.61559836003146,28.780464367019075,True
Hyderabad,2007,2007-04-09,30.71953615608163,28.757918588666186,True
Hyderabad,2007,2007-04-10,31.342323736464053,29.298073119509823,True
Hyderabad,2007,2007-04-11,32.00539942500095,29.910898574851682,True
Hyderabad,2007,2007-04-12,32.250576158612425,30.33610145918824,True
Hyderabad,2007,2007-04-13,32.03685844105828,30.011395358070384,True
Hyderabad,2007,2007-04-14,31.998298086704455,29.98550219660483,True
Hyderabad,2007,2007-04-15,31.851888176340793,29.86646244133948,True
Hyderabad,2007,2007-04-16,31.972910970228806,29.813806054676814,True
Hyderabad,2007,2007-04-17,32.04010355760146,29.66563545808814,True
Hyderabad,2007,2007-04-18,32.04836475215618,29.78895389600654,True
Hyderabad,2007,2007-04-19,30.91121811820136,29.431927167989226,True
Hyderabad,2007,2007-04-20,31.129932038204934,29.641594816125423,True
Hyderabad,2007,2007-04-21,30.223204629148203,28.642044354495773,True
Hyderabad,2007,2007-04-22,31.371906784525553,29.788973289413857,True
Hyderabad,2007,2007-04-23,31.908956499396496,30.128827854041234,True
Hyderabad,2007,2007-04-24,32.811412589004384,30.839977114772005,True
Hyderabad,2007,2007-04-25,32.7877321310488,30.88365412362153,True
Hyderabad,2007,2007-04-26,32.662575292868894,30.742173004839277,True
Hyderabad,2007,2007-04-27,32.74170673025986,30.842522662005592,True
Hyderabad,2007,2007-04-28,31.668875697086413,29.638449178696217,True
Hyderabad,2007,2007-04-29,31.206296791203375,29.04400281069605,True
Hyderabad,2007,2007-04-30,30.96577694962126,28.52933342275066,True
Hyderabad,2007,2007-05-01,30.89743403739736,28.524734484923155,True
Hyderabad,2007,2007-05-02,30.1023512464324,28.917960848478817,True
Hyderabad,2007,2007-05-03,32.09103472563095,29.657796568080986,True
Hyderabad,2007,2007-05-04,32.346563227211824,29.982027587309044,True
Hyderabad,2007,2007-05-05,32.384127478331564,30.048692266123158,True
Hyderabad,2007,2007-05-06,31.768936436948255,29.878632937463376,True
Hyderabad,2007,2007-05-07,32.07600338539938,30.085459500214647,True
Hyderabad,2007,2007-05-08,32.788652563813784,30.603226171949782,True
Hyderabad,2007,2007-05-09,33.082433783984115,31.29597865751816,True
Hyderabad,2007,2007-05-10,32.59166202783919,31.078811017626784,True
Hyderabad,2007,2007-05-11,32.51847979763373,31.10758532265212,True
Hyderabad,2007,2007-05-12,32.72928554385836,31.213065783230714,True
Hyderabad,2007,2007-05-13,33.36664771255475,31.570810562617357,True
Hyderabad,2007,2007-05-14,33.46261660338969,31.472947217505507,True
Hyderabad,2007,2007-05-15,33.28987054273701,31.61281352164654,True
Hyderabad,2007,2007-05-16,33.646794843664274,32.143116454887576,True
Hyderabad,2007,2007-05-17,32.99312856868232,31.579934859920147,True
Hyderabad,2007,2007-05-18,33.28217182675209,31.621422825565453,True
Hyderabad,2007,2007-05-19,33.69489455100981,32.17670962900433,True
Hyderabad,2007,2007-05-20,33.17955303938274,32.43362413182504,True
Hyderabad,2007,2007-05-21,33.59959279656158,32.688481836261246,True
Hyderabad,2007,2007-05-22,31.854048517263294,31.140543766308685,True
Hyderabad,2007,2007-05-23,31.24979574001504,28.369627146734963,True
Hyderabad,2007,2007-05-24,31.383628277714372,28.705454262749935,True
Hyderabad,2007,2007-05-25,32.15027796603996,30.51257226972894,True
Hyderabad,2007,2007-05-26,31.820127123374284,30.662740287897932,True
Hyderabad,2007,2007-05-27,31.541454707329326,29.461094672040094,True
Hyderabad,2007,2007-05-28,31.22454526476072,29.538902609300695,True
Hyderabad,2007,2007-05-29,31.717515393412118,30.216620019814723,True
Hyderabad,2007,2007-05-30,31.451201468271304,29.569746007952638,True
Hyderabad,2007,2007-05-31,31.66196618252912,29.77502797896969,True
Hyderabad,2007,2007-06-01,31.987239782271743,30.282170078815984,True
Hyderabad,2007,2007-06-02,30.7922480446555,29.157193321899705,True
Hyderabad,2007,2007-06-03,31.06206556368144,30.17153717595994,True
Hyderabad,2007,2007-06-04,30.717521385692525,29.7329779816529,True
Hyderabad,2007,2007-06-05,30.796476891525426,30.6076997528275,True
Hyderabad,2007,2007-06-06,31.741107959031353,31.549736379740306,True
Hyderabad,2007,2007-06-07,32.12559171507578,31.440317577113166,True
Hyderabad,2007,2007-06-08,30.169034011132712,28.89558163568331,True
Hyderabad,2007,2007-06-09,29.415217654122312,28.250731469137637,True
Hyderabad,2007,2007-06-10,28.83008099979373,28.10644522232925,True
Hyderabad,2007,2007-06-11,28.190464625676093,28.138291765281704,True
Hyderabad,2007,2007-06-12,28.002150160533326,28.419156973415532,True
Hyderabad,2007,2007-06-13,28.282270401947752,28.660369807603455,True
Hyderabad,2007,2007-06-14,29.90546538462711,29.871696147710264,True
Hyderabad,2007,2007-06-15,30.038410718670928,29.984721601079737,True
Hyderabad,2007,2007-06-16,29.37124998531964,29.49777533070211,True
Hyderabad,2007,2007-06-17,27.59560767115927,28.80588211383788,True
Hyderabad,2007,2007-06-18,28.001090838013354,28.700415168742126,True
Hyderabad,2007,2007-06-19,26.854289230966153,28.105102658685723,True
Hyderabad,2007,2007-06-20,27.06735875840357,28.195242955451693,True
Hyderabad,2007,2007-06-21,27.66209489890347,28.694630761219177,True
Hyderabad,2007,2007-06-22,29.18741508505837,29.890943198379176,True
Hyderabad,2007,2007-06-23,29.036744482743906,30.37510681301063,True
Hyderabad,2007,2007-06-24,27.951840559285703,29.624796413088063,True
Hyderabad,2007,2007-06-25,28.491242746091196,29.800142892968772,True
Hyderabad,2007,2007-06-26,27.414701329129844,29.20684181587797,True
Hyderabad,2007,2007-06-27,25.931052150815255,28.67420164598956,True
Hyderabad,2007,2007-06-28,26.360228864357765,28.62821338978121,True
Hyderabad,2007,2007-06-29,25.77774804466492,29.00534545587865,True
Hyderabad,2007,2007-06-30,28.54094316660644,29.94133231541873,True
Hyderabad,2007,2007-07-01,28.926193210713418,31.089000360607823,True
Hyderabad,2007,2007-07-02,29.381919379126174,31.746594729871184,True
Hyderabad,2007,2007-07-03,29.554008081120763,31.30248447200584,True
Hyderabad,2007,2007-07-04,29.82539499454891,32.7557700939654,True
Hyderabad,2007,2007-07-05,29.48353542741391,32.18713184493544,True
Hyderabad,2007,2007-07-06,29.34304120000286,32.324462778049906,True
Hyderabad,2007,2007-07-07,29.198815442872725,31.304313598998647,True
Hyderabad,2007,2007-07-08,28.54677714152374,30.539131536468645,True
Hyderabad,2007,2007-07-09,27.461732767050062,30.121865443563593,True
Hyderabad,2007,2007-07-10,27.768689127289854,30.27658895594581,True
Hyderabad,2007,2007-07-11,28.0440207331153,29.419325086922584,True
Hyderabad,2007,2007-07-12,27.386184302354547,29.304219136416812,True
Hyderabad,2007,2007-07-13,25.457473050284054,29.542920602396745,True
Hyderabad,2007,2007-07-14,26.002669973737127,29.656548099172692,True
Hyderabad,2007,2007-07-15,25.811641193513687,29.453852027841336,True
Hyderabad,2007,2007-07-16,26.70432125596207,29.730808988492996,True
Hyderabad,2007,2007-07-17,25.629920195720516,29.238892304391307,True
Hyderabad,2007,2007-07-18,25.18345439191678,28.871825721253582,True
Hyderabad,2007,2007-07-19,25.8966650822924,29.276467375831817,True
Hyderabad,2007,2007-07-20,25.181604836922055,29.18043920358273,True
Hyderabad,2007,2007-07-21,26.08952322678591,29.45327785217966,True
Hyderabad,2007,2007-07-22,26.043177440933434,29.720187824111303,True
Hyderabad,2007,2007-07-23,24.273977587183868,29.52729030758961,True
Hyderabad,2007,2007-07-24,25.92449755526092,29.76172044210542,True
Hyderabad,2007,2007-07-25,22.440131983750142,29.727601062947485,True
Hyderabad,2007,2007-07-26,25.62722436509321,30.287746515375083,True
Hyderabad,2007,2007-07-27,28.149312172901105,30.970212263743754,True
Hyderabad,2007,2007-07-28,29.010367012627537,31.522028121200552,True
Hyderabad,2007,2007-07-29,29.11518614902618,31.713601454509043,True
Hyderabad,2007,2007-07-30,27.931967269695093,30.558217477466226,True
Hyderabad,2007,2007-07-31,28.374451193959178,31.03873080072821,True
Hyderabad,2007,2007-08-01,27.509308860766048,30.75596088494907,True
Hyderabad,2007,2007-08-02,25.7882688338683,30.227219974131895,True
Hyderabad,2007,2007-08-03,25.270011430841308,30.638264823766136,True
Hyderabad,2007,2007-08-04,24.21781033789322,30.56290164386643,True
Hyderabad,2007,2007-08-05,25.87608617862095,30.81067094697007,True
Hyderabad,2007,2007-08-06,25.945986554829478,30.34026805821687,True
Hyderabad,2007,2007-08-07,27.597043975120712,30.568973171665053,True
Hyderabad,2007,2007-08-08,27.7390665118913,30.664097851203493,True
Hyderabad,2007,2007-08-09,27.78255693165255,30.754201435061553,True
Hyderabad,2007,2007-08-10,27.80016578977224,31.07532954713899,True
Hyderabad,2007,2007-08-11,27.966226153262575,30.994508306225345,True
Hyderabad,2007,2007-08-12,28.39946892680326,30.684509333994114,True
Hyderabad,2007,2007-08-13,24.701884404489263,29.346960893710246,True
Hyderabad,2007,2007-08-14,21.97765781214957,28.29633164342239,True
Hyderabad,2007,2007-08-15,20.74517805047441,27.990408959699405,True
Hyderabad,2007,2007-08-16,25.061849653584876,28.69022300834268,True
Hyderabad,2007,2007-08-17,26.300806556272285,29.690760172888755,True
Hyderabad,2007,2007-08-18,28.053852669733416,30.28060748374153,True
Hyderabad,2007,2007-08-19,28.10001749283176,30.07787986065758,True
Hyderabad,2007,2007-08-20,27.11881431276238,29.900640384884035,True
Hyderabad,2007,2007-08-21,26.549594293176455,29.685609749336468,True
Hyderabad,2007,2007-08-22,25.525005568741413,29.839878821934022,True
Hyderabad,2007,2007-08-23,27.484088431635502,30.35476881741439,True
Hyderabad,2007,2007-08-24,27.82540602364747,30.423444641206757,True
Hyderabad,2007,2007-08-25,26.88048466780966,30.04668957344861,True
Hyderabad,2007,2007-08-26,26.912032986836387,29.88229950786853,True
Hyderabad,2007,2007-08-27,27.113010456910544,29.972565036398137,True
Hyderabad,2007,2007-08-28,27.477328682977458,30.421153787607665,True
Hyderabad,2007,2007-08-29,27.792000716389204,30.680278026046768,True
Hyderabad,2007,2007-08-30,27.17436637668431,30.315501076220333,True
Hyderabad,2007,2007-08-31,27.46274450546657,30.235702870433983,True
Hyderabad,2007,2007-09-01,27.404665957452128,30.18387984734678,True
Hyderabad,2007,2007-09-02,27.684814814433345,30.266155083196285,True
Hyderabad,2007,2007-09-03,27.34551023927523,30.628448667864596,True
Hyderabad,2007,2007-09-04,27.75413278263374,30.39506603159585,True
Hyderabad,2007,2007-09-05,27.71715439704047,30.552184270697968,True
Hyderabad,2007,2007-09-06,29.180147205429883,31.31198481192246,True
Hyderabad,2007,2007-09-07,29.138016015240588,31.64702339614568,True
Hyderabad,2007,2007-09-08,29.761691914169788,31.750538097153232,True
Hyderabad,2007,2007-09-09,29.81544246313867,32.28805940199296,True
Hyderabad,2007,2007-09-10,30.330907275293516,32.543120395128454,True
Hyderabad,2007,2007-09-11,30.240539066033982,32.24366699566611,True
Hyderabad,2007,2007-09-12,29.317664118333585,31.463199895243466,True
Hyderabad,2007,2007-09-13,28.64751722054909,30.891603005544315,True
Hyderabad,2007,2007-09-14,27.45344440862037,30.374762863001123,True
Hyderabad,2007,2007-09-15,26.56656792354684,30.11215518263804,True
Hyderabad,2007,2007-09-16,24.813699297595058,30.850462942176097,True
Hyderabad,2007,2007-09-17,27.75842915478222,31.43946447812175,True
Hyderabad,2007,2007-09-18,29.626345227962315,31.87681867911105,True
Hyderabad,2007,2007-09-19,29.785482836957645,32.2683311511165,True
Hyderabad,2007,2007-09-20,30.14503897140626,32.51151115241526,True
Hyderabad,2007,2007-09-21,30.142732646685236,32.213530075124766,True
Hyderabad,2007,2007-09-22,28.966148735616393,31.626148088290247,True
Hyderabad,2007,2007-09-23,29.296271039525163,32.04208780658187,True
Hyderabad,2007,2007-09-24,29.656177055620795,32.20524603296207,True
Hyderabad,2007,2007-09-25,29.922162469353488,31.994314570790593,True
Hyderabad,2007,2007-09-26,30.37171063730073,32.1760657299183,True
Hyderabad,2007,2007-09-27,30.67970690090864,32.65780430101872,True
Hyderabad,2007,2007-09-28,29.968321293557366,32.40059622882962,True
Hyderabad,2007,2007-09-29,30.485995667181385,32.430568997323135,True
Hyderabad,2007,2007-09-30,30.4851247993587,32.355926636979895,True
Hyderabad,2007,2007-10-01,30.457653096215324,31.94278513837228,True
Hyderabad,2007,2007-10-02,29.743721927252647,31.84995963349902,True
Hyderabad,2007,2007-10-03,29.744656015927063,31.413640290224443,True
Hyderabad,2007,2007-10-04,30.370334183964168,31.88123837219712,True
Hyderabad,2007,2007-10-05,30.57235745609217,32.5393886692469,True
Hyderabad,2007,2007-10-06,30.00361527952196,31.433323050151746,True
Hyderabad,2007,2007-10-07,29.731312250275174,30.94941073638805,True
Hyderabad,2007,2007-10-08,29.454102051950095,30.52569668194426,True
Hyderabad,2007,2007-10-09,29.88455245974523,30.96240918765112,True
Hyderabad,2007,2007-10-10,30.326341783081105,31.772652302893036,True
Hyderabad,2007,2007-10-11,29.96338542657318,31.658511020030446,True
Hyderabad,2007,2007-10-12,29.956531082434545,32.227676511326564,True
Hyderabad,2007,2007-10-13,29.93249289347927,31.658016321434097,True
Hyderabad,2007,2007-10-14,29.778186235158245,31.084605186928627,True
Hyderabad,2007,2007-10-15,29.039407134121937,30.73899173551649,True
Hyderabad,2007,2007-10-16,28.335559610936674,29.800669577190092,True
Hyderabad,2007,2007-10-17,28.02134390337534,29.558111987497856,True
Hyderabad,2007,2007-10-18,27.506894893136657,29.3106029578024,True
Hyderabad,2007,2007-10-19,27.23952721278438,28.547507893716382,True
Hyderabad,2007,2007-10-20,27.53874928964358,28.609311376798022,True
Hyderabad,2007,2007-10-21,27.46727503907184,29.503612672329396,True
Hyderabad,2007,2007-10-22,28.04735596675766,29.832473662897858,True
Hyderabad,2007,2007-10-23,27.72178365287852,29.2104388468182,True
Hyderabad,2007,2007-10-24,27.176602317052396,28.624940085067845,True
Hyderabad,2007,2007-10-25,27.130410550717286,28.259388490998006,True
Hyderabad,2007,2007-10-26,27.25476394315118,28.769589770856243,True
Hyderabad,2007,2007-10-27,27.048046658837695,28.563210196068322,True
Hyderabad,2007,2007-10-28,27.627208451389922,28.819985718980494,True
Hyderabad,2007,2007-10-29,27.590275061812694,28.671314915746603,True
Hyderabad,2007,2007-10-30,27.42554162922974,28.613526916557028,True
Hyderabad,2007,2007-10-31,27.790064422511527,28.958434284049172,True
Hyderabad,2007,2007-11-01,27.345747930398502,28.19246653656533,True
Hyderabad,2007,2007-11-02,27.63946045849946,28.493378754947894,True
Hyderabad,2007,2007-11-03,27.349731619679744,28.227159087405266,True
Hyderabad,2007,2007-11-04,27.640991998644793,28.82018515587526,True
Hyderabad,2007,2007-11-05,27.815119919207532,29.247831411669946,True
Hyderabad,2007,2007-11-06,26.99591676537962,27.974105884854346,True
Hyderabad,2007,2007-11-07,27.60770276953923,28.135111571785785,True
Hyderabad,2007,2007-11-08,27.805033544426852,28.33515705505192,True
Hyderabad,2007,2007-11-09,28.116993914111113,28.57916397474659,True
Hyderabad,2007,2007-11-10,27.60218172199574,28.253462265545178,True
Hyderabad,2007,2007-11-11,27.357577660676863,27.951170460492744,True
Hyderabad,2007,2007-11-12,26.798544007946823,27.553524120539375,True
Hyderabad,2007,2007-11-13,25.5914147740061,26.02180994825622,True
Hyderabad,2007,2007-11-14,25.231913991518507,25.025514428946252,True
Hyderabad,2007,2007-11-15,25.75388576368992,26.18611410212765,True
Hyderabad,2007,2007-11-16,26.629596365363753,25.96038030686146,True
Hyderabad,2007,2007-11-17,25.939299870353278,25.340568617624285,True
Hyderabad,2007,2007-11-18,26.14606459541788,25.492987537981534,True
Hyderabad,2007,2007-11-19,26.478155289559435,25.50128605376236,True
Hyderabad,2007,2007-11-20,25.631051933991493,24.40937241687673,True
Hyderabad,2007,2007-11-21,25.871038907969726,24.731356766817868,True
Hyderabad,2007,2007-11-22,26.255823225681034,25.492376134001027,True
Hyderabad,2007,2007-11-23,26.566825077223434,26.33374445706094,True
Hyderabad,2007,2007-11-24,26.849475332494528,26.754374067426788,True
Hyderabad,2007,2007-11-25,26.944804078771245,26.748751419501094,True
Hyderabad,2007,2007-11-26,26.680426261629137,26.29053706304185,True
Hyderabad,2007,2007-11-27,26.92572823684597,26.38909946825322,True
Hyderabad,2007,2007-11-28,27.1322698020021,26.628470871666213,True
Hyderabad,2007,2007-11-29,26.877934349540226,26.488383450615178,True
Hyderabad,2007,2007-11-30,25.87106406032386,25.0278015148985,True
Hyderabad,2007,2007-12-01,25.599494975218047,24.856887114906552,True
Hyderabad,2007,2007-12-02,25.944368826372376,25.353838824942876,True
Hyderabad,2007,2007-12-03,26.049972211432507,25.378600286856074,True
Hyderabad,2007,2007-12-04,25.8888129883853,24.95362416087836,True
Hyderabad,2007,2007-12-05,26.10564002740292,24.377477647766533,True
Hyderabad,2007,2007-12-06,25.613782327263515,23.876947297923472,True
Hyderabad,2007,2007-12-07,25.799630696819335,23.922092870001833,True
Hyderabad,2007,2007-12-08,25.027269264141083,23.861155165750542,True
Hyderabad,2007,2007-12-09,24.94008204080248,23.8151700905395,True
Hyderabad,2007,2007-12-10,25.577026244902267,24.65050649869983,True
Hyderabad,2007,2007-12-11,24.804444453915615,24.05747680186065,True
Hyderabad,2007,2007-12-12,24.377014763716417,23.740279891019,True
Hyderabad,2007,2007-12-13,24.893421867918427,24.394940968338133,True
Hyderabad,2007,2007-12-14,25.49737379568364,24.83781613339523,True
Hyderabad,2007,2007-12-15,25.552467633526007,24.773043761233335,True
Hyderabad,2007,2007-12-16,25.229846249098046,24.736288984686357,True
Hyderabad,2007,2007-12-17,25.668253042073584,24.84998082823643,True
Hyderabad,2007,2007-12-18,26.130388962174237,25.310434002198836,True
Hyderabad,2007,2007-12-19,26.050370338791634,25.35847323419384,True
Hyderabad,2007,2007-12-20,25.699704051393407,25.277090420932055,True
Hyderabad,2007,2007-12-21,25.597953994023136,25.322710844647553,True
Hyderabad,2007,2007-12-22,25.006573285030143,24.853705369047137,True
Hyderabad,2007,2007-12-23,24.565761213488422,24.4238453759017,True
Hyderabad,2007,2007-12-24,24.257220117363946,23.898779881194862,True
Hyderabad,2007,2007-12-25,24.22782623782188,23.55914565985599,True
Hyderabad,2007,2007-12-26,24.4287704698433,23.652004952150968,True
Hyderabad,2007,2007-12-27,24.432210487396677,23.925642341604586,True
Hyderabad,2007,2007-12-28,24.473968576192803,23.91425600995171,True
Hyderabad,2007,2007-12-29,24.820033894664927,24.420811117931063,True
Hyderabad,2007,2007-12-30,24.77803172432302,24.14726512881248,True
Hyderabad,2007,2007-12-31,24.36246074565136,22.93702423391181,True
Hyderabad,2009,2009-01-01,24.330264435379767,23.750764381356475,True
Hyderabad,2009,2009-01-02,24.38621370617448,23.829624888858692,True
Hyderabad,2009,2009-01-03,24.286774291266912,23.658960650698614,True
Hyderabad,2009,2009-01-04,24.3220455156811,23.766333988977177,True
Hyderabad,2009,2009-01-05,24.433634965066997,23.820420245182703,True
Hyderabad,2009,2009-01-06,24.76322345177933,23.788769574268137,True
Hyderabad,2009,2009-01-07,24.76056536506376,23.91780987513076,True
Hyderabad,2009,2009-01-08,24.78409744676866,24.199523371803647,True
Hyderabad,2009,2009-01-09,24.879156747225554,24.10645197010761,True
Hyderabad,2009,2009-01-10,24.994592583714873,24.14356726026603,True
Hyderabad,2009,2009-01-11,24.8806065958313,23.872204642706375,True
Hyderabad,2009,2009-01-12,25.01350369997558,23.736199448240416,True
Hyderabad,2009,2009-01-13,25.072948715661333,23.88618256187248,True
Hyderabad,2009,2009-01-14,25.91484248363928,24.716150161683995,True
Hyderabad,2009,2009-01-15,25.806435014344306,24.90411908232459,True
Hyderabad,2009,2009-01-16,26.16947845458349,25.037351838439367,True
Hyderabad,2009,2009-01-17,26.18051450137742,24.984827007993434,True
Hyderabad,2009,2009-01-18,26.257671184301998,25.02077202862323,True
Hyderabad,2009,2009-01-19,25.996643146808285,24.715118544854352,True
Hyderabad,2009,2009-01-20,26.390476539861723,25.05315201513901,True
Hyderabad,2009,2009-01-21,26.300283665506697,24.96605282409517,True
Hyderabad,2009,2009-01-22,25.91521659873294,24.80113985342668,True
Hyderabad,2009,2009-01-23,24.921906223136588,23.57067707612733,True
Hyderabad,2009,2009-01-24,24.575906860088317,23.38773158635599,True
Hyderabad,2009,2009-01-25,24.94828809894444,22.2336525216645,True
Hyderabad,2009,2009-01-26,25.380106894837866,22.796676304146267,True
Hyderabad,2009,2009-01-27,25.742200772463026,22.86241283665854,True
Hyderabad,2009,2009-01-28,26.85164619832772,24.0925818475675,True
Hyderabad,2009,2009-01-29,26.19626862492343,24.96539214939361,True
Hyderabad,2009,2009-01-30,27.103209264385505,25.885683225185815,True
Hyderabad,2009,2009-01-31,26.965606951164485,25.795532508642616,True
Hyderabad,2009,2009-02-01,26.73129354605199,25.76919231375211,True
Hyderabad,2009,2009-02-02,26.477070478723608,25.71787381054965,True
Hyderabad,2009,2009-02-03,27.47341636147964,26.603886328140153,True
Hyderabad,2009,2009-02-04,27.121229980699333,26.612464076658135,True
Hyderabad,2009,2009-02-05,28.13206875982545,27.06047248343205,True
Hyderabad,2009,2009-02-06,27.032531629326296,26.10038242964969,True
Hyderabad,2009,2009-02-07,26.922020764013833,26.692400218659404,True
Hyderabad,2009,2009-02-08,27.168925894037788,26.792892730274083,True
Hyderabad,2009,2009-02-09,27.474137557372718,26.758367726113615,True
Hyderabad,2009,2009-02-10,27.995477077732367,26.97156535664486,True
Hyderabad,2009,2009-02-11,28.51010600312238,27.531073676671255,True
Hyderabad,2009,2009-02-12,28.472866219303718,27.41213186207437,True
Hyderabad,2009,2009-02-13,29.17950033462899,28.040033152669867,True
Hyderabad,2009,2009-02-14,29.46854090431772,28.537490574564814,True
Hyderabad,2009,2009-02-15,28.982155222852555,28.008370225081684,True
Hyderabad,2009,2009-02-16,28.339655555712945,27.41023625572635,True
Hyderabad,2009,2009-02-17,29.083955851435505,27.884578173713308,True
Hyderabad,2009,2009-02-18,27.154651901952143,26.04342967163202,True
Hyderabad,2009,2009-02-19,26.329760205701675,24.771736140472772,True
Hyderabad,2009,2009-02-20,25.092019671884273,23.017830917372528,True
Hyderabad,2009,2009-02-21,24.527794926772252,21.984144997616866,True
Hyderabad,2009,2009-02-22,25.64560934001826,23.354099780206784,True
Hyderabad,2009,2009-02-23,28.22115420737049,25.991063024073256,True
Hyderabad,2009,2009-02-24,27.77412271321594,25.487474158605043,True
Hyderabad,2009,2009-02-25,27.08774068320782,24.877904643443188,True
Hyderabad,2009,2009-02-26,27.941774578993158,26.48926437510215,True
Hyderabad,2009,2009-02-27,28.86800020631385,27.99767807826089,True
Hyderabad,2009,2009-02-28,28.51741138097512,27.28797500502388,True
Hyderabad,2009,2009-03-01,28.421957618501555,26.590552678954136,True
Hyderabad,2009,2009-03-02,28.212847288269984,26.64332325201121,True
Hyderabad,2009,2009-03-03,28.908616429150356,26.96591973364981,True
Hyderabad,2009,2009-03-04,27.96711019327813,25.319387852869536,True
Hyderabad,2009,2009-03-05,25.325956484897794,24.168136362375325,True
Hyderabad,2009,2009-03-06,27.31700211873541,25.90582159351946,True
Hyderabad,2009,2009-03-07,29.736374451457007,26.909711683912906,True
Hyderabad,2009,2009-03-08,29.687079625900033,28.08838460468099,True
Hyderabad,2009,2009-03-09,29.964075607313667,28.307720619076985,True
Hyderabad,2009,2009-03-10,29.63191287667371,28.192992603180418,True
Hyderabad,2009,2009-03-11,29.32518771455588,27.753325215033712,True
Hyderabad,2009,2009-03-12,29.09442699779504,27.598041939335054,True
Hyderabad,2009,2009-03-13,28.266405088865543,26.03927710642234,True
Hyderabad,2009,2009-03-14,29.536462368523246,26.99627465808426,True
Hyderabad,2009,2009-03-15,29.58628613476334,27.56008596288771,True
Hyderabad,2009,2009-03-16,29.583131179745543,28.42669216774581,True
Hyderabad,2009,2009-03-17,30.34559677024522,28.58897390502892,True
Hyderabad,2009,2009-03-18,29.621935164527393,27.587729534261424,True
Hyderabad,2009,2009-03-19,29.921205755222925,27.6117570709605,True
Hyderabad,2009,2009-03-20,31.267296613482927,29.016565649020606,True
Hyderabad,2009,2009-03-21,31.801983582814522,29.982106272685268,True
Hyderabad,2009,2009-03-22,32.0074279722868,30.03724029695021,True
Hyderabad,2009,2009-03-23,32.10423892268606,30.033295018957467,True
Hyderabad,2009,2009-03-24,31.59372667836854,29.631234595626083,True
Hyderabad,2009,2009-03-25,31.01972463526739,29.460895218419545,True
Hyderabad,2009,2009-03-26,31.32909799203332,29.472518962012465,True
Hyderabad,2009,2009-03-27,31.894899678645693,29.82672763896514,True
Hyderabad,2009,2009-03-28,32.139764045557015,30.126491714877886,True
Hyderabad,2009,2009-03-29,32.02511995295821,30.127181824673126,True
Hyderabad,2009,2009-03-30,31.761780993996133,30.285134850065074,True
Hyderabad,2009,2009-03-31,31.156743334334205,29.60363719702127,True
Hyderabad,2009,2009-04-01,31.662246851017688,29.969104147792912,True
Hyderabad,2009,2009-04-02,32.42196473853681,30.710594107376714,True
Hyderabad,2009,2009-04-03,31.990829319597207,30.303592661018182,True
Hyderabad,2009,2009-04-04,32.03107948730667,30.547238022875895,True
Hyderabad,2009,2009-04-05,31.231235849893302,29.783141822972784,True
Hyderabad,2009,2009-04-06,31.694787700671117,29.85945669868838,True
Hyderabad,2009,2009-04-07,31.956089750557236,30.074430847541386,True
Hyderabad,2009,2009-04-08,32.230958642583424,30.508426416371798,True
Hyderabad,2009,2009-04-09,32.12118229329644,30.461893921065823,True
Hyderabad,2009,2009-04-10,32.37355022080004,30.665297683261787,True
Hyderabad,2009,2009-04-11,32.54468452584266,30.90499000934069,True
Hyderabad,2009,2009-04-12,32.54119395507855,30.64347638834515,True
Hyderabad,2009,2009-04-13,32.152142596409746,30.08998656968584,True
Hyderabad,2009,2009-04-14,32.02203421332947,29.976865191050937,True
Hyderabad,2009,2009-04-15,32.14868841272539,30.042958677853136,True
Hyderabad,2009,2009-04-16,31.89621285379788,29.80387070373433,True
Hyderabad,2009,2009-04-17,31.570067470914402,29.517294703733626,True
Hyderabad,2009,2009-04-18,31.579772338077227,29.960384823573904,True
Hyderabad,2009,2009-04-19,30.853507609974322,29.398165730214078,True
Hyderabad,2009,2009-04-20,32.34514585763652,30.39521355929589,True
Hyderabad,2009,2009-04-21,32.13115287978478,30.563596109005147,True
Hyderabad,2009,2009-04-22,32.37446209019572,31.01627846103223,True
Hyderabad,2009,2009-04-23,32.356027033615966,30.88643959029952,True
Hyderabad,2009,2009-04-24,32.16489789776278,30.11532233125255,True
Hyderabad,2009,2009-04-25,31.57479365124373,29.76790426892167,True
Hyderabad,2009,2009-04-26,31.327058000244968,29.25551887531992,True
Hyderabad,2009,2009-04-27,31.13195798036604,28.81485063580042,True
Hyderabad,2009,2009-04-28,31.994901378583084,29.448780237464987,True
Hyderabad,2009,2009-04-29,32.19987520566154,29.755578615296972,True
Hyderabad,2009,2009-04-30,32.824654563620335,30.37669715788169,True
Hyderabad,2009,2009-05-01,33.34881145065081,31.361673400670526,True
Hyderabad,2009,2009-05-02,34.28185906813422,32.25177830788751,True
Hyderabad,2009,2009-05-03,33.958607202801396,31.938298243557732,True
Hyderabad,2009,2009-05-04,33.10449961650181,31.310164398917742,True
Hyderabad,2009,2009-05-05,33.17324225743941,31.394763314872694,True
Hyderabad,2009,2009-05-06,33.444420878635256,31.535411553226666,True
Hyderabad,2009,2009-05-07,32.69650177943819,31.13410238292506,True
Hyderabad,2009,2009-05-08,32.597973425694356,31.118236075033515,True
Hyderabad,2009,2009-05-09,31.77664681841041,30.15387391728973,True
Hyderabad,2009,2009-05-10,30.710058293859422,29.377812060900574,True
Hyderabad,2009,2009-05-11,31.75997823065656,30.456803780307606,True
Hyderabad,2009,2009-05-12,31.769696238285952,30.757168570951205,True
Hyderabad,2009,2009-05-13,33.1683760820314,32.01348340521671,True
Hyderabad,2009,2009-05-14,33.505863776508455,32.07151178673613,True
Hyderabad,2009,2009-05-15,32.79236065782293,31.9139468032781,True
Hyderabad,2009,2009-05-16,32.53333008693564,31.38646916542448,True
Hyderabad,2009,2009-05-17,32.37862856685383,30.571231905176226,True
Hyderabad,2009,2009-05-18,32.933618945566536,30.90075713181392,True
Hyderabad,2009,2009-05-19,33.01428161311295,31.495286890448156,True
Hyderabad,2009,2009-05-20,32.57201683020383,31.273861136218407,True
Hyderabad,2009,2009-05-21,33.008649407662496,31.516582194453004,True
Hyderabad,2009,2009-05-22,32.27098357223854,31.06836919386952,True
Hyderabad,2009,2009-05-23,32.649248085676156,31.173761233931266,True
Hyderabad,2009,2009-05-24,32.71602318467636,30.996015409562766,True
Hyderabad,2009,2009-05-25,33.51491086245272,31.419863449810045,True
Hyderabad,2009,2009-05-26,33.64731568730038,31.744585628326906,True
Hyderabad,2009,2009-05-27,33.21310445650734,31.785010109259126,True
Hyderabad,2009,2009-05-28,34.06040017721607,32.72865209103551,True
Hyderabad,2009,2009-05-29,33.891000308945046,32.61421276907546,True
Hyderabad,2009,2009-05-30,33.04532234385724,31.296058202868938,True
Hyderabad,2009,2009-05-31,32.92292949286744,30.986198373852027,True
Hyderabad,2009,2009-06-01,33.44803613016235,31.681005695893685,True
Hyderabad,2009,2009-06-02,33.36233622604635,32.079867083132484,True
Hyderabad,2009,2009-06-03,34.08755637155989,34.19749091138796,True
Hyderabad,2009,2009-06-04,34.28095148880993,34.959416225710335,True
Hyderabad,2009,2009-06-05,33.81330686568531,34.18509655055339,True
Hyderabad,2009,2009-06-06,33.155063154500866,34.560608851496234,True
Hyderabad,2009,2009-06-07,32.70662074740048,32.610795412022874,True
Hyderabad,2009,2009-06-08,32.69347401051395,32.40219353916967,True
Hyderabad,2009,2009-06-09,32.474113553796684,33.13331832403265,True
Hyderabad,2009,2009-06-10,32.47426611211935,33.21734312051112,True
Hyderabad,2009,2009-06-11,32.34443735975814,32.496945655303044,True
Hyderabad,2009,2009-06-12,32.23293919062026,32.17630227540681,True
Hyderabad,2009,2009-06-13,32.80764000287327,32.943786839039475,True
Hyderabad,2009,2009-06-14,30.791483217841744,30.4537708544768,True
Hyderabad,2009,2009-06-15,28.17357387919555,28.961318413142553,True
Hyderabad,2009,2009-06-16,27.851317838164576,28.79660374591546,True
Hyderabad,2009,2009-06-17,28.443607290918294,28.95778700909364,True
Hyderabad,2009,2009-06-18,29.576723511742784,29.935180466862395,True
Hyderabad,2009,2009-06-19,30.5053726535118,31.559422507311037,True
Hyderabad,2009,2009-06-20,30.82762731579506,32.57793319148799,True
Hyderabad,2009,2009-06-21,30.387736872370702,31.767326445583386,True
Hyderabad,2009,2009-06-22,30.275398505155216,31.948757139901605,True
Hyderabad,2009,2009-06-23,30.617893448987434,32.06195301612904,True
Hyderabad,2009,2009-06-24,30.286322687564855,31.505354106252526,True
Hyderabad,2009,2009-06-25,30.214636044740473,31.092722258764063,True
Hyderabad,2009,2009-06-26,30.197776408293187,31.016124905566866,True
Hyderabad,2009,2009-06-27,30.250284157916568,31.684160018052083,True
Hyderabad,2009,2009-06-28,30.112521711886288,32.568632367309284,True
Hyderabad,2009,2009-06-29,29.757034449871767,32.834698962062674,True
Hyderabad,2009,2009-06-30,29.688782811405005,32.43014386193858,True
Hyderabad,2009,2009-07-01,29.4484238109773,32.18273085329376,True
Hyderabad,2009,2009-07-02,29.102986448309792,30.829441519503927,True
Hyderabad,2009,2009-07-03,29.17996700940146,30.77260024118822,True
Hyderabad,2009,2009-07-04,28.685974697266097,30.666794429389537,True
Hyderabad,2009,2009-07-05,28.56399667714055,30.704600567311992,True
Hyderabad,2009,2009-07-06,28.31339362692038,30.37376190885042,True
Hyderabad,2009,2009-07-07,27.361646911164105,29.9967340005084,True
Hyderabad,2009,2009-07-08,28.207691519261004,30.553619541679772,True
Hyderabad,2009,2009-07-09,28.225196679593232,29.65546262179405,True
Hyderabad,2009,2009-07-10,27.293856390215364,29.26649079745898,True
Hyderabad,2009,2009-07-11,26.70271128212422,29.245684433670064,True
Hyderabad,2009,2009-07-12,27.436671335685826,30.306186003561727,True
Hyderabad,2009,2009-07-13,28.49385477006156,31.12308349869517,True
Hyderabad,2009,2009-07-14,28.338537672138045,31.242898066525637,True
Hyderabad,2009,2009-07-15,28.381332279550477,31.00264214841494,True
Hyderabad,2009,2009-07-16,28.18137760523478,31.416496967851394,True
Hyderabad,2009,2009-07-17,28.041936730396337,30.580175071207435,True
Hyderabad,2009,2009-07-18,28.576556534372536,30.564232816839205,True
Hyderabad,2009,2009-07-19,27.23223308025647,29.91695251864922,True
Hyderabad,2009,2009-07-20,27.32113842227208,30.081307964238167,True
Hyderabad,2009,2009-07-21,27.218786959649133,30.37766636392247,True
Hyderabad,2009,2009-07-22,27.307732027141583,30.743518923311832,True
Hyderabad,2009,2009-07-23,26.39295734004542,30.40562809495501,True
Hyderabad,2009,2009-07-24,26.76058282195432,30.31910519254966,True
Hyderabad,2009,2009-07-25,25.55171034131733,29.821136488234224,True
Hyderabad,2009,2009-07-26,25.339120443581727,29.732885491571516,True
Hyderabad,2009,2009-07-27,26.573455648847403,29.831884238171853,True
Hyderabad,2009,2009-07-28,25.0892875256593,29.61726003255941,True
Hyderabad,2009,2009-07-29,27.99741914519271,30.508098144535882,True
Hyderabad,2009,2009-07-30,26.860027985250884,30.127104827699597,True
Hyderabad,2009,2009-07-31,25.42126805168963,29.87744384795395,True
Hyderabad,2009,2009-08-01,26.62063205060198,30.12911322377569,True
Hyderabad,2009,2009-08-02,24.800518778369327,29.3423279650931,True
Hyderabad,2009,2009-08-03,24.09749909620119,28.785579676072683,True
Hyderabad,2009,2009-08-04,24.56246918596145,28.88780685149292,True
Hyderabad,2009,2009-08-05,24.948941810081475,29.434160206447828,True
Hyderabad,2009,2009-08-06,26.950199486592407,29.78487003601163,True
Hyderabad,2009,2009-08-07,26.47196593176449,30.07524085894366,True
Hyderabad,2009,2009-08-08,26.458988854726897,29.629926131849544,True
Hyderabad,2009,2009-08-09,25.45322363877616,29.097629568591252,True
Hyderabad,2009,2009-08-10,21.535960371039238,28.204189985275658,True
Hyderabad,2009,2009-08-11,25.314915284384533,28.67029851275385,True
Hyderabad,2009,2009-08-12,25.910349285956787,28.97054329386269,True
Hyderabad,2009,2009-08-13,25.88816364381867,29.536326677752,True
Hyderabad,2009,2009-08-14,27.009336355515245,29.76120149756461,True
Hyderabad,2009,2009-08-15,26.771854963816722,29.872936414705716,True
Hyderabad,2009,2009-08-16,26.856230346253774,29.901836848390943,True
Hyderabad,2009,2009-08-17,26.766998337901413,29.971586838589584,True
Hyderabad,2009,2009-08-18,27.835026708009458,29.982533352716477,True
Hyderabad,2009,2009-08-19,27.407472724240264,29.93836718363948,True
Hyderabad,2009,2009-08-20,26.55094288757531,29.740442175346576,True
Hyderabad,2009,2009-08-21,26.496865848471757,29.77456209583601,True
Hyderabad,2009,2009-08-22,27.26857257830662,30.079786692554087,True
Hyderabad,2009,2009-08-23,27.486581143803615,30.188041417605547,True
Hyderabad,2009,2009-08-24,27.041302272721477,30.301712519013805,True
Hyderabad,2009,2009-08-25,28.07660815203768,30.632943692006066,True
Hyderabad,2009,2009-08-26,26.000977416576397,30.060327707069675,True
Hyderabad,2009,2009-08-27,21.995090512966,29.79483362237392,True
Hyderabad,2009,2009-08-28,23.850516715691462,30.143072831504842,True
Hyderabad,2009,2009-08-29,25.750790449961812,30.21192898266894,True
Hyderabad,2009,2009-08-30,26.085067285258297,30.16967082259472,True
Hyderabad,2009,2009-08-31,27.441988122612017,30.34924263987252,True
Hyderabad,2009,2009-09-01,27.90667927239906,30.31907646125097,True
Hyderabad,2009,2009-09-02,28.077457702933195,30.537392623314233,True
Hyderabad,2009,2009-09-03,28.24093391212144,31.064839959995954,True
Hyderabad,2009,2009-09-04,28.071758616289177,30.66971008934004,True
Hyderabad,2009,2009-09-05,27.777353223584207,30.65055236368785,True
Hyderabad,2009,2009-09-06,28.442855477285764,30.639875439343026,True
Hyderabad,2009,2009-09-07,28.408556883632286,30.313923885345822,True
Hyderabad,2009,2009-09-08,28.0581878309391,30.319482987436775,True
Hyderabad,2009,2009-09-09,27.697395853658605,30.571097519931175,True
Hyderabad,2009,2009-09-10,29.814377620147354,32.181346026760956,True
Hyderabad,2009,2009-09-11,30.337691989958426,32.69894539177851,True
Hyderabad,2009,2009-09-12,31.205623846639387,33.11200216516574,True
Hyderabad,2009,2009-09-13,30.559835324272733,32.47342709980481,True
Hyderabad,2009,2009-09-14,29.50575173250747,31.896285379769964,True
Hyderabad,2009,2009-09-15,30.041979102503213,32.23793851865579,True
Hyderabad,2009,2009-09-16,29.790098567654354,32.06378321044824,True
Hyderabad,2009,2009-09-17,29.35886491018315,31.618002284499493,True
Hyderabad,2009,2009-09-18,29.32597821937928,31.598799235558246,True
Hyderabad,2009,2009-09-19,28.909145372304565,31.792284570827054,True
Hyderabad,2009,2009-09-20,29.479678120172494,32.28856877335361,True
Hyderabad,2009,2009-09-21,29.209444335670966,32.12498674394963,True
Hyderabad,2009,2009-09-22,29.938550099374797,32.31788411677937,True
Hyderabad,2009,2009-09-23,30.075312157096086,32.61670380755611,True
Hyderabad,2009,2009-09-24,30.78142053635202,32.998863922691406,True
Hyderabad,2009,2009-09-25,30.1113730438419,32.417836163809696,True
Hyderabad,2009,2009-09-26,28.925781281468527,31.623368409239383,True
Hyderabad,2009,2009-09-27,29.49560622780445,31.936939406629364,True
Hyderabad,2009,2009-09-28,29.97082297242274,32.34705524255087,True
Hyderabad,2009,2009-09-29,30.07145257990943,31.961241323022634,True
Hyderabad,2009,2009-09-30,28.47513614233211,30.88653128772413,True
Hyderabad,2009,2009-10-01,27.596848342578426,30.748264193814027,True
Hyderabad,2009,2009-10-02,27.246598871617298,30.081561874329232,True
Hyderabad,2009,2009-10-03,27.95926573634879,30.10410187663494,True
Hyderabad,2009,2009-10-04,28.175977506383234,30.329938708537274,True
Hyderabad,2009,2009-10-05,28.337000094074778,30.198717811588917,True
Hyderabad,2009,2009-10-06,28.323564276946897,29.59461548991859,True
Hyderabad,2009,2009-10-07,28.731499688184957,30.47885903338233,True
Hyderabad,2009,2009-10-08,29.25789365677365,31.105930048656695,True
Hyderabad,2009,2009-10-09,29.129796733184577,30.99928628695086,True
Hyderabad,2009,2009-10-10,29.09885394034611,31.103888931054986,True
Hyderabad,2009,2009-10-11,28.776918189577344,30.598275318798414,True
Hyderabad,2009,2009-10-12,28.881265251390925,30.674803774111773,True
Hyderabad,2009,2009-10-13,29.377204086525175,30.673836175735552,True
Hyderabad,2009,2009-10-14,29.58250392537194,31.31950834700541,True
Hyderabad,2009,2009-10-15,28.590688400015306,30.420687239036916,True
Hyderabad,2009,2009-10-16,27.50718246765216,29.13232109782773,True
Hyderabad,2009,2009-10-17,26.781124080324275,28.23163645813301,True
Hyderabad,2009,2009-10-18,26.97023147326572,28.2450905523818,True
Hyderabad,2009,2009-10-19,26.670249144743934,29.00926699623169,True
Hyderabad,2009,2009-10-20,28.19386659291542,29.617686328900348,True
Hyderabad,2009,2009-10-21,27.961167568816556,29.4132851699993,True
Hyderabad,2009,2009-10-22,28.59550469530426,30.206653391848626,True
Hyderabad,2009,2009-10-23,27.834902110955834,29.32642580038746,True
Hyderabad,2009,2009-10-24,27.41077192955411,28.84649865581571,True
Hyderabad,2009,2009-10-25,27.619443825956782,29.368359992735282,True
Hyderabad,2009,2009-10-26,28.224614729914087,29.89564326009281,True
Hyderabad,2009,2009-10-27,28.118316658453203,29.618839525145383,True
Hyderabad,2009,2009-10-28,27.70756241306346,29.812116944584474,True
Hyderabad,2009,2009-10-29,27.577776648720945,29.47788024446439,True
Hyderabad,2009,2009-10-30,27.412173281883174,29.04014619908176,True
Hyderabad,2009,2009-10-31,28.129574694434616,29.51250097521522,True
Hyderabad,2009,2009-11-01,28.16491991995111,29.494623496161772,True
Hyderabad,2009,2009-11-02,28.19270877589978,29.29553685057568,True
Hyderabad,2009,2009-11-03,28.394798393456217,29.417077741730985,True
Hyderabad,2009,2009-11-04,27.57024558992247,28.317555735042195,True
Hyderabad,2009,2009-11-05,27.417622333462738,28.563899640490856,True
Hyderabad,2009,2009-11-06,27.267103653618726,28.2096461643271,True
Hyderabad,2009,2009-11-07,26.460136679060632,27.05168364084025,True
Hyderabad,2009,2009-11-08,25.86675329709129,26.530697587336103,True
Hyderabad,2009,2009-11-09,24.832529178117298,25.436262676571772,True
Hyderabad,2009,2009-11-10,24.987165639828866,25.26265559440977,True
Hyderabad,2009,2009-11-11,25.16884802486639,25.065182260406136,True
Hyderabad,2009,2009-11-12,24.09296067445742,24.9229092813005,True
Hyderabad,2009,2009-11-13,25.84375925445149,25.52230256446854,True
Hyderabad,2009,2009-11-14,26.30622365435821,26.86070208149272,True
Hyderabad,2009,2009-11-15,27.035437087200744,27.50350682482418,True
Hyderabad,2009,2009-11-16,26.880586192099663,27.2709397565296,True
Hyderabad,2009,2009-11-17,25.985040442466893,26.531171778895647,True
Hyderabad,2009,2009-11-18,26.172076988848122,25.993298658095842,True
Hyderabad,2009,2009-11-19,25.59392885943359,25.25207887999992,True
Hyderabad,2009,2009-11-20,25.619625016323393,25.383375916384747,True
Hyderabad,2009,2009-11-21,25.863485136407633,25.7934752217281,True
Hyderabad,2009,2009-11-22,25.354312092838956,25.138939620980754,True
Hyderabad,2009,2009-11-23,25.439689971511736,25.039279302684324,True
Hyderabad,2009,2009-11-24,25.59720912981416,25.48776609133198,True
Hyderabad,2009,2009-11-25,27.332200703595372,26.505178507787605,True
Hyderabad,2009,2009-11-26,25.33203302583889,25.054174473105192,True
Hyderabad,2009,2009-11-27,26.38129259038589,25.953517107701565,True
Hyderabad,2009,2009-11-28,26.08895674756545,25.439991731716923,True
Hyderabad,2009,2009-11-29,25.33494988547419,23.898752535927265,True
Hyderabad,2009,2009-11-30,25.180652729275913,23.619755703584737,True
Hyderabad,2009,2009-12-01,25.15774654299645,23.635881605653758,True
Hyderabad,2009,2009-12-02,25.775362384301506,24.01531119722097,True
Hyderabad,2009,2009-12-03,25.12066467334811,24.41481877501001,True
Hyderabad,2009,2009-12-04,25.14958144832821,24.390664144504296,True
Hyderabad,2009,2009-12-05,24.929877850485134,24.024103213068795,True
Hyderabad,2009,2009-12-06,25.02371095382338,24.429749006702632,True
Hyderabad,2009,2009-12-07,25.57457251633223,25.17625497028694,True
Hyderabad,2009,2009-12-08,26.296955975917534,25.553380464001958,True
Hyderabad,2009,2009-12-09,26.71156358425837,26.17747894523678,True
Hyderabad,2009,2009-12-10,25.96291499086849,25.808343626029256,True
Hyderabad,2009,2009-12-11,26.89629480168229,26.119478261018227,True
Hyderabad,2009,2009-12-12,26.34581990301912,26.081767083413258,True
Hyderabad,2009,2009-12-13,27.04078078639584,26.4718643921936,True
Hyderabad,2009,2009-12-14,26.942030571692634,26.17152246444345,True
Hyderabad,2009,2009-12-15,26.552337983441074,25.914773883790325,True
Hyderabad,2009,2009-12-16,26.192855485185618,25.7648410154394,True
Hyderabad,2009,2009-12-17,25.99887752464087,25.771937879000117,True
Hyderabad,2009,2009-12-18,26.527260737093968,25.897555011739264,True
Hyderabad,2009,2009-12-19,24.031055767049793,23.148066910657246,True
Hyderabad,2009,2009-12-20,23.492599170858444,21.314292958218836,True
Hyderabad,2009,2009-12-21,23.910088033022284,21.671359529697593,True
Hyderabad,2009,2009-12-22,24.33485950867923,22.108469065523032,True
Hyderabad,2009,2009-12-23,24.631104317848987,22.39428093318177,True
Hyderabad,2009,2009-12-24,24.91749622540121,22.739937460696325,True
Hyderabad,2009,2009-12-25,24.824407904240623,22.689370740175484,True
Hyderabad,2009,2009-12-26,24.877446165660867,22.743699761007576,True
Hyderabad,2009,2009-12-27,24.893365397373156,22.950833136779973,True
Hyderabad,2009,2009-12-28,24.578585270847114,22.65944282324148,True
Hyderabad,2009,2009-12-29,24.667767688906885,22.47788134928356,True
Hyderabad,2009,2009-12-30,24.870044958778863,22.81908947449705,True
Hyderabad,2009,2009-12-31,24.75977218668229,23.45511005868963,True
Kochi,2005,2005-01-01,31.13318301903705,30.889015661111905,True
Kochi,2005,2005-01-02,30.36177663293532,30.31797694278211,True
Kochi,2005,2005-01-03,29.733911575507918,29.40462145124144,True
Kochi,2005,2005-01-04,28.57425138243214,29.031122451427457,True
Kochi,2005,2005-01-05,30.216667442505884,29.562364393617294,True
Kochi,2005,2005-01-06,30.987568161055194,30.378417117446265,True
Kochi,2005,2005-01-07,30.4270237404539,29.961682713255737,True
Kochi,2005,2005-01-08,29.55804432219285,28.47599338501107,True
Kochi,2005,2005-01-09,29.05503303918769,27.957516053745294,True
Kochi,2005,2005-01-10,27.908178571408598,27.533500556360433,True
Kochi,2005,2005-01-11,29.51878089493956,28.562463171395706,True
Kochi,2005,2005-01-12,28.362355595459803,28.83371478406278,True
Kochi,2005,2005-01-13,28.89928282497771,28.80721127843135,True
Kochi,2005,2005-01-14,30.15774834036998,29.512767109066125,True
Kochi,2005,2005-01-15,30.68299594361526,30.160898152703965,True
Kochi,2005,2005-01-16,29.596630630006565,29.252400496862663,True
Kochi,2005,2005-01-17,30.07828036298853,29.93367509676036,True
Kochi,2005,2005-01-18,31.09025365533982,30.559748046545558,True
Kochi,2005,2005-01-19,30.21920424540793,29.66864435394194,True
Kochi,2005,2005-01-20,29.73230096843799,29.614512939873144,True
Kochi,2005,2005-01-21,30.714744856510364,30.2517247350414,True
Kochi,2005,2005-01-22,30.092162658511004,29.8876362874391,True
Kochi,2005,2005-01-23,30.877975066803504,30.607504154871872,True
Kochi,2005,2005-01-24,32.58576699133753,31.724640879895833,True
Kochi,2005,2005-01-25,32.709039018991334,31.759944205947722,True
Kochi,2005,2005-01-26,33.216677548589345,32.07791489749284,True
Kochi,2005,2005-01-27,33.06467497969097,32.04845034182978,True
Kochi,2005,2005-01-28,33.28006554170053,32.27140099363198,True
Kochi,2005,2005-01-29,32.57515043419299,32.29129748559393,True
Kochi,2005,2005-01-30,31.652103777359194,31.44331018567247,True
Kochi,2005,2005-01-31,31.49487601070033,31.22901409667889,True
Kochi,2005,2005-02-01,32.538330888567394,31.854467228720267,True
Kochi,2005,2005-02-02,31.296118303806594,30.78297901883762,True
Kochi,2005,2005-02-03,31.433853589204762,30.58114726445043,True
Kochi,2005,2005-02-04,31.222103584482483,30.350748405425644,True
Kochi,2005,2005-02-05,31.25983218636067,30.327082338827516,True
Kochi,2005,2005-02-06,31.344855588907862,30.08901947128099,True
Kochi,2005,2005-02-07,30.264714811781595,29.19159286016417,True
Kochi,2005,2005-02-08,30.902783217476628,29.6674033071333,True
Kochi,2005,2005-02-09,30.633302741563668,29.30252557325047,True
Kochi,2005,2005-02-10,30.134133901230584,29.048674867716816,True
Kochi,2005,2005-02-11,30.307161295828536,28.610840860981945,True
Kochi,2005,2005-02-12,31.227958829066182,29.77428808404963,True
Kochi,2005,2005-02-13,31.137191803728513,29.597330002093916,True
Kochi,2005,2005-02-14,31.85601902435651,30.16813712543566,True
Kochi,2005,2005-02-15,31.687417305500592,30.061957704060486,True
Kochi,2005,2005-02-16,32.20583675971053,30.777136939581183,True
Kochi,2005,2005-02-17,29.904366559468492,29.334286209022746,True
Kochi,2005,2005-02-18,30.854193890106572,29.99525995818595,True
Kochi,2005,2005-02-19,31.639121935400695,31.035871378999488,True
Kochi,2005,2005-02-20,31.11030554721407,30.338118200301146,True
Kochi,2005,2005-02-21,30.519909243323415,29.815274513456785,True
Kochi,2005,2005-02-22,32.04942523796667,30.170170041310012,True
Kochi,2005,2005-02-23,32.422858488565005,30.434648497297736,True
Kochi,2005,2005-02-24,33.987804836915615,32.647811448879935,True
Kochi,2005,2005-02-25,34.48169599304379,33.32163168223256,True
Kochi,2005,2005-02-26,33.542751375723526,32.6774459764,True
Kochi,2005,2005-02-27,33.88901200741214,32.90526664125637,True
Kochi,2005,2005-02-28,32.93961554141742,32.06890377698791,True
Kochi,2005,2005-03-01,33.1321339125774,31.91362956414737,True
Kochi,2005,2005-03-02,34.42607881957204,33.48683388651093,True
Kochi,2005,2005-03-03,34.33477635295009,33.37581939628363,True
Kochi,2005,2005-03-04,34.44246501947599,33.370353477241935,True
Kochi,2005,2005-03-05,33.131703910225454,31.943883821565848,True
Kochi,2005,2005-03-06,32.58134423284156,31.63867074686097,True
Kochi,2005,2005-03-07,33.16780448382772,32.015234155449704,True
Kochi,2005,2005-03-08,32.646474227556325,31.46010873601104,True
Kochi,2005,2005-03-09,31.698819324247154,30.502354117763947,True
Kochi,2005,2005-03-10,31.48828746269686,29.868205190678783,True
Kochi,2005,2005-03-11,32.20561660950149,30.573037831686136,True
Kochi,2005,2005-03-12,32.54543272496687,30.348859652968667,True
Kochi,2005,2005-03-13,32.21621007954627,29.812045651792886,True
Kochi,2005,2005-03-14,32.39752953594471,30.09356838989315,True
Kochi,2005,2005-03-15,32.137798206417,30.197077012037923,True
Kochi,2005,2005-03-16,33.197152899638354,31.527641720894405,True
Kochi,2005,2005-03-17,32.80963819651202,31.564401701412457,True
Kochi,2005,2005-03-18,31.925648326498514,31.046933675559877,True
Kochi,2005,2005-03-19,32.94914027803848,32.1226694687106,True
Kochi,2005,2005-03-20,33.375467184873365,32.76135745674014,True
Kochi,2005,2005-03-21,32.52056449202328,31.91018824889961,True
Kochi,2005,2005-03-22,32.50898728968329,30.89881530221776,True
Kochi,2005,2005-03-23,33.306428341346326,31.723485472509314,True
Kochi,2005,2005-03-24,32.505872686056435,30.77883384334198,True
Kochi,2005,2005-03-25,33.138739726669726,31.964005919489637,True
Kochi,2005,2005-03-26,33.38181852667855,32.21385280044776,True
Kochi,2005,2005-03-27,33.30342483568552,32.18176709719355,True
Kochi,2005,2005-03-28,33.46022265255701,32.847670580793775,True
Kochi,2005,2005-03-29,32.09337601343799,31.689566555972117,True
Kochi,2005,2005-03-30,31.886379257909788,31.416950018425236,True
Kochi,2005,2005-03-31,32.38309386920925,31.74527566505872,True
Kochi,2005,2005-04-01,33.059466909922286,32.19379273541484,True
Kochi,2005,2005-04-02,33.04558409382712,32.0266755648454,True
Kochi,2005,2005-04-03,33.6660952825683,32.478010312587344,True
Kochi,2005,2005-04-04,33.76005244359965,32.96790117917002,True
Kochi,2005,2005-04-05,32.480953576268114,32.54284836325061,True
Kochi,2005,2005-04-06,32.25072407746056,32.39653983811032,True
Kochi,2005,2005-04-07,32.935993874437855,33.02901413105366,True
Kochi,2005,2005-04-08,32.533922417220566,32.497686436970724,True
Kochi,2005,2005-04-09,32.4920688630816,32.31257339031798,True
Kochi,2005,2005-04-10,32.88546993759089,32.77652550437932,True
Kochi,2005,2005-04-11,32.090989587465415,32.17908438698454,True
Kochi,2005,2005-04-12,32.11397538528955,31.99950556774087,True
Kochi,2005,2005-04-13,32.079922345802956,32.39231150682709,True
Kochi,2005,2005-04-14,34.683881763765065,34.75053175572023,True
Kochi,2005,2005-04-15,33.68715550767724,33.76664016991394,True
Kochi,2005,2005-04-16,31.413247871989057,31.33122337377582,True
Kochi,2005,2005-04-17,32.65576007988057,31.88335983408894,True
Kochi,2005,2005-04-18,33.26700962543382,32.49946555322293,True
Kochi,2005,2005-04-19,33.61975587014479,33.08837968543022,True
Kochi,2005,2005-04-20,32.26350267840404,32.32297661985437,True
Kochi,2005,2005-04-21,32.02159114114306,31.717225856752915,True
Kochi,2005,2005-04-22,31.480540795069622,31.354763966394916,True
Kochi,2005,2005-04-23,32.29754289340964,32.39900512878959,True
Kochi,2005,2005-04-24,32.77344796821254,33.34651487923841,True
Kochi,2005,2005-04-25,33.24178557942819,33.48187694728882,True
Kochi,2005,2005-04-26,33.42406482283213,33.89611490309334,True
Kochi,2005,2005-04-27,32.5560272581571,32.84433431016117,True
Kochi,2005,2005-04-28,32.49602535137653,32.599774237860274,True
Kochi,2005,2005-04-29,31.911064852459354,32.09320805084485,True
Kochi,2005,2005-04-30,31.551873577678883,31.082009853586875,True
Kochi,2005,2005-05-01,31.925611027476634,31.48365052890284,True
Kochi,2005,2005-05-02,33.12334793330972,32.37287944992453,True
Kochi,2005,2005-05-03,33.5040267871222,32.42737870923225,True
Kochi,2005,2005-05-04,33.30881700577614,32.46437245620144,True
Kochi,2005,2005-05-05,33.79717392826437,33.24069774667272,True
Kochi,2005,2005-05-06,33.70765875607496,33.04204312048453,True
Kochi,2005,2005-05-07,32.86327386754099,31.856776132852517,True
Kochi,2005,2005-05-08,33.19308232145245,32.55578820835958,True
Kochi,2005,2005-05-09,33.62581383915254,33.529062120461816,True
Kochi,2005,2005-05-10,33.77127510319141,34.011026369464005,True
Kochi,2005,2005-05-11,32.73221262620548,32.50959032044813,True
Kochi,2005,2005-05-12,33.69693757825081,34.08008460806036,True
Kochi,2005,2005-05-13,31.576133059225263,31.866366720575602,True
Kochi,2005,2005-05-14,31.538898471513647,31.764174931626734,True
Kochi,2005,2005-05-15,31.348846328793876,31.100504725659686,True
Kochi,2005,2005-05-16,30.44294239588576,30.63741127370539,True
Kochi,2005,2005-05-17,31.562097392910612,31.15348331804086,True
Kochi,2005,2005-05-18,31.882661155019026,32.335750098303045,True
Kochi,2005,2005-05-19,31.71836646116353,32.28358587733405,True
Kochi,2005,2005-05-20,33.13197339647668,33.8581953645213,True
Kochi,2005,2005-05-21,32.861875743720816,33.18562342461913,True
Kochi,2005,2005-05-22,32.344771965735454,32.77723743715311,True
Kochi,2005,2005-05-23,31.79281699341772,32.05039972786508,True
Kochi,2005,2005-05-24,32.183736992303906,31.928117828362407,True
Kochi,2005,2005-05-25,30.951135772378784,30.89897668446354,True
Kochi,2005,2005-05-26,31.835792864360815,31.386502485204478,True
Kochi,2005,2005-05-27,31.940434236098092,31.922608041663437,True
Kochi,2005,2005-05-28,32.27441004441341,31.83947270256135,True
Kochi,2005,2005-05-29,31.28257867737701,30.766072250951062,True
Kochi,2005,2005-05-30,31.155462941311562,30.951669994979643,True
Kochi,2005,2005-05-31,31.03812656975567,30.94021176929139,True
Kochi,2005,2005-06-01,31.152877372154087,31.634664834440905,True
Kochi,2005,2005-06-02,31.636568975391768,32.07791725236232,True
Kochi,2005,2005-06-03,30.676898644725494,31.58913758329818,True
Kochi,2005,2005-06-04,31.611590093040405,32.15329559427001,True
Kochi,2005,2005-06-05,31.640960959271627,32.14919854042534,True
Kochi,2005,2005-06-06,31.35989182601688,31.929969846484134,True
Kochi,2005,2005-06-07,31.12937384812318,32.04158486377587,True
Kochi,2005,2005-06-08,30.812241106247996,31.65656477420734,True
Kochi,2005,2005-06-09,31.215544950484325,31.797780467068435,True
Kochi,2005,2005-06-10,30.120761233323435,31.346635015231325,True
Kochi,2005,2005-06-11,30.38157008517983,31.210055317182913,True
Kochi,2005,2005-06-12,29.474670004430063,30.29361508675413,True
Kochi,2005,2005-06-13,29.172605678060084,30.1783140165641,True
Kochi,2005,2005-06-14,28.713685654744953,29.948593445760718,True
Kochi,2005,2005-06-15,28.29917000538275,29.59466029438442,True
Kochi,2005,2005-06-16,29.515129535375863,30.330883012641433,True
Kochi,2005,2005-06-17,28.451472831186717,29.682212623618838,True
Kochi,2005,2005-06-18,28.605562818625348,29.982255244767344,True
Kochi,2005,2005-06-19,30.26289607354289,31.246027718899274,True
Kochi,2005,2005-06-20,30.36017185506749,30.76221777922633,True
Kochi,2005,2005-06-21,30.172935266532757,30.755940214577027,True
Kochi,2005,2005-06-22,29.935789637038585,30.725304733524343,True
Kochi,2005,2005-06-23,29.842434634524658,30.672544395990258,True
Kochi,2005,2005-06-24,30.080841302094626,31.033529046044873,True
Kochi,2005,2005-06-25,29.759506541870476,30.726296752882835,True
Kochi,2005,2005-06-26,29.65025870164155,30.46985599417071,True
Kochi,2005,2005-06-27,29.18242103962899,29.99691887621614,True
Kochi,2005,2005-06-28,29.093792135473393,29.9034660362936,True
Kochi,2005,2005-06-29,29.513293949102756,30.348418256851833,True
Kochi,2005,2005-06-30,29.43415396672432,30.154262013044324,True
Kochi,2005,2005-07-01,29.602688790242357,30.393054941079928,True
Kochi,2005,2005-07-02,29.39250433913478,30.269337401391095,True
Kochi,2005,2005-07-03,28.866772243560977,30.00684854249498,True
Kochi,2005,2005-07-04,29.347265478219065,30.17249478729737,True
Kochi,2005,2005-07-05,28.693249085124386,30.185457853870517,True
Kochi,2005,2005-07-06,27.29751015925551,29.909526154540707,True
Kochi,2005,2005-07-07,28.194627161767126,30.03235617257658,True
Kochi,2005,2005-07-08,28.611190311349016,30.44942801330708,True
Kochi,2005,2005-07-09,28.298400769267186,30.215022191021937,True
Kochi,2005,2005-07-10,28.243783231090724,29.933612132115808,True
Kochi,2005,2005-07-11,29.04473264343744,30.248716787611144,True
Kochi,2005,2005-07-12,29.973248392679206,30.529795181955418,True
Kochi,2005,2005-07-13,30.085354253584264,30.599597780399936,True
Kochi,2005,2005-07-14,29.87907901897674,30.460098400525577,True
Kochi,2005,2005-07-15,29.20566705169576,30.12375004317404,True
Kochi,2005,2005-07-16,29.315484602397703,30.159998860892944,True
Kochi,2005,2005-07-17,29.298462881665884,30.089586703548797,True
Kochi,2005,2005-07-18,29.158472000474823,30.000407228112238,True
Kochi,2005,2005-07-19,27.956177142567537,29.74079972868657,True
Kochi,2005,2005-07-20,28.552050783593103,29.93922207305742,True
Kochi,2005,2005-07-21,28.783094594118783,30.055626904131728,True
Kochi,2005,2005-07-22,29.282593726760837,30.164965483045606,True
Kochi,2005,2005-07-23,30.11262884592233,30.42981325896348,True
Kochi,2005,2005-07-24,30.598461696859623,30.543267716901497,True
Kochi,2005,2005-07-25,30.205524020358204,30.447944809114613,True
Kochi,2005,2005-07-26,30.611862206596054,30.48979285744589,True
Kochi,2005,2005-07-27,30.723030399983784,30.591910870318163,True
Kochi,2005,2005-07-28,29.2927709719147,30.33770444077729,True
Kochi,2005,2005-07-29,29.507549361332032,30.46859588370253,True
Kochi,2005,2005-07-30,29.69321947714364,30.481330185237365,True
Kochi,2005,2005-07-31,29.668182899056188,30.506188335622912,True
Kochi,2005,2005-08-01,30.03442856248432,30.55933372935724,True
Kochi,2005,2005-08-02,29.716324046662134,30.675918367755163,True
Kochi,2005,2005-08-03,29.728711291010804,30.6948240521224,True
Kochi,2005,2005-08-04,28.99188797812663,30.203165258881047,True
Kochi,2005,2005-08-05,29.244408103481042,30.259853042288494,True
Kochi,2005,2005-08-06,28.737243429412814,29.992445324474545,True
Kochi,2005,2005-08-07,29.419238060177683,30.263925553691724,True
Kochi,2005,2005-08-08,29.510165315303922,30.245448624843625,True
Kochi,2005,2005-08-09,29.600654186588876,30.38310906636444,True
Kochi,2005,2005-08-10,28.90678349290691,30.052731961512837,True
Kochi,2005,2005-08-11,29.244471996770944,30.314063209089937,True
Kochi,2005,2005-08-12,28.869884053189818,30.049132374894505,True
Kochi,2005,2005-08-13,28.329790095026244,29.925093526676385,True
Kochi,2005,2005-08-14,29.696446409578012,30.554825496592738,True
Kochi,2005,2005-08-15,28.97689177153623,30.186734652321583,True
Kochi,2005,2005-08-16,28.319989317457292,30.046860562989377,True
Kochi,2005,2005-08-17,28.6840227378101,30.208073501860024,True
Kochi,2005,2005-08-18,28.699397274380836,29.99838753150039,True
Kochi,2005,2005-08-19,29.22066369556755,30.30497007816276,True
Kochi,2005,2005-08-20,29.102195599840798,30.210169384416258,True
Kochi,2005,2005-08-21,28.584200288106295,30.00265282130462,True
Kochi,2005,2005-08-22,29.040046843180953,30.34085184562005,True
Kochi,2005,2005-08-23,30.222403036180324,30.878072718246333,True
Kochi,2005,2005-08-24,28.880892308644995,30.052522507820072,True
Kochi,2005,2005-08-25,29.14767651899505,30.276546630758375,True
Kochi,2005,2005-08-26,29.7574952048,30.697987869523967,True
Kochi,2005,2005-08-27,29.23788930039217,30.268566863993872,True
Kochi,2005,2005-08-28,29.130252407650996,30.50527553821333,True
Kochi,2005,2005-08-29,29.189573056150163,30.670857032395993,True
Kochi,2005,2005-08-30,29.632259426294745,30.83908380982095,True
Kochi,2005,2005-08-31,29.690802290622372,30.620056519313174,True
Kochi,2005,2005-09-01,29.63479966207148,30.78879374079502,True
Kochi,2005,2005-09-02,29.143836363927356,30.35198016731961,True
Kochi,2005,2005-09-03,28.902203810730487,30.39061657404304,True
Kochi,2005,2005-09-04,29.35881628610568,30.647341919363612,True
Kochi,2005,2005-09-05,28.79021024765419,30.193380089636065,True
Kochi,2005,2005-09-06,27.851271553153516,29.92304347492071,True
Kochi,2005,2005-09-07,28.180347669530047,29.912457856848185,True
Kochi,2005,2005-09-08,28.870032527945423,30.583127242341778,True
Kochi,2005,2005-09-09,28.83738971476703,30.334295070824574,True
Kochi,2005,2005-09-10,29.384270236943053,30.857948118534495,True
Kochi,2005,2005-09-11,30.15540191546698,31.434013285470197,True
Kochi,2005,2005-09-12,30.758345332151162,31.781776277244866,True
Kochi,2005,2005-09-13,30.397956561581857,31.4923343269413,True
Kochi,2005,2005-09-14,30.29146345939639,31.225731952831477,True
Kochi,2005,2005-09-15,30.07713707871754,30.991175164480943,True
Kochi,2005,2005-09-16,30.343974796106362,31.196776494148164,True
Kochi,2005,2005-09-17,30.49886507781438,31.47767258634843,True
Kochi,2005,2005-09-18,30.127804441363402,30.650851228690478,True
Kochi,2005,2005-09-19,30.683009543716768,30.92035458106748,True
Kochi,2005,2005-09-20,29.719027426655767,30.60676920837983,True
Kochi,2005,2005-09-21,30.4037201962168,31.223415390017987,True
Kochi,2005,2005-09-22,30.11854720776668,30.851184259294172,True
Kochi,2005,2005-09-23,29.901895223245397,30.910649933890976,True
Kochi,2005,2005-09-24,30.39226856306108,31.150442172715724,True
Kochi,2005,2005-09-25,30.789974674321794,31.198969635752444,True
Kochi,2005,2005-09-26,30.482242423363743,31.66681373873887,True
Kochi,2005,2005-09-27,30.486292062443194,32.1725199942463,True
Kochi,2005,2005-09-28,30.762312555649622,32.38970242892571,True
Kochi,2005,2005-09-29,30.56445728534217,32.39939733841296,True
Kochi,2005,2005-09-30,30.07888198277338,32.04264554677374,True
Kochi,2005,2005-10-01,30.40547603541837,32.416933596364686,True
Kochi,2005,2005-10-02,30.254486209461092,32.145324581527696,True
Kochi,2005,2005-10-03,30.52716685388731,32.365115987215574,True
Kochi,2005,2005-10-04,31.07418541856011,32.39959021429659,True
Kochi,2005,2005-10-05,31.58377013820875,32.59914408636033,True
Kochi,2005,2005-10-06,30.90295807469353,32.32284793149777,True
Kochi,2005,2005-10-07,30.28523053985139,31.597541383488384,True
Kochi,2005,2005-10-08,30.720872634562824,32.02104665461949,True
Kochi,2005,2005-10-09,30.37813136962048,31.628629104901744,True
Kochi,2005,2005-10-10,30.871237406812607,32.00127599200131,True
Kochi,2005,2005-10-11,31.0318392704229,32.030436087120904,True
Kochi,2005,2005-10-12,31.435801920310542,32.5622226512759,True
Kochi,2005,2005-10-13,31.979291580620497,32.732379609867806,True
Kochi,2005,2005-10-14,32.03072965912179,32.652196403638186,True
Kochi,2005,2005-10-15,32.314110071803455,33.01778461635049,True
Kochi,2005,2005-10-16,32.9030223630115,33.2773141796719,True
Kochi,2005,2005-10-17,32.17239411138257,33.26356782203355,True
Kochi,2005,2005-10-18,31.43212933668292,32.23545340784044,True
Kochi,2005,2005-10-19,31.57893337055707,32.47856944882468,True
Kochi,2005,2005-10-20,31.2671636300717,32.088159263014475,True
Kochi,2005,2005-10-21,32.403781160880165,33.25744318309798,True
Kochi,2005,2005-10-22,31.36922249632888,32.371971006817105,True
Kochi,2005,2005-10-23,31.99822899362946,33.19460701553615,True
Kochi,2005,2005-10-24,32.96381312277251,33.511754518607965,True
Kochi,2005,2005-10-25,33.10317080632617,33.54089090133956,True
Kochi,2005,2005-10-26,31.119926095760306,31.802957966736738,True
Kochi,2005,2005-10-27,31.87633318171351,32.211724134641415,True
Kochi,2005,2005-10-28,31.38202603293051,31.970396866282005,True
Kochi,2005,2005-10-29,30.870232975120388,31.886395525350547,True
Kochi,2005,2005-10-30,31.280153328487618,32.13009285747322,True
Kochi,2005,2005-10-31,31.151955995092226,32.058511055084196,True
Kochi,2005,2005-11-01,32.50564570992843,33.19846835909953,True
Kochi,2005,2005-11-02,31.559613034237252,32.444077395046314,True
Kochi,2005,2005-11-03,30.632012373324002,31.99222527786888,True
Kochi,2005,2005-11-04,32.0213812971431,32.827932631237346,True
Kochi,2005,2005-11-05,31.374276579417337,32.09063254489112,True
Kochi,2005,2005-11-06,32.23615006911133,32.6722581578253,True
Kochi,2005,2005-11-07,33.03554119499087,33.34171673479856,True
Kochi,2005,2005-11-08,32.830497727439884,33.69205942014894,True
Kochi,2005,2005-11-09,31.865951069892542,32.54392696296396,True
Kochi,2005,2005-11-10,31.632227424288434,31.900840897738842,True
Kochi,2005,2005-11-11,28.88535962191502,30.52664630035829,True
Kochi,2005,2005-11-12,29.835312430655467,31.217121528898048,True
Kochi,2005,2005-11-13,31.247096984398798,31.956449077160453,True
Kochi,2005,2005-11-14,31.95724563536217,32.643230043412714,True
Kochi,2005,2005-11-15,32.74956710574891,33.48951285650517,True
Kochi,2005,2005-11-16,32.475880559738016,33.39639318748726,True
Kochi,2005,2005-11-17,32.1341909971672,32.67719688418864,True
Kochi,2005,2005-11-18,32.264745154948855,32.725208823717324,True
Kochi,2005,2005-11-19,32.28209025249054,32.59614667322927,True
Kochi,2005,2005-11-20,31.73066645759624,32.11842007783998,True
Kochi,2005,2005-11-21,30.739449676399307,31.335333029334425,True
Kochi,2005,2005-11-22,30.672979247715237,31.260423417685455,True
Kochi,2005,2005-11-23,31.943897933009527,32.40753278692262,True
Kochi,2005,2005-11-24,31.540605581884925,31.84779603133763,True
Kochi,2005,2005-11-25,30.91639695482816,31.23716346829202,True
Kochi,2005,2005-11-26,29.748714659967032,30.429555073868993,True
Kochi,2005,2005-11-27,31.538230238306124,31.612985531341227,True
Kochi,2005,2005-11-28,31.882923115819928,31.742728801665073,True
Kochi,2005,2005-11-29,32.12468960776981,32.163386836838384,True
Kochi,2005,2005-11-30,32.12677824513188,32.18864775824398,True
Kochi,2005,2005-12-01,32.27701521097273,32.46352961056955,True
Kochi,2005,2005-12-02,32.41836221833641,32.626441436098894,True
Kochi,2005,2005-12-03,31.75429256467705,32.20730955923058,True
Kochi,2005,2005-12-04,32.29040455071447,32.51989902472718,True
Kochi,2005,2005-12-05,32.00082064359813,31.793076073922233,True
Kochi,2005,2005-12-06,29.874171705935165,29.886800843326952,True
Kochi,2005,2005-12-07,29.808065818971137,29.872644079116604,True
Kochi,2005,2005-12-08,32.25264149350156,31.550341331129037,True
Kochi,2005,2005-12-09,31.461650477444792,31.379181294540153,True
Kochi,2005,2005-12-10,32.83940611851844,32.57315755372322,True
Kochi,2005,2005-12-11,31.67223015154275,31.75915133872191,True
Kochi,2005,2005-12-12,32.7554210614889,32.74086171506725,True
Kochi,2005,2005-12-13,31.134821669233418,31.116341279396835,True
Kochi,2005,2005-12-14,30.56838356935025,30.930173156444845,True
Kochi,2005,2005-12-15,31.49119322220459,31.82764862196221,True
Kochi,2005,2005-12-16,30.739276941142226,31.354169963250158,True
Kochi,2005,2005-12-17,30.259062612752782,30.998025119090336,True
Kochi,2005,2005-12-18,30.878329403783162,30.907445622000676,True
Kochi,2005,2005-12-19,31.52318492629395,31.38233202617215,True
Kochi,2005,2005-12-20,31.520257885471295,31.65861572456774,True
Kochi,2005,2005-12-21,31.625042898349076,31.75913825484713,True
Kochi,2005,2005-12-22,31.657944069334338,31.861924048812387,True
Kochi,2005,2005-12-23,31.686290900809905,31.92909651000054,True
Kochi,2005,2005-12-24,31.491656862895596,31.595024179977365,True
Kochi,2005,2005-12-25,31.790001082847123,31.90662692901467,True
Kochi,2005,2005-12-26,31.148742032623073,31.51938752035571,True
Kochi,2005,2005-12-27,30.466552773507004,30.876672987741248,True
Kochi,2005,2005-12-28,31.1700148530669,30.742034294135625,True
Kochi,2005,2005-12-29,31.635847247998797,31.37332205078462,True
Kochi,2005,2005-12-30,29.394149921932133,29.442450954654326,True
Kochi,2005,2005-12-31,29.764656334010045,29.72511649530893,True
Kochi,2007,2007-01-01,28.775639244522765,29.223751400027954,True
Kochi,2007,2007-01-02,28.313228620964285,29.141774770947222,True
Kochi,2007,2007-01-03,27.931331410901663,29.15410621426544,True
Kochi,2007,2007-01-04,29.594714316784028,30.082999200027402,True
Kochi,2007,2007-01-05,28.501804881770642,29.417284912951825,True
Kochi,2007,2007-01-06,27.737912564733122,28.50411097362708,True
Kochi,2007,2007-01-07,27.93820838720419,28.728005163505237,True
Kochi,2007,2007-01-08,30.619570197220714,30.08681430427012,True
Kochi,2007,2007-01-09,31.10928867191513,30.520323525136277,True
Kochi,2007,2007-01-10,31.44861972320161,30.931893557765097,True
Kochi,2007,2007-01-11,32.42843986753013,32.0188729958721,True
Kochi,2007,2007-01-12,30.539620500108477,30.645793051056692,True
Kochi,2007,2007-01-13,30.86799729145989,30.67439870442566,True
Kochi,2007,2007-01-14,28.91801222648725,28.853564678723387,True
Kochi,2007,2007-01-15,27.665698994398202,28.011392912855236,True
Kochi,2007,2007-01-16,29.11588889330399,29.28585548610564,True
Kochi,2007,2007-01-17,29.975389595826375,29.84766351059025,True
Kochi,2007,2007-01-18,30.0311588161539,29.772195015147798,True
Kochi,2007,2007-01-19,30.05138854741452,29.915866463361425,True
Kochi,2007,2007-01-20,29.80666217455348,29.86926755800777,True
Kochi,2007,2007-01-21,29.24609889670112,29.57264206631591,True
Kochi,2007,2007-01-22,28.826852461241625,29.406786746812106,True
Kochi,2007,2007-01-23,30.016355235499162,29.906676494029497,True
Kochi,2007,2007-01-24,30.335387585671807,30.17080280523531,True
Kochi,2007,2007-01-25,31.24278864353069,30.791644397053386,True
Kochi,2007,2007-01-26,30.885385193366496,30.94751170779268,True
Kochi,2007,2007-01-27,29.90171886705222,30.094252947680506,True
Kochi,2007,2007-01-28,30.263841364580394,30.36174699895482,True
Kochi,2007,2007-01-29,29.565694734793098,29.85426235287975,True
Kochi,2007,2007-01-30,30.465607819003836,30.723187954309104,True
Kochi,2007,2007-01-31,32.58737789413513,32.00705132829051,True
Kochi,2007,2007-02-01,31.398065496902888,31.07711661021646,True
Kochi,2007,2007-02-02,31.750199269545586,31.19704287409444,True
Kochi,2007,2007-02-03,31.156436962808257,30.92366211454049,True
Kochi,2007,2007-02-04,31.563911177211686,31.043047126880026,True
Kochi,2007,2007-02-05,31.58212999241735,31.194981684057687,True
Kochi,2007,2007-02-06,31.517908717095843,31.099401400373935,True
Kochi,2007,2007-02-07,32.305435752631496,31.43544810119108,True
Kochi,2007,2007-02-08,31.78576288730655,31.088242382643358,True
Kochi,2007,2007-02-09,31.924148944115704,31.249284792529483,True
Kochi,2007,2007-02-10,31.579169924040297,31.404709932000433,True
Kochi,2007,2007-02-11,31.61181905774778,32.01884836840718,True
Kochi,2007,2007-02-12,33.1922849813779,32.238488033520234,True
Kochi,2007,2007-02-13,32.97558811623591,32.10348573548383,True
Kochi,2007,2007-02-14,32.80543787387043,32.0400559371634,True
Kochi,2007,2007-02-15,33.08361483950904,32.36428068996632,True
Kochi,2007,2007-02-16,31.225110600660777,30.400381238286144,True
Kochi,2007,2007-02-17,31.768540998784893,30.40679092673381,True
Kochi,2007,2007-02-18,32.280711591129176,31.00277394930393,True
Kochi,2007,2007-02-19,31.832558544609846,30.56860381492056,True
Kochi,2007,2007-02-20,31.735102933670248,31.10855511882047,True
Kochi,2007,2007-02-21,33.71271057376008,32.20821099523033,True
Kochi,2007,2007-02-22,33.5612547347629,32.04582989953807,True
Kochi,2007,2007-02-23,32.645495086701516,31.7847680019147,True
Kochi,2007,2007-02-24,31.828124082524745,31.3549143513278,True
Kochi,2007,2007-02-25,31.745750255306852,31.24904409674586,True
Kochi,2007,2007-02-26,31.035504098573938,30.620830065136833,True
Kochi,2007,2007-02-27,30.80003278180432,30.214612209851065,True
Kochi,2007,2007-02-28,31.578184312228878,30.388215233450804,True
Kochi,2007,2007-03-01,32.51855655721175,31.234760798058154,True
Kochi,2007,2007-03-02,33.58770633297358,32.06364098018042,True
Kochi,2007,2007-03-03,32.72523182073739,31.446320721625657,True
Kochi,2007,2007-03-04,32.40232477380704,31.580524030444067,True
Kochi,2007,2007-03-05,32.46580172166962,31.634658463058933,True
Kochi,2007,2007-03-06,32.184483680131635,31.482183991793566,True
Kochi,2007,2007-03-07,31.48192075266364,30.761123937343,True
Kochi,2007,2007-03-08,32.98896166242727,32.072082654588115,True
Kochi,2007,2007-03-09,33.64995950395888,32.33084964286269,True
Kochi,2007,2007-03-10,32.86286403530243,32.0141597971035,True
Kochi,2007,2007-03-11,32.86526442489103,31.548474428605083,True
Kochi,2007,2007-03-12,33.685145303168504,32.235673176790215,True
Kochi,2007,2007-03-13,33.09424530454115,32.33527927144995,True
Kochi,2007,2007-03-14,32.742657895082495,32.24802182584731,True
Kochi,2007,2007-03-15,32.66102020065729,32.235808426020796,True
Kochi,2007,2007-03-16,33.45036176085213,32.601922267738004,True
Kochi,2007,2007-03-17,32.77231201710811,32.12948314959859,True
Kochi,2007,2007-03-18,34.64813552201727,33.68040360191027,True
Kochi,2007,2007-03-19,34.527818894649926,34.08347176749216,True
Kochi,2007,2007-03-20,33.21787969071707,33.08545825733096,True
Kochi,2007,2007-03-21,32.209649333988395,31.892479941291068,True
Kochi,2007,2007-03-22,32.091240270631346,31.995824311701895,True
Kochi,2007,2007-03-23,32.952978757301345,32.75528110511366,True
Kochi,2007,2007-03-24,32.612869046522995,32.73046759222242,True
Kochi,2007,2007-03-25,34.649038993622945,34.354248801593485,True
Kochi,2007,2007-03-26,34.43182598464854,33.82440523126468,True
Kochi,2007,2007-03-27,34.36815028196542,34.05702551086536,True
Kochi,2007,2007-03-28,33.20427399154612,33.07976217802836,True
Kochi,2007,2007-03-29,33.80740271778271,33.98720107469341,True
Kochi,2007,2007-03-30,33.086465259197695,32.5602278375664,True
Kochi,2007,2007-03-31,31.72660939717129,30.81933840926261,True
Kochi,2007,2007-04-01,32.06531602033057,31.736621951715872,True
Kochi,2007,2007-04-02,31.98609392651212,31.662743774703287,True
Kochi,2007,2007-04-03,32.18280641382582,31.004119303033125,True
Kochi,2007,2007-04-04,31.484878100970292,30.235037556260956,True
Kochi,2007,2007-04-05,30.994709889352812,30.263323855798113,True
Kochi,2007,2007-04-06,31.469819898783932,31.229797250599223,True
Kochi,2007,2007-04-07,31.907790047108055,31.816687503895437,True
Kochi,2007,2007-04-08,32.89597986371334,32.80975759846721,True
Kochi,2007,2007-04-09,33.0701302609703,33.03975900137521,True
Kochi,2007,2007-04-10,32.40255769120454,32.41861129236667,True
Kochi,2007,2007-04-11,33.405649064988744,33.33954316362992,True
Kochi,2007,2007-04-12,32.56060185007239,32.64868718026039,True
Kochi,2007,2007-04-13,32.12646008051628,32.00533259659494,True
Kochi,2007,2007-04-14,32.7062171980275,32.636177228020024,True
Kochi,2007,2007-04-15,32.696878636690776,32.55288496164502,True
Kochi,2007,2007-04-16,32.87325196198247,32.913863875219064,True
Kochi,2007,2007-04-17,31.71286253966162,31.783208201502788,True
Kochi,2007,2007-04-18,31.710965487244994,31.78435194440572,True
Kochi,2007,2007-04-19,32.59331143904317,32.53421843247783,True
Kochi,2007,2007-04-20,32.689588476906906,32.205299100983936,True
Kochi,2007,2007-04-21,32.098074382687706,31.835043381083405,True
Kochi,2007,2007-04-22,32.12008604685964,31.80552368115051,True
Kochi,2007,2007-04-23,31.62887343731396,31.692061286927675,True
Kochi,2007,2007-04-24,31.975715992102177,31.900416246998603,True
Kochi,2007,2007-04-25,31.603834593115273,31.32123158290702,True
Kochi,2007,2007-04-26,30.937018612386815,30.98331988043314,True
Kochi,2007,2007-04-27,31.735162290837067,31.369096617368193,True
Kochi,2007,2007-04-28,31.580261510118508,31.328878780373596,True
Kochi,2007,2007-04-29,31.260162185368124,31.083857689748047,True
Kochi,2007,2007-04-30,32.215748650137876,31.90417403321567,True
Kochi,2007,2007-05-01,31.903761416698856,31.354900257019647,True
Kochi,2007,2007-05-02,31.825052189652233,31.24792761715478,True
Kochi,2007,2007-05-03,32.477457189565385,31.928416311126007,True
Kochi,2007,2007-05-04,32.87576000516534,32.606504723195265,True
Kochi,2007,2007-05-05,32.4787002358269,32.3782319808332,True
Kochi,2007,2007-05-06,31.97937939435714,32.04001140183887,True
Kochi,2007,2007-05-07,32.330591497419654,32.48013597302247,True
Kochi,2007,2007-05-08,32.6831775446859,32.92875369664963,True
Kochi,2007,2007-05-09,32.398091717581536,32.905340755484964,True
Kochi,2007,2007-05-10,31.415452886393744,31.867856120742733,True
Kochi,2007,2007-05-11,31.330136085296534,31.607521257239462,True
Kochi,2007,2007-05-12,30.77073951536261,30.663634770150267,True
Kochi,2007,2007-05-13,31.10443555692577,30.500041931895176,True
Kochi,2007,2007-05-14,30.636815921932403,30.1857869484186,True
Kochi,2007,2007-05-15,31.13381266737921,30.8106707585101,True
Kochi,2007,2007-05-16,31.514351760973582,31.246671097390706,True
Kochi,2007,2007-05-17,31.33125809954509,31.15738888716422,True
Kochi,2007,2007-05-18,31.8460035449452,31.777649124151697,True
Kochi,2007,2007-05-19,32.302692284739095,32.278725102409204,True
Kochi,2007,2007-05-20,32.11533494944267,32.70889816942708,True
Kochi,2007,2007-05-21,31.1717315842155,31.141210299905833,True
Kochi,2007,2007-05-22,29.998306723678347,30.016139445883223,True
Kochi,2007,2007-05-23,28.92464345974755,29.801059189701494,True
Kochi,2007,2007-05-24,29.044864923032375,30.10258351195044,True
Kochi,2007,2007-05-25,30.49039031139195,30.653224718023857,True
Kochi,2007,2007-05-26,30.847242953884226,30.944349168410092,True
Kochi,2007,2007-05-27,30.934342993653427,30.86213590232905,True
Kochi,2007,2007-05-28,31.226998045303965,31.30119974382547,True
Kochi,2007,2007-05-29,31.679407558832576,31.79935664946902,True
Kochi,2007,2007-05-30,29.541265027794672,30.348864040686486,True
Kochi,2007,2007-05-31,29.36857711762387,30.61095086572898,True
Kochi,2007,2007-06-01,28.771942063749286,30.719205439441108,True
Kochi,2007,2007-06-02,29.754106829737342,31.166114486776316,True
Kochi,2007,2007-06-03,28.79505400016265,30.40138679747282,True
Kochi,2007,2007-06-04,28.720296990879888,30.045862467015066,True
Kochi,2007,2007-06-05,28.608851736700995,30.14856864763638,True
Kochi,2007,2007-06-06,28.776227449454346,30.153091695859306,True
Kochi,2007,2007-06-07,28.375317266773493,30.06035626131147,True
Kochi,2007,2007-06-08,27.417092479016176,29.26520103500966,True
Kochi,2007,2007-06-09,27.24911936941555,28.792408427524016,True
Kochi,2007,2007-06-10,27.4383668492964,29.22956281778731,True
Kochi,2007,2007-06-11,28.745216922360047,29.886379777564056,True
Kochi,2007,2007-06-12,28.92004898138139,30.406994110392567,True
Kochi,2007,2007-06-13,29.74927113978649,30.70125884990211,True
Kochi,2007,2007-06-14,29.217120411590336,30.509408578985823,True
Kochi,2007,2007-06-15,28.93310590285692,30.277938389594922,True
Kochi,2007,2007-06-16,28.103995307926475,30.13268342291855,True
Kochi,2007,2007-06-17,27.914040320815825,29.99131707448673,True
Kochi,2007,2007-06-18,27.87437116657615,29.961768889845278,True
Kochi,2007,2007-06-19,27.952117986183012,29.809020615157472,True
Kochi,2007,2007-06-20,28.02208746791925,29.7139097493761,True
Kochi,2007,2007-06-21,28.966083274979916,30.146030313751453,True
Kochi,2007,2007-06-22,29.377786458450206,30.3503365134422,True
Kochi,2007,2007-06-23,29.184212022408893,30.194337046785833,True
Kochi,2007,2007-06-24,28.130825804447024,29.856513880460295,True
Kochi,2007,2007-06-25,28.213080640738763,29.633550323162403,True
Kochi,2007,2007-06-26,27.96918255601772,29.70534469608352,True
Kochi,2007,2007-06-27,28.226082237394245,29.784253522957727,True
Kochi,2007,2007-06-28,27.52059338743826,29.499015037492953,True
Kochi,2007,2007-06-29,27.699703145132037,29.543827600080952,True
Kochi,2007,2007-06-30,29.21246674287279,30.081838380224436,True
Kochi,2007,2007-07-01,29.210624964370698,30.150614418375824,True
Kochi,2007,2007-07-02,29.617979687754385,30.500451831706915,True
Kochi,2007,2007-07-03,28.620486324917906,29.777508784733296,True
Kochi,2007,2007-07-04,28.04384710838221,29.467789282897552,True
Kochi,2007,2007-07-05,27.56515236557187,29.452267939489083,True
Kochi,2007,2007-07-06,26.679958580072345,29.203888206995163,True
Kochi,2007,2007-07-07,28.13129838057685,29.720549632953745,True
Kochi,2007,2007-07-08,27.854791123755245,29.738909985083456,True
Kochi,2007,2007-07-09,27.299534526890977,29.815634990927194,True
Kochi,2007,2007-07-10,28.599575799588965,30.347859176260805,True
Kochi,2007,2007-07-11,28.64991551639622,30.374591987799256,True
Kochi,2007,2007-07-12,27.39230317107466,29.595345104274998,True
Kochi,2007,2007-07-13,26.46511975412683,29.23249838722265,True
Kochi,2007,2007-07-14,26.962017999508397,29.595130285720995,True
Kochi,2007,2007-07-15,27.574817960112775,29.385998655906057,True
Kochi,2007,2007-07-16,27.669644540437424,29.360251990119686,True
Kochi,2007,2007-07-17,28.372458337337353,29.640660316589457,True
Kochi,2007,2007-07-18,27.477532522202644,29.480043840804168,True
Kochi,2007,2007-07-19,28.063419696303303,29.454691143272676,True
Kochi,2007,2007-07-20,27.84976763106872,29.720888478565833,True
Kochi,2007,2007-07-21,28.26273686127803,29.9784809594646,True
Kochi,2007,2007-07-22,28.231125409849938,29.850071990269107,True
Kochi,2007,2007-07-23,27.74261494601059,29.417608640237507,True
Kochi,2007,2007-07-24,27.298321879046554,29.583128191513797,True
Kochi,2007,2007-07-25,27.503802114432332,29.786490655785823,True
Kochi,2007,2007-07-26,27.389330760160526,29.843696235615113,True
Kochi,2007,2007-07-27,28.2692512857994,29.830332185499174,True
Kochi,2007,2007-07-28,27.251243651265256,29.619766353104605,True
Kochi,2007,2007-07-29,27.547333353566547,29.651121097545225,True
Kochi,2007,2007-07-30,28.49784040751731,29.993387144022464,True
Kochi,2007,2007-07-31,28.191324819900824,29.70130888571235,True
Kochi,2007,2007-08-01,27.051629758896976,29.155012331231376,True
Kochi,2007,2007-08-02,26.757373186070957,29.2901249253253,True
Kochi,2007,2007-08-03,26.281119280655982,29.134845301370273,True
Kochi,2007,2007-08-04,27.92648971498968,29.62096802515155,True
Kochi,2007,2007-08-05,29.64853362496949,30.2473354400871,True
Kochi,2007,2007-08-06,28.788225604083916,29.999779525298305,True
Kochi,2007,2007-08-07,28.327216950320512,29.93568508671703,True
Kochi,2007,2007-08-08,30.127762087145523,30.401297513017628,True
Kochi,2007,2007-08-09,29.179693557065516,30.04290720994824,True
Kochi,2007,2007-08-10,28.664445920491776,29.964604171001753,True
Kochi,2007,2007-08-11,28.140731527369894,29.74222942977911,True
Kochi,2007,2007-08-12,28.264675361455645,29.448528623313226,True
Kochi,2007,2007-08-13,28.42916206767957,29.655388312321147,True
Kochi,2007,2007-08-14,27.572309426457032,29.45282415747418,True
Kochi,2007,2007-08-15,27.8415254435738,29.35627720459104,True
Kochi,2007,2007-08-16,27.932936570595942,29.681317941847546,True
Kochi,2007,2007-08-17,28.147880770505235,30.018685970822997,True
Kochi,2007,2007-08-18,27.623462528412098,29.779228536056607,True
Kochi,2007,2007-08-19,27.643804656532527,29.610499309471077,True
Kochi,2007,2007-08-20,27.409622733947778,29.832589099987953,True
Kochi,2007,2007-08-21,27.939107225462298,30.251233374607438,True
Kochi,2007,2007-08-22,29.1195236010512,30.77139964750112,True
Kochi,2007,2007-08-23,28.06026195080222,29.906599513961712,True
Kochi,2007,2007-08-24,29.226521122498784,30.557487183630535,True
Kochi,2007,2007-08-25,29.07072148412073,30.67245298402827,True
Kochi,2007,2007-08-26,28.872138467917942,30.196663755201712,True
Kochi,2007,2007-08-27,28.545236256821703,30.02720643215263,True
Kochi,2007,2007-08-28,27.826068247375975,29.827398822506083,True
Kochi,2007,2007-08-29,29.06046673469756,30.30805596753776,True
Kochi,2007,2007-08-30,28.370400904019974,30.154140828776853,True
Kochi,2007,2007-08-31,28.62504034504461,30.287044464690744,True
Kochi,2007,2007-09-01,27.69312233491745,30.401013330745673,True
Kochi,2007,2007-09-02,28.666980873383338,30.69357615494953,True
Kochi,2007,2007-09-03,28.54516744272969,30.165858607091383,True
Kochi,2007,2007-09-04,28.605147566009272,29.93294603205726,True
Kochi,2007,2007-09-05,29.639099674025577,30.794169544836354,True
Kochi,2007,2007-09-06,30.509610574064567,31.42991798073973,True
Kochi,2007,2007-09-07,30.80014420686415,31.630514069339426,True
Kochi,2007,2007-09-08,30.948714113562012,31.74120528013629,True
Kochi,2007,2007-09-09,30.028209779210364,30.85301657664883,True
Kochi,2007,2007-09-10,29.50791479622815,30.375120984473945,True
Kochi,2007,2007-09-11,29.137070795012725,29.96796518596276,True
Kochi,2007,2007-09-12,29.660250142204582,30.826349248087354,True
Kochi,2007,2007-09-13,29.869294873252024,30.425970578520197,True
Kochi,2007,2007-09-14,29.542622731499378,30.167524482934596,True
Kochi,2007,2007-09-15,29.238008113881097,30.245235973930487,True
Kochi,2007,2007-09-16,29.781547672689584,30.6791296640865,True
Kochi,2007,2007-09-17,30.422954534702733,31.51129491829999,True
Kochi,2007,2007-09-18,29.764260170206438,31.069556962241627,True
Kochi,2007,2007-09-19,30.190834990218352,31.066242987615578,True
Kochi,2007,2007-09-20,30.269919743851798,31.368419510693233,True
Kochi,2007,2007-09-21,29.75334753183955,31.233693000069774,True
Kochi,2007,2007-09-22,30.273559758125373,31.93187866808732,True
Kochi,2007,2007-09-23,30.106505500587367,31.853225783592777,True
Kochi,2007,2007-09-24,30.072062067838583,31.594998140296862,True
Kochi,2007,2007-09-25,29.88508172747677,31.184802570970195,True
Kochi,2007,2007-09-26,29.75379541978996,31.213621614926183,True
Kochi,2007,2007-09-27,29.928267912586044,31.530348189781773,True
Kochi,2007,2007-09-28,29.89849457293692,31.311261281346013,True
Kochi,2007,2007-09-29,29.475058123704343,30.622050166510764,True
Kochi,2007,2007-09-30,29.502703266244875,30.878370478656215,True
Kochi,2007,2007-10-01,29.315551091546574,30.507146499321475,True
Kochi,2007,2007-10-02,29.603966129840313,31.270322055033695,True
Kochi,2007,2007-10-03,31.531086951071483,32.79623995324161,True
Kochi,2007,2007-10-04,32.87876450204189,33.68436893225427,True
Kochi,2007,2007-10-05,32.54960496262152,33.65528641352818,True
Kochi,2007,2007-10-06,30.9868953513945,32.28479584592894,True
Kochi,2007,2007-10-07,32.14662734750657,33.137181993899944,True
Kochi,2007,2007-10-08,32.6127212276561,33.81380491059042,True
Kochi,2007,2007-10-09,32.75844279619983,34.01835671971424,True
Kochi,2007,2007-10-10,32.08253549742894,33.01277872855568,True
Kochi,2007,2007-10-11,32.05846202721183,33.22812637574112,True
Kochi,2007,2007-10-12,32.01493783886494,33.09809980913191,True
Kochi,2007,2007-10-13,31.54427861212505,32.75483782397799,True
Kochi,2007,2007-10-14,31.669610810175783,32.75946169345738,True
Kochi,2007,2007-10-15,33.40482555085047,33.7536649541739,True
Kochi,2007,2007-10-16,32.27501380093045,32.949041352311724,True
Kochi,2007,2007-10-17,32.03296726915946,32.18422760781715,True
Kochi,2007,2007-10-18,30.791778248626763,31.272420995739946,True
Kochi,2007,2007-10-19,31.57907035324992,31.745832848603914,True
Kochi,2007,2007-10-20,31.8971890748957,32.484140287395576,True
Kochi,2007,2007-10-21,30.693225020942165,31.495539611870484,True
Kochi,2007,2007-10-22,30.94479624003687,31.921881970014894,True
Kochi,2007,2007-10-23,32.18036540916168,32.88477555917084,True
Kochi,2007,2007-10-24,32.482055078142636,33.009472614739515,True
Kochi,2007,2007-10-25,31.17504793127957,31.700475224854717,True
Kochi,2007,2007-10-26,30.681420315516505,31.4813762849774,True
Kochi,2007,2007-10-27,31.264994482045008,31.88784855020809,True
Kochi,2007,2007-10-28,31.847704437696926,32.13074435236992,True
Kochi,2007,2007-10-29,32.1961728891526,32.70960252996184,True
Kochi,2007,2007-10-30,32.32081587397775,32.69856845513115,True
Kochi,2007,2007-10-31,31.855863074118535,32.35635533605875,True
Kochi,2007,2007-11-01,30.84378919886776,31.874924152341837,True
Kochi,2007,2007-11-02,29.755338064111072,31.15578025424375,True
Kochi,2007,2007-11-03,29.303621427211443,30.962909245651193,True
Kochi,2007,2007-11-04,29.56156710130527,30.970856702444035,True
Kochi,2007,2007-11-05,29.439956640490365,30.871683516087344,True
Kochi,2007,2007-11-06,30.34735920279927,31.43114690898682,True
Kochi,2007,2007-11-07,30.142052301808597,31.342058275956823,True
Kochi,2007,2007-11-08,30.29190267084112,31.586016895694154,True
Kochi,2007,2007-11-09,30.847644377878325,31.926971575180538,True
Kochi,2007,2007-11-10,28.5790310800703,30.227098518039302,True
Kochi,2007,2007-11-11,30.204394534371318,31.39614532387525,True
Kochi,2007,2007-11-12,31.030821699820315,32.15538176529295,True
Kochi,2007,2007-11-13,31.107281235558947,32.04752094754436,True
Kochi,2007,2007-11-14,31.131474446347685,31.62568401268704,True
Kochi,2007,2007-11-15,28.363115524161213,29.430250067334367,True
Kochi,2007,2007-11-16,27.328869615924834,30.588128802786823,True
Kochi,2007,2007-11-17,27.697641665657404,30.301837882288005,True
Kochi,2007,2007-11-18,30.033172278482198,30.877476744205378,True
Kochi,2007,2007-11-19,31.432704031780915,32.355814354680454,True
Kochi,2007,2007-11-20,31.85814548554021,32.22165606025318,True
Kochi,2007,2007-11-21,29.86570975034505,30.605228087136638,True
Kochi,2007,2007-11-22,30.216147512084614,31.00087283117987,True
Kochi,2007,2007-11-23,30.794152997894503,31.492308719862788,True
Kochi,2007,2007-11-24,30.07597765492073,31.128639359026344,True
Kochi,2007,2007-11-25,29.9478608130393,30.90055113688618,True
Kochi,2007,2007-11-26,31.07477343237932,31.78937955760546,True
Kochi,2007,2007-11-27,31.94217342835818,32.55331380410558,True
Kochi,2007,2007-11-28,32.40144646848859,32.78758189681742,True
Kochi,2007,2007-11-29,31.75731338874372,32.083095085036156,True
Kochi,2007,2007-11-30,30.79917729084839,31.166030861723744,True
Kochi,2007,2007-12-01,30.273927392417882,30.438332214063518,True
Kochi,2007,2007-12-02,28.884008035925252,29.83562167273949,True
Kochi,2007,2007-12-03,29.8397806063017,30.5378083107019,True
Kochi,2007,2007-12-04,30.664115683118855,31.19019995704923,True
Kochi,2007,2007-12-05,31.49571775232722,31.46084606257281,True
Kochi,2007,2007-12-06,31.356074363106785,31.369960077997437,True
Kochi,2007,2007-12-07,30.508864101309843,31.081293631304383,True
Kochi,2007,2007-12-08,30.53942459357373,31.04999007259778,True
Kochi,2007,2007-12-09,29.856039650437683,30.39146903692291,True
Kochi,2007,2007-12-10,31.443474461622205,31.352147947794844,True
Kochi,2007,2007-12-11,31.69285912143112,31.637603361861107,True
Kochi,2007,2007-12-12,30.552290145025395,31.019222907945203,True
Kochi,2007,2007-12-13,30.05380272095583,30.628703549619008,True
Kochi,2007,2007-12-14,30.347460872767492,30.55615889967129,True
Kochi,2007,2007-12-15,30.455512529047486,30.71538916972766,True
Kochi,2007,2007-12-16,30.964163570666525,31.08342454097563,True
Kochi,2007,2007-12-17,31.67942311846231,31.509149276340683,True
Kochi,2007,2007-12-18,31.716027959573537,31.2696155722344,True
Kochi,2007,2007-12-19,31.45917423171754,31.515360378513094,True
Kochi,2007,2007-12-20,30.36753213952613,30.195355986509224,True
Kochi,2007,2007-12-21,29.617731583076793,29.65694767921848,True
Kochi,2007,2007-12-22,29.831084183818447,29.895360889309362,True
Kochi,2007,2007-12-23,29.669418005243354,29.65201263178753,True
Kochi,2007,2007-12-24,28.63296495139149,28.911596426383543,True
Kochi,2007,2007-12-25,29.52823452009156,29.619041720493758,True
Kochi,2007,2007-12-26,29.934234881057847,29.869661888047027,True
Kochi,2007,2007-12-27,29.83209180109649,29.64603601085234,True
Kochi,2007,2007-12-28,29.52097913306363,29.45496551794901,True
Kochi,2007,2007-12-29,30.172827772256888,29.977582207412453,True
Kochi,2007,2007-12-30,30.728697232997096,30.23750974937859,True
Kochi,2007,2007-12-31,31.401276419388193,31.058013873711783,True
Kochi,2009,2009-01-01,30.147871392947977,29.692797226281495,True
Kochi,2009,2009-01-02,30.063768503151685,29.86690918766033,True
Kochi,2009,2009-01-03,29.741506748555672,29.51956780832246,True
Kochi,2009,2009-01-04,29.380647741430714,29.413472439317477,True
Kochi,2009,2009-01-05,30.076903178387774,29.59422920669528,True
Kochi,2009,2009-01-06,29.686093670184135,29.38758308646212,True
Kochi,2009,2009-01-07,29.623833762589733,29.18675245906966,True
Kochi,2009,2009-01-08,28.58758450310929,28.807179219068733,True
Kochi,2009,2009-01-09,29.71708168211596,29.227829377869497,True
Kochi,2009,2009-01-10,29.62842234145384,29.190517562791367,True
Kochi,2009,2009-01-11,30.084721822495624,29.71155515300226,True
Kochi,2009,2009-01-12,30.267815477646025,30.310402910373785,True
Kochi,2009,2009-01-13,31.167744573230056,30.506522495049087,True
Kochi,2009,2009-01-14,31.65181032784954,31.097635992890364,True
Kochi,2009,2009-01-15,32.0692079001856,31.356179660168564,True
Kochi,2009,2009-01-16,31.35059017860743,31.081676885979974,True
Kochi,2009,2009-01-17,30.936495937088726,30.693862955718473,True
Kochi,2009,2009-01-18,30.40531366100122,30.364755638872968,True
Kochi,2009,2009-01-19,31.201659569638434,30.65959432184729,True
Kochi,2009,2009-01-20,30.982154215851132,30.64220007546203,True
Kochi,2009,2009-01-21,31.096832952055937,30.535863179882508,True
Kochi,2009,2009-01-22,31.50708369986999,30.915648777853416,True
Kochi,2009,2009-01-23,32.005304902606056,31.23989310608048,True
Kochi,2009,2009-01-24,32.752727400159436,32.037002377873016,True
Kochi,2009,2009-01-25,32.66703007582316,31.89556189847128,True
Kochi,2009,2009-01-26,31.928096555285663,31.23243074582493,True
Kochi,2009,2009-01-27,31.395593422156935,30.56384921239596,True
Kochi,2009,2009-01-28,31.202060442500247,30.445362079837984,True
Kochi,2009,2009-01-29,32.50687239178278,31.2451505819352,True
Kochi,2009,2009-01-30,31.186245977089683,30.409202116983064,True
Kochi,2009,2009-01-31,31.16146632182672,30.392667671175534,True
Kochi,2009,2009-02-01,32.280794197250614,31.193572784471783,True
Kochi,2009,2009-02-02,32.56190121782033,31.497687815748044,True
Kochi,2009,2009-02-03,31.95946585828655,30.911484816954516,True
Kochi,2009,2009-02-04,31.12695866031008,30.666911382655446,True
Kochi,2009,2009-02-05,32.210583108770344,31.185400589602445,True
Kochi,2009,2009-02-06,33.28666268391112,32.384620389130205,True
Kochi,2009,2009-02-07,32.81655484697414,31.91922561911514,True
Kochi,2009,2009-02-08,32.49342382378238,31.37961411165078,True
Kochi,2009,2009-02-09,31.169265668738674,30.241671673857773,True
Kochi,2009,2009-02-10,30.605929669819016,29.79283110348032,True
Kochi,2009,2009-02-11,31.457844189321843,30.32581376983853,True
Kochi,2009,2009-02-12,32.20679876422742,31.13790465135195,True
Kochi,2009,2009-02-13,33.31652884244519,32.44813167698835,True
Kochi,2009,2009-02-14,33.308938466748785,32.473599674385746,True
Kochi,2009,2009-02-15,33.429474281569924,32.753723975368395,True
Kochi,2009,2009-02-16,33.658305217633206,32.46459758588871,True
Kochi,2009,2009-02-17,31.751830834798692,31.346224042210512,True
Kochi,2009,2009-02-18,31.523296667114522,30.69513477565725,True
Kochi,2009,2009-02-19,30.870760228084684,29.69041269167724,True
Kochi,2009,2009-02-20,30.81346144404426,29.737263211528717,True
Kochi,2009,2009-02-21,31.81602470234439,30.634306341852454,True
Kochi,2009,2009-02-22,32.61041114832627,31.483479678339563,True
Kochi,2009,2009-02-23,32.45578135359034,31.597611458367904,True
Kochi,2009,2009-02-24,31.83310645218126,31.228114699320283,True
Kochi,2009,2009-02-25,32.2603595854537,31.33831206610856,True
Kochi,2009,2009-02-26,32.89958647587341,31.44540578853071,True
Kochi,2009,2009-02-27,33.58541623659108,32.196547421237824,True
Kochi,2009,2009-02-28,32.831328033645434,31.92048362774284,True
Kochi,2009,2009-03-01,31.63338369572079,30.852009879340525,True
Kochi,2009,2009-03-02,33.47637617287163,32.15246981912186,True
Kochi,2009,2009-03-03,31.524125461482747,29.04978334873757,True
Kochi,2009,2009-03-04,29.202082987757535,27.33890797379154,True
Kochi,2009,2009-03-05,31.65936156723327,29.49311042199441,True
Kochi,2009,2009-03-06,32.835800626919436,31.049497083451005,True
Kochi,2009,2009-03-07,32.14078962859646,30.741400851900636,True
Kochi,2009,2009-03-08,31.90958126600165,31.10910752059395,True
Kochi,2009,2009-03-09,32.989082284473874,32.14210332104875,True
Kochi,2009,2009-03-10,33.36100860037009,32.303323206906235,True
Kochi,2009,2009-03-11,34.27661866952094,33.28247830593035,True
Kochi,2009,2009-03-12,33.97768347828749,33.729448946094216,True
Kochi,2009,2009-03-13,33.59052333907692,33.009724142386276,True
Kochi,2009,2009-03-14,34.05043918064899,33.79095063281533,True
Kochi,2009,2009-03-15,34.146938113363056,33.677757537089235,True
Kochi,2009,2009-03-16,33.55709520814395,33.2559211946537,True
Kochi,2009,2009-03-17,34.29634897292071,33.628744262796744,True
Kochi,2009,2009-03-18,34.461042533421704,33.908982992333044,True
Kochi,2009,2009-03-19,33.965136913088664,33.06933116576329,True
Kochi,2009,2009-03-20,34.35469979340975,33.45155216928564,True
Kochi,2009,2009-03-21,33.608259072919374,32.979585629575155,True
Kochi,2009,2009-03-22,33.18919777328777,32.81187094351347,True
Kochi,2009,2009-03-23,33.009133933867346,32.75285861740032,True
Kochi,2009,2009-03-24,32.89253466986763,32.802736005739234,True
Kochi,2009,2009-03-25,33.32211250199958,33.075006913030755,True
Kochi,2009,2009-03-26,33.93520452697904,33.462186688293535,True
Kochi,2009,2009-03-27,33.22070215832548,33.03268899181197,True
Kochi,2009,2009-03-28,32.62435007082363,32.852150818017655,True
Kochi,2009,2009-03-29,34.85934117198742,34.92807338586799,True
Kochi,2009,2009-03-30,35.55403711412763,36.02277038027805,True
Kochi,2009,2009-03-31,34.83753135966357,35.04508882069018,True
Kochi,2009,2009-04-01,33.110093949487116,33.52409946583031,True
Kochi,2009,2009-04-02,32.63141316677823,32.75163848958543,True
Kochi,2009,2009-04-03,33.46652660440818,33.45520432011014,True
Kochi,2009,2009-04-04,33.96558407954948,33.62313222506821,True
Kochi,2009,2009-04-05,34.1280242559671,33.91994871441922,True
Kochi,2009,2009-04-06,33.34610357989851,33.147914486090656,True
Kochi,2009,2009-04-07,32.447159960866706,32.63622006179679,True
Kochi,2009,2009-04-08,32.889530308516555,33.21969927610707,True
Kochi,2009,2009-04-09,32.122037441681336,32.64059964603875,True
Kochi,2009,2009-04-10,34.13623424735335,34.241594706882736,True
Kochi,2009,2009-04-11,33.662110530432145,33.90613542849206,True
Kochi,2009,2009-04-12,32.5891071063348,33.20072535831522,True
Kochi,2009,2009-04-13,33.097901638793054,33.67917851804121,True
Kochi,2009,2009-04-14,32.46064842075862,32.92498235284108,True
Kochi,2009,2009-04-15,32.84043616280399,32.994564775053085,True
Kochi,2009,2009-04-16,32.561892300147086,32.734160425258885,True
Kochi,2009,2009-04-17,32.607690581875815,32.900996288145514,True
Kochi,2009,2009-04-18,34.8818763048581,34.86408294241174,True
Kochi,2009,2009-04-19,34.5087080334257,34.963048200945146,True
Kochi,2009,2009-04-20,33.31822438955758,33.23667443116818,True
Kochi,2009,2009-04-21,32.259764393352604,32.02803356509449,True
Kochi,2009,2009-04-22,32.23511989665342,32.38152008491576,True
Kochi,2009,2009-04-23,32.41529296177392,32.46167810367161,True
Kochi,2009,2009-04-24,32.55516381534038,32.71428547867639,True
Kochi,2009,2009-04-25,32.20890552042776,32.62125668443546,True
Kochi,2009,2009-04-26,32.532398786992246,32.228289983431296,True
Kochi,2009,2009-04-27,32.62360567882732,31.983909253763116,True
Kochi,2009,2009-04-28,32.76567776717407,32.67265738380361,True
Kochi,2009,2009-04-29,33.132541618618376,33.177771190110874,True
Kochi,2009,2009-04-30,32.14922864662569,32.320382740245705,True
Kochi,2009,2009-05-01,31.24007453011381,31.806280082424955,True
Kochi,2009,2009-05-02,32.229775189933456,32.55767798307044,True
Kochi,2009,2009-05-03,32.945663493592455,33.716263113963585,True
Kochi,2009,2009-05-04,32.246455144715036,33.0902145920729,True
Kochi,2009,2009-05-05,32.57418614652876,33.2666393422025,True
Kochi,2009,2009-05-06,32.91606327136977,33.20486519295152,True
Kochi,2009,2009-05-07,32.96791323437272,33.443374879078796,True
Kochi,2009,2009-05-08,32.00125674354678,32.337119421344845,True
Kochi,2009,2009-05-09,32.5636528339998,32.965215870845945,True
Kochi,2009,2009-05-10,33.9419503643256,33.974969889213305,True
Kochi,2009,2009-05-11,33.46027432248234,33.73608257272044,True
Kochi,2009,2009-05-12,32.78256176071864,32.906371537621354,True
Kochi,2009,2009-05-13,31.95058560103503,32.66914905969115,True
Kochi,2009,2009-05-14,32.230294018786616,33.00269530757907,True
Kochi,2009,2009-05-15,32.35519782480661,32.99044594571704,True
Kochi,2009,2009-05-16,32.38489081815453,33.32576928608561,True
Kochi,2009,2009-05-17,31.567730533760795,32.57477028408848,True
Kochi,2009,2009-05-18,31.828523180212606,32.6118823603112,True
Kochi,2009,2009-05-19,31.688492846102026,32.54539919448674,True
Kochi,2009,2009-05-20,31.90515812324646,32.92700493526186,True
Kochi,2009,2009-05-21,31.679624763092896,31.896480204964085,True
Kochi,2009,2009-05-22,32.11639126717992,32.27369727095581,True
Kochi,2009,2009-05-23,32.010221762262674,32.51691191996508,True
Kochi,2009,2009-05-24,32.727524562987824,33.075479077012275,True
Kochi,2009,2009-05-25,32.93469032923682,33.299912580840704,True
Kochi,2009,2009-05-26,33.158666948209984,33.72392543827853,True
Kochi,2009,2009-05-27,33.26533397668695,34.304881103460254,True
Kochi,2009,2009-05-28,32.5342795684027,33.801666844855724,True
Kochi,2009,2009-05-29,31.54981654265572,33.024197884769755,True
Kochi,2009,2009-05-30,31.81232628239421,32.697276353257976,True
Kochi,2009,2009-05-31,31.24000774045356,32.109460803100056,True
Kochi,2009,2009-06-01,31.354909033813026,32.252738826422316,True
Kochi,2009,2009-06-02,31.735922869208274,32.556963688299355,True
Kochi,2009,2009-06-03,31.545854282548365,32.690281135300516,True
Kochi,2009,2009-06-04,31.249424855338802,32.7367118122008,True
Kochi,2009,2009-06-05,30.17062808809602,32.030696671872356,True
Kochi,2009,2009-06-06,30.630654053756317,32.18239822046815,True
Kochi,2009,2009-06-07,29.47087863892878,31.194499513688818,True
Kochi,2009,2009-06-08,30.723021982624193,32.072994204213494,True
Kochi,2009,2009-06-09,29.69110771069662,31.334976554683458,True
Kochi,2009,2009-06-10,30.15972490823443,31.84021125632519,True
Kochi,2009,2009-06-11,31.08890319822227,32.32002475768851,True
Kochi,2009,2009-06-12,29.7938445409515,31.45198836725097,True
Kochi,2009,2009-06-13,29.268355956008946,30.844760274580565,True
Kochi,2009,2009-06-14,29.286066461832835,30.728538606531707,True
Kochi,2009,2009-06-15,30.055277232867223,31.285267629325798,True
Kochi,2009,2009-06-16,30.228187198206,31.361545900860616,True
Kochi,2009,2009-06-17,28.174208784730695,29.95707534757566,True
Kochi,2009,2009-06-18,28.778429939500143,30.01853959060496,True
Kochi,2009,2009-06-19,28.64994778345583,29.770604148763546,True
Kochi,2009,2009-06-20,28.374901368992184,29.56314867790392,True
Kochi,2009,2009-06-21,28.875898239094592,29.942863469442813,True
Kochi,2009,2009-06-22,28.82596488991617,29.992121034658396,True
Kochi,2009,2009-06-23,28.857344103849805,30.07521372082813,True
Kochi,2009,2009-06-24,28.012153501005564,29.487883284451947,True
Kochi,2009,2009-06-25,26.869779826320183,29.153928116269068,True
Kochi,2009,2009-06-26,26.36207504021187,28.76171926136882,True
Kochi,2009,2009-06-27,27.556792768483646,29.297332158704165,True
Kochi,2009,2009-06-28,28.84342031433731,30.035834663559495,True
Kochi,2009,2009-06-29,28.798805405992375,29.868792059076466,True
Kochi,2009,2009-06-30,28.989753424414115,30.108292601101112,True
Kochi,2009,2009-07-01,28.708245029966477,30.059407228129043,True
Kochi,2009,2009-07-02,28.80902661673528,29.956609882168472,True
Kochi,2009,2009-07-03,28.35019447981429,29.808229957223556,True
Kochi,2009,2009-07-04,28.106644878926815,29.725384928615878,True
Kochi,2009,2009-07-05,26.9946144376833,29.403340103398108,True
Kochi,2009,2009-07-06,28.27571754759522,29.390938494172136,True
Kochi,2009,2009-07-07,27.763503821448154,29.433862910408944,True
Kochi,2009,2009-07-08,28.260104479060374,29.739372777297486,True
Kochi,2009,2009-07-09,28.953420894282498,29.891369201645105,True
Kochi,2009,2009-07-10,27.91136462942027,29.652554648349245,True
Kochi,2009,2009-07-11,26.405712390127945,29.41193584692982,True
Kochi,2009,2009-07-12,27.647536198572396,29.468326632857586,True
Kochi,2009,2009-07-13,27.633727358894525,29.601686297593613,True
Kochi,2009,2009-07-14,27.39396352288083,29.477457868516158,True
Kochi,2009,2009-07-15,27.363886704876432,29.687865528937643,True
Kochi,2009,2009-07-16,27.566490215775218,29.849512988765348,True
Kochi,2009,2009-07-17,28.427198136194484,30.128601351269165,True
Kochi,2009,2009-07-18,28.550636184346633,30.225240639753903,True
Kochi,2009,2009-07-19,28.165434811184966,29.778751926512726,True
Kochi,2009,2009-07-20,28.604895452120743,29.928760957094283,True
Kochi,2009,2009-07-21,28.364885057026235,29.853287000675373,True
Kochi,2009,2009-07-22,28.795726617747786,29.95428741750307,True
Kochi,2009,2009-07-23,28.83478214557624,30.074275078919786,True
Kochi,2009,2009-07-24,29.200571136200264,30.19453032999224,True
Kochi,2009,2009-07-25,28.511367698931863,29.920285194155966,True
Kochi,2009,2009-07-26,29.158146000662384,30.505386564739467,True
Kochi,2009,2009-07-27,27.567306093067128,29.63891230671588,True
Kochi,2009,2009-07-28,27.802658997463485,29.92238224457548,True
Kochi,2009,2009-07-29,27.759520256954318,29.94459754700667,True
Kochi,2009,2009-07-30,28.226368008513575,30.32118867108721,True
Kochi,2009,2009-07-31,28.472721841972323,30.354895268107708,True
Kochi,2009,2009-08-01,27.712807433082457,29.767462386098703,True
Kochi,2009,2009-08-02,28.23994905671245,29.806795210877244,True
Kochi,2009,2009-08-03,27.233757791907134,29.4374111806967,True
Kochi,2009,2009-08-04,27.795443476432855,29.609770689362772,True
Kochi,2009,2009-08-05,26.950173673026704,29.550532172934975,True
Kochi,2009,2009-08-06,29.201099348661696,30.331529775650697,True
Kochi,2009,2009-08-07,28.85719996332169,30.11679533991666,True
Kochi,2009,2009-08-08,28.745772176033576,30.344018351516773,True
Kochi,2009,2009-08-09,28.87172661434936,30.11970233438148,True
Kochi,2009,2009-08-10,27.6441720120121,29.218579085224505,True
Kochi,2009,2009-08-11,28.168111129575024,29.175647500155776,True
Kochi,2009,2009-08-12,27.983364803410666,29.484103226019393,True
Kochi,2009,2009-08-13,28.27145622195786,30.116431309374676,True
Kochi,2009,2009-08-14,28.23706182672841,30.34101651445478,True
Kochi,2009,2009-08-15,28.587002714913822,30.219310594075484,True
Kochi,2009,2009-08-16,28.791196638460033,30.561811080809235,True
Kochi,2009,2009-08-17,29.092950534908525,30.825245618506113,True
Kochi,2009,2009-08-18,28.878679560712133,30.64101526402283,True
Kochi,2009,2009-08-19,28.942714623509303,30.53364850033848,True
Kochi,2009,2009-08-20,29.06064003267612,30.230419649507436,True
Kochi,2009,2009-08-21,28.85014217135972,30.272901197177372,True
Kochi,2009,2009-08-22,28.844992982553897,30.259667825518303,True
Kochi,2009,2009-08-23,28.93344215682484,30.237829094208053,True
Kochi,2009,2009-08-24,28.5750666789168,29.996997736679436,True
Kochi,2009,2009-08-25,28.48570512787522,30.0790300591116,True
Kochi,2009,2009-08-26,28.895224463919746,30.296003408690602,True
Kochi,2009,2009-08-27,29.16654648032886,30.363868279596097,True
Kochi,2009,2009-08-28,28.31250374489514,30.237419493903513,True
Kochi,2009,2009-08-29,27.891767014094718,29.920356389218636,True
Kochi,2009,2009-08-30,28.374373910107206,30.16147740687177,True
Kochi,2009,2009-08-31,27.569263621497736,30.132090427206478,True
Kochi,2009,2009-09-01,28.440416491388465,30.594818025364113,True
Kochi,2009,2009-09-02,28.65029149853778,30.415503978455803,True
Kochi,2009,2009-09-03,29.89767636067782,31.035036462622838,True
Kochi,2009,2009-09-04,30.55234817106321,31.41488489747469,True
Kochi,2009,2009-09-05,31.261495952347346,32.10145391501629,True
Kochi,2009,2009-09-06,30.328945335582077,30.991549849905,True
Kochi,2009,2009-09-07,30.080570484463124,30.64866049652024,True
Kochi,2009,2009-09-08,29.88945928965053,30.54721770463835,True
Kochi,2009,2009-09-09,28.147779163802312,29.75427229339535,True
Kochi,2009,2009-09-10,28.421799581769687,30.179571828042388,True
Kochi,2009,2009-09-11,29.06474625249865,30.683580060863815,True
Kochi,2009,2009-09-12,29.260148513287554,30.60936565708768,True
Kochi,2009,2009-09-13,29.247882982670596,30.51159695651285,True
Kochi,2009,2009-09-14,29.473333934333905,30.940834801556647,True
Kochi,2009,2009-09-15,30.210154074642784,31.866904526972178,True
Kochi,2009,2009-09-16,30.44146750717211,31.985639373385684,True
Kochi,2009,2009-09-17,30.398756079008866,31.88285772150042,True
Kochi,2009,2009-09-18,30.267632061419647,31.772670821875934,True
Kochi,2009,2009-09-19,29.873499047414338,31.200533556297955,True
Kochi,2009,2009-09-20,30.436525008933245,31.623907578939722,True
Kochi,2009,2009-09-21,30.12405308693921,31.72832262872087,True
Kochi,2009,2009-09-22,29.62697314548915,31.170448500296512,True
Kochi,2009,2009-09-23,29.660428613903576,30.932718814802783,True
Kochi,2009,2009-09-24,29.580612698203147,30.742709769528318,True
Kochi,2009,2009-09-25,29.545423033486934,30.654661341125166,True
Kochi,2009,2009-09-26,29.07742962371941,30.581421849156808,True
Kochi,2009,2009-09-27,29.663306900704676,31.569122030592204,True
Kochi,2009,2009-09-28,30.306878643896756,32.068634885257055,True
Kochi,2009,2009-09-29,30.03634680942993,31.745003399951955,True
Kochi,2009,2009-09-30,29.63790984744318,31.284247757178633,True
Kochi,2009,2009-10-01,29.86639451432,31.27382815203655,True
Kochi,2009,2009-10-02,30.213943975198625,31.779723093070483,True
Kochi,2009,2009-10-03,30.14332432560474,31.576836651746753,True
Kochi,2009,2009-10-04,30.77412798374472,32.189143101512826,True
Kochi,2009,2009-10-05,30.48540107233427,31.951605372878433,True
Kochi,2009,2009-10-06,30.52054113188101,32.01788545338574,True
Kochi,2009,2009-10-07,30.00871611881042,31.462227337577154,True
Kochi,2009,2009-10-08,30.48279848528406,31.657919140962402,True
Kochi,2009,2009-10-09,31.007534511100765,32.03959701339451,True
Kochi,2009,2009-10-10,30.646900037247462,31.88574924341204,True
Kochi,2009,2009-10-11,30.09724579898744,31.25506290279577,True
Kochi,2009,2009-10-12,30.62401817972941,31.210286289481154,True
Kochi,2009,2009-10-13,30.500739102338922,31.430227325743868,True
Kochi,2009,2009-10-14,30.11824069500218,31.195715586958105,True
Kochi,2009,2009-10-15,30.845452572079868,31.606484374884626,True
Kochi,2009,2009-10-16,31.278454204552684,31.95946054809569,True
Kochi,2009,2009-10-17,30.99647162145063,31.609666354673134,True
Kochi,2009,2009-10-18,31.078443629017556,32.01363878352927,True
Kochi,2009,2009-10-19,30.59023452515001,31.34579712758964,True
Kochi,2009,2009-10-20,29.98910409093876,31.110554219935057,True
Kochi,2009,2009-10-21,31.22662096276533,31.92496492672539,True
Kochi,2009,2009-10-22,33.16630900510433,33.5307889132721,True
Kochi,2009,2009-10-23,33.48631416981724,33.15063338935372,True
Kochi,2009,2009-10-24,31.099716719543412,31.99197753713699,True
Kochi,2009,2009-10-25,31.2860867893435,32.00168930025283,True
Kochi,2009,2009-10-26,31.337862451857426,31.95921557174195,True
Kochi,2009,2009-10-27,31.973117311201722,32.26941361919755,True
Kochi,2009,2009-10-28,31.288648512680606,32.291515047764186,True
Kochi,2009,2009-10-29,30.240979719911433,31.55186268733501,True
Kochi,2009,2009-10-30,29.858319610184566,31.248355847408014,True
Kochi,2009,2009-10-31,30.636242463147614,31.71994164524732,True
Kochi,2009,2009-11-01,30.831969677836543,31.76304181210386,True
Kochi,2009,2009-11-02,31.110776836134264,31.84823226795922,True
Kochi,2009,2009-11-03,31.27517193202987,31.91172117854206,True
Kochi,2009,2009-11-04,31.865627688395797,32.52592608988956,True
Kochi,2009,2009-11-05,30.53242760270265,31.417040258192568,True
Kochi,2009,2009-11-06,29.95215918663345,31.344594357869777,True
Kochi,2009,2009-11-07,29.482615342279054,30.939981578775992,True
Kochi,2009,2009-11-08,29.88436349464285,30.953320147590475,True
Kochi,2009,2009-11-09,31.803706140232634,32.315411472277525,True
Kochi,2009,2009-11-10,29.928812495174363,30.66478578086185,True
Kochi,2009,2009-11-11,29.999623607855575,30.628459040508588,True
Kochi,2009,2009-11-12,29.68634178428323,30.324871078655814,True
Kochi,2009,2009-11-13,29.988209466694098,30.861687469257756,True
Kochi,2009,2009-11-14,30.89853426109106,31.67012780620329,True
Kochi,2009,2009-11-15,28.93395886908313,30.00395986896452,True
Kochi,2009,2009-11-16,28.913673839934606,29.817315389729064,True
Kochi,2009,2009-11-17,30.091098153069645,30.827227272264686,True
Kochi,2009,2009-11-18,30.768181800485543,31.67285067522341,True
Kochi,2009,2009-11-19,30.507413830429062,31.19046570109866,True
Kochi,2009,2009-11-20,31.044792890079695,31.43796834521942,True
Kochi,2009,2009-11-21,31.39202405899231,31.831326030896058,True
Kochi,2009,2009-11-22,30.53618400294627,31.21616146255569,True
Kochi,2009,2009-11-23,31.486865344898558,32.15445585091268,True
Kochi,2009,2009-11-24,31.003154722232054,31.734897156384925,True
Kochi,2009,2009-11-25,30.011397842936915,30.973410444166426,True
Kochi,2009,2009-11-26,29.594143412550384,30.51002855611922,True
Kochi,2009,2009-11-27,29.439571821412294,29.85202237504456,True
Kochi,2009,2009-11-28,28.341494629946993,29.099253645390135,True
Kochi,2009,2009-11-29,27.604041492457682,28.646902215147144,True
Kochi,2009,2009-11-30,29.623426191245766,29.826664292825555,True
Kochi,2009,2009-12-01,31.500179907063583,31.232527363562838,True
Kochi,2009,2009-12-02,30.56986039864556,31.118811078481556,True
Kochi,2009,2009-12-03,30.6128525456669,31.04509282066256,True
Kochi,2009,2009-12-04,30.21718840487482,30.800588988791695,True
Kochi,2009,2009-12-05,30.286972599806163,30.470152105039773,True
Kochi,2009,2009-12-06,30.383921698703556,30.649281618680792,True
Kochi,2009,2009-12-07,31.23593098285537,31.087326367088806,True
Kochi,2009,2009-12-08,31.26534352751287,31.406089736074172,True
Kochi,2009,2009-12-09,31.01718973924409,31.076694363105094,True
Kochi,2009,2009-12-10,29.614592918731525,30.010805687170738,True
Kochi,2009,2009-12-11,29.377338556702924,29.927973211169203,True
Kochi,2009,2009-12-12,29.14162899657282,29.67505237535173,True
Kochi,2009,2009-12-13,29.399192915504322,30.2080565531581,True
Kochi,2009,2009-12-14,29.345229508576374,29.742623045857584,True
Kochi,2009,2009-12-15,29.131306124504825,29.685394331098525,True
Kochi,2009,2009-12-16,29.99376708524852,30.275730458185635,True
Kochi,2009,2009-12-17,31.886397442574708,31.830744998700546,True
Kochi,2009,2009-12-18,31.254438516622063,31.013940722765152,True
Kochi,2009,2009-12-19,31.837864114736732,31.286508472767444,True
Kochi,2009,2009-12-20,30.399802026284075,30.54415172892346,True
Kochi,2009,2009-12-21,30.763498877377994,30.60408368213216,True
Kochi,2009,2009-12-22,30.516575906334623,30.401736055981946,True
Kochi,2009,2009-12-23,28.844970242741923,28.39160286464086,True
Kochi,2009,2009-12-24,29.232257562403046,29.007434726012463,True
Kochi,2009,2009-12-25,29.731691923335315,29.56629558621315,True
Kochi,2009,2009-12-26,29.87373837673769,29.370850499169173,True
Kochi,2009,2009-12-27,28.87647568138,28.582789066457842,True
Kochi,2009,2009-12-28,29.990486681582233,29.646556042850623,True
Kochi,2009,2009-12-29,29.775698214276925,29.410154454545655,True
Kochi,2009,2009-12-30,29.023880235882846,29.05635073785833,True
Kochi,2009,2009-12-31,29.703970881719187,29.420488985195313,True
Kolkata,2005,2005-01-01,20.628150992741283,22.161202448898486,True
Kolkata,2005,2005-01-02,20.147794239112606,22.112633881502994,True
Kolkata,2005,2005-01-03,20.401949976760505,22.232031584139598,True
Kolkata,2005,2005-01-04,21.32729019723685,22.98537264258281,True
Kolkata,2005,2005-01-05,22.678243184657692,24.99909448712037,True
Kolkata,2005,2005-01-06,23.562040975118403,25.119939738537877,True
Kolkata,2005,2005-01-07,23.300305429785105,23.93741037113125,True
Kolkata,2005,2005-01-08,22.91080251498508,23.94773630520146,True
Kolkata,2005,2005-01-09,23.887945410283027,24.425233851383936,True
Kolkata,2005,2005-01-10,24.10836820832382,24.88464616262128,True
Kolkata,2005,2005-01-11,23.366819106405018,24.487764982213722,True
Kolkata,2005,2005-01-12,23.79455966835323,25.26327382445771,True
Kolkata,2005,2005-01-13,23.886072554023976,25.259489826009492,True
Kolkata,2005,2005-01-14,24.354052872549442,25.339420385468927,True
Kolkata,2005,2005-01-15,24.79735930870828,25.05777462405041,True
Kolkata,2005,2005-01-16,25.210824685560457,24.83086464413637,True
Kolkata,2005,2005-01-17,25.097270172202926,24.58959360300335,True
Kolkata,2005,2005-01-18,25.091127000402764,24.57031015932624,True
Kolkata,2005,2005-01-19,23.568951399883858,23.763572025388513,True
Kolkata,2005,2005-01-20,24.1783261525036,24.909016016210757,True
Kolkata,2005,2005-01-21,24.757259246634824,24.359105869130335,True
Kolkata,2005,2005-01-22,24.623859549800777,24.5106380739677,True
Kolkata,2005,2005-01-23,25.141771891195756,24.864787625680123,True
Kolkata,2005,2005-01-24,24.95632967595776,25.081744415236088,True
Kolkata,2005,2005-01-25,25.16313477420058,25.027628890509853,True
Kolkata,2005,2005-01-26,25.469416444532033,25.470277244456387,True
Kolkata,2005,2005-01-27,24.129993325400395,23.910534658909448,True
Kolkata,2005,2005-01-28,23.86479531725854,23.80942340919912,True
Kolkata,2005,2005-01-29,24.739103799900697,24.60034011226781,True
Kolkata,2005,2005-01-30,25.52292094951068,25.722710858652757,True
Kolkata,2005,2005-01-31,25.73795444467285,25.238005231517604,True
Kolkata,2005,2005-02-01,26.16788761682581,25.40477291833935,True
Kolkata,2005,2005-02-02,26.135976645541838,25.482469709933316,True
Kolkata,2005,2005-02-03,25.73647215421989,25.340342930793007,True
Kolkata,2005,2005-02-04,25.74522387349915,25.323402473322748,True
Kolkata,2005,2005-02-05,25.447081849932523,25.012429681037787,True
Kolkata,2005,2005-02-06,25.28980793751468,24.886757895256064,True
Kolkata,2005,2005-02-07,26.07328247621748,25.458429122295996,True
Kolkata,2005,2005-02-08,26.118325252591063,25.71633680017628,True
Kolkata,2005,2005-02-09,26.314623935896357,25.8772859854756,True
Kolkata,2005,2005-02-10,25.38767268373349,24.92121166665001,True
Kolkata,2005,2005-02-11,25.078697757382393,25.252821038266532,True
Kolkata,2005,2005-02-12,26.117977702145943,25.425224928971893,True
Kolkata,2005,2005-02-13,27.021581694626278,26.28777564736452,True
Kolkata,2005,2005-02-14,26.847708208327095,26.86753311696512,True
Kolkata,2005,2005-02-15,26.797874069648575,26.338204553478523,True
Kolkata,2005,2005-02-16,28.876722709636827,26.734081830546067,True
Kolkata,2005,2005-02-17,29.607982370344672,27.44959959553989,True
Kolkata,2005,2005-02-18,29.770058328355343,27.871476012845722,True
Kolkata,2005,2005-02-19,29.527029193783235,27.380871490144305,True
Kolkata,2005,2005-02-20,29.274300431222954,27.105724163140803,True
Kolkata,2005,2005-02-21,27.62304675166429,26.60557486142982,True
Kolkata,2005,2005-02-22,26.95827825188338,26.31640909576611,True
Kolkata,2005,2005-02-23,24.950582899510646,25.507995459443755,True
Kolkata,2005,2005-02-24,26.390614105104575,26.791398986219864,True
Kolkata,2005,2005-02-25,25.786348168985974,25.88098931601855,True
Kolkata,2005,2005-02-26,27.405481821021525,27.600194534768853,True
Kolkata,2005,2005-02-27,28.312436929648335,28.394122716010717,True
Kolkata,2005,2005-02-28,27.711620550426524,27.025317586320654,True
Kolkata,2005,2005-03-01,27.229272629612616,26.407250316886433,True
Kolkata,2005,2005-03-02,28.25422365516488,27.267850080151018,True
Kolkata,2005,2005-03-03,28.414281307559982,27.242489791864838,True
Kolkata,2005,2005-03-04,31.036623800004442,28.644224498062453,True
Kolkata,2005,2005-03-05,30.49014083150195,28.2470601755786,True
Kolkata,2005,2005-03-06,29.38066684359726,28.03228909331535,True
Kolkata,2005,2005-03-07,27.642254216849192,26.558707306231042,True
Kolkata,2005,2005-03-08,25.98110059526406,26.672909341289785,True
Kolkata,2005,2005-03-09,28.838703655433406,27.60312044924187,True
Kolkata,2005,2005-03-10,30.797270225380288,28.752988548153315,True
Kolkata,2005,2005-03-11,29.259514393896325,27.628900923235236,True
Kolkata,2005,2005-03-12,25.664202069592772,25.365099920143805,True
Kolkata,2005,2005-03-13,27.304411759208485,26.63206987261992,True
Kolkata,2005,2005-03-14,28.378343515103573,26.66246780552579,True
Kolkata,2005,2005-03-15,27.89747864130551,26.259844036527518,True
Kolkata,2005,2005-03-16,27.989837343622114,26.720309040184244,True
Kolkata,2005,2005-03-17,29.80774216309782,28.084489743959193,True
Kolkata,2005,2005-03-18,31.5285185143973,29.401924677762235,True
Kolkata,2005,2005-03-19,30.507946542879754,28.890273400718876,True
Kolkata,2005,2005-03-20,30.416908214053983,28.65381810671798,True
Kolkata,2005,2005-03-21,30.020458619532942,28.370518491694533,True
Kolkata,2005,2005-03-22,30.415158609651495,28.79888818019779,True
Kolkata,2005,2005-03-23,30.797842694109633,29.079515042320143,True
Kolkata,2005,2005-03-24,30.334740756822374,28.16650942271481,True
Kolkata,2005,2005-03-25,25.83866165425068,27.458460420825208,True
Kolkata,2005,2005-03-26,27.137924577665782,28.85143444440797,True
Kolkata,2005,2005-03-27,30.999016363462673,29.25561585497588,True
Kolkata,2005,2005-03-28,33.091885401027966,30.751521475438693,True
Kolkata,2005,2005-03-29,33.43363778805512,31.0887029192503,True
Kolkata,2005,2005-03-30,31.975520450116846,30.222150974926837,True
Kolkata,2005,2005-03-31,29.667228154149836,29.173874454304112,True
Kolkata,2005,2005-04-01,26.741322178169227,28.9970880313853,True
Kolkata,2005,2005-04-02,26.75820950811979,29.639130139652945,True
Kolkata,2005,2005-04-03,29.611117335176203,30.121975453371704,True
Kolkata,2005,2005-04-04,29.71838537828456,29.54385288043002,True
Kolkata,2005,2005-04-05,31.410396166341403,31.19202279994396,True
Kolkata,2005,2005-04-06,32.08707415304917,30.912111541590033,True
Kolkata,2005,2005-04-07,31.340967371552658,30.29652549497926,True
Kolkata,2005,2005-04-08,32.41202460297152,30.572086138606778,True
Kolkata,2005,2005-04-09,32.4376679027075,30.9736111845399,True
Kolkata,2005,2005-04-10,33.07988821987272,31.523279434097027,True
Kolkata,2005,2005-04-11,34.11019991313279,32.00925995743195,True
Kolkata,2005,2005-04-12,34.623494381661224,32.61320673324973,True
Kolkata,2005,2005-04-13,34.67260124375805,32.95843489985851,True
Kolkata,2005,2005-04-14,34.63056343871811,32.71161730764428,True
Kolkata,2005,2005-04-15,32.82602479441026,31.74849409538249,True
Kolkata,2005,2005-04-16,29.989229215036367,29.690048198416125,True
Kolkata,2005,2005-04-17,30.60216335721276,30.098532158130634,True
Kolkata,2005,2005-04-18,32.79782650842715,31.205821922254962,True
Kolkata,2005,2005-04-19,33.42290199791924,31.753190526880754,True
Kolkata,2005,2005-04-20,32.30599114106665,31.042186377624184,True
Kolkata,2005,2005-04-21,31.893105075673816,30.98362124024096,True
Kolkata,2005,2005-04-22,33.39859386079902,32.171009398115395,True
Kolkata,2005,2005-04-23,32.916668944454386,32.094810230320455,True
Kolkata,2005,2005-04-24,33.37586240331758,32.146350196607585,True
Kolkata,2005,2005-04-25,34.21444960578597,32.661545891564,True
Kolkata,2005,2005-04-26,34.486184289098944,33.03075277252796,True
Kolkata,2005,2005-04-27,34.591410500831294,33.08879923928075,True
Kolkata,2005,2005-04-28,34.084991292762645,32.87438646913616,True
Kolkata,2005,2005-04-29,32.90503767709205,32.65657084461679,True
Kolkata,2005,2005-04-30,33.15186501983863,32.99252280490448,True
Kolkata,2005,2005-05-01,31.539154204654782,32.06530781486383,True
Kolkata,2005,2005-05-02,31.177331054094527,31.96550521508706,True
Kolkata,2005,2005-05-03,32.825019219941176,32.491272190987196,True
Kolkata,2005,2005-05-04,32.877385433016386,32.89815746071268,True
Kolkata,2005,2005-05-05,33.20258422353832,32.94113333989639,True
Kolkata,2005,2005-05-06,33.510813908094505,33.63655024537304,True
Kolkata,2005,2005-05-07,33.95861347825401,33.88764583922619,True
Kolkata,2005,2005-05-08,34.90914898755728,34.811243729980994,True
Kolkata,2005,2005-05-09,33.98408108464108,33.58277935722438,True
Kolkata,2005,2005-05-10,33.656459158906515,33.668118180788724,True
Kolkata,2005,2005-05-11,33.927945823350726,33.776703088268775,True
Kolkata,2005,2005-05-12,33.47021845872199,33.260405239874196,True
Kolkata,2005,2005-05-13,33.491737980997655,33.1043054193861,True
Kolkata,2005,2005-05-14,34.31779615403067,33.69776394429228,True
Kolkata,2005,2005-05-15,33.951126377366954,33.302874328325814,True
Kolkata,2005,2005-05-16,33.404904408578695,33.465636864296734,True
Kolkata,2005,2005-05-17,32.43856356187261,33.01987394156526,True
Kolkata,2005,2005-05-18,26.9832265494616,30.803601404453183,True
Kolkata,2005,2005-05-19,27.638583211354202,31.30088504982131,True
Kolkata,2005,2005-05-20,27.089123889996177,31.0831267162914,True
Kolkata,2005,2005-05-21,31.09681920585978,32.339782992633886,True
Kolkata,2005,2005-05-22,31.443675376321675,32.62626706044038,True
Kolkata,2005,2005-05-23,33.814534225863675,33.924290635944956,True
Kolkata,2005,2005-05-24,35.504978108901895,35.840364166310685,True
Kolkata,2005,2005-05-25,33.060762706761274,33.445689671589605,True
Kolkata,2005,2005-05-26,33.42984826765476,33.63886213101708,True
Kolkata,2005,2005-05-27,31.23982430485997,32.333070126769115,True
Kolkata,2005,2005-05-28,32.99906679164596,33.698442270610116,True
Kolkata,2005,2005-05-29,32.500916655373004,33.784496506943185,True
Kolkata,2005,2005-05-30,33.22998465978141,34.366680095124536,True
Kolkata,2005,2005-05-31,33.57949151370113,34.160489332739644,True
Kolkata,2005,2005-06-01,33.16593759007371,34.07158388365561,True
Kolkata,2005,2005-06-02,33.293105400700334,34.146782008411755,True
Kolkata,2005,2005-06-03,32.53685383992407,33.79326014602395,True
Kolkata,2005,2005-06-04,32.997385659284234,33.94606142905664,True
Kolkata,2005,2005-06-05,33.3344677243546,34.11046686650325,True
Kolkata,2005,2005-06-06,32.0916261585423,33.74065048784761,True
Kolkata,2005,2005-06-07,31.61459243803147,33.659454123213905,True
Kolkata,2005,2005-06-08,33.11822477985365,34.55202832580486,True
Kolkata,2005,2005-06-09,32.697567974898504,34.23809340491485,True
Kolkata,2005,2005-06-10,32.82025621084924,34.44739973958337,True
Kolkata,2005,2005-06-11,32.5656647265067,34.24196715537813,True
Kolkata,2005,2005-06-12,33.085815961022554,34.5650529892296,True
Kolkata,2005,2005-06-13,32.55069005559978,34.00551779810041,True
Kolkata,2005,2005-06-14,33.62433244095053,34.80146160508643,True
Kolkata,2005,2005-06-15,33.345868850372256,34.480962290168115,True
Kolkata,2005,2005-06-16,34.293199249000494,35.56913812128116,True
Kolkata,2005,2005-06-17,34.99563749759119,36.65086906267049,True
Kolkata,2005,2005-06-18,35.015659719839036,36.629125288527696,True
Kolkata,2005,2005-06-19,34.557225882743325,35.9817876916979,True
Kolkata,2005,2005-06-20,33.9353066110103,35.62371618809934,True
Kolkata,2005,2005-06-21,32.853781029985626,35.04550028219676,True
Kolkata,2005,2005-06-22,31.778495102975484,34.048632470763636,True
Kolkata,2005,2005-06-23,31.855126781943575,34.21404454614117,True
Kolkata,2005,2005-06-24,31.760683496141425,33.897236000803574,True
Kolkata,2005,2005-06-25,32.25930106160361,33.99924344734729,True
Kolkata,2005,2005-06-26,32.24781275450901,33.75306919337966,True
Kolkata,2005,2005-06-27,32.34687591167793,33.993915929143554,True
Kolkata,2005,2005-06-28,33.151910645710274,35.12701514513348,True
Kolkata,2005,2005-06-29,33.89901804072919,35.483928601610415,True
Kolkata,2005,2005-06-30,33.686830359345315,35.49612963992599,True
Kolkata,2005,2005-07-01,32.96437465620467,34.850367597577396,True
Kolkata,2005,2005-07-02,33.16167347023023,35.38579814520286,True
Kolkata,2005,2005-07-03,33.75954651784244,35.867769520675246,True
Kolkata,2005,2005-07-04,34.42462750886888,35.69400093248809,True
Kolkata,2005,2005-07-05,34.23276278370676,36.52765727379122,True
Kolkata,2005,2005-07-06,32.73227257285589,34.994198435764524,True
Kolkata,2005,2005-07-07,32.17687242940199,34.1925277207543,True
Kolkata,2005,2005-07-08,31.79130541749862,34.218938341628736,True
Kolkata,2005,2005-07-09,31.906706276781946,34.218378586537,True
Kolkata,2005,2005-07-10,31.48188995931015,34.10075927314856,True
Kolkata,2005,2005-07-11,32.07384481317827,34.258951401913514,True
Kolkata,2005,2005-07-12,32.88033206164328,34.51890668935306,True
Kolkata,2005,2005-07-13,33.795960141706516,34.82461885220254,True
Kolkata,2005,2005-07-14,32.372967210989806,34.43223533130799,True
Kolkata,2005,2005-07-15,33.29160327883556,35.44890690963276,True
Kolkata,2005,2005-07-16,33.71236250179596,35.97368437803426,True
Kolkata,2005,2005-07-17,33.57058153641008,35.73753244388115,True
Kolkata,2005,2005-07-18,34.36623393534795,35.93956952521503,True
Kolkata,2005,2005-07-19,33.28131925814863,34.54151796710051,True
Kolkata,2005,2005-07-20,32.98225501382409,34.21383804544845,True
Kolkata,2005,2005-07-21,33.23071960163914,34.39672987362678,True
Kolkata,2005,2005-07-22,32.396693442082565,34.71353542145318,True
Kolkata,2005,2005-07-23,32.184970359243415,34.443179357758915,True
Kolkata,2005,2005-07-24,32.12961711625819,34.41053711978817,True
Kolkata,2005,2005-07-25,32.81836788077337,34.90760065973665,True
Kolkata,2005,2005-07-26,32.187390867737975,34.17194179351614,True
Kolkata,2005,2005-07-27,32.50519499863716,33.91208414692507,True
Kolkata,2005,2005-07-28,31.95265464222712,33.623026585444514,True
Kolkata,2005,2005-07-29,32.70303579941201,34.034430168470685,True
Kolkata,2005,2005-07-30,33.81709291040883,34.3187528249176,True
Kolkata,2005,2005-07-31,33.69940712511509,34.401126785850124,True
Kolkata,2005,2005-08-01,32.92781342424014,34.41967874846248,True
Kolkata,2005,2005-08-02,33.0518981022081,34.60506072646554,True
Kolkata,2005,2005-08-03,32.72932099410168,34.40764053349878,True
Kolkata,2005,2005-08-04,32.89684485952618,34.54767009285295,True
Kolkata,2005,2005-08-05,32.738368600748615,34.25481962754412,True
Kolkata,2005,2005-08-06,33.29362757182207,34.47676920721294,True
Kolkata,2005,2005-08-07,33.36906995534521,34.678871774773576,True
Kolkata,2005,2005-08-08,33.899756762064044,34.89912539015586,True
Kolkata,2005,2005-08-09,34.31004895471606,35.887955698707366,True
Kolkata,2005,2005-08-10,32.969033897919196,34.58199007116132,True
Kolkata,2005,2005-08-11,31.320595124453835,33.20036620547579,True
Kolkata,2005,2005-08-12,31.406964296246596,33.34374128322772,True
Kolkata,2005,2005-08-13,31.742328859517443,33.54644509881409,True
Kolkata,2005,2005-08-14,32.40392872386032,33.85975562832934,True
Kolkata,2005,2005-08-15,33.419236634384994,34.43723985339124,True
Kolkata,2005,2005-08-16,32.72200370030217,34.30415607890787,True
Kolkata,2005,2005-08-17,32.66832833179163,34.220334499239414,True
Kolkata,2005,2005-08-18,32.63928839682755,34.32637651272708,True
Kolkata,2005,2005-08-19,32.88158788419808,34.47087376868734,True
Kolkata,2005,2005-08-20,32.89511180299049,34.6676496127387,True
Kolkata,2005,2005-08-21,33.91899166121797,35.22788396063867,True
Kolkata,2005,2005-08-22,33.97792259217602,35.40722088246978,True
Kolkata,2005,2005-08-23,34.265345537140156,36.07832539471509,True
Kolkata,2005,2005-08-24,33.537821072925915,35.092929310657816,True
Kolkata,2005,2005-08-25,33.63337581886227,34.713918180274085,True
Kolkata,2005,2005-08-26,33.43485967419291,34.604439369870676,True
Kolkata,2005,2005-08-27,33.574669833594854,34.94842284625486,True
Kolkata,2005,2005-08-28,33.99828417349266,35.09504223922467,True
Kolkata,2005,2005-08-29,33.856489672857634,35.23184996741768,True
Kolkata,2005,2005-08-30,34.60939882574915,35.719588013944396,True
Kolkata,2005,2005-08-31,34.92598977851849,36.28869712439281,True
Kolkata,2005,2005-09-01,34.31177605539641,35.77788176004851,True
Kolkata,2005,2005-09-02,33.50769871366724,35.03379072159651,True
Kolkata,2005,2005-09-03,33.55176697023899,35.172228112842674,True
Kolkata,2005,2005-09-04,33.673308648558,35.28168293440409,True
Kolkata,2005,2005-09-05,33.49278579916934,35.28751063367499,True
Kolkata,2005,2005-09-06,32.89385726722982,34.584188810294506,True
Kolkata,2005,2005-09-07,32.991968050114146,34.75729055085266,True
Kolkata,2005,2005-09-08,32.81245241446128,34.66727584970403,True
Kolkata,2005,2005-09-09,33.35753316385423,34.75852251441695,True
Kolkata,2005,2005-09-10,33.79621857371908,35.08698882538796,True
Kolkata,2005,2005-09-11,34.154046967735056,35.385306518620865,True
Kolkata,2005,2005-09-12,34.03340120986729,35.132595460471535,True
Kolkata,2005,2005-09-13,33.97685014166238,35.17626380947007,True
Kolkata,2005,2005-09-14,35.20948784866578,36.17647281623912,True
Kolkata,2005,2005-09-15,35.01742195838858,35.808457588018626,True
Kolkata,2005,2005-09-16,34.41964868858956,35.25434722228314,True
Kolkata,2005,2005-09-17,32.96421383732092,34.42431813847106,True
Kolkata,2005,2005-09-18,31.276842141504822,33.52465899170765,True
Kolkata,2005,2005-09-19,29.244893866035863,33.0146901004024,True
Kolkata,2005,2005-09-20,30.251170759846417,33.102677457123576,True
Kolkata,2005,2005-09-21,30.157673463708893,32.48981463458881,True
Kolkata,2005,2005-09-22,27.529650507626755,31.891881470050397,True
Kolkata,2005,2005-09-23,25.838664318969812,32.69215866508738,True
Kolkata,2005,2005-09-24,33.628710267799946,34.39444917624188,True
Kolkata,2005,2005-09-25,33.851245143718764,34.673982551828,True
Kolkata,2005,2005-09-26,33.61752249328138,34.50328136199259,True
Kolkata,2005,2005-09-27,33.96309893619422,34.66044438329267,True
Kolkata,2005,2005-09-28,34.25956551079242,34.87949371714094,True
Kolkata,2005,2005-09-29,34.59946366064631,35.04029663749316,True
Kolkata,2005,2005-09-30,33.61117760721221,34.71354218411847,True
Kolkata,2005,2005-10-01,33.6931920843662,34.733540276922675,True
Kolkata,2005,2005-10-02,31.932609701905793,33.86284400282218,True
Kolkata,2005,2005-10-03,30.838253078443817,33.41849004863848,True
Kolkata,2005,2005-10-04,31.995170739144875,33.75359529682669,True
Kolkata,2005,2005-10-05,31.899838902300345,33.81519710740134,True
Kolkata,2005,2005-10-06,31.666895450147365,34.53237003874991,True
Kolkata,2005,2005-10-07,32.54115844955098,34.91440228189169,True
Kolkata,2005,2005-10-08,32.78324202575279,34.51445360426422,True
Kolkata,2005,2005-10-09,32.01325619842153,33.656357624584935,True
Kolkata,2005,2005-10-10,32.227974387917804,33.48446046207747,True
Kolkata,2005,2005-10-11,32.37039878747242,33.61048336326109,True
Kolkata,2005,2005-10-12,32.70562529918378,33.58512496635297,True
Kolkata,2005,2005-10-13,32.70809382623875,33.7428791953666,True
Kolkata,2005,2005-10-14,32.34116077390133,33.58949350672968,True
Kolkata,2005,2005-10-15,31.329785113746095,33.36878925487499,True
Kolkata,2005,2005-10-16,32.08699244160796,33.528441258418795,True
Kolkata,2005,2005-10-17,31.5135642400269,33.905633365563126,True
Kolkata,2005,2005-10-18,31.819416748425596,33.54867567307172,True
Kolkata,2005,2005-10-19,31.000808203962038,33.09286120203193,True
Kolkata,2005,2005-10-20,30.378421472888085,32.663589670438725,True
Kolkata,2005,2005-10-21,29.86204559381523,32.080375668166525,True
Kolkata,2005,2005-10-22,29.62706972640813,31.95886754103104,True
Kolkata,2005,2005-10-23,30.575052804551742,32.19889640300088,True
Kolkata,2005,2005-10-24,30.37770201370187,32.53738067701645,True
Kolkata,2005,2005-10-25,29.95072842146753,32.33969925865922,True
Kolkata,2005,2005-10-26,29.29176835400111,31.729746834216545,True
Kolkata,2005,2005-10-27,29.56603012327739,31.52836508588641,True
Kolkata,2005,2005-10-28,30.84259891060495,32.20238686984432,True
Kolkata,2005,2005-10-29,31.655493643970473,32.40729440736901,True
Kolkata,2005,2005-10-30,31.378798127180254,32.208112002692616,True
Kolkata,2005,2005-10-31,31.09692465353648,31.975352683152543,True
Kolkata,2005,2005-11-01,30.30729197810429,31.693768584102976,True
Kolkata,2005,2005-11-02,30.69957377018406,32.0241771300342,True
Kolkata,2005,2005-11-03,30.406770475234993,31.667440762416273,True
Kolkata,2005,2005-11-04,29.398389935859658,30.879908801999974,True
Kolkata,2005,2005-11-05,28.982572172455967,31.412577078701183,True
Kolkata,2005,2005-11-06,29.229993280800922,31.259260135877188,True
Kolkata,2005,2005-11-07,29.11532165311251,30.580678865716134,True
Kolkata,2005,2005-11-08,29.390950043084104,30.66881039849476,True
Kolkata,2005,2005-11-09,28.94327730351337,30.22002507751455,True
Kolkata,2005,2005-11-10,29.51753874018426,30.46577729597441,True
Kolkata,2005,2005-11-11,30.495338636853685,30.493369893685937,True
Kolkata,2005,2005-11-12,30.25844118089538,29.840514302972316,True
Kolkata,2005,2005-11-13,29.3810080524287,30.059693331006965,True
Kolkata,2005,2005-11-14,30.092591069031577,30.859450379949237,True
Kolkata,2005,2005-11-15,29.9914104230237,30.161450509905098,True
Kolkata,2005,2005-11-16,29.36293952776835,30.056323434690395,True
Kolkata,2005,2005-11-17,29.628270227754424,29.94353725132006,True
Kolkata,2005,2005-11-18,28.43991692395021,29.318407724281254,True
Kolkata,2005,2005-11-19,27.40835367857712,28.508628122141918,True
Kolkata,2005,2005-11-20,27.62253055958822,28.856004615274923,True
Kolkata,2005,2005-11-21,28.52256289546081,29.425814460660277,True
Kolkata,2005,2005-11-22,28.745828760015996,29.34569351773629,True
Kolkata,2005,2005-11-23,30.53978494736585,29.52064127338362,True
Kolkata,2005,2005-11-24,26.33191874593841,27.450416594859984,True
Kolkata,2005,2005-11-25,26.89952553218342,28.39039519843688,True
Kolkata,2005,2005-11-26,28.670751194166428,28.85953693931091,True
Kolkata,2005,2005-11-27,28.628475092619386,29.112512404050026,True
Kolkata,2005,2005-11-28,28.2130063617046,29.04855336778195,True
Kolkata,2005,2005-11-29,28.209132851042863,28.910373206289208,True
Kolkata,2005,2005-11-30,28.07473052573971,28.413957751251655,True
Kolkata,2005,2005-12-01,25.918135513797342,27.642306651310708,True
Kolkata,2005,2005-12-02,24.743852308473937,25.99656891809766,True
Kolkata,2005,2005-12-03,25.546340404262757,26.943166610725577,True
Kolkata,2005,2005-12-04,26.29832780044888,28.11373307873656,True
Kolkata,2005,2005-12-05,26.820010956460212,28.07808264389815,True
Kolkata,2005,2005-12-06,25.942989278366397,27.411561486002554,True
Kolkata,2005,2005-12-07,25.627529575899686,27.19431199016487,True
Kolkata,2005,2005-12-08,26.126565118009275,27.5999899227243,True
Kolkata,2005,2005-12-09,26.197368284781398,27.12373485105856,True
Kolkata,2005,2005-12-10,25.541459931653993,26.002482034129223,True
Kolkata,2005,2005-12-11,24.065835337184296,24.76808591843753,True
Kolkata,2005,2005-12-12,24.760216332257748,25.400608745959765,True
Kolkata,2005,2005-12-13,25.380358876274954,26.10642358664589,True
Kolkata,2005,2005-12-14,25.919710969190525,26.65790952279913,True
Kolkata,2005,2005-12-15,26.30530347175456,27.052267147381386,True
Kolkata,2005,2005-12-16,25.582411485715344,26.163717963587878,True
Kolkata,2005,2005-12-17,25.19731245516457,26.239228306590643,True
Kolkata,2005,2005-12-18,26.281083683414185,26.511134758967284,True
Kolkata,2005,2005-12-19,25.771588974984027,26.008165272563097,True
Kolkata,2005,2005-12-20,24.619347771226067,25.312900097726338,True
Kolkata,2005,2005-12-21,23.94717095865252,24.285938051377315,True
Kolkata,2005,2005-12-22,23.301358292826016,24.04055838293452,True
Kolkata,2005,2005-12-23,24.465997042310416,25.01620766070555,True
Kolkata,2005,2005-12-24,25.07356964814198,25.600846787133115,True
Kolkata,2005,2005-12-25,25.54694679797932,26.110484841830157,True
Kolkata,2005,2005-12-26,25.772537625635103,26.330882422292696,True
Kolkata,2005,2005-12-27,25.69580754438138,26.118127403864335,True
Kolkata,2005,2005-12-28,24.908836118810882,25.409446476833427,True
Kolkata,2005,2005-12-29,23.781121165428857,24.0073237817878,True
Kolkata,2005,2005-12-30,23.339366699515917,24.143182395370868,True
Kolkata,2005,2005-12-31,24.350965876136254,24.747336879849865,True
Kolkata,2007,2007-01-01,22.249442277408644,22.899098055147004,True
Kolkata,2007,2007-01-02,21.88306116977271,23.038305801840746,True
Kolkata,2007,2007-01-03,21.767211304707473,22.99965931885648,True
Kolkata,2007,2007-01-04,21.619707220825084,22.75771150767857,True
Kolkata,2007,2007-01-05,21.64234602539141,23.358494649968684,True
Kolkata,2007,2007-01-06,22.562062714323766,24.029284794220338,True
Kolkata,2007,2007-01-07,22.407926802283328,24.107949769945826,True
Kolkata,2007,2007-01-08,23.43835810996409,24.336989918221985,True
Kolkata,2007,2007-01-09,23.65106964881623,24.134032688761806,True
Kolkata,2007,2007-01-10,24.149984319688194,24.31499803982583,True
Kolkata,2007,2007-01-11,25.047932775095344,25.129196001438487,True
Kolkata,2007,2007-01-12,25.325700447870148,25.051504072723933,True
Kolkata,2007,2007-01-13,24.484675041830656,24.30560530864735,True
Kolkata,2007,2007-01-14,25.322553806958034,24.888571422036424,True
Kolkata,2007,2007-01-15,25.649393378550993,25.060748043035865,True
Kolkata,2007,2007-01-16,22.175553250868692,22.286989904197764,True
Kolkata,2007,2007-01-17,18.6792555570181,21.23049995892047,True
Kolkata,2007,2007-01-18,19.114683455832807,21.654675862340472,True
Kolkata,2007,2007-01-19,19.58084526068928,22.17692212660055,True
Kolkata,2007,2007-01-20,22.075592072536264,22.774275658436494,True
Kolkata,2007,2007-01-21,22.458720519141664,22.921975073918265,True
Kolkata,2007,2007-01-22,23.33228073793956,23.315816660355267,True
Kolkata,2007,2007-01-23,24.15324621360321,24.192392774100103,True
Kolkata,2007,2007-01-24,24.839239193518605,24.856380161839567,True
Kolkata,2007,2007-01-25,25.119358621179842,24.690599647247954,True
Kolkata,2007,2007-01-26,24.070239574541706,24.05052695492212,True
Kolkata,2007,2007-01-27,23.42630955870082,23.62817932057632,True
Kolkata,2007,2007-01-28,25.0317958379224,24.70444782545087,True
Kolkata,2007,2007-01-29,23.807811501890598,23.795305025771423,True
Kolkata,2007,2007-01-30,23.75630452422778,23.46154807178229,True
Kolkata,2007,2007-01-31,23.57883769328028,23.32178202545144,True
Kolkata,2007,2007-02-01,23.903208209892533,23.79618380711291,True
Kolkata,2007,2007-02-02,24.70530072221195,24.683933950760974,True
Kolkata,2007,2007-02-03,25.22099733441219,25.31098374085114,True
Kolkata,2007,2007-02-04,25.755419006169333,25.567404637797164,True
Kolkata,2007,2007-02-05,26.642147915538192,25.873510048145693,True
Kolkata,2007,2007-02-06,27.190412074292837,26.449343219850537,True
Kolkata,2007,2007-02-07,27.789310055359017,26.944660484953094,True
Kolkata,2007,2007-02-08,27.27536894055434,26.523523765750173,True
Kolkata,2007,2007-02-09,27.425750183725047,26.767724688478484,True
Kolkata,2007,2007-02-10,27.582543220945638,26.83483995370006,True
Kolkata,2007,2007-02-11,26.41320583844141,25.894538738612496,True
Kolkata,2007,2007-02-12,26.198995901828532,25.859536379934294,True
Kolkata,2007,2007-02-13,26.252762929831103,26.0500846312718,True
Kolkata,2007,2007-02-14,26.43710475170234,26.12096708314401,True
Kolkata,2007,2007-02-15,26.914451157264534,26.292360363721063,True
Kolkata,2007,2007-02-16,27.41086915104018,26.51569722320232,True
Kolkata,2007,2007-02-17,27.629113571455324,26.895013536336403,True
Kolkata,2007,2007-02-18,28.04240052316705,27.432021625179527,True
Kolkata,2007,2007-02-19,28.44863065391359,27.81667743461405,True
Kolkata,2007,2007-02-20,29.171233438162457,27.776337162925877,True
Kolkata,2007,2007-02-21,28.838460098888277,27.228882938286773,True
Kolkata,2007,2007-02-22,27.063793716355363,26.677263499987593,True
Kolkata,2007,2007-02-23,27.05059655468863,26.749737541342068,True
Kolkata,2007,2007-02-24,27.782707979903424,27.127967724936244,True
Kolkata,2007,2007-02-25,27.81197825117687,27.033201311592382,True
Kolkata,2007,2007-02-26,27.484654795467442,26.867974260649273,True
Kolkata,2007,2007-02-27,27.54037700506476,26.97567695810769,True
Kolkata,2007,2007-02-28,28.67973474050433,27.675730240864045,True
Kolkata,2007,2007-03-01,29.969125471745922,28.633813797649758,True
Kolkata,2007,2007-03-02,30.28182532958727,28.937747186663096,True
Kolkata,2007,2007-03-03,30.935434014708214,29.25322646783674,True
Kolkata,2007,2007-03-04,30.972342172180866,29.297790389995694,True
Kolkata,2007,2007-03-05,30.048429702126406,28.76401835383663,True
Kolkata,2007,2007-03-06,29.490568166035587,28.397124597902106,True
Kolkata,2007,2007-03-07,29.40495627271265,28.386911770358676,True
Kolkata,2007,2007-03-08,29.58715943930324,28.590268928739874,True
Kolkata,2007,2007-03-09,29.895143157627164,28.812665936933133,True
Kolkata,2007,2007-03-10,29.737586638111637,28.784650603932317,True
Kolkata,2007,2007-03-11,30.63520676876646,29.23126240687017,True
Kolkata,2007,2007-03-12,31.535614246326034,29.05618773035263,True
Kolkata,2007,2007-03-13,29.46276068887273,27.958824319909514,True
Kolkata,2007,2007-03-14,31.277807430067202,29.14787677584067,True
Kolkata,2007,2007-03-15,31.156632992099887,29.145284665043345,True
Kolkata,2007,2007-03-16,30.634697188643422,29.058032030475516,True
Kolkata,2007,2007-03-17,29.909701407641784,28.61483605483117,True
Kolkata,2007,2007-03-18,30.3059241098165,29.110224711439617,True
Kolkata,2007,2007-03-19,30.96177409442779,29.526744620998596,True
Kolkata,2007,2007-03-20,31.7327249747572,30.06494103309939,True
Kolkata,2007,2007-03-21,32.90084911387761,30.748264354766643,True
Kolkata,2007,2007-03-22,33.9799150831658,30.97273886030654,True
Kolkata,2007,2007-03-23,34.439826491185194,31.107972926630545,True
Kolkata,2007,2007-03-24,30.589115212228517,28.761390677536014,True
Kolkata,2007,2007-03-25,31.225404454485414,29.432354488367483,True
Kolkata,2007,2007-03-26,31.82084060653379,30.043433110520567,True
Kolkata,2007,2007-03-27,32.04245861794293,30.17190875050799,True
Kolkata,2007,2007-03-28,32.80784998093884,30.234657006267177,True
Kolkata,2007,2007-03-29,33.30015824927571,30.8840661805035,True
Kolkata,2007,2007-03-30,32.89544095571852,31.17894275794443,True
Kolkata,2007,2007-03-31,32.675379753247434,31.025812197784123,True
Kolkata,2007,2007-04-01,31.716106532711656,30.309877057708814,True
Kolkata,2007,2007-04-02,31.81699091722767,30.190526228006465,True
Kolkata,2007,2007-04-03,32.75771371534642,31.06817640723984,True
Kolkata,2007,2007-04-04,32.33996038633724,31.268155833965576,True
Kolkata,2007,2007-04-05,32.46425068621447,31.283351379520365,True
Kolkata,2007,2007-04-06,33.82218336909857,31.854883546672184,True
Kolkata,2007,2007-04-07,34.14841829654647,32.20414152248921,True
Kolkata,2007,2007-04-08,32.48381067874166,31.87054638453646,True
Kolkata,2007,2007-04-09,32.96739368645977,31.75279980522962,True
Kolkata,2007,2007-04-10,33.25749017081387,31.832045093339122,True
Kolkata,2007,2007-04-11,31.525924111683565,31.143127733136254,True
Kolkata,2007,2007-04-12,30.931878075132644,30.29097043429487,True
Kolkata,2007,2007-04-13,31.951139328007567,30.613746496592757,True
Kolkata,2007,2007-04-14,33.11851632889168,31.24394431692306,True
Kolkata,2007,2007-04-15,33.70026779095002,31.690006653914047,True
Kolkata,2007,2007-04-16,31.944850200626334,30.83640120785775,True
Kolkata,2007,2007-04-17,32.78347262323721,31.318419720822554,True
Kolkata,2007,2007-04-18,33.0267060024352,31.7416464868073,True
Kolkata,2007,2007-04-19,32.632811573912406,31.67348030413749,True
Kolkata,2007,2007-04-20,29.763153292229184,31.091301854241113,True
Kolkata,2007,2007-04-21,33.479449026609046,33.07193822456268,True
Kolkata,2007,2007-04-22,32.7794493318875,32.441740216593494,True
Kolkata,2007,2007-04-23,34.10731656143894,33.4464514607115,True
Kolkata,2007,2007-04-24,33.586751804111366,32.875526216123966,True
Kolkata,2007,2007-04-25,32.24207452877585,31.840049427051532,True
Kolkata,2007,2007-04-26,30.56301255404737,30.90015991873102,True
Kolkata,2007,2007-04-27,31.52997055244033,31.995976384685846,True
Kolkata,2007,2007-04-28,33.14001093748814,32.953838723665505,True
Kolkata,2007,2007-04-29,34.16496186529668,33.76150399891511,True
Kolkata,2007,2007-04-30,34.04380676384223,33.81876848028958,True
Kolkata,2007,2007-05-01,33.00395178269797,32.95080704061843,True
Kolkata,2007,2007-05-02,33.0452531321255,32.68592128858561,True
Kolkata,2007,2007-05-03,32.674990939821384,32.26809083926951,True
Kolkata,2007,2007-05-04,32.55088624026542,32.13553985127091,True
Kolkata,2007,2007-05-05,32.53786723881554,32.192827856443685,True
Kolkata,2007,2007-05-06,31.649643815638246,32.2805295962726,True
Kolkata,2007,2007-05-07,30.992892798730526,31.59770420578698,True
Kolkata,2007,2007-05-08,31.99214742207672,32.29922893140475,True
Kolkata,2007,2007-05-09,32.98152739622434,32.821085992526626,True
Kolkata,2007,2007-05-10,33.12169177426119,32.99931018684986,True
Kolkata,2007,2007-05-11,31.73443186065864,32.33559814165083,True
Kolkata,2007,2007-05-12,32.79460526907099,32.71100646998765,True
Kolkata,2007,2007-05-13,33.23552199715333,33.292659709261855,True
Kolkata,2007,2007-05-14,33.80285200666924,33.73469297690746,True
Kolkata,2007,2007-05-15,32.536770201293606,33.14001705084235,True
Kolkata,2007,2007-05-16,33.0090941232201,33.32748721189164,True
Kolkata,2007,2007-05-17,32.84742116121318,33.09288846449247,True
Kolkata,2007,2007-05-18,33.43919953602675,33.5889748028838,True
Kolkata,2007,2007-05-19,33.11786876108158,33.55295739267255,True
Kolkata,2007,2007-05-20,31.387095273399805,32.52916209467588,True
Kolkata,2007,2007-05-21,30.934939018305187,32.13041782171745,True
Kolkata,2007,2007-05-22,30.309947151740715,32.004648270196945,True
Kolkata,2007,2007-05-23,29.428429737509205,31.779140058857955,True
Kolkata,2007,2007-05-24,33.196211462298635,34.048595278514476,True
Kolkata,2007,2007-05-25,32.38425182469976,33.15384996412794,True
Kolkata,2007,2007-05-26,31.947287459269248,32.97618124825968,True
Kolkata,2007,2007-05-27,28.314534453574247,32.483605679074195,True
Kolkata,2007,2007-05-28,30.560780163081198,32.656718941718914,True
Kolkata,2007,2007-05-29,31.638518525279594,32.90855364453612,True
Kolkata,2007,2007-05-30,33.10454102649524,34.31609175099407,True
Kolkata,2007,2007-05-31,34.667897748927004,35.502345830017354,True
Kolkata,2007,2007-06-01,34.25273575056364,35.50069801299296,True
Kolkata,2007,2007-06-02,33.972647318897266,35.32387196608825,True
Kolkata,2007,2007-06-03,33.66153093293442,34.89043455967051,True
Kolkata,2007,2007-06-04,33.36008822759585,34.239976901173996,True
Kolkata,2007,2007-06-05,33.76666013368493,35.18574271232243,True
Kolkata,2007,2007-06-06,33.87572574555429,35.3889793542959,True
Kolkata,2007,2007-06-07,34.300185199750445,35.35124866365182,True
Kolkata,2007,2007-06-08,34.96256079785285,35.990255342967316,True
Kolkata,2007,2007-06-09,34.52344584045786,35.04226468549287,True
Kolkata,2007,2007-06-10,33.66929242666368,34.60045242122098,True
Kolkata,2007,2007-06-11,33.21219343560091,34.33420050158497,True
Kolkata,2007,2007-06-12,32.068097628194636,34.06107186979463,True
Kolkata,2007,2007-06-13,30.90211412841517,32.79940357623863,True
Kolkata,2007,2007-06-14,30.747886936791144,32.8893308779684,True
Kolkata,2007,2007-06-15,31.84449155008124,33.72904175438539,True
Kolkata,2007,2007-06-16,34.18746027076218,35.125136339681525,True
Kolkata,2007,2007-06-17,34.26034038731789,36.21198459808117,True
Kolkata,2007,2007-06-18,33.5979240124864,35.47699142684305,True
Kolkata,2007,2007-06-19,33.06265383649156,34.42509429353507,True
Kolkata,2007,2007-06-20,32.44713741453815,33.871635792119505,True
Kolkata,2007,2007-06-21,33.149295224896775,34.5020192257645,True
Kolkata,2007,2007-06-22,33.308713156987146,35.209647700312054,True
Kolkata,2007,2007-06-23,32.60883998893742,35.22486377599759,True
Kolkata,2007,2007-06-24,32.408443421536475,34.593659391269675,True
Kolkata,2007,2007-06-25,33.19636591165796,35.18205259521966,True
Kolkata,2007,2007-06-26,33.68437768367798,35.278224508695835,True
Kolkata,2007,2007-06-27,33.1988875059728,34.59982872198623,True
Kolkata,2007,2007-06-28,32.80852842418952,34.480848077629965,True
Kolkata,2007,2007-06-29,31.83309291471168,33.736986785732235,True
Kolkata,2007,2007-06-30,31.30651766574582,33.58132120192363,True
Kolkata,2007,2007-07-01,30.729527336172943,33.20689083378217,True
Kolkata,2007,2007-07-02,30.09149676503434,32.9575214088591,True
Kolkata,2007,2007-07-03,30.136197583074782,32.92624301358145,True
Kolkata,2007,2007-07-04,30.28640248835316,33.10936701642546,True
Kolkata,2007,2007-07-05,29.1721408976068,32.68953140384594,True
Kolkata,2007,2007-07-06,29.30923795429912,32.82940316598948,True
Kolkata,2007,2007-07-07,29.68641503434052,33.115367165869124,True
Kolkata,2007,2007-07-08,30.81950379996745,33.43777773871199,True
Kolkata,2007,2007-07-09,30.67899470639717,33.120198087520755,True
Kolkata,2007,2007-07-10,31.14930124109822,33.81155950570993,True
Kolkata,2007,2007-07-11,32.599692865695495,34.88564344753193,True
Kolkata,2007,2007-07-12,31.54147797203389,34.88394441590549,True
Kolkata,2007,2007-07-13,31.353680725082143,35.10521247438097,True
Kolkata,2007,2007-07-14,31.952108594566894,34.991646651009255,True
Kolkata,2007,2007-07-15,31.846194975204277,34.382232182766494,True
Kolkata,2007,2007-07-16,30.89300427452801,33.547493560477896,True
Kolkata,2007,2007-07-17,28.074901442293854,32.622578901533906,True
Kolkata,2007,2007-07-18,30.065528019911575,33.18058741312063,True
Kolkata,2007,2007-07-19,29.17263301913517,33.242832744918154,True
Kolkata,2007,2007-07-20,30.206145743632213,33.204310380620726,True
Kolkata,2007,2007-07-21,30.375728070614645,33.309954990304604,True
Kolkata,2007,2007-07-22,29.56914753693728,32.880596198856566,True
Kolkata,2007,2007-07-23,30.449507119522607,33.126010940167504,True
Kolkata,2007,2007-07-24,32.49296995384646,34.260234032079325,True
Kolkata,2007,2007-07-25,32.92047249737048,34.887526013359164,True
Kolkata,2007,2007-07-26,31.8730580820919,34.24865319614315,True
Kolkata,2007,2007-07-27,32.067187456416484,33.94281474628087,True
Kolkata,2007,2007-07-28,31.764285804426986,33.91553018891528,True
Kolkata,2007,2007-07-29,31.779774221531945,34.002998337083646,True
Kolkata,2007,2007-07-30,32.26048066966677,34.2743435291847,True
Kolkata,2007,2007-07-31,32.86028765479091,34.36580243009828,True
Kolkata,2007,2007-08-01,32.53398544263382,33.97214028723811,True
Kolkata,2007,2007-08-02,32.1674244566335,33.613448739441196,True
Kolkata,2007,2007-08-03,33.02494321961634,34.577908840211684,True
Kolkata,2007,2007-08-04,33.8363037621393,34.66917503753664,True
Kolkata,2007,2007-08-05,34.67000641612757,34.92011633917662,True
Kolkata,2007,2007-08-06,33.19500140528678,34.43540284152076,True
Kolkata,2007,2007-08-07,33.53594794023591,34.681896160875866,True
Kolkata,2007,2007-08-08,33.523599418102684,34.646596267461106,True
Kolkata,2007,2007-08-09,32.927565231127886,34.375157667058026,True
Kolkata,2007,2007-08-10,31.95815926892374,33.550562795717816,True
Kolkata,2007,2007-08-11,30.973612432691862,33.08820250678512,True
Kolkata,2007,2007-08-12,32.32186118682779,33.73830905342188,True
Kolkata,2007,2007-08-13,32.52016732435085,34.064030614024716,True
Kolkata,2007,2007-08-14,32.4865857486498,33.9952254803628,True
Kolkata,2007,2007-08-15,31.24837540050283,33.78008328982829,True
Kolkata,2007,2007-08-16,30.60778533165619,33.58332384240147,True
Kolkata,2007,2007-08-17,31.2517095663629,33.921404709762804,True
Kolkata,2007,2007-08-18,31.959181917208248,34.08556950479666,True
Kolkata,2007,2007-08-19,31.92321808478296,34.50785789621898,True
Kolkata,2007,2007-08-20,31.399385366095622,33.6801938310417,True
Kolkata,2007,2007-08-21,29.88929774879817,32.63107413850479,True
Kolkata,2007,2007-08-22,30.650819243228334,33.09714764852044,True
Kolkata,2007,2007-08-23,33.5733241152105,34.55099550406405,True
Kolkata,2007,2007-08-24,34.620859172093006,35.68071786073566,True
Kolkata,2007,2007-08-25,35.15754849615148,36.18490361667372,True
Kolkata,2007,2007-08-26,34.70443020683575,35.798917772557786,True
Kolkata,2007,2007-08-27,33.75884683658915,34.75069645630834,True
Kolkata,2007,2007-08-28,32.61363043897614,34.04118706511019,True
Kolkata,2007,2007-08-29,33.2822445351364,34.62994425467309,True
Kolkata,2007,2007-08-30,34.01917922078012,34.88844916875296,True
Kolkata,2007,2007-08-31,33.58708949432832,34.53976225099601,True
Kolkata,2007,2007-09-01,33.74723695629545,34.72483905346287,True
Kolkata,2007,2007-09-02,33.70353402490582,34.78026603106068,True
Kolkata,2007,2007-09-03,33.19290471127135,34.54544266793543,True
Kolkata,2007,2007-09-04,32.91388115503668,34.22591187815898,True
Kolkata,2007,2007-09-05,32.939340573497496,34.45577607614625,True
Kolkata,2007,2007-09-06,32.941449874103654,34.75402242253987,True
Kolkata,2007,2007-09-07,32.686101272236584,34.33991384964343,True
Kolkata,2007,2007-09-08,32.815844476664765,34.631530359400145,True
Kolkata,2007,2007-09-09,33.085980564932086,34.56157110958437,True
Kolkata,2007,2007-09-10,33.604236521338386,34.88499616049484,True
Kolkata,2007,2007-09-11,34.40381693086326,36.05621692127672,True
Kolkata,2007,2007-09-12,32.438345145551104,33.71619388397252,True
Kolkata,2007,2007-09-13,26.978075039447923,32.370978317247,True
Kolkata,2007,2007-09-14,27.15770318520908,32.467905631520324,True
Kolkata,2007,2007-09-15,28.45646415524663,33.9058342701658,True
Kolkata,2007,2007-09-16,33.43608707925913,35.574299863034405,True
Kolkata,2007,2007-09-17,34.25380760593689,35.88043126202529,True
Kolkata,2007,2007-09-18,33.53087085374804,34.905043041877704,True
Kolkata,2007,2007-09-19,33.70427586408202,34.83633018198469,True
Kolkata,2007,2007-09-20,33.57956394989317,34.82138447870826,True
Kolkata,2007,2007-09-21,33.39955336020495,34.77954245338196,True
Kolkata,2007,2007-09-22,33.28608591248623,34.88486303680796,True
Kolkata,2007,2007-09-23,33.66634235530965,35.37217866051794,True
Kolkata,2007,2007-09-24,33.43325872110237,35.480688568558364,True
Kolkata,2007,2007-09-25,33.21824381186384,34.910897602947976,True
Kolkata,2007,2007-09-26,33.49557931472558,35.0147479149627,True
Kolkata,2007,2007-09-27,32.628700818514844,34.2295585237369,True
Kolkata,2007,2007-09-28,32.557265634301956,34.15303779819091,True
Kolkata,2007,2007-09-29,32.111498782573996,33.898470822448715,True
Kolkata,2007,2007-09-30,32.030504679344794,33.74631240737192,True
Kolkata,2007,2007-10-01,31.433121712463112,33.51733679387572,True
Kolkata,2007,2007-10-02,32.56469035615672,34.01693627406033,True
Kolkata,2007,2007-10-03,32.71944378590712,33.87844286256941,True
Kolkata,2007,2007-10-04,32.45636531852261,33.85277429810485,True
Kolkata,2007,2007-10-05,32.251895034676224,33.57548296305008,True
Kolkata,2007,2007-10-06,31.858899871863642,33.22746574329814,True
Kolkata,2007,2007-10-07,31.656920940275263,33.27422981603086,True
Kolkata,2007,2007-10-08,32.666888622831394,33.68837118075592,True
Kolkata,2007,2007-10-09,33.58795952074247,34.011634187249335,True
Kolkata,2007,2007-10-10,33.13290273548386,34.02644498200386,True
Kolkata,2007,2007-10-11,32.58075096272695,33.664784071576975,True
Kolkata,2007,2007-10-12,32.968549323136784,33.7831280919768,True
Kolkata,2007,2007-10-13,30.758611231901885,33.061448882905175,True
Kolkata,2007,2007-10-14,31.018332457421437,33.41142240874307,True
Kolkata,2007,2007-10-15,31.47606221106302,33.735415076458175,True
Kolkata,2007,2007-10-16,30.822093120011566,33.8481867945261,True
Kolkata,2007,2007-10-17,30.158669173634962,33.47418617332993,True
Kolkata,2007,2007-10-18,25.923900611542543,32.7623276338269,True
Kolkata,2007,2007-10-19,24.899614289686355,32.3307068020973,True
Kolkata,2007,2007-10-20,24.49648337937702,31.494371801512056,True
Kolkata,2007,2007-10-21,24.381672599366443,31.35509510690759,True
Kolkata,2007,2007-10-22,28.89844342284599,32.228206316785815,True
Kolkata,2007,2007-10-23,29.34324412047802,32.04695958051628,True
Kolkata,2007,2007-10-24,29.059545387459192,32.08951623339611,True
Kolkata,2007,2007-10-25,29.853831553375407,32.18242787466803,True
Kolkata,2007,2007-10-26,28.974750405924823,31.723690809644687,True
Kolkata,2007,2007-10-27,28.36995886659102,31.18880774273487,True
Kolkata,2007,2007-10-28,28.790245958461405,31.45753861098824,True
Kolkata,2007,2007-10-29,28.885568487542663,31.370560607828963,True
Kolkata,2007,2007-10-30,28.73769583545617,31.193665262995502,True
Kolkata,2007,2007-10-31,28.64020267572478,30.95360241082183,True
Kolkata,2007,2007-11-01,28.177467057847302,30.3879691803603,True
Kolkata,2007,2007-11-02,28.05462271779723,30.223001648251756,True
Kolkata,2007,2007-11-03,28.39603834864465,30.259791385760156,True
Kolkata,2007,2007-11-04,29.25352316715989,30.885819956762738,True
Kolkata,2007,2007-11-05,29.125361527536974,30.73814596027016,True
Kolkata,2007,2007-11-06,28.62870368916382,30.30604971997126,True
Kolkata,2007,2007-11-07,28.547172806359193,30.213188561356265,True
Kolkata,2007,2007-11-08,28.745265503807467,30.188637885743038,True
Kolkata,2007,2007-11-09,29.04139180814065,30.228968539926505,True
Kolkata,2007,2007-11-10,28.758871158838243,30.150268333919485,True
Kolkata,2007,2007-11-11,28.39183315595654,29.89149942921486,True
Kolkata,2007,2007-11-12,27.571036822686487,29.296541113773024,True
Kolkata,2007,2007-11-13,26.59002277999209,28.323402529665508,True
Kolkata,2007,2007-11-14,26.425924921413078,28.086436660328523,True
Kolkata,2007,2007-11-15,26.840956493020887,28.871043737537033,True
Kolkata,2007,2007-11-16,26.15652124642335,27.890882831466165,True
Kolkata,2007,2007-11-17,26.345587346745386,28.003055920840186,True
Kolkata,2007,2007-11-18,27.024690039753565,28.680941844553807,True
Kolkata,2007,2007-11-19,26.629581329504422,28.18576140577996,True
Kolkata,2007,2007-11-20,26.301968467734014,27.977021212215153,True
Kolkata,2007,2007-11-21,26.171013552204723,27.91952774167651,True
Kolkata,2007,2007-11-22,26.477724034212514,28.239890362578794,True
Kolkata,2007,2007-11-23,26.22721482306521,28.003764314394598,True
Kolkata,2007,2007-11-24,26.284493002937293,27.875993510018017,True
Kolkata,2007,2007-11-25,27.249623056288378,28.343295826316986,True
Kolkata,2007,2007-11-26,27.024664927360227,28.283421953206965,True
Kolkata,2007,2007-11-27,26.481675501593415,27.96948149710874,True
Kolkata,2007,2007-11-28,26.793830396643454,28.377381687144553,True
Kolkata,2007,2007-11-29,25.57810127038678,27.069893366708065,True
Kolkata,2007,2007-11-30,25.06580875515926,26.25317526802976,True
Kolkata,2007,2007-12-01,25.313075923923243,26.336265455514855,True
Kolkata,2007,2007-12-02,25.11224751243408,26.035006249176913,True
Kolkata,2007,2007-12-03,25.319637162996177,26.813373319522935,True
Kolkata,2007,2007-12-04,24.74031908818377,25.89721204976562,True
Kolkata,2007,2007-12-05,24.84419137462356,25.82581761681082,True
Kolkata,2007,2007-12-06,25.728394152179078,26.982360294711206,True
Kolkata,2007,2007-12-07,25.690690522017317,26.73408038059832,True
Kolkata,2007,2007-12-08,25.862688346218533,27.095308722119512,True
Kolkata,2007,2007-12-09,26.28314713741739,27.73200014888509,True
Kolkata,2007,2007-12-10,25.51848441029781,26.73345184590446,True
Kolkata,2007,2007-12-11,25.86164297395975,27.016491901836844,True
Kolkata,2007,2007-12-12,25.96841597284554,27.023251009243353,True
Kolkata,2007,2007-12-13,25.917621268047036,26.81231976789106,True
Kolkata,2007,2007-12-14,24.098209865218628,25.81766662467673,True
Kolkata,2007,2007-12-15,24.23240946058653,25.884173622855453,True
Kolkata,2007,2007-12-16,24.91087369233832,26.061772896869453,True
Kolkata,2007,2007-12-17,23.95871865864202,25.15469154227148,True
Kolkata,2007,2007-12-18,23.15764002927465,24.134899315394897,True
Kolkata,2007,2007-12-19,22.606199738306366,23.648048760005814,True
Kolkata,2007,2007-12-20,23.63856285679572,24.245287657124045,True
Kolkata,2007,2007-12-21,24.45765309853473,25.07281150968743,True
Kolkata,2007,2007-12-22,25.112038674365742,25.89446221734997,True
Kolkata,2007,2007-12-23,24.63157821307527,25.28717972774881,True
Kolkata,2007,2007-12-24,24.587362436431405,25.17307001944572,True
Kolkata,2007,2007-12-25,24.72844559804298,25.25108124560384,True
Kolkata,2007,2007-12-26,24.370797245586573,24.958320863844367,True
Kolkata,2007,2007-12-27,24.637032824540402,25.001561845111993,True
Kolkata,2007,2007-12-28,24.63833485242173,25.02799343194661,True
Kolkata,2007,2007-12-29,24.41555113776074,25.23276819817972,True
Kolkata,2007,2007-12-30,23.822210903498554,24.300596725041125,True
Kolkata,2007,2007-12-31,22.40050279758923,23.0808716674162,True
Kolkata,2009,2009-01-01,22.538834634626618,23.850500561757475,True
Kolkata,2009,2009-01-02,23.054203530640116,23.916250750058023,True
Kolkata,2009,2009-01-03,24.27058839487269,24.873198153338766,True
Kolkata,2009,2009-01-04,24.89818142993942,25.44985603278957,True
Kolkata,2009,2009-01-05,25.58220161620536,26.65488831230509,True
Kolkata,2009,2009-01-06,25.727153776408382,26.16542306588317,True
Kolkata,2009,2009-01-07,25.383103815575883,26.52662616741171,True
Kolkata,2009,2009-01-08,24.871878229333227,25.638249091474364,True
Kolkata,2009,2009-01-09,24.276072600648043,24.430652612952322,True
Kolkata,2009,2009-01-10,24.850173693292906,25.02754539686723,True
Kolkata,2009,2009-01-11,25.625494924896042,26.035067145483495,True
Kolkata,2009,2009-01-12,25.826061410197674,26.025672814383014,True
Kolkata,2009,2009-01-13,25.85861226887306,25.498781862129782,True
Kolkata,2009,2009-01-14,24.827333179209482,24.478412483231253,True
Kolkata,2009,2009-01-15,25.62878382711249,25.171108458191597,True
Kolkata,2009,2009-01-16,25.814248608916106,25.243276469952512,True
Kolkata,2009,2009-01-17,25.330929938671712,25.01622991475085,True
Kolkata,2009,2009-01-18,26.36195063183666,25.65787335144964,True
Kolkata,2009,2009-01-19,27.412383816411946,25.79734084299442,True
Kolkata,2009,2009-01-20,28.174670678134177,26.677547416048544,True
Kolkata,2009,2009-01-21,25.1442912469674,24.490888742454665,True
Kolkata,2009,2009-01-22,21.183719393983782,21.936838767432285,True
Kolkata,2009,2009-01-23,21.404691085817266,22.01788055889066,True
Kolkata,2009,2009-01-24,22.042264606922757,22.524834471076637,True
Kolkata,2009,2009-01-25,22.41402501432553,22.823544175954822,True
Kolkata,2009,2009-01-26,23.406741015284496,23.756520663773905,True
Kolkata,2009,2009-01-27,23.552410617155402,23.653453085966277,True
Kolkata,2009,2009-01-28,25.229090193521074,24.927923319458966,True
Kolkata,2009,2009-01-29,25.67076944444105,25.68933200422845,True
Kolkata,2009,2009-01-30,25.936998126494693,25.801800926384757,True
Kolkata,2009,2009-01-31,26.03674191477331,25.72914128908508,True
Kolkata,2009,2009-02-01,26.08552162801314,25.38250389310998,True
Kolkata,2009,2009-02-02,26.618246079212113,25.279369269031502,True
Kolkata,2009,2009-02-03,26.714920444847,25.617670665763924,True
Kolkata,2009,2009-02-04,26.48284358269861,25.60351036687454,True
Kolkata,2009,2009-02-05,27.240586757460083,26.05793104411352,True
Kolkata,2009,2009-02-06,26.38587824621578,25.939331669260493,True
Kolkata,2009,2009-02-07,26.92995593905615,26.77829261161944,True
Kolkata,2009,2009-02-08,27.022165274586452,25.881963791847866,True
Kolkata,2009,2009-02-09,26.779859407909708,25.791645302847026,True
Kolkata,2009,2009-02-10,27.46284943435641,26.067532934672276,True
Kolkata,2009,2009-02-11,28.1743482854775,26.531843804597184,True
Kolkata,2009,2009-02-12,27.500041066342707,26.626218981777285,True
Kolkata,2009,2009-02-13,28.118566591931156,27.159049700453405,True
Kolkata,2009,2009-02-14,27.54508080311022,27.06659363255454,True
Kolkata,2009,2009-02-15,26.95973309991042,26.546106424752278,True
Kolkata,2009,2009-02-16,27.566125788113354,27.520370081505867,True
Kolkata,2009,2009-02-17,28.966620170969062,27.69723551089174,True
Kolkata,2009,2009-02-18,29.563765787772482,26.754995529310794,True
Kolkata,2009,2009-02-19,27.67180190837136,26.4194115638186,True
Kolkata,2009,2009-02-20,26.477534789823586,25.556530197697562,True
Kolkata,2009,2009-02-21,21.357131488758203,21.318858006890586,True
Kolkata,2009,2009-02-22,23.034184895713867,23.052216818459257,True
Kolkata,2009,2009-02-23,25.641791889865708,25.346141767286372,True
Kolkata,2009,2009-02-24,25.123947266846802,24.754468154112775,True
Kolkata,2009,2009-02-25,24.651338205711653,24.28131264738418,True
Kolkata,2009,2009-02-26,25.719718170752582,25.1840879921125,True
Kolkata,2009,2009-02-27,26.89351721084771,26.680326224330834,True
Kolkata,2009,2009-02-28,28.516887423304293,26.95077869313905,True
Kolkata,2009,2009-03-01,30.268757465592607,27.5250255978416,True
Kolkata,2009,2009-03-02,30.26376326712558,28.47328891114845,True
Kolkata,2009,2009-03-03,31.036467947501034,28.791711213739266,True
Kolkata,2009,2009-03-04,29.75189312742624,27.453380426507906,True
Kolkata,2009,2009-03-05,27.756934349586995,26.784470471874897,True
Kolkata,2009,2009-03-06,28.2463949926265,27.394974059144786,True
Kolkata,2009,2009-03-07,28.753905842274612,28.084753225799087,True
Kolkata,2009,2009-03-08,29.57072691403102,28.550689135812334,True
Kolkata,2009,2009-03-09,30.914130826213416,29.251406075490475,True
Kolkata,2009,2009-03-10,30.498152939849167,29.08955719346846,True
Kolkata,2009,2009-03-11,30.134696308739922,28.67963596405405,True
Kolkata,2009,2009-03-12,29.393379053208108,27.59089446078404,True
Kolkata,2009,2009-03-13,29.200957451651234,27.70965827718794,True
Kolkata,2009,2009-03-14,29.01644859109294,28.128472305173723,True
Kolkata,2009,2009-03-15,29.23107343024149,28.278497750303334,True
Kolkata,2009,2009-03-16,29.9591490700883,28.524369849704442,True
Kolkata,2009,2009-03-17,31.296156194042226,29.639992255951395,True
Kolkata,2009,2009-03-18,31.747860704331163,30.2090703938751,True
Kolkata,2009,2009-03-19,32.16302398978656,30.52710239483953,True
Kolkata,2009,2009-03-20,33.17397468264508,31.132054625762557,True
Kolkata,2009,2009-03-21,33.908905534170586,31.14639682806506,True
Kolkata,2009,2009-03-22,33.861919298079656,31.139259904429633,True
Kolkata,2009,2009-03-23,33.34727716364629,30.870593848257414,True
Kolkata,2009,2009-03-24,33.49917898601087,30.587744299683493,True
Kolkata,2009,2009-03-25,32.9264051470487,30.388517112381525,True
Kolkata,2009,2009-03-26,32.69950904773826,30.206844344412247,True
Kolkata,2009,2009-03-27,32.280931556114176,29.981127311391724,True
Kolkata,2009,2009-03-28,33.22690744021506,30.895916889691513,True
Kolkata,2009,2009-03-29,33.44260955024251,31.242022218115554,True
Kolkata,2009,2009-03-30,33.00924558643189,30.96655219072716,True
Kolkata,2009,2009-03-31,32.83726516871211,30.949911434364463,True
Kolkata,2009,2009-04-01,33.282770774063096,31.08778987128451,True
Kolkata,2009,2009-04-02,32.45169802503449,30.781801203886104,True
Kolkata,2009,2009-04-03,33.074068105346065,31.212974594589983,True
Kolkata,2009,2009-04-04,33.766947536996675,31.57641279266188,True
Kolkata,2009,2009-04-05,33.655420319925994,31.694104264274138,True
Kolkata,2009,2009-04-06,34.83511924330986,32.41020398590227,True
Kolkata,2009,2009-04-07,34.841332767825385,32.36137698402815,True
Kolkata,2009,2009-04-08,33.80228792012099,32.0235351706962,True
Kolkata,2009,2009-04-09,33.76417497695526,32.21814888757783,True
Kolkata,2009,2009-04-10,34.429972301845005,32.24292356411082,True
Kolkata,2009,2009-04-11,35.249945436770744,32.63337904025253,True
Kolkata,2009,2009-04-12,34.40229886933038,32.03389653645363,True
Kolkata,2009,2009-04-13,34.38850409405147,32.10720146485601,True
Kolkata,2009,2009-04-14,34.114629141704576,32.17402886924671,True
Kolkata,2009,2009-04-15,34.51028494287271,32.43634781932907,True
Kolkata,2009,2009-04-16,35.41889537437343,33.07895413553492,True
Kolkata,2009,2009-04-17,34.30985824975737,32.55183180057688,True
Kolkata,2009,2009-04-18,34.28473243091876,32.82885292715773,True
Kolkata,2009,2009-04-19,33.91373713690428,32.590147960525016,True
Kolkata,2009,2009-04-20,33.721585144808145,32.62712461618168,True
Kolkata,2009,2009-04-21,34.04705607299436,32.8918223482246,True
Kolkata,2009,2009-04-22,34.10057025721545,33.20651246614438,True
Kolkata,2009,2009-04-23,32.972469950975785,32.40261799069005,True
Kolkata,2009,2009-04-24,34.02776282821139,33.27727413996896,True
Kolkata,2009,2009-04-25,34.33872102252716,33.7185191969327,True
Kolkata,2009,2009-04-26,33.1242324827098,32.82091243723928,True
Kolkata,2009,2009-04-27,33.06741845063625,32.9364948430275,True
Kolkata,2009,2009-04-28,33.17745367149191,33.41762835299569,True
Kolkata,2009,2009-04-29,33.08943741733474,33.030285822543505,True
Kolkata,2009,2009-04-30,32.128643691864184,32.465416667547395,True
Kolkata,2009,2009-05-01,32.66029902920519,32.640875999699574,True
Kolkata,2009,2009-05-02,33.28951634040867,32.545889920710025,True
Kolkata,2009,2009-05-03,33.448536969284596,32.73620727981696,True
Kolkata,2009,2009-05-04,33.20603151478787,32.4460206390223,True
Kolkata,2009,2009-05-05,34.02464414962661,32.994387645925514,True
Kolkata,2009,2009-05-06,34.01382150385794,33.09807819264349,True
Kolkata,2009,2009-05-07,34.139908711881034,33.250856942435675,True
Kolkata,2009,2009-05-08,32.42867776416302,32.30556641476729,True
Kolkata,2009,2009-05-09,31.379952627100327,32.09635502617967,True
Kolkata,2009,2009-05-10,29.26999051375107,30.76297266262331,True
Kolkata,2009,2009-05-11,27.12059512893309,30.703737672879083,True
Kolkata,2009,2009-05-12,30.28819815956046,31.28662725227558,True
Kolkata,2009,2009-05-13,31.783713598154385,32.53017800530236,True
Kolkata,2009,2009-05-14,32.18947376111328,33.07469635445192,True
Kolkata,2009,2009-05-15,32.11134187812563,32.30637298562997,True
Kolkata,2009,2009-05-16,28.855087441997952,32.11853231085442,True
Kolkata,2009,2009-05-17,32.33172808002154,33.002186447677865,True
Kolkata,2009,2009-05-18,34.42041552794123,34.484885305592236,True
Kolkata,2009,2009-05-19,32.66296999815068,33.34779355103475,True
Kolkata,2009,2009-05-20,33.370522945480666,33.497039704472826,True
Kolkata,2009,2009-05-21,33.60029524190289,33.54560495756007,True
Kolkata,2009,2009-05-22,33.830869244839114,33.679506005042235,True
Kolkata,2009,2009-05-23,34.07770198180747,33.63905328122934,True
Kolkata,2009,2009-05-24,33.53241541609697,33.5255050522052,True
Kolkata,2009,2009-05-25,34.416033927935125,34.1970459251671,True
Kolkata,2009,2009-05-26,34.90982976222899,34.66241823218935,True
Kolkata,2009,2009-05-27,33.32117368914382,34.071585511836226,True
Kolkata,2009,2009-05-28,33.32384729416951,34.069726555584786,True
Kolkata,2009,2009-05-29,33.310035292866125,34.47807944604507,True
Kolkata,2009,2009-05-30,31.21542381258225,33.23860108234519,True
Kolkata,2009,2009-05-31,30.171721066685475,32.80556511600028,True
Kolkata,2009,2009-06-01,31.493238416447603,32.80251365994811,True
Kolkata,2009,2009-06-02,33.11186497558379,33.95742884129777,True
Kolkata,2009,2009-06-03,32.78588632507667,33.95168878591446,True
Kolkata,2009,2009-06-04,34.41617372467537,35.43486687269117,True
Kolkata,2009,2009-06-05,34.89985775539538,36.253260098190864,True
Kolkata,2009,2009-06-06,35.32361686039866,36.6902299916019,True
Kolkata,2009,2009-06-07,34.630480457402456,37.04491698928227,True
Kolkata,2009,2009-06-08,35.233666389855046,36.5089514987838,True
Kolkata,2009,2009-06-09,34.9047852488788,35.838302451819736,True
Kolkata,2009,2009-06-10,34.52593875392741,35.47837670880912,True
Kolkata,2009,2009-06-11,34.45162972061325,35.472922017383425,True
Kolkata,2009,2009-06-12,34.75780341204982,36.15050462251292,True
Kolkata,2009,2009-06-13,35.24212348430307,36.88371208267888,True
Kolkata,2009,2009-06-14,34.889765910939666,36.816046461072794,True
Kolkata,2009,2009-06-15,34.250025837388925,35.81267672070433,True
Kolkata,2009,2009-06-16,32.944341121049455,34.749697164850325,True
Kolkata,2009,2009-06-17,32.06889875164801,33.57990593543019,True
Kolkata,2009,2009-06-18,32.235542912691976,33.56711708197578,True
Kolkata,2009,2009-06-19,32.87476110876735,34.035361539346766,True
Kolkata,2009,2009-06-20,32.39671583766063,33.892134676361486,True
Kolkata,2009,2009-06-21,31.74709699655604,33.099025927078095,True
Kolkata,2009,2009-06-22,31.820990365741032,33.107581362026316,True
Kolkata,2009,2009-06-23,31.112002999935136,32.408702752521016,True
Kolkata,2009,2009-06-24,30.29077077029548,32.16703619567654,True
Kolkata,2009,2009-06-25,30.917447859669867,32.77531897657046,True
Kolkata,2009,2009-06-26,30.648694758636708,33.11613918564305,True
Kolkata,2009,2009-06-27,30.15184430973026,33.0086787757405,True
Kolkata,2009,2009-06-28,30.812712451722145,33.06856618916294,True
Kolkata,2009,2009-06-29,31.067232560054038,33.38221846851008,True
Kolkata,2009,2009-06-30,32.65561738499196,34.47135130192245,True
Kolkata,2009,2009-07-01,32.69768426880325,34.23785536970271,True
Kolkata,2009,2009-07-02,32.15873569961089,34.144498091949664,True
Kolkata,2009,2009-07-03,33.50650231388251,35.33198686746409,True
Kolkata,2009,2009-07-04,32.6110688556747,33.959034554495936,True
Kolkata,2009,2009-07-05,33.06690943453467,33.85673320103595,True
Kolkata,2009,2009-07-06,32.31070829922327,33.50747587196309,True
Kolkata,2009,2009-07-07,32.78030012673912,33.95357975766991,True
Kolkata,2009,2009-07-08,30.80982396701159,33.25315628855997,True
Kolkata,2009,2009-07-09,30.04490946294453,32.64447253084567,True
Kolkata,2009,2009-07-10,31.448626705320443,33.531320486621354,True
Kolkata,2009,2009-07-11,32.53898010164633,34.40179032394236,True
Kolkata,2009,2009-07-12,31.616937221767735,34.10313193960771,True
Kolkata,2009,2009-07-13,31.372448717789595,33.87608064752873,True
Kolkata,2009,2009-07-14,32.32774607941006,33.8438027017311,True
Kolkata,2009,2009-07-15,30.357677186667793,33.14362743598482,True
Kolkata,2009,2009-07-16,30.93015805884357,33.406204574917695,True
Kolkata,2009,2009-07-17,31.420878709999194,33.43850571728836,True
Kolkata,2009,2009-07-18,31.24149587103549,33.20402794115286,True
Kolkata,2009,2009-07-19,30.348329330256366,33.02289918473206,True
Kolkata,2009,2009-07-20,31.703587236907868,33.73411748037714,True
Kolkata,2009,2009-07-21,32.5798603691623,34.27416965392888,True
Kolkata,2009,2009-07-22,32.554388782437854,34.379393336887375,True
Kolkata,2009,2009-07-23,33.109102869923646,34.559708039352635,True
Kolkata,2009,2009-07-24,33.378296987311415,34.52565273172583,True
Kolkata,2009,2009-07-25,32.86653428568856,34.25462752444217,True
Kolkata,2009,2009-07-26,31.86953870825745,33.22420671893346,True
Kolkata,2009,2009-07-27,28.253182068626735,32.07364730060373,True
Kolkata,2009,2009-07-28,28.746344163795236,32.407633978313406,True
Kolkata,2009,2009-07-29,30.692796320012057,33.429310137219325,True
Kolkata,2009,2009-07-30,31.653256534887426,33.92626412344134,True
Kolkata,2009,2009-07-31,31.773346415057457,34.602537433536064,True
Kolkata,2009,2009-08-01,32.617009582560236,34.74203020455105,True
Kolkata,2009,2009-08-02,31.89700801949307,33.85796296239504,True
Kolkata,2009,2009-08-03,30.87218038726337,33.26724324472809,True
Kolkata,2009,2009-08-04,29.071700506234684,32.53054029732494,True
Kolkata,2009,2009-08-05,30.012093421738687,33.29029060447111,True
Kolkata,2009,2009-08-06,31.11361427809433,34.188593909557035,True
Kolkata,2009,2009-08-07,32.06008341534888,34.26183782117006,True
Kolkata,2009,2009-08-08,32.50043288828939,34.326034355961085,True
Kolkata,2009,2009-08-09,32.220754750730634,33.97941738083086,True
Kolkata,2009,2009-08-10,31.15897747679891,32.94935464474843,True
Kolkata,2009,2009-08-11,29.129807850270687,32.20835910623455,True
Kolkata,2009,2009-08-12,30.26121708825632,32.91349397201093,True
Kolkata,2009,2009-08-13,31.3974814786658,33.77714635730997,True
Kolkata,2009,2009-08-14,31.827048824270328,34.68263167518933,True
Kolkata,2009,2009-08-15,32.36377824741976,34.4939255808624,True
Kolkata,2009,2009-08-16,32.758899498288045,34.32489303203069,True
Kolkata,2009,2009-08-17,32.5345035359458,34.07858004367599,True
Kolkata,2009,2009-08-18,31.379505176025212,33.217564690071484,True
Kolkata,2009,2009-08-19,30.01742221707038,32.69441219849157,True
Kolkata,2009,2009-08-20,29.595282675131532,32.48074716988842,True
Kolkata,2009,2009-08-21,30.352878559717798,33.11003837482603,True
Kolkata,2009,2009-08-22,31.90329430732596,33.96910444095911,True
Kolkata,2009,2009-08-23,32.297493290443924,34.4037462656525,True
Kolkata,2009,2009-08-24,32.93714922915444,35.34063703400824,True
Kolkata,2009,2009-08-25,32.72587265882817,34.307141703280905,True
Kolkata,2009,2009-08-26,31.99632731295087,33.62050018787775,True
Kolkata,2009,2009-08-27,32.633524654113444,34.10586922108575,True
Kolkata,2009,2009-08-28,33.290277257236006,34.88046255186503,True
Kolkata,2009,2009-08-29,32.92095510670515,34.86432987401774,True
Kolkata,2009,2009-08-30,32.535235814712784,34.60254239969848,True
Kolkata,2009,2009-08-31,32.190222432892114,33.7092120238773,True
Kolkata,2009,2009-09-01,29.66496905646691,33.165919719342064,True
Kolkata,2009,2009-09-02,31.302154915292608,33.504476768021185,True
Kolkata,2009,2009-09-03,31.177706110433494,33.541224620927174,True
Kolkata,2009,2009-09-04,31.015945580390476,33.82684343902327,True
Kolkata,2009,2009-09-05,32.117264455366254,34.180021961658916,True
Kolkata,2009,2009-09-06,32.15089765865095,33.92527556378319,True
Kolkata,2009,2009-09-07,32.007538297467676,33.811354949702014,True
Kolkata,2009,2009-09-08,31.89972685566443,33.99592165901956,True
Kolkata,2009,2009-09-09,30.854922724770073,33.84908219220517,True
Kolkata,2009,2009-09-10,30.909550716922535,33.37695394741869,True
Kolkata,2009,2009-09-11,30.891443734130547,33.0774094655379,True
Kolkata,2009,2009-09-12,31.557798312726323,33.281705682177154,True
Kolkata,2009,2009-09-13,32.912307617742826,33.944628970818385,True
Kolkata,2009,2009-09-14,32.7686586610714,33.93639135012907,True
Kolkata,2009,2009-09-15,32.77531355217548,33.967213620396,True
Kolkata,2009,2009-09-16,32.703906252734825,34.14435126579303,True
Kolkata,2009,2009-09-17,31.775198552659244,33.60324374938939,True
Kolkata,2009,2009-09-18,31.530632529903894,33.63177617552808,True
Kolkata,2009,2009-09-19,31.438461353870697,34.191071689574514,True
Kolkata,2009,2009-09-20,32.42560186984958,34.54176362790618,True
Kolkata,2009,2009-09-21,32.8915566586551,35.02995680015766,True
Kolkata,2009,2009-09-22,33.0419447544406,34.69948204491961,True
Kolkata,2009,2009-09-23,32.886255716640136,34.34336529627,True
Kolkata,2009,2009-09-24,33.12280454276836,34.59182472318771,True
Kolkata,2009,2009-09-25,33.66060427591274,34.83743225186805,True
Kolkata,2009,2009-09-26,33.425403336677185,34.67337945968402,True
Kolkata,2009,2009-09-27,33.429842807205326,35.03232009050547,True
Kolkata,2009,2009-09-28,33.48277999079266,35.48079727750623,True
Kolkata,2009,2009-09-29,34.27146288199313,36.02041106681057,True
Kolkata,2009,2009-09-30,33.91546545787274,35.54201763982732,True
Kolkata,2009,2009-10-01,32.813701734280016,34.5904357464867,True
Kolkata,2009,2009-10-02,33.34091663021398,34.51981167337624,True
Kolkata,2009,2009-10-03,32.11526108227547,34.18635355536052,True
Kolkata,2009,2009-10-04,32.57196795361704,34.68658271245679,True
Kolkata,2009,2009-10-05,32.962367731146884,34.58498787239224,True
Kolkata,2009,2009-10-06,32.89281932775203,34.742405107767404,True
Kolkata,2009,2009-10-07,32.16925066411963,35.75118118148722,True
Kolkata,2009,2009-10-08,30.127826180393036,34.36957994858351,True
Kolkata,2009,2009-10-09,29.291802738931715,33.48521394919938,True
Kolkata,2009,2009-10-10,31.540496624044298,33.60925904571717,True
Kolkata,2009,2009-10-11,32.29322575589918,34.36827960558787,True
Kolkata,2009,2009-10-12,32.24849935946156,33.73209121045687,True
Kolkata,2009,2009-10-13,32.2478374375278,33.52129462832775,True
Kolkata,2009,2009-10-14,32.85546022818819,33.72306264022311,True
Kolkata,2009,2009-10-15,33.00913178509628,33.778069204297886,True
Kolkata,2009,2009-10-16,32.39030947130617,33.509245040075264,True
Kolkata,2009,2009-10-17,32.053229696960265,33.42152786854096,True
Kolkata,2009,2009-10-18,31.886089515140384,33.620512496465224,True
Kolkata,2009,2009-10-19,30.738212104684443,33.288523665416534,True
Kolkata,2009,2009-10-20,29.69407333721144,32.180748278743685,True
Kolkata,2009,2009-10-21,30.290863642764517,32.39924108687501,True
Kolkata,2009,2009-10-22,30.760395180730683,32.48075244612033,True
Kolkata,2009,2009-10-23,30.96213284529098,33.15355235732002,True
Kolkata,2009,2009-10-24,29.651006939833337,32.40857704497001,True
Kolkata,2009,2009-10-25,28.535115099562173,32.06315933378499,True
Kolkata,2009,2009-10-26,28.72080736969594,31.898052704991755,True
Kolkata,2009,2009-10-27,29.017225583260664,32.08236404858765,True
Kolkata,2009,2009-10-28,28.780890415773598,31.496892517612803,True
Kolkata,2009,2009-10-29,28.330525588720228,31.00463570160745,True
Kolkata,2009,2009-10-30,27.467771166822484,30.367652181338407,True
Kolkata,2009,2009-10-31,27.954209328299168,30.43477515396104,True
Kolkata,2009,2009-11-01,28.03660937248222,30.395818158018706,True
Kolkata,2009,2009-11-02,28.515958083591112,30.576368509716353,True
Kolkata,2009,2009-11-03,28.508327040858312,30.447053656157486,True
Kolkata,2009,2009-11-04,29.144696525465676,30.71221751438295,True
Kolkata,2009,2009-11-05,29.439076274960925,31.01852481136265,True
Kolkata,2009,2009-11-06,29.79591087030432,30.9833772028781,True
Kolkata,2009,2009-11-07,29.71600893811707,30.894178692169447,True
Kolkata,2009,2009-11-08,29.723884473701492,30.57427781605834,True
Kolkata,2009,2009-11-09,29.420744552086585,30.183746059775387,True
Kolkata,2009,2009-11-10,29.4698082686347,30.260922189899556,True
Kolkata,2009,2009-11-11,29.25596089608825,30.156953234864783,True
Kolkata,2009,2009-11-12,29.392872342457487,30.465896197079648,True
Kolkata,2009,2009-11-13,27.910587469861742,29.2649438839294,True
Kolkata,2009,2009-11-14,28.31385331930337,29.497958436287398,True
Kolkata,2009,2009-11-15,27.065657198148394,28.707761818356722,True
Kolkata,2009,2009-11-16,26.80023724505934,28.811988093521503,True
Kolkata,2009,2009-11-17,25.915985206021364,27.714761105566698,True
Kolkata,2009,2009-11-18,24.81091708692175,26.53398416001338,True
Kolkata,2009,2009-11-19,24.329336787043186,26.085333416093068,True
Kolkata,2009,2009-11-20,24.555342639470016,26.25881924640417,True
Kolkata,2009,2009-11-21,24.80509667124176,26.4972315048211,True
Kolkata,2009,2009-11-22,25.251443677978173,27.199786269846825,True
Kolkata,2009,2009-11-23,25.766438782540014,27.858586135532423,True
Kolkata,2009,2009-11-24,26.01391218709653,27.765429514480736,True
Kolkata,2009,2009-11-25,25.335471561882564,27.19886460788154,True
Kolkata,2009,2009-11-26,24.74563431044858,26.48998112660277,True
Kolkata,2009,2009-11-27,23.57994477694552,24.90156877568269,True
Kolkata,2009,2009-11-28,22.08670059492293,24.376758877161784,True
Kolkata,2009,2009-11-29,22.939937752252845,24.554299072148787,True
Kolkata,2009,2009-11-30,23.356254854283513,24.721572926460407,True
Kolkata,2009,2009-12-01,24.325623559910145,25.266842156497315,True
Kolkata,2009,2009-12-02,24.846768540181877,25.940794538392744,True
Kolkata,2009,2009-12-03,25.257580717582513,26.369348320160178,True
Kolkata,2009,2009-12-04,25.579667086772197,26.750975548740414,True
Kolkata,2009,2009-12-05,25.965266116619986,27.48443102311204,True
Kolkata,2009,2009-12-06,26.044054545770877,27.658961526925594,True
Kolkata,2009,2009-12-07,25.61379451811406,26.74083110367959,True
Kolkata,2009,2009-12-08,24.986643979886743,25.865821374088576,True
Kolkata,2009,2009-12-09,22.4142566027803,23.242453400597093,True
Kolkata,2009,2009-12-10,22.883454025440635,23.910521296907476,True
Kolkata,2009,2009-12-11,24.783673121371027,25.56883748471099,True
Kolkata,2009,2009-12-12,24.62747420509798,25.12509647522482,True
Kolkata,2009,2009-12-13,23.822462394388655,24.688103380230828,True
Kolkata,2009,2009-12-14,24.06575832435483,24.666002232995925,True
Kolkata,2009,2009-12-15,23.974759706688406,24.505090847914584,True
Kolkata,2009,2009-12-16,23.058904097663017,23.912303489500452,True
Kolkata,2009,2009-12-17,21.929661266980993,23.40022666527841,True
Kolkata,2009,2009-12-18,20.163308206855145,22.634839488783467,True
Kolkata,2009,2009-12-19,19.264995552694455,21.942827018276034,True
Kolkata,2009,2009-12-20,18.03066811716904,20.899517278697445,True
Kolkata,2009,2009-12-21,18.44795979240702,21.26763941466324,True
Kolkata,2009,2009-12-22,19.37134326495262,22.053923337625736,True
Kolkata,2009,2009-12-23,19.62158073611386,22.35058587467945,True
Kolkata,2009,2009-12-24,22.903095699664902,23.7687921907686,True
Kolkata,2009,2009-12-25,23.3637396556156,23.74735450825165,True
Kolkata,2009,2009-12-26,21.16082252030497,22.425294548808633,True
Kolkata,2009,2009-12-27,21.22017285970532,22.508609864485656,True
Kolkata,2009,2009-12-28,22.374095697087107,23.20353504667868,True
Kolkata,2009,2009-12-29,23.08182073201555,23.70167086531223,True
Kolkata,2009,2009-12-30,23.354379341051597,23.92772941174694,True
Kolkata,2009,2009-12-31,23.781060108699272,24.14357504396241,True
Shimla,2005,2005-01-01,4.649480420985787,12.371945361784071,True
Shimla,2005,2005-01-02,6.007387326276963,12.418950760588075,True
Shimla,2005,2005-01-03,7.447604788751178,12.878321144386746,True
Shimla,2005,2005-01-04,7.8986754022355985,13.205719790863384,True
Shimla,2005,2005-01-05,7.003395100701838,13.10214730699903,True
Shimla,2005,2005-01-06,9.690849477107175,13.862698020821881,True
Shimla,2005,2005-01-07,9.380503574369138,14.031166383632751,True
Shimla,2005,2005-01-08,9.10841300830133,14.112480044991003,True
Shimla,2005,2005-01-09,8.988259374476652,14.180245570236764,True
Shimla,2005,2005-01-10,10.48782035048547,14.62228043467843,True
Shimla,2005,2005-01-11,12.437234312479976,15.262334549317984,True
Shimla,2005,2005-01-12,12.5214848461179,15.436073660836485,True
Shimla,2005,2005-01-13,12.739173268323524,15.751591797990386,True
Shimla,2005,2005-01-14,12.73143967941956,15.412375335999911,True
Shimla,2005,2005-01-15,11.347258170951445,15.389949833142623,True
Shimla,2005,2005-01-16,10.417987409954257,14.94577650706998,True
Shimla,2005,2005-01-17,9.139035901861273,13.983845333220529,True
Shimla,2005,2005-01-18,9.357160455247424,14.108292666427928,True
Shimla,2005,2005-01-19,9.849615735375545,14.098266696555697,True
Shimla,2005,2005-01-20,8.438910101992052,13.146916921548723,True
Shimla,2005,2005-01-21,9.450504017544372,13.403117998907419,True
Shimla,2005,2005-01-22,9.562716739613288,13.650344250453657,True
Shimla,2005,2005-01-23,12.776333206777071,14.964032785817494,True
Shimla,2005,2005-01-24,13.356948257551153,15.477171291809952,True
Shimla,2005,2005-01-25,12.099083126032202,14.975030628079821,True
Shimla,2005,2005-01-26,12.549034066401216,15.19055087009076,True
Shimla,2005,2005-01-27,16.104446863688977,16.29051775785041,True
Shimla,2005,2005-01-28,16.22121785218721,16.591978456729578,True
Shimla,2005,2005-01-29,16.17786474641482,16.55515959637694,True
Shimla,2005,2005-01-30,13.25201261119889,15.516317283684941,True
Shimla,2005,2005-01-31,12.980653104568178,15.82959009253068,True
Shimla,2005,2005-02-01,12.216124664817382,15.532725136002114,True
Shimla,2005,2005-02-02,11.77170638433929,14.721591332780008,True
Shimla,2005,2005-02-03,11.11782835814296,14.267384844001015,True
Shimla,2005,2005-02-04,9.594820729422795,13.444569943805334,True
Shimla,2005,2005-02-05,10.837384834936769,14.63306270002488,True
Shimla,2005,2005-02-06,11.557312721495888,14.852186617312668,True
Shimla,2005,2005-02-07,9.414832282200162,13.232726457462604,True
Shimla,2005,2005-02-08,6.286829772747552,11.83605534417984,True
Shimla,2005,2005-02-09,8.501660996507386,13.459858737630896,True
Shimla,2005,2005-02-10,8.115038559783534,13.432706562989836,True
Shimla,2005,2005-02-11,9.013631730127148,13.460632209040796,True
Shimla,2005,2005-02-12,7.344798503540723,12.129579984741895,True
Shimla,2005,2005-02-13,11.374881136373272,14.951789480700313,True
Shimla,2005,2005-02-14,12.261138003172785,16.892475914588715,True
Shimla,2005,2005-02-15,12.93079077680412,15.744963810095555,True
Shimla,2005,2005-02-16,13.640450576995182,16.50224340624004,True
Shimla,2005,2005-02-17,14.638976931323436,16.83668707568495,True
Shimla,2005,2005-02-18,12.290343078708904,15.936264993354655,True
Shimla,2005,2005-02-19,12.316129629845047,15.816227727024625,True
Shimla,2005,2005-02-20,11.460065783464401,15.425814203085565,True
Shimla,2005,2005-02-21,10.856211931750163,15.961768365561682,True
Shimla,2005,2005-02-22,13.882164833727899,17.26734180059077,True
Shimla,2005,2005-02-23,16.161468565143043,18.925701265641578,True
Shimla,2005,2005-02-24,16.888555131117315,19.076646104410145,True
Shimla,2005,2005-02-25,18.011441106591338,19.438690439251673,True
Shimla,2005,2005-02-26,19.437444489049884,20.410039214183087,True
Shimla,2005,2005-02-27,18.461486810307456,19.53500819674531,True
Shimla,2005,2005-02-28,17.6536728124246,19.583461832494095,True
Shimla,2005,2005-03-01,16.994045589054124,19.174386918938183,True
Shimla,2005,2005-03-02,16.57487693950916,18.69729790734374,True
Shimla,2005,2005-03-03,16.125846065704657,17.677558618236162,True
Shimla,2005,2005-03-04,12.676339875640778,15.502001169683695,True
Shimla,2005,2005-03-05,12.577860209281134,15.959897198055785,True
Shimla,2005,2005-03-06,10.604683167244605,14.613721207502579,True
Shimla,2005,2005-03-07,10.212782493788193,15.012705882923342,True
Shimla,2005,2005-03-08,15.023449813719898,16.925270387832427,True
Shimla,2005,2005-03-09,14.809089796692307,16.808232254278835,True
Shimla,2005,2005-03-10,10.805236031391024,14.046836339504921,True
Shimla,2005,2005-03-11,7.730326016252274,13.719143429883388,True
Shimla,2005,2005-03-12,8.693593731759508,13.882821304089305,True
Shimla,2005,2005-03-13,8.358962421065733,13.552758732612915,True
Shimla,2005,2005-03-14,8.55259174799555,13.495286836886578,True
Shimla,2005,2005-03-15,13.012608277989383,16.60341136612203,True
Shimla,2005,2005-03-16,16.24236673882634,18.247380253486995,True
Shimla,2005,2005-03-17,15.780953799151533,18.190262884735205,True
Shimla,2005,2005-03-18,15.603644295046188,18.71844445825849,True
Shimla,2005,2005-03-19,14.951072044193607,18.143302206818078,True
Shimla,2005,2005-03-20,14.677158516405655,18.120194056766536,True
Shimla,2005,2005-03-21,13.819868940045762,17.395946337398698,True
Shimla,2005,2005-03-22,10.977465990973052,15.45435951002787,True
Shimla,2005,2005-03-23,9.505386759567566,14.426544219699792,True
Shimla,2005,2005-03-24,13.281902553273573,17.368242967501487,True
Shimla,2005,2005-03-25,18.303155200271554,20.694031355357993,True
Shimla,2005,2005-03-26,19.390287990553457,20.988011981519833,True
Shimla,2005,2005-03-27,18.35926098343798,20.045646656792144,True
Shimla,2005,2005-03-28,17.0485177723568,18.8759025388066,True
Shimla,2005,2005-03-29,14.333370347448346,18.111895812937007,True
Shimla,2005,2005-03-30,12.313371749264917,16.835653339955115,True
Shimla,2005,2005-03-31,12.749796019673603,17.095687284605276,True
Shimla,2005,2005-04-01,15.284913249354924,18.917639854641493,True
Shimla,2005,2005-04-02,18.19073473141627,20.314829210792993,True
Shimla,2005,2005-04-03,18.018326772791447,19.795965191003347,True
Shimla,2005,2005-04-04,19.609256066804626,21.335767294103505,True
Shimla,2005,2005-04-05,19.751777505907448,21.273631825478105,True
Shimla,2005,2005-04-06,22.2824640998955,22.462273977196446,True
Shimla,2005,2005-04-07,21.68488644866639,21.687107035891927,True
Shimla,2005,2005-04-08,20.321541337601488,21.550327546494827,True
Shimla,2005,2005-04-09,22.483475116080946,22.71296588414134,True
Shimla,2005,2005-04-10,21.91913793833045,22.203463479233562,True
Shimla,2005,2005-04-11,21.184958828479058,21.946025859189774,True
Shimla,2005,2005-04-12,20.099117466544982,21.004926032166395,True
Shimla,2005,2005-04-13,17.971482765870896,19.29309290780651,True
Shimla,2005,2005-04-14,17.92482855429038,19.041021771273392,True
Shimla,2005,2005-04-15,17.65286815338723,19.27427844086725,True
Shimla,2005,2005-04-16,20.273871871420994,21.601447942914092,True
Shimla,2005,2005-04-17,22.36338539968951,22.568338906902397,True
Shimla,2005,2005-04-18,22.496520934196,22.933165293596403,True
Shimla,2005,2005-04-19,22.462217868368896,22.764691467138164,True
Shimla,2005,2005-04-20,21.170714222741786,21.540446690120575,True
Shimla,2005,2005-04-21,21.149772695169347,22.22938329244778,True
Shimla,2005,2005-04-22,20.686710918367773,21.619987035061285,True
Shimla,2005,2005-04-23,21.87711860022559,22.301967264286418,True
Shimla,2005,2005-04-24,23.884435979533848,23.979091728580045,True
Shimla,2005,2005-04-25,24.81004274934585,24.901526809910933,True
Shimla,2005,2005-04-26,24.736752316565436,24.768246570316137,True
Shimla,2005,2005-04-27,24.3149858202888,24.14219380602964,True
Shimla,2005,2005-04-28,23.891033061003526,23.357358188312958,True
Shimla,2005,2005-04-29,23.177723384901675,22.659936028323727,True
Shimla,2005,2005-04-30,23.74633421885556,23.319556962270894,True
Shimla,2005,2005-05-01,24.14884315004916,23.551979288362418,True
Shimla,2005,2005-05-02,24.467525584035634,23.922453478704824,True
Shimla,2005,2005-05-03,25.180772704147877,24.59986573133773,True
Shimla,2005,2005-05-04,25.67578024523349,25.101678754698128,True
Shimla,2005,2005-05-05,25.614471581478323,25.324455957110615,True
Shimla,2005,2005-05-06,26.061726120852292,25.860244163936045,True
Shimla,2005,2005-05-07,26.64758975887782,26.42416831529397,True
Shimla,2005,2005-05-08,26.13264236921546,26.26460388505302,True
Shimla,2005,2005-05-09,25.87314678902014,26.004488782419514,True
Shimla,2005,2005-05-10,24.91331575255491,25.104443701357923,True
Shimla,2005,2005-05-11,24.931280084778237,24.828818799825,True
Shimla,2005,2005-05-12,24.391190610967445,24.472629540568107,True
Shimla,2005,2005-05-13,23.162929747135326,23.276827457044135,True
Shimla,2005,2005-05-14,23.689286707448534,23.599856663240985,True
Shimla,2005,2005-05-15,25.13644506240424,24.842840950756738,True
Shimla,2005,2005-05-16,27.179634119237846,26.969852868376393,True
Shimla,2005,2005-05-17,29.043165341665276,27.95995166921847,True
Shimla,2005,2005-05-18,27.725436774226164,27.170704952007213,True
Shimla,2005,2005-05-19,28.526138123141568,27.577732355195167,True
Shimla,2005,2005-05-20,28.249145122379833,27.48506151468831,True
Shimla,2005,2005-05-21,28.0534755917868,27.04608401224681,True
Shimla,2005,2005-05-22,28.206206326325066,27.23976419087876,True
Shimla,2005,2005-05-23,29.189797249596445,28.18228234982081,True
Shimla,2005,2005-05-24,30.09006088308209,29.51947670087054,True
Shimla,2005,2005-05-25,29.197144079445735,28.473218151448975,True
Shimla,2005,2005-05-26,28.383882358107993,26.900111194765884,True
Shimla,2005,2005-05-27,27.08158574908689,25.88713556692818,True
Shimla,2005,2005-05-28,22.703807670083744,23.252696909124722,True
Shimla,2005,2005-05-29,25.90672155103741,24.83648478332651,True
Shimla,2005,2005-05-30,26.752734312745417,25.615325142530196,True
Shimla,2005,2005-05-31,28.141035515818245,26.721176249076052,True
Shimla,2005,2005-06-01,28.183500781422875,27.076670609739892,True
Shimla,2005,2005-06-02,28.196156041260878,27.394982139613376,True
Shimla,2005,2005-06-03,28.414585982192975,27.304036104149134,True
Shimla,2005,2005-06-04,26.910612546923574,25.902698810301217,True
Shimla,2005,2005-06-05,26.199821812968246,25.346095274181266,True
Shimla,2005,2005-06-06,25.857827715057198,25.28053490512798,True
Shimla,2005,2005-06-07,26.03275879495841,25.57544892864962,True
Shimla,2005,2005-06-08,25.90988858145335,25.601041719436296,True
Shimla,2005,2005-06-09,25.824044550582265,25.39488578638816,True
Shimla,2005,2005-06-10,24.665478617453577,24.94591500934297,True
Shimla,2005,2005-06-11,24.049635750296602,24.371875183382997,True
Shimla,2005,2005-06-12,23.927394698701242,24.05838482442482,True
Shimla,2005,2005-06-13,22.59142453682706,23.492708116875633,True
Shimla,2005,2005-06-14,25.238931344974894,24.72521666469453,True
Shimla,2005,2005-06-15,25.64640437122862,25.433072676427173,True
Shimla,2005,2005-06-16,24.686549453609377,24.37387823300304,True
Shimla,2005,2005-06-17,23.957475382779272,24.205716506603835,True
Shimla,2005,2005-06-18,24.73974214777464,24.523106772365168,True
Shimla,2005,2005-06-19,25.151201654421033,25.1799335909364,True
Shimla,2005,2005-06-20,25.218408761424485,25.342358592585242,True
Shimla,2005,2005-06-21,25.500359822900542,25.5005541117024,True
Shimla,2005,2005-06-22,26.48837662552014,26.506500461586597,True
Shimla,2005,2005-06-23,26.746826701467292,27.071094054073512,True
Shimla,2005,2005-06-24,25.944283663093252,26.42921749493013,True
Shimla,2005,2005-06-25,25.802276622135345,26.40683401741751,True
Shimla,2005,2005-06-26,25.832714287473046,26.204605345414166,True
Shimla,2005,2005-06-27,24.241084812603553,25.485107285529466,True
Shimla,2005,2005-06-28,23.374098476067314,25.51316063068566,True
Shimla,2005,2005-06-29,23.36702664168353,25.49907115847526,True
Shimla,2005,2005-06-30,25.26905922178915,25.75024542312042,True
Shimla,2005,2005-07-01,27.175771693448326,27.2556222429252,True
Shimla,2005,2005-07-02,27.58453999532962,27.663500527506585,True
Shimla,2005,2005-07-03,27.48764379160933,28.089892479135358,True
Shimla,2005,2005-07-04,27.728332543904777,28.481639309030243,True
Shimla,2005,2005-07-05,26.09497664767104,27.08946576813645,True
Shimla,2005,2005-07-06,25.354933576705058,27.141693381108155,True
Shimla,2005,2005-07-07,23.571982492173785,26.827799118995756,True
Shimla,2005,2005-07-08,20.7510274019364,24.63282886441749,True
Shimla,2005,2005-07-09,21.69781206300972,25.377119096994306,True
Shimla,2005,2005-07-10,22.663957010352153,25.436102567024477,True
Shimla,2005,2005-07-11,22.86846871293731,25.74185589967709,True
Shimla,2005,2005-07-12,23.116083769395438,25.610326683342976,True
Shimla,2005,2005-07-13,23.17240781313037,25.94015050867978,True
Shimla,2005,2005-07-14,22.66278421074325,25.878427733223532,True
Shimla,2005,2005-07-15,22.16366443408307,25.612712519790932,True
Shimla,2005,2005-07-16,22.394324526214227,25.698075669454852,True
Shimla,2005,2005-07-17,22.727289413649245,25.77032332374455,True
Shimla,2005,2005-07-18,22.95525883618241,25.95419204351481,True
Shimla,2005,2005-07-19,23.117167914465334,26.141015461063546,True
Shimla,2005,2005-07-20,23.645127286726357,26.429142746221657,True
Shimla,2005,2005-07-21,22.456761270301968,25.592630760403154,True
Shimla,2005,2005-07-22,22.340679400654306,25.500709196963896,True
Shimla,2005,2005-07-23,21.72578593140123,25.56696545043519,True
Shimla,2005,2005-07-24,21.09134155435764,25.49344054107621,True
Shimla,2005,2005-07-25,21.150451059949734,25.710148580942416,True
Shimla,2005,2005-07-26,21.76327178260731,26.04421696990022,True
Shimla,2005,2005-07-27,22.717225168394826,26.42850398293092,True
Shimla,2005,2005-07-28,21.56152230550107,26.090242847468858,True
Shimla,2005,2005-07-29,20.778568466306506,25.52168002758316,True
Shimla,2005,2005-07-30,20.226041908417137,25.218317971588704,True
Shimla,2005,2005-07-31,21.118501017332292,25.9032642321215,True
Shimla,2005,2005-08-01,21.137752311750212,25.980793912232343,True
Shimla,2005,2005-08-02,22.356887784938166,26.30261224485514,True
Shimla,2005,2005-08-03,23.36499441423393,26.71496591460584,True
Shimla,2005,2005-08-04,22.59761324612346,26.661745073260192,True
Shimla,2005,2005-08-05,22.111351209926916,26.42911168255506,True
Shimla,2005,2005-08-06,22.53192213585621,26.663383398368524,True
Shimla,2005,2005-08-07,23.047491159748496,26.907558996878947,True
Shimla,2005,2005-08-08,22.68778936567096,26.536880779736464,True
Shimla,2005,2005-08-09,22.46117642209806,26.669087555396572,True
Shimla,2005,2005-08-10,23.071962989315765,26.831109509680857,True
Shimla,2005,2005-08-11,22.790948507792596,27.061257102049012,True
Shimla,2005,2005-08-12,23.5002258635859,27.119973856309002,True
Shimla,2005,2005-08-13,23.26190479411452,26.93894151776692,True
Shimla,2005,2005-08-14,21.24456127076048,26.26937081403355,True
Shimla,2005,2005-08-15,19.712973346758552,25.561243329265437,True
Shimla,2005,2005-08-16,19.67908295050273,25.44983211432168,True
Shimla,2005,2005-08-17,20.754780472528836,25.508915933794015,True
Shimla,2005,2005-08-18,20.295286563361117,25.91753242724235,True
Shimla,2005,2005-08-19,20.66173258760973,26.172553598953755,True
Shimla,2005,2005-08-20,21.75512981841621,26.237335357572874,True
Shimla,2005,2005-08-21,22.00166566456413,26.573658361321634,True
Shimla,2005,2005-08-22,22.97828407571704,26.914613193631794,True
Shimla,2005,2005-08-23,23.781494624620876,27.19154655816169,True
Shimla,2005,2005-08-24,24.566706440392576,27.574453065063153,True
Shimla,2005,2005-08-25,24.25728175550646,27.602470546308325,True
Shimla,2005,2005-08-26,24.367044230869126,27.729250520946096,True
Shimla,2005,2005-08-27,24.08463571203489,27.705728713764245,True
Shimla,2005,2005-08-28,23.706290289502608,27.468376482529266,True
Shimla,2005,2005-08-29,24.958948296915448,27.714576254633982,True
Shimla,2005,2005-08-30,23.69750868912441,27.369207470948083,True
Shimla,2005,2005-08-31,23.692312538507526,27.368634167109406,True
Shimla,2005,2005-09-01,23.682054702378988,27.20498764481681,True
Shimla,2005,2005-09-02,23.29063191873025,26.986908189872736,True
Shimla,2005,2005-09-03,23.186230208077742,26.880177963350548,True
Shimla,2005,2005-09-04,23.284601230634795,27.002885433432652,True
Shimla,2005,2005-09-05,22.9935292063923,26.793890031025512,True
Shimla,2005,2005-09-06,22.24212867332818,26.303794505215706,True
Shimla,2005,2005-09-07,22.117846603687713,26.334091300652403,True
Shimla,2005,2005-09-08,22.231215798111585,26.289360212232964,True
Shimla,2005,2005-09-09,22.22389678304118,26.30804704836254,True
Shimla,2005,2005-09-10,22.46806467256627,26.272588755579932,True
Shimla,2005,2005-09-11,22.627149679143074,26.099034608712884,True
Shimla,2005,2005-09-12,22.5586239344973,26.19637102765853,True
Shimla,2005,2005-09-13,22.397547377639157,26.27072333335002,True
Shimla,2005,2005-09-14,21.9992264583147,25.801064941155573,True
Shimla,2005,2005-09-15,22.088791467478643,25.739473571374447,True
Shimla,2005,2005-09-16,21.493617990667445,25.43301705656313,True
Shimla,2005,2005-09-17,21.25819604563615,25.409482783535736,True
Shimla,2005,2005-09-18,21.41768064324669,25.454437553244645,True
Shimla,2005,2005-09-19,21.764050699062935,25.528965638952968,True
Shimla,2005,2005-09-20,22.396199526528733,26.019694396935392,True
Shimla,2005,2005-09-21,23.170682805925573,26.361004336395013,True
Shimla,2005,2005-09-22,22.810087824842274,25.88766297316141,True
Shimla,2005,2005-09-23,22.305493324994828,25.409523013131263,True
Shimla,2005,2005-09-24,21.645366908725233,24.657821401941533,True
Shimla,2005,2005-09-25,21.65505471632649,24.84951730272809,True
Shimla,2005,2005-09-26,21.93936048911372,25.191428215961082,True
Shimla,2005,2005-09-27,21.657580179109534,24.838696472219738,True
Shimla,2005,2005-09-28,21.457724550013815,24.103127592476312,True
Shimla,2005,2005-09-29,21.76400967025579,24.558379711569444,True
Shimla,2005,2005-09-30,21.557588567520853,24.27739258587593,True
Shimla,2005,2005-10-01,21.64883899841877,24.026551910916282,True
Shimla,2005,2005-10-02,21.13487345102789,23.477301400990257,True
Shimla,2005,2005-10-03,21.824983287683384,24.033480368018672,True
Shimla,2005,2005-10-04,23.527700691902282,25.311918587682385,True
Shimla,2005,2005-10-05,22.918886843701294,25.324029885512573,True
Shimla,2005,2005-10-06,22.118790068545316,24.23833436246491,True
Shimla,2005,2005-10-07,21.8917946097609,24.040163946528253,True
Shimla,2005,2005-10-08,21.121451809323204,23.618289535894917,True
Shimla,2005,2005-10-09,20.820347121542273,23.634604781948724,True
Shimla,2005,2005-10-10,20.76293338412241,23.57980824711757,True
Shimla,2005,2005-10-11,20.539397287754365,23.482770074336372,True
Shimla,2005,2005-10-12,20.64027943537394,23.4879103518507,True
Shimla,2005,2005-10-13,20.092276065863683,23.03752046780221,True
Shimla,2005,2005-10-14,20.17274242224798,23.10627606304729,True
Shimla,2005,2005-10-15,19.636103597389408,22.762287778166865,True
Shimla,2005,2005-10-16,19.21152413083941,22.42453333538765,True
Shimla,2005,2005-10-17,19.813146985962604,22.71777013957717,True
Shimla,2005,2005-10-18,19.809943464676675,22.94658588309659,True
Shimla,2005,2005-10-19,19.16851246999369,22.391946501148595,True
Shimla,2005,2005-10-20,18.461959594592287,21.728894564506447,True
Shimla,2005,2005-10-21,18.529918310303202,21.762650629500115,True
Shimla,2005,2005-10-22,18.262150936214212,21.597052899549908,True
Shimla,2005,2005-10-23,18.085885725026614,21.325990180139797,True
Shimla,2005,2005-10-24,18.3038424019149,21.41656051330716,True
Shimla,2005,2005-10-25,17.85659463375828,21.074788211635394,True
Shimla,2005,2005-10-26,17.670715274053443,20.939998063345456,True
Shimla,2005,2005-10-27,17.987966942165336,21.366304894618622,True
Shimla,2005,2005-10-28,18.41222137090371,21.855832206574973,True
Shimla,2005,2005-10-29,18.18225535680846,21.350085455329747,True
Shimla,2005,2005-10-30,17.405797673330774,20.357595745530432,True
Shimla,2005,2005-10-31,16.95116574170067,19.879729691293107,True
Shimla,2005,2005-11-01,17.128172242896248,19.93059266033174,True
Shimla,2005,2005-11-02,17.635251761181117,20.47304945640542,True
Shimla,2005,2005-11-03,17.364019098991996,20.292372853136897,True
Shimla,2005,2005-11-04,18.32066589886014,21.145794217668936,True
Shimla,2005,2005-11-05,18.04369164451831,19.833572522403813,True
Shimla,2005,2005-11-06,17.61531030895928,19.887554297632676,True
Shimla,2005,2005-11-07,17.73566992334884,19.78362529866189,True
Shimla,2005,2005-11-08,17.229052231194224,19.38845791421045,True
Shimla,2005,2005-11-09,17.308423504106038,19.886178960218615,True
Shimla,2005,2005-11-10,16.159218369416365,18.589840483344858,True
Shimla,2005,2005-11-11,15.4177560290588,18.042288353916263,True
Shimla,2005,2005-11-12,17.139858004227214,19.576449181125895,True
Shimla,2005,2005-11-13,17.677036905559824,19.983422482000094,True
Shimla,2005,2005-11-14,18.144158361343905,20.48616577912395,True
Shimla,2005,2005-11-15,18.663430515952474,21.282734198080448,True
Shimla,2005,2005-11-16,17.524616106157175,20.31821470297575,True
Shimla,2005,2005-11-17,16.5825995788909,19.411907424347817,True
Shimla,2005,2005-11-18,14.877400419868465,17.015138071988872,True
Shimla,2005,2005-11-19,15.277149004367436,18.091558520837793,True
Shimla,2005,2005-11-20,15.692985199916812,18.727662514844155,True
Shimla,2005,2005-11-21,16.335130381820544,19.141614281737475,True
Shimla,2005,2005-11-22,15.425191876999335,18.148966289786472,True
Shimla,2005,2005-11-23,16.19409238420371,18.323509226115448,True
Shimla,2005,2005-11-24,15.836087985862816,18.865625890672447,True
Shimla,2005,2005-11-25,16.08835196822143,19.01121289015549,True
Shimla,2005,2005-11-26,16.504583796182885,18.991198239916287,True
Shimla,2005,2005-11-27,16.158257043528124,17.78995719939786,True
Shimla,2005,2005-11-28,16.2071262150789,18.469692947235444,True
Shimla,2005,2005-11-29,13.928991047538192,16.369360026346953,True
Shimla,2005,2005-11-30,14.234988462481004,16.970345931315137,True
Shimla,2005,2005-12-01,14.044540850892915,16.96164272695745,True
Shimla,2005,2005-12-02,14.896994927674367,17.4047672742729,True
Shimla,2005,2005-12-03,13.606653284289369,16.712878782904284,True
Shimla,2005,2005-12-04,12.348416265753247,15.536565334885267,True
Shimla,2005,2005-12-05,14.889038121237382,17.18885885720823,True
Shimla,2005,2005-12-06,15.25470060476759,17.579487796105923,True
Shimla,2005,2005-12-07,14.896272062489842,17.16599236967579,True
Shimla,2005,2005-12-08,13.706681078832496,16.1860200277722,True
Shimla,2005,2005-12-09,12.243730740626718,15.615467292441167,True
Shimla,2005,2005-12-10,11.81110715268903,14.867928275889767,True
Shimla,2005,2005-12-11,14.95767720466772,16.28253673324366,True
Shimla,2005,2005-12-12,15.074006093149647,16.69614797731299,True
Shimla,2005,2005-12-13,14.797962999820829,16.853982682870935,True
Shimla,2005,2005-12-14,14.610648272364061,16.745989540687674,True
Shimla,2005,2005-12-15,13.79209445505387,16.10853614395296,True
Shimla,2005,2005-12-16,12.882753668822776,15.811141970548135,True
Shimla,2005,2005-12-17,11.866283473710286,14.908280566497979,True
Shimla,2005,2005-12-18,12.37890123906243,15.220426092164189,True
Shimla,2005,2005-12-19,12.764737961574795,15.304295539142629,True
Shimla,2005,2005-12-20,12.99776527059181,15.198170166494322,True
Shimla,2005,2005-12-21,13.6437675456029,15.682969585648493,True
Shimla,2005,2005-12-22,13.304193515976477,15.656768675228875,True
Shimla,2005,2005-12-23,13.267317587014963,15.542081178022272,True
Shimla,2005,2005-12-24,13.983434871930703,15.59090582977774,True
Shimla,2005,2005-12-25,12.600787684584784,14.945081606967847,True
Shimla,2005,2005-12-26,9.915688844721208,13.733882261748022,True
Shimla,2005,2005-12-27,8.951103418654807,12.965630276453453,True
Shimla,2005,2005-12-28,10.665255460483053,13.420025035538515,True
Shimla,2005,2005-12-29,11.82297611916654,14.299288906181687,True
Shimla,2005,2005-12-30,12.317634849844884,14.679464055205472,True
Shimla,2005,2005-12-31,13.02299441164352,14.677741640612965,True
Shimla,2007,2007-01-01,9.253277076455472,13.82366397787996,True
Shimla,2007,2007-01-02,10.135670526820975,13.975496129438966,True
Shimla,2007,2007-01-03,10.057875191835205,14.18120080257296,True
Shimla,2007,2007-01-04,9.178862383723205,13.728981466966331,True
Shimla,2007,2007-01-05,7.5006760917700195,13.432506489513571,True
Shimla,2007,2007-01-06,7.335193390808823,12.961891306026871,True
Shimla,2007,2007-01-07,10.090781232170194,13.388119499821755,True
Shimla,2007,2007-01-08,13.955061525234381,15.025070571134563,True
Shimla,2007,2007-01-09,13.891210629796563,15.696488135219283,True
Shimla,2007,2007-01-10,12.014080967709937,15.247849857141318,True
Shimla,2007,2007-01-11,10.712029430450125,14.65358084750784,True
Shimla,2007,2007-01-12,7.932792807940455,13.352098635849245,True
Shimla,2007,2007-01-13,4.765328239117181,12.186047555826178,True
Shimla,2007,2007-01-14,-0.9626720746183484,10.003782096317423,True
Shimla,2007,2007-01-15,-0.7006677785954305,9.910954878355824,True
Shimla,2007,2007-01-16,1.7462996529152237,10.92747356403305,True
Shimla,2007,2007-01-17,4.488771045813872,11.838808979292025,True
Shimla,2007,2007-01-18,5.93537835318447,12.34277018184605,True
Shimla,2007,2007-01-19,7.2421405242743395,12.769044629490168,True
Shimla,2007,2007-01-20,7.731435201141659,12.279153109191725,True
Shimla,2007,2007-01-21,7.87223234811828,12.066368603062415,True
Shimla,2007,2007-01-22,8.471299673638512,12.351700101589643,True
Shimla,2007,2007-01-23,9.383927626820338,12.762548063088786,True
Shimla,2007,2007-01-24,10.492974260193414,13.782582140638283,True
Shimla,2007,2007-01-25,10.852037602395459,14.316258166617729,True
Shimla,2007,2007-01-26,9.823798937018491,13.913720435675373,True
Shimla,2007,2007-01-27,8.779850601804984,13.010744950868855,True
Shimla,2007,2007-01-28,8.325051726679932,12.475032388318652,True
Shimla,2007,2007-01-29,9.46371933629085,13.57464796885705,True
Shimla,2007,2007-01-30,12.243332537926776,14.77748020372212,True
Shimla,2007,2007-01-31,17.15311130206403,16.59998034595452,True
Shimla,2007,2007-02-01,18.10799562858186,17.00876725049102,True
Shimla,2007,2007-02-02,17.562532265136145,17.540921391665904,True
Shimla,2007,2007-02-03,17.250124284543457,17.414111479081953,True
Shimla,2007,2007-02-04,17.009879456885372,17.56229344472115,True
Shimla,2007,2007-02-05,15.587618016586447,16.874964422563153,True
Shimla,2007,2007-02-06,13.931294573693291,16.01399423430962,True
Shimla,2007,2007-02-07,12.753628489765736,15.758626669306693,True
Shimla,2007,2007-02-08,12.859201768971396,15.838842441606687,True
Shimla,2007,2007-02-09,9.809550217761046,13.738788170093017,True
Shimla,2007,2007-02-10,7.949569803584852,13.390264453190639,True
Shimla,2007,2007-02-11,8.948157466750116,13.87314278812903,True
Shimla,2007,2007-02-12,10.363927640487644,14.547583491344994,True
Shimla,2007,2007-02-13,13.246388662058305,15.776084774279127,True
Shimla,2007,2007-02-14,12.82159454491999,16.79123414104515,True
Shimla,2007,2007-02-15,10.512217138482928,14.92968758489343,True
Shimla,2007,2007-02-16,11.596434150071996,15.31428535460816,True
Shimla,2007,2007-02-17,12.91732340676282,16.314172488241013,True
Shimla,2007,2007-02-18,15.787358946349356,17.90780332329649,True
Shimla,2007,2007-02-19,17.002915724666828,18.08890425784716,True
Shimla,2007,2007-02-20,18.310468670239366,19.199377224372427,True
Shimla,2007,2007-02-21,18.761076546530216,19.568219338284052,True
Shimla,2007,2007-02-22,18.963277491845787,19.639335979175087,True
Shimla,2007,2007-02-23,19.711197646480795,20.43810371327595,True
Shimla,2007,2007-02-24,19.347342369891507,21.0067665781462,True
Shimla,2007,2007-02-25,18.986208877948542,19.997072875827087,True
Shimla,2007,2007-02-26,17.415281173586486,19.517408962269883,True
Shimla,2007,2007-02-27,18.07346021417129,19.629187946941784,True
Shimla,2007,2007-02-28,17.126934902738533,19.417561693720984,True
Shimla,2007,2007-03-01,16.53230263994248,18.76403174676892,True
Shimla,2007,2007-03-02,17.363208003412165,18.77893745252021,True
Shimla,2007,2007-03-03,16.0018026662068,17.902974301198583,True
Shimla,2007,2007-03-04,15.458020905892063,18.102568701880898,True
Shimla,2007,2007-03-05,14.282601392104523,17.487613007153186,True
Shimla,2007,2007-03-06,13.401307225704441,16.992589241336532,True
Shimla,2007,2007-03-07,12.923936877721776,16.96379178000103,True
Shimla,2007,2007-03-08,12.663908535423861,16.599768418723443,True
Shimla,2007,2007-03-09,12.036049676531295,15.729997212901765,True
Shimla,2007,2007-03-10,12.85457526145536,16.84562451324433,True
Shimla,2007,2007-03-11,14.042610338377209,17.07697768528385,True
Shimla,2007,2007-03-12,12.492719230817602,16.047721834564072,True
Shimla,2007,2007-03-13,11.798907797386889,15.46087791945672,True
Shimla,2007,2007-03-14,11.326018037030014,15.058534054096754,True
Shimla,2007,2007-03-15,10.37825238080061,15.432293030873211,True
Shimla,2007,2007-03-16,14.080440512129725,17.639640089637737,True
Shimla,2007,2007-03-17,17.050541446782752,19.578606543695116,True
Shimla,2007,2007-03-18,18.103322760484662,20.450270558446107,True
Shimla,2007,2007-03-19,18.07071486970976,20.03221869908549,True
Shimla,2007,2007-03-20,18.47668459017885,20.354027497274956,True
Shimla,2007,2007-03-21,18.753793828652636,20.03295682301757,True
Shimla,2007,2007-03-22,16.59459497178875,18.499043677264467,True
Shimla,2007,2007-03-23,12.489600497077836,16.850645216082,True
Shimla,2007,2007-03-24,16.704162313373217,19.55548854082292,True
Shimla,2007,2007-03-25,19.703996320976696,21.24983560688389,True
Shimla,2007,2007-03-26,22.776290237478406,23.215354515184515,True
Shimla,2007,2007-03-27,22.60911886392948,23.316891913173777,True
Shimla,2007,2007-03-28,21.885510081157793,22.892432170985103,True
Shimla,2007,2007-03-29,21.33467338248154,22.27753406213128,True
Shimla,2007,2007-03-30,21.34907623287951,22.285957224376887,True
Shimla,2007,2007-03-31,19.413710315479058,21.14767509559374,True
Shimla,2007,2007-04-01,20.083522086406226,21.569631598857143,True
Shimla,2007,2007-04-02,20.84834269167323,21.748426232039094,True
Shimla,2007,2007-04-03,21.976587005786428,22.612073236574304,True
Shimla,2007,2007-04-04,23.009096244460256,23.33666514305179,True
Shimla,2007,2007-04-05,22.66152463845082,22.72505013030502,True
Shimla,2007,2007-04-06,20.49021559753646,20.911300725771184,True
Shimla,2007,2007-04-07,18.611774923816256,20.404284009024764,True
Shimla,2007,2007-04-08,20.62208190514854,21.153647314842942,True
Shimla,2007,2007-04-09,23.27382596231252,24.00145574663759,True
Shimla,2007,2007-04-10,23.92578134214066,25.158329150043983,True
Shimla,2007,2007-04-11,24.061999786668228,25.06076502252921,True
Shimla,2007,2007-04-12,24.59588950518863,25.35870918452514,True
Shimla,2007,2007-04-13,24.81713772069518,25.388373125335193,True
Shimla,2007,2007-04-14,24.086301296532252,24.278249722609985,True
Shimla,2007,2007-04-15,23.286732717830795,22.87224965602985,True
Shimla,2007,2007-04-16,20.24803119347028,20.931593706560705,True
Shimla,2007,2007-04-17,19.92085546835444,20.728979309583792,True
Shimla,2007,2007-04-18,19.608353919293204,20.682042631308775,True
Shimla,2007,2007-04-19,20.56009489975126,21.575028935276237,True
Shimla,2007,2007-04-20,23.46961290974881,23.819148967184958,True
Shimla,2007,2007-04-21,24.156519302366938,23.748332119284726,True
Shimla,2007,2007-04-22,25.219316890023656,25.121065496592678,True
Shimla,2007,2007-04-23,25.714529313657614,25.544640006926215,True
Shimla,2007,2007-04-24,25.784108357446925,25.895139460591224,True
Shimla,2007,2007-04-25,25.145678714390343,24.70167174324928,True
Shimla,2007,2007-04-26,23.95928956193249,23.21036895854843,True
Shimla,2007,2007-04-27,22.16176788852489,21.88618850274804,True
Shimla,2007,2007-04-28,20.120148227524226,20.461176515462626,True
Shimla,2007,2007-04-29,18.42066176258674,19.645648216017946,True
Shimla,2007,2007-04-30,18.81140382767682,20.07084181181574,True
Shimla,2007,2007-05-01,20.16173463043376,21.46645879205869,True
Shimla,2007,2007-05-02,21.0351680243615,20.99356475315892,True
Shimla,2007,2007-05-03,21.667917914443688,21.43744484701483,True
Shimla,2007,2007-05-04,20.53182738187173,21.723091022182018,True
Shimla,2007,2007-05-05,18.2906230650986,20.906725126425613,True
Shimla,2007,2007-05-06,18.44124577597896,21.30351839405688,True
Shimla,2007,2007-05-07,20.29730046752855,22.01936641781208,True
Shimla,2007,2007-05-08,23.766844980656863,23.83522933634771,True
Shimla,2007,2007-05-09,25.29061547614091,25.206866193058204,True
Shimla,2007,2007-05-10,25.35091904420808,25.334222682910422,True
Shimla,2007,2007-05-11,25.248522491333713,25.27079259925631,True
Shimla,2007,2007-05-12,25.169097750160297,25.180127877964708,True
Shimla,2007,2007-05-13,24.12690996906617,24.281201879519074,True
Shimla,2007,2007-05-14,23.179218131118702,23.50993634392802,True
Shimla,2007,2007-05-15,23.065025278803514,23.352620374987623,True
Shimla,2007,2007-05-16,22.62372200184945,22.415355367432312,True
Shimla,2007,2007-05-17,24.014245208677927,23.725539700029344,True
Shimla,2007,2007-05-18,23.845083636266317,22.984482162421727,True
Shimla,2007,2007-05-19,25.605094460068976,24.690305253188058,True
Shimla,2007,2007-05-20,25.864746992686502,25.065077940483206,True
Shimla,2007,2007-05-21,26.11603040106613,25.0558397697705,True
Shimla,2007,2007-05-22,26.208344442066817,25.317933817307733,True
Shimla,2007,2007-05-23,26.260000241547313,25.178381304946356,True
Shimla,2007,2007-05-24,25.979065118356054,25.366983801748006,True
Shimla,2007,2007-05-25,26.280900045343174,25.24978037835848,True
Shimla,2007,2007-05-26,25.96361306773188,25.487070957802473,True
Shimla,2007,2007-05-27,25.338473255376115,25.158548724350567,True
Shimla,2007,2007-05-28,25.860965602987285,25.372163367197516,True
Shimla,2007,2007-05-29,26.407242925018316,25.736918254636407,True
Shimla,2007,2007-05-30,26.9593272257123,25.874164887077825,True
Shimla,2007,2007-05-31,26.24568102987279,25.519846356654284,True
Shimla,2007,2007-06-01,26.43103544318769,25.642857927187322,True
Shimla,2007,2007-06-02,26.565734065719514,25.457397974511025,True
Shimla,2007,2007-06-03,25.94594310070827,24.809146675736997,True
Shimla,2007,2007-06-04,25.707431926019087,24.904458882436188,True
Shimla,2007,2007-06-05,26.175338307809913,25.352066826780117,True
Shimla,2007,2007-06-06,25.619087514085592,24.99897760775275,True
Shimla,2007,2007-06-07,23.92607852932153,24.138737357569596,True
Shimla,2007,2007-06-08,21.784527335176556,23.270824093998158,True
Shimla,2007,2007-06-09,21.965471128502127,22.95735687138921,True
Shimla,2007,2007-06-10,24.64954603963252,24.05158626667219,True
Shimla,2007,2007-06-11,25.739283299839695,24.997359475088615,True
Shimla,2007,2007-06-12,25.952492698094986,25.157582460414062,True
Shimla,2007,2007-06-13,26.830611938762054,26.05532579685621,True
Shimla,2007,2007-06-14,27.327340444903754,26.672571572627305,True
Shimla,2007,2007-06-15,26.76390978164693,25.978785666482793,True
Shimla,2007,2007-06-16,26.306598656128255,25.453831087801063,True
Shimla,2007,2007-06-17,25.81447306298633,25.07878535237444,True
Shimla,2007,2007-06-18,25.460582656170438,25.21274889142535,True
Shimla,2007,2007-06-19,23.602885527879614,24.4827249653286,True
Shimla,2007,2007-06-20,23.83317267633985,24.55051677242693,True
Shimla,2007,2007-06-21,23.45161530360174,24.067034548748552,True
Shimla,2007,2007-06-22,25.05669823425005,25.172241330647466,True
Shimla,2007,2007-06-23,26.425806406514358,26.411449952074975,True
Shimla,2007,2007-06-24,26.877156134929816,26.935125974685775,True
Shimla,2007,2007-06-25,27.07627718237429,27.150199111274503,True
Shimla,2007,2007-06-26,27.30202737349488,27.235363933087,True
Shimla,2007,2007-06-27,26.87606938528807,27.023865111117402,True
Shimla,2007,2007-06-28,26.02526134250972,26.802859160387868,True
Shimla,2007,2007-06-29,25.659874513121693,26.837770044614842,True
Shimla,2007,2007-06-30,26.13780668634763,27.207625348252066,True
Shimla,2007,2007-07-01,25.119596902019797,26.530831068124996,True
Shimla,2007,2007-07-02,25.126171908727887,26.58105430782183,True
Shimla,2007,2007-07-03,23.727643393700582,25.97851815785873,True
Shimla,2007,2007-07-04,25.669812531588605,26.617288951488376,True
Shimla,2007,2007-07-05,26.54521324038904,27.26983419131443,True
Shimla,2007,2007-07-06,26.71703461800199,27.625865396450195,True
Shimla,2007,2007-07-07,26.482299288915247,27.693933708249745,True
Shimla,2007,2007-07-08,27.119749203856784,28.580946222843295,True
Shimla,2007,2007-07-09,26.335244994402444,28.911995576334107,True
Shimla,2007,2007-07-10,25.029084610441412,27.433936296501713,True
Shimla,2007,2007-07-11,23.810774035805153,26.640371943614127,True
Shimla,2007,2007-07-12,23.546190959062937,26.10910470694057,True
Shimla,2007,2007-07-13,23.634581262122143,26.250244840352423,True
Shimla,2007,2007-07-14,23.90057863477205,26.338205194491138,True
Shimla,2007,2007-07-15,23.998880059094347,26.46886280142104,True
Shimla,2007,2007-07-16,24.100090075168104,26.341291969078384,True
Shimla,2007,2007-07-17,23.189979723683116,25.71528740715189,True
Shimla,2007,2007-07-18,23.70680333923495,25.768700977731555,True
Shimla,2007,2007-07-19,23.573345410514573,25.935731288178204,True
Shimla,2007,2007-07-20,23.67432222314665,25.96708180135124,True
Shimla,2007,2007-07-21,24.48380451827068,26.183049673469384,True
Shimla,2007,2007-07-22,23.77954888527184,26.23432793669525,True
Shimla,2007,2007-07-23,22.826752461136213,25.828964177919147,True
Shimla,2007,2007-07-24,22.043295566296894,25.870790355299846,True
Shimla,2007,2007-07-25,21.72616728055467,25.984480078587296,True
Shimla,2007,2007-07-26,22.73917455492209,26.047053759650737,True
Shimla,2007,2007-07-27,22.463989031369998,26.158119649574758,True
Shimla,2007,2007-07-28,22.700449442023885,26.52546306352815,True
Shimla,2007,2007-07-29,23.01809917079332,26.48321124236753,True
Shimla,2007,2007-07-30,23.615416286244617,26.674905366156793,True
Shimla,2007,2007-07-31,24.140830964949554,26.852459978459706,True
Shimla,2007,2007-08-01,24.69750982826101,26.826407669657726,True
Shimla,2007,2007-08-02,23.665382088620625,26.57806192679584,True
Shimla,2007,2007-08-03,23.854086391797324,26.697432236357372,True
Shimla,2007,2007-08-04,22.22649363537343,26.264863395481598,True
Shimla,2007,2007-08-05,22.753134768250444,26.414175778065555,True
Shimla,2007,2007-08-06,22.62588901486793,26.32128623161327,True
Shimla,2007,2007-08-07,23.239038091333384,26.698199399571536,True
Shimla,2007,2007-08-08,23.549974500465257,26.690875481876617,True
Shimla,2007,2007-08-09,22.579658808524012,26.470298360034576,True
Shimla,2007,2007-08-10,23.099821019517325,26.747341979181897,True
Shimla,2007,2007-08-11,21.175924711425754,26.276071591255402,True
Shimla,2007,2007-08-12,20.710161020132404,26.047940909813804,True
Shimla,2007,2007-08-13,22.4534372496319,26.50726062345933,True
Shimla,2007,2007-08-14,23.64863838541877,26.916678235340612,True
Shimla,2007,2007-08-15,24.182262014665852,27.133930182805557,True
Shimla,2007,2007-08-16,22.620713961678327,26.397410581751046,True
Shimla,2007,2007-08-17,22.31719104693483,26.265944376810694,True
Shimla,2007,2007-08-18,22.768392567763417,26.30356538700363,True
Shimla,2007,2007-08-19,23.798203824997195,26.82043352106018,True
Shimla,2007,2007-08-20,24.666677204274613,27.18155365273344,True
Shimla,2007,2007-08-21,22.407618248427557,26.7167850692353,True
Shimla,2007,2007-08-22,23.343075789585647,27.029928150999808,True
Shimla,2007,2007-08-23,23.092154816228845,26.829704970910598,True
Shimla,2007,2007-08-24,22.78897637040495,26.777307097006087,True
Shimla,2007,2007-08-25,23.05918898179097,26.96187561795307,True
Shimla,2007,2007-08-26,23.59913079831624,26.99045344960581,True
Shimla,2007,2007-08-27,24.03458039695003,27.281446706413135,True
Shimla,2007,2007-08-28,24.45020900745812,27.560877653307045,True
Shimla,2007,2007-08-29,23.442254801327806,27.063802062951254,True
Shimla,2007,2007-08-30,23.401456283395788,26.941244347626935,True
Shimla,2007,2007-08-31,23.632735274970003,27.035421378950446,True
Shimla,2007,2007-09-01,22.687037618069887,26.38989282157155,True
Shimla,2007,2007-09-02,21.956912326383648,25.970358155799943,True
Shimla,2007,2007-09-03,20.771733720280242,24.897097453190895,True
Shimla,2007,2007-09-04,21.790402632484174,25.403928676396674,True
Shimla,2007,2007-09-05,18.772048239503953,24.86065009213172,True
Shimla,2007,2007-09-06,19.060887172216248,24.438676040108874,True
Shimla,2007,2007-09-07,20.122197062645927,24.6964706772701,True
Shimla,2007,2007-09-08,22.385244546747245,25.634111239330196,True
Shimla,2007,2007-09-09,23.084612692612186,26.2196061624482,True
Shimla,2007,2007-09-10,23.72295647517376,26.763082919188548,True
Shimla,2007,2007-09-11,23.334257460667523,26.791479839572446,True
Shimla,2007,2007-09-12,22.30071406873482,26.093567149264572,True
Shimla,2007,2007-09-13,22.313918205141174,26.0312101549801,True
Shimla,2007,2007-09-14,22.2548948075201,25.837802109618053,True
Shimla,2007,2007-09-15,21.373895538119026,25.109368195830996,True
Shimla,2007,2007-09-16,20.408433502046087,24.51860913381637,True
Shimla,2007,2007-09-17,20.576450794867448,24.15242792485884,True
Shimla,2007,2007-09-18,19.849730383516437,22.626358333699557,True
Shimla,2007,2007-09-19,19.702832168507506,22.51232111212846,True
Shimla,2007,2007-09-20,20.1927323525367,23.328020685946456,True
Shimla,2007,2007-09-21,21.379966635649005,24.31334182862338,True
Shimla,2007,2007-09-22,22.01974272958263,24.89647889850471,True
Shimla,2007,2007-09-23,21.51516287245354,24.704938986725892,True
Shimla,2007,2007-09-24,21.784434230545614,24.80616148274663,True
Shimla,2007,2007-09-25,22.069189566943866,24.829511935442156,True
Shimla,2007,2007-09-26,22.215341097047972,24.737144479679216,True
Shimla,2007,2007-09-27,21.696495194694755,24.598516372026495,True
Shimla,2007,2007-09-28,21.555795270843277,24.170700592719925,True
Shimla,2007,2007-09-29,21.43357433923687,24.105982977162967,True
Shimla,2007,2007-09-30,22.237990524606847,24.719677173407717,True
Shimla,2007,2007-10-01,22.750544488272432,24.954929297124295,True
Shimla,2007,2007-10-02,21.80025088402186,24.764822303528604,True
Shimla,2007,2007-10-03,21.80013270835755,24.194288509053138,True
Shimla,2007,2007-10-04,21.71795385688138,24.474318979057102,True
Shimla,2007,2007-10-05,21.481554214726387,24.5786884619867,True
Shimla,2007,2007-10-06,21.405146329844893,23.941298955441425,True
Shimla,2007,2007-10-07,21.125782131480783,23.104547390992366,True
Shimla,2007,2007-10-08,20.857618302298963,22.73467979391222,True
Shimla,2007,2007-10-09,19.899131252792326,21.394031727113145,True
Shimla,2007,2007-10-10,19.771148726332864,22.17468867464072,True
Shimla,2007,2007-10-11,18.242109107358566,20.73436510844914,True
Shimla,2007,2007-10-12,17.35712664467573,21.312732277454586,True
Shimla,2007,2007-10-13,17.83951590658434,21.536291753114824,True
Shimla,2007,2007-10-14,19.359382799924475,22.31271548905437,True
Shimla,2007,2007-10-15,19.341336077192555,22.36481944504561,True
Shimla,2007,2007-10-16,19.680719658791602,22.70251754918513,True
Shimla,2007,2007-10-17,19.913958516458337,22.842350805926685,True
Shimla,2007,2007-10-18,19.88902128731088,22.991232834492166,True
Shimla,2007,2007-10-19,19.497666800921213,22.012143400409627,True
Shimla,2007,2007-10-20,20.719523541341594,23.328481417547778,True
Shimla,2007,2007-10-21,20.609836951778636,23.233416918095998,True
Shimla,2007,2007-10-22,19.308355351867572,22.556326358910894,True
Shimla,2007,2007-10-23,19.06927858750116,22.223475211693426,True
Shimla,2007,2007-10-24,19.221398250337145,22.29987979599565,True
Shimla,2007,2007-10-25,19.08084879601999,22.348345697655702,True
Shimla,2007,2007-10-26,18.19040920559986,21.342519759019012,True
Shimla,2007,2007-10-27,18.8249385830729,22.13486976853909,True
Shimla,2007,2007-10-28,19.00743032520879,22.342842210280878,True
Shimla,2007,2007-10-29,18.8231637346037,21.81264051340071,True
Shimla,2007,2007-10-30,18.438362794127293,21.463978167294385,True
Shimla,2007,2007-10-31,18.024787331715707,21.22717351978679,True
Shimla,2007,2007-11-01,17.83859101680859,21.023288326726288,True
Shimla,2007,2007-11-02,17.4942582415479,20.355158420191913,True
Shimla,2007,2007-11-03,17.26550196401953,20.142349209634403,True
Shimla,2007,2007-11-04,17.17702681565399,19.971923345455025,True
Shimla,2007,2007-11-05,16.4084223105014,19.449557933931374,True
Shimla,2007,2007-11-06,15.63598958227921,18.793114429275477,True
Shimla,2007,2007-11-07,15.27261619533537,18.765219401309537,True
Shimla,2007,2007-11-08,17.463373904847508,19.785914961164394,True
Shimla,2007,2007-11-09,16.377860524375095,19.164698621059074,True
Shimla,2007,2007-11-10,15.877475027013494,18.942299620903896,True
Shimla,2007,2007-11-11,17.114989116486164,19.541505873488063,True
Shimla,2007,2007-11-12,18.46407650352265,20.4599310851101,True
Shimla,2007,2007-11-13,18.571983043877697,20.567634859731243,True
Shimla,2007,2007-11-14,17.420928934469003,19.828796206020854,True
Shimla,2007,2007-11-15,17.318783967904988,19.787169378557905,True
Shimla,2007,2007-11-16,18.324319824464826,20.40166775093627,True
Shimla,2007,2007-11-17,18.293847378656366,20.32963092195712,True
Shimla,2007,2007-11-18,17.995894913936375,20.276832813974238,True
Shimla,2007,2007-11-19,17.867619881702396,20.431187415858403,True
Shimla,2007,2007-11-20,17.64851492194783,19.993509644634514,True
Shimla,2007,2007-11-21,17.97389764988577,20.071106271744213,True
Shimla,2007,2007-11-22,16.465184734338163,19.031789905647997,True
Shimla,2007,2007-11-23,14.98997946108943,17.55383121820381,True
Shimla,2007,2007-11-24,13.000944796556762,16.753662078224522,True
Shimla,2007,2007-11-25,11.136373107116325,16.203749841947342,True
Shimla,2007,2007-11-26,10.972061271260667,15.801547600019603,True
Shimla,2007,2007-11-27,8.709696735440636,15.634251157593724,True
Shimla,2007,2007-11-28,11.440245393688624,16.19722333064925,True
Shimla,2007,2007-11-29,14.486832785772986,17.056960057426807,True
Shimla,2007,2007-11-30,14.967464976470431,17.2019220528029,True
Shimla,2007,2007-12-01,14.153023675420915,16.87143757353806,True
Shimla,2007,2007-12-02,15.021947338350298,17.173577218024832,True
Shimla,2007,2007-12-03,15.708834845247848,17.138201023382635,True
Shimla,2007,2007-12-04,18.02203873020682,18.182757406245116,True
Shimla,2007,2007-12-05,17.66157298685068,18.302302302628448,True
Shimla,2007,2007-12-06,16.242004594850027,17.4743574365437,True
Shimla,2007,2007-12-07,15.689596297957161,17.205986110826643,True
Shimla,2007,2007-12-08,14.96349841400123,16.50949113105156,True
Shimla,2007,2007-12-09,14.876826496476196,16.648150331687305,True
Shimla,2007,2007-12-10,15.790834733688829,17.6838249269191,True
Shimla,2007,2007-12-11,15.455665940836463,17.419431968362517,True
Shimla,2007,2007-12-12,13.195541860940368,16.132232565097354,True
Shimla,2007,2007-12-13,13.097668964996153,16.028512273278864,True
Shimla,2007,2007-12-14,12.87169776310347,15.725666711378324,True
Shimla,2007,2007-12-15,10.757706136861673,14.73115939490134,True
Shimla,2007,2007-12-16,8.167417091662337,13.6472727278192,True
Shimla,2007,2007-12-17,10.901411965232647,14.90759636678024,True
Shimla,2007,2007-12-18,12.743223316183474,15.786401692493996,True
Shimla,2007,2007-12-19,14.472862638673945,16.71463596229671,True
Shimla,2007,2007-12-20,13.915422959501061,16.107583803030934,True
Shimla,2007,2007-12-21,10.479672801186203,14.093364018906072,True
Shimla,2007,2007-12-22,10.899641476212132,14.847505905457297,True
Shimla,2007,2007-12-23,10.665643391255935,14.530927433544036,True
Shimla,2007,2007-12-24,9.21608323351889,13.686863210538831,True
Shimla,2007,2007-12-25,11.048880888819657,14.670019691004654,True
Shimla,2007,2007-12-26,10.42979320071294,14.576659941913533,True
Shimla,2007,2007-12-27,9.484807606265628,14.066947877035773,True
Shimla,2007,2007-12-28,7.374759253600554,12.4784491932229,True
Shimla,2007,2007-12-29,8.957186658581717,13.960437717723437,True
Shimla,2007,2007-12-30,10.686654081898064,14.605743424319144,True
Shimla,2007,2007-12-31,12.04568238571663,15.097542350709716,True
Shimla,2009,2009-01-01,12.022232854726907,14.58655322364848,True
Shimla,2009,2009-01-02,11.572098135342836,13.521176650693008,True
Shimla,2009,2009-01-03,12.69897076229029,14.484181291092796,True
Shimla,2009,2009-01-04,10.794272652677439,13.282163740339058,True
Shimla,2009,2009-01-05,9.780039116148748,13.221102787454072,True
Shimla,2009,2009-01-06,7.786081626751762,12.650300110405738,True
Shimla,2009,2009-01-07,7.695095573299471,12.648545291842822,True
Shimla,2009,2009-01-08,8.910669293474847,13.328589065947313,True
Shimla,2009,2009-01-09,8.845625362546432,12.659571081895479,True
Shimla,2009,2009-01-10,14.123511585588634,14.942506167329896,True
Shimla,2009,2009-01-11,10.681445234289551,12.811176362210915,True
Shimla,2009,2009-01-12,11.490113099011506,14.506168715675528,True
Shimla,2009,2009-01-13,9.967363548314168,14.307132683631096,True
Shimla,2009,2009-01-14,8.87291671759811,13.844597151757341,True
Shimla,2009,2009-01-15,6.573702769813229,12.953463098865086,True
Shimla,2009,2009-01-16,5.715688567417339,12.117443008599992,True
Shimla,2009,2009-01-17,7.955256763477082,12.486627244910494,True
Shimla,2009,2009-01-18,6.1030825864543825,10.67378872522039,True
Shimla,2009,2009-01-19,7.099451056977728,11.577037845462598,True
Shimla,2009,2009-01-20,6.01609067527764,12.386301471291858,True
Shimla,2009,2009-01-21,4.755608267975864,11.738970603374185,True
Shimla,2009,2009-01-22,4.29308468751403,11.305737408841878,True
Shimla,2009,2009-01-23,4.716843125149216,11.800859041937656,True
Shimla,2009,2009-01-24,5.825275589477074,11.460150696309597,True
Shimla,2009,2009-01-25,8.633993711715203,12.522062000208336,True
Shimla,2009,2009-01-26,9.297321566297011,12.6052495981736,True
Shimla,2009,2009-01-27,10.119931324150302,12.922173943508142,True
Shimla,2009,2009-01-28,12.546575146497752,14.448550397687086,True
Shimla,2009,2009-01-29,13.517778457592282,15.003599490781653,True
Shimla,2009,2009-01-30,14.534483664569052,15.33836652865324,True
Shimla,2009,2009-01-31,13.617257753274675,15.184977718699145,True
Shimla,2009,2009-02-01,12.133848463107753,14.523152277736756,True
Shimla,2009,2009-02-02,10.826280582697564,13.907844038815483,True
Shimla,2009,2009-02-03,10.67555398459482,13.544804637520883,True
Shimla,2009,2009-02-04,10.112284786630196,13.476536357982525,True
Shimla,2009,2009-02-05,10.503744687544977,13.826653644757357,True
Shimla,2009,2009-02-06,10.851052108799678,13.505096576649578,True
Shimla,2009,2009-02-07,11.55431967484005,14.402836116326512,True
Shimla,2009,2009-02-08,10.708280023683745,14.29697226803603,True
Shimla,2009,2009-02-09,9.997968312216164,14.245829841665795,True
Shimla,2009,2009-02-10,10.902732010931672,14.899548114985862,True
Shimla,2009,2009-02-11,11.202089694227553,15.093839764987365,True
Shimla,2009,2009-02-12,11.991257323267796,14.83605002555612,True
Shimla,2009,2009-02-13,12.31901372528046,14.882976538606272,True
Shimla,2009,2009-02-14,15.599922727598882,17.481025388433636,True
Shimla,2009,2009-02-15,15.620666133065082,17.628612412481232,True
Shimla,2009,2009-02-16,15.768696692048096,16.877865229221925,True
Shimla,2009,2009-02-17,13.436406292827698,15.25348881318007,True
Shimla,2009,2009-02-18,10.274328153905191,13.956598033318699,True
Shimla,2009,2009-02-19,4.723332357874183,11.51692285096459,True
Shimla,2009,2009-02-20,3.7311256420377807,11.570150974450371,True
Shimla,2009,2009-02-21,4.358215023676637,12.421859061856082,True
Shimla,2009,2009-02-22,4.567572186277921,12.461727876341342,True
Shimla,2009,2009-02-23,4.404649854516788,11.889614558757103,True
Shimla,2009,2009-02-24,4.759533871912883,12.354446974206098,True
Shimla,2009,2009-02-25,6.098045195451119,13.074130551094868,True
Shimla,2009,2009-02-26,6.044612087528018,12.671208983953022,True
Shimla,2009,2009-02-27,11.393165812501024,14.534013117536233,True
Shimla,2009,2009-02-28,12.411092832879499,15.462810030552248,True
Shimla,2009,2009-03-01,11.559400082700558,15.116790934753737,True
Shimla,2009,2009-03-02,11.449073013133937,15.414131057538384,True
Shimla,2009,2009-03-03,10.553235534604413,14.814709233599217,True
Shimla,2009,2009-03-04,9.673349484337502,14.453091797912975,True
Shimla,2009,2009-03-05,11.959220824657853,15.925499118271773,True
Shimla,2009,2009-03-06,13.630333496833655,16.56360084142699,True
Shimla,2009,2009-03-07,14.688941019433695,16.581421862100342,True
Shimla,2009,2009-03-08,15.24694062660641,17.447166957450804,True
Shimla,2009,2009-03-09,16.694221155809338,18.270675409871387,True
Shimla,2009,2009-03-10,17.815861776900697,19.079654141609183,True
Shimla,2009,2009-03-11,14.985194819699108,16.559116749936607,True
Shimla,2009,2009-03-12,12.255646409775823,16.00892809737104,True
Shimla,2009,2009-03-13,13.759887585172592,16.775778407374673,True
Shimla,2009,2009-03-14,14.932700667138043,17.502860162484012,True
Shimla,2009,2009-03-15,15.832597554732848,18.109317023889275,True
Shimla,2009,2009-03-16,16.128358540507335,17.85788080126821,True
Shimla,2009,2009-03-17,18.38131081690705,19.502396930929876,True
Shimla,2009,2009-03-18,18.579530834798064,19.909571489351606,True
Shimla,2009,2009-03-19,18.41204447100818,19.82118059608672,True
Shimla,2009,2009-03-20,18.234814598179867,19.29841803210121,True
Shimla,2009,2009-03-21,19.718029876073846,20.624991204792195,True
Shimla,2009,2009-03-22,21.271190560903698,21.86389747349432,True
Shimla,2009,2009-03-23,23.00234274416805,22.814878238922006,True
Shimla,2009,2009-03-24,22.06122615091997,23.031267125914553,True
Shimla,2009,2009-03-25,21.776387491220813,22.7336541364333,True
Shimla,2009,2009-03-26,21.514951870949357,22.60728037084317,True
Shimla,2009,2009-03-27,21.01154920160141,22.433473159589198,True
Shimla,2009,2009-03-28,21.748371423548626,23.011127344408067,True
Shimla,2009,2009-03-29,21.98283961560958,23.046421905781813,True
Shimla,2009,2009-03-30,23.158516049413358,23.70070181129563,True
Shimla,2009,2009-03-31,23.805703695748896,24.128129269360386,True
Shimla,2009,2009-04-01,23.857487694066617,24.428109260938243,True
Shimla,2009,2009-04-02,24.040139210294342,24.273989336945192,True
Shimla,2009,2009-04-03,23.26500393348273,23.316661945075168,True
Shimla,2009,2009-04-04,23.50722532122161,23.873779879146127,True
Shimla,2009,2009-04-05,22.974239772190455,23.18039283031476,True
Shimla,2009,2009-04-06,22.99779007119274,23.519692402101555,True
Shimla,2009,2009-04-07,22.860395125605002,23.91335490201368,True
Shimla,2009,2009-04-08,22.89328744279771,24.126998957537808,True
Shimla,2009,2009-04-09,23.710840746039864,24.56375120835378,True
Shimla,2009,2009-04-10,23.67440251137583,25.33833882255084,True
Shimla,2009,2009-04-11,24.266673093562318,25.164174543711,True
Shimla,2009,2009-04-12,24.04608324361844,24.973050327250633,True
Shimla,2009,2009-04-13,24.939972288817945,25.92404532736225,True
Shimla,2009,2009-04-14,25.337410597334777,26.28970535982586,True
Shimla,2009,2009-04-15,25.229690620221035,26.999998084027823,True
Shimla,2009,2009-04-16,24.295489954203767,26.42624439377198,True
Shimla,2009,2009-04-17,24.379334713046504,25.593079094996767,True
Shimla,2009,2009-04-18,24.152880831475834,24.974546592595686,True
Shimla,2009,2009-04-19,24.002813582188413,24.64167253045275,True
Shimla,2009,2009-04-20,24.868414511039145,25.58529458651617,True
Shimla,2009,2009-04-21,24.860373333936337,25.63456666427561,True
Shimla,2009,2009-04-22,24.534081972937322,25.082225644141886,True
Shimla,2009,2009-04-23,24.960138399954626,25.390382865808874,True
Shimla,2009,2009-04-24,24.693166725180728,25.12305046826623,True
Shimla,2009,2009-04-25,23.461886248822623,23.395242220336115,True
Shimla,2009,2009-04-26,21.401526151382022,21.240994123868347,True
Shimla,2009,2009-04-27,19.953233208105367,21.29010963842967,True
Shimla,2009,2009-04-28,20.773740031597853,21.985101650458944,True
Shimla,2009,2009-04-29,23.53269220377919,23.068723173452213,True
Shimla,2009,2009-04-30,24.3861123823008,23.769094513458015,True
Shimla,2009,2009-05-01,24.598695689622026,24.14662636501805,True
Shimla,2009,2009-05-02,25.05349418879123,24.583790672822147,True
Shimla,2009,2009-05-03,24.643720811436637,23.751752927745827,True
Shimla,2009,2009-05-04,23.157538809991525,22.56021261869853,True
Shimla,2009,2009-05-05,20.98525373849268,22.24251633424757,True
Shimla,2009,2009-05-06,20.743623496923423,22.100536315271142,True
Shimla,2009,2009-05-07,19.286549258883767,22.241053073348155,True
Shimla,2009,2009-05-08,18.848094887046873,22.274735320291143,True
Shimla,2009,2009-05-09,18.782785195661464,21.989103270798637,True
Shimla,2009,2009-05-10,20.738367310858024,22.67189810370803,True
Shimla,2009,2009-05-11,19.466990618812737,23.25332275861274,True
Shimla,2009,2009-05-12,23.05778371282269,24.26125505037396,True
Shimla,2009,2009-05-13,24.28641514018135,24.398994885239574,True
Shimla,2009,2009-05-14,25.053075155524816,24.548937700159797,True
Shimla,2009,2009-05-15,25.475035089178398,24.648096337416348,True
Shimla,2009,2009-05-16,25.961153715956378,25.30028905839788,True
Shimla,2009,2009-05-17,26.06551975570322,25.509436661878567,True
Shimla,2009,2009-05-18,25.599401533102082,25.017690239104695,True
Shimla,2009,2009-05-19,24.6059236893871,23.769777848154774,True
Shimla,2009,2009-05-20,23.366870740848917,22.772594460067182,True
Shimla,2009,2009-05-21,22.929260643829565,22.361421348943566,True
Shimla,2009,2009-05-22,23.78835367497014,22.908953210691834,True
Shimla,2009,2009-05-23,23.831189471638055,23.16121207763871,True
Shimla,2009,2009-05-24,23.151110120123825,23.1921591648304,True
Shimla,2009,2009-05-25,21.217391500830757,21.711884472062707,True
Shimla,2009,2009-05-26,22.800360157062972,22.605748829258516,True
Shimla,2009,2009-05-27,23.53200072478851,22.950695758851737,True
Shimla,2009,2009-05-28,26.086335778791604,24.73134450412664,True
Shimla,2009,2009-05-29,27.305439804975112,25.93946039467687,True
Shimla,2009,2009-05-30,27.410444670093074,26.305766820218082,True
Shimla,2009,2009-05-31,25.457572131922635,25.340111975119953,True
Shimla,2009,2009-06-01,25.70906358576453,25.212909091907875,True
Shimla,2009,2009-06-02,26.39358395044982,25.517838587277083,True
Shimla,2009,2009-06-03,26.101957928740934,25.182852308187364,True
Shimla,2009,2009-06-04,25.9572907655213,25.053073281262186,True
Shimla,2009,2009-06-05,25.247403924747168,24.76960477758854,True
Shimla,2009,2009-06-06,27.1834575601331,26.05573839043916,True
Shimla,2009,2009-06-07,29.259158337636826,28.127494640785926,True
Shimla,2009,2009-06-08,30.17027973993519,29.377168912247896,True
Shimla,2009,2009-06-09,30.70475625045525,30.292126050679087,True
Shimla,2009,2009-06-10,28.75398670376537,27.656036216957318,True
Shimla,2009,2009-06-11,26.789661069281372,26.229227561757796,True
Shimla,2009,2009-06-12,26.797889505829154,26.36565724732168,True
Shimla,2009,2009-06-13,28.076375883634363,27.034901821445715,True
Shimla,2009,2009-06-14,28.545757081376085,27.672538200816575,True
Shimla,2009,2009-06-15,28.276643281025127,27.6134075620742,True
Shimla,2009,2009-06-16,28.09111976733434,27.619081161755275,True
Shimla,2009,2009-06-17,26.992465565300805,26.82265898477135,True
Shimla,2009,2009-06-18,27.127525513246646,26.89829975719249,True
Shimla,2009,2009-06-19,26.794751361904215,27.188915008827053,True
Shimla,2009,2009-06-20,26.688353866561087,27.232232533089245,True
Shimla,2009,2009-06-21,27.49002888817523,27.455814913420397,True
Shimla,2009,2009-06-22,27.42420805692967,27.47111764191584,True
Shimla,2009,2009-06-23,27.77599661874457,27.704160909215602,True
Shimla,2009,2009-06-24,26.970318459789066,27.30947340681672,True
Shimla,2009,2009-06-25,26.509845463685224,27.0202961428173,True
Shimla,2009,2009-06-26,26.589045993998845,26.836977599836757,True
Shimla,2009,2009-06-27,26.596066087877073,27.009718471526526,True
Shimla,2009,2009-06-28,26.995384012885154,26.975158892237857,True
Shimla,2009,2009-06-29,26.96822930325204,27.075203658075452,True
Shimla,2009,2009-06-30,26.97082373005162,27.24921781554758,True
Shimla,2009,2009-07-01,26.5836786945013,27.71761245633627,True
Shimla,2009,2009-07-02,26.524992016898945,27.598509314190665,True
Shimla,2009,2009-07-03,26.389964858771883,27.749691910698175,True
Shimla,2009,2009-07-04,26.202154097377417,27.813642101156347,True
Shimla,2009,2009-07-05,27.42512641947325,28.765608822441322,True
Shimla,2009,2009-07-06,26.983559958181896,28.454656030015656,True
Shimla,2009,2009-07-07,26.678027140127554,27.76195763817549,True
Shimla,2009,2009-07-08,25.773401335206543,26.87246294348421,True
Shimla,2009,2009-07-09,24.716534751997308,26.50119563322494,True
Shimla,2009,2009-07-10,25.217749765517617,26.94529628327109,True
Shimla,2009,2009-07-11,23.896319177818686,26.486610350524302,True
Shimla,2009,2009-07-12,22.35711064967489,25.31599727843735,True
Shimla,2009,2009-07-13,21.760484794175127,25.470181042239687,True
Shimla,2009,2009-07-14,23.099070028504702,26.123109280557117,True
Shimla,2009,2009-07-15,23.71774401682887,26.38854537852535,True
Shimla,2009,2009-07-16,24.55985736408718,27.03061221457017,True
Shimla,2009,2009-07-17,24.976384327888006,26.868549619397015,True
Shimla,2009,2009-07-18,24.72962863870115,26.774823055458683,True
Shimla,2009,2009-07-19,23.17492238763647,25.8772264851234,True
Shimla,2009,2009-07-20,22.771450035153745,26.07641409552616,True
Shimla,2009,2009-07-21,23.430560145242513,26.50056567987866,True
Shimla,2009,2009-07-22,23.750616337521468,26.556932951804242,True
Shimla,2009,2009-07-23,24.40156402030026,26.96733586942969,True
Shimla,2009,2009-07-24,24.954860757990655,27.318755507544438,True
Shimla,2009,2009-07-25,25.423094859766852,27.545920985837142,True
Shimla,2009,2009-07-26,25.86371646962739,27.807422796894343,True
Shimla,2009,2009-07-27,26.59416439620297,28.410334416828846,True
Shimla,2009,2009-07-28,23.773901168730433,26.65032093834128,True
Shimla,2009,2009-07-29,22.87743319361148,26.064841543189516,True
Shimla,2009,2009-07-30,22.62208465770434,26.112361416588556,True
Shimla,2009,2009-07-31,22.820810148456054,26.030549496787728,True
Shimla,2009,2009-08-01,23.11981548497903,25.705168398580213,True
Shimla,2009,2009-08-02,22.213817256275032,25.601360741593737,True
Shimla,2009,2009-08-03,24.509907575037282,26.338612103530522,True
Shimla,2009,2009-08-04,24.74812579450938,26.109490324860474,True
Shimla,2009,2009-08-05,19.668295856712867,25.018387250454737,True
Shimla,2009,2009-08-06,20.281923439718597,25.331328357561688,True
Shimla,2009,2009-08-07,21.480428037321694,25.63522840208583,True
Shimla,2009,2009-08-08,22.31471351573548,25.878367259381037,True
Shimla,2009,2009-08-09,23.382122529078202,25.96827719025532,True
Shimla,2009,2009-08-10,23.7413605271979,26.110592092671027,True
Shimla,2009,2009-08-11,23.229426225057615,26.232035110411687,True
Shimla,2009,2009-08-12,24.051137458205783,26.46633122926721,True
Shimla,2009,2009-08-13,23.050098253093456,26.48454442491186,True
Shimla,2009,2009-08-14,24.06855195402576,26.503659712965543,True
Shimla,2009,2009-08-15,25.147900282520787,26.5960099038889,True
Shimla,2009,2009-08-16,25.440322257672587,26.992653316117355,True
Shimla,2009,2009-08-17,25.253625188743158,26.916255577509446,True
Shimla,2009,2009-08-18,24.727854238737255,26.987678322123486,True
Shimla,2009,2009-08-19,25.383835638715965,27.07658083390919,True
Shimla,2009,2009-08-20,24.422482016166114,26.787660572240327,True
Shimla,2009,2009-08-21,23.573269568689923,26.801228377712505,True
Shimla,2009,2009-08-22,23.553134981968856,26.746167473798096,True
Shimla,2009,2009-08-23,23.67260924398163,26.85380181971874,True
Shimla,2009,2009-08-24,24.351273430816658,27.312602463548956,True
Shimla,2009,2009-08-25,24.375713372336214,27.35854317229729,True
Shimla,2009,2009-08-26,24.95828308403131,27.53114225888561,True
Shimla,2009,2009-08-27,24.96051016123797,27.424087346768488,True
Shimla,2009,2009-08-28,24.114658641997977,27.074244509218317,True
Shimla,2009,2009-08-29,23.867792376305523,26.962764045509402,True
Shimla,2009,2009-08-30,23.592567473123538,26.72498652084431,True
Shimla,2009,2009-08-31,23.35908852768152,26.74503275056219,True
Shimla,2009,2009-09-01,23.03830650736903,26.511462674720235,True
Shimla,2009,2009-09-02,23.20916030981415,26.557458069881704,True
Shimla,2009,2009-09-03,23.411879303993125,26.654960168614764,True
Shimla,2009,2009-09-04,23.501128536021792,26.573156411339312,True
Shimla,2009,2009-09-05,22.54072537807075,25.79377421333146,True
Shimla,2009,2009-09-06,22.680925858301027,25.97416781828747,True
Shimla,2009,2009-09-07,23.04089034372913,26.19035363316459,True
Shimla,2009,2009-09-08,23.507090405682018,26.713442087582735,True
Shimla,2009,2009-09-09,23.648493652942022,26.983449525267474,True
Shimla,2009,2009-09-10,23.11926485228525,26.65927805479896,True
Shimla,2009,2009-09-11,22.53478724129001,26.04132597118314,True
Shimla,2009,2009-09-12,22.10834415504548,25.893030251388893,True
Shimla,2009,2009-09-13,22.404328517911992,25.914061898461227,True
Shimla,2009,2009-09-14,22.460744131312673,25.93103835599402,True
Shimla,2009,2009-09-15,22.340326180880794,25.866023604345685,True
Shimla,2009,2009-09-16,22.291829007455696,25.780782127990506,True
Shimla,2009,2009-09-17,21.767853142289184,25.32289162029207,True
Shimla,2009,2009-09-18,21.395050422809163,25.09688465227333,True
Shimla,2009,2009-09-19,21.691843250389784,25.19087066730299,True
Shimla,2009,2009-09-20,21.854314905106122,25.222530400229402,True
Shimla,2009,2009-09-21,21.900309292692278,24.92623823000082,True
Shimla,2009,2009-09-22,21.758494135192592,24.55530594455462,True
Shimla,2009,2009-09-23,22.08645543318755,24.679569275156894,True
Shimla,2009,2009-09-24,22.13408120886252,24.472439994728006,True
Shimla,2009,2009-09-25,22.36545825625239,25.068009190186274,True
Shimla,2009,2009-09-26,22.23234119114901,24.784624261975296,True
Shimla,2009,2009-09-27,22.094390163421277,24.718628137576275,True
Shimla,2009,2009-09-28,21.704503363733608,24.371076604266534,True
Shimla,2009,2009-09-29,21.745116010062006,24.418089307454693,True
Shimla,2009,2009-09-30,20.63809873248479,22.30310805272609,True
Shimla,2009,2009-10-01,20.62713795869932,22.02291909303125,True
Shimla,2009,2009-10-02,21.435867759405795,23.2963200338977,True
Shimla,2009,2009-10-03,21.113312896978282,23.320303542647366,True
Shimla,2009,2009-10-04,21.49408421605654,23.59674881469533,True
Shimla,2009,2009-10-05,21.021504900211973,23.09158770876843,True
Shimla,2009,2009-10-06,21.463383209920302,23.53014246079573,True
Shimla,2009,2009-10-07,21.687661368415956,23.705349559704416,True
Shimla,2009,2009-10-08,20.96389732993528,23.21167855910886,True
Shimla,2009,2009-10-09,20.241833310028785,22.675233825914688,True
Shimla,2009,2009-10-10,20.578096556124066,22.892860971576283,True
Shimla,2009,2009-10-11,21.254983746212513,23.29038291515525,True
Shimla,2009,2009-10-12,21.495400033662904,23.418723924345898,True
Shimla,2009,2009-10-13,21.123476915442104,23.34403641496141,True
Shimla,2009,2009-10-14,19.245223032223656,21.514728417369156,True
Shimla,2009,2009-10-15,18.882066712863214,21.19529782427162,True
Shimla,2009,2009-10-16,18.76555761725596,21.492087754404793,True
Shimla,2009,2009-10-17,19.59128716687195,22.446807635994276,True
Shimla,2009,2009-10-18,20.001606445643187,22.822239563796984,True
Shimla,2009,2009-10-19,19.424457656462117,22.211864368447493,True
Shimla,2009,2009-10-20,19.101368131817853,22.063017671565603,True
Shimla,2009,2009-10-21,19.6224331155236,22.54499845161405,True
Shimla,2009,2009-10-22,19.412319366525427,22.24741614001556,True
Shimla,2009,2009-10-23,18.733211850373934,21.73108375092238,True
Shimla,2009,2009-10-24,19.1192511398756,22.296989378692388,True
Shimla,2009,2009-10-25,19.70047285496628,22.437142745770075,True
Shimla,2009,2009-10-26,19.695619164943132,22.497779893896848,True
Shimla,2009,2009-10-27,19.432766432013167,22.416599135493243,True
Shimla,2009,2009-10-28,18.364619370985693,21.392112815002008,True
Shimla,2009,2009-10-29,18.263635714327997,20.764429514354845,True
Shimla,2009,2009-10-30,17.41999291965586,19.699407045009252,True
Shimla,2009,2009-10-31,17.746307020792543,20.212356067005885,True
Shimla,2009,2009-11-01,18.054367318300958,20.686727261598605,True
Shimla,2009,2009-11-02,18.09983166042924,20.441778832892282,True
Shimla,2009,2009-11-03,18.23354707766844,21.118463046843942,True
Shimla,2009,2009-11-04,18.25856395059855,20.931191969075428,True
Shimla,2009,2009-11-05,17.48555271802207,20.468505094176464,True
Shimla,2009,2009-11-06,17.519172405615972,20.448703001727836,True
Shimla,2009,2009-11-07,17.24127867155455,19.965231872930076,True
Shimla,2009,2009-11-08,17.353529283883034,19.816457969124826,True
Shimla,2009,2009-11-09,16.455263804065133,19.04177401193334,True
Shimla,2009,2009-11-10,14.73533837531259,17.944702897333684,True
Shimla,2009,2009-11-11,13.865642785711003,17.82350233634162,True
Shimla,2009,2009-11-12,10.534730293822646,16.924552239317734,True
Shimla,2009,2009-11-13,9.769935116525733,16.585306111338753,True
Shimla,2009,2009-11-14,9.473930367234711,16.361119264411343,True
Shimla,2009,2009-11-15,9.010804532405277,15.73630143728252,True
Shimla,2009,2009-11-16,9.351651158942595,15.857446695548106,True
Shimla,2009,2009-11-17,11.577855466411648,16.661270445204707,True
Shimla,2009,2009-11-18,13.874266386470698,17.16655129308407,True
Shimla,2009,2009-11-19,14.345205081236285,17.447509730977856,True
Shimla,2009,2009-11-20,11.536721493270225,17.23261883219277,True
Shimla,2009,2009-11-21,11.827062513362012,16.989009355725386,True
Shimla,2009,2009-11-22,12.471375243948312,16.90812361003202,True
Shimla,2009,2009-11-23,10.462436522544486,15.912506717063366,True
Shimla,2009,2009-11-24,13.383080653986568,16.75553766322662,True
Shimla,2009,2009-11-25,13.635995797245933,17.13336632757415,True
Shimla,2009,2009-11-26,12.302298766618364,16.650064129236796,True
Shimla,2009,2009-11-27,12.58973137618184,16.165131625227673,True
Shimla,2009,2009-11-28,14.620887981091533,16.95992114720093,True
Shimla,2009,2009-11-29,14.926405930794708,17.29114533210293,True
Shimla,2009,2009-11-30,15.67567037864052,17.712932455483156,True
Shimla,2009,2009-12-01,15.585086321468358,17.731842879480837,True
Shimla,2009,2009-12-02,14.47030443916784,16.991678430193815,True
Shimla,2009,2009-12-03,12.964673693576838,16.20906681487122,True
Shimla,2009,2009-12-04,13.704527816270305,16.626867697771786,True
Shimla,2009,2009-12-05,13.649864295246807,16.53841325926976,True
Shimla,2009,2009-12-06,12.335155812834703,15.7381351952709,True
Shimla,2009,2009-12-07,11.02441006758688,14.943049003461795,True
Shimla,2009,2009-12-08,10.566564250887124,14.983186481214034,True
Shimla,2009,2009-12-09,12.125828292522899,15.791751091141919,True
Shimla,2009,2009-12-10,11.8875503002523,15.659124159996566,True
Shimla,2009,2009-12-11,10.222993267452855,14.876396966412528,True
Shimla,2009,2009-12-12,10.772300816019559,15.01734444585793,True
Shimla,2009,2009-12-13,10.557638548526494,15.004592244649757,True
Shimla,2009,2009-12-14,11.037642578043961,15.071626421232622,True
Shimla,2009,2009-12-15,10.458502335718673,14.84035468639081,True
Shimla,2009,2009-12-16,7.7794669782034385,14.066554181125298,True
Shimla,2009,2009-12-17,3.3890686482714614,13.35405159578329,True
Shimla,2009,2009-12-18,2.7309091066730025,12.787924608058233,True
Shimla,2009,2009-12-19,2.776969601723508,12.646841685615016,True
Shimla,2009,2009-12-20,7.530158012164254,13.69266093018814,True
Shimla,2009,2009-12-21,8.612727260503792,13.768396734445105,True
Shimla,2009,2009-12-22,11.28425093273326,14.955438429552032,True
Shimla,2009,2009-12-23,12.154311865948122,15.098813166813443,True
Shimla,2009,2009-12-24,7.048213504044568,12.820107957107098,True
Shimla,2009,2009-12-25,8.924111130012928,13.753759660512742,True
Shimla,2009,2009-12-26,11.421753484164741,14.970633121724575,True
Shimla,2009,2009-12-27,13.421906683529537,15.744739210104115,True
Shimla,2009,2009-12-28,13.37513799575352,15.610108844744843,True
Shimla,2009,2009-12-29,11.299255173446225,15.12547944514671,True
Shimla,2009,2009-12-30,10.303539599952384,13.991454015527495,True
Shimla,2009,2009-12-31,8.417383915543097,12.898748057896455,True
