city,year,date,w1_area_mean_wbgt_c,w1_all_cells_valid
Kochi,2005,2005-01-01,30.889015661111905,True
Kochi,2005,2005-01-02,30.31797694278211,True
Kochi,2005,2005-01-03,29.40462145124144,True
Kochi,2005,2005-01-04,29.031122451427457,True
Kochi,2005,2005-01-05,29.562364393617294,True
Kochi,2005,2005-01-06,30.378417117446265,True
Kochi,2005,2005-01-07,29.961682713255737,True
Kochi,2005,2005-01-08,28.47599338501107,True
Kochi,2005,2005-01-09,27.957516053745294,True
Kochi,2005,2005-01-10,27.533500556360433,True
Kochi,2005,2005-01-11,28.562463171395706,True
Kochi,2005,2005-01-12,28.83371478406278,True
Kochi,2005,2005-01-13,28.80721127843135,True
Kochi,2005,2005-01-14,29.512767109066125,True
Kochi,2005,2005-01-15,30.160898152703965,True
Kochi,2005,2005-01-16,29.252400496862663,True
Kochi,2005,2005-01-17,29.93367509676036,True
Kochi,2005,2005-01-18,30.559748046545558,True
Kochi,2005,2005-01-19,29.66864435394194,True
Kochi,2005,2005-01-20,29.614512939873144,True
Kochi,2005,2005-01-21,30.2517247350414,True
Kochi,2005,2005-01-22,29.8876362874391,True
Kochi,2005,2005-01-23,30.607504154871872,True
Kochi,2005,2005-01-24,31.724640879895833,True
Kochi,2005,2005-01-25,31.759944205947722,True
Kochi,2005,2005-01-26,32.07791489749284,True
Kochi,2005,2005-01-27,32.04845034182978,True
Kochi,2005,2005-01-28,32.27140099363198,True
Kochi,2005,2005-01-29,32.29129748559393,True
Kochi,2005,2005-01-30,31.44331018567247,True
Kochi,2005,2005-01-31,31.22901409667889,True
Kochi,2005,2005-02-01,31.854467228720267,True
Kochi,2005,2005-02-02,30.78297901883762,True
Kochi,2005,2005-02-03,30.58114726445043,True
Kochi,2005,2005-02-04,30.350748405425644,True
Kochi,2005,2005-02-05,30.327082338827516,True
Kochi,2005,2005-02-06,30.08901947128099,True
Kochi,2005,2005-02-07,29.19159286016417,True
Kochi,2005,2005-02-08,29.6674033071333,True
Kochi,2005,2005-02-09,29.30252557325047,True
Kochi,2005,2005-02-10,29.048674867716816,True
Kochi,2005,2005-02-11,28.610840860981945,True
Kochi,2005,2005-02-12,29.77428808404963,True
Kochi,2005,2005-02-13,29.597330002093916,True
Kochi,2005,2005-02-14,30.16813712543566,True
Kochi,2005,2005-02-15,30.061957704060486,True
Kochi,2005,2005-02-16,30.777136939581183,True
Kochi,2005,2005-02-17,29.334286209022746,True
Kochi,2005,2005-02-18,29.99525995818595,True
Kochi,2005,2005-02-19,31.035871378999488,True
Kochi,2005,2005-02-20,30.338118200301146,True
Kochi,2005,2005-02-21,29.815274513456785,True
Kochi,2005,2005-02-22,30.170170041310012,True
Kochi,2005,2005-02-23,30.434648497297736,True
Kochi,2005,2005-02-24,32.647811448879935,True
Kochi,2005,2005-02-25,33.32163168223256,True
Kochi,2005,2005-02-26,32.6774459764,True
Kochi,2005,2005-02-27,32.90526664125637,True
Kochi,2005,2005-02-28,32.06890377698791,True
Kochi,2005,2005-03-01,31.91362956414737,True
Kochi,2005,2005-03-02,33.48683388651093,True
Kochi,2005,2005-03-03,33.37581939628363,True
Kochi,2005,2005-03-04,33.370353477241935,True
Kochi,2005,2005-03-05,31.943883821565848,True
Kochi,2005,2005-03-06,31.63867074686097,True
Kochi,2005,2005-03-07,32.015234155449704,True
Kochi,2005,2005-03-08,31.46010873601104,True
Kochi,2005,2005-03-09,30.502354117763947,True
Kochi,2005,2005-03-10,29.868205190678783,True
Kochi,2005,2005-03-11,30.573037831686136,True
Kochi,2005,2005-03-12,30.348859652968667,True
Kochi,2005,2005-03-13,29.812045651792886,True
Kochi,2005,2005-03-14,30.09356838989315,True
Kochi,2005,2005-03-15,30.197077012037923,True
Kochi,2005,2005-03-16,31.527641720894405,True
Kochi,2005,2005-03-17,31.564401701412457,True
Kochi,2005,2005-03-18,31.046933675559877,True
Kochi,2005,2005-03-19,32.1226694687106,True
Kochi,2005,2005-03-20,32.76135745674014,True
Kochi,2005,2005-03-21,31.91018824889961,True
Kochi,2005,2005-03-22,30.89881530221776,True
Kochi,2005,2005-03-23,31.723485472509314,True
Kochi,2005,2005-03-24,30.77883384334198,True
Kochi,2005,2005-03-25,31.964005919489637,True
Kochi,2005,2005-03-26,32.21385280044776,True
Kochi,2005,2005-03-27,32.18176709719355,True
Kochi,2005,2005-03-28,32.847670580793775,True
Kochi,2005,2005-03-29,31.689566555972117,True
Kochi,2005,2005-03-30,31.416950018425236,True
Kochi,2005,2005-03-31,31.74527566505872,True
Kochi,2005,2005-04-01,32.19379273541484,True
Kochi,2005,2005-04-02,32.0266755648454,True
Kochi,2005,2005-04-03,32.478010312587344,True
Kochi,2005,2005-04-04,32.96790117917002,True
Kochi,2005,2005-04-05,32.54284836325061,True
Kochi,2005,2005-04-06,32.39653983811032,True
Kochi,2005,2005-04-07,33.02901413105366,True
Kochi,2005,2005-04-08,32.497686436970724,True
Kochi,2005,2005-04-09,32.31257339031798,True
Kochi,2005,2005-04-10,32.77652550437932,True
Kochi,2005,2005-04-11,32.17908438698454,True
Kochi,2005,2005-04-12,31.99950556774087,True
Kochi,2005,2005-04-13,32.39231150682709,True
Kochi,2005,2005-04-14,34.75053175572023,True
Kochi,2005,2005-04-15,33.76664016991394,True
Kochi,2005,2005-04-16,31.33122337377582,True
Kochi,2005,2005-04-17,31.88335983408894,True
Kochi,2005,2005-04-18,32.49946555322293,True
Kochi,2005,2005-04-19,33.08837968543022,True
Kochi,2005,2005-04-20,32.32297661985437,True
Kochi,2005,2005-04-21,31.717225856752915,True
Kochi,2005,2005-04-22,31.354763966394916,True
Kochi,2005,2005-04-23,32.39900512878959,True
Kochi,2005,2005-04-24,33.34651487923841,True
Kochi,2005,2005-04-25,33.48187694728882,True
Kochi,2005,2005-04-26,33.89611490309334,True
Kochi,2005,2005-04-27,32.84433431016117,True
Kochi,2005,2005-04-28,32.599774237860274,True
Kochi,2005,2005-04-29,32.09320805084485,True
Kochi,2005,2005-04-30,31.082009853586875,True
Kochi,2005,2005-05-01,31.48365052890284,True
Kochi,2005,2005-05-02,32.37287944992453,True
Kochi,2005,2005-05-03,32.42737870923225,True
Kochi,2005,2005-05-04,32.46437245620144,True
Kochi,2005,2005-05-05,33.24069774667272,True
Kochi,2005,2005-05-06,33.04204312048453,True
Kochi,2005,2005-05-07,31.856776132852517,True
Kochi,2005,2005-05-08,32.55578820835958,True
Kochi,2005,2005-05-09,33.529062120461816,True
Kochi,2005,2005-05-10,34.011026369464005,True
Kochi,2005,2005-05-11,32.50959032044813,True
Kochi,2005,2005-05-12,34.08008460806036,True
Kochi,2005,2005-05-13,31.866366720575602,True
Kochi,2005,2005-05-14,31.764174931626734,True
Kochi,2005,2005-05-15,31.100504725659686,True
Kochi,2005,2005-05-16,30.63741127370539,True
Kochi,2005,2005-05-17,31.15348331804086,True
Kochi,2005,2005-05-18,32.335750098303045,True
Kochi,2005,2005-05-19,32.28358587733405,True
Kochi,2005,2005-05-20,33.8581953645213,True
Kochi,2005,2005-05-21,33.18562342461913,True
Kochi,2005,2005-05-22,32.77723743715311,True
Kochi,2005,2005-05-23,32.05039972786508,True
Kochi,2005,2005-05-24,31.928117828362407,True
Kochi,2005,2005-05-25,30.89897668446354,True
Kochi,2005,2005-05-26,31.386502485204478,True
Kochi,2005,2005-05-27,31.922608041663437,True
Kochi,2005,2005-05-28,31.83947270256135,True
Kochi,2005,2005-05-29,30.766072250951062,True
Kochi,2005,2005-05-30,30.951669994979643,True
Kochi,2005,2005-05-31,30.94021176929139,True
Kochi,2005,2005-06-01,31.634664834440905,True
Kochi,2005,2005-06-02,32.07791725236232,True
Kochi,2005,2005-06-03,31.58913758329818,True
Kochi,2005,2005-06-04,32.15329559427001,True
Kochi,2005,2005-06-05,32.14919854042534,True
Kochi,2005,2005-06-06,31.929969846484134,True
Kochi,2005,2005-06-07,32.04158486377587,True
Kochi,2005,2005-06-08,31.65656477420734,True
Kochi,2005,2005-06-09,31.797780467068435,True
Kochi,2005,2005-06-10,31.346635015231325,True
Kochi,2005,2005-06-11,31.210055317182913,True
Kochi,2005,2005-06-12,30.29361508675413,True
Kochi,2005,2005-06-13,30.1783140165641,True
Kochi,2005,2005-06-14,29.948593445760718,True
Kochi,2005,2005-06-15,29.59466029438442,True
Kochi,2005,2005-06-16,30.330883012641433,True
Kochi,2005,2005-06-17,29.682212623618838,True
Kochi,2005,2005-06-18,29.982255244767344,True
Kochi,2005,2005-06-19,31.246027718899274,True
Kochi,2005,2005-06-20,30.76221777922633,True
Kochi,2005,2005-06-21,30.755940214577027,True
Kochi,2005,2005-06-22,30.725304733524343,True
Kochi,2005,2005-06-23,30.672544395990258,True
Kochi,2005,2005-06-24,31.033529046044873,True
Kochi,2005,2005-06-25,30.726296752882835,True
Kochi,2005,2005-06-26,30.46985599417071,True
Kochi,2005,2005-06-27,29.99691887621614,True
Kochi,2005,2005-06-28,29.9034660362936,True
Kochi,2005,2005-06-29,30.348418256851833,True
Kochi,2005,2005-06-30,30.154262013044324,True
Kochi,2005,2005-07-01,30.393054941079928,True
Kochi,2005,2005-07-02,30.269337401391095,True
Kochi,2005,2005-07-03,30.00684854249498,True
Kochi,2005,2005-07-04,30.17249478729737,True
Kochi,2005,2005-07-05,30.185457853870517,True
Kochi,2005,2005-07-06,29.909526154540707,True
Kochi,2005,2005-07-07,30.03235617257658,True
Kochi,2005,2005-07-08,30.44942801330708,True
Kochi,2005,2005-07-09,30.215022191021937,True
Kochi,2005,2005-07-10,29.933612132115808,True
Kochi,2005,2005-07-11,30.248716787611144,True
Kochi,2005,2005-07-12,30.529795181955418,True
Kochi,2005,2005-07-13,30.599597780399936,True
Kochi,2005,2005-07-14,30.460098400525577,True
Kochi,2005,2005-07-15,30.12375004317404,True
Kochi,2005,2005-07-16,30.159998860892944,True
Kochi,2005,2005-07-17,30.089586703548797,True
Kochi,2005,2005-07-18,30.000407228112238,True
Kochi,2005,2005-07-19,29.74079972868657,True
Kochi,2005,2005-07-20,29.93922207305742,True
Kochi,2005,2005-07-21,30.055626904131728,True
Kochi,2005,2005-07-22,30.164965483045606,True
Kochi,2005,2005-07-23,30.42981325896348,True
Kochi,2005,2005-07-24,30.543267716901497,True
Kochi,2005,2005-07-25,30.447944809114613,True
Kochi,2005,2005-07-26,30.48979285744589,True
Kochi,2005,2005-07-27,30.591910870318163,True
Kochi,2005,2005-07-28,30.33770444077729,True
Kochi,2005,2005-07-29,30.46859588370253,True
Kochi,2005,2005-07-30,30.481330185237365,True
Kochi,2005,2005-07-31,30.506188335622912,True
Kochi,2005,2005-08-01,30.55933372935724,True
Kochi,2005,2005-08-02,30.675918367755163,True
Kochi,2005,2005-08-03,30.6948240521224,True
Kochi,2005,2005-08-04,30.203165258881047,True
Kochi,2005,2005-08-05,30.259853042288494,True
Kochi,2005,2005-08-06,29.992445324474545,True
Kochi,2005,2005-08-07,30.263925553691724,True
Kochi,2005,2005-08-08,30.245448624843625,True
Kochi,2005,2005-08-09,30.38310906636444,True
Kochi,2005,2005-08-10,30.052731961512837,True
Kochi,2005,2005-08-11,30.314063209089937,True
Kochi,2005,2005-08-12,30.049132374894505,True
Kochi,2005,2005-08-13,29.925093526676385,True
Kochi,2005,2005-08-14,30.554825496592738,True
Kochi,2005,2005-08-15,30.186734652321583,True
Kochi,2005,2005-08-16,30.046860562989377,True
Kochi,2005,2005-08-17,30.208073501860024,True
Kochi,2005,2005-08-18,29.99838753150039,True
Kochi,2005,2005-08-19,30.30497007816276,True
Kochi,2005,2005-08-20,30.210169384416258,True
Kochi,2005,2005-08-21,30.00265282130462,True
Kochi,2005,2005-08-22,30.34085184562005,True
Kochi,2005,2005-08-23,30.878072718246333,True
Kochi,2005,2005-08-24,30.052522507820072,True
Kochi,2005,2005-08-25,30.276546630758375,True
Kochi,2005,2005-08-26,30.697987869523967,True
Kochi,2005,2005-08-27,30.268566863993872,True
Kochi,2005,2005-08-28,30.50527553821333,True
Kochi,2005,2005-08-29,30.670857032395993,True
Kochi,2005,2005-08-30,30.83908380982095,True
Kochi,2005,2005-08-31,30.620056519313174,True
Kochi,2005,2005-09-01,30.78879374079502,True
Kochi,2005,2005-09-02,30.35198016731961,True
Kochi,2005,2005-09-03,30.39061657404304,True
Kochi,2005,2005-09-04,30.647341919363612,True
Kochi,2005,2005-09-05,30.193380089636065,True
Kochi,2005,2005-09-06,29.92304347492071,True
Kochi,2005,2005-09-07,29.912457856848185,True
Kochi,2005,2005-09-08,30.583127242341778,True
Kochi,2005,2005-09-09,30.334295070824574,True
Kochi,2005,2005-09-10,30.857948118534495,True
Kochi,2005,2005-09-11,31.434013285470197,True
Kochi,2005,2005-09-12,31.781776277244866,True
Kochi,2005,2005-09-13,31.4923343269413,True
Kochi,2005,2005-09-14,31.225731952831477,True
Kochi,2005,2005-09-15,30.991175164480943,True
Kochi,2005,2005-09-16,31.196776494148164,True
Kochi,2005,2005-09-17,31.47767258634843,True
Kochi,2005,2005-09-18,30.650851228690478,True
Kochi,2005,2005-09-19,30.92035458106748,True
Kochi,2005,2005-09-20,30.60676920837983,True
Kochi,2005,2005-09-21,31.223415390017987,True
Kochi,2005,2005-09-22,30.851184259294172,True
Kochi,2005,2005-09-23,30.910649933890976,True
Kochi,2005,2005-09-24,31.150442172715724,True
Kochi,2005,2005-09-25,31.198969635752444,True
Kochi,2005,2005-09-26,31.66681373873887,True
Kochi,2005,2005-09-27,32.1725199942463,True
Kochi,2005,2005-09-28,32.38970242892571,True
Kochi,2005,2005-09-29,32.39939733841296,True
Kochi,2005,2005-09-30,32.04264554677374,True
Kochi,2005,2005-10-01,32.416933596364686,True
Kochi,2005,2005-10-02,32.145324581527696,True
Kochi,2005,2005-10-03,32.365115987215574,True
Kochi,2005,2005-10-04,32.39959021429659,True
Kochi,2005,2005-10-05,32.59914408636033,True
Kochi,2005,2005-10-06,32.32284793149777,True
Kochi,2005,2005-10-07,31.597541383488384,True
Kochi,2005,2005-10-08,32.02104665461949,True
Kochi,2005,2005-10-09,31.628629104901744,True
Kochi,2005,2005-10-10,32.00127599200131,True
Kochi,2005,2005-10-11,32.030436087120904,True
Kochi,2005,2005-10-12,32.5622226512759,True
Kochi,2005,2005-10-13,32.732379609867806,True
Kochi,2005,2005-10-14,32.652196403638186,True
Kochi,2005,2005-10-15,33.01778461635049,True
Kochi,2005,2005-10-16,33.2773141796719,True
Kochi,2005,2005-10-17,33.26356782203355,True
Kochi,2005,2005-10-18,32.23545340784044,True
Kochi,2005,2005-10-19,32.47856944882468,True
Kochi,2005,2005-10-20,32.088159263014475,True
Kochi,2005,2005-10-21,33.25744318309798,True
Kochi,2005,2005-10-22,32.371971006817105,True
Kochi,2005,2005-10-23,33.19460701553615,True
Kochi,2005,2005-10-24,33.511754518607965,True
Kochi,2005,2005-10-25,33.54089090133956,True
Kochi,2005,2005-10-26,31.802957966736738,True
Kochi,2005,2005-10-27,32.211724134641415,True
Kochi,2005,2005-10-28,31.970396866282005,True
Kochi,2005,2005-10-29,31.886395525350547,True
Kochi,2005,2005-10-30,32.13009285747322,True
Kochi,2005,2005-10-31,32.058511055084196,True
Kochi,2005,2005-11-01,33.19846835909953,True
Kochi,2005,2005-11-02,32.444077395046314,True
Kochi,2005,2005-11-03,31.99222527786888,True
Kochi,2005,2005-11-04,32.827932631237346,True
Kochi,2005,2005-11-05,32.09063254489112,True
Kochi,2005,2005-11-06,32.6722581578253,True
Kochi,2005,2005-11-07,33.34171673479856,True
Kochi,2005,2005-11-08,33.69205942014894,True
Kochi,2005,2005-11-09,32.54392696296396,True
Kochi,2005,2005-11-10,31.900840897738842,True
Kochi,2005,2005-11-11,30.52664630035829,True
Kochi,2005,2005-11-12,31.217121528898048,True
Kochi,2005,2005-11-13,31.956449077160453,True
Kochi,2005,2005-11-14,32.643230043412714,True
Kochi,2005,2005-11-15,33.48951285650517,True
Kochi,2005,2005-11-16,33.39639318748726,True
Kochi,2005,2005-11-17,32.67719688418864,True
Kochi,2005,2005-11-18,32.725208823717324,True
Kochi,2005,2005-11-19,32.59614667322927,True
Kochi,2005,2005-11-20,32.11842007783998,True
Kochi,2005,2005-11-21,31.335333029334425,True
Kochi,2005,2005-11-22,31.260423417685455,True
Kochi,2005,2005-11-23,32.40753278692262,True
Kochi,2005,2005-11-24,31.84779603133763,True
Kochi,2005,2005-11-25,31.23716346829202,True
Kochi,2005,2005-11-26,30.429555073868993,True
Kochi,2005,2005-11-27,31.612985531341227,True
Kochi,2005,2005-11-28,31.742728801665073,True
Kochi,2005,2005-11-29,32.163386836838384,True
Kochi,2005,2005-11-30,32.18864775824398,True
Kochi,2005,2005-12-01,32.46352961056955,True
Kochi,2005,2005-12-02,32.626441436098894,True
Kochi,2005,2005-12-03,32.20730955923058,True
Kochi,2005,2005-12-04,32.51989902472718,True
Kochi,2005,2005-12-05,31.793076073922233,True
Kochi,2005,2005-12-06,29.886800843326952,True
Kochi,2005,2005-12-07,29.872644079116604,True
Kochi,2005,2005-12-08,31.550341331129037,True
Kochi,2005,2005-12-09,31.379181294540153,True
Kochi,2005,2005-12-10,32.57315755372322,True
Kochi,2005,2005-12-11,31.75915133872191,True
Kochi,2005,2005-12-12,32.74086171506725,True
Kochi,2005,2005-12-13,31.116341279396835,True
Kochi,2005,2005-12-14,30.930173156444845,True
Kochi,2005,2005-12-15,31.82764862196221,True
Kochi,2005,2005-12-16,31.354169963250158,True
Kochi,2005,2005-12-17,30.998025119090336,True
Kochi,2005,2005-12-18,30.907445622000676,True
Kochi,2005,2005-12-19,31.38233202617215,True
Kochi,2005,2005-12-20,31.65861572456774,True
Kochi,2005,2005-12-21,31.75913825484713,True
Kochi,2005,2005-12-22,31.861924048812387,True
Kochi,2005,2005-12-23,31.92909651000054,True
Kochi,2005,2005-12-24,31.595024179977365,True
Kochi,2005,2005-12-25,31.90662692901467,True
Kochi,2005,2005-12-26,31.51938752035571,True
Kochi,2005,2005-12-27,30.876672987741248,True
Kochi,2005,2005-12-28,30.742034294135625,True
Kochi,2005,2005-12-29,31.37332205078462,True
Kochi,2005,2005-12-30,29.442450954654326,True
Kochi,2005,2005-12-31,29.72511649530893,True
Kochi,2007,2007-01-01,29.223751400027954,True
Kochi,2007,2007-01-02,29.141774770947222,True
Kochi,2007,2007-01-03,29.15410621426544,True
Kochi,2007,2007-01-04,30.082999200027402,True
Kochi,2007,2007-01-05,29.417284912951825,True
Kochi,2007,2007-01-06,28.50411097362708,True
Kochi,2007,2007-01-07,28.728005163505237,True
Kochi,2007,2007-01-08,30.08681430427012,True
Kochi,2007,2007-01-09,30.520323525136277,True
Kochi,2007,2007-01-10,30.931893557765097,True
Kochi,2007,2007-01-11,32.0188729958721,True
Kochi,2007,2007-01-12,30.645793051056692,True
Kochi,2007,2007-01-13,30.67439870442566,True
Kochi,2007,2007-01-14,28.853564678723387,True
Kochi,2007,2007-01-15,28.011392912855236,True
Kochi,2007,2007-01-16,29.28585548610564,True
Kochi,2007,2007-01-17,29.84766351059025,True
Kochi,2007,2007-01-18,29.772195015147798,True
Kochi,2007,2007-01-19,29.915866463361425,True
Kochi,2007,2007-01-20,29.86926755800777,True
Kochi,2007,2007-01-21,29.57264206631591,True
Kochi,2007,2007-01-22,29.406786746812106,True
Kochi,2007,2007-01-23,29.906676494029497,True
Kochi,2007,2007-01-24,30.17080280523531,True
Kochi,2007,2007-01-25,30.791644397053386,True
Kochi,2007,2007-01-26,30.94751170779268,True
Kochi,2007,2007-01-27,30.094252947680506,True
Kochi,2007,2007-01-28,30.36174699895482,True
Kochi,2007,2007-01-29,29.85426235287975,True
Kochi,2007,2007-01-30,30.723187954309104,True
Kochi,2007,2007-01-31,32.00705132829051,True
Kochi,2007,2007-02-01,31.07711661021646,True
Kochi,2007,2007-02-02,31.19704287409444,True
Kochi,2007,2007-02-03,30.92366211454049,True
Kochi,2007,2007-02-04,31.043047126880026,True
Kochi,2007,2007-02-05,31.194981684057687,True
Kochi,2007,2007-02-06,31.099401400373935,True
Kochi,2007,2007-02-07,31.43544810119108,True
Kochi,2007,2007-02-08,31.088242382643358,True
Kochi,2007,2007-02-09,31.249284792529483,True
Kochi,2007,2007-02-10,31.404709932000433,True
Kochi,2007,2007-02-11,32.01884836840718,True
Kochi,2007,2007-02-12,32.238488033520234,True
Kochi,2007,2007-02-13,32.10348573548383,True
Kochi,2007,2007-02-14,32.0400559371634,True
Kochi,2007,2007-02-15,32.36428068996632,True
Kochi,2007,2007-02-16,30.400381238286144,True
Kochi,2007,2007-02-17,30.40679092673381,True
Kochi,2007,2007-02-18,31.00277394930393,True
Kochi,2007,2007-02-19,30.56860381492056,True
Kochi,2007,2007-02-20,31.10855511882047,True
Kochi,2007,2007-02-21,32.20821099523033,True
Kochi,2007,2007-02-22,32.04582989953807,True
Kochi,2007,2007-02-23,31.7847680019147,True
Kochi,2007,2007-02-24,31.3549143513278,True
Kochi,2007,2007-02-25,31.24904409674586,True
Kochi,2007,2007-02-26,30.620830065136833,True
Kochi,2007,2007-02-27,30.214612209851065,True
Kochi,2007,2007-02-28,30.388215233450804,True
Kochi,2007,2007-03-01,31.234760798058154,True
Kochi,2007,2007-03-02,32.06364098018042,True
Kochi,2007,2007-03-03,31.446320721625657,True
Kochi,2007,2007-03-04,31.580524030444067,True
Kochi,2007,2007-03-05,31.634658463058933,True
Kochi,2007,2007-03-06,31.482183991793566,True
Kochi,2007,2007-03-07,30.761123937343,True
Kochi,2007,2007-03-08,32.072082654588115,True
Kochi,2007,2007-03-09,32.33084964286269,True
Kochi,2007,2007-03-10,32.0141597971035,True
Kochi,2007,2007-03-11,31.548474428605083,True
Kochi,2007,2007-03-12,32.235673176790215,True
Kochi,2007,2007-03-13,32.33527927144995,True
Kochi,2007,2007-03-14,32.24802182584731,True
Kochi,2007,2007-03-15,32.235808426020796,True
Kochi,2007,2007-03-16,32.601922267738004,True
Kochi,2007,2007-03-17,32.12948314959859,True
Kochi,2007,2007-03-18,33.68040360191027,True
Kochi,2007,2007-03-19,34.08347176749216,True
Kochi,2007,2007-03-20,33.08545825733096,True
Kochi,2007,2007-03-21,31.892479941291068,True
Kochi,2007,2007-03-22,31.995824311701895,True
Kochi,2007,2007-03-23,32.75528110511366,True
Kochi,2007,2007-03-24,32.73046759222242,True
Kochi,2007,2007-03-25,34.354248801593485,True
Kochi,2007,2007-03-26,33.82440523126468,True
Kochi,2007,2007-03-27,34.05702551086536,True
Kochi,2007,2007-03-28,33.07976217802836,True
Kochi,2007,2007-03-29,33.98720107469341,True
Kochi,2007,2007-03-30,32.5602278375664,True
Kochi,2007,2007-03-31,30.81933840926261,True
Kochi,2007,2007-04-01,31.736621951715872,True
Kochi,2007,2007-04-02,31.662743774703287,True
Kochi,2007,2007-04-03,31.004119303033125,True
Kochi,2007,2007-04-04,30.235037556260956,True
Kochi,2007,2007-04-05,30.263323855798113,True
Kochi,2007,2007-04-06,31.229797250599223,True
Kochi,2007,2007-04-07,31.816687503895437,True
Kochi,2007,2007-04-08,32.80975759846721,True
Kochi,2007,2007-04-09,33.03975900137521,True
Kochi,2007,2007-04-10,32.41861129236667,True
Kochi,2007,2007-04-11,33.33954316362992,True
Kochi,2007,2007-04-12,32.64868718026039,True
Kochi,2007,2007-04-13,32.00533259659494,True
Kochi,2007,2007-04-14,32.636177228020024,True
Kochi,2007,2007-04-15,32.55288496164502,True
Kochi,2007,2007-04-16,32.913863875219064,True
Kochi,2007,2007-04-17,31.783208201502788,True
Kochi,2007,2007-04-18,31.78435194440572,True
Kochi,2007,2007-04-19,32.53421843247783,True
Kochi,2007,2007-04-20,32.205299100983936,True
Kochi,2007,2007-04-21,31.835043381083405,True
Kochi,2007,2007-04-22,31.80552368115051,True
Kochi,2007,2007-04-23,31.692061286927675,True
Kochi,2007,2007-04-24,31.900416246998603,True
Kochi,2007,2007-04-25,31.32123158290702,True
Kochi,2007,2007-04-26,30.98331988043314,True
Kochi,2007,2007-04-27,31.369096617368193,True
Kochi,2007,2007-04-28,31.328878780373596,True
Kochi,2007,2007-04-29,31.083857689748047,True
Kochi,2007,2007-04-30,31.90417403321567,True
Kochi,2007,2007-05-01,31.354900257019647,True
Kochi,2007,2007-05-02,31.24792761715478,True
Kochi,2007,2007-05-03,31.928416311126007,True
Kochi,2007,2007-05-04,32.606504723195265,True
Kochi,2007,2007-05-05,32.3782319808332,True
Kochi,2007,2007-05-06,32.04001140183887,True
Kochi,2007,2007-05-07,32.48013597302247,True
Kochi,2007,2007-05-08,32.92875369664963,True
Kochi,2007,2007-05-09,32.905340755484964,True
Kochi,2007,2007-05-10,31.867856120742733,True
Kochi,2007,2007-05-11,31.607521257239462,True
Kochi,2007,2007-05-12,30.663634770150267,True
Kochi,2007,2007-05-13,30.500041931895176,True
Kochi,2007,2007-05-14,30.1857869484186,True
Kochi,2007,2007-05-15,30.8106707585101,True
Kochi,2007,2007-05-16,31.246671097390706,True
Kochi,2007,2007-05-17,31.15738888716422,True
Kochi,2007,2007-05-18,31.777649124151697,True
Kochi,2007,2007-05-19,32.278725102409204,True
Kochi,2007,2007-05-20,32.70889816942708,True
Kochi,2007,2007-05-21,31.141210299905833,True
Kochi,2007,2007-05-22,30.016139445883223,True
Kochi,2007,2007-05-23,29.801059189701494,True
Kochi,2007,2007-05-24,30.10258351195044,True
Kochi,2007,2007-05-25,30.653224718023857,True
Kochi,2007,2007-05-26,30.944349168410092,True
Kochi,2007,2007-05-27,30.86213590232905,True
Kochi,2007,2007-05-28,31.30119974382547,True
Kochi,2007,2007-05-29,31.79935664946902,True
Kochi,2007,2007-05-30,30.348864040686486,True
Kochi,2007,2007-05-31,30.61095086572898,True
Kochi,2007,2007-06-01,30.719205439441108,True
Kochi,2007,2007-06-02,31.166114486776316,True
Kochi,2007,2007-06-03,30.40138679747282,True
Kochi,2007,2007-06-04,30.045862467015066,True
Kochi,2007,2007-06-05,30.14856864763638,True
Kochi,2007,2007-06-06,30.153091695859306,True
Kochi,2007,2007-06-07,30.06035626131147,True
Kochi,2007,2007-06-08,29.26520103500966,True
Kochi,2007,2007-06-09,28.792408427524016,True
Kochi,2007,2007-06-10,29.22956281778731,True
Kochi,2007,2007-06-11,29.886379777564056,True
Kochi,2007,2007-06-12,30.406994110392567,True
Kochi,2007,2007-06-13,30.70125884990211,True
Kochi,2007,2007-06-14,30.509408578985823,True
Kochi,2007,2007-06-15,30.277938389594922,True
Kochi,2007,2007-06-16,30.13268342291855,True
Kochi,2007,2007-06-17,29.99131707448673,True
Kochi,2007,2007-06-18,29.961768889845278,True
Kochi,2007,2007-06-19,29.809020615157472,True
Kochi,2007,2007-06-20,29.7139097493761,True
Kochi,2007,2007-06-21,30.146030313751453,True
Kochi,2007,2007-06-22,30.3503365134422,True
Kochi,2007,2007-06-23,30.194337046785833,True
Kochi,2007,2007-06-24,29.856513880460295,True
Kochi,2007,2007-06-25,29.633550323162403,True
Kochi,2007,2007-06-26,29.70534469608352,True
Kochi,2007,2007-06-27,29.784253522957727,True
Kochi,2007,2007-06-28,29.499015037492953,True
Kochi,2007,2007-06-29,29.543827600080952,True
Kochi,2007,2007-06-30,30.081838380224436,True
Kochi,2007,2007-07-01,30.150614418375824,True
Kochi,2007,2007-07-02,30.500451831706915,True
Kochi,2007,2007-07-03,29.777508784733296,True
Kochi,2007,2007-07-04,29.467789282897552,True
Kochi,2007,2007-07-05,29.452267939489083,True
Kochi,2007,2007-07-06,29.203888206995163,True
Kochi,2007,2007-07-07,29.720549632953745,True
Kochi,2007,2007-07-08,29.738909985083456,True
Kochi,2007,2007-07-09,29.815634990927194,True
Kochi,2007,2007-07-10,30.347859176260805,True
Kochi,2007,2007-07-11,30.374591987799256,True
Kochi,2007,2007-07-12,29.595345104274998,True
Kochi,2007,2007-07-13,29.23249838722265,True
Kochi,2007,2007-07-14,29.595130285720995,True
Kochi,2007,2007-07-15,29.385998655906057,True
Kochi,2007,2007-07-16,29.360251990119686,True
Kochi,2007,2007-07-17,29.640660316589457,True
Kochi,2007,2007-07-18,29.480043840804168,True
Kochi,2007,2007-07-19,29.454691143272676,True
Kochi,2007,2007-07-20,29.720888478565833,True
Kochi,2007,2007-07-21,29.9784809594646,True
Kochi,2007,2007-07-22,29.850071990269107,True
Kochi,2007,2007-07-23,29.417608640237507,True
Kochi,2007,2007-07-24,29.583128191513797,True
Kochi,2007,2007-07-25,29.786490655785823,True
Kochi,2007,2007-07-26,29.843696235615113,True
Kochi,2007,2007-07-27,29.830332185499174,True
Kochi,2007,2007-07-28,29.619766353104605,True
Kochi,2007,2007-07-29,29.651121097545225,True
Kochi,2007,2007-07-30,29.993387144022464,True
Kochi,2007,2007-07-31,29.70130888571235,True
Kochi,2007,2007-08-01,29.155012331231376,True
Kochi,2007,2007-08-02,29.2901249253253,True
Kochi,2007,2007-08-03,29.134845301370273,True
Kochi,2007,2007-08-04,29.62096802515155,True
Kochi,2007,2007-08-05,30.2473354400871,True
Kochi,2007,2007-08-06,29.999779525298305,True
Kochi,2007,2007-08-07,29.93568508671703,True
Kochi,2007,2007-08-08,30.401297513017628,True
Kochi,2007,2007-08-09,30.04290720994824,True
Kochi,2007,2007-08-10,29.964604171001753,True
Kochi,2007,2007-08-11,29.74222942977911,True
Kochi,2007,2007-08-12,29.448528623313226,True
Kochi,2007,2007-08-13,29.655388312321147,True
Kochi,2007,2007-08-14,29.45282415747418,True
Kochi,2007,2007-08-15,29.35627720459104,True
Kochi,2007,2007-08-16,29.681317941847546,True
Kochi,2007,2007-08-17,30.018685970822997,True
Kochi,2007,2007-08-18,29.779228536056607,True
Kochi,2007,2007-08-19,29.610499309471077,True
Kochi,2007,2007-08-20,29.832589099987953,True
Kochi,2007,2007-08-21,30.251233374607438,True
Kochi,2007,2007-08-22,30.77139964750112,True
Kochi,2007,2007-08-23,29.906599513961712,True
Kochi,2007,2007-08-24,30.557487183630535,True
Kochi,2007,2007-08-25,30.67245298402827,True
Kochi,2007,2007-08-26,30.196663755201712,True
Kochi,2007,2007-08-27,30.02720643215263,True
Kochi,2007,2007-08-28,29.827398822506083,True
Kochi,2007,2007-08-29,30.30805596753776,True
Kochi,2007,2007-08-30,30.154140828776853,True
Kochi,2007,2007-08-31,30.287044464690744,True
Kochi,2007,2007-09-01,30.401013330745673,True
Kochi,2007,2007-09-02,30.69357615494953,True
Kochi,2007,2007-09-03,30.165858607091383,True
Kochi,2007,2007-09-04,29.93294603205726,True
Kochi,2007,2007-09-05,30.794169544836354,True
Kochi,2007,2007-09-06,31.42991798073973,True
Kochi,2007,2007-09-07,31.630514069339426,True
Kochi,2007,2007-09-08,31.74120528013629,True
Kochi,2007,2007-09-09,30.85301657664883,True
Kochi,2007,2007-09-10,30.375120984473945,True
Kochi,2007,2007-09-11,29.96796518596276,True
Kochi,2007,2007-09-12,30.826349248087354,True
Kochi,2007,2007-09-13,30.425970578520197,True
Kochi,2007,2007-09-14,30.167524482934596,True
Kochi,2007,2007-09-15,30.245235973930487,True
Kochi,2007,2007-09-16,30.6791296640865,True
Kochi,2007,2007-09-17,31.51129491829999,True
Kochi,2007,2007-09-18,31.069556962241627,True
Kochi,2007,2007-09-19,31.066242987615578,True
Kochi,2007,2007-09-20,31.368419510693233,True
Kochi,2007,2007-09-21,31.233693000069774,True
Kochi,2007,2007-09-22,31.93187866808732,True
Kochi,2007,2007-09-23,31.853225783592777,True
Kochi,2007,2007-09-24,31.594998140296862,True
Kochi,2007,2007-09-25,31.184802570970195,True
Kochi,2007,2007-09-26,31.213621614926183,True
Kochi,2007,2007-09-27,31.530348189781773,True
Kochi,2007,2007-09-28,31.311261281346013,True
Kochi,2007,2007-09-29,30.622050166510764,True
Kochi,2007,2007-09-30,30.878370478656215,True
Kochi,2007,2007-10-01,30.507146499321475,True
Kochi,2007,2007-10-02,31.270322055033695,True
Kochi,2007,2007-10-03,32.79623995324161,True
Kochi,2007,2007-10-04,33.68436893225427,True
Kochi,2007,2007-10-05,33.65528641352818,True
Kochi,2007,2007-10-06,32.28479584592894,True
Kochi,2007,2007-10-07,33.137181993899944,True
Kochi,2007,2007-10-08,33.81380491059042,True
Kochi,2007,2007-10-09,34.01835671971424,True
Kochi,2007,2007-10-10,33.01277872855568,True
Kochi,2007,2007-10-11,33.22812637574112,True
Kochi,2007,2007-10-12,33.09809980913191,True
Kochi,2007,2007-10-13,32.75483782397799,True
Kochi,2007,2007-10-14,32.75946169345738,True
Kochi,2007,2007-10-15,33.7536649541739,True
Kochi,2007,2007-10-16,32.949041352311724,True
Kochi,2007,2007-10-17,32.18422760781715,True
Kochi,2007,2007-10-18,31.272420995739946,True
Kochi,2007,2007-10-19,31.745832848603914,True
Kochi,2007,2007-10-20,32.484140287395576,True
Kochi,2007,2007-10-21,31.495539611870484,True
Kochi,2007,2007-10-22,31.921881970014894,True
Kochi,2007,2007-10-23,32.88477555917084,True
Kochi,2007,2007-10-24,33.009472614739515,True
Kochi,2007,2007-10-25,31.700475224854717,True
Kochi,2007,2007-10-26,31.4813762849774,True
Kochi,2007,2007-10-27,31.88784855020809,True
Kochi,2007,2007-10-28,32.13074435236992,True
Kochi,2007,2007-10-29,32.70960252996184,True
Kochi,2007,2007-10-30,32.69856845513115,True
Kochi,2007,2007-10-31,32.35635533605875,True
Kochi,2007,2007-11-01,31.874924152341837,True
Kochi,2007,2007-11-02,31.15578025424375,True
Kochi,2007,2007-11-03,30.962909245651193,True
Kochi,2007,2007-11-04,30.970856702444035,True
Kochi,2007,2007-11-05,30.871683516087344,True
Kochi,2007,2007-11-06,31.43114690898682,True
Kochi,2007,2007-11-07,31.342058275956823,True
Kochi,2007,2007-11-08,31.586016895694154,True
Kochi,2007,2007-11-09,31.926971575180538,True
Kochi,2007,2007-11-10,30.227098518039302,True
Kochi,2007,2007-11-11,31.39614532387525,True
Kochi,2007,2007-11-12,32.15538176529295,True
Kochi,2007,2007-11-13,32.04752094754436,True
Kochi,2007,2007-11-14,31.62568401268704,True
Kochi,2007,2007-11-15,29.430250067334367,True
Kochi,2007,2007-11-16,30.588128802786823,True
Kochi,2007,2007-11-17,30.301837882288005,True
Kochi,2007,2007-11-18,30.877476744205378,True
Kochi,2007,2007-11-19,32.355814354680454,True
Kochi,2007,2007-11-20,32.22165606025318,True
Kochi,2007,2007-11-21,30.605228087136638,True
Kochi,2007,2007-11-22,31.00087283117987,True
Kochi,2007,2007-11-23,31.492308719862788,True
Kochi,2007,2007-11-24,31.128639359026344,True
Kochi,2007,2007-11-25,30.90055113688618,True
Kochi,2007,2007-11-26,31.78937955760546,True
Kochi,2007,2007-11-27,32.55331380410558,True
Kochi,2007,2007-11-28,32.78758189681742,True
Kochi,2007,2007-11-29,32.083095085036156,True
Kochi,2007,2007-11-30,31.166030861723744,True
Kochi,2007,2007-12-01,30.438332214063518,True
Kochi,2007,2007-12-02,29.83562167273949,True
Kochi,2007,2007-12-03,30.5378083107019,True
Kochi,2007,2007-12-04,31.19019995704923,True
Kochi,2007,2007-12-05,31.46084606257281,True
Kochi,2007,2007-12-06,31.369960077997437,True
Kochi,2007,2007-12-07,31.081293631304383,True
Kochi,2007,2007-12-08,31.04999007259778,True
Kochi,2007,2007-12-09,30.39146903692291,True
Kochi,2007,2007-12-10,31.352147947794844,True
Kochi,2007,2007-12-11,31.637603361861107,True
Kochi,2007,2007-12-12,31.019222907945203,True
Kochi,2007,2007-12-13,30.628703549619008,True
Kochi,2007,2007-12-14,30.55615889967129,True
Kochi,2007,2007-12-15,30.71538916972766,True
Kochi,2007,2007-12-16,31.08342454097563,True
Kochi,2007,2007-12-17,31.509149276340683,True
Kochi,2007,2007-12-18,31.2696155722344,True
Kochi,2007,2007-12-19,31.515360378513094,True
Kochi,2007,2007-12-20,30.195355986509224,True
Kochi,2007,2007-12-21,29.65694767921848,True
Kochi,2007,2007-12-22,29.895360889309362,True
Kochi,2007,2007-12-23,29.65201263178753,True
Kochi,2007,2007-12-24,28.911596426383543,True
Kochi,2007,2007-12-25,29.619041720493758,True
Kochi,2007,2007-12-26,29.869661888047027,True
Kochi,2007,2007-12-27,29.64603601085234,True
Kochi,2007,2007-12-28,29.45496551794901,True
Kochi,2007,2007-12-29,29.977582207412453,True
Kochi,2007,2007-12-30,30.23750974937859,True
Kochi,2007,2007-12-31,31.058013873711783,True
Kochi,2009,2009-01-01,29.692797226281495,True
Kochi,2009,2009-01-02,29.86690918766033,True
Kochi,2009,2009-01-03,29.51956780832246,True
Kochi,2009,2009-01-04,29.413472439317477,True
Kochi,2009,2009-01-05,29.59422920669528,True
Kochi,2009,2009-01-06,29.38758308646212,True
Kochi,2009,2009-01-07,29.18675245906966,True
Kochi,2009,2009-01-08,28.807179219068733,True
Kochi,2009,2009-01-09,29.227829377869497,True
Kochi,2009,2009-01-10,29.190517562791367,True
Kochi,2009,2009-01-11,29.71155515300226,True
Kochi,2009,2009-01-12,30.310402910373785,True
Kochi,2009,2009-01-13,30.506522495049087,True
Kochi,2009,2009-01-14,31.097635992890364,True
Kochi,2009,2009-01-15,31.356179660168564,True
Kochi,2009,2009-01-16,31.081676885979974,True
Kochi,2009,2009-01-17,30.693862955718473,True
Kochi,2009,2009-01-18,30.364755638872968,True
Kochi,2009,2009-01-19,30.65959432184729,True
Kochi,2009,2009-01-20,30.64220007546203,True
Kochi,2009,2009-01-21,30.535863179882508,True
Kochi,2009,2009-01-22,30.915648777853416,True
Kochi,2009,2009-01-23,31.23989310608048,True
Kochi,2009,2009-01-24,32.037002377873016,True
Kochi,2009,2009-01-25,31.89556189847128,True
Kochi,2009,2009-01-26,31.23243074582493,True
Kochi,2009,2009-01-27,30.56384921239596,True
Kochi,2009,2009-01-28,30.445362079837984,True
Kochi,2009,2009-01-29,31.2451505819352,True
Kochi,2009,2009-01-30,30.409202116983064,True
Kochi,2009,2009-01-31,30.392667671175534,True
Kochi,2009,2009-02-01,31.193572784471783,True
Kochi,2009,2009-02-02,31.497687815748044,True
Kochi,2009,2009-02-03,30.911484816954516,True
Kochi,2009,2009-02-04,30.666911382655446,True
Kochi,2009,2009-02-05,31.185400589602445,True
Kochi,2009,2009-02-06,32.384620389130205,True
Kochi,2009,2009-02-07,31.91922561911514,True
Kochi,2009,2009-02-08,31.37961411165078,True
Kochi,2009,2009-02-09,30.241671673857773,True
Kochi,2009,2009-02-10,29.79283110348032,True
Kochi,2009,2009-02-11,30.32581376983853,True
Kochi,2009,2009-02-12,31.13790465135195,True
Kochi,2009,2009-02-13,32.44813167698835,True
Kochi,2009,2009-02-14,32.473599674385746,True
Kochi,2009,2009-02-15,32.753723975368395,True
Kochi,2009,2009-02-16,32.46459758588871,True
Kochi,2009,2009-02-17,31.346224042210512,True
Kochi,2009,2009-02-18,30.69513477565725,True
Kochi,2009,2009-02-19,29.69041269167724,True
Kochi,2009,2009-02-20,29.737263211528717,True
Kochi,2009,2009-02-21,30.634306341852454,True
Kochi,2009,2009-02-22,31.483479678339563,True
Kochi,2009,2009-02-23,31.597611458367904,True
Kochi,2009,2009-02-24,31.228114699320283,True
Kochi,2009,2009-02-25,31.33831206610856,True
Kochi,2009,2009-02-26,31.44540578853071,True
Kochi,2009,2009-02-27,32.196547421237824,True
Kochi,2009,2009-02-28,31.92048362774284,True
Kochi,2009,2009-03-01,30.852009879340525,True
Kochi,2009,2009-03-02,32.15246981912186,True
Kochi,2009,2009-03-03,29.04978334873757,True
Kochi,2009,2009-03-04,27.33890797379154,True
Kochi,2009,2009-03-05,29.49311042199441,True
Kochi,2009,2009-03-06,31.049497083451005,True
Kochi,2009,2009-03-07,30.741400851900636,True
Kochi,2009,2009-03-08,31.10910752059395,True
Kochi,2009,2009-03-09,32.14210332104875,True
Kochi,2009,2009-03-10,32.303323206906235,True
Kochi,2009,2009-03-11,33.28247830593035,True
Kochi,2009,2009-03-12,33.729448946094216,True
Kochi,2009,2009-03-13,33.009724142386276,True
Kochi,2009,2009-03-14,33.79095063281533,True
Kochi,2009,2009-03-15,33.677757537089235,True
Kochi,2009,2009-03-16,33.2559211946537,True
Kochi,2009,2009-03-17,33.628744262796744,True
Kochi,2009,2009-03-18,33.908982992333044,True
Kochi,2009,2009-03-19,33.06933116576329,True
Kochi,2009,2009-03-20,33.45155216928564,True
Kochi,2009,2009-03-21,32.979585629575155,True
Kochi,2009,2009-03-22,32.81187094351347,True
Kochi,2009,2009-03-23,32.75285861740032,True
Kochi,2009,2009-03-24,32.802736005739234,True
Kochi,2009,2009-03-25,33.075006913030755,True
Kochi,2009,2009-03-26,33.462186688293535,True
Kochi,2009,2009-03-27,33.03268899181197,True
Kochi,2009,2009-03-28,32.852150818017655,True
Kochi,2009,2009-03-29,34.92807338586799,True
Kochi,2009,2009-03-30,36.02277038027805,True
Kochi,2009,2009-03-31,35.04508882069018,True
Kochi,2009,2009-04-01,33.52409946583031,True
Kochi,2009,2009-04-02,32.75163848958543,True
Kochi,2009,2009-04-03,33.45520432011014,True
Kochi,2009,2009-04-04,33.62313222506821,True
Kochi,2009,2009-04-05,33.91994871441922,True
Kochi,2009,2009-04-06,33.147914486090656,True
Kochi,2009,2009-04-07,32.63622006179679,True
Kochi,2009,2009-04-08,33.21969927610707,True
Kochi,2009,2009-04-09,32.64059964603875,True
Kochi,2009,2009-04-10,34.241594706882736,True
Kochi,2009,2009-04-11,33.90613542849206,True
Kochi,2009,2009-04-12,33.20072535831522,True
Kochi,2009,2009-04-13,33.67917851804121,True
Kochi,2009,2009-04-14,32.92498235284108,True
Kochi,2009,2009-04-15,32.994564775053085,True
Kochi,2009,2009-04-16,32.734160425258885,True
Kochi,2009,2009-04-17,32.900996288145514,True
Kochi,2009,2009-04-18,34.86408294241174,True
Kochi,2009,2009-04-19,34.963048200945146,True
Kochi,2009,2009-04-20,33.23667443116818,True
Kochi,2009,2009-04-21,32.02803356509449,True
Kochi,2009,2009-04-22,32.38152008491576,True
Kochi,2009,2009-04-23,32.46167810367161,True
Kochi,2009,2009-04-24,32.71428547867639,True
Kochi,2009,2009-04-25,32.62125668443546,True
Kochi,2009,2009-04-26,32.228289983431296,True
Kochi,2009,2009-04-27,31.983909253763116,True
Kochi,2009,2009-04-28,32.67265738380361,True
Kochi,2009,2009-04-29,33.177771190110874,True
Kochi,2009,2009-04-30,32.320382740245705,True
Kochi,2009,2009-05-01,31.806280082424955,True
Kochi,2009,2009-05-02,32.55767798307044,True
Kochi,2009,2009-05-03,33.716263113963585,True
Kochi,2009,2009-05-04,33.0902145920729,True
Kochi,2009,2009-05-05,33.2666393422025,True
Kochi,2009,2009-05-06,33.20486519295152,True
Kochi,2009,2009-05-07,33.443374879078796,True
Kochi,2009,2009-05-08,32.337119421344845,True
Kochi,2009,2009-05-09,32.965215870845945,True
Kochi,2009,2009-05-10,33.974969889213305,True
Kochi,2009,2009-05-11,33.73608257272044,True
Kochi,2009,2009-05-12,32.906371537621354,True
Kochi,2009,2009-05-13,32.66914905969115,True
Kochi,2009,2009-05-14,33.00269530757907,True
Kochi,2009,2009-05-15,32.99044594571704,True
Kochi,2009,2009-05-16,33.32576928608561,True
Kochi,2009,2009-05-17,32.57477028408848,True
Kochi,2009,2009-05-18,32.6118823603112,True
Kochi,2009,2009-05-19,32.54539919448674,True
Kochi,2009,2009-05-20,32.92700493526186,True
Kochi,2009,2009-05-21,31.896480204964085,True
Kochi,2009,2009-05-22,32.27369727095581,True
Kochi,2009,2009-05-23,32.51691191996508,True
Kochi,2009,2009-05-24,33.075479077012275,True
Kochi,2009,2009-05-25,33.299912580840704,True
Kochi,2009,2009-05-26,33.72392543827853,True
Kochi,2009,2009-05-27,34.304881103460254,True
Kochi,2009,2009-05-28,33.801666844855724,True
Kochi,2009,2009-05-29,33.024197884769755,True
Kochi,2009,2009-05-30,32.697276353257976,True
Kochi,2009,2009-05-31,32.109460803100056,True
Kochi,2009,2009-06-01,32.252738826422316,True
Kochi,2009,2009-06-02,32.556963688299355,True
Kochi,2009,2009-06-03,32.690281135300516,True
Kochi,2009,2009-06-04,32.7367118122008,True
Kochi,2009,2009-06-05,32.030696671872356,True
Kochi,2009,2009-06-06,32.18239822046815,True
Kochi,2009,2009-06-07,31.194499513688818,True
Kochi,2009,2009-06-08,32.072994204213494,True
Kochi,2009,2009-06-09,31.334976554683458,True
Kochi,2009,2009-06-10,31.84021125632519,True
Kochi,2009,2009-06-11,32.32002475768851,True
Kochi,2009,2009-06-12,31.45198836725097,True
Kochi,2009,2009-06-13,30.844760274580565,True
Kochi,2009,2009-06-14,30.728538606531707,True
Kochi,2009,2009-06-15,31.285267629325798,True
Kochi,2009,2009-06-16,31.361545900860616,True
Kochi,2009,2009-06-17,29.95707534757566,True
Kochi,2009,2009-06-18,30.01853959060496,True
Kochi,2009,2009-06-19,29.770604148763546,True
Kochi,2009,2009-06-20,29.56314867790392,True
Kochi,2009,2009-06-21,29.942863469442813,True
Kochi,2009,2009-06-22,29.992121034658396,True
Kochi,2009,2009-06-23,30.07521372082813,True
Kochi,2009,2009-06-24,29.487883284451947,True
Kochi,2009,2009-06-25,29.153928116269068,True
Kochi,2009,2009-06-26,28.76171926136882,True
Kochi,2009,2009-06-27,29.297332158704165,True
Kochi,2009,2009-06-28,30.035834663559495,True
Kochi,2009,2009-06-29,29.868792059076466,True
Kochi,2009,2009-06-30,30.108292601101112,True
Kochi,2009,2009-07-01,30.059407228129043,True
Kochi,2009,2009-07-02,29.956609882168472,True
Kochi,2009,2009-07-03,29.808229957223556,True
Kochi,2009,2009-07-04,29.725384928615878,True
Kochi,2009,2009-07-05,29.403340103398108,True
Kochi,2009,2009-07-06,29.390938494172136,True
Kochi,2009,2009-07-07,29.433862910408944,True
Kochi,2009,2009-07-08,29.739372777297486,True
Kochi,2009,2009-07-09,29.891369201645105,True
Kochi,2009,2009-07-10,29.652554648349245,True
Kochi,2009,2009-07-11,29.41193584692982,True
Kochi,2009,2009-07-12,29.468326632857586,True
Kochi,2009,2009-07-13,29.601686297593613,True
Kochi,2009,2009-07-14,29.477457868516158,True
Kochi,2009,2009-07-15,29.687865528937643,True
Kochi,2009,2009-07-16,29.849512988765348,True
Kochi,2009,2009-07-17,30.128601351269165,True
Kochi,2009,2009-07-18,30.225240639753903,True
Kochi,2009,2009-07-19,29.778751926512726,True
Kochi,2009,2009-07-20,29.928760957094283,True
Kochi,2009,2009-07-21,29.853287000675373,True
Kochi,2009,2009-07-22,29.95428741750307,True
Kochi,2009,2009-07-23,30.074275078919786,True
Kochi,2009,2009-07-24,30.19453032999224,True
Kochi,2009,2009-07-25,29.920285194155966,True
Kochi,2009,2009-07-26,30.505386564739467,True
Kochi,2009,2009-07-27,29.63891230671588,True
Kochi,2009,2009-07-28,29.92238224457548,True
Kochi,2009,2009-07-29,29.94459754700667,True
Kochi,2009,2009-07-30,30.32118867108721,True
Kochi,2009,2009-07-31,30.354895268107708,True
Kochi,2009,2009-08-01,29.767462386098703,True
Kochi,2009,2009-08-02,29.806795210877244,True
Kochi,2009,2009-08-03,29.4374111806967,True
Kochi,2009,2009-08-04,29.609770689362772,True
Kochi,2009,2009-08-05,29.550532172934975,True
Kochi,2009,2009-08-06,30.331529775650697,True
Kochi,2009,2009-08-07,30.11679533991666,True
Kochi,2009,2009-08-08,30.344018351516773,True
Kochi,2009,2009-08-09,30.11970233438148,True
Kochi,2009,2009-08-10,29.218579085224505,True
Kochi,2009,2009-08-11,29.175647500155776,True
Kochi,2009,2009-08-12,29.484103226019393,True
Kochi,2009,2009-08-13,30.116431309374676,True
Kochi,2009,2009-08-14,30.34101651445478,True
Kochi,2009,2009-08-15,30.219310594075484,True
Kochi,2009,2009-08-16,30.561811080809235,True
Kochi,2009,2009-08-17,30.825245618506113,True
Kochi,2009,2009-08-18,30.64101526402283,True
Kochi,2009,2009-08-19,30.53364850033848,True
Kochi,2009,2009-08-20,30.230419649507436,True
Kochi,2009,2009-08-21,30.272901197177372,True
Kochi,2009,2009-08-22,30.259667825518303,True
Kochi,2009,2009-08-23,30.237829094208053,True
Kochi,2009,2009-08-24,29.996997736679436,True
Kochi,2009,2009-08-25,30.0790300591116,True
Kochi,2009,2009-08-26,30.296003408690602,True
Kochi,2009,2009-08-27,30.363868279596097,True
Kochi,2009,2009-08-28,30.237419493903513,True
Kochi,2009,2009-08-29,29.920356389218636,True
Kochi,2009,2009-08-30,30.16147740687177,True
Kochi,2009,2009-08-31,30.132090427206478,True
Kochi,2009,2009-09-01,30.594818025364113,True
Kochi,2009,2009-09-02,30.415503978455803,True
Kochi,2009,2009-09-03,31.035036462622838,True
Kochi,2009,2009-09-04,31.41488489747469,True
Kochi,2009,2009-09-05,32.10145391501629,True
Kochi,2009,2009-09-06,30.991549849905,True
Kochi,2009,2009-09-07,30.64866049652024,True
Kochi,2009,2009-09-08,30.54721770463835,True
Kochi,2009,2009-09-09,29.75427229339535,True
Kochi,2009,2009-09-10,30.179571828042388,True
Kochi,2009,2009-09-11,30.683580060863815,True
Kochi,2009,2009-09-12,30.60936565708768,True
Kochi,2009,2009-09-13,30.51159695651285,True
Kochi,2009,2009-09-14,30.940834801556647,True
Kochi,2009,2009-09-15,31.866904526972178,True
Kochi,2009,2009-09-16,31.985639373385684,True
Kochi,2009,2009-09-17,31.88285772150042,True
Kochi,2009,2009-09-18,31.772670821875934,True
Kochi,2009,2009-09-19,31.200533556297955,True
Kochi,2009,2009-09-20,31.623907578939722,True
Kochi,2009,2009-09-21,31.72832262872087,True
Kochi,2009,2009-09-22,31.170448500296512,True
Kochi,2009,2009-09-23,30.932718814802783,True
Kochi,2009,2009-09-24,30.742709769528318,True
Kochi,2009,2009-09-25,30.654661341125166,True
Kochi,2009,2009-09-26,30.581421849156808,True
Kochi,2009,2009-09-27,31.569122030592204,True
Kochi,2009,2009-09-28,32.068634885257055,True
Kochi,2009,2009-09-29,31.745003399951955,True
Kochi,2009,2009-09-30,31.284247757178633,True
Kochi,2009,2009-10-01,31.27382815203655,True
Kochi,2009,2009-10-02,31.779723093070483,True
Kochi,2009,2009-10-03,31.576836651746753,True
Kochi,2009,2009-10-04,32.189143101512826,True
Kochi,2009,2009-10-05,31.951605372878433,True
Kochi,2009,2009-10-06,32.01788545338574,True
Kochi,2009,2009-10-07,31.462227337577154,True
Kochi,2009,2009-10-08,31.657919140962402,True
Kochi,2009,2009-10-09,32.03959701339451,True
Kochi,2009,2009-10-10,31.88574924341204,True
Kochi,2009,2009-10-11,31.25506290279577,True
Kochi,2009,2009-10-12,31.210286289481154,True
Kochi,2009,2009-10-13,31.430227325743868,True
Kochi,2009,2009-10-14,31.195715586958105,True
Kochi,2009,2009-10-15,31.606484374884626,True
Kochi,2009,2009-10-16,31.95946054809569,True
Kochi,2009,2009-10-17,31.609666354673134,True
Kochi,2009,2009-10-18,32.01363878352927,True
Kochi,2009,2009-10-19,31.34579712758964,True
Kochi,2009,2009-10-20,31.110554219935057,True
Kochi,2009,2009-10-21,31.92496492672539,True
Kochi,2009,2009-10-22,33.5307889132721,True
Kochi,2009,2009-10-23,33.15063338935372,True
Kochi,2009,2009-10-24,31.99197753713699,True
Kochi,2009,2009-10-25,32.00168930025283,True
Kochi,2009,2009-10-26,31.95921557174195,True
Kochi,2009,2009-10-27,32.26941361919755,True
Kochi,2009,2009-10-28,32.291515047764186,True
Kochi,2009,2009-10-29,31.55186268733501,True
Kochi,2009,2009-10-30,31.248355847408014,True
Kochi,2009,2009-10-31,31.71994164524732,True
Kochi,2009,2009-11-01,31.76304181210386,True
Kochi,2009,2009-11-02,31.84823226795922,True
Kochi,2009,2009-11-03,31.91172117854206,True
Kochi,2009,2009-11-04,32.52592608988956,True
Kochi,2009,2009-11-05,31.417040258192568,True
Kochi,2009,2009-11-06,31.344594357869777,True
Kochi,2009,2009-11-07,30.939981578775992,True
Kochi,2009,2009-11-08,30.953320147590475,True
Kochi,2009,2009-11-09,32.315411472277525,True
Kochi,2009,2009-11-10,30.66478578086185,True
Kochi,2009,2009-11-11,30.628459040508588,True
Kochi,2009,2009-11-12,30.324871078655814,True
Kochi,2009,2009-11-13,30.861687469257756,True
Kochi,2009,2009-11-14,31.67012780620329,True
Kochi,2009,2009-11-15,30.00395986896452,True
Kochi,2009,2009-11-16,29.817315389729064,True
Kochi,2009,2009-11-17,30.827227272264686,True
Kochi,2009,2009-11-18,31.67285067522341,True
Kochi,2009,2009-11-19,31.19046570109866,True
Kochi,2009,2009-11-20,31.43796834521942,True
Kochi,2009,2009-11-21,31.831326030896058,True
Kochi,2009,2009-11-22,31.21616146255569,True
Kochi,2009,2009-11-23,32.15445585091268,True
Kochi,2009,2009-11-24,31.734897156384925,True
Kochi,2009,2009-11-25,30.973410444166426,True
Kochi,2009,2009-11-26,30.51002855611922,True
Kochi,2009,2009-11-27,29.85202237504456,True
Kochi,2009,2009-11-28,29.099253645390135,True
Kochi,2009,2009-11-29,28.646902215147144,True
Kochi,2009,2009-11-30,29.826664292825555,True
Kochi,2009,2009-12-01,31.232527363562838,True
Kochi,2009,2009-12-02,31.118811078481556,True
Kochi,2009,2009-12-03,31.04509282066256,True
Kochi,2009,2009-12-04,30.800588988791695,True
Kochi,2009,2009-12-05,30.470152105039773,True
Kochi,2009,2009-12-06,30.649281618680792,True
Kochi,2009,2009-12-07,31.087326367088806,True
Kochi,2009,2009-12-08,31.406089736074172,True
Kochi,2009,2009-12-09,31.076694363105094,True
Kochi,2009,2009-12-10,30.010805687170738,True
Kochi,2009,2009-12-11,29.927973211169203,True
Kochi,2009,2009-12-12,29.67505237535173,True
Kochi,2009,2009-12-13,30.2080565531581,True
Kochi,2009,2009-12-14,29.742623045857584,True
Kochi,2009,2009-12-15,29.685394331098525,True
Kochi,2009,2009-12-16,30.275730458185635,True
Kochi,2009,2009-12-17,31.830744998700546,True
Kochi,2009,2009-12-18,31.013940722765152,True
Kochi,2009,2009-12-19,31.286508472767444,True
Kochi,2009,2009-12-20,30.54415172892346,True
Kochi,2009,2009-12-21,30.60408368213216,True
Kochi,2009,2009-12-22,30.401736055981946,True
Kochi,2009,2009-12-23,28.39160286464086,True
Kochi,2009,2009-12-24,29.007434726012463,True
Kochi,2009,2009-12-25,29.56629558621315,True
Kochi,2009,2009-12-26,29.370850499169173,True
Kochi,2009,2009-12-27,28.582789066457842,True
Kochi,2009,2009-12-28,29.646556042850623,True
Kochi,2009,2009-12-29,29.410154454545655,True
Kochi,2009,2009-12-30,29.05635073785833,True
Kochi,2009,2009-12-31,29.420488985195313,True
Bikaner,2005,2005-01-01,19.306156178511635,True
Bikaner,2005,2005-01-02,18.441010292692177,True
Bikaner,2005,2005-01-03,18.18371609988184,True
Bikaner,2005,2005-01-04,17.501025933784423,True
Bikaner,2005,2005-01-05,18.113819900231686,True
Bikaner,2005,2005-01-06,19.595580440549764,True
Bikaner,2005,2005-01-07,19.31464258042678,True
Bikaner,2005,2005-01-08,19.282703985859243,True
Bikaner,2005,2005-01-09,19.35614018156453,True
Bikaner,2005,2005-01-10,19.729901275224407,True
Bikaner,2005,2005-01-11,20.408364790250403,True
Bikaner,2005,2005-01-12,20.378743684301863,True
Bikaner,2005,2005-01-13,20.499487786920884,True
Bikaner,2005,2005-01-14,20.730037789001187,True
Bikaner,2005,2005-01-15,20.191619320660124,True
Bikaner,2005,2005-01-16,19.97183483839669,True
Bikaner,2005,2005-01-17,19.977336743036076,True
Bikaner,2005,2005-01-18,20.19358691138707,True
Bikaner,2005,2005-01-19,19.04679126726683,True
Bikaner,2005,2005-01-20,19.444928909836694,True
Bikaner,2005,2005-01-21,19.597489449612237,True
Bikaner,2005,2005-01-22,19.128140017292917,True
Bikaner,2005,2005-01-23,19.62959950587667,True
Bikaner,2005,2005-01-24,20.051498083754506,True
Bikaner,2005,2005-01-25,20.02032001577982,True
Bikaner,2005,2005-01-26,20.40189077488303,True
Bikaner,2005,2005-01-27,20.76651231825248,True
Bikaner,2005,2005-01-28,21.182990359338774,True
Bikaner,2005,2005-01-29,22.673113565774692,True
Bikaner,2005,2005-01-30,21.410710872614203,True
Bikaner,2005,2005-01-31,19.697011539210745,True
Bikaner,2005,2005-02-01,20.57306139445238,True
Bikaner,2005,2005-02-02,20.78048765835725,True
Bikaner,2005,2005-02-03,19.74374591575889,True
Bikaner,2005,2005-02-04,18.994775511994682,True
Bikaner,2005,2005-02-05,19.470657718038982,True
Bikaner,2005,2005-02-06,19.43669638593171,True
Bikaner,2005,2005-02-07,20.408834077574213,True
Bikaner,2005,2005-02-08,19.356375134420542,True
Bikaner,2005,2005-02-09,19.69944313980015,True
Bikaner,2005,2005-02-10,20.03792190071708,True
Bikaner,2005,2005-02-11,20.74875391453544,True
Bikaner,2005,2005-02-12,18.63546173191936,True
Bikaner,2005,2005-02-13,20.37069263122306,True
Bikaner,2005,2005-02-14,20.697914656937204,True
Bikaner,2005,2005-02-15,20.856847739607357,True
Bikaner,2005,2005-02-16,21.19813549594407,True
Bikaner,2005,2005-02-17,20.992484751885684,True
Bikaner,2005,2005-02-18,21.349890812496884,True
Bikaner,2005,2005-02-19,21.298610472033296,True
Bikaner,2005,2005-02-20,21.40069719869992,True
Bikaner,2005,2005-02-21,21.136998081618437,True
Bikaner,2005,2005-02-22,21.783048055997128,True
Bikaner,2005,2005-02-23,22.954483799257304,True
Bikaner,2005,2005-02-24,23.283050066589585,True
Bikaner,2005,2005-02-25,24.468955433443757,True
Bikaner,2005,2005-02-26,25.086955301679144,True
Bikaner,2005,2005-02-27,25.08977565341313,True
Bikaner,2005,2005-02-28,24.44126210835083,True
Bikaner,2005,2005-03-01,23.67421338587354,True
Bikaner,2005,2005-03-02,23.085144296161676,True
Bikaner,2005,2005-03-03,24.467457266554174,True
Bikaner,2005,2005-03-04,24.691352454158988,True
Bikaner,2005,2005-03-05,20.895472121900784,True
Bikaner,2005,2005-03-06,21.01213373429247,True
Bikaner,2005,2005-03-07,21.394954822285307,True
Bikaner,2005,2005-03-08,25.185206639712973,True
Bikaner,2005,2005-03-09,22.9506994436727,True
Bikaner,2005,2005-03-10,18.879605736135655,True
Bikaner,2005,2005-03-11,19.8092772075482,True
Bikaner,2005,2005-03-12,20.641630070482126,True
Bikaner,2005,2005-03-13,20.575468257712547,True
Bikaner,2005,2005-03-14,21.245609779558233,True
Bikaner,2005,2005-03-15,21.728137503700008,True
Bikaner,2005,2005-03-16,24.880888856915274,True
Bikaner,2005,2005-03-17,23.381387605414176,True
Bikaner,2005,2005-03-18,23.05610707961132,True
Bikaner,2005,2005-03-19,22.81841921072217,True
Bikaner,2005,2005-03-20,24.3669125975049,True
Bikaner,2005,2005-03-21,23.888020101522077,True
Bikaner,2005,2005-03-22,22.655073302653857,True
Bikaner,2005,2005-03-23,20.49428122192589,True
Bikaner,2005,2005-03-24,21.614133731445946,True
Bikaner,2005,2005-03-25,23.506584919118623,True
Bikaner,2005,2005-03-26,25.953736886511845,True
Bikaner,2005,2005-03-27,25.57575990679331,True
Bikaner,2005,2005-03-28,23.356509116579236,True
Bikaner,2005,2005-03-29,23.780157085132995,True
Bikaner,2005,2005-03-30,23.527351155171022,True
Bikaner,2005,2005-03-31,24.317520512607615,True
Bikaner,2005,2005-04-01,25.647900932915906,True
Bikaner,2005,2005-04-02,25.867439807375863,True
Bikaner,2005,2005-04-03,27.18720096266745,True
Bikaner,2005,2005-04-04,27.093179854199143,True
Bikaner,2005,2005-04-05,28.279011722763528,True
Bikaner,2005,2005-04-06,29.806203340715314,True
Bikaner,2005,2005-04-07,29.422153603425855,True
Bikaner,2005,2005-04-08,28.809652712971893,True
Bikaner,2005,2005-04-09,29.269773353713337,True
Bikaner,2005,2005-04-10,29.270025019769662,True
Bikaner,2005,2005-04-11,27.638512580800686,True
Bikaner,2005,2005-04-12,26.034842485619457,True
Bikaner,2005,2005-04-13,24.086080498254713,True
Bikaner,2005,2005-04-14,24.27957573415338,True
Bikaner,2005,2005-04-15,25.991721452835606,True
Bikaner,2005,2005-04-16,27.351948784875454,True
Bikaner,2005,2005-04-17,28.705188511574875,True
Bikaner,2005,2005-04-18,29.551149181541014,True
Bikaner,2005,2005-04-19,29.822420020913974,True
Bikaner,2005,2005-04-20,28.82988022613783,True
Bikaner,2005,2005-04-21,28.32133209840808,True
Bikaner,2005,2005-04-22,29.333366326370864,True
Bikaner,2005,2005-04-23,30.41514591186879,True
Bikaner,2005,2005-04-24,31.121744301966853,True
Bikaner,2005,2005-04-25,31.344524365584693,True
Bikaner,2005,2005-04-26,31.468387607910667,True
Bikaner,2005,2005-04-27,29.72333609842691,True
Bikaner,2005,2005-04-28,28.848165313835857,True
Bikaner,2005,2005-04-29,28.784659651862345,True
Bikaner,2005,2005-04-30,29.029916076724763,True
Bikaner,2005,2005-05-01,29.025114058463963,True
Bikaner,2005,2005-05-02,31.68488926866231,True
Bikaner,2005,2005-05-03,32.31057464480593,True
Bikaner,2005,2005-05-04,32.702138804794295,True
Bikaner,2005,2005-05-05,32.827300872806155,True
Bikaner,2005,2005-05-06,33.32327907502576,True
Bikaner,2005,2005-05-07,33.140238020099865,True
Bikaner,2005,2005-05-08,31.405527217632542,True
Bikaner,2005,2005-05-09,29.624030684624195,True
Bikaner,2005,2005-05-10,28.925262412087527,True
Bikaner,2005,2005-05-11,30.00304581876221,True
Bikaner,2005,2005-05-12,30.197605724943028,True
Bikaner,2005,2005-05-13,30.23145416251845,True
Bikaner,2005,2005-05-14,30.5349119475188,True
Bikaner,2005,2005-05-15,31.101064202004377,True
Bikaner,2005,2005-05-16,32.57770933015459,True
Bikaner,2005,2005-05-17,32.98543038448445,True
Bikaner,2005,2005-05-18,33.289718444427166,True
Bikaner,2005,2005-05-19,33.12868955412,True
Bikaner,2005,2005-05-20,33.62639303997797,True
Bikaner,2005,2005-05-21,33.760199555708674,True
Bikaner,2005,2005-05-22,33.54980888759527,True
Bikaner,2005,2005-05-23,33.303918380910744,True
Bikaner,2005,2005-05-24,32.499473349617716,True
Bikaner,2005,2005-05-25,32.41219163465575,True
Bikaner,2005,2005-05-26,32.14521699921429,True
Bikaner,2005,2005-05-27,31.924009817298284,True
Bikaner,2005,2005-05-28,31.592184573297317,True
Bikaner,2005,2005-05-29,31.49761050208098,True
Bikaner,2005,2005-05-30,31.451353507482178,True
Bikaner,2005,2005-05-31,31.669704773635342,True
Bikaner,2005,2005-06-01,31.380028061306675,True
Bikaner,2005,2005-06-02,31.604137410565315,True
Bikaner,2005,2005-06-03,31.161341372954055,True
Bikaner,2005,2005-06-04,30.550126296167367,True
Bikaner,2005,2005-06-05,30.634737025276355,True
Bikaner,2005,2005-06-06,30.700466772877974,True
Bikaner,2005,2005-06-07,31.07655268874733,True
Bikaner,2005,2005-06-08,31.084739275664827,True
Bikaner,2005,2005-06-09,31.64617229281916,True
Bikaner,2005,2005-06-10,32.30040059872241,True
Bikaner,2005,2005-06-11,31.54973594164342,True
Bikaner,2005,2005-06-12,34.40755671850038,True
Bikaner,2005,2005-06-13,32.24264023193772,True
Bikaner,2005,2005-06-14,33.16071586406206,True
Bikaner,2005,2005-06-15,32.99691385743665,True
Bikaner,2005,2005-06-16,33.82939915036659,True
Bikaner,2005,2005-06-17,32.43196574007776,True
Bikaner,2005,2005-06-18,32.51134500545929,True
Bikaner,2005,2005-06-19,34.24548905497287,True
Bikaner,2005,2005-06-20,34.44526631419758,True
Bikaner,2005,2005-06-21,34.025212863451436,True
Bikaner,2005,2005-06-22,33.83332722204927,True
Bikaner,2005,2005-06-23,33.842952755860246,True
Bikaner,2005,2005-06-24,33.781993346651326,True
Bikaner,2005,2005-06-25,33.28115205891827,True
Bikaner,2005,2005-06-26,32.75612410231988,True
Bikaner,2005,2005-06-27,32.853330025839234,True
Bikaner,2005,2005-06-28,32.80602501097587,True
Bikaner,2005,2005-06-29,34.71443237588386,True
Bikaner,2005,2005-06-30,33.28761936797536,True
Bikaner,2005,2005-07-01,33.8539723763706,True
Bikaner,2005,2005-07-02,32.96849854826263,True
Bikaner,2005,2005-07-03,33.7749238388653,True
Bikaner,2005,2005-07-04,33.26555772885589,True
Bikaner,2005,2005-07-05,34.637340056597104,True
Bikaner,2005,2005-07-06,34.52300659605954,True
Bikaner,2005,2005-07-07,33.59403266056547,True
Bikaner,2005,2005-07-08,32.39503036108224,True
Bikaner,2005,2005-07-09,30.04264185241133,True
Bikaner,2005,2005-07-10,32.34252083698426,True
Bikaner,2005,2005-07-11,32.249772575543574,True
Bikaner,2005,2005-07-12,32.80119481841746,True
Bikaner,2005,2005-07-13,33.2953567099805,True
Bikaner,2005,2005-07-14,33.66742882603637,True
Bikaner,2005,2005-07-15,33.61740478790388,True
Bikaner,2005,2005-07-16,35.90065511852399,True
Bikaner,2005,2005-07-17,34.88176123283782,True
Bikaner,2005,2005-07-18,34.347054176319304,True
Bikaner,2005,2005-07-19,34.006799212949105,True
Bikaner,2005,2005-07-20,33.45959417741986,True
Bikaner,2005,2005-07-21,32.983149749545746,True
Bikaner,2005,2005-07-22,31.811239135524655,True
Bikaner,2005,2005-07-23,32.39888741077026,True
Bikaner,2005,2005-07-24,34.42392103653363,True
Bikaner,2005,2005-07-25,33.796810081700016,True
Bikaner,2005,2005-07-26,34.82918811260622,True
Bikaner,2005,2005-07-27,35.08471619579581,True
Bikaner,2005,2005-07-28,34.23952152520429,True
Bikaner,2005,2005-07-29,33.66343971824001,True
Bikaner,2005,2005-07-30,31.624608264102783,True
Bikaner,2005,2005-07-31,30.94491373378441,True
Bikaner,2005,2005-08-01,32.039479974758486,True
Bikaner,2005,2005-08-02,34.18604364447614,True
Bikaner,2005,2005-08-03,33.760185798611836,True
Bikaner,2005,2005-08-04,35.40187579548367,True
Bikaner,2005,2005-08-05,35.65117001651423,True
Bikaner,2005,2005-08-06,35.43321866528335,True
Bikaner,2005,2005-08-07,36.0614415855158,True
Bikaner,2005,2005-08-08,35.556065767348045,True
Bikaner,2005,2005-08-09,34.063916124339926,True
Bikaner,2005,2005-08-10,33.08834134922256,True
Bikaner,2005,2005-08-11,32.43500161822276,True
Bikaner,2005,2005-08-12,31.935116167674185,True
Bikaner,2005,2005-08-13,32.316502168381064,True
Bikaner,2005,2005-08-14,31.788385376931934,True
Bikaner,2005,2005-08-15,31.96968408302189,True
Bikaner,2005,2005-08-16,34.01414596053176,True
Bikaner,2005,2005-08-17,33.73169071953865,True
Bikaner,2005,2005-08-18,33.85267055507494,True
Bikaner,2005,2005-08-19,33.50954474492903,True
Bikaner,2005,2005-08-20,33.482128938910684,True
Bikaner,2005,2005-08-21,34.03816559758738,True
Bikaner,2005,2005-08-22,33.50832511350707,True
Bikaner,2005,2005-08-23,33.29594103446614,True
Bikaner,2005,2005-08-24,33.59548816711868,True
Bikaner,2005,2005-08-25,34.38075818342168,True
Bikaner,2005,2005-08-26,34.38632309676651,True
Bikaner,2005,2005-08-27,34.44987919374835,True
Bikaner,2005,2005-08-28,34.92783893404955,True
Bikaner,2005,2005-08-29,34.73512296821203,True
Bikaner,2005,2005-08-30,35.273049464401936,True
Bikaner,2005,2005-08-31,35.00322673673871,True
Bikaner,2005,2005-09-01,34.08278545973873,True
Bikaner,2005,2005-09-02,33.24552251093227,True
Bikaner,2005,2005-09-03,33.58822187028461,True
Bikaner,2005,2005-09-04,34.22374011544015,True
Bikaner,2005,2005-09-05,35.44366611529625,True
Bikaner,2005,2005-09-06,35.215328483781626,True
Bikaner,2005,2005-09-07,34.084450145281316,True
Bikaner,2005,2005-09-08,33.934446298562435,True
Bikaner,2005,2005-09-09,33.20820619352247,True
Bikaner,2005,2005-09-10,33.76944520646047,True
Bikaner,2005,2005-09-11,34.48464980805545,True
Bikaner,2005,2005-09-12,34.42340766376572,True
Bikaner,2005,2005-09-13,34.4575179969918,True
Bikaner,2005,2005-09-14,34.460424654841425,True
Bikaner,2005,2005-09-15,34.11511105502433,True
Bikaner,2005,2005-09-16,33.898951946213366,True
Bikaner,2005,2005-09-17,33.839763160505356,True
Bikaner,2005,2005-09-18,34.312096661576504,True
Bikaner,2005,2005-09-19,35.57735798363511,True
Bikaner,2005,2005-09-20,34.019821833557494,True
Bikaner,2005,2005-09-21,36.05553182477357,True
Bikaner,2005,2005-09-22,35.431799999527065,True
Bikaner,2005,2005-09-23,33.67402180039943,True
Bikaner,2005,2005-09-24,33.20641504178662,True
Bikaner,2005,2005-09-25,33.360986664155746,True
Bikaner,2005,2005-09-26,32.86873000344208,True
Bikaner,2005,2005-09-27,32.254152202899604,True
Bikaner,2005,2005-09-28,32.27227153610709,True
Bikaner,2005,2005-09-29,32.04403483775999,True
Bikaner,2005,2005-09-30,32.29920987302053,True
Bikaner,2005,2005-10-01,32.52890453853322,True
Bikaner,2005,2005-10-02,32.552704292072065,True
Bikaner,2005,2005-10-03,31.644432223693023,True
Bikaner,2005,2005-10-04,30.06661409210458,True
Bikaner,2005,2005-10-05,31.448180388949037,True
Bikaner,2005,2005-10-06,32.03514977683546,True
Bikaner,2005,2005-10-07,31.8899931278299,True
Bikaner,2005,2005-10-08,31.803098050281573,True
Bikaner,2005,2005-10-09,31.500311582466182,True
Bikaner,2005,2005-10-10,31.36333400446658,True
Bikaner,2005,2005-10-11,30.544439268291082,True
Bikaner,2005,2005-10-12,30.19973365677545,True
Bikaner,2005,2005-10-13,30.211862269164737,True
Bikaner,2005,2005-10-14,29.99778673398216,True
Bikaner,2005,2005-10-15,30.19130237285546,True
Bikaner,2005,2005-10-16,29.816573926424386,True
Bikaner,2005,2005-10-17,29.856019025197412,True
Bikaner,2005,2005-10-18,29.843463629440087,True
Bikaner,2005,2005-10-19,29.849364571058455,True
Bikaner,2005,2005-10-20,30.704757516475492,True
Bikaner,2005,2005-10-21,28.862847684148417,True
Bikaner,2005,2005-10-22,28.630521605856103,True
Bikaner,2005,2005-10-23,28.882159566537297,True
Bikaner,2005,2005-10-24,28.81022846547889,True
Bikaner,2005,2005-10-25,28.93907941809769,True
Bikaner,2005,2005-10-26,28.63797721271508,True
Bikaner,2005,2005-10-27,27.582677752070865,True
Bikaner,2005,2005-10-28,26.30326765016188,True
Bikaner,2005,2005-10-29,26.120661809258028,True
Bikaner,2005,2005-10-30,26.018880453958875,True
Bikaner,2005,2005-10-31,26.558260071291567,True
Bikaner,2005,2005-11-01,26.83911807309857,True
Bikaner,2005,2005-11-02,26.341816923851784,True
Bikaner,2005,2005-11-03,26.3981217515678,True
Bikaner,2005,2005-11-04,25.805923177210527,True
Bikaner,2005,2005-11-05,27.30303019974109,True
Bikaner,2005,2005-11-06,27.738845717537256,True
Bikaner,2005,2005-11-07,27.948089812702182,True
Bikaner,2005,2005-11-08,27.324495608689663,True
Bikaner,2005,2005-11-09,27.210021323404067,True
Bikaner,2005,2005-11-10,26.916312561692838,True
Bikaner,2005,2005-11-11,24.398011493044987,True
Bikaner,2005,2005-11-12,25.718656884145826,True
Bikaner,2005,2005-11-13,25.685571346807237,True
Bikaner,2005,2005-11-14,26.296327519115057,True
Bikaner,2005,2005-11-15,27.031608761362797,True
Bikaner,2005,2005-11-16,26.34422682173573,True
Bikaner,2005,2005-11-17,26.306761780390595,True
Bikaner,2005,2005-11-18,23.97200286516156,True
Bikaner,2005,2005-11-19,24.114655612193552,True
Bikaner,2005,2005-11-20,24.442983917711256,True
Bikaner,2005,2005-11-21,23.862086519435522,True
Bikaner,2005,2005-11-22,22.430637915907177,True
Bikaner,2005,2005-11-23,22.19236353841086,True
Bikaner,2005,2005-11-24,22.198983354851674,True
Bikaner,2005,2005-11-25,22.506490262846118,True
Bikaner,2005,2005-11-26,24.46180892048868,True
Bikaner,2005,2005-11-27,24.54871943170779,True
Bikaner,2005,2005-11-28,24.737260506592442,True
Bikaner,2005,2005-11-29,23.29975329404936,True
Bikaner,2005,2005-11-30,22.549062480273825,True
Bikaner,2005,2005-12-01,22.438397633736813,True
Bikaner,2005,2005-12-02,21.775928259559404,True
Bikaner,2005,2005-12-03,20.968861093899864,True
Bikaner,2005,2005-12-04,20.0040547912806,True
Bikaner,2005,2005-12-05,21.009243721595386,True
Bikaner,2005,2005-12-06,21.520192177764056,True
Bikaner,2005,2005-12-07,21.207442057347112,True
Bikaner,2005,2005-12-08,21.37476162159996,True
Bikaner,2005,2005-12-09,20.900650994350173,True
Bikaner,2005,2005-12-10,19.596181184909973,True
Bikaner,2005,2005-12-11,19.798868307148187,True
Bikaner,2005,2005-12-12,19.611876912491827,True
Bikaner,2005,2005-12-13,20.11033205283287,True
Bikaner,2005,2005-12-14,19.612051420805383,True
Bikaner,2005,2005-12-15,19.950990016090415,True
Bikaner,2005,2005-12-16,19.24281768064416,True
Bikaner,2005,2005-12-17,19.598436646023043,True
Bikaner,2005,2005-12-18,19.85180735360974,True
Bikaner,2005,2005-12-19,20.152057032550577,True
Bikaner,2005,2005-12-20,20.28373895927278,True
Bikaner,2005,2005-12-21,19.596672833362753,True
Bikaner,2005,2005-12-22,20.185558051949393,True
Bikaner,2005,2005-12-23,19.66774169658301,True
Bikaner,2005,2005-12-24,20.806272902175387,True
Bikaner,2005,2005-12-25,19.800308056573634,True
Bikaner,2005,2005-12-26,19.337147309260505,True
Bikaner,2005,2005-12-27,18.423372373395424,True
Bikaner,2005,2005-12-28,18.989026614890875,True
Bikaner,2005,2005-12-29,20.001049594007014,True
Bikaner,2005,2005-12-30,19.481378059302656,True
Bikaner,2005,2005-12-31,19.581143893344695,True
Bikaner,2007,2007-01-01,20.006886283644025,True
Bikaner,2007,2007-01-02,20.18230573322854,True
Bikaner,2007,2007-01-03,20.128322060705596,True
Bikaner,2007,2007-01-04,18.11009379226137,True
Bikaner,2007,2007-01-05,15.837285411229654,True
Bikaner,2007,2007-01-06,16.541167874330213,True
Bikaner,2007,2007-01-07,17.947154083705815,True
Bikaner,2007,2007-01-08,19.397188378002806,True
Bikaner,2007,2007-01-09,20.419502771058163,True
Bikaner,2007,2007-01-10,20.539024665286384,True
Bikaner,2007,2007-01-11,20.013473901990558,True
Bikaner,2007,2007-01-12,18.67922267095823,True
Bikaner,2007,2007-01-13,17.621246664728073,True
Bikaner,2007,2007-01-14,15.837905943094949,True
Bikaner,2007,2007-01-15,15.275834018708412,True
Bikaner,2007,2007-01-16,15.443740241202145,True
Bikaner,2007,2007-01-17,15.31149222961427,True
Bikaner,2007,2007-01-18,16.71826210298313,True
Bikaner,2007,2007-01-19,18.51515886303379,True
Bikaner,2007,2007-01-20,19.794577521793027,True
Bikaner,2007,2007-01-21,18.490871360140552,True
Bikaner,2007,2007-01-22,17.19699767609134,True
Bikaner,2007,2007-01-23,17.556098049168597,True
Bikaner,2007,2007-01-24,18.861411950760523,True
Bikaner,2007,2007-01-25,19.022089753104144,True
Bikaner,2007,2007-01-26,20.247477653821083,True
Bikaner,2007,2007-01-27,19.558640329908084,True
Bikaner,2007,2007-01-28,19.486188078277085,True
Bikaner,2007,2007-01-29,19.78266331233947,True
Bikaner,2007,2007-01-30,19.903132372554712,True
Bikaner,2007,2007-01-31,21.268257972297114,True
Bikaner,2007,2007-02-01,22.664289530163906,True
Bikaner,2007,2007-02-02,22.678373150423354,True
Bikaner,2007,2007-02-03,22.2144563048038,True
Bikaner,2007,2007-02-04,23.32391506143203,True
Bikaner,2007,2007-02-05,21.80062800892021,True
Bikaner,2007,2007-02-06,20.921976979654506,True
Bikaner,2007,2007-02-07,20.85910847260672,True
Bikaner,2007,2007-02-08,20.221249377063824,True
Bikaner,2007,2007-02-09,17.855641214083505,True
Bikaner,2007,2007-02-10,19.48801770513916,True
Bikaner,2007,2007-02-11,19.65347035573315,True
Bikaner,2007,2007-02-12,19.062170869944712,True
Bikaner,2007,2007-02-13,20.091883208987674,True
Bikaner,2007,2007-02-14,21.056499321157755,True
Bikaner,2007,2007-02-15,21.892657171227402,True
Bikaner,2007,2007-02-16,21.365750824606224,True
Bikaner,2007,2007-02-17,23.293230242374005,True
Bikaner,2007,2007-02-18,24.82744761293686,True
Bikaner,2007,2007-02-19,23.475357917326566,True
Bikaner,2007,2007-02-20,23.535842480543067,True
Bikaner,2007,2007-02-21,23.47553334730066,True
Bikaner,2007,2007-02-22,23.790070208585558,True
Bikaner,2007,2007-02-23,24.744570696704088,True
Bikaner,2007,2007-02-24,24.882488383716282,True
Bikaner,2007,2007-02-25,25.82907164160871,True
Bikaner,2007,2007-02-26,25.50348638781659,True
Bikaner,2007,2007-02-27,24.779615805032382,True
Bikaner,2007,2007-02-28,25.618659453787817,True
Bikaner,2007,2007-03-01,26.137212672971913,True
Bikaner,2007,2007-03-02,25.259092127670197,True
Bikaner,2007,2007-03-03,22.65509334980728,True
Bikaner,2007,2007-03-04,21.916760258244143,True
Bikaner,2007,2007-03-05,21.648723147738856,True
Bikaner,2007,2007-03-06,21.546209294613757,True
Bikaner,2007,2007-03-07,21.819228772729975,True
Bikaner,2007,2007-03-08,21.781211286456177,True
Bikaner,2007,2007-03-09,21.267052090948734,True
Bikaner,2007,2007-03-10,22.68262333745502,True
Bikaner,2007,2007-03-11,22.686430868689964,True
Bikaner,2007,2007-03-12,21.13823441005601,True
Bikaner,2007,2007-03-13,22.209277433724743,True
Bikaner,2007,2007-03-14,23.057883036678,True
Bikaner,2007,2007-03-15,23.93679626230367,True
Bikaner,2007,2007-03-16,24.59530360728072,True
Bikaner,2007,2007-03-17,25.093306471098984,True
Bikaner,2007,2007-03-18,26.084981079113454,True
Bikaner,2007,2007-03-19,26.210138198112556,True
Bikaner,2007,2007-03-20,26.895394150143485,True
Bikaner,2007,2007-03-21,25.488856148690918,True
Bikaner,2007,2007-03-22,21.955015931554236,True
Bikaner,2007,2007-03-23,24.716080741842767,True
Bikaner,2007,2007-03-24,25.692407066540277,True
Bikaner,2007,2007-03-25,26.972772931084723,True
Bikaner,2007,2007-03-26,28.816966746375073,True
Bikaner,2007,2007-03-27,29.385198169145234,True
Bikaner,2007,2007-03-28,29.201754750997697,True
Bikaner,2007,2007-03-29,29.133623899585,True
Bikaner,2007,2007-03-30,27.690183762848395,True
Bikaner,2007,2007-03-31,27.90908603458568,True
Bikaner,2007,2007-04-01,28.129103884496622,True
Bikaner,2007,2007-04-02,28.69863418601763,True
Bikaner,2007,2007-04-03,29.006927769530485,True
Bikaner,2007,2007-04-04,28.50422690143362,True
Bikaner,2007,2007-04-05,26.965598308449156,True
Bikaner,2007,2007-04-06,26.660836399075773,True
Bikaner,2007,2007-04-07,27.52533480569206,True
Bikaner,2007,2007-04-08,28.47839987242132,True
Bikaner,2007,2007-04-09,30.59470453212611,True
Bikaner,2007,2007-04-10,30.703760244213353,True
Bikaner,2007,2007-04-11,29.990249431624992,True
Bikaner,2007,2007-04-12,31.0171398660525,True
Bikaner,2007,2007-04-13,30.90629312822547,True
Bikaner,2007,2007-04-14,30.727751086318627,True
Bikaner,2007,2007-04-15,28.656911522259815,True
Bikaner,2007,2007-04-16,27.028903828421114,True
Bikaner,2007,2007-04-17,27.551196496874063,True
Bikaner,2007,2007-04-18,27.914223679095386,True
Bikaner,2007,2007-04-19,28.93456456239421,True
Bikaner,2007,2007-04-20,31.008085285887688,True
Bikaner,2007,2007-04-21,30.37446587683287,True
Bikaner,2007,2007-04-22,30.947159146438995,True
Bikaner,2007,2007-04-23,31.783705297203014,True
Bikaner,2007,2007-04-24,32.05330819993519,True
Bikaner,2007,2007-04-25,31.0535265450375,True
Bikaner,2007,2007-04-26,29.855802873803448,True
Bikaner,2007,2007-04-27,28.809758076343957,True
Bikaner,2007,2007-04-28,27.37746854306802,True
Bikaner,2007,2007-04-29,27.399240528158888,True
Bikaner,2007,2007-04-30,28.434775147791925,True
Bikaner,2007,2007-05-01,28.753277195121267,True
Bikaner,2007,2007-05-02,28.96675432825394,True
Bikaner,2007,2007-05-03,30.017677085773823,True
Bikaner,2007,2007-05-04,29.646153614862822,True
Bikaner,2007,2007-05-05,29.506748259686898,True
Bikaner,2007,2007-05-06,29.414701194832052,True
Bikaner,2007,2007-05-07,30.7591836212255,True
Bikaner,2007,2007-05-08,31.871458819203248,True
Bikaner,2007,2007-05-09,31.677548561493836,True
Bikaner,2007,2007-05-10,32.249547302705444,True
Bikaner,2007,2007-05-11,31.765278729644727,True
Bikaner,2007,2007-05-12,31.198072014395994,True
Bikaner,2007,2007-05-13,30.333721500933606,True
Bikaner,2007,2007-05-14,30.311783478458754,True
Bikaner,2007,2007-05-15,30.598080763477903,True
Bikaner,2007,2007-05-16,31.696385348296392,True
Bikaner,2007,2007-05-17,32.437889073381534,True
Bikaner,2007,2007-05-18,32.00319238132672,True
Bikaner,2007,2007-05-19,31.960160720627158,True
Bikaner,2007,2007-05-20,32.23605063589512,True
Bikaner,2007,2007-05-21,32.452757688488134,True
Bikaner,2007,2007-05-22,32.44219793073114,True
Bikaner,2007,2007-05-23,32.5730514004973,True
Bikaner,2007,2007-05-24,32.490888664700876,True
Bikaner,2007,2007-05-25,32.7201247225475,True
Bikaner,2007,2007-05-26,32.4794002843367,True
Bikaner,2007,2007-05-27,31.889870959734086,True
Bikaner,2007,2007-05-28,31.62650475469051,True
Bikaner,2007,2007-05-29,31.471212046385237,True
Bikaner,2007,2007-05-30,31.18476585788142,True
Bikaner,2007,2007-05-31,30.725928970031262,True
Bikaner,2007,2007-06-01,32.108399379721526,True
Bikaner,2007,2007-06-02,31.95068923635023,True
Bikaner,2007,2007-06-03,32.28988908194942,True
Bikaner,2007,2007-06-04,31.64054508861463,True
Bikaner,2007,2007-06-05,30.76102928846818,True
Bikaner,2007,2007-06-06,30.93024440453101,True
Bikaner,2007,2007-06-07,30.84960302157947,True
Bikaner,2007,2007-06-08,30.74985599527601,True
Bikaner,2007,2007-06-09,30.639457890188094,True
Bikaner,2007,2007-06-10,32.05753173625777,True
Bikaner,2007,2007-06-11,32.42597627020828,True
Bikaner,2007,2007-06-12,32.30303506922374,True
Bikaner,2007,2007-06-13,32.060417589480494,True
Bikaner,2007,2007-06-14,32.64175568785341,True
Bikaner,2007,2007-06-15,33.260911898806455,True
Bikaner,2007,2007-06-16,33.10941053659625,True
Bikaner,2007,2007-06-17,33.169797714162314,True
Bikaner,2007,2007-06-18,32.359287241053515,True
Bikaner,2007,2007-06-19,31.825569235380733,True
Bikaner,2007,2007-06-20,31.912361604823428,True
Bikaner,2007,2007-06-21,32.56164682702226,True
Bikaner,2007,2007-06-22,32.33571172756608,True
Bikaner,2007,2007-06-23,32.27372210627342,True
Bikaner,2007,2007-06-24,32.835277995892206,True
Bikaner,2007,2007-06-25,32.67908455501232,True
Bikaner,2007,2007-06-26,33.0345670246401,True
Bikaner,2007,2007-06-27,35.30120372626137,True
Bikaner,2007,2007-06-28,34.765393059850446,True
Bikaner,2007,2007-06-29,33.28400354058267,True
Bikaner,2007,2007-06-30,32.818520992696676,True
Bikaner,2007,2007-07-01,33.61851386997724,True
Bikaner,2007,2007-07-02,34.969984948180674,True
Bikaner,2007,2007-07-03,36.13279969241785,True
Bikaner,2007,2007-07-04,34.95975419921082,True
Bikaner,2007,2007-07-05,34.80240323227207,True
Bikaner,2007,2007-07-06,35.117565973463165,True
Bikaner,2007,2007-07-07,37.157033393175304,True
Bikaner,2007,2007-07-08,36.58708143625064,True
Bikaner,2007,2007-07-09,35.60825537615113,True
Bikaner,2007,2007-07-10,32.42898174973676,True
Bikaner,2007,2007-07-11,31.498050766358975,True
Bikaner,2007,2007-07-12,31.842075880232418,True
Bikaner,2007,2007-07-13,33.03424085972754,True
Bikaner,2007,2007-07-14,34.122015859533775,True
Bikaner,2007,2007-07-15,33.36042429339949,True
Bikaner,2007,2007-07-16,36.036730555965626,True
Bikaner,2007,2007-07-17,37.75166366182956,True
Bikaner,2007,2007-07-18,37.654154257268985,True
Bikaner,2007,2007-07-19,37.17388799033022,True
Bikaner,2007,2007-07-20,34.68076698053448,True
Bikaner,2007,2007-07-21,34.92193083515086,True
Bikaner,2007,2007-07-22,35.2855858682677,True
Bikaner,2007,2007-07-23,33.40542182142462,True
Bikaner,2007,2007-07-24,31.853438090386767,True
Bikaner,2007,2007-07-25,32.6829030998651,True
Bikaner,2007,2007-07-26,33.60913194058627,True
Bikaner,2007,2007-07-27,33.935661808093975,True
Bikaner,2007,2007-07-28,34.05155330520927,True
Bikaner,2007,2007-07-29,34.37863893420605,True
Bikaner,2007,2007-07-30,34.72490960328215,True
Bikaner,2007,2007-07-31,34.70697675283733,True
Bikaner,2007,2007-08-01,34.08187711617314,True
Bikaner,2007,2007-08-02,34.67854541400558,True
Bikaner,2007,2007-08-03,31.775260614338077,True
Bikaner,2007,2007-08-04,31.939905380107575,True
Bikaner,2007,2007-08-05,33.16602251923671,True
Bikaner,2007,2007-08-06,35.319156668094294,True
Bikaner,2007,2007-08-07,36.015659547433316,True
Bikaner,2007,2007-08-08,35.777618464961876,True
Bikaner,2007,2007-08-09,35.39962701509237,True
Bikaner,2007,2007-08-10,34.06033699571123,True
Bikaner,2007,2007-08-11,32.56564281116425,True
Bikaner,2007,2007-08-12,32.45442995444236,True
Bikaner,2007,2007-08-13,33.85474878019395,True
Bikaner,2007,2007-08-14,35.8252934388127,True
Bikaner,2007,2007-08-15,38.54458794472106,True
Bikaner,2007,2007-08-16,37.52848089281059,True
Bikaner,2007,2007-08-17,38.94874687217261,True
Bikaner,2007,2007-08-18,37.12183406213401,True
Bikaner,2007,2007-08-19,35.32093230548577,True
Bikaner,2007,2007-08-20,35.80524700302433,True
Bikaner,2007,2007-08-21,34.73308724562474,True
Bikaner,2007,2007-08-22,33.6740848332297,True
Bikaner,2007,2007-08-23,33.29363033972894,True
Bikaner,2007,2007-08-24,33.125664123096705,True
Bikaner,2007,2007-08-25,33.36365037412771,True
Bikaner,2007,2007-08-26,34.42659643217606,True
Bikaner,2007,2007-08-27,35.25795461062174,True
Bikaner,2007,2007-08-28,35.201637101018974,True
Bikaner,2007,2007-08-29,34.831126406104964,True
Bikaner,2007,2007-08-30,34.557890538265205,True
Bikaner,2007,2007-08-31,35.0867237850368,True
Bikaner,2007,2007-09-01,34.8713967720694,True
Bikaner,2007,2007-09-02,34.12847611986076,True
Bikaner,2007,2007-09-03,33.98175993590652,True
Bikaner,2007,2007-09-04,33.06279755952976,True
Bikaner,2007,2007-09-05,31.251095494451466,True
Bikaner,2007,2007-09-06,29.690322933297722,True
Bikaner,2007,2007-09-07,30.506851032691703,True
Bikaner,2007,2007-09-08,32.058171134392815,True
Bikaner,2007,2007-09-09,33.04110280458596,True
Bikaner,2007,2007-09-10,33.577883370124034,True
Bikaner,2007,2007-09-11,34.03330156281675,True
Bikaner,2007,2007-09-12,33.076270566393305,True
Bikaner,2007,2007-09-13,31.733218260794917,True
Bikaner,2007,2007-09-14,30.25280211937973,True
Bikaner,2007,2007-09-15,29.96627350940189,True
Bikaner,2007,2007-09-16,30.907288521660437,True
Bikaner,2007,2007-09-17,29.172183480936344,True
Bikaner,2007,2007-09-18,30.508249478205354,True
Bikaner,2007,2007-09-19,28.605468808362936,True
Bikaner,2007,2007-09-20,30.298705337061257,True
Bikaner,2007,2007-09-21,30.56653761684154,True
Bikaner,2007,2007-09-22,30.956838278585227,True
Bikaner,2007,2007-09-23,31.078241364379412,True
Bikaner,2007,2007-09-24,31.27892839003371,True
Bikaner,2007,2007-09-25,30.885997941278912,True
Bikaner,2007,2007-09-26,30.451988141625716,True
Bikaner,2007,2007-09-27,30.187320065352445,True
Bikaner,2007,2007-09-28,29.826781303280264,True
Bikaner,2007,2007-09-29,29.567471354905145,True
Bikaner,2007,2007-09-30,29.44177689268531,True
Bikaner,2007,2007-10-01,30.841458361053807,True
Bikaner,2007,2007-10-02,31.65839533125466,True
Bikaner,2007,2007-10-03,31.978734556035462,True
Bikaner,2007,2007-10-04,31.323471202036657,True
Bikaner,2007,2007-10-05,31.893615628985003,True
Bikaner,2007,2007-10-06,31.58094908347465,True
Bikaner,2007,2007-10-07,29.887924759624447,True
Bikaner,2007,2007-10-08,27.573963639224846,True
Bikaner,2007,2007-10-09,25.90704794363344,True
Bikaner,2007,2007-10-10,27.63439329772051,True
Bikaner,2007,2007-10-11,27.761029754604877,True
Bikaner,2007,2007-10-12,27.97876947051413,True
Bikaner,2007,2007-10-13,28.39742522760998,True
Bikaner,2007,2007-10-14,28.078337189261894,True
Bikaner,2007,2007-10-15,29.764778322411225,True
Bikaner,2007,2007-10-16,30.60432795058504,True
Bikaner,2007,2007-10-17,30.814943470992812,True
Bikaner,2007,2007-10-18,30.81285121701738,True
Bikaner,2007,2007-10-19,29.39448807989745,True
Bikaner,2007,2007-10-20,28.839433783713186,True
Bikaner,2007,2007-10-21,28.416019950800735,True
Bikaner,2007,2007-10-22,27.48522184770515,True
Bikaner,2007,2007-10-23,28.16178771637718,True
Bikaner,2007,2007-10-24,28.91117097912447,True
Bikaner,2007,2007-10-25,28.752930364029243,True
Bikaner,2007,2007-10-26,28.20443212228273,True
Bikaner,2007,2007-10-27,27.366491432388326,True
Bikaner,2007,2007-10-28,27.268995232273767,True
Bikaner,2007,2007-10-29,28.126008140214317,True
Bikaner,2007,2007-10-30,28.150875754169107,True
Bikaner,2007,2007-10-31,27.78399043636158,True
Bikaner,2007,2007-11-01,27.520865312667006,True
Bikaner,2007,2007-11-02,27.151117191245604,True
Bikaner,2007,2007-11-03,26.73139148101142,True
Bikaner,2007,2007-11-04,26.71137018039236,True
Bikaner,2007,2007-11-05,26.330398360283866,True
Bikaner,2007,2007-11-06,26.003313431114357,True
Bikaner,2007,2007-11-07,25.495360562291623,True
Bikaner,2007,2007-11-08,24.990532149409947,True
Bikaner,2007,2007-11-09,24.457794489924204,True
Bikaner,2007,2007-11-10,24.04641847506578,True
Bikaner,2007,2007-11-11,24.72998862275116,True
Bikaner,2007,2007-11-12,24.915845716809972,True
Bikaner,2007,2007-11-13,24.485168064395424,True
Bikaner,2007,2007-11-14,25.1035918652923,True
Bikaner,2007,2007-11-15,24.97604642832907,True
Bikaner,2007,2007-11-16,25.230059267171647,True
Bikaner,2007,2007-11-17,24.87464232498632,True
Bikaner,2007,2007-11-18,24.652812219704014,True
Bikaner,2007,2007-11-19,24.09538736295654,True
Bikaner,2007,2007-11-20,23.961408974515177,True
Bikaner,2007,2007-11-21,23.94641353502899,True
Bikaner,2007,2007-11-22,23.309001775691552,True
Bikaner,2007,2007-11-23,23.383018626713856,True
Bikaner,2007,2007-11-24,22.728913816116442,True
Bikaner,2007,2007-11-25,23.03377262221713,True
Bikaner,2007,2007-11-26,22.9468754689909,True
Bikaner,2007,2007-11-27,22.43055298733136,True
Bikaner,2007,2007-11-28,23.368109316680574,True
Bikaner,2007,2007-11-29,23.30619462172312,True
Bikaner,2007,2007-11-30,24.436188416370523,True
Bikaner,2007,2007-12-01,23.268560124889934,True
Bikaner,2007,2007-12-02,22.07504755295092,True
Bikaner,2007,2007-12-03,22.218948706394304,True
Bikaner,2007,2007-12-04,22.959485715744343,True
Bikaner,2007,2007-12-05,23.937184685590793,True
Bikaner,2007,2007-12-06,23.798522114296084,True
Bikaner,2007,2007-12-07,23.072892096028944,True
Bikaner,2007,2007-12-08,22.700651892425434,True
Bikaner,2007,2007-12-09,21.2569093176177,True
Bikaner,2007,2007-12-10,22.353098252146633,True
Bikaner,2007,2007-12-11,22.599657365505546,True
Bikaner,2007,2007-12-12,21.61037098921056,True
Bikaner,2007,2007-12-13,21.14940236558914,True
Bikaner,2007,2007-12-14,21.585158265364498,True
Bikaner,2007,2007-12-15,21.102952771446038,True
Bikaner,2007,2007-12-16,21.447192071234227,True
Bikaner,2007,2007-12-17,18.578049197888674,True
Bikaner,2007,2007-12-18,21.136654730942546,True
Bikaner,2007,2007-12-19,22.135972911584968,True
Bikaner,2007,2007-12-20,21.638321314479242,True
Bikaner,2007,2007-12-21,20.67368799321859,True
Bikaner,2007,2007-12-22,20.85766921488833,True
Bikaner,2007,2007-12-23,20.809978835760663,True
Bikaner,2007,2007-12-24,20.311455566679218,True
Bikaner,2007,2007-12-25,20.638372350815178,True
Bikaner,2007,2007-12-26,20.344145703438766,True
Bikaner,2007,2007-12-27,18.290767898353973,True
Bikaner,2007,2007-12-28,17.134927039609646,True
Bikaner,2007,2007-12-29,20.018274083370372,True
Bikaner,2007,2007-12-30,19.758833333138508,True
Bikaner,2007,2007-12-31,19.339669635541497,True
Bikaner,2009,2009-01-01,21.553941682348142,True
Bikaner,2009,2009-01-02,21.035060173906317,True
Bikaner,2009,2009-01-03,18.956227269643506,True
Bikaner,2009,2009-01-04,19.772350089525915,True
Bikaner,2009,2009-01-05,21.419702751725655,True
Bikaner,2009,2009-01-06,20.42947678548523,True
Bikaner,2009,2009-01-07,21.106654654220566,True
Bikaner,2009,2009-01-08,21.48438835775951,True
Bikaner,2009,2009-01-09,17.671093818697248,True
Bikaner,2009,2009-01-10,16.594617537809317,True
Bikaner,2009,2009-01-11,18.138798960498843,True
Bikaner,2009,2009-01-12,20.02489719049467,True
Bikaner,2009,2009-01-13,21.634347515460195,True
Bikaner,2009,2009-01-14,20.840593289798964,True
Bikaner,2009,2009-01-15,20.09239062307246,True
Bikaner,2009,2009-01-16,20.226909334897293,True
Bikaner,2009,2009-01-17,20.73783404744968,True
Bikaner,2009,2009-01-18,18.942799217702056,True
Bikaner,2009,2009-01-19,15.685779588079551,True
Bikaner,2009,2009-01-20,16.364891723661376,True
Bikaner,2009,2009-01-21,16.86288553986194,True
Bikaner,2009,2009-01-22,15.957055871792907,True
Bikaner,2009,2009-01-23,15.11435901182005,True
Bikaner,2009,2009-01-24,15.494699900525879,True
Bikaner,2009,2009-01-25,16.3322220710381,True
Bikaner,2009,2009-01-26,17.223074688050648,True
Bikaner,2009,2009-01-27,19.081979008035304,True
Bikaner,2009,2009-01-28,20.909478117179653,True
Bikaner,2009,2009-01-29,22.105991101034714,True
Bikaner,2009,2009-01-30,22.155823153464592,True
Bikaner,2009,2009-01-31,21.5716530101377,True
Bikaner,2009,2009-02-01,19.976125791857577,True
Bikaner,2009,2009-02-02,19.35040566557877,True
Bikaner,2009,2009-02-03,19.55938485566547,True
Bikaner,2009,2009-02-04,19.649719655588566,True
Bikaner,2009,2009-02-05,20.951512384870227,True
Bikaner,2009,2009-02-06,20.804556973870184,True
Bikaner,2009,2009-02-07,21.634006877406367,True
Bikaner,2009,2009-02-08,21.364749732846832,True
Bikaner,2009,2009-02-09,22.652569641063657,True
Bikaner,2009,2009-02-10,22.50709574394764,True
Bikaner,2009,2009-02-11,22.319984964332694,True
Bikaner,2009,2009-02-12,24.259404809378736,True
Bikaner,2009,2009-02-13,23.882371716965466,True
Bikaner,2009,2009-02-14,24.304428213259193,True
Bikaner,2009,2009-02-15,23.871020626930193,True
Bikaner,2009,2009-02-16,22.88249210243873,True
Bikaner,2009,2009-02-17,17.4037541930084,True
Bikaner,2009,2009-02-18,12.807113265479225,True
Bikaner,2009,2009-02-19,15.053838865541998,True
Bikaner,2009,2009-02-20,16.089585066948104,True
Bikaner,2009,2009-02-21,17.482769088466835,True
Bikaner,2009,2009-02-22,19.927136485313184,True
Bikaner,2009,2009-02-23,19.722448373942015,True
Bikaner,2009,2009-02-24,18.861677768067228,True
Bikaner,2009,2009-02-25,17.80802218729423,True
Bikaner,2009,2009-02-26,21.421777929427954,True
Bikaner,2009,2009-02-27,23.173599553137645,True
Bikaner,2009,2009-02-28,23.10063700531711,True
Bikaner,2009,2009-03-01,21.641163224243176,True
Bikaner,2009,2009-03-02,22.28478973078003,True
Bikaner,2009,2009-03-03,20.969284910507394,True
Bikaner,2009,2009-03-04,20.959304877210347,True
Bikaner,2009,2009-03-05,22.622361020400618,True
Bikaner,2009,2009-03-06,23.523497631365373,True
Bikaner,2009,2009-03-07,24.759196156329473,True
Bikaner,2009,2009-03-08,24.589197358567738,True
Bikaner,2009,2009-03-09,22.69573121003278,True
Bikaner,2009,2009-03-10,22.356485336373975,True
Bikaner,2009,2009-03-11,17.576693343452877,True
Bikaner,2009,2009-03-12,21.243979662107165,True
Bikaner,2009,2009-03-13,24.000878927166028,True
Bikaner,2009,2009-03-14,25.199442947957174,True
Bikaner,2009,2009-03-15,25.63749952088073,True
Bikaner,2009,2009-03-16,26.45638943130137,True
Bikaner,2009,2009-03-17,26.593564509873808,True
Bikaner,2009,2009-03-18,26.66008710176293,True
Bikaner,2009,2009-03-19,25.7481878043309,True
Bikaner,2009,2009-03-20,25.75485946926476,True
Bikaner,2009,2009-03-21,27.533784999996683,True
Bikaner,2009,2009-03-22,28.407449284086216,True
Bikaner,2009,2009-03-23,28.423209993959983,True
Bikaner,2009,2009-03-24,28.448636189619855,True
Bikaner,2009,2009-03-25,28.38673723682599,True
Bikaner,2009,2009-03-26,27.94104636041208,True
Bikaner,2009,2009-03-27,27.353069757186816,True
Bikaner,2009,2009-03-28,27.91748227403232,True
Bikaner,2009,2009-03-29,29.30263927107964,True
Bikaner,2009,2009-03-30,29.358253971336694,True
Bikaner,2009,2009-03-31,30.856836468807103,True
Bikaner,2009,2009-04-01,30.155461303466517,True
Bikaner,2009,2009-04-02,29.790559579504418,True
Bikaner,2009,2009-04-03,29.19878550103855,True
Bikaner,2009,2009-04-04,28.904844695245153,True
Bikaner,2009,2009-04-05,29.62036217140359,True
Bikaner,2009,2009-04-06,28.205316349983292,True
Bikaner,2009,2009-04-07,28.820370100461677,True
Bikaner,2009,2009-04-08,30.139491825759666,True
Bikaner,2009,2009-04-09,31.031086788274276,True
Bikaner,2009,2009-04-10,30.7462433584285,True
Bikaner,2009,2009-04-11,31.146353524562144,True
Bikaner,2009,2009-04-12,30.61800148786568,True
Bikaner,2009,2009-04-13,31.44482735385672,True
Bikaner,2009,2009-04-14,31.29727296332652,True
Bikaner,2009,2009-04-15,31.361133634610102,True
Bikaner,2009,2009-04-16,30.465073140984277,True
Bikaner,2009,2009-04-17,30.345759727309975,True
Bikaner,2009,2009-04-18,31.273519761338207,True
Bikaner,2009,2009-04-19,31.86810608045378,True
Bikaner,2009,2009-04-20,31.50294016952188,True
Bikaner,2009,2009-04-21,31.04048934973728,True
Bikaner,2009,2009-04-22,30.578013037602165,True
Bikaner,2009,2009-04-23,31.332126294127594,True
Bikaner,2009,2009-04-24,31.152782726051907,True
Bikaner,2009,2009-04-25,30.156373283875983,True
Bikaner,2009,2009-04-26,27.70775436416332,True
Bikaner,2009,2009-04-27,28.035779620557815,True
Bikaner,2009,2009-04-28,29.08822360266725,True
Bikaner,2009,2009-04-29,30.49110192241033,True
Bikaner,2009,2009-04-30,30.894007675351954,True
Bikaner,2009,2009-05-01,31.459113662746795,True
Bikaner,2009,2009-05-02,30.82390764839907,True
Bikaner,2009,2009-05-03,31.20444785228493,True
Bikaner,2009,2009-05-04,28.611584812785516,True
Bikaner,2009,2009-05-05,30.15442963927121,True
Bikaner,2009,2009-05-06,30.373880470970068,True
Bikaner,2009,2009-05-07,30.9462396707375,True
Bikaner,2009,2009-05-08,29.324518483316883,True
Bikaner,2009,2009-05-09,29.583228964849223,True
Bikaner,2009,2009-05-10,30.472478848857936,True
Bikaner,2009,2009-05-11,30.503535333626,True
Bikaner,2009,2009-05-12,30.719355475927877,True
Bikaner,2009,2009-05-13,30.96162952328117,True
Bikaner,2009,2009-05-14,31.611185148504063,True
Bikaner,2009,2009-05-15,32.00123832978569,True
Bikaner,2009,2009-05-16,31.88845699927089,True
Bikaner,2009,2009-05-17,30.615014466606127,True
Bikaner,2009,2009-05-18,30.34140233896253,True
Bikaner,2009,2009-05-19,30.483971241903472,True
Bikaner,2009,2009-05-20,29.802052985904787,True
Bikaner,2009,2009-05-21,29.73546526598047,True
Bikaner,2009,2009-05-22,30.17536765161637,True
Bikaner,2009,2009-05-23,30.467873763037783,True
Bikaner,2009,2009-05-24,33.320061533921226,True
Bikaner,2009,2009-05-25,32.28274508708148,True
Bikaner,2009,2009-05-26,31.89240122594304,True
Bikaner,2009,2009-05-27,32.814049618432435,True
Bikaner,2009,2009-05-28,32.184067059017664,True
Bikaner,2009,2009-05-29,32.56359759347089,True
Bikaner,2009,2009-05-30,33.3964199914854,True
Bikaner,2009,2009-05-31,33.61025690171217,True
Bikaner,2009,2009-06-01,33.78743870549478,True
Bikaner,2009,2009-06-02,32.89851474993161,True
Bikaner,2009,2009-06-03,32.95785986212266,True
Bikaner,2009,2009-06-04,32.89473554104759,True
Bikaner,2009,2009-06-05,32.465134322870426,True
Bikaner,2009,2009-06-06,32.86279704600569,True
Bikaner,2009,2009-06-07,33.4281087689648,True
Bikaner,2009,2009-06-08,32.670519724415186,True
Bikaner,2009,2009-06-09,32.03232027852783,True
Bikaner,2009,2009-06-10,31.399376340487443,True
Bikaner,2009,2009-06-11,31.569707765726797,True
Bikaner,2009,2009-06-12,32.692218668339734,True
Bikaner,2009,2009-06-13,33.55112520299856,True
Bikaner,2009,2009-06-14,33.804411032069176,True
Bikaner,2009,2009-06-15,34.14900246912015,True
Bikaner,2009,2009-06-16,35.19133399960211,True
Bikaner,2009,2009-06-17,34.69120579850962,True
Bikaner,2009,2009-06-18,33.942543328692004,True
Bikaner,2009,2009-06-19,33.61824783252064,True
Bikaner,2009,2009-06-20,33.7899029140262,True
Bikaner,2009,2009-06-21,34.04506362164423,True
Bikaner,2009,2009-06-22,33.684069017441246,True
Bikaner,2009,2009-06-23,33.052745565329765,True
Bikaner,2009,2009-06-24,33.47207255744682,True
Bikaner,2009,2009-06-25,34.28830443342126,True
Bikaner,2009,2009-06-26,33.866126595699534,True
Bikaner,2009,2009-06-27,33.75316999164813,True
Bikaner,2009,2009-06-28,33.01678590343933,True
Bikaner,2009,2009-06-29,33.2111433292447,True
Bikaner,2009,2009-06-30,33.60962740015909,True
Bikaner,2009,2009-07-01,34.36558889207386,True
Bikaner,2009,2009-07-02,35.36162384845291,True
Bikaner,2009,2009-07-03,35.7709063976263,True
Bikaner,2009,2009-07-04,35.36114298644785,True
Bikaner,2009,2009-07-05,35.50993645991172,True
Bikaner,2009,2009-07-06,35.27544635012571,True
Bikaner,2009,2009-07-07,34.81123992799766,True
Bikaner,2009,2009-07-08,34.698086650868866,True
Bikaner,2009,2009-07-09,33.85886222381193,True
Bikaner,2009,2009-07-10,31.31273723048362,True
Bikaner,2009,2009-07-11,30.82277664209461,True
Bikaner,2009,2009-07-12,31.146947628802042,True
Bikaner,2009,2009-07-13,30.20780194854009,True
Bikaner,2009,2009-07-14,32.91815164245293,True
Bikaner,2009,2009-07-15,36.238389469816745,True
Bikaner,2009,2009-07-16,34.91355730950016,True
Bikaner,2009,2009-07-17,34.23349604459097,True
Bikaner,2009,2009-07-18,33.859427704483295,True
Bikaner,2009,2009-07-19,34.57857664515922,True
Bikaner,2009,2009-07-20,34.32963663135945,True
Bikaner,2009,2009-07-21,31.54583809692586,True
Bikaner,2009,2009-07-22,32.09903965006746,True
Bikaner,2009,2009-07-23,32.651794666115755,True
Bikaner,2009,2009-07-24,33.4541099453278,True
Bikaner,2009,2009-07-25,34.003224646349025,True
Bikaner,2009,2009-07-26,33.329196407200406,True
Bikaner,2009,2009-07-27,32.3971515491777,True
Bikaner,2009,2009-07-28,30.168585922621947,True
Bikaner,2009,2009-07-29,30.692883518096558,True
Bikaner,2009,2009-07-30,31.27650446688212,True
Bikaner,2009,2009-07-31,31.067158305633356,True
Bikaner,2009,2009-08-01,31.941073381551668,True
Bikaner,2009,2009-08-02,31.584195456128583,True
Bikaner,2009,2009-08-03,33.90558359848611,True
Bikaner,2009,2009-08-04,36.70241912130129,True
Bikaner,2009,2009-08-05,31.40975473971121,True
Bikaner,2009,2009-08-06,31.97803474386224,True
Bikaner,2009,2009-08-07,32.97309620768029,True
Bikaner,2009,2009-08-08,35.65322790953825,True
Bikaner,2009,2009-08-09,35.84775651089536,True
Bikaner,2009,2009-08-10,35.934565777899884,True
Bikaner,2009,2009-08-11,36.23790749238701,True
Bikaner,2009,2009-08-12,37.224589987057136,True
Bikaner,2009,2009-08-13,38.08148860159472,True
Bikaner,2009,2009-08-14,37.41633150120398,True
Bikaner,2009,2009-08-15,37.003501719061916,True
Bikaner,2009,2009-08-16,36.04125381427755,True
Bikaner,2009,2009-08-17,35.09677868026286,True
Bikaner,2009,2009-08-18,35.080717342271264,True
Bikaner,2009,2009-08-19,34.21798364042028,True
Bikaner,2009,2009-08-20,33.68613836148209,True
Bikaner,2009,2009-08-21,32.615654710767274,True
Bikaner,2009,2009-08-22,34.45035795754705,True
Bikaner,2009,2009-08-23,35.225179089953436,True
Bikaner,2009,2009-08-24,34.56004514807199,True
Bikaner,2009,2009-08-25,35.19411656803402,True
Bikaner,2009,2009-08-26,35.035978979877044,True
Bikaner,2009,2009-08-27,34.525609275568385,True
Bikaner,2009,2009-08-28,33.930046665645065,True
Bikaner,2009,2009-08-29,33.185442586270526,True
Bikaner,2009,2009-08-30,33.32964955597291,True
Bikaner,2009,2009-08-31,32.95889302364523,True
Bikaner,2009,2009-09-01,32.525744378037324,True
Bikaner,2009,2009-09-02,32.35300626319685,True
Bikaner,2009,2009-09-03,33.26438801253546,True
Bikaner,2009,2009-09-04,33.360823480055785,True
Bikaner,2009,2009-09-05,32.61065653416497,True
Bikaner,2009,2009-09-06,31.93953330942493,True
Bikaner,2009,2009-09-07,32.207848206115436,True
Bikaner,2009,2009-09-08,33.009273741360786,True
Bikaner,2009,2009-09-09,33.550622793319846,True
Bikaner,2009,2009-09-10,33.86084976149605,True
Bikaner,2009,2009-09-11,33.50398350064013,True
Bikaner,2009,2009-09-12,33.99452092311644,True
Bikaner,2009,2009-09-13,33.26380598734011,True
Bikaner,2009,2009-09-14,32.40920175721513,True
Bikaner,2009,2009-09-15,33.32875547309531,True
Bikaner,2009,2009-09-16,33.51526043214481,True
Bikaner,2009,2009-09-17,33.535190719682184,True
Bikaner,2009,2009-09-18,33.21631753464801,True
Bikaner,2009,2009-09-19,33.00018919893419,True
Bikaner,2009,2009-09-20,32.18830458509541,True
Bikaner,2009,2009-09-21,32.24254385022081,True
Bikaner,2009,2009-09-22,32.89134825493016,True
Bikaner,2009,2009-09-23,32.849297151697144,True
Bikaner,2009,2009-09-24,32.394566877411755,True
Bikaner,2009,2009-09-25,32.27209825400935,True
Bikaner,2009,2009-09-26,32.43939453428178,True
Bikaner,2009,2009-09-27,32.60839471192146,True
Bikaner,2009,2009-09-28,32.5903065013224,True
Bikaner,2009,2009-09-29,31.53597737108352,True
Bikaner,2009,2009-09-30,30.850095051174637,True
Bikaner,2009,2009-10-01,30.658238600566143,True
Bikaner,2009,2009-10-02,30.91945339657876,True
Bikaner,2009,2009-10-03,30.627485108284223,True
Bikaner,2009,2009-10-04,30.359726233011504,True
Bikaner,2009,2009-10-05,30.467761141712668,True
Bikaner,2009,2009-10-06,30.517923846145987,True
Bikaner,2009,2009-10-07,30.05673024447848,True
Bikaner,2009,2009-10-08,30.376104295043408,True
Bikaner,2009,2009-10-09,30.2330166194426,True
Bikaner,2009,2009-10-10,30.02601451580627,True
Bikaner,2009,2009-10-11,29.287297945916382,True
Bikaner,2009,2009-10-12,30.47527594081161,True
Bikaner,2009,2009-10-13,30.469240788271506,True
Bikaner,2009,2009-10-14,27.746479643858276,True
Bikaner,2009,2009-10-15,26.923203778601273,True
Bikaner,2009,2009-10-16,28.125571425175075,True
Bikaner,2009,2009-10-17,28.657653188896557,True
Bikaner,2009,2009-10-18,29.25682021294719,True
Bikaner,2009,2009-10-19,28.536016107678034,True
Bikaner,2009,2009-10-20,28.271542853115925,True
Bikaner,2009,2009-10-21,27.999383405292473,True
Bikaner,2009,2009-10-22,28.49811836575294,True
Bikaner,2009,2009-10-23,28.45746940722078,True
Bikaner,2009,2009-10-24,28.81881120184514,True
Bikaner,2009,2009-10-25,29.60679852078789,True
Bikaner,2009,2009-10-26,29.648636530499605,True
Bikaner,2009,2009-10-27,28.73879880361911,True
Bikaner,2009,2009-10-28,28.868372134727043,True
Bikaner,2009,2009-10-29,28.508730752965278,True
Bikaner,2009,2009-10-30,28.302721401090377,True
Bikaner,2009,2009-10-31,28.55599963793533,True
Bikaner,2009,2009-11-01,28.063919702695316,True
Bikaner,2009,2009-11-02,28.29927304744312,True
Bikaner,2009,2009-11-03,28.072521108889003,True
Bikaner,2009,2009-11-04,27.73287835208227,True
Bikaner,2009,2009-11-05,26.026363544571407,True
Bikaner,2009,2009-11-06,24.856177183435125,True
Bikaner,2009,2009-11-07,22.865300933841407,True
Bikaner,2009,2009-11-08,23.63672957557207,True
Bikaner,2009,2009-11-09,25.791629326940836,True
Bikaner,2009,2009-11-10,25.51502914212972,True
Bikaner,2009,2009-11-11,24.451606764601518,True
Bikaner,2009,2009-11-12,24.588449178417402,True
Bikaner,2009,2009-11-13,23.29018717286803,True
Bikaner,2009,2009-11-14,22.897738033725506,True
Bikaner,2009,2009-11-15,22.38486832090852,True
Bikaner,2009,2009-11-16,22.078537279151668,True
Bikaner,2009,2009-11-17,22.20413138924398,True
Bikaner,2009,2009-11-18,22.160308300108454,True
Bikaner,2009,2009-11-19,22.24168345932883,True
Bikaner,2009,2009-11-20,21.186955735461623,True
Bikaner,2009,2009-11-21,21.479667166044315,True
Bikaner,2009,2009-11-22,20.39729407410242,True
Bikaner,2009,2009-11-23,20.452352847668266,True
Bikaner,2009,2009-11-24,21.354218711983552,True
Bikaner,2009,2009-11-25,18.11952085054541,True
Bikaner,2009,2009-11-26,20.07431061876669,True
Bikaner,2009,2009-11-27,20.00183176345768,True
Bikaner,2009,2009-11-28,21.824794624588645,True
Bikaner,2009,2009-11-29,23.62596115000108,True
Bikaner,2009,2009-11-30,22.81345402586383,True
Bikaner,2009,2009-12-01,23.29261377345139,True
Bikaner,2009,2009-12-02,23.621906721152584,True
Bikaner,2009,2009-12-03,20.52198948883335,True
Bikaner,2009,2009-12-04,20.52871950879479,True
Bikaner,2009,2009-12-05,20.090721123627482,True
Bikaner,2009,2009-12-06,20.571769256356024,True
Bikaner,2009,2009-12-07,20.37917452439812,True
Bikaner,2009,2009-12-08,20.82418954713598,True
Bikaner,2009,2009-12-09,21.81630572521393,True
Bikaner,2009,2009-12-10,20.500946474653997,True
Bikaner,2009,2009-12-11,20.54615937189293,True
Bikaner,2009,2009-12-12,20.553155028117605,True
Bikaner,2009,2009-12-13,19.25429314259562,True
Bikaner,2009,2009-12-14,20.94383632966954,True
Bikaner,2009,2009-12-15,20.90136161629073,True
Bikaner,2009,2009-12-16,20.53660925542032,True
Bikaner,2009,2009-12-17,20.26598010706319,True
Bikaner,2009,2009-12-18,19.509223953771055,True
Bikaner,2009,2009-12-19,18.560553259160162,True
Bikaner,2009,2009-12-20,18.388435868157554,True
Bikaner,2009,2009-12-21,19.71706470231777,True
Bikaner,2009,2009-12-22,20.532121012898397,True
Bikaner,2009,2009-12-23,19.816424248042104,True
Bikaner,2009,2009-12-24,19.36159708296841,True
Bikaner,2009,2009-12-25,18.271751419741623,True
Bikaner,2009,2009-12-26,19.917505533398767,True
Bikaner,2009,2009-12-27,20.124395115986832,True
Bikaner,2009,2009-12-28,21.321588814653886,True
Bikaner,2009,2009-12-29,21.446647886458937,True
Bikaner,2009,2009-12-30,21.369674549182196,True
Bikaner,2009,2009-12-31,20.06233686947492,True
Shimla,2005,2005-01-01,12.371945361784071,True
Shimla,2005,2005-01-02,12.418950760588075,True
Shimla,2005,2005-01-03,12.878321144386746,True
Shimla,2005,2005-01-04,13.205719790863384,True
Shimla,2005,2005-01-05,13.10214730699903,True
Shimla,2005,2005-01-06,13.862698020821881,True
Shimla,2005,2005-01-07,14.031166383632751,True
Shimla,2005,2005-01-08,14.112480044991003,True
Shimla,2005,2005-01-09,14.180245570236764,True
Shimla,2005,2005-01-10,14.62228043467843,True
Shimla,2005,2005-01-11,15.262334549317984,True
Shimla,2005,2005-01-12,15.436073660836485,True
Shimla,2005,2005-01-13,15.751591797990386,True
Shimla,2005,2005-01-14,15.412375335999911,True
Shimla,2005,2005-01-15,15.389949833142623,True
Shimla,2005,2005-01-16,14.94577650706998,True
Shimla,2005,2005-01-17,13.983845333220529,True
Shimla,2005,2005-01-18,14.108292666427928,True
Shimla,2005,2005-01-19,14.098266696555697,True
Shimla,2005,2005-01-20,13.146916921548723,True
Shimla,2005,2005-01-21,13.403117998907419,True
Shimla,2005,2005-01-22,13.650344250453657,True
Shimla,2005,2005-01-23,14.964032785817494,True
Shimla,2005,2005-01-24,15.477171291809952,True
Shimla,2005,2005-01-25,14.975030628079821,True
Shimla,2005,2005-01-26,15.19055087009076,True
Shimla,2005,2005-01-27,16.29051775785041,True
Shimla,2005,2005-01-28,16.591978456729578,True
Shimla,2005,2005-01-29,16.55515959637694,True
Shimla,2005,2005-01-30,15.516317283684941,True
Shimla,2005,2005-01-31,15.82959009253068,True
Shimla,2005,2005-02-01,15.532725136002114,True
Shimla,2005,2005-02-02,14.721591332780008,True
Shimla,2005,2005-02-03,14.267384844001015,True
Shimla,2005,2005-02-04,13.444569943805334,True
Shimla,2005,2005-02-05,14.63306270002488,True
Shimla,2005,2005-02-06,14.852186617312668,True
Shimla,2005,2005-02-07,13.232726457462604,True
Shimla,2005,2005-02-08,11.83605534417984,True
Shimla,2005,2005-02-09,13.459858737630896,True
Shimla,2005,2005-02-10,13.432706562989836,True
Shimla,2005,2005-02-11,13.460632209040796,True
Shimla,2005,2005-02-12,12.129579984741895,True
Shimla,2005,2005-02-13,14.951789480700313,True
Shimla,2005,2005-02-14,16.892475914588715,True
Shimla,2005,2005-02-15,15.744963810095555,True
Shimla,2005,2005-02-16,16.50224340624004,True
Shimla,2005,2005-02-17,16.83668707568495,True
Shimla,2005,2005-02-18,15.936264993354655,True
Shimla,2005,2005-02-19,15.816227727024625,True
Shimla,2005,2005-02-20,15.425814203085565,True
Shimla,2005,2005-02-21,15.961768365561682,True
Shimla,2005,2005-02-22,17.26734180059077,True
Shimla,2005,2005-02-23,18.925701265641578,True
Shimla,2005,2005-02-24,19.076646104410145,True
Shimla,2005,2005-02-25,19.438690439251673,True
Shimla,2005,2005-02-26,20.410039214183087,True
Shimla,2005,2005-02-27,19.53500819674531,True
Shimla,2005,2005-02-28,19.583461832494095,True
Shimla,2005,2005-03-01,19.174386918938183,True
Shimla,2005,2005-03-02,18.69729790734374,True
Shimla,2005,2005-03-03,17.677558618236162,True
Shimla,2005,2005-03-04,15.502001169683695,True
Shimla,2005,2005-03-05,15.959897198055785,True
Shimla,2005,2005-03-06,14.613721207502579,True
Shimla,2005,2005-03-07,15.012705882923342,True
Shimla,2005,2005-03-08,16.925270387832427,True
Shimla,2005,2005-03-09,16.808232254278835,True
Shimla,2005,2005-03-10,14.046836339504921,True
Shimla,2005,2005-03-11,13.719143429883388,True
Shimla,2005,2005-03-12,13.882821304089305,True
Shimla,2005,2005-03-13,13.552758732612915,True
Shimla,2005,2005-03-14,13.495286836886578,True
Shimla,2005,2005-03-15,16.60341136612203,True
Shimla,2005,2005-03-16,18.247380253486995,True
Shimla,2005,2005-03-17,18.190262884735205,True
Shimla,2005,2005-03-18,18.71844445825849,True
Shimla,2005,2005-03-19,18.143302206818078,True
Shimla,2005,2005-03-20,18.120194056766536,True
Shimla,2005,2005-03-21,17.395946337398698,True
Shimla,2005,2005-03-22,15.45435951002787,True
Shimla,2005,2005-03-23,14.426544219699792,True
Shimla,2005,2005-03-24,17.368242967501487,True
Shimla,2005,2005-03-25,20.694031355357993,True
Shimla,2005,2005-03-26,20.988011981519833,True
Shimla,2005,2005-03-27,20.045646656792144,True
Shimla,2005,2005-03-28,18.8759025388066,True
Shimla,2005,2005-03-29,18.111895812937007,True
Shimla,2005,2005-03-30,16.835653339955115,True
Shimla,2005,2005-03-31,17.095687284605276,True
Shimla,2005,2005-04-01,18.917639854641493,True
Shimla,2005,2005-04-02,20.314829210792993,True
Shimla,2005,2005-04-03,19.795965191003347,True
Shimla,2005,2005-04-04,21.335767294103505,True
Shimla,2005,2005-04-05,21.273631825478105,True
Shimla,2005,2005-04-06,22.462273977196446,True
Shimla,2005,2005-04-07,21.687107035891927,True
Shimla,2005,2005-04-08,21.550327546494827,True
Shimla,2005,2005-04-09,22.71296588414134,True
Shimla,2005,2005-04-10,22.203463479233562,True
Shimla,2005,2005-04-11,21.946025859189774,True
Shimla,2005,2005-04-12,21.004926032166395,True
Shimla,2005,2005-04-13,19.29309290780651,True
Shimla,2005,2005-04-14,19.041021771273392,True
Shimla,2005,2005-04-15,19.27427844086725,True
Shimla,2005,2005-04-16,21.601447942914092,True
Shimla,2005,2005-04-17,22.568338906902397,True
Shimla,2005,2005-04-18,22.933165293596403,True
Shimla,2005,2005-04-19,22.764691467138164,True
Shimla,2005,2005-04-20,21.540446690120575,True
Shimla,2005,2005-04-21,22.22938329244778,True
Shimla,2005,2005-04-22,21.619987035061285,True
Shimla,2005,2005-04-23,22.301967264286418,True
Shimla,2005,2005-04-24,23.979091728580045,True
Shimla,2005,2005-04-25,24.901526809910933,True
Shimla,2005,2005-04-26,24.768246570316137,True
Shimla,2005,2005-04-27,24.14219380602964,True
Shimla,2005,2005-04-28,23.357358188312958,True
Shimla,2005,2005-04-29,22.659936028323727,True
Shimla,2005,2005-04-30,23.319556962270894,True
Shimla,2005,2005-05-01,23.551979288362418,True
Shimla,2005,2005-05-02,23.922453478704824,True
Shimla,2005,2005-05-03,24.59986573133773,True
Shimla,2005,2005-05-04,25.101678754698128,True
Shimla,2005,2005-05-05,25.324455957110615,True
Shimla,2005,2005-05-06,25.860244163936045,True
Shimla,2005,2005-05-07,26.42416831529397,True
Shimla,2005,2005-05-08,26.26460388505302,True
Shimla,2005,2005-05-09,26.004488782419514,True
Shimla,2005,2005-05-10,25.104443701357923,True
Shimla,2005,2005-05-11,24.828818799825,True
Shimla,2005,2005-05-12,24.472629540568107,True
Shimla,2005,2005-05-13,23.276827457044135,True
Shimla,2005,2005-05-14,23.599856663240985,True
Shimla,2005,2005-05-15,24.842840950756738,True
Shimla,2005,2005-05-16,26.969852868376393,True
Shimla,2005,2005-05-17,27.95995166921847,True
Shimla,2005,2005-05-18,27.170704952007213,True
Shimla,2005,2005-05-19,27.577732355195167,True
Shimla,2005,2005-05-20,27.48506151468831,True
Shimla,2005,2005-05-21,27.04608401224681,True
Shimla,2005,2005-05-22,27.23976419087876,True
Shimla,2005,2005-05-23,28.18228234982081,True
Shimla,2005,2005-05-24,29.51947670087054,True
Shimla,2005,2005-05-25,28.473218151448975,True
Shimla,2005,2005-05-26,26.900111194765884,True
Shimla,2005,2005-05-27,25.88713556692818,True
Shimla,2005,2005-05-28,23.252696909124722,True
Shimla,2005,2005-05-29,24.83648478332651,True
Shimla,2005,2005-05-30,25.615325142530196,True
Shimla,2005,2005-05-31,26.721176249076052,True
Shimla,2005,2005-06-01,27.076670609739892,True
Shimla,2005,2005-06-02,27.394982139613376,True
Shimla,2005,2005-06-03,27.304036104149134,True
Shimla,2005,2005-06-04,25.902698810301217,True
Shimla,2005,2005-06-05,25.346095274181266,True
Shimla,2005,2005-06-06,25.28053490512798,True
Shimla,2005,2005-06-07,25.57544892864962,True
Shimla,2005,2005-06-08,25.601041719436296,True
Shimla,2005,2005-06-09,25.39488578638816,True
Shimla,2005,2005-06-10,24.94591500934297,True
Shimla,2005,2005-06-11,24.371875183382997,True
Shimla,2005,2005-06-12,24.05838482442482,True
Shimla,2005,2005-06-13,23.492708116875633,True
Shimla,2005,2005-06-14,24.72521666469453,True
Shimla,2005,2005-06-15,25.433072676427173,True
Shimla,2005,2005-06-16,24.37387823300304,True
Shimla,2005,2005-06-17,24.205716506603835,True
Shimla,2005,2005-06-18,24.523106772365168,True
Shimla,2005,2005-06-19,25.1799335909364,True
Shimla,2005,2005-06-20,25.342358592585242,True
Shimla,2005,2005-06-21,25.5005541117024,True
Shimla,2005,2005-06-22,26.506500461586597,True
Shimla,2005,2005-06-23,27.071094054073512,True
Shimla,2005,2005-06-24,26.42921749493013,True
Shimla,2005,2005-06-25,26.40683401741751,True
Shimla,2005,2005-06-26,26.204605345414166,True
Shimla,2005,2005-06-27,25.485107285529466,True
Shimla,2005,2005-06-28,25.51316063068566,True
Shimla,2005,2005-06-29,25.49907115847526,True
Shimla,2005,2005-06-30,25.75024542312042,True
Shimla,2005,2005-07-01,27.2556222429252,True
Shimla,2005,2005-07-02,27.663500527506585,True
Shimla,2005,2005-07-03,28.089892479135358,True
Shimla,2005,2005-07-04,28.481639309030243,True
Shimla,2005,2005-07-05,27.08946576813645,True
Shimla,2005,2005-07-06,27.141693381108155,True
Shimla,2005,2005-07-07,26.827799118995756,True
Shimla,2005,2005-07-08,24.63282886441749,True
Shimla,2005,2005-07-09,25.377119096994306,True
Shimla,2005,2005-07-10,25.436102567024477,True
Shimla,2005,2005-07-11,25.74185589967709,True
Shimla,2005,2005-07-12,25.610326683342976,True
Shimla,2005,2005-07-13,25.94015050867978,True
Shimla,2005,2005-07-14,25.878427733223532,True
Shimla,2005,2005-07-15,25.612712519790932,True
Shimla,2005,2005-07-16,25.698075669454852,True
Shimla,2005,2005-07-17,25.77032332374455,True
Shimla,2005,2005-07-18,25.95419204351481,True
Shimla,2005,2005-07-19,26.141015461063546,True
Shimla,2005,2005-07-20,26.429142746221657,True
Shimla,2005,2005-07-21,25.592630760403154,True
Shimla,2005,2005-07-22,25.500709196963896,True
Shimla,2005,2005-07-23,25.56696545043519,True
Shimla,2005,2005-07-24,25.49344054107621,True
Shimla,2005,2005-07-25,25.710148580942416,True
Shimla,2005,2005-07-26,26.04421696990022,True
Shimla,2005,2005-07-27,26.42850398293092,True
Shimla,2005,2005-07-28,26.090242847468858,True
Shimla,2005,2005-07-29,25.52168002758316,True
Shimla,2005,2005-07-30,25.218317971588704,True
Shimla,2005,2005-07-31,25.9032642321215,True
Shimla,2005,2005-08-01,25.980793912232343,True
Shimla,2005,2005-08-02,26.30261224485514,True
Shimla,2005,2005-08-03,26.71496591460584,True
Shimla,2005,2005-08-04,26.661745073260192,True
Shimla,2005,2005-08-05,26.42911168255506,True
Shimla,2005,2005-08-06,26.663383398368524,True
Shimla,2005,2005-08-07,26.907558996878947,True
Shimla,2005,2005-08-08,26.536880779736464,True
Shimla,2005,2005-08-09,26.669087555396572,True
Shimla,2005,2005-08-10,26.831109509680857,True
Shimla,2005,2005-08-11,27.061257102049012,True
Shimla,2005,2005-08-12,27.119973856309002,True
Shimla,2005,2005-08-13,26.93894151776692,True
Shimla,2005,2005-08-14,26.26937081403355,True
Shimla,2005,2005-08-15,25.561243329265437,True
Shimla,2005,2005-08-16,25.44983211432168,True
Shimla,2005,2005-08-17,25.508915933794015,True
Shimla,2005,2005-08-18,25.91753242724235,True
Shimla,2005,2005-08-19,26.172553598953755,True
Shimla,2005,2005-08-20,26.237335357572874,True
Shimla,2005,2005-08-21,26.573658361321634,True
Shimla,2005,2005-08-22,26.914613193631794,True
Shimla,2005,2005-08-23,27.19154655816169,True
Shimla,2005,2005-08-24,27.574453065063153,True
Shimla,2005,2005-08-25,27.602470546308325,True
Shimla,2005,2005-08-26,27.729250520946096,True
Shimla,2005,2005-08-27,27.705728713764245,True
Shimla,2005,2005-08-28,27.468376482529266,True
Shimla,2005,2005-08-29,27.714576254633982,True
Shimla,2005,2005-08-30,27.369207470948083,True
Shimla,2005,2005-08-31,27.368634167109406,True
Shimla,2005,2005-09-01,27.20498764481681,True
Shimla,2005,2005-09-02,26.986908189872736,True
Shimla,2005,2005-09-03,26.880177963350548,True
Shimla,2005,2005-09-04,27.002885433432652,True
Shimla,2005,2005-09-05,26.793890031025512,True
Shimla,2005,2005-09-06,26.303794505215706,True
Shimla,2005,2005-09-07,26.334091300652403,True
Shimla,2005,2005-09-08,26.289360212232964,True
Shimla,2005,2005-09-09,26.30804704836254,True
Shimla,2005,2005-09-10,26.272588755579932,True
Shimla,2005,2005-09-11,26.099034608712884,True
Shimla,2005,2005-09-12,26.19637102765853,True
Shimla,2005,2005-09-13,26.27072333335002,True
Shimla,2005,2005-09-14,25.801064941155573,True
Shimla,2005,2005-09-15,25.739473571374447,True
Shimla,2005,2005-09-16,25.43301705656313,True
Shimla,2005,2005-09-17,25.409482783535736,True
Shimla,2005,2005-09-18,25.454437553244645,True
Shimla,2005,2005-09-19,25.528965638952968,True
Shimla,2005,2005-09-20,26.019694396935392,True
Shimla,2005,2005-09-21,26.361004336395013,True
Shimla,2005,2005-09-22,25.88766297316141,True
Shimla,2005,2005-09-23,25.409523013131263,True
Shimla,2005,2005-09-24,24.657821401941533,True
Shimla,2005,2005-09-25,24.84951730272809,True
Shimla,2005,2005-09-26,25.191428215961082,True
Shimla,2005,2005-09-27,24.838696472219738,True
Shimla,2005,2005-09-28,24.103127592476312,True
Shimla,2005,2005-09-29,24.558379711569444,True
Shimla,2005,2005-09-30,24.27739258587593,True
Shimla,2005,2005-10-01,24.026551910916282,True
Shimla,2005,2005-10-02,23.477301400990257,True
Shimla,2005,2005-10-03,24.033480368018672,True
Shimla,2005,2005-10-04,25.311918587682385,True
Shimla,2005,2005-10-05,25.324029885512573,True
Shimla,2005,2005-10-06,24.23833436246491,True
Shimla,2005,2005-10-07,24.040163946528253,True
Shimla,2005,2005-10-08,23.618289535894917,True
Shimla,2005,2005-10-09,23.634604781948724,True
Shimla,2005,2005-10-10,23.57980824711757,True
Shimla,2005,2005-10-11,23.482770074336372,True
Shimla,2005,2005-10-12,23.4879103518507,True
Shimla,2005,2005-10-13,23.03752046780221,True
Shimla,2005,2005-10-14,23.10627606304729,True
Shimla,2005,2005-10-15,22.762287778166865,True
Shimla,2005,2005-10-16,22.42453333538765,True
Shimla,2005,2005-10-17,22.71777013957717,True
Shimla,2005,2005-10-18,22.94658588309659,True
Shimla,2005,2005-10-19,22.391946501148595,True
Shimla,2005,2005-10-20,21.728894564506447,True
Shimla,2005,2005-10-21,21.762650629500115,True
Shimla,2005,2005-10-22,21.597052899549908,True
Shimla,2005,2005-10-23,21.325990180139797,True
Shimla,2005,2005-10-24,21.41656051330716,True
Shimla,2005,2005-10-25,21.074788211635394,True
Shimla,2005,2005-10-26,20.939998063345456,True
Shimla,2005,2005-10-27,21.366304894618622,True
Shimla,2005,2005-10-28,21.855832206574973,True
Shimla,2005,2005-10-29,21.350085455329747,True
Shimla,2005,2005-10-30,20.357595745530432,True
Shimla,2005,2005-10-31,19.879729691293107,True
Shimla,2005,2005-11-01,19.93059266033174,True
Shimla,2005,2005-11-02,20.47304945640542,True
Shimla,2005,2005-11-03,20.292372853136897,True
Shimla,2005,2005-11-04,21.145794217668936,True
Shimla,2005,2005-11-05,19.833572522403813,True
Shimla,2005,2005-11-06,19.887554297632676,True
Shimla,2005,2005-11-07,19.78362529866189,True
Shimla,2005,2005-11-08,19.38845791421045,True
Shimla,2005,2005-11-09,19.886178960218615,True
Shimla,2005,2005-11-10,18.589840483344858,True
Shimla,2005,2005-11-11,18.042288353916263,True
Shimla,2005,2005-11-12,19.576449181125895,True
Shimla,2005,2005-11-13,19.983422482000094,True
Shimla,2005,2005-11-14,20.48616577912395,True
Shimla,2005,2005-11-15,21.282734198080448,True
Shimla,2005,2005-11-16,20.31821470297575,True
Shimla,2005,2005-11-17,19.411907424347817,True
Shimla,2005,2005-11-18,17.015138071988872,True
Shimla,2005,2005-11-19,18.091558520837793,True
Shimla,2005,2005-11-20,18.727662514844155,True
Shimla,2005,2005-11-21,19.141614281737475,True
Shimla,2005,2005-11-22,18.148966289786472,True
Shimla,2005,2005-11-23,18.323509226115448,True
Shimla,2005,2005-11-24,18.865625890672447,True
Shimla,2005,2005-11-25,19.01121289015549,True
Shimla,2005,2005-11-26,18.991198239916287,True
Shimla,2005,2005-11-27,17.78995719939786,True
Shimla,2005,2005-11-28,18.469692947235444,True
Shimla,2005,2005-11-29,16.369360026346953,True
Shimla,2005,2005-11-30,16.970345931315137,True
Shimla,2005,2005-12-01,16.96164272695745,True
Shimla,2005,2005-12-02,17.4047672742729,True
Shimla,2005,2005-12-03,16.712878782904284,True
Shimla,2005,2005-12-04,15.536565334885267,True
Shimla,2005,2005-12-05,17.18885885720823,True
Shimla,2005,2005-12-06,17.579487796105923,True
Shimla,2005,2005-12-07,17.16599236967579,True
Shimla,2005,2005-12-08,16.1860200277722,True
Shimla,2005,2005-12-09,15.615467292441167,True
Shimla,2005,2005-12-10,14.867928275889767,True
Shimla,2005,2005-12-11,16.28253673324366,True
Shimla,2005,2005-12-12,16.69614797731299,True
Shimla,2005,2005-12-13,16.853982682870935,True
Shimla,2005,2005-12-14,16.745989540687674,True
Shimla,2005,2005-12-15,16.10853614395296,True
Shimla,2005,2005-12-16,15.811141970548135,True
Shimla,2005,2005-12-17,14.908280566497979,True
Shimla,2005,2005-12-18,15.220426092164189,True
Shimla,2005,2005-12-19,15.304295539142629,True
Shimla,2005,2005-12-20,15.198170166494322,True
Shimla,2005,2005-12-21,15.682969585648493,True
Shimla,2005,2005-12-22,15.656768675228875,True
Shimla,2005,2005-12-23,15.542081178022272,True
Shimla,2005,2005-12-24,15.59090582977774,True
Shimla,2005,2005-12-25,14.945081606967847,True
Shimla,2005,2005-12-26,13.733882261748022,True
Shimla,2005,2005-12-27,12.965630276453453,True
Shimla,2005,2005-12-28,13.420025035538515,True
Shimla,2005,2005-12-29,14.299288906181687,True
Shimla,2005,2005-12-30,14.679464055205472,True
Shimla,2005,2005-12-31,14.677741640612965,True
Shimla,2007,2007-01-01,13.82366397787996,True
Shimla,2007,2007-01-02,13.975496129438966,True
Shimla,2007,2007-01-03,14.18120080257296,True
Shimla,2007,2007-01-04,13.728981466966331,True
Shimla,2007,2007-01-05,13.432506489513571,True
Shimla,2007,2007-01-06,12.961891306026871,True
Shimla,2007,2007-01-07,13.388119499821755,True
Shimla,2007,2007-01-08,15.025070571134563,True
Shimla,2007,2007-01-09,15.696488135219283,True
Shimla,2007,2007-01-10,15.247849857141318,True
Shimla,2007,2007-01-11,14.65358084750784,True
Shimla,2007,2007-01-12,13.352098635849245,True
Shimla,2007,2007-01-13,12.186047555826178,True
Shimla,2007,2007-01-14,10.003782096317423,True
Shimla,2007,2007-01-15,9.910954878355824,True
Shimla,2007,2007-01-16,10.92747356403305,True
Shimla,2007,2007-01-17,11.838808979292025,True
Shimla,2007,2007-01-18,12.34277018184605,True
Shimla,2007,2007-01-19,12.769044629490168,True
Shimla,2007,2007-01-20,12.279153109191725,True
Shimla,2007,2007-01-21,12.066368603062415,True
Shimla,2007,2007-01-22,12.351700101589643,True
Shimla,2007,2007-01-23,12.762548063088786,True
Shimla,2007,2007-01-24,13.782582140638283,True
Shimla,2007,2007-01-25,14.316258166617729,True
Shimla,2007,2007-01-26,13.913720435675373,True
Shimla,2007,2007-01-27,13.010744950868855,True
Shimla,2007,2007-01-28,12.475032388318652,True
Shimla,2007,2007-01-29,13.57464796885705,True
Shimla,2007,2007-01-30,14.77748020372212,True
Shimla,2007,2007-01-31,16.59998034595452,True
Shimla,2007,2007-02-01,17.00876725049102,True
Shimla,2007,2007-02-02,17.540921391665904,True
Shimla,2007,2007-02-03,17.414111479081953,True
Shimla,2007,2007-02-04,17.56229344472115,True
Shimla,2007,2007-02-05,16.874964422563153,True
Shimla,2007,2007-02-06,16.01399423430962,True
Shimla,2007,2007-02-07,15.758626669306693,True
Shimla,2007,2007-02-08,15.838842441606687,True
Shimla,2007,2007-02-09,13.738788170093017,True
Shimla,2007,2007-02-10,13.390264453190639,True
Shimla,2007,2007-02-11,13.87314278812903,True
Shimla,2007,2007-02-12,14.547583491344994,True
Shimla,2007,2007-02-13,15.776084774279127,True
Shimla,2007,2007-02-14,16.79123414104515,True
Shimla,2007,2007-02-15,14.92968758489343,True
Shimla,2007,2007-02-16,15.31428535460816,True
Shimla,2007,2007-02-17,16.314172488241013,True
Shimla,2007,2007-02-18,17.90780332329649,True
Shimla,2007,2007-02-19,18.08890425784716,True
Shimla,2007,2007-02-20,19.199377224372427,True
Shimla,2007,2007-02-21,19.568219338284052,True
Shimla,2007,2007-02-22,19.639335979175087,True
Shimla,2007,2007-02-23,20.43810371327595,True
Shimla,2007,2007-02-24,21.0067665781462,True
Shimla,2007,2007-02-25,19.997072875827087,True
Shimla,2007,2007-02-26,19.517408962269883,True
Shimla,2007,2007-02-27,19.629187946941784,True
Shimla,2007,2007-02-28,19.417561693720984,True
Shimla,2007,2007-03-01,18.76403174676892,True
Shimla,2007,2007-03-02,18.77893745252021,True
Shimla,2007,2007-03-03,17.902974301198583,True
Shimla,2007,2007-03-04,18.102568701880898,True
Shimla,2007,2007-03-05,17.487613007153186,True
Shimla,2007,2007-03-06,16.992589241336532,True
Shimla,2007,2007-03-07,16.96379178000103,True
Shimla,2007,2007-03-08,16.599768418723443,True
Shimla,2007,2007-03-09,15.729997212901765,True
Shimla,2007,2007-03-10,16.84562451324433,True
Shimla,2007,2007-03-11,17.07697768528385,True
Shimla,2007,2007-03-12,16.047721834564072,True
Shimla,2007,2007-03-13,15.46087791945672,True
Shimla,2007,2007-03-14,15.058534054096754,True
Shimla,2007,2007-03-15,15.432293030873211,True
Shimla,2007,2007-03-16,17.639640089637737,True
Shimla,2007,2007-03-17,19.578606543695116,True
Shimla,2007,2007-03-18,20.450270558446107,True
Shimla,2007,2007-03-19,20.03221869908549,True
Shimla,2007,2007-03-20,20.354027497274956,True
Shimla,2007,2007-03-21,20.03295682301757,True
Shimla,2007,2007-03-22,18.499043677264467,True
Shimla,2007,2007-03-23,16.850645216082,True
Shimla,2007,2007-03-24,19.55548854082292,True
Shimla,2007,2007-03-25,21.24983560688389,True
Shimla,2007,2007-03-26,23.215354515184515,True
Shimla,2007,2007-03-27,23.316891913173777,True
Shimla,2007,2007-03-28,22.892432170985103,True
Shimla,2007,2007-03-29,22.27753406213128,True
Shimla,2007,2007-03-30,22.285957224376887,True
Shimla,2007,2007-03-31,21.14767509559374,True
Shimla,2007,2007-04-01,21.569631598857143,True
Shimla,2007,2007-04-02,21.748426232039094,True
Shimla,2007,2007-04-03,22.612073236574304,True
Shimla,2007,2007-04-04,23.33666514305179,True
Shimla,2007,2007-04-05,22.72505013030502,True
Shimla,2007,2007-04-06,20.911300725771184,True
Shimla,2007,2007-04-07,20.404284009024764,True
Shimla,2007,2007-04-08,21.153647314842942,True
Shimla,2007,2007-04-09,24.00145574663759,True
Shimla,2007,2007-04-10,25.158329150043983,True
Shimla,2007,2007-04-11,25.06076502252921,True
Shimla,2007,2007-04-12,25.35870918452514,True
Shimla,2007,2007-04-13,25.388373125335193,True
Shimla,2007,2007-04-14,24.278249722609985,True
Shimla,2007,2007-04-15,22.87224965602985,True
Shimla,2007,2007-04-16,20.931593706560705,True
Shimla,2007,2007-04-17,20.728979309583792,True
Shimla,2007,2007-04-18,20.682042631308775,True
Shimla,2007,2007-04-19,21.575028935276237,True
Shimla,2007,2007-04-20,23.819148967184958,True
Shimla,2007,2007-04-21,23.748332119284726,True
Shimla,2007,2007-04-22,25.121065496592678,True
Shimla,2007,2007-04-23,25.544640006926215,True
Shimla,2007,2007-04-24,25.895139460591224,True
Shimla,2007,2007-04-25,24.70167174324928,True
Shimla,2007,2007-04-26,23.21036895854843,True
Shimla,2007,2007-04-27,21.88618850274804,True
Shimla,2007,2007-04-28,20.461176515462626,True
Shimla,2007,2007-04-29,19.645648216017946,True
Shimla,2007,2007-04-30,20.07084181181574,True
Shimla,2007,2007-05-01,21.46645879205869,True
Shimla,2007,2007-05-02,20.99356475315892,True
Shimla,2007,2007-05-03,21.43744484701483,True
Shimla,2007,2007-05-04,21.723091022182018,True
Shimla,2007,2007-05-05,20.906725126425613,True
Shimla,2007,2007-05-06,21.30351839405688,True
Shimla,2007,2007-05-07,22.01936641781208,True
Shimla,2007,2007-05-08,23.83522933634771,True
Shimla,2007,2007-05-09,25.206866193058204,True
Shimla,2007,2007-05-10,25.334222682910422,True
Shimla,2007,2007-05-11,25.27079259925631,True
Shimla,2007,2007-05-12,25.180127877964708,True
Shimla,2007,2007-05-13,24.281201879519074,True
Shimla,2007,2007-05-14,23.50993634392802,True
Shimla,2007,2007-05-15,23.352620374987623,True
Shimla,2007,2007-05-16,22.415355367432312,True
Shimla,2007,2007-05-17,23.725539700029344,True
Shimla,2007,2007-05-18,22.984482162421727,True
Shimla,2007,2007-05-19,24.690305253188058,True
Shimla,2007,2007-05-20,25.065077940483206,True
Shimla,2007,2007-05-21,25.0558397697705,True
Shimla,2007,2007-05-22,25.317933817307733,True
Shimla,2007,2007-05-23,25.178381304946356,True
Shimla,2007,2007-05-24,25.366983801748006,True
Shimla,2007,2007-05-25,25.24978037835848,True
Shimla,2007,2007-05-26,25.487070957802473,True
Shimla,2007,2007-05-27,25.158548724350567,True
Shimla,2007,2007-05-28,25.372163367197516,True
Shimla,2007,2007-05-29,25.736918254636407,True
Shimla,2007,2007-05-30,25.874164887077825,True
Shimla,2007,2007-05-31,25.519846356654284,True
Shimla,2007,2007-06-01,25.642857927187322,True
Shimla,2007,2007-06-02,25.457397974511025,True
Shimla,2007,2007-06-03,24.809146675736997,True
Shimla,2007,2007-06-04,24.904458882436188,True
Shimla,2007,2007-06-05,25.352066826780117,True
Shimla,2007,2007-06-06,24.99897760775275,True
Shimla,2007,2007-06-07,24.138737357569596,True
Shimla,2007,2007-06-08,23.270824093998158,True
Shimla,2007,2007-06-09,22.95735687138921,True
Shimla,2007,2007-06-10,24.05158626667219,True
Shimla,2007,2007-06-11,24.997359475088615,True
Shimla,2007,2007-06-12,25.157582460414062,True
Shimla,2007,2007-06-13,26.05532579685621,True
Shimla,2007,2007-06-14,26.672571572627305,True
Shimla,2007,2007-06-15,25.978785666482793,True
Shimla,2007,2007-06-16,25.453831087801063,True
Shimla,2007,2007-06-17,25.07878535237444,True
Shimla,2007,2007-06-18,25.21274889142535,True
Shimla,2007,2007-06-19,24.4827249653286,True
Shimla,2007,2007-06-20,24.55051677242693,True
Shimla,2007,2007-06-21,24.067034548748552,True
Shimla,2007,2007-06-22,25.172241330647466,True
Shimla,2007,2007-06-23,26.411449952074975,True
Shimla,2007,2007-06-24,26.935125974685775,True
Shimla,2007,2007-06-25,27.150199111274503,True
Shimla,2007,2007-06-26,27.235363933087,True
Shimla,2007,2007-06-27,27.023865111117402,True
Shimla,2007,2007-06-28,26.802859160387868,True
Shimla,2007,2007-06-29,26.837770044614842,True
Shimla,2007,2007-06-30,27.207625348252066,True
Shimla,2007,2007-07-01,26.530831068124996,True
Shimla,2007,2007-07-02,26.58105430782183,True
Shimla,2007,2007-07-03,25.97851815785873,True
Shimla,2007,2007-07-04,26.617288951488376,True
Shimla,2007,2007-07-05,27.26983419131443,True
Shimla,2007,2007-07-06,27.625865396450195,True
Shimla,2007,2007-07-07,27.693933708249745,True
Shimla,2007,2007-07-08,28.580946222843295,True
Shimla,2007,2007-07-09,28.911995576334107,True
Shimla,2007,2007-07-10,27.433936296501713,True
Shimla,2007,2007-07-11,26.640371943614127,True
Shimla,2007,2007-07-12,26.10910470694057,True
Shimla,2007,2007-07-13,26.250244840352423,True
Shimla,2007,2007-07-14,26.338205194491138,True
Shimla,2007,2007-07-15,26.46886280142104,True
Shimla,2007,2007-07-16,26.341291969078384,True
Shimla,2007,2007-07-17,25.71528740715189,True
Shimla,2007,2007-07-18,25.768700977731555,True
Shimla,2007,2007-07-19,25.935731288178204,True
Shimla,2007,2007-07-20,25.96708180135124,True
Shimla,2007,2007-07-21,26.183049673469384,True
Shimla,2007,2007-07-22,26.23432793669525,True
Shimla,2007,2007-07-23,25.828964177919147,True
Shimla,2007,2007-07-24,25.870790355299846,True
Shimla,2007,2007-07-25,25.984480078587296,True
Shimla,2007,2007-07-26,26.047053759650737,True
Shimla,2007,2007-07-27,26.158119649574758,True
Shimla,2007,2007-07-28,26.52546306352815,True
Shimla,2007,2007-07-29,26.48321124236753,True
Shimla,2007,2007-07-30,26.674905366156793,True
Shimla,2007,2007-07-31,26.852459978459706,True
Shimla,2007,2007-08-01,26.826407669657726,True
Shimla,2007,2007-08-02,26.57806192679584,True
Shimla,2007,2007-08-03,26.697432236357372,True
Shimla,2007,2007-08-04,26.264863395481598,True
Shimla,2007,2007-08-05,26.414175778065555,True
Shimla,2007,2007-08-06,26.32128623161327,True
Shimla,2007,2007-08-07,26.698199399571536,True
Shimla,2007,2007-08-08,26.690875481876617,True
Shimla,2007,2007-08-09,26.470298360034576,True
Shimla,2007,2007-08-10,26.747341979181897,True
Shimla,2007,2007-08-11,26.276071591255402,True
Shimla,2007,2007-08-12,26.047940909813804,True
Shimla,2007,2007-08-13,26.50726062345933,True
Shimla,2007,2007-08-14,26.916678235340612,True
Shimla,2007,2007-08-15,27.133930182805557,True
Shimla,2007,2007-08-16,26.397410581751046,True
Shimla,2007,2007-08-17,26.265944376810694,True
Shimla,2007,2007-08-18,26.30356538700363,True
Shimla,2007,2007-08-19,26.82043352106018,True
Shimla,2007,2007-08-20,27.18155365273344,True
Shimla,2007,2007-08-21,26.7167850692353,True
Shimla,2007,2007-08-22,27.029928150999808,True
Shimla,2007,2007-08-23,26.829704970910598,True
Shimla,2007,2007-08-24,26.777307097006087,True
Shimla,2007,2007-08-25,26.96187561795307,True
Shimla,2007,2007-08-26,26.99045344960581,True
Shimla,2007,2007-08-27,27.281446706413135,True
Shimla,2007,2007-08-28,27.560877653307045,True
Shimla,2007,2007-08-29,27.063802062951254,True
Shimla,2007,2007-08-30,26.941244347626935,True
Shimla,2007,2007-08-31,27.035421378950446,True
Shimla,2007,2007-09-01,26.38989282157155,True
Shimla,2007,2007-09-02,25.970358155799943,True
Shimla,2007,2007-09-03,24.897097453190895,True
Shimla,2007,2007-09-04,25.403928676396674,True
Shimla,2007,2007-09-05,24.86065009213172,True
Shimla,2007,2007-09-06,24.438676040108874,True
Shimla,2007,2007-09-07,24.6964706772701,True
Shimla,2007,2007-09-08,25.634111239330196,True
Shimla,2007,2007-09-09,26.2196061624482,True
Shimla,2007,2007-09-10,26.763082919188548,True
Shimla,2007,2007-09-11,26.791479839572446,True
Shimla,2007,2007-09-12,26.093567149264572,True
Shimla,2007,2007-09-13,26.0312101549801,True
Shimla,2007,2007-09-14,25.837802109618053,True
Shimla,2007,2007-09-15,25.109368195830996,True
Shimla,2007,2007-09-16,24.51860913381637,True
Shimla,2007,2007-09-17,24.15242792485884,True
Shimla,2007,2007-09-18,22.626358333699557,True
Shimla,2007,2007-09-19,22.51232111212846,True
Shimla,2007,2007-09-20,23.328020685946456,True
Shimla,2007,2007-09-21,24.31334182862338,True
Shimla,2007,2007-09-22,24.89647889850471,True
Shimla,2007,2007-09-23,24.704938986725892,True
Shimla,2007,2007-09-24,24.80616148274663,True
Shimla,2007,2007-09-25,24.829511935442156,True
Shimla,2007,2007-09-26,24.737144479679216,True
Shimla,2007,2007-09-27,24.598516372026495,True
Shimla,2007,2007-09-28,24.170700592719925,True
Shimla,2007,2007-09-29,24.105982977162967,True
Shimla,2007,2007-09-30,24.719677173407717,True
Shimla,2007,2007-10-01,24.954929297124295,True
Shimla,2007,2007-10-02,24.764822303528604,True
Shimla,2007,2007-10-03,24.194288509053138,True
Shimla,2007,2007-10-04,24.474318979057102,True
Shimla,2007,2007-10-05,24.5786884619867,True
Shimla,2007,2007-10-06,23.941298955441425,True
Shimla,2007,2007-10-07,23.104547390992366,True
Shimla,2007,2007-10-08,22.73467979391222,True
Shimla,2007,2007-10-09,21.394031727113145,True
Shimla,2007,2007-10-10,22.17468867464072,True
Shimla,2007,2007-10-11,20.73436510844914,True
Shimla,2007,2007-10-12,21.312732277454586,True
Shimla,2007,2007-10-13,21.536291753114824,True
Shimla,2007,2007-10-14,22.31271548905437,True
Shimla,2007,2007-10-15,22.36481944504561,True
Shimla,2007,2007-10-16,22.70251754918513,True
Shimla,2007,2007-10-17,22.842350805926685,True
Shimla,2007,2007-10-18,22.991232834492166,True
Shimla,2007,2007-10-19,22.012143400409627,True
Shimla,2007,2007-10-20,23.328481417547778,True
Shimla,2007,2007-10-21,23.233416918095998,True
Shimla,2007,2007-10-22,22.556326358910894,True
Shimla,2007,2007-10-23,22.223475211693426,True
Shimla,2007,2007-10-24,22.29987979599565,True
Shimla,2007,2007-10-25,22.348345697655702,True
Shimla,2007,2007-10-26,21.342519759019012,True
Shimla,2007,2007-10-27,22.13486976853909,True
Shimla,2007,2007-10-28,22.342842210280878,True
Shimla,2007,2007-10-29,21.81264051340071,True
Shimla,2007,2007-10-30,21.463978167294385,True
Shimla,2007,2007-10-31,21.22717351978679,True
Shimla,2007,2007-11-01,21.023288326726288,True
Shimla,2007,2007-11-02,20.355158420191913,True
Shimla,2007,2007-11-03,20.142349209634403,True
Shimla,2007,2007-11-04,19.971923345455025,True
Shimla,2007,2007-11-05,19.449557933931374,True
Shimla,2007,2007-11-06,18.793114429275477,True
Shimla,2007,2007-11-07,18.765219401309537,True
Shimla,2007,2007-11-08,19.785914961164394,True
Shimla,2007,2007-11-09,19.164698621059074,True
Shimla,2007,2007-11-10,18.942299620903896,True
Shimla,2007,2007-11-11,19.541505873488063,True
Shimla,2007,2007-11-12,20.4599310851101,True
Shimla,2007,2007-11-13,20.567634859731243,True
Shimla,2007,2007-11-14,19.828796206020854,True
Shimla,2007,2007-11-15,19.787169378557905,True
Shimla,2007,2007-11-16,20.40166775093627,True
Shimla,2007,2007-11-17,20.32963092195712,True
Shimla,2007,2007-11-18,20.276832813974238,True
Shimla,2007,2007-11-19,20.431187415858403,True
Shimla,2007,2007-11-20,19.993509644634514,True
Shimla,2007,2007-11-21,20.071106271744213,True
Shimla,2007,2007-11-22,19.031789905647997,True
Shimla,2007,2007-11-23,17.55383121820381,True
Shimla,2007,2007-11-24,16.753662078224522,True
Shimla,2007,2007-11-25,16.203749841947342,True
Shimla,2007,2007-11-26,15.801547600019603,True
Shimla,2007,2007-11-27,15.634251157593724,True
Shimla,2007,2007-11-28,16.19722333064925,True
Shimla,2007,2007-11-29,17.056960057426807,True
Shimla,2007,2007-11-30,17.2019220528029,True
Shimla,2007,2007-12-01,16.87143757353806,True
Shimla,2007,2007-12-02,17.173577218024832,True
Shimla,2007,2007-12-03,17.138201023382635,True
Shimla,2007,2007-12-04,18.182757406245116,True
Shimla,2007,2007-12-05,18.302302302628448,True
Shimla,2007,2007-12-06,17.4743574365437,True
Shimla,2007,2007-12-07,17.205986110826643,True
Shimla,2007,2007-12-08,16.50949113105156,True
Shimla,2007,2007-12-09,16.648150331687305,True
Shimla,2007,2007-12-10,17.6838249269191,True
Shimla,2007,2007-12-11,17.419431968362517,True
Shimla,2007,2007-12-12,16.132232565097354,True
Shimla,2007,2007-12-13,16.028512273278864,True
Shimla,2007,2007-12-14,15.725666711378324,True
Shimla,2007,2007-12-15,14.73115939490134,True
Shimla,2007,2007-12-16,13.6472727278192,True
Shimla,2007,2007-12-17,14.90759636678024,True
Shimla,2007,2007-12-18,15.786401692493996,True
Shimla,2007,2007-12-19,16.71463596229671,True
Shimla,2007,2007-12-20,16.107583803030934,True
Shimla,2007,2007-12-21,14.093364018906072,True
Shimla,2007,2007-12-22,14.847505905457297,True
Shimla,2007,2007-12-23,14.530927433544036,True
Shimla,2007,2007-12-24,13.686863210538831,True
Shimla,2007,2007-12-25,14.670019691004654,True
Shimla,2007,2007-12-26,14.576659941913533,True
Shimla,2007,2007-12-27,14.066947877035773,True
Shimla,2007,2007-12-28,12.4784491932229,True
Shimla,2007,2007-12-29,13.960437717723437,True
Shimla,2007,2007-12-30,14.605743424319144,True
Shimla,2007,2007-12-31,15.097542350709716,True
Shimla,2009,2009-01-01,14.58655322364848,True
Shimla,2009,2009-01-02,13.521176650693008,True
Shimla,2009,2009-01-03,14.484181291092796,True
Shimla,2009,2009-01-04,13.282163740339058,True
Shimla,2009,2009-01-05,13.221102787454072,True
Shimla,2009,2009-01-06,12.650300110405738,True
Shimla,2009,2009-01-07,12.648545291842822,True
Shimla,2009,2009-01-08,13.328589065947313,True
Shimla,2009,2009-01-09,12.659571081895479,True
Shimla,2009,2009-01-10,14.942506167329896,True
Shimla,2009,2009-01-11,12.811176362210915,True
Shimla,2009,2009-01-12,14.506168715675528,True
Shimla,2009,2009-01-13,14.307132683631096,True
Shimla,2009,2009-01-14,13.844597151757341,True
Shimla,2009,2009-01-15,12.953463098865086,True
Shimla,2009,2009-01-16,12.117443008599992,True
Shimla,2009,2009-01-17,12.486627244910494,True
Shimla,2009,2009-01-18,10.67378872522039,True
Shimla,2009,2009-01-19,11.577037845462598,True
Shimla,2009,2009-01-20,12.386301471291858,True
Shimla,2009,2009-01-21,11.738970603374185,True
Shimla,2009,2009-01-22,11.305737408841878,True
Shimla,2009,2009-01-23,11.800859041937656,True
Shimla,2009,2009-01-24,11.460150696309597,True
Shimla,2009,2009-01-25,12.522062000208336,True
Shimla,2009,2009-01-26,12.6052495981736,True
Shimla,2009,2009-01-27,12.922173943508142,True
Shimla,2009,2009-01-28,14.448550397687086,True
Shimla,2009,2009-01-29,15.003599490781653,True
Shimla,2009,2009-01-30,15.33836652865324,True
Shimla,2009,2009-01-31,15.184977718699145,True
Shimla,2009,2009-02-01,14.523152277736756,True
Shimla,2009,2009-02-02,13.907844038815483,True
Shimla,2009,2009-02-03,13.544804637520883,True
Shimla,2009,2009-02-04,13.476536357982525,True
Shimla,2009,2009-02-05,13.826653644757357,True
Shimla,2009,2009-02-06,13.505096576649578,True
Shimla,2009,2009-02-07,14.402836116326512,True
Shimla,2009,2009-02-08,14.29697226803603,True
Shimla,2009,2009-02-09,14.245829841665795,True
Shimla,2009,2009-02-10,14.899548114985862,True
Shimla,2009,2009-02-11,15.093839764987365,True
Shimla,2009,2009-02-12,14.83605002555612,True
Shimla,2009,2009-02-13,14.882976538606272,True
Shimla,2009,2009-02-14,17.481025388433636,True
Shimla,2009,2009-02-15,17.628612412481232,True
Shimla,2009,2009-02-16,16.877865229221925,True
Shimla,2009,2009-02-17,15.25348881318007,True
Shimla,2009,2009-02-18,13.956598033318699,True
Shimla,2009,2009-02-19,11.51692285096459,True
Shimla,2009,2009-02-20,11.570150974450371,True
Shimla,2009,2009-02-21,12.421859061856082,True
Shimla,2009,2009-02-22,12.461727876341342,True
Shimla,2009,2009-02-23,11.889614558757103,True
Shimla,2009,2009-02-24,12.354446974206098,True
Shimla,2009,2009-02-25,13.074130551094868,True
Shimla,2009,2009-02-26,12.671208983953022,True
Shimla,2009,2009-02-27,14.534013117536233,True
Shimla,2009,2009-02-28,15.462810030552248,True
Shimla,2009,2009-03-01,15.116790934753737,True
Shimla,2009,2009-03-02,15.414131057538384,True
Shimla,2009,2009-03-03,14.814709233599217,True
Shimla,2009,2009-03-04,14.453091797912975,True
Shimla,2009,2009-03-05,15.925499118271773,True
Shimla,2009,2009-03-06,16.56360084142699,True
Shimla,2009,2009-03-07,16.581421862100342,True
Shimla,2009,2009-03-08,17.447166957450804,True
Shimla,2009,2009-03-09,18.270675409871387,True
Shimla,2009,2009-03-10,19.079654141609183,True
Shimla,2009,2009-03-11,16.559116749936607,True
Shimla,2009,2009-03-12,16.00892809737104,True
Shimla,2009,2009-03-13,16.775778407374673,True
Shimla,2009,2009-03-14,17.502860162484012,True
Shimla,2009,2009-03-15,18.109317023889275,True
Shimla,2009,2009-03-16,17.85788080126821,True
Shimla,2009,2009-03-17,19.502396930929876,True
Shimla,2009,2009-03-18,19.909571489351606,True
Shimla,2009,2009-03-19,19.82118059608672,True
Shimla,2009,2009-03-20,19.29841803210121,True
Shimla,2009,2009-03-21,20.624991204792195,True
Shimla,2009,2009-03-22,21.86389747349432,True
Shimla,2009,2009-03-23,22.814878238922006,True
Shimla,2009,2009-03-24,23.031267125914553,True
Shimla,2009,2009-03-25,22.7336541364333,True
Shimla,2009,2009-03-26,22.60728037084317,True
Shimla,2009,2009-03-27,22.433473159589198,True
Shimla,2009,2009-03-28,23.011127344408067,True
Shimla,2009,2009-03-29,23.046421905781813,True
Shimla,2009,2009-03-30,23.70070181129563,True
Shimla,2009,2009-03-31,24.128129269360386,True
Shimla,2009,2009-04-01,24.428109260938243,True
Shimla,2009,2009-04-02,24.273989336945192,True
Shimla,2009,2009-04-03,23.316661945075168,True
Shimla,2009,2009-04-04,23.873779879146127,True
Shimla,2009,2009-04-05,23.18039283031476,True
Shimla,2009,2009-04-06,23.519692402101555,True
Shimla,2009,2009-04-07,23.91335490201368,True
Shimla,2009,2009-04-08,24.126998957537808,True
Shimla,2009,2009-04-09,24.56375120835378,True
Shimla,2009,2009-04-10,25.33833882255084,True
Shimla,2009,2009-04-11,25.164174543711,True
Shimla,2009,2009-04-12,24.973050327250633,True
Shimla,2009,2009-04-13,25.92404532736225,True
Shimla,2009,2009-04-14,26.28970535982586,True
Shimla,2009,2009-04-15,26.999998084027823,True
Shimla,2009,2009-04-16,26.42624439377198,True
Shimla,2009,2009-04-17,25.593079094996767,True
Shimla,2009,2009-04-18,24.974546592595686,True
Shimla,2009,2009-04-19,24.64167253045275,True
Shimla,2009,2009-04-20,25.58529458651617,True
Shimla,2009,2009-04-21,25.63456666427561,True
Shimla,2009,2009-04-22,25.082225644141886,True
Shimla,2009,2009-04-23,25.390382865808874,True
Shimla,2009,2009-04-24,25.12305046826623,True
Shimla,2009,2009-04-25,23.395242220336115,True
Shimla,2009,2009-04-26,21.240994123868347,True
Shimla,2009,2009-04-27,21.29010963842967,True
Shimla,2009,2009-04-28,21.985101650458944,True
Shimla,2009,2009-04-29,23.068723173452213,True
Shimla,2009,2009-04-30,23.769094513458015,True
Shimla,2009,2009-05-01,24.14662636501805,True
Shimla,2009,2009-05-02,24.583790672822147,True
Shimla,2009,2009-05-03,23.751752927745827,True
Shimla,2009,2009-05-04,22.56021261869853,True
Shimla,2009,2009-05-05,22.24251633424757,True
Shimla,2009,2009-05-06,22.100536315271142,True
Shimla,2009,2009-05-07,22.241053073348155,True
Shimla,2009,2009-05-08,22.274735320291143,True
Shimla,2009,2009-05-09,21.989103270798637,True
Shimla,2009,2009-05-10,22.67189810370803,True
Shimla,2009,2009-05-11,23.25332275861274,True
Shimla,2009,2009-05-12,24.26125505037396,True
Shimla,2009,2009-05-13,24.398994885239574,True
Shimla,2009,2009-05-14,24.548937700159797,True
Shimla,2009,2009-05-15,24.648096337416348,True
Shimla,2009,2009-05-16,25.30028905839788,True
Shimla,2009,2009-05-17,25.509436661878567,True
Shimla,2009,2009-05-18,25.017690239104695,True
Shimla,2009,2009-05-19,23.769777848154774,True
Shimla,2009,2009-05-20,22.772594460067182,True
Shimla,2009,2009-05-21,22.361421348943566,True
Shimla,2009,2009-05-22,22.908953210691834,True
Shimla,2009,2009-05-23,23.16121207763871,True
Shimla,2009,2009-05-24,23.1921591648304,True
Shimla,2009,2009-05-25,21.711884472062707,True
Shimla,2009,2009-05-26,22.605748829258516,True
Shimla,2009,2009-05-27,22.950695758851737,True
Shimla,2009,2009-05-28,24.73134450412664,True
Shimla,2009,2009-05-29,25.93946039467687,True
Shimla,2009,2009-05-30,26.305766820218082,True
Shimla,2009,2009-05-31,25.340111975119953,True
Shimla,2009,2009-06-01,25.212909091907875,True
Shimla,2009,2009-06-02,25.517838587277083,True
Shimla,2009,2009-06-03,25.182852308187364,True
Shimla,2009,2009-06-04,25.053073281262186,True
Shimla,2009,2009-06-05,24.76960477758854,True
Shimla,2009,2009-06-06,26.05573839043916,True
Shimla,2009,2009-06-07,28.127494640785926,True
Shimla,2009,2009-06-08,29.377168912247896,True
Shimla,2009,2009-06-09,30.292126050679087,True
Shimla,2009,2009-06-10,27.656036216957318,True
Shimla,2009,2009-06-11,26.229227561757796,True
Shimla,2009,2009-06-12,26.36565724732168,True
Shimla,2009,2009-06-13,27.034901821445715,True
Shimla,2009,2009-06-14,27.672538200816575,True
Shimla,2009,2009-06-15,27.6134075620742,True
Shimla,2009,2009-06-16,27.619081161755275,True
Shimla,2009,2009-06-17,26.82265898477135,True
Shimla,2009,2009-06-18,26.89829975719249,True
Shimla,2009,2009-06-19,27.188915008827053,True
Shimla,2009,2009-06-20,27.232232533089245,True
Shimla,2009,2009-06-21,27.455814913420397,True
Shimla,2009,2009-06-22,27.47111764191584,True
Shimla,2009,2009-06-23,27.704160909215602,True
Shimla,2009,2009-06-24,27.30947340681672,True
Shimla,2009,2009-06-25,27.0202961428173,True
Shimla,2009,2009-06-26,26.836977599836757,True
Shimla,2009,2009-06-27,27.009718471526526,True
Shimla,2009,2009-06-28,26.975158892237857,True
Shimla,2009,2009-06-29,27.075203658075452,True
Shimla,2009,2009-06-30,27.24921781554758,True
Shimla,2009,2009-07-01,27.71761245633627,True
Shimla,2009,2009-07-02,27.598509314190665,True
Shimla,2009,2009-07-03,27.749691910698175,True
Shimla,2009,2009-07-04,27.813642101156347,True
Shimla,2009,2009-07-05,28.765608822441322,True
Shimla,2009,2009-07-06,28.454656030015656,True
Shimla,2009,2009-07-07,27.76195763817549,True
Shimla,2009,2009-07-08,26.87246294348421,True
Shimla,2009,2009-07-09,26.50119563322494,True
Shimla,2009,2009-07-10,26.94529628327109,True
Shimla,2009,2009-07-11,26.486610350524302,True
Shimla,2009,2009-07-12,25.31599727843735,True
Shimla,2009,2009-07-13,25.470181042239687,True
Shimla,2009,2009-07-14,26.123109280557117,True
Shimla,2009,2009-07-15,26.38854537852535,True
Shimla,2009,2009-07-16,27.03061221457017,True
Shimla,2009,2009-07-17,26.868549619397015,True
Shimla,2009,2009-07-18,26.774823055458683,True
Shimla,2009,2009-07-19,25.8772264851234,True
Shimla,2009,2009-07-20,26.07641409552616,True
Shimla,2009,2009-07-21,26.50056567987866,True
Shimla,2009,2009-07-22,26.556932951804242,True
Shimla,2009,2009-07-23,26.96733586942969,True
Shimla,2009,2009-07-24,27.318755507544438,True
Shimla,2009,2009-07-25,27.545920985837142,True
Shimla,2009,2009-07-26,27.807422796894343,True
Shimla,2009,2009-07-27,28.410334416828846,True
Shimla,2009,2009-07-28,26.65032093834128,True
Shimla,2009,2009-07-29,26.064841543189516,True
Shimla,2009,2009-07-30,26.112361416588556,True
Shimla,2009,2009-07-31,26.030549496787728,True
Shimla,2009,2009-08-01,25.705168398580213,True
Shimla,2009,2009-08-02,25.601360741593737,True
Shimla,2009,2009-08-03,26.338612103530522,True
Shimla,2009,2009-08-04,26.109490324860474,True
Shimla,2009,2009-08-05,25.018387250454737,True
Shimla,2009,2009-08-06,25.331328357561688,True
Shimla,2009,2009-08-07,25.63522840208583,True
Shimla,2009,2009-08-08,25.878367259381037,True
Shimla,2009,2009-08-09,25.96827719025532,True
Shimla,2009,2009-08-10,26.110592092671027,True
Shimla,2009,2009-08-11,26.232035110411687,True
Shimla,2009,2009-08-12,26.46633122926721,True
Shimla,2009,2009-08-13,26.48454442491186,True
Shimla,2009,2009-08-14,26.503659712965543,True
Shimla,2009,2009-08-15,26.5960099038889,True
Shimla,2009,2009-08-16,26.992653316117355,True
Shimla,2009,2009-08-17,26.916255577509446,True
Shimla,2009,2009-08-18,26.987678322123486,True
Shimla,2009,2009-08-19,27.07658083390919,True
Shimla,2009,2009-08-20,26.787660572240327,True
Shimla,2009,2009-08-21,26.801228377712505,True
Shimla,2009,2009-08-22,26.746167473798096,True
Shimla,2009,2009-08-23,26.85380181971874,True
Shimla,2009,2009-08-24,27.312602463548956,True
Shimla,2009,2009-08-25,27.35854317229729,True
Shimla,2009,2009-08-26,27.53114225888561,True
Shimla,2009,2009-08-27,27.424087346768488,True
Shimla,2009,2009-08-28,27.074244509218317,True
Shimla,2009,2009-08-29,26.962764045509402,True
Shimla,2009,2009-08-30,26.72498652084431,True
Shimla,2009,2009-08-31,26.74503275056219,True
Shimla,2009,2009-09-01,26.511462674720235,True
Shimla,2009,2009-09-02,26.557458069881704,True
Shimla,2009,2009-09-03,26.654960168614764,True
Shimla,2009,2009-09-04,26.573156411339312,True
Shimla,2009,2009-09-05,25.79377421333146,True
Shimla,2009,2009-09-06,25.97416781828747,True
Shimla,2009,2009-09-07,26.19035363316459,True
Shimla,2009,2009-09-08,26.713442087582735,True
Shimla,2009,2009-09-09,26.983449525267474,True
Shimla,2009,2009-09-10,26.65927805479896,True
Shimla,2009,2009-09-11,26.04132597118314,True
Shimla,2009,2009-09-12,25.893030251388893,True
Shimla,2009,2009-09-13,25.914061898461227,True
Shimla,2009,2009-09-14,25.93103835599402,True
Shimla,2009,2009-09-15,25.866023604345685,True
Shimla,2009,2009-09-16,25.780782127990506,True
Shimla,2009,2009-09-17,25.32289162029207,True
Shimla,2009,2009-09-18,25.09688465227333,True
Shimla,2009,2009-09-19,25.19087066730299,True
Shimla,2009,2009-09-20,25.222530400229402,True
Shimla,2009,2009-09-21,24.92623823000082,True
Shimla,2009,2009-09-22,24.55530594455462,True
Shimla,2009,2009-09-23,24.679569275156894,True
Shimla,2009,2009-09-24,24.472439994728006,True
Shimla,2009,2009-09-25,25.068009190186274,True
Shimla,2009,2009-09-26,24.784624261975296,True
Shimla,2009,2009-09-27,24.718628137576275,True
Shimla,2009,2009-09-28,24.371076604266534,True
Shimla,2009,2009-09-29,24.418089307454693,True
Shimla,2009,2009-09-30,22.30310805272609,True
Shimla,2009,2009-10-01,22.02291909303125,True
Shimla,2009,2009-10-02,23.2963200338977,True
Shimla,2009,2009-10-03,23.320303542647366,True
Shimla,2009,2009-10-04,23.59674881469533,True
Shimla,2009,2009-10-05,23.09158770876843,True
Shimla,2009,2009-10-06,23.53014246079573,True
Shimla,2009,2009-10-07,23.705349559704416,True
Shimla,2009,2009-10-08,23.21167855910886,True
Shimla,2009,2009-10-09,22.675233825914688,True
Shimla,2009,2009-10-10,22.892860971576283,True
Shimla,2009,2009-10-11,23.29038291515525,True
Shimla,2009,2009-10-12,23.418723924345898,True
Shimla,2009,2009-10-13,23.34403641496141,True
Shimla,2009,2009-10-14,21.514728417369156,True
Shimla,2009,2009-10-15,21.19529782427162,True
Shimla,2009,2009-10-16,21.492087754404793,True
Shimla,2009,2009-10-17,22.446807635994276,True
Shimla,2009,2009-10-18,22.822239563796984,True
Shimla,2009,2009-10-19,22.211864368447493,True
Shimla,2009,2009-10-20,22.063017671565603,True
Shimla,2009,2009-10-21,22.54499845161405,True
Shimla,2009,2009-10-22,22.24741614001556,True
Shimla,2009,2009-10-23,21.73108375092238,True
Shimla,2009,2009-10-24,22.296989378692388,True
Shimla,2009,2009-10-25,22.437142745770075,True
Shimla,2009,2009-10-26,22.497779893896848,True
Shimla,2009,2009-10-27,22.416599135493243,True
Shimla,2009,2009-10-28,21.392112815002008,True
Shimla,2009,2009-10-29,20.764429514354845,True
Shimla,2009,2009-10-30,19.699407045009252,True
Shimla,2009,2009-10-31,20.212356067005885,True
Shimla,2009,2009-11-01,20.686727261598605,True
Shimla,2009,2009-11-02,20.441778832892282,True
Shimla,2009,2009-11-03,21.118463046843942,True
Shimla,2009,2009-11-04,20.931191969075428,True
Shimla,2009,2009-11-05,20.468505094176464,True
Shimla,2009,2009-11-06,20.448703001727836,True
Shimla,2009,2009-11-07,19.965231872930076,True
Shimla,2009,2009-11-08,19.816457969124826,True
Shimla,2009,2009-11-09,19.04177401193334,True
Shimla,2009,2009-11-10,17.944702897333684,True
Shimla,2009,2009-11-11,17.82350233634162,True
Shimla,2009,2009-11-12,16.924552239317734,True
Shimla,2009,2009-11-13,16.585306111338753,True
Shimla,2009,2009-11-14,16.361119264411343,True
Shimla,2009,2009-11-15,15.73630143728252,True
Shimla,2009,2009-11-16,15.857446695548106,True
Shimla,2009,2009-11-17,16.661270445204707,True
Shimla,2009,2009-11-18,17.16655129308407,True
Shimla,2009,2009-11-19,17.447509730977856,True
Shimla,2009,2009-11-20,17.23261883219277,True
Shimla,2009,2009-11-21,16.989009355725386,True
Shimla,2009,2009-11-22,16.90812361003202,True
Shimla,2009,2009-11-23,15.912506717063366,True
Shimla,2009,2009-11-24,16.75553766322662,True
Shimla,2009,2009-11-25,17.13336632757415,True
Shimla,2009,2009-11-26,16.650064129236796,True
Shimla,2009,2009-11-27,16.165131625227673,True
Shimla,2009,2009-11-28,16.95992114720093,True
Shimla,2009,2009-11-29,17.29114533210293,True
Shimla,2009,2009-11-30,17.712932455483156,True
Shimla,2009,2009-12-01,17.731842879480837,True
Shimla,2009,2009-12-02,16.991678430193815,True
Shimla,2009,2009-12-03,16.20906681487122,True
Shimla,2009,2009-12-04,16.626867697771786,True
Shimla,2009,2009-12-05,16.53841325926976,True
Shimla,2009,2009-12-06,15.7381351952709,True
Shimla,2009,2009-12-07,14.943049003461795,True
Shimla,2009,2009-12-08,14.983186481214034,True
Shimla,2009,2009-12-09,15.791751091141919,True
Shimla,2009,2009-12-10,15.659124159996566,True
Shimla,2009,2009-12-11,14.876396966412528,True
Shimla,2009,2009-12-12,15.01734444585793,True
Shimla,2009,2009-12-13,15.004592244649757,True
Shimla,2009,2009-12-14,15.071626421232622,True
Shimla,2009,2009-12-15,14.84035468639081,True
Shimla,2009,2009-12-16,14.066554181125298,True
Shimla,2009,2009-12-17,13.35405159578329,True
Shimla,2009,2009-12-18,12.787924608058233,True
Shimla,2009,2009-12-19,12.646841685615016,True
Shimla,2009,2009-12-20,13.69266093018814,True
Shimla,2009,2009-12-21,13.768396734445105,True
Shimla,2009,2009-12-22,14.955438429552032,True
Shimla,2009,2009-12-23,15.098813166813443,True
Shimla,2009,2009-12-24,12.820107957107098,True
Shimla,2009,2009-12-25,13.753759660512742,True
Shimla,2009,2009-12-26,14.970633121724575,True
Shimla,2009,2009-12-27,15.744739210104115,True
Shimla,2009,2009-12-28,15.610108844744843,True
Shimla,2009,2009-12-29,15.12547944514671,True
Shimla,2009,2009-12-30,13.991454015527495,True
Shimla,2009,2009-12-31,12.898748057896455,True
Hyderabad,2005,2005-01-01,22.375259024955234,True
Hyderabad,2005,2005-01-02,22.172702474469084,True
Hyderabad,2005,2005-01-03,22.553596913178286,True
Hyderabad,2005,2005-01-04,23.571900627401984,True
Hyderabad,2005,2005-01-05,23.550703659880384,True
Hyderabad,2005,2005-01-06,23.72760390011267,True
Hyderabad,2005,2005-01-07,23.299254189996503,True
Hyderabad,2005,2005-01-08,23.176876276483526,True
Hyderabad,2005,2005-01-09,22.623561377243387,True
Hyderabad,2005,2005-01-10,22.33865572497304,True
Hyderabad,2005,2005-01-11,22.666008000138874,True
Hyderabad,2005,2005-01-12,23.038566218750713,True
Hyderabad,2005,2005-01-13,23.02134766293576,True
Hyderabad,2005,2005-01-14,23.802577818432088,True
Hyderabad,2005,2005-01-15,24.399578474446677,True
Hyderabad,2005,2005-01-16,25.071008748276977,True
Hyderabad,2005,2005-01-17,25.49059598101623,True
Hyderabad,2005,2005-01-18,25.27719202787291,True
Hyderabad,2005,2005-01-19,25.177928731112015,True
Hyderabad,2005,2005-01-20,25.265263822248073,True
Hyderabad,2005,2005-01-21,24.9122989282713,True
Hyderabad,2005,2005-01-22,25.328355058030322,True
Hyderabad,2005,2005-01-23,26.325799919984203,True
Hyderabad,2005,2005-01-24,26.782140065414264,True
Hyderabad,2005,2005-01-25,25.870287638525102,True
Hyderabad,2005,2005-01-26,26.930577434644853,True
Hyderabad,2005,2005-01-27,26.170246621873055,True
Hyderabad,2005,2005-01-28,25.271082371330102,True
Hyderabad,2005,2005-01-29,25.328235354281293,True
Hyderabad,2005,2005-01-30,26.0595990060355,True
Hyderabad,2005,2005-01-31,26.120093089951535,True
Hyderabad,2005,2005-02-01,25.9312821227925,True
Hyderabad,2005,2005-02-02,26.00438981340893,True
Hyderabad,2005,2005-02-03,25.787495421311387,True
Hyderabad,2005,2005-02-04,25.086312382889844,True
Hyderabad,2005,2005-02-05,26.107828001100813,True
Hyderabad,2005,2005-02-06,26.376817150751535,True
Hyderabad,2005,2005-02-07,25.531077140329806,True
Hyderabad,2005,2005-02-08,25.076666319890034,True
Hyderabad,2005,2005-02-09,24.78946952569634,True
Hyderabad,2005,2005-02-10,23.860768538952208,True
Hyderabad,2005,2005-02-11,24.47831114434071,True
Hyderabad,2005,2005-02-12,25.239153228235256,True
Hyderabad,2005,2005-02-13,26.021231894475157,True
Hyderabad,2005,2005-02-14,26.744296674240438,True
Hyderabad,2005,2005-02-15,26.92194361004481,True
Hyderabad,2005,2005-02-16,26.266707872383247,True
Hyderabad,2005,2005-02-17,26.64842509980272,True
Hyderabad,2005,2005-02-18,26.7839612650252,True
Hyderabad,2005,2005-02-19,26.58108112470021,True
Hyderabad,2005,2005-02-20,26.413636923526365,True
Hyderabad,2005,2005-02-21,26.541745530459817,True
Hyderabad,2005,2005-02-22,26.22115186636209,True
Hyderabad,2005,2005-02-23,24.17048478417359,True
Hyderabad,2005,2005-02-24,24.135113906814695,True
Hyderabad,2005,2005-02-25,24.883179616698875,True
Hyderabad,2005,2005-02-26,26.394301253161665,True
Hyderabad,2005,2005-02-27,27.099668664050103,True
Hyderabad,2005,2005-02-28,26.577487134504675,True
Hyderabad,2005,2005-03-01,26.66316049705885,True
Hyderabad,2005,2005-03-02,27.246116201975944,True
Hyderabad,2005,2005-03-03,27.85415661316859,True
Hyderabad,2005,2005-03-04,28.02711408266057,True
Hyderabad,2005,2005-03-05,28.132912690838126,True
Hyderabad,2005,2005-03-06,26.956871316774034,True
Hyderabad,2005,2005-03-07,25.578608030717813,True
Hyderabad,2005,2005-03-08,26.745768968099725,True
Hyderabad,2005,2005-03-09,27.815515926936516,True
Hyderabad,2005,2005-03-10,27.011317719329067,True
Hyderabad,2005,2005-03-11,23.45081789264686,True
Hyderabad,2005,2005-03-12,23.69238802846962,True
Hyderabad,2005,2005-03-13,24.326943040393946,True
Hyderabad,2005,2005-03-14,24.097986459868586,True
Hyderabad,2005,2005-03-15,23.59606856358508,True
Hyderabad,2005,2005-03-16,25.598238871226517,True
Hyderabad,2005,2005-03-17,27.948849497967384,True
Hyderabad,2005,2005-03-18,27.963461393372853,True
Hyderabad,2005,2005-03-19,27.997198191558027,True
Hyderabad,2005,2005-03-20,28.112331057155156,True
Hyderabad,2005,2005-03-21,27.904515161607456,True
Hyderabad,2005,2005-03-22,26.857223368395783,True
Hyderabad,2005,2005-03-23,26.51534460865688,True
Hyderabad,2005,2005-03-24,26.724886448424048,True
Hyderabad,2005,2005-03-25,26.44645817224522,True
Hyderabad,2005,2005-03-26,27.6812635238285,True
Hyderabad,2005,2005-03-27,28.841765945636986,True
Hyderabad,2005,2005-03-28,29.491815077515987,True
Hyderabad,2005,2005-03-29,29.575469684071,True
Hyderabad,2005,2005-03-30,27.95145624401783,True
Hyderabad,2005,2005-03-31,27.18782063936067,True
Hyderabad,2005,2005-04-01,27.257533494085457,True
Hyderabad,2005,2005-04-02,28.74136546248177,True
Hyderabad,2005,2005-04-03,29.657913746615026,True
Hyderabad,2005,2005-04-04,30.094507537892014,True
Hyderabad,2005,2005-04-05,30.401485553188213,True
Hyderabad,2005,2005-04-06,31.242374730559124,True
Hyderabad,2005,2005-04-07,30.466427878152682,True
Hyderabad,2005,2005-04-08,30.372308723914095,True
Hyderabad,2005,2005-04-09,31.223269129408106,True
Hyderabad,2005,2005-04-10,30.707740589447628,True
Hyderabad,2005,2005-04-11,29.76469918923933,True
Hyderabad,2005,2005-04-12,29.361400717330604,True
Hyderabad,2005,2005-04-13,29.181283590007947,True
Hyderabad,2005,2005-04-14,28.862854302034712,True
Hyderabad,2005,2005-04-15,28.48683467776037,True
Hyderabad,2005,2005-04-16,28.849721596629426,True
Hyderabad,2005,2005-04-17,29.23260835704162,True
Hyderabad,2005,2005-04-18,29.362506667130067,True
Hyderabad,2005,2005-04-19,29.35762221263994,True
Hyderabad,2005,2005-04-20,29.44689201731725,True
Hyderabad,2005,2005-04-21,29.723008921155277,True
Hyderabad,2005,2005-04-22,30.60507347067674,True
Hyderabad,2005,2005-04-23,30.66180052983566,True
Hyderabad,2005,2005-04-24,31.603151104696085,True
Hyderabad,2005,2005-04-25,30.455919522991387,True
Hyderabad,2005,2005-04-26,30.33831255521896,True
Hyderabad,2005,2005-04-27,31.4283156587903,True
Hyderabad,2005,2005-04-28,31.816280617816044,True
Hyderabad,2005,2005-04-29,31.862159878074586,True
Hyderabad,2005,2005-04-30,32.381534382441046,True
Hyderabad,2005,2005-05-01,30.815364283710135,True
Hyderabad,2005,2005-05-02,29.810121849335342,True
Hyderabad,2005,2005-05-03,29.776167511934297,True
Hyderabad,2005,2005-05-04,30.106794036417554,True
Hyderabad,2005,2005-05-05,30.27820108132439,True
Hyderabad,2005,2005-05-06,30.038278445777,True
Hyderabad,2005,2005-05-07,29.273670602124714,True
Hyderabad,2005,2005-05-08,29.281597615271096,True
Hyderabad,2005,2005-05-09,29.247183909514742,True
Hyderabad,2005,2005-05-10,29.308298957701393,True
Hyderabad,2005,2005-05-11,30.401097773539203,True
Hyderabad,2005,2005-05-12,31.005110098270247,True
Hyderabad,2005,2005-05-13,31.65905755290934,True
Hyderabad,2005,2005-05-14,31.928520708302404,True
Hyderabad,2005,2005-05-15,32.05973789435976,True
Hyderabad,2005,2005-05-16,31.934796315980517,True
Hyderabad,2005,2005-05-17,31.238522372431785,True
Hyderabad,2005,2005-05-18,31.278524777701744,True
Hyderabad,2005,2005-05-19,31.3202457350614,True
Hyderabad,2005,2005-05-20,32.71986440024825,True
Hyderabad,2005,2005-05-21,32.70100335030654,True
Hyderabad,2005,2005-05-22,31.616760415252525,True
Hyderabad,2005,2005-05-23,31.05342440197369,True
Hyderabad,2005,2005-05-24,31.190941738603616,True
Hyderabad,2005,2005-05-25,30.652956623190168,True
Hyderabad,2005,2005-05-26,30.392581103732926,True
Hyderabad,2005,2005-05-27,30.66479820720963,True
Hyderabad,2005,2005-05-28,30.80058384618338,True
Hyderabad,2005,2005-05-29,31.01641233773759,True
Hyderabad,2005,2005-05-30,31.170735405556258,True
Hyderabad,2005,2005-05-31,30.91094086283781,True
Hyderabad,2005,2005-06-01,31.273685359858924,True
Hyderabad,2005,2005-06-02,31.49641421180473,True
Hyderabad,2005,2005-06-03,29.943157213363797,True
Hyderabad,2005,2005-06-04,29.24843955909853,True
Hyderabad,2005,2005-06-05,29.00389195458441,True
Hyderabad,2005,2005-06-06,28.701922151483537,True
Hyderabad,2005,2005-06-07,28.088489295288678,True
Hyderabad,2005,2005-06-08,28.011661207939472,True
Hyderabad,2005,2005-06-09,27.90901350252234,True
Hyderabad,2005,2005-06-10,29.549701684772778,True
Hyderabad,2005,2005-06-11,30.479720296614104,True
Hyderabad,2005,2005-06-12,28.9088398612164,True
Hyderabad,2005,2005-06-13,28.605804024389982,True
Hyderabad,2005,2005-06-14,28.214190730008717,True
Hyderabad,2005,2005-06-15,29.007672868635414,True
Hyderabad,2005,2005-06-16,29.04483976856404,True
Hyderabad,2005,2005-06-17,28.6961429459197,True
Hyderabad,2005,2005-06-18,28.849304290735486,True
Hyderabad,2005,2005-06-19,28.586970803692758,True
Hyderabad,2005,2005-06-20,29.559098724889292,True
Hyderabad,2005,2005-06-21,30.667144266263886,True
Hyderabad,2005,2005-06-22,30.543644022815105,True
Hyderabad,2005,2005-06-23,31.341748406794377,True
Hyderabad,2005,2005-06-24,30.638617223085095,True
Hyderabad,2005,2005-06-25,30.745252405279754,True
Hyderabad,2005,2005-06-26,31.06778235953834,True
Hyderabad,2005,2005-06-27,31.5188421122039,True
Hyderabad,2005,2005-06-28,32.35657520039905,True
Hyderabad,2005,2005-06-29,33.32780149444979,True
Hyderabad,2005,2005-06-30,34.522335468995955,True
Hyderabad,2005,2005-07-01,32.05871674599789,True
Hyderabad,2005,2005-07-02,31.34094881628,True
Hyderabad,2005,2005-07-03,30.91923606143008,True
Hyderabad,2005,2005-07-04,30.540173173844362,True
Hyderabad,2005,2005-07-05,30.29175324033186,True
Hyderabad,2005,2005-07-06,30.269777633362857,True
Hyderabad,2005,2005-07-07,29.67362745112405,True
Hyderabad,2005,2005-07-08,29.533283232648937,True
Hyderabad,2005,2005-07-09,30.39385061315834,True
Hyderabad,2005,2005-07-10,30.51498723949789,True
Hyderabad,2005,2005-07-11,30.248506534007074,True
Hyderabad,2005,2005-07-12,30.62983676859898,True
Hyderabad,2005,2005-07-13,30.683513418806882,True
Hyderabad,2005,2005-07-14,30.954934367458883,True
Hyderabad,2005,2005-07-15,30.542894167444885,True
Hyderabad,2005,2005-07-16,30.885490887145146,True
Hyderabad,2005,2005-07-17,31.966479312824855,True
Hyderabad,2005,2005-07-18,31.47292758057444,True
Hyderabad,2005,2005-07-19,31.760733932643063,True
Hyderabad,2005,2005-07-20,32.32399591650455,True
Hyderabad,2005,2005-07-21,32.09314151271733,True
Hyderabad,2005,2005-07-22,31.746078147779407,True
Hyderabad,2005,2005-07-23,31.34369413321838,True
Hyderabad,2005,2005-07-24,31.03315235831278,True
Hyderabad,2005,2005-07-25,31.070399796034188,True
Hyderabad,2005,2005-07-26,31.185936496074714,True
Hyderabad,2005,2005-07-27,31.200841920239416,True
Hyderabad,2005,2005-07-28,31.20145510599684,True
Hyderabad,2005,2005-07-29,30.66275265579838,True
Hyderabad,2005,2005-07-30,30.3588753031615,True
Hyderabad,2005,2005-07-31,30.95285572209136,True
Hyderabad,2005,2005-08-01,30.798087895806166,True
Hyderabad,2005,2005-08-02,31.125878235202272,True
Hyderabad,2005,2005-08-03,30.65319383219155,True
Hyderabad,2005,2005-08-04,30.760275962605146,True
Hyderabad,2005,2005-08-05,31.067241351262638,True
Hyderabad,2005,2005-08-06,30.89215933828143,True
Hyderabad,2005,2005-08-07,30.796251697017272,True
Hyderabad,2005,2005-08-08,31.23544635296119,True
Hyderabad,2005,2005-08-09,31.03402787446738,True
Hyderabad,2005,2005-08-10,31.58583194087067,True
Hyderabad,2005,2005-08-11,30.88218263058455,True
Hyderabad,2005,2005-08-12,29.98136265260725,True
Hyderabad,2005,2005-08-13,30.64073194541057,True
Hyderabad,2005,2005-08-14,30.821712247243475,True
Hyderabad,2005,2005-08-15,30.66536056387774,True
Hyderabad,2005,2005-08-16,30.59609486772544,True
Hyderabad,2005,2005-08-17,30.35069511679781,True
Hyderabad,2005,2005-08-18,30.49834660004095,True
Hyderabad,2005,2005-08-19,31.119988371960652,True
Hyderabad,2005,2005-08-20,30.50825498898197,True
Hyderabad,2005,2005-08-21,30.670271333568063,True
Hyderabad,2005,2005-08-22,31.055550350631144,True
Hyderabad,2005,2005-08-23,30.885566422637336,True
Hyderabad,2005,2005-08-24,31.48575306942322,True
Hyderabad,2005,2005-08-25,30.87935240671293,True
Hyderabad,2005,2005-08-26,30.9845263697695,True
Hyderabad,2005,2005-08-27,30.858836264762584,True
Hyderabad,2005,2005-08-28,30.75312731384122,True
Hyderabad,2005,2005-08-29,30.826650744180014,True
Hyderabad,2005,2005-08-30,30.70700784032433,True
Hyderabad,2005,2005-08-31,30.715254503495157,True
Hyderabad,2005,2005-09-01,30.8388090249546,True
Hyderabad,2005,2005-09-02,31.12822930902909,True
Hyderabad,2005,2005-09-03,30.893240242752388,True
Hyderabad,2005,2005-09-04,31.176227601251284,True
Hyderabad,2005,2005-09-05,31.017358678358416,True
Hyderabad,2005,2005-09-06,30.785540103169982,True
Hyderabad,2005,2005-09-07,30.7149743676588,True
Hyderabad,2005,2005-09-08,30.58247618553643,True
Hyderabad,2005,2005-09-09,31.403903324282552,True
Hyderabad,2005,2005-09-10,30.740854993708368,True
Hyderabad,2005,2005-09-11,31.049283998291738,True
Hyderabad,2005,2005-09-12,31.008291681040593,True
Hyderabad,2005,2005-09-13,30.52056919551876,True
Hyderabad,2005,2005-09-14,30.616661216461164,True
Hyderabad,2005,2005-09-15,30.241129817949126,True
Hyderabad,2005,2005-09-16,30.735209949660618,True
Hyderabad,2005,2005-09-17,31.052204011572748,True
Hyderabad,2005,2005-09-18,31.530750020788904,True
Hyderabad,2005,2005-09-19,31.12196274504412,True
Hyderabad,2005,2005-09-20,30.940517732492516,True
Hyderabad,2005,2005-09-21,31.429889665439013,True
Hyderabad,2005,2005-09-22,32.49427088301131,True
Hyderabad,2005,2005-09-23,33.06340530517516,True
Hyderabad,2005,2005-09-24,33.06329247629912,True
Hyderabad,2005,2005-09-25,32.16591871930876,True
Hyderabad,2005,2005-09-26,32.604100994064375,True
Hyderabad,2005,2005-09-27,33.0628805084058,True
Hyderabad,2005,2005-09-28,33.775822957369655,True
Hyderabad,2005,2005-09-29,34.15534536744219,True
Hyderabad,2005,2005-09-30,33.57800004629613,True
Hyderabad,2005,2005-10-01,33.245413983715885,True
Hyderabad,2005,2005-10-02,32.23227404191049,True
Hyderabad,2005,2005-10-03,31.964890467238597,True
Hyderabad,2005,2005-10-04,31.948098144923666,True
Hyderabad,2005,2005-10-05,31.66015275985891,True
Hyderabad,2005,2005-10-06,31.822009812801262,True
Hyderabad,2005,2005-10-07,31.47473796310379,True
Hyderabad,2005,2005-10-08,33.47517190609555,True
Hyderabad,2005,2005-10-09,31.82351948986126,True
Hyderabad,2005,2005-10-10,31.525191182091653,True
Hyderabad,2005,2005-10-11,31.916748782848327,True
Hyderabad,2005,2005-10-12,32.74959062301416,True
Hyderabad,2005,2005-10-13,32.31375760151692,True
Hyderabad,2005,2005-10-14,32.14978569118868,True
Hyderabad,2005,2005-10-15,31.466872619896392,True
Hyderabad,2005,2005-10-16,31.61280691603288,True
Hyderabad,2005,2005-10-17,29.7241518394878,True
Hyderabad,2005,2005-10-18,29.681496028946384,True
Hyderabad,2005,2005-10-19,30.40777868990606,True
Hyderabad,2005,2005-10-20,30.989816778872864,True
Hyderabad,2005,2005-10-21,29.94655644145545,True
Hyderabad,2005,2005-10-22,30.275761407855835,True
Hyderabad,2005,2005-10-23,29.901769663864837,True
Hyderabad,2005,2005-10-24,29.119066182966602,True
Hyderabad,2005,2005-10-25,28.691691369453807,True
Hyderabad,2005,2005-10-26,28.866733019082236,True
Hyderabad,2005,2005-10-27,28.126845404564584,True
Hyderabad,2005,2005-10-28,29.045134692540845,True
Hyderabad,2005,2005-10-29,29.79146212634539,True
Hyderabad,2005,2005-10-30,30.6585898006242,True
Hyderabad,2005,2005-10-31,31.262014116724608,True
Hyderabad,2005,2005-11-01,30.288368526478507,True
Hyderabad,2005,2005-11-02,29.42652411777703,True
Hyderabad,2005,2005-11-03,28.610175028454425,True
Hyderabad,2005,2005-11-04,27.131116983201288,True
Hyderabad,2005,2005-11-05,27.584670402232163,True
Hyderabad,2005,2005-11-06,28.444679414548126,True
Hyderabad,2005,2005-11-07,28.53141935230705,True
Hyderabad,2005,2005-11-08,27.888204337503783,True
Hyderabad,2005,2005-11-09,28.82820059178771,True
Hyderabad,2005,2005-11-10,29.040709162308875,True
Hyderabad,2005,2005-11-11,28.58835985935695,True
Hyderabad,2005,2005-11-12,28.477344760892752,True
Hyderabad,2005,2005-11-13,28.920954398502293,True
Hyderabad,2005,2005-11-14,28.83218179503201,True
Hyderabad,2005,2005-11-15,28.242840696733577,True
Hyderabad,2005,2005-11-16,27.58475968103586,True
Hyderabad,2005,2005-11-17,27.13369072035583,True
Hyderabad,2005,2005-11-18,26.58324835083181,True
Hyderabad,2005,2005-11-19,27.187386024622295,True
Hyderabad,2005,2005-11-20,27.38790385953042,True
Hyderabad,2005,2005-11-21,27.417323723545547,True
Hyderabad,2005,2005-11-22,27.332231948473815,True
Hyderabad,2005,2005-11-23,26.406107469774938,True
Hyderabad,2005,2005-11-24,26.605945919335497,True
Hyderabad,2005,2005-11-25,27.103962922576738,True
Hyderabad,2005,2005-11-26,27.362482995091423,True
Hyderabad,2005,2005-11-27,26.685032918453253,True
Hyderabad,2005,2005-11-28,26.8736895564405,True
Hyderabad,2005,2005-11-29,27.75826341390804,True
Hyderabad,2005,2005-11-30,27.93497896776364,True
Hyderabad,2005,2005-12-01,27.614142366977394,True
Hyderabad,2005,2005-12-02,28.150113025551903,True
Hyderabad,2005,2005-12-03,26.499209312784117,True
Hyderabad,2005,2005-12-04,26.48882027643441,True
Hyderabad,2005,2005-12-05,25.532953602300466,True
Hyderabad,2005,2005-12-06,25.624451357330635,True
Hyderabad,2005,2005-12-07,25.217680668235822,True
Hyderabad,2005,2005-12-08,25.81981589305947,True
Hyderabad,2005,2005-12-09,26.67177602891159,True
Hyderabad,2005,2005-12-10,25.460161704597766,True
Hyderabad,2005,2005-12-11,26.677444405336004,True
Hyderabad,2005,2005-12-12,26.33966217841932,True
Hyderabad,2005,2005-12-13,26.85391867248683,True
Hyderabad,2005,2005-12-14,26.817161352477,True
Hyderabad,2005,2005-12-15,25.898063937150567,True
Hyderabad,2005,2005-12-16,26.142154270246124,True
Hyderabad,2005,2005-12-17,26.123554173392478,True
Hyderabad,2005,2005-12-18,25.24108603054977,True
Hyderabad,2005,2005-12-19,25.601334147829494,True
Hyderabad,2005,2005-12-20,25.515385470794172,True
Hyderabad,2005,2005-12-21,25.438194956658172,True
Hyderabad,2005,2005-12-22,25.351079548388466,True
Hyderabad,2005,2005-12-23,25.111432576994904,True
Hyderabad,2005,2005-12-24,25.040305602970555,True
Hyderabad,2005,2005-12-25,25.193618273733588,True
Hyderabad,2005,2005-12-26,26.02045181701167,True
Hyderabad,2005,2005-12-27,25.78119219581581,True
Hyderabad,2005,2005-12-28,25.785763403496258,True
Hyderabad,2005,2005-12-29,25.405122123970028,True
Hyderabad,2005,2005-12-30,25.484872187129287,True
Hyderabad,2005,2005-12-31,25.17152488575556,True
Hyderabad,2007,2007-01-01,22.97869184572802,True
Hyderabad,2007,2007-01-02,22.925348767431853,True
Hyderabad,2007,2007-01-03,22.574854505607956,True
Hyderabad,2007,2007-01-04,22.55423723239532,True
Hyderabad,2007,2007-01-05,22.780271251758467,True
Hyderabad,2007,2007-01-06,22.736094381476587,True
Hyderabad,2007,2007-01-07,23.363786433553226,True
Hyderabad,2007,2007-01-08,23.647866149629166,True
Hyderabad,2007,2007-01-09,23.876805516192015,True
Hyderabad,2007,2007-01-10,24.37573077557821,True
Hyderabad,2007,2007-01-11,24.517930943640195,True
Hyderabad,2007,2007-01-12,24.39244821068808,True
Hyderabad,2007,2007-01-13,24.44165522515259,True
Hyderabad,2007,2007-01-14,23.508365942587947,True
Hyderabad,2007,2007-01-15,22.697013793898993,True
Hyderabad,2007,2007-01-16,20.73152150595058,True
Hyderabad,2007,2007-01-17,20.50476957405996,True
Hyderabad,2007,2007-01-18,21.351424954146974,True
Hyderabad,2007,2007-01-19,22.13318755241914,True
Hyderabad,2007,2007-01-20,23.278250088573053,True
Hyderabad,2007,2007-01-21,23.561613776008087,True
Hyderabad,2007,2007-01-22,24.208595973730453,True
Hyderabad,2007,2007-01-23,24.53504397853378,True
Hyderabad,2007,2007-01-24,25.509375586989822,True
Hyderabad,2007,2007-01-25,25.280256511609796,True
Hyderabad,2007,2007-01-26,26.28760264939364,True
Hyderabad,2007,2007-01-27,25.808045157963058,True
Hyderabad,2007,2007-01-28,24.635834130984044,True
Hyderabad,2007,2007-01-29,25.778634195573876,True
Hyderabad,2007,2007-01-30,24.838261098726232,True
Hyderabad,2007,2007-01-31,22.762258823279087,True
Hyderabad,2007,2007-02-01,22.429396189469674,True
Hyderabad,2007,2007-02-02,24.162248933745225,True
Hyderabad,2007,2007-02-03,24.149697828468554,True
Hyderabad,2007,2007-02-04,24.32061262796317,True
Hyderabad,2007,2007-02-05,24.73992749741694,True
Hyderabad,2007,2007-02-06,25.563265418089518,True
Hyderabad,2007,2007-02-07,25.913026954652675,True
Hyderabad,2007,2007-02-08,25.727561871375293,True
Hyderabad,2007,2007-02-09,25.72343885308991,True
Hyderabad,2007,2007-02-10,25.927377545029795,True
Hyderabad,2007,2007-02-11,26.40677498581075,True
Hyderabad,2007,2007-02-12,26.002767324622095,True
Hyderabad,2007,2007-02-13,25.26082122785658,True
Hyderabad,2007,2007-02-14,25.559948656075264,True
Hyderabad,2007,2007-02-15,25.516623126604223,True
Hyderabad,2007,2007-02-16,26.441290337008343,True
Hyderabad,2007,2007-02-17,26.27925116028743,True
Hyderabad,2007,2007-02-18,26.321788267565807,True
Hyderabad,2007,2007-02-19,26.58301262776765,True
Hyderabad,2007,2007-02-20,27.29797986610269,True
Hyderabad,2007,2007-02-21,27.520928664168874,True
Hyderabad,2007,2007-02-22,27.182889758591422,True
Hyderabad,2007,2007-02-23,27.334067056038624,True
Hyderabad,2007,2007-02-24,28.145499981362846,True
Hyderabad,2007,2007-02-25,28.43492733663742,True
Hyderabad,2007,2007-02-26,27.116356120777667,True
Hyderabad,2007,2007-02-27,26.328383260968852,True
Hyderabad,2007,2007-02-28,26.185400821494305,True
Hyderabad,2007,2007-03-01,26.61459145860438,True
Hyderabad,2007,2007-03-02,28.184360952752105,True
Hyderabad,2007,2007-03-03,27.810040560460287,True
Hyderabad,2007,2007-03-04,27.95400002409781,True
Hyderabad,2007,2007-03-05,29.288037346122668,True
Hyderabad,2007,2007-03-06,29.11597916078074,True
Hyderabad,2007,2007-03-07,28.358585783784903,True
Hyderabad,2007,2007-03-08,28.654207645153555,True
Hyderabad,2007,2007-03-09,28.712595461244668,True
Hyderabad,2007,2007-03-10,28.88559379319645,True
Hyderabad,2007,2007-03-11,28.902547227444433,True
Hyderabad,2007,2007-03-12,28.382396373577603,True
Hyderabad,2007,2007-03-13,27.399896462561035,True
Hyderabad,2007,2007-03-14,26.90878984782155,True
Hyderabad,2007,2007-03-15,26.891221310842273,True
Hyderabad,2007,2007-03-16,26.97168141619275,True
Hyderabad,2007,2007-03-17,28.074230686759293,True
Hyderabad,2007,2007-03-18,29.330485583592726,True
Hyderabad,2007,2007-03-19,29.742613934648,True
Hyderabad,2007,2007-03-20,29.320103417928834,True
Hyderabad,2007,2007-03-21,28.48871925703972,True
Hyderabad,2007,2007-03-22,28.994493504177097,True
Hyderabad,2007,2007-03-23,28.573637710089173,True
Hyderabad,2007,2007-03-24,28.638643192812015,True
Hyderabad,2007,2007-03-25,28.650496744847388,True
Hyderabad,2007,2007-03-26,28.75576083603291,True
Hyderabad,2007,2007-03-27,28.870678598018273,True
Hyderabad,2007,2007-03-28,29.2247137888436,True
Hyderabad,2007,2007-03-29,29.73523568641827,True
Hyderabad,2007,2007-03-30,29.607846414658095,True
Hyderabad,2007,2007-03-31,29.883790117506354,True
Hyderabad,2007,2007-04-01,30.0318316446155,True
Hyderabad,2007,2007-04-02,30.0843809363253,True
Hyderabad,2007,2007-04-03,29.38337655005155,True
Hyderabad,2007,2007-04-04,28.79052062248857,True
Hyderabad,2007,2007-04-05,29.297383717927104,True
Hyderabad,2007,2007-04-06,29.425291477340135,True
Hyderabad,2007,2007-04-07,28.58526236764282,True
Hyderabad,2007,2007-04-08,28.780464367019075,True
Hyderabad,2007,2007-04-09,28.757918588666186,True
Hyderabad,2007,2007-04-10,29.298073119509823,True
Hyderabad,2007,2007-04-11,29.910898574851682,True
Hyderabad,2007,2007-04-12,30.33610145918824,True
Hyderabad,2007,2007-04-13,30.011395358070384,True
Hyderabad,2007,2007-04-14,29.98550219660483,True
Hyderabad,2007,2007-04-15,29.86646244133948,True
Hyderabad,2007,2007-04-16,29.813806054676814,True
Hyderabad,2007,2007-04-17,29.66563545808814,True
Hyderabad,2007,2007-04-18,29.78895389600654,True
Hyderabad,2007,2007-04-19,29.431927167989226,True
Hyderabad,2007,2007-04-20,29.641594816125423,True
Hyderabad,2007,2007-04-21,28.642044354495773,True
Hyderabad,2007,2007-04-22,29.788973289413857,True
Hyderabad,2007,2007-04-23,30.128827854041234,True
Hyderabad,2007,2007-04-24,30.839977114772005,True
Hyderabad,2007,2007-04-25,30.88365412362153,True
Hyderabad,2007,2007-04-26,30.742173004839277,True
Hyderabad,2007,2007-04-27,30.842522662005592,True
Hyderabad,2007,2007-04-28,29.638449178696217,True
Hyderabad,2007,2007-04-29,29.04400281069605,True
Hyderabad,2007,2007-04-30,28.52933342275066,True
Hyderabad,2007,2007-05-01,28.524734484923155,True
Hyderabad,2007,2007-05-02,28.917960848478817,True
Hyderabad,2007,2007-05-03,29.657796568080986,True
Hyderabad,2007,2007-05-04,29.982027587309044,True
Hyderabad,2007,2007-05-05,30.048692266123158,True
Hyderabad,2007,2007-05-06,29.878632937463376,True
Hyderabad,2007,2007-05-07,30.085459500214647,True
Hyderabad,2007,2007-05-08,30.603226171949782,True
Hyderabad,2007,2007-05-09,31.29597865751816,True
Hyderabad,2007,2007-05-10,31.078811017626784,True
Hyderabad,2007,2007-05-11,31.10758532265212,True
Hyderabad,2007,2007-05-12,31.213065783230714,True
Hyderabad,2007,2007-05-13,31.570810562617357,True
Hyderabad,2007,2007-05-14,31.472947217505507,True
Hyderabad,2007,2007-05-15,31.61281352164654,True
Hyderabad,2007,2007-05-16,32.143116454887576,True
Hyderabad,2007,2007-05-17,31.579934859920147,True
Hyderabad,2007,2007-05-18,31.621422825565453,True
Hyderabad,2007,2007-05-19,32.17670962900433,True
Hyderabad,2007,2007-05-20,32.43362413182504,True
Hyderabad,2007,2007-05-21,32.688481836261246,True
Hyderabad,2007,2007-05-22,31.140543766308685,True
Hyderabad,2007,2007-05-23,28.369627146734963,True
Hyderabad,2007,2007-05-24,28.705454262749935,True
Hyderabad,2007,2007-05-25,30.51257226972894,True
Hyderabad,2007,2007-05-26,30.662740287897932,True
Hyderabad,2007,2007-05-27,29.461094672040094,True
Hyderabad,2007,2007-05-28,29.538902609300695,True
Hyderabad,2007,2007-05-29,30.216620019814723,True
Hyderabad,2007,2007-05-30,29.569746007952638,True
Hyderabad,2007,2007-05-31,29.77502797896969,True
Hyderabad,2007,2007-06-01,30.282170078815984,True
Hyderabad,2007,2007-06-02,29.157193321899705,True
Hyderabad,2007,2007-06-03,30.17153717595994,True
Hyderabad,2007,2007-06-04,29.7329779816529,True
Hyderabad,2007,2007-06-05,30.6076997528275,True
Hyderabad,2007,2007-06-06,31.549736379740306,True
Hyderabad,2007,2007-06-07,31.440317577113166,True
Hyderabad,2007,2007-06-08,28.89558163568331,True
Hyderabad,2007,2007-06-09,28.250731469137637,True
Hyderabad,2007,2007-06-10,28.10644522232925,True
Hyderabad,2007,2007-06-11,28.138291765281704,True
Hyderabad,2007,2007-06-12,28.419156973415532,True
Hyderabad,2007,2007-06-13,28.660369807603455,True
Hyderabad,2007,2007-06-14,29.871696147710264,True
Hyderabad,2007,2007-06-15,29.984721601079737,True
Hyderabad,2007,2007-06-16,29.49777533070211,True
Hyderabad,2007,2007-06-17,28.80588211383788,True
Hyderabad,2007,2007-06-18,28.700415168742126,True
Hyderabad,2007,2007-06-19,28.105102658685723,True
Hyderabad,2007,2007-06-20,28.195242955451693,True
Hyderabad,2007,2007-06-21,28.694630761219177,True
Hyderabad,2007,2007-06-22,29.890943198379176,True
Hyderabad,2007,2007-06-23,30.37510681301063,True
Hyderabad,2007,2007-06-24,29.624796413088063,True
Hyderabad,2007,2007-06-25,29.800142892968772,True
Hyderabad,2007,2007-06-26,29.20684181587797,True
Hyderabad,2007,2007-06-27,28.67420164598956,True
Hyderabad,2007,2007-06-28,28.62821338978121,True
Hyderabad,2007,2007-06-29,29.00534545587865,True
Hyderabad,2007,2007-06-30,29.94133231541873,True
Hyderabad,2007,2007-07-01,31.089000360607823,True
Hyderabad,2007,2007-07-02,31.746594729871184,True
Hyderabad,2007,2007-07-03,31.30248447200584,True
Hyderabad,2007,2007-07-04,32.7557700939654,True
Hyderabad,2007,2007-07-05,32.18713184493544,True
Hyderabad,2007,2007-07-06,32.324462778049906,True
Hyderabad,2007,2007-07-07,31.304313598998647,True
Hyderabad,2007,2007-07-08,30.539131536468645,True
Hyderabad,2007,2007-07-09,30.121865443563593,True
Hyderabad,2007,2007-07-10,30.27658895594581,True
Hyderabad,2007,2007-07-11,29.419325086922584,True
Hyderabad,2007,2007-07-12,29.304219136416812,True
Hyderabad,2007,2007-07-13,29.542920602396745,True
Hyderabad,2007,2007-07-14,29.656548099172692,True
Hyderabad,2007,2007-07-15,29.453852027841336,True
Hyderabad,2007,2007-07-16,29.730808988492996,True
Hyderabad,2007,2007-07-17,29.238892304391307,True
Hyderabad,2007,2007-07-18,28.871825721253582,True
Hyderabad,2007,2007-07-19,29.276467375831817,True
Hyderabad,2007,2007-07-20,29.18043920358273,True
Hyderabad,2007,2007-07-21,29.45327785217966,True
Hyderabad,2007,2007-07-22,29.720187824111303,True
Hyderabad,2007,2007-07-23,29.52729030758961,True
Hyderabad,2007,2007-07-24,29.76172044210542,True
Hyderabad,2007,2007-07-25,29.727601062947485,True
Hyderabad,2007,2007-07-26,30.287746515375083,True
Hyderabad,2007,2007-07-27,30.970212263743754,True
Hyderabad,2007,2007-07-28,31.522028121200552,True
Hyderabad,2007,2007-07-29,31.713601454509043,True
Hyderabad,2007,2007-07-30,30.558217477466226,True
Hyderabad,2007,2007-07-31,31.03873080072821,True
Hyderabad,2007,2007-08-01,30.75596088494907,True
Hyderabad,2007,2007-08-02,30.227219974131895,True
Hyderabad,2007,2007-08-03,30.638264823766136,True
Hyderabad,2007,2007-08-04,30.56290164386643,True
Hyderabad,2007,2007-08-05,30.81067094697007,True
Hyderabad,2007,2007-08-06,30.34026805821687,True
Hyderabad,2007,2007-08-07,30.568973171665053,True
Hyderabad,2007,2007-08-08,30.664097851203493,True
Hyderabad,2007,2007-08-09,30.754201435061553,True
Hyderabad,2007,2007-08-10,31.07532954713899,True
Hyderabad,2007,2007-08-11,30.994508306225345,True
Hyderabad,2007,2007-08-12,30.684509333994114,True
Hyderabad,2007,2007-08-13,29.346960893710246,True
Hyderabad,2007,2007-08-14,28.29633164342239,True
Hyderabad,2007,2007-08-15,27.990408959699405,True
Hyderabad,2007,2007-08-16,28.69022300834268,True
Hyderabad,2007,2007-08-17,29.690760172888755,True
Hyderabad,2007,2007-08-18,30.28060748374153,True
Hyderabad,2007,2007-08-19,30.07787986065758,True
Hyderabad,2007,2007-08-20,29.900640384884035,True
Hyderabad,2007,2007-08-21,29.685609749336468,True
Hyderabad,2007,2007-08-22,29.839878821934022,True
Hyderabad,2007,2007-08-23,30.35476881741439,True
Hyderabad,2007,2007-08-24,30.423444641206757,True
Hyderabad,2007,2007-08-25,30.04668957344861,True
Hyderabad,2007,2007-08-26,29.88229950786853,True
Hyderabad,2007,2007-08-27,29.972565036398137,True
Hyderabad,2007,2007-08-28,30.421153787607665,True
Hyderabad,2007,2007-08-29,30.680278026046768,True
Hyderabad,2007,2007-08-30,30.315501076220333,True
Hyderabad,2007,2007-08-31,30.235702870433983,True
Hyderabad,2007,2007-09-01,30.18387984734678,True
Hyderabad,2007,2007-09-02,30.266155083196285,True
Hyderabad,2007,2007-09-03,30.628448667864596,True
Hyderabad,2007,2007-09-04,30.39506603159585,True
Hyderabad,2007,2007-09-05,30.552184270697968,True
Hyderabad,2007,2007-09-06,31.31198481192246,True
Hyderabad,2007,2007-09-07,31.64702339614568,True
Hyderabad,2007,2007-09-08,31.750538097153232,True
Hyderabad,2007,2007-09-09,32.28805940199296,True
Hyderabad,2007,2007-09-10,32.543120395128454,True
Hyderabad,2007,2007-09-11,32.24366699566611,True
Hyderabad,2007,2007-09-12,31.463199895243466,True
Hyderabad,2007,2007-09-13,30.891603005544315,True
Hyderabad,2007,2007-09-14,30.374762863001123,True
Hyderabad,2007,2007-09-15,30.11215518263804,True
Hyderabad,2007,2007-09-16,30.850462942176097,True
Hyderabad,2007,2007-09-17,31.43946447812175,True
Hyderabad,2007,2007-09-18,31.87681867911105,True
Hyderabad,2007,2007-09-19,32.2683311511165,True
Hyderabad,2007,2007-09-20,32.51151115241526,True
Hyderabad,2007,2007-09-21,32.213530075124766,True
Hyderabad,2007,2007-09-22,31.626148088290247,True
Hyderabad,2007,2007-09-23,32.04208780658187,True
Hyderabad,2007,2007-09-24,32.20524603296207,True
Hyderabad,2007,2007-09-25,31.994314570790593,True
Hyderabad,2007,2007-09-26,32.1760657299183,True
Hyderabad,2007,2007-09-27,32.65780430101872,True
Hyderabad,2007,2007-09-28,32.40059622882962,True
Hyderabad,2007,2007-09-29,32.430568997323135,True
Hyderabad,2007,2007-09-30,32.355926636979895,True
Hyderabad,2007,2007-10-01,31.94278513837228,True
Hyderabad,2007,2007-10-02,31.84995963349902,True
Hyderabad,2007,2007-10-03,31.413640290224443,True
Hyderabad,2007,2007-10-04,31.88123837219712,True
Hyderabad,2007,2007-10-05,32.5393886692469,True
Hyderabad,2007,2007-10-06,31.433323050151746,True
Hyderabad,2007,2007-10-07,30.94941073638805,True
Hyderabad,2007,2007-10-08,30.52569668194426,True
Hyderabad,2007,2007-10-09,30.96240918765112,True
Hyderabad,2007,2007-10-10,31.772652302893036,True
Hyderabad,2007,2007-10-11,31.658511020030446,True
Hyderabad,2007,2007-10-12,32.227676511326564,True
Hyderabad,2007,2007-10-13,31.658016321434097,True
Hyderabad,2007,2007-10-14,31.084605186928627,True
Hyderabad,2007,2007-10-15,30.73899173551649,True
Hyderabad,2007,2007-10-16,29.800669577190092,True
Hyderabad,2007,2007-10-17,29.558111987497856,True
Hyderabad,2007,2007-10-18,29.3106029578024,True
Hyderabad,2007,2007-10-19,28.547507893716382,True
Hyderabad,2007,2007-10-20,28.609311376798022,True
Hyderabad,2007,2007-10-21,29.503612672329396,True
Hyderabad,2007,2007-10-22,29.832473662897858,True
Hyderabad,2007,2007-10-23,29.2104388468182,True
Hyderabad,2007,2007-10-24,28.624940085067845,True
Hyderabad,2007,2007-10-25,28.259388490998006,True
Hyderabad,2007,2007-10-26,28.769589770856243,True
Hyderabad,2007,2007-10-27,28.563210196068322,True
Hyderabad,2007,2007-10-28,28.819985718980494,True
Hyderabad,2007,2007-10-29,28.671314915746603,True
Hyderabad,2007,2007-10-30,28.613526916557028,True
Hyderabad,2007,2007-10-31,28.958434284049172,True
Hyderabad,2007,2007-11-01,28.19246653656533,True
Hyderabad,2007,2007-11-02,28.493378754947894,True
Hyderabad,2007,2007-11-03,28.227159087405266,True
Hyderabad,2007,2007-11-04,28.82018515587526,True
Hyderabad,2007,2007-11-05,29.247831411669946,True
Hyderabad,2007,2007-11-06,27.974105884854346,True
Hyderabad,2007,2007-11-07,28.135111571785785,True
Hyderabad,2007,2007-11-08,28.33515705505192,True
Hyderabad,2007,2007-11-09,28.57916397474659,True
Hyderabad,2007,2007-11-10,28.253462265545178,True
Hyderabad,2007,2007-11-11,27.951170460492744,True
Hyderabad,2007,2007-11-12,27.553524120539375,True
Hyderabad,2007,2007-11-13,26.02180994825622,True
Hyderabad,2007,2007-11-14,25.025514428946252,True
Hyderabad,2007,2007-11-15,26.18611410212765,True
Hyderabad,2007,2007-11-16,25.96038030686146,True
Hyderabad,2007,2007-11-17,25.340568617624285,True
Hyderabad,2007,2007-11-18,25.492987537981534,True
Hyderabad,2007,2007-11-19,25.50128605376236,True
Hyderabad,2007,2007-11-20,24.40937241687673,True
Hyderabad,2007,2007-11-21,24.731356766817868,True
Hyderabad,2007,2007-11-22,25.492376134001027,True
Hyderabad,2007,2007-11-23,26.33374445706094,True
Hyderabad,2007,2007-11-24,26.754374067426788,True
Hyderabad,2007,2007-11-25,26.748751419501094,True
Hyderabad,2007,2007-11-26,26.29053706304185,True
Hyderabad,2007,2007-11-27,26.38909946825322,True
Hyderabad,2007,2007-11-28,26.628470871666213,True
Hyderabad,2007,2007-11-29,26.488383450615178,True
Hyderabad,2007,2007-11-30,25.0278015148985,True
Hyderabad,2007,2007-12-01,24.856887114906552,True
Hyderabad,2007,2007-12-02,25.353838824942876,True
Hyderabad,2007,2007-12-03,25.378600286856074,True
Hyderabad,2007,2007-12-04,24.95362416087836,True
Hyderabad,2007,2007-12-05,24.377477647766533,True
Hyderabad,2007,2007-12-06,23.876947297923472,True
Hyderabad,2007,2007-12-07,23.922092870001833,True
Hyderabad,2007,2007-12-08,23.861155165750542,True
Hyderabad,2007,2007-12-09,23.8151700905395,True
Hyderabad,2007,2007-12-10,24.65050649869983,True
Hyderabad,2007,2007-12-11,24.05747680186065,True
Hyderabad,2007,2007-12-12,23.740279891019,True
Hyderabad,2007,2007-12-13,24.394940968338133,True
Hyderabad,2007,2007-12-14,24.83781613339523,True
Hyderabad,2007,2007-12-15,24.773043761233335,True
Hyderabad,2007,2007-12-16,24.736288984686357,True
Hyderabad,2007,2007-12-17,24.84998082823643,True
Hyderabad,2007,2007-12-18,25.310434002198836,True
Hyderabad,2007,2007-12-19,25.35847323419384,True
Hyderabad,2007,2007-12-20,25.277090420932055,True
Hyderabad,2007,2007-12-21,25.322710844647553,True
Hyderabad,2007,2007-12-22,24.853705369047137,True
Hyderabad,2007,2007-12-23,24.4238453759017,True
Hyderabad,2007,2007-12-24,23.898779881194862,True
Hyderabad,2007,2007-12-25,23.55914565985599,True
Hyderabad,2007,2007-12-26,23.652004952150968,True
Hyderabad,2007,2007-12-27,23.925642341604586,True
Hyderabad,2007,2007-12-28,23.91425600995171,True
Hyderabad,2007,2007-12-29,24.420811117931063,True
Hyderabad,2007,2007-12-30,24.14726512881248,True
Hyderabad,2007,2007-12-31,22.93702423391181,True
Hyderabad,2009,2009-01-01,23.750764381356475,True
Hyderabad,2009,2009-01-02,23.829624888858692,True
Hyderabad,2009,2009-01-03,23.658960650698614,True
Hyderabad,2009,2009-01-04,23.766333988977177,True
Hyderabad,2009,2009-01-05,23.820420245182703,True
Hyderabad,2009,2009-01-06,23.788769574268137,True
Hyderabad,2009,2009-01-07,23.91780987513076,True
Hyderabad,2009,2009-01-08,24.199523371803647,True
Hyderabad,2009,2009-01-09,24.10645197010761,True
Hyderabad,2009,2009-01-10,24.14356726026603,True
Hyderabad,2009,2009-01-11,23.872204642706375,True
Hyderabad,2009,2009-01-12,23.736199448240416,True
Hyderabad,2009,2009-01-13,23.88618256187248,True
Hyderabad,2009,2009-01-14,24.716150161683995,True
Hyderabad,2009,2009-01-15,24.90411908232459,True
Hyderabad,2009,2009-01-16,25.037351838439367,True
Hyderabad,2009,2009-01-17,24.984827007993434,True
Hyderabad,2009,2009-01-18,25.02077202862323,True
Hyderabad,2009,2009-01-19,24.715118544854352,True
Hyderabad,2009,2009-01-20,25.05315201513901,True
Hyderabad,2009,2009-01-21,24.96605282409517,True
Hyderabad,2009,2009-01-22,24.80113985342668,True
Hyderabad,2009,2009-01-23,23.57067707612733,True
Hyderabad,2009,2009-01-24,23.38773158635599,True
Hyderabad,2009,2009-01-25,22.2336525216645,True
Hyderabad,2009,2009-01-26,22.796676304146267,True
Hyderabad,2009,2009-01-27,22.86241283665854,True
Hyderabad,2009,2009-01-28,24.0925818475675,True
Hyderabad,2009,2009-01-29,24.96539214939361,True
Hyderabad,2009,2009-01-30,25.885683225185815,True
Hyderabad,2009,2009-01-31,25.795532508642616,True
Hyderabad,2009,2009-02-01,25.76919231375211,True
Hyderabad,2009,2009-02-02,25.71787381054965,True
Hyderabad,2009,2009-02-03,26.603886328140153,True
Hyderabad,2009,2009-02-04,26.612464076658135,True
Hyderabad,2009,2009-02-05,27.06047248343205,True
Hyderabad,2009,2009-02-06,26.10038242964969,True
Hyderabad,2009,2009-02-07,26.692400218659404,True
Hyderabad,2009,2009-02-08,26.792892730274083,True
Hyderabad,2009,2009-02-09,26.758367726113615,True
Hyderabad,2009,2009-02-10,26.97156535664486,True
Hyderabad,2009,2009-02-11,27.531073676671255,True
Hyderabad,2009,2009-02-12,27.41213186207437,True
Hyderabad,2009,2009-02-13,28.040033152669867,True
Hyderabad,2009,2009-02-14,28.537490574564814,True
Hyderabad,2009,2009-02-15,28.008370225081684,True
Hyderabad,2009,2009-02-16,27.41023625572635,True
Hyderabad,2009,2009-02-17,27.884578173713308,True
Hyderabad,2009,2009-02-18,26.04342967163202,True
Hyderabad,2009,2009-02-19,24.771736140472772,True
Hyderabad,2009,2009-02-20,23.017830917372528,True
Hyderabad,2009,2009-02-21,21.984144997616866,True
Hyderabad,2009,2009-02-22,23.354099780206784,True
Hyderabad,2009,2009-02-23,25.991063024073256,True
Hyderabad,2009,2009-02-24,25.487474158605043,True
Hyderabad,2009,2009-02-25,24.877904643443188,True
Hyderabad,2009,2009-02-26,26.48926437510215,True
Hyderabad,2009,2009-02-27,27.99767807826089,True
Hyderabad,2009,2009-02-28,27.28797500502388,True
Hyderabad,2009,2009-03-01,26.590552678954136,True
Hyderabad,2009,2009-03-02,26.64332325201121,True
Hyderabad,2009,2009-03-03,26.96591973364981,True
Hyderabad,2009,2009-03-04,25.319387852869536,True
Hyderabad,2009,2009-03-05,24.168136362375325,True
Hyderabad,2009,2009-03-06,25.90582159351946,True
Hyderabad,2009,2009-03-07,26.909711683912906,True
Hyderabad,2009,2009-03-08,28.08838460468099,True
Hyderabad,2009,2009-03-09,28.307720619076985,True
Hyderabad,2009,2009-03-10,28.192992603180418,True
Hyderabad,2009,2009-03-11,27.753325215033712,True
Hyderabad,2009,2009-03-12,27.598041939335054,True
Hyderabad,2009,2009-03-13,26.03927710642234,True
Hyderabad,2009,2009-03-14,26.99627465808426,True
Hyderabad,2009,2009-03-15,27.56008596288771,True
Hyderabad,2009,2009-03-16,28.42669216774581,True
Hyderabad,2009,2009-03-17,28.58897390502892,True
Hyderabad,2009,2009-03-18,27.587729534261424,True
Hyderabad,2009,2009-03-19,27.6117570709605,True
Hyderabad,2009,2009-03-20,29.016565649020606,True
Hyderabad,2009,2009-03-21,29.982106272685268,True
Hyderabad,2009,2009-03-22,30.03724029695021,True
Hyderabad,2009,2009-03-23,30.033295018957467,True
Hyderabad,2009,2009-03-24,29.631234595626083,True
Hyderabad,2009,2009-03-25,29.460895218419545,True
Hyderabad,2009,2009-03-26,29.472518962012465,True
Hyderabad,2009,2009-03-27,29.82672763896514,True
Hyderabad,2009,2009-03-28,30.126491714877886,True
Hyderabad,2009,2009-03-29,30.127181824673126,True
Hyderabad,2009,2009-03-30,30.285134850065074,True
Hyderabad,2009,2009-03-31,29.60363719702127,True
Hyderabad,2009,2009-04-01,29.969104147792912,True
Hyderabad,2009,2009-04-02,30.710594107376714,True
Hyderabad,2009,2009-04-03,30.303592661018182,True
Hyderabad,2009,2009-04-04,30.547238022875895,True
Hyderabad,2009,2009-04-05,29.783141822972784,True
Hyderabad,2009,2009-04-06,29.85945669868838,True
Hyderabad,2009,2009-04-07,30.074430847541386,True
Hyderabad,2009,2009-04-08,30.508426416371798,True
Hyderabad,2009,2009-04-09,30.461893921065823,True
Hyderabad,2009,2009-04-10,30.665297683261787,True
Hyderabad,2009,2009-04-11,30.90499000934069,True
Hyderabad,2009,2009-04-12,30.64347638834515,True
Hyderabad,2009,2009-04-13,30.08998656968584,True
Hyderabad,2009,2009-04-14,29.976865191050937,True
Hyderabad,2009,2009-04-15,30.042958677853136,True
Hyderabad,2009,2009-04-16,29.80387070373433,True
Hyderabad,2009,2009-04-17,29.517294703733626,True
Hyderabad,2009,2009-04-18,29.960384823573904,True
Hyderabad,2009,2009-04-19,29.398165730214078,True
Hyderabad,2009,2009-04-20,30.39521355929589,True
Hyderabad,2009,2009-04-21,30.563596109005147,True
Hyderabad,2009,2009-04-22,31.01627846103223,True
Hyderabad,2009,2009-04-23,30.88643959029952,True
Hyderabad,2009,2009-04-24,30.11532233125255,True
Hyderabad,2009,2009-04-25,29.76790426892167,True
Hyderabad,2009,2009-04-26,29.25551887531992,True
Hyderabad,2009,2009-04-27,28.81485063580042,True
Hyderabad,2009,2009-04-28,29.448780237464987,True
Hyderabad,2009,2009-04-29,29.755578615296972,True
Hyderabad,2009,2009-04-30,30.37669715788169,True
Hyderabad,2009,2009-05-01,31.361673400670526,True
Hyderabad,2009,2009-05-02,32.25177830788751,True
Hyderabad,2009,2009-05-03,31.938298243557732,True
Hyderabad,2009,2009-05-04,31.310164398917742,True
Hyderabad,2009,2009-05-05,31.394763314872694,True
Hyderabad,2009,2009-05-06,31.535411553226666,True
Hyderabad,2009,2009-05-07,31.13410238292506,True
Hyderabad,2009,2009-05-08,31.118236075033515,True
Hyderabad,2009,2009-05-09,30.15387391728973,True
Hyderabad,2009,2009-05-10,29.377812060900574,True
Hyderabad,2009,2009-05-11,30.456803780307606,True
Hyderabad,2009,2009-05-12,30.757168570951205,True
Hyderabad,2009,2009-05-13,32.01348340521671,True
Hyderabad,2009,2009-05-14,32.07151178673613,True
Hyderabad,2009,2009-05-15,31.9139468032781,True
Hyderabad,2009,2009-05-16,31.38646916542448,True
Hyderabad,2009,2009-05-17,30.571231905176226,True
Hyderabad,2009,2009-05-18,30.90075713181392,True
Hyderabad,2009,2009-05-19,31.495286890448156,True
Hyderabad,2009,2009-05-20,31.273861136218407,True
Hyderabad,2009,2009-05-21,31.516582194453004,True
Hyderabad,2009,2009-05-22,31.06836919386952,True
Hyderabad,2009,2009-05-23,31.173761233931266,True
Hyderabad,2009,2009-05-24,30.996015409562766,True
Hyderabad,2009,2009-05-25,31.419863449810045,True
Hyderabad,2009,2009-05-26,31.744585628326906,True
Hyderabad,2009,2009-05-27,31.785010109259126,True
Hyderabad,2009,2009-05-28,32.72865209103551,True
Hyderabad,2009,2009-05-29,32.61421276907546,True
Hyderabad,2009,2009-05-30,31.296058202868938,True
Hyderabad,2009,2009-05-31,30.986198373852027,True
Hyderabad,2009,2009-06-01,31.681005695893685,True
Hyderabad,2009,2009-06-02,32.079867083132484,True
Hyderabad,2009,2009-06-03,34.19749091138796,True
Hyderabad,2009,2009-06-04,34.959416225710335,True
Hyderabad,2009,2009-06-05,34.18509655055339,True
Hyderabad,2009,2009-06-06,34.560608851496234,True
Hyderabad,2009,2009-06-07,32.610795412022874,True
Hyderabad,2009,2009-06-08,32.40219353916967,True
Hyderabad,2009,2009-06-09,33.13331832403265,True
Hyderabad,2009,2009-06-10,33.21734312051112,True
Hyderabad,2009,2009-06-11,32.496945655303044,True
Hyderabad,2009,2009-06-12,32.17630227540681,True
Hyderabad,2009,2009-06-13,32.943786839039475,True
Hyderabad,2009,2009-06-14,30.4537708544768,True
Hyderabad,2009,2009-06-15,28.961318413142553,True
Hyderabad,2009,2009-06-16,28.79660374591546,True
Hyderabad,2009,2009-06-17,28.95778700909364,True
Hyderabad,2009,2009-06-18,29.935180466862395,True
Hyderabad,2009,2009-06-19,31.559422507311037,True
Hyderabad,2009,2009-06-20,32.57793319148799,True
Hyderabad,2009,2009-06-21,31.767326445583386,True
Hyderabad,2009,2009-06-22,31.948757139901605,True
Hyderabad,2009,2009-06-23,32.06195301612904,True
Hyderabad,2009,2009-06-24,31.505354106252526,True
Hyderabad,2009,2009-06-25,31.092722258764063,True
Hyderabad,2009,2009-06-26,31.016124905566866,True
Hyderabad,2009,2009-06-27,31.684160018052083,True
Hyderabad,2009,2009-06-28,32.568632367309284,True
Hyderabad,2009,2009-06-29,32.834698962062674,True
Hyderabad,2009,2009-06-30,32.43014386193858,True
Hyderabad,2009,2009-07-01,32.18273085329376,True
Hyderabad,2009,2009-07-02,30.829441519503927,True
Hyderabad,2009,2009-07-03,30.77260024118822,True
Hyderabad,2009,2009-07-04,30.666794429389537,True
Hyderabad,2009,2009-07-05,30.704600567311992,True
Hyderabad,2009,2009-07-06,30.37376190885042,True
Hyderabad,2009,2009-07-07,29.9967340005084,True
Hyderabad,2009,2009-07-08,30.553619541679772,True
Hyderabad,2009,2009-07-09,29.65546262179405,True
Hyderabad,2009,2009-07-10,29.26649079745898,True
Hyderabad,2009,2009-07-11,29.245684433670064,True
Hyderabad,2009,2009-07-12,30.306186003561727,True
Hyderabad,2009,2009-07-13,31.12308349869517,True
Hyderabad,2009,2009-07-14,31.242898066525637,True
Hyderabad,2009,2009-07-15,31.00264214841494,True
Hyderabad,2009,2009-07-16,31.416496967851394,True
Hyderabad,2009,2009-07-17,30.580175071207435,True
Hyderabad,2009,2009-07-18,30.564232816839205,True
Hyderabad,2009,2009-07-19,29.91695251864922,True
Hyderabad,2009,2009-07-20,30.081307964238167,True
Hyderabad,2009,2009-07-21,30.37766636392247,True
Hyderabad,2009,2009-07-22,30.743518923311832,True
Hyderabad,2009,2009-07-23,30.40562809495501,True
Hyderabad,2009,2009-07-24,30.31910519254966,True
Hyderabad,2009,2009-07-25,29.821136488234224,True
Hyderabad,2009,2009-07-26,29.732885491571516,True
Hyderabad,2009,2009-07-27,29.831884238171853,True
Hyderabad,2009,2009-07-28,29.61726003255941,True
Hyderabad,2009,2009-07-29,30.508098144535882,True
Hyderabad,2009,2009-07-30,30.127104827699597,True
Hyderabad,2009,2009-07-31,29.87744384795395,True
Hyderabad,2009,2009-08-01,30.12911322377569,True
Hyderabad,2009,2009-08-02,29.3423279650931,True
Hyderabad,2009,2009-08-03,28.785579676072683,True
Hyderabad,2009,2009-08-04,28.88780685149292,True
Hyderabad,2009,2009-08-05,29.434160206447828,True
Hyderabad,2009,2009-08-06,29.78487003601163,True
Hyderabad,2009,2009-08-07,30.07524085894366,True
Hyderabad,2009,2009-08-08,29.629926131849544,True
Hyderabad,2009,2009-08-09,29.097629568591252,True
Hyderabad,2009,2009-08-10,28.204189985275658,True
Hyderabad,2009,2009-08-11,28.67029851275385,True
Hyderabad,2009,2009-08-12,28.97054329386269,True
Hyderabad,2009,2009-08-13,29.536326677752,True
Hyderabad,2009,2009-08-14,29.76120149756461,True
Hyderabad,2009,2009-08-15,29.872936414705716,True
Hyderabad,2009,2009-08-16,29.901836848390943,True
Hyderabad,2009,2009-08-17,29.971586838589584,True
Hyderabad,2009,2009-08-18,29.982533352716477,True
Hyderabad,2009,2009-08-19,29.93836718363948,True
Hyderabad,2009,2009-08-20,29.740442175346576,True
Hyderabad,2009,2009-08-21,29.77456209583601,True
Hyderabad,2009,2009-08-22,30.079786692554087,True
Hyderabad,2009,2009-08-23,30.188041417605547,True
Hyderabad,2009,2009-08-24,30.301712519013805,True
Hyderabad,2009,2009-08-25,30.632943692006066,True
Hyderabad,2009,2009-08-26,30.060327707069675,True
Hyderabad,2009,2009-08-27,29.79483362237392,True
Hyderabad,2009,2009-08-28,30.143072831504842,True
Hyderabad,2009,2009-08-29,30.21192898266894,True
Hyderabad,2009,2009-08-30,30.16967082259472,True
Hyderabad,2009,2009-08-31,30.34924263987252,True
Hyderabad,2009,2009-09-01,30.31907646125097,True
Hyderabad,2009,2009-09-02,30.537392623314233,True
Hyderabad,2009,2009-09-03,31.064839959995954,True
Hyderabad,2009,2009-09-04,30.66971008934004,True
Hyderabad,2009,2009-09-05,30.65055236368785,True
Hyderabad,2009,2009-09-06,30.639875439343026,True
Hyderabad,2009,2009-09-07,30.313923885345822,True
Hyderabad,2009,2009-09-08,30.319482987436775,True
Hyderabad,2009,2009-09-09,30.571097519931175,True
Hyderabad,2009,2009-09-10,32.181346026760956,True
Hyderabad,2009,2009-09-11,32.69894539177851,True
Hyderabad,2009,2009-09-12,33.11200216516574,True
Hyderabad,2009,2009-09-13,32.47342709980481,True
Hyderabad,2009,2009-09-14,31.896285379769964,True
Hyderabad,2009,2009-09-15,32.23793851865579,True
Hyderabad,2009,2009-09-16,32.06378321044824,True
Hyderabad,2009,2009-09-17,31.618002284499493,True
Hyderabad,2009,2009-09-18,31.598799235558246,True
Hyderabad,2009,2009-09-19,31.792284570827054,True
Hyderabad,2009,2009-09-20,32.28856877335361,True
Hyderabad,2009,2009-09-21,32.12498674394963,True
Hyderabad,2009,2009-09-22,32.31788411677937,True
Hyderabad,2009,2009-09-23,32.61670380755611,True
Hyderabad,2009,2009-09-24,32.998863922691406,True
Hyderabad,2009,2009-09-25,32.417836163809696,True
Hyderabad,2009,2009-09-26,31.623368409239383,True
Hyderabad,2009,2009-09-27,31.936939406629364,True
Hyderabad,2009,2009-09-28,32.34705524255087,True
Hyderabad,2009,2009-09-29,31.961241323022634,True
Hyderabad,2009,2009-09-30,30.88653128772413,True
Hyderabad,2009,2009-10-01,30.748264193814027,True
Hyderabad,2009,2009-10-02,30.081561874329232,True
Hyderabad,2009,2009-10-03,30.10410187663494,True
Hyderabad,2009,2009-10-04,30.329938708537274,True
Hyderabad,2009,2009-10-05,30.198717811588917,True
Hyderabad,2009,2009-10-06,29.59461548991859,True
Hyderabad,2009,2009-10-07,30.47885903338233,True
Hyderabad,2009,2009-10-08,31.105930048656695,True
Hyderabad,2009,2009-10-09,30.99928628695086,True
Hyderabad,2009,2009-10-10,31.103888931054986,True
Hyderabad,2009,2009-10-11,30.598275318798414,True
Hyderabad,2009,2009-10-12,30.674803774111773,True
Hyderabad,2009,2009-10-13,30.673836175735552,True
Hyderabad,2009,2009-10-14,31.31950834700541,True
Hyderabad,2009,2009-10-15,30.420687239036916,True
Hyderabad,2009,2009-10-16,29.13232109782773,True
Hyderabad,2009,2009-10-17,28.23163645813301,True
Hyderabad,2009,2009-10-18,28.2450905523818,True
Hyderabad,2009,2009-10-19,29.00926699623169,True
Hyderabad,2009,2009-10-20,29.617686328900348,True
Hyderabad,2009,2009-10-21,29.4132851699993,True
Hyderabad,2009,2009-10-22,30.206653391848626,True
Hyderabad,2009,2009-10-23,29.32642580038746,True
Hyderabad,2009,2009-10-24,28.84649865581571,True
Hyderabad,2009,2009-10-25,29.368359992735282,True
Hyderabad,2009,2009-10-26,29.89564326009281,True
Hyderabad,2009,2009-10-27,29.618839525145383,True
Hyderabad,2009,2009-10-28,29.812116944584474,True
Hyderabad,2009,2009-10-29,29.47788024446439,True
Hyderabad,2009,2009-10-30,29.04014619908176,True
Hyderabad,2009,2009-10-31,29.51250097521522,True
Hyderabad,2009,2009-11-01,29.494623496161772,True
Hyderabad,2009,2009-11-02,29.29553685057568,True
Hyderabad,2009,2009-11-03,29.417077741730985,True
Hyderabad,2009,2009-11-04,28.317555735042195,True
Hyderabad,2009,2009-11-05,28.563899640490856,True
Hyderabad,2009,2009-11-06,28.2096461643271,True
Hyderabad,2009,2009-11-07,27.05168364084025,True
Hyderabad,2009,2009-11-08,26.530697587336103,True
Hyderabad,2009,2009-11-09,25.436262676571772,True
Hyderabad,2009,2009-11-10,25.26265559440977,True
Hyderabad,2009,2009-11-11,25.065182260406136,True
Hyderabad,2009,2009-11-12,24.9229092813005,True
Hyderabad,2009,2009-11-13,25.52230256446854,True
Hyderabad,2009,2009-11-14,26.86070208149272,True
Hyderabad,2009,2009-11-15,27.50350682482418,True
Hyderabad,2009,2009-11-16,27.2709397565296,True
Hyderabad,2009,2009-11-17,26.531171778895647,True
Hyderabad,2009,2009-11-18,25.993298658095842,True
Hyderabad,2009,2009-11-19,25.25207887999992,True
Hyderabad,2009,2009-11-20,25.383375916384747,True
Hyderabad,2009,2009-11-21,25.7934752217281,True
Hyderabad,2009,2009-11-22,25.138939620980754,True
Hyderabad,2009,2009-11-23,25.039279302684324,True
Hyderabad,2009,2009-11-24,25.48776609133198,True
Hyderabad,2009,2009-11-25,26.505178507787605,True
Hyderabad,2009,2009-11-26,25.054174473105192,True
Hyderabad,2009,2009-11-27,25.953517107701565,True
Hyderabad,2009,2009-11-28,25.439991731716923,True
Hyderabad,2009,2009-11-29,23.898752535927265,True
Hyderabad,2009,2009-11-30,23.619755703584737,True
Hyderabad,2009,2009-12-01,23.635881605653758,True
Hyderabad,2009,2009-12-02,24.01531119722097,True
Hyderabad,2009,2009-12-03,24.41481877501001,True
Hyderabad,2009,2009-12-04,24.390664144504296,True
Hyderabad,2009,2009-12-05,24.024103213068795,True
Hyderabad,2009,2009-12-06,24.429749006702632,True
Hyderabad,2009,2009-12-07,25.17625497028694,True
Hyderabad,2009,2009-12-08,25.553380464001958,True
Hyderabad,2009,2009-12-09,26.17747894523678,True
Hyderabad,2009,2009-12-10,25.808343626029256,True
Hyderabad,2009,2009-12-11,26.119478261018227,True
Hyderabad,2009,2009-12-12,26.081767083413258,True
Hyderabad,2009,2009-12-13,26.4718643921936,True
Hyderabad,2009,2009-12-14,26.17152246444345,True
Hyderabad,2009,2009-12-15,25.914773883790325,True
Hyderabad,2009,2009-12-16,25.7648410154394,True
Hyderabad,2009,2009-12-17,25.771937879000117,True
Hyderabad,2009,2009-12-18,25.897555011739264,True
Hyderabad,2009,2009-12-19,23.148066910657246,True
Hyderabad,2009,2009-12-20,21.314292958218836,True
Hyderabad,2009,2009-12-21,21.671359529697593,True
Hyderabad,2009,2009-12-22,22.108469065523032,True
Hyderabad,2009,2009-12-23,22.39428093318177,True
Hyderabad,2009,2009-12-24,22.739937460696325,True
Hyderabad,2009,2009-12-25,22.689370740175484,True
Hyderabad,2009,2009-12-26,22.743699761007576,True
Hyderabad,2009,2009-12-27,22.950833136779973,True
Hyderabad,2009,2009-12-28,22.65944282324148,True
Hyderabad,2009,2009-12-29,22.47788134928356,True
Hyderabad,2009,2009-12-30,22.81908947449705,True
Hyderabad,2009,2009-12-31,23.45511005868963,True
Kolkata,2005,2005-01-01,22.161202448898486,True
Kolkata,2005,2005-01-02,22.112633881502994,True
Kolkata,2005,2005-01-03,22.232031584139598,True
Kolkata,2005,2005-01-04,22.98537264258281,True
Kolkata,2005,2005-01-05,24.99909448712037,True
Kolkata,2005,2005-01-06,25.119939738537877,True
Kolkata,2005,2005-01-07,23.93741037113125,True
Kolkata,2005,2005-01-08,23.94773630520146,True
Kolkata,2005,2005-01-09,24.425233851383936,True
Kolkata,2005,2005-01-10,24.88464616262128,True
Kolkata,2005,2005-01-11,24.487764982213722,True
Kolkata,2005,2005-01-12,25.26327382445771,True
Kolkata,2005,2005-01-13,25.259489826009492,True
Kolkata,2005,2005-01-14,25.339420385468927,True
Kolkata,2005,2005-01-15,25.05777462405041,True
Kolkata,2005,2005-01-16,24.83086464413637,True
Kolkata,2005,2005-01-17,24.58959360300335,True
Kolkata,2005,2005-01-18,24.57031015932624,True
Kolkata,2005,2005-01-19,23.763572025388513,True
Kolkata,2005,2005-01-20,24.909016016210757,True
Kolkata,2005,2005-01-21,24.359105869130335,True
Kolkata,2005,2005-01-22,24.5106380739677,True
Kolkata,2005,2005-01-23,24.864787625680123,True
Kolkata,2005,2005-01-24,25.081744415236088,True
Kolkata,2005,2005-01-25,25.027628890509853,True
Kolkata,2005,2005-01-26,25.470277244456387,True
Kolkata,2005,2005-01-27,23.910534658909448,True
Kolkata,2005,2005-01-28,23.80942340919912,True
Kolkata,2005,2005-01-29,24.60034011226781,True
Kolkata,2005,2005-01-30,25.722710858652757,True
Kolkata,2005,2005-01-31,25.238005231517604,True
Kolkata,2005,2005-02-01,25.40477291833935,True
Kolkata,2005,2005-02-02,25.482469709933316,True
Kolkata,2005,2005-02-03,25.340342930793007,True
Kolkata,2005,2005-02-04,25.323402473322748,True
Kolkata,2005,2005-02-05,25.012429681037787,True
Kolkata,2005,2005-02-06,24.886757895256064,True
Kolkata,2005,2005-02-07,25.458429122295996,True
Kolkata,2005,2005-02-08,25.71633680017628,True
Kolkata,2005,2005-02-09,25.8772859854756,True
Kolkata,2005,2005-02-10,24.92121166665001,True
Kolkata,2005,2005-02-11,25.252821038266532,True
Kolkata,2005,2005-02-12,25.425224928971893,True
Kolkata,2005,2005-02-13,26.28777564736452,True
Kolkata,2005,2005-02-14,26.86753311696512,True
Kolkata,2005,2005-02-15,26.338204553478523,True
Kolkata,2005,2005-02-16,26.734081830546067,True
Kolkata,2005,2005-02-17,27.44959959553989,True
Kolkata,2005,2005-02-18,27.871476012845722,True
Kolkata,2005,2005-02-19,27.380871490144305,True
Kolkata,2005,2005-02-20,27.105724163140803,True
Kolkata,2005,2005-02-21,26.60557486142982,True
Kolkata,2005,2005-02-22,26.31640909576611,True
Kolkata,2005,2005-02-23,25.507995459443755,True
Kolkata,2005,2005-02-24,26.791398986219864,True
Kolkata,2005,2005-02-25,25.88098931601855,True
Kolkata,2005,2005-02-26,27.600194534768853,True
Kolkata,2005,2005-02-27,28.394122716010717,True
Kolkata,2005,2005-02-28,27.025317586320654,True
Kolkata,2005,2005-03-01,26.407250316886433,True
Kolkata,2005,2005-03-02,27.267850080151018,True
Kolkata,2005,2005-03-03,27.242489791864838,True
Kolkata,2005,2005-03-04,28.644224498062453,True
Kolkata,2005,2005-03-05,28.2470601755786,True
Kolkata,2005,2005-03-06,28.03228909331535,True
Kolkata,2005,2005-03-07,26.558707306231042,True
Kolkata,2005,2005-03-08,26.672909341289785,True
Kolkata,2005,2005-03-09,27.60312044924187,True
Kolkata,2005,2005-03-10,28.752988548153315,True
Kolkata,2005,2005-03-11,27.628900923235236,True
Kolkata,2005,2005-03-12,25.365099920143805,True
Kolkata,2005,2005-03-13,26.63206987261992,True
Kolkata,2005,2005-03-14,26.66246780552579,True
Kolkata,2005,2005-03-15,26.259844036527518,True
Kolkata,2005,2005-03-16,26.720309040184244,True
Kolkata,2005,2005-03-17,28.084489743959193,True
Kolkata,2005,2005-03-18,29.401924677762235,True
Kolkata,2005,2005-03-19,28.890273400718876,True
Kolkata,2005,2005-03-20,28.65381810671798,True
Kolkata,2005,2005-03-21,28.370518491694533,True
Kolkata,2005,2005-03-22,28.79888818019779,True
Kolkata,2005,2005-03-23,29.079515042320143,True
Kolkata,2005,2005-03-24,28.16650942271481,True
Kolkata,2005,2005-03-25,27.458460420825208,True
Kolkata,2005,2005-03-26,28.85143444440797,True
Kolkata,2005,2005-03-27,29.25561585497588,True
Kolkata,2005,2005-03-28,30.751521475438693,True
Kolkata,2005,2005-03-29,31.0887029192503,True
Kolkata,2005,2005-03-30,30.222150974926837,True
Kolkata,2005,2005-03-31,29.173874454304112,True
Kolkata,2005,2005-04-01,28.9970880313853,True
Kolkata,2005,2005-04-02,29.639130139652945,True
Kolkata,2005,2005-04-03,30.121975453371704,True
Kolkata,2005,2005-04-04,29.54385288043002,True
Kolkata,2005,2005-04-05,31.19202279994396,True
Kolkata,2005,2005-04-06,30.912111541590033,True
Kolkata,2005,2005-04-07,30.29652549497926,True
Kolkata,2005,2005-04-08,30.572086138606778,True
Kolkata,2005,2005-04-09,30.9736111845399,True
Kolkata,2005,2005-04-10,31.523279434097027,True
Kolkata,2005,2005-04-11,32.00925995743195,True
Kolkata,2005,2005-04-12,32.61320673324973,True
Kolkata,2005,2005-04-13,32.95843489985851,True
Kolkata,2005,2005-04-14,32.71161730764428,True
Kolkata,2005,2005-04-15,31.74849409538249,True
Kolkata,2005,2005-04-16,29.690048198416125,True
Kolkata,2005,2005-04-17,30.098532158130634,True
Kolkata,2005,2005-04-18,31.205821922254962,True
Kolkata,2005,2005-04-19,31.753190526880754,True
Kolkata,2005,2005-04-20,31.042186377624184,True
Kolkata,2005,2005-04-21,30.98362124024096,True
Kolkata,2005,2005-04-22,32.171009398115395,True
Kolkata,2005,2005-04-23,32.094810230320455,True
Kolkata,2005,2005-04-24,32.146350196607585,True
Kolkata,2005,2005-04-25,32.661545891564,True
Kolkata,2005,2005-04-26,33.03075277252796,True
Kolkata,2005,2005-04-27,33.08879923928075,True
Kolkata,2005,2005-04-28,32.87438646913616,True
Kolkata,2005,2005-04-29,32.65657084461679,True
Kolkata,2005,2005-04-30,32.99252280490448,True
Kolkata,2005,2005-05-01,32.06530781486383,True
Kolkata,2005,2005-05-02,31.96550521508706,True
Kolkata,2005,2005-05-03,32.491272190987196,True
Kolkata,2005,2005-05-04,32.89815746071268,True
Kolkata,2005,2005-05-05,32.94113333989639,True
Kolkata,2005,2005-05-06,33.63655024537304,True
Kolkata,2005,2005-05-07,33.88764583922619,True
Kolkata,2005,2005-05-08,34.811243729980994,True
Kolkata,2005,2005-05-09,33.58277935722438,True
Kolkata,2005,2005-05-10,33.668118180788724,True
Kolkata,2005,2005-05-11,33.776703088268775,True
Kolkata,2005,2005-05-12,33.260405239874196,True
Kolkata,2005,2005-05-13,33.1043054193861,True
Kolkata,2005,2005-05-14,33.69776394429228,True
Kolkata,2005,2005-05-15,33.302874328325814,True
Kolkata,2005,2005-05-16,33.465636864296734,True
Kolkata,2005,2005-05-17,33.01987394156526,True
Kolkata,2005,2005-05-18,30.803601404453183,True
Kolkata,2005,2005-05-19,31.30088504982131,True
Kolkata,2005,2005-05-20,31.0831267162914,True
Kolkata,2005,2005-05-21,32.339782992633886,True
Kolkata,2005,2005-05-22,32.62626706044038,True
Kolkata,2005,2005-05-23,33.924290635944956,True
Kolkata,2005,2005-05-24,35.840364166310685,True
Kolkata,2005,2005-05-25,33.445689671589605,True
Kolkata,2005,2005-05-26,33.63886213101708,True
Kolkata,2005,2005-05-27,32.333070126769115,True
Kolkata,2005,2005-05-28,33.698442270610116,True
Kolkata,2005,2005-05-29,33.784496506943185,True
Kolkata,2005,2005-05-30,34.366680095124536,True
Kolkata,2005,2005-05-31,34.160489332739644,True
Kolkata,2005,2005-06-01,34.07158388365561,True
Kolkata,2005,2005-06-02,34.146782008411755,True
Kolkata,2005,2005-06-03,33.79326014602395,True
Kolkata,2005,2005-06-04,33.94606142905664,True
Kolkata,2005,2005-06-05,34.11046686650325,True
Kolkata,2005,2005-06-06,33.74065048784761,True
Kolkata,2005,2005-06-07,33.659454123213905,True
Kolkata,2005,2005-06-08,34.55202832580486,True
Kolkata,2005,2005-06-09,34.23809340491485,True
Kolkata,2005,2005-06-10,34.44739973958337,True
Kolkata,2005,2005-06-11,34.24196715537813,True
Kolkata,2005,2005-06-12,34.5650529892296,True
Kolkata,2005,2005-06-13,34.00551779810041,True
Kolkata,2005,2005-06-14,34.80146160508643,True
Kolkata,2005,2005-06-15,34.480962290168115,True
Kolkata,2005,2005-06-16,35.56913812128116,True
Kolkata,2005,2005-06-17,36.65086906267049,True
Kolkata,2005,2005-06-18,36.629125288527696,True
Kolkata,2005,2005-06-19,35.9817876916979,True
Kolkata,2005,2005-06-20,35.62371618809934,True
Kolkata,2005,2005-06-21,35.04550028219676,True
Kolkata,2005,2005-06-22,34.048632470763636,True
Kolkata,2005,2005-06-23,34.21404454614117,True
Kolkata,2005,2005-06-24,33.897236000803574,True
Kolkata,2005,2005-06-25,33.99924344734729,True
Kolkata,2005,2005-06-26,33.75306919337966,True
Kolkata,2005,2005-06-27,33.993915929143554,True
Kolkata,2005,2005-06-28,35.12701514513348,True
Kolkata,2005,2005-06-29,35.483928601610415,True
Kolkata,2005,2005-06-30,35.49612963992599,True
Kolkata,2005,2005-07-01,34.850367597577396,True
Kolkata,2005,2005-07-02,35.38579814520286,True
Kolkata,2005,2005-07-03,35.867769520675246,True
Kolkata,2005,2005-07-04,35.69400093248809,True
Kolkata,2005,2005-07-05,36.52765727379122,True
Kolkata,2005,2005-07-06,34.994198435764524,True
Kolkata,2005,2005-07-07,34.1925277207543,True
Kolkata,2005,2005-07-08,34.218938341628736,True
Kolkata,2005,2005-07-09,34.218378586537,True
Kolkata,2005,2005-07-10,34.10075927314856,True
Kolkata,2005,2005-07-11,34.258951401913514,True
Kolkata,2005,2005-07-12,34.51890668935306,True
Kolkata,2005,2005-07-13,34.82461885220254,True
Kolkata,2005,2005-07-14,34.43223533130799,True
Kolkata,2005,2005-07-15,35.44890690963276,True
Kolkata,2005,2005-07-16,35.97368437803426,True
Kolkata,2005,2005-07-17,35.73753244388115,True
Kolkata,2005,2005-07-18,35.93956952521503,True
Kolkata,2005,2005-07-19,34.54151796710051,True
Kolkata,2005,2005-07-20,34.21383804544845,True
Kolkata,2005,2005-07-21,34.39672987362678,True
Kolkata,2005,2005-07-22,34.71353542145318,True
Kolkata,2005,2005-07-23,34.443179357758915,True
Kolkata,2005,2005-07-24,34.41053711978817,True
Kolkata,2005,2005-07-25,34.90760065973665,True
Kolkata,2005,2005-07-26,34.17194179351614,True
Kolkata,2005,2005-07-27,33.91208414692507,True
Kolkata,2005,2005-07-28,33.623026585444514,True
Kolkata,2005,2005-07-29,34.034430168470685,True
Kolkata,2005,2005-07-30,34.3187528249176,True
Kolkata,2005,2005-07-31,34.401126785850124,True
Kolkata,2005,2005-08-01,34.41967874846248,True
Kolkata,2005,2005-08-02,34.60506072646554,True
Kolkata,2005,2005-08-03,34.40764053349878,True
Kolkata,2005,2005-08-04,34.54767009285295,True
Kolkata,2005,2005-08-05,34.25481962754412,True
Kolkata,2005,2005-08-06,34.47676920721294,True
Kolkata,2005,2005-08-07,34.678871774773576,True
Kolkata,2005,2005-08-08,34.89912539015586,True
Kolkata,2005,2005-08-09,35.887955698707366,True
Kolkata,2005,2005-08-10,34.58199007116132,True
Kolkata,2005,2005-08-11,33.20036620547579,True
Kolkata,2005,2005-08-12,33.34374128322772,True
Kolkata,2005,2005-08-13,33.54644509881409,True
Kolkata,2005,2005-08-14,33.85975562832934,True
Kolkata,2005,2005-08-15,34.43723985339124,True
Kolkata,2005,2005-08-16,34.30415607890787,True
Kolkata,2005,2005-08-17,34.220334499239414,True
Kolkata,2005,2005-08-18,34.32637651272708,True
Kolkata,2005,2005-08-19,34.47087376868734,True
Kolkata,2005,2005-08-20,34.6676496127387,True
Kolkata,2005,2005-08-21,35.22788396063867,True
Kolkata,2005,2005-08-22,35.40722088246978,True
Kolkata,2005,2005-08-23,36.07832539471509,True
Kolkata,2005,2005-08-24,35.092929310657816,True
Kolkata,2005,2005-08-25,34.713918180274085,True
Kolkata,2005,2005-08-26,34.604439369870676,True
Kolkata,2005,2005-08-27,34.94842284625486,True
Kolkata,2005,2005-08-28,35.09504223922467,True
Kolkata,2005,2005-08-29,35.23184996741768,True
Kolkata,2005,2005-08-30,35.719588013944396,True
Kolkata,2005,2005-08-31,36.28869712439281,True
Kolkata,2005,2005-09-01,35.77788176004851,True
Kolkata,2005,2005-09-02,35.03379072159651,True
Kolkata,2005,2005-09-03,35.172228112842674,True
Kolkata,2005,2005-09-04,35.28168293440409,True
Kolkata,2005,2005-09-05,35.28751063367499,True
Kolkata,2005,2005-09-06,34.584188810294506,True
Kolkata,2005,2005-09-07,34.75729055085266,True
Kolkata,2005,2005-09-08,34.66727584970403,True
Kolkata,2005,2005-09-09,34.75852251441695,True
Kolkata,2005,2005-09-10,35.08698882538796,True
Kolkata,2005,2005-09-11,35.385306518620865,True
Kolkata,2005,2005-09-12,35.132595460471535,True
Kolkata,2005,2005-09-13,35.17626380947007,True
Kolkata,2005,2005-09-14,36.17647281623912,True
Kolkata,2005,2005-09-15,35.808457588018626,True
Kolkata,2005,2005-09-16,35.25434722228314,True
Kolkata,2005,2005-09-17,34.42431813847106,True
Kolkata,2005,2005-09-18,33.52465899170765,True
Kolkata,2005,2005-09-19,33.0146901004024,True
Kolkata,2005,2005-09-20,33.102677457123576,True
Kolkata,2005,2005-09-21,32.48981463458881,True
Kolkata,2005,2005-09-22,31.891881470050397,True
Kolkata,2005,2005-09-23,32.69215866508738,True
Kolkata,2005,2005-09-24,34.39444917624188,True
Kolkata,2005,2005-09-25,34.673982551828,True
Kolkata,2005,2005-09-26,34.50328136199259,True
Kolkata,2005,2005-09-27,34.66044438329267,True
Kolkata,2005,2005-09-28,34.87949371714094,True
Kolkata,2005,2005-09-29,35.04029663749316,True
Kolkata,2005,2005-09-30,34.71354218411847,True
Kolkata,2005,2005-10-01,34.733540276922675,True
Kolkata,2005,2005-10-02,33.86284400282218,True
Kolkata,2005,2005-10-03,33.41849004863848,True
Kolkata,2005,2005-10-04,33.75359529682669,True
Kolkata,2005,2005-10-05,33.81519710740134,True
Kolkata,2005,2005-10-06,34.53237003874991,True
Kolkata,2005,2005-10-07,34.91440228189169,True
Kolkata,2005,2005-10-08,34.51445360426422,True
Kolkata,2005,2005-10-09,33.656357624584935,True
Kolkata,2005,2005-10-10,33.48446046207747,True
Kolkata,2005,2005-10-11,33.61048336326109,True
Kolkata,2005,2005-10-12,33.58512496635297,True
Kolkata,2005,2005-10-13,33.7428791953666,True
Kolkata,2005,2005-10-14,33.58949350672968,True
Kolkata,2005,2005-10-15,33.36878925487499,True
Kolkata,2005,2005-10-16,33.528441258418795,True
Kolkata,2005,2005-10-17,33.905633365563126,True
Kolkata,2005,2005-10-18,33.54867567307172,True
Kolkata,2005,2005-10-19,33.09286120203193,True
Kolkata,2005,2005-10-20,32.663589670438725,True
Kolkata,2005,2005-10-21,32.080375668166525,True
Kolkata,2005,2005-10-22,31.95886754103104,True
Kolkata,2005,2005-10-23,32.19889640300088,True
Kolkata,2005,2005-10-24,32.53738067701645,True
Kolkata,2005,2005-10-25,32.33969925865922,True
Kolkata,2005,2005-10-26,31.729746834216545,True
Kolkata,2005,2005-10-27,31.52836508588641,True
Kolkata,2005,2005-10-28,32.20238686984432,True
Kolkata,2005,2005-10-29,32.40729440736901,True
Kolkata,2005,2005-10-30,32.208112002692616,True
Kolkata,2005,2005-10-31,31.975352683152543,True
Kolkata,2005,2005-11-01,31.693768584102976,True
Kolkata,2005,2005-11-02,32.0241771300342,True
Kolkata,2005,2005-11-03,31.667440762416273,True
Kolkata,2005,2005-11-04,30.879908801999974,True
Kolkata,2005,2005-11-05,31.412577078701183,True
Kolkata,2005,2005-11-06,31.259260135877188,True
Kolkata,2005,2005-11-07,30.580678865716134,True
Kolkata,2005,2005-11-08,30.66881039849476,True
Kolkata,2005,2005-11-09,30.22002507751455,True
Kolkata,2005,2005-11-10,30.46577729597441,True
Kolkata,2005,2005-11-11,30.493369893685937,True
Kolkata,2005,2005-11-12,29.840514302972316,True
Kolkata,2005,2005-11-13,30.059693331006965,True
Kolkata,2005,2005-11-14,30.859450379949237,True
Kolkata,2005,2005-11-15,30.161450509905098,True
Kolkata,2005,2005-11-16,30.056323434690395,True
Kolkata,2005,2005-11-17,29.94353725132006,True
Kolkata,2005,2005-11-18,29.318407724281254,True
Kolkata,2005,2005-11-19,28.508628122141918,True
Kolkata,2005,2005-11-20,28.856004615274923,True
Kolkata,2005,2005-11-21,29.425814460660277,True
Kolkata,2005,2005-11-22,29.34569351773629,True
Kolkata,2005,2005-11-23,29.52064127338362,True
Kolkata,2005,2005-11-24,27.450416594859984,True
Kolkata,2005,2005-11-25,28.39039519843688,True
Kolkata,2005,2005-11-26,28.85953693931091,True
Kolkata,2005,2005-11-27,29.112512404050026,True
Kolkata,2005,2005-11-28,29.04855336778195,True
Kolkata,2005,2005-11-29,28.910373206289208,True
Kolkata,2005,2005-11-30,28.413957751251655,True
Kolkata,2005,2005-12-01,27.642306651310708,True
Kolkata,2005,2005-12-02,25.99656891809766,True
Kolkata,2005,2005-12-03,26.943166610725577,True
Kolkata,2005,2005-12-04,28.11373307873656,True
Kolkata,2005,2005-12-05,28.07808264389815,True
Kolkata,2005,2005-12-06,27.411561486002554,True
Kolkata,2005,2005-12-07,27.19431199016487,True
Kolkata,2005,2005-12-08,27.5999899227243,True
Kolkata,2005,2005-12-09,27.12373485105856,True
Kolkata,2005,2005-12-10,26.002482034129223,True
Kolkata,2005,2005-12-11,24.76808591843753,True
Kolkata,2005,2005-12-12,25.400608745959765,True
Kolkata,2005,2005-12-13,26.10642358664589,True
Kolkata,2005,2005-12-14,26.65790952279913,True
Kolkata,2005,2005-12-15,27.052267147381386,True
Kolkata,2005,2005-12-16,26.163717963587878,True
Kolkata,2005,2005-12-17,26.239228306590643,True
Kolkata,2005,2005-12-18,26.511134758967284,True
Kolkata,2005,2005-12-19,26.008165272563097,True
Kolkata,2005,2005-12-20,25.312900097726338,True
Kolkata,2005,2005-12-21,24.285938051377315,True
Kolkata,2005,2005-12-22,24.04055838293452,True
Kolkata,2005,2005-12-23,25.01620766070555,True
Kolkata,2005,2005-12-24,25.600846787133115,True
Kolkata,2005,2005-12-25,26.110484841830157,True
Kolkata,2005,2005-12-26,26.330882422292696,True
Kolkata,2005,2005-12-27,26.118127403864335,True
Kolkata,2005,2005-12-28,25.409446476833427,True
Kolkata,2005,2005-12-29,24.0073237817878,True
Kolkata,2005,2005-12-30,24.143182395370868,True
Kolkata,2005,2005-12-31,24.747336879849865,True
Kolkata,2007,2007-01-01,22.899098055147004,True
Kolkata,2007,2007-01-02,23.038305801840746,True
Kolkata,2007,2007-01-03,22.99965931885648,True
Kolkata,2007,2007-01-04,22.75771150767857,True
Kolkata,2007,2007-01-05,23.358494649968684,True
Kolkata,2007,2007-01-06,24.029284794220338,True
Kolkata,2007,2007-01-07,24.107949769945826,True
Kolkata,2007,2007-01-08,24.336989918221985,True
Kolkata,2007,2007-01-09,24.134032688761806,True
Kolkata,2007,2007-01-10,24.31499803982583,True
Kolkata,2007,2007-01-11,25.129196001438487,True
Kolkata,2007,2007-01-12,25.051504072723933,True
Kolkata,2007,2007-01-13,24.30560530864735,True
Kolkata,2007,2007-01-14,24.888571422036424,True
Kolkata,2007,2007-01-15,25.060748043035865,True
Kolkata,2007,2007-01-16,22.286989904197764,True
Kolkata,2007,2007-01-17,21.23049995892047,True
Kolkata,2007,2007-01-18,21.654675862340472,True
Kolkata,2007,2007-01-19,22.17692212660055,True
Kolkata,2007,2007-01-20,22.774275658436494,True
Kolkata,2007,2007-01-21,22.921975073918265,True
Kolkata,2007,2007-01-22,23.315816660355267,True
Kolkata,2007,2007-01-23,24.192392774100103,True
Kolkata,2007,2007-01-24,24.856380161839567,True
Kolkata,2007,2007-01-25,24.690599647247954,True
Kolkata,2007,2007-01-26,24.05052695492212,True
Kolkata,2007,2007-01-27,23.62817932057632,True
Kolkata,2007,2007-01-28,24.70444782545087,True
Kolkata,2007,2007-01-29,23.795305025771423,True
Kolkata,2007,2007-01-30,23.46154807178229,True
Kolkata,2007,2007-01-31,23.32178202545144,True
Kolkata,2007,2007-02-01,23.79618380711291,True
Kolkata,2007,2007-02-02,24.683933950760974,True
Kolkata,2007,2007-02-03,25.31098374085114,True
Kolkata,2007,2007-02-04,25.567404637797164,True
Kolkata,2007,2007-02-05,25.873510048145693,True
Kolkata,2007,2007-02-06,26.449343219850537,True
Kolkata,2007,2007-02-07,26.944660484953094,True
Kolkata,2007,2007-02-08,26.523523765750173,True
Kolkata,2007,2007-02-09,26.767724688478484,True
Kolkata,2007,2007-02-10,26.83483995370006,True
Kolkata,2007,2007-02-11,25.894538738612496,True
Kolkata,2007,2007-02-12,25.859536379934294,True
Kolkata,2007,2007-02-13,26.0500846312718,True
Kolkata,2007,2007-02-14,26.12096708314401,True
Kolkata,2007,2007-02-15,26.292360363721063,True
Kolkata,2007,2007-02-16,26.51569722320232,True
Kolkata,2007,2007-02-17,26.895013536336403,True
Kolkata,2007,2007-02-18,27.432021625179527,True
Kolkata,2007,2007-02-19,27.81667743461405,True
Kolkata,2007,2007-02-20,27.776337162925877,True
Kolkata,2007,2007-02-21,27.228882938286773,True
Kolkata,2007,2007-02-22,26.677263499987593,True
Kolkata,2007,2007-02-23,26.749737541342068,True
Kolkata,2007,2007-02-24,27.127967724936244,True
Kolkata,2007,2007-02-25,27.033201311592382,True
Kolkata,2007,2007-02-26,26.867974260649273,True
Kolkata,2007,2007-02-27,26.97567695810769,True
Kolkata,2007,2007-02-28,27.675730240864045,True
Kolkata,2007,2007-03-01,28.633813797649758,True
Kolkata,2007,2007-03-02,28.937747186663096,True
Kolkata,2007,2007-03-03,29.25322646783674,True
Kolkata,2007,2007-03-04,29.297790389995694,True
Kolkata,2007,2007-03-05,28.76401835383663,True
Kolkata,2007,2007-03-06,28.397124597902106,True
Kolkata,2007,2007-03-07,28.386911770358676,True
Kolkata,2007,2007-03-08,28.590268928739874,True
Kolkata,2007,2007-03-09,28.812665936933133,True
Kolkata,2007,2007-03-10,28.784650603932317,True
Kolkata,2007,2007-03-11,29.23126240687017,True
Kolkata,2007,2007-03-12,29.05618773035263,True
Kolkata,2007,2007-03-13,27.958824319909514,True
Kolkata,2007,2007-03-14,29.14787677584067,True
Kolkata,2007,2007-03-15,29.145284665043345,True
Kolkata,2007,2007-03-16,29.058032030475516,True
Kolkata,2007,2007-03-17,28.61483605483117,True
Kolkata,2007,2007-03-18,29.110224711439617,True
Kolkata,2007,2007-03-19,29.526744620998596,True
Kolkata,2007,2007-03-20,30.06494103309939,True
Kolkata,2007,2007-03-21,30.748264354766643,True
Kolkata,2007,2007-03-22,30.97273886030654,True
Kolkata,2007,2007-03-23,31.107972926630545,True
Kolkata,2007,2007-03-24,28.761390677536014,True
Kolkata,2007,2007-03-25,29.432354488367483,True
Kolkata,2007,2007-03-26,30.043433110520567,True
Kolkata,2007,2007-03-27,30.17190875050799,True
Kolkata,2007,2007-03-28,30.234657006267177,True
Kolkata,2007,2007-03-29,30.8840661805035,True
Kolkata,2007,2007-03-30,31.17894275794443,True
Kolkata,2007,2007-03-31,31.025812197784123,True
Kolkata,2007,2007-04-01,30.309877057708814,True
Kolkata,2007,2007-04-02,30.190526228006465,True
Kolkata,2007,2007-04-03,31.06817640723984,True
Kolkata,2007,2007-04-04,31.268155833965576,True
Kolkata,2007,2007-04-05,31.283351379520365,True
Kolkata,2007,2007-04-06,31.854883546672184,True
Kolkata,2007,2007-04-07,32.20414152248921,True
Kolkata,2007,2007-04-08,31.87054638453646,True
Kolkata,2007,2007-04-09,31.75279980522962,True
Kolkata,2007,2007-04-10,31.832045093339122,True
Kolkata,2007,2007-04-11,31.143127733136254,True
Kolkata,2007,2007-04-12,30.29097043429487,True
Kolkata,2007,2007-04-13,30.613746496592757,True
Kolkata,2007,2007-04-14,31.24394431692306,True
Kolkata,2007,2007-04-15,31.690006653914047,True
Kolkata,2007,2007-04-16,30.83640120785775,True
Kolkata,2007,2007-04-17,31.318419720822554,True
Kolkata,2007,2007-04-18,31.7416464868073,True
Kolkata,2007,2007-04-19,31.67348030413749,True
Kolkata,2007,2007-04-20,31.091301854241113,True
Kolkata,2007,2007-04-21,33.07193822456268,True
Kolkata,2007,2007-04-22,32.441740216593494,True
Kolkata,2007,2007-04-23,33.4464514607115,True
Kolkata,2007,2007-04-24,32.875526216123966,True
Kolkata,2007,2007-04-25,31.840049427051532,True
Kolkata,2007,2007-04-26,30.90015991873102,True
Kolkata,2007,2007-04-27,31.995976384685846,True
Kolkata,2007,2007-04-28,32.953838723665505,True
Kolkata,2007,2007-04-29,33.76150399891511,True
Kolkata,2007,2007-04-30,33.81876848028958,True
Kolkata,2007,2007-05-01,32.95080704061843,True
Kolkata,2007,2007-05-02,32.68592128858561,True
Kolkata,2007,2007-05-03,32.26809083926951,True
Kolkata,2007,2007-05-04,32.13553985127091,True
Kolkata,2007,2007-05-05,32.192827856443685,True
Kolkata,2007,2007-05-06,32.2805295962726,True
Kolkata,2007,2007-05-07,31.59770420578698,True
Kolkata,2007,2007-05-08,32.29922893140475,True
Kolkata,2007,2007-05-09,32.821085992526626,True
Kolkata,2007,2007-05-10,32.99931018684986,True
Kolkata,2007,2007-05-11,32.33559814165083,True
Kolkata,2007,2007-05-12,32.71100646998765,True
Kolkata,2007,2007-05-13,33.292659709261855,True
Kolkata,2007,2007-05-14,33.73469297690746,True
Kolkata,2007,2007-05-15,33.14001705084235,True
Kolkata,2007,2007-05-16,33.32748721189164,True
Kolkata,2007,2007-05-17,33.09288846449247,True
Kolkata,2007,2007-05-18,33.5889748028838,True
Kolkata,2007,2007-05-19,33.55295739267255,True
Kolkata,2007,2007-05-20,32.52916209467588,True
Kolkata,2007,2007-05-21,32.13041782171745,True
Kolkata,2007,2007-05-22,32.004648270196945,True
Kolkata,2007,2007-05-23,31.779140058857955,True
Kolkata,2007,2007-05-24,34.048595278514476,True
Kolkata,2007,2007-05-25,33.15384996412794,True
Kolkata,2007,2007-05-26,32.97618124825968,True
Kolkata,2007,2007-05-27,32.483605679074195,True
Kolkata,2007,2007-05-28,32.656718941718914,True
Kolkata,2007,2007-05-29,32.90855364453612,True
Kolkata,2007,2007-05-30,34.31609175099407,True
Kolkata,2007,2007-05-31,35.502345830017354,True
Kolkata,2007,2007-06-01,35.50069801299296,True
Kolkata,2007,2007-06-02,35.32387196608825,True
Kolkata,2007,2007-06-03,34.89043455967051,True
Kolkata,2007,2007-06-04,34.239976901173996,True
Kolkata,2007,2007-06-05,35.18574271232243,True
Kolkata,2007,2007-06-06,35.3889793542959,True
Kolkata,2007,2007-06-07,35.35124866365182,True
Kolkata,2007,2007-06-08,35.990255342967316,True
Kolkata,2007,2007-06-09,35.04226468549287,True
Kolkata,2007,2007-06-10,34.60045242122098,True
Kolkata,2007,2007-06-11,34.33420050158497,True
Kolkata,2007,2007-06-12,34.06107186979463,True
Kolkata,2007,2007-06-13,32.79940357623863,True
Kolkata,2007,2007-06-14,32.8893308779684,True
Kolkata,2007,2007-06-15,33.72904175438539,True
Kolkata,2007,2007-06-16,35.125136339681525,True
Kolkata,2007,2007-06-17,36.21198459808117,True
Kolkata,2007,2007-06-18,35.47699142684305,True
Kolkata,2007,2007-06-19,34.42509429353507,True
Kolkata,2007,2007-06-20,33.871635792119505,True
Kolkata,2007,2007-06-21,34.5020192257645,True
Kolkata,2007,2007-06-22,35.209647700312054,True
Kolkata,2007,2007-06-23,35.22486377599759,True
Kolkata,2007,2007-06-24,34.593659391269675,True
Kolkata,2007,2007-06-25,35.18205259521966,True
Kolkata,2007,2007-06-26,35.278224508695835,True
Kolkata,2007,2007-06-27,34.59982872198623,True
Kolkata,2007,2007-06-28,34.480848077629965,True
Kolkata,2007,2007-06-29,33.736986785732235,True
Kolkata,2007,2007-06-30,33.58132120192363,True
Kolkata,2007,2007-07-01,33.20689083378217,True
Kolkata,2007,2007-07-02,32.9575214088591,True
Kolkata,2007,2007-07-03,32.92624301358145,True
Kolkata,2007,2007-07-04,33.10936701642546,True
Kolkata,2007,2007-07-05,32.68953140384594,True
Kolkata,2007,2007-07-06,32.82940316598948,True
Kolkata,2007,2007-07-07,33.115367165869124,True
Kolkata,2007,2007-07-08,33.43777773871199,True
Kolkata,2007,2007-07-09,33.120198087520755,True
Kolkata,2007,2007-07-10,33.81155950570993,True
Kolkata,2007,2007-07-11,34.88564344753193,True
Kolkata,2007,2007-07-12,34.88394441590549,True
Kolkata,2007,2007-07-13,35.10521247438097,True
Kolkata,2007,2007-07-14,34.991646651009255,True
Kolkata,2007,2007-07-15,34.382232182766494,True
Kolkata,2007,2007-07-16,33.547493560477896,True
Kolkata,2007,2007-07-17,32.622578901533906,True
Kolkata,2007,2007-07-18,33.18058741312063,True
Kolkata,2007,2007-07-19,33.242832744918154,True
Kolkata,2007,2007-07-20,33.204310380620726,True
Kolkata,2007,2007-07-21,33.309954990304604,True
Kolkata,2007,2007-07-22,32.880596198856566,True
Kolkata,2007,2007-07-23,33.126010940167504,True
Kolkata,2007,2007-07-24,34.260234032079325,True
Kolkata,2007,2007-07-25,34.887526013359164,True
Kolkata,2007,2007-07-26,34.24865319614315,True
Kolkata,2007,2007-07-27,33.94281474628087,True
Kolkata,2007,2007-07-28,33.91553018891528,True
Kolkata,2007,2007-07-29,34.002998337083646,True
Kolkata,2007,2007-07-30,34.2743435291847,True
Kolkata,2007,2007-07-31,34.36580243009828,True
Kolkata,2007,2007-08-01,33.97214028723811,True
Kolkata,2007,2007-08-02,33.613448739441196,True
Kolkata,2007,2007-08-03,34.577908840211684,True
Kolkata,2007,2007-08-04,34.66917503753664,True
Kolkata,2007,2007-08-05,34.92011633917662,True
Kolkata,2007,2007-08-06,34.43540284152076,True
Kolkata,2007,2007-08-07,34.681896160875866,True
Kolkata,2007,2007-08-08,34.646596267461106,True
Kolkata,2007,2007-08-09,34.375157667058026,True
Kolkata,2007,2007-08-10,33.550562795717816,True
Kolkata,2007,2007-08-11,33.08820250678512,True
Kolkata,2007,2007-08-12,33.73830905342188,True
Kolkata,2007,2007-08-13,34.064030614024716,True
Kolkata,2007,2007-08-14,33.9952254803628,True
Kolkata,2007,2007-08-15,33.78008328982829,True
Kolkata,2007,2007-08-16,33.58332384240147,True
Kolkata,2007,2007-08-17,33.921404709762804,True
Kolkata,2007,2007-08-18,34.08556950479666,True
Kolkata,2007,2007-08-19,34.50785789621898,True
Kolkata,2007,2007-08-20,33.6801938310417,True
Kolkata,2007,2007-08-21,32.63107413850479,True
Kolkata,2007,2007-08-22,33.09714764852044,True
Kolkata,2007,2007-08-23,34.55099550406405,True
Kolkata,2007,2007-08-24,35.68071786073566,True
Kolkata,2007,2007-08-25,36.18490361667372,True
Kolkata,2007,2007-08-26,35.798917772557786,True
Kolkata,2007,2007-08-27,34.75069645630834,True
Kolkata,2007,2007-08-28,34.04118706511019,True
Kolkata,2007,2007-08-29,34.62994425467309,True
Kolkata,2007,2007-08-30,34.88844916875296,True
Kolkata,2007,2007-08-31,34.53976225099601,True
Kolkata,2007,2007-09-01,34.72483905346287,True
Kolkata,2007,2007-09-02,34.78026603106068,True
Kolkata,2007,2007-09-03,34.54544266793543,True
Kolkata,2007,2007-09-04,34.22591187815898,True
Kolkata,2007,2007-09-05,34.45577607614625,True
Kolkata,2007,2007-09-06,34.75402242253987,True
Kolkata,2007,2007-09-07,34.33991384964343,True
Kolkata,2007,2007-09-08,34.631530359400145,True
Kolkata,2007,2007-09-09,34.56157110958437,True
Kolkata,2007,2007-09-10,34.88499616049484,True
Kolkata,2007,2007-09-11,36.05621692127672,True
Kolkata,2007,2007-09-12,33.71619388397252,True
Kolkata,2007,2007-09-13,32.370978317247,True
Kolkata,2007,2007-09-14,32.467905631520324,True
Kolkata,2007,2007-09-15,33.9058342701658,True
Kolkata,2007,2007-09-16,35.574299863034405,True
Kolkata,2007,2007-09-17,35.88043126202529,True
Kolkata,2007,2007-09-18,34.905043041877704,True
Kolkata,2007,2007-09-19,34.83633018198469,True
Kolkata,2007,2007-09-20,34.82138447870826,True
Kolkata,2007,2007-09-21,34.77954245338196,True
Kolkata,2007,2007-09-22,34.88486303680796,True
Kolkata,2007,2007-09-23,35.37217866051794,True
Kolkata,2007,2007-09-24,35.480688568558364,True
Kolkata,2007,2007-09-25,34.910897602947976,True
Kolkata,2007,2007-09-26,35.0147479149627,True
Kolkata,2007,2007-09-27,34.2295585237369,True
Kolkata,2007,2007-09-28,34.15303779819091,True
Kolkata,2007,2007-09-29,33.898470822448715,True
Kolkata,2007,2007-09-30,33.74631240737192,True
Kolkata,2007,2007-10-01,33.51733679387572,True
Kolkata,2007,2007-10-02,34.01693627406033,True
Kolkata,2007,2007-10-03,33.87844286256941,True
Kolkata,2007,2007-10-04,33.85277429810485,True
Kolkata,2007,2007-10-05,33.57548296305008,True
Kolkata,2007,2007-10-06,33.22746574329814,True
Kolkata,2007,2007-10-07,33.27422981603086,True
Kolkata,2007,2007-10-08,33.68837118075592,True
Kolkata,2007,2007-10-09,34.011634187249335,True
Kolkata,2007,2007-10-10,34.02644498200386,True
Kolkata,2007,2007-10-11,33.664784071576975,True
Kolkata,2007,2007-10-12,33.7831280919768,True
Kolkata,2007,2007-10-13,33.061448882905175,True
Kolkata,2007,2007-10-14,33.41142240874307,True
Kolkata,2007,2007-10-15,33.735415076458175,True
Kolkata,2007,2007-10-16,33.8481867945261,True
Kolkata,2007,2007-10-17,33.47418617332993,True
Kolkata,2007,2007-10-18,32.7623276338269,True
Kolkata,2007,2007-10-19,32.3307068020973,True
Kolkata,2007,2007-10-20,31.494371801512056,True
Kolkata,2007,2007-10-21,31.35509510690759,True
Kolkata,2007,2007-10-22,32.228206316785815,True
Kolkata,2007,2007-10-23,32.04695958051628,True
Kolkata,2007,2007-10-24,32.08951623339611,True
Kolkata,2007,2007-10-25,32.18242787466803,True
Kolkata,2007,2007-10-26,31.723690809644687,True
Kolkata,2007,2007-10-27,31.18880774273487,True
Kolkata,2007,2007-10-28,31.45753861098824,True
Kolkata,2007,2007-10-29,31.370560607828963,True
Kolkata,2007,2007-10-30,31.193665262995502,True
Kolkata,2007,2007-10-31,30.95360241082183,True
Kolkata,2007,2007-11-01,30.3879691803603,True
Kolkata,2007,2007-11-02,30.223001648251756,True
Kolkata,2007,2007-11-03,30.259791385760156,True
Kolkata,2007,2007-11-04,30.885819956762738,True
Kolkata,2007,2007-11-05,30.73814596027016,True
Kolkata,2007,2007-11-06,30.30604971997126,True
Kolkata,2007,2007-11-07,30.213188561356265,True
Kolkata,2007,2007-11-08,30.188637885743038,True
Kolkata,2007,2007-11-09,30.228968539926505,True
Kolkata,2007,2007-11-10,30.150268333919485,True
Kolkata,2007,2007-11-11,29.89149942921486,True
Kolkata,2007,2007-11-12,29.296541113773024,True
Kolkata,2007,2007-11-13,28.323402529665508,True
Kolkata,2007,2007-11-14,28.086436660328523,True
Kolkata,2007,2007-11-15,28.871043737537033,True
Kolkata,2007,2007-11-16,27.890882831466165,True
Kolkata,2007,2007-11-17,28.003055920840186,True
Kolkata,2007,2007-11-18,28.680941844553807,True
Kolkata,2007,2007-11-19,28.18576140577996,True
Kolkata,2007,2007-11-20,27.977021212215153,True
Kolkata,2007,2007-11-21,27.91952774167651,True
Kolkata,2007,2007-11-22,28.239890362578794,True
Kolkata,2007,2007-11-23,28.003764314394598,True
Kolkata,2007,2007-11-24,27.875993510018017,True
Kolkata,2007,2007-11-25,28.343295826316986,True
Kolkata,2007,2007-11-26,28.283421953206965,True
Kolkata,2007,2007-11-27,27.96948149710874,True
Kolkata,2007,2007-11-28,28.377381687144553,True
Kolkata,2007,2007-11-29,27.069893366708065,True
Kolkata,2007,2007-11-30,26.25317526802976,True
Kolkata,2007,2007-12-01,26.336265455514855,True
Kolkata,2007,2007-12-02,26.035006249176913,True
Kolkata,2007,2007-12-03,26.813373319522935,True
Kolkata,2007,2007-12-04,25.89721204976562,True
Kolkata,2007,2007-12-05,25.82581761681082,True
Kolkata,2007,2007-12-06,26.982360294711206,True
Kolkata,2007,2007-12-07,26.73408038059832,True
Kolkata,2007,2007-12-08,27.095308722119512,True
Kolkata,2007,2007-12-09,27.73200014888509,True
Kolkata,2007,2007-12-10,26.73345184590446,True
Kolkata,2007,2007-12-11,27.016491901836844,True
Kolkata,2007,2007-12-12,27.023251009243353,True
Kolkata,2007,2007-12-13,26.81231976789106,True
Kolkata,2007,2007-12-14,25.81766662467673,True
Kolkata,2007,2007-12-15,25.884173622855453,True
Kolkata,2007,2007-12-16,26.061772896869453,True
Kolkata,2007,2007-12-17,25.15469154227148,True
Kolkata,2007,2007-12-18,24.134899315394897,True
Kolkata,2007,2007-12-19,23.648048760005814,True
Kolkata,2007,2007-12-20,24.245287657124045,True
Kolkata,2007,2007-12-21,25.07281150968743,True
Kolkata,2007,2007-12-22,25.89446221734997,True
Kolkata,2007,2007-12-23,25.28717972774881,True
Kolkata,2007,2007-12-24,25.17307001944572,True
Kolkata,2007,2007-12-25,25.25108124560384,True
Kolkata,2007,2007-12-26,24.958320863844367,True
Kolkata,2007,2007-12-27,25.001561845111993,True
Kolkata,2007,2007-12-28,25.02799343194661,True
Kolkata,2007,2007-12-29,25.23276819817972,True
Kolkata,2007,2007-12-30,24.300596725041125,True
Kolkata,2007,2007-12-31,23.0808716674162,True
Kolkata,2009,2009-01-01,23.850500561757475,True
Kolkata,2009,2009-01-02,23.916250750058023,True
Kolkata,2009,2009-01-03,24.873198153338766,True
Kolkata,2009,2009-01-04,25.44985603278957,True
Kolkata,2009,2009-01-05,26.65488831230509,True
Kolkata,2009,2009-01-06,26.16542306588317,True
Kolkata,2009,2009-01-07,26.52662616741171,True
Kolkata,2009,2009-01-08,25.638249091474364,True
Kolkata,2009,2009-01-09,24.430652612952322,True
Kolkata,2009,2009-01-10,25.02754539686723,True
Kolkata,2009,2009-01-11,26.035067145483495,True
Kolkata,2009,2009-01-12,26.025672814383014,True
Kolkata,2009,2009-01-13,25.498781862129782,True
Kolkata,2009,2009-01-14,24.478412483231253,True
Kolkata,2009,2009-01-15,25.171108458191597,True
Kolkata,2009,2009-01-16,25.243276469952512,True
Kolkata,2009,2009-01-17,25.01622991475085,True
Kolkata,2009,2009-01-18,25.65787335144964,True
Kolkata,2009,2009-01-19,25.79734084299442,True
Kolkata,2009,2009-01-20,26.677547416048544,True
Kolkata,2009,2009-01-21,24.490888742454665,True
Kolkata,2009,2009-01-22,21.936838767432285,True
Kolkata,2009,2009-01-23,22.01788055889066,True
Kolkata,2009,2009-01-24,22.524834471076637,True
Kolkata,2009,2009-01-25,22.823544175954822,True
Kolkata,2009,2009-01-26,23.756520663773905,True
Kolkata,2009,2009-01-27,23.653453085966277,True
Kolkata,2009,2009-01-28,24.927923319458966,True
Kolkata,2009,2009-01-29,25.68933200422845,True
Kolkata,2009,2009-01-30,25.801800926384757,True
Kolkata,2009,2009-01-31,25.72914128908508,True
Kolkata,2009,2009-02-01,25.38250389310998,True
Kolkata,2009,2009-02-02,25.279369269031502,True
Kolkata,2009,2009-02-03,25.617670665763924,True
Kolkata,2009,2009-02-04,25.60351036687454,True
Kolkata,2009,2009-02-05,26.05793104411352,True
Kolkata,2009,2009-02-06,25.939331669260493,True
Kolkata,2009,2009-02-07,26.77829261161944,True
Kolkata,2009,2009-02-08,25.881963791847866,True
Kolkata,2009,2009-02-09,25.791645302847026,True
Kolkata,2009,2009-02-10,26.067532934672276,True
Kolkata,2009,2009-02-11,26.531843804597184,True
Kolkata,2009,2009-02-12,26.626218981777285,True
Kolkata,2009,2009-02-13,27.159049700453405,True
Kolkata,2009,2009-02-14,27.06659363255454,True
Kolkata,2009,2009-02-15,26.546106424752278,True
Kolkata,2009,2009-02-16,27.520370081505867,True
Kolkata,2009,2009-02-17,27.69723551089174,True
Kolkata,2009,2009-02-18,26.754995529310794,True
Kolkata,2009,2009-02-19,26.4194115638186,True
Kolkata,2009,2009-02-20,25.556530197697562,True
Kolkata,2009,2009-02-21,21.318858006890586,True
Kolkata,2009,2009-02-22,23.052216818459257,True
Kolkata,2009,2009-02-23,25.346141767286372,True
Kolkata,2009,2009-02-24,24.754468154112775,True
Kolkata,2009,2009-02-25,24.28131264738418,True
Kolkata,2009,2009-02-26,25.1840879921125,True
Kolkata,2009,2009-02-27,26.680326224330834,True
Kolkata,2009,2009-02-28,26.95077869313905,True
Kolkata,2009,2009-03-01,27.5250255978416,True
Kolkata,2009,2009-03-02,28.47328891114845,True
Kolkata,2009,2009-03-03,28.791711213739266,True
Kolkata,2009,2009-03-04,27.453380426507906,True
Kolkata,2009,2009-03-05,26.784470471874897,True
Kolkata,2009,2009-03-06,27.394974059144786,True
Kolkata,2009,2009-03-07,28.084753225799087,True
Kolkata,2009,2009-03-08,28.550689135812334,True
Kolkata,2009,2009-03-09,29.251406075490475,True
Kolkata,2009,2009-03-10,29.08955719346846,True
Kolkata,2009,2009-03-11,28.67963596405405,True
Kolkata,2009,2009-03-12,27.59089446078404,True
Kolkata,2009,2009-03-13,27.70965827718794,True
Kolkata,2009,2009-03-14,28.128472305173723,True
Kolkata,2009,2009-03-15,28.278497750303334,True
Kolkata,2009,2009-03-16,28.524369849704442,True
Kolkata,2009,2009-03-17,29.639992255951395,True
Kolkata,2009,2009-03-18,30.2090703938751,True
Kolkata,2009,2009-03-19,30.52710239483953,True
Kolkata,2009,2009-03-20,31.132054625762557,True
Kolkata,2009,2009-03-21,31.14639682806506,True
Kolkata,2009,2009-03-22,31.139259904429633,True
Kolkata,2009,2009-03-23,30.870593848257414,True
Kolkata,2009,2009-03-24,30.587744299683493,True
Kolkata,2009,2009-03-25,30.388517112381525,True
Kolkata,2009,2009-03-26,30.206844344412247,True
Kolkata,2009,2009-03-27,29.981127311391724,True
Kolkata,2009,2009-03-28,30.895916889691513,True
Kolkata,2009,2009-03-29,31.242022218115554,True
Kolkata,2009,2009-03-30,30.96655219072716,True
Kolkata,2009,2009-03-31,30.949911434364463,True
Kolkata,2009,2009-04-01,31.08778987128451,True
Kolkata,2009,2009-04-02,30.781801203886104,True
Kolkata,2009,2009-04-03,31.212974594589983,True
Kolkata,2009,2009-04-04,31.57641279266188,True
Kolkata,2009,2009-04-05,31.694104264274138,True
Kolkata,2009,2009-04-06,32.41020398590227,True
Kolkata,2009,2009-04-07,32.36137698402815,True
Kolkata,2009,2009-04-08,32.0235351706962,True
Kolkata,2009,2009-04-09,32.21814888757783,True
Kolkata,2009,2009-04-10,32.24292356411082,True
Kolkata,2009,2009-04-11,32.63337904025253,True
Kolkata,2009,2009-04-12,32.03389653645363,True
Kolkata,2009,2009-04-13,32.10720146485601,True
Kolkata,2009,2009-04-14,32.17402886924671,True
Kolkata,2009,2009-04-15,32.43634781932907,True
Kolkata,2009,2009-04-16,33.07895413553492,True
Kolkata,2009,2009-04-17,32.55183180057688,True
Kolkata,2009,2009-04-18,32.82885292715773,True
Kolkata,2009,2009-04-19,32.590147960525016,True
Kolkata,2009,2009-04-20,32.62712461618168,True
Kolkata,2009,2009-04-21,32.8918223482246,True
Kolkata,2009,2009-04-22,33.20651246614438,True
Kolkata,2009,2009-04-23,32.40261799069005,True
Kolkata,2009,2009-04-24,33.27727413996896,True
Kolkata,2009,2009-04-25,33.7185191969327,True
Kolkata,2009,2009-04-26,32.82091243723928,True
Kolkata,2009,2009-04-27,32.9364948430275,True
Kolkata,2009,2009-04-28,33.41762835299569,True
Kolkata,2009,2009-04-29,33.030285822543505,True
Kolkata,2009,2009-04-30,32.465416667547395,True
Kolkata,2009,2009-05-01,32.640875999699574,True
Kolkata,2009,2009-05-02,32.545889920710025,True
Kolkata,2009,2009-05-03,32.73620727981696,True
Kolkata,2009,2009-05-04,32.4460206390223,True
Kolkata,2009,2009-05-05,32.994387645925514,True
Kolkata,2009,2009-05-06,33.09807819264349,True
Kolkata,2009,2009-05-07,33.250856942435675,True
Kolkata,2009,2009-05-08,32.30556641476729,True
Kolkata,2009,2009-05-09,32.09635502617967,True
Kolkata,2009,2009-05-10,30.76297266262331,True
Kolkata,2009,2009-05-11,30.703737672879083,True
Kolkata,2009,2009-05-12,31.28662725227558,True
Kolkata,2009,2009-05-13,32.53017800530236,True
Kolkata,2009,2009-05-14,33.07469635445192,True
Kolkata,2009,2009-05-15,32.30637298562997,True
Kolkata,2009,2009-05-16,32.11853231085442,True
Kolkata,2009,2009-05-17,33.002186447677865,True
Kolkata,2009,2009-05-18,34.484885305592236,True
Kolkata,2009,2009-05-19,33.34779355103475,True
Kolkata,2009,2009-05-20,33.497039704472826,True
Kolkata,2009,2009-05-21,33.54560495756007,True
Kolkata,2009,2009-05-22,33.679506005042235,True
Kolkata,2009,2009-05-23,33.63905328122934,True
Kolkata,2009,2009-05-24,33.5255050522052,True
Kolkata,2009,2009-05-25,34.1970459251671,True
Kolkata,2009,2009-05-26,34.66241823218935,True
Kolkata,2009,2009-05-27,34.071585511836226,True
Kolkata,2009,2009-05-28,34.069726555584786,True
Kolkata,2009,2009-05-29,34.47807944604507,True
Kolkata,2009,2009-05-30,33.23860108234519,True
Kolkata,2009,2009-05-31,32.80556511600028,True
Kolkata,2009,2009-06-01,32.80251365994811,True
Kolkata,2009,2009-06-02,33.95742884129777,True
Kolkata,2009,2009-06-03,33.95168878591446,True
Kolkata,2009,2009-06-04,35.43486687269117,True
Kolkata,2009,2009-06-05,36.253260098190864,True
Kolkata,2009,2009-06-06,36.6902299916019,True
Kolkata,2009,2009-06-07,37.04491698928227,True
Kolkata,2009,2009-06-08,36.5089514987838,True
Kolkata,2009,2009-06-09,35.838302451819736,True
Kolkata,2009,2009-06-10,35.47837670880912,True
Kolkata,2009,2009-06-11,35.472922017383425,True
Kolkata,2009,2009-06-12,36.15050462251292,True
Kolkata,2009,2009-06-13,36.88371208267888,True
Kolkata,2009,2009-06-14,36.816046461072794,True
Kolkata,2009,2009-06-15,35.81267672070433,True
Kolkata,2009,2009-06-16,34.749697164850325,True
Kolkata,2009,2009-06-17,33.57990593543019,True
Kolkata,2009,2009-06-18,33.56711708197578,True
Kolkata,2009,2009-06-19,34.035361539346766,True
Kolkata,2009,2009-06-20,33.892134676361486,True
Kolkata,2009,2009-06-21,33.099025927078095,True
Kolkata,2009,2009-06-22,33.107581362026316,True
Kolkata,2009,2009-06-23,32.408702752521016,True
Kolkata,2009,2009-06-24,32.16703619567654,True
Kolkata,2009,2009-06-25,32.77531897657046,True
Kolkata,2009,2009-06-26,33.11613918564305,True
Kolkata,2009,2009-06-27,33.0086787757405,True
Kolkata,2009,2009-06-28,33.06856618916294,True
Kolkata,2009,2009-06-29,33.38221846851008,True
Kolkata,2009,2009-06-30,34.47135130192245,True
Kolkata,2009,2009-07-01,34.23785536970271,True
Kolkata,2009,2009-07-02,34.144498091949664,True
Kolkata,2009,2009-07-03,35.33198686746409,True
Kolkata,2009,2009-07-04,33.959034554495936,True
Kolkata,2009,2009-07-05,33.85673320103595,True
Kolkata,2009,2009-07-06,33.50747587196309,True
Kolkata,2009,2009-07-07,33.95357975766991,True
Kolkata,2009,2009-07-08,33.25315628855997,True
Kolkata,2009,2009-07-09,32.64447253084567,True
Kolkata,2009,2009-07-10,33.531320486621354,True
Kolkata,2009,2009-07-11,34.40179032394236,True
Kolkata,2009,2009-07-12,34.10313193960771,True
Kolkata,2009,2009-07-13,33.87608064752873,True
Kolkata,2009,2009-07-14,33.8438027017311,True
Kolkata,2009,2009-07-15,33.14362743598482,True
Kolkata,2009,2009-07-16,33.406204574917695,True
Kolkata,2009,2009-07-17,33.43850571728836,True
Kolkata,2009,2009-07-18,33.20402794115286,True
Kolkata,2009,2009-07-19,33.02289918473206,True
Kolkata,2009,2009-07-20,33.73411748037714,True
Kolkata,2009,2009-07-21,34.27416965392888,True
Kolkata,2009,2009-07-22,34.379393336887375,True
Kolkata,2009,2009-07-23,34.559708039352635,True
Kolkata,2009,2009-07-24,34.52565273172583,True
Kolkata,2009,2009-07-25,34.25462752444217,True
Kolkata,2009,2009-07-26,33.22420671893346,True
Kolkata,2009,2009-07-27,32.07364730060373,True
Kolkata,2009,2009-07-28,32.407633978313406,True
Kolkata,2009,2009-07-29,33.429310137219325,True
Kolkata,2009,2009-07-30,33.92626412344134,True
Kolkata,2009,2009-07-31,34.602537433536064,True
Kolkata,2009,2009-08-01,34.74203020455105,True
Kolkata,2009,2009-08-02,33.85796296239504,True
Kolkata,2009,2009-08-03,33.26724324472809,True
Kolkata,2009,2009-08-04,32.53054029732494,True
Kolkata,2009,2009-08-05,33.29029060447111,True
Kolkata,2009,2009-08-06,34.188593909557035,True
Kolkata,2009,2009-08-07,34.26183782117006,True
Kolkata,2009,2009-08-08,34.326034355961085,True
Kolkata,2009,2009-08-09,33.97941738083086,True
Kolkata,2009,2009-08-10,32.94935464474843,True
Kolkata,2009,2009-08-11,32.20835910623455,True
Kolkata,2009,2009-08-12,32.91349397201093,True
Kolkata,2009,2009-08-13,33.77714635730997,True
Kolkata,2009,2009-08-14,34.68263167518933,True
Kolkata,2009,2009-08-15,34.4939255808624,True
Kolkata,2009,2009-08-16,34.32489303203069,True
Kolkata,2009,2009-08-17,34.07858004367599,True
Kolkata,2009,2009-08-18,33.217564690071484,True
Kolkata,2009,2009-08-19,32.69441219849157,True
Kolkata,2009,2009-08-20,32.48074716988842,True
Kolkata,2009,2009-08-21,33.11003837482603,True
Kolkata,2009,2009-08-22,33.96910444095911,True
Kolkata,2009,2009-08-23,34.4037462656525,True
Kolkata,2009,2009-08-24,35.34063703400824,True
Kolkata,2009,2009-08-25,34.307141703280905,True
Kolkata,2009,2009-08-26,33.62050018787775,True
Kolkata,2009,2009-08-27,34.10586922108575,True
Kolkata,2009,2009-08-28,34.88046255186503,True
Kolkata,2009,2009-08-29,34.86432987401774,True
Kolkata,2009,2009-08-30,34.60254239969848,True
Kolkata,2009,2009-08-31,33.7092120238773,True
Kolkata,2009,2009-09-01,33.165919719342064,True
Kolkata,2009,2009-09-02,33.504476768021185,True
Kolkata,2009,2009-09-03,33.541224620927174,True
Kolkata,2009,2009-09-04,33.82684343902327,True
Kolkata,2009,2009-09-05,34.180021961658916,True
Kolkata,2009,2009-09-06,33.92527556378319,True
Kolkata,2009,2009-09-07,33.811354949702014,True
Kolkata,2009,2009-09-08,33.99592165901956,True
Kolkata,2009,2009-09-09,33.84908219220517,True
Kolkata,2009,2009-09-10,33.37695394741869,True
Kolkata,2009,2009-09-11,33.0774094655379,True
Kolkata,2009,2009-09-12,33.281705682177154,True
Kolkata,2009,2009-09-13,33.944628970818385,True
Kolkata,2009,2009-09-14,33.93639135012907,True
Kolkata,2009,2009-09-15,33.967213620396,True
Kolkata,2009,2009-09-16,34.14435126579303,True
Kolkata,2009,2009-09-17,33.60324374938939,True
Kolkata,2009,2009-09-18,33.63177617552808,True
Kolkata,2009,2009-09-19,34.191071689574514,True
Kolkata,2009,2009-09-20,34.54176362790618,True
Kolkata,2009,2009-09-21,35.02995680015766,True
Kolkata,2009,2009-09-22,34.69948204491961,True
Kolkata,2009,2009-09-23,34.34336529627,True
Kolkata,2009,2009-09-24,34.59182472318771,True
Kolkata,2009,2009-09-25,34.83743225186805,True
Kolkata,2009,2009-09-26,34.67337945968402,True
Kolkata,2009,2009-09-27,35.03232009050547,True
Kolkata,2009,2009-09-28,35.48079727750623,True
Kolkata,2009,2009-09-29,36.02041106681057,True
Kolkata,2009,2009-09-30,35.54201763982732,True
Kolkata,2009,2009-10-01,34.5904357464867,True
Kolkata,2009,2009-10-02,34.51981167337624,True
Kolkata,2009,2009-10-03,34.18635355536052,True
Kolkata,2009,2009-10-04,34.68658271245679,True
Kolkata,2009,2009-10-05,34.58498787239224,True
Kolkata,2009,2009-10-06,34.742405107767404,True
Kolkata,2009,2009-10-07,35.75118118148722,True
Kolkata,2009,2009-10-08,34.36957994858351,True
Kolkata,2009,2009-10-09,33.48521394919938,True
Kolkata,2009,2009-10-10,33.60925904571717,True
Kolkata,2009,2009-10-11,34.36827960558787,True
Kolkata,2009,2009-10-12,33.73209121045687,True
Kolkata,2009,2009-10-13,33.52129462832775,True
Kolkata,2009,2009-10-14,33.72306264022311,True
Kolkata,2009,2009-10-15,33.778069204297886,True
Kolkata,2009,2009-10-16,33.509245040075264,True
Kolkata,2009,2009-10-17,33.42152786854096,True
Kolkata,2009,2009-10-18,33.620512496465224,True
Kolkata,2009,2009-10-19,33.288523665416534,True
Kolkata,2009,2009-10-20,32.180748278743685,True
Kolkata,2009,2009-10-21,32.39924108687501,True
Kolkata,2009,2009-10-22,32.48075244612033,True
Kolkata,2009,2009-10-23,33.15355235732002,True
Kolkata,2009,2009-10-24,32.40857704497001,True
Kolkata,2009,2009-10-25,32.06315933378499,True
Kolkata,2009,2009-10-26,31.898052704991755,True
Kolkata,2009,2009-10-27,32.08236404858765,True
Kolkata,2009,2009-10-28,31.496892517612803,True
Kolkata,2009,2009-10-29,31.00463570160745,True
Kolkata,2009,2009-10-30,30.367652181338407,True
Kolkata,2009,2009-10-31,30.43477515396104,True
Kolkata,2009,2009-11-01,30.395818158018706,True
Kolkata,2009,2009-11-02,30.576368509716353,True
Kolkata,2009,2009-11-03,30.447053656157486,True
Kolkata,2009,2009-11-04,30.71221751438295,True
Kolkata,2009,2009-11-05,31.01852481136265,True
Kolkata,2009,2009-11-06,30.9833772028781,True
Kolkata,2009,2009-11-07,30.894178692169447,True
Kolkata,2009,2009-11-08,30.57427781605834,True
Kolkata,2009,2009-11-09,30.183746059775387,True
Kolkata,2009,2009-11-10,30.260922189899556,True
Kolkata,2009,2009-11-11,30.156953234864783,True
Kolkata,2009,2009-11-12,30.465896197079648,True
Kolkata,2009,2009-11-13,29.2649438839294,True
Kolkata,2009,2009-11-14,29.497958436287398,True
Kolkata,2009,2009-11-15,28.707761818356722,True
Kolkata,2009,2009-11-16,28.811988093521503,True
Kolkata,2009,2009-11-17,27.714761105566698,True
Kolkata,2009,2009-11-18,26.53398416001338,True
Kolkata,2009,2009-11-19,26.085333416093068,True
Kolkata,2009,2009-11-20,26.25881924640417,True
Kolkata,2009,2009-11-21,26.4972315048211,True
Kolkata,2009,2009-11-22,27.199786269846825,True
Kolkata,2009,2009-11-23,27.858586135532423,True
Kolkata,2009,2009-11-24,27.765429514480736,True
Kolkata,2009,2009-11-25,27.19886460788154,True
Kolkata,2009,2009-11-26,26.48998112660277,True
Kolkata,2009,2009-11-27,24.90156877568269,True
Kolkata,2009,2009-11-28,24.376758877161784,True
Kolkata,2009,2009-11-29,24.554299072148787,True
Kolkata,2009,2009-11-30,24.721572926460407,True
Kolkata,2009,2009-12-01,25.266842156497315,True
Kolkata,2009,2009-12-02,25.940794538392744,True
Kolkata,2009,2009-12-03,26.369348320160178,True
Kolkata,2009,2009-12-04,26.750975548740414,True
Kolkata,2009,2009-12-05,27.48443102311204,True
Kolkata,2009,2009-12-06,27.658961526925594,True
Kolkata,2009,2009-12-07,26.74083110367959,True
Kolkata,2009,2009-12-08,25.865821374088576,True
Kolkata,2009,2009-12-09,23.242453400597093,True
Kolkata,2009,2009-12-10,23.910521296907476,True
Kolkata,2009,2009-12-11,25.56883748471099,True
Kolkata,2009,2009-12-12,25.12509647522482,True
Kolkata,2009,2009-12-13,24.688103380230828,True
Kolkata,2009,2009-12-14,24.666002232995925,True
Kolkata,2009,2009-12-15,24.505090847914584,True
Kolkata,2009,2009-12-16,23.912303489500452,True
Kolkata,2009,2009-12-17,23.40022666527841,True
Kolkata,2009,2009-12-18,22.634839488783467,True
Kolkata,2009,2009-12-19,21.942827018276034,True
Kolkata,2009,2009-12-20,20.899517278697445,True
Kolkata,2009,2009-12-21,21.26763941466324,True
Kolkata,2009,2009-12-22,22.053923337625736,True
Kolkata,2009,2009-12-23,22.35058587467945,True
Kolkata,2009,2009-12-24,23.7687921907686,True
Kolkata,2009,2009-12-25,23.74735450825165,True
Kolkata,2009,2009-12-26,22.425294548808633,True
Kolkata,2009,2009-12-27,22.508609864485656,True
Kolkata,2009,2009-12-28,23.20353504667868,True
Kolkata,2009,2009-12-29,23.70167086531223,True
Kolkata,2009,2009-12-30,23.92772941174694,True
Kolkata,2009,2009-12-31,24.14357504396241,True
