state,district,district_key,baseline_score,baseline_available_metric_count,modified_score,modified_available_metric_count,scenario,score_delta,baseline_rank,modified_rank,rank_shift,abs_rank_shift
Andaman & Nicobar Islands,Nicobars,andaman nicobar islands|nicobars,64.24700480065017,14,63.78956854115858,15,S1_correlated_hwa,-0.45743625949159394,46.0,105.0,59.0,59.0
Andaman & Nicobar Islands,North and Middle Andaman,andaman nicobar islands|north and middle andaman,62.29957025934495,14,62.26680664408332,15,S1_correlated_hwa,-0.0327636152616293,108.0,167.0,59.0,59.0
Andaman & Nicobar Islands,South Andamans,andaman nicobar islands|south andamans,58.61648978879805,14,58.42926314045664,15,S1_correlated_hwa,-0.187226648341408,295.0,401.0,106.0,106.0
Andhra Pradesh,Alluri Sitharama Raju,andhra pradesh|alluri sitharama raju,53.5328221764709,14,54.72878416503959,15,S1_correlated_hwa,1.1959619885686905,584.0,585.0,1.0,1.0
Andhra Pradesh,Anakapalli,andhra pradesh|anakapalli,62.06273039757758,14,63.23371190616937,15,S1_correlated_hwa,1.1709815085917867,116.0,127.0,11.0,11.0
Andhra Pradesh,Anantapur,andhra pradesh|anantapur,62.31443896164073,14,63.67011851419219,15,S1_correlated_hwa,1.3556795525514573,106.0,109.0,3.0,3.0
Andhra Pradesh,Annamayya,andhra pradesh|annamayya,57.54116154999696,14,58.88800350802478,15,S1_correlated_hwa,1.3468419580278237,364.0,376.0,12.0,12.0
Andhra Pradesh,Bapatla,andhra pradesh|bapatla,63.53267158259229,14,65.11629055634945,15,S1_correlated_hwa,1.5836189737571615,62.0,53.0,-9.0,9.0
Andhra Pradesh,Chittoor,andhra pradesh|chittoor,56.03361972535438,14,57.252877259448006,15,S1_correlated_hwa,1.2192575340936287,462.0,479.0,17.0,17.0
Andhra Pradesh,East Godavari,andhra pradesh|east godavari,63.51850909499242,14,64.85294654831033,15,S1_correlated_hwa,1.3344374533179106,64.0,59.0,-5.0,5.0
Andhra Pradesh,Eluru,andhra pradesh|eluru,61.75378063456978,14,63.161022403995524,15,S1_correlated_hwa,1.4072417694257453,136.0,131.0,-5.0,5.0
Andhra Pradesh,Guntur,andhra pradesh|guntur,62.23312261952214,14,63.79265623412444,15,S1_correlated_hwa,1.5595336146023016,112.0,104.0,-8.0,8.0
Andhra Pradesh,Kakinada,andhra pradesh|kakinada,63.67921364056102,14,64.90408454354981,15,S1_correlated_hwa,1.2248709029887976,59.0,58.0,-1.0,1.0
Andhra Pradesh,Konaseema,andhra pradesh|konaseema,65.70005268751227,14,66.94179751630995,15,S1_correlated_hwa,1.2417448287976782,27.0,24.0,-3.0,3.0
Andhra Pradesh,Krishna,andhra pradesh|krishna,63.200350868203905,14,64.66742366725396,15,S1_correlated_hwa,1.467072799050051,69.0,63.0,-6.0,6.0
Andhra Pradesh,Kurnool,andhra pradesh|kurnool,62.289593395528414,14,63.742437769573776,15,S1_correlated_hwa,1.4528443740453625,109.0,107.0,-2.0,2.0
Andhra Pradesh,Nandyal,andhra pradesh|nandyal,62.90078741734532,14,64.45272994523262,15,S1_correlated_hwa,1.5519425278872987,77.0,73.0,-4.0,4.0
Andhra Pradesh,Ntr,andhra pradesh|ntr,62.288887217948215,14,63.83879279943053,15,S1_correlated_hwa,1.5499055814823137,110.0,102.0,-8.0,8.0
Andhra Pradesh,Palnadu,andhra pradesh|palnadu,62.387681535304765,14,64.00491863357034,15,S1_correlated_hwa,1.6172370982655764,102.0,96.0,-6.0,6.0
Andhra Pradesh,Parvathipuram Manyam,andhra pradesh|parvathipuram manyam,57.04776493333461,14,58.25418615008825,15,S1_correlated_hwa,1.2064212167536397,401.0,410.0,9.0,9.0
Andhra Pradesh,Prakasam,andhra pradesh|prakasam,61.83976301069863,14,63.42408512983349,15,S1_correlated_hwa,1.5843221191348604,132.0,122.0,-10.0,10.0
Andhra Pradesh,Spsr Nellore,andhra pradesh|spsr nellore,65.89134650929145,14,67.42916483010431,15,S1_correlated_hwa,1.5378183208128604,24.0,20.0,-4.0,4.0
Andhra Pradesh,Sri Sathya Sai,andhra pradesh|sri sathya sai,57.89354079430574,14,59.15756647048938,15,S1_correlated_hwa,1.2640256761836355,341.0,351.0,10.0,10.0
Andhra Pradesh,Srikakulam,andhra pradesh|srikakulam,59.84975445562567,14,60.92728618451903,15,S1_correlated_hwa,1.0775317288933621,199.0,220.0,21.0,21.0
Andhra Pradesh,Tirupati,andhra pradesh|tirupati,64.27797912245794,14,65.64756719960484,15,S1_correlated_hwa,1.3695880771469007,45.0,43.0,-2.0,2.0
Andhra Pradesh,Visakhapatanam,andhra pradesh|visakhapatanam,63.39924240193832,14,64.47973561815392,15,S1_correlated_hwa,1.0804932162156078,66.0,70.0,4.0,4.0
Andhra Pradesh,Vizianagaram,andhra pradesh|vizianagaram,61.71745333337349,14,62.90000929534061,15,S1_correlated_hwa,1.1825559619671182,137.0,140.0,3.0,3.0
Andhra Pradesh,West Godavari,andhra pradesh|west godavari,64.28098082079741,14,65.63891176591639,15,S1_correlated_hwa,1.35793094511898,44.0,45.0,1.0,1.0
Andhra Pradesh,Y.S.R,andhra pradesh|ysr,63.44269678982958,14,64.97723796786507,15,S1_correlated_hwa,1.5345411780354823,65.0,56.0,-9.0,9.0
Arunachal Pradesh,Anjaw,arunachal pradesh|anjaw,25.883456146747932,14,25.981862019410126,15,S1_correlated_hwa,0.09840587266219458,757.0,758.0,1.0,1.0
Arunachal Pradesh,Changlang,arunachal pradesh|changlang,39.6760579418663,14,40.361942557204635,15,S1_correlated_hwa,0.6858846153383382,703.0,703.0,0.0,0.0
Arunachal Pradesh,Dibang Valley,arunachal pradesh|dibang valley,24.91954025409734,14,25.175252062098203,15,S1_correlated_hwa,0.25571180800086424,760.0,760.0,0.0,0.0
Arunachal Pradesh,East Kameng,arunachal pradesh|east kameng,30.7059240922652,14,31.418657495629724,15,S1_correlated_hwa,0.7127334033645241,742.0,741.0,-1.0,1.0
Arunachal Pradesh,East Siang,arunachal pradesh|east siang,48.03767943746459,14,49.07043552720153,15,S1_correlated_hwa,1.0327560897369423,658.0,658.0,0.0,0.0
Arunachal Pradesh,Itanagar Capital Complex,arunachal pradesh|itanagar capital complex,45.21514625247341,14,46.16616333346416,15,S1_correlated_hwa,0.9510170809907521,670.0,669.0,-1.0,1.0
Arunachal Pradesh,Kamle,arunachal pradesh|kamle,37.65916731046227,14,38.440453661017465,15,S1_correlated_hwa,0.7812863505551917,718.0,718.0,0.0,0.0
Arunachal Pradesh,Kra Daadi,arunachal pradesh|kra daadi,33.98298843680729,14,34.66599764824604,15,S1_correlated_hwa,0.6830092114387512,735.0,735.0,0.0,0.0
Arunachal Pradesh,Kurung Kumey,arunachal pradesh|kurung kumey,26.958613297022627,14,27.433991721740437,15,S1_correlated_hwa,0.47537842471781033,753.0,753.0,0.0,0.0
Arunachal Pradesh,Leparada,arunachal pradesh|leparada,42.052040167875695,14,42.9496824529089,15,S1_correlated_hwa,0.8976422850332071,687.0,686.0,-1.0,1.0
Arunachal Pradesh,Lohit,arunachal pradesh|lohit,40.85661769355074,14,41.605377928777244,15,S1_correlated_hwa,0.7487602352265057,696.0,694.0,-2.0,2.0
Arunachal Pradesh,Longding,arunachal pradesh|longding,37.51155150887888,14,38.11417793162619,15,S1_correlated_hwa,0.6026264227473064,719.0,720.0,1.0,1.0
Arunachal Pradesh,Lower Dibang Valley,arunachal pradesh|lower dibang valley,39.44002702647112,14,40.2154025132517,15,S1_correlated_hwa,0.7753754867805824,706.0,706.0,0.0,0.0
Arunachal Pradesh,Lower Siang,arunachal pradesh|lower siang,46.48058350897268,14,47.479050196748766,15,S1_correlated_hwa,0.9984666877760873,662.0,660.0,-2.0,2.0
Arunachal Pradesh,Lower Subansiri,arunachal pradesh|lower subansiri,35.79982869926569,14,36.558211759010305,15,S1_correlated_hwa,0.7583830597446166,728.0,728.0,0.0,0.0
Arunachal Pradesh,Namsai,arunachal pradesh|namsai,54.20836415842332,14,55.36364217069734,15,S1_correlated_hwa,1.1552780122740174,561.0,568.0,7.0,7.0
Arunachal Pradesh,Pakke Kessang,arunachal pradesh|pakke kessang,42.64709073670015,14,43.6432025947965,15,S1_correlated_hwa,0.9961118580963486,684.0,681.0,-3.0,3.0
Arunachal Pradesh,Papum Pare,arunachal pradesh|papum pare,38.526042276735154,14,39.309616734955526,15,S1_correlated_hwa,0.7835744582203716,716.0,716.0,0.0,0.0
Arunachal Pradesh,Shi Yomi,arunachal pradesh|shi yomi,24.162198425649805,14,24.387991630873127,15,S1_correlated_hwa,0.22579320522332225,764.0,764.0,0.0,0.0
Arunachal Pradesh,Siang,arunachal pradesh|siang,37.08122872237701,14,37.84523047039633,15,S1_correlated_hwa,0.764001748019318,722.0,721.0,-1.0,1.0
Arunachal Pradesh,Tawang,arunachal pradesh|tawang,21.370684962493396,14,21.82408297051349,15,S1_correlated_hwa,0.4533980080200948,771.0,771.0,0.0,0.0
Arunachal Pradesh,Tirap,arunachal pradesh|tirap,38.46893247216602,14,39.130680955978164,15,S1_correlated_hwa,0.661748483812147,717.0,717.0,0.0,0.0
Arunachal Pradesh,Upper Siang,arunachal pradesh|upper siang,30.676272108833764,14,31.209406196824144,15,S1_correlated_hwa,0.5331340879903799,743.0,742.0,-1.0,1.0
Arunachal Pradesh,Upper Subansiri,arunachal pradesh|upper subansiri,29.366455797873613,14,29.806373565525185,15,S1_correlated_hwa,0.439917767651572,749.0,749.0,0.0,0.0
Arunachal Pradesh,West Kameng,arunachal pradesh|west kameng,31.128871840422146,14,31.883843505550832,15,S1_correlated_hwa,0.7549716651286857,740.0,740.0,0.0,0.0
Arunachal Pradesh,West Siang,arunachal pradesh|west siang,39.014552070261175,14,39.81236631945003,15,S1_correlated_hwa,0.7978142491888534,712.0,709.0,-3.0,3.0
Assam,Bajali,assam|bajali,54.63397963084602,14,55.71279162338644,15,S1_correlated_hwa,1.078811992540416,542.0,555.0,13.0,13.0
Assam,Baksa,assam|baksa,53.07811764491259,14,54.19318367909198,15,S1_correlated_hwa,1.1150660341793923,596.0,598.0,2.0,2.0
Assam,Barpeta,assam|barpeta,54.15861086982461,14,55.14448813312902,15,S1_correlated_hwa,0.9858772633044168,563.0,575.0,12.0,12.0
Assam,Biswanath,assam|biswanath,55.680299811497314,14,56.86339551306285,15,S1_correlated_hwa,1.1830957015655343,493.0,507.0,14.0,14.0
Assam,Bongaigaon,assam|bongaigaon,53.68164923192043,14,54.66861936776001,15,S1_correlated_hwa,0.9869701358395773,579.0,588.0,9.0,9.0
Assam,Cachar,assam|cachar,50.551637545563395,14,51.456259742735504,15,S1_correlated_hwa,0.9046221971721096,644.0,645.0,1.0,1.0
Assam,Charaideo,assam|charaideo,49.42009520637865,14,50.384618016014635,15,S1_correlated_hwa,0.9645228096359872,654.0,653.0,-1.0,1.0
Assam,Chirang,assam|chirang,52.507341609837304,14,53.59779430529438,15,S1_correlated_hwa,1.0904526954570741,608.0,608.0,0.0,0.0
Assam,Darrang,assam|darrang,55.68882333460559,14,56.81686938847018,15,S1_correlated_hwa,1.128046053864594,491.0,508.0,17.0,17.0
Assam,Dhemaji,assam|dhemaji,51.89253839239668,14,53.0005884892472,15,S1_correlated_hwa,1.1080500968505191,618.0,621.0,3.0,3.0
Assam,Dhubri,assam|dhubri,54.567241828677865,14,55.58205391897152,15,S1_correlated_hwa,1.0148120902936526,547.0,564.0,17.0,17.0
Assam,Dibrugarh,assam|dibrugarh,51.03672666328215,14,52.09715592927839,15,S1_correlated_hwa,1.060429265996234,633.0,632.0,-1.0,1.0
Assam,Dima Hasao,assam|dima hasao,43.97886301540355,14,44.804189137096486,15,S1_correlated_hwa,0.8253261216929388,676.0,676.0,0.0,0.0
Assam,Goalpara,assam|goalpara,53.25369141323578,14,54.15397676214182,15,S1_correlated_hwa,0.9002853489060456,592.0,599.0,7.0,7.0
Assam,Golaghat,assam|golaghat,52.992892073771934,14,54.07261869394588,15,S1_correlated_hwa,1.0797266201739433,598.0,601.0,3.0,3.0
Assam,Hailakandi,assam|hailakandi,53.647408287896035,14,54.567336109348176,15,S1_correlated_hwa,0.9199278214521414,581.0,591.0,10.0,10.0
Assam,Hojai,assam|hojai,53.16882203683517,14,54.19563780497955,15,S1_correlated_hwa,1.026815768144381,593.0,597.0,4.0,4.0
Assam,Jorhat,assam|jorhat,53.03418148721331,14,54.05251357334259,15,S1_correlated_hwa,1.018332086129277,597.0,602.0,5.0,5.0
Assam,Kamrup,assam|kamrup,53.28246217406105,14,54.20316212043867,15,S1_correlated_hwa,0.9206999463776171,591.0,596.0,5.0,5.0
Assam,Kamrup Metro,assam|kamrup metro,53.80774766846813,14,54.75911276832569,15,S1_correlated_hwa,0.9513650998575613,574.0,584.0,10.0,10.0
Assam,Karbi Anglong,assam|karbi anglong,49.27429979563427,14,50.288956458312164,15,S1_correlated_hwa,1.0146566626778935,655.0,655.0,0.0,0.0
Assam,Karimganj,assam|karimganj,53.97864704027353,14,54.93066780010644,15,S1_correlated_hwa,0.9520207598329122,568.0,580.0,12.0,12.0
Assam,Kokrajhar,assam|kokrajhar,54.04185835358869,14,55.13548134178133,15,S1_correlated_hwa,1.0936229881926423,567.0,576.0,9.0,9.0
Assam,Lakhimpur,assam|lakhimpur,53.73976492578699,14,54.83590215019664,15,S1_correlated_hwa,1.0961372244096452,577.0,582.0,5.0,5.0
Assam,Majuli,assam|majuli,54.62372172913511,14,55.69125029397946,15,S1_correlated_hwa,1.0675285648443449,543.0,556.0,13.0,13.0
Assam,Marigaon,assam|marigaon,55.302468813268774,14,56.35744805106419,15,S1_correlated_hwa,1.0549792377954148,513.0,529.0,16.0,16.0
Assam,Nagaon,assam|nagaon,55.16478336084616,14,56.259832788502024,15,S1_correlated_hwa,1.0950494276558658,523.0,535.0,12.0,12.0
Assam,Nalbari,assam|nalbari,54.5945855772949,14,55.62386565370715,15,S1_correlated_hwa,1.029280076412249,545.0,559.0,14.0,14.0
Assam,Sivasagar,assam|sivasagar,52.49136332673095,14,53.50281114167341,15,S1_correlated_hwa,1.0114478149424642,609.0,610.0,1.0,1.0
Assam,Sonitpur,assam|sonitpur,55.17164617036242,14,56.40505322686326,15,S1_correlated_hwa,1.2334070565008375,522.0,527.0,5.0,5.0
Assam,South Salmara Mancachar,assam|south salmara mancachar,54.810923284890805,14,55.80715315687374,15,S1_correlated_hwa,0.9962298719829334,534.0,552.0,18.0,18.0
Assam,Tamulpur,assam|tamulpur,52.44409227661534,14,53.57246640499405,15,S1_correlated_hwa,1.1283741283787094,610.0,609.0,-1.0,1.0
Assam,Tinsukia,assam|tinsukia,52.13189307368243,14,53.24798545639673,15,S1_correlated_hwa,1.1160923827142994,614.0,613.0,-1.0,1.0
Assam,Udalguri,assam|udalguri,52.854551518694876,14,54.04663623100172,15,S1_correlated_hwa,1.192084712306844,603.0,603.0,0.0,0.0
Assam,West Karbi Anglong,assam|west karbi anglong,46.61669213837033,14,47.419110375854,15,S1_correlated_hwa,0.8024182374836641,661.0,661.0,0.0,0.0
Bihar,Araria,bihar|araria,54.344170030041404,14,55.5869011584898,15,S1_correlated_hwa,1.2427311284483977,557.0,562.0,5.0,5.0
Bihar,Arwal,bihar|arwal,59.39416368055025,14,60.89105682517395,15,S1_correlated_hwa,1.496893144623698,226.0,226.0,0.0,0.0
Bihar,Aurangabad,bihar|aurangabad,59.01748380329033,14,60.559101837331475,15,S1_correlated_hwa,1.541618034041143,259.0,253.0,-6.0,6.0
Bihar,Banka,bihar|banka,56.81954591291767,14,58.2236819806053,15,S1_correlated_hwa,1.4041360676876309,413.0,412.0,-1.0,1.0
Bihar,Begusarai,bihar|begusarai,57.71343479305409,14,59.05770181634984,15,S1_correlated_hwa,1.3442670232957497,349.0,359.0,10.0,10.0
Bihar,Bhagalpur,bihar|bhagalpur,56.67347032645894,14,58.054381881665726,15,S1_correlated_hwa,1.3809115552067865,419.0,423.0,4.0,4.0
Bihar,Bhojpur,bihar|bhojpur,59.33019105983194,14,60.82758650270414,15,S1_correlated_hwa,1.4973954428722038,232.0,235.0,3.0,3.0
Bihar,Buxar,bihar|buxar,59.37706358356678,14,60.91683427329167,15,S1_correlated_hwa,1.5397706897248895,229.0,221.0,-8.0,8.0
Bihar,Darbhanga,bihar|darbhanga,57.28215280767811,14,58.530948318880625,15,S1_correlated_hwa,1.2487955112025162,381.0,395.0,14.0,14.0
Bihar,Gaya,bihar|gaya,58.762907085537336,14,60.22273999228572,15,S1_correlated_hwa,1.4598329067483817,284.0,284.0,0.0,0.0
Bihar,Gopalganj,bihar|gopalganj,59.10558502620354,14,60.45235203721428,15,S1_correlated_hwa,1.3467670110107406,248.0,264.0,16.0,16.0
Bihar,Jamui,bihar|jamui,56.55182745689482,14,57.9354056628604,15,S1_correlated_hwa,1.383578205965577,434.0,430.0,-4.0,4.0
Bihar,Jehanabad,bihar|jehanabad,59.39282069688942,14,60.819718852754534,15,S1_correlated_hwa,1.4268981558651106,227.0,236.0,9.0,9.0
Bihar,Kaimur (Bhabua),bihar|kaimur bhabua,58.291671104600475,14,59.935510361832016,15,S1_correlated_hwa,1.6438392572315408,319.0,309.0,-10.0,10.0
Bihar,Katihar,bihar|katihar,55.81791903152099,14,57.12583233083452,15,S1_correlated_hwa,1.3079132993135332,484.0,488.0,4.0,4.0
Bihar,Khagaria,bihar|khagaria,56.99363529199187,14,58.33482635147626,15,S1_correlated_hwa,1.3411910594843874,406.0,406.0,0.0,0.0
Bihar,Kishanganj,bihar|kishanganj,53.561271688562755,14,54.78775553128347,15,S1_correlated_hwa,1.226483842720718,583.0,583.0,0.0,0.0
Bihar,Lakhisarai,bihar|lakhisarai,57.70952300488657,14,59.09158112887847,15,S1_correlated_hwa,1.3820581239918965,350.0,358.0,8.0,8.0
Bihar,Madhepura,bihar|madhepura,55.96508868987474,14,57.24533371349524,15,S1_correlated_hwa,1.2802450236205019,464.0,480.0,16.0,16.0
Bihar,Madhubani,bihar|madhubani,56.56481843552309,14,57.82962498048838,15,S1_correlated_hwa,1.264806544965296,430.0,437.0,7.0,7.0
Bihar,Munger,bihar|munger,57.04981707385912,14,58.42217642943325,15,S1_correlated_hwa,1.3723593555741331,400.0,402.0,2.0,2.0
Bihar,Muzaffarpur,bihar|muzaffarpur,58.41741971939373,14,59.68475951613211,15,S1_correlated_hwa,1.2673397967383835,308.0,322.0,14.0,14.0
Bihar,Nalanda,bihar|nalanda,58.94774598370776,14,60.330303795588634,15,S1_correlated_hwa,1.3825578118808721,265.0,275.0,10.0,10.0
Bihar,Nawada,bihar|nawada,57.838243003116204,14,59.24404072367837,15,S1_correlated_hwa,1.4057977205621626,342.0,346.0,4.0,4.0
Bihar,Pashchim Champaran,bihar|pashchim champaran,59.62678127785837,14,60.90998658550353,15,S1_correlated_hwa,1.2832053076451615,209.0,223.0,14.0,14.0
Bihar,Patna,bihar|patna,58.96972325841383,14,60.350533918291006,15,S1_correlated_hwa,1.3808106598771772,262.0,271.0,9.0,9.0
Bihar,Purbi Champaran,bihar|purbi champaran,59.53793570845319,14,60.835088235804164,15,S1_correlated_hwa,1.297152527350974,213.0,232.0,19.0,19.0
Bihar,Purnia,bihar|purnia,55.28192831420278,14,56.55364084155706,15,S1_correlated_hwa,1.271712527354282,514.0,523.0,9.0,9.0
Bihar,Rohtas,bihar|rohtas,58.753482828381145,14,60.34177936814799,15,S1_correlated_hwa,1.5882965397668443,285.0,274.0,-11.0,11.0
Bihar,Saharsa,bihar|saharsa,56.68985003349902,14,57.98337959373367,15,S1_correlated_hwa,1.2935295602346528,418.0,427.0,9.0,9.0
Bihar,Samastipur,bihar|samastipur,57.832226812014575,14,59.12895522217976,15,S1_correlated_hwa,1.296728410165187,343.0,353.0,10.0,10.0
Bihar,Saran,bihar|saran,59.05599265352456,14,60.41127297444006,15,S1_correlated_hwa,1.3552803209154973,254.0,266.0,12.0,12.0
Bihar,Sheikhpura,bihar|sheikhpura,58.54286754128797,14,59.94073725282234,15,S1_correlated_hwa,1.3978697115343692,298.0,308.0,10.0,10.0
Bihar,Sheohar,bihar|sheohar,58.636478821530176,14,59.90285334121969,15,S1_correlated_hwa,1.2663745196895135,291.0,312.0,21.0,21.0
Bihar,Sitamarhi,bihar|sitamarhi,58.336828305626206,14,59.60040635645991,15,S1_correlated_hwa,1.2635780508337007,313.0,325.0,12.0,12.0
Bihar,Siwan,bihar|siwan,59.09633986619643,14,60.48177857060957,15,S1_correlated_hwa,1.38543870441314,251.0,259.0,8.0,8.0
Bihar,Supaul,bihar|supaul,55.07262531724943,14,56.301114833180485,15,S1_correlated_hwa,1.2284895159310523,526.0,532.0,6.0,6.0
Bihar,Vaishali,bihar|vaishali,58.62332634612669,14,59.940988222541726,15,S1_correlated_hwa,1.3176618764150376,294.0,306.0,12.0,12.0
Chandigarh,Chandigarh,chandigarh|chandigarh,54.956989392909264,14,56.09754017672616,15,S1_correlated_hwa,1.1405507838168987,531.0,541.0,10.0,10.0
Chhattisgarh,Balod,chhattisgarh|balod,59.77983278170188,14,61.49303624958399,15,S1_correlated_hwa,1.71320346788211,203.0,197.0,-6.0,6.0
Chhattisgarh,Baloda Bazar,chhattisgarh|baloda bazar,59.80477019184231,14,61.579103764480465,15,S1_correlated_hwa,1.774333572638156,200.0,189.0,-11.0,11.0
Chhattisgarh,Balrampur,chhattisgarh|balrampur,51.71728627452685,14,53.19342475732486,15,S1_correlated_hwa,1.4761384827980137,621.0,616.0,-5.0,5.0
Chhattisgarh,Bastar,chhattisgarh|bastar,55.862615404309686,14,57.28175943163627,15,S1_correlated_hwa,1.4191440273265812,479.0,477.0,-2.0,2.0
Chhattisgarh,Bemetara,chhattisgarh|bemetara,60.11271664808249,14,61.896413668969,15,S1_correlated_hwa,1.7836970208865068,192.0,180.0,-12.0,12.0
Chhattisgarh,Bijapur,chhattisgarh|bijapur,61.46851760913215,14,62.99307671946026,15,S1_correlated_hwa,1.5245591103281129,143.0,137.0,-6.0,6.0
Chhattisgarh,Bilaspur,chhattisgarh|bilaspur,58.29336830805667,14,60.012997691546104,15,S1_correlated_hwa,1.7196293834894334,318.0,300.0,-18.0,18.0
Chhattisgarh,Dantewada,chhattisgarh|dantewada,58.15954615610866,14,59.59876683548489,15,S1_correlated_hwa,1.439220679376227,324.0,326.0,2.0,2.0
Chhattisgarh,Dhamtari,chhattisgarh|dhamtari,58.81160684662968,14,60.482664972394616,15,S1_correlated_hwa,1.6710581257649366,277.0,258.0,-19.0,19.0
Chhattisgarh,Durg,chhattisgarh|durg,60.63303884710103,14,62.387238795885274,15,S1_correlated_hwa,1.7541999487842475,172.0,160.0,-12.0,12.0
Chhattisgarh,Gariyaband,chhattisgarh|gariyaband,57.168433730489305,14,58.77610633851489,15,S1_correlated_hwa,1.607672608025588,391.0,385.0,-6.0,6.0
Chhattisgarh,Gaurella Pendra Marwahi,chhattisgarh|gaurella pendra marwahi,53.50059094849557,14,55.06482386047918,15,S1_correlated_hwa,1.5642329119836091,586.0,578.0,-8.0,8.0
Chhattisgarh,Janjgir-Champa,chhattisgarh|janjgir champa,59.7578755058875,14,61.522989603248185,15,S1_correlated_hwa,1.7651140973606871,207.0,194.0,-13.0,13.0
Chhattisgarh,Jashpur,chhattisgarh|jashpur,52.65755598853742,14,54.14354134638532,15,S1_correlated_hwa,1.4859853578479019,606.0,600.0,-6.0,6.0
Chhattisgarh,Kabirdham,chhattisgarh|kabirdham,55.83381372683982,14,57.51271874496051,15,S1_correlated_hwa,1.6789050181206875,482.0,460.0,-22.0,22.0
Chhattisgarh,Kanker,chhattisgarh|kanker,58.10212739864156,14,59.69958126612503,15,S1_correlated_hwa,1.5974538674834733,329.0,321.0,-8.0,8.0
Chhattisgarh,Khairgarh Chhuikhadan Gandai,chhattisgarh|khairgarh chhuikhadan gandai,57.28747881352573,14,58.99330652337492,15,S1_correlated_hwa,1.7058277098491885,380.0,365.0,-15.0,15.0
Chhattisgarh,Kondagaon,chhattisgarh|kondagaon,55.32083316352358,14,56.79309109667502,15,S1_correlated_hwa,1.4722579331514396,512.0,509.0,-3.0,3.0
Chhattisgarh,Korba,chhattisgarh|korba,56.51588482950198,14,58.142274281854746,15,S1_correlated_hwa,1.6263894523527682,436.0,418.0,-18.0,18.0
Chhattisgarh,Korea,chhattisgarh|korea,50.94418973788516,14,52.496228227691134,15,S1_correlated_hwa,1.5520384898059731,635.0,626.0,-9.0,9.0
Chhattisgarh,Mahasamund,chhattisgarh|mahasamund,59.17019473247305,14,60.8981612515404,15,S1_correlated_hwa,1.7279665190673512,243.0,224.0,-19.0,19.0
Chhattisgarh,Manendragarh Chirimiri Bharatpur,chhattisgarh|manendragarh chirimiri bharatpur,52.423959548420804,14,54.001750192711526,15,S1_correlated_hwa,1.5777906442907224,611.0,605.0,-6.0,6.0
Chhattisgarh,Mohla Manpur Ambagarh Chouki,chhattisgarh|mohla manpur ambagarh chouki,58.4909631502724,14,60.166450153593004,15,S1_correlated_hwa,1.6754870033206046,303.0,289.0,-14.0,14.0
Chhattisgarh,Mungeli,chhattisgarh|mungeli,57.654240276129535,14,59.35263096342224,15,S1_correlated_hwa,1.698390687292708,354.0,338.0,-16.0,16.0
Chhattisgarh,Narayanpur,chhattisgarh|narayanpur,55.53421250931873,14,56.97600652809151,15,S1_correlated_hwa,1.4417940187727822,499.0,500.0,1.0,1.0
Chhattisgarh,Raigarh,chhattisgarh|raigarh,57.46129287307405,14,59.10511043191275,15,S1_correlated_hwa,1.6438175588386983,368.0,355.0,-13.0,13.0
Chhattisgarh,Raipur,chhattisgarh|raipur,60.38606498210997,14,62.16168334696022,15,S1_correlated_hwa,1.7756183648502457,183.0,168.0,-15.0,15.0
Chhattisgarh,Rajnandgaon,chhattisgarh|rajnandgaon,59.407024272474764,14,61.1448842088752,15,S1_correlated_hwa,1.737859936400433,223.0,208.0,-15.0,15.0
Chhattisgarh,Sakti,chhattisgarh|sakti,59.86447276668362,14,61.61340408843556,15,S1_correlated_hwa,1.7489313217519395,198.0,188.0,-10.0,10.0
Chhattisgarh,Sarangarh Bilaigarh,chhattisgarh|sarangarh bilaigarh,59.77155350125504,14,61.51379442669302,15,S1_correlated_hwa,1.7422409254379758,204.0,195.0,-9.0,9.0
Chhattisgarh,Sukma,chhattisgarh|sukma,61.67418238986263,14,63.14454612978762,15,S1_correlated_hwa,1.4703637399249914,138.0,134.0,-4.0,4.0
Chhattisgarh,Surajpur,chhattisgarh|surajpur,53.10103969612478,14,54.64511170606382,15,S1_correlated_hwa,1.5440720099390433,595.0,590.0,-5.0,5.0
Chhattisgarh,Surguja,chhattisgarh|surguja,51.61316958774065,14,53.09623818971437,15,S1_correlated_hwa,1.48306860197372,624.0,618.0,-6.0,6.0
Delhi,Central,delhi|central,55.862983945199005,14,57.371868013965866,15,S1_correlated_hwa,1.5088840687668608,478.0,475.0,-3.0,3.0
Delhi,East,delhi|east,55.91756945615529,14,57.44072164198344,15,S1_correlated_hwa,1.5231521858281454,468.0,466.0,-2.0,2.0
Delhi,New Delhi,delhi|new delhi,55.87765015113166,14,57.388008036754,15,S1_correlated_hwa,1.5103578856223407,474.0,473.0,-1.0,1.0
Delhi,North,delhi|north,55.71068289873349,14,57.19427777872596,15,S1_correlated_hwa,1.4835948799924736,490.0,485.0,-5.0,5.0
Delhi,North East,delhi|north east,55.85361566878166,14,57.36368257865214,15,S1_correlated_hwa,1.5100669098704813,481.0,476.0,-5.0,5.0
Delhi,North West,delhi|north west,55.89953445876922,14,57.40524757808919,15,S1_correlated_hwa,1.5057131193199709,471.0,470.0,-1.0,1.0
Delhi,Shahdara,delhi|shahdara,55.91756929623871,14,57.44072141934827,15,S1_correlated_hwa,1.5231521231095613,469.0,467.0,-2.0,2.0
Delhi,South,delhi|south,55.67855111937668,14,57.17678996574373,15,S1_correlated_hwa,1.4982388463670517,494.0,486.0,-8.0,8.0
Delhi,South East,delhi|south east,55.94319911750037,14,57.4676520020869,15,S1_correlated_hwa,1.5244528845865304,466.0,463.0,-3.0,3.0
Delhi,South West,delhi|south west,55.95503938433225,14,57.46041236743988,15,S1_correlated_hwa,1.5053729831076268,465.0,464.0,-1.0,1.0
Delhi,West,delhi|west,55.89360622790043,14,57.4013989993958,15,S1_correlated_hwa,1.5077927714953745,472.0,472.0,0.0,0.0
Goa,North Goa,goa|north goa,70.29668293565489,14,70.9845302111464,15,S1_correlated_hwa,0.6878472754915208,1.0,1.0,0.0,0.0
Goa,South Goa,goa|south goa,67.23608128219921,14,67.89858142643975,15,S1_correlated_hwa,0.6625001442405392,11.0,12.0,1.0,1.0
Gujarat,Ahmadabad,gujarat|ahmadabad,64.6131056638264,14,66.10720515148891,15,S1_correlated_hwa,1.4940994876625098,37.0,31.0,-6.0,6.0
Gujarat,Amreli,gujarat|amreli,62.14430950890309,14,63.19141748583639,15,S1_correlated_hwa,1.0471079769332974,113.0,130.0,17.0,17.0
Gujarat,Anand,gujarat|anand,64.14775443187773,14,65.69214646533494,15,S1_correlated_hwa,1.544392033457214,48.0,42.0,-6.0,6.0
Gujarat,Arvalli,gujarat|arvalli,59.51329535261116,14,61.088900133648586,15,S1_correlated_hwa,1.575604781037427,214.0,210.0,-4.0,4.0
Gujarat,Banas Kantha,gujarat|banas kantha,61.61777874231704,14,63.19999569631319,15,S1_correlated_hwa,1.582216953996145,140.0,129.0,-11.0,11.0
Gujarat,Bharuch,gujarat|bharuch,63.04102719031555,14,64.61695626657867,15,S1_correlated_hwa,1.5759290762631153,71.0,65.0,-6.0,6.0
Gujarat,Bhavnagar,gujarat|bhavnagar,62.86343356645929,14,64.13419599825023,15,S1_correlated_hwa,1.270762431790942,80.0,84.0,4.0,4.0
Gujarat,Botad,gujarat|botad,63.96354653106255,14,65.25055816576678,15,S1_correlated_hwa,1.2870116347042284,52.0,51.0,-1.0,1.0
Gujarat,Chhotaudepur,gujarat|chhotaudepur,60.770644010001355,14,62.454801423626286,15,S1_correlated_hwa,1.6841574136249307,166.0,156.0,-10.0,10.0
Gujarat,Dang,gujarat|dang,56.195134497435745,14,57.65266789055186,15,S1_correlated_hwa,1.4575333931161154,451.0,451.0,0.0,0.0
Gujarat,Devbhumi Dwarka,gujarat|devbhumi dwarka,67.02229837867158,14,67.56840056729217,15,S1_correlated_hwa,0.5461021886205941,14.0,19.0,5.0,5.0
Gujarat,Dohad,gujarat|dohad,58.6582005033453,14,60.329103232626544,15,S1_correlated_hwa,1.670902729281245,288.0,276.0,-12.0,12.0
Gujarat,Gandhinagar,gujarat|gandhinagar,63.21855589440249,14,64.80609623420062,15,S1_correlated_hwa,1.5875403397981316,68.0,60.0,-8.0,8.0
Gujarat,Gir Somnath,gujarat|gir somnath,65.10181686895235,14,65.82861127350309,15,S1_correlated_hwa,0.7267944045507306,30.0,38.0,8.0,8.0
Gujarat,Jamnagar,gujarat|jamnagar,66.7638650981029,14,67.70281113014441,15,S1_correlated_hwa,0.938946032041514,16.0,16.0,0.0,0.0
Gujarat,Junagadh,gujarat|junagadh,63.79334451430013,14,64.57239349070217,15,S1_correlated_hwa,0.7790489764020379,56.0,67.0,11.0,11.0
Gujarat,Kachchh,gujarat|kachchh,66.46867244473182,14,67.65883316613746,15,S1_correlated_hwa,1.1901607214056327,19.0,17.0,-2.0,2.0
Gujarat,Kheda,gujarat|kheda,63.60829775487161,14,65.21647219307803,15,S1_correlated_hwa,1.6081744382064258,61.0,52.0,-9.0,9.0
Gujarat,Mahesana,gujarat|mahesana,62.37823675130739,14,63.93710893128456,15,S1_correlated_hwa,1.5588721799771719,103.0,99.0,-4.0,4.0
Gujarat,Mahisagar,gujarat|mahisagar,61.10130840702226,14,62.75412970697908,15,S1_correlated_hwa,1.6528212999568197,151.0,145.0,-6.0,6.0
Gujarat,Morbi,gujarat|morbi,66.5464008547395,14,67.77923478993662,15,S1_correlated_hwa,1.232833935197121,18.0,15.0,-3.0,3.0
Gujarat,Narmada,gujarat|narmada,59.87168121626742,14,61.5067448801873,15,S1_correlated_hwa,1.6350636639198797,197.0,196.0,-1.0,1.0
Gujarat,Navsari,gujarat|navsari,62.60370377131389,14,64.06538426657775,15,S1_correlated_hwa,1.4616804952638631,91.0,90.0,-1.0,1.0
Gujarat,Panch Mahals,gujarat|panch mahals,60.868176835397335,14,62.50890300298231,15,S1_correlated_hwa,1.6407261675849725,162.0,153.0,-9.0,9.0
Gujarat,Patan,gujarat|patan,64.56029152041386,14,66.09655840606543,15,S1_correlated_hwa,1.536266885651571,39.0,32.0,-7.0,7.0
Gujarat,Porbandar,gujarat|porbandar,67.31843036439632,14,67.91274122119265,15,S1_correlated_hwa,0.5943108567963264,9.0,10.0,1.0,1.0
Gujarat,Rajkot,gujarat|rajkot,64.59826406761809,14,65.64105412316647,15,S1_correlated_hwa,1.0427900555483802,38.0,44.0,6.0,6.0
Gujarat,Sabar Kantha,gujarat|sabar kantha,58.26365389137361,14,59.816200824445566,15,S1_correlated_hwa,1.5525469330719588,320.0,316.0,-4.0,4.0
Gujarat,Surat,gujarat|surat,62.527712291527614,14,64.06881832454117,15,S1_correlated_hwa,1.5411060330135555,93.0,88.0,-5.0,5.0
Gujarat,Surendranagar,gujarat|surendranagar,64.92448536127826,14,66.2666903640066,15,S1_correlated_hwa,1.342205002728349,35.0,28.0,-7.0,7.0
Gujarat,Tapi,gujarat|tapi,61.08115991486439,14,62.67245810703878,15,S1_correlated_hwa,1.591298192174392,152.0,147.0,-5.0,5.0
Gujarat,Vadodara,gujarat|vadodara,62.675498186626534,14,64.29384572025869,15,S1_correlated_hwa,1.6183475336321536,87.0,76.0,-11.0,11.0
Gujarat,Valsad,gujarat|valsad,61.05649316212147,14,62.43526788910877,15,S1_correlated_hwa,1.3787747269873023,154.0,157.0,3.0,3.0
Haryana,Ambala,haryana|ambala,56.17629361097211,14,57.44834042013378,15,S1_correlated_hwa,1.2720468091616723,454.0,465.0,11.0,11.0
Haryana,Bhiwani,haryana|bhiwani,57.69596949922649,14,59.12302699516387,15,S1_correlated_hwa,1.427057495937376,352.0,354.0,2.0,2.0
Haryana,Charki Dadri,haryana|charki dadri,57.05584693224197,14,58.496059757787805,15,S1_correlated_hwa,1.440212825545835,399.0,397.0,-2.0,2.0
Haryana,Faridabad,haryana|faridabad,56.19331470048319,14,57.753207517055124,15,S1_correlated_hwa,1.5598928165719315,452.0,444.0,-8.0,8.0
Haryana,Fatehabad,haryana|fatehabad,58.562940953351344,14,59.97266111758217,15,S1_correlated_hwa,1.4097201642308264,297.0,302.0,5.0,5.0
Haryana,Gurugram,haryana|gurugram,55.7786224718501,14,57.27814565541748,15,S1_correlated_hwa,1.4995231835673835,487.0,478.0,-9.0,9.0
Haryana,Hisar,haryana|hisar,58.064945554494074,14,59.502893254816414,15,S1_correlated_hwa,1.43794770032234,331.0,332.0,1.0,1.0
Haryana,Jhajjar,haryana|jhajjar,56.324614067471465,14,57.79995944785123,15,S1_correlated_hwa,1.475345380379764,444.0,439.0,-5.0,5.0
Haryana,Jind,haryana|jind,56.70334389563586,14,58.165968569595364,15,S1_correlated_hwa,1.4626246739595032,417.0,415.0,-2.0,2.0
Haryana,Kaithal,haryana|kaithal,56.67201782960817,14,58.09354603006871,15,S1_correlated_hwa,1.4215282004605356,420.0,420.0,0.0,0.0
Haryana,Karnal,haryana|karnal,55.80563366075919,14,57.229854842856824,15,S1_correlated_hwa,1.4242211820976323,485.0,481.0,-4.0,4.0
Haryana,Kurukshetra,haryana|kurukshetra,56.189397692451934,14,57.550220176960146,15,S1_correlated_hwa,1.360822484508212,453.0,458.0,5.0,5.0
Haryana,Mahendragarh,haryana|mahendragarh,56.60114885962206,14,58.084708835703346,15,S1_correlated_hwa,1.4835599760812883,424.0,421.0,-3.0,3.0
Haryana,Nuh,haryana|nuh,56.31303551078056,14,57.86822076161715,15,S1_correlated_hwa,1.555185250836594,446.0,436.0,-10.0,10.0
Haryana,Palwal,haryana|palwal,56.560725928206644,14,58.15448263560216,15,S1_correlated_hwa,1.5937567073955137,432.0,416.0,-16.0,16.0
Haryana,Panchkula,haryana|panchkula,52.61565161574014,14,53.695338153100884,15,S1_correlated_hwa,1.0796865373607432,607.0,607.0,0.0,0.0
Haryana,Panipat,haryana|panipat,55.56171058073241,14,57.02360807350775,15,S1_correlated_hwa,1.4618974927753428,497.0,494.0,-3.0,3.0
Haryana,Rewari,haryana|rewari,56.38960907851081,14,57.887865887002896,15,S1_correlated_hwa,1.498256808492087,442.0,434.0,-8.0,8.0
Haryana,Rohtak,haryana|rohtak,56.44132417548865,14,57.9003826897512,15,S1_correlated_hwa,1.4590585142625443,440.0,432.0,-8.0,8.0
Haryana,Sirsa,haryana|sirsa,60.5200782324242,14,61.90702925395125,15,S1_correlated_hwa,1.3869510215270537,177.0,178.0,1.0,1.0
Haryana,Sonipat,haryana|sonipat,55.72624934619949,14,57.195138434179356,15,S1_correlated_hwa,1.4688890879798677,489.0,484.0,-5.0,5.0
Haryana,Yamunanagar,haryana|yamunanagar,55.46394050457881,14,56.722627991362536,15,S1_correlated_hwa,1.258687486783728,504.0,513.0,9.0,9.0
Himachal Pradesh,Bilaspur,himachal pradesh|bilaspur,45.505141565114656,14,46.3186961491564,15,S1_correlated_hwa,0.8135545840417464,667.0,667.0,0.0,0.0
Himachal Pradesh,Chamba,himachal pradesh|chamba,22.91395996679957,14,22.93304612243997,15,S1_correlated_hwa,0.01908615564039806,766.0,767.0,1.0,1.0
Himachal Pradesh,Hamirpur,himachal pradesh|hamirpur,45.90853807250648,14,46.73424585158551,15,S1_correlated_hwa,0.8257077790790319,663.0,663.0,0.0,0.0
Himachal Pradesh,Kangra,himachal pradesh|kangra,39.95596635535073,14,40.53190135226729,15,S1_correlated_hwa,0.5759349969165584,702.0,702.0,0.0,0.0
Himachal Pradesh,Kinnaur,himachal pradesh|kinnaur,22.844554620076934,14,22.804147161299305,15,S1_correlated_hwa,-0.0404074587776293,767.0,768.0,1.0,1.0
Himachal Pradesh,Kullu,himachal pradesh|kullu,22.244433012897733,14,22.05372336485707,15,S1_correlated_hwa,-0.19070964804066293,769.0,770.0,1.0,1.0
Himachal Pradesh,Lahul and Spiti,himachal pradesh|lahul and spiti,11.698524913138304,14,11.268243785647744,15,S1_correlated_hwa,-0.43028112749055936,780.0,780.0,0.0,0.0
Himachal Pradesh,Mandi,himachal pradesh|mandi,36.688256968967686,14,37.17298776611595,15,S1_correlated_hwa,0.4847307971482664,726.0,726.0,0.0,0.0
Himachal Pradesh,Shimla,himachal pradesh|shimla,30.801652224650976,14,31.056442640008044,15,S1_correlated_hwa,0.2547904153570677,741.0,744.0,3.0,3.0
Himachal Pradesh,Sirmaur,himachal pradesh|sirmaur,42.076766941792805,14,42.87790582276316,15,S1_correlated_hwa,0.8011388809703561,686.0,687.0,1.0,1.0
Himachal Pradesh,Solan,himachal pradesh|solan,43.878599478785254,14,44.68163044249041,15,S1_correlated_hwa,0.8030309637051545,677.0,677.0,0.0,0.0
Himachal Pradesh,Una,himachal pradesh|una,50.366460683083396,14,51.33145247261168,15,S1_correlated_hwa,0.964991789528284,646.0,648.0,2.0,2.0
Jammu & Kashmir,Anantnag,jammu kashmir|anantnag,22.160651130360048,14,22.41696529769238,15,S1_correlated_hwa,0.2563141673323308,770.0,769.0,-1.0,1.0
Jammu & Kashmir,Bandipora,jammu kashmir|bandipora,17.334796798638287,14,17.6195826328953,15,S1_correlated_hwa,0.2847858342570113,775.0,775.0,0.0,0.0
Jammu & Kashmir,Baramulla,jammu kashmir|baramulla,26.148221139534446,14,26.692637320812036,15,S1_correlated_hwa,0.5444161812775903,754.0,754.0,0.0,0.0
Jammu & Kashmir,Budgam,jammu kashmir|budgam,25.98236252161521,14,26.414757852363454,15,S1_correlated_hwa,0.43239533074824266,756.0,755.0,-1.0,1.0
Jammu & Kashmir,Doda,jammu kashmir|doda,26.123003769864972,14,26.369715483110014,15,S1_correlated_hwa,0.24671171324504115,755.0,756.0,1.0,1.0
Jammu & Kashmir,Ganderbal,jammu kashmir|ganderbal,19.554105863643034,14,19.8179262854097,15,S1_correlated_hwa,0.26382042176666687,774.0,773.0,-1.0,1.0
Jammu & Kashmir,Jammu,jammu kashmir|jammu,51.840071204575274,14,52.951049232471554,15,S1_correlated_hwa,1.1109780278962802,620.0,622.0,2.0,2.0
Jammu & Kashmir,Kathua,jammu kashmir|kathua,43.10977429023411,14,43.868673641418354,15,S1_correlated_hwa,0.7588993511842475,680.0,680.0,0.0,0.0
Jammu & Kashmir,Kishtwar,jammu kashmir|kishtwar,16.368787261036765,14,16.295365514285447,15,S1_correlated_hwa,-0.0734217467513183,776.0,777.0,1.0,1.0
Jammu & Kashmir,Kulgam,jammu kashmir|kulgam,23.273246436738326,14,23.5221391350019,15,S1_correlated_hwa,0.24889269826357463,765.0,765.0,0.0,0.0
Jammu & Kashmir,Kupwara,jammu kashmir|kupwara,24.22223571758248,14,24.82001938512954,15,S1_correlated_hwa,0.5977836675470627,763.0,762.0,-1.0,1.0
Jammu & Kashmir,Mirpur,jammu kashmir|mirpur,49.13035776613478,14,50.26339558503429,15,S1_correlated_hwa,1.1330378188995098,656.0,656.0,0.0,0.0
Jammu & Kashmir,Muzaffarabad,jammu kashmir|muzaffarabad,22.398921034314625,14,23.01386960048253,15,S1_correlated_hwa,0.6149485661679037,768.0,766.0,-2.0,2.0
Jammu & Kashmir,Poonch,jammu kashmir|poonch,32.493687532493745,14,33.19605321067955,15,S1_correlated_hwa,0.7023656781858065,739.0,739.0,0.0,0.0
Jammu & Kashmir,Pulwama,jammu kashmir|pulwama,29.145034719697623,14,29.701473955788245,15,S1_correlated_hwa,0.5564392360906218,750.0,750.0,0.0,0.0
Jammu & Kashmir,Rajouri,jammu kashmir|rajouri,38.87010349562276,14,39.666087380147495,15,S1_correlated_hwa,0.7959838845247376,715.0,713.0,-2.0,2.0
Jammu & Kashmir,Ramban,jammu kashmir|ramban,28.080943268518922,14,28.46259542196784,15,S1_correlated_hwa,0.38165215344891834,751.0,751.0,0.0,0.0
Jammu & Kashmir,Reasi,jammu kashmir|reasi,33.89266303232368,14,34.49178228263197,15,S1_correlated_hwa,0.5991192503082914,737.0,736.0,-1.0,1.0
Jammu & Kashmir,Samba,jammu kashmir|samba,52.19970383181073,14,53.28856621190115,15,S1_correlated_hwa,1.0888623800904185,613.0,612.0,-1.0,1.0
Jammu & Kashmir,Shopian,jammu kashmir|shopian,25.225358747141783,14,25.57478697032024,15,S1_correlated_hwa,0.3494282231784567,759.0,759.0,0.0,0.0
Jammu & Kashmir,Srinagar,jammu kashmir|srinagar,30.39250798171483,14,31.091934551545588,15,S1_correlated_hwa,0.6994265698307593,744.0,743.0,-1.0,1.0
Jammu & Kashmir,Udhampur,jammu kashmir|udhampur,36.786834222949764,14,37.3903001517952,15,S1_correlated_hwa,0.6034659288454378,724.0,724.0,0.0,0.0
Jharkhand,Bokaro,jharkhand|bokaro,57.306459467540606,14,58.73165975450124,15,S1_correlated_hwa,1.4252002869606315,377.0,387.0,10.0,10.0
Jharkhand,Chatra,jharkhand|chatra,55.59400233181813,14,57.02770676290879,15,S1_correlated_hwa,1.4337044310906606,495.0,493.0,-2.0,2.0
Jharkhand,Deoghar,jharkhand|deoghar,56.57159882383672,14,57.993479259270686,15,S1_correlated_hwa,1.4218804354339625,427.0,426.0,-1.0,1.0
Jharkhand,Dhanbad,jharkhand|dhanbad,58.34336186331465,14,59.80912818561032,15,S1_correlated_hwa,1.4657663222956714,311.0,317.0,6.0,6.0
Jharkhand,Dumka,jharkhand|dumka,57.43174798612777,14,58.92113588782471,15,S1_correlated_hwa,1.4893879016969436,371.0,373.0,2.0,2.0
Jharkhand,East Singhbum,jharkhand|east singhbum,60.605175332755294,14,62.14356330681115,15,S1_correlated_hwa,1.5383879740558584,174.0,170.0,-4.0,4.0
Jharkhand,Garhwa,jharkhand|garhwa,56.560762176749606,14,58.151666923185296,15,S1_correlated_hwa,1.5909047464356902,431.0,417.0,-14.0,14.0
Jharkhand,Giridih,jharkhand|giridih,55.53131878713129,14,56.924209796591036,15,S1_correlated_hwa,1.3928910094597455,500.0,503.0,3.0,3.0
Jharkhand,Godda,jharkhand|godda,56.10403040073272,14,57.52131787613161,15,S1_correlated_hwa,1.4172874753988935,458.0,459.0,1.0,1.0
Jharkhand,Gumla,jharkhand|gumla,51.32976983650506,14,52.73251025248835,15,S1_correlated_hwa,1.4027404159832955,629.0,624.0,-5.0,5.0
Jharkhand,Hazaribagh,jharkhand|hazaribagh,53.673525246646186,14,55.04291806708901,15,S1_correlated_hwa,1.369392820442826,580.0,579.0,-1.0,1.0
Jharkhand,Jamtara,jharkhand|jamtara,58.52732704584691,14,60.02962692149171,15,S1_correlated_hwa,1.5022998756448018,300.0,298.0,-2.0,2.0
Jharkhand,Khunti,jharkhand|khunti,53.794366059641945,14,55.17952982722573,15,S1_correlated_hwa,1.3851637675837836,575.0,573.0,-2.0,2.0
Jharkhand,Koderma,jharkhand|koderma,55.354636212527915,14,56.746773793414,15,S1_correlated_hwa,1.3921375808860859,509.0,511.0,2.0,2.0
Jharkhand,Latehar,jharkhand|latehar,52.89200797462697,14,54.313518849010435,15,S1_correlated_hwa,1.4215108743834648,601.0,594.0,-7.0,7.0
Jharkhand,Lohardaga,jharkhand|lohardaga,50.72813766812467,14,52.090198551708504,15,S1_correlated_hwa,1.3620608835838368,639.0,633.0,-6.0,6.0
Jharkhand,Pakur,jharkhand|pakur,57.91171372917467,14,59.36843927164578,15,S1_correlated_hwa,1.456725542471105,338.0,336.0,-2.0,2.0
Jharkhand,Palamu,jharkhand|palamu,57.31900086062077,14,58.872730759771756,15,S1_correlated_hwa,1.5537298991509871,376.0,377.0,1.0,1.0
Jharkhand,Ramgarh,jharkhand|ramgarh,55.21655938279079,14,56.60113755268989,15,S1_correlated_hwa,1.3845781698991004,519.0,519.0,0.0,0.0
Jharkhand,Ranchi,jharkhand|ranchi,53.854806232004215,14,55.22578032604182,15,S1_correlated_hwa,1.3709740940376065,573.0,572.0,-1.0,1.0
Jharkhand,Sahebganj,jharkhand|sahebganj,56.55748092611193,14,57.93435736553076,15,S1_correlated_hwa,1.3768764394188295,433.0,431.0,-2.0,2.0
Jharkhand,Saraikela Kharsawan,jharkhand|saraikela kharsawan,59.433358384344196,14,60.945293498187496,15,S1_correlated_hwa,1.5119351138433004,219.0,219.0,0.0,0.0
Jharkhand,Simdega,jharkhand|simdega,57.006569023452805,14,58.55721767597842,15,S1_correlated_hwa,1.5506486525256165,405.0,394.0,-11.0,11.0
Jharkhand,West Singhbhum,jharkhand|west singhbhum,57.29423234541693,14,58.81637738029174,15,S1_correlated_hwa,1.5221450348748107,379.0,383.0,4.0,4.0
Karnataka,Bagalkote,karnataka|bagalkote,61.82921305273666,14,63.15037609299933,15,S1_correlated_hwa,1.3211630402626682,134.0,133.0,-1.0,1.0
Karnataka,Ballari,karnataka|ballari,61.85201273758109,14,63.15803174163151,15,S1_correlated_hwa,1.3060190040504196,131.0,132.0,1.0,1.0
Karnataka,Belagavi,karnataka|belagavi,58.83627089596122,14,59.85332887459641,15,S1_correlated_hwa,1.0170579786351865,274.0,315.0,41.0,41.0
Karnataka,Bengaluru Rural,karnataka|bengaluru rural,50.63054080570559,14,51.61397227247264,15,S1_correlated_hwa,0.9834314667670441,642.0,643.0,1.0,1.0
Karnataka,Bengaluru Urban,karnataka|bengaluru urban,50.17385981402026,14,51.16940994790168,15,S1_correlated_hwa,0.9955501338814159,649.0,650.0,1.0,1.0
Karnataka,Bidar,karnataka|bidar,59.96674375033031,14,61.43756796951836,15,S1_correlated_hwa,1.470824219188053,194.0,198.0,4.0,4.0
Karnataka,Chamarajanagara,karnataka|chamarajanagara,50.48588283290653,14,51.31608353989634,15,S1_correlated_hwa,0.8302007069898067,645.0,649.0,4.0,4.0
Karnataka,Chikkaballapura,karnataka|chikkaballapura,51.97118366465594,14,53.05942378108941,15,S1_correlated_hwa,1.088240116433468,617.0,620.0,3.0,3.0
Karnataka,Chikkamagaluru,karnataka|chikkamagaluru,53.45562018185911,14,54.03737897350428,15,S1_correlated_hwa,0.5817587916451714,590.0,604.0,14.0,14.0
Karnataka,Chitradurga,karnataka|chitradurga,57.113321778546414,14,58.116045537966336,15,S1_correlated_hwa,1.002723759419922,396.0,419.0,23.0,23.0
Karnataka,Dakshina Kannada,karnataka|dakshina kannada,66.16595638807567,14,66.60357164202647,15,S1_correlated_hwa,0.4376152539507956,21.0,25.0,4.0,4.0
Karnataka,Davangere,karnataka|davangere,56.81707477005381,14,57.75356041849591,15,S1_correlated_hwa,0.9364856484421011,414.0,443.0,29.0,29.0
Karnataka,Dharwad,karnataka|dharwad,57.46634268472597,14,58.44993116033958,15,S1_correlated_hwa,0.9835884756136082,367.0,400.0,33.0,33.0
Karnataka,Gadag,karnataka|gadag,58.82910960970991,14,59.96816011077845,15,S1_correlated_hwa,1.1390505010685388,275.0,303.0,28.0,28.0
Karnataka,Hassan,karnataka|hassan,51.57369052647403,14,52.126971673816875,15,S1_correlated_hwa,0.5532811473428438,626.0,630.0,4.0,4.0
Karnataka,Haveri,karnataka|haveri,56.886689208376616,14,57.798827242337666,15,S1_correlated_hwa,0.9121380339610496,411.0,440.0,29.0,29.0
Karnataka,Kalaburagi,karnataka|kalaburagi,62.35704043928446,14,63.85369085300755,15,S1_correlated_hwa,1.4966504137230885,104.0,101.0,-3.0,3.0
Karnataka,Kodagu,karnataka|kodagu,52.91455950598285,14,53.203531947846535,15,S1_correlated_hwa,0.28897244186368454,600.0,615.0,15.0,15.0
Karnataka,Kolar,karnataka|kolar,50.80846392340613,14,51.87640293899201,15,S1_correlated_hwa,1.0679390155858783,638.0,636.0,-2.0,2.0
Karnataka,Koppal,karnataka|koppal,60.7447649232069,14,62.02666717997075,15,S1_correlated_hwa,1.2819022567638498,168.0,174.0,6.0,6.0
Karnataka,Mandya,karnataka|mandya,52.01628867736764,14,52.81245543684542,15,S1_correlated_hwa,0.7961667594777779,616.0,623.0,7.0,7.0
Karnataka,Mysuru,karnataka|mysuru,51.85788945684836,14,52.47145987447091,15,S1_correlated_hwa,0.6135704176225474,619.0,627.0,8.0,8.0
Karnataka,Raichur,karnataka|raichur,62.595943102999925,14,64.02457142055897,15,S1_correlated_hwa,1.4286283175590455,92.0,93.0,1.0,1.0
Karnataka,Ramanagara,karnataka|ramanagara,51.4112757851367,14,52.355147580098844,15,S1_correlated_hwa,0.943871794962142,627.0,629.0,2.0,2.0
Karnataka,Shivamogga,karnataka|shivamogga,55.545594041504344,14,56.28384567245593,15,S1_correlated_hwa,0.7382516309515879,498.0,534.0,36.0,36.0
Karnataka,Tumakuru,karnataka|tumakuru,53.97176375000156,14,54.903717678329855,15,S1_correlated_hwa,0.9319539283282978,569.0,581.0,12.0,12.0
Karnataka,Udupi,karnataka|udupi,65.35944193360714,14,65.99961213995037,15,S1_correlated_hwa,0.6401702063432282,29.0,34.0,5.0,5.0
Karnataka,Uttara Kannada,karnataka|uttara kannada,58.71402596488966,14,59.44659394063775,15,S1_correlated_hwa,0.7325679757480899,286.0,334.0,48.0,48.0
Karnataka,Vijayanagar,karnataka|vijayanagar,59.12616019936105,14,60.24578563053331,15,S1_correlated_hwa,1.1196254311722598,246.0,283.0,37.0,37.0
Karnataka,Vijayapura,karnataka|vijayapura,62.919211320787944,14,64.3854215676386,15,S1_correlated_hwa,1.4662102468506575,75.0,75.0,0.0,0.0
Karnataka,Yadgir,karnataka|yadgir,62.93043206096284,14,64.40049810574541,15,S1_correlated_hwa,1.4700660447825697,74.0,74.0,0.0,0.0
Kerala,Alappuzha,kerala|alappuzha,69.24148723984061,14,69.60425718583161,15,S1_correlated_hwa,0.36276994599100476,3.0,3.0,0.0,0.0
Kerala,Ernakulam,kerala|ernakulam,62.84444848734895,14,63.44202342536868,15,S1_correlated_hwa,0.5975749380197328,81.0,121.0,40.0,40.0
Kerala,Idukki,kerala|idukki,47.68980894594569,14,48.04824004690715,15,S1_correlated_hwa,0.3584311009614538,659.0,659.0,0.0,0.0
Kerala,Kannur,kerala|kannur,67.6036292340049,14,67.90647520679208,15,S1_correlated_hwa,0.30284597278718195,7.0,11.0,4.0,4.0
Kerala,Kasaragod,kerala|kasaragod,67.87425900741952,14,68.10195674569775,15,S1_correlated_hwa,0.22769773827822348,5.0,8.0,3.0,3.0
Kerala,Kollam,kerala|kollam,64.37665841435602,14,64.61728146681027,15,S1_correlated_hwa,0.24062305245425364,40.0,64.0,24.0,24.0
Kerala,Kottayam,kerala|kottayam,63.71621603799526,14,64.19282934953655,15,S1_correlated_hwa,0.4766133115412927,58.0,81.0,23.0,23.0
Kerala,Kozhikode,kerala|kozhikode,63.67051692293271,14,64.08653610860868,15,S1_correlated_hwa,0.41601918567597096,60.0,87.0,27.0,27.0
Kerala,Malappuram,kerala|malappuram,61.83210029331361,14,62.429491080280464,15,S1_correlated_hwa,0.5973907869668551,133.0,158.0,25.0,25.0
Kerala,Palakkad,kerala|palakkad,57.921772611599884,14,58.63935974796828,15,S1_correlated_hwa,0.7175871363683939,337.0,392.0,55.0,55.0
Kerala,Pathanamthitta,kerala|pathanamthitta,59.76870158489279,14,60.076472056684004,15,S1_correlated_hwa,0.3077704717912155,205.0,295.0,90.0,90.0
Kerala,Thiruvananthapuram,kerala|thiruvananthapuram,65.86892735918681,14,65.99534350900466,15,S1_correlated_hwa,0.12641614981784244,25.0,35.0,10.0,10.0
Kerala,Thrissur,kerala|thrissur,61.63025080516239,14,62.26876811574792,15,S1_correlated_hwa,0.6385173105855273,139.0,166.0,27.0,27.0
Kerala,Wayanad,kerala|wayanad,51.056999407651915,14,51.44571164745927,15,S1_correlated_hwa,0.38871223980735436,631.0,646.0,15.0,15.0
Ladakh,Kargil,ladakh|kargil,11.991416252663413,14,11.907560929086666,15,S1_correlated_hwa,-0.08385532357674741,779.0,779.0,0.0,0.0
Ladakh,Leh Ladakh,ladakh|leh ladakh,8.509775783250445,14,8.413145371225031,15,S1_correlated_hwa,-0.096630412025414,781.0,781.0,0.0,0.0
Lakshadweep,Lakshadweep,lakshadweep|lakshadweep,61.2837276603073,14,60.71941280209338,15,S1_correlated_hwa,-0.564314858213919,147.0,241.0,94.0,94.0
Madhya Pradesh,Agar Malwa,madhya pradesh|agar malwa,53.95355774672072,14,55.67250468054376,15,S1_correlated_hwa,1.718946933823041,570.0,557.0,-13.0,13.0
Madhya Pradesh,Alirajpur,madhya pradesh|alirajpur,57.645606716873715,14,59.324276390214074,15,S1_correlated_hwa,1.6786696733403588,356.0,342.0,-14.0,14.0
Madhya Pradesh,Anuppur,madhya pradesh|anuppur,51.6802070796797,14,53.22855476019244,15,S1_correlated_hwa,1.548347680512741,622.0,614.0,-8.0,8.0
Madhya Pradesh,Ashoknagar,madhya pradesh|ashoknagar,54.2884890024979,14,56.01852400079746,15,S1_correlated_hwa,1.7300349982995655,559.0,546.0,-13.0,13.0
Madhya Pradesh,Balaghat,madhya pradesh|balaghat,55.68520213589351,14,57.4153072427766,15,S1_correlated_hwa,1.7301051068830873,492.0,468.0,-24.0,24.0
Madhya Pradesh,Barwani,madhya pradesh|barwani,57.17853998409923,14,58.9429964676857,15,S1_correlated_hwa,1.7644564835864713,389.0,371.0,-18.0,18.0
Madhya Pradesh,Betul,madhya pradesh|betul,52.85661752570754,14,54.54337199578296,15,S1_correlated_hwa,1.686754470075421,602.0,592.0,-10.0,10.0
Madhya Pradesh,Bhind,madhya pradesh|bhind,58.339446308896534,14,60.01031842545837,15,S1_correlated_hwa,1.6708721165618385,312.0,301.0,-11.0,11.0
Madhya Pradesh,Bhopal,madhya pradesh|bhopal,52.92634340973623,14,54.68246713345163,15,S1_correlated_hwa,1.7561237237153975,599.0,586.0,-13.0,13.0
Madhya Pradesh,Burhanpur,madhya pradesh|burhanpur,58.93660321149626,14,60.76536708285405,15,S1_correlated_hwa,1.8287638713577863,266.0,240.0,-26.0,26.0
Madhya Pradesh,Chhatarpur,madhya pradesh|chhatarpur,55.88174852804907,14,57.625356036352606,15,S1_correlated_hwa,1.7436075083035334,473.0,453.0,-20.0,20.0
Madhya Pradesh,Chhindwara,madhya pradesh|chhindwara,51.40668576664664,14,53.08640542184516,15,S1_correlated_hwa,1.679719655198518,628.0,619.0,-9.0,9.0
Madhya Pradesh,Damoh,madhya pradesh|damoh,54.76044927821851,14,56.553976449547214,15,S1_correlated_hwa,1.793527171328705,537.0,522.0,-15.0,15.0
Madhya Pradesh,Datia,madhya pradesh|datia,57.178989021140914,14,58.862583075525805,15,S1_correlated_hwa,1.6835940543848906,388.0,378.0,-10.0,10.0
Madhya Pradesh,Dewas,madhya pradesh|dewas,55.21665283035796,14,57.00107464863096,15,S1_correlated_hwa,1.7844218182730032,518.0,497.0,-21.0,21.0
Madhya Pradesh,Dhar,madhya pradesh|dhar,56.26813053607537,14,58.003906384800096,15,S1_correlated_hwa,1.7357758487247281,448.0,425.0,-23.0,23.0
Madhya Pradesh,Dindori,madhya pradesh|dindori,50.14472495765049,14,51.68478506664886,15,S1_correlated_hwa,1.540060108998368,650.0,642.0,-8.0,8.0
Madhya Pradesh,East Nimar,madhya pradesh|east nimar,58.225158553773475,14,60.08497449572111,15,S1_correlated_hwa,1.8598159419476374,322.0,294.0,-28.0,28.0
Madhya Pradesh,Guna,madhya pradesh|guna,54.57620645122905,14,56.29901209738689,15,S1_correlated_hwa,1.7228056461578447,546.0,533.0,-13.0,13.0
Madhya Pradesh,Gwalior,madhya pradesh|gwalior,57.06863543201111,14,58.72922410385924,15,S1_correlated_hwa,1.6605886718481244,398.0,388.0,-10.0,10.0
Madhya Pradesh,Harda,madhya pradesh|harda,57.20321031688614,14,59.01788201383268,15,S1_correlated_hwa,1.8146716969465402,386.0,362.0,-24.0,24.0
Madhya Pradesh,Indore,madhya pradesh|indore,53.64453514565304,14,55.37170931448025,15,S1_correlated_hwa,1.7271741688272115,582.0,567.0,-15.0,15.0
Madhya Pradesh,Jabalpur,madhya pradesh|jabalpur,54.462550012818745,14,56.23834907680353,15,S1_correlated_hwa,1.7757990639847847,553.0,537.0,-16.0,16.0
Madhya Pradesh,Jhabua,madhya pradesh|jhabua,56.27726583630021,14,57.967138347569794,15,S1_correlated_hwa,1.6898725112695843,447.0,429.0,-18.0,18.0
Madhya Pradesh,Katni,madhya pradesh|katni,54.62290442300186,14,56.34606270424171,15,S1_correlated_hwa,1.7231582812398472,544.0,530.0,-14.0,14.0
Madhya Pradesh,Khargone,madhya pradesh|khargone,58.18707996249445,14,60.03422064564556,15,S1_correlated_hwa,1.8471406831511104,323.0,297.0,-26.0,26.0
Madhya Pradesh,Mandla,madhya pradesh|mandla,53.47462632036232,14,55.1343724246862,15,S1_correlated_hwa,1.6597461043238795,588.0,577.0,-11.0,11.0
Madhya Pradesh,Mandsaur,madhya pradesh|mandsaur,54.71579146039948,14,56.36015503509276,15,S1_correlated_hwa,1.6443635746932799,540.0,528.0,-12.0,12.0
Madhya Pradesh,Morena,madhya pradesh|morena,57.92659089319865,14,59.59039745706125,15,S1_correlated_hwa,1.6638065638626003,336.0,327.0,-9.0,9.0
Madhya Pradesh,Narmadapuram,madhya pradesh|narmadapuram,54.89728457590233,14,56.65043190032965,15,S1_correlated_hwa,1.7531473244273172,532.0,516.0,-16.0,16.0
Madhya Pradesh,Narsinghpur,madhya pradesh|narsinghpur,54.517624395882756,14,56.31020592667186,15,S1_correlated_hwa,1.792581530789107,548.0,531.0,-17.0,17.0
Madhya Pradesh,Neemuch,madhya pradesh|neemuch,54.890897471115515,14,56.490953013811556,15,S1_correlated_hwa,1.6000555426960403,533.0,525.0,-8.0,8.0
Madhya Pradesh,Niwari,madhya pradesh|niwari,56.664760399234346,14,58.40249937656054,15,S1_correlated_hwa,1.7377389773261953,422.0,403.0,-19.0,19.0
Madhya Pradesh,Panna,madhya pradesh|panna,55.02441226150296,14,56.74846144627027,15,S1_correlated_hwa,1.7240491847673098,527.0,510.0,-17.0,17.0
Madhya Pradesh,Raisen,madhya pradesh|raisen,53.500626594593626,14,55.27924453081081,15,S1_correlated_hwa,1.7786179362171808,585.0,570.0,-15.0,15.0
Madhya Pradesh,Rajgarh,madhya pradesh|rajgarh,54.309047525530005,14,56.05682319783888,15,S1_correlated_hwa,1.747775672308876,558.0,544.0,-14.0,14.0
Madhya Pradesh,Ratlam,madhya pradesh|ratlam,54.49310661730455,14,56.15885994563536,15,S1_correlated_hwa,1.6657533283308155,549.0,539.0,-10.0,10.0
Madhya Pradesh,Rewa,madhya pradesh|rewa,57.087723459490775,14,58.799707430699364,15,S1_correlated_hwa,1.7119839712085891,397.0,384.0,-13.0,13.0
Madhya Pradesh,Sagar,madhya pradesh|sagar,54.05371912677529,14,55.85366529770406,15,S1_correlated_hwa,1.79994617092877,566.0,551.0,-15.0,15.0
Madhya Pradesh,Satna,madhya pradesh|satna,56.049815998819305,14,57.74260683566965,15,S1_correlated_hwa,1.6927908368503424,460.0,445.0,-15.0,15.0
Madhya Pradesh,Sehore,madhya pradesh|sehore,54.23539168449429,14,55.99572571086714,15,S1_correlated_hwa,1.7603340263728526,560.0,548.0,-12.0,12.0
Madhya Pradesh,Seoni,madhya pradesh|seoni,53.86108130101504,14,55.59793660400991,15,S1_correlated_hwa,1.7368553029948686,572.0,561.0,-11.0,11.0
Madhya Pradesh,Shahdol,madhya pradesh|shahdol,54.3980151600238,14,56.03105207443149,15,S1_correlated_hwa,1.6330369144076897,556.0,545.0,-11.0,11.0
Madhya Pradesh,Shajapur,madhya pradesh|shajapur,53.879318063557974,14,55.623197820762385,15,S1_correlated_hwa,1.743879757204411,571.0,560.0,-11.0,11.0
Madhya Pradesh,Sheopur,madhya pradesh|sheopur,57.42569026575572,14,59.10091279548171,15,S1_correlated_hwa,1.6752225297259926,372.0,356.0,-16.0,16.0
Madhya Pradesh,Shivpuri,madhya pradesh|shivpuri,55.528143110551376,14,57.21208834611119,15,S1_correlated_hwa,1.6839452355598112,501.0,482.0,-19.0,19.0
Madhya Pradesh,Sidhi,madhya pradesh|sidhi,55.42757241291718,14,57.09987094298352,15,S1_correlated_hwa,1.6722985300663424,506.0,491.0,-15.0,15.0
Madhya Pradesh,Singrauli,madhya pradesh|singrauli,55.32843464283782,14,56.99688907929848,15,S1_correlated_hwa,1.6684544364606566,510.0,498.0,-12.0,12.0
Madhya Pradesh,Tikamgarh,madhya pradesh|tikamgarh,56.020881197628135,14,57.7774130281123,15,S1_correlated_hwa,1.756531830484164,463.0,442.0,-21.0,21.0
Madhya Pradesh,Ujjain,madhya pradesh|ujjain,53.46432980013605,14,55.17133369805709,15,S1_correlated_hwa,1.707003897921041,589.0,574.0,-15.0,15.0
Madhya Pradesh,Umaria,madhya pradesh|umaria,54.416905724271714,14,56.075005718506965,15,S1_correlated_hwa,1.6580999942352506,554.0,543.0,-11.0,11.0
Madhya Pradesh,Vidisha,madhya pradesh|vidisha,53.79415023799922,14,55.55460576818362,15,S1_correlated_hwa,1.7604555301844016,576.0,565.0,-11.0,11.0
Maharashtra,Ahmednagar,maharashtra|ahmednagar,58.03753782821587,14,59.54999088039931,15,S1_correlated_hwa,1.5124530521834387,333.0,331.0,-2.0,2.0
Maharashtra,Akola,maharashtra|akola,61.14757342272503,14,62.95018592706243,15,S1_correlated_hwa,1.8026125043373966,150.0,138.0,-12.0,12.0
Maharashtra,Amravati,maharashtra|amravati,58.367638806385806,14,60.14300055754895,15,S1_correlated_hwa,1.775361751163146,310.0,291.0,-19.0,19.0
Maharashtra,Aurangabad,maharashtra|aurangabad,57.97683176477571,14,59.627183046383074,15,S1_correlated_hwa,1.6503512816073638,335.0,324.0,-11.0,11.0
Maharashtra,Beed,maharashtra|beed,60.14029920283484,14,61.77138506035313,15,S1_correlated_hwa,1.6310858575182934,189.0,184.0,-5.0,5.0
Maharashtra,Bhandara,maharashtra|bhandara,60.18006227282011,14,61.982916471589135,15,S1_correlated_hwa,1.802854198769026,188.0,176.0,-12.0,12.0
Maharashtra,Buldhana,maharashtra|buldhana,59.096413990018924,14,60.84200258989798,15,S1_correlated_hwa,1.7455885998790563,250.0,231.0,-19.0,19.0
Maharashtra,Chandrapur,maharashtra|chandrapur,62.45888308813776,14,64.20201946674,15,S1_correlated_hwa,1.7431363786022374,98.0,80.0,-18.0,18.0
Maharashtra,Dhule,maharashtra|dhule,58.63400009691141,14,60.31021498382182,15,S1_correlated_hwa,1.6762148869104152,293.0,278.0,-15.0,15.0
Maharashtra,Gadchiroli,maharashtra|gadchiroli,62.47366681380425,14,64.14520143794978,15,S1_correlated_hwa,1.6715346241455293,96.0,83.0,-13.0,13.0
Maharashtra,Gondia,maharashtra|gondia,59.42787492714005,14,61.20285488379978,15,S1_correlated_hwa,1.7749799566597275,220.0,207.0,-13.0,13.0
Maharashtra,Hingoli,maharashtra|hingoli,60.969491756423764,14,62.62346211687035,15,S1_correlated_hwa,1.6539703604465856,159.0,149.0,-10.0,10.0
Maharashtra,Jalgaon,maharashtra|jalgaon,60.800974020904526,14,62.58896441337133,15,S1_correlated_hwa,1.7879903924668028,165.0,151.0,-14.0,14.0
Maharashtra,Jalna,maharashtra|jalna,59.44575269170385,14,61.13772648748297,15,S1_correlated_hwa,1.6919737957791199,217.0,209.0,-8.0,8.0
Maharashtra,Kolhapur,maharashtra|kolhapur,57.58459252251646,14,58.382261595349696,15,S1_correlated_hwa,0.7976690728332372,360.0,405.0,45.0,45.0
Maharashtra,Latur,maharashtra|latur,60.346370853794824,14,61.899220729264535,15,S1_correlated_hwa,1.552849875469711,184.0,179.0,-5.0,5.0
Maharashtra,Mumbai,maharashtra|mumbai,64.63654545025969,14,65.7397069274206,15,S1_correlated_hwa,1.10316147716091,36.0,40.0,4.0,4.0
Maharashtra,Mumbai Suburban,maharashtra|mumbai suburban,64.31774844625534,14,65.44014956595053,15,S1_correlated_hwa,1.1224011196951977,42.0,46.0,4.0,4.0
Maharashtra,Nagpur,maharashtra|nagpur,59.205664009611226,14,61.00387849128382,15,S1_correlated_hwa,1.798214481672595,239.0,214.0,-25.0,25.0
Maharashtra,Nanded,maharashtra|nanded,62.0148956449155,14,63.638295529256226,15,S1_correlated_hwa,1.6233998843407278,120.0,112.0,-8.0,8.0
Maharashtra,Nandurbar,maharashtra|nandurbar,58.11543827641775,14,59.77347305385829,15,S1_correlated_hwa,1.658034777440541,327.0,319.0,-8.0,8.0
Maharashtra,Nashik,maharashtra|nashik,54.70727179282609,14,56.136530790733225,15,S1_correlated_hwa,1.4292589979071337,541.0,540.0,-1.0,1.0
Maharashtra,Osmanabad,maharashtra|osmanabad,60.90573642819813,14,62.49936578952734,15,S1_correlated_hwa,1.5936293613292065,161.0,155.0,-6.0,6.0
Maharashtra,Palghar,maharashtra|palghar,62.05576416054844,14,63.29975468076791,15,S1_correlated_hwa,1.2439905202194694,117.0,124.0,7.0,7.0
Maharashtra,Parbhani,maharashtra|parbhani,62.14207441221854,14,63.806135251978354,15,S1_correlated_hwa,1.664060839759813,114.0,103.0,-11.0,11.0
Maharashtra,Pune,maharashtra|pune,56.50526133813432,14,57.786012359241504,15,S1_correlated_hwa,1.2807510211071857,437.0,441.0,4.0,4.0
Maharashtra,Raigad,maharashtra|raigad,62.13018475223351,14,63.23332089527852,15,S1_correlated_hwa,1.1031361430450062,115.0,128.0,13.0,13.0
Maharashtra,Ratnagiri,maharashtra|ratnagiri,65.08314785680696,14,65.9652904862347,15,S1_correlated_hwa,0.882142629427733,32.0,36.0,4.0,4.0
Maharashtra,Sangli,maharashtra|sangli,59.423043504709206,14,60.647992618620655,15,S1_correlated_hwa,1.2249491139114497,221.0,248.0,27.0,27.0
Maharashtra,Satara,maharashtra|satara,55.87580050254245,14,57.004514949861196,15,S1_correlated_hwa,1.1287144473187496,476.0,495.0,19.0,19.0
Maharashtra,Sindhudurg,maharashtra|sindhudurg,67.30507848327595,14,67.93552452840613,15,S1_correlated_hwa,0.630446045130185,10.0,9.0,-1.0,1.0
Maharashtra,Solapur,maharashtra|solapur,62.4239412567986,14,63.997979394742316,15,S1_correlated_hwa,1.5740381379437167,99.0,97.0,-2.0,2.0
Maharashtra,Thane,maharashtra|thane,62.35447662213042,14,63.62323451103168,15,S1_correlated_hwa,1.2687578889012627,105.0,113.0,8.0,8.0
Maharashtra,Wardha,maharashtra|wardha,60.96870685526902,14,62.780347031920975,15,S1_correlated_hwa,1.8116401766519559,160.0,144.0,-16.0,16.0
Maharashtra,Washim,maharashtra|washim,59.35053305551426,14,61.049182922687244,15,S1_correlated_hwa,1.698649867172982,230.0,212.0,-18.0,18.0
Maharashtra,Yavatmal,maharashtra|yavatmal,61.88784748018227,14,63.62075761513954,15,S1_correlated_hwa,1.7329101349572653,126.0,114.0,-12.0,12.0
Manipur,Bishnupur,manipur|bishnupur,42.01551226739235,14,42.646002358752284,15,S1_correlated_hwa,0.6304900913599312,688.0,688.0,0.0,0.0
Manipur,Chandel,manipur|chandel,43.83046712953496,14,44.33558550753488,15,S1_correlated_hwa,0.5051183779999207,678.0,678.0,0.0,0.0
Manipur,Churachandpur,manipur|churachandpur,41.22240354659145,14,41.73231267184948,15,S1_correlated_hwa,0.5099091252580266,693.0,693.0,0.0,0.0
Manipur,Imphal East,manipur|imphal east,38.93653029252757,14,39.552861086886296,15,S1_correlated_hwa,0.6163307943587242,714.0,714.0,0.0,0.0
Manipur,Imphal West,manipur|imphal west,39.61501359222316,14,40.25901746673381,15,S1_correlated_hwa,0.644003874510652,704.0,705.0,1.0,1.0
Manipur,Jiribam,manipur|jiribam,51.61003603613192,14,52.53168272444623,15,S1_correlated_hwa,0.9216466883143042,625.0,625.0,0.0,0.0
Manipur,Kakching,manipur|kakching,42.4331054832584,14,43.03842887017261,15,S1_correlated_hwa,0.6053233869142076,685.0,685.0,0.0,0.0
Manipur,Kamjong,manipur|kamjong,40.87528803834979,14,41.51281920141327,15,S1_correlated_hwa,0.6375311630634855,695.0,695.0,0.0,0.0
Manipur,Kangpokpi,manipur|kangpokpi,36.87561503483035,14,37.45394319062449,15,S1_correlated_hwa,0.5783281557941393,723.0,723.0,0.0,0.0
Manipur,Noney,manipur|noney,42.778772306662184,14,43.48785157418931,15,S1_correlated_hwa,0.7090792675271231,682.0,683.0,1.0,1.0
Manipur,Pherzawl,manipur|pherzawl,45.258889493971324,14,45.92235724158437,15,S1_correlated_hwa,0.6634677476130477,669.0,671.0,2.0,2.0
Manipur,Senapati,manipur|senapati,34.44885582570293,14,34.98036906259341,15,S1_correlated_hwa,0.5315132368904827,734.0,734.0,0.0,0.0
Manipur,Tamenglong,manipur|tamenglong,39.5682037568025,14,40.27283401269311,15,S1_correlated_hwa,0.7046302558906135,705.0,704.0,-1.0,1.0
Manipur,Tengnoupal,manipur|tengnoupal,45.64393788087817,14,46.27775689226608,15,S1_correlated_hwa,0.6338190113879136,664.0,668.0,4.0,4.0
Manipur,Thoubal,manipur|thoubal,40.887229800273616,14,41.49899491388053,15,S1_correlated_hwa,0.6117651136069142,694.0,696.0,2.0,2.0
Manipur,Ukhrul,manipur|ukhrul,34.54106229866862,14,35.02609140540357,15,S1_correlated_hwa,0.4850291067349488,733.0,733.0,0.0,0.0
Meghalaya,East Garo Hills,meghalaya|east garo hills,45.60954383864559,14,46.3637887185083,15,S1_correlated_hwa,0.7542448798627106,665.0,665.0,0.0,0.0
Meghalaya,East Jaintia Hills,meghalaya|east jaintia hills,40.05229698340639,14,40.70574813594212,15,S1_correlated_hwa,0.6534511525357303,701.0,701.0,0.0,0.0
Meghalaya,East Khasi Hills,meghalaya|east khasi hills,39.24997763550282,14,39.78531572494429,15,S1_correlated_hwa,0.535338089441467,708.0,710.0,2.0,2.0
Meghalaya,Eastern West Khasi Hills,meghalaya|eastern west khasi hills,37.20111050056178,14,37.63585220340752,15,S1_correlated_hwa,0.4347417028457343,721.0,722.0,1.0,1.0
Meghalaya,North Garo Hills,meghalaya|north garo hills,50.960361404643685,14,51.80337572991292,15,S1_correlated_hwa,0.8430143252692375,634.0,637.0,3.0,3.0
Meghalaya,Ri Bhoi,meghalaya|ri bhoi,45.140009285578294,14,45.84692517495826,15,S1_correlated_hwa,0.7069158893799639,671.0,672.0,1.0,1.0
Meghalaya,South Garo Hills,meghalaya|south garo hills,48.92243982040654,14,49.75988036121441,15,S1_correlated_hwa,0.8374405408078687,657.0,657.0,0.0,0.0
Meghalaya,South West Garo Hills,meghalaya|south west garo hills,53.70799713323564,14,54.68113037803647,15,S1_correlated_hwa,0.9731332448008345,578.0,587.0,9.0,9.0
Meghalaya,South West Khasi Hills,meghalaya|south west khasi hills,41.87367625690871,14,42.49622545969901,15,S1_correlated_hwa,0.622549202790303,689.0,689.0,0.0,0.0
Meghalaya,West Garo Hills,meghalaya|west garo hills,50.87991127908648,14,51.77541915708675,15,S1_correlated_hwa,0.8955078780002736,637.0,638.0,1.0,1.0
Meghalaya,West Jaintia Hills,meghalaya|west jaintia hills,39.10771257990087,14,39.68996402349013,15,S1_correlated_hwa,0.5822514435892572,711.0,712.0,1.0,1.0
Meghalaya,West Khasi Hills,meghalaya|west khasi hills,41.408083926028915,14,42.01876013591982,15,S1_correlated_hwa,0.6106762098909044,692.0,691.0,-1.0,1.0
Mizoram,Aizawl,mizoram|aizawl,45.043385479592175,14,45.650510618509124,15,S1_correlated_hwa,0.607125138916949,673.0,673.0,0.0,0.0
Mizoram,Champhai,mizoram|champhai,39.10816822873128,14,39.40534714577141,15,S1_correlated_hwa,0.297178917040128,710.0,715.0,5.0,5.0
Mizoram,Hnahthial,mizoram|hnahthial,44.5493611074263,14,45.11076463832226,15,S1_correlated_hwa,0.5614035308959586,674.0,675.0,1.0,1.0
Mizoram,Khawzawl,mizoram|khawzawl,40.337301928713124,14,40.71537487472158,15,S1_correlated_hwa,0.37807294600845864,700.0,700.0,0.0,0.0
Mizoram,Kolasib,mizoram|kolasib,49.58668304263027,14,50.343522039713,15,S1_correlated_hwa,0.7568389970827312,653.0,654.0,1.0,1.0
Mizoram,Lawngtlai,mizoram|lawngtlai,51.32108761371676,14,52.00789373688401,15,S1_correlated_hwa,0.6868061231672442,630.0,635.0,5.0,5.0
Mizoram,Lunglei,mizoram|lunglei,51.674538176634286,14,52.45824142797244,15,S1_correlated_hwa,0.783703251338153,623.0,628.0,5.0,5.0
Mizoram,Mamit,mizoram|mamit,49.80806185173845,14,50.57407676287377,15,S1_correlated_hwa,0.766014911135322,651.0,652.0,1.0,1.0
Mizoram,Saiha,mizoram|saiha,46.75175113751704,14,47.301270245433905,15,S1_correlated_hwa,0.5495191079168649,660.0,662.0,2.0,2.0
Mizoram,Saitual,mizoram|saitual,41.4464799575289,14,41.883449879659366,15,S1_correlated_hwa,0.4369699221304657,691.0,692.0,1.0,1.0
Mizoram,Serchhip,mizoram|serchhip,42.88326459975163,14,43.40358734735842,15,S1_correlated_hwa,0.5203227476067909,681.0,684.0,3.0,3.0
Nagaland,Chumoukedima,nagaland|chumoukedima,45.10295744869358,14,46.00949569169006,15,S1_correlated_hwa,0.9065382429964828,672.0,670.0,-2.0,2.0
Nagaland,Dimapur,nagaland|dimapur,50.65389400264244,14,51.70922053285074,15,S1_correlated_hwa,1.0553265302083048,641.0,640.0,-1.0,1.0
Nagaland,Kiphire,nagaland|kiphire,33.91434084212575,14,34.330421724064394,15,S1_correlated_hwa,0.41608088193864035,736.0,737.0,1.0,1.0
Nagaland,Kohima,nagaland|kohima,35.201762935258,14,35.79656568619975,15,S1_correlated_hwa,0.5948027509417457,730.0,730.0,0.0,0.0
Nagaland,Longleng,nagaland|longleng,41.69950908566489,14,42.428740766322946,15,S1_correlated_hwa,0.729231680658053,690.0,690.0,0.0,0.0
Nagaland,Mokokchung,nagaland|mokokchung,45.49065039441659,14,46.342451039208235,15,S1_correlated_hwa,0.8518006447916449,668.0,666.0,-2.0,2.0
Nagaland,Mon,nagaland|mon,39.40498342915515,14,40.043814964022395,15,S1_correlated_hwa,0.6388315348672435,707.0,708.0,1.0,1.0
Nagaland,Niuland,nagaland|niuland,49.72148956142811,14,50.746945987268326,15,S1_correlated_hwa,1.0254564258402183,652.0,651.0,-1.0,1.0
Nagaland,Noklak,nagaland|noklak,30.205749809102837,14,30.41459780538449,15,S1_correlated_hwa,0.2088479962816514,745.0,746.0,1.0,1.0
Nagaland,Peren,nagaland|peren,40.70857036581874,14,41.49328276779323,15,S1_correlated_hwa,0.7847124019744953,697.0,697.0,0.0,0.0
Nagaland,Phek,nagaland|phek,34.63881809457964,14,35.14770685817397,15,S1_correlated_hwa,0.508888763594328,732.0,731.0,-1.0,1.0
Nagaland,Shamator,nagaland|shamator,34.696344760818135,14,35.14319356583367,15,S1_correlated_hwa,0.44684880501553437,731.0,732.0,1.0,1.0
Nagaland,Tseminyu,nagaland|tseminyu,38.956754817066205,14,39.70004163578884,15,S1_correlated_hwa,0.7432868187226376,713.0,711.0,-2.0,2.0
Nagaland,Tuensang,nagaland|tuensang,36.74772046492579,14,37.29984612347196,15,S1_correlated_hwa,0.5521256585461671,725.0,725.0,0.0,0.0
Nagaland,Wokha,nagaland|wokha,45.601087326899616,14,46.49551039154715,15,S1_correlated_hwa,0.8944230646475333,666.0,664.0,-2.0,2.0
Nagaland,Zunheboto,nagaland|zunheboto,36.315649196216235,14,36.89661235997652,15,S1_correlated_hwa,0.5809631637602877,727.0,727.0,0.0,0.0
Odisha,Anugul,odisha|anugul,59.42039798370281,14,61.08614681908511,15,S1_correlated_hwa,1.6657488353822956,222.0,211.0,-11.0,11.0
Odisha,Balangir,odisha|balangir,59.04923911970079,14,60.65350242792842,15,S1_correlated_hwa,1.6042633082276296,255.0,247.0,-8.0,8.0
Odisha,Baleshwar,odisha|baleshwar,60.992738462281395,14,62.50112268065413,15,S1_correlated_hwa,1.5083842183727327,158.0,154.0,-4.0,4.0
Odisha,Bargarh,odisha|bargarh,59.72723070773638,14,61.43123923588396,15,S1_correlated_hwa,1.7040085281475754,208.0,199.0,-9.0,9.0
Odisha,Bhadrak,odisha|bhadrak,62.61970791380233,14,64.04211376445178,15,S1_correlated_hwa,1.4224058506494544,90.0,91.0,1.0,1.0
Odisha,Boudh,odisha|boudh,57.375020126641395,14,58.98326705351589,15,S1_correlated_hwa,1.608246926874493,375.0,366.0,-9.0,9.0
Odisha,Cuttack,odisha|cuttack,61.40854020253241,14,62.90064551081759,15,S1_correlated_hwa,1.4921053082851827,145.0,139.0,-6.0,6.0
Odisha,Deogarh,odisha|deogarh,58.90725900023694,14,60.626079862143904,15,S1_correlated_hwa,1.7188208619069627,267.0,249.0,-18.0,18.0
Odisha,Dhenkanal,odisha|dhenkanal,61.85762875981792,14,63.47694570348497,15,S1_correlated_hwa,1.6193169436670516,130.0,119.0,-11.0,11.0
Odisha,Gajapati,odisha|gajapati,50.6104521472431,14,51.75332125285234,15,S1_correlated_hwa,1.1428691056092362,643.0,639.0,-4.0,4.0
Odisha,Ganjam,odisha|ganjam,56.650465608259545,14,57.971109245401706,15,S1_correlated_hwa,1.3206436371421617,423.0,428.0,5.0,5.0
Odisha,Jagatsinghapur,odisha|jagatsinghapur,61.88016989784317,14,63.1150412834431,15,S1_correlated_hwa,1.2348713855999307,129.0,135.0,6.0,6.0
Odisha,Jajapur,odisha|jajapur,62.7628883163487,14,64.2821680301161,15,S1_correlated_hwa,1.5192797137673963,85.0,77.0,-8.0,8.0
Odisha,Jharsuguda,odisha|jharsuguda,59.802843211836155,14,61.566951682233,15,S1_correlated_hwa,1.7641084703968417,201.0,190.0,-11.0,11.0
Odisha,Kalahandi,odisha|kalahandi,56.56896928181947,14,58.04149603326622,15,S1_correlated_hwa,1.4725267514467504,429.0,424.0,-5.0,5.0
Odisha,Kandhamal,odisha|kandhamal,50.32940479119017,14,51.69882612967074,15,S1_correlated_hwa,1.3694213384805707,647.0,641.0,-6.0,6.0
Odisha,Kendrapara,odisha|kendrapara,62.48115592010732,14,63.74573272258676,15,S1_correlated_hwa,1.2645768024794393,95.0,106.0,11.0,11.0
Odisha,Kendujhar,odisha|kendujhar,57.44637162587956,14,59.03631710713305,15,S1_correlated_hwa,1.589945481253494,370.0,360.0,-10.0,10.0
Odisha,Khordha,odisha|khordha,59.94402291182368,14,61.32996373200724,15,S1_correlated_hwa,1.3859408201835635,196.0,201.0,5.0,5.0
Odisha,Koraput,odisha|koraput,50.19866826838991,14,51.42131123453904,15,S1_correlated_hwa,1.222642966149131,648.0,647.0,-1.0,1.0
Odisha,Malkangiri,odisha|malkangiri,58.966274433461955,14,60.34831936092984,15,S1_correlated_hwa,1.3820449274678879,263.0,272.0,9.0,9.0
Odisha,Mayurbhanj,odisha|mayurbhanj,58.02308589939836,14,59.56388968810738,15,S1_correlated_hwa,1.5408037887090202,334.0,330.0,-4.0,4.0
Odisha,Nabarangpur,odisha|nabarangpur,54.48140518483924,14,55.924803974729365,15,S1_correlated_hwa,1.443398789890125,552.0,549.0,-3.0,3.0
Odisha,Nayagarh,odisha|nayagarh,57.76471808520139,14,59.244961948476366,15,S1_correlated_hwa,1.4802438632749784,346.0,345.0,-1.0,1.0
Odisha,Nuapada,odisha|nuapada,57.59324777867155,14,59.198074010712986,15,S1_correlated_hwa,1.6048262320414395,359.0,348.0,-11.0,11.0
Odisha,Puri,odisha|puri,60.421967573561325,14,61.6641618331093,15,S1_correlated_hwa,1.242194259547972,181.0,186.0,5.0,5.0
Odisha,Rayagada,odisha|rayagada,53.12579045270624,14,54.42832314192348,15,S1_correlated_hwa,1.3025326892172373,594.0,593.0,-1.0,1.0
Odisha,Sambalpur,odisha|sambalpur,59.04912367878979,14,60.78287030209481,15,S1_correlated_hwa,1.7337466233050165,256.0,239.0,-17.0,17.0
Odisha,Sonepur,odisha|sonepur,60.6331120863934,14,62.33017828691373,15,S1_correlated_hwa,1.6970662005203252,171.0,162.0,-9.0,9.0
Odisha,Sundargarh,odisha|sundargarh,58.46652462724632,14,60.14209809369314,15,S1_correlated_hwa,1.6755734664468207,305.0,292.0,-13.0,13.0
Puducherry,Karaikal,puducherry|karaikal,67.92138164788058,14,68.83541409313445,15,S1_correlated_hwa,0.9140324452538664,4.0,5.0,1.0,1.0
Puducherry,Mahe,puducherry|mahe,70.23945894465972,14,70.61165661609631,15,S1_correlated_hwa,0.3721976714365951,2.0,2.0,0.0,0.0
Puducherry,Pondicherry,puducherry|pondicherry,64.99941746880862,14,66.07976143463952,15,S1_correlated_hwa,1.080343965830906,33.0,33.0,0.0,0.0
Puducherry,Yanam,puducherry|yanam,66.73687731956875,14,67.8752310727434,15,S1_correlated_hwa,1.1383537531746555,17.0,13.0,-4.0,4.0
Punjab,Amritsar,punjab|amritsar,56.391143850826545,14,57.5935381881537,15,S1_correlated_hwa,1.2023943373271564,441.0,454.0,13.0,13.0
Punjab,Barnala,punjab|barnala,59.50243889731373,14,60.8339590315924,15,S1_correlated_hwa,1.3315201342786693,215.0,233.0,18.0,18.0
Punjab,Bathinda,punjab|bathinda,60.48932719707382,14,61.84369566033579,15,S1_correlated_hwa,1.3543684632619701,178.0,182.0,4.0,4.0
Punjab,Faridkot,punjab|faridkot,60.82359978073717,14,62.152034270278286,15,S1_correlated_hwa,1.3284344895411166,164.0,169.0,5.0,5.0
Punjab,Fatehgarh Sahib,punjab|fatehgarh sahib,57.734401068935696,14,59.00056008859841,15,S1_correlated_hwa,1.266159019662716,348.0,364.0,16.0,16.0
Punjab,Fazilka,punjab|fazilka,62.746384216395576,14,64.10784122842576,15,S1_correlated_hwa,1.3614570120301792,86.0,86.0,0.0,0.0
Punjab,Ferozepur,punjab|ferozepur,60.0078365129557,14,61.30775272999842,15,S1_correlated_hwa,1.2999162170427212,193.0,202.0,9.0,9.0
Punjab,Gurdaspur,punjab|gurdaspur,55.49151141185194,14,56.6427611872629,15,S1_correlated_hwa,1.1512497754109603,503.0,517.0,14.0,14.0
Punjab,Hoshiarpur,punjab|hoshiarpur,54.134348358536904,14,55.237220634205364,15,S1_correlated_hwa,1.1028722756684601,565.0,571.0,6.0,6.0
Punjab,Jalandhar,punjab|jalandhar,56.937499744004086,14,58.176772236632,15,S1_correlated_hwa,1.2392724926279115,408.0,414.0,6.0,6.0
Punjab,Kapurthala,punjab|kapurthala,56.5015441479619,14,57.71367160182903,15,S1_correlated_hwa,1.2121274538671258,439.0,447.0,8.0,8.0
Punjab,Ludhiana,punjab|ludhiana,58.312819625811684,14,59.59015768162995,15,S1_correlated_hwa,1.2773380558182623,314.0,328.0,14.0,14.0
Punjab,Malerkotla,punjab|malerkotla,58.63766647140289,14,59.94085337012895,15,S1_correlated_hwa,1.3031868987260609,290.0,307.0,17.0,17.0
Punjab,Mansa,punjab|mansa,59.28289949423798,14,60.68023224196689,15,S1_correlated_hwa,1.3973327477289104,236.0,244.0,8.0,8.0
Punjab,Moga,punjab|moga,59.1073006643766,14,60.38967407147563,15,S1_correlated_hwa,1.2823734070990298,247.0,268.0,21.0,21.0
Punjab,Pathankot,punjab|pathankot,52.771272410444496,14,53.804098424793594,15,S1_correlated_hwa,1.032826014349098,605.0,606.0,1.0,1.0
Punjab,Patiala,punjab|patiala,57.563141974226774,14,58.89543937861891,15,S1_correlated_hwa,1.3322974043921363,361.0,374.0,13.0,13.0
Punjab,Rupnagar,punjab|rupnagar,54.487664663763795,14,55.58607525993411,15,S1_correlated_hwa,1.0984105961703179,550.0,563.0,13.0,13.0
Punjab,S.A.S Nagar,punjab|sas nagar,55.73091350258271,14,56.903318185284284,15,S1_correlated_hwa,1.1724046827015755,488.0,504.0,16.0,16.0
Punjab,Sangrur,punjab|sangrur,58.4906814275346,14,59.85477139114078,15,S1_correlated_hwa,1.3640899636061832,304.0,314.0,10.0,10.0
Punjab,Shahid Bhagat Singh Nagar,punjab|shahid bhagat singh nagar,55.93778565100128,14,57.114951417288125,15,S1_correlated_hwa,1.1771657662868478,467.0,489.0,22.0,22.0
Punjab,Sri Muktsar Sahib,punjab|sri muktsar sahib,61.88247052813275,14,63.234340628649726,15,S1_correlated_hwa,1.351870100516976,127.0,126.0,-1.0,1.0
Punjab,Tarn Taran,punjab|tarn taran,57.62563194044515,14,58.85966435161325,15,S1_correlated_hwa,1.2340324111680943,357.0,379.0,22.0,22.0
Rajasthan,Ajmer,rajasthan|ajmer,57.257331883022424,14,58.8219284036964,15,S1_correlated_hwa,1.5645965206739731,383.0,381.0,-2.0,2.0
Rajasthan,Alwar,rajasthan|alwar,55.854700020059575,14,57.41000327214521,15,S1_correlated_hwa,1.5553032520856362,480.0,469.0,-11.0,11.0
Rajasthan,Anoopgarh,rajasthan|anoopgarh,64.31447184146627,14,65.8043643738388,15,S1_correlated_hwa,1.4898925323725223,43.0,39.0,-4.0,4.0
Rajasthan,Balotra,rajasthan|balotra,62.39309582914405,14,64.06802731784512,15,S1_correlated_hwa,1.6749314887010698,101.0,89.0,-12.0,12.0
Rajasthan,Banswara,rajasthan|banswara,58.11981218714592,14,59.79285535088531,15,S1_correlated_hwa,1.6730431637393934,326.0,318.0,-8.0,8.0
Rajasthan,Baran,rajasthan|baran,57.24076045255101,14,58.956589891472,15,S1_correlated_hwa,1.7158294389209914,385.0,369.0,-16.0,16.0
Rajasthan,Barmer,rajasthan|barmer,62.04614934504777,14,63.66606373475348,15,S1_correlated_hwa,1.6199143897057056,119.0,110.0,-9.0,9.0
Rajasthan,Beawar,rajasthan|beawar,58.07240332026762,14,59.67093185484311,15,S1_correlated_hwa,1.5985285345754932,330.0,323.0,-7.0,7.0
Rajasthan,Bharatpur,rajasthan|bharatpur,57.12161771433472,14,58.747687273161844,15,S1_correlated_hwa,1.6260695588271261,394.0,386.0,-8.0,8.0
Rajasthan,Bhilwara,rajasthan|bhilwara,55.57506967448035,14,57.144738413579795,15,S1_correlated_hwa,1.5696687390994413,496.0,487.0,-9.0,9.0
Rajasthan,Bikaner,rajasthan|bikaner,63.52134755959933,14,65.0651957171289,15,S1_correlated_hwa,1.543848157529574,63.0,55.0,-8.0,8.0
Rajasthan,Bundi,rajasthan|bundi,58.78102014717767,14,60.47782545614098,15,S1_correlated_hwa,1.696805308963306,281.0,260.0,-21.0,21.0
Rajasthan,Chittorgarh,rajasthan|chittorgarh,55.44598534243551,14,57.03298752921897,15,S1_correlated_hwa,1.587002186783458,505.0,492.0,-13.0,13.0
Rajasthan,Churu,rajasthan|churu,60.27002370389081,14,61.73035823400482,15,S1_correlated_hwa,1.460334530114011,186.0,185.0,-1.0,1.0
Rajasthan,Dausa,rajasthan|dausa,56.74302267404245,14,58.32121775756523,15,S1_correlated_hwa,1.578195083522779,416.0,407.0,-9.0,9.0
Rajasthan,Deeg,rajasthan|deeg,56.85637354917313,14,58.4960306155574,15,S1_correlated_hwa,1.6396570663842738,412.0,398.0,-14.0,14.0
Rajasthan,Dholpur,rajasthan|dholpur,57.64564329063646,14,59.289627960003386,15,S1_correlated_hwa,1.6439846693669296,355.0,344.0,-11.0,11.0
Rajasthan,Didwana Kuchaman,rajasthan|didwana kuchaman,58.39102872504825,14,59.91652044187842,15,S1_correlated_hwa,1.5254917168301674,309.0,311.0,2.0,2.0
Rajasthan,Dudu,rajasthan|dudu,57.56277948319973,14,59.15829315624687,15,S1_correlated_hwa,1.5955136730471366,362.0,350.0,-12.0,12.0
Rajasthan,Dungarpur,rajasthan|dungarpur,58.51525688479261,14,60.118532339356314,15,S1_correlated_hwa,1.6032754545637005,302.0,293.0,-9.0,9.0
Rajasthan,Ganganagar,rajasthan|ganganagar,63.23254793093448,14,64.66987362550937,15,S1_correlated_hwa,1.4373256945748878,67.0,62.0,-5.0,5.0
Rajasthan,Gangapurcity,rajasthan|gangapurcity,57.280019025056724,14,58.89096769818465,15,S1_correlated_hwa,1.610948673127929,382.0,375.0,-7.0,7.0
Rajasthan,Hanumangarh,rajasthan|hanumangarh,61.461427026506335,14,62.88219277701218,15,S1_correlated_hwa,1.4207657505058435,144.0,141.0,-3.0,3.0
Rajasthan,Jaipur,rajasthan|jaipur,56.04615661601321,14,57.57167223353901,15,S1_correlated_hwa,1.5255156175258051,461.0,456.0,-5.0,5.0
Rajasthan,Jaipur Gramin,rajasthan|jaipur gramin,56.35389954568314,14,57.88423371843592,15,S1_correlated_hwa,1.5303341727527808,443.0,435.0,-8.0,8.0
Rajasthan,Jaisalmer,rajasthan|jaisalmer,63.728555079956,14,65.30994567972591,15,S1_correlated_hwa,1.581390599769911,57.0,50.0,-7.0,7.0
Rajasthan,Jalore,rajasthan|jalore,61.880650212152624,14,63.54673620636404,15,S1_correlated_hwa,1.6660859942114143,128.0,117.0,-11.0,11.0
Rajasthan,Jhalawar,rajasthan|jhalawar,55.86632588328074,14,57.586182867647565,15,S1_correlated_hwa,1.719856984366828,477.0,455.0,-22.0,22.0
Rajasthan,Jhunjhunu,rajasthan|jhunjhunu,57.48540798283508,14,58.92540726462484,15,S1_correlated_hwa,1.4399992817897598,366.0,372.0,6.0,6.0
Rajasthan,Jodhpur,rajasthan|jodhpur,62.0022184189768,14,63.68436188344819,15,S1_correlated_hwa,1.6821434644713875,121.0,108.0,-13.0,13.0
Rajasthan,Jodhpur Gramin,rajasthan|jodhpur gramin,61.96750293461581,14,63.64075140980501,15,S1_correlated_hwa,1.6732484751892045,124.0,111.0,-13.0,13.0
Rajasthan,Karauli,rajasthan|karauli,57.022469506765965,14,58.6552342346537,15,S1_correlated_hwa,1.6327647278877322,404.0,391.0,-13.0,13.0
Rajasthan,Kekri,rajasthan|kekri,57.55102804955106,14,59.16880992671339,15,S1_correlated_hwa,1.6177818771623294,363.0,349.0,-14.0,14.0
Rajasthan,Khairthal-Tijara,rajasthan|khairthal tijara,55.87588193544501,14,57.403443235336304,15,S1_correlated_hwa,1.5275612998912962,475.0,471.0,-4.0,4.0
Rajasthan,Kota,rajasthan|kota,58.308664032283666,14,60.01707454420599,15,S1_correlated_hwa,1.7084105119223238,315.0,299.0,-16.0,16.0
Rajasthan,Kotputli-Behror,rajasthan|kotputli behror,55.11223215670018,14,56.60199109626702,15,S1_correlated_hwa,1.4897589395668405,524.0,518.0,-6.0,6.0
Rajasthan,Nagaur,rajasthan|nagaur,61.07315266424358,14,62.69228007391654,15,S1_correlated_hwa,1.6191274096729629,153.0,146.0,-7.0,7.0
Rajasthan,Neem Ka Thana,rajasthan|neem ka thana,55.42382103981639,14,56.88282349872897,15,S1_correlated_hwa,1.459002458912579,508.0,506.0,-2.0,2.0
Rajasthan,Pali,rajasthan|pali,58.96217213759878,14,60.60409718809912,15,S1_correlated_hwa,1.6419250505003404,264.0,250.0,-14.0,14.0
Rajasthan,Phalodi,rajasthan|phalodi,62.83029825343136,14,64.47258039489564,15,S1_correlated_hwa,1.6422821414642854,84.0,72.0,-12.0,12.0
Rajasthan,Pratapgarh,rajasthan|pratapgarh,55.32161251540178,14,56.94290697053108,15,S1_correlated_hwa,1.621294455129295,511.0,502.0,-9.0,9.0
Rajasthan,Rajsamand,rajasthan|rajsamand,52.787189660806504,14,54.26791275952576,15,S1_correlated_hwa,1.4807230987192526,604.0,595.0,-9.0,9.0
Rajasthan,Salumbar,rajasthan|salumbar,54.19976413793926,14,55.72632313827786,15,S1_correlated_hwa,1.526559000338601,562.0,554.0,-8.0,8.0
Rajasthan,Sawai Madhopur,rajasthan|sawai madhopur,58.29511733419401,14,59.95754408472285,15,S1_correlated_hwa,1.6624267505288373,317.0,304.0,-13.0,13.0
Rajasthan,Shahpura,rajasthan|shahpura,57.03311197897949,14,58.65651966385181,15,S1_correlated_hwa,1.6234076848723191,403.0,390.0,-13.0,13.0
Rajasthan,Sikar,rajasthan|sikar,57.153970080134926,14,58.6236469826657,15,S1_correlated_hwa,1.4696769025307717,393.0,393.0,0.0,0.0
Rajasthan,Sirohi,rajasthan|sirohi,56.26442770796793,14,57.80983082306024,15,S1_correlated_hwa,1.5454031150923058,449.0,438.0,-11.0,11.0
Rajasthan,Tonk,rajasthan|tonk,58.06399061994818,14,59.72278085338325,15,S1_correlated_hwa,1.6587902334350701,332.0,320.0,-12.0,12.0
Rajasthan,Udaipur,rajasthan|udaipur,50.66320388285111,14,52.07691586704793,15,S1_correlated_hwa,1.4137119841968229,640.0,634.0,-6.0,6.0
Sikkim,Gangtok,sikkim|gangtok,24.675974268514235,14,25.141499301537078,15,S1_correlated_hwa,0.46552503302284265,761.0,761.0,0.0,0.0
Sikkim,Gyalshing,sikkim|gyalshing,16.2648285013758,14,16.404848600207735,15,S1_correlated_hwa,0.14002009883193622,777.0,776.0,-1.0,1.0
Sikkim,Mangan,sikkim|mangan,12.87337837323236,14,12.726288346362617,15,S1_correlated_hwa,-0.14709002686974237,778.0,778.0,0.0,0.0
Sikkim,Namchi,sikkim|namchi,29.993339765681576,14,30.71151241057086,15,S1_correlated_hwa,0.718172644889286,746.0,745.0,-1.0,1.0
Sikkim,Pakyong,sikkim|pakyong,27.00153971380113,14,27.53224068898201,15,S1_correlated_hwa,0.5307009751808813,752.0,752.0,0.0,0.0
Sikkim,Soreng,sikkim|soreng,25.811940701933423,14,26.309785949901105,15,S1_correlated_hwa,0.4978452479676818,758.0,757.0,-1.0,1.0
Tamil Nadu,Ariyalur,tamil nadu|ariyalur,65.40921771001463,14,66.43726900437665,15,S1_correlated_hwa,1.0280512943620153,28.0,27.0,-1.0,1.0
Tamil Nadu,Chengalpattu,tamil nadu|chengalpattu,65.92306607952149,14,67.0756236389765,15,S1_correlated_hwa,1.1525575594550048,23.0,23.0,0.0,0.0
Tamil Nadu,Chennai,tamil nadu|chennai,67.7109463547389,14,68.85290517003425,15,S1_correlated_hwa,1.1419588152953537,6.0,4.0,-2.0,2.0
Tamil Nadu,Coimbatore,tamil nadu|coimbatore,56.17618571127792,14,56.98809243652149,15,S1_correlated_hwa,0.8119067252435741,455.0,499.0,44.0,44.0
Tamil Nadu,Cuddalore,tamil nadu|cuddalore,65.08824965821286,14,66.14377681908921,15,S1_correlated_hwa,1.055527160876352,31.0,30.0,-1.0,1.0
Tamil Nadu,Dharmapuri,tamil nadu|dharmapuri,54.7846438293069,14,55.89186585052408,15,S1_correlated_hwa,1.1072220212171757,535.0,550.0,15.0,15.0
Tamil Nadu,Dindigul,tamil nadu|dindigul,54.4849016578358,14,55.29564515146392,15,S1_correlated_hwa,0.8107434936281237,551.0,569.0,18.0,18.0
Tamil Nadu,Erode,tamil nadu|erode,56.57891287683309,14,57.561958028019035,15,S1_correlated_hwa,0.9830451511859479,426.0,457.0,31.0,31.0
Tamil Nadu,Kallakurichi,tamil nadu|kallakurichi,61.485339313970535,14,62.658540197953094,15,S1_correlated_hwa,1.1732008839825596,142.0,148.0,6.0,6.0
Tamil Nadu,Kanchipuram,tamil nadu|kanchipuram,64.9693624052807,14,66.21432161052948,15,S1_correlated_hwa,1.244959205248776,34.0,29.0,-5.0,5.0
Tamil Nadu,Kanniyakumari,tamil nadu|kanniyakumari,61.22488531336924,14,61.26676813747887,15,S1_correlated_hwa,0.04188282410962785,148.0,206.0,58.0,58.0
Tamil Nadu,Karur,tamil nadu|karur,62.91468692883621,14,63.98445046584568,15,S1_correlated_hwa,1.0697635370094716,76.0,98.0,22.0,22.0
Tamil Nadu,Krishnagiri,tamil nadu|krishnagiri,52.293012964997864,14,53.36120476779569,15,S1_correlated_hwa,1.068191802797827,612.0,611.0,-1.0,1.0
Tamil Nadu,Madurai,tamil nadu|madurai,60.54360003328561,14,61.28258314209351,15,S1_correlated_hwa,0.7389831088079006,176.0,205.0,29.0,29.0
Tamil Nadu,Mayiladuthurai,tamil nadu|mayiladuthurai,66.88727578710316,14,67.82851899487385,15,S1_correlated_hwa,0.9412432077706825,15.0,14.0,-1.0,1.0
Tamil Nadu,Nagapattinam,tamil nadu|nagapattinam,67.46850397197403,14,68.42213426002084,15,S1_correlated_hwa,0.9536302880468099,8.0,6.0,-2.0,2.0
Tamil Nadu,Namakkal,tamil nadu|namakkal,60.99471162136487,14,62.10547836947756,15,S1_correlated_hwa,1.1107667481126882,157.0,171.0,14.0,14.0
Tamil Nadu,Perambalur,tamil nadu|perambalur,62.891335347136376,14,64.01545610364832,15,S1_correlated_hwa,1.1241207565119424,79.0,95.0,16.0,16.0
Tamil Nadu,Pudukkottai,tamil nadu|pudukkottai,64.35273690139879,14,65.32078067249182,15,S1_correlated_hwa,0.9680437710930363,41.0,49.0,8.0,8.0
Tamil Nadu,Ramanathapuram,tamil nadu|ramanathapuram,65.80759648229814,14,66.53870073696028,15,S1_correlated_hwa,0.7311042546621422,26.0,26.0,0.0,0.0
Tamil Nadu,Ranipet,tamil nadu|ranipet,64.09759906630785,14,65.41765517056133,15,S1_correlated_hwa,1.3200561042534815,49.0,47.0,-2.0,2.0
Tamil Nadu,Salem,tamil nadu|salem,57.16563898477516,14,58.27172898861756,15,S1_correlated_hwa,1.1060900038424037,392.0,409.0,17.0,17.0
Tamil Nadu,Sivaganga,tamil nadu|sivaganga,64.05664997098009,14,64.91138191009249,15,S1_correlated_hwa,0.8547319391123978,51.0,57.0,6.0,6.0
Tamil Nadu,Tenkasi,tamil nadu|tenkasi,61.982217035221446,14,62.39616365438247,15,S1_correlated_hwa,0.41394661916102393,123.0,159.0,36.0,36.0
Tamil Nadu,Thanjavur,tamil nadu|thanjavur,66.22178758944715,14,67.20159398495673,15,S1_correlated_hwa,0.9798063955095841,20.0,22.0,2.0,2.0
Tamil Nadu,The Nilgiris,tamil nadu|the nilgiris,43.811312901195386,14,44.25842690044405,15,S1_correlated_hwa,0.44711399924866413,679.0,679.0,0.0,0.0
Tamil Nadu,Theni,tamil nadu|theni,51.04163519052648,14,51.569573528320916,15,S1_correlated_hwa,0.5279383377944384,632.0,644.0,12.0,12.0
Tamil Nadu,Thiruvallur,tamil nadu|thiruvallur,66.13653945523379,14,67.40812230845272,15,S1_correlated_hwa,1.2715828532189306,22.0,21.0,-1.0,1.0
Tamil Nadu,Thiruvarur,tamil nadu|thiruvarur,67.2064510564797,14,68.16090374904273,15,S1_correlated_hwa,0.9544526925630379,12.0,7.0,-5.0,5.0
Tamil Nadu,Tiruchirappalli,tamil nadu|tiruchirappalli,62.249807039568374,14,63.313158422195926,15,S1_correlated_hwa,1.0633513826275518,111.0,123.0,12.0,12.0
Tamil Nadu,Tirunelveli,tamil nadu|tirunelveli,63.912829253858945,14,64.16750848142847,15,S1_correlated_hwa,0.2546792275695253,54.0,82.0,28.0,28.0
Tamil Nadu,Tirupathur,tamil nadu|tirupathur,53.49656690384224,14,54.657745668282395,15,S1_correlated_hwa,1.1611787644401517,587.0,589.0,2.0,2.0
Tamil Nadu,Tiruppur,tamil nadu|tiruppur,58.52905495697908,14,59.48641391475412,15,S1_correlated_hwa,0.9573589577750354,299.0,333.0,34.0,34.0
Tamil Nadu,Tiruvannamalai,tamil nadu|tiruvannamalai,59.764611141124966,14,60.97611058261769,15,S1_correlated_hwa,1.2114994414927267,206.0,218.0,12.0,12.0
Tamil Nadu,Tuticorin,tamil nadu|tuticorin,67.15073030029826,14,67.60417267590256,15,S1_correlated_hwa,0.4534423756042969,13.0,18.0,5.0,5.0
Tamil Nadu,Vellore,tamil nadu|vellore,58.10561171612919,14,59.3478730103235,15,S1_correlated_hwa,1.2422612941943072,328.0,339.0,11.0,11.0
Tamil Nadu,Villupuram,tamil nadu|villupuram,63.94842398574605,14,65.10613755311685,15,S1_correlated_hwa,1.1577135673708057,53.0,54.0,1.0,1.0
Tamil Nadu,Virudhunagar,tamil nadu|virudhunagar,62.8416562123255,14,63.450604918915985,15,S1_correlated_hwa,0.608948706590482,83.0,120.0,37.0,37.0
Telangana,Adilabad,telangana|adilabad,61.15081605410051,14,62.80625363645705,15,S1_correlated_hwa,1.6554375823565408,149.0,143.0,-6.0,6.0
Telangana,Bhadradri Kothagudem,telangana|bhadradri kothagudem,61.55626595793898,14,63.05916564511886,15,S1_correlated_hwa,1.5028996871798768,141.0,136.0,-5.0,5.0
Telangana,Hanumakonda,telangana|hanumakonda,62.51966072479792,14,64.11961284348855,15,S1_correlated_hwa,1.5999521186906307,94.0,85.0,-9.0,9.0
Telangana,Hyderabad,telangana|hyderabad,58.4398543746195,14,59.91965502173868,15,S1_correlated_hwa,1.479800647119177,307.0,310.0,3.0,3.0
Telangana,Jagitial,telangana|jagitial,63.088168075345706,14,64.71740405209756,15,S1_correlated_hwa,1.6292359767518576,70.0,61.0,-9.0,9.0
Telangana,Jangoan,telangana|jangoan,61.29225310851852,14,62.85353168936413,15,S1_correlated_hwa,1.5612785808456096,146.0,142.0,-4.0,4.0
Telangana,Jayashankar Bhupalapally,telangana|jayashankar bhupalapally,64.19482421421372,14,65.83624407492984,15,S1_correlated_hwa,1.6414198607161126,47.0,37.0,-10.0,10.0
Telangana,Jogulamba Gadwal,telangana|jogulamba gadwal,62.94584403672413,14,64.48130925235938,15,S1_correlated_hwa,1.5354652156352486,73.0,69.0,-4.0,4.0
Telangana,Kamareddy,telangana|kamareddy,60.7313930959784,14,62.284397852780565,15,S1_correlated_hwa,1.5530047568021672,170.0,163.0,-7.0,7.0
Telangana,Karimnagar,telangana|karimnagar,62.98691596535266,14,64.57412832879109,15,S1_correlated_hwa,1.5872123634384323,72.0,66.0,-6.0,6.0
Telangana,Khammam,telangana|khammam,62.309820073854375,14,63.874031668550884,15,S1_correlated_hwa,1.5642115946965092,107.0,100.0,-7.0,7.0
Telangana,Kumuram Bheem Asifabad,telangana|kumuram bheem asifabad,62.843631591568666,14,64.50556750505861,15,S1_correlated_hwa,1.6619359134899412,82.0,68.0,-14.0,14.0
Telangana,Mahabubabad,telangana|mahabubabad,61.98789467479379,14,63.59102125574853,15,S1_correlated_hwa,1.6031265809547364,122.0,115.0,-7.0,7.0
Telangana,Mahabubnagar,telangana|mahabubnagar,59.962294863144415,14,61.41811839871712,15,S1_correlated_hwa,1.455823535572705,195.0,200.0,5.0,5.0
Telangana,Mancherial,telangana|mancherial,64.08239351534144,14,65.71852142827,15,S1_correlated_hwa,1.6361279129285577,50.0,41.0,-9.0,9.0
Telangana,Medak,telangana|medak,59.397182252643915,14,60.8966412881696,15,S1_correlated_hwa,1.4994590355256818,225.0,225.0,0.0,0.0
Telangana,Medchal Malkajgiri,telangana|medchal malkajgiri,57.49932354708988,14,58.97257358578181,15,S1_correlated_hwa,1.4732500386919298,365.0,368.0,3.0,3.0
Telangana,Mulugu,telangana|mulugu,62.89520959372758,14,64.47322094080438,15,S1_correlated_hwa,1.578011347076803,78.0,71.0,-7.0,7.0
Telangana,Nagarkurnool,telangana|nagarkurnool,58.90299246413931,14,60.388165668871785,15,S1_correlated_hwa,1.485173204732476,268.0,269.0,1.0,1.0
Telangana,Nalgonda,telangana|nalgonda,62.47252473411225,14,64.03924140906805,15,S1_correlated_hwa,1.5667166749558064,97.0,92.0,-5.0,5.0
Telangana,Narayanpet,telangana|narayanpet,61.81673384286163,14,63.29632080108707,15,S1_correlated_hwa,1.4795869582254397,135.0,125.0,-10.0,10.0
Telangana,Nirmal,telangana|nirmal,62.64457311650543,14,64.27411013858605,15,S1_correlated_hwa,1.6295370220806262,88.0,78.0,-10.0,10.0
Telangana,Nizamabad,telangana|nizamabad,61.91517664788061,14,63.50117250200224,15,S1_correlated_hwa,1.5859958541216344,125.0,118.0,-7.0,7.0
Telangana,Peddapalli,telangana|peddapalli,63.8057402771661,14,65.40109414203339,15,S1_correlated_hwa,1.5953538648672847,55.0,48.0,-7.0,7.0
Telangana,Rajanna Sircilla,telangana|rajanna sircilla,61.0012296095016,14,62.601443807305245,15,S1_correlated_hwa,1.6002141978036448,156.0,150.0,-6.0,6.0
Telangana,Ranga Reddy,telangana|ranga reddy,57.76803511271284,14,59.21612433152793,15,S1_correlated_hwa,1.4480892188150918,345.0,347.0,2.0,2.0
Telangana,Sangareddy,telangana|sangareddy,59.07977679708976,14,60.54907844343948,15,S1_correlated_hwa,1.4693016463497202,252.0,256.0,4.0,4.0
Telangana,Siddipet,telangana|siddipet,59.442857009699246,14,60.981254226330016,15,S1_correlated_hwa,1.53839721663077,218.0,217.0,-1.0,1.0
Telangana,Suryapet,telangana|suryapet,62.64255445426868,14,64.25446687833944,15,S1_correlated_hwa,1.6119124240707663,89.0,79.0,-10.0,10.0
Telangana,Vikarabad,telangana|vikarabad,59.402815305300855,14,60.85839782403695,15,S1_correlated_hwa,1.4555825187360938,224.0,228.0,4.0,4.0
Telangana,Wanaparthy,telangana|wanaparthy,62.05032067548197,14,63.56035456720708,15,S1_correlated_hwa,1.510033891725108,118.0,116.0,-2.0,2.0
Telangana,Warangal,telangana|warangal,62.415121604115015,14,64.01820359815036,15,S1_correlated_hwa,1.6030819940353496,100.0,94.0,-6.0,6.0
Telangana,Yadadri Bhuvanagiri,telangana|yadadri bhuvanagiri,60.40288407127594,14,61.94806403278108,15,S1_correlated_hwa,1.5451799615051414,182.0,177.0,-5.0,5.0
Tripura,Dhalai,tripura|dhalai,55.79668882605738,14,56.72992532347692,15,S1_correlated_hwa,0.9332364974195428,486.0,512.0,26.0,26.0
Tripura,Gomati,tripura|gomati,56.503989194504044,14,57.47160029292047,15,S1_correlated_hwa,0.9676110984164268,438.0,462.0,24.0,24.0
Tripura,Khowai,tripura|khowai,56.52082255672859,14,57.50818371008103,15,S1_correlated_hwa,0.9873611533524382,435.0,461.0,26.0,26.0
Tripura,North Tripura,tripura|north tripura,54.73055315943038,14,55.63683040382478,15,S1_correlated_hwa,0.9062772443944027,538.0,558.0,20.0,20.0
Tripura,Sepahijala,tripura|sepahijala,56.888619318570385,14,57.88898709650709,15,S1_correlated_hwa,1.0003677779367024,410.0,433.0,23.0,23.0
Tripura,South Tripura,tripura|south tripura,57.4095478325308,14,58.400051938611526,15,S1_correlated_hwa,0.9905041060807278,373.0,404.0,31.0,31.0
Tripura,Unakoti,tripura|unakoti,56.14688743987275,14,57.1105599338737,15,S1_correlated_hwa,0.9636724940009529,456.0,490.0,34.0,34.0
Tripura,West Tripura,tripura|west tripura,56.670145455033996,14,57.68184435204918,15,S1_correlated_hwa,1.0116988970151866,421.0,448.0,27.0,27.0
Uttar Pradesh,Agra,uttar pradesh|agra,57.90896022744314,14,59.58206771084186,15,S1_correlated_hwa,1.6731074833987236,339.0,329.0,-10.0,10.0
Uttar Pradesh,Aligarh,uttar pradesh|aligarh,56.89194654159433,14,58.49439656263947,15,S1_correlated_hwa,1.6024500210451436,409.0,399.0,-10.0,10.0
Uttar Pradesh,Ambedkar Nagar,uttar pradesh|ambedkar nagar,58.63448285908726,14,60.19195448486523,15,S1_correlated_hwa,1.5574716257779713,292.0,287.0,-5.0,5.0
Uttar Pradesh,Amethi,uttar pradesh|amethi,59.05751882352332,14,60.65698677193712,15,S1_correlated_hwa,1.5994679484138032,253.0,246.0,-7.0,7.0
Uttar Pradesh,Amroha,uttar pradesh|amroha,55.09776467064037,14,56.51254800914332,15,S1_correlated_hwa,1.41478333850295,525.0,524.0,-1.0,1.0
Uttar Pradesh,Auraiya,uttar pradesh|auraiya,58.307769895635445,14,59.948221741823026,15,S1_correlated_hwa,1.640451846187581,316.0,305.0,-11.0,11.0
Uttar Pradesh,Ayodhya,uttar pradesh|ayodhya,59.02307033422838,14,60.552971725214455,15,S1_correlated_hwa,1.5299013909860761,257.0,255.0,-2.0,2.0
Uttar Pradesh,Azamgarh,uttar pradesh|azamgarh,58.825383922808925,14,60.39834589504944,15,S1_correlated_hwa,1.5729619722405133,276.0,267.0,-9.0,9.0
Uttar Pradesh,Baghpat,uttar pradesh|baghpat,55.231308638788086,14,56.70244857731264,15,S1_correlated_hwa,1.4711399385245514,516.0,514.0,-2.0,2.0
Uttar Pradesh,Bahraich,uttar pradesh|bahraich,58.9748118238055,14,60.34507408065142,15,S1_correlated_hwa,1.370262256845919,261.0,273.0,12.0,12.0
Uttar Pradesh,Ballia,uttar pradesh|ballia,59.381979127328066,14,60.849503610600976,15,S1_correlated_hwa,1.4675244832729106,228.0,230.0,2.0,2.0
Uttar Pradesh,Balrampur,uttar pradesh|balrampur,59.215999589283484,14,60.55988108836238,15,S1_correlated_hwa,1.343881499078897,238.0,252.0,14.0,14.0
Uttar Pradesh,Banda,uttar pradesh|banda,59.57564099186797,14,61.291934227207335,15,S1_correlated_hwa,1.7162932353393643,211.0,204.0,-7.0,7.0
Uttar Pradesh,Barabanki,uttar pradesh|barabanki,58.801683526870036,14,60.28906122062886,15,S1_correlated_hwa,1.4873776937588232,278.0,279.0,1.0,1.0
Uttar Pradesh,Bareilly,uttar pradesh|bareilly,56.23450736787291,14,57.66130230123643,15,S1_correlated_hwa,1.4267949333635244,450.0,450.0,0.0,0.0
Uttar Pradesh,Basti,uttar pradesh|basti,58.79813453895635,14,60.26020948005538,15,S1_correlated_hwa,1.4620749410990328,279.0,282.0,3.0,3.0
Uttar Pradesh,Bhadohi,uttar pradesh|bhadohi,59.24087158458332,14,60.98974269591131,15,S1_correlated_hwa,1.7488711113279933,237.0,216.0,-21.0,21.0
Uttar Pradesh,Bijnor,uttar pradesh|bijnor,54.4078355479354,14,55.72915686247977,15,S1_correlated_hwa,1.3213213145443703,555.0,553.0,-2.0,2.0
Uttar Pradesh,Budaun,uttar pradesh|budaun,56.59213504432958,14,58.08131527661769,15,S1_correlated_hwa,1.4891802322881063,425.0,422.0,-3.0,3.0
Uttar Pradesh,Bulandshahr,uttar pradesh|bulandshahr,56.100638678496864,14,57.62810258793635,15,S1_correlated_hwa,1.5274639094394828,459.0,452.0,-7.0,7.0
Uttar Pradesh,Chandauli,uttar pradesh|chandauli,58.65618639892081,14,60.32011122313599,15,S1_correlated_hwa,1.6639248242151794,289.0,277.0,-12.0,12.0
Uttar Pradesh,Chitrakoot,uttar pradesh|chitrakoot,59.099890752092534,14,60.833249188334165,15,S1_correlated_hwa,1.7333584362416303,249.0,234.0,-15.0,15.0
Uttar Pradesh,Deoria,uttar pradesh|deoria,58.90026473636604,14,60.286365612977775,15,S1_correlated_hwa,1.386100876611735,269.0,280.0,11.0,11.0
Uttar Pradesh,Etah,uttar pradesh|etah,57.199003731030736,14,58.81716470985162,15,S1_correlated_hwa,1.6181609788208817,387.0,382.0,-5.0,5.0
Uttar Pradesh,Etawah,uttar pradesh|etawah,58.22692204474275,14,59.86272895158059,15,S1_correlated_hwa,1.6358069068378427,321.0,313.0,-8.0,8.0
Uttar Pradesh,Farrukhabad,uttar pradesh|farrukhabad,57.116437465384074,14,58.67367827731757,15,S1_correlated_hwa,1.5572408119334966,395.0,389.0,-6.0,6.0
Uttar Pradesh,Fatehpur,uttar pradesh|fatehpur,59.61697442406412,14,61.300664426117066,15,S1_correlated_hwa,1.6836900020529484,210.0,203.0,-7.0,7.0
Uttar Pradesh,Firozabad,uttar pradesh|firozabad,57.70012963067472,14,59.37166834076698,15,S1_correlated_hwa,1.671538710092264,351.0,335.0,-16.0,16.0
Uttar Pradesh,Gautam Buddha Nagar,uttar pradesh|gautam buddha nagar,56.119580676547116,14,57.67890977323921,15,S1_correlated_hwa,1.559329096692096,457.0,449.0,-8.0,8.0
Uttar Pradesh,Ghaziabad,uttar pradesh|ghaziabad,55.50958969599036,14,57.00283385855101,15,S1_correlated_hwa,1.49324416256065,502.0,496.0,-6.0,6.0
Uttar Pradesh,Ghazipur,uttar pradesh|ghazipur,59.32799614686426,14,60.91552719847855,15,S1_correlated_hwa,1.5875310516142918,233.0,222.0,-11.0,11.0
Uttar Pradesh,Gonda,uttar pradesh|gonda,58.84983068600747,14,60.284506355302256,15,S1_correlated_hwa,1.4346756692947835,273.0,281.0,8.0,8.0
Uttar Pradesh,Gorakhpur,uttar pradesh|gorakhpur,58.77565433969567,14,60.17748163532094,15,S1_correlated_hwa,1.4018272956252673,282.0,288.0,6.0,6.0
Uttar Pradesh,Hamirpur,uttar pradesh|hamirpur,58.85638038249795,14,60.557469527271806,15,S1_correlated_hwa,1.701089144773853,272.0,254.0,-18.0,18.0
Uttar Pradesh,Hapur,uttar pradesh|hapur,55.425828603783856,14,56.89885554117766,15,S1_correlated_hwa,1.4730269373938043,507.0,505.0,-2.0,2.0
Uttar Pradesh,Hardoi,uttar pradesh|hardoi,57.457312589000075,14,59.003340165979026,15,S1_correlated_hwa,1.5460275769789504,369.0,363.0,-6.0,6.0
Uttar Pradesh,Hathras,uttar pradesh|hathras,57.30241633950172,14,58.953997815492194,15,S1_correlated_hwa,1.6515814759904757,378.0,370.0,-8.0,8.0
Uttar Pradesh,Jalaun,uttar pradesh|jalaun,58.769955241450134,14,60.45096622246827,15,S1_correlated_hwa,1.681010981018133,283.0,265.0,-18.0,18.0
Uttar Pradesh,Jaunpur,uttar pradesh|jaunpur,59.0184302948408,14,60.69696386130522,15,S1_correlated_hwa,1.6785335664644236,258.0,242.0,-16.0,16.0
Uttar Pradesh,Jhansi,uttar pradesh|jhansi,57.25585735168237,14,58.97916036026894,15,S1_correlated_hwa,1.7233030085865693,384.0,367.0,-17.0,17.0
Uttar Pradesh,Kannauj,uttar pradesh|kannauj,57.6947517770152,14,59.30065259973542,15,S1_correlated_hwa,1.6059008227202227,353.0,343.0,-10.0,10.0
Uttar Pradesh,Kanpur Dehat,uttar pradesh|kanpur dehat,58.6728736988148,14,60.365014774474254,15,S1_correlated_hwa,1.6921410756594568,287.0,270.0,-17.0,17.0
Uttar Pradesh,Kanpur Nagar,uttar pradesh|kanpur nagar,58.85908949468698,14,60.51891711103697,15,S1_correlated_hwa,1.6598276163499932,271.0,257.0,-14.0,14.0
Uttar Pradesh,Kasganj,uttar pradesh|kasganj,56.946475359561425,14,58.50773473968736,15,S1_correlated_hwa,1.5612593801259322,407.0,396.0,-11.0,11.0
Uttar Pradesh,Kaushambi,uttar pradesh|kaushambi,59.78686122967182,14,61.53159890507262,15,S1_correlated_hwa,1.744737675400799,202.0,193.0,-9.0,9.0
Uttar Pradesh,Kheri,uttar pradesh|kheri,57.741881444222585,14,59.15354613751886,15,S1_correlated_hwa,1.4116646932962738,347.0,352.0,5.0,5.0
Uttar Pradesh,Kushi Nagar,uttar pradesh|kushi nagar,59.34241320388438,14,60.66910484272947,15,S1_correlated_hwa,1.326691638845091,231.0,245.0,14.0,14.0
Uttar Pradesh,Lalitpur,uttar pradesh|lalitpur,55.20019147343711,14,56.963936240825596,15,S1_correlated_hwa,1.7637447673884878,520.0,501.0,-19.0,19.0
Uttar Pradesh,Lucknow,uttar pradesh|lucknow,58.51705866134206,14,60.06940914378877,15,S1_correlated_hwa,1.5523504824467054,301.0,296.0,-5.0,5.0
Uttar Pradesh,Maharajganj,uttar pradesh|maharajganj,59.56116833891653,14,60.85095928751539,15,S1_correlated_hwa,1.2897909485988563,212.0,229.0,17.0,17.0
Uttar Pradesh,Mahoba,uttar pradesh|mahoba,57.62252671912523,14,59.35463760002131,15,S1_correlated_hwa,1.7321108808960801,358.0,337.0,-21.0,21.0
Uttar Pradesh,Mainpuri,uttar pradesh|mainpuri,57.40785889067482,14,59.0325561992999,15,S1_correlated_hwa,1.6246973086250804,374.0,361.0,-13.0,13.0
Uttar Pradesh,Mathura,uttar pradesh|mathura,57.17791707776835,14,58.84968687708769,15,S1_correlated_hwa,1.6717697993193426,390.0,380.0,-10.0,10.0
Uttar Pradesh,Mau,uttar pradesh|mau,58.981787614216834,14,60.4713176021547,15,S1_correlated_hwa,1.489529987937864,260.0,262.0,2.0,2.0
Uttar Pradesh,Meerut,uttar pradesh|meerut,55.001939691889966,14,56.44177068470572,15,S1_correlated_hwa,1.4398309928157573,529.0,526.0,-3.0,3.0
Uttar Pradesh,Mirzapur,uttar pradesh|mirzapur,58.445775084151364,14,60.15659928376387,15,S1_correlated_hwa,1.710824199612503,306.0,290.0,-16.0,16.0
Uttar Pradesh,Moradabad,uttar pradesh|moradabad,55.17381728433514,14,56.559943367194684,15,S1_correlated_hwa,1.3861260828595405,521.0,521.0,0.0,0.0
Uttar Pradesh,Muzaffarnagar,uttar pradesh|muzaffarnagar,54.77599781690985,14,56.17242443162971,15,S1_correlated_hwa,1.3964266147198572,536.0,538.0,2.0,2.0
Uttar Pradesh,Pilibhit,uttar pradesh|pilibhit,56.32053099220827,14,57.73969214590313,15,S1_correlated_hwa,1.4191611536948585,445.0,446.0,1.0,1.0
Uttar Pradesh,Pratapgarh,uttar pradesh|pratapgarh,59.306755523937284,14,60.99206732954406,15,S1_correlated_hwa,1.6853118056067729,234.0,215.0,-19.0,19.0
Uttar Pradesh,Prayagraj,uttar pradesh|prayagraj,59.282930287645115,14,61.02902455661269,15,S1_correlated_hwa,1.7460942689675747,235.0,213.0,-22.0,22.0
Uttar Pradesh,Rae Bareli,uttar pradesh|rae bareli,59.15277913180635,14,60.784566229410046,15,S1_correlated_hwa,1.6317870976036986,244.0,238.0,-6.0,6.0
Uttar Pradesh,Rampur,uttar pradesh|rampur,55.82974341091509,14,57.205200781758435,15,S1_correlated_hwa,1.3754573708433426,483.0,483.0,0.0,0.0
Uttar Pradesh,Saharanpur,uttar pradesh|saharanpur,54.72892831179823,14,56.010072363772515,15,S1_correlated_hwa,1.2811440519742874,539.0,547.0,8.0,8.0
Uttar Pradesh,Sambhal,uttar pradesh|sambhal,55.90199440757801,14,57.3759233152327,15,S1_correlated_hwa,1.4739289076546882,470.0,474.0,4.0,4.0
Uttar Pradesh,Sant Kabeer Nagar,uttar pradesh|sant kabeer nagar,58.79307757320819,14,60.20937735740545,15,S1_correlated_hwa,1.416299784197264,280.0,286.0,6.0,6.0
Uttar Pradesh,Shahjahanpur,uttar pradesh|shahjahanpur,56.753037697544016,14,58.24470654045641,15,S1_correlated_hwa,1.4916688429123965,415.0,411.0,-4.0,4.0
Uttar Pradesh,Shamli,uttar pradesh|shamli,55.234536387980626,14,56.6734955329691,15,S1_correlated_hwa,1.4389591449884733,515.0,515.0,0.0,0.0
Uttar Pradesh,Shravasti,uttar pradesh|shravasti,59.48364782200126,14,60.801025666127174,15,S1_correlated_hwa,1.3173778441259145,216.0,237.0,21.0,21.0
Uttar Pradesh,Siddharth Nagar,uttar pradesh|siddharth nagar,59.13799545355624,14,60.46543336989965,15,S1_correlated_hwa,1.3274379163434062,245.0,263.0,18.0,18.0
Uttar Pradesh,Sitapur,uttar pradesh|sitapur,57.89577480686839,14,59.34384797543257,15,S1_correlated_hwa,1.4480731685641786,340.0,340.0,0.0,0.0
Uttar Pradesh,Sonbhadra,uttar pradesh|sonbhadra,56.57105718794005,14,58.21509911574855,15,S1_correlated_hwa,1.6440419278085017,428.0,413.0,-15.0,15.0
Uttar Pradesh,Sultanpur,uttar pradesh|sultanpur,58.872334929728765,14,60.473346746558896,15,S1_correlated_hwa,1.6010118168301304,270.0,261.0,-9.0,9.0
Uttar Pradesh,Unnao,uttar pradesh|unnao,58.6018048597803,14,60.22010079596503,15,S1_correlated_hwa,1.6182959361847296,296.0,285.0,-11.0,11.0
Uttar Pradesh,Varanasi,uttar pradesh|varanasi,59.20124196048556,14,60.89048937467748,15,S1_correlated_hwa,1.689247414191918,240.0,227.0,-13.0,13.0
Uttarakhand,Almora,uttarakhand|almora,35.426664848699374,14,36.16451498026411,15,S1_correlated_hwa,0.7378501315647341,729.0,729.0,0.0,0.0
Uttarakhand,Bageshwar,uttarakhand|bageshwar,29.40933910618979,14,29.85360052150105,15,S1_correlated_hwa,0.44426141531126007,748.0,748.0,0.0,0.0
Uttarakhand,Chamoli,uttarakhand|chamoli,19.924466875336282,14,19.793360616017527,15,S1_correlated_hwa,-0.13110625931875575,773.0,774.0,1.0,1.0
Uttarakhand,Champawat,uttarakhand|champawat,40.41254773599154,14,41.37727104532764,15,S1_correlated_hwa,0.964723309336101,698.0,698.0,0.0,0.0
Uttarakhand,Dehradun,uttarakhand|dehradun,42.6828670892898,14,43.49087799729021,15,S1_correlated_hwa,0.8080109080004121,683.0,682.0,-1.0,1.0
Uttarakhand,Haridwar,uttarakhand|haridwar,54.14737856994864,14,55.39381295172317,15,S1_correlated_hwa,1.2464343817745274,564.0,566.0,2.0,2.0
Uttarakhand,Nainital,uttarakhand|nainital,44.39965361374539,14,45.43562908969353,15,S1_correlated_hwa,1.0359754759481348,675.0,674.0,-1.0,1.0
Uttarakhand,Pauri Garhwal,uttarakhand|pauri garhwal,40.34762736715306,14,41.18205073477612,15,S1_correlated_hwa,0.8344233676230601,699.0,699.0,0.0,0.0
Uttarakhand,Pithoragarh,uttarakhand|pithoragarh,21.058473278838346,14,21.06467287069947,15,S1_correlated_hwa,0.006199591861125953,772.0,772.0,0.0,0.0
Uttarakhand,Rudra Prayag,uttarakhand|rudra prayag,29.625157090373566,14,29.93465344704348,15,S1_correlated_hwa,0.30949635666991426,747.0,747.0,0.0,0.0
Uttarakhand,Tehri Garhwal,uttarakhand|tehri garhwal,33.59501731833926,14,34.09077019346906,15,S1_correlated_hwa,0.4957528751298028,738.0,738.0,0.0,0.0
Uttarakhand,Udam Singh Nagar,uttarakhand|udam singh nagar,55.22491707604573,14,56.57492069756719,15,S1_correlated_hwa,1.3500036215214593,517.0,520.0,3.0,3.0
Uttarakhand,Uttar Kashi,uttarakhand|uttar kashi,24.622258566620815,14,24.65140630440531,15,S1_correlated_hwa,0.029147737784494865,762.0,763.0,1.0,1.0
West Bengal,24 Paraganas North,west bengal|24 paraganas north,60.263079110090324,14,61.547056472520815,15,S1_correlated_hwa,1.283977362430491,187.0,192.0,5.0,5.0
West Bengal,24 Paraganas South,west bengal|24 paraganas south,58.133857951302076,14,59.33773474606539,15,S1_correlated_hwa,1.2038767947633104,325.0,341.0,16.0,16.0
West Bengal,Alipurduar,west bengal|alipurduar,52.02185639286781,14,53.1439857200223,15,S1_correlated_hwa,1.1221293271544894,615.0,617.0,2.0,2.0
West Bengal,Bankura,west bengal|bankura,60.47805401294733,14,62.054446957478255,15,S1_correlated_hwa,1.576392944530923,179.0,172.0,-7.0,7.0
West Bengal,Birbhum,west bengal|birbhum,60.11517055550435,14,61.65214564304644,15,S1_correlated_hwa,1.5369750875420891,190.0,187.0,-3.0,3.0
West Bengal,Coochbehar,west bengal|coochbehar,54.967904207136726,14,56.07983775853804,15,S1_correlated_hwa,1.1119335514013144,530.0,542.0,12.0,12.0
West Bengal,Darjeeling,west bengal|darjeeling,39.24538125597035,14,40.188138433846994,15,S1_correlated_hwa,0.9427571778766435,709.0,707.0,-2.0,2.0
West Bengal,Dinajpur Dakshin,west bengal|dinajpur dakshin,57.04766154089941,14,58.279510999087215,15,S1_correlated_hwa,1.2318494581878028,402.0,408.0,6.0,6.0
West Bengal,Dinajpur Uttar,west bengal|dinajpur uttar,55.02343681975388,14,56.25198770793632,15,S1_correlated_hwa,1.2285508881824398,528.0,536.0,8.0,8.0
West Bengal,Hooghly,west bengal|hooghly,60.855217220698265,14,62.33578136593884,15,S1_correlated_hwa,1.480564145240578,163.0,161.0,-2.0,2.0
West Bengal,Howrah,west bengal|howrah,60.54724904698688,14,61.98668212440332,15,S1_correlated_hwa,1.4394330774164459,175.0,175.0,0.0,0.0
West Bengal,Jalpaiguri,west bengal|jalpaiguri,50.93670945236414,14,52.12468640812102,15,S1_correlated_hwa,1.1879769557568807,636.0,631.0,-5.0,5.0
West Bengal,Jhargram,west bengal|jhargram,61.0351017386649,14,62.573735095647216,15,S1_correlated_hwa,1.5386333569823165,155.0,152.0,-3.0,3.0
West Bengal,Kalimpong,west bengal|kalimpong,37.301791809282506,14,38.201949725213886,15,S1_correlated_hwa,0.9001579159313806,720.0,719.0,-1.0,1.0
West Bengal,Kolkata,west bengal|kolkata,60.43768242040328,14,61.79513097178784,15,S1_correlated_hwa,1.3574485513845644,180.0,183.0,3.0,3.0
West Bengal,Maldah,west bengal|maldah,57.76978762721518,14,59.09336018485059,15,S1_correlated_hwa,1.3235725576354085,344.0,357.0,13.0,13.0
West Bengal,Medinipur East,west bengal|medinipur east,59.17251290080836,14,60.5821355865793,15,S1_correlated_hwa,1.409622685770941,242.0,251.0,9.0,9.0
West Bengal,Medinipur West,west bengal|medinipur west,60.75781968787302,14,62.27468124379658,15,S1_correlated_hwa,1.5168615559235619,167.0,164.0,-3.0,3.0
West Bengal,Murshidabad,west bengal|murshidabad,60.11282459620601,14,61.557894210066024,15,S1_correlated_hwa,1.4450696138600136,191.0,191.0,0.0,0.0
West Bengal,Nadia,west bengal|nadia,60.616974603452384,14,62.02942896985606,15,S1_correlated_hwa,1.4124543664036793,173.0,173.0,0.0,0.0
West Bengal,Paschim Bardhaman,west bengal|paschim bardhaman,60.30893384474666,14,61.8954332844692,15,S1_correlated_hwa,1.5864994397225374,185.0,181.0,-4.0,4.0
West Bengal,Purba Bardhaman,west bengal|purba bardhaman,60.740661317218425,14,62.270891518825216,15,S1_correlated_hwa,1.5302302016067912,169.0,165.0,-4.0,4.0
West Bengal,Purulia,west bengal|purulia,59.19887941891481,14,60.69014547282211,15,S1_correlated_hwa,1.491266053907303,241.0,243.0,2.0,2.0
Andaman & Nicobar Islands,Nicobars,andaman nicobar islands|nicobars,64.24700480065017,14,61.03992822544838,15,S2_cold_favoring_tas_inverse,-3.2070765752017962,46.0,32.0,-14.0,14.0
Andaman & Nicobar Islands,North and Middle Andaman,andaman nicobar islands|north and middle andaman,62.29957025934495,14,59.40414220735652,15,S2_cold_favoring_tas_inverse,-2.895428051988425,108.0,67.0,-41.0,41.0
Andaman & Nicobar Islands,South Andamans,andaman nicobar islands|south andamans,58.61648978879805,14,56.01751437659057,15,S2_cold_favoring_tas_inverse,-2.59897541220748,295.0,203.0,-92.0,92.0
Andhra Pradesh,Alluri Sitharama Raju,andhra pradesh|alluri sitharama raju,53.5328221764709,14,50.345743588244005,15,S2_cold_favoring_tas_inverse,-3.187078588226896,584.0,589.0,5.0,5.0
Andhra Pradesh,Anakapalli,andhra pradesh|anakapalli,62.06273039757758,14,58.28369619842634,15,S2_cold_favoring_tas_inverse,-3.7790341991512406,116.0,110.0,-6.0,6.0
Andhra Pradesh,Anantapur,andhra pradesh|anantapur,62.31443896164073,14,58.16547923466942,15,S2_cold_favoring_tas_inverse,-4.148959726971313,106.0,120.0,14.0,14.0
Andhra Pradesh,Annamayya,andhra pradesh|annamayya,57.54116154999696,14,53.85579817299272,15,S2_cold_favoring_tas_inverse,-3.6853633770042364,364.0,378.0,14.0,14.0
Andhra Pradesh,Bapatla,andhra pradesh|bapatla,63.53267158259229,14,59.49461636304445,15,S2_cold_favoring_tas_inverse,-4.038055219547843,62.0,64.0,2.0,2.0
Andhra Pradesh,Chittoor,andhra pradesh|chittoor,56.03361972535438,14,52.47420146564118,15,S2_cold_favoring_tas_inverse,-3.5594182597131976,462.0,491.0,29.0,29.0
Andhra Pradesh,East Godavari,andhra pradesh|east godavari,63.51850909499242,14,59.461056002701106,15,S2_cold_favoring_tas_inverse,-4.057453092291311,64.0,65.0,1.0,1.0
Andhra Pradesh,Eluru,andhra pradesh|eluru,61.75378063456978,14,57.79061222904642,15,S2_cold_favoring_tas_inverse,-3.963168405523362,136.0,138.0,2.0,2.0
Andhra Pradesh,Guntur,andhra pradesh|guntur,62.23312261952214,14,58.226618807248336,15,S2_cold_favoring_tas_inverse,-4.006503812273806,112.0,116.0,4.0,4.0
Andhra Pradesh,Kakinada,andhra pradesh|kakinada,63.67921364056102,14,59.7005914678998,15,S2_cold_favoring_tas_inverse,-3.9786221726612183,59.0,60.0,1.0,1.0
Andhra Pradesh,Konaseema,andhra pradesh|konaseema,65.70005268751227,14,61.74534211590723,15,S2_cold_favoring_tas_inverse,-3.954710571605041,27.0,25.0,-2.0,2.0
Andhra Pradesh,Krishna,andhra pradesh|krishna,63.200350868203905,14,59.27413261712847,15,S2_cold_favoring_tas_inverse,-3.926218251075433,69.0,68.0,-1.0,1.0
Andhra Pradesh,Kurnool,andhra pradesh|kurnool,62.289593395528414,14,58.12826175034326,15,S2_cold_favoring_tas_inverse,-4.16133164518515,109.0,122.0,13.0,13.0
Andhra Pradesh,Nandyal,andhra pradesh|nandyal,62.90078741734532,14,58.68039947977025,15,S2_cold_favoring_tas_inverse,-4.220387937575069,77.0,87.0,10.0,10.0
Andhra Pradesh,Ntr,andhra pradesh|ntr,62.288887217948215,14,58.17908709617132,15,S2_cold_favoring_tas_inverse,-4.1098001217768925,110.0,119.0,9.0,9.0
Andhra Pradesh,Palnadu,andhra pradesh|palnadu,62.387681535304765,14,58.257411141357125,15,S2_cold_favoring_tas_inverse,-4.13027039394764,102.0,113.0,11.0,11.0
Andhra Pradesh,Parvathipuram Manyam,andhra pradesh|parvathipuram manyam,57.04776493333461,14,53.760657303712485,15,S2_cold_favoring_tas_inverse,-3.2871076296221275,401.0,389.0,-12.0,12.0
Andhra Pradesh,Prakasam,andhra pradesh|prakasam,61.83976301069863,14,57.81219787460988,15,S2_cold_favoring_tas_inverse,-4.027565136088754,132.0,137.0,5.0,5.0
Andhra Pradesh,Spsr Nellore,andhra pradesh|spsr nellore,65.89134650929145,14,61.67685238105356,15,S2_cold_favoring_tas_inverse,-4.214494128237895,24.0,27.0,3.0,3.0
Andhra Pradesh,Sri Sathya Sai,andhra pradesh|sri sathya sai,57.89354079430574,14,54.124608947581926,15,S2_cold_favoring_tas_inverse,-3.7689318467238166,341.0,359.0,18.0,18.0
Andhra Pradesh,Srikakulam,andhra pradesh|srikakulam,59.84975445562567,14,56.54897073039472,15,S2_cold_favoring_tas_inverse,-3.30078372523095,199.0,185.0,-14.0,14.0
Andhra Pradesh,Tirupati,andhra pradesh|tirupati,64.27797912245794,14,60.27787179326488,15,S2_cold_favoring_tas_inverse,-4.000107329193057,45.0,46.0,1.0,1.0
Andhra Pradesh,Visakhapatanam,andhra pradesh|visakhapatanam,63.39924240193832,14,59.68732087651187,15,S2_cold_favoring_tas_inverse,-3.7119215254264475,66.0,61.0,-5.0,5.0
Andhra Pradesh,Vizianagaram,andhra pradesh|vizianagaram,61.71745333337349,14,58.07273490974847,15,S2_cold_favoring_tas_inverse,-3.6447184236250223,137.0,124.0,-13.0,13.0
Andhra Pradesh,West Godavari,andhra pradesh|west godavari,64.28098082079741,14,60.319033530494494,15,S2_cold_favoring_tas_inverse,-3.9619472903029163,44.0,45.0,1.0,1.0
Andhra Pradesh,Y.S.R,andhra pradesh|ysr,63.44269678982958,14,59.20157652953013,15,S2_cold_favoring_tas_inverse,-4.2411202602994535,65.0,69.0,4.0,4.0
Arunachal Pradesh,Anjaw,arunachal pradesh|anjaw,25.883456146747932,14,28.275251452852483,15,S2_cold_favoring_tas_inverse,2.3917953061045516,757.0,754.0,-3.0,3.0
Arunachal Pradesh,Changlang,arunachal pradesh|changlang,39.6760579418663,14,39.00703029774345,15,S2_cold_favoring_tas_inverse,-0.6690276441228491,703.0,702.0,-1.0,1.0
Arunachal Pradesh,Dibang Valley,arunachal pradesh|dibang valley,24.91954025409734,14,27.483254960421352,15,S2_cold_favoring_tas_inverse,2.5637147063240135,760.0,759.0,-1.0,1.0
Arunachal Pradesh,East Kameng,arunachal pradesh|east kameng,30.7059240922652,14,31.624945407317462,15,S2_cold_favoring_tas_inverse,0.9190213150522624,742.0,743.0,1.0,1.0
Arunachal Pradesh,East Siang,arunachal pradesh|east siang,48.03767943746459,14,46.15043719755787,15,S2_cold_favoring_tas_inverse,-1.887242239906719,658.0,658.0,0.0,0.0
Arunachal Pradesh,Itanagar Capital Complex,arunachal pradesh|itanagar capital complex,45.21514625247341,14,43.4498050070918,15,S2_cold_favoring_tas_inverse,-1.765341245381613,670.0,669.0,-1.0,1.0
Arunachal Pradesh,Kamle,arunachal pradesh|kamle,37.65916731046227,14,37.102906058003335,15,S2_cold_favoring_tas_inverse,-0.5562612524589383,718.0,718.0,0.0,0.0
Arunachal Pradesh,Kra Daadi,arunachal pradesh|kra daadi,33.98298843680729,14,34.26143949668508,15,S2_cold_favoring_tas_inverse,0.2784510598777885,735.0,735.0,0.0,0.0
Arunachal Pradesh,Kurung Kumey,arunachal pradesh|kurung kumey,26.958613297022627,14,28.846333451647485,15,S2_cold_favoring_tas_inverse,1.8877201546248585,753.0,752.0,-1.0,1.0
Arunachal Pradesh,Leparada,arunachal pradesh|leparada,42.052040167875695,14,40.82459695530683,15,S2_cold_favoring_tas_inverse,-1.2274432125688648,687.0,686.0,-1.0,1.0
Arunachal Pradesh,Lohit,arunachal pradesh|lohit,40.85661769355074,14,40.21741478398182,15,S2_cold_favoring_tas_inverse,-0.6392029095689153,696.0,692.0,-4.0,4.0
Arunachal Pradesh,Longding,arunachal pradesh|longding,37.51155150887888,14,36.95587343697276,15,S2_cold_favoring_tas_inverse,-0.5556780719061223,719.0,719.0,0.0,0.0
Arunachal Pradesh,Lower Dibang Valley,arunachal pradesh|lower dibang valley,39.44002702647112,14,38.949739576850995,15,S2_cold_favoring_tas_inverse,-0.4902874496201264,706.0,704.0,-2.0,2.0
Arunachal Pradesh,Lower Siang,arunachal pradesh|lower siang,46.48058350897268,14,44.70157048641945,15,S2_cold_favoring_tas_inverse,-1.7790130225532295,662.0,660.0,-2.0,2.0
Arunachal Pradesh,Lower Subansiri,arunachal pradesh|lower subansiri,35.79982869926569,14,35.53479403462603,15,S2_cold_favoring_tas_inverse,-0.2650346646396571,728.0,728.0,0.0,0.0
Arunachal Pradesh,Namsai,arunachal pradesh|namsai,54.20836415842332,14,51.56274180126542,15,S2_cold_favoring_tas_inverse,-2.6456223571579045,561.0,542.0,-19.0,19.0
Arunachal Pradesh,Pakke Kessang,arunachal pradesh|pakke kessang,42.64709073670015,14,41.287625297488766,15,S2_cold_favoring_tas_inverse,-1.3594654392113839,684.0,683.0,-1.0,1.0
Arunachal Pradesh,Papum Pare,arunachal pradesh|papum pare,38.526042276735154,14,37.96355020332686,15,S2_cold_favoring_tas_inverse,-0.5624920734082934,716.0,715.0,-1.0,1.0
Arunachal Pradesh,Shi Yomi,arunachal pradesh|shi yomi,24.162198425649805,14,26.729804845754472,15,S2_cold_favoring_tas_inverse,2.567606420104667,764.0,762.0,-2.0,2.0
Arunachal Pradesh,Siang,arunachal pradesh|siang,37.08122872237701,14,36.76866241973585,15,S2_cold_favoring_tas_inverse,-0.3125663026411658,722.0,720.0,-2.0,2.0
Arunachal Pradesh,Tawang,arunachal pradesh|tawang,21.370684962493396,14,24.335105598376522,15,S2_cold_favoring_tas_inverse,2.964420635883126,771.0,772.0,1.0,1.0
Arunachal Pradesh,Tirap,arunachal pradesh|tirap,38.46893247216602,14,37.772513845530874,15,S2_cold_favoring_tas_inverse,-0.6964186266351433,717.0,717.0,0.0,0.0
Arunachal Pradesh,Upper Siang,arunachal pradesh|upper siang,30.676272108833764,14,31.867916779283124,15,S2_cold_favoring_tas_inverse,1.1916446704493602,743.0,741.0,-2.0,2.0
Arunachal Pradesh,Upper Subansiri,arunachal pradesh|upper subansiri,29.366455797873613,14,30.80567940269811,15,S2_cold_favoring_tas_inverse,1.4392236048244982,749.0,747.0,-2.0,2.0
Arunachal Pradesh,West Kameng,arunachal pradesh|west kameng,31.128871840422146,14,31.901721628485042,15,S2_cold_favoring_tas_inverse,0.7728497880628957,740.0,740.0,0.0,0.0
Arunachal Pradesh,West Siang,arunachal pradesh|west siang,39.014552070261175,14,38.41217413216635,15,S2_cold_favoring_tas_inverse,-0.6023779380948255,712.0,711.0,-1.0,1.0
Assam,Bajali,assam|bajali,54.63397963084602,14,51.92197578159478,15,S2_cold_favoring_tas_inverse,-2.7120038492512393,542.0,527.0,-15.0,15.0
Assam,Baksa,assam|baksa,53.07811764491259,14,50.55249475032125,15,S2_cold_favoring_tas_inverse,-2.5256228945913364,596.0,581.0,-15.0,15.0
Assam,Barpeta,assam|barpeta,54.15861086982461,14,51.48452319110764,15,S2_cold_favoring_tas_inverse,-2.6740876787169654,563.0,543.0,-20.0,20.0
Assam,Biswanath,assam|biswanath,55.680299811497314,14,52.77658799912077,15,S2_cold_favoring_tas_inverse,-2.9037118123765424,493.0,468.0,-25.0,25.0
Assam,Bongaigaon,assam|bongaigaon,53.68164923192043,14,51.07138079735889,15,S2_cold_favoring_tas_inverse,-2.61026843456154,579.0,562.0,-17.0,17.0
Assam,Cachar,assam|cachar,50.551637545563395,14,48.146019825816595,15,S2_cold_favoring_tas_inverse,-2.4056177197468003,644.0,635.0,-9.0,9.0
Assam,Charaideo,assam|charaideo,49.42009520637865,14,47.20263586378722,15,S2_cold_favoring_tas_inverse,-2.2174593425914253,654.0,652.0,-2.0,2.0
Assam,Chirang,assam|chirang,52.507341609837304,14,50.065782182002685,15,S2_cold_favoring_tas_inverse,-2.441559427834619,608.0,599.0,-9.0,9.0
Assam,Darrang,assam|darrang,55.68882333460559,14,52.822018174452595,15,S2_cold_favoring_tas_inverse,-2.8668051601529925,491.0,460.0,-31.0,31.0
Assam,Dhemaji,assam|dhemaji,51.89253839239668,14,49.46454722837415,15,S2_cold_favoring_tas_inverse,-2.4279911640225293,618.0,614.0,-4.0,4.0
Assam,Dhubri,assam|dhubri,54.567241828677865,14,51.83643586529669,15,S2_cold_favoring_tas_inverse,-2.7308059633811723,547.0,532.0,-15.0,15.0
Assam,Dibrugarh,assam|dibrugarh,51.03672666328215,14,48.648634727797536,15,S2_cold_favoring_tas_inverse,-2.388091935484617,633.0,625.0,-8.0,8.0
Assam,Dima Hasao,assam|dima hasao,43.97886301540355,14,42.26289395753735,15,S2_cold_favoring_tas_inverse,-1.7159690578661966,676.0,678.0,2.0,2.0
Assam,Goalpara,assam|goalpara,53.25369141323578,14,50.66925721563489,15,S2_cold_favoring_tas_inverse,-2.584434197600885,592.0,575.0,-17.0,17.0
Assam,Golaghat,assam|golaghat,52.992892073771934,14,50.30676908601565,15,S2_cold_favoring_tas_inverse,-2.686122987756285,598.0,591.0,-7.0,7.0
Assam,Hailakandi,assam|hailakandi,53.647408287896035,14,50.904959728151766,15,S2_cold_favoring_tas_inverse,-2.7424485597442683,581.0,570.0,-11.0,11.0
Assam,Hojai,assam|hojai,53.16882203683517,14,50.4670123814483,15,S2_cold_favoring_tas_inverse,-2.7018096553868673,593.0,584.0,-9.0,9.0
Assam,Jorhat,assam|jorhat,53.03418148721331,14,50.38049080935139,15,S2_cold_favoring_tas_inverse,-2.653690677861917,597.0,588.0,-9.0,9.0
Assam,Kamrup,assam|kamrup,53.28246217406105,14,50.67241746917831,15,S2_cold_favoring_tas_inverse,-2.610044704882739,591.0,574.0,-17.0,17.0
Assam,Kamrup Metro,assam|kamrup metro,53.80774766846813,14,51.12624962675336,15,S2_cold_favoring_tas_inverse,-2.681498041714768,574.0,559.0,-15.0,15.0
Assam,Karbi Anglong,assam|karbi anglong,49.27429979563427,14,46.952121410794156,15,S2_cold_favoring_tas_inverse,-2.3221783848401145,655.0,656.0,1.0,1.0
Assam,Karimganj,assam|karimganj,53.97864704027353,14,51.20909707488041,15,S2_cold_favoring_tas_inverse,-2.769549965393118,568.0,554.0,-14.0,14.0
Assam,Kokrajhar,assam|kokrajhar,54.04185835358869,14,51.41150926076788,15,S2_cold_favoring_tas_inverse,-2.6303490928208078,567.0,546.0,-21.0,21.0
Assam,Lakhimpur,assam|lakhimpur,53.73976492578699,14,51.07009255849812,15,S2_cold_favoring_tas_inverse,-2.669672367288875,577.0,563.0,-14.0,14.0
Assam,Majuli,assam|majuli,54.62372172913511,14,51.83556145171912,15,S2_cold_favoring_tas_inverse,-2.78816027741599,543.0,533.0,-10.0,10.0
Assam,Marigaon,assam|marigaon,55.302468813268774,14,52.4420659370477,15,S2_cold_favoring_tas_inverse,-2.860402876221073,513.0,494.0,-19.0,19.0
Assam,Nagaon,assam|nagaon,55.16478336084616,14,52.29098539127358,15,S2_cold_favoring_tas_inverse,-2.8737979695725784,523.0,503.0,-20.0,20.0
Assam,Nalbari,assam|nalbari,54.5945855772949,14,51.8663055157219,15,S2_cold_favoring_tas_inverse,-2.7282800615730025,545.0,531.0,-14.0,14.0
Assam,Sivasagar,assam|sivasagar,52.49136332673095,14,49.93137865565259,15,S2_cold_favoring_tas_inverse,-2.559984671078361,609.0,605.0,-4.0,4.0
Assam,Sonitpur,assam|sonitpur,55.17164617036242,14,52.3600121431935,15,S2_cold_favoring_tas_inverse,-2.811634027168921,522.0,500.0,-22.0,22.0
Assam,South Salmara Mancachar,assam|south salmara mancachar,54.810923284890805,14,52.00951419510116,15,S2_cold_favoring_tas_inverse,-2.8014090897896438,534.0,521.0,-13.0,13.0
Assam,Tamulpur,assam|tamulpur,52.44409227661534,14,49.96352930488059,15,S2_cold_favoring_tas_inverse,-2.4805629717347557,610.0,603.0,-7.0,7.0
Assam,Tinsukia,assam|tinsukia,52.13189307368243,14,49.650794593929604,15,S2_cold_favoring_tas_inverse,-2.4810984797528235,614.0,609.0,-5.0,5.0
Assam,Udalguri,assam|udalguri,52.854551518694876,14,50.31840162368575,15,S2_cold_favoring_tas_inverse,-2.5361498950091246,603.0,590.0,-13.0,13.0
Assam,West Karbi Anglong,assam|west karbi anglong,46.61669213837033,14,44.63740530215374,15,S2_cold_favoring_tas_inverse,-1.9792868362165947,661.0,662.0,1.0,1.0
Bihar,Araria,bihar|araria,54.344170030041404,14,51.389602784809476,15,S2_cold_favoring_tas_inverse,-2.954567245231928,557.0,547.0,-10.0,10.0
Bihar,Arwal,bihar|arwal,59.39416368055025,14,55.63289118239238,15,S2_cold_favoring_tas_inverse,-3.7612724981578722,226.0,227.0,1.0,1.0
Bihar,Aurangabad,bihar|aurangabad,59.01748380329033,14,55.24511725193128,15,S2_cold_favoring_tas_inverse,-3.772366551359049,259.0,272.0,13.0,13.0
Bihar,Banka,bihar|banka,56.81954591291767,14,53.450412723647666,15,S2_cold_favoring_tas_inverse,-3.369133189270002,413.0,415.0,2.0,2.0
Bihar,Begusarai,bihar|begusarai,57.71343479305409,14,54.28272542912697,15,S2_cold_favoring_tas_inverse,-3.4307093639271216,349.0,350.0,1.0,1.0
Bihar,Bhagalpur,bihar|bhagalpur,56.67347032645894,14,53.37765476708874,15,S2_cold_favoring_tas_inverse,-3.2958155593701974,419.0,425.0,6.0,6.0
Bihar,Bhojpur,bihar|bhojpur,59.33019105983194,14,55.620450874821785,15,S2_cold_favoring_tas_inverse,-3.709740185010155,232.0,230.0,-2.0,2.0
Bihar,Buxar,bihar|buxar,59.37706358356678,14,55.632566735496404,15,S2_cold_favoring_tas_inverse,-3.7444968480703764,229.0,228.0,-1.0,1.0
Bihar,Darbhanga,bihar|darbhanga,57.28215280767811,14,53.97560467260539,15,S2_cold_favoring_tas_inverse,-3.306548135072717,381.0,367.0,-14.0,14.0
Bihar,Gaya,bihar|gaya,58.762907085537336,14,55.07123170072267,15,S2_cold_favoring_tas_inverse,-3.6916753848146655,284.0,291.0,7.0,7.0
Bihar,Gopalganj,bihar|gopalganj,59.10558502620354,14,55.571201670940766,15,S2_cold_favoring_tas_inverse,-3.5343833552627757,248.0,233.0,-15.0,15.0
Bihar,Jamui,bihar|jamui,56.55182745689482,14,53.17851918559255,15,S2_cold_favoring_tas_inverse,-3.373308271302271,434.0,438.0,4.0,4.0
Bihar,Jehanabad,bihar|jehanabad,59.39282069688942,14,55.683949037444634,15,S2_cold_favoring_tas_inverse,-3.708871659444789,227.0,224.0,-3.0,3.0
Bihar,Kaimur (Bhabua),bihar|kaimur bhabua,58.291671104600475,14,54.59029523721215,15,S2_cold_favoring_tas_inverse,-3.7013758673883217,319.0,322.0,3.0,3.0
Bihar,Katihar,bihar|katihar,55.81791903152099,14,52.690026873363244,15,S2_cold_favoring_tas_inverse,-3.127892158157742,484.0,477.0,-7.0,7.0
Bihar,Khagaria,bihar|khagaria,56.99363529199187,14,53.65762569171692,15,S2_cold_favoring_tas_inverse,-3.3360096002749486,406.0,400.0,-6.0,6.0
Bihar,Kishanganj,bihar|kishanganj,53.561271688562755,14,50.719061665690326,15,S2_cold_favoring_tas_inverse,-2.842210022872429,583.0,573.0,-10.0,10.0
Bihar,Lakhisarai,bihar|lakhisarai,57.70952300488657,14,54.251610913246544,15,S2_cold_favoring_tas_inverse,-3.4579120916400257,350.0,354.0,4.0,4.0
Bihar,Madhepura,bihar|madhepura,55.96508868987474,14,52.787273555523385,15,S2_cold_favoring_tas_inverse,-3.1778151343513557,464.0,467.0,3.0,3.0
Bihar,Madhubani,bihar|madhubani,56.56481843552309,14,53.40394475898988,15,S2_cold_favoring_tas_inverse,-3.160873676533207,430.0,422.0,-8.0,8.0
Bihar,Munger,bihar|munger,57.04981707385912,14,53.68297937306192,15,S2_cold_favoring_tas_inverse,-3.3668377007971984,400.0,397.0,-3.0,3.0
Bihar,Muzaffarpur,bihar|muzaffarpur,58.41741971939373,14,54.9784475197038,15,S2_cold_favoring_tas_inverse,-3.4389721996899283,308.0,299.0,-9.0,9.0
Bihar,Nalanda,bihar|nalanda,58.94774598370776,14,55.33682773274898,15,S2_cold_favoring_tas_inverse,-3.6109182509587825,265.0,257.0,-8.0,8.0
Bihar,Nawada,bihar|nawada,57.838243003116204,14,54.31628248633543,15,S2_cold_favoring_tas_inverse,-3.521960516780773,342.0,347.0,5.0,5.0
Bihar,Pashchim Champaran,bihar|pashchim champaran,59.62678127785837,14,56.21438930272998,15,S2_cold_favoring_tas_inverse,-3.4123919751283935,209.0,194.0,-15.0,15.0
Bihar,Patna,bihar|patna,58.96972325841383,14,55.36701057030744,15,S2_cold_favoring_tas_inverse,-3.6027126881063865,262.0,254.0,-8.0,8.0
Bihar,Purbi Champaran,bihar|purbi champaran,59.53793570845319,14,56.060378154230044,15,S2_cold_favoring_tas_inverse,-3.4775575542231465,213.0,201.0,-12.0,12.0
Bihar,Purnia,bihar|purnia,55.28192831420278,14,52.204728848979926,15,S2_cold_favoring_tas_inverse,-3.0771994652228543,514.0,509.0,-5.0,5.0
Bihar,Rohtas,bihar|rohtas,58.753482828381145,14,55.011990176109784,15,S2_cold_favoring_tas_inverse,-3.7414926522713614,285.0,297.0,12.0,12.0
Bihar,Saharsa,bihar|saharsa,56.68985003349902,14,53.41957030373065,15,S2_cold_favoring_tas_inverse,-3.270279729768369,418.0,420.0,2.0,2.0
Bihar,Samastipur,bihar|samastipur,57.832226812014575,14,54.41955572689039,15,S2_cold_favoring_tas_inverse,-3.412671085124188,343.0,337.0,-6.0,6.0
Bihar,Saran,bihar|saran,59.05599265352456,14,55.48572374963177,15,S2_cold_favoring_tas_inverse,-3.5702689038927957,254.0,242.0,-12.0,12.0
Bihar,Sheikhpura,bihar|sheikhpura,58.54286754128797,14,54.97403767419111,15,S2_cold_favoring_tas_inverse,-3.5688298670968592,298.0,300.0,2.0,2.0
Bihar,Sheohar,bihar|sheohar,58.636478821530176,14,55.247199558960325,15,S2_cold_favoring_tas_inverse,-3.3892792625698505,291.0,271.0,-20.0,20.0
Bihar,Sitamarhi,bihar|sitamarhi,58.336828305626206,14,55.020698290386214,15,S2_cold_favoring_tas_inverse,-3.3161300152399917,313.0,295.0,-18.0,18.0
Bihar,Siwan,bihar|siwan,59.09633986619643,14,55.51125751808076,15,S2_cold_favoring_tas_inverse,-3.5850823481156695,251.0,240.0,-11.0,11.0
Bihar,Supaul,bihar|supaul,55.07262531724943,14,52.04226690717818,15,S2_cold_favoring_tas_inverse,-3.0303584100712513,526.0,517.0,-9.0,9.0
Bihar,Vaishali,bihar|vaishali,58.62332634612669,14,55.12193980116898,15,S2_cold_favoring_tas_inverse,-3.501386544957711,294.0,288.0,-6.0,6.0
Chandigarh,Chandigarh,chandigarh|chandigarh,54.956989392909264,14,52.0218352845383,15,S2_cold_favoring_tas_inverse,-2.9351541083709662,531.0,519.0,-12.0,12.0
Chhattisgarh,Balod,chhattisgarh|balod,59.77983278170188,14,55.85678973558785,15,S2_cold_favoring_tas_inverse,-3.9230430461140244,203.0,211.0,8.0,8.0
Chhattisgarh,Baloda Bazar,chhattisgarh|baloda bazar,59.80477019184231,14,55.84579733156523,15,S2_cold_favoring_tas_inverse,-3.958972860277079,200.0,213.0,13.0,13.0
Chhattisgarh,Balrampur,chhattisgarh|balrampur,51.71728627452685,14,48.72224202445018,15,S2_cold_favoring_tas_inverse,-2.995044250076667,621.0,621.0,0.0,0.0
Chhattisgarh,Bastar,chhattisgarh|bastar,55.862615404309686,14,52.414028960182435,15,S2_cold_favoring_tas_inverse,-3.448586444127251,479.0,497.0,18.0,18.0
Chhattisgarh,Bemetara,chhattisgarh|bemetara,60.11271664808249,14,56.09586357654959,15,S2_cold_favoring_tas_inverse,-4.0168530715329,192.0,199.0,7.0,7.0
Chhattisgarh,Bijapur,chhattisgarh|bijapur,61.46851760913215,14,57.404406284915815,15,S2_cold_favoring_tas_inverse,-4.064111324216334,143.0,148.0,5.0,5.0
Chhattisgarh,Bilaspur,chhattisgarh|bilaspur,58.29336830805667,14,54.48255872658264,15,S2_cold_favoring_tas_inverse,-3.8108095814740324,318.0,327.0,9.0,9.0
Chhattisgarh,Dantewada,chhattisgarh|dantewada,58.15954615610866,14,54.4570405663882,15,S2_cold_favoring_tas_inverse,-3.7025055897204595,324.0,332.0,8.0,8.0
Chhattisgarh,Dhamtari,chhattisgarh|dhamtari,58.81160684662968,14,55.01403695177638,15,S2_cold_favoring_tas_inverse,-3.7975698948532965,277.0,296.0,19.0,19.0
Chhattisgarh,Durg,chhattisgarh|durg,60.63303884710103,14,56.60069924179651,15,S2_cold_favoring_tas_inverse,-4.032339605304514,172.0,181.0,9.0,9.0
Chhattisgarh,Gariyaband,chhattisgarh|gariyaband,57.168433730489305,14,53.54402496870785,15,S2_cold_favoring_tas_inverse,-3.624408761781453,391.0,407.0,16.0,16.0
Chhattisgarh,Gaurella Pendra Marwahi,chhattisgarh|gaurella pendra marwahi,53.50059094849557,14,50.224661834074666,15,S2_cold_favoring_tas_inverse,-3.2759291144209044,586.0,594.0,8.0,8.0
Chhattisgarh,Janjgir-Champa,chhattisgarh|janjgir champa,59.7578755058875,14,55.797759016901125,15,S2_cold_favoring_tas_inverse,-3.9601164889863725,207.0,219.0,12.0,12.0
Chhattisgarh,Jashpur,chhattisgarh|jashpur,52.65755598853742,14,49.572112894866784,15,S2_cold_favoring_tas_inverse,-3.0854430936706336,606.0,612.0,6.0,6.0
Chhattisgarh,Kabirdham,chhattisgarh|kabirdham,55.83381372683982,14,52.25057779272737,15,S2_cold_favoring_tas_inverse,-3.5832359341124516,482.0,504.0,22.0,22.0
Chhattisgarh,Kanker,chhattisgarh|kanker,58.10212739864156,14,54.369476326263424,15,S2_cold_favoring_tas_inverse,-3.7326510723781325,329.0,338.0,9.0,9.0
Chhattisgarh,Khairgarh Chhuikhadan Gandai,chhattisgarh|khairgarh chhuikhadan gandai,57.28747881352573,14,53.54611348771747,15,S2_cold_favoring_tas_inverse,-3.7413653258082604,380.0,405.0,25.0,25.0
Chhattisgarh,Kondagaon,chhattisgarh|kondagaon,55.32083316352358,14,51.912855581687346,15,S2_cold_favoring_tas_inverse,-3.407977581836235,512.0,528.0,16.0,16.0
Chhattisgarh,Korba,chhattisgarh|korba,56.51588482950198,14,52.93907479017479,15,S2_cold_favoring_tas_inverse,-3.576810039327185,436.0,453.0,17.0,17.0
Chhattisgarh,Korea,chhattisgarh|korea,50.94418973788516,14,47.981637112276076,15,S2_cold_favoring_tas_inverse,-2.962552625609085,635.0,640.0,5.0,5.0
Chhattisgarh,Mahasamund,chhattisgarh|mahasamund,59.17019473247305,14,55.30706037494995,15,S2_cold_favoring_tas_inverse,-3.8631343575231014,243.0,260.0,17.0,17.0
Chhattisgarh,Manendragarh Chirimiri Bharatpur,chhattisgarh|manendragarh chirimiri bharatpur,52.423959548420804,14,49.29431392431657,15,S2_cold_favoring_tas_inverse,-3.129645624104235,611.0,616.0,5.0,5.0
Chhattisgarh,Mohla Manpur Ambagarh Chouki,chhattisgarh|mohla manpur ambagarh chouki,58.4909631502724,14,54.67147711349277,15,S2_cold_favoring_tas_inverse,-3.8194860367796295,303.0,319.0,16.0,16.0
Chhattisgarh,Mungeli,chhattisgarh|mungeli,57.654240276129535,14,53.91039624946298,15,S2_cold_favoring_tas_inverse,-3.743844026666558,354.0,376.0,22.0,22.0
Chhattisgarh,Narayanpur,chhattisgarh|narayanpur,55.53421250931873,14,52.10366722515225,15,S2_cold_favoring_tas_inverse,-3.4305452841664774,499.0,514.0,15.0,15.0
Chhattisgarh,Raigarh,chhattisgarh|raigarh,57.46129287307405,14,53.773928021852285,15,S2_cold_favoring_tas_inverse,-3.6873648512217656,368.0,387.0,19.0,19.0
Chhattisgarh,Raipur,chhattisgarh|raipur,60.38606498210997,14,56.382082855830284,15,S2_cold_favoring_tas_inverse,-4.003982126279688,183.0,191.0,8.0,8.0
Chhattisgarh,Rajnandgaon,chhattisgarh|rajnandgaon,59.407024272474764,14,55.48017684536164,15,S2_cold_favoring_tas_inverse,-3.926847427113124,223.0,243.0,20.0,20.0
Chhattisgarh,Sakti,chhattisgarh|sakti,59.86447276668362,14,55.90047592657762,15,S2_cold_favoring_tas_inverse,-3.963996840105999,198.0,210.0,12.0,12.0
Chhattisgarh,Sarangarh Bilaigarh,chhattisgarh|sarangarh bilaigarh,59.77155350125504,14,55.81775156594778,15,S2_cold_favoring_tas_inverse,-3.9538019353072613,204.0,216.0,12.0,12.0
Chhattisgarh,Sukma,chhattisgarh|sukma,61.67418238986263,14,57.62565731792055,15,S2_cold_favoring_tas_inverse,-4.0485250719420804,138.0,144.0,6.0,6.0
Chhattisgarh,Surajpur,chhattisgarh|surajpur,53.10103969612478,14,49.9172534155921,15,S2_cold_favoring_tas_inverse,-3.1837862805326793,595.0,606.0,11.0,11.0
Chhattisgarh,Surguja,chhattisgarh|surguja,51.61316958774065,14,48.617219221179894,15,S2_cold_favoring_tas_inverse,-2.9959503665607556,624.0,627.0,3.0,3.0
Delhi,Central,delhi|central,55.862983945199005,14,52.76941258853386,15,S2_cold_favoring_tas_inverse,-3.0935713566651444,478.0,469.0,-9.0,9.0
Delhi,East,delhi|east,55.91756945615529,14,52.79568625665334,15,S2_cold_favoring_tas_inverse,-3.1218831995019514,468.0,464.0,-4.0,4.0
Delhi,New Delhi,delhi|new delhi,55.87765015113166,14,52.79130628813212,15,S2_cold_favoring_tas_inverse,-3.0863438629995414,474.0,465.0,-9.0,9.0
Delhi,North,delhi|north,55.71068289873349,14,52.62872684010262,15,S2_cold_favoring_tas_inverse,-3.0819560586308654,490.0,484.0,-6.0,6.0
Delhi,North East,delhi|north east,55.85361566878166,14,52.74681507025377,15,S2_cold_favoring_tas_inverse,-3.10680059852789,481.0,471.0,-10.0,10.0
Delhi,North West,delhi|north west,55.89953445876922,14,52.81174191897194,15,S2_cold_favoring_tas_inverse,-3.0877925397972774,471.0,461.0,-10.0,10.0
Delhi,Shahdara,delhi|shahdara,55.91756929623871,14,52.7956862707809,15,S2_cold_favoring_tas_inverse,-3.1218830254578123,469.0,463.0,-6.0,6.0
Delhi,South,delhi|south,55.67855111937668,14,52.620971931997346,15,S2_cold_favoring_tas_inverse,-3.057579187379332,494.0,485.0,-9.0,9.0
Delhi,South East,delhi|south east,55.94319911750037,14,52.82530503480924,15,S2_cold_favoring_tas_inverse,-3.11789408269113,466.0,459.0,-7.0,7.0
Delhi,South West,delhi|south west,55.95503938433225,14,52.86743453540426,15,S2_cold_favoring_tas_inverse,-3.0876048489279952,465.0,456.0,-9.0,9.0
Delhi,West,delhi|west,55.89360622790043,14,52.80714530860922,15,S2_cold_favoring_tas_inverse,-3.0864609192912056,472.0,462.0,-10.0,10.0
Goa,North Goa,goa|north goa,70.29668293565489,14,66.14326419894756,15,S2_cold_favoring_tas_inverse,-4.153418736707323,1.0,1.0,0.0,0.0
Goa,South Goa,goa|south goa,67.23608128219921,14,63.27423207154916,15,S2_cold_favoring_tas_inverse,-3.961849210650051,11.0,12.0,1.0,1.0
Gujarat,Ahmadabad,gujarat|ahmadabad,64.6131056638264,14,60.376266428396114,15,S2_cold_favoring_tas_inverse,-4.236839235430288,37.0,43.0,6.0,6.0
Gujarat,Amreli,gujarat|amreli,62.14430950890309,14,58.488000285946896,15,S2_cold_favoring_tas_inverse,-3.656309222956196,113.0,95.0,-18.0,18.0
Gujarat,Anand,gujarat|anand,64.14775443187773,14,59.88599680485252,15,S2_cold_favoring_tas_inverse,-4.2617576270252115,48.0,53.0,5.0,5.0
Gujarat,Arvalli,gujarat|arvalli,59.51329535261116,14,55.81520693571344,15,S2_cold_favoring_tas_inverse,-3.6980884168977184,214.0,217.0,3.0,3.0
Gujarat,Banas Kantha,gujarat|banas kantha,61.61777874231704,14,57.900410409878056,15,S2_cold_favoring_tas_inverse,-3.717368332438987,140.0,132.0,-8.0,8.0
Gujarat,Bharuch,gujarat|bharuch,63.04102719031555,14,58.88505695951735,15,S2_cold_favoring_tas_inverse,-4.155970230798204,71.0,76.0,5.0,5.0
Gujarat,Bhavnagar,gujarat|bhavnagar,62.86343356645929,14,58.916525229806055,15,S2_cold_favoring_tas_inverse,-3.9469083366532374,80.0,74.0,-6.0,6.0
Gujarat,Botad,gujarat|botad,63.96354653106255,14,59.85178801797556,15,S2_cold_favoring_tas_inverse,-4.11175851308699,52.0,54.0,2.0,2.0
Gujarat,Chhotaudepur,gujarat|chhotaudepur,60.770644010001355,14,56.788002880895995,15,S2_cold_favoring_tas_inverse,-3.9826411291053603,166.0,173.0,7.0,7.0
Gujarat,Dang,gujarat|dang,56.195134497435745,14,52.674702436614844,15,S2_cold_favoring_tas_inverse,-3.5204320608209017,451.0,478.0,27.0,27.0
Gujarat,Devbhumi Dwarka,gujarat|devbhumi dwarka,67.02229837867158,14,63.41614460809281,15,S2_cold_favoring_tas_inverse,-3.6061537705787714,14.0,10.0,-4.0,4.0
Gujarat,Dohad,gujarat|dohad,58.6582005033453,14,54.93516368961031,15,S2_cold_favoring_tas_inverse,-3.7230368137349856,288.0,302.0,14.0,14.0
Gujarat,Gandhinagar,gujarat|gandhinagar,63.21855589440249,14,59.14368624633999,15,S2_cold_favoring_tas_inverse,-4.074869648062503,68.0,71.0,3.0,3.0
Gujarat,Gir Somnath,gujarat|gir somnath,65.10181686895235,14,61.5232035263284,15,S2_cold_favoring_tas_inverse,-3.578613342623953,30.0,29.0,-1.0,1.0
Gujarat,Jamnagar,gujarat|jamnagar,66.7638650981029,14,62.86962872606494,15,S2_cold_favoring_tas_inverse,-3.894236372037959,16.0,15.0,-1.0,1.0
Gujarat,Junagadh,gujarat|junagadh,63.79334451430013,14,60.27763953358467,15,S2_cold_favoring_tas_inverse,-3.515704980715462,56.0,47.0,-9.0,9.0
Gujarat,Kachchh,gujarat|kachchh,66.46867244473182,14,62.502826695031665,15,S2_cold_favoring_tas_inverse,-3.965845749700158,19.0,18.0,-1.0,1.0
Gujarat,Kheda,gujarat|kheda,63.60829775487161,14,59.43690433004698,15,S2_cold_favoring_tas_inverse,-4.171393424824629,61.0,66.0,5.0,5.0
Gujarat,Mahesana,gujarat|mahesana,62.37823675130739,14,58.44949351897238,15,S2_cold_favoring_tas_inverse,-3.928743232335009,103.0,99.0,-4.0,4.0
Gujarat,Mahisagar,gujarat|mahisagar,61.10130840702226,14,57.197812346475395,15,S2_cold_favoring_tas_inverse,-3.903496060546864,151.0,151.0,0.0,0.0
Gujarat,Morbi,gujarat|morbi,66.5464008547395,14,62.33791741954638,15,S2_cold_favoring_tas_inverse,-4.2084834351931235,18.0,19.0,1.0,1.0
Gujarat,Narmada,gujarat|narmada,59.87168121626742,14,55.9790639437607,15,S2_cold_favoring_tas_inverse,-3.892617272506719,197.0,205.0,8.0,8.0
Gujarat,Navsari,gujarat|navsari,62.60370377131389,14,58.59872119634164,15,S2_cold_favoring_tas_inverse,-4.004982574972246,91.0,91.0,0.0,0.0
Gujarat,Panch Mahals,gujarat|panch mahals,60.868176835397335,14,56.9421574921362,15,S2_cold_favoring_tas_inverse,-3.9260193432611388,162.0,162.0,0.0,0.0
Gujarat,Patan,gujarat|patan,64.56029152041386,14,60.49019953130574,15,S2_cold_favoring_tas_inverse,-4.070091989108114,39.0,42.0,3.0,3.0
Gujarat,Porbandar,gujarat|porbandar,67.31843036439632,14,63.69089154545775,15,S2_cold_favoring_tas_inverse,-3.627538818938568,9.0,6.0,-3.0,3.0
Gujarat,Rajkot,gujarat|rajkot,64.59826406761809,14,60.73518648013306,15,S2_cold_favoring_tas_inverse,-3.86307758748503,38.0,38.0,0.0,0.0
Gujarat,Sabar Kantha,gujarat|sabar kantha,58.26365389137361,14,54.74894732434258,15,S2_cold_favoring_tas_inverse,-3.514706567031027,320.0,313.0,-7.0,7.0
Gujarat,Surat,gujarat|surat,62.527712291527614,14,58.491950508664544,15,S2_cold_favoring_tas_inverse,-4.035761782863069,93.0,94.0,1.0,1.0
Gujarat,Surendranagar,gujarat|surendranagar,64.92448536127826,14,60.75460260034614,15,S2_cold_favoring_tas_inverse,-4.1698827609321185,35.0,37.0,2.0,2.0
Gujarat,Tapi,gujarat|tapi,61.08115991486439,14,57.10326801941045,15,S2_cold_favoring_tas_inverse,-3.9778918954539364,152.0,156.0,4.0,4.0
Gujarat,Vadodara,gujarat|vadodara,62.675498186626534,14,58.5316412636575,15,S2_cold_favoring_tas_inverse,-4.143856922969036,87.0,93.0,6.0,6.0
Gujarat,Valsad,gujarat|valsad,61.05649316212147,14,57.25199406128831,15,S2_cold_favoring_tas_inverse,-3.804499100833162,154.0,150.0,-4.0,4.0
Haryana,Ambala,haryana|ambala,56.17629361097211,14,53.05083436453491,15,S2_cold_favoring_tas_inverse,-3.1254592464372024,454.0,445.0,-9.0,9.0
Haryana,Bhiwani,haryana|bhiwani,57.69596949922649,14,54.50815331233037,15,S2_cold_favoring_tas_inverse,-3.1878161868961215,352.0,323.0,-29.0,29.0
Haryana,Charki Dadri,haryana|charki dadri,57.05584693224197,14,53.92493840052799,15,S2_cold_favoring_tas_inverse,-3.1309085317139775,399.0,375.0,-24.0,24.0
Haryana,Faridabad,haryana|faridabad,56.19331470048319,14,53.04275336516757,15,S2_cold_favoring_tas_inverse,-3.150561335315622,452.0,446.0,-6.0,6.0
Haryana,Fatehabad,haryana|fatehabad,58.562940953351344,14,55.30642819518801,15,S2_cold_favoring_tas_inverse,-3.256512758163332,297.0,261.0,-36.0,36.0
Haryana,Gurugram,haryana|gurugram,55.7786224718501,14,52.72968470406427,15,S2_cold_favoring_tas_inverse,-3.04893776778583,487.0,474.0,-13.0,13.0
Haryana,Hisar,haryana|hisar,58.064945554494074,14,54.84216095778583,15,S2_cold_favoring_tas_inverse,-3.2227845967082445,331.0,306.0,-25.0,25.0
Haryana,Jhajjar,haryana|jhajjar,56.324614067471465,14,53.2282393372952,15,S2_cold_favoring_tas_inverse,-3.096374730176265,444.0,435.0,-9.0,9.0
Haryana,Jind,haryana|jind,56.70334389563586,14,53.58401700558127,15,S2_cold_favoring_tas_inverse,-3.1193268900545874,417.0,404.0,-13.0,13.0
Haryana,Kaithal,haryana|kaithal,56.67201782960817,14,53.526602166468365,15,S2_cold_favoring_tas_inverse,-3.145415663139808,420.0,409.0,-11.0,11.0
Haryana,Karnal,haryana|karnal,55.80563366075919,14,52.718653424050096,15,S2_cold_favoring_tas_inverse,-3.0869802367090955,485.0,475.0,-10.0,10.0
Haryana,Kurukshetra,haryana|kurukshetra,56.189397692451934,14,53.06131927156074,15,S2_cold_favoring_tas_inverse,-3.1280784208911925,453.0,444.0,-9.0,9.0
Haryana,Mahendragarh,haryana|mahendragarh,56.60114885962206,14,53.52531945349958,15,S2_cold_favoring_tas_inverse,-3.0758294061224802,424.0,410.0,-14.0,14.0
Haryana,Nuh,haryana|nuh,56.31303551078056,14,53.191090616070525,15,S2_cold_favoring_tas_inverse,-3.1219448947100332,446.0,437.0,-9.0,9.0
Haryana,Palwal,haryana|palwal,56.560725928206644,14,53.38003729426705,15,S2_cold_favoring_tas_inverse,-3.180688633939596,432.0,424.0,-8.0,8.0
Haryana,Panchkula,haryana|panchkula,52.61565161574014,14,49.94521166094864,15,S2_cold_favoring_tas_inverse,-2.6704399547915045,607.0,604.0,-3.0,3.0
Haryana,Panipat,haryana|panipat,55.56171058073241,14,52.49934483511502,15,S2_cold_favoring_tas_inverse,-3.0623657456173916,497.0,490.0,-7.0,7.0
Haryana,Rewari,haryana|rewari,56.38960907851081,14,53.307671951821206,15,S2_cold_favoring_tas_inverse,-3.0819371266896027,442.0,430.0,-12.0,12.0
Haryana,Rohtak,haryana|rohtak,56.44132417548865,14,53.33363462544781,15,S2_cold_favoring_tas_inverse,-3.1076895500408455,440.0,428.0,-12.0,12.0
Haryana,Sirsa,haryana|sirsa,60.5200782324242,14,57.093227694639005,15,S2_cold_favoring_tas_inverse,-3.4268505377851923,177.0,157.0,-20.0,20.0
Haryana,Sonipat,haryana|sonipat,55.72624934619949,14,52.6562880628506,15,S2_cold_favoring_tas_inverse,-3.0699612833488885,489.0,482.0,-7.0,7.0
Haryana,Yamunanagar,haryana|yamunanagar,55.46394050457881,14,52.399483023265084,15,S2_cold_favoring_tas_inverse,-3.064457481313724,504.0,498.0,-6.0,6.0
Himachal Pradesh,Bilaspur,himachal pradesh|bilaspur,45.505141565114656,14,43.83188792999475,15,S2_cold_favoring_tas_inverse,-1.6732536351199059,667.0,665.0,-2.0,2.0
Himachal Pradesh,Chamba,himachal pradesh|chamba,22.91395996679957,14,25.550543947811622,15,S2_cold_favoring_tas_inverse,2.636583981012052,766.0,767.0,1.0,1.0
Himachal Pradesh,Hamirpur,himachal pradesh|hamirpur,45.90853807250648,14,44.21870174665781,15,S2_cold_favoring_tas_inverse,-1.689836325848674,663.0,663.0,0.0,0.0
Himachal Pradesh,Kangra,himachal pradesh|kangra,39.95596635535073,14,39.56811476247694,15,S2_cold_favoring_tas_inverse,-0.387851592873794,702.0,697.0,-5.0,5.0
Himachal Pradesh,Kinnaur,himachal pradesh|kinnaur,22.844554620076934,14,25.909685217551097,15,S2_cold_favoring_tas_inverse,3.0651305974741625,767.0,765.0,-2.0,2.0
Himachal Pradesh,Kullu,himachal pradesh|kullu,22.244433012897733,14,25.351962346654442,15,S2_cold_favoring_tas_inverse,3.107529333756709,769.0,768.0,-1.0,1.0
Himachal Pradesh,Lahul and Spiti,himachal pradesh|lahul and spiti,11.698524913138304,14,17.266477071416514,15,S2_cold_favoring_tas_inverse,5.56795215827821,780.0,779.0,-1.0,1.0
Himachal Pradesh,Mandi,himachal pradesh|mandi,36.688256968967686,14,36.48720711026386,15,S2_cold_favoring_tas_inverse,-0.20104985870382563,726.0,724.0,-2.0,2.0
Himachal Pradesh,Shimla,himachal pradesh|shimla,30.801652224650976,14,31.751747619582137,15,S2_cold_favoring_tas_inverse,0.9500953949311608,741.0,742.0,1.0,1.0
Himachal Pradesh,Sirmaur,himachal pradesh|sirmaur,42.076766941792805,14,40.780307374001474,15,S2_cold_favoring_tas_inverse,-1.2964595677913309,686.0,687.0,1.0,1.0
Himachal Pradesh,Solan,himachal pradesh|solan,43.878599478785254,14,42.387904865804614,15,S2_cold_favoring_tas_inverse,-1.49069461298064,677.0,676.0,-1.0,1.0
Himachal Pradesh,Una,himachal pradesh|una,50.366460683083396,14,48.118914871784064,15,S2_cold_favoring_tas_inverse,-2.2475458112993323,646.0,636.0,-10.0,10.0
Jammu & Kashmir,Anantnag,jammu kashmir|anantnag,22.160651130360048,14,24.657214570396096,15,S2_cold_favoring_tas_inverse,2.4965634400360486,770.0,770.0,0.0,0.0
Jammu & Kashmir,Bandipora,jammu kashmir|bandipora,17.334796798638287,14,20.75654495375375,15,S2_cold_favoring_tas_inverse,3.4217481551154627,775.0,775.0,0.0,0.0
Jammu & Kashmir,Baramulla,jammu kashmir|baramulla,26.148221139534446,14,27.641228676443784,15,S2_cold_favoring_tas_inverse,1.4930075369093387,754.0,756.0,2.0,2.0
Jammu & Kashmir,Budgam,jammu kashmir|budgam,25.98236252161521,14,27.594192931192165,15,S2_cold_favoring_tas_inverse,1.6118304095769531,756.0,757.0,1.0,1.0
Jammu & Kashmir,Doda,jammu kashmir|doda,26.123003769864972,14,27.809261544466235,15,S2_cold_favoring_tas_inverse,1.6862577746012626,755.0,755.0,0.0,0.0
Jammu & Kashmir,Ganderbal,jammu kashmir|ganderbal,19.554105863643034,14,22.560092882043215,15,S2_cold_favoring_tas_inverse,3.0059870184001802,774.0,774.0,0.0,0.0
Jammu & Kashmir,Jammu,jammu kashmir|jammu,51.840071204575274,14,49.463176781696426,15,S2_cold_favoring_tas_inverse,-2.3768944228788484,620.0,615.0,-5.0,5.0
Jammu & Kashmir,Kathua,jammu kashmir|kathua,43.10977429023411,14,41.99628506896987,15,S2_cold_favoring_tas_inverse,-1.1134892212642384,680.0,679.0,-1.0,1.0
Jammu & Kashmir,Kishtwar,jammu kashmir|kishtwar,16.368787261036765,14,20.286635015259304,15,S2_cold_favoring_tas_inverse,3.9178477542225387,776.0,776.0,0.0,0.0
Jammu & Kashmir,Kulgam,jammu kashmir|kulgam,23.273246436738326,14,25.565456468681443,15,S2_cold_favoring_tas_inverse,2.2922100319431173,765.0,766.0,1.0,1.0
Jammu & Kashmir,Kupwara,jammu kashmir|kupwara,24.22223571758248,14,26.061376601779727,15,S2_cold_favoring_tas_inverse,1.8391408841972492,763.0,764.0,1.0,1.0
Jammu & Kashmir,Mirpur,jammu kashmir|mirpur,49.13035776613478,14,47.081407691973794,15,S2_cold_favoring_tas_inverse,-2.0489500741609845,656.0,654.0,-2.0,2.0
Jammu & Kashmir,Muzaffarabad,jammu kashmir|muzaffarabad,22.398921034314625,14,24.727985610691466,15,S2_cold_favoring_tas_inverse,2.3290645763768403,768.0,769.0,1.0,1.0
Jammu & Kashmir,Poonch,jammu kashmir|poonch,32.493687532493745,14,32.939767971357355,15,S2_cold_favoring_tas_inverse,0.4460804388636106,739.0,739.0,0.0,0.0
Jammu & Kashmir,Pulwama,jammu kashmir|pulwama,29.145034719697623,14,30.101897788301326,15,S2_cold_favoring_tas_inverse,0.9568630686037025,750.0,750.0,0.0,0.0
Jammu & Kashmir,Rajouri,jammu kashmir|rajouri,38.87010349562276,14,38.312696556423646,15,S2_cold_favoring_tas_inverse,-0.5574069391991117,715.0,712.0,-3.0,3.0
Jammu & Kashmir,Ramban,jammu kashmir|ramban,28.080943268518922,14,29.347396390038558,15,S2_cold_favoring_tas_inverse,1.2664531215196355,751.0,751.0,0.0,0.0
Jammu & Kashmir,Reasi,jammu kashmir|reasi,33.89266303232368,14,34.21016058208211,15,S2_cold_favoring_tas_inverse,0.3174975497584285,737.0,736.0,-1.0,1.0
Jammu & Kashmir,Samba,jammu kashmir|samba,52.19970383181073,14,49.77256053433959,15,S2_cold_favoring_tas_inverse,-2.42714329747114,613.0,608.0,-5.0,5.0
Jammu & Kashmir,Shopian,jammu kashmir|shopian,25.225358747141783,14,27.05011274029393,15,S2_cold_favoring_tas_inverse,1.8247539931521466,759.0,761.0,2.0,2.0
Jammu & Kashmir,Srinagar,jammu kashmir|srinagar,30.39250798171483,14,30.98240343991476,15,S2_cold_favoring_tas_inverse,0.5898954581999298,744.0,745.0,1.0,1.0
Jammu & Kashmir,Udhampur,jammu kashmir|udhampur,36.786834222949764,14,36.61974913045575,15,S2_cold_favoring_tas_inverse,-0.1670850924940126,724.0,723.0,-1.0,1.0
Jharkhand,Bokaro,jharkhand|bokaro,57.306459467540606,14,53.776589378276206,15,S2_cold_favoring_tas_inverse,-3.5298700892643993,377.0,386.0,9.0,9.0
Jharkhand,Chatra,jharkhand|chatra,55.59400233181813,14,52.23293323036737,15,S2_cold_favoring_tas_inverse,-3.3610691014507594,495.0,507.0,12.0,12.0
Jharkhand,Deoghar,jharkhand|deoghar,56.57159882383672,14,53.170210665734,15,S2_cold_favoring_tas_inverse,-3.4013881581027263,427.0,439.0,12.0,12.0
Jharkhand,Dhanbad,jharkhand|dhanbad,58.34336186331465,14,54.705681134488785,15,S2_cold_favoring_tas_inverse,-3.6376807288258632,311.0,316.0,5.0,5.0
Jharkhand,Dumka,jharkhand|dumka,57.43174798612777,14,53.930133710346055,15,S2_cold_favoring_tas_inverse,-3.501614275781712,371.0,374.0,3.0,3.0
Jharkhand,East Singhbum,jharkhand|east singhbum,60.605175332755294,14,56.65380330940651,15,S2_cold_favoring_tas_inverse,-3.9513720233487817,174.0,178.0,4.0,4.0
Jharkhand,Garhwa,jharkhand|garhwa,56.560762176749606,14,53.02638917929617,15,S2_cold_favoring_tas_inverse,-3.5343729974534384,431.0,448.0,17.0,17.0
Jharkhand,Giridih,jharkhand|giridih,55.53131878713129,14,52.238007947311274,15,S2_cold_favoring_tas_inverse,-3.293310839820016,500.0,505.0,5.0,5.0
Jharkhand,Godda,jharkhand|godda,56.10403040073272,14,52.8310642719772,15,S2_cold_favoring_tas_inverse,-3.2729661287555203,458.0,458.0,0.0,0.0
Jharkhand,Gumla,jharkhand|gumla,51.32976983650506,14,48.39615461954047,15,S2_cold_favoring_tas_inverse,-2.93361521696459,629.0,632.0,3.0,3.0
Jharkhand,Hazaribagh,jharkhand|hazaribagh,53.673525246646186,14,50.546471484044545,15,S2_cold_favoring_tas_inverse,-3.1270537626016406,580.0,582.0,2.0,2.0
Jharkhand,Jamtara,jharkhand|jamtara,58.52732704584691,14,54.87518356385809,15,S2_cold_favoring_tas_inverse,-3.6521434819888228,300.0,305.0,5.0,5.0
Jharkhand,Khunti,jharkhand|khunti,53.794366059641945,14,50.58231551607255,15,S2_cold_favoring_tas_inverse,-3.212050543569397,575.0,579.0,4.0,4.0
Jharkhand,Koderma,jharkhand|koderma,55.354636212527915,14,52.091705220863204,15,S2_cold_favoring_tas_inverse,-3.2629309916647102,509.0,515.0,6.0,6.0
Jharkhand,Latehar,jharkhand|latehar,52.89200797462697,14,49.79754175961145,15,S2_cold_favoring_tas_inverse,-3.0944662150155224,601.0,607.0,6.0,6.0
Jharkhand,Lohardaga,jharkhand|lohardaga,50.72813766812467,14,47.859793881746555,15,S2_cold_favoring_tas_inverse,-2.8683437863781123,639.0,643.0,4.0,4.0
Jharkhand,Pakur,jharkhand|pakur,57.91171372917467,14,54.426337538390854,15,S2_cold_favoring_tas_inverse,-3.4853761907838177,338.0,335.0,-3.0,3.0
Jharkhand,Palamu,jharkhand|palamu,57.31900086062077,14,53.72306150437341,15,S2_cold_favoring_tas_inverse,-3.5959393562473565,376.0,393.0,17.0,17.0
Jharkhand,Ramgarh,jharkhand|ramgarh,55.21655938279079,14,51.909716962087614,15,S2_cold_favoring_tas_inverse,-3.306842420703177,519.0,529.0,10.0,10.0
Jharkhand,Ranchi,jharkhand|ranchi,53.854806232004215,14,50.66305890137198,15,S2_cold_favoring_tas_inverse,-3.191747330632232,573.0,577.0,4.0,4.0
Jharkhand,Sahebganj,jharkhand|sahebganj,56.55748092611193,14,53.30338294359172,15,S2_cold_favoring_tas_inverse,-3.254097982520207,433.0,432.0,-1.0,1.0
Jharkhand,Saraikela Kharsawan,jharkhand|saraikela kharsawan,59.433358384344196,14,55.62827661848831,15,S2_cold_favoring_tas_inverse,-3.8050817658558884,219.0,229.0,10.0,10.0
Jharkhand,Simdega,jharkhand|simdega,57.006569023452805,14,53.4299110500236,15,S2_cold_favoring_tas_inverse,-3.5766579734292065,405.0,417.0,12.0,12.0
Jharkhand,West Singhbhum,jharkhand|west singhbhum,57.29423234541693,14,53.672031370111185,15,S2_cold_favoring_tas_inverse,-3.622200975305745,379.0,398.0,19.0,19.0
Karnataka,Bagalkote,karnataka|bagalkote,61.82921305273666,14,57.8451597661259,15,S2_cold_favoring_tas_inverse,-3.9840532866107594,134.0,134.0,0.0,0.0
Karnataka,Ballari,karnataka|ballari,61.85201273758109,14,57.77725962014067,15,S2_cold_favoring_tas_inverse,-4.074753117440423,131.0,139.0,8.0,8.0
Karnataka,Belagavi,karnataka|belagavi,58.83627089596122,14,55.26792898362663,15,S2_cold_favoring_tas_inverse,-3.5683419123345885,274.0,268.0,-6.0,6.0
Karnataka,Bengaluru Rural,karnataka|bengaluru rural,50.63054080570559,14,47.484577151131646,15,S2_cold_favoring_tas_inverse,-3.145963654573947,642.0,646.0,4.0,4.0
Karnataka,Bengaluru Urban,karnataka|bengaluru urban,50.17385981402026,14,47.02173681212085,15,S2_cold_favoring_tas_inverse,-3.1521230018994117,649.0,655.0,6.0,6.0
Karnataka,Bidar,karnataka|bidar,59.96674375033031,14,56.10366033453788,15,S2_cold_favoring_tas_inverse,-3.863083415792431,194.0,198.0,4.0,4.0
Karnataka,Chamarajanagara,karnataka|chamarajanagara,50.48588283290653,14,47.23960879286122,15,S2_cold_favoring_tas_inverse,-3.2462740400453143,645.0,651.0,6.0,6.0
Karnataka,Chikkaballapura,karnataka|chikkaballapura,51.97118366465594,14,48.73271312838664,15,S2_cold_favoring_tas_inverse,-3.238470536269297,617.0,620.0,3.0,3.0
Karnataka,Chikkamagaluru,karnataka|chikkamagaluru,53.45562018185911,14,50.45199256298744,15,S2_cold_favoring_tas_inverse,-3.0036276188716684,590.0,585.0,-5.0,5.0
Karnataka,Chitradurga,karnataka|chitradurga,57.113321778546414,14,53.51528354622228,15,S2_cold_favoring_tas_inverse,-3.5980382323241358,396.0,411.0,15.0,15.0
Karnataka,Dakshina Kannada,karnataka|dakshina kannada,66.16595638807567,14,62.323721630162254,15,S2_cold_favoring_tas_inverse,-3.842234757913417,21.0,20.0,-1.0,1.0
Karnataka,Davangere,karnataka|davangere,56.81707477005381,14,53.327571240569476,15,S2_cold_favoring_tas_inverse,-3.489503529484331,414.0,429.0,15.0,15.0
Karnataka,Dharwad,karnataka|dharwad,57.46634268472597,14,53.94237955266774,15,S2_cold_favoring_tas_inverse,-3.5239631320582347,367.0,371.0,4.0,4.0
Karnataka,Gadag,karnataka|gadag,58.82910960970991,14,55.13382446276357,15,S2_cold_favoring_tas_inverse,-3.6952851469463397,275.0,287.0,12.0,12.0
Karnataka,Hassan,karnataka|hassan,51.57369052647403,14,48.61662456199204,15,S2_cold_favoring_tas_inverse,-2.957065964481991,626.0,628.0,2.0,2.0
Karnataka,Haveri,karnataka|haveri,56.886689208376616,14,53.410586361200046,15,S2_cold_favoring_tas_inverse,-3.47610284717657,411.0,421.0,10.0,10.0
Karnataka,Kalaburagi,karnataka|kalaburagi,62.35704043928446,14,58.241091396433575,15,S2_cold_favoring_tas_inverse,-4.115949042850886,104.0,115.0,11.0,11.0
Karnataka,Kodagu,karnataka|kodagu,52.91455950598285,14,50.03621449065847,15,S2_cold_favoring_tas_inverse,-2.8783450153243777,600.0,601.0,1.0,1.0
Karnataka,Kolar,karnataka|kolar,50.80846392340613,14,47.62678084073478,15,S2_cold_favoring_tas_inverse,-3.1816830826713485,638.0,644.0,6.0,6.0
Karnataka,Koppal,karnataka|koppal,60.7447649232069,14,56.82375266188543,15,S2_cold_favoring_tas_inverse,-3.921012261321472,168.0,169.0,1.0,1.0
Karnataka,Mandya,karnataka|mandya,52.01628867736764,14,48.70951630996121,15,S2_cold_favoring_tas_inverse,-3.306772367406431,616.0,622.0,6.0,6.0
Karnataka,Mysuru,karnataka|mysuru,51.85788945684836,14,48.65252848451235,15,S2_cold_favoring_tas_inverse,-3.2053609723360097,619.0,624.0,5.0,5.0
Karnataka,Raichur,karnataka|raichur,62.595943102999925,14,58.433340482218064,15,S2_cold_favoring_tas_inverse,-4.162602620781861,92.0,102.0,10.0,10.0
Karnataka,Ramanagara,karnataka|ramanagara,51.4112757851367,14,48.10080418979181,15,S2_cold_favoring_tas_inverse,-3.310471595344893,627.0,638.0,11.0,11.0
Karnataka,Shivamogga,karnataka|shivamogga,55.545594041504344,14,52.31185311049828,15,S2_cold_favoring_tas_inverse,-3.233740931006068,498.0,501.0,3.0,3.0
Karnataka,Tumakuru,karnataka|tumakuru,53.97176375000156,14,50.58192028089106,15,S2_cold_favoring_tas_inverse,-3.3898434691104953,569.0,580.0,11.0,11.0
Karnataka,Udupi,karnataka|udupi,65.35944193360714,14,61.57877847604991,15,S2_cold_favoring_tas_inverse,-3.7806634575572318,29.0,28.0,-1.0,1.0
Karnataka,Uttara Kannada,karnataka|uttara kannada,58.71402596488966,14,55.23738973170914,15,S2_cold_favoring_tas_inverse,-3.476636233180514,286.0,274.0,-12.0,12.0
Karnataka,Vijayanagar,karnataka|vijayanagar,59.12616019936105,14,55.37783584846482,15,S2_cold_favoring_tas_inverse,-3.748324350896233,246.0,253.0,7.0,7.0
Karnataka,Vijayapura,karnataka|vijayapura,62.919211320787944,14,58.79122183836427,15,S2_cold_favoring_tas_inverse,-4.127989482423672,75.0,81.0,6.0,6.0
Karnataka,Yadgir,karnataka|yadgir,62.93043206096284,14,58.74568018045388,15,S2_cold_favoring_tas_inverse,-4.184751880508962,74.0,84.0,10.0,10.0
Kerala,Alappuzha,kerala|alappuzha,69.24148723984061,14,65.04330499442186,15,S2_cold_favoring_tas_inverse,-4.198182245418749,3.0,3.0,0.0,0.0
Kerala,Ernakulam,kerala|ernakulam,62.84444848734895,14,58.820776516137784,15,S2_cold_favoring_tas_inverse,-4.023671971211165,81.0,80.0,-1.0,1.0
Kerala,Idukki,kerala|idukki,47.68980894594569,14,45.006960344157015,15,S2_cold_favoring_tas_inverse,-2.6828486017886775,659.0,659.0,0.0,0.0
Kerala,Kannur,kerala|kannur,67.6036292340049,14,63.664049669370435,15,S2_cold_favoring_tas_inverse,-3.939579564634464,7.0,7.0,0.0,0.0
Kerala,Kasaragod,kerala|kasaragod,67.87425900741952,14,64.02974194957939,15,S2_cold_favoring_tas_inverse,-3.844517057840136,5.0,4.0,-1.0,1.0
Kerala,Kollam,kerala|kollam,64.37665841435602,14,60.693149548101445,15,S2_cold_favoring_tas_inverse,-3.68350886625457,40.0,39.0,-1.0,1.0
Kerala,Kottayam,kerala|kottayam,63.71621603799526,14,59.71335252580938,15,S2_cold_favoring_tas_inverse,-4.002863512185883,58.0,59.0,1.0,1.0
Kerala,Kozhikode,kerala|kozhikode,63.67051692293271,14,59.831992203189614,15,S2_cold_favoring_tas_inverse,-3.8385247197430985,60.0,56.0,-4.0,4.0
Kerala,Malappuram,kerala|malappuram,61.83210029331361,14,57.93240923335645,15,S2_cold_favoring_tas_inverse,-3.8996910599571564,133.0,130.0,-3.0,3.0
Kerala,Palakkad,kerala|palakkad,57.921772611599884,14,54.11723942986357,15,S2_cold_favoring_tas_inverse,-3.8045331817363177,337.0,360.0,23.0,23.0
Kerala,Pathanamthitta,kerala|pathanamthitta,59.76870158489279,14,56.25901773764477,15,S2_cold_favoring_tas_inverse,-3.50968384724802,205.0,193.0,-12.0,12.0
Kerala,Thiruvananthapuram,kerala|thiruvananthapuram,65.86892735918681,14,62.27013183476249,15,S2_cold_favoring_tas_inverse,-3.5987955244243253,25.0,21.0,-4.0,4.0
Kerala,Thrissur,kerala|thrissur,61.63025080516239,14,57.704342737573974,15,S2_cold_favoring_tas_inverse,-3.9259080675884164,139.0,143.0,4.0,4.0
Kerala,Wayanad,kerala|wayanad,51.056999407651915,14,48.101773581187466,15,S2_cold_favoring_tas_inverse,-2.9552258264644493,631.0,637.0,6.0,6.0
Ladakh,Kargil,ladakh|kargil,11.991416252663413,14,17.01544620672759,15,S2_cold_favoring_tas_inverse,5.024029954064176,779.0,780.0,1.0,1.0
Ladakh,Leh Ladakh,ladakh|leh ladakh,8.509775783250445,14,14.22788442460241,15,S2_cold_favoring_tas_inverse,5.718108641351964,781.0,781.0,0.0,0.0
Lakshadweep,Lakshadweep,lakshadweep|lakshadweep,61.2837276603073,14,58.00084750683731,15,S2_cold_favoring_tas_inverse,-3.282880153469989,147.0,126.0,-21.0,21.0
Madhya Pradesh,Agar Malwa,madhya pradesh|agar malwa,53.95355774672072,14,50.66531182316385,15,S2_cold_favoring_tas_inverse,-3.2882459235568717,570.0,576.0,6.0,6.0
Madhya Pradesh,Alirajpur,madhya pradesh|alirajpur,57.645606716873715,14,53.93864051212425,15,S2_cold_favoring_tas_inverse,-3.706966204749463,356.0,372.0,16.0,16.0
Madhya Pradesh,Anuppur,madhya pradesh|anuppur,51.6802070796797,14,48.62259702074774,15,S2_cold_favoring_tas_inverse,-3.0576100589319566,622.0,626.0,4.0,4.0
Madhya Pradesh,Ashoknagar,madhya pradesh|ashoknagar,54.2884890024979,14,50.966405266569915,15,S2_cold_favoring_tas_inverse,-3.3220837359279827,559.0,568.0,9.0,9.0
Madhya Pradesh,Balaghat,madhya pradesh|balaghat,55.68520213589351,14,52.077285451744515,15,S2_cold_favoring_tas_inverse,-3.6079166841489965,492.0,516.0,24.0,24.0
Madhya Pradesh,Barwani,madhya pradesh|barwani,57.17853998409923,14,53.42435912406781,15,S2_cold_favoring_tas_inverse,-3.7541808600314184,389.0,418.0,29.0,29.0
Madhya Pradesh,Betul,madhya pradesh|betul,52.85661752570754,14,49.504132834274735,15,S2_cold_favoring_tas_inverse,-3.3524846914328066,602.0,613.0,11.0,11.0
Madhya Pradesh,Bhind,madhya pradesh|bhind,58.339446308896534,14,54.822766601517635,15,S2_cold_favoring_tas_inverse,-3.5166797073788985,312.0,308.0,-4.0,4.0
Madhya Pradesh,Bhopal,madhya pradesh|bhopal,52.92634340973623,14,49.61251075993802,15,S2_cold_favoring_tas_inverse,-3.313832649798215,599.0,610.0,11.0,11.0
Madhya Pradesh,Burhanpur,madhya pradesh|burhanpur,58.93660321149626,14,54.9442460704299,15,S2_cold_favoring_tas_inverse,-3.992357141066364,266.0,301.0,35.0,35.0
Madhya Pradesh,Chhatarpur,madhya pradesh|chhatarpur,55.88174852804907,14,52.460362219289934,15,S2_cold_favoring_tas_inverse,-3.421386308759139,473.0,492.0,19.0,19.0
Madhya Pradesh,Chhindwara,madhya pradesh|chhindwara,51.40668576664664,14,48.24826023731664,15,S2_cold_favoring_tas_inverse,-3.158425529329996,628.0,633.0,5.0,5.0
Madhya Pradesh,Damoh,madhya pradesh|damoh,54.76044927821851,14,51.29487129253667,15,S2_cold_favoring_tas_inverse,-3.46557798568184,537.0,551.0,14.0,14.0
Madhya Pradesh,Datia,madhya pradesh|datia,57.178989021140914,14,53.73889304159547,15,S2_cold_favoring_tas_inverse,-3.440095979545447,388.0,391.0,3.0,3.0
Madhya Pradesh,Dewas,madhya pradesh|dewas,55.21665283035796,14,51.66119185326018,15,S2_cold_favoring_tas_inverse,-3.5554609770977805,518.0,541.0,23.0,23.0
Madhya Pradesh,Dhar,madhya pradesh|dhar,56.26813053607537,14,52.65964698553473,15,S2_cold_favoring_tas_inverse,-3.6084835505406403,448.0,480.0,32.0,32.0
Madhya Pradesh,Dindori,madhya pradesh|dindori,50.14472495765049,14,47.24460638030516,15,S2_cold_favoring_tas_inverse,-2.9001185773453315,650.0,650.0,0.0,0.0
Madhya Pradesh,East Nimar,madhya pradesh|east nimar,58.225158553773475,14,54.28044676277786,15,S2_cold_favoring_tas_inverse,-3.944711790995612,322.0,352.0,30.0,30.0
Madhya Pradesh,Guna,madhya pradesh|guna,54.57620645122905,14,51.24827744352167,15,S2_cold_favoring_tas_inverse,-3.3279290077073753,546.0,552.0,6.0,6.0
Madhya Pradesh,Gwalior,madhya pradesh|gwalior,57.06863543201111,14,53.660094900309964,15,S2_cold_favoring_tas_inverse,-3.4085405317011492,398.0,399.0,1.0,1.0
Madhya Pradesh,Harda,madhya pradesh|harda,57.20321031688614,14,53.37298160355168,15,S2_cold_favoring_tas_inverse,-3.8302287133344635,386.0,426.0,40.0,40.0
Madhya Pradesh,Indore,madhya pradesh|indore,53.64453514565304,14,50.28751319321534,15,S2_cold_favoring_tas_inverse,-3.357021952437698,582.0,593.0,11.0,11.0
Madhya Pradesh,Jabalpur,madhya pradesh|jabalpur,54.462550012818745,14,51.03288529674364,15,S2_cold_favoring_tas_inverse,-3.429664716075102,553.0,565.0,12.0,12.0
Madhya Pradesh,Jhabua,madhya pradesh|jhabua,56.27726583630021,14,52.74137880553903,15,S2_cold_favoring_tas_inverse,-3.535887030761181,447.0,472.0,25.0,25.0
Madhya Pradesh,Katni,madhya pradesh|katni,54.62290442300186,14,51.24176982459714,15,S2_cold_favoring_tas_inverse,-3.3811345984047207,544.0,553.0,9.0,9.0
Madhya Pradesh,Khargone,madhya pradesh|khargone,58.18707996249445,14,54.28884005712297,15,S2_cold_favoring_tas_inverse,-3.898239905371483,323.0,349.0,26.0,26.0
Madhya Pradesh,Mandla,madhya pradesh|mandla,53.47462632036232,14,50.148484724541,15,S2_cold_favoring_tas_inverse,-3.326141595821319,588.0,596.0,8.0,8.0
Madhya Pradesh,Mandsaur,madhya pradesh|mandsaur,54.71579146039948,14,51.45285539840642,15,S2_cold_favoring_tas_inverse,-3.2629360619930594,540.0,544.0,4.0,4.0
Madhya Pradesh,Morena,madhya pradesh|morena,57.92659089319865,14,54.446358134920075,15,S2_cold_favoring_tas_inverse,-3.480232758278575,336.0,333.0,-3.0,3.0
Madhya Pradesh,Narmadapuram,madhya pradesh|narmadapuram,54.89728457590233,14,51.332160357552006,15,S2_cold_favoring_tas_inverse,-3.565124218350327,532.0,549.0,17.0,17.0
Madhya Pradesh,Narsinghpur,madhya pradesh|narsinghpur,54.517624395882756,14,51.00683597846496,15,S2_cold_favoring_tas_inverse,-3.5107884174177926,548.0,566.0,18.0,18.0
Madhya Pradesh,Neemuch,madhya pradesh|neemuch,54.890897471115515,14,51.688315357274114,15,S2_cold_favoring_tas_inverse,-3.2025821138414017,533.0,538.0,5.0,5.0
Madhya Pradesh,Niwari,madhya pradesh|niwari,56.664760399234346,14,53.20270036781861,15,S2_cold_favoring_tas_inverse,-3.4620600314157386,422.0,436.0,14.0,14.0
Madhya Pradesh,Panna,madhya pradesh|panna,55.02441226150296,14,51.664547833993794,15,S2_cold_favoring_tas_inverse,-3.359864427509166,527.0,540.0,13.0,13.0
Madhya Pradesh,Raisen,madhya pradesh|raisen,53.500626594593626,14,50.080034068415124,15,S2_cold_favoring_tas_inverse,-3.4205925261785026,585.0,598.0,13.0,13.0
Madhya Pradesh,Rajgarh,madhya pradesh|rajgarh,54.309047525530005,14,50.93386516788249,15,S2_cold_favoring_tas_inverse,-3.3751823576475175,558.0,569.0,11.0,11.0
Madhya Pradesh,Ratlam,madhya pradesh|ratlam,54.49310661730455,14,51.1802044495192,15,S2_cold_favoring_tas_inverse,-3.312902167785346,549.0,556.0,7.0,7.0
Madhya Pradesh,Rewa,madhya pradesh|rewa,57.087723459490775,14,53.514742042862025,15,S2_cold_favoring_tas_inverse,-3.5729814166287497,397.0,412.0,15.0,15.0
Madhya Pradesh,Sagar,madhya pradesh|sagar,54.05371912677529,14,50.60586601535121,15,S2_cold_favoring_tas_inverse,-3.447853111424081,566.0,578.0,12.0,12.0
Madhya Pradesh,Satna,madhya pradesh|satna,56.049815998819305,14,52.602739876674804,15,S2_cold_favoring_tas_inverse,-3.4470761221445017,460.0,486.0,26.0,26.0
Madhya Pradesh,Sehore,madhya pradesh|sehore,54.23539168449429,14,50.77629954011182,15,S2_cold_favoring_tas_inverse,-3.459092144382467,560.0,572.0,12.0,12.0
Madhya Pradesh,Seoni,madhya pradesh|seoni,53.86108130101504,14,50.42937475157995,15,S2_cold_favoring_tas_inverse,-3.4317065494350913,572.0,586.0,14.0,14.0
Madhya Pradesh,Shahdol,madhya pradesh|shahdol,54.3980151600238,14,51.06457069417192,15,S2_cold_favoring_tas_inverse,-3.3334444658518834,556.0,564.0,8.0,8.0
Madhya Pradesh,Shajapur,madhya pradesh|shajapur,53.879318063557974,14,50.5188336350027,15,S2_cold_favoring_tas_inverse,-3.3604844285552744,571.0,583.0,12.0,12.0
Madhya Pradesh,Sheopur,madhya pradesh|sheopur,57.42569026575572,14,53.96114186443494,15,S2_cold_favoring_tas_inverse,-3.4645484013207763,372.0,368.0,-4.0,4.0
Madhya Pradesh,Shivpuri,madhya pradesh|shivpuri,55.528143110551376,14,52.20361329919855,15,S2_cold_favoring_tas_inverse,-3.324529811352825,501.0,510.0,9.0,9.0
Madhya Pradesh,Sidhi,madhya pradesh|sidhi,55.42757241291718,14,51.99557639164236,15,S2_cold_favoring_tas_inverse,-3.43199602127482,506.0,522.0,16.0,16.0
Madhya Pradesh,Singrauli,madhya pradesh|singrauli,55.32843464283782,14,51.894506835601746,15,S2_cold_favoring_tas_inverse,-3.433927807236074,510.0,530.0,20.0,20.0
Madhya Pradesh,Tikamgarh,madhya pradesh|tikamgarh,56.020881197628135,14,52.57912755708177,15,S2_cold_favoring_tas_inverse,-3.4417536405463665,463.0,487.0,24.0,24.0
Madhya Pradesh,Ujjain,madhya pradesh|ujjain,53.46432980013605,14,50.200602387894534,15,S2_cold_favoring_tas_inverse,-3.263727412241515,589.0,595.0,6.0,6.0
Madhya Pradesh,Umaria,madhya pradesh|umaria,54.416905724271714,14,51.07767132513114,15,S2_cold_favoring_tas_inverse,-3.3392343991405724,554.0,561.0,7.0,7.0
Madhya Pradesh,Vidisha,madhya pradesh|vidisha,53.79415023799922,14,50.40232361215409,15,S2_cold_favoring_tas_inverse,-3.391826625845127,576.0,587.0,11.0,11.0
Maharashtra,Ahmednagar,maharashtra|ahmednagar,58.03753782821587,14,54.32286878640396,15,S2_cold_favoring_tas_inverse,-3.7146690418119093,333.0,345.0,12.0,12.0
Maharashtra,Akola,maharashtra|akola,61.14757342272503,14,56.98357584137816,15,S2_cold_favoring_tas_inverse,-4.1639975813468695,150.0,160.0,10.0,10.0
Maharashtra,Amravati,maharashtra|amravati,58.367638806385806,14,54.45976606457342,15,S2_cold_favoring_tas_inverse,-3.9078727418123833,310.0,330.0,20.0,20.0
Maharashtra,Aurangabad,maharashtra|aurangabad,57.97683176477571,14,54.174736534129345,15,S2_cold_favoring_tas_inverse,-3.8020952306463656,335.0,357.0,22.0,22.0
Maharashtra,Beed,maharashtra|beed,60.14029920283484,14,56.203207722697364,15,S2_cold_favoring_tas_inverse,-3.9370914801374752,189.0,195.0,6.0,6.0
Maharashtra,Bhandara,maharashtra|bhandara,60.18006227282011,14,56.13238542350846,15,S2_cold_favoring_tas_inverse,-4.0476768493116495,188.0,196.0,8.0,8.0
Maharashtra,Buldhana,maharashtra|buldhana,59.096413990018924,14,55.159100118342664,15,S2_cold_favoring_tas_inverse,-3.9373138716762597,250.0,285.0,35.0,35.0
Maharashtra,Chandrapur,maharashtra|chandrapur,62.45888308813776,14,58.24436546284598,15,S2_cold_favoring_tas_inverse,-4.2145176252917835,98.0,114.0,16.0,16.0
Maharashtra,Dhule,maharashtra|dhule,58.63400009691141,14,54.76323199397818,15,S2_cold_favoring_tas_inverse,-3.8707681029332264,293.0,311.0,18.0,18.0
Maharashtra,Gadchiroli,maharashtra|gadchiroli,62.47366681380425,14,58.281937947760774,15,S2_cold_favoring_tas_inverse,-4.191728866043476,96.0,111.0,15.0,15.0
Maharashtra,Gondia,maharashtra|gondia,59.42787492714005,14,55.463564096344506,15,S2_cold_favoring_tas_inverse,-3.9643108307955472,220.0,246.0,26.0,26.0
Maharashtra,Hingoli,maharashtra|hingoli,60.969491756423764,14,56.936598424477864,15,S2_cold_favoring_tas_inverse,-4.0328933319459,159.0,165.0,6.0,6.0
Maharashtra,Jalgaon,maharashtra|jalgaon,60.800974020904526,14,56.665579515550895,15,S2_cold_favoring_tas_inverse,-4.135394505353631,165.0,177.0,12.0,12.0
Maharashtra,Jalna,maharashtra|jalna,59.44575269170385,14,55.512521569978006,15,S2_cold_favoring_tas_inverse,-3.9332311217258464,217.0,239.0,22.0,22.0
Maharashtra,Kolhapur,maharashtra|kolhapur,57.58459252251646,14,54.32631673634188,15,S2_cold_favoring_tas_inverse,-3.258275786174579,360.0,344.0,-16.0,16.0
Maharashtra,Latur,maharashtra|latur,60.346370853794824,14,56.42205704153071,15,S2_cold_favoring_tas_inverse,-3.924313812264117,184.0,188.0,4.0,4.0
Maharashtra,Mumbai,maharashtra|mumbai,64.63654545025969,14,60.86201006018472,15,S2_cold_favoring_tas_inverse,-3.7745353900749663,36.0,36.0,0.0,0.0
Maharashtra,Mumbai Suburban,maharashtra|mumbai suburban,64.31774844625534,14,60.553031628798834,15,S2_cold_favoring_tas_inverse,-3.7647168174565024,42.0,40.0,-2.0,2.0
Maharashtra,Nagpur,maharashtra|nagpur,59.205664009611226,14,55.23611641494879,15,S2_cold_favoring_tas_inverse,-3.969547594662437,239.0,275.0,36.0,36.0
Maharashtra,Nanded,maharashtra|nanded,62.0148956449155,14,57.907332230138586,15,S2_cold_favoring_tas_inverse,-4.107563414776912,120.0,131.0,11.0,11.0
Maharashtra,Nandurbar,maharashtra|nandurbar,58.11543827641775,14,54.33484449394234,15,S2_cold_favoring_tas_inverse,-3.780593782475407,327.0,341.0,14.0,14.0
Maharashtra,Nashik,maharashtra|nashik,54.70727179282609,14,51.307556310410895,15,S2_cold_favoring_tas_inverse,-3.3997154824151963,541.0,550.0,9.0,9.0
Maharashtra,Osmanabad,maharashtra|osmanabad,60.90573642819813,14,56.93777876949862,15,S2_cold_favoring_tas_inverse,-3.967957658699511,161.0,164.0,3.0,3.0
Maharashtra,Palghar,maharashtra|palghar,62.05576416054844,14,58.321993153523785,15,S2_cold_favoring_tas_inverse,-3.7337710070246573,117.0,106.0,-11.0,11.0
Maharashtra,Parbhani,maharashtra|parbhani,62.14207441221854,14,57.989816468348394,15,S2_cold_favoring_tas_inverse,-4.152257943870147,114.0,127.0,13.0,13.0
Maharashtra,Pune,maharashtra|pune,56.50526133813432,14,53.091939743915255,15,S2_cold_favoring_tas_inverse,-3.413321594219063,437.0,443.0,6.0,6.0
Maharashtra,Raigad,maharashtra|raigad,62.13018475223351,14,58.476887936593684,15,S2_cold_favoring_tas_inverse,-3.653296815639827,115.0,97.0,-18.0,18.0
Maharashtra,Ratnagiri,maharashtra|ratnagiri,65.08314785680696,14,61.38300297194378,15,S2_cold_favoring_tas_inverse,-3.700144884863178,32.0,30.0,-2.0,2.0
Maharashtra,Sangli,maharashtra|sangli,59.423043504709206,14,55.79678262802652,15,S2_cold_favoring_tas_inverse,-3.626260876682686,221.0,220.0,-1.0,1.0
Maharashtra,Satara,maharashtra|satara,55.87580050254245,14,52.66163534055178,15,S2_cold_favoring_tas_inverse,-3.214165161990664,476.0,479.0,3.0,3.0
Maharashtra,Sindhudurg,maharashtra|sindhudurg,67.30507848327595,14,63.487371300766846,15,S2_cold_favoring_tas_inverse,-3.8177071825091033,10.0,9.0,-1.0,1.0
Maharashtra,Solapur,maharashtra|solapur,62.4239412567986,14,58.33913911018375,15,S2_cold_favoring_tas_inverse,-4.084802146614848,99.0,105.0,6.0,6.0
Maharashtra,Thane,maharashtra|thane,62.35447662213042,14,58.53211448479982,15,S2_cold_favoring_tas_inverse,-3.8223621373306003,105.0,92.0,-13.0,13.0
Maharashtra,Wardha,maharashtra|wardha,60.96870685526902,14,56.842156476441595,15,S2_cold_favoring_tas_inverse,-4.1265503788274245,160.0,167.0,7.0,7.0
Maharashtra,Washim,maharashtra|washim,59.35053305551426,14,55.42534735713526,15,S2_cold_favoring_tas_inverse,-3.9251856983790034,230.0,250.0,20.0,20.0
Maharashtra,Yavatmal,maharashtra|yavatmal,61.88784748018227,14,57.731164784506895,15,S2_cold_favoring_tas_inverse,-4.156682695675379,126.0,141.0,15.0,15.0
Manipur,Bishnupur,manipur|bishnupur,42.01551226739235,14,40.613051863965524,15,S2_cold_favoring_tas_inverse,-1.4024604034268293,688.0,689.0,1.0,1.0
Manipur,Chandel,manipur|chandel,43.83046712953496,14,42.34428190076834,15,S2_cold_favoring_tas_inverse,-1.4861852287666224,678.0,677.0,-1.0,1.0
Manipur,Churachandpur,manipur|churachandpur,41.22240354659145,14,40.05309452546129,15,S2_cold_favoring_tas_inverse,-1.1693090211301609,693.0,694.0,1.0,1.0
Manipur,Imphal East,manipur|imphal east,38.93653029252757,14,37.99078227953937,15,S2_cold_favoring_tas_inverse,-0.9457480129882043,714.0,714.0,0.0,0.0
Manipur,Imphal West,manipur|imphal west,39.61501359222316,14,38.542051957601586,15,S2_cold_favoring_tas_inverse,-1.0729616346215707,704.0,706.0,2.0,2.0
Manipur,Jiribam,manipur|jiribam,51.61003603613192,14,49.03560148808321,15,S2_cold_favoring_tas_inverse,-2.574434548048714,625.0,617.0,-8.0,8.0
Manipur,Kakching,manipur|kakching,42.4331054832584,14,41.002226457912165,15,S2_cold_favoring_tas_inverse,-1.4308790253462362,685.0,685.0,0.0,0.0
Manipur,Kamjong,manipur|kamjong,40.87528803834979,14,39.69228342824133,15,S2_cold_favoring_tas_inverse,-1.1830046101084548,695.0,695.0,0.0,0.0
Manipur,Kangpokpi,manipur|kangpokpi,36.87561503483035,14,36.31044855520943,15,S2_cold_favoring_tas_inverse,-0.5651664796209204,723.0,725.0,2.0,2.0
Manipur,Noney,manipur|noney,42.778772306662184,14,41.23397349600469,15,S2_cold_favoring_tas_inverse,-1.5447988106574968,682.0,684.0,2.0,2.0
Manipur,Pherzawl,manipur|pherzawl,45.258889493971324,14,43.414528391026224,15,S2_cold_favoring_tas_inverse,-1.8443611029451006,669.0,670.0,1.0,1.0
Manipur,Senapati,manipur|senapati,34.44885582570293,14,34.35256114284584,15,S2_cold_favoring_tas_inverse,-0.09629468285708498,734.0,734.0,0.0,0.0
Manipur,Tamenglong,manipur|tamenglong,39.5682037568025,14,38.50434858885965,15,S2_cold_favoring_tas_inverse,-1.0638551679428474,705.0,707.0,2.0,2.0
Manipur,Tengnoupal,manipur|tengnoupal,45.64393788087817,14,43.905467991719114,15,S2_cold_favoring_tas_inverse,-1.738469889159056,664.0,664.0,0.0,0.0
Manipur,Thoubal,manipur|thoubal,40.887229800273616,14,39.67100995977359,15,S2_cold_favoring_tas_inverse,-1.216219840500024,694.0,696.0,2.0,2.0
Manipur,Ukhrul,manipur|ukhrul,34.54106229866862,14,34.4851062545442,15,S2_cold_favoring_tas_inverse,-0.05595604412442157,733.0,733.0,0.0,0.0
Meghalaya,East Garo Hills,meghalaya|east garo hills,45.60954383864559,14,43.71796459839446,15,S2_cold_favoring_tas_inverse,-1.8915792402511329,665.0,666.0,1.0,1.0
Meghalaya,East Jaintia Hills,meghalaya|east jaintia hills,40.05229698340639,14,38.98228947927982,15,S2_cold_favoring_tas_inverse,-1.070007504126572,701.0,703.0,2.0,2.0
Meghalaya,East Khasi Hills,meghalaya|east khasi hills,39.24997763550282,14,38.48920303713576,15,S2_cold_favoring_tas_inverse,-0.760774598367064,708.0,708.0,0.0,0.0
Meghalaya,Eastern West Khasi Hills,meghalaya|eastern west khasi hills,37.20111050056178,14,36.75986778192357,15,S2_cold_favoring_tas_inverse,-0.4412427186382146,721.0,721.0,0.0,0.0
Meghalaya,North Garo Hills,meghalaya|north garo hills,50.960361404643685,14,48.590021545548204,15,S2_cold_favoring_tas_inverse,-2.3703398590954805,634.0,629.0,-5.0,5.0
Meghalaya,Ri Bhoi,meghalaya|ri bhoi,45.140009285578294,14,43.39495712890264,15,S2_cold_favoring_tas_inverse,-1.745052156675655,671.0,671.0,0.0,0.0
Meghalaya,South Garo Hills,meghalaya|south garo hills,48.92243982040654,14,46.66456621308716,15,S2_cold_favoring_tas_inverse,-2.2578736073193753,657.0,657.0,0.0,0.0
Meghalaya,South West Garo Hills,meghalaya|south west garo hills,53.70799713323564,14,50.993923703810104,15,S2_cold_favoring_tas_inverse,-2.7140734294255324,578.0,567.0,-11.0,11.0
Meghalaya,South West Khasi Hills,meghalaya|south west khasi hills,41.87367625690871,14,40.623707778255714,15,S2_cold_favoring_tas_inverse,-1.2499684786529954,689.0,688.0,-1.0,1.0
Meghalaya,West Garo Hills,meghalaya|west garo hills,50.87991127908648,14,48.48117618697847,15,S2_cold_favoring_tas_inverse,-2.398735092108005,637.0,631.0,-6.0,6.0
Meghalaya,West Jaintia Hills,meghalaya|west jaintia hills,39.10771257990087,14,38.22821652672554,15,S2_cold_favoring_tas_inverse,-0.8794960531753304,711.0,713.0,2.0,2.0
Meghalaya,West Khasi Hills,meghalaya|west khasi hills,41.408083926028915,14,40.14802176771952,15,S2_cold_favoring_tas_inverse,-1.2600621583093954,692.0,693.0,1.0,1.0
Mizoram,Aizawl,mizoram|aizawl,45.043385479592175,14,43.15240872836649,15,S2_cold_favoring_tas_inverse,-1.8909767512256863,673.0,673.0,0.0,0.0
Mizoram,Champhai,mizoram|champhai,39.10816822873128,14,38.43714174943167,15,S2_cold_favoring_tas_inverse,-0.6710264792996128,710.0,710.0,0.0,0.0
Mizoram,Hnahthial,mizoram|hnahthial,44.5493611074263,14,42.698977839853804,15,S2_cold_favoring_tas_inverse,-1.8503832675724965,674.0,674.0,0.0,0.0
Mizoram,Khawzawl,mizoram|khawzawl,40.337301928713124,14,39.32990840135762,15,S2_cold_favoring_tas_inverse,-1.0073935273555037,700.0,699.0,-1.0,1.0
Mizoram,Kolasib,mizoram|kolasib,49.58668304263027,14,47.18441200200633,15,S2_cold_favoring_tas_inverse,-2.402271040623937,653.0,653.0,0.0,0.0
Mizoram,Lawngtlai,mizoram|lawngtlai,51.32108761371676,14,48.681907899239604,15,S2_cold_favoring_tas_inverse,-2.6391797144771587,630.0,623.0,-7.0,7.0
Mizoram,Lunglei,mizoram|lunglei,51.674538176634286,14,48.94249932034267,15,S2_cold_favoring_tas_inverse,-2.7320388562916165,623.0,618.0,-5.0,5.0
Mizoram,Mamit,mizoram|mamit,49.80806185173845,14,47.30489164081893,15,S2_cold_favoring_tas_inverse,-2.503170210919521,651.0,649.0,-2.0,2.0
Mizoram,Saiha,mizoram|saiha,46.75175113751704,14,44.697689399425194,15,S2_cold_favoring_tas_inverse,-2.0540617380918462,660.0,661.0,1.0,1.0
Mizoram,Saitual,mizoram|saitual,41.4464799575289,14,40.24288583614841,15,S2_cold_favoring_tas_inverse,-1.2035941213804904,691.0,691.0,0.0,0.0
Mizoram,Serchhip,mizoram|serchhip,42.88326459975163,14,41.31258819649132,15,S2_cold_favoring_tas_inverse,-1.5706764032603076,681.0,682.0,1.0,1.0
Nagaland,Chumoukedima,nagaland|chumoukedima,45.10295744869358,14,43.3093351866975,15,S2_cold_favoring_tas_inverse,-1.7936222619960773,672.0,672.0,0.0,0.0
Nagaland,Dimapur,nagaland|dimapur,50.65389400264244,14,48.163901260770025,15,S2_cold_favoring_tas_inverse,-2.4899927418724133,641.0,634.0,-7.0,7.0
Nagaland,Kiphire,nagaland|kiphire,33.91434084212575,14,34.03983632258075,15,S2_cold_favoring_tas_inverse,0.12549548045499392,736.0,737.0,1.0,1.0
Nagaland,Kohima,nagaland|kohima,35.201762935258,14,34.88581947654605,15,S2_cold_favoring_tas_inverse,-0.3159434587119563,730.0,729.0,-1.0,1.0
Nagaland,Longleng,nagaland|longleng,41.69950908566489,14,40.37690917862583,15,S2_cold_favoring_tas_inverse,-1.3225999070390628,690.0,690.0,0.0,0.0
Nagaland,Mokokchung,nagaland|mokokchung,45.49065039441659,14,43.6397050372262,15,S2_cold_favoring_tas_inverse,-1.8509453571903904,668.0,668.0,0.0,0.0
Nagaland,Mon,nagaland|mon,39.40498342915515,14,38.5614423412722,15,S2_cold_favoring_tas_inverse,-0.8435410878829543,707.0,705.0,-2.0,2.0
Nagaland,Niuland,nagaland|niuland,49.72148956142811,14,47.32895625596272,15,S2_cold_favoring_tas_inverse,-2.392533305465385,652.0,648.0,-4.0,4.0
Nagaland,Noklak,nagaland|noklak,30.205749809102837,14,31.25038858011674,15,S2_cold_favoring_tas_inverse,1.0446387710139042,745.0,744.0,-1.0,1.0
Nagaland,Peren,nagaland|peren,40.70857036581874,14,39.447214296416,15,S2_cold_favoring_tas_inverse,-1.261356069402737,697.0,698.0,1.0,1.0
Nagaland,Phek,nagaland|phek,34.63881809457964,14,34.51281272655622,15,S2_cold_favoring_tas_inverse,-0.12600536802342077,732.0,732.0,0.0,0.0
Nagaland,Shamator,nagaland|shamator,34.696344760818135,14,34.629972472135286,15,S2_cold_favoring_tas_inverse,-0.0663722886828495,731.0,731.0,0.0,0.0
Nagaland,Tseminyu,nagaland|tseminyu,38.956754817066205,14,37.862850547576066,15,S2_cold_favoring_tas_inverse,-1.0939042694901389,713.0,716.0,3.0,3.0
Nagaland,Tuensang,nagaland|tuensang,36.74772046492579,14,36.261169698020055,15,S2_cold_favoring_tas_inverse,-0.4865507669057365,725.0,726.0,1.0,1.0
Nagaland,Wokha,nagaland|wokha,45.601087326899616,14,43.67668442751622,15,S2_cold_favoring_tas_inverse,-1.924402899383395,666.0,667.0,1.0,1.0
Nagaland,Zunheboto,nagaland|zunheboto,36.315649196216235,14,35.856953307038,15,S2_cold_favoring_tas_inverse,-0.45869588917823734,727.0,727.0,0.0,0.0
Odisha,Anugul,odisha|anugul,59.42039798370281,14,55.635758628405,15,S2_cold_favoring_tas_inverse,-3.784639355297813,222.0,226.0,4.0,4.0
Odisha,Balangir,odisha|balangir,59.04923911970079,14,55.28279950222748,15,S2_cold_favoring_tas_inverse,-3.76643961747331,255.0,265.0,10.0,10.0
Odisha,Baleshwar,odisha|baleshwar,60.992738462281395,14,57.16467838839263,15,S2_cold_favoring_tas_inverse,-3.8280600738887642,158.0,153.0,-5.0,5.0
Odisha,Bargarh,odisha|bargarh,59.72723070773638,14,55.813849630351946,15,S2_cold_favoring_tas_inverse,-3.913381077384436,208.0,218.0,10.0,10.0
Odisha,Bhadrak,odisha|bhadrak,62.61970791380233,14,58.82891570624331,15,S2_cold_favoring_tas_inverse,-3.790792207559022,90.0,79.0,-11.0,11.0
Odisha,Boudh,odisha|boudh,57.375020126641395,14,53.79621088590808,15,S2_cold_favoring_tas_inverse,-3.578809240733314,375.0,385.0,10.0,10.0
Odisha,Cuttack,odisha|cuttack,61.40854020253241,14,57.75099635089126,15,S2_cold_favoring_tas_inverse,-3.657543851641144,145.0,140.0,-5.0,5.0
Odisha,Deogarh,odisha|deogarh,58.90725900023694,14,55.07837587235538,15,S2_cold_favoring_tas_inverse,-3.8288831278815607,267.0,290.0,23.0,23.0
Odisha,Dhenkanal,odisha|dhenkanal,61.85762875981792,14,57.96771178395316,15,S2_cold_favoring_tas_inverse,-3.8899169758647574,130.0,128.0,-2.0,2.0
Odisha,Gajapati,odisha|gajapati,50.6104521472431,14,47.960292519258886,15,S2_cold_favoring_tas_inverse,-2.650159627984216,643.0,641.0,-2.0,2.0
Odisha,Ganjam,odisha|ganjam,56.650465608259545,14,53.500333633648864,15,S2_cold_favoring_tas_inverse,-3.15013197461068,423.0,413.0,-10.0,10.0
Odisha,Jagatsinghapur,odisha|jagatsinghapur,61.88016989784317,14,58.439123305285264,15,S2_cold_favoring_tas_inverse,-3.4410465925579032,129.0,100.0,-29.0,29.0
Odisha,Jajapur,odisha|jajapur,62.7628883163487,14,58.88830934564132,15,S2_cold_favoring_tas_inverse,-3.8745789707073826,85.0,75.0,-10.0,10.0
Odisha,Jharsuguda,odisha|jharsuguda,59.802843211836155,14,55.838532388769046,15,S2_cold_favoring_tas_inverse,-3.964310823067109,201.0,214.0,13.0,13.0
Odisha,Kalahandi,odisha|kalahandi,56.56896928181947,14,53.10016613285397,15,S2_cold_favoring_tas_inverse,-3.468803148965499,429.0,442.0,13.0,13.0
Odisha,Kandhamal,odisha|kandhamal,50.32940479119017,14,47.521248557290555,15,S2_cold_favoring_tas_inverse,-2.8081562338996164,647.0,645.0,-2.0,2.0
Odisha,Kendrapara,odisha|kendrapara,62.48115592010732,14,58.91655225750683,15,S2_cold_favoring_tas_inverse,-3.56460366260049,95.0,73.0,-22.0,22.0
Odisha,Kendujhar,odisha|kendujhar,57.44637162587956,14,53.82212870999211,15,S2_cold_favoring_tas_inverse,-3.62424291588745,370.0,382.0,12.0,12.0
Odisha,Khordha,odisha|khordha,59.94402291182368,14,56.55595940811106,15,S2_cold_favoring_tas_inverse,-3.3880635037126225,196.0,184.0,-12.0,12.0
Odisha,Koraput,odisha|koraput,50.19866826838991,14,47.39458540120312,15,S2_cold_favoring_tas_inverse,-2.8040828671867857,648.0,647.0,-1.0,1.0
Odisha,Malkangiri,odisha|malkangiri,58.966274433461955,14,55.21984426273083,15,S2_cold_favoring_tas_inverse,-3.7464301707311236,263.0,278.0,15.0,15.0
Odisha,Mayurbhanj,odisha|mayurbhanj,58.02308589939836,14,54.33340570614437,15,S2_cold_favoring_tas_inverse,-3.6896801932539915,334.0,343.0,9.0,9.0
Odisha,Nabarangpur,odisha|nabarangpur,54.48140518483924,14,51.172287005551425,15,S2_cold_favoring_tas_inverse,-3.3091181792878146,552.0,557.0,5.0,5.0
Odisha,Nayagarh,odisha|nayagarh,57.76471808520139,14,54.419727432546416,15,S2_cold_favoring_tas_inverse,-3.344990652654971,346.0,336.0,-10.0,10.0
Odisha,Nuapada,odisha|nuapada,57.59324777867155,14,53.935527320129616,15,S2_cold_favoring_tas_inverse,-3.657720458541931,359.0,373.0,14.0,14.0
Odisha,Puri,odisha|puri,60.421967573561325,14,57.126341893468464,15,S2_cold_favoring_tas_inverse,-3.2956256800928614,181.0,154.0,-27.0,27.0
Odisha,Rayagada,odisha|rayagada,53.12579045270624,14,50.111144434541245,15,S2_cold_favoring_tas_inverse,-3.0146460181649957,594.0,597.0,3.0,3.0
Odisha,Sambalpur,odisha|sambalpur,59.04912367878979,14,55.18765044079925,15,S2_cold_favoring_tas_inverse,-3.8614732379905377,256.0,281.0,25.0,25.0
Odisha,Sonepur,odisha|sonepur,60.6331120863934,14,56.678840293325116,15,S2_cold_favoring_tas_inverse,-3.954271793068287,171.0,176.0,5.0,5.0
Odisha,Sundargarh,odisha|sundargarh,58.46652462724632,14,54.67922017267109,15,S2_cold_favoring_tas_inverse,-3.787304454575235,305.0,318.0,13.0,13.0
Puducherry,Karaikal,puducherry|karaikal,67.92138164788058,14,63.82802786271826,15,S2_cold_favoring_tas_inverse,-4.093353785162321,4.0,5.0,1.0,1.0
Puducherry,Mahe,puducherry|mahe,70.23945894465972,14,66.04954594256347,15,S2_cold_favoring_tas_inverse,-4.189913002096247,2.0,2.0,0.0,0.0
Puducherry,Pondicherry,puducherry|pondicherry,64.99941746880862,14,61.02732371478421,15,S2_cold_favoring_tas_inverse,-3.9720937540244066,33.0,33.0,0.0,0.0
Puducherry,Yanam,puducherry|yanam,66.73687731956875,14,62.82221795156391,15,S2_cold_favoring_tas_inverse,-3.914659368004841,17.0,16.0,-1.0,1.0
Punjab,Amritsar,punjab|amritsar,56.391143850826545,14,53.431832225072704,15,S2_cold_favoring_tas_inverse,-2.959311625753841,441.0,416.0,-25.0,25.0
Punjab,Barnala,punjab|barnala,59.50243889731373,14,56.10654199114863,15,S2_cold_favoring_tas_inverse,-3.395896906165099,215.0,197.0,-18.0,18.0
Punjab,Bathinda,punjab|bathinda,60.48932719707382,14,57.03606884501769,15,S2_cold_favoring_tas_inverse,-3.4532583520561317,178.0,159.0,-19.0,19.0
Punjab,Faridkot,punjab|faridkot,60.82359978073717,14,57.342331074834654,15,S2_cold_favoring_tas_inverse,-3.481268705902515,164.0,149.0,-15.0,15.0
Punjab,Fatehgarh Sahib,punjab|fatehgarh sahib,57.734401068935696,14,54.480637929007436,15,S2_cold_favoring_tas_inverse,-3.2537631399282603,348.0,328.0,-20.0,20.0
Punjab,Fazilka,punjab|fazilka,62.746384216395576,14,59.06540888511795,15,S2_cold_favoring_tas_inverse,-3.6809753312776294,86.0,72.0,-14.0,14.0
Punjab,Ferozepur,punjab|ferozepur,60.0078365129557,14,56.61155025663228,15,S2_cold_favoring_tas_inverse,-3.396286256323421,193.0,180.0,-13.0,13.0
Punjab,Gurdaspur,punjab|gurdaspur,55.49151141185194,14,52.65661637987558,15,S2_cold_favoring_tas_inverse,-2.834895031976359,503.0,481.0,-22.0,22.0
Punjab,Hoshiarpur,punjab|hoshiarpur,54.134348358536904,14,51.427027255534306,15,S2_cold_favoring_tas_inverse,-2.7073211030025988,565.0,545.0,-20.0,20.0
Punjab,Jalandhar,punjab|jalandhar,56.937499744004086,14,53.84722949072551,15,S2_cold_favoring_tas_inverse,-3.0902702532785753,408.0,380.0,-28.0,28.0
Punjab,Kapurthala,punjab|kapurthala,56.5015441479619,14,53.48584807098036,15,S2_cold_favoring_tas_inverse,-3.0156960769815413,439.0,414.0,-25.0,25.0
Punjab,Ludhiana,punjab|ludhiana,58.312819625811684,14,55.02384661515879,15,S2_cold_favoring_tas_inverse,-3.288973010652896,314.0,294.0,-20.0,20.0
Punjab,Malerkotla,punjab|malerkotla,58.63766647140289,14,55.295654362248754,15,S2_cold_favoring_tas_inverse,-3.3420121091541333,290.0,263.0,-27.0,27.0
Punjab,Mansa,punjab|mansa,59.28289949423798,14,55.93628090891959,15,S2_cold_favoring_tas_inverse,-3.3466185853183887,236.0,208.0,-28.0,28.0
Punjab,Moga,punjab|moga,59.1073006643766,14,55.79336561188834,15,S2_cold_favoring_tas_inverse,-3.3139350524882616,247.0,221.0,-26.0,26.0
Punjab,Pathankot,punjab|pathankot,52.771272410444496,14,50.30393608276328,15,S2_cold_favoring_tas_inverse,-2.467336327681217,605.0,592.0,-13.0,13.0
Punjab,Patiala,punjab|patiala,57.563141974226774,14,54.31551795345761,15,S2_cold_favoring_tas_inverse,-3.247624020769166,361.0,348.0,-13.0,13.0
Punjab,Rupnagar,punjab|rupnagar,54.487664663763795,14,51.67346051081581,15,S2_cold_favoring_tas_inverse,-2.814204152947987,550.0,539.0,-11.0,11.0
Punjab,S.A.S Nagar,punjab|sas nagar,55.73091350258271,14,52.712454781236346,15,S2_cold_favoring_tas_inverse,-3.018458721346363,488.0,476.0,-12.0,12.0
Punjab,Sangrur,punjab|sangrur,58.4906814275346,14,55.17476566046794,15,S2_cold_favoring_tas_inverse,-3.315915767066656,304.0,283.0,-21.0,21.0
Punjab,Shahid Bhagat Singh Nagar,punjab|shahid bhagat singh nagar,55.93778565100128,14,52.945736380415646,15,S2_cold_favoring_tas_inverse,-2.992049270585632,467.0,452.0,-15.0,15.0
Punjab,Sri Muktsar Sahib,punjab|sri muktsar sahib,61.88247052813275,14,58.28952104201413,15,S2_cold_favoring_tas_inverse,-3.59294948611862,127.0,108.0,-19.0,19.0
Punjab,Tarn Taran,punjab|tarn taran,57.62563194044515,14,54.50754807912316,15,S2_cold_favoring_tas_inverse,-3.118083861321992,357.0,324.0,-33.0,33.0
Rajasthan,Ajmer,rajasthan|ajmer,57.257331883022424,14,54.096793893675404,15,S2_cold_favoring_tas_inverse,-3.16053798934702,383.0,362.0,-21.0,21.0
Rajasthan,Alwar,rajasthan|alwar,55.854700020059575,14,52.79022322438212,15,S2_cold_favoring_tas_inverse,-3.0644767956774572,480.0,466.0,-14.0,14.0
Rajasthan,Anoopgarh,rajasthan|anoopgarh,64.31447184146627,14,60.51192038379465,15,S2_cold_favoring_tas_inverse,-3.802551457671619,43.0,41.0,-2.0,2.0
Rajasthan,Balotra,rajasthan|balotra,62.39309582914405,14,58.71977395387813,15,S2_cold_favoring_tas_inverse,-3.67332187526592,101.0,85.0,-16.0,16.0
Rajasthan,Banswara,rajasthan|banswara,58.11981218714592,14,54.48613135833494,15,S2_cold_favoring_tas_inverse,-3.6336808288109808,326.0,326.0,0.0,0.0
Rajasthan,Baran,rajasthan|baran,57.24076045255101,14,53.71629936454305,15,S2_cold_favoring_tas_inverse,-3.5244610880079605,385.0,394.0,9.0,9.0
Rajasthan,Barmer,rajasthan|barmer,62.04614934504777,14,58.45181937287134,15,S2_cold_favoring_tas_inverse,-3.594329972176432,119.0,98.0,-21.0,21.0
Rajasthan,Beawar,rajasthan|beawar,58.07240332026762,14,54.796540580241434,15,S2_cold_favoring_tas_inverse,-3.2758627400261844,330.0,310.0,-20.0,20.0
Rajasthan,Bharatpur,rajasthan|bharatpur,57.12161771433472,14,53.821844735157015,15,S2_cold_favoring_tas_inverse,-3.2997729791777033,394.0,383.0,-11.0,11.0
Rajasthan,Bhilwara,rajasthan|bhilwara,55.57506967448035,14,52.450599386204324,15,S2_cold_favoring_tas_inverse,-3.1244702882760294,496.0,493.0,-3.0,3.0
Rajasthan,Bikaner,rajasthan|bikaner,63.52134755959933,14,59.81197128384493,15,S2_cold_favoring_tas_inverse,-3.709376275754394,63.0,57.0,-6.0,6.0
Rajasthan,Bundi,rajasthan|bundi,58.78102014717767,14,55.2106130886434,15,S2_cold_favoring_tas_inverse,-3.570407058534272,281.0,279.0,-2.0,2.0
Rajasthan,Chittorgarh,rajasthan|chittorgarh,55.44598534243551,14,52.237952475469136,15,S2_cold_favoring_tas_inverse,-3.208032866966377,505.0,506.0,1.0,1.0
Rajasthan,Churu,rajasthan|churu,60.27002370389081,14,56.87216698877899,15,S2_cold_favoring_tas_inverse,-3.397856715111814,186.0,166.0,-20.0,20.0
Rajasthan,Dausa,rajasthan|dausa,56.74302267404245,14,53.53024363125107,15,S2_cold_favoring_tas_inverse,-3.2127790427913823,416.0,408.0,-8.0,8.0
Rajasthan,Deeg,rajasthan|deeg,56.85637354917313,14,53.627406807245585,15,S2_cold_favoring_tas_inverse,-3.228966741927543,412.0,401.0,-11.0,11.0
Rajasthan,Dholpur,rajasthan|dholpur,57.64564329063646,14,54.22980374077575,15,S2_cold_favoring_tas_inverse,-3.4158395498607064,355.0,356.0,1.0,1.0
Rajasthan,Didwana Kuchaman,rajasthan|didwana kuchaman,58.39102872504825,14,55.17571028986104,15,S2_cold_favoring_tas_inverse,-3.215318435187214,309.0,282.0,-27.0,27.0
Rajasthan,Dudu,rajasthan|dudu,57.56277948319973,14,54.32275529789565,15,S2_cold_favoring_tas_inverse,-3.2400241853040868,362.0,346.0,-16.0,16.0
Rajasthan,Dungarpur,rajasthan|dungarpur,58.51525688479261,14,54.90865849175507,15,S2_cold_favoring_tas_inverse,-3.606598393037544,302.0,304.0,2.0,2.0
Rajasthan,Ganganagar,rajasthan|ganganagar,63.23254793093448,14,59.5328155181724,15,S2_cold_favoring_tas_inverse,-3.6997324127620814,67.0,62.0,-5.0,5.0
Rajasthan,Gangapurcity,rajasthan|gangapurcity,57.280019025056724,14,53.96065193744315,15,S2_cold_favoring_tas_inverse,-3.3193670876135712,382.0,369.0,-13.0,13.0
Rajasthan,Hanumangarh,rajasthan|hanumangarh,61.461427026506335,14,57.94125090473237,15,S2_cold_favoring_tas_inverse,-3.5201761217739644,144.0,129.0,-15.0,15.0
Rajasthan,Jaipur,rajasthan|jaipur,56.04615661601321,14,52.99742664825422,15,S2_cold_favoring_tas_inverse,-3.0487299677589874,461.0,449.0,-12.0,12.0
Rajasthan,Jaipur Gramin,rajasthan|jaipur gramin,56.35389954568314,14,53.26996016564395,15,S2_cold_favoring_tas_inverse,-3.0839393800391903,443.0,433.0,-10.0,10.0
Rajasthan,Jaisalmer,rajasthan|jaisalmer,63.728555079956,14,60.02138867901971,15,S2_cold_favoring_tas_inverse,-3.707166400936295,57.0,49.0,-8.0,8.0
Rajasthan,Jalore,rajasthan|jalore,61.880650212152624,14,58.194627206231196,15,S2_cold_favoring_tas_inverse,-3.6860230059214274,128.0,118.0,-10.0,10.0
Rajasthan,Jhalawar,rajasthan|jhalawar,55.86632588328074,14,52.44170200656087,15,S2_cold_favoring_tas_inverse,-3.4246238767198705,477.0,495.0,18.0,18.0
Rajasthan,Jhunjhunu,rajasthan|jhunjhunu,57.48540798283508,14,54.356293684713286,15,S2_cold_favoring_tas_inverse,-3.1291142981217916,366.0,339.0,-27.0,27.0
Rajasthan,Jodhpur,rajasthan|jodhpur,62.0022184189768,14,58.35748732474485,15,S2_cold_favoring_tas_inverse,-3.6447310942319504,121.0,103.0,-18.0,18.0
Rajasthan,Jodhpur Gramin,rajasthan|jodhpur gramin,61.96750293461581,14,58.34820470410706,15,S2_cold_favoring_tas_inverse,-3.619298230508747,124.0,104.0,-20.0,20.0
Rajasthan,Karauli,rajasthan|karauli,57.022469506765965,14,53.69311432305621,15,S2_cold_favoring_tas_inverse,-3.329355183709758,404.0,396.0,-8.0,8.0
Rajasthan,Kekri,rajasthan|kekri,57.55102804955106,14,54.2508642905431,15,S2_cold_favoring_tas_inverse,-3.300163759007958,363.0,355.0,-8.0,8.0
Rajasthan,Khairthal-Tijara,rajasthan|khairthal tijara,55.87588193544501,14,52.84390653941144,15,S2_cold_favoring_tas_inverse,-3.031975396033566,475.0,457.0,-18.0,18.0
Rajasthan,Kota,rajasthan|kota,58.308664032283666,14,54.72517952957415,15,S2_cold_favoring_tas_inverse,-3.583484502709517,315.0,314.0,-1.0,1.0
Rajasthan,Kotputli-Behror,rajasthan|kotputli behror,55.11223215670018,14,52.20520364652367,15,S2_cold_favoring_tas_inverse,-2.9070285101765094,524.0,508.0,-16.0,16.0
Rajasthan,Nagaur,rajasthan|nagaur,61.07315266424358,14,57.565948484157694,15,S2_cold_favoring_tas_inverse,-3.5072041800858855,153.0,145.0,-8.0,8.0
Rajasthan,Neem Ka Thana,rajasthan|neem ka thana,55.42382103981639,14,52.52024059514388,15,S2_cold_favoring_tas_inverse,-2.9035804446725066,508.0,488.0,-20.0,20.0
Rajasthan,Pali,rajasthan|pali,58.96217213759878,14,55.55160797596419,15,S2_cold_favoring_tas_inverse,-3.410564161634589,264.0,235.0,-29.0,29.0
Rajasthan,Phalodi,rajasthan|phalodi,62.83029825343136,14,59.19946381506534,15,S2_cold_favoring_tas_inverse,-3.6308344383660156,84.0,70.0,-14.0,14.0
Rajasthan,Pratapgarh,rajasthan|pratapgarh,55.32161251540178,14,52.01638619321522,15,S2_cold_favoring_tas_inverse,-3.305226322186563,511.0,520.0,9.0,9.0
Rajasthan,Rajsamand,rajasthan|rajsamand,52.787189660806504,14,50.005482601366104,15,S2_cold_favoring_tas_inverse,-2.7817070594404,604.0,602.0,-2.0,2.0
Rajasthan,Salumbar,rajasthan|salumbar,54.19976413793926,14,51.09542040184624,15,S2_cold_favoring_tas_inverse,-3.1043437360930213,562.0,560.0,-2.0,2.0
Rajasthan,Sawai Madhopur,rajasthan|sawai madhopur,58.29511733419401,14,54.813373388207886,15,S2_cold_favoring_tas_inverse,-3.481743945986125,317.0,309.0,-8.0,8.0
Rajasthan,Shahpura,rajasthan|shahpura,57.03311197897949,14,53.73477811063349,15,S2_cold_favoring_tas_inverse,-3.298333868345999,403.0,392.0,-11.0,11.0
Rajasthan,Sikar,rajasthan|sikar,57.153970080134926,14,54.08598914835631,15,S2_cold_favoring_tas_inverse,-3.0679809317786138,393.0,363.0,-30.0,30.0
Rajasthan,Sirohi,rajasthan|sirohi,56.26442770796793,14,53.10222176361932,15,S2_cold_favoring_tas_inverse,-3.1622059443486137,449.0,441.0,-8.0,8.0
Rajasthan,Tonk,rajasthan|tonk,58.06399061994818,14,54.66491435915582,15,S2_cold_favoring_tas_inverse,-3.3990762607923557,332.0,320.0,-12.0,12.0
Rajasthan,Udaipur,rajasthan|udaipur,50.66320388285111,14,48.03507796922854,15,S2_cold_favoring_tas_inverse,-2.6281259136225685,640.0,639.0,-1.0,1.0
Sikkim,Gangtok,sikkim|gangtok,24.675974268514235,14,26.717228273072646,15,S2_cold_favoring_tas_inverse,2.041254004558411,761.0,763.0,2.0,2.0
Sikkim,Gyalshing,sikkim|gyalshing,16.2648285013758,14,20.267634560243184,15,S2_cold_favoring_tas_inverse,4.002806058867385,777.0,777.0,0.0,0.0
Sikkim,Mangan,sikkim|mangan,12.87337837323236,14,18.126144551619387,15,S2_cold_favoring_tas_inverse,5.252766178387027,778.0,778.0,0.0,0.0
Sikkim,Namchi,sikkim|namchi,29.993339765681576,14,30.72673013376856,15,S2_cold_favoring_tas_inverse,0.7333903680869831,746.0,748.0,2.0,2.0
Sikkim,Pakyong,sikkim|pakyong,27.00153971380113,14,28.524111789140342,15,S2_cold_favoring_tas_inverse,1.5225720753392125,752.0,753.0,1.0,1.0
Sikkim,Soreng,sikkim|soreng,25.811940701933423,14,27.49148164466779,15,S2_cold_favoring_tas_inverse,1.6795409427343664,758.0,758.0,0.0,0.0
Tamil Nadu,Ariyalur,tamil nadu|ariyalur,65.40921771001463,14,61.21045714553215,15,S2_cold_favoring_tas_inverse,-4.198760564482477,28.0,31.0,3.0,3.0
Tamil Nadu,Chengalpattu,tamil nadu|chengalpattu,65.92306607952149,14,61.9402933538011,15,S2_cold_favoring_tas_inverse,-3.9827727257203875,23.0,24.0,1.0,1.0
Tamil Nadu,Chennai,tamil nadu|chennai,67.7109463547389,14,63.65597327295179,15,S2_cold_favoring_tas_inverse,-4.054973081787104,6.0,8.0,2.0,2.0
Tamil Nadu,Coimbatore,tamil nadu|coimbatore,56.17618571127792,14,52.385000220911856,15,S2_cold_favoring_tas_inverse,-3.791185490366061,455.0,499.0,44.0,44.0
Tamil Nadu,Cuddalore,tamil nadu|cuddalore,65.08824965821286,14,60.99055067067662,15,S2_cold_favoring_tas_inverse,-4.097698987536241,31.0,34.0,3.0,3.0
Tamil Nadu,Dharmapuri,tamil nadu|dharmapuri,54.7846438293069,14,51.13452656977128,15,S2_cold_favoring_tas_inverse,-3.6501172595356195,535.0,558.0,23.0,23.0
Tamil Nadu,Dindigul,tamil nadu|dindigul,54.4849016578358,14,50.86788697438737,15,S2_cold_favoring_tas_inverse,-3.6170146834484314,551.0,571.0,20.0,20.0
Tamil Nadu,Erode,tamil nadu|erode,56.57891287683309,14,52.7302800850694,15,S2_cold_favoring_tas_inverse,-3.8486327917636842,426.0,473.0,47.0,47.0
Tamil Nadu,Kallakurichi,tamil nadu|kallakurichi,61.485339313970535,14,57.49352256395449,15,S2_cold_favoring_tas_inverse,-3.991816750016042,142.0,146.0,4.0,4.0
Tamil Nadu,Kanchipuram,tamil nadu|kanchipuram,64.9693624052807,14,60.96524983984239,15,S2_cold_favoring_tas_inverse,-4.004112565438312,34.0,35.0,1.0,1.0
Tamil Nadu,Kanniyakumari,tamil nadu|kanniyakumari,61.22488531336924,14,58.043169884487625,15,S2_cold_favoring_tas_inverse,-3.181715428881617,148.0,125.0,-23.0,23.0
Tamil Nadu,Karur,tamil nadu|karur,62.91468692883621,14,58.6087995860795,15,S2_cold_favoring_tas_inverse,-4.305887342756712,76.0,90.0,14.0,14.0
Tamil Nadu,Krishnagiri,tamil nadu|krishnagiri,52.293012964997864,14,48.88500761168287,15,S2_cold_favoring_tas_inverse,-3.4080053533149908,612.0,619.0,7.0,7.0
Tamil Nadu,Madurai,tamil nadu|madurai,60.54360003328561,14,56.558495651857434,15,S2_cold_favoring_tas_inverse,-3.9851043814281724,176.0,183.0,7.0,7.0
Tamil Nadu,Mayiladuthurai,tamil nadu|mayiladuthurai,66.88727578710316,14,62.77979086936425,15,S2_cold_favoring_tas_inverse,-4.107484917738915,15.0,17.0,2.0,2.0
Tamil Nadu,Nagapattinam,tamil nadu|nagapattinam,67.46850397197403,14,63.40285009681172,15,S2_cold_favoring_tas_inverse,-4.065653875162312,8.0,11.0,3.0,3.0
Tamil Nadu,Namakkal,tamil nadu|namakkal,60.99471162136487,14,56.82216620773279,15,S2_cold_favoring_tas_inverse,-4.172545413632079,157.0,170.0,13.0,13.0
Tamil Nadu,Perambalur,tamil nadu|perambalur,62.891335347136376,14,58.75298071728638,15,S2_cold_favoring_tas_inverse,-4.138354629849999,79.0,83.0,4.0,4.0
Tamil Nadu,Pudukkottai,tamil nadu|pudukkottai,64.35273690139879,14,60.19718182814509,15,S2_cold_favoring_tas_inverse,-4.155555073253694,41.0,48.0,7.0,7.0
Tamil Nadu,Ramanathapuram,tamil nadu|ramanathapuram,65.80759648229814,14,61.70996886786721,15,S2_cold_favoring_tas_inverse,-4.097627614430927,26.0,26.0,0.0,0.0
Tamil Nadu,Ranipet,tamil nadu|ranipet,64.09759906630785,14,59.99813318912217,15,S2_cold_favoring_tas_inverse,-4.099465877185679,49.0,50.0,1.0,1.0
Tamil Nadu,Salem,tamil nadu|salem,57.16563898477516,14,53.30544891051003,15,S2_cold_favoring_tas_inverse,-3.8601900742651267,392.0,431.0,39.0,39.0
Tamil Nadu,Sivaganga,tamil nadu|sivaganga,64.05664997098009,14,59.9248986530273,15,S2_cold_favoring_tas_inverse,-4.131751317952791,51.0,52.0,1.0,1.0
Tamil Nadu,Tenkasi,tamil nadu|tenkasi,61.982217035221446,14,58.26993949566184,15,S2_cold_favoring_tas_inverse,-3.712277539559608,123.0,112.0,-11.0,11.0
Tamil Nadu,Thanjavur,tamil nadu|thanjavur,66.22178758944715,14,62.00247451278363,15,S2_cold_favoring_tas_inverse,-4.219313076663518,20.0,23.0,3.0,3.0
Tamil Nadu,The Nilgiris,tamil nadu|the nilgiris,43.811312901195386,14,41.61002420493002,15,S2_cold_favoring_tas_inverse,-2.2012886962653653,679.0,680.0,1.0,1.0
Tamil Nadu,Theni,tamil nadu|theni,51.04163519052648,14,47.89302572259039,15,S2_cold_favoring_tas_inverse,-3.1486094679360903,632.0,642.0,10.0,10.0
Tamil Nadu,Thiruvallur,tamil nadu|thiruvallur,66.13653945523379,14,62.06817790685273,15,S2_cold_favoring_tas_inverse,-4.068361548381056,22.0,22.0,0.0,0.0
Tamil Nadu,Thiruvarur,tamil nadu|thiruvarur,67.2064510564797,14,63.036879705993755,15,S2_cold_favoring_tas_inverse,-4.169571350485938,12.0,14.0,2.0,2.0
Tamil Nadu,Tiruchirappalli,tamil nadu|tiruchirappalli,62.249807039568374,14,58.10030009877026,15,S2_cold_favoring_tas_inverse,-4.149506940798112,111.0,123.0,12.0,12.0
Tamil Nadu,Tirunelveli,tamil nadu|tirunelveli,63.912829253858945,14,60.35947998978421,15,S2_cold_favoring_tas_inverse,-3.5533492640747326,54.0,44.0,-10.0,10.0
Tamil Nadu,Tirupathur,tamil nadu|tirupathur,53.49656690384224,14,50.043178795798475,15,S2_cold_favoring_tas_inverse,-3.453388108043768,587.0,600.0,13.0,13.0
Tamil Nadu,Tiruppur,tamil nadu|tiruppur,58.52905495697908,14,54.49200688396075,15,S2_cold_favoring_tas_inverse,-4.037048073018333,299.0,325.0,26.0,26.0
Tamil Nadu,Tiruvannamalai,tamil nadu|tiruvannamalai,59.764611141124966,14,55.94683597467829,15,S2_cold_favoring_tas_inverse,-3.8177751664466797,206.0,207.0,1.0,1.0
Tamil Nadu,Tuticorin,tamil nadu|tuticorin,67.15073030029826,14,63.14512037463189,15,S2_cold_favoring_tas_inverse,-4.005609925666377,13.0,13.0,0.0,0.0
Tamil Nadu,Vellore,tamil nadu|vellore,58.10561171612919,14,54.35237371809196,15,S2_cold_favoring_tas_inverse,-3.7532379980372284,328.0,340.0,12.0,12.0
Tamil Nadu,Villupuram,tamil nadu|villupuram,63.94842398574605,14,59.95684067403382,15,S2_cold_favoring_tas_inverse,-3.991583311712226,53.0,51.0,-2.0,2.0
Tamil Nadu,Virudhunagar,tamil nadu|virudhunagar,62.8416562123255,14,58.84293627054073,15,S2_cold_favoring_tas_inverse,-3.9987199417847705,83.0,78.0,-5.0,5.0
Telangana,Adilabad,telangana|adilabad,61.15081605410051,14,57.11075809934105,15,S2_cold_favoring_tas_inverse,-4.040057954759462,149.0,155.0,6.0,6.0
Telangana,Bhadradri Kothagudem,telangana|bhadradri kothagudem,61.55626595793898,14,57.45794885115145,15,S2_cold_favoring_tas_inverse,-4.098317106787533,141.0,147.0,6.0,6.0
Telangana,Hanumakonda,telangana|hanumakonda,62.51966072479792,14,58.31230275027645,15,S2_cold_favoring_tas_inverse,-4.2073579745214715,94.0,107.0,13.0,13.0
Telangana,Hyderabad,telangana|hyderabad,58.4398543746195,14,54.650552843972896,15,S2_cold_favoring_tas_inverse,-3.789301530646604,307.0,321.0,14.0,14.0
Telangana,Jagitial,telangana|jagitial,63.088168075345706,14,58.854396122749655,15,S2_cold_favoring_tas_inverse,-4.233771952596051,70.0,77.0,7.0,7.0
Telangana,Jangoan,telangana|jangoan,61.29225310851852,14,57.19584808289853,15,S2_cold_favoring_tas_inverse,-4.096405025619994,146.0,152.0,6.0,6.0
Telangana,Jayashankar Bhupalapally,telangana|jayashankar bhupalapally,64.19482421421372,14,59.83517137050674,15,S2_cold_favoring_tas_inverse,-4.359652843706982,47.0,55.0,8.0,8.0
Telangana,Jogulamba Gadwal,telangana|jogulamba gadwal,62.94584403672413,14,58.70827739463001,15,S2_cold_favoring_tas_inverse,-4.237566642094123,73.0,86.0,13.0,13.0
Telangana,Kamareddy,telangana|kamareddy,60.7313930959784,14,56.75838151893968,15,S2_cold_favoring_tas_inverse,-3.9730115770387187,170.0,174.0,4.0,4.0
Telangana,Karimnagar,telangana|karimnagar,62.98691596535266,14,58.75481402584564,15,S2_cold_favoring_tas_inverse,-4.232101939507018,72.0,82.0,10.0,10.0
Telangana,Khammam,telangana|khammam,62.309820073854375,14,58.14618467027924,15,S2_cold_favoring_tas_inverse,-4.163635403575135,107.0,121.0,14.0,14.0
Telangana,Kumuram Bheem Asifabad,telangana|kumuram bheem asifabad,62.843631591568666,14,58.632770260652045,15,S2_cold_favoring_tas_inverse,-4.210861330916622,82.0,89.0,7.0,7.0
Telangana,Mahabubabad,telangana|mahabubabad,61.98789467479379,14,57.82486664681843,15,S2_cold_favoring_tas_inverse,-4.163028027975365,122.0,135.0,13.0,13.0
Telangana,Mahabubnagar,telangana|mahabubnagar,59.962294863144415,14,56.025852823817125,15,S2_cold_favoring_tas_inverse,-3.9364420393272894,195.0,202.0,7.0,7.0
Telangana,Mancherial,telangana|mancherial,64.08239351534144,14,59.74681043740514,15,S2_cold_favoring_tas_inverse,-4.335583077936299,50.0,58.0,8.0,8.0
Telangana,Medak,telangana|medak,59.397182252643915,14,55.54498381202749,15,S2_cold_favoring_tas_inverse,-3.8521984406164265,225.0,237.0,12.0,12.0
Telangana,Medchal Malkajgiri,telangana|medchal malkajgiri,57.49932354708988,14,53.807027552083774,15,S2_cold_favoring_tas_inverse,-3.6922959950061056,365.0,384.0,19.0,19.0
Telangana,Mulugu,telangana|mulugu,62.89520959372758,14,58.66337341626176,15,S2_cold_favoring_tas_inverse,-4.231836177465816,78.0,88.0,10.0,10.0
Telangana,Nagarkurnool,telangana|nagarkurnool,58.90299246413931,14,55.038743457054224,15,S2_cold_favoring_tas_inverse,-3.8642490070850855,268.0,292.0,24.0,24.0
Telangana,Nalgonda,telangana|nalgonda,62.47252473411225,14,58.28591528996107,15,S2_cold_favoring_tas_inverse,-4.1866094441511805,97.0,109.0,12.0,12.0
Telangana,Narayanpet,telangana|narayanpet,61.81673384286163,14,57.71553561600141,15,S2_cold_favoring_tas_inverse,-4.10119822686022,135.0,142.0,7.0,7.0
Telangana,Nirmal,telangana|nirmal,62.64457311650543,14,58.477336359891304,15,S2_cold_favoring_tas_inverse,-4.167236756614123,88.0,96.0,8.0,8.0
Telangana,Nizamabad,telangana|nizamabad,61.91517664788061,14,57.81521865452756,15,S2_cold_favoring_tas_inverse,-4.099957993353044,125.0,136.0,11.0,11.0
Telangana,Peddapalli,telangana|peddapalli,63.8057402771661,14,59.49677130024658,15,S2_cold_favoring_tas_inverse,-4.308968976919523,55.0,63.0,8.0,8.0
Telangana,Rajanna Sircilla,telangana|rajanna sircilla,61.0012296095016,14,56.96304284627305,15,S2_cold_favoring_tas_inverse,-4.038186763228552,156.0,161.0,5.0,5.0
Telangana,Ranga Reddy,telangana|ranga reddy,57.76803511271284,14,54.04723631955699,15,S2_cold_favoring_tas_inverse,-3.7207987931558506,345.0,365.0,20.0,20.0
Telangana,Sangareddy,telangana|sangareddy,59.07977679708976,14,55.27961477121076,15,S2_cold_favoring_tas_inverse,-3.800162025878997,252.0,266.0,14.0,14.0
Telangana,Siddipet,telangana|siddipet,59.442857009699246,14,55.55160369291999,15,S2_cold_favoring_tas_inverse,-3.891253316779256,218.0,236.0,18.0,18.0
Telangana,Suryapet,telangana|suryapet,62.64255445426868,14,58.43361126961825,15,S2_cold_favoring_tas_inverse,-4.20894318465043,89.0,101.0,12.0,12.0
Telangana,Vikarabad,telangana|vikarabad,59.402815305300855,14,55.57061970624011,15,S2_cold_favoring_tas_inverse,-3.8321955990607464,224.0,234.0,10.0,10.0
Telangana,Wanaparthy,telangana|wanaparthy,62.05032067548197,14,57.893580591076365,15,S2_cold_favoring_tas_inverse,-4.156740084405605,118.0,133.0,15.0,15.0
Telangana,Warangal,telangana|warangal,62.415121604115015,14,58.21363132007332,15,S2_cold_favoring_tas_inverse,-4.2014902840416966,100.0,117.0,17.0,17.0
Telangana,Yadadri Bhuvanagiri,telangana|yadadri bhuvanagiri,60.40288407127594,14,56.40745780505058,15,S2_cold_favoring_tas_inverse,-3.9954262662253583,182.0,189.0,7.0,7.0
Tripura,Dhalai,tripura|dhalai,55.79668882605738,14,52.75487192401511,15,S2_cold_favoring_tas_inverse,-3.041816902042264,486.0,470.0,-16.0,16.0
Tripura,Gomati,tripura|gomati,56.503989194504044,14,53.35887680469567,15,S2_cold_favoring_tas_inverse,-3.145112389808375,438.0,427.0,-11.0,11.0
Tripura,Khowai,tripura|khowai,56.52082255672859,14,53.421843700197336,15,S2_cold_favoring_tas_inverse,-3.0989788565312537,435.0,419.0,-16.0,16.0
Tripura,North Tripura,tripura|north tripura,54.73055315943038,14,51.823031808946695,15,S2_cold_favoring_tas_inverse,-2.907521350483684,538.0,534.0,-4.0,4.0
Tripura,Sepahijala,tripura|sepahijala,56.888619318570385,14,53.70856241939087,15,S2_cold_favoring_tas_inverse,-3.1800568991795117,410.0,395.0,-15.0,15.0
Tripura,South Tripura,tripura|south tripura,57.4095478325308,14,54.164325422078704,15,S2_cold_favoring_tas_inverse,-3.2452224104520937,373.0,358.0,-15.0,15.0
Tripura,Unakoti,tripura|unakoti,56.14688743987275,14,53.11750714300814,15,S2_cold_favoring_tas_inverse,-3.029380296864609,456.0,440.0,-16.0,16.0
Tripura,West Tripura,tripura|west tripura,56.670145455033996,14,53.54426678288656,15,S2_cold_favoring_tas_inverse,-3.1258786721474365,421.0,406.0,-15.0,15.0
Uttar Pradesh,Agra,uttar pradesh|agra,57.90896022744314,14,54.47232565005219,15,S2_cold_favoring_tas_inverse,-3.4366345773909472,339.0,329.0,-10.0,10.0
Uttar Pradesh,Aligarh,uttar pradesh|aligarh,56.89194654159433,14,53.595511938228846,15,S2_cold_favoring_tas_inverse,-3.2964346033654834,409.0,402.0,-7.0,7.0
Uttar Pradesh,Ambedkar Nagar,uttar pradesh|ambedkar nagar,58.63448285908726,14,55.02987776464551,15,S2_cold_favoring_tas_inverse,-3.6046050944417445,292.0,293.0,1.0,1.0
Uttar Pradesh,Amethi,uttar pradesh|amethi,59.05751882352332,14,55.42834836821439,15,S2_cold_favoring_tas_inverse,-3.6291704553089303,253.0,249.0,-4.0,4.0
Uttar Pradesh,Amroha,uttar pradesh|amroha,55.09776467064037,14,51.929093650609424,15,S2_cold_favoring_tas_inverse,-3.168671020030949,525.0,525.0,0.0,0.0
Uttar Pradesh,Auraiya,uttar pradesh|auraiya,58.307769895635445,14,54.83214688696794,15,S2_cold_favoring_tas_inverse,-3.4756230086675046,316.0,307.0,-9.0,9.0
Uttar Pradesh,Ayodhya,uttar pradesh|ayodhya,59.02307033422838,14,55.4334672550791,15,S2_cold_favoring_tas_inverse,-3.5896030791492777,257.0,247.0,-10.0,10.0
Uttar Pradesh,Azamgarh,uttar pradesh|azamgarh,58.825383922808925,14,55.161732408590346,15,S2_cold_favoring_tas_inverse,-3.6636515142185786,276.0,284.0,8.0,8.0
Uttar Pradesh,Baghpat,uttar pradesh|baghpat,55.231308638788086,14,52.17231866137809,15,S2_cold_favoring_tas_inverse,-3.0589899774099933,516.0,512.0,-4.0,4.0
Uttar Pradesh,Bahraich,uttar pradesh|bahraich,58.9748118238055,14,55.49693785673623,15,S2_cold_favoring_tas_inverse,-3.4778739670692715,261.0,241.0,-20.0,20.0
Uttar Pradesh,Ballia,uttar pradesh|ballia,59.381979127328066,14,55.706398323740565,15,S2_cold_favoring_tas_inverse,-3.6755808035875006,228.0,223.0,-5.0,5.0
Uttar Pradesh,Balrampur,uttar pradesh|balrampur,59.215999589283484,14,55.74654700116673,15,S2_cold_favoring_tas_inverse,-3.469452588116752,238.0,222.0,-16.0,16.0
Uttar Pradesh,Banda,uttar pradesh|banda,59.57564099186797,14,55.836174119884916,15,S2_cold_favoring_tas_inverse,-3.739466871983055,211.0,215.0,4.0,4.0
Uttar Pradesh,Barabanki,uttar pradesh|barabanki,58.801683526870036,14,55.27143550776301,15,S2_cold_favoring_tas_inverse,-3.5302480191070273,278.0,267.0,-11.0,11.0
Uttar Pradesh,Bareilly,uttar pradesh|bareilly,56.23450736787291,14,52.88212324928092,15,S2_cold_favoring_tas_inverse,-3.352384118591985,450.0,455.0,5.0,5.0
Uttar Pradesh,Basti,uttar pradesh|basti,58.79813453895635,14,55.2503787032424,15,S2_cold_favoring_tas_inverse,-3.54775583571395,279.0,270.0,-9.0,9.0
Uttar Pradesh,Bhadohi,uttar pradesh|bhadohi,59.24087158458332,14,55.415378909140315,15,S2_cold_favoring_tas_inverse,-3.8254926754430016,237.0,251.0,14.0,14.0
Uttar Pradesh,Bijnor,uttar pradesh|bijnor,54.4078355479354,14,51.33424659270028,15,S2_cold_favoring_tas_inverse,-3.0735889552351168,555.0,548.0,-7.0,7.0
Uttar Pradesh,Budaun,uttar pradesh|budaun,56.59213504432958,14,53.249901927714895,15,S2_cold_favoring_tas_inverse,-3.342233116614686,425.0,434.0,9.0,9.0
Uttar Pradesh,Bulandshahr,uttar pradesh|bulandshahr,56.100638678496864,14,52.88821055689081,15,S2_cold_favoring_tas_inverse,-3.2124281216060524,459.0,454.0,-5.0,5.0
Uttar Pradesh,Chandauli,uttar pradesh|chandauli,58.65618639892081,14,54.914784101337816,15,S2_cold_favoring_tas_inverse,-3.7414022975829937,289.0,303.0,14.0,14.0
Uttar Pradesh,Chitrakoot,uttar pradesh|chitrakoot,59.099890752092534,14,55.3571871675745,15,S2_cold_favoring_tas_inverse,-3.7427035845180328,249.0,255.0,6.0,6.0
Uttar Pradesh,Deoria,uttar pradesh|deoria,58.90026473636604,14,55.34212125550366,15,S2_cold_favoring_tas_inverse,-3.558143480862377,269.0,256.0,-13.0,13.0
Uttar Pradesh,Etah,uttar pradesh|etah,57.199003731030736,14,53.82402634350291,15,S2_cold_favoring_tas_inverse,-3.374977387527828,387.0,381.0,-6.0,6.0
Uttar Pradesh,Etawah,uttar pradesh|etawah,58.22692204474275,14,54.749176468108786,15,S2_cold_favoring_tas_inverse,-3.477745576633964,321.0,312.0,-9.0,9.0
Uttar Pradesh,Farrukhabad,uttar pradesh|farrukhabad,57.116437465384074,14,53.74204950007531,15,S2_cold_favoring_tas_inverse,-3.374387965308763,395.0,390.0,-5.0,5.0
Uttar Pradesh,Fatehpur,uttar pradesh|fatehpur,59.61697442406412,14,55.90613172632248,15,S2_cold_favoring_tas_inverse,-3.71084269774164,210.0,209.0,-1.0,1.0
Uttar Pradesh,Firozabad,uttar pradesh|firozabad,57.70012963067472,14,54.27231683838782,15,S2_cold_favoring_tas_inverse,-3.4278127922868933,351.0,353.0,2.0,2.0
Uttar Pradesh,Gautam Buddha Nagar,uttar pradesh|gautam buddha nagar,56.119580676547116,14,52.95676530438103,15,S2_cold_favoring_tas_inverse,-3.1628153721660865,457.0,451.0,-6.0,6.0
Uttar Pradesh,Ghaziabad,uttar pradesh|ghaziabad,55.50958969599036,14,52.41636549598148,15,S2_cold_favoring_tas_inverse,-3.0932242000088763,502.0,496.0,-6.0,6.0
Uttar Pradesh,Ghazipur,uttar pradesh|ghazipur,59.32799614686426,14,55.58056002423058,15,S2_cold_favoring_tas_inverse,-3.7474361226336796,233.0,231.0,-2.0,2.0
Uttar Pradesh,Gonda,uttar pradesh|gonda,58.84983068600747,14,55.330792133573354,15,S2_cold_favoring_tas_inverse,-3.519038552434118,273.0,259.0,-14.0,14.0
Uttar Pradesh,Gorakhpur,uttar pradesh|gorakhpur,58.77565433969567,14,55.234111425430605,15,S2_cold_favoring_tas_inverse,-3.541542914265065,282.0,276.0,-6.0,6.0
Uttar Pradesh,Hamirpur,uttar pradesh|hamirpur,58.85638038249795,14,55.244408371667156,15,S2_cold_favoring_tas_inverse,-3.6119720108307973,272.0,273.0,1.0,1.0
Uttar Pradesh,Hapur,uttar pradesh|hapur,55.425828603783856,14,52.2929362958553,15,S2_cold_favoring_tas_inverse,-3.1328923079285573,507.0,502.0,-5.0,5.0
Uttar Pradesh,Hardoi,uttar pradesh|hardoi,57.457312589000075,14,54.05216536902251,15,S2_cold_favoring_tas_inverse,-3.4051472199775645,369.0,364.0,-5.0,5.0
Uttar Pradesh,Hathras,uttar pradesh|hathras,57.30241633950172,14,53.949049207609676,15,S2_cold_favoring_tas_inverse,-3.3533671318920426,378.0,370.0,-8.0,8.0
Uttar Pradesh,Jalaun,uttar pradesh|jalaun,58.769955241450134,14,55.20001483127366,15,S2_cold_favoring_tas_inverse,-3.5699404101764713,283.0,280.0,-3.0,3.0
Uttar Pradesh,Jaunpur,uttar pradesh|jaunpur,59.0184302948408,14,55.28551690634824,15,S2_cold_favoring_tas_inverse,-3.7329133884925554,258.0,264.0,6.0,6.0
Uttar Pradesh,Jhansi,uttar pradesh|jhansi,57.25585735168237,14,53.76628344257329,15,S2_cold_favoring_tas_inverse,-3.489573909109083,384.0,388.0,4.0,4.0
Uttar Pradesh,Kannauj,uttar pradesh|kannauj,57.6947517770152,14,54.28217399802281,15,S2_cold_favoring_tas_inverse,-3.412577778992386,353.0,351.0,-2.0,2.0
Uttar Pradesh,Kanpur Dehat,uttar pradesh|kanpur dehat,58.6728736988148,14,55.14588408149233,15,S2_cold_favoring_tas_inverse,-3.5269896173224637,287.0,286.0,-1.0,1.0
Uttar Pradesh,Kanpur Nagar,uttar pradesh|kanpur nagar,58.85908949468698,14,55.30467182328347,15,S2_cold_favoring_tas_inverse,-3.554417671403506,271.0,262.0,-9.0,9.0
Uttar Pradesh,Kasganj,uttar pradesh|kasganj,56.946475359561425,14,53.58770926423255,15,S2_cold_favoring_tas_inverse,-3.3587660953288747,407.0,403.0,-4.0,4.0
Uttar Pradesh,Kaushambi,uttar pradesh|kaushambi,59.78686122967182,14,55.960463645719976,15,S2_cold_favoring_tas_inverse,-3.826397583951845,202.0,206.0,4.0,4.0
Uttar Pradesh,Kheri,uttar pradesh|kheri,57.741881444222585,14,54.3343087915992,15,S2_cold_favoring_tas_inverse,-3.4075726526233865,347.0,342.0,-5.0,5.0
Uttar Pradesh,Kushi Nagar,uttar pradesh|kushi nagar,59.34241320388438,14,55.84802255149261,15,S2_cold_favoring_tas_inverse,-3.4943906523917647,231.0,212.0,-19.0,19.0
Uttar Pradesh,Lalitpur,uttar pradesh|lalitpur,55.20019147343711,14,51.77027265478324,15,S2_cold_favoring_tas_inverse,-3.429918818653867,520.0,535.0,15.0,15.0
Uttar Pradesh,Lucknow,uttar pradesh|lucknow,58.51705866134206,14,55.00883445181972,15,S2_cold_favoring_tas_inverse,-3.5082242095223393,301.0,298.0,-3.0,3.0
Uttar Pradesh,Maharajganj,uttar pradesh|maharajganj,59.56116833891653,14,56.07881585801511,15,S2_cold_favoring_tas_inverse,-3.482352480901419,212.0,200.0,-12.0,12.0
Uttar Pradesh,Mahoba,uttar pradesh|mahoba,57.62252671912523,14,54.099262493945595,15,S2_cold_favoring_tas_inverse,-3.5232642251796378,358.0,361.0,3.0,3.0
Uttar Pradesh,Mainpuri,uttar pradesh|mainpuri,57.40785889067482,14,54.001224512341345,15,S2_cold_favoring_tas_inverse,-3.4066343783334716,374.0,366.0,-8.0,8.0
Uttar Pradesh,Mathura,uttar pradesh|mathura,57.17791707776835,14,53.88158633074742,15,S2_cold_favoring_tas_inverse,-3.2963307470209315,390.0,377.0,-13.0,13.0
Uttar Pradesh,Mau,uttar pradesh|mau,58.981787614216834,14,55.33192357560551,15,S2_cold_favoring_tas_inverse,-3.6498640386113266,260.0,258.0,-2.0,2.0
Uttar Pradesh,Meerut,uttar pradesh|meerut,55.001939691889966,14,51.923400504742496,15,S2_cold_favoring_tas_inverse,-3.07853918714747,529.0,526.0,-3.0,3.0
Uttar Pradesh,Mirzapur,uttar pradesh|mirzapur,58.445775084151364,14,54.698582483798866,15,S2_cold_favoring_tas_inverse,-3.7471926003524985,306.0,317.0,11.0,11.0
Uttar Pradesh,Moradabad,uttar pradesh|moradabad,55.17381728433514,14,51.94633357092691,15,S2_cold_favoring_tas_inverse,-3.2274837134082333,521.0,524.0,3.0,3.0
Uttar Pradesh,Muzaffarnagar,uttar pradesh|muzaffarnagar,54.77599781690985,14,51.735102479383826,15,S2_cold_favoring_tas_inverse,-3.040895337526024,536.0,537.0,1.0,1.0
Uttar Pradesh,Pilibhit,uttar pradesh|pilibhit,56.32053099220827,14,52.96246171127239,15,S2_cold_favoring_tas_inverse,-3.3580692809358794,445.0,450.0,5.0,5.0
Uttar Pradesh,Pratapgarh,uttar pradesh|pratapgarh,59.306755523937284,14,55.5725868181583,15,S2_cold_favoring_tas_inverse,-3.734168705778984,234.0,232.0,-2.0,2.0
Uttar Pradesh,Prayagraj,uttar pradesh|prayagraj,59.282930287645115,14,55.4641045171918,15,S2_cold_favoring_tas_inverse,-3.8188257704533157,235.0,245.0,10.0,10.0
Uttar Pradesh,Rae Bareli,uttar pradesh|rae bareli,59.15277913180635,14,55.51485103981889,15,S2_cold_favoring_tas_inverse,-3.6379280919874546,244.0,238.0,-6.0,6.0
Uttar Pradesh,Rampur,uttar pradesh|rampur,55.82974341091509,14,52.51978221346743,15,S2_cold_favoring_tas_inverse,-3.309961197447663,483.0,489.0,6.0,6.0
Uttar Pradesh,Saharanpur,uttar pradesh|saharanpur,54.72892831179823,14,51.742642793867184,15,S2_cold_favoring_tas_inverse,-2.9862855179310444,539.0,536.0,-3.0,3.0
Uttar Pradesh,Sambhal,uttar pradesh|sambhal,55.90199440757801,14,52.639368427638395,15,S2_cold_favoring_tas_inverse,-3.262625979939614,470.0,483.0,13.0,13.0
Uttar Pradesh,Sant Kabeer Nagar,uttar pradesh|sant kabeer nagar,58.79307757320819,14,55.25180131914835,15,S2_cold_favoring_tas_inverse,-3.541276254059838,280.0,269.0,-11.0,11.0
Uttar Pradesh,Shahjahanpur,uttar pradesh|shahjahanpur,56.753037697544016,14,53.38921525636839,15,S2_cold_favoring_tas_inverse,-3.3638224411756283,415.0,423.0,8.0,8.0
Uttar Pradesh,Shamli,uttar pradesh|shamli,55.234536387980626,14,52.177584029527466,15,S2_cold_favoring_tas_inverse,-3.0569523584531595,515.0,511.0,-4.0,4.0
Uttar Pradesh,Shravasti,uttar pradesh|shravasti,59.48364782200126,14,56.01411558842955,15,S2_cold_favoring_tas_inverse,-3.4695322335717123,216.0,204.0,-12.0,12.0
Uttar Pradesh,Siddharth Nagar,uttar pradesh|siddharth nagar,59.13799545355624,14,55.65158403642013,15,S2_cold_favoring_tas_inverse,-3.486411417136111,245.0,225.0,-20.0,20.0
Uttar Pradesh,Sitapur,uttar pradesh|sitapur,57.89577480686839,14,54.459560268020255,15,S2_cold_favoring_tas_inverse,-3.4362145388481338,340.0,331.0,-9.0,9.0
Uttar Pradesh,Sonbhadra,uttar pradesh|sonbhadra,56.57105718794005,14,53.028010463218166,15,S2_cold_favoring_tas_inverse,-3.543046724721883,428.0,447.0,19.0,19.0
Uttar Pradesh,Sultanpur,uttar pradesh|sultanpur,58.872334929728765,14,55.229814447963285,15,S2_cold_favoring_tas_inverse,-3.64252048176548,270.0,277.0,7.0,7.0
Uttar Pradesh,Unnao,uttar pradesh|unnao,58.6018048597803,14,55.07981227903119,15,S2_cold_favoring_tas_inverse,-3.5219925807491137,296.0,289.0,-7.0,7.0
Uttar Pradesh,Varanasi,uttar pradesh|varanasi,59.20124196048556,14,55.40840364359388,15,S2_cold_favoring_tas_inverse,-3.7928383168916824,240.0,252.0,12.0,12.0
Uttarakhand,Almora,uttarakhand|almora,35.426664848699374,14,34.87619727849989,15,S2_cold_favoring_tas_inverse,-0.550467570199487,729.0,730.0,1.0,1.0
Uttarakhand,Bageshwar,uttarakhand|bageshwar,29.40933910618979,14,30.472091018584557,15,S2_cold_favoring_tas_inverse,1.0627519123947664,748.0,749.0,1.0,1.0
Uttarakhand,Chamoli,uttarakhand|chamoli,19.924466875336282,14,23.499137942471304,15,S2_cold_favoring_tas_inverse,3.5746710671350215,773.0,773.0,0.0,0.0
Uttarakhand,Champawat,uttarakhand|champawat,40.41254773599154,14,39.10763965892116,15,S2_cold_favoring_tas_inverse,-1.3049080770703796,698.0,701.0,3.0,3.0
Uttarakhand,Dehradun,uttarakhand|dehradun,42.6828670892898,14,41.32404205617124,15,S2_cold_favoring_tas_inverse,-1.3588250331185634,683.0,681.0,-2.0,2.0
Uttarakhand,Haridwar,uttarakhand|haridwar,54.14737856994864,14,51.19728089465908,15,S2_cold_favoring_tas_inverse,-2.9500976752895625,564.0,555.0,-9.0,9.0
Uttarakhand,Nainital,uttarakhand|nainital,44.39965361374539,14,42.55281264963912,15,S2_cold_favoring_tas_inverse,-1.8468409641062706,675.0,675.0,0.0,0.0
Uttarakhand,Pauri Garhwal,uttarakhand|pauri garhwal,40.34762736715306,14,39.200885965631805,15,S2_cold_favoring_tas_inverse,-1.146741401521254,699.0,700.0,1.0,1.0
Uttarakhand,Pithoragarh,uttarakhand|pithoragarh,21.058473278838346,14,24.402433563644106,15,S2_cold_favoring_tas_inverse,3.3439602848057604,772.0,771.0,-1.0,1.0
Uttarakhand,Rudra Prayag,uttarakhand|rudra prayag,29.625157090373566,14,30.817656148904696,15,S2_cold_favoring_tas_inverse,1.19249905853113,747.0,746.0,-1.0,1.0
Uttarakhand,Tehri Garhwal,uttarakhand|tehri garhwal,33.59501731833926,14,33.825825569517086,15,S2_cold_favoring_tas_inverse,0.23080825117782666,738.0,738.0,0.0,0.0
Uttarakhand,Udam Singh Nagar,uttarakhand|udam singh nagar,55.22491707604573,14,51.973988395270545,15,S2_cold_favoring_tas_inverse,-3.250928680775182,517.0,523.0,6.0,6.0
Uttarakhand,Uttar Kashi,uttarakhand|uttar kashi,24.622258566620815,14,27.140771085636413,15,S2_cold_favoring_tas_inverse,2.518512519015598,762.0,760.0,-2.0,2.0
West Bengal,24 Paraganas North,west bengal|24 paraganas north,60.263079110090324,14,56.559760072421504,15,S2_cold_favoring_tas_inverse,-3.7033190376688196,187.0,182.0,-5.0,5.0
West Bengal,24 Paraganas South,west bengal|24 paraganas south,58.133857951302076,14,54.71067923399995,15,S2_cold_favoring_tas_inverse,-3.423178717302129,325.0,315.0,-10.0,10.0
West Bengal,Alipurduar,west bengal|alipurduar,52.02185639286781,14,49.5756038822251,15,S2_cold_favoring_tas_inverse,-2.446252510642708,615.0,611.0,-4.0,4.0
West Bengal,Bankura,west bengal|bankura,60.47805401294733,14,56.54678914156485,15,S2_cold_favoring_tas_inverse,-3.9312648713824814,179.0,186.0,7.0,7.0
West Bengal,Birbhum,west bengal|birbhum,60.11517055550435,14,56.31098015222315,15,S2_cold_favoring_tas_inverse,-3.804190403281197,190.0,192.0,2.0,2.0
West Bengal,Coochbehar,west bengal|coochbehar,54.967904207136726,14,52.12730834172445,15,S2_cold_favoring_tas_inverse,-2.8405958654122756,530.0,513.0,-17.0,17.0
West Bengal,Darjeeling,west bengal|darjeeling,39.24538125597035,14,38.43832916236788,15,S2_cold_favoring_tas_inverse,-0.8070520936024721,709.0,709.0,0.0,0.0
West Bengal,Dinajpur Dakshin,west bengal|dinajpur dakshin,57.04766154089941,14,53.84901371228139,15,S2_cold_favoring_tas_inverse,-3.1986478286180215,402.0,379.0,-23.0,23.0
West Bengal,Dinajpur Uttar,west bengal|dinajpur uttar,55.02343681975388,14,52.03321512307563,15,S2_cold_favoring_tas_inverse,-2.9902216966782547,528.0,518.0,-10.0,10.0
West Bengal,Hooghly,west bengal|hooghly,60.855217220698265,14,56.94147225189622,15,S2_cold_favoring_tas_inverse,-3.9137449688020425,163.0,163.0,0.0,0.0
West Bengal,Howrah,west bengal|howrah,60.54724904698688,14,56.685760019349395,15,S2_cold_favoring_tas_inverse,-3.8614890276374823,175.0,175.0,0.0,0.0
West Bengal,Jalpaiguri,west bengal|jalpaiguri,50.93670945236414,14,48.495466383104024,15,S2_cold_favoring_tas_inverse,-2.4412430692601177,636.0,630.0,-6.0,6.0
West Bengal,Jhargram,west bengal|jhargram,61.0351017386649,14,57.03964429562692,15,S2_cold_favoring_tas_inverse,-3.995457443037978,155.0,158.0,3.0,3.0
West Bengal,Kalimpong,west bengal|kalimpong,37.301791809282506,14,36.73514170823296,15,S2_cold_favoring_tas_inverse,-0.5666501010495466,720.0,722.0,2.0,2.0
West Bengal,Kolkata,west bengal|kolkata,60.43768242040328,14,56.6502766913474,15,S2_cold_favoring_tas_inverse,-3.7874057290558767,180.0,179.0,-1.0,1.0
West Bengal,Maldah,west bengal|maldah,57.76978762721518,14,54.433924114053696,15,S2_cold_favoring_tas_inverse,-3.3358635131614847,344.0,334.0,-10.0,10.0
West Bengal,Medinipur East,west bengal|medinipur east,59.17251290080836,14,55.47903545238167,15,S2_cold_favoring_tas_inverse,-3.693477448426684,242.0,244.0,2.0,2.0
West Bengal,Medinipur West,west bengal|medinipur west,60.75781968787302,14,56.81127276306601,15,S2_cold_favoring_tas_inverse,-3.9465469248070093,167.0,171.0,4.0,4.0
West Bengal,Murshidabad,west bengal|murshidabad,60.11282459620601,14,56.388888497597115,15,S2_cold_favoring_tas_inverse,-3.7239360986088954,191.0,190.0,-1.0,1.0
West Bengal,Nadia,west bengal|nadia,60.616974603452384,14,56.80581162544979,15,S2_cold_favoring_tas_inverse,-3.811162978002592,173.0,172.0,-1.0,1.0
West Bengal,Paschim Bardhaman,west bengal|paschim bardhaman,60.30893384474666,14,56.4256070445793,15,S2_cold_favoring_tas_inverse,-3.88332680016736,185.0,187.0,2.0,2.0
West Bengal,Purba Bardhaman,west bengal|purba bardhaman,60.740661317218425,14,56.82630488261656,15,S2_cold_favoring_tas_inverse,-3.9143564346018636,169.0,168.0,-1.0,1.0
West Bengal,Purulia,west bengal|purulia,59.19887941891481,14,55.43328576202108,15,S2_cold_favoring_tas_inverse,-3.765593656893728,241.0,248.0,7.0,7.0
Andaman & Nicobar Islands,Nicobars,andaman nicobar islands|nicobars,64.24700480065017,14,65.90347009966378,15,S3_shuffled_hwa,1.656465299013604,46.0,37.0,-9.0,9.0
Andaman & Nicobar Islands,North and Middle Andaman,andaman nicobar islands|north and middle andaman,62.29957025934495,14,64.10781346447023,15,S3_shuffled_hwa,1.8082432051252795,108.0,70.0,-38.0,38.0
Andaman & Nicobar Islands,South Andamans,andaman nicobar islands|south andamans,58.61648978879805,14,58.88646783466775,15,S3_shuffled_hwa,0.2699780458696992,295.0,344.0,49.0,49.0
Andhra Pradesh,Alluri Sitharama Raju,andhra pradesh|alluri sitharama raju,53.5328221764709,14,55.01048054011912,15,S3_shuffled_hwa,1.4776583636482172,584.0,572.0,-12.0,12.0
Andhra Pradesh,Anakapalli,andhra pradesh|anakapalli,62.06273039757758,14,61.463604438572176,15,S3_shuffled_hwa,-0.5991259590054057,116.0,170.0,54.0,54.0
Andhra Pradesh,Anantapur,andhra pradesh|anantapur,62.31443896164073,14,63.41024977060508,15,S3_shuffled_hwa,1.0958108089643446,106.0,101.0,-5.0,5.0
Andhra Pradesh,Annamayya,andhra pradesh|annamayya,57.54116154999696,14,59.523679184750385,15,S3_shuffled_hwa,1.9825176347534281,364.0,293.0,-71.0,71.0
Andhra Pradesh,Bapatla,andhra pradesh|bapatla,63.53267158259229,14,63.04466633146677,15,S3_shuffled_hwa,-0.4880052511255215,62.0,114.0,52.0,52.0
Andhra Pradesh,Chittoor,andhra pradesh|chittoor,56.03361972535438,14,56.53247172401013,15,S3_shuffled_hwa,0.498851998655752,462.0,497.0,35.0,35.0
Andhra Pradesh,East Godavari,andhra pradesh|east godavari,63.51850909499242,14,64.43108761064057,15,S3_shuffled_hwa,0.912578515648157,64.0,60.0,-4.0,4.0
Andhra Pradesh,Eluru,andhra pradesh|eluru,61.75378063456978,14,63.33840858788637,15,S3_shuffled_hwa,1.5846279533165912,136.0,104.0,-32.0,32.0
Andhra Pradesh,Guntur,andhra pradesh|guntur,62.23312261952214,14,62.098687113339786,15,S3_shuffled_hwa,-0.13443550618235633,112.0,145.0,33.0,33.0
Andhra Pradesh,Kakinada,andhra pradesh|kakinada,63.67921364056102,14,64.2056337165407,15,S3_shuffled_hwa,0.5264200759796864,59.0,67.0,8.0,8.0
Andhra Pradesh,Konaseema,andhra pradesh|konaseema,65.70005268751227,14,65.55634027247604,15,S3_shuffled_hwa,-0.14371241503623366,27.0,44.0,17.0,17.0
Andhra Pradesh,Krishna,andhra pradesh|krishna,63.200350868203905,14,64.78419958809164,15,S3_shuffled_hwa,1.5838487198877331,69.0,57.0,-12.0,12.0
Andhra Pradesh,Kurnool,andhra pradesh|kurnool,62.289593395528414,14,63.428707391596674,15,S3_shuffled_hwa,1.1391139960682608,109.0,100.0,-9.0,9.0
Andhra Pradesh,Nandyal,andhra pradesh|nandyal,62.90078741734532,14,63.69799924758767,15,S3_shuffled_hwa,0.7972118302423468,77.0,86.0,9.0,9.0
Andhra Pradesh,Ntr,andhra pradesh|ntr,62.288887217948215,14,63.94827041546271,15,S3_shuffled_hwa,1.6593831975144937,110.0,75.0,-35.0,35.0
Andhra Pradesh,Palnadu,andhra pradesh|palnadu,62.387681535304765,14,58.80317694189265,15,S3_shuffled_hwa,-3.584504593412113,102.0,350.0,248.0,248.0
Andhra Pradesh,Parvathipuram Manyam,andhra pradesh|parvathipuram manyam,57.04776493333461,14,58.614818045032514,15,S3_shuffled_hwa,1.567053111697902,401.0,360.0,-41.0,41.0
Andhra Pradesh,Prakasam,andhra pradesh|prakasam,61.83976301069863,14,61.901731676340766,15,S3_shuffled_hwa,0.06196866564213366,132.0,156.0,24.0,24.0
Andhra Pradesh,Spsr Nellore,andhra pradesh|spsr nellore,65.89134650929145,14,67.1119571866895,15,S3_shuffled_hwa,1.2206106773980423,24.0,21.0,-3.0,3.0
Andhra Pradesh,Sri Sathya Sai,andhra pradesh|sri sathya sai,57.89354079430574,14,57.03909024305832,15,S3_shuffled_hwa,-0.8544505512474245,341.0,466.0,125.0,125.0
Andhra Pradesh,Srikakulam,andhra pradesh|srikakulam,59.84975445562567,14,61.516658144663296,15,S3_shuffled_hwa,1.6669036890376248,199.0,168.0,-31.0,31.0
Andhra Pradesh,Tirupati,andhra pradesh|tirupati,64.27797912245794,14,66.15404278925232,15,S3_shuffled_hwa,1.87606366679438,45.0,33.0,-12.0,12.0
Andhra Pradesh,Visakhapatanam,andhra pradesh|visakhapatanam,63.39924240193832,14,65.28532549080288,15,S3_shuffled_hwa,1.8860830888645594,66.0,50.0,-16.0,16.0
Andhra Pradesh,Vizianagaram,andhra pradesh|vizianagaram,61.71745333337349,14,63.39337744659846,15,S3_shuffled_hwa,1.6759241132249656,137.0,102.0,-35.0,35.0
Andhra Pradesh,West Godavari,andhra pradesh|west godavari,64.28098082079741,14,65.79466085534001,15,S3_shuffled_hwa,1.5136800345426025,44.0,40.0,-4.0,4.0
Andhra Pradesh,Y.S.R,andhra pradesh|ysr,63.44269678982958,14,63.948019849963266,15,S3_shuffled_hwa,0.5053230601336836,65.0,76.0,11.0,11.0
Arunachal Pradesh,Anjaw,arunachal pradesh|anjaw,25.883456146747932,14,30.22603568939496,15,S3_shuffled_hwa,4.342579542647027,757.0,751.0,-6.0,6.0
Arunachal Pradesh,Changlang,arunachal pradesh|changlang,39.6760579418663,14,41.94363281934324,15,S3_shuffled_hwa,2.267574877476946,703.0,700.0,-3.0,3.0
Arunachal Pradesh,Dibang Valley,arunachal pradesh|dibang valley,24.91954025409734,14,25.475319621129586,15,S3_shuffled_hwa,0.5557793670322475,760.0,770.0,10.0,10.0
Arunachal Pradesh,East Kameng,arunachal pradesh|east kameng,30.7059240922652,14,34.341455256159826,15,S3_shuffled_hwa,3.635531163894626,742.0,741.0,-1.0,1.0
Arunachal Pradesh,East Siang,arunachal pradesh|east siang,48.03767943746459,14,50.386511164635714,15,S3_shuffled_hwa,2.348831727171124,658.0,655.0,-3.0,3.0
Arunachal Pradesh,Itanagar Capital Complex,arunachal pradesh|itanagar capital complex,45.21514625247341,14,45.99566665383481,15,S3_shuffled_hwa,0.7805204013614002,670.0,676.0,6.0,6.0
Arunachal Pradesh,Kamle,arunachal pradesh|kamle,37.65916731046227,14,40.51212185768398,15,S3_shuffled_hwa,2.8529545472217066,718.0,714.0,-4.0,4.0
Arunachal Pradesh,Kra Daadi,arunachal pradesh|kra daadi,33.98298843680729,14,37.44018512372463,15,S3_shuffled_hwa,3.4571966869173423,735.0,731.0,-4.0,4.0
Arunachal Pradesh,Kurung Kumey,arunachal pradesh|kurung kumey,26.958613297022627,14,31.188136744714164,15,S3_shuffled_hwa,4.2295234476915375,753.0,750.0,-3.0,3.0
Arunachal Pradesh,Leparada,arunachal pradesh|leparada,42.052040167875695,14,44.557993192849686,15,S3_shuffled_hwa,2.5059530249739908,687.0,684.0,-3.0,3.0
Arunachal Pradesh,Lohit,arunachal pradesh|lohit,40.85661769355074,14,43.754270312428744,15,S3_shuffled_hwa,2.8976526188780056,696.0,688.0,-8.0,8.0
Arunachal Pradesh,Longding,arunachal pradesh|longding,37.51155150887888,14,39.55877675842449,15,S3_shuffled_hwa,2.047225249545612,719.0,719.0,0.0,0.0
Arunachal Pradesh,Lower Dibang Valley,arunachal pradesh|lower dibang valley,39.44002702647112,14,42.63309023756887,15,S3_shuffled_hwa,3.1930632110977513,706.0,697.0,-9.0,9.0
Arunachal Pradesh,Lower Siang,arunachal pradesh|lower siang,46.48058350897268,14,49.02432935367599,15,S3_shuffled_hwa,2.5437458447033094,662.0,659.0,-3.0,3.0
Arunachal Pradesh,Lower Subansiri,arunachal pradesh|lower subansiri,35.79982869926569,14,38.839887906762776,15,S3_shuffled_hwa,3.0400592074970874,728.0,722.0,-6.0,6.0
Arunachal Pradesh,Namsai,arunachal pradesh|namsai,54.20836415842332,14,52.8345367809479,15,S3_shuffled_hwa,-1.373827377475422,561.0,626.0,65.0,65.0
Arunachal Pradesh,Pakke Kessang,arunachal pradesh|pakke kessang,42.64709073670015,14,44.165106578060474,15,S3_shuffled_hwa,1.5180158413603237,684.0,687.0,3.0,3.0
Arunachal Pradesh,Papum Pare,arunachal pradesh|papum pare,38.526042276735154,14,41.113445112961024,15,S3_shuffled_hwa,2.58740283622587,716.0,711.0,-5.0,5.0
Arunachal Pradesh,Shi Yomi,arunachal pradesh|shi yomi,24.162198425649805,14,28.07933835504393,15,S3_shuffled_hwa,3.917139929394125,764.0,763.0,-1.0,1.0
Arunachal Pradesh,Siang,arunachal pradesh|siang,37.08122872237701,14,38.125233758056815,15,S3_shuffled_hwa,1.0440050356798025,722.0,725.0,3.0,3.0
Arunachal Pradesh,Tawang,arunachal pradesh|tawang,21.370684962493396,14,23.934236393897887,15,S3_shuffled_hwa,2.563551431404491,771.0,772.0,1.0,1.0
Arunachal Pradesh,Tirap,arunachal pradesh|tirap,38.46893247216602,14,41.108520800630984,15,S3_shuffled_hwa,2.639588328464967,717.0,712.0,-5.0,5.0
Arunachal Pradesh,Upper Siang,arunachal pradesh|upper siang,30.676272108833764,14,34.20012003962982,15,S3_shuffled_hwa,3.523847930796059,743.0,742.0,-1.0,1.0
Arunachal Pradesh,Upper Subansiri,arunachal pradesh|upper subansiri,29.366455797873613,14,32.91239163602522,15,S3_shuffled_hwa,3.545935838151607,749.0,748.0,-1.0,1.0
Arunachal Pradesh,West Kameng,arunachal pradesh|west kameng,31.128871840422146,14,34.777329270153515,15,S3_shuffled_hwa,3.648457429731369,740.0,740.0,0.0,0.0
Arunachal Pradesh,West Siang,arunachal pradesh|west siang,39.014552070261175,14,41.66037141612973,15,S3_shuffled_hwa,2.645819345868553,712.0,706.0,-6.0,6.0
Assam,Bajali,assam|bajali,54.63397963084602,14,56.450530445735744,15,S3_shuffled_hwa,1.8165508148897231,542.0,502.0,-40.0,40.0
Assam,Baksa,assam|baksa,53.07811764491259,14,54.973940005965204,15,S3_shuffled_hwa,1.8958223610526161,596.0,574.0,-22.0,22.0
Assam,Barpeta,assam|barpeta,54.15861086982461,14,56.00092777628954,15,S3_shuffled_hwa,1.84231690646493,563.0,531.0,-32.0,32.0
Assam,Biswanath,assam|biswanath,55.680299811497314,14,57.35149311878631,15,S3_shuffled_hwa,1.6711933072889948,493.0,450.0,-43.0,43.0
Assam,Bongaigaon,assam|bongaigaon,53.68164923192043,14,55.887875851676796,15,S3_shuffled_hwa,2.2062266197563645,579.0,536.0,-43.0,43.0
Assam,Cachar,assam|cachar,50.551637545563395,14,52.540052073171836,15,S3_shuffled_hwa,1.988414527608441,644.0,630.0,-14.0,14.0
Assam,Charaideo,assam|charaideo,49.42009520637865,14,51.36477959311576,15,S3_shuffled_hwa,1.9446843867371157,654.0,647.0,-7.0,7.0
Assam,Chirang,assam|chirang,52.507341609837304,14,54.60559661750591,15,S3_shuffled_hwa,2.0982550076686053,608.0,586.0,-22.0,22.0
Assam,Darrang,assam|darrang,55.68882333460559,14,57.51665867296012,15,S3_shuffled_hwa,1.8278353383545323,491.0,437.0,-54.0,54.0
Assam,Dhemaji,assam|dhemaji,51.89253839239668,14,53.65864524903271,15,S3_shuffled_hwa,1.7661068566360285,618.0,607.0,-11.0,11.0
Assam,Dhubri,assam|dhubri,54.567241828677865,14,56.74382342207803,15,S3_shuffled_hwa,2.176581593400165,547.0,482.0,-65.0,65.0
Assam,Dibrugarh,assam|dibrugarh,51.03672666328215,14,53.21271335143595,15,S3_shuffled_hwa,2.175986688153799,633.0,620.0,-13.0,13.0
Assam,Dima Hasao,assam|dima hasao,43.97886301540355,14,46.412021578244754,15,S3_shuffled_hwa,2.433158562841207,676.0,671.0,-5.0,5.0
Assam,Goalpara,assam|goalpara,53.25369141323578,14,55.11216989442398,15,S3_shuffled_hwa,1.8584784811882002,592.0,570.0,-22.0,22.0
Assam,Golaghat,assam|golaghat,52.992892073771934,14,54.71758257317685,15,S3_shuffled_hwa,1.7246904994049146,598.0,582.0,-16.0,16.0
Assam,Hailakandi,assam|hailakandi,53.647408287896035,14,54.77319667112269,15,S3_shuffled_hwa,1.1257883832266558,581.0,580.0,-1.0,1.0
Assam,Hojai,assam|hojai,53.16882203683517,14,55.17440206632956,15,S3_shuffled_hwa,2.0055800294943964,593.0,568.0,-25.0,25.0
Assam,Jorhat,assam|jorhat,53.03418148721331,14,55.444085307845484,15,S3_shuffled_hwa,2.4099038206321737,597.0,555.0,-42.0,42.0
Assam,Kamrup,assam|kamrup,53.28246217406105,14,54.13939274883102,15,S3_shuffled_hwa,0.8569305747699687,591.0,596.0,5.0,5.0
Assam,Kamrup Metro,assam|kamrup metro,53.80774766846813,14,55.75827463406664,15,S3_shuffled_hwa,1.950526965598506,574.0,542.0,-32.0,32.0
Assam,Karbi Anglong,assam|karbi anglong,49.27429979563427,14,51.86481568541023,15,S3_shuffled_hwa,2.5905158897759577,655.0,640.0,-15.0,15.0
Assam,Karimganj,assam|karimganj,53.97864704027353,14,56.20949970346032,15,S3_shuffled_hwa,2.2308526631867878,568.0,520.0,-48.0,48.0
Assam,Kokrajhar,assam|kokrajhar,54.04185835358869,14,55.20229610154468,15,S3_shuffled_hwa,1.1604377479559957,567.0,565.0,-2.0,2.0
Assam,Lakhimpur,assam|lakhimpur,53.73976492578699,14,55.848947425798876,15,S3_shuffled_hwa,2.109182500011883,577.0,539.0,-38.0,38.0
Assam,Majuli,assam|majuli,54.62372172913511,14,55.725631516200146,15,S3_shuffled_hwa,1.1019097870650327,543.0,545.0,2.0,2.0
Assam,Marigaon,assam|marigaon,55.302468813268774,14,57.473540319876605,15,S3_shuffled_hwa,2.1710715066078308,513.0,443.0,-70.0,70.0
Assam,Nagaon,assam|nagaon,55.16478336084616,14,54.8460386862062,15,S3_shuffled_hwa,-0.3187446746399587,523.0,579.0,56.0,56.0
Assam,Nalbari,assam|nalbari,54.5945855772949,14,56.28015675284263,15,S3_shuffled_hwa,1.6855711755477287,545.0,518.0,-27.0,27.0
Assam,Sivasagar,assam|sivasagar,52.49136332673095,14,53.5797086561124,15,S3_shuffled_hwa,1.088345329381454,609.0,609.0,0.0,0.0
Assam,Sonitpur,assam|sonitpur,55.17164617036242,14,54.88470219777871,15,S3_shuffled_hwa,-0.28694397258371396,522.0,576.0,54.0,54.0
Assam,South Salmara Mancachar,assam|south salmara mancachar,54.810923284890805,14,56.644165464751204,15,S3_shuffled_hwa,1.8332421798603988,534.0,489.0,-45.0,45.0
Assam,Tamulpur,assam|tamulpur,52.44409227661534,14,53.683452914016875,15,S3_shuffled_hwa,1.239360637401532,610.0,604.0,-6.0,6.0
Assam,Tinsukia,assam|tinsukia,52.13189307368243,14,53.416555235541956,15,S3_shuffled_hwa,1.2846621618595293,614.0,614.0,0.0,0.0
Assam,Udalguri,assam|udalguri,52.854551518694876,14,55.12236643363571,15,S3_shuffled_hwa,2.2678149149408355,603.0,569.0,-34.0,34.0
Assam,West Karbi Anglong,assam|west karbi anglong,46.61669213837033,14,47.42802577515486,15,S3_shuffled_hwa,0.811333636784525,661.0,668.0,7.0,7.0
Bihar,Araria,bihar|araria,54.344170030041404,14,55.96897433099546,15,S3_shuffled_hwa,1.6248043009540538,557.0,534.0,-23.0,23.0
Bihar,Arwal,bihar|arwal,59.39416368055025,14,60.977025416433015,15,S3_shuffled_hwa,1.5828617358827657,226.0,190.0,-36.0,36.0
Bihar,Aurangabad,bihar|aurangabad,59.01748380329033,14,58.15172831031504,15,S3_shuffled_hwa,-0.8657554929752891,259.0,389.0,130.0,130.0
Bihar,Banka,bihar|banka,56.81954591291767,14,57.760396732720615,15,S3_shuffled_hwa,0.9408508198029466,413.0,419.0,6.0,6.0
Bihar,Begusarai,bihar|begusarai,57.71343479305409,14,59.09418425916863,15,S3_shuffled_hwa,1.380749466114537,349.0,325.0,-24.0,24.0
Bihar,Bhagalpur,bihar|bhagalpur,56.67347032645894,14,57.95113835440665,15,S3_shuffled_hwa,1.277668027947712,419.0,402.0,-17.0,17.0
Bihar,Bhojpur,bihar|bhojpur,59.33019105983194,14,55.508300578474675,15,S3_shuffled_hwa,-3.821890481357265,232.0,552.0,320.0,320.0
Bihar,Buxar,bihar|buxar,59.37706358356678,14,59.742606537383004,15,S3_shuffled_hwa,0.3655429538162238,229.0,279.0,50.0,50.0
Bihar,Darbhanga,bihar|darbhanga,57.28215280767811,14,59.478828882527374,15,S3_shuffled_hwa,2.1966760748492646,381.0,298.0,-83.0,83.0
Bihar,Gaya,bihar|gaya,58.762907085537336,14,60.0854982831271,15,S3_shuffled_hwa,1.322591197589766,284.0,253.0,-31.0,31.0
Bihar,Gopalganj,bihar|gopalganj,59.10558502620354,14,60.98247376973509,15,S3_shuffled_hwa,1.876888743531545,248.0,189.0,-59.0,59.0
Bihar,Jamui,bihar|jamui,56.55182745689482,14,58.34110865791269,15,S3_shuffled_hwa,1.7892812010178716,434.0,378.0,-56.0,56.0
Bihar,Jehanabad,bihar|jehanabad,59.39282069688942,14,60.70047193828878,15,S3_shuffled_hwa,1.3076512413993555,227.0,204.0,-23.0,23.0
Bihar,Kaimur (Bhabua),bihar|kaimur bhabua,58.291671104600475,14,59.34398589792311,15,S3_shuffled_hwa,1.0523147933226369,319.0,308.0,-11.0,11.0
Bihar,Katihar,bihar|katihar,55.81791903152099,14,56.328962477136194,15,S3_shuffled_hwa,0.5110434456152078,484.0,514.0,30.0,30.0
Bihar,Khagaria,bihar|khagaria,56.99363529199187,14,56.44652646319609,15,S3_shuffled_hwa,-0.5471088287957784,406.0,503.0,97.0,97.0
Bihar,Kishanganj,bihar|kishanganj,53.561271688562755,14,54.60292869073139,15,S3_shuffled_hwa,1.041657002168634,583.0,587.0,4.0,4.0
Bihar,Lakhisarai,bihar|lakhisarai,57.70952300488657,14,59.10541083867631,15,S3_shuffled_hwa,1.3958878337897431,350.0,324.0,-26.0,26.0
Bihar,Madhepura,bihar|madhepura,55.96508868987474,14,57.81064908444559,15,S3_shuffled_hwa,1.8455603945708532,464.0,414.0,-50.0,50.0
Bihar,Madhubani,bihar|madhubani,56.56481843552309,14,58.38713725338574,15,S3_shuffled_hwa,1.8223188178626515,430.0,375.0,-55.0,55.0
Bihar,Munger,bihar|munger,57.04981707385912,14,58.888090937946714,15,S3_shuffled_hwa,1.838273864087597,400.0,342.0,-58.0,58.0
Bihar,Muzaffarpur,bihar|muzaffarpur,58.41741971939373,14,59.47703862161206,15,S3_shuffled_hwa,1.0596189022183324,308.0,299.0,-9.0,9.0
Bihar,Nalanda,bihar|nalanda,58.94774598370776,14,60.36094709160481,15,S3_shuffled_hwa,1.413201107897045,265.0,232.0,-33.0,33.0
Bihar,Nawada,bihar|nawada,57.838243003116204,14,59.543258394594005,15,S3_shuffled_hwa,1.7050153914778008,342.0,290.0,-52.0,52.0
Bihar,Pashchim Champaran,bihar|pashchim champaran,59.62678127785837,14,60.1619181375852,15,S3_shuffled_hwa,0.5351368597268262,209.0,248.0,39.0,39.0
Bihar,Patna,bihar|patna,58.96972325841383,14,60.648338830960405,15,S3_shuffled_hwa,1.6786155725465761,262.0,209.0,-53.0,53.0
Bihar,Purbi Champaran,bihar|purbi champaran,59.53793570845319,14,60.95535938195821,15,S3_shuffled_hwa,1.41742367350502,213.0,192.0,-21.0,21.0
Bihar,Purnia,bihar|purnia,55.28192831420278,14,56.77762298282575,15,S3_shuffled_hwa,1.495694668622967,514.0,478.0,-36.0,36.0
Bihar,Rohtas,bihar|rohtas,58.753482828381145,14,59.56393810133154,15,S3_shuffled_hwa,0.8104552729503922,285.0,288.0,3.0,3.0
Bihar,Saharsa,bihar|saharsa,56.68985003349902,14,58.51419502258679,15,S3_shuffled_hwa,1.8243449890877699,418.0,365.0,-53.0,53.0
Bihar,Samastipur,bihar|samastipur,57.832226812014575,14,58.93618567983555,15,S3_shuffled_hwa,1.1039588678209782,343.0,336.0,-7.0,7.0
Bihar,Saran,bihar|saran,59.05599265352456,14,60.27696440915423,15,S3_shuffled_hwa,1.2209717556296695,254.0,237.0,-17.0,17.0
Bihar,Sheikhpura,bihar|sheikhpura,58.54286754128797,14,57.90031536445489,15,S3_shuffled_hwa,-0.6425521768330782,298.0,407.0,109.0,109.0
Bihar,Sheohar,bihar|sheohar,58.636478821530176,14,58.99781396962349,15,S3_shuffled_hwa,0.36133514809331757,291.0,330.0,39.0,39.0
Bihar,Sitamarhi,bihar|sitamarhi,58.336828305626206,14,59.55755614048456,15,S3_shuffled_hwa,1.2207278348583515,313.0,289.0,-24.0,24.0
Bihar,Siwan,bihar|siwan,59.09633986619643,14,60.50151466501776,15,S3_shuffled_hwa,1.405174798821328,251.0,223.0,-28.0,28.0
Bihar,Supaul,bihar|supaul,55.07262531724943,14,56.68965330917203,15,S3_shuffled_hwa,1.6170279919225976,526.0,485.0,-41.0,41.0
Bihar,Vaishali,bihar|vaishali,58.62332634612669,14,59.934279231654195,15,S3_shuffled_hwa,1.3109528855275059,294.0,266.0,-28.0,28.0
Chandigarh,Chandigarh,chandigarh|chandigarh,54.956989392909264,14,56.07837164878605,15,S3_shuffled_hwa,1.1213822558767887,531.0,528.0,-3.0,3.0
Chhattisgarh,Balod,chhattisgarh|balod,59.77983278170188,14,59.58876338302903,15,S3_shuffled_hwa,-0.19106939867284467,203.0,286.0,83.0,83.0
Chhattisgarh,Baloda Bazar,chhattisgarh|baloda bazar,59.80477019184231,14,61.229996624801345,15,S3_shuffled_hwa,1.425226432959036,200.0,179.0,-21.0,21.0
Chhattisgarh,Balrampur,chhattisgarh|balrampur,51.71728627452685,14,50.81230397368929,15,S3_shuffled_hwa,-0.9049823008375597,621.0,650.0,29.0,29.0
Chhattisgarh,Bastar,chhattisgarh|bastar,55.862615404309686,14,57.45522294480233,15,S3_shuffled_hwa,1.5926075404926436,479.0,444.0,-35.0,35.0
Chhattisgarh,Bemetara,chhattisgarh|bemetara,60.11271664808249,14,61.54423793572017,15,S3_shuffled_hwa,1.431521287637679,192.0,166.0,-26.0,26.0
Chhattisgarh,Bijapur,chhattisgarh|bijapur,61.46851760913215,14,60.56649363010187,15,S3_shuffled_hwa,-0.9020239790302824,143.0,217.0,74.0,74.0
Chhattisgarh,Bilaspur,chhattisgarh|bilaspur,58.29336830805667,14,59.88514493920988,15,S3_shuffled_hwa,1.591776631153209,318.0,271.0,-47.0,47.0
Chhattisgarh,Dantewada,chhattisgarh|dantewada,58.15954615610866,14,56.368735939734165,15,S3_shuffled_hwa,-1.7908102163744957,324.0,510.0,186.0,186.0
Chhattisgarh,Dhamtari,chhattisgarh|dhamtari,58.81160684662968,14,60.06555082764874,15,S3_shuffled_hwa,1.253943981019063,277.0,254.0,-23.0,23.0
Chhattisgarh,Durg,chhattisgarh|durg,60.63303884710103,14,61.000717491086675,15,S3_shuffled_hwa,0.36767864398564853,172.0,187.0,15.0,15.0
Chhattisgarh,Gariyaband,chhattisgarh|gariyaband,57.168433730489305,14,57.64174064274968,15,S3_shuffled_hwa,0.4733069122603766,391.0,427.0,36.0,36.0
Chhattisgarh,Gaurella Pendra Marwahi,chhattisgarh|gaurella pendra marwahi,53.50059094849557,14,55.62380241964077,15,S3_shuffled_hwa,2.123211471145197,586.0,547.0,-39.0,39.0
Chhattisgarh,Janjgir-Champa,chhattisgarh|janjgir champa,59.7578755058875,14,61.34394241609609,15,S3_shuffled_hwa,1.5860669102085936,207.0,177.0,-30.0,30.0
Chhattisgarh,Jashpur,chhattisgarh|jashpur,52.65755598853742,14,50.58802567983835,15,S3_shuffled_hwa,-2.069530308699065,606.0,654.0,48.0,48.0
Chhattisgarh,Kabirdham,chhattisgarh|kabirdham,55.83381372683982,14,57.495757442743475,15,S3_shuffled_hwa,1.6619437159036536,482.0,439.0,-43.0,43.0
Chhattisgarh,Kanker,chhattisgarh|kanker,58.10212739864156,14,59.779460085055014,15,S3_shuffled_hwa,1.6773326864134575,329.0,278.0,-51.0,51.0
Chhattisgarh,Khairgarh Chhuikhadan Gandai,chhattisgarh|khairgarh chhuikhadan gandai,57.28747881352573,14,58.911951777686106,15,S3_shuffled_hwa,1.6244729641603755,380.0,339.0,-41.0,41.0
Chhattisgarh,Kondagaon,chhattisgarh|kondagaon,55.32083316352358,14,56.74038300083207,15,S3_shuffled_hwa,1.4195498373084874,512.0,484.0,-28.0,28.0
Chhattisgarh,Korba,chhattisgarh|korba,56.51588482950198,14,58.50763297273484,15,S3_shuffled_hwa,1.9917481432328614,436.0,366.0,-70.0,70.0
Chhattisgarh,Korea,chhattisgarh|korea,50.94418973788516,14,50.60051077026195,15,S3_shuffled_hwa,-0.3436789676232124,635.0,653.0,18.0,18.0
Chhattisgarh,Mahasamund,chhattisgarh|mahasamund,59.17019473247305,14,60.15960363139236,15,S3_shuffled_hwa,0.9894088989193079,243.0,249.0,6.0,6.0
Chhattisgarh,Manendragarh Chirimiri Bharatpur,chhattisgarh|manendragarh chirimiri bharatpur,52.423959548420804,14,52.47338874508165,15,S3_shuffled_hwa,0.049429196660845776,611.0,631.0,20.0,20.0
Chhattisgarh,Mohla Manpur Ambagarh Chouki,chhattisgarh|mohla manpur ambagarh chouki,58.4909631502724,14,59.659850015009695,15,S3_shuffled_hwa,1.1688868647372956,303.0,282.0,-21.0,21.0
Chhattisgarh,Mungeli,chhattisgarh|mungeli,57.654240276129535,14,58.385215554631856,15,S3_shuffled_hwa,0.7309752785023207,354.0,376.0,22.0,22.0
Chhattisgarh,Narayanpur,chhattisgarh|narayanpur,55.53421250931873,14,56.41033651942229,15,S3_shuffled_hwa,0.8761240101035597,499.0,507.0,8.0,8.0
Chhattisgarh,Raigarh,chhattisgarh|raigarh,57.46129287307405,14,58.63412126120476,15,S3_shuffled_hwa,1.1728283881307107,368.0,358.0,-10.0,10.0
Chhattisgarh,Raipur,chhattisgarh|raipur,60.38606498210997,14,61.936964615299296,15,S3_shuffled_hwa,1.5508996331893243,183.0,154.0,-29.0,29.0
Chhattisgarh,Rajnandgaon,chhattisgarh|rajnandgaon,59.407024272474764,14,60.99112225817743,15,S3_shuffled_hwa,1.5840979857026625,223.0,188.0,-35.0,35.0
Chhattisgarh,Sakti,chhattisgarh|sakti,59.86447276668362,14,59.67021591262161,15,S3_shuffled_hwa,-0.19425685406201154,198.0,281.0,83.0,83.0
Chhattisgarh,Sarangarh Bilaigarh,chhattisgarh|sarangarh bilaigarh,59.77155350125504,14,60.74995907181365,15,S3_shuffled_hwa,0.978405570558607,204.0,201.0,-3.0,3.0
Chhattisgarh,Sukma,chhattisgarh|sukma,61.67418238986263,14,60.5846596621584,15,S3_shuffled_hwa,-1.089522727704228,138.0,215.0,77.0,77.0
Chhattisgarh,Surajpur,chhattisgarh|surajpur,53.10103969612478,14,54.85924281509243,15,S3_shuffled_hwa,1.75820311896765,595.0,577.0,-18.0,18.0
Chhattisgarh,Surguja,chhattisgarh|surguja,51.61316958774065,14,52.985597339635156,15,S3_shuffled_hwa,1.3724277518945058,624.0,623.0,-1.0,1.0
Delhi,Central,delhi|central,55.862983945199005,14,57.928541719704725,15,S3_shuffled_hwa,2.06555777450572,478.0,403.0,-75.0,75.0
Delhi,East,delhi|east,55.91756945615529,14,58.06514632550377,15,S3_shuffled_hwa,2.1475768693484767,468.0,393.0,-75.0,75.0
Delhi,New Delhi,delhi|new delhi,55.87765015113166,14,54.62826762286492,15,S3_shuffled_hwa,-1.249382528266743,474.0,585.0,111.0,111.0
Delhi,North,delhi|north,55.71068289873349,14,56.422691039935614,15,S3_shuffled_hwa,0.7120081412021264,490.0,506.0,16.0,16.0
Delhi,North East,delhi|north east,55.85361566878166,14,57.444076572038654,15,S3_shuffled_hwa,1.5904609032569965,481.0,445.0,-36.0,36.0
Delhi,North West,delhi|north west,55.89953445876922,14,58.03333151454441,15,S3_shuffled_hwa,2.13379705577519,471.0,396.0,-75.0,75.0
Delhi,Shahdara,delhi|shahdara,55.91756929623871,14,56.8904126165416,15,S3_shuffled_hwa,0.9728433203028928,469.0,472.0,3.0,3.0
Delhi,South,delhi|south,55.67855111937668,14,57.074702911170434,15,S3_shuffled_hwa,1.3961517917937556,494.0,462.0,-32.0,32.0
Delhi,South East,delhi|south east,55.94319911750037,14,57.78634511894145,15,S3_shuffled_hwa,1.8431460014410774,466.0,417.0,-49.0,49.0
Delhi,South West,delhi|south west,55.95503938433225,14,57.47882796677339,15,S3_shuffled_hwa,1.523788582441135,465.0,440.0,-25.0,25.0
Delhi,West,delhi|west,55.89360622790043,14,57.44172704708384,15,S3_shuffled_hwa,1.54812081918341,472.0,446.0,-26.0,26.0
Goa,North Goa,goa|north goa,70.29668293565489,14,71.83810749429118,15,S3_shuffled_hwa,1.5414245586362938,1.0,1.0,0.0,0.0
Goa,South Goa,goa|south goa,67.23608128219921,14,62.89297698714991,15,S3_shuffled_hwa,-4.343104295049301,11.0,116.0,105.0,105.0
Gujarat,Ahmadabad,gujarat|ahmadabad,64.6131056638264,14,66.0000226888402,15,S3_shuffled_hwa,1.3869170250138012,37.0,35.0,-2.0,2.0
Gujarat,Amreli,gujarat|amreli,62.14430950890309,14,61.42156455911408,15,S3_shuffled_hwa,-0.7227449497890106,113.0,171.0,58.0,58.0
Gujarat,Anand,gujarat|anand,64.14775443187773,14,65.06164526897004,15,S3_shuffled_hwa,0.9138908370923104,48.0,52.0,4.0,4.0
Gujarat,Arvalli,gujarat|arvalli,59.51329535261116,14,59.20528171901779,15,S3_shuffled_hwa,-0.30801363359336875,214.0,316.0,102.0,102.0
Gujarat,Banas Kantha,gujarat|banas kantha,61.61777874231704,14,63.54400841110821,15,S3_shuffled_hwa,1.9262296687911658,140.0,93.0,-47.0,47.0
Gujarat,Bharuch,gujarat|bharuch,63.04102719031555,14,61.986823742829905,15,S3_shuffled_hwa,-1.0542034474856479,71.0,152.0,81.0,81.0
Gujarat,Bhavnagar,gujarat|bhavnagar,62.86343356645929,14,64.28616357112405,15,S3_shuffled_hwa,1.422730004664757,80.0,64.0,-16.0,16.0
Gujarat,Botad,gujarat|botad,63.96354653106255,14,64.86624673323743,15,S3_shuffled_hwa,0.9027002021748842,52.0,55.0,3.0,3.0
Gujarat,Chhotaudepur,gujarat|chhotaudepur,60.770644010001355,14,62.35554248386844,15,S3_shuffled_hwa,1.584898473867085,166.0,134.0,-32.0,32.0
Gujarat,Dang,gujarat|dang,56.195134497435745,14,52.98525143266137,15,S3_shuffled_hwa,-3.209883064774374,451.0,624.0,173.0,173.0
Gujarat,Devbhumi Dwarka,gujarat|devbhumi dwarka,67.02229837867158,14,67.41266398352434,15,S3_shuffled_hwa,0.39036560485276084,14.0,20.0,6.0,6.0
Gujarat,Dohad,gujarat|dohad,58.6582005033453,14,59.009956474596834,15,S3_shuffled_hwa,0.351755971251535,288.0,328.0,40.0,40.0
Gujarat,Gandhinagar,gujarat|gandhinagar,63.21855589440249,14,64.89291117529464,15,S3_shuffled_hwa,1.6743552808921507,68.0,54.0,-14.0,14.0
Gujarat,Gir Somnath,gujarat|gir somnath,65.10181686895235,14,66.3842269633321,15,S3_shuffled_hwa,1.2824100943797418,30.0,27.0,-3.0,3.0
Gujarat,Jamnagar,gujarat|jamnagar,66.7638650981029,14,68.17737245549932,15,S3_shuffled_hwa,1.4135073573964263,16.0,11.0,-5.0,5.0
Gujarat,Junagadh,gujarat|junagadh,63.79334451430013,14,63.24339379540455,15,S3_shuffled_hwa,-0.5499507188955803,56.0,107.0,51.0,51.0
Gujarat,Kachchh,gujarat|kachchh,66.46867244473182,14,67.66358088925143,15,S3_shuffled_hwa,1.194908444519612,19.0,17.0,-2.0,2.0
Gujarat,Kheda,gujarat|kheda,63.60829775487161,14,62.79710156062492,15,S3_shuffled_hwa,-0.8111961942466905,61.0,120.0,59.0,59.0
Gujarat,Mahesana,gujarat|mahesana,62.37823675130739,14,63.61549420751366,15,S3_shuffled_hwa,1.2372574562062724,103.0,91.0,-12.0,12.0
Gujarat,Mahisagar,gujarat|mahisagar,61.10130840702226,14,61.37702809540816,15,S3_shuffled_hwa,0.2757196883858981,151.0,175.0,24.0,24.0
Gujarat,Morbi,gujarat|morbi,66.5464008547395,14,67.9878670854031,15,S3_shuffled_hwa,1.4414662306635933,18.0,13.0,-5.0,5.0
Gujarat,Narmada,gujarat|narmada,59.87168121626742,14,61.5365041759391,15,S3_shuffled_hwa,1.6648229596716817,197.0,167.0,-30.0,30.0
Gujarat,Navsari,gujarat|navsari,62.60370377131389,14,63.65384305460886,15,S3_shuffled_hwa,1.0501392832949747,91.0,89.0,-2.0,2.0
Gujarat,Panch Mahals,gujarat|panch mahals,60.868176835397335,14,62.07357387006156,15,S3_shuffled_hwa,1.205397034664223,162.0,146.0,-16.0,16.0
Gujarat,Patan,gujarat|patan,64.56029152041386,14,65.70050124362662,15,S3_shuffled_hwa,1.140209723212763,39.0,42.0,3.0,3.0
Gujarat,Porbandar,gujarat|porbandar,67.31843036439632,14,69.33290249759185,15,S3_shuffled_hwa,2.0144721331955253,9.0,5.0,-4.0,4.0
Gujarat,Rajkot,gujarat|rajkot,64.59826406761809,14,65.39501371608027,15,S3_shuffled_hwa,0.7967496484621819,38.0,47.0,9.0,9.0
Gujarat,Sabar Kantha,gujarat|sabar kantha,58.26365389137361,14,59.53080858462494,15,S3_shuffled_hwa,1.2671546932513351,320.0,291.0,-29.0,29.0
Gujarat,Surat,gujarat|surat,62.527712291527614,14,63.61188228964498,15,S3_shuffled_hwa,1.0841699981173676,93.0,92.0,-1.0,1.0
Gujarat,Surendranagar,gujarat|surendranagar,64.92448536127826,14,66.37757875359648,15,S3_shuffled_hwa,1.4530933923182232,35.0,28.0,-7.0,7.0
Gujarat,Tapi,gujarat|tapi,61.08115991486439,14,61.971308203049794,15,S3_shuffled_hwa,0.8901482881854079,152.0,153.0,1.0,1.0
Gujarat,Vadodara,gujarat|vadodara,62.675498186626534,14,62.305642012874856,15,S3_shuffled_hwa,-0.36985617375167834,87.0,135.0,48.0,48.0
Gujarat,Valsad,gujarat|valsad,61.05649316212147,14,62.0629198980371,15,S3_shuffled_hwa,1.0064267359156318,154.0,147.0,-7.0,7.0
Haryana,Ambala,haryana|ambala,56.17629361097211,14,57.8608861870152,15,S3_shuffled_hwa,1.6845925760430873,454.0,411.0,-43.0,43.0
Haryana,Bhiwani,haryana|bhiwani,57.69596949922649,14,59.8713768534296,15,S3_shuffled_hwa,2.1754073542031094,352.0,272.0,-80.0,80.0
Haryana,Charki Dadri,haryana|charki dadri,57.05584693224197,14,55.846455064203916,15,S3_shuffled_hwa,-1.209391868038054,399.0,540.0,141.0,141.0
Haryana,Faridabad,haryana|faridabad,56.19331470048319,14,58.050238038999765,15,S3_shuffled_hwa,1.856923338516573,452.0,394.0,-58.0,58.0
Haryana,Fatehabad,haryana|fatehabad,58.562940953351344,14,58.26276481647665,15,S3_shuffled_hwa,-0.3001761368746969,297.0,382.0,85.0,85.0
Haryana,Gurugram,haryana|gurugram,55.7786224718501,14,57.81147305938888,15,S3_shuffled_hwa,2.032850587538782,487.0,413.0,-74.0,74.0
Haryana,Hisar,haryana|hisar,58.064945554494074,14,59.83559090974665,15,S3_shuffled_hwa,1.7706453552525758,331.0,273.0,-58.0,58.0
Haryana,Jhajjar,haryana|jhajjar,56.324614067471465,14,57.68432431738572,15,S3_shuffled_hwa,1.359710249914258,444.0,424.0,-20.0,20.0
Haryana,Jind,haryana|jind,56.70334389563586,14,58.49794497085605,15,S3_shuffled_hwa,1.7946010752201857,417.0,368.0,-49.0,49.0
Haryana,Kaithal,haryana|kaithal,56.67201782960817,14,58.36911512448649,15,S3_shuffled_hwa,1.6970972948783185,420.0,377.0,-43.0,43.0
Haryana,Karnal,haryana|karnal,55.80563366075919,14,56.425516603124855,15,S3_shuffled_hwa,0.6198829423656633,485.0,505.0,20.0,20.0
Haryana,Kurukshetra,haryana|kurukshetra,56.189397692451934,14,57.76299216848969,15,S3_shuffled_hwa,1.573594476037755,453.0,418.0,-35.0,35.0
Haryana,Mahendragarh,haryana|mahendragarh,56.60114885962206,14,58.70935907540421,15,S3_shuffled_hwa,2.108210215782151,424.0,353.0,-71.0,71.0
Haryana,Nuh,haryana|nuh,56.31303551078056,14,57.37572799769874,15,S3_shuffled_hwa,1.0626924869181806,446.0,449.0,3.0,3.0
Haryana,Palwal,haryana|palwal,56.560725928206644,14,57.99112661626707,15,S3_shuffled_hwa,1.4304006880604234,432.0,398.0,-34.0,34.0
Haryana,Panchkula,haryana|panchkula,52.61565161574014,14,53.41571520703765,15,S3_shuffled_hwa,0.8000635912975085,607.0,615.0,8.0,8.0
Haryana,Panipat,haryana|panipat,55.56171058073241,14,55.233636076101895,15,S3_shuffled_hwa,-0.32807450463051424,497.0,564.0,67.0,67.0
Haryana,Rewari,haryana|rewari,56.38960907851081,14,58.24328541818616,15,S3_shuffled_hwa,1.8536763396753528,442.0,383.0,-59.0,59.0
Haryana,Rohtak,haryana|rohtak,56.44132417548865,14,57.67152891513167,15,S3_shuffled_hwa,1.230204739643014,440.0,425.0,-15.0,15.0
Haryana,Sirsa,haryana|sirsa,60.5200782324242,14,62.38307028119503,15,S3_shuffled_hwa,1.8629920487708347,177.0,133.0,-44.0,44.0
Haryana,Sonipat,haryana|sonipat,55.72624934619949,14,57.61161710006371,15,S3_shuffled_hwa,1.885367753864223,489.0,431.0,-58.0,58.0
Haryana,Yamunanagar,haryana|yamunanagar,55.46394050457881,14,57.14876136252307,15,S3_shuffled_hwa,1.6848208579442598,504.0,460.0,-44.0,44.0
Himachal Pradesh,Bilaspur,himachal pradesh|bilaspur,45.505141565114656,14,47.88124567479368,15,S3_shuffled_hwa,2.3761041096790265,667.0,664.0,-3.0,3.0
Himachal Pradesh,Chamba,himachal pradesh|chamba,22.91395996679957,14,26.195211466529326,15,S3_shuffled_hwa,3.2812514997297555,766.0,768.0,2.0,2.0
Himachal Pradesh,Hamirpur,himachal pradesh|hamirpur,45.90853807250648,14,46.11352255873019,15,S3_shuffled_hwa,0.20498448622370802,663.0,675.0,12.0,12.0
Himachal Pradesh,Kangra,himachal pradesh|kangra,39.95596635535073,14,41.38876126512106,15,S3_shuffled_hwa,1.4327949097703296,702.0,707.0,5.0,5.0
Himachal Pradesh,Kinnaur,himachal pradesh|kinnaur,22.844554620076934,14,25.453299761790657,15,S3_shuffled_hwa,2.6087451417137224,767.0,771.0,4.0,4.0
Himachal Pradesh,Kullu,himachal pradesh|kullu,22.244433012897733,14,26.76086725820978,15,S3_shuffled_hwa,4.516434245312048,769.0,765.0,-4.0,4.0
Himachal Pradesh,Lahul and Spiti,himachal pradesh|lahul and spiti,11.698524913138304,14,16.547260572996116,15,S3_shuffled_hwa,4.848735659857812,780.0,780.0,0.0,0.0
Himachal Pradesh,Mandi,himachal pradesh|mandi,36.688256968967686,14,37.86917136947053,15,S3_shuffled_hwa,1.180914400502843,726.0,729.0,3.0,3.0
Himachal Pradesh,Shimla,himachal pradesh|shimla,30.801652224650976,14,33.457518829221705,15,S3_shuffled_hwa,2.655866604570729,741.0,744.0,3.0,3.0
Himachal Pradesh,Sirmaur,himachal pradesh|sirmaur,42.076766941792805,14,43.408095738623636,15,S3_shuffled_hwa,1.3313287968308316,686.0,690.0,4.0,4.0
Himachal Pradesh,Solan,himachal pradesh|solan,43.878599478785254,14,46.359681899215694,15,S3_shuffled_hwa,2.4810824204304396,677.0,672.0,-5.0,5.0
Himachal Pradesh,Una,himachal pradesh|una,50.366460683083396,14,50.718005156290836,15,S3_shuffled_hwa,0.35154447320744,646.0,652.0,6.0,6.0
Jammu & Kashmir,Anantnag,jammu kashmir|anantnag,22.160651130360048,14,26.499509626770227,15,S3_shuffled_hwa,4.338858496410179,770.0,766.0,-4.0,4.0
Jammu & Kashmir,Bandipora,jammu kashmir|bandipora,17.334796798638287,14,21.883328112302383,15,S3_shuffled_hwa,4.548531313664096,775.0,774.0,-1.0,1.0
Jammu & Kashmir,Baramulla,jammu kashmir|baramulla,26.148221139534446,14,29.015512137873277,15,S3_shuffled_hwa,2.867290998338831,754.0,758.0,4.0,4.0
Jammu & Kashmir,Budgam,jammu kashmir|budgam,25.98236252161521,14,30.115952441867083,15,S3_shuffled_hwa,4.133589920251872,756.0,752.0,-4.0,4.0
Jammu & Kashmir,Doda,jammu kashmir|doda,26.123003769864972,14,29.325628775078126,15,S3_shuffled_hwa,3.2026250052131537,755.0,756.0,1.0,1.0
Jammu & Kashmir,Ganderbal,jammu kashmir|ganderbal,19.554105863643034,14,22.974883867002735,15,S3_shuffled_hwa,3.4207780033597004,774.0,773.0,-1.0,1.0
Jammu & Kashmir,Jammu,jammu kashmir|jammu,51.840071204575274,14,53.85374299859718,15,S3_shuffled_hwa,2.013671794021903,620.0,601.0,-19.0,19.0
Jammu & Kashmir,Kathua,jammu kashmir|kathua,43.10977429023411,14,45.37433688353242,15,S3_shuffled_hwa,2.264562593298315,680.0,680.0,0.0,0.0
Jammu & Kashmir,Kishtwar,jammu kashmir|kishtwar,16.368787261036765,14,17.809326633073322,15,S3_shuffled_hwa,1.4405393720365574,776.0,778.0,2.0,2.0
Jammu & Kashmir,Kulgam,jammu kashmir|kulgam,23.273246436738326,14,27.632732682900507,15,S3_shuffled_hwa,4.359486246162181,765.0,764.0,-1.0,1.0
Jammu & Kashmir,Kupwara,jammu kashmir|kupwara,24.22223571758248,14,28.18764756659842,15,S3_shuffled_hwa,3.9654118490159433,763.0,762.0,-1.0,1.0
Jammu & Kashmir,Mirpur,jammu kashmir|mirpur,49.13035776613478,14,49.56980899010325,15,S3_shuffled_hwa,0.4394512239684687,656.0,658.0,2.0,2.0
Jammu & Kashmir,Muzaffarabad,jammu kashmir|muzaffarabad,22.398921034314625,14,26.41261059391264,15,S3_shuffled_hwa,4.0136895595980135,768.0,767.0,-1.0,1.0
Jammu & Kashmir,Poonch,jammu kashmir|poonch,32.493687532493745,14,36.14572538145301,15,S3_shuffled_hwa,3.6520378489592673,739.0,738.0,-1.0,1.0
Jammu & Kashmir,Pulwama,jammu kashmir|pulwama,29.145034719697623,14,29.733481349476858,15,S3_shuffled_hwa,0.5884466297792343,750.0,754.0,4.0,4.0
Jammu & Kashmir,Rajouri,jammu kashmir|rajouri,38.87010349562276,14,41.33401305397581,15,S3_shuffled_hwa,2.463909558353052,715.0,709.0,-6.0,6.0
Jammu & Kashmir,Ramban,jammu kashmir|ramban,28.080943268518922,14,31.278686095464536,15,S3_shuffled_hwa,3.197742826945614,751.0,749.0,-2.0,2.0
Jammu & Kashmir,Reasi,jammu kashmir|reasi,33.89266303232368,14,37.18891331585113,15,S3_shuffled_hwa,3.296250283527449,737.0,732.0,-5.0,5.0
Jammu & Kashmir,Samba,jammu kashmir|samba,52.19970383181073,14,54.2743802073948,15,S3_shuffled_hwa,2.074676375584069,613.0,594.0,-19.0,19.0
Jammu & Kashmir,Shopian,jammu kashmir|shopian,25.225358747141783,14,29.0914106896894,15,S3_shuffled_hwa,3.8660519425476174,759.0,757.0,-2.0,2.0
Jammu & Kashmir,Srinagar,jammu kashmir|srinagar,30.39250798171483,14,33.555749135786925,15,S3_shuffled_hwa,3.1632411540720966,744.0,743.0,-1.0,1.0
Jammu & Kashmir,Udhampur,jammu kashmir|udhampur,36.786834222949764,14,38.06874941627138,15,S3_shuffled_hwa,1.2819151933216162,724.0,726.0,2.0,2.0
Jharkhand,Bokaro,jharkhand|bokaro,57.306459467540606,14,58.037632134334025,15,S3_shuffled_hwa,0.7311726667934195,377.0,395.0,18.0,18.0
Jharkhand,Chatra,jharkhand|chatra,55.59400233181813,14,55.24161683611767,15,S3_shuffled_hwa,-0.3523854957004602,495.0,563.0,68.0,68.0
Jharkhand,Deoghar,jharkhand|deoghar,56.57159882383672,14,57.80617652594465,15,S3_shuffled_hwa,1.2345777021079272,427.0,415.0,-12.0,12.0
Jharkhand,Dhanbad,jharkhand|dhanbad,58.34336186331465,14,59.65299070444078,15,S3_shuffled_hwa,1.309628841126134,311.0,283.0,-28.0,28.0
Jharkhand,Dumka,jharkhand|dumka,57.43174798612777,14,58.45408040008767,15,S3_shuffled_hwa,1.0223324139599015,371.0,371.0,0.0,0.0
Jharkhand,East Singhbum,jharkhand|east singhbum,60.605175332755294,14,62.03418565065701,15,S3_shuffled_hwa,1.4290103179017137,174.0,148.0,-26.0,26.0
Jharkhand,Garhwa,jharkhand|garhwa,56.560762176749606,14,57.72970645559372,15,S3_shuffled_hwa,1.1689442788441156,431.0,422.0,-9.0,9.0
Jharkhand,Giridih,jharkhand|giridih,55.53131878713129,14,56.5455311004467,15,S3_shuffled_hwa,1.0142123133154115,500.0,494.0,-6.0,6.0
Jharkhand,Godda,jharkhand|godda,56.10403040073272,14,56.74306738701943,15,S3_shuffled_hwa,0.6390369862867118,458.0,483.0,25.0,25.0
Jharkhand,Gumla,jharkhand|gumla,51.32976983650506,14,53.21084504628991,15,S3_shuffled_hwa,1.8810752097848535,629.0,621.0,-8.0,8.0
Jharkhand,Hazaribagh,jharkhand|hazaribagh,53.673525246646186,14,55.45837721547943,15,S3_shuffled_hwa,1.7848519688332445,580.0,554.0,-26.0,26.0
Jharkhand,Jamtara,jharkhand|jamtara,58.52732704584691,14,59.61987008287957,15,S3_shuffled_hwa,1.0925430370326623,300.0,285.0,-15.0,15.0
Jharkhand,Khunti,jharkhand|khunti,53.794366059641945,14,54.94338067495542,15,S3_shuffled_hwa,1.149014615313476,575.0,575.0,0.0,0.0
Jharkhand,Koderma,jharkhand|koderma,55.354636212527915,14,57.28064320951221,15,S3_shuffled_hwa,1.9260069969842988,509.0,454.0,-55.0,55.0
Jharkhand,Latehar,jharkhand|latehar,52.89200797462697,14,52.19809051392286,15,S3_shuffled_hwa,-0.6939174607041139,601.0,637.0,36.0,36.0
Jharkhand,Lohardaga,jharkhand|lohardaga,50.72813766812467,14,52.3829005527785,15,S3_shuffled_hwa,1.6547628846538345,639.0,635.0,-4.0,4.0
Jharkhand,Pakur,jharkhand|pakur,57.91171372917467,14,56.165566183058814,15,S3_shuffled_hwa,-1.746147546115857,338.0,522.0,184.0,184.0
Jharkhand,Palamu,jharkhand|palamu,57.31900086062077,14,58.9322882599777,15,S3_shuffled_hwa,1.6132873993569348,376.0,338.0,-38.0,38.0
Jharkhand,Ramgarh,jharkhand|ramgarh,55.21655938279079,14,56.95507284590299,15,S3_shuffled_hwa,1.7385134631121986,519.0,469.0,-50.0,50.0
Jharkhand,Ranchi,jharkhand|ranchi,53.854806232004215,14,55.25944923108718,15,S3_shuffled_hwa,1.4046429990829665,573.0,562.0,-11.0,11.0
Jharkhand,Sahebganj,jharkhand|sahebganj,56.55748092611193,14,58.20288345189195,15,S3_shuffled_hwa,1.645402525780021,433.0,386.0,-47.0,47.0
Jharkhand,Saraikela Kharsawan,jharkhand|saraikela kharsawan,59.433358384344196,14,60.84114995171074,15,S3_shuffled_hwa,1.4077915673665444,219.0,199.0,-20.0,20.0
Jharkhand,Simdega,jharkhand|simdega,57.006569023452805,14,57.802392543177774,15,S3_shuffled_hwa,0.7958235197249692,405.0,416.0,11.0,11.0
Jharkhand,West Singhbhum,jharkhand|west singhbhum,57.29423234541693,14,58.32980758534506,15,S3_shuffled_hwa,1.0355752399281286,379.0,379.0,0.0,0.0
Karnataka,Bagalkote,karnataka|bagalkote,61.82921305273666,14,60.470383085740124,15,S3_shuffled_hwa,-1.358829966996538,134.0,225.0,91.0,91.0
Karnataka,Ballari,karnataka|ballari,61.85201273758109,14,58.68256392416372,15,S3_shuffled_hwa,-3.169448813417368,131.0,355.0,224.0,224.0
Karnataka,Belagavi,karnataka|belagavi,58.83627089596122,14,59.915383200148405,15,S3_shuffled_hwa,1.0791123041871842,274.0,267.0,-7.0,7.0
Karnataka,Bengaluru Rural,karnataka|bengaluru rural,50.63054080570559,14,51.71343735828084,15,S3_shuffled_hwa,1.0828965525752494,642.0,643.0,1.0,1.0
Karnataka,Bengaluru Urban,karnataka|bengaluru urban,50.17385981402026,14,51.03652342243703,15,S3_shuffled_hwa,0.8626636084167671,649.0,648.0,-1.0,1.0
Karnataka,Bidar,karnataka|bidar,59.96674375033031,14,61.753096768945134,15,S3_shuffled_hwa,1.7863530186148253,194.0,161.0,-33.0,33.0
Karnataka,Chamarajanagara,karnataka|chamarajanagara,50.48588283290653,14,51.60285919947503,15,S3_shuffled_hwa,1.116976366568494,645.0,645.0,0.0,0.0
Karnataka,Chikkaballapura,karnataka|chikkaballapura,51.97118366465594,14,53.76355534581208,15,S3_shuffled_hwa,1.7923716811561405,617.0,603.0,-14.0,14.0
Karnataka,Chikkamagaluru,karnataka|chikkamagaluru,53.45562018185911,14,55.364672699381025,15,S3_shuffled_hwa,1.9090525175219142,590.0,561.0,-29.0,29.0
Karnataka,Chitradurga,karnataka|chitradurga,57.113321778546414,14,58.82210882464029,15,S3_shuffled_hwa,1.7087870460938746,396.0,348.0,-48.0,48.0
Karnataka,Dakshina Kannada,karnataka|dakshina kannada,66.16595638807567,14,67.43002753849827,15,S3_shuffled_hwa,1.2640711504225948,21.0,18.0,-3.0,3.0
Karnataka,Davangere,karnataka|davangere,56.81707477005381,14,57.27080505075135,15,S3_shuffled_hwa,0.45373028069754184,414.0,455.0,41.0,41.0
Karnataka,Dharwad,karnataka|dharwad,57.46634268472597,14,58.599695376737785,15,S3_shuffled_hwa,1.1333526920118118,367.0,361.0,-6.0,6.0
Karnataka,Gadag,karnataka|gadag,58.82910960970991,14,59.99340195646881,15,S3_shuffled_hwa,1.1642923467588986,275.0,261.0,-14.0,14.0
Karnataka,Hassan,karnataka|hassan,51.57369052647403,14,53.242785625238774,15,S3_shuffled_hwa,1.6690950987647426,626.0,619.0,-7.0,7.0
Karnataka,Haveri,karnataka|haveri,56.886689208376616,14,54.99730110188128,15,S3_shuffled_hwa,-1.889388106495339,411.0,573.0,162.0,162.0
Karnataka,Kalaburagi,karnataka|kalaburagi,62.35704043928446,14,59.1226894160552,15,S3_shuffled_hwa,-3.2343510232292587,104.0,323.0,219.0,219.0
Karnataka,Kodagu,karnataka|kodagu,52.91455950598285,14,53.34174650487425,15,S3_shuffled_hwa,0.42718699889140055,600.0,616.0,16.0,16.0
Karnataka,Kolar,karnataka|kolar,50.80846392340613,14,51.93179363373732,15,S3_shuffled_hwa,1.1233297103311912,638.0,638.0,0.0,0.0
Karnataka,Koppal,karnataka|koppal,60.7447649232069,14,62.45700833546113,15,S3_shuffled_hwa,1.7122434122542316,168.0,127.0,-41.0,41.0
Karnataka,Mandya,karnataka|mandya,52.01628867736764,14,53.840662733711774,15,S3_shuffled_hwa,1.8243740563441335,616.0,602.0,-14.0,14.0
Karnataka,Mysuru,karnataka|mysuru,51.85788945684836,14,51.8711115243917,15,S3_shuffled_hwa,0.013222067543338767,619.0,639.0,20.0,20.0
Karnataka,Raichur,karnataka|raichur,62.595943102999925,14,63.821305722645256,15,S3_shuffled_hwa,1.225362619645331,92.0,83.0,-9.0,9.0
Karnataka,Ramanagara,karnataka|ramanagara,51.4112757851367,14,53.507585846977506,15,S3_shuffled_hwa,2.0963100618408035,627.0,610.0,-17.0,17.0
Karnataka,Shivamogga,karnataka|shivamogga,55.545594041504344,14,56.851061421190515,15,S3_shuffled_hwa,1.3054673796861707,498.0,474.0,-24.0,24.0
Karnataka,Tumakuru,karnataka|tumakuru,53.97176375000156,14,55.54952317621409,15,S3_shuffled_hwa,1.5777594262125305,569.0,550.0,-19.0,19.0
Karnataka,Udupi,karnataka|udupi,65.35944193360714,14,66.08761655119851,15,S3_shuffled_hwa,0.7281746175913639,29.0,34.0,5.0,5.0
Karnataka,Uttara Kannada,karnataka|uttara kannada,58.71402596488966,14,60.41952021976472,15,S3_shuffled_hwa,1.7054942548750631,286.0,227.0,-59.0,59.0
Karnataka,Vijayanagar,karnataka|vijayanagar,59.12616019936105,14,60.64978145998842,15,S3_shuffled_hwa,1.5236212606273654,246.0,208.0,-38.0,38.0
Karnataka,Vijayapura,karnataka|vijayapura,62.919211320787944,14,63.84700062167563,15,S3_shuffled_hwa,0.9277893008876887,75.0,81.0,6.0,6.0
Karnataka,Yadgir,karnataka|yadgir,62.93043206096284,14,64.21003184309242,15,S3_shuffled_hwa,1.27959978212958,74.0,66.0,-8.0,8.0
Kerala,Alappuzha,kerala|alappuzha,69.24148723984061,14,70.60987008831269,15,S3_shuffled_hwa,1.3683828484720806,3.0,3.0,0.0,0.0
Kerala,Ernakulam,kerala|ernakulam,62.84444848734895,14,64.18258299541709,15,S3_shuffled_hwa,1.3381345080681442,81.0,68.0,-13.0,13.0
Kerala,Idukki,kerala|idukki,47.68980894594569,14,48.59033731431951,15,S3_shuffled_hwa,0.9005283683738199,659.0,661.0,2.0,2.0
Kerala,Kannur,kerala|kannur,67.6036292340049,14,68.70802864877126,15,S3_shuffled_hwa,1.1043994147663625,7.0,8.0,1.0,1.0
Kerala,Kasaragod,kerala|kasaragod,67.87425900741952,14,69.59387550963186,15,S3_shuffled_hwa,1.7196165022123324,5.0,4.0,-1.0,1.0
Kerala,Kollam,kerala|kollam,64.37665841435602,14,65.97002690044317,15,S3_shuffled_hwa,1.593368486087158,40.0,36.0,-4.0,4.0
Kerala,Kottayam,kerala|kottayam,63.71621603799526,14,65.30663176020921,15,S3_shuffled_hwa,1.5904157222139546,58.0,49.0,-9.0,9.0
Kerala,Kozhikode,kerala|kozhikode,63.67051692293271,14,65.40233762555818,15,S3_shuffled_hwa,1.7318207026254626,60.0,46.0,-14.0,14.0
Kerala,Malappuram,kerala|malappuram,61.83210029331361,14,63.48979642011472,15,S3_shuffled_hwa,1.6576961268011132,133.0,97.0,-36.0,36.0
Kerala,Palakkad,kerala|palakkad,57.921772611599884,14,58.412245440462065,15,S3_shuffled_hwa,0.49047282886218113,337.0,374.0,37.0,37.0
Kerala,Pathanamthitta,kerala|pathanamthitta,59.76870158489279,14,61.81262632206562,15,S3_shuffled_hwa,2.04392473717283,205.0,160.0,-45.0,45.0
Kerala,Thiruvananthapuram,kerala|thiruvananthapuram,65.86892735918681,14,66.87303754930868,15,S3_shuffled_hwa,1.0041101901218639,25.0,22.0,-3.0,3.0
Kerala,Thrissur,kerala|thrissur,61.63025080516239,14,63.05676391064368,15,S3_shuffled_hwa,1.4265131054812912,139.0,113.0,-26.0,26.0
Kerala,Wayanad,kerala|wayanad,51.056999407651915,14,52.841645985779735,15,S3_shuffled_hwa,1.7846465781278198,631.0,625.0,-6.0,6.0
Ladakh,Kargil,ladakh|kargil,11.991416252663413,14,17.173663738309852,15,S3_shuffled_hwa,5.182247485646439,779.0,779.0,0.0,0.0
Ladakh,Leh Ladakh,ladakh|leh ladakh,8.509775783250445,14,13.526403157046085,15,S3_shuffled_hwa,5.0166273737956395,781.0,781.0,0.0,0.0
Lakshadweep,Lakshadweep,lakshadweep|lakshadweep,61.2837276603073,14,61.551569461487645,15,S3_shuffled_hwa,0.26784180118034584,147.0,164.0,17.0,17.0
Madhya Pradesh,Agar Malwa,madhya pradesh|agar malwa,53.95355774672072,14,55.736824664646974,15,S3_shuffled_hwa,1.7832669179262552,570.0,544.0,-26.0,26.0
Madhya Pradesh,Alirajpur,madhya pradesh|alirajpur,57.645606716873715,14,58.27415581234093,15,S3_shuffled_hwa,0.6285490954672142,356.0,381.0,25.0,25.0
Madhya Pradesh,Anuppur,madhya pradesh|anuppur,51.6802070796797,14,53.44998209937856,15,S3_shuffled_hwa,1.7697750196988622,622.0,613.0,-9.0,9.0
Madhya Pradesh,Ashoknagar,madhya pradesh|ashoknagar,54.2884890024979,14,56.181012611284295,15,S3_shuffled_hwa,1.892523608786398,559.0,521.0,-38.0,38.0
Madhya Pradesh,Balaghat,madhya pradesh|balaghat,55.68520213589351,14,57.25686282397177,15,S3_shuffled_hwa,1.5716606880782606,492.0,457.0,-35.0,35.0
Madhya Pradesh,Barwani,madhya pradesh|barwani,57.17853998409923,14,53.947249157691,15,S3_shuffled_hwa,-3.231290826408234,389.0,598.0,209.0,209.0
Madhya Pradesh,Betul,madhya pradesh|betul,52.85661752570754,14,53.678609715232696,15,S3_shuffled_hwa,0.8219921895251545,602.0,606.0,4.0,4.0
Madhya Pradesh,Bhind,madhya pradesh|bhind,58.339446308896534,14,60.20518426878968,15,S3_shuffled_hwa,1.8657379598931456,312.0,245.0,-67.0,67.0
Madhya Pradesh,Bhopal,madhya pradesh|bhopal,52.92634340973623,14,54.74763722180873,15,S3_shuffled_hwa,1.821293812072497,599.0,581.0,-18.0,18.0
Madhya Pradesh,Burhanpur,madhya pradesh|burhanpur,58.93660321149626,14,59.93763610098285,15,S3_shuffled_hwa,1.0010328894865879,266.0,265.0,-1.0,1.0
Madhya Pradesh,Chhatarpur,madhya pradesh|chhatarpur,55.88174852804907,14,56.66555099770352,15,S3_shuffled_hwa,0.7838024696544466,473.0,487.0,14.0,14.0
Madhya Pradesh,Chhindwara,madhya pradesh|chhindwara,51.40668576664664,14,53.4683397202513,15,S3_shuffled_hwa,2.0616539536046616,628.0,611.0,-17.0,17.0
Madhya Pradesh,Damoh,madhya pradesh|damoh,54.76044927821851,14,56.50340247747291,15,S3_shuffled_hwa,1.7429531992544014,537.0,499.0,-38.0,38.0
Madhya Pradesh,Datia,madhya pradesh|datia,57.178989021140914,14,58.85637810797855,15,S3_shuffled_hwa,1.6773890868376355,388.0,345.0,-43.0,43.0
Madhya Pradesh,Dewas,madhya pradesh|dewas,55.21665283035796,14,56.3671714065591,15,S3_shuffled_hwa,1.1505185762011436,518.0,511.0,-7.0,7.0
Madhya Pradesh,Dhar,madhya pradesh|dhar,56.26813053607537,14,56.30592949730804,15,S3_shuffled_hwa,0.037798961232674344,448.0,517.0,69.0,69.0
Madhya Pradesh,Dindori,madhya pradesh|dindori,50.14472495765049,14,52.4025123714806,15,S3_shuffled_hwa,2.2577874138301084,650.0,634.0,-16.0,16.0
Madhya Pradesh,East Nimar,madhya pradesh|east nimar,58.225158553773475,14,59.137397242734565,15,S3_shuffled_hwa,0.9122386889610894,322.0,321.0,-1.0,1.0
Madhya Pradesh,Guna,madhya pradesh|guna,54.57620645122905,14,56.099581741143346,15,S3_shuffled_hwa,1.5233752899142985,546.0,525.0,-21.0,21.0
Madhya Pradesh,Gwalior,madhya pradesh|gwalior,57.06863543201111,14,58.88786279518725,15,S3_shuffled_hwa,1.8192273631761395,398.0,343.0,-55.0,55.0
Madhya Pradesh,Harda,madhya pradesh|harda,57.20321031688614,14,58.23560736310612,15,S3_shuffled_hwa,1.0323970462199767,386.0,384.0,-2.0,2.0
Madhya Pradesh,Indore,madhya pradesh|indore,53.64453514565304,14,54.37744657892673,15,S3_shuffled_hwa,0.7329114332736921,582.0,592.0,10.0,10.0
Madhya Pradesh,Jabalpur,madhya pradesh|jabalpur,54.462550012818745,14,54.22931980161197,15,S3_shuffled_hwa,-0.23323021120677367,553.0,595.0,42.0,42.0
Madhya Pradesh,Jhabua,madhya pradesh|jhabua,56.27726583630021,14,57.54581697341173,15,S3_shuffled_hwa,1.2685511371115226,447.0,433.0,-14.0,14.0
Madhya Pradesh,Katni,madhya pradesh|katni,54.62290442300186,14,55.96897527759322,15,S3_shuffled_hwa,1.3460708545913604,544.0,533.0,-11.0,11.0
Madhya Pradesh,Khargone,madhya pradesh|khargone,58.18707996249445,14,58.09919381023693,15,S3_shuffled_hwa,-0.08788615225751784,323.0,392.0,69.0,69.0
Madhya Pradesh,Mandla,madhya pradesh|mandla,53.47462632036232,14,53.29774660919165,15,S3_shuffled_hwa,-0.17687971117067036,588.0,617.0,29.0,29.0
Madhya Pradesh,Mandsaur,madhya pradesh|mandsaur,54.71579146039948,14,56.75738970562138,15,S3_shuffled_hwa,2.0415982452218984,540.0,481.0,-59.0,59.0
Madhya Pradesh,Morena,madhya pradesh|morena,57.92659089319865,14,59.834090816561364,15,S3_shuffled_hwa,1.907499923362714,336.0,274.0,-62.0,62.0
Madhya Pradesh,Narmadapuram,madhya pradesh|narmadapuram,54.89728457590233,14,56.44567929671168,15,S3_shuffled_hwa,1.5483947208093483,532.0,504.0,-28.0,28.0
Madhya Pradesh,Narsinghpur,madhya pradesh|narsinghpur,54.517624395882756,14,53.898108385305804,15,S3_shuffled_hwa,-0.6195160105769517,548.0,599.0,51.0,51.0
Madhya Pradesh,Neemuch,madhya pradesh|neemuch,54.890897471115515,14,56.80434264977924,15,S3_shuffled_hwa,1.9134451786637214,533.0,476.0,-57.0,57.0
Madhya Pradesh,Niwari,madhya pradesh|niwari,56.664760399234346,14,56.86954233276621,15,S3_shuffled_hwa,0.20478193353186214,422.0,473.0,51.0,51.0
Madhya Pradesh,Panna,madhya pradesh|panna,55.02441226150296,14,56.656946798851244,15,S3_shuffled_hwa,1.6325345373482847,527.0,488.0,-39.0,39.0
Madhya Pradesh,Raisen,madhya pradesh|raisen,53.500626594593626,14,52.471855927666724,15,S3_shuffled_hwa,-1.0287706669269028,585.0,632.0,47.0,47.0
Madhya Pradesh,Rajgarh,madhya pradesh|rajgarh,54.309047525530005,14,55.17715184905706,15,S3_shuffled_hwa,0.8681043235270565,558.0,567.0,9.0,9.0
Madhya Pradesh,Ratlam,madhya pradesh|ratlam,54.49310661730455,14,54.462488325250796,15,S3_shuffled_hwa,-0.030618292053752327,549.0,590.0,41.0,41.0
Madhya Pradesh,Rewa,madhya pradesh|rewa,57.087723459490775,14,57.47355443712129,15,S3_shuffled_hwa,0.385830977630512,397.0,442.0,45.0,45.0
Madhya Pradesh,Sagar,madhya pradesh|sagar,54.05371912677529,14,55.3985784162481,15,S3_shuffled_hwa,1.344859289472808,566.0,560.0,-6.0,6.0
Madhya Pradesh,Satna,madhya pradesh|satna,56.049815998819305,14,57.473779000763486,15,S3_shuffled_hwa,1.4239630019441805,460.0,441.0,-19.0,19.0
Madhya Pradesh,Sehore,madhya pradesh|sehore,54.23539168449429,14,56.08282700696103,15,S3_shuffled_hwa,1.847435322466744,560.0,526.0,-34.0,34.0
Madhya Pradesh,Seoni,madhya pradesh|seoni,53.86108130101504,14,55.193263211131466,15,S3_shuffled_hwa,1.3321819101164252,572.0,566.0,-6.0,6.0
Madhya Pradesh,Shahdol,madhya pradesh|shahdol,54.3980151600238,14,55.8778853905656,15,S3_shuffled_hwa,1.479870230541799,556.0,537.0,-19.0,19.0
Madhya Pradesh,Shajapur,madhya pradesh|shajapur,53.879318063557974,14,54.7122866980041,15,S3_shuffled_hwa,0.8329686344461251,571.0,583.0,12.0,12.0
Madhya Pradesh,Sheopur,madhya pradesh|sheopur,57.42569026575572,14,58.788188805221075,15,S3_shuffled_hwa,1.3624985394653564,372.0,351.0,-21.0,21.0
Madhya Pradesh,Shivpuri,madhya pradesh|shivpuri,55.528143110551376,14,56.40722100912911,15,S3_shuffled_hwa,0.8790778985777337,501.0,508.0,7.0,7.0
Madhya Pradesh,Sidhi,madhya pradesh|sidhi,55.42757241291718,14,56.56065382294863,15,S3_shuffled_hwa,1.1330814100314512,506.0,492.0,-14.0,14.0
Madhya Pradesh,Singrauli,madhya pradesh|singrauli,55.32843464283782,14,55.42415951275697,15,S3_shuffled_hwa,0.09572486991915241,510.0,557.0,47.0,47.0
Madhya Pradesh,Tikamgarh,madhya pradesh|tikamgarh,56.020881197628135,14,57.85870831649586,15,S3_shuffled_hwa,1.8378271188677218,463.0,412.0,-51.0,51.0
Madhya Pradesh,Ujjain,madhya pradesh|ujjain,53.46432980013605,14,51.72724138198019,15,S3_shuffled_hwa,-1.7370884181558566,589.0,641.0,52.0,52.0
Madhya Pradesh,Umaria,madhya pradesh|umaria,54.416905724271714,14,56.362038810920694,15,S3_shuffled_hwa,1.9451330866489798,554.0,512.0,-42.0,42.0
Madhya Pradesh,Vidisha,madhya pradesh|vidisha,53.79415023799922,14,54.852299404331525,15,S3_shuffled_hwa,1.0581491663323064,576.0,578.0,2.0,2.0
Maharashtra,Ahmednagar,maharashtra|ahmednagar,58.03753782821587,14,59.317600936708764,15,S3_shuffled_hwa,1.2800631084928966,333.0,311.0,-22.0,22.0
Maharashtra,Akola,maharashtra|akola,61.14757342272503,14,62.38394499227059,15,S3_shuffled_hwa,1.236371569545561,150.0,132.0,-18.0,18.0
Maharashtra,Amravati,maharashtra|amravati,58.367638806385806,14,57.21351081201669,15,S3_shuffled_hwa,-1.1541279943691123,310.0,458.0,148.0,148.0
Maharashtra,Aurangabad,maharashtra|aurangabad,57.97683176477571,14,59.3939958081025,15,S3_shuffled_hwa,1.4171640433267925,335.0,304.0,-31.0,31.0
Maharashtra,Beed,maharashtra|beed,60.14029920283484,14,61.136968115374344,15,S3_shuffled_hwa,0.996668912539505,189.0,183.0,-6.0,6.0
Maharashtra,Bhandara,maharashtra|bhandara,60.18006227282011,14,60.28598844951773,15,S3_shuffled_hwa,0.10592617669762205,188.0,236.0,48.0,48.0
Maharashtra,Buldhana,maharashtra|buldhana,59.096413990018924,14,60.41502852692613,15,S3_shuffled_hwa,1.318614536907205,250.0,228.0,-22.0,22.0
Maharashtra,Chandrapur,maharashtra|chandrapur,62.45888308813776,14,63.18888993289223,15,S3_shuffled_hwa,0.7300068447544703,98.0,110.0,12.0,12.0
Maharashtra,Dhule,maharashtra|dhule,58.63400009691141,14,60.18628858485917,15,S3_shuffled_hwa,1.552288487947763,293.0,246.0,-47.0,47.0
Maharashtra,Gadchiroli,maharashtra|gadchiroli,62.47366681380425,14,60.9090563335956,15,S3_shuffled_hwa,-1.5646104802086498,96.0,196.0,100.0,100.0
Maharashtra,Gondia,maharashtra|gondia,59.42787492714005,14,60.4492360386048,15,S3_shuffled_hwa,1.0213611114647492,220.0,226.0,6.0,6.0
Maharashtra,Hingoli,maharashtra|hingoli,60.969491756423764,14,61.57490439563844,15,S3_shuffled_hwa,0.605412639214677,159.0,163.0,4.0,4.0
Maharashtra,Jalgaon,maharashtra|jalgaon,60.800974020904526,14,60.523421891967,15,S3_shuffled_hwa,-0.2775521289375291,165.0,222.0,57.0,57.0
Maharashtra,Jalna,maharashtra|jalna,59.44575269170385,14,60.66240917006587,15,S3_shuffled_hwa,1.2166564783620188,217.0,207.0,-10.0,10.0
Maharashtra,Kolhapur,maharashtra|kolhapur,57.58459252251646,14,58.81449782402911,15,S3_shuffled_hwa,1.2299053015126518,360.0,349.0,-11.0,11.0
Maharashtra,Latur,maharashtra|latur,60.346370853794824,14,61.991972910591805,15,S3_shuffled_hwa,1.6456020567969816,184.0,151.0,-33.0,33.0
Maharashtra,Mumbai,maharashtra|mumbai,64.63654545025969,14,66.692381040941,15,S3_shuffled_hwa,2.055835590681312,36.0,23.0,-13.0,13.0
Maharashtra,Mumbai Suburban,maharashtra|mumbai suburban,64.31774844625534,14,66.18727952671281,15,S3_shuffled_hwa,1.8695310804574774,42.0,32.0,-10.0,10.0
Maharashtra,Nagpur,maharashtra|nagpur,59.205664009611226,14,61.00460066473031,15,S3_shuffled_hwa,1.7989366551190855,239.0,186.0,-53.0,53.0
Maharashtra,Nanded,maharashtra|nanded,62.0148956449155,14,62.13078283197098,15,S3_shuffled_hwa,0.11588718705548473,120.0,144.0,24.0,24.0
Maharashtra,Nandurbar,maharashtra|nandurbar,58.11543827641775,14,59.29384853243052,15,S3_shuffled_hwa,1.178410256012775,327.0,312.0,-15.0,15.0
Maharashtra,Nashik,maharashtra|nashik,54.70727179282609,14,56.043123120122516,15,S3_shuffled_hwa,1.3358513272964245,541.0,529.0,-12.0,12.0
Maharashtra,Osmanabad,maharashtra|osmanabad,60.90573642819813,14,62.418480712903246,15,S3_shuffled_hwa,1.5127442847051142,161.0,129.0,-32.0,32.0
Maharashtra,Palghar,maharashtra|palghar,62.05576416054844,14,63.69625622837688,15,S3_shuffled_hwa,1.6404920678284398,117.0,87.0,-30.0,30.0
Maharashtra,Parbhani,maharashtra|parbhani,62.14207441221854,14,59.409122922691175,15,S3_shuffled_hwa,-2.732951489527366,114.0,303.0,189.0,189.0
Maharashtra,Pune,maharashtra|pune,56.50526133813432,14,57.72599570185039,15,S3_shuffled_hwa,1.220734363716069,437.0,423.0,-14.0,14.0
Maharashtra,Raigad,maharashtra|raigad,62.13018475223351,14,64.0335962582722,15,S3_shuffled_hwa,1.9034115060386867,115.0,72.0,-43.0,43.0
Maharashtra,Ratnagiri,maharashtra|ratnagiri,65.08314785680696,14,66.4565670865747,15,S3_shuffled_hwa,1.373419229767734,32.0,26.0,-6.0,6.0
Maharashtra,Sangli,maharashtra|sangli,59.423043504709206,14,57.533811256651994,15,S3_shuffled_hwa,-1.889232248057212,221.0,435.0,214.0,214.0
Maharashtra,Satara,maharashtra|satara,55.87580050254245,14,57.92079316100806,15,S3_shuffled_hwa,2.044992658465617,476.0,405.0,-71.0,71.0
Maharashtra,Sindhudurg,maharashtra|sindhudurg,67.30507848327595,14,67.71796134071451,15,S3_shuffled_hwa,0.4128828574385608,10.0,16.0,6.0,6.0
Maharashtra,Solapur,maharashtra|solapur,62.4239412567986,14,63.489651038153966,15,S3_shuffled_hwa,1.0657097813553662,99.0,98.0,-1.0,1.0
Maharashtra,Thane,maharashtra|thane,62.35447662213042,14,60.643028473433,15,S3_shuffled_hwa,-1.7114481486974213,105.0,210.0,105.0,105.0
Maharashtra,Wardha,maharashtra|wardha,60.96870685526902,14,62.2346563001349,15,S3_shuffled_hwa,1.265949444865882,160.0,141.0,-19.0,19.0
Maharashtra,Washim,maharashtra|washim,59.35053305551426,14,60.15469744054664,15,S3_shuffled_hwa,0.8041643850323794,230.0,250.0,20.0,20.0
Maharashtra,Yavatmal,maharashtra|yavatmal,61.88784748018227,14,63.52651402881006,15,S3_shuffled_hwa,1.6386665486277892,126.0,94.0,-32.0,32.0
Manipur,Bishnupur,manipur|bishnupur,42.01551226739235,14,44.388664718296475,15,S3_shuffled_hwa,2.373152450904122,688.0,686.0,-2.0,2.0
Manipur,Chandel,manipur|chandel,43.83046712953496,14,46.31006361525433,15,S3_shuffled_hwa,2.4795964857193695,678.0,673.0,-5.0,5.0
Manipur,Churachandpur,manipur|churachandpur,41.22240354659145,14,42.96573725783287,15,S3_shuffled_hwa,1.7433337112414193,693.0,694.0,1.0,1.0
Manipur,Imphal East,manipur|imphal east,38.93653029252757,14,37.031596884140356,15,S3_shuffled_hwa,-1.9049334083872154,714.0,733.0,19.0,19.0
Manipur,Imphal West,manipur|imphal west,39.61501359222316,14,38.20753945374662,15,S3_shuffled_hwa,-1.4074741384765375,704.0,724.0,20.0,20.0
Manipur,Jiribam,manipur|jiribam,51.61003603613192,14,53.27141341235378,15,S3_shuffled_hwa,1.661377376221857,625.0,618.0,-7.0,7.0
Manipur,Kakching,manipur|kakching,42.4331054832584,14,45.3373467617983,15,S3_shuffled_hwa,2.9042412785398994,685.0,681.0,-4.0,4.0
Manipur,Kamjong,manipur|kamjong,40.87528803834979,14,43.1441324750744,15,S3_shuffled_hwa,2.2688444367246134,695.0,693.0,-2.0,2.0
Manipur,Kangpokpi,manipur|kangpokpi,36.87561503483035,14,38.71206740498341,15,S3_shuffled_hwa,1.8364523701530544,723.0,723.0,0.0,0.0
Manipur,Noney,manipur|noney,42.778772306662184,14,45.678274817495435,15,S3_shuffled_hwa,2.8995025108332513,682.0,677.0,-5.0,5.0
Manipur,Pherzawl,manipur|pherzawl,45.258889493971324,14,46.52664853377262,15,S3_shuffled_hwa,1.2677590398012981,669.0,670.0,1.0,1.0
Manipur,Senapati,manipur|senapati,34.44885582570293,14,37.56860888707649,15,S3_shuffled_hwa,3.119753061373565,734.0,730.0,-4.0,4.0
Manipur,Tamenglong,manipur|tamenglong,39.5682037568025,14,42.313355892872735,15,S3_shuffled_hwa,2.7451521360702387,705.0,699.0,-6.0,6.0
Manipur,Tengnoupal,manipur|tengnoupal,45.64393788087817,14,47.728779471768874,15,S3_shuffled_hwa,2.0848415908907043,664.0,665.0,1.0,1.0
Manipur,Thoubal,manipur|thoubal,40.887229800273616,14,43.64552466873084,15,S3_shuffled_hwa,2.7582948684572273,694.0,689.0,-5.0,5.0
Manipur,Ukhrul,manipur|ukhrul,34.54106229866862,14,36.72490741014409,15,S3_shuffled_hwa,2.1838451114754704,733.0,734.0,1.0,1.0
Meghalaya,East Garo Hills,meghalaya|east garo hills,45.60954383864559,14,48.235519629039,15,S3_shuffled_hwa,2.6259757903934045,665.0,662.0,-3.0,3.0
Meghalaya,East Jaintia Hills,meghalaya|east jaintia hills,40.05229698340639,14,42.77970540775459,15,S3_shuffled_hwa,2.727408424348198,701.0,695.0,-6.0,6.0
Meghalaya,East Khasi Hills,meghalaya|east khasi hills,39.24997763550282,14,41.81585605434866,15,S3_shuffled_hwa,2.565878418845834,708.0,703.0,-5.0,5.0
Meghalaya,Eastern West Khasi Hills,meghalaya|eastern west khasi hills,37.20111050056178,14,39.61320039758331,15,S3_shuffled_hwa,2.4120898970215308,721.0,718.0,-3.0,3.0
Meghalaya,North Garo Hills,meghalaya|north garo hills,50.960361404643685,14,53.62858413969837,15,S3_shuffled_hwa,2.668222735054684,634.0,608.0,-26.0,26.0
Meghalaya,Ri Bhoi,meghalaya|ri bhoi,45.140009285578294,14,47.45229473821232,15,S3_shuffled_hwa,2.312285452634029,671.0,667.0,-4.0,4.0
Meghalaya,South Garo Hills,meghalaya|south garo hills,48.92243982040654,14,50.73738118798051,15,S3_shuffled_hwa,1.8149413675739723,657.0,651.0,-6.0,6.0
Meghalaya,South West Garo Hills,meghalaya|south west garo hills,53.70799713323564,14,55.569463353022236,15,S3_shuffled_hwa,1.8614662197865997,578.0,548.0,-30.0,30.0
Meghalaya,South West Khasi Hills,meghalaya|south west khasi hills,41.87367625690871,14,41.384600335762705,15,S3_shuffled_hwa,-0.4890759211460036,689.0,708.0,19.0,19.0
Meghalaya,West Garo Hills,meghalaya|west garo hills,50.87991127908648,14,51.54913034175295,15,S3_shuffled_hwa,0.6692190626664711,637.0,646.0,9.0,9.0
Meghalaya,West Jaintia Hills,meghalaya|west jaintia hills,39.10771257990087,14,41.798350198432274,15,S3_shuffled_hwa,2.6906376185314045,711.0,705.0,-6.0,6.0
Meghalaya,West Khasi Hills,meghalaya|west khasi hills,41.408083926028915,14,44.394044556349115,15,S3_shuffled_hwa,2.9859606303202,692.0,685.0,-7.0,7.0
Mizoram,Aizawl,mizoram|aizawl,45.043385479592175,14,45.30774933514977,15,S3_shuffled_hwa,0.26436385555759756,673.0,682.0,9.0,9.0
Mizoram,Champhai,mizoram|champhai,39.10816822873128,14,39.748737942150875,15,S3_shuffled_hwa,0.6405697134195947,710.0,717.0,7.0,7.0
Mizoram,Hnahthial,mizoram|hnahthial,44.5493611074263,14,46.21374793138554,15,S3_shuffled_hwa,1.6643868239592408,674.0,674.0,0.0,0.0
Mizoram,Khawzawl,mizoram|khawzawl,40.337301928713124,14,42.533188086034535,15,S3_shuffled_hwa,2.195886157321411,700.0,698.0,-2.0,2.0
Mizoram,Kolasib,mizoram|kolasib,49.58668304263027,14,51.72636556325209,15,S3_shuffled_hwa,2.139682520621818,653.0,642.0,-11.0,11.0
Mizoram,Lawngtlai,mizoram|lawngtlai,51.32108761371676,14,53.46379451952135,15,S3_shuffled_hwa,2.1427069058045873,630.0,612.0,-18.0,18.0
Mizoram,Lunglei,mizoram|lunglei,51.674538176634286,14,53.68304737537435,15,S3_shuffled_hwa,2.0085091987400645,623.0,605.0,-18.0,18.0
Mizoram,Mamit,mizoram|mamit,49.80806185173845,14,51.64916948400056,15,S3_shuffled_hwa,1.8411076322621085,651.0,644.0,-7.0,7.0
Mizoram,Saiha,mizoram|saiha,46.75175113751704,14,49.0092976396627,15,S3_shuffled_hwa,2.257546502145658,660.0,660.0,0.0,0.0
Mizoram,Saitual,mizoram|saitual,41.4464799575289,14,43.195527266084376,15,S3_shuffled_hwa,1.7490473085554754,691.0,692.0,1.0,1.0
Mizoram,Serchhip,mizoram|serchhip,42.88326459975163,14,41.253436622268,15,S3_shuffled_hwa,-1.6298279774836288,681.0,710.0,29.0,29.0
Nagaland,Chumoukedima,nagaland|chumoukedima,45.10295744869358,14,47.727754806878615,15,S3_shuffled_hwa,2.6247973581850346,672.0,666.0,-6.0,6.0
Nagaland,Dimapur,nagaland|dimapur,50.65389400264244,14,52.617193274726844,15,S3_shuffled_hwa,1.9632992720844058,641.0,629.0,-12.0,12.0
Nagaland,Kiphire,nagaland|kiphire,33.91434084212575,14,36.44856014835404,15,S3_shuffled_hwa,2.5342193062282874,736.0,736.0,0.0,0.0
Nagaland,Kohima,nagaland|kohima,35.201762935258,14,37.881900187620275,15,S3_shuffled_hwa,2.6801372523622717,730.0,728.0,-2.0,2.0
Nagaland,Longleng,nagaland|longleng,41.69950908566489,14,41.88331900658071,15,S3_shuffled_hwa,0.18380992091582016,690.0,701.0,11.0,11.0
Nagaland,Mokokchung,nagaland|mokokchung,45.49065039441659,14,45.51402300586866,15,S3_shuffled_hwa,0.023372611452067815,668.0,678.0,10.0,10.0
Nagaland,Mon,nagaland|mon,39.40498342915515,14,39.21105997283598,15,S3_shuffled_hwa,-0.19392345631916896,707.0,720.0,13.0,13.0
Nagaland,Niuland,nagaland|niuland,49.72148956142811,14,50.98057532979228,15,S3_shuffled_hwa,1.259085768364173,652.0,649.0,-3.0,3.0
Nagaland,Noklak,nagaland|noklak,30.205749809102837,14,33.042090359033025,15,S3_shuffled_hwa,2.8363405499301884,745.0,747.0,2.0,2.0
Nagaland,Peren,nagaland|peren,40.70857036581874,14,41.800973687622665,15,S3_shuffled_hwa,1.0924033218039284,697.0,704.0,7.0,7.0
Nagaland,Phek,nagaland|phek,34.63881809457964,14,34.816948515851685,15,S3_shuffled_hwa,0.17813042127204426,732.0,739.0,7.0,7.0
Nagaland,Shamator,nagaland|shamator,34.696344760818135,14,36.67116915677103,15,S3_shuffled_hwa,1.9748243959528935,731.0,735.0,4.0,4.0
Nagaland,Tseminyu,nagaland|tseminyu,38.956754817066205,14,40.9599390564546,15,S3_shuffled_hwa,2.0031842393883963,713.0,713.0,0.0,0.0
Nagaland,Tuensang,nagaland|tuensang,36.74772046492579,14,40.04332779428552,15,S3_shuffled_hwa,3.2956073293597257,725.0,716.0,-9.0,9.0
Nagaland,Wokha,nagaland|wokha,45.601087326899616,14,48.04397785001864,15,S3_shuffled_hwa,2.4428905231190257,666.0,663.0,-3.0,3.0
Nagaland,Zunheboto,nagaland|zunheboto,36.315649196216235,14,39.089242862805456,15,S3_shuffled_hwa,2.773593666589221,727.0,721.0,-6.0,6.0
Odisha,Anugul,odisha|anugul,59.42039798370281,14,60.2399703479115,15,S3_shuffled_hwa,0.819572364208689,222.0,242.0,20.0,20.0
Odisha,Balangir,odisha|balangir,59.04923911970079,14,60.534194580874505,15,S3_shuffled_hwa,1.484955461173712,255.0,221.0,-34.0,34.0
Odisha,Baleshwar,odisha|baleshwar,60.992738462281395,14,62.59172082577976,15,S3_shuffled_hwa,1.598982363498365,158.0,124.0,-34.0,34.0
Odisha,Bargarh,odisha|bargarh,59.72723070773638,14,60.10320022515984,15,S3_shuffled_hwa,0.3759695174234565,208.0,252.0,44.0,44.0
Odisha,Bhadrak,odisha|bhadrak,62.61970791380233,14,64.03015500059362,15,S3_shuffled_hwa,1.4104470867912937,90.0,73.0,-17.0,17.0
Odisha,Boudh,odisha|boudh,57.375020126641395,14,59.37010412286295,15,S3_shuffled_hwa,1.9950839962215525,375.0,305.0,-70.0,70.0
Odisha,Cuttack,odisha|cuttack,61.40854020253241,14,62.392202459791356,15,S3_shuffled_hwa,0.9836622572589491,145.0,131.0,-14.0,14.0
Odisha,Deogarh,odisha|deogarh,58.90725900023694,14,59.48670953448309,15,S3_shuffled_hwa,0.5794505342461491,267.0,297.0,30.0,30.0
Odisha,Dhenkanal,odisha|dhenkanal,61.85762875981792,14,60.92612906379158,15,S3_shuffled_hwa,-0.9314996960263429,130.0,195.0,65.0,65.0
Odisha,Gajapati,odisha|gajapati,50.6104521472431,14,52.3458630194898,15,S3_shuffled_hwa,1.735410872246696,643.0,636.0,-7.0,7.0
Odisha,Ganjam,odisha|ganjam,56.650465608259545,14,56.47977552796671,15,S3_shuffled_hwa,-0.17069008029283594,423.0,500.0,77.0,77.0
Odisha,Jagatsinghapur,odisha|jagatsinghapur,61.88016989784317,14,63.200087791837845,15,S3_shuffled_hwa,1.3199178939946776,129.0,109.0,-20.0,20.0
Odisha,Jajapur,odisha|jajapur,62.7628883163487,14,64.40515680124504,15,S3_shuffled_hwa,1.6422684848963414,85.0,61.0,-24.0,24.0
Odisha,Jharsuguda,odisha|jharsuguda,59.802843211836155,14,61.47618466866174,15,S3_shuffled_hwa,1.6733414568255824,201.0,169.0,-32.0,32.0
Odisha,Kalahandi,odisha|kalahandi,56.56896928181947,14,57.66915037425542,15,S3_shuffled_hwa,1.1001810924359532,429.0,426.0,-3.0,3.0
Odisha,Kandhamal,odisha|kandhamal,50.32940479119017,14,52.462099910127144,15,S3_shuffled_hwa,2.1326951189369723,647.0,633.0,-14.0,14.0
Odisha,Kendrapara,odisha|kendrapara,62.48115592010732,14,64.3739773736883,15,S3_shuffled_hwa,1.8928214535809857,95.0,62.0,-33.0,33.0
Odisha,Kendujhar,odisha|kendujhar,57.44637162587956,14,58.5608223964327,15,S3_shuffled_hwa,1.114450770553141,370.0,362.0,-8.0,8.0
Odisha,Khordha,odisha|khordha,59.94402291182368,14,61.37228602069742,15,S3_shuffled_hwa,1.4282631088737432,196.0,176.0,-20.0,20.0
Odisha,Koraput,odisha|koraput,50.19866826838991,14,50.13041729887102,15,S3_shuffled_hwa,-0.06825096951888554,648.0,656.0,8.0,8.0
Odisha,Malkangiri,odisha|malkangiri,58.966274433461955,14,60.642741466327074,15,S3_shuffled_hwa,1.6764670328651192,263.0,211.0,-52.0,52.0
Odisha,Mayurbhanj,odisha|mayurbhanj,58.02308589939836,14,56.77354284700211,15,S3_shuffled_hwa,-1.2495430523962483,334.0,479.0,145.0,145.0
Odisha,Nabarangpur,odisha|nabarangpur,54.48140518483924,14,55.472226933799405,15,S3_shuffled_hwa,0.9908217489601654,552.0,553.0,1.0,1.0
Odisha,Nayagarh,odisha|nayagarh,57.76471808520139,14,59.912464687632216,15,S3_shuffled_hwa,2.1477466024308285,346.0,268.0,-78.0,78.0
Odisha,Nuapada,odisha|nuapada,57.59324777867155,14,58.854948988975885,15,S3_shuffled_hwa,1.261701210304338,359.0,346.0,-13.0,13.0
Odisha,Puri,odisha|puri,60.421967573561325,14,62.553164212107866,15,S3_shuffled_hwa,2.131196638546541,181.0,125.0,-56.0,56.0
Odisha,Rayagada,odisha|rayagada,53.12579045270624,14,54.508037814021954,15,S3_shuffled_hwa,1.382247361315713,594.0,588.0,-6.0,6.0
Odisha,Sambalpur,odisha|sambalpur,59.04912367878979,14,60.25451775344482,15,S3_shuffled_hwa,1.2053940746550325,256.0,240.0,-16.0,16.0
Odisha,Sonepur,odisha|sonepur,60.6331120863934,14,60.486860958183044,15,S3_shuffled_hwa,-0.14625112821035913,171.0,224.0,53.0,53.0
Odisha,Sundargarh,odisha|sundargarh,58.46652462724632,14,58.95023112242601,15,S3_shuffled_hwa,0.483706495179689,305.0,334.0,29.0,29.0
Puducherry,Karaikal,puducherry|karaikal,67.92138164788058,14,69.31535745433149,15,S3_shuffled_hwa,1.3939758064509107,4.0,6.0,2.0,2.0
Puducherry,Mahe,puducherry|mahe,70.23945894465972,14,71.60846029599846,15,S3_shuffled_hwa,1.3690013513387385,2.0,2.0,0.0,0.0
Puducherry,Pondicherry,puducherry|pondicherry,64.99941746880862,14,66.5823394472904,15,S3_shuffled_hwa,1.582921978481778,33.0,24.0,-9.0,9.0
Puducherry,Yanam,puducherry|yanam,66.73687731956875,14,68.50357551612856,15,S3_shuffled_hwa,1.7666981965598154,17.0,10.0,-7.0,7.0
Punjab,Amritsar,punjab|amritsar,56.391143850826545,14,57.05029695789938,15,S3_shuffled_hwa,0.6591531070728323,441.0,465.0,24.0,24.0
Punjab,Barnala,punjab|barnala,59.50243889731373,14,61.16716421106673,15,S3_shuffled_hwa,1.664725313753003,215.0,182.0,-33.0,33.0
Punjab,Bathinda,punjab|bathinda,60.48932719707382,14,61.933766821720305,15,S3_shuffled_hwa,1.4444396246464848,178.0,155.0,-23.0,23.0
Punjab,Faridkot,punjab|faridkot,60.82359978073717,14,62.14358936768968,15,S3_shuffled_hwa,1.3199895869525093,164.0,143.0,-21.0,21.0
Punjab,Fatehgarh Sahib,punjab|fatehgarh sahib,57.734401068935696,14,59.475655628775144,15,S3_shuffled_hwa,1.7412545598394473,348.0,300.0,-48.0,48.0
Punjab,Fazilka,punjab|fazilka,62.746384216395576,14,64.12633722137461,15,S3_shuffled_hwa,1.3799530049790363,86.0,69.0,-17.0,17.0
Punjab,Ferozepur,punjab|ferozepur,60.0078365129557,14,61.5514793595934,15,S3_shuffled_hwa,1.5436428466377023,193.0,165.0,-28.0,28.0
Punjab,Gurdaspur,punjab|gurdaspur,55.49151141185194,14,56.93832728136527,15,S3_shuffled_hwa,1.4468158695133297,503.0,470.0,-33.0,33.0
Punjab,Hoshiarpur,punjab|hoshiarpur,54.134348358536904,14,55.75224909361386,15,S3_shuffled_hwa,1.617900735076958,565.0,543.0,-22.0,22.0
Punjab,Jalandhar,punjab|jalandhar,56.937499744004086,14,56.4029238288808,15,S3_shuffled_hwa,-0.5345759151232841,408.0,509.0,101.0,101.0
Punjab,Kapurthala,punjab|kapurthala,56.5015441479619,14,55.840564448974455,15,S3_shuffled_hwa,-0.6609796989874468,439.0,541.0,102.0,102.0
Punjab,Ludhiana,punjab|ludhiana,58.312819625811684,14,59.995022629513336,15,S3_shuffled_hwa,1.6822030037016518,314.0,260.0,-54.0,54.0
Punjab,Malerkotla,punjab|malerkotla,58.63766647140289,14,59.89483908248991,15,S3_shuffled_hwa,1.2571726110870216,290.0,270.0,-20.0,20.0
Punjab,Mansa,punjab|mansa,59.28289949423798,14,60.25229931124558,15,S3_shuffled_hwa,0.9693998170075986,236.0,241.0,5.0,5.0
Punjab,Moga,punjab|moga,59.1073006643766,14,60.38967407147563,15,S3_shuffled_hwa,1.2823734070990298,247.0,230.0,-17.0,17.0
Punjab,Pathankot,punjab|pathankot,52.771272410444496,14,54.31213369808569,15,S3_shuffled_hwa,1.5408612876411922,605.0,593.0,-12.0,12.0
Punjab,Patiala,punjab|patiala,57.563141974226774,14,59.078303618546656,15,S3_shuffled_hwa,1.5151616443198819,361.0,326.0,-35.0,35.0
Punjab,Rupnagar,punjab|rupnagar,54.487664663763795,14,55.98986491008419,15,S3_shuffled_hwa,1.5022002463203918,550.0,532.0,-18.0,18.0
Punjab,S.A.S Nagar,punjab|sas nagar,55.73091350258271,14,57.03650616764437,15,S3_shuffled_hwa,1.3055926650616598,488.0,467.0,-21.0,21.0
Punjab,Sangrur,punjab|sangrur,58.4906814275346,14,59.62637176027885,15,S3_shuffled_hwa,1.1356903327442538,304.0,284.0,-20.0,20.0
Punjab,Shahid Bhagat Singh Nagar,punjab|shahid bhagat singh nagar,55.93778565100128,14,55.41293215326287,15,S3_shuffled_hwa,-0.5248534977384054,467.0,558.0,91.0,91.0
Punjab,Sri Muktsar Sahib,punjab|sri muktsar sahib,61.88247052813275,14,63.90762925058192,15,S3_shuffled_hwa,2.02515872244917,127.0,78.0,-49.0,49.0
Punjab,Tarn Taran,punjab|tarn taran,57.62563194044515,14,59.362309483532364,15,S3_shuffled_hwa,1.736677543087211,357.0,307.0,-50.0,50.0
Rajasthan,Ajmer,rajasthan|ajmer,57.257331883022424,14,58.6700765559048,15,S3_shuffled_hwa,1.4127446728823756,383.0,356.0,-27.0,27.0
Rajasthan,Alwar,rajasthan|alwar,55.854700020059575,14,57.56645553643904,15,S3_shuffled_hwa,1.711755516379462,480.0,432.0,-48.0,48.0
Rajasthan,Anoopgarh,rajasthan|anoopgarh,64.31447184146627,14,65.4165831100611,15,S3_shuffled_hwa,1.1021112685948253,43.0,45.0,2.0,2.0
Rajasthan,Balotra,rajasthan|balotra,62.39309582914405,14,63.8667099641845,15,S3_shuffled_hwa,1.4736141350404495,101.0,80.0,-21.0,21.0
Rajasthan,Banswara,rajasthan|banswara,58.11981218714592,14,59.68782066116484,15,S3_shuffled_hwa,1.5680084740189244,326.0,280.0,-46.0,46.0
Rajasthan,Baran,rajasthan|baran,57.24076045255101,14,56.57129261949713,15,S3_shuffled_hwa,-0.6694678330538792,385.0,490.0,105.0,105.0
Rajasthan,Barmer,rajasthan|barmer,62.04614934504777,14,62.415380968754235,15,S3_shuffled_hwa,0.3692316237064617,119.0,130.0,11.0,11.0
Rajasthan,Beawar,rajasthan|beawar,58.07240332026762,14,59.45686786318117,15,S3_shuffled_hwa,1.3844645429135483,330.0,301.0,-29.0,29.0
Rajasthan,Bharatpur,rajasthan|bharatpur,57.12161771433472,14,58.93867562573545,15,S3_shuffled_hwa,1.817057911400731,394.0,335.0,-59.0,59.0
Rajasthan,Bhilwara,rajasthan|bhilwara,55.57506967448035,14,57.888670921078756,15,S3_shuffled_hwa,2.3136012465984024,496.0,409.0,-87.0,87.0
Rajasthan,Bikaner,rajasthan|bikaner,63.52134755959933,14,64.02123857642307,15,S3_shuffled_hwa,0.4998910168237458,63.0,74.0,11.0,11.0
Rajasthan,Bundi,rajasthan|bundi,58.78102014717767,14,60.043717920364394,15,S3_shuffled_hwa,1.2626977731867228,281.0,257.0,-24.0,24.0
Rajasthan,Chittorgarh,rajasthan|chittorgarh,55.44598534243551,14,56.672725321192324,15,S3_shuffled_hwa,1.226739978756811,505.0,486.0,-19.0,19.0
Rajasthan,Churu,rajasthan|churu,60.27002370389081,14,60.0103225244217,15,S3_shuffled_hwa,-0.2597011794691042,186.0,259.0,73.0,73.0
Rajasthan,Dausa,rajasthan|dausa,56.74302267404245,14,58.903526520701206,15,S3_shuffled_hwa,2.160503846658756,416.0,340.0,-76.0,76.0
Rajasthan,Deeg,rajasthan|deeg,56.85637354917313,14,58.704608503127254,15,S3_shuffled_hwa,1.848234953954126,412.0,354.0,-58.0,58.0
Rajasthan,Dholpur,rajasthan|dholpur,57.64564329063646,14,59.140292095524444,15,S3_shuffled_hwa,1.4946488048879871,355.0,319.0,-36.0,36.0
Rajasthan,Didwana Kuchaman,rajasthan|didwana kuchaman,58.39102872504825,14,57.9707180587436,15,S3_shuffled_hwa,-0.4203106663046512,309.0,400.0,91.0,91.0
Rajasthan,Dudu,rajasthan|dudu,57.56277948319973,14,58.961384360560814,15,S3_shuffled_hwa,1.3986048773610804,362.0,333.0,-29.0,29.0
Rajasthan,Dungarpur,rajasthan|dungarpur,58.51525688479261,14,59.945405979291,15,S3_shuffled_hwa,1.4301490944983897,302.0,263.0,-39.0,39.0
Rajasthan,Ganganagar,rajasthan|ganganagar,63.23254793093448,14,64.61086733092377,15,S3_shuffled_hwa,1.3783193999892873,67.0,58.0,-9.0,9.0
Rajasthan,Gangapurcity,rajasthan|gangapurcity,57.280019025056724,14,59.13847342993033,15,S3_shuffled_hwa,1.858454404873605,382.0,320.0,-62.0,62.0
Rajasthan,Hanumangarh,rajasthan|hanumangarh,61.461427026506335,14,62.77646151198465,15,S3_shuffled_hwa,1.3150344854783143,144.0,121.0,-23.0,23.0
Rajasthan,Jaipur,rajasthan|jaipur,56.04615661601321,14,57.30039259706214,15,S3_shuffled_hwa,1.2542359810489359,461.0,453.0,-8.0,8.0
Rajasthan,Jaipur Gramin,rajasthan|jaipur gramin,56.35389954568314,14,55.40318144764409,15,S3_shuffled_hwa,-0.9507180980390544,443.0,559.0,116.0,116.0
Rajasthan,Jaisalmer,rajasthan|jaisalmer,63.728555079956,14,63.724343182497364,15,S3_shuffled_hwa,-0.004211897458638703,57.0,85.0,28.0,28.0
Rajasthan,Jalore,rajasthan|jalore,61.880650212152624,14,63.110659426200115,15,S3_shuffled_hwa,1.2300092140474916,128.0,112.0,-16.0,16.0
Rajasthan,Jhalawar,rajasthan|jhalawar,55.86632588328074,14,57.87641301314556,15,S3_shuffled_hwa,2.0100871298648215,477.0,410.0,-67.0,67.0
Rajasthan,Jhunjhunu,rajasthan|jhunjhunu,57.48540798283508,14,59.51837027563832,15,S3_shuffled_hwa,2.0329622928032407,366.0,294.0,-72.0,72.0
Rajasthan,Jodhpur,rajasthan|jodhpur,62.0022184189768,14,63.92551863507213,15,S3_shuffled_hwa,1.9233002160953276,121.0,77.0,-44.0,44.0
Rajasthan,Jodhpur Gramin,rajasthan|jodhpur gramin,61.96750293461581,14,62.80850484636004,15,S3_shuffled_hwa,0.8410019117442289,124.0,119.0,-5.0,5.0
Rajasthan,Karauli,rajasthan|karauli,57.022469506765965,14,58.83225018508006,15,S3_shuffled_hwa,1.8097806783140982,404.0,347.0,-57.0,57.0
Rajasthan,Kekri,rajasthan|kekri,57.55102804955106,14,56.13071850040887,15,S3_shuffled_hwa,-1.420309549142189,363.0,523.0,160.0,160.0
Rajasthan,Khairthal-Tijara,rajasthan|khairthal tijara,55.87588193544501,14,57.91044895485071,15,S3_shuffled_hwa,2.0345670194056993,475.0,406.0,-69.0,69.0
Rajasthan,Kota,rajasthan|kota,58.308664032283666,14,56.30649875211532,15,S3_shuffled_hwa,-2.0021652801683487,315.0,516.0,201.0,201.0
Rajasthan,Kotputli-Behror,rajasthan|kotputli behror,55.11223215670018,14,55.564913955933456,15,S3_shuffled_hwa,0.45268179923327523,524.0,549.0,25.0,25.0
Rajasthan,Nagaur,rajasthan|nagaur,61.07315266424358,14,62.643068961779,15,S3_shuffled_hwa,1.5699162975354213,153.0,123.0,-30.0,30.0
Rajasthan,Neem Ka Thana,rajasthan|neem ka thana,55.42382103981639,14,56.02868569905101,15,S3_shuffled_hwa,0.6048646592346216,508.0,530.0,22.0,22.0
Rajasthan,Pali,rajasthan|pali,58.96217213759878,14,60.73252365829381,15,S3_shuffled_hwa,1.77035152069503,264.0,203.0,-61.0,61.0
Rajasthan,Phalodi,rajasthan|phalodi,62.83029825343136,14,64.25268814896334,15,S3_shuffled_hwa,1.4223898955319854,84.0,65.0,-19.0,19.0
Rajasthan,Pratapgarh,rajasthan|pratapgarh,55.32161251540178,14,54.50364989675624,15,S3_shuffled_hwa,-0.8179626186455451,511.0,589.0,78.0,78.0
Rajasthan,Rajsamand,rajasthan|rajsamand,52.787189660806504,14,54.4226688716859,15,S3_shuffled_hwa,1.6354792108793959,604.0,591.0,-13.0,13.0
Rajasthan,Salumbar,rajasthan|salumbar,54.19976413793926,14,56.532883149873285,15,S3_shuffled_hwa,2.3331190119340235,562.0,495.0,-67.0,67.0
Rajasthan,Sawai Madhopur,rajasthan|sawai madhopur,58.29511733419401,14,59.41493451617066,15,S3_shuffled_hwa,1.11981718197665,317.0,302.0,-15.0,15.0
Rajasthan,Shahpura,rajasthan|shahpura,57.03311197897949,14,58.43504167344613,15,S3_shuffled_hwa,1.401929694466638,403.0,373.0,-30.0,30.0
Rajasthan,Sikar,rajasthan|sikar,57.153970080134926,14,58.93415709235262,15,S3_shuffled_hwa,1.780187012217695,393.0,337.0,-56.0,56.0
Rajasthan,Sirohi,rajasthan|sirohi,56.26442770796793,14,57.62494246680748,15,S3_shuffled_hwa,1.3605147588395496,449.0,428.0,-21.0,21.0
Rajasthan,Tonk,rajasthan|tonk,58.06399061994818,14,57.396415126663136,15,S3_shuffled_hwa,-0.6675754932850424,332.0,448.0,116.0,116.0
Rajasthan,Udaipur,rajasthan|udaipur,50.66320388285111,14,49.985879135912526,15,S3_shuffled_hwa,-0.6773247469385808,640.0,657.0,17.0,17.0
Sikkim,Gangtok,sikkim|gangtok,24.675974268514235,14,28.26132282624787,15,S3_shuffled_hwa,3.585348557733635,761.0,761.0,0.0,0.0
Sikkim,Gyalshing,sikkim|gyalshing,16.2648285013758,14,20.556467942552327,15,S3_shuffled_hwa,4.291639441176528,777.0,776.0,-1.0,1.0
Sikkim,Mangan,sikkim|mangan,12.87337837323236,14,18.284305005443013,15,S3_shuffled_hwa,5.4109266322106535,778.0,777.0,-1.0,1.0
Sikkim,Namchi,sikkim|namchi,29.993339765681576,14,30.048775078331193,15,S3_shuffled_hwa,0.05543531264961743,746.0,753.0,7.0,7.0
Sikkim,Pakyong,sikkim|pakyong,27.00153971380113,14,28.755755952543712,15,S3_shuffled_hwa,1.7542162387425826,752.0,759.0,7.0,7.0
Sikkim,Soreng,sikkim|soreng,25.811940701933423,14,29.61396862806385,15,S3_shuffled_hwa,3.802027926130428,758.0,755.0,-3.0,3.0
Tamil Nadu,Ariyalur,tamil nadu|ariyalur,65.40921771001463,14,66.23002403969993,15,S3_shuffled_hwa,0.820806329685297,28.0,31.0,3.0,3.0
Tamil Nadu,Chengalpattu,tamil nadu|chengalpattu,65.92306607952149,14,66.49753306154126,15,S3_shuffled_hwa,0.5744669820197714,23.0,25.0,2.0,2.0
Tamil Nadu,Chennai,tamil nadu|chennai,67.7109463547389,14,63.810424846162555,15,S3_shuffled_hwa,-3.9005215085763396,6.0,84.0,78.0,78.0
Tamil Nadu,Coimbatore,tamil nadu|coimbatore,56.17618571127792,14,56.22714476476859,15,S3_shuffled_hwa,0.05095905349067209,455.0,519.0,64.0,64.0
Tamil Nadu,Cuddalore,tamil nadu|cuddalore,65.08824965821286,14,66.34044356473531,15,S3_shuffled_hwa,1.25219390652245,31.0,30.0,-1.0,1.0
Tamil Nadu,Dharmapuri,tamil nadu|dharmapuri,54.7846438293069,14,56.078547986694396,15,S3_shuffled_hwa,1.2939041573874945,535.0,527.0,-8.0,8.0
Tamil Nadu,Dindigul,tamil nadu|dindigul,54.4849016578358,14,55.516148644069254,15,S3_shuffled_hwa,1.0312469862334552,551.0,551.0,0.0,0.0
Tamil Nadu,Erode,tamil nadu|erode,56.57891287683309,14,58.153360464097105,15,S3_shuffled_hwa,1.574447587264018,426.0,388.0,-38.0,38.0
Tamil Nadu,Kallakurichi,tamil nadu|kallakurichi,61.485339313970535,14,62.87724014514807,15,S3_shuffled_hwa,1.3919008311775372,142.0,117.0,-25.0,25.0
Tamil Nadu,Kanchipuram,tamil nadu|kanchipuram,64.9693624052807,14,66.34241488533983,15,S3_shuffled_hwa,1.3730524800591297,34.0,29.0,-5.0,5.0
Tamil Nadu,Kanniyakumari,tamil nadu|kanniyakumari,61.22488531336924,14,62.69246081768607,15,S3_shuffled_hwa,1.4675755043168266,148.0,122.0,-26.0,26.0
Tamil Nadu,Karur,tamil nadu|karur,62.91468692883621,14,63.28898436656285,15,S3_shuffled_hwa,0.37429743772663926,76.0,106.0,30.0,30.0
Tamil Nadu,Krishnagiri,tamil nadu|krishnagiri,52.293012964997864,14,53.868517124924196,15,S3_shuffled_hwa,1.5755041599263322,612.0,600.0,-12.0,12.0
Tamil Nadu,Madurai,tamil nadu|madurai,60.54360003328561,14,61.415939126839504,15,S3_shuffled_hwa,0.8723390935538973,176.0,172.0,-4.0,4.0
Tamil Nadu,Mayiladuthurai,tamil nadu|mayiladuthurai,66.88727578710316,14,67.83497536849426,15,S3_shuffled_hwa,0.9476995813910918,15.0,15.0,0.0,0.0
Tamil Nadu,Nagapattinam,tamil nadu|nagapattinam,67.46850397197403,14,65.03345764442474,15,S3_shuffled_hwa,-2.435046327549287,8.0,53.0,45.0,45.0
Tamil Nadu,Namakkal,tamil nadu|namakkal,60.99471162136487,14,60.55030251324203,15,S3_shuffled_hwa,-0.44440910812284073,157.0,219.0,62.0,62.0
Tamil Nadu,Perambalur,tamil nadu|perambalur,62.891335347136376,14,64.1008330519312,15,S3_shuffled_hwa,1.2094977047948277,79.0,71.0,-8.0,8.0
Tamil Nadu,Pudukkottai,tamil nadu|pudukkottai,64.35273690139879,14,65.7855682459156,15,S3_shuffled_hwa,1.4328313445168135,41.0,41.0,0.0,0.0
Tamil Nadu,Ramanathapuram,tamil nadu|ramanathapuram,65.80759648229814,14,67.42321680163437,15,S3_shuffled_hwa,1.6156203193362302,26.0,19.0,-7.0,7.0
Tamil Nadu,Ranipet,tamil nadu|ranipet,64.09759906630785,14,63.67464147092259,15,S3_shuffled_hwa,-0.4229575953852631,49.0,88.0,39.0,39.0
Tamil Nadu,Salem,tamil nadu|salem,57.16563898477516,14,58.12196477221936,15,S3_shuffled_hwa,0.9563257874442002,392.0,391.0,-1.0,1.0
Tamil Nadu,Sivaganga,tamil nadu|sivaganga,64.05664997098009,14,65.82117248855937,15,S3_shuffled_hwa,1.7645225175792802,51.0,39.0,-12.0,12.0
Tamil Nadu,Tenkasi,tamil nadu|tenkasi,61.982217035221446,14,62.27137759296081,15,S3_shuffled_hwa,0.2891605577393648,123.0,137.0,14.0,14.0
Tamil Nadu,Thanjavur,tamil nadu|thanjavur,66.22178758944715,14,67.9435806590452,15,S3_shuffled_hwa,1.72179306959805,20.0,14.0,-6.0,6.0
Tamil Nadu,The Nilgiris,tamil nadu|the nilgiris,43.811312901195386,14,45.51399770560954,15,S3_shuffled_hwa,1.7026848044141545,679.0,679.0,0.0,0.0
Tamil Nadu,Theni,tamil nadu|theni,51.04163519052648,14,53.07388458519693,15,S3_shuffled_hwa,2.032249394670451,632.0,622.0,-10.0,10.0
Tamil Nadu,Thiruvallur,tamil nadu|thiruvallur,66.13653945523379,14,68.03988419374251,15,S3_shuffled_hwa,1.9033447385087214,22.0,12.0,-10.0,10.0
Tamil Nadu,Thiruvarur,tamil nadu|thiruvarur,67.2064510564797,14,68.63771005742232,15,S3_shuffled_hwa,1.4312590009426316,12.0,9.0,-3.0,3.0
Tamil Nadu,Tiruchirappalli,tamil nadu|tiruchirappalli,62.249807039568374,14,63.51983301077332,15,S3_shuffled_hwa,1.2700259712049444,111.0,95.0,-16.0,16.0
Tamil Nadu,Tirunelveli,tamil nadu|tirunelveli,63.912829253858945,14,65.64441345758591,15,S3_shuffled_hwa,1.7315842037269675,54.0,43.0,-11.0,11.0
Tamil Nadu,Tirupathur,tamil nadu|tirupathur,53.49656690384224,14,52.68759282898854,15,S3_shuffled_hwa,-0.8089740748537011,587.0,628.0,41.0,41.0
Tamil Nadu,Tiruppur,tamil nadu|tiruppur,58.52905495697908,14,59.51208630847287,15,S3_shuffled_hwa,0.9830313514937856,299.0,295.0,-4.0,4.0
Tamil Nadu,Tiruvannamalai,tamil nadu|tiruvannamalai,59.764611141124966,14,60.53767756847794,15,S3_shuffled_hwa,0.7730664273529726,206.0,220.0,14.0,14.0
Tamil Nadu,Tuticorin,tamil nadu|tuticorin,67.15073030029826,14,68.81267958485797,15,S3_shuffled_hwa,1.6619492845597108,13.0,7.0,-6.0,6.0
Tamil Nadu,Vellore,tamil nadu|vellore,58.10561171612919,14,59.94496009769566,15,S3_shuffled_hwa,1.8393483815664737,328.0,264.0,-64.0,64.0
Tamil Nadu,Villupuram,tamil nadu|villupuram,63.94842398574605,14,65.21808301369302,15,S3_shuffled_hwa,1.2696590279469717,53.0,51.0,-2.0,2.0
Tamil Nadu,Virudhunagar,tamil nadu|virudhunagar,62.8416562123255,14,60.16494232541388,15,S3_shuffled_hwa,-2.676713886911621,83.0,247.0,164.0,164.0
Telangana,Adilabad,telangana|adilabad,61.15081605410051,14,62.25219136164069,15,S3_shuffled_hwa,1.1013753075401809,149.0,138.0,-11.0,11.0
Telangana,Bhadradri Kothagudem,telangana|bhadradri kothagudem,61.55626595793898,14,62.95034060403118,15,S3_shuffled_hwa,1.3940746460922,141.0,115.0,-26.0,26.0
Telangana,Hanumakonda,telangana|hanumakonda,62.51966072479792,14,63.840283523284505,15,S3_shuffled_hwa,1.320622798486582,94.0,82.0,-12.0,12.0
Telangana,Hyderabad,telangana|hyderabad,58.4398543746195,14,57.2672345913029,15,S3_shuffled_hwa,-1.1726197833165983,307.0,456.0,149.0,149.0
Telangana,Jagitial,telangana|jagitial,63.088168075345706,14,63.29719824974269,15,S3_shuffled_hwa,0.209030174396986,70.0,105.0,35.0,35.0
Telangana,Jangoan,telangana|jangoan,61.29225310851852,14,61.41301219476559,15,S3_shuffled_hwa,0.12075908624706955,146.0,173.0,27.0,27.0
Telangana,Jayashankar Bhupalapally,telangana|jayashankar bhupalapally,64.19482421421372,14,65.83088962807693,15,S3_shuffled_hwa,1.6360654138632071,47.0,38.0,-9.0,9.0
Telangana,Jogulamba Gadwal,telangana|jogulamba gadwal,62.94584403672413,14,64.43890222848793,15,S3_shuffled_hwa,1.4930581917638008,73.0,59.0,-14.0,14.0
Telangana,Kamareddy,telangana|kamareddy,60.7313930959784,14,62.248350400492285,15,S3_shuffled_hwa,1.5169573045138876,170.0,139.0,-31.0,31.0
Telangana,Karimnagar,telangana|karimnagar,62.98691596535266,14,64.32154371441109,15,S3_shuffled_hwa,1.3346277490584342,72.0,63.0,-9.0,9.0
Telangana,Khammam,telangana|khammam,62.309820073854375,14,63.65294500019455,15,S3_shuffled_hwa,1.3431249263401739,107.0,90.0,-17.0,17.0
Telangana,Kumuram Bheem Asifabad,telangana|kumuram bheem asifabad,62.843631591568666,14,63.33924115916615,15,S3_shuffled_hwa,0.49560956759748365,82.0,103.0,21.0,21.0
Telangana,Mahabubabad,telangana|mahabubabad,61.98789467479379,14,63.16284178352071,15,S3_shuffled_hwa,1.1749471087269185,122.0,111.0,-11.0,11.0
Telangana,Mahabubnagar,telangana|mahabubnagar,59.962294863144415,14,57.97246722959289,15,S3_shuffled_hwa,-1.9898276335515277,195.0,399.0,204.0,204.0
Telangana,Mancherial,telangana|mancherial,64.08239351534144,14,65.31117413558536,15,S3_shuffled_hwa,1.2287806202439242,50.0,48.0,-2.0,2.0
Telangana,Medak,telangana|medak,59.397182252643915,14,60.599926214111804,15,S3_shuffled_hwa,1.2027439614678883,225.0,214.0,-11.0,11.0
Telangana,Medchal Malkajgiri,telangana|medchal malkajgiri,57.49932354708988,14,59.25566251435434,15,S3_shuffled_hwa,1.7563389672644618,365.0,315.0,-50.0,50.0
Telangana,Mulugu,telangana|mulugu,62.89520959372758,14,61.726708946742356,15,S3_shuffled_hwa,-1.1685006469852226,78.0,162.0,84.0,84.0
Telangana,Nagarkurnool,telangana|nagarkurnool,58.90299246413931,14,60.06072039707342,15,S3_shuffled_hwa,1.1577279329341081,268.0,255.0,-13.0,13.0
Telangana,Nalgonda,telangana|nalgonda,62.47252473411225,14,62.86475883489796,15,S3_shuffled_hwa,0.3922341007857142,97.0,118.0,21.0,21.0
Telangana,Narayanpet,telangana|narayanpet,61.81673384286163,14,62.00441216234546,15,S3_shuffled_hwa,0.18767831948382963,135.0,150.0,15.0,15.0
Telangana,Nirmal,telangana|nirmal,62.64457311650543,14,63.231774916113245,15,S3_shuffled_hwa,0.5872017996078185,88.0,108.0,20.0,20.0
Telangana,Nizamabad,telangana|nizamabad,61.91517664788061,14,63.50117250200224,15,S3_shuffled_hwa,1.5859958541216344,125.0,96.0,-29.0,29.0
Telangana,Peddapalli,telangana|peddapalli,63.8057402771661,14,64.82698138145278,15,S3_shuffled_hwa,1.0212411042866805,55.0,56.0,1.0,1.0
Telangana,Rajanna Sircilla,telangana|rajanna sircilla,61.0012296095016,14,58.03088734964444,15,S3_shuffled_hwa,-2.970342259857162,156.0,397.0,241.0,241.0
Telangana,Ranga Reddy,telangana|ranga reddy,57.76803511271284,14,58.46887416296414,15,S3_shuffled_hwa,0.7008390502513038,345.0,370.0,25.0,25.0
Telangana,Sangareddy,telangana|sangareddy,59.07977679708976,14,60.9627028978712,15,S3_shuffled_hwa,1.8829261007814466,252.0,191.0,-61.0,61.0
Telangana,Siddipet,telangana|siddipet,59.442857009699246,14,61.19285099528011,15,S3_shuffled_hwa,1.7499939855808648,218.0,181.0,-37.0,37.0
Telangana,Suryapet,telangana|suryapet,62.64255445426868,14,63.890078617787545,15,S3_shuffled_hwa,1.247524163518868,89.0,79.0,-10.0,10.0
Telangana,Vikarabad,telangana|vikarabad,59.402815305300855,14,60.85898309668283,15,S3_shuffled_hwa,1.4561677913819722,224.0,197.0,-27.0,27.0
Telangana,Wanaparthy,telangana|wanaparthy,62.05032067548197,14,62.2756006208928,15,S3_shuffled_hwa,0.22527994541083274,118.0,136.0,18.0,18.0
Telangana,Warangal,telangana|warangal,62.415121604115015,14,63.4622386838418,15,S3_shuffled_hwa,1.0471170797267817,100.0,99.0,-1.0,1.0
Telangana,Yadadri Bhuvanagiri,telangana|yadadri bhuvanagiri,60.40288407127594,14,59.323943566444555,15,S3_shuffled_hwa,-1.0789405048313867,182.0,309.0,127.0,127.0
Tripura,Dhalai,tripura|dhalai,55.79668882605738,14,57.312830368599045,15,S3_shuffled_hwa,1.5161415425416678,486.0,452.0,-34.0,34.0
Tripura,Gomati,tripura|gomati,56.503989194504044,14,56.55264101895699,15,S3_shuffled_hwa,0.04865182445294636,438.0,493.0,55.0,55.0
Tripura,Khowai,tripura|khowai,56.52082255672859,14,58.534556859362695,15,S3_shuffled_hwa,2.0137343026341057,435.0,364.0,-71.0,71.0
Tripura,North Tripura,tripura|north tripura,54.73055315943038,14,57.02320926613747,15,S3_shuffled_hwa,2.292656106707092,538.0,468.0,-70.0,70.0
Tripura,Sepahijala,tripura|sepahijala,56.888619318570385,14,58.30380528054355,15,S3_shuffled_hwa,1.4151859619731653,410.0,380.0,-30.0,30.0
Tripura,South Tripura,tripura|south tripura,57.4095478325308,14,59.491282945400165,15,S3_shuffled_hwa,2.0817351128693673,373.0,296.0,-77.0,77.0
Tripura,Unakoti,tripura|unakoti,56.14688743987275,14,56.84368770066107,15,S3_shuffled_hwa,0.6968002607883221,456.0,475.0,19.0,19.0
Tripura,West Tripura,tripura|west tripura,56.670145455033996,14,58.49775497830118,15,S3_shuffled_hwa,1.827609523267185,421.0,369.0,-52.0,52.0
Uttar Pradesh,Agra,uttar pradesh|agra,57.90896022744314,14,59.282062518118245,15,S3_shuffled_hwa,1.3731022906751065,339.0,314.0,-25.0,25.0
Uttar Pradesh,Aligarh,uttar pradesh|aligarh,56.89194654159433,14,57.507086802565674,15,S3_shuffled_hwa,0.6151402609713443,409.0,438.0,29.0,29.0
Uttar Pradesh,Ambedkar Nagar,uttar pradesh|ambedkar nagar,58.63448285908726,14,56.1070267394029,15,S3_shuffled_hwa,-2.5274561196843592,292.0,524.0,232.0,232.0
Uttar Pradesh,Amethi,uttar pradesh|amethi,59.05751882352332,14,60.550836485565796,15,S3_shuffled_hwa,1.4933176620424788,253.0,218.0,-35.0,35.0
Uttar Pradesh,Amroha,uttar pradesh|amroha,55.09776467064037,14,55.66965109083316,15,S3_shuffled_hwa,0.57188642019279,525.0,546.0,21.0,21.0
Uttar Pradesh,Auraiya,uttar pradesh|auraiya,58.307769895635445,14,59.79952945978625,15,S3_shuffled_hwa,1.4917595641508044,316.0,275.0,-41.0,41.0
Uttar Pradesh,Ayodhya,uttar pradesh|ayodhya,59.02307033422838,14,60.31407963231658,15,S3_shuffled_hwa,1.2910092980881984,257.0,235.0,-22.0,22.0
Uttar Pradesh,Azamgarh,uttar pradesh|azamgarh,58.825383922808925,14,60.22932038639103,15,S3_shuffled_hwa,1.4039364635821059,276.0,244.0,-32.0,32.0
Uttar Pradesh,Baghpat,uttar pradesh|baghpat,55.231308638788086,14,56.563936017313885,15,S3_shuffled_hwa,1.3326273785257996,516.0,491.0,-25.0,25.0
Uttar Pradesh,Bahraich,uttar pradesh|bahraich,58.9748118238055,14,60.68510637668282,15,S3_shuffled_hwa,1.7102945528773148,261.0,206.0,-55.0,55.0
Uttar Pradesh,Ballia,uttar pradesh|ballia,59.381979127328066,14,60.739644817802585,15,S3_shuffled_hwa,1.3576656904745192,228.0,202.0,-26.0,26.0
Uttar Pradesh,Balrampur,uttar pradesh|balrampur,59.215999589283484,14,60.785651642929665,15,S3_shuffled_hwa,1.5696520536461804,238.0,200.0,-38.0,38.0
Uttar Pradesh,Banda,uttar pradesh|banda,59.57564099186797,14,61.0813747878026,15,S3_shuffled_hwa,1.5057337959346313,211.0,184.0,-27.0,27.0
Uttar Pradesh,Barabanki,uttar pradesh|barabanki,58.801683526870036,14,59.36759575600648,15,S3_shuffled_hwa,0.565912229136444,278.0,306.0,28.0,28.0
Uttar Pradesh,Bareilly,uttar pradesh|bareilly,56.23450736787291,14,57.543176141761144,15,S3_shuffled_hwa,1.308668773888236,450.0,434.0,-16.0,16.0
Uttar Pradesh,Basti,uttar pradesh|basti,58.79813453895635,14,60.378112255653946,15,S3_shuffled_hwa,1.5799777166975986,279.0,231.0,-48.0,48.0
Uttar Pradesh,Bhadohi,uttar pradesh|bhadohi,59.24087158458332,14,58.96832100140205,15,S3_shuffled_hwa,-0.272550583181264,237.0,331.0,94.0,94.0
Uttar Pradesh,Bijnor,uttar pradesh|bijnor,54.4078355479354,14,55.89073291542279,15,S3_shuffled_hwa,1.4828973674873893,555.0,535.0,-20.0,20.0
Uttar Pradesh,Budaun,uttar pradesh|budaun,56.59213504432958,14,57.06501266090969,15,S3_shuffled_hwa,0.4728776165801065,425.0,464.0,39.0,39.0
Uttar Pradesh,Bulandshahr,uttar pradesh|bulandshahr,56.100638678496864,14,57.34670539807295,15,S3_shuffled_hwa,1.2460667195760848,459.0,451.0,-8.0,8.0
Uttar Pradesh,Chandauli,uttar pradesh|chandauli,58.65618639892081,14,59.896271344140175,15,S3_shuffled_hwa,1.2400849452193654,289.0,269.0,-20.0,20.0
Uttar Pradesh,Chitrakoot,uttar pradesh|chitrakoot,59.099890752092534,14,60.584102706855894,15,S3_shuffled_hwa,1.48421195476336,249.0,216.0,-33.0,33.0
Uttar Pradesh,Deoria,uttar pradesh|deoria,58.90026473636604,14,58.89673726404137,15,S3_shuffled_hwa,-0.0035274723246701,269.0,341.0,72.0,72.0
Uttar Pradesh,Etah,uttar pradesh|etah,57.199003731030736,14,57.74997444010123,15,S3_shuffled_hwa,0.5509707090704907,387.0,421.0,34.0,34.0
Uttar Pradesh,Etawah,uttar pradesh|etawah,58.22692204474275,14,55.87504869823128,15,S3_shuffled_hwa,-2.351873346511468,321.0,538.0,217.0,217.0
Uttar Pradesh,Farrukhabad,uttar pradesh|farrukhabad,57.116437465384074,14,57.62157887941592,15,S3_shuffled_hwa,0.5051414140318471,395.0,429.0,34.0,34.0
Uttar Pradesh,Fatehpur,uttar pradesh|fatehpur,59.61697442406412,14,61.04946098671427,15,S3_shuffled_hwa,1.4324865626501548,210.0,185.0,-25.0,25.0
Uttar Pradesh,Firozabad,uttar pradesh|firozabad,57.70012963067472,14,59.19735170231195,15,S3_shuffled_hwa,1.497222071637232,351.0,317.0,-34.0,34.0
Uttar Pradesh,Gautam Buddha Nagar,uttar pradesh|gautam buddha nagar,56.119580676547116,14,57.1006433414197,15,S3_shuffled_hwa,0.9810626648725815,457.0,461.0,4.0,4.0
Uttar Pradesh,Ghaziabad,uttar pradesh|ghaziabad,55.50958969599036,14,55.07357469347998,15,S3_shuffled_hwa,-0.4360150025103735,502.0,571.0,69.0,69.0
Uttar Pradesh,Ghazipur,uttar pradesh|ghazipur,59.32799614686426,14,58.17364033000508,15,S3_shuffled_hwa,-1.15435581685918,233.0,387.0,154.0,154.0
Uttar Pradesh,Gonda,uttar pradesh|gonda,58.84983068600747,14,58.447755011395266,15,S3_shuffled_hwa,-0.40207567461220606,273.0,372.0,99.0,99.0
Uttar Pradesh,Gorakhpur,uttar pradesh|gorakhpur,58.77565433969567,14,60.23857117455334,15,S3_shuffled_hwa,1.4629168348576727,282.0,243.0,-39.0,39.0
Uttar Pradesh,Hamirpur,uttar pradesh|hamirpur,58.85638038249795,14,59.293292958794716,15,S3_shuffled_hwa,0.4369125762967627,272.0,313.0,41.0,41.0
Uttar Pradesh,Hapur,uttar pradesh|hapur,55.425828603783856,14,57.15665223549188,15,S3_shuffled_hwa,1.7308236317080272,507.0,459.0,-48.0,48.0
Uttar Pradesh,Hardoi,uttar pradesh|hardoi,57.457312589000075,14,58.50117053081372,15,S3_shuffled_hwa,1.0438579418136413,369.0,367.0,-2.0,2.0
Uttar Pradesh,Hathras,uttar pradesh|hathras,57.30241633950172,14,58.61923721058744,15,S3_shuffled_hwa,1.3168208710857243,378.0,359.0,-19.0,19.0
Uttar Pradesh,Jalaun,uttar pradesh|jalaun,58.769955241450134,14,59.982257570595934,15,S3_shuffled_hwa,1.2123023291457997,283.0,262.0,-21.0,21.0
Uttar Pradesh,Jaunpur,uttar pradesh|jaunpur,59.0184302948408,14,59.588346825508886,15,S3_shuffled_hwa,0.5699165306680882,258.0,287.0,29.0,29.0
Uttar Pradesh,Jhansi,uttar pradesh|jhansi,57.25585735168237,14,57.750801809218096,15,S3_shuffled_hwa,0.49494445753572336,384.0,420.0,36.0,36.0
Uttar Pradesh,Kannauj,uttar pradesh|kannauj,57.6947517770152,14,58.77547741283511,15,S3_shuffled_hwa,1.0807256358199098,353.0,352.0,-1.0,1.0
Uttar Pradesh,Kanpur Dehat,uttar pradesh|kanpur dehat,58.6728736988148,14,59.319912613149775,15,S3_shuffled_hwa,0.6470389143349777,287.0,310.0,23.0,23.0
Uttar Pradesh,Kanpur Nagar,uttar pradesh|kanpur nagar,58.85908949468698,14,60.68701786027336,15,S3_shuffled_hwa,1.8279283655863807,271.0,205.0,-66.0,66.0
Uttar Pradesh,Kasganj,uttar pradesh|kasganj,56.946475359561425,14,57.8904836561538,15,S3_shuffled_hwa,0.9440082965923722,407.0,408.0,1.0,1.0
Uttar Pradesh,Kaushambi,uttar pradesh|kaushambi,59.78686122967182,14,60.1134820933892,15,S3_shuffled_hwa,0.3266208637173804,202.0,251.0,49.0,49.0
Uttar Pradesh,Kheri,uttar pradesh|kheri,57.741881444222585,14,59.0091117706295,15,S3_shuffled_hwa,1.2672303264069171,347.0,329.0,-18.0,18.0
Uttar Pradesh,Kushi Nagar,uttar pradesh|kushi nagar,59.34241320388438,14,60.26531519257939,15,S3_shuffled_hwa,0.9229019886950169,231.0,238.0,7.0,7.0
Uttar Pradesh,Lalitpur,uttar pradesh|lalitpur,55.20019147343711,14,56.7920338615515,15,S3_shuffled_hwa,1.5918423881143937,520.0,477.0,-43.0,43.0
Uttar Pradesh,Lucknow,uttar pradesh|lucknow,58.51705866134206,14,59.789241763090295,15,S3_shuffled_hwa,1.272183101748233,301.0,277.0,-24.0,24.0
Uttar Pradesh,Maharajganj,uttar pradesh|maharajganj,59.56116833891653,14,60.85095928751539,15,S3_shuffled_hwa,1.2897909485988563,212.0,198.0,-14.0,14.0
Uttar Pradesh,Mahoba,uttar pradesh|mahoba,57.62252671912523,14,59.1750873631643,15,S3_shuffled_hwa,1.552560644039069,358.0,318.0,-40.0,40.0
Uttar Pradesh,Mainpuri,uttar pradesh|mainpuri,57.40785889067482,14,58.14523578795683,15,S3_shuffled_hwa,0.7373768972820116,374.0,390.0,16.0,16.0
Uttar Pradesh,Mathura,uttar pradesh|mathura,57.17791707776835,14,59.0536525953219,15,S3_shuffled_hwa,1.8757355175535508,390.0,327.0,-63.0,63.0
Uttar Pradesh,Mau,uttar pradesh|mau,58.981787614216834,14,60.334025740875916,15,S3_shuffled_hwa,1.3522381266590813,260.0,234.0,-26.0,26.0
Uttar Pradesh,Meerut,uttar pradesh|meerut,55.001939691889966,14,56.90362016691355,15,S3_shuffled_hwa,1.901680475023582,529.0,471.0,-58.0,58.0
Uttar Pradesh,Mirzapur,uttar pradesh|mirzapur,58.445775084151364,14,58.96452113950247,15,S3_shuffled_hwa,0.5187460553511087,306.0,332.0,26.0,26.0
Uttar Pradesh,Moradabad,uttar pradesh|moradabad,55.17381728433514,14,54.684899603031326,15,S3_shuffled_hwa,-0.48891768130381763,521.0,584.0,63.0,63.0
Uttar Pradesh,Muzaffarnagar,uttar pradesh|muzaffarnagar,54.77599781690985,14,56.4765295936631,15,S3_shuffled_hwa,1.7005317767532517,536.0,501.0,-35.0,35.0
Uttar Pradesh,Pilibhit,uttar pradesh|pilibhit,56.32053099220827,14,57.53379360789241,15,S3_shuffled_hwa,1.213262615684144,445.0,436.0,-9.0,9.0
Uttar Pradesh,Pratapgarh,uttar pradesh|pratapgarh,59.306755523937284,14,60.34632228997166,15,S3_shuffled_hwa,1.0395667660343761,234.0,233.0,-1.0,1.0
Uttar Pradesh,Prayagraj,uttar pradesh|prayagraj,59.282930287645115,14,60.39463783427019,15,S3_shuffled_hwa,1.1117075466250768,235.0,229.0,-6.0,6.0
Uttar Pradesh,Rae Bareli,uttar pradesh|rae bareli,59.15277913180635,14,60.626983939956766,15,S3_shuffled_hwa,1.474204808150418,244.0,212.0,-32.0,32.0
Uttar Pradesh,Rampur,uttar pradesh|rampur,55.82974341091509,14,56.32388018362613,15,S3_shuffled_hwa,0.4941367727110375,483.0,515.0,32.0,32.0
Uttar Pradesh,Saharanpur,uttar pradesh|saharanpur,54.72892831179823,14,56.36038989190844,15,S3_shuffled_hwa,1.6314615801102121,539.0,513.0,-26.0,26.0
Uttar Pradesh,Sambhal,uttar pradesh|sambhal,55.90199440757801,14,57.43538011390954,15,S3_shuffled_hwa,1.5333857063315293,470.0,447.0,-23.0,23.0
Uttar Pradesh,Sant Kabeer Nagar,uttar pradesh|sant kabeer nagar,58.79307757320819,14,59.13445772883406,15,S3_shuffled_hwa,0.34138015562587043,280.0,322.0,42.0,42.0
Uttar Pradesh,Shahjahanpur,uttar pradesh|shahjahanpur,56.753037697544016,14,57.957436562282034,15,S3_shuffled_hwa,1.2043988647380175,415.0,401.0,-14.0,14.0
Uttar Pradesh,Shamli,uttar pradesh|shamli,55.234536387980626,14,56.759323900920926,15,S3_shuffled_hwa,1.5247875129403,515.0,480.0,-35.0,35.0
Uttar Pradesh,Shravasti,uttar pradesh|shravasti,59.48364782200126,14,60.93023838075719,15,S3_shuffled_hwa,1.4465905587559291,216.0,194.0,-22.0,22.0
Uttar Pradesh,Siddharth Nagar,uttar pradesh|siddharth nagar,59.13799545355624,14,60.60988026379772,15,S3_shuffled_hwa,1.4718848102414768,245.0,213.0,-32.0,32.0
Uttar Pradesh,Sitapur,uttar pradesh|sitapur,57.89577480686839,14,58.21792562971404,15,S3_shuffled_hwa,0.32215082284565,340.0,385.0,45.0,45.0
Uttar Pradesh,Sonbhadra,uttar pradesh|sonbhadra,56.57105718794005,14,57.928324421239935,15,S3_shuffled_hwa,1.3572672332998863,428.0,404.0,-24.0,24.0
Uttar Pradesh,Sultanpur,uttar pradesh|sultanpur,58.872334929728765,14,60.93748463858949,15,S3_shuffled_hwa,2.065149708860723,270.0,193.0,-77.0,77.0
Uttar Pradesh,Unnao,uttar pradesh|unnao,58.6018048597803,14,59.79003481764329,15,S3_shuffled_hwa,1.188229957862987,296.0,276.0,-20.0,20.0
Uttar Pradesh,Varanasi,uttar pradesh|varanasi,59.20124196048556,14,60.05538636826166,15,S3_shuffled_hwa,0.8541444077760971,240.0,256.0,16.0,16.0
Uttarakhand,Almora,uttarakhand|almora,35.426664848699374,14,37.91588963633377,15,S3_shuffled_hwa,2.4892247876343987,729.0,727.0,-2.0,2.0
Uttarakhand,Bageshwar,uttarakhand|bageshwar,29.40933910618979,14,33.378899567735765,15,S3_shuffled_hwa,3.9695604615459743,748.0,745.0,-3.0,3.0
Uttarakhand,Chamoli,uttarakhand|chamoli,19.924466875336282,14,20.6034885357796,15,S3_shuffled_hwa,0.6790216604433184,773.0,775.0,2.0,2.0
Uttarakhand,Champawat,uttarakhand|champawat,40.41254773599154,14,42.74759869621643,15,S3_shuffled_hwa,2.3350509602248906,698.0,696.0,-2.0,2.0
Uttarakhand,Dehradun,uttarakhand|dehradun,42.6828670892898,14,45.155686420024956,15,S3_shuffled_hwa,2.472819330735156,683.0,683.0,0.0,0.0
Uttarakhand,Haridwar,uttarakhand|haridwar,54.14737856994864,14,55.436176497089555,15,S3_shuffled_hwa,1.2887979271409122,564.0,556.0,-8.0,8.0
Uttarakhand,Nainital,uttarakhand|nainital,44.39965361374539,14,46.89050321938621,15,S3_shuffled_hwa,2.4908496056408183,675.0,669.0,-6.0,6.0
Uttarakhand,Pauri Garhwal,uttarakhand|pauri garhwal,40.34762736715306,14,43.342321117942994,15,S3_shuffled_hwa,2.994693750789935,699.0,691.0,-8.0,8.0
Uttarakhand,Pithoragarh,uttarakhand|pithoragarh,21.058473278838346,14,25.855741576918778,15,S3_shuffled_hwa,4.797268298080432,772.0,769.0,-3.0,3.0
Uttarakhand,Rudra Prayag,uttarakhand|rudra prayag,29.625157090373566,14,33.27501937632398,15,S3_shuffled_hwa,3.649862285950416,747.0,746.0,-1.0,1.0
Uttarakhand,Tehri Garhwal,uttarakhand|tehri garhwal,33.59501731833926,14,36.26673728020394,15,S3_shuffled_hwa,2.6717199618646816,738.0,737.0,-1.0,1.0
Uttarakhand,Udam Singh Nagar,uttarakhand|udam singh nagar,55.22491707604573,14,56.532476736468546,15,S3_shuffled_hwa,1.3075596604228181,517.0,496.0,-21.0,21.0
Uttarakhand,Uttar Kashi,uttarakhand|uttar kashi,24.622258566620815,14,28.729666056905973,15,S3_shuffled_hwa,4.1074074902851585,762.0,760.0,-2.0,2.0
West Bengal,24 Paraganas North,west bengal|24 paraganas north,60.263079110090324,14,61.858198765542014,15,S3_shuffled_hwa,1.5951196554516898,187.0,157.0,-30.0,30.0
West Bengal,24 Paraganas South,west bengal|24 paraganas south,58.133857951302076,14,60.041211481232466,15,S3_shuffled_hwa,1.9073535299303899,325.0,258.0,-67.0,67.0
West Bengal,Alipurduar,west bengal|alipurduar,52.02185639286781,14,54.02530219293831,15,S3_shuffled_hwa,2.0034458000705015,615.0,597.0,-18.0,18.0
West Bengal,Bankura,west bengal|bankura,60.47805401294733,14,58.64446322785317,15,S3_shuffled_hwa,-1.8335907850941595,179.0,357.0,178.0,178.0
West Bengal,Birbhum,west bengal|birbhum,60.11517055550435,14,61.21018196713922,15,S3_shuffled_hwa,1.0950114116348715,190.0,180.0,-10.0,10.0
West Bengal,Coochbehar,west bengal|coochbehar,54.967904207136726,14,57.06651932485678,15,S3_shuffled_hwa,2.098615117720051,530.0,463.0,-67.0,67.0
West Bengal,Darjeeling,west bengal|darjeeling,39.24538125597035,14,41.857551521534496,15,S3_shuffled_hwa,2.6121702655641457,709.0,702.0,-7.0,7.0
West Bengal,Dinajpur Dakshin,west bengal|dinajpur dakshin,57.04766154089941,14,58.5593798227564,15,S3_shuffled_hwa,1.5117182818569859,402.0,363.0,-39.0,39.0
West Bengal,Dinajpur Uttar,west bengal|dinajpur uttar,55.02343681975388,14,56.52842915231232,15,S3_shuffled_hwa,1.5049923325584373,528.0,498.0,-30.0,30.0
West Bengal,Hooghly,west bengal|hooghly,60.855217220698265,14,62.019872759462636,15,S3_shuffled_hwa,1.1646555387643716,163.0,149.0,-14.0,14.0
West Bengal,Howrah,west bengal|howrah,60.54724904698688,14,61.83605447212389,15,S3_shuffled_hwa,1.2888054251370136,175.0,159.0,-16.0,16.0
West Bengal,Jalpaiguri,west bengal|jalpaiguri,50.93670945236414,14,52.82771622642341,15,S3_shuffled_hwa,1.8910067740592709,636.0,627.0,-9.0,9.0
West Bengal,Jhargram,west bengal|jhargram,61.0351017386649,14,62.46482796628339,15,S3_shuffled_hwa,1.429726227618488,155.0,126.0,-29.0,29.0
West Bengal,Kalimpong,west bengal|kalimpong,37.301791809282506,14,40.08991610108081,15,S3_shuffled_hwa,2.7881242917983045,720.0,715.0,-5.0,5.0
West Bengal,Kolkata,west bengal|kolkata,60.43768242040328,14,62.23510285738536,15,S3_shuffled_hwa,1.7974204369820797,180.0,140.0,-40.0,40.0
West Bengal,Maldah,west bengal|maldah,57.76978762721518,14,57.618834442941306,15,S3_shuffled_hwa,-0.15095318427387383,344.0,430.0,86.0,86.0
West Bengal,Medinipur East,west bengal|medinipur east,59.17251290080836,14,60.259897552696124,15,S3_shuffled_hwa,1.087384651887767,242.0,239.0,-3.0,3.0
West Bengal,Medinipur West,west bengal|medinipur west,60.75781968787302,14,62.23272040543951,15,S3_shuffled_hwa,1.4749007175664914,167.0,142.0,-25.0,25.0
West Bengal,Murshidabad,west bengal|murshidabad,60.11282459620601,14,61.28801414685984,15,S3_shuffled_hwa,1.1751895506538261,191.0,178.0,-13.0,13.0
West Bengal,Nadia,west bengal|nadia,60.616974603452384,14,62.42021354168544,15,S3_shuffled_hwa,1.8032389382330578,173.0,128.0,-45.0,45.0
West Bengal,Paschim Bardhaman,west bengal|paschim bardhaman,60.30893384474666,14,61.83624059854624,15,S3_shuffled_hwa,1.5273067537995786,185.0,158.0,-27.0,27.0
West Bengal,Purba Bardhaman,west bengal|purba bardhaman,60.740661317218425,14,61.3810672676954,15,S3_shuffled_hwa,0.6404059504769748,169.0,174.0,5.0,5.0
West Bengal,Purulia,west bengal|purulia,59.19887941891481,14,59.53075917835789,15,S3_shuffled_hwa,0.33187975944308334,241.0,292.0,51.0,51.0
