date,wbgt_c,year
1985-01-01,29.823974977240358,1985
1985-01-02,30.670520164183433,1985
1985-01-03,29.357935819154456,1985
1985-01-04,30.505561858295927,1985
1985-01-05,31.147678638351284,1985
1985-01-06,29.786512812541947,1985
1985-01-07,30.55158755285641,1985
1985-01-08,30.39334443483561,1985
1985-01-09,30.14784918842788,1985
1985-01-10,30.503091756539057,1985
1985-01-11,30.891367722120705,1985
1985-01-12,31.062265862280643,1985
1985-01-13,30.728964630730307,1985
1985-01-14,31.177584986647584,1985
1985-01-15,31.00604054521267,1985
1985-01-16,31.311369474544012,1985
1985-01-17,30.91323906906446,1985
1985-01-18,29.605863804939336,1985
1985-01-19,30.27078407995585,1985
1985-01-20,29.78939471866654,1985
1985-01-21,29.9433448485015,1985
1985-01-22,29.713324699358466,1985
1985-01-23,29.908955814027273,1985
1985-01-24,30.893949700924843,1985
1985-01-25,30.876979051180797,1985
1985-01-26,30.931882774317323,1985
1985-01-27,30.507955281625723,1985
1985-01-28,30.766526570719307,1985
1985-01-29,30.76370655119854,1985
1985-01-30,31.98971742433281,1985
1985-01-31,31.500957709118943,1985
1985-02-01,31.268004248073762,1985
1985-02-02,31.157812880605192,1985
1985-02-03,31.076337100468017,1985
1985-02-04,30.949021380638214,1985
1985-02-05,30.797418467289454,1985
1985-02-06,32.30288884776671,1985
1985-02-07,31.571562477887078,1985
1985-02-08,31.497338696882604,1985
1985-02-09,31.714271746220973,1985
1985-02-10,31.446054525366364,1985
1985-02-11,31.27120914593142,1985
1985-02-12,31.199582518176374,1985
1985-02-13,32.06182260451079,1985
1985-02-14,31.559355060316207,1985
1985-02-15,31.548254108948427,1985
1985-02-16,31.572642935943556,1985
1985-02-17,32.46148143718021,1985
1985-02-18,33.587439670202684,1985
1985-02-19,32.24758603924912,1985
1985-02-20,33.11221583141655,1985
1985-02-21,33.05857624189318,1985
1985-02-22,32.41341937357309,1985
1985-02-23,33.73826791426494,1985
1985-02-24,33.4213522375133,1985
1985-02-25,31.414697786572514,1985
1985-02-26,31.44791333091253,1985
1985-02-27,32.731014128698156,1985
1985-02-28,32.08947784669212,1985
1985-03-01,32.66388471204343,1985
1985-03-02,32.906296443319405,1985
1985-03-03,31.705142632581087,1985
1985-03-04,32.19317164182844,1985
1985-03-05,32.93349553060683,1985
1985-03-06,31.7568896118994,1985
1985-03-07,32.24585211460617,1985
1985-03-08,32.79878893290372,1985
1985-03-09,31.67455024948658,1985
1985-03-10,32.23029946732784,1985
1985-03-11,33.096946528463576,1985
1985-03-12,33.3586720415838,1985
1985-03-13,33.35530891274965,1985
1985-03-14,32.93853085138649,1985
1985-03-15,32.20150046624378,1985
1985-03-16,31.91970889690228,1985
1985-03-17,32.1754550853348,1985
1985-03-18,32.603933974529355,1985
1985-03-19,32.48032864271227,1985
1985-03-20,32.344263573697596,1985
1985-03-21,32.210496800604616,1985
1985-03-22,32.66618413238622,1985
1985-03-23,33.603500851662176,1985
1985-03-24,33.15418902031036,1985
1985-03-25,32.02135973430211,1985
1985-03-26,32.35104661773898,1985
1985-03-27,32.60078854809099,1985
1985-03-28,32.43638775839822,1985
1985-03-29,33.62140284101574,1985
1985-03-30,32.31199907327524,1985
1985-03-31,31.029692597580013,1985
1985-04-01,31.458953950949663,1985
1985-04-02,31.81705661299941,1985
1985-04-03,34.130780482834304,1985
1985-04-04,34.26256168450378,1985
1985-04-05,34.18511587002047,1985
1985-04-06,33.35864448627668,1985
1985-04-07,33.13338851618649,1985
1985-04-08,33.195897773685566,1985
1985-04-09,31.850444413714726,1985
1985-04-10,32.12635850475083,1985
1985-04-11,32.73664992357481,1985
1985-04-12,32.21599389914704,1985
1985-04-13,31.53456893706438,1985
1985-04-14,31.861135632812566,1985
1985-04-15,31.493605030860714,1985
1985-04-16,31.102258503495108,1985
1985-04-17,31.194845322809726,1985
1985-04-18,31.9458595166387,1985
1985-04-19,32.41148278722212,1985
1985-04-20,32.65414813114879,1985
1985-04-21,32.59896920072982,1985
1985-04-22,31.922983495040594,1985
1985-04-23,31.82023120687819,1985
1985-04-24,31.793294796321348,1985
1985-04-25,31.829481990968127,1985
1985-04-26,31.50195560696002,1985
1985-04-27,31.657854466092502,1985
1985-04-28,32.00571416113812,1985
1985-04-29,32.315540698057845,1985
1985-04-30,32.506966986184246,1985
1985-05-01,30.688310310290557,1985
1985-05-02,29.687805611663144,1985
1985-05-03,29.812486830807885,1985
1985-05-04,29.192513749510127,1985
1985-05-05,29.80773780995868,1985
1985-05-06,32.75111606458345,1985
1985-05-07,32.043129306628735,1985
1985-05-08,31.594566094809846,1985
1985-05-09,31.23116255927512,1985
1985-05-10,31.616973932611977,1985
1985-05-11,31.454801417142612,1985
1985-05-12,31.52958588770844,1985
1985-05-13,31.365759994532254,1985
1985-05-14,31.658001658901142,1985
1985-05-15,31.52438297225492,1985
1985-05-16,31.265156701133055,1985
1985-05-17,29.950331478333958,1985
1985-05-18,29.599684330768774,1985
1985-05-19,30.627487318949687,1985
1985-05-20,29.918124718214518,1985
1985-05-21,31.202097623803564,1985
1985-05-22,29.10562967622306,1985
1985-05-23,31.499304162742284,1985
1985-05-24,30.74317783824165,1985
1985-05-25,30.79118356399143,1985
1985-05-26,30.173940985196886,1985
1985-05-27,29.423983703301403,1985
1985-05-28,30.028614521448084,1985
1985-05-29,28.7745201947301,1985
1985-05-30,30.500356861165628,1985
1985-05-31,31.0791876568157,1985
1985-06-01,32.39154513932002,1985
1985-06-02,32.495095247905745,1985
1985-06-03,31.171353852292235,1985
1985-06-04,29.445475580207884,1985
1985-06-05,28.81790422845507,1985
1985-06-06,28.089049032648084,1985
1985-06-07,28.682861067185495,1985
1985-06-08,29.425970521604686,1985
1985-06-09,29.24633417125966,1985
1985-06-10,28.90960857245472,1985
1985-06-11,29.023757324718037,1985
1985-06-12,28.047621154374426,1985
1985-06-13,27.71683354734774,1985
1985-06-14,27.24395591846276,1985
1985-06-15,28.497770786200064,1985
1985-06-16,29.386661550067824,1985
1985-06-17,27.91003471792065,1985
1985-06-18,27.399539038564797,1985
1985-06-19,27.35821964651176,1985
1985-06-20,27.39182209899476,1985
1985-06-21,27.403290050094135,1985
1985-06-22,28.41102592102694,1985
1985-06-23,28.872642633265436,1985
1985-06-24,28.66022698944591,1985
1985-06-25,28.330680505146816,1985
1985-06-26,27.802867143960583,1985
1985-06-27,28.071261634632158,1985
1985-06-28,29.004609050399736,1985
1985-06-29,29.388391771168717,1985
1985-06-30,29.963539674310788,1985
1985-07-01,30.28644545993645,1985
1985-07-02,30.375650210156902,1985
1985-07-03,30.14604117300772,1985
1985-07-04,29.52862740517221,1985
1985-07-05,29.655552172161165,1985
1985-07-06,28.933971883462966,1985
1985-07-07,27.558727418482306,1985
1985-07-08,26.159627691252233,1985
1985-07-09,27.491117130375542,1985
1985-07-10,27.695997890979925,1985
1985-07-11,27.3583207402951,1985
1985-07-12,28.036137361678485,1985
1985-07-13,27.342959938376193,1985
1985-07-14,27.723792454843284,1985
1985-07-15,26.556524602212853,1985
1985-07-16,26.55198308897427,1985
1985-07-17,27.077057591550158,1985
1985-07-18,27.163797885996313,1985
1985-07-19,28.50907868761241,1985
1985-07-20,29.38598635905452,1985
1985-07-21,29.529949624532613,1985
1985-07-22,28.35104320985817,1985
1985-07-23,28.03904715796535,1985
1985-07-24,27.96906661354055,1985
1985-07-25,28.396769920020194,1985
1985-07-26,28.22809135343612,1985
1985-07-27,28.498150345889613,1985
1985-07-28,29.884016584100998,1985
1985-07-29,29.170194824267448,1985
1985-07-30,28.840302911151056,1985
1985-07-31,30.037724125967685,1985
1985-08-01,29.163611295648273,1985
1985-08-02,27.710499318093937,1985
1985-08-03,27.467357017565142,1985
1985-08-04,27.506617236713012,1985
1985-08-05,28.167897242727943,1985
1985-08-06,29.045874304374614,1985
1985-08-07,27.99421445067339,1985
1985-08-08,28.345278684225182,1985
1985-08-09,28.36488276342708,1985
1985-08-10,29.829174959414203,1985
1985-08-11,29.37807118440229,1985
1985-08-12,28.72348168360035,1985
1985-08-13,28.531771031999483,1985
1985-08-14,28.263643106806143,1985
1985-08-15,27.723343867038352,1985
1985-08-16,28.374428173639554,1985
1985-08-17,27.49160531317665,1985
1985-08-18,29.24983077024121,1985
1985-08-19,28.909761222361762,1985
1985-08-20,28.829976272117218,1985
1985-08-21,28.196256618216694,1985
1985-08-22,29.056210132546468,1985
1985-08-23,29.330037143764773,1985
1985-08-24,29.09267278573778,1985
1985-08-25,27.583284755612297,1985
1985-08-26,30.106670328884714,1985
1985-08-27,29.768002410335107,1985
1985-08-28,30.23910423772974,1985
1985-08-29,29.89275947925251,1985
1985-08-30,29.846337425473838,1985
1985-08-31,29.432723345122817,1985
1985-09-01,30.13827867959045,1985
1985-09-02,30.37611504884152,1985
1985-09-03,30.44033580294329,1985
1985-09-04,29.252917251119094,1985
1985-09-05,29.921113412051056,1985
1985-09-06,30.81930025002255,1985
1985-09-07,30.790116982595492,1985
1985-09-08,30.14198905223483,1985
1985-09-09,30.000534479793313,1985
1985-09-10,29.51562608333252,1985
1985-09-11,28.96017301319771,1985
1985-09-12,29.30955906623948,1985
1985-09-13,30.161354972557078,1985
1985-09-14,30.260724018512374,1985
1985-09-15,30.271042956257748,1985
1985-09-16,29.93118204774826,1985
1985-09-17,30.142099160516164,1985
1985-09-18,30.05785943566191,1985
1985-09-19,30.008663098968256,1985
1985-09-20,30.55876740461175,1985
1985-09-21,31.09715031508584,1985
1985-09-22,31.32871756723265,1985
1985-09-23,31.170622031075585,1985
1985-09-24,30.32815986666863,1985
1985-09-25,30.41891624114796,1985
1985-09-26,30.464603552792127,1985
1985-09-27,29.430156072648188,1985
1985-09-28,30.00165837322145,1985
1985-09-29,29.798704585915473,1985
1985-09-30,29.914761078902,1985
1985-10-01,29.4053641597397,1985
1985-10-02,30.78790092741411,1985
1985-10-03,30.0049583020399,1985
1985-10-04,28.89753429712691,1985
1985-10-05,29.205283131532664,1985
1985-10-06,29.943384430309113,1985
1985-10-07,30.033085908090108,1985
1985-10-08,29.79351238147157,1985
1985-10-09,30.48760142763467,1985
1985-10-10,30.69789463598592,1985
1985-10-11,31.926208752787666,1985
1985-10-12,30.551963293699934,1985
1985-10-13,31.04986075683063,1985
1985-10-14,32.0201088556983,1985
1985-10-15,31.667809693717814,1985
1985-10-16,32.25845088267179,1985
1985-10-17,32.37773893980492,1985
1985-10-18,33.439561940170925,1985
1985-10-19,32.20823046478662,1985
1985-10-20,33.3566852200073,1985
1985-10-21,31.839134076483774,1985
1985-10-22,32.022207829689506,1985
1985-10-23,32.85129803266376,1985
1985-10-24,33.251100554902,1985
1985-10-25,33.25020746642477,1985
1985-10-26,32.02869450637506,1985
1985-10-27,32.57619000477416,1985
1985-10-28,32.35731171214813,1985
1985-10-29,31.629934636725793,1985
1985-10-30,32.5702729690909,1985
1985-10-31,31.0486351460382,1985
1985-11-01,32.58975763311375,1985
1985-11-02,32.05266323652595,1985
1985-11-03,32.85328804925362,1985
1985-11-04,33.25763216467981,1985
1985-11-05,33.4662678777152,1985
1985-11-06,31.76887463907378,1985
1985-11-07,30.829393986804483,1985
1985-11-08,32.08555482878683,1985
1985-11-09,31.702072527060487,1985
1985-11-10,31.381006970105844,1985
1985-11-11,31.2526386319652,1985
1985-11-12,32.295561006627736,1985
1985-11-13,30.34600273406254,1985
1985-11-14,28.94005709254842,1985
1985-11-15,28.66091510169244,1985
1985-11-16,29.977317792991,1985
1985-11-17,30.0775496240676,1985
1985-11-18,29.76059022487598,1985
1985-11-19,30.603389266999145,1985
1985-11-20,30.68771264830251,1985
1985-11-21,29.93905131434427,1985
1985-11-22,30.70919299694992,1985
1985-11-23,31.440913833751118,1985
1985-11-24,32.371236512191615,1985
1985-11-25,32.39508202277215,1985
1985-11-26,30.79060384019612,1985
1985-11-27,32.20596749015248,1985
1985-11-28,31.73782205367016,1985
1985-11-29,31.159006078141882,1985
1985-11-30,31.18032981584164,1985
1985-12-01,30.98144073894169,1985
1985-12-02,30.452033337358245,1985
1985-12-03,29.555081751888046,1985
1985-12-04,30.100379610076956,1985
1985-12-05,30.169624723653037,1985
1985-12-06,30.576241605033466,1985
1985-12-07,31.604182633059736,1985
1985-12-08,32.29742212935109,1985
1985-12-09,30.553532974555964,1985
1985-12-10,30.279765217394377,1985
1985-12-11,29.905241118505565,1985
1985-12-12,30.62167050097398,1985
1985-12-13,30.65551380514906,1985
1985-12-14,30.37242447550447,1985
1985-12-15,30.70505739812273,1985
1985-12-16,31.236821524782506,1985
1985-12-17,31.71738702638358,1985
1985-12-18,29.326683568342375,1985
1985-12-19,29.592841211746638,1985
1985-12-20,30.281807102318112,1985
1985-12-21,30.49663711284839,1985
1985-12-22,30.929385850570952,1985
1985-12-23,30.848502393814236,1985
1985-12-24,30.86691898622169,1985
1985-12-25,31.556286986826002,1985
1985-12-26,31.427462470856966,1985
1985-12-27,31.434314231682638,1985
1985-12-28,30.97132846040619,1985
1985-12-29,31.467470604414736,1985
1985-12-30,31.082291904392797,1985
1985-12-31,31.65854914173985,1985
1986-01-01,31.369921177363885,1986
1986-01-02,30.05909941145076,1986
1986-01-03,30.679618889679023,1986
1986-01-04,29.808580568268887,1986
1986-01-05,30.14207509505176,1986
1986-01-06,30.687745126152723,1986
1986-01-07,31.140367231456707,1986
1986-01-08,31.690245970324593,1986
1986-01-09,31.246972004024727,1986
1986-01-10,32.30339318082825,1986
1986-01-11,31.73793828625968,1986
1986-01-12,31.71483606675643,1986
1986-01-13,31.36447658868243,1986
1986-01-14,31.815709737643793,1986
1986-01-15,31.879820387375354,1986
1986-01-16,30.841807051784333,1986
1986-01-17,30.74827198189141,1986
1986-01-18,30.01144765605008,1986
1986-01-19,29.931504024244894,1986
1986-01-20,30.07992467125361,1986
1986-01-21,29.580255911413765,1986
1986-01-22,28.78417591184924,1986
1986-01-23,29.453149811863067,1986
1986-01-24,31.544378772389926,1986
1986-01-25,30.537939118966467,1986
1986-01-26,30.308474567127526,1986
1986-01-27,29.551747481419984,1986
1986-01-28,29.335619536327567,1986
1986-01-29,29.462369055282718,1986
1986-01-30,29.61615026599019,1986
1986-01-31,30.576011160631147,1986
1986-02-01,29.845858480337995,1986
1986-02-02,30.94343165359564,1986
1986-02-03,31.73104299811518,1986
1986-02-04,31.58987580831355,1986
1986-02-05,32.18920171515596,1986
1986-02-06,32.95237219916969,1986
1986-02-07,33.4275651879945,1986
1986-02-08,32.64555820923238,1986
1986-02-09,32.12625310314564,1986
1986-02-10,32.60798402919112,1986
1986-02-11,33.26911207112479,1986
1986-02-12,33.86492901447821,1986
1986-02-13,33.95356824223313,1986
1986-02-14,33.93904456359938,1986
1986-02-15,33.66244134867905,1986
1986-02-16,33.57049283403206,1986
1986-02-17,34.12133417801433,1986
1986-02-18,33.3957909531489,1986
1986-02-19,31.999980713488586,1986
1986-02-20,32.83714946568664,1986
1986-02-21,32.76497582055747,1986
1986-02-22,32.8669297817145,1986
1986-02-23,32.39665071847701,1986
1986-02-24,33.631230508195756,1986
1986-02-25,33.661596981775325,1986
1986-02-26,32.81858892884048,1986
1986-02-27,33.19078692419159,1986
1986-02-28,34.02790588942969,1986
1986-03-01,33.0338773315901,1986
1986-03-02,33.98845677923371,1986
1986-03-03,34.420638353825304,1986
1986-03-04,33.53128336146211,1986
1986-03-05,34.24136861213706,1986
1986-03-06,34.566399159969095,1986
1986-03-07,35.41134948417219,1986
1986-03-08,35.619728961914916,1986
1986-03-09,35.49303073130907,1986
1986-03-10,34.47625729451164,1986
1986-03-11,34.393658407761606,1986
1986-03-12,32.96558633902494,1986
1986-03-13,32.884365019531934,1986
1986-03-14,33.256765278179635,1986
1986-03-15,33.17318027820631,1986
1986-03-16,33.09811576397956,1986
1986-03-17,33.93249992400332,1986
1986-03-18,33.23137756421961,1986
1986-03-19,33.952868057341796,1986
1986-03-20,33.89337955149873,1986
1986-03-21,33.600960211177636,1986
1986-03-22,34.57760168604662,1986
1986-03-23,34.27930315648317,1986
1986-03-24,35.124936757131316,1986
1986-03-25,33.83209156421507,1986
1986-03-26,33.31963053394095,1986
1986-03-27,34.237634526343236,1986
1986-03-28,32.905222455587875,1986
1986-03-29,32.62981386951367,1986
1986-03-30,31.74006893051641,1986
1986-03-31,32.36844995861155,1986
1986-04-01,31.901804790325727,1986
1986-04-02,32.998406170672716,1986
1986-04-03,33.922963351923286,1986
1986-04-04,35.066666980609895,1986
1986-04-05,34.169554968714536,1986
1986-04-06,33.54427331262833,1986
1986-04-07,32.933144050000976,1986
1986-04-08,32.73367918506269,1986
1986-04-09,31.613527109137983,1986
1986-04-10,33.30457237290867,1986
1986-04-11,33.96443838690142,1986
1986-04-12,33.880213070532854,1986
1986-04-13,33.98705125887056,1986
1986-04-14,33.67359702560064,1986
1986-04-15,33.07985241590099,1986
1986-04-16,31.69918286619137,1986
1986-04-17,32.342658235455886,1986
1986-04-18,32.855296855967126,1986
1986-04-19,33.15572524936245,1986
1986-04-20,33.789573322279224,1986
1986-04-21,34.29349643172007,1986
1986-04-22,34.01136363534336,1986
1986-04-23,33.72374364614587,1986
1986-04-24,33.62469967424859,1986
1986-04-25,33.0627933039742,1986
1986-04-26,33.43746802720243,1986
1986-04-27,34.40608866401099,1986
1986-04-28,34.53207137789282,1986
1986-04-29,34.73660481836799,1986
1986-04-30,33.06939310650655,1986
1986-05-01,32.876395447395325,1986
1986-05-02,33.538025496035104,1986
1986-05-03,33.3872115910204,1986
1986-05-04,33.28591154071627,1986
1986-05-05,34.05710111479607,1986
1986-05-06,34.34295020819964,1986
1986-05-07,33.82445011461927,1986
1986-05-08,34.31812972148958,1986
1986-05-09,33.4228160444161,1986
1986-05-10,33.247046547541245,1986
1986-05-11,33.99983671587068,1986
1986-05-12,33.05706354875751,1986
1986-05-13,32.75727798820466,1986
1986-05-14,32.40409810116165,1986
1986-05-15,33.54801510227951,1986
1986-05-16,32.74109585182588,1986
1986-05-17,33.10605338289745,1986
1986-05-18,31.96803941672388,1986
1986-05-19,32.42160840032857,1986
1986-05-20,33.429082863694134,1986
1986-05-21,32.59806036214404,1986
1986-05-22,32.093157342818806,1986
1986-05-23,30.788668435632257,1986
1986-05-24,31.72201623638547,1986
1986-05-25,32.127007412137715,1986
1986-05-26,32.65520943021143,1986
1986-05-27,32.32801406488461,1986
1986-05-28,32.383741169761585,1986
1986-05-29,31.641111006522017,1986
1986-05-30,32.20991314702115,1986
1986-05-31,31.82045304349384,1986
1986-06-01,31.09543526766535,1986
1986-06-02,30.447499250867107,1986
1986-06-03,31.6557834013204,1986
1986-06-04,32.313809150592675,1986
1986-06-05,32.431732064730014,1986
1986-06-06,31.531987278147785,1986
1986-06-07,31.100286714925332,1986
1986-06-08,30.881046041719337,1986
1986-06-09,30.505593931952184,1986
1986-06-10,30.803573840173314,1986
1986-06-11,30.360801903218853,1986
1986-06-12,29.427371782320808,1986
1986-06-13,29.748178559223074,1986
1986-06-14,30.372078318012207,1986
1986-06-15,31.897583991924567,1986
1986-06-16,31.712473272515837,1986
1986-06-17,31.39798785809662,1986
1986-06-18,31.458666552541434,1986
1986-06-19,30.594846326393366,1986
1986-06-20,31.249645432241408,1986
1986-06-21,31.29412550976799,1986
1986-06-22,30.858330827633115,1986
1986-06-23,30.531428419289433,1986
1986-06-24,30.66039058216569,1986
1986-06-25,29.902052537426705,1986
1986-06-26,30.6568775513813,1986
1986-06-27,30.233791273322925,1986
1986-06-28,31.26614310157391,1986
1986-06-29,31.642999329880688,1986
1986-06-30,32.002800907579015,1986
1986-07-01,32.01137059125717,1986
1986-07-02,32.15836083974517,1986
1986-07-03,32.101979002104635,1986
1986-07-04,30.026203122340505,1986
1986-07-05,30.264445258184928,1986
1986-07-06,30.048991434018664,1986
1986-07-07,29.04441918389592,1986
1986-07-08,29.801057870741975,1986
1986-07-09,29.87704937361953,1986
1986-07-10,29.825824506006438,1986
1986-07-11,29.50344507851653,1986
1986-07-12,29.733757063946296,1986
1986-07-13,28.97850847545,1986
1986-07-14,29.547456993340038,1986
1986-07-15,28.527147020556807,1986
1986-07-16,29.26466099124233,1986
1986-07-17,28.81740271020663,1986
1986-07-18,28.903676614245086,1986
1986-07-19,28.553507252051432,1986
1986-07-20,29.08793256930052,1986
1986-07-21,28.48646604367184,1986
1986-07-22,29.008334414730207,1986
1986-07-23,29.192911818270964,1986
1986-07-24,27.70520241100496,1986
1986-07-25,27.322776234932853,1986
1986-07-26,28.263912481493172,1986
1986-07-27,28.59104213498493,1986
1986-07-28,28.067771796303976,1986
1986-07-29,29.7986935382075,1986
1986-07-30,29.064072603998365,1986
1986-07-31,28.166665532823103,1986
1986-08-01,28.519842918597142,1986
1986-08-02,28.957516838900176,1986
1986-08-03,28.956633658928915,1986
1986-08-04,28.87459955374047,1986
1986-08-05,28.22078447285586,1986
1986-08-06,27.795643038769743,1986
1986-08-07,27.772179620153118,1986
1986-08-08,28.660114420585593,1986
1986-08-09,29.29511514870455,1986
1986-08-10,30.02292868597378,1986
1986-08-11,29.97435817552756,1986
1986-08-12,29.87401196249908,1986
1986-08-13,28.617830706796923,1986
1986-08-14,26.974625863590305,1986
1986-08-15,28.010903786424414,1986
1986-08-16,28.661036757686112,1986
1986-08-17,28.084930628165324,1986
1986-08-18,28.880305611540944,1986
1986-08-19,27.831695215272354,1986
1986-08-20,27.805533900645727,1986
1986-08-21,28.719309515773112,1986
1986-08-22,28.568586421746893,1986
1986-08-23,29.393795985119922,1986
1986-08-24,28.50463661694261,1986
1986-08-25,28.547287809796675,1986
1986-08-26,28.694844958627925,1986
1986-08-27,28.72209284894477,1986
1986-08-28,28.861676713234402,1986
1986-08-29,29.511013844963866,1986
1986-08-30,28.977066709396368,1986
1986-08-31,29.877092229191575,1986
1986-09-01,29.85517098618651,1986
1986-09-02,29.39379817308467,1986
1986-09-03,29.182770378726666,1986
1986-09-04,29.651954122599236,1986
1986-09-05,30.172152639093845,1986
1986-09-06,30.020326309237284,1986
1986-09-07,29.93110005673021,1986
1986-09-08,30.291235209306222,1986
1986-09-09,31.013741730428144,1986
1986-09-10,31.346012256051733,1986
1986-09-11,31.018633318796255,1986
1986-09-12,29.490862141738138,1986
1986-09-13,28.73172428629212,1986
1986-09-14,29.280709872931652,1986
1986-09-15,29.769967199045254,1986
1986-09-16,30.255077692040285,1986
1986-09-17,30.079371087598496,1986
1986-09-18,28.128006513719455,1986
1986-09-19,28.31698024028071,1986
1986-09-20,28.51378938142294,1986
1986-09-21,29.997740637254665,1986
1986-09-22,29.779686068893383,1986
1986-09-23,30.46504101139762,1986
1986-09-24,30.235463847451925,1986
1986-09-25,30.89856233530119,1986
1986-09-26,30.760128109579448,1986
1986-09-27,31.36484358660097,1986
1986-09-28,31.36071198028141,1986
1986-09-29,31.298591242800317,1986
1986-09-30,30.479856222092298,1986
1986-10-01,30.573078159266906,1986
1986-10-02,30.373635473357844,1986
1986-10-03,29.78822759032031,1986
1986-10-04,28.807395876502042,1986
1986-10-05,27.70086251760818,1986
1986-10-06,27.93538987632653,1986
1986-10-07,28.4914787966865,1986
1986-10-08,28.668747694663317,1986
1986-10-09,28.295964756118256,1986
1986-10-10,29.70488374033989,1986
1986-10-11,29.99626651780152,1986
1986-10-12,29.626359006027123,1986
1986-10-13,29.110556680884446,1986
1986-10-14,28.977529138746878,1986
1986-10-15,28.04464143971967,1986
1986-10-16,28.43461229906886,1986
1986-10-17,28.119249260058652,1986
1986-10-18,29.073791346213262,1986
1986-10-19,29.60523085255362,1986
1986-10-20,28.662938542719456,1986
1986-10-21,29.175258292619475,1986
1986-10-22,27.979823311611874,1986
1986-10-23,28.53687519800276,1986
1986-10-24,29.04866688048321,1986
1986-10-25,28.83546177025509,1986
1986-10-26,29.35010582346961,1986
1986-10-27,30.02149580063483,1986
1986-10-28,30.42613791140928,1986
1986-10-29,30.455919863781947,1986
1986-10-30,29.643990260154684,1986
1986-10-31,30.49813033361275,1986
1986-11-01,29.453525153479347,1986
1986-11-02,30.232677292698398,1986
1986-11-03,31.089930053533493,1986
1986-11-04,30.173199339073104,1986
1986-11-05,30.894430158203217,1986
1986-11-06,31.51890597798062,1986
1986-11-07,30.65279667497886,1986
1986-11-08,31.741442822575785,1986
1986-11-09,30.06508881971543,1986
1986-11-10,29.583983692229072,1986
1986-11-11,30.18938337821244,1986
1986-11-12,30.27216534302664,1986
1986-11-13,29.92693006307741,1986
1986-11-14,30.567096646249375,1986
1986-11-15,31.56415924213272,1986
1986-11-16,32.00536884337834,1986
1986-11-17,30.850358527678935,1986
1986-11-18,30.364050395363392,1986
1986-11-19,30.611466038164366,1986
1986-11-20,29.879579093899203,1986
1986-11-21,29.916068656500464,1986
1986-11-22,29.884047822113263,1986
1986-11-23,29.412668595011528,1986
1986-11-24,28.743239851997764,1986
1986-11-25,29.907530145321086,1986
1986-11-26,30.90648628666065,1986
1986-11-27,30.866759607044887,1986
1986-11-28,30.63309179259111,1986
1986-11-29,31.638416433027892,1986
1986-11-30,31.545556746682607,1986
1986-12-01,30.650868738444817,1986
1986-12-02,30.31033527744608,1986
1986-12-03,30.211564360384543,1986
1986-12-04,29.046630454147657,1986
1986-12-05,28.73449356925301,1986
1986-12-06,27.97644856136307,1986
1986-12-07,29.08345297395127,1986
1986-12-08,30.544701921798836,1986
1986-12-09,30.292254656730684,1986
1986-12-10,30.534940702971618,1986
1986-12-11,30.402006262649905,1986
1986-12-12,29.500182780020854,1986
1986-12-13,29.313656497536112,1986
1986-12-14,27.952405938019112,1986
1986-12-15,26.922586052980588,1986
1986-12-16,27.043503553822962,1986
1986-12-17,27.501043956002054,1986
1986-12-18,28.386206071613728,1986
1986-12-19,29.30952871471761,1986
1986-12-20,28.808214812056036,1986
1986-12-21,30.235905903505245,1986
1986-12-22,31.026644322138736,1986
1986-12-23,30.06762215493753,1986
1986-12-24,28.215298881878642,1986
1986-12-25,28.986276307659207,1986
1986-12-26,29.969441040928547,1986
1986-12-27,30.782958328302215,1986
1986-12-28,30.52643131744013,1986
1986-12-29,31.232391694551602,1986
1986-12-30,30.547463682492843,1986
1986-12-31,29.566211823880394,1986
1987-01-01,30.264022912808827,1987
1987-01-02,29.586198975018956,1987
1987-01-03,30.58933061033875,1987
1987-01-04,29.771927359421156,1987
1987-01-05,28.8022062760363,1987
1987-01-06,29.297891639030524,1987
1987-01-07,28.319997179604314,1987
1987-01-08,29.103467655814818,1987
1987-01-09,29.927594728279228,1987
1987-01-10,31.374472795571542,1987
1987-01-11,31.170855045910375,1987
1987-01-12,32.05301880931657,1987
1987-01-13,32.271552457196215,1987
1987-01-14,30.496859104384537,1987
1987-01-15,30.893054290649992,1987
1987-01-16,30.70973840864917,1987
1987-01-17,30.86250507990301,1987
1987-01-18,29.500755750429082,1987
1987-01-19,29.5864076894582,1987
1987-01-20,29.46631551373894,1987
1987-01-21,29.257689580175427,1987
1987-01-22,29.089385851807346,1987
1987-01-23,30.510182624583596,1987
1987-01-24,30.864023425927357,1987
1987-01-25,31.604500589460528,1987
1987-01-26,32.69289882422045,1987
1987-01-27,32.33362983570305,1987
1987-01-28,31.996550934186658,1987
1987-01-29,32.043826381733865,1987
1987-01-30,31.561262013341626,1987
1987-01-31,31.792157159409097,1987
1987-02-01,32.01058279679263,1987
1987-02-02,32.17812388079996,1987
1987-02-03,31.490634909077475,1987
1987-02-04,32.05445603795124,1987
1987-02-05,31.71371252215905,1987
1987-02-06,32.3119629527423,1987
1987-02-07,31.44569049343685,1987
1987-02-08,32.099237126667425,1987
1987-02-09,31.940340382925065,1987
1987-02-10,31.272848844826175,1987
1987-02-11,32.33973619675013,1987
1987-02-12,32.73277332831509,1987
1987-02-13,31.775382298659235,1987
1987-02-14,30.330904228606176,1987
1987-02-15,30.79758483754604,1987
1987-02-16,31.137598575894682,1987
1987-02-17,33.22765943020571,1987
1987-02-18,33.2661344448956,1987
1987-02-19,32.0290670183705,1987
1987-02-20,32.62880397947983,1987
1987-02-21,33.05099223975517,1987
1987-02-22,33.662243497418224,1987
1987-02-23,31.89300712606224,1987
1987-02-24,33.35004759921368,1987
1987-02-25,33.42074551869921,1987
1987-02-26,33.26905640817797,1987
1987-02-27,33.73699268297261,1987
1987-02-28,33.20163165865576,1987
1987-03-01,32.337969996263695,1987
1987-03-02,32.28268608541096,1987
1987-03-03,32.169775881632866,1987
1987-03-04,32.11343573653496,1987
1987-03-05,31.74382205839132,1987
1987-03-06,32.83489491516566,1987
1987-03-07,32.74219104760429,1987
1987-03-08,31.899276877945972,1987
1987-03-09,32.1175717330849,1987
1987-03-10,31.518634822269547,1987
1987-03-11,31.414939929333364,1987
1987-03-12,32.61596154588592,1987
1987-03-13,32.340429641201304,1987
1987-03-14,32.375285156876885,1987
1987-03-15,32.547314936773105,1987
1987-03-16,31.314531134762753,1987
1987-03-17,31.460935242014305,1987
1987-03-18,32.01869835195454,1987
1987-03-19,31.574507747428132,1987
1987-03-20,31.647856297423374,1987
1987-03-21,31.226304028184046,1987
1987-03-22,32.075511685709735,1987
1987-03-23,32.57951643527743,1987
1987-03-24,33.16088161519386,1987
1987-03-25,32.34560639449296,1987
1987-03-26,33.21855488274009,1987
1987-03-27,33.02177890514134,1987
1987-03-28,33.92748354181207,1987
1987-03-29,34.0184052872911,1987
1987-03-30,33.9116696260439,1987
1987-03-31,33.926311423607885,1987
1987-04-01,33.33812001005019,1987
1987-04-02,32.45367939899086,1987
1987-04-03,32.64753643159152,1987
1987-04-04,32.14049958266943,1987
1987-04-05,32.437429821845534,1987
1987-04-06,32.469062687085085,1987
1987-04-07,32.65567045166537,1987
1987-04-08,34.23706055261488,1987
1987-04-09,34.51613047506961,1987
1987-04-10,34.1180190285189,1987
1987-04-11,33.838652462821166,1987
1987-04-12,32.4841300942893,1987
1987-04-13,33.212071931554455,1987
1987-04-14,31.811027655548116,1987
1987-04-15,32.31738404146467,1987
1987-04-16,32.409944926562574,1987
1987-04-17,32.92882628869821,1987
1987-04-18,33.3622701402382,1987
1987-04-19,33.83331105144642,1987
1987-04-20,33.4166032086067,1987
1987-04-21,33.38133630369103,1987
1987-04-22,33.18194893869238,1987
1987-04-23,32.27705018421841,1987
1987-04-24,32.51102793151546,1987
1987-04-25,32.728783890329716,1987
1987-04-26,32.038504598309274,1987
1987-04-27,32.83510745331134,1987
1987-04-28,33.29642280183999,1987
1987-04-29,32.67115586532613,1987
1987-04-30,32.23554401407314,1987
1987-05-01,32.14311219813019,1987
1987-05-02,31.320026969318366,1987
1987-05-03,32.13908315639943,1987
1987-05-04,32.61991010147577,1987
1987-05-05,32.56634843476364,1987
1987-05-06,32.24616157632071,1987
1987-05-07,31.655193578866708,1987
1987-05-08,32.54607682366067,1987
1987-05-09,32.8262092768683,1987
1987-05-10,32.23460905628087,1987
1987-05-11,31.084441572420346,1987
1987-05-12,29.911094223359353,1987
1987-05-13,29.485288676326096,1987
1987-05-14,30.25834213970455,1987
1987-05-15,31.796892517527166,1987
1987-05-16,32.340763575803535,1987
1987-05-17,31.821541844729055,1987
1987-05-18,31.77827873862129,1987
1987-05-19,31.658104642256145,1987
1987-05-20,30.92957960132304,1987
1987-05-21,29.43588137214791,1987
1987-05-22,29.965552179127755,1987
1987-05-23,31.275296614069187,1987
1987-05-24,30.759155106754317,1987
1987-05-25,29.824668013771056,1987
1987-05-26,30.730909073735173,1987
1987-05-27,29.94543906386448,1987
1987-05-28,29.05778137309436,1987
1987-05-29,29.428175868067488,1987
1987-05-30,30.140717754761603,1987
1987-05-31,28.596478849731533,1987
1987-06-01,29.12804428711791,1987
1987-06-02,30.352964439241934,1987
1987-06-03,30.638237340076415,1987
1987-06-04,29.087594609482778,1987
1987-06-05,29.14182792817997,1987
1987-06-06,28.290109266486155,1987
1987-06-07,27.6483337504543,1987
1987-06-08,27.741007552170977,1987
1987-06-09,28.2366378023205,1987
1987-06-10,28.771975020778306,1987
1987-06-11,28.500560358284847,1987
1987-06-12,27.736573323548008,1987
1987-06-13,28.453779548882764,1987
1987-06-14,28.578244369094406,1987
1987-06-15,28.67343309011186,1987
1987-06-16,29.039245090038605,1987
1987-06-17,29.634802655746945,1987
1987-06-18,29.192105132820835,1987
1987-06-19,27.679336833988103,1987
1987-06-20,27.479710246626304,1987
1987-06-21,27.243591121583755,1987
1987-06-22,27.09879674046872,1987
1987-06-23,28.23731563629338,1987
1987-06-24,28.794805087617046,1987
1987-06-25,27.684073738123427,1987
1987-06-26,28.19494147006978,1987
1987-06-27,28.102769821336025,1987
1987-06-28,27.973219067084198,1987
1987-06-29,28.08775974355276,1987
1987-06-30,28.63675045535622,1987
1987-07-01,28.669213224512326,1987
1987-07-02,28.772722008400592,1987
1987-07-03,27.833334735712185,1987
1987-07-04,28.280488851933256,1987
1987-07-05,28.34250434570419,1987
1987-07-06,28.771245271158943,1987
1987-07-07,28.78980205822281,1987
1987-07-08,27.155855811711252,1987
1987-07-09,26.202393844724675,1987
1987-07-10,26.434452658892912,1987
1987-07-11,27.361575035996726,1987
1987-07-12,26.198273543431412,1987
1987-07-13,26.302709878887235,1987
1987-07-14,25.987415599476606,1987
1987-07-15,25.93691187064965,1987
1987-07-16,25.919652045599527,1987
1987-07-17,26.795442790754482,1987
1987-07-18,26.43077255170624,1987
1987-07-19,27.1070701146441,1987
1987-07-20,27.256323473595423,1987
1987-07-21,26.801882831925035,1987
1987-07-22,27.580625294068568,1987
1987-07-23,26.69143106203768,1987
1987-07-24,27.09910212745754,1987
1987-07-25,26.552663943384132,1987
1987-07-26,26.819446394495834,1987
1987-07-27,26.856106357876502,1987
1987-07-28,26.561988331243807,1987
1987-07-29,28.031534459305185,1987
1987-07-30,27.658145500042423,1987
1987-07-31,27.223209789224413,1987
1987-08-01,26.381684817558785,1987
1987-08-02,25.814869569403207,1987
1987-08-03,27.204187806213145,1987
1987-08-04,25.8505224270294,1987
1987-08-05,26.364902623646113,1987
1987-08-06,27.362754706947033,1987
1987-08-07,27.17234151907668,1987
1987-08-08,26.708023312952577,1987
1987-08-09,25.970268107663824,1987
1987-08-10,26.906594477854892,1987
1987-08-11,27.61421895718515,1987
1987-08-12,28.149160277103938,1987
1987-08-13,28.154234504664863,1987
1987-08-14,28.263745753490774,1987
1987-08-15,29.14823065170937,1987
1987-08-16,27.52658156574607,1987
1987-08-17,27.13674950351635,1987
1987-08-18,26.427807515276065,1987
1987-08-19,26.053164884420372,1987
1987-08-20,26.05362353421711,1987
1987-08-21,27.76075484434208,1987
1987-08-22,27.571354832054606,1987
1987-08-23,26.470715544696375,1987
1987-08-24,27.15010866629386,1987
1987-08-25,27.457460167314096,1987
1987-08-26,27.40700119695223,1987
1987-08-27,26.991223513289015,1987
1987-08-28,26.115872379495325,1987
1987-08-29,27.20939491051893,1987
1987-08-30,26.69797913645957,1987
1987-08-31,28.930519573231656,1987
1987-09-01,28.50945072666109,1987
1987-09-02,27.65161145967138,1987
1987-09-03,29.10131649605291,1987
1987-09-04,29.794956783406544,1987
1987-09-05,29.52847567094009,1987
1987-09-06,28.87781367569275,1987
1987-09-07,28.49650509018401,1987
1987-09-08,28.83301889764003,1987
1987-09-09,29.15275083105609,1987
1987-09-10,28.09135076576578,1987
1987-09-11,28.526449003526015,1987
1987-09-12,27.389013543851412,1987
1987-09-13,29.042046386480987,1987
1987-09-14,29.460719621960532,1987
1987-09-15,29.348415313080594,1987
1987-09-16,29.65693790726851,1987
1987-09-17,29.891729956647563,1987
1987-09-18,29.135492438575135,1987
1987-09-19,29.084290524955588,1987
1987-09-20,29.714894165361603,1987
1987-09-21,28.38077196369017,1987
1987-09-22,28.183266072927772,1987
1987-09-23,28.2004313293165,1987
1987-09-24,28.875330257642347,1987
1987-09-25,29.52803760028981,1987
1987-09-26,29.18708428589264,1987
1987-09-27,28.586665453515145,1987
1987-09-28,29.275799766630172,1987
1987-09-29,29.19243697646803,1987
1987-09-30,30.52879154501626,1987
1987-10-01,29.680180076073565,1987
1987-10-02,29.108421370312556,1987
1987-10-03,29.03695731779094,1987
1987-10-04,28.127532830178133,1987
1987-10-05,27.57944021906962,1987
1987-10-06,29.766788494599567,1987
1987-10-07,30.222245079862653,1987
1987-10-08,29.569269174213147,1987
1987-10-09,29.61484485852902,1987
1987-10-10,29.412417767945314,1987
1987-10-11,30.529931172183442,1987
1987-10-12,30.295541547565644,1987
1987-10-13,28.265751108208285,1987
1987-10-14,28.567820642279564,1987
1987-10-15,29.475352646247664,1987
1987-10-16,29.603860762553175,1987
1987-10-17,29.71324632023935,1987
1987-10-18,29.420436740162536,1987
1987-10-19,29.979864207672904,1987
1987-10-20,30.903507032933213,1987
1987-10-21,29.95837649224595,1987
1987-10-22,29.72225102902157,1987
1987-10-23,29.479751270985766,1987
1987-10-24,30.0580642071824,1987
1987-10-25,29.621014888406705,1987
1987-10-26,30.509960054304972,1987
1987-10-27,30.871820557589807,1987
1987-10-28,30.86369268123838,1987
1987-10-29,30.23439101537964,1987
1987-10-30,29.29802441695631,1987
1987-10-31,29.7947318678859,1987
1987-11-01,30.234104439646394,1987
1987-11-02,30.243723247403665,1987
1987-11-03,31.495191993925317,1987
1987-11-04,32.03702724861972,1987
1987-11-05,30.590454494985764,1987
1987-11-06,29.01836005033011,1987
1987-11-07,28.76125912191442,1987
1987-11-08,28.66819772569162,1987
1987-11-09,29.12001222071659,1987
1987-11-10,29.67110893673462,1987
1987-11-11,31.309438630999544,1987
1987-11-12,30.14197490596379,1987
1987-11-13,31.113348867518766,1987
1987-11-14,30.86471948658424,1987
1987-11-15,30.157331903621373,1987
1987-11-16,29.589017167692496,1987
1987-11-17,30.51348885997561,1987
1987-11-18,30.60023436320467,1987
1987-11-19,30.097428607440186,1987
1987-11-20,29.509465508975357,1987
1987-11-21,30.757036975383905,1987
1987-11-22,30.518315951641597,1987
1987-11-23,30.58733660410357,1987
1987-11-24,31.192751545003745,1987
1987-11-25,29.68397299656727,1987
1987-11-26,30.46009704350438,1987
1987-11-27,29.79330467199243,1987
1987-11-28,30.6836571905994,1987
1987-11-29,31.03166061611604,1987
1987-11-30,30.59797615986205,1987
1987-12-01,30.537832995642024,1987
1987-12-02,31.004903069442605,1987
1987-12-03,30.191192691851402,1987
1987-12-04,30.595497937505183,1987
1987-12-05,30.15989755504222,1987
1987-12-06,31.060735109644554,1987
1987-12-07,31.12942822704293,1987
1987-12-08,30.204114470010325,1987
1987-12-09,29.744496909508495,1987
1987-12-10,30.131016855544335,1987
1987-12-11,31.154894300023813,1987
1987-12-12,30.474452412551962,1987
1987-12-13,30.795466922781248,1987
1987-12-14,29.615590025548965,1987
1987-12-15,29.677616940139764,1987
1987-12-16,29.64032117138885,1987
1987-12-17,30.865228467782718,1987
1987-12-18,30.64086283761271,1987
1987-12-19,30.841525833490543,1987
1987-12-20,30.76907343798732,1987
1987-12-21,29.8611236659351,1987
1987-12-22,30.516054884024307,1987
1987-12-23,29.88345529985647,1987
1987-12-24,28.634345739969916,1987
1987-12-25,29.907554267458487,1987
1987-12-26,31.273966052537492,1987
1987-12-27,31.035165154418433,1987
1987-12-28,29.973085870740107,1987
1987-12-29,28.991878598407347,1987
1987-12-30,29.994683759148316,1987
1987-12-31,30.65935844084524,1987
1988-01-01,30.456876064459077,1988
1988-01-02,30.44630517816736,1988
1988-01-03,29.7728075083744,1988
1988-01-04,29.96234106494484,1988
1988-01-05,29.49750416129777,1988
1988-01-06,30.011694423183528,1988
1988-01-07,29.108851724759578,1988
1988-01-08,28.013978480975357,1988
1988-01-09,29.270274544111487,1988
1988-01-10,29.289651467867888,1988
1988-01-11,28.158339454615543,1988
1988-01-12,30.44432278542048,1988
1988-01-13,30.27829877064685,1988
1988-01-14,30.138639886165816,1988
1988-01-15,30.40340246359567,1988
1988-01-16,29.93902400877895,1988
1988-01-17,29.309488701499266,1988
1988-01-18,31.727358107685518,1988
1988-01-19,31.05715778389132,1988
1988-01-20,30.742165127816442,1988
1988-01-21,31.833125186770125,1988
1988-01-22,31.997068819237885,1988
1988-01-23,31.253608622021694,1988
1988-01-24,31.319599814315815,1988
1988-01-25,31.8570515234864,1988
1988-01-26,31.524554539539785,1988
1988-01-27,31.46606130417847,1988
1988-01-28,31.74196323210343,1988
1988-01-29,30.736276695524822,1988
1988-01-30,31.277841372332894,1988
1988-01-31,31.242746208985253,1988
1988-02-01,30.749517329995346,1988
1988-02-02,30.291440704302975,1988
1988-02-03,30.225852899316415,1988
1988-02-04,30.21978667321804,1988
1988-02-05,30.87409445096064,1988
1988-02-06,31.447194417135414,1988
1988-02-07,32.22990184923564,1988
1988-02-08,32.258184354564676,1988
1988-02-09,31.937109720649577,1988
1988-02-10,31.649244256394333,1988
1988-02-11,31.794412272345085,1988
1988-02-12,31.61081592520585,1988
1988-02-13,32.33572526622659,1988
1988-02-14,32.21972637302465,1988
1988-02-15,31.855175802293317,1988
1988-02-16,32.24904989582794,1988
1988-02-17,32.415280400290264,1988
1988-02-18,33.31306853829778,1988
1988-02-19,31.968187741274868,1988
1988-02-20,32.983946684330995,1988
1988-02-21,32.65950749960378,1988
1988-02-22,32.39301218072074,1988
1988-02-23,32.70607187517516,1988
1988-02-24,32.99930291636341,1988
1988-02-25,33.46238004759164,1988
1988-02-26,32.77224103536964,1988
1988-02-27,33.99909965753029,1988
1988-02-28,34.090809137577175,1988
1988-02-29,33.02984029559608,1988
1988-03-01,33.435258877703035,1988
1988-03-02,33.572239460458775,1988
1988-03-03,32.35577965215577,1988
1988-03-04,32.679710353288556,1988
1988-03-05,33.323813820736746,1988
1988-03-06,33.824090074048634,1988
1988-03-07,32.60366519528964,1988
1988-03-08,34.09551680396707,1988
1988-03-09,34.14816644819316,1988
1988-03-10,34.06305720440177,1988
1988-03-11,33.3148991785432,1988
1988-03-12,32.42986830767102,1988
1988-03-13,34.20475407410012,1988
1988-03-14,34.87871998109798,1988
1988-03-15,34.68164139884587,1988
1988-03-16,34.390064473427074,1988
1988-03-17,34.852344054325314,1988
1988-03-18,34.189332712954126,1988
1988-03-19,32.58821158128126,1988
1988-03-20,31.899631985783774,1988
1988-03-21,32.575602173099476,1988
1988-03-22,33.89054594064947,1988
1988-03-23,33.20029364559679,1988
1988-03-24,33.05025100259433,1988
1988-03-25,33.0988202475427,1988
1988-03-26,32.79005244953895,1988
1988-03-27,34.01536643596779,1988
1988-03-28,33.75050201178628,1988
1988-03-29,33.58862496945743,1988
1988-03-30,32.769984623695514,1988
1988-03-31,33.03187856061935,1988
1988-04-01,32.871881363950706,1988
1988-04-02,33.029175832442384,1988
1988-04-03,33.9103009297776,1988
1988-04-04,33.14155183953672,1988
1988-04-05,34.46430215289447,1988
1988-04-06,33.79744177528776,1988
1988-04-07,34.8709427464363,1988
1988-04-08,34.50282345653143,1988
1988-04-09,33.68124100612294,1988
1988-04-10,32.152749957407785,1988
1988-04-11,32.74217155417215,1988
1988-04-12,31.9797294712545,1988
1988-04-13,32.513412953652164,1988
1988-04-14,33.15636432966906,1988
1988-04-15,32.1626278539742,1988
1988-04-16,32.66182134780377,1988
1988-04-17,32.95601636060147,1988
1988-04-18,32.34199241390659,1988
1988-04-19,32.62205117457983,1988
1988-04-20,33.236316410337864,1988
1988-04-21,32.97945831671815,1988
1988-04-22,32.408263176024576,1988
1988-04-23,33.18695731497671,1988
1988-04-24,33.53655845638422,1988
1988-04-25,32.81579963075261,1988
1988-04-26,32.622510314878646,1988
1988-04-27,32.769043944146055,1988
1988-04-28,32.33274546907127,1988
1988-04-29,31.998894866680132,1988
1988-04-30,32.186546276377,1988
1988-05-01,32.051537957656215,1988
1988-05-02,31.842680388069198,1988
1988-05-03,32.35682327781273,1988
1988-05-04,32.09922594356985,1988
1988-05-05,32.57374604179374,1988
1988-05-06,31.746427955246325,1988
1988-05-07,32.31334894490537,1988
1988-05-08,31.411917015432252,1988
1988-05-09,31.450225466506183,1988
1988-05-10,31.825481731994014,1988
1988-05-11,30.66060652215265,1988
1988-05-12,30.33372437032463,1988
1988-05-13,29.947491746398683,1988
1988-05-14,28.220779617970656,1988
1988-05-15,29.755454329676752,1988
1988-05-16,29.471686972919613,1988
1988-05-17,28.774835890046585,1988
1988-05-18,28.701106855715715,1988
1988-05-19,30.447030700491236,1988
1988-05-20,29.412387921670984,1988
1988-05-21,29.899384227494636,1988
1988-05-22,30.62429296632809,1988
1988-05-23,30.636030360658992,1988
1988-05-24,29.1993205803233,1988
1988-05-25,28.759260671387523,1988
1988-05-26,30.380827360366244,1988
1988-05-27,30.151533947377644,1988
1988-05-28,29.68565430892856,1988
1988-05-29,30.213928424233256,1988
1988-05-30,29.563316632844277,1988
1988-05-31,30.46865947271001,1988
1988-06-01,30.57139038399919,1988
1988-06-02,29.233276197361658,1988
1988-06-03,28.245289613082868,1988
1988-06-04,28.749745670787807,1988
1988-06-05,29.13086990371992,1988
1988-06-06,27.32394883702092,1988
1988-06-07,28.546102979831815,1988
1988-06-08,27.75730081593026,1988
1988-06-09,28.48060190015984,1988
1988-06-10,28.14117282162819,1988
1988-06-11,29.136416972466066,1988
1988-06-12,29.140924788708517,1988
1988-06-13,28.259602668309668,1988
1988-06-14,28.904453857715964,1988
1988-06-15,28.63018273319817,1988
1988-06-16,29.19990117738226,1988
1988-06-17,30.071496424541298,1988
1988-06-18,30.153242576510337,1988
1988-06-19,29.84184709377658,1988
1988-06-20,29.67510310335635,1988
1988-06-21,29.23858238139775,1988
1988-06-22,28.45105073084907,1988
1988-06-23,29.590464686997127,1988
1988-06-24,29.48016488024292,1988
1988-06-25,28.774027075531137,1988
1988-06-26,27.85462583584251,1988
1988-06-27,28.962148737186517,1988
1988-06-28,28.61569821798275,1988
1988-06-29,28.31927166473843,1988
1988-06-30,29.087073951336652,1988
1988-07-01,26.77062098121205,1988
1988-07-02,26.515485182363136,1988
1988-07-03,26.553992819356417,1988
1988-07-04,26.73170609902455,1988
1988-07-05,28.158848817734444,1988
1988-07-06,28.32762461699952,1988
1988-07-07,27.119708941466712,1988
1988-07-08,27.825195378468347,1988
1988-07-09,27.65465330889868,1988
1988-07-10,27.54072871826258,1988
1988-07-11,27.24440678123849,1988
1988-07-12,27.585565507479856,1988
1988-07-13,27.527426961163545,1988
1988-07-14,27.67752872661889,1988
1988-07-15,28.13503748024489,1988
1988-07-16,27.577344990508255,1988
1988-07-17,26.910267872035547,1988
1988-07-18,25.934752196654888,1988
1988-07-19,25.978343084905966,1988
1988-07-20,25.704933390005774,1988
1988-07-21,26.271640081609075,1988
1988-07-22,26.979521314258946,1988
1988-07-23,25.91835793221104,1988
1988-07-24,24.999355309736245,1988
1988-07-25,25.24067954190378,1988
1988-07-26,25.944807958260377,1988
1988-07-27,26.521417075106434,1988
1988-07-28,27.096191901437543,1988
1988-07-29,26.438942739997,1988
1988-07-30,27.022924096153943,1988
1988-07-31,27.726113034817242,1988
1988-08-01,28.430037891596292,1988
1988-08-02,28.23505101964502,1988
1988-08-03,27.849993072443695,1988
1988-08-04,28.350189975584776,1988
1988-08-05,27.96728977762032,1988
1988-08-06,28.379892689258913,1988
1988-08-07,29.162332346519406,1988
1988-08-08,27.881071160647984,1988
1988-08-09,27.19247761511304,1988
1988-08-10,27.702841532460354,1988
1988-08-11,29.236452000654396,1988
1988-08-12,28.405329766886545,1988
1988-08-13,29.291324903425917,1988
1988-08-14,28.06181798965015,1988
1988-08-15,28.917095540468612,1988
1988-08-16,27.855708670386615,1988
1988-08-17,28.13187027520607,1988
1988-08-18,29.258033948272463,1988
1988-08-19,29.534093473006944,1988
1988-08-20,29.793172307120333,1988
1988-08-21,27.382264176883396,1988
1988-08-22,27.857861126414413,1988
1988-08-23,26.815228485599505,1988
1988-08-24,28.136006084597096,1988
1988-08-25,28.200508799835987,1988
1988-08-26,27.485281522159156,1988
1988-08-27,28.435467284507926,1988
1988-08-28,29.046881127405314,1988
1988-08-29,28.16882569202633,1988
1988-08-30,29.911719071188987,1988
1988-08-31,29.77448303835915,1988
1988-09-01,29.38346818599978,1988
1988-09-02,29.44025589970318,1988
1988-09-03,29.808797008768295,1988
1988-09-04,29.5391661357028,1988
1988-09-05,29.188453804113266,1988
1988-09-06,27.8593570891476,1988
1988-09-07,28.580868780482504,1988
1988-09-08,29.333959363526233,1988
1988-09-09,30.291545254071988,1988
1988-09-10,31.047990585163433,1988
1988-09-11,30.144771784208512,1988
1988-09-12,28.37931054325265,1988
1988-09-13,28.604969982007127,1988
1988-09-14,28.882476328096963,1988
1988-09-15,28.320375445871647,1988
1988-09-16,28.895771410297506,1988
1988-09-17,29.538175232050946,1988
1988-09-18,29.959048445633453,1988
1988-09-19,30.304658338174285,1988
1988-09-20,29.766602403014545,1988
1988-09-21,29.989751338781645,1988
1988-09-22,30.289725972255077,1988
1988-09-23,30.116385787159405,1988
1988-09-24,28.824888596073308,1988
1988-09-25,29.257084433134935,1988
1988-09-26,29.562330335910247,1988
1988-09-27,29.239638791932418,1988
1988-09-28,29.607097491731693,1988
1988-09-29,30.05674079605231,1988
1988-09-30,29.94186210048128,1988
1988-10-01,29.907366075940843,1988
1988-10-02,29.231067333934227,1988
1988-10-03,29.674424809925124,1988
1988-10-04,30.214255139631813,1988
1988-10-05,29.73638822870725,1988
1988-10-06,29.951443436342192,1988
1988-10-07,30.117670853682704,1988
1988-10-08,29.965858055780377,1988
1988-10-09,29.863368331123375,1988
1988-10-10,29.028143813929773,1988
1988-10-11,29.11475734057254,1988
1988-10-12,28.952138824431156,1988
1988-10-13,30.03020523600418,1988
1988-10-14,30.034133117242327,1988
1988-10-15,30.972746153768373,1988
1988-10-16,31.080887423326963,1988
1988-10-17,31.763750874258825,1988
1988-10-18,30.898725360596856,1988
1988-10-19,30.596176522115073,1988
1988-10-20,31.02972475012501,1988
1988-10-21,30.475409374849445,1988
1988-10-22,30.386068411121528,1988
1988-10-23,30.71189051523477,1988
1988-10-24,30.281519631278265,1988
1988-10-25,28.149706753173106,1988
1988-10-26,28.452587700171545,1988
1988-10-27,28.720146357444992,1988
1988-10-28,28.12876956524078,1988
1988-10-29,27.94578515500449,1988
1988-10-30,27.865043613196413,1988
1988-10-31,28.84453819301383,1988
1988-11-01,29.107368846405812,1988
1988-11-02,29.624284453815726,1988
1988-11-03,30.146102739486302,1988
1988-11-04,30.217584198472757,1988
1988-11-05,29.921317726738724,1988
1988-11-06,29.57075100711819,1988
1988-11-07,31.574180912994088,1988
1988-11-08,31.514611037275856,1988
1988-11-09,31.85158519831673,1988
1988-11-10,31.885288777916532,1988
1988-11-11,30.03155148742437,1988
1988-11-12,30.375484237619435,1988
1988-11-13,30.801726551959312,1988
1988-11-14,29.61390778301311,1988
1988-11-15,31.04360714266589,1988
1988-11-16,30.60090613849029,1988
1988-11-17,30.219212887182174,1988
1988-11-18,29.87942663246264,1988
1988-11-19,30.48905051584944,1988
1988-11-20,30.853941432983763,1988
1988-11-21,30.90740155255586,1988
1988-11-22,31.23426578837654,1988
1988-11-23,31.096813419187445,1988
1988-11-24,31.19157224877633,1988
1988-11-25,31.69930366880876,1988
1988-11-26,31.65525992435266,1988
1988-11-27,30.601327279885673,1988
1988-11-28,31.29084080001913,1988
1988-11-29,30.411047322550004,1988
1988-11-30,29.32173288459895,1988
1988-12-01,28.01996095770903,1988
1988-12-02,30.130683722732666,1988
1988-12-03,30.33004258548934,1988
1988-12-04,30.820402132841135,1988
1988-12-05,30.636132215187015,1988
1988-12-06,31.27593097460856,1988
1988-12-07,31.00330615343407,1988
1988-12-08,32.06910597683944,1988
1988-12-09,31.02866894950929,1988
1988-12-10,30.62651060331429,1988
1988-12-11,30.93897384643248,1988
1988-12-12,29.92365148890137,1988
1988-12-13,28.74844267983223,1988
1988-12-14,27.54398705972876,1988
1988-12-15,28.601601828250583,1988
1988-12-16,29.394496904383722,1988
1988-12-17,30.259046280841822,1988
1988-12-18,29.834254961038326,1988
1988-12-19,30.37093879686717,1988
1988-12-20,30.193628961439273,1988
1988-12-21,30.463801523403298,1988
1988-12-22,29.81747732886634,1988
1988-12-23,29.57717506517079,1988
1988-12-24,30.591339362500797,1988
1988-12-25,30.484519645638393,1988
1988-12-26,30.44672488221342,1988
1988-12-27,29.4631489352083,1988
1988-12-28,29.846581857306255,1988
1988-12-29,30.270080090716544,1988
1988-12-30,29.5234271247135,1988
1988-12-31,30.611484879988637,1988
1989-01-01,31.291899355443856,1989
1989-01-02,31.51751602928253,1989
1989-01-03,30.86870659168898,1989
1989-01-04,31.259232408843957,1989
1989-01-05,30.904390402862987,1989
1989-01-06,30.95372001019768,1989
1989-01-07,31.12160432015134,1989
1989-01-08,30.90583402092455,1989
1989-01-09,30.155522220341425,1989
1989-01-10,29.696289325322915,1989
1989-01-11,30.520385515550814,1989
1989-01-12,30.613397534569536,1989
1989-01-13,30.61147526100201,1989
1989-01-14,30.41406836856184,1989
1989-01-15,30.44420730019727,1989
1989-01-16,30.531576580319673,1989
1989-01-17,30.716078503523402,1989
1989-01-18,30.890576818756923,1989
1989-01-19,30.599262495431386,1989
1989-01-20,30.405836463456623,1989
1989-01-21,30.518149918684266,1989
1989-01-22,28.63882619639874,1989
1989-01-23,29.904362817332697,1989
1989-01-24,32.223201294717285,1989
1989-01-25,32.40071921327866,1989
1989-01-26,32.21192422990276,1989
1989-01-27,31.245832897719993,1989
1989-01-28,30.03670324348867,1989
1989-01-29,29.923908753518244,1989
1989-01-30,29.62716528682751,1989
1989-01-31,29.3466059231183,1989
1989-02-01,31.089794618540726,1989
1989-02-02,30.509318850910955,1989
1989-02-03,30.969597163368114,1989
1989-02-04,32.97913058499285,1989
1989-02-05,32.27543243759773,1989
1989-02-06,31.787462493385544,1989
1989-02-07,32.487250831297665,1989
1989-02-08,31.880759303684115,1989
1989-02-09,31.95217713399868,1989
1989-02-10,31.610008110041964,1989
1989-02-11,32.82352887054975,1989
1989-02-12,32.394703389390195,1989
1989-02-13,32.67645884580586,1989
1989-02-14,32.58734238902827,1989
1989-02-15,33.640761277167854,1989
1989-02-16,33.63580019294381,1989
1989-02-17,34.06885006637189,1989
1989-02-18,33.16333873358254,1989
1989-02-19,33.1763354181826,1989
1989-02-20,33.76189347725122,1989
1989-02-21,33.26941084558223,1989
1989-02-22,33.08348122385733,1989
1989-02-23,32.96889114905402,1989
1989-02-24,33.78462778353758,1989
1989-02-25,33.96663636408715,1989
1989-02-26,32.77128360185052,1989
1989-02-27,33.43215387685065,1989
1989-02-28,32.535494814997094,1989
1989-03-01,31.086493864019026,1989
1989-03-02,32.71275679317713,1989
1989-03-03,32.609057137784596,1989
1989-03-04,34.86804751892382,1989
1989-03-05,34.50707487303796,1989
1989-03-06,33.95095910616047,1989
1989-03-07,34.15609640452594,1989
1989-03-08,34.288903718033595,1989
1989-03-09,33.81915006856779,1989
1989-03-10,33.69357138025986,1989
1989-03-11,33.787469577641666,1989
1989-03-12,34.04147942360619,1989
1989-03-13,33.74478499209485,1989
1989-03-14,33.49617470535598,1989
1989-03-15,32.28075806465405,1989
1989-03-16,32.79552359578222,1989
1989-03-17,34.07602647303786,1989
1989-03-18,34.4778489742602,1989
1989-03-19,33.94506126870968,1989
1989-03-20,33.346408375781515,1989
1989-03-21,34.189615195667656,1989
1989-03-22,34.30932891881106,1989
1989-03-23,33.52297098445738,1989
1989-03-24,32.6299343647516,1989
1989-03-25,32.50328128815357,1989
1989-03-26,32.90788731806648,1989
1989-03-27,33.47821618030087,1989
1989-03-28,33.86093546590373,1989
1989-03-29,33.25540307320626,1989
1989-03-30,33.03181174864632,1989
1989-03-31,32.885953256852524,1989
1989-04-01,33.08919342262419,1989
1989-04-02,34.57643325378467,1989
1989-04-03,34.18096779587625,1989
1989-04-04,34.035323768899936,1989
1989-04-05,33.24267071599298,1989
1989-04-06,32.491223072325596,1989
1989-04-07,33.315034611550566,1989
1989-04-08,33.2119023095333,1989
1989-04-09,33.09488840591996,1989
1989-04-10,32.84054056922692,1989
1989-04-11,32.71808272441497,1989
1989-04-12,32.514537460277964,1989
1989-04-13,31.482485724384592,1989
1989-04-14,31.95197080532148,1989
1989-04-15,33.26288917169564,1989
1989-04-16,33.47284027118486,1989
1989-04-17,33.9056221372423,1989
1989-04-18,33.26949930167906,1989
1989-04-19,35.22748713920422,1989
1989-04-20,34.488005940449135,1989
1989-04-21,34.615326474405485,1989
1989-04-22,32.933442800613754,1989
1989-04-23,32.21739239063592,1989
1989-04-24,31.073937194065422,1989
1989-04-25,32.3247191109768,1989
1989-04-26,32.31337582979369,1989
1989-04-27,32.407389609473974,1989
1989-04-28,33.22523798182949,1989
1989-04-29,33.70854461296355,1989
1989-04-30,32.95609278251767,1989
1989-05-01,32.42153622099003,1989
1989-05-02,32.240658221751545,1989
1989-05-03,32.497879630603265,1989
1989-05-04,32.694269513683295,1989
1989-05-05,31.9790616834979,1989
1989-05-06,32.34400212416855,1989
1989-05-07,32.32344704517335,1989
1989-05-08,32.50372263058434,1989
1989-05-09,33.30487467393626,1989
1989-05-10,32.80157005955524,1989
1989-05-11,32.42269384625878,1989
1989-05-12,32.0189030159935,1989
1989-05-13,31.36680224285446,1989
1989-05-14,31.031781444767674,1989
1989-05-15,30.477474586006963,1989
1989-05-16,30.936876958831633,1989
1989-05-17,31.92691200383718,1989
1989-05-18,31.264323321928526,1989
1989-05-19,31.93329600440566,1989
1989-05-20,31.92028063626508,1989
1989-05-21,31.02272358030278,1989
1989-05-22,32.47069667175537,1989
1989-05-23,32.832683646657784,1989
1989-05-24,32.88159086278222,1989
1989-05-25,32.71494456116668,1989
1989-05-26,32.390116949233516,1989
1989-05-27,31.09614857483694,1989
1989-05-28,31.340029998216675,1989
1989-05-29,31.40780622708476,1989
1989-05-30,32.34724017227128,1989
1989-05-31,30.689644121857746,1989
1989-06-01,30.082689129146786,1989
1989-06-02,30.8021852398821,1989
1989-06-03,30.45939738906078,1989
1989-06-04,30.182420253173703,1989
1989-06-05,30.286564331848645,1989
1989-06-06,29.65253288835247,1989
1989-06-07,31.011673170111102,1989
1989-06-08,31.710303553363175,1989
1989-06-09,30.702279389639898,1989
1989-06-10,30.307993974745873,1989
1989-06-11,29.96161534976791,1989
1989-06-12,30.624296935968307,1989
1989-06-13,30.34217357009732,1989
1989-06-14,29.15365763151585,1989
1989-06-15,30.14871403730224,1989
1989-06-16,31.040617904224547,1989
1989-06-17,30.58368475459119,1989
1989-06-18,29.631756870705566,1989
1989-06-19,29.063341179892397,1989
1989-06-20,29.358381052386996,1989
1989-06-21,29.768187597414332,1989
1989-06-22,30.167582847872836,1989
1989-06-23,29.52713334202773,1989
1989-06-24,29.442857933139443,1989
1989-06-25,30.17136935777036,1989
1989-06-26,30.12050737017487,1989
1989-06-27,28.661959096136542,1989
1989-06-28,29.51139230852273,1989
1989-06-29,28.837715910649504,1989
1989-06-30,28.699904170841315,1989
1989-07-01,29.636357772702098,1989
1989-07-02,28.143880377642894,1989
1989-07-03,27.866409196679587,1989
1989-07-04,28.33049317756627,1989
1989-07-05,29.436060274108513,1989
1989-07-06,29.64053447046097,1989
1989-07-07,29.781525197959404,1989
1989-07-08,29.41848432214821,1989
1989-07-09,28.6863028223201,1989
1989-07-10,27.00392819733024,1989
1989-07-11,28.628103846107365,1989
1989-07-12,29.919654057530348,1989
1989-07-13,29.97487728827513,1989
1989-07-14,28.78378545465828,1989
1989-07-15,28.124321196911893,1989
1989-07-16,27.48425211875396,1989
1989-07-17,28.24311807945325,1989
1989-07-18,29.449286254094112,1989
1989-07-19,27.978952019718143,1989
1989-07-20,27.749233968548584,1989
1989-07-21,28.623216048133095,1989
1989-07-22,29.37997349039614,1989
1989-07-23,28.04078509095183,1989
1989-07-24,28.33312221735138,1989
1989-07-25,28.582755862843992,1989
1989-07-26,27.77532767790813,1989
1989-07-27,27.692366091726743,1989
1989-07-28,27.013085283553377,1989
1989-07-29,28.624691950549575,1989
1989-07-30,27.385348106883857,1989
1989-07-31,27.66295955423591,1989
1989-08-01,27.070183962791013,1989
1989-08-02,27.931341158167655,1989
1989-08-03,27.242590863871655,1989
1989-08-04,26.354073831509687,1989
1989-08-05,25.655588842301924,1989
1989-08-06,25.84320273041532,1989
1989-08-07,27.879323965502177,1989
1989-08-08,26.675885807301754,1989
1989-08-09,26.20695094878489,1989
1989-08-10,28.828685952774833,1989
1989-08-11,27.78367866417667,1989
1989-08-12,26.664642149678816,1989
1989-08-13,26.197223921893958,1989
1989-08-14,27.245621383016925,1989
1989-08-15,27.033056712974236,1989
1989-08-16,27.129927186463277,1989
1989-08-17,27.646393331717903,1989
1989-08-18,27.396795888003766,1989
1989-08-19,28.491581651860788,1989
1989-08-20,27.745346728501087,1989
1989-08-21,28.391742845874994,1989
1989-08-22,27.826112108987754,1989
1989-08-23,28.13558589109178,1989
1989-08-24,27.610916478885546,1989
1989-08-25,28.39232806048947,1989
1989-08-26,27.806754273812878,1989
1989-08-27,27.40181913385921,1989
1989-08-28,28.381305377575984,1989
1989-08-29,28.55232926842032,1989
1989-08-30,28.368166395665142,1989
1989-08-31,28.39205234819072,1989
1989-09-01,28.708749410522863,1989
1989-09-02,26.28876159727959,1989
1989-09-03,27.472629713052463,1989
1989-09-04,27.56893832118145,1989
1989-09-05,28.427869848437677,1989
1989-09-06,28.093734060597697,1989
1989-09-07,28.642048033515685,1989
1989-09-08,28.56049083415028,1989
1989-09-09,28.290064561603742,1989
1989-09-10,28.855917701408043,1989
1989-09-11,28.468460591686977,1989
1989-09-12,28.394227247801865,1989
1989-09-13,29.221288862540515,1989
1989-09-14,29.484323506959235,1989
1989-09-15,30.198062299787704,1989
1989-09-16,29.67823640086535,1989
1989-09-17,29.45403398433524,1989
1989-09-18,29.854649151219242,1989
1989-09-19,29.878344457941417,1989
1989-09-20,29.40885822712732,1989
1989-09-21,28.498336625676135,1989
1989-09-22,28.12891536476268,1989
1989-09-23,29.181330993769954,1989
1989-09-24,29.699391023003972,1989
1989-09-25,29.358714669325447,1989
1989-09-26,28.858917604105212,1989
1989-09-27,29.03801475158462,1989
1989-09-28,29.74623912092165,1989
1989-09-29,30.101907134034143,1989
1989-09-30,29.59492736047844,1989
1989-10-01,29.711413186058863,1989
1989-10-02,29.84498152334708,1989
1989-10-03,29.06770287318069,1989
1989-10-04,28.395000162239526,1989
1989-10-05,29.31993226108656,1989
1989-10-06,29.66480822986267,1989
1989-10-07,29.673660258888642,1989
1989-10-08,30.384190695547403,1989
1989-10-09,30.552247804374602,1989
1989-10-10,29.773966164323365,1989
1989-10-11,30.30737170699344,1989
1989-10-12,30.60626452539756,1989
1989-10-13,31.871490970263807,1989
1989-10-14,31.40742882245458,1989
1989-10-15,31.362227808911822,1989
1989-10-16,30.651114719731087,1989
1989-10-17,30.43912693911993,1989
1989-10-18,29.291033019798213,1989
1989-10-19,29.78177228947701,1989
1989-10-20,29.32771254173497,1989
1989-10-21,28.153864398402774,1989
1989-10-22,28.65301523996592,1989
1989-10-23,28.85357587900548,1989
1989-10-24,29.784762769872998,1989
1989-10-25,30.049793493899102,1989
1989-10-26,30.291410833562185,1989
1989-10-27,30.52615180143821,1989
1989-10-28,30.152692493659913,1989
1989-10-29,30.273064371813014,1989
1989-10-30,28.894728319689722,1989
1989-10-31,28.695779775827795,1989
1989-11-01,28.20958415312262,1989
1989-11-02,28.26812736409689,1989
1989-11-03,28.015299645005506,1989
1989-11-04,28.21957860807383,1989
1989-11-05,27.351179223661696,1989
1989-11-06,28.120535759944072,1989
1989-11-07,28.470097041058835,1989
1989-11-08,28.492671790803236,1989
1989-11-09,27.4589471356375,1989
1989-11-10,24.86221061616139,1989
1989-11-11,26.002601483986126,1989
1989-11-12,26.814335936434322,1989
1989-11-13,29.348558124835048,1989
1989-11-14,28.759085386496128,1989
1989-11-15,29.277425499341945,1989
1989-11-16,29.91697701410458,1989
1989-11-17,30.21430282704594,1989
1989-11-18,30.156234902451846,1989
1989-11-19,30.317005521477377,1989
1989-11-20,30.900631244977607,1989
1989-11-21,29.881784347253415,1989
1989-11-22,29.135254660587243,1989
1989-11-23,30.251832881785052,1989
1989-11-24,30.124236711945223,1989
1989-11-25,31.069872526591972,1989
1989-11-26,30.05767989998861,1989
1989-11-27,30.10802661840477,1989
1989-11-28,30.762443095664885,1989
1989-11-29,29.888989830896328,1989
1989-11-30,29.584745929861228,1989
1989-12-01,29.377238766081035,1989
1989-12-02,29.299644564140166,1989
1989-12-03,28.59882185436945,1989
1989-12-04,29.254125176561352,1989
1989-12-05,30.450218882775985,1989
1989-12-06,30.757200260507272,1989
1989-12-07,29.520660589480507,1989
1989-12-08,29.866398564181562,1989
1989-12-09,29.900734954241926,1989
1989-12-10,28.176807175123944,1989
1989-12-11,28.313584708913346,1989
1989-12-12,28.418379200557013,1989
1989-12-13,28.678890445850783,1989
1989-12-14,28.936013068854685,1989
1989-12-15,29.061598792575744,1989
1989-12-16,28.209158832717186,1989
1989-12-17,29.023485201640845,1989
1989-12-18,28.665203313411936,1989
1989-12-19,29.169043722585116,1989
1989-12-20,28.10189148249488,1989
1989-12-21,28.943750744452682,1989
1989-12-22,29.521977534310253,1989
1989-12-23,29.25112581024421,1989
1989-12-24,30.06294732829404,1989
1989-12-25,30.5370652565558,1989
1989-12-26,30.338814874674675,1989
1989-12-27,30.462831520800712,1989
1989-12-28,29.490139055897156,1989
1989-12-29,29.605962510327746,1989
1989-12-30,29.021566140460294,1989
1989-12-31,28.06872067504254,1989
1990-01-01,28.906649877688217,1990
1990-01-02,29.212413075352416,1990
1990-01-03,29.42512057704006,1990
1990-01-04,30.537068412617117,1990
1990-01-05,31.244954929867642,1990
1990-01-06,31.276177419249464,1990
1990-01-07,31.508949209541026,1990
1990-01-08,31.658544144830365,1990
1990-01-09,32.61699458249106,1990
1990-01-10,33.10003731973521,1990
1990-01-11,31.176777671991275,1990
1990-01-12,30.718479378512768,1990
1990-01-13,31.704440775153856,1990
1990-01-14,30.750584128623295,1990
1990-01-15,30.89538012305569,1990
1990-01-16,29.875087121917165,1990
1990-01-17,30.29273458564852,1990
1990-01-18,30.86151401919347,1990
1990-01-19,31.51009293869066,1990
1990-01-20,30.96185731491296,1990
1990-01-21,31.124615337741414,1990
1990-01-22,30.741493641338153,1990
1990-01-23,30.81708020526753,1990
1990-01-24,31.367116391483833,1990
1990-01-25,31.453441645844148,1990
1990-01-26,30.081793818314996,1990
1990-01-27,31.24464884121239,1990
1990-01-28,30.38353481070152,1990
1990-01-29,30.59163299168507,1990
1990-01-30,29.94745366239019,1990
1990-01-31,28.889384335651286,1990
1990-02-01,30.386205036562636,1990
1990-02-02,31.02126648259045,1990
1990-02-03,31.365079270117874,1990
1990-02-04,30.82707055006116,1990
1990-02-05,31.01657041477409,1990
1990-02-06,31.388472406737762,1990
1990-02-07,29.48848945292245,1990
1990-02-08,30.866713330300705,1990
1990-02-09,31.42604677112402,1990
1990-02-10,32.06868332709899,1990
1990-02-11,31.81159728852938,1990
1990-02-12,31.65038256801351,1990
1990-02-13,31.81893991748428,1990
1990-02-14,32.62035451788477,1990
1990-02-15,32.518199364934425,1990
1990-02-16,32.93109487606728,1990
1990-02-17,33.166439270542014,1990
1990-02-18,32.12279684080396,1990
1990-02-19,32.476122991403145,1990
1990-02-20,33.15255006690023,1990
1990-02-21,33.09481207968753,1990
1990-02-22,32.93536022858041,1990
1990-02-23,32.160668524927864,1990
1990-02-24,32.72300507902641,1990
1990-02-25,33.043673973081724,1990
1990-02-26,33.08567630659881,1990
1990-02-27,32.36585488786171,1990
1990-02-28,31.484153487921407,1990
1990-03-01,31.915019112051976,1990
1990-03-02,33.52297439840865,1990
1990-03-03,32.14587654116654,1990
1990-03-04,32.722999319724416,1990
1990-03-05,33.30474098331394,1990
1990-03-06,33.125846375967555,1990
1990-03-07,34.11479457790989,1990
1990-03-08,34.657652908907885,1990
1990-03-09,34.027989277332615,1990
1990-03-10,32.35887466236684,1990
1990-03-11,33.30462434679477,1990
1990-03-12,34.31705350294299,1990
1990-03-13,32.98351249434863,1990
1990-03-14,33.2026947841944,1990
1990-03-15,33.658179269575214,1990
1990-03-16,32.51404583580559,1990
1990-03-17,32.24296547693322,1990
1990-03-18,32.06014478102904,1990
1990-03-19,32.08498068189992,1990
1990-03-20,32.331383517168554,1990
1990-03-21,32.19841866475311,1990
1990-03-22,33.56128284773475,1990
1990-03-23,33.840341062890694,1990
1990-03-24,32.75296719178319,1990
1990-03-25,31.862760325800394,1990
1990-03-26,32.79821595281146,1990
1990-03-27,32.288291026313615,1990
1990-03-28,32.8030018796377,1990
1990-03-29,32.518916374844196,1990
1990-03-30,32.568140570342365,1990
1990-03-31,33.549985103978905,1990
1990-04-01,33.06175867942022,1990
1990-04-02,33.002507562549866,1990
1990-04-03,32.236913223979855,1990
1990-04-04,34.65937080249242,1990
1990-04-05,33.6901230637411,1990
1990-04-06,31.00096013003394,1990
1990-04-07,30.3528991324877,1990
1990-04-08,32.12321209464823,1990
1990-04-09,32.431261955579814,1990
1990-04-10,31.176858844128994,1990
1990-04-11,33.82935225741681,1990
1990-04-12,34.17158419360995,1990
1990-04-13,34.919195181366064,1990
1990-04-14,34.726869144820284,1990
1990-04-15,34.144090909184165,1990
1990-04-16,33.01991233086811,1990
1990-04-17,32.519735031100836,1990
1990-04-18,33.21378465885522,1990
1990-04-19,33.75313124423265,1990
1990-04-20,32.5043227879537,1990
1990-04-21,31.67382161691021,1990
1990-04-22,32.834565201193435,1990
1990-04-23,30.89322376192118,1990
1990-04-24,31.4027740249608,1990
1990-04-25,31.633031244948093,1990
1990-04-26,30.88215945634628,1990
1990-04-27,32.52972661323091,1990
1990-04-28,32.044416838849855,1990
1990-04-29,33.59099943596105,1990
1990-04-30,32.88589791955693,1990
1990-05-01,32.21005935194995,1990
1990-05-02,31.783028197382833,1990
1990-05-03,31.765954835379866,1990
1990-05-04,31.18574778144407,1990
1990-05-05,33.56416722361472,1990
1990-05-06,34.139280830343125,1990
1990-05-07,32.353605124453935,1990
1990-05-08,33.422158995393595,1990
1990-05-09,32.652134685462535,1990
1990-05-10,32.45162869586444,1990
1990-05-11,31.580863108627597,1990
1990-05-12,31.27501324343491,1990
1990-05-13,31.49206126366116,1990
1990-05-14,32.06136114628333,1990
1990-05-15,32.32762934249935,1990
1990-05-16,31.35632496517016,1990
1990-05-17,31.35790686878521,1990
1990-05-18,30.71112783464082,1990
1990-05-19,30.554195085221842,1990
1990-05-20,31.677397246383876,1990
1990-05-21,31.522331256543794,1990
1990-05-22,32.03821578843078,1990
1990-05-23,31.488659517440563,1990
1990-05-24,31.56526505177394,1990
1990-05-25,30.44904989388616,1990
1990-05-26,30.24877438187347,1990
1990-05-27,30.986105030787662,1990
1990-05-28,30.169747675193385,1990
1990-05-29,29.94049033677083,1990
1990-05-30,30.723519952296062,1990
1990-05-31,32.136812633737755,1990
1990-06-01,32.467202194117846,1990
1990-06-02,31.745726474487366,1990
1990-06-03,32.52620789505583,1990
1990-06-04,32.356415832463426,1990
1990-06-05,33.19115744245859,1990
1990-06-06,32.165709775260815,1990
1990-06-07,32.26781495426571,1990
1990-06-08,31.715328081141195,1990
1990-06-09,30.590735983892795,1990
1990-06-10,29.68215508784319,1990
1990-06-11,29.763268596160522,1990
1990-06-12,29.620844457783605,1990
1990-06-13,29.67765894000757,1990
1990-06-14,29.529249637168594,1990
1990-06-15,29.939962601721398,1990
1990-06-16,28.937451041239623,1990
1990-06-17,28.6086621843126,1990
1990-06-18,29.35477007526861,1990
1990-06-19,28.612665672647672,1990
1990-06-20,28.44992071512571,1990
1990-06-21,28.238802710422938,1990
1990-06-22,29.31702270068545,1990
1990-06-23,28.130135078978768,1990
1990-06-24,26.563043260221175,1990
1990-06-25,28.183830434689813,1990
1990-06-26,28.365279955662484,1990
1990-06-27,29.226569317589004,1990
1990-06-28,29.667591247153123,1990
1990-06-29,29.48374223403255,1990
1990-06-30,29.133565819744696,1990
1990-07-01,28.33893500564215,1990
1990-07-02,28.34433181436977,1990
1990-07-03,29.482255829064336,1990
1990-07-04,29.97460916894081,1990
1990-07-05,30.357147526436528,1990
1990-07-06,30.1661091738275,1990
1990-07-07,29.441882738388173,1990
1990-07-08,28.501695075834725,1990
1990-07-09,28.53997865601505,1990
1990-07-10,28.110622619675148,1990
1990-07-11,28.498872014690722,1990
1990-07-12,28.737800333684717,1990
1990-07-13,29.444030524171517,1990
1990-07-14,28.899509118205128,1990
1990-07-15,29.76997406823559,1990
1990-07-16,29.381211796262548,1990
1990-07-17,28.062790226704863,1990
1990-07-18,27.131666903791025,1990
1990-07-19,29.87366329926489,1990
1990-07-20,29.714999269199666,1990
1990-07-21,29.373174266830834,1990
1990-07-22,28.376058665348936,1990
1990-07-23,28.74829213469819,1990
1990-07-24,28.95106240108468,1990
1990-07-25,28.930775295750614,1990
1990-07-26,29.4203583579947,1990
1990-07-27,28.97516297056848,1990
1990-07-28,27.77330650369342,1990
1990-07-29,27.975456446186065,1990
1990-07-30,29.81078988918508,1990
1990-07-31,29.800273819321454,1990
1990-08-01,28.681919514993716,1990
1990-08-02,28.14783216628838,1990
1990-08-03,29.088032688992527,1990
1990-08-04,28.264088717585466,1990
1990-08-05,28.810725000850297,1990
1990-08-06,26.884777796611854,1990
1990-08-07,27.518748985998453,1990
1990-08-08,27.220055017636994,1990
1990-08-09,27.742718298910624,1990
1990-08-10,27.786630390495933,1990
1990-08-11,28.00505013606888,1990
1990-08-12,27.696250316302663,1990
1990-08-13,27.831669991552232,1990
1990-08-14,29.42797006821879,1990
1990-08-15,29.38657411743619,1990
1990-08-16,29.18446439958912,1990
1990-08-17,28.823625346670426,1990
1990-08-18,28.33976084504708,1990
1990-08-19,27.58563826871839,1990
1990-08-20,29.633378753509053,1990
1990-08-21,29.785849431328757,1990
1990-08-22,29.050515978272863,1990
1990-08-23,28.041367949824078,1990
1990-08-24,27.44000336705394,1990
1990-08-25,28.43615409505285,1990
1990-08-26,28.604392293228464,1990
1990-08-27,29.601763755544837,1990
1990-08-28,29.499149492665772,1990
1990-08-29,29.563700565320115,1990
1990-08-30,29.306748766383873,1990
1990-08-31,28.557611482966564,1990
1990-09-01,29.598075525083544,1990
1990-09-02,29.402059592327205,1990
1990-09-03,29.367308089674086,1990
1990-09-04,29.314699462388578,1990
1990-09-05,30.110044901519437,1990
1990-09-06,29.829089303668113,1990
1990-09-07,30.006133436599495,1990
1990-09-08,30.625519273267308,1990
1990-09-09,30.144548768789363,1990
1990-09-10,30.266883718369993,1990
1990-09-11,29.75321122088527,1990
1990-09-12,30.052340315108648,1990
1990-09-13,29.50541034866276,1990
1990-09-14,29.928079293239108,1990
1990-09-15,30.558464973873765,1990
1990-09-16,30.856484473431372,1990
1990-09-17,30.774993054906233,1990
1990-09-18,30.923171453048976,1990
1990-09-19,30.215166720287463,1990
1990-09-20,29.657779729040058,1990
1990-09-21,30.150700733371032,1990
1990-09-22,30.74113718407351,1990
1990-09-23,30.793243130278555,1990
1990-09-24,30.960899055955423,1990
1990-09-25,30.33960405654947,1990
1990-09-26,30.57635609945211,1990
1990-09-27,30.06541284952712,1990
1990-09-28,30.357153341558693,1990
1990-09-29,29.826397178861185,1990
1990-09-30,30.57199216592932,1990
1990-10-01,30.726519706156832,1990
1990-10-02,30.665153726666148,1990
1990-10-03,30.28174512054536,1990
1990-10-04,30.08128525286682,1990
1990-10-05,29.612541987671126,1990
1990-10-06,30.681297986823534,1990
1990-10-07,32.081441542915755,1990
1990-10-08,32.52523634630899,1990
1990-10-09,31.458474760563387,1990
1990-10-10,33.21371140635723,1990
1990-10-11,31.699304480033717,1990
1990-10-12,32.1879465999323,1990
1990-10-13,31.698599500185598,1990
1990-10-14,32.250982349019,1990
1990-10-15,32.45962966550266,1990
1990-10-16,30.91758767457623,1990
1990-10-17,31.544981819076337,1990
1990-10-18,31.71543185527243,1990
1990-10-19,31.66452565909122,1990
1990-10-20,32.542870581632194,1990
1990-10-21,31.274038804582453,1990
1990-10-22,31.328492799516617,1990
1990-10-23,31.361192638586605,1990
1990-10-24,31.83260067880772,1990
1990-10-25,31.32088780526449,1990
1990-10-26,31.196541881124578,1990
1990-10-27,31.74399877117737,1990
1990-10-28,31.491305458211816,1990
1990-10-29,31.35934279108961,1990
1990-10-30,32.099308539293105,1990
1990-10-31,32.78483960981726,1990
1990-11-01,31.147555706830918,1990
1990-11-02,31.30109552698341,1990
1990-11-03,32.028023410007606,1990
1990-11-04,31.524283646111662,1990
1990-11-05,30.708543684199636,1990
1990-11-06,32.257456670359346,1990
1990-11-07,31.774573900999386,1990
1990-11-08,32.17473954860921,1990
1990-11-09,32.680145124767805,1990
1990-11-10,31.701914011085588,1990
1990-11-11,32.55255436994166,1990
1990-11-12,32.035286092654715,1990
1990-11-13,32.241065830497526,1990
1990-11-14,32.08103942137527,1990
1990-11-15,30.28116870466601,1990
1990-11-16,31.292324447656405,1990
1990-11-17,31.072957723082467,1990
1990-11-18,30.96520018020447,1990
1990-11-19,30.577389303163578,1990
1990-11-20,31.197127790877907,1990
1990-11-21,31.207357375893803,1990
1990-11-22,31.962254270159747,1990
1990-11-23,31.79690411896047,1990
1990-11-24,30.831449007051376,1990
1990-11-25,31.187446136552094,1990
1990-11-26,29.775281018216592,1990
1990-11-27,30.71306442986006,1990
1990-11-28,30.74168194726461,1990
1990-11-29,30.33337517676235,1990
1990-11-30,30.45234589504192,1990
1990-12-01,28.82024999218697,1990
1990-12-02,29.810054502045823,1990
1990-12-03,29.04532884953275,1990
1990-12-04,31.40335723306849,1990
1990-12-05,30.33941663541382,1990
1990-12-06,32.24210936154193,1990
1990-12-07,32.037089950788555,1990
1990-12-08,31.51492755982693,1990
1990-12-09,30.829126663380645,1990
1990-12-10,29.067998292604557,1990
1990-12-11,29.299867685135915,1990
1990-12-12,29.45597961745356,1990
1990-12-13,30.24267538654016,1990
1990-12-14,30.723090673332486,1990
1990-12-15,30.694987858681603,1990
1990-12-16,31.714217886605905,1990
1990-12-17,31.1823873400783,1990
1990-12-18,29.075865540517732,1990
1990-12-19,30.25725415779823,1990
1990-12-20,31.5921628591594,1990
1990-12-21,30.98325357733488,1990
1990-12-22,30.59112181854941,1990
1990-12-23,30.536126335128834,1990
1990-12-24,30.6865372775182,1990
1990-12-25,30.050519914319285,1990
1990-12-26,30.257306674602113,1990
1990-12-27,29.776449866604736,1990
1990-12-28,28.85959721548728,1990
1990-12-29,30.08744927824154,1990
1990-12-30,30.800482131037853,1990
1990-12-31,30.638588231037794,1990
1991-01-01,31.611186597258527,1991
1991-01-02,30.657355766768365,1991
1991-01-03,31.507560864846123,1991
1991-01-04,31.55290407576706,1991
1991-01-05,31.64807452768726,1991
1991-01-06,31.63925094086716,1991
1991-01-07,30.77473774945678,1991
1991-01-08,31.45732382602305,1991
1991-01-09,31.314112286075154,1991
1991-01-10,30.45664466643504,1991
1991-01-11,30.201971238310648,1991
1991-01-12,30.71301989970309,1991
1991-01-13,30.938209436309727,1991
1991-01-14,31.245778217315255,1991
1991-01-15,31.596844081141374,1991
1991-01-16,31.677640469039577,1991
1991-01-17,31.25806850186288,1991
1991-01-18,29.839586954663815,1991
1991-01-19,30.92700043458275,1991
1991-01-20,31.848594538794092,1991
1991-01-21,32.661374967554366,1991
1991-01-22,31.60070035590068,1991
1991-01-23,30.35855410849495,1991
1991-01-24,31.30776394501823,1991
1991-01-25,31.37761346138135,1991
1991-01-26,31.83607937476988,1991
1991-01-27,31.962954027813236,1991
1991-01-28,30.719400079892377,1991
1991-01-29,30.974969349891403,1991
1991-01-30,32.27903343049701,1991
1991-01-31,32.42309282364017,1991
1991-02-01,31.380089356312087,1991
1991-02-02,31.537755843074788,1991
1991-02-03,31.721669534120966,1991
1991-02-04,31.718489981287306,1991
1991-02-05,31.935169548639813,1991
1991-02-06,31.8193558784888,1991
1991-02-07,33.283076494357815,1991
1991-02-08,33.36519225274555,1991
1991-02-09,33.845429504555725,1991
1991-02-10,32.85019648760648,1991
1991-02-11,33.169966934275116,1991
1991-02-12,32.38029238824911,1991
1991-02-13,32.910744754582346,1991
1991-02-14,33.31170476251613,1991
1991-02-15,33.57335692569508,1991
1991-02-16,32.36380303723077,1991
1991-02-17,32.453742287934475,1991
1991-02-18,32.471718191130606,1991
1991-02-19,34.06204265881477,1991
1991-02-20,34.168227636644225,1991
1991-02-21,35.49914969457455,1991
1991-02-22,33.88704030611969,1991
1991-02-23,34.98597164524081,1991
1991-02-24,35.12537849560702,1991
1991-02-25,34.427873598422416,1991
1991-02-26,33.768357666452324,1991
1991-02-27,34.555345684797224,1991
1991-02-28,32.1905058328437,1991
1991-03-01,34.11066817075617,1991
1991-03-02,34.99545346278256,1991
1991-03-03,34.38771896105325,1991
1991-03-04,33.867871597090556,1991
1991-03-05,33.07295627009285,1991
1991-03-06,32.65144108171993,1991
1991-03-07,32.78703689195253,1991
1991-03-08,33.57936674127192,1991
1991-03-09,34.14628549524377,1991
1991-03-10,33.75955521799607,1991
1991-03-11,32.93786452402021,1991
1991-03-12,33.71911835937371,1991
1991-03-13,33.60585605914314,1991
1991-03-14,33.725370397999754,1991
1991-03-15,34.37578799933896,1991
1991-03-16,34.246689493939336,1991
1991-03-17,33.86356235944321,1991
1991-03-18,34.80308123926174,1991
1991-03-19,34.47263156413569,1991
1991-03-20,33.12922564113042,1991
1991-03-21,33.05696809353052,1991
1991-03-22,32.67518502003031,1991
1991-03-23,31.731710053683816,1991
1991-03-24,33.9988905502062,1991
1991-03-25,32.376737645329975,1991
1991-03-26,33.235499839816384,1991
1991-03-27,33.1830059129017,1991
1991-03-28,33.30917098063445,1991
1991-03-29,32.67620919571664,1991
1991-03-30,32.88318010578788,1991
1991-03-31,33.5610880183694,1991
1991-04-01,32.96937773961991,1991
1991-04-02,32.36192264853124,1991
1991-04-03,33.47390617370263,1991
1991-04-04,34.06682650665732,1991
1991-04-05,34.756739802921025,1991
1991-04-06,33.89408918524601,1991
1991-04-07,33.60838559704789,1991
1991-04-08,33.246445537173656,1991
1991-04-09,34.05946324848067,1991
1991-04-10,34.32323181205192,1991
1991-04-11,32.44458816465464,1991
1991-04-12,32.58382353517729,1991
1991-04-13,33.228018291599376,1991
1991-04-14,33.88927709031162,1991
1991-04-15,35.0747983381911,1991
1991-04-16,34.26940125354085,1991
1991-04-17,34.034713577875785,1991
1991-04-18,34.36091890775028,1991
1991-04-19,34.02590248485094,1991
1991-04-20,33.531298580965604,1991
1991-04-21,33.00870866941341,1991
1991-04-22,33.10907075390642,1991
1991-04-23,33.193915532864466,1991
1991-04-24,32.85599436632634,1991
1991-04-25,33.31551938296795,1991
1991-04-26,32.59311168672315,1991
1991-04-27,33.88951904166937,1991
1991-04-28,33.14118444414971,1991
1991-04-29,33.26825051016876,1991
1991-04-30,32.570299075792676,1991
1991-05-01,32.8040937836338,1991
1991-05-02,32.93815433817625,1991
1991-05-03,32.17889874889103,1991
1991-05-04,33.14671042133022,1991
1991-05-05,33.347591840826176,1991
1991-05-06,32.879515876361324,1991
1991-05-07,32.78082525624592,1991
1991-05-08,32.830809796347516,1991
1991-05-09,32.740935629673416,1991
1991-05-10,32.01359958402261,1991
1991-05-11,32.14259136003757,1991
1991-05-12,31.743683267085892,1991
1991-05-13,31.74072837123647,1991
1991-05-14,32.62624601834405,1991
1991-05-15,33.090991227250186,1991
1991-05-16,32.670370919342524,1991
1991-05-17,32.042807813804195,1991
1991-05-18,32.95355554961593,1991
1991-05-19,31.90162957253744,1991
1991-05-20,32.304316116888,1991
1991-05-21,32.81252116019981,1991
1991-05-22,32.43725435444029,1991
1991-05-23,32.64045004016418,1991
1991-05-24,31.86613532170518,1991
1991-05-25,32.40920497713756,1991
1991-05-26,32.1663277014773,1991
1991-05-27,31.258663611449066,1991
1991-05-28,31.227895000790674,1991
1991-05-29,31.969072153949504,1991
1991-05-30,31.39203382770971,1991
1991-05-31,29.801773773746213,1991
1991-06-01,30.410488741691452,1991
1991-06-02,30.272059969371895,1991
1991-06-03,30.200570494340095,1991
1991-06-04,29.694353287199995,1991
1991-06-05,31.45849046529179,1991
1991-06-06,32.13325545414221,1991
1991-06-07,31.903668059790867,1991
1991-06-08,31.336674018688083,1991
1991-06-09,30.272970761232298,1991
1991-06-10,30.51532558087277,1991
1991-06-11,29.451661727904188,1991
1991-06-12,28.592819927397073,1991
1991-06-13,30.133401196491466,1991
1991-06-14,29.197481612413217,1991
1991-06-15,28.03639038999777,1991
1991-06-16,28.61376239903713,1991
1991-06-17,29.57855500897108,1991
1991-06-18,30.337798185978215,1991
1991-06-19,29.618654781443837,1991
1991-06-20,29.916565291964943,1991
1991-06-21,28.740597142144903,1991
1991-06-22,28.359776511732314,1991
1991-06-23,28.447343847388435,1991
1991-06-24,28.16412696033769,1991
1991-06-25,28.707575717324254,1991
1991-06-26,28.736282728280553,1991
1991-06-27,27.96370143054539,1991
1991-06-28,28.424780343952072,1991
1991-06-29,28.049181033220556,1991
1991-06-30,28.71976619869686,1991
1991-07-01,28.52877534416945,1991
1991-07-02,28.336174557538218,1991
1991-07-03,27.9632722027409,1991
1991-07-04,27.476429740830955,1991
1991-07-05,28.403298824364498,1991
1991-07-06,27.898566074566325,1991
1991-07-07,27.9067765374066,1991
1991-07-08,27.95785002859857,1991
1991-07-09,28.036428949831564,1991
1991-07-10,28.59282832956492,1991
1991-07-11,29.610030012287787,1991
1991-07-12,27.696376639617334,1991
1991-07-13,28.09546095719509,1991
1991-07-14,27.941122743164883,1991
1991-07-15,28.362403053282055,1991
1991-07-16,29.200963568626157,1991
1991-07-17,29.009966774937777,1991
1991-07-18,29.31080389701315,1991
1991-07-19,28.07457856526701,1991
1991-07-20,28.289015438885627,1991
1991-07-21,29.0029502623296,1991
1991-07-22,27.739899454391697,1991
1991-07-23,27.207807611591484,1991
1991-07-24,28.40052935024297,1991
1991-07-25,28.002702004168256,1991
1991-07-26,27.823375901755757,1991
1991-07-27,28.307688022047543,1991
1991-07-28,28.617431851441943,1991
1991-07-29,27.904619717927577,1991
1991-07-30,27.38697094747514,1991
1991-07-31,29.341483746991287,1991
1991-08-01,29.497330300848578,1991
1991-08-02,28.35247620568383,1991
1991-08-03,28.39824068326198,1991
1991-08-04,28.59452798579953,1991
1991-08-05,28.78179922229076,1991
1991-08-06,28.496045877710987,1991
1991-08-07,29.086152163785147,1991
1991-08-08,28.813045199508437,1991
1991-08-09,29.500439534592353,1991
1991-08-10,29.394011064649437,1991
1991-08-11,29.06359212563556,1991
1991-08-12,27.916612340616254,1991
1991-08-13,29.209975943936243,1991
1991-08-14,29.694674317789968,1991
1991-08-15,29.910990972422383,1991
1991-08-16,29.863861396959372,1991
1991-08-17,29.585450785799033,1991
1991-08-18,29.828899841209978,1991
1991-08-19,30.04918319297783,1991
1991-08-20,29.625764858772552,1991
1991-08-21,28.892692466871356,1991
1991-08-22,28.187698943984945,1991
1991-08-23,27.781710742471887,1991
1991-08-24,27.377964111910668,1991
1991-08-25,28.59463644553599,1991
1991-08-26,28.947510698897574,1991
1991-08-27,29.0973231173694,1991
1991-08-28,29.207180528115067,1991
1991-08-29,29.509977495924005,1991
1991-08-30,28.159005257303676,1991
1991-08-31,27.21275597838743,1991
1991-09-01,27.514850166210742,1991
1991-09-02,28.103738261695632,1991
1991-09-03,29.323471160796885,1991
1991-09-04,29.811357057731858,1991
1991-09-05,30.001657190331684,1991
1991-09-06,29.826958990952768,1991
1991-09-07,29.54084727324926,1991
1991-09-08,29.76119368570446,1991
1991-09-09,29.448493164800205,1991
1991-09-10,29.351056972897013,1991
1991-09-11,29.040132467713278,1991
1991-09-12,29.293867502211384,1991
1991-09-13,29.814977606847687,1991
1991-09-14,29.684786436528213,1991
1991-09-15,29.930184132768222,1991
1991-09-16,29.94124013361771,1991
1991-09-17,29.737286582130828,1991
1991-09-18,30.098470904161722,1991
1991-09-19,30.09693349977336,1991
1991-09-20,30.06066922615096,1991
1991-09-21,29.2831571711681,1991
1991-09-22,29.61504807199963,1991
1991-09-23,30.032933434475247,1991
1991-09-24,29.718660782753904,1991
1991-09-25,29.30370076838353,1991
1991-09-26,30.096774625421,1991
1991-09-27,29.752751016026856,1991
1991-09-28,29.053296586843384,1991
1991-09-29,30.233256082808964,1991
1991-09-30,30.112229572832298,1991
1991-10-01,29.343222406489563,1991
1991-10-02,29.757700028194698,1991
1991-10-03,29.937576084545217,1991
1991-10-04,29.207802162447695,1991
1991-10-05,29.053134214097515,1991
1991-10-06,29.13365324020387,1991
1991-10-07,29.03235738447009,1991
1991-10-08,27.863239838915277,1991
1991-10-09,27.914743371641933,1991
1991-10-10,28.90935698315063,1991
1991-10-11,28.996462187043136,1991
1991-10-12,29.337202565048866,1991
1991-10-13,29.6812622359882,1991
1991-10-14,28.495384278098182,1991
1991-10-15,28.78089269438121,1991
1991-10-16,28.994546191237035,1991
1991-10-17,28.917364839801536,1991
1991-10-18,27.970410350608113,1991
1991-10-19,28.677505645810193,1991
1991-10-20,28.897360467864566,1991
1991-10-21,29.451649295102662,1991
1991-10-22,28.561208557743043,1991
1991-10-23,28.980225403082233,1991
1991-10-24,29.557739130141652,1991
1991-10-25,27.88539000657339,1991
1991-10-26,29.439442866346717,1991
1991-10-27,29.26676588021931,1991
1991-10-28,29.00969222994793,1991
1991-10-29,28.44900027709876,1991
1991-10-30,28.820489043874346,1991
1991-10-31,29.61141703035711,1991
1991-11-01,28.470921097594186,1991
1991-11-02,29.8710715521002,1991
1991-11-03,29.622281354568024,1991
1991-11-04,29.12293591479419,1991
1991-11-05,29.205614122660847,1991
1991-11-06,28.97449077540244,1991
1991-11-07,27.8284187848529,1991
1991-11-08,26.37060289268757,1991
1991-11-09,27.866627623417745,1991
1991-11-10,30.668133692899932,1991
1991-11-11,30.273375624371507,1991
1991-11-12,30.986915889774153,1991
1991-11-13,31.069196054473334,1991
1991-11-14,30.413326427053732,1991
1991-11-15,30.400048087501,1991
1991-11-16,30.22835698970629,1991
1991-11-17,30.99965629203006,1991
1991-11-18,30.658597745025844,1991
1991-11-19,28.089913818046405,1991
1991-11-20,28.84675427897379,1991
1991-11-21,29.067759347161214,1991
1991-11-22,27.746201687194915,1991
1991-11-23,28.729931783554346,1991
1991-11-24,28.995383845637694,1991
1991-11-25,29.64994393714659,1991
1991-11-26,29.44782575848292,1991
1991-11-27,28.43823722581953,1991
1991-11-28,28.107405879525572,1991
1991-11-29,28.311933505100875,1991
1991-11-30,27.378803235388016,1991
1991-12-01,28.447767786971777,1991
1991-12-02,29.80538818559372,1991
1991-12-03,30.956931739798538,1991
1991-12-04,30.681139572928394,1991
1991-12-05,30.992948783056104,1991
1991-12-06,30.579773672494454,1991
1991-12-07,29.607671995246257,1991
1991-12-08,29.10790926093016,1991
1991-12-09,29.878563455912452,1991
1991-12-10,29.593781904701594,1991
1991-12-11,30.355722931352112,1991
1991-12-12,29.076132614872193,1991
1991-12-13,28.374925013229443,1991
1991-12-14,27.427624287511733,1991
1991-12-15,27.67936598693158,1991
1991-12-16,28.497041977503294,1991
1991-12-17,28.67252284120547,1991
1991-12-18,28.94604096035132,1991
1991-12-19,29.540158191958383,1991
1991-12-20,29.758993040255678,1991
1991-12-21,30.01607684748452,1991
1991-12-22,30.912526110782327,1991
1991-12-23,31.044373770681126,1991
1991-12-24,30.64025965181976,1991
1991-12-25,30.438721379200963,1991
1991-12-26,29.566079856753333,1991
1991-12-27,30.307662489351564,1991
1991-12-28,29.341079737602122,1991
1991-12-29,29.533603410503105,1991
1991-12-30,31.3766695580042,1991
1991-12-31,31.576585148802213,1991
1992-01-01,30.99089351676023,1992
1992-01-02,31.030593346860513,1992
1992-01-03,30.50478421646435,1992
1992-01-04,29.354827243864737,1992
1992-01-05,28.917627765914773,1992
1992-01-06,28.057037851570094,1992
1992-01-07,29.375653211561136,1992
1992-01-08,28.38311167170187,1992
1992-01-09,31.298418892542312,1992
1992-01-10,31.249395126385274,1992
1992-01-11,29.062529629871857,1992
1992-01-12,29.419318141420298,1992
1992-01-13,28.722431808315072,1992
1992-01-14,29.602803755747864,1992
1992-01-15,30.42591066451154,1992
1992-01-16,30.02016763914537,1992
1992-01-17,28.37584153858002,1992
1992-01-18,29.27838233184808,1992
1992-01-19,30.312555296155903,1992
1992-01-20,31.00927245827531,1992
1992-01-21,29.874157440796775,1992
1992-01-22,29.669449928562358,1992
1992-01-23,30.2276732959612,1992
1992-01-24,29.704028914582757,1992
1992-01-25,30.57990974314307,1992
1992-01-26,30.268483022505382,1992
1992-01-27,30.276678510177547,1992
1992-01-28,30.518113432625775,1992
1992-01-29,29.685320166435694,1992
1992-01-30,30.137989892340055,1992
1992-01-31,30.93183305530697,1992
1992-02-01,30.711880218897587,1992
1992-02-02,29.97665396740831,1992
1992-02-03,31.09595466198754,1992
1992-02-04,31.356078221775824,1992
1992-02-05,30.90818683810535,1992
1992-02-06,31.77419369008985,1992
1992-02-07,32.69116031564279,1992
1992-02-08,32.38847877210691,1992
1992-02-09,32.02330537720884,1992
1992-02-10,31.827713105698752,1992
1992-02-11,31.805299986066245,1992
1992-02-12,30.777402292662124,1992
1992-02-13,30.881682761226255,1992
1992-02-14,31.689072582103186,1992
1992-02-15,31.31766572228032,1992
1992-02-16,31.912443355552224,1992
1992-02-17,31.311445684711295,1992
1992-02-18,31.29978646814302,1992
1992-02-19,30.726153412221063,1992
1992-02-20,31.168035251311537,1992
1992-02-21,32.65793219373334,1992
1992-02-22,31.92378939087253,1992
1992-02-23,31.741786306883395,1992
1992-02-24,30.8979230473109,1992
1992-02-25,33.467133963853264,1992
1992-02-26,33.558342885597504,1992
1992-02-27,32.10158290461952,1992
1992-02-28,32.02834610698421,1992
1992-02-29,32.31919198838986,1992
1992-03-01,31.818414134795287,1992
1992-03-02,32.57662024062549,1992
1992-03-03,32.36721192563647,1992
1992-03-04,32.972510112411356,1992
1992-03-05,33.0603207435338,1992
1992-03-06,33.82401258304563,1992
1992-03-07,31.72334979353319,1992
1992-03-08,32.421654322543006,1992
1992-03-09,32.06497922997297,1992
1992-03-10,32.840216180051755,1992
1992-03-11,33.66464806306012,1992
1992-03-12,32.6084200109956,1992
1992-03-13,32.89323275577513,1992
1992-03-14,32.81428879536962,1992
1992-03-15,32.21969482766848,1992
1992-03-16,33.49627760775437,1992
1992-03-17,31.842748933458648,1992
1992-03-18,31.10992080393286,1992
1992-03-19,33.09524164372351,1992
1992-03-20,32.805554491148776,1992
1992-03-21,32.97270098280707,1992
1992-03-22,33.34962186473947,1992
1992-03-23,32.56589634858645,1992
1992-03-24,32.87408300263305,1992
1992-03-25,32.79020865759135,1992
1992-03-26,32.32251328615315,1992
1992-03-27,32.259261265354915,1992
1992-03-28,32.45425578809857,1992
1992-03-29,31.7355961080504,1992
1992-03-30,32.880702543320844,1992
1992-03-31,32.527315818613594,1992
1992-04-01,31.69686078181767,1992
1992-04-02,31.8947186030785,1992
1992-04-03,32.85876259678671,1992
1992-04-04,32.541148088015795,1992
1992-04-05,33.55599584796714,1992
1992-04-06,33.577171613781246,1992
1992-04-07,32.73144623240845,1992
1992-04-08,31.829771343138432,1992
1992-04-09,31.261954054445454,1992
1992-04-10,31.844953263297818,1992
1992-04-11,32.408939796368465,1992
1992-04-12,32.536130145556456,1992
1992-04-13,32.722379379511594,1992
1992-04-14,32.16551051762325,1992
1992-04-15,31.185792964303864,1992
1992-04-16,29.452851667582024,1992
1992-04-17,29.422221612738316,1992
1992-04-18,29.994403555234655,1992
1992-04-19,30.065284318905285,1992
1992-04-20,29.883845622517082,1992
1992-04-21,30.070818408517777,1992
1992-04-22,30.130585899657593,1992
1992-04-23,30.239170281271146,1992
1992-04-24,30.174054150739252,1992
1992-04-25,30.158846359158108,1992
1992-04-26,30.040415755514715,1992
1992-04-27,30.33079872751111,1992
1992-04-28,30.32874710389026,1992
1992-04-29,30.724908822256925,1992
1992-04-30,31.67089790764638,1992
1992-05-01,30.768866736932754,1992
1992-05-02,31.65438958966398,1992
1992-05-03,31.693022524138975,1992
1992-05-04,32.02671769258091,1992
1992-05-05,32.48429801066018,1992
1992-05-06,32.2526598336712,1992
1992-05-07,31.788837549660713,1992
1992-05-08,30.973533061223574,1992
1992-05-09,31.284561204483015,1992
1992-05-10,31.03739398099442,1992
1992-05-11,30.82350768633688,1992
1992-05-12,31.615609504258025,1992
1992-05-13,32.16220736669069,1992
1992-05-14,32.98451183408771,1992
1992-05-15,32.436051660349044,1992
1992-05-16,32.0729666112533,1992
1992-05-17,30.012354559321334,1992
1992-05-18,30.42740915282917,1992
1992-05-19,30.687660137879107,1992
1992-05-20,31.69637131025022,1992
1992-05-21,31.56841203017978,1992
1992-05-22,30.850760692701613,1992
1992-05-23,29.808316895959905,1992
1992-05-24,29.27098943630594,1992
1992-05-25,28.628108499307604,1992
1992-05-26,29.521909699128706,1992
1992-05-27,29.579763407042762,1992
1992-05-28,30.50769140088362,1992
1992-05-29,30.543036516801525,1992
1992-05-30,29.246271348187587,1992
1992-05-31,28.762679466388427,1992
1992-06-01,29.022218859183223,1992
1992-06-02,29.12493552987673,1992
1992-06-03,28.64349142719962,1992
1992-06-04,28.598898981132077,1992
1992-06-05,28.573494941677325,1992
1992-06-06,28.48721318324731,1992
1992-06-07,29.15042439813123,1992
1992-06-08,28.302613494538242,1992
1992-06-09,28.603318054957548,1992
1992-06-10,28.054585952446036,1992
1992-06-11,27.79014420090579,1992
1992-06-12,27.454448861850466,1992
1992-06-13,28.210260889322587,1992
1992-06-14,28.05640411069306,1992
1992-06-15,28.290467003561666,1992
1992-06-16,29.25335700259846,1992
1992-06-17,29.17943685216204,1992
1992-06-18,29.69284021189509,1992
1992-06-19,29.075238874795694,1992
1992-06-20,29.196755386895873,1992
1992-06-21,29.84511503821152,1992
1992-06-22,29.520429088090214,1992
1992-06-23,29.303347315270557,1992
1992-06-24,29.080758191209465,1992
1992-06-25,27.96279345754952,1992
1992-06-26,27.647945271031812,1992
1992-06-27,28.112585860774736,1992
1992-06-28,27.97813224547737,1992
1992-06-29,27.935818198685453,1992
1992-06-30,27.50470855151554,1992
1992-07-01,26.892983585142428,1992
1992-07-02,26.905078508457553,1992
1992-07-03,27.836326820816737,1992
1992-07-04,27.45920442336006,1992
1992-07-05,28.03998342845391,1992
1992-07-06,27.706386991280787,1992
1992-07-07,27.68460354040301,1992
1992-07-08,26.878502388373366,1992
1992-07-09,27.56034163338698,1992
1992-07-10,27.860471323215563,1992
1992-07-11,26.70002728501955,1992
1992-07-12,27.53307307100419,1992
1992-07-13,27.04019161941332,1992
1992-07-14,26.99636713552747,1992
1992-07-15,28.18089760865089,1992
1992-07-16,27.94901078589097,1992
1992-07-17,28.34982188923072,1992
1992-07-18,27.17680275162291,1992
1992-07-19,27.416294757031178,1992
1992-07-20,27.628775833886095,1992
1992-07-21,27.175826407963825,1992
1992-07-22,26.253966456132947,1992
1992-07-23,26.774821650069917,1992
1992-07-24,27.077500313071905,1992
1992-07-25,26.661250532246726,1992
1992-07-26,25.488976372864776,1992
1992-07-27,25.247338870834877,1992
1992-07-28,25.799769310225795,1992
1992-07-29,25.838037181254812,1992
1992-07-30,25.800553871069877,1992
1992-07-31,27.39821058113498,1992
1992-08-01,26.297830773885508,1992
1992-08-02,25.691831151962845,1992
1992-08-03,25.783199135690893,1992
1992-08-04,27.578093669230096,1992
1992-08-05,25.83302027694795,1992
1992-08-06,26.104996768799925,1992
1992-08-07,25.81305429115227,1992
1992-08-08,26.53080520657042,1992
1992-08-09,25.857251250710217,1992
1992-08-10,25.935788521443914,1992
1992-08-11,26.38472249401714,1992
1992-08-12,27.4138802130063,1992
1992-08-13,26.66793316240667,1992
1992-08-14,26.236795353521437,1992
1992-08-15,26.48480697808589,1992
1992-08-16,27.793481558481787,1992
1992-08-17,27.208349962930207,1992
1992-08-18,26.64020415425152,1992
1992-08-19,27.0291297904741,1992
1992-08-20,28.06698393684883,1992
1992-08-21,25.865138867181894,1992
1992-08-22,27.236723769958793,1992
1992-08-23,28.24526278924349,1992
1992-08-24,28.88131920214481,1992
1992-08-25,27.85286552366332,1992
1992-08-26,28.682220857602175,1992
1992-08-27,28.68551855653113,1992
1992-08-28,29.53253226144752,1992
1992-08-29,29.401448288585417,1992
1992-08-30,29.573965905509137,1992
1992-08-31,28.992417505514673,1992
1992-09-01,28.8140506029682,1992
1992-09-02,28.324418623326757,1992
1992-09-03,27.91078086853402,1992
1992-09-04,27.674956591680566,1992
1992-09-05,27.84178277546902,1992
1992-09-06,28.645342042701092,1992
1992-09-07,28.82557598019878,1992
1992-09-08,28.118853688650947,1992
1992-09-09,27.929838302733017,1992
1992-09-10,27.945726181262728,1992
1992-09-11,29.195627945139954,1992
1992-09-12,28.686831228433853,1992
1992-09-13,28.662817938888928,1992
1992-09-14,28.899399717086254,1992
1992-09-15,28.79217134684864,1992
1992-09-16,28.740621261345282,1992
1992-09-17,28.826443340977747,1992
1992-09-18,28.882203080394696,1992
1992-09-19,28.875551799419092,1992
1992-09-20,28.46338146899589,1992
1992-09-21,28.568289151710346,1992
1992-09-22,28.174010380434233,1992
1992-09-23,29.133044536581956,1992
1992-09-24,29.51560724473609,1992
1992-09-25,30.01430641833604,1992
1992-09-26,29.44072737908519,1992
1992-09-27,29.915982218156806,1992
1992-09-28,29.366754443990192,1992
1992-09-29,29.524654479843747,1992
1992-09-30,29.846634866566724,1992
1992-10-01,29.502024768618167,1992
1992-10-02,28.31533135062688,1992
1992-10-03,29.37595552321498,1992
1992-10-04,29.42470718957535,1992
1992-10-05,28.931462423347412,1992
1992-10-06,29.04521422198639,1992
1992-10-07,29.963988100481455,1992
1992-10-08,30.33479817523374,1992
1992-10-09,30.937673354549336,1992
1992-10-10,32.07109237095253,1992
1992-10-11,32.398606225569324,1992
1992-10-12,31.965651414972495,1992
1992-10-13,31.629113982966704,1992
1992-10-14,30.365401324309623,1992
1992-10-15,30.06239428135388,1992
1992-10-16,31.409031830092168,1992
1992-10-17,31.038763122046845,1992
1992-10-18,31.609635977757968,1992
1992-10-19,31.47254924519335,1992
1992-10-20,31.594748605544677,1992
1992-10-21,31.927642822983124,1992
1992-10-22,31.201934018229565,1992
1992-10-23,31.881954730639094,1992
1992-10-24,31.046412820421473,1992
1992-10-25,31.20409496487929,1992
1992-10-26,30.163881390029648,1992
1992-10-27,32.38998616032525,1992
1992-10-28,30.115170332862085,1992
1992-10-29,31.66651355004498,1992
1992-10-30,30.611221926244696,1992
1992-10-31,31.26343151165605,1992
1992-11-01,30.957242912044347,1992
1992-11-02,30.737401922082118,1992
1992-11-03,31.537193549891423,1992
1992-11-04,31.125930697319568,1992
1992-11-05,31.09122891571128,1992
1992-11-06,31.727742645512677,1992
1992-11-07,28.872890830599342,1992
1992-11-08,27.449242053332206,1992
1992-11-09,29.371300379364328,1992
1992-11-10,30.399515741957252,1992
1992-11-11,29.595623781563834,1992
1992-11-12,30.229612472554976,1992
1992-11-13,30.938061666500015,1992
1992-11-14,30.01988112292187,1992
1992-11-15,29.173038697508126,1992
1992-11-16,29.79519940984562,1992
1992-11-17,27.053874824636416,1992
1992-11-18,26.888019593720667,1992
1992-11-19,26.74981676357769,1992
1992-11-20,29.047352657941495,1992
1992-11-21,29.981062306534533,1992
1992-11-22,30.719110466996362,1992
1992-11-23,29.904450990765977,1992
1992-11-24,30.079591138395227,1992
1992-11-25,30.095083256117608,1992
1992-11-26,28.833287166264757,1992
1992-11-27,29.443301217795955,1992
1992-11-28,29.88226182355077,1992
1992-11-29,29.481984890757932,1992
1992-11-30,30.879728262017238,1992
1992-12-01,30.128474809537234,1992
1992-12-02,29.821488570409294,1992
1992-12-03,30.152117338372186,1992
1992-12-04,30.447286340116694,1992
1992-12-05,29.81887217849917,1992
1992-12-06,28.02071983723974,1992
1992-12-07,28.58223424444621,1992
1992-12-08,29.55267950041553,1992
1992-12-09,29.77875171466121,1992
1992-12-10,29.568405264293574,1992
1992-12-11,29.936823351867755,1992
1992-12-12,28.319516235043434,1992
1992-12-13,29.708109048879486,1992
1992-12-14,29.61453508989244,1992
1992-12-15,28.406349519804536,1992
1992-12-16,28.896410573494624,1992
1992-12-17,28.96602865101076,1992
1992-12-18,30.755751573155912,1992
1992-12-19,29.310339371993177,1992
1992-12-20,30.08392356547623,1992
1992-12-21,30.01902671849072,1992
1992-12-22,29.68967684752598,1992
1992-12-23,29.88163375864093,1992
1992-12-24,27.767093353678952,1992
1992-12-25,27.769608920781877,1992
1992-12-26,28.737344118797907,1992
1992-12-27,29.3475096630806,1992
1992-12-28,28.97578252170262,1992
1992-12-29,29.959673854760773,1992
1992-12-30,29.982214560474247,1992
1992-12-31,29.28347281811992,1992
1993-01-01,28.84985830762661,1993
1993-01-02,29.718710657914887,1993
1993-01-03,30.193513204236908,1993
1993-01-04,30.25223395571765,1993
1993-01-05,30.09958510253828,1993
1993-01-06,29.799289718754565,1993
1993-01-07,29.83508513717736,1993
1993-01-08,29.744880330753634,1993
1993-01-09,30.7732802055858,1993
1993-01-10,30.62305289470752,1993
1993-01-11,29.51554146120453,1993
1993-01-12,30.42386163561007,1993
1993-01-13,29.82216837175933,1993
1993-01-14,29.670562820773924,1993
1993-01-15,28.212631236177188,1993
1993-01-16,28.558245334727083,1993
1993-01-17,28.366952080947147,1993
1993-01-18,29.36839412319364,1993
1993-01-19,29.875736342498648,1993
1993-01-20,29.91817621732463,1993
1993-01-21,29.80265196604792,1993
1993-01-22,30.731461410048286,1993
1993-01-23,28.929538988972016,1993
1993-01-24,29.772673315265383,1993
1993-01-25,30.42214579578919,1993
1993-01-26,30.81848861604263,1993
1993-01-27,30.690677821815765,1993
1993-01-28,31.045441766025256,1993
1993-01-29,31.480558056791992,1993
1993-01-30,30.93307623356314,1993
1993-01-31,30.783358856217287,1993
1993-02-01,30.655441858801595,1993
1993-02-02,30.157747187024867,1993
1993-02-03,30.610725719489096,1993
1993-02-04,31.449895189009997,1993
1993-02-05,31.162012490391398,1993
1993-02-06,31.513769035991047,1993
1993-02-07,31.673700942694882,1993
1993-02-08,30.66175711011571,1993
1993-02-09,32.02978090903208,1993
1993-02-10,30.663553233313618,1993
1993-02-11,31.419184325171916,1993
1993-02-12,32.46744402860383,1993
1993-02-13,32.54019711945553,1993
1993-02-14,32.13613620183103,1993
1993-02-15,32.83350972524403,1993
1993-02-16,33.63816617479697,1993
1993-02-17,32.06628987173869,1993
1993-02-18,32.23270543038069,1993
1993-02-19,31.367960878913422,1993
1993-02-20,32.86181371391987,1993
1993-02-21,33.264892848907785,1993
1993-02-22,32.42575239374203,1993
1993-02-23,32.173666108657194,1993
1993-02-24,31.374668860245485,1993
1993-02-25,32.93994082660374,1993
1993-02-26,31.564109942367097,1993
1993-02-27,33.34343403725899,1993
1993-02-28,33.281394530194675,1993
1993-03-01,32.287734780551304,1993
1993-03-02,32.27561062525852,1993
1993-03-03,33.605960693191655,1993
1993-03-04,34.28088913927612,1993
1993-03-05,34.20124890404139,1993
1993-03-06,32.66760313987746,1993
1993-03-07,31.34590317368219,1993
1993-03-08,32.048988305911294,1993
1993-03-09,33.41568469605231,1993
1993-03-10,33.20129478592488,1993
1993-03-11,33.16295081650243,1993
1993-03-12,33.977640517211086,1993
1993-03-13,33.59742549849982,1993
1993-03-14,33.61336502225659,1993
1993-03-15,34.0445123187599,1993
1993-03-16,34.18737680813082,1993
1993-03-17,33.304531503020726,1993
1993-03-18,34.627139702300894,1993
1993-03-19,33.380586692637166,1993
1993-03-20,33.08381756585406,1993
1993-03-21,33.13418799717293,1993
1993-03-22,33.32887204581883,1993
1993-03-23,33.733255044211674,1993
1993-03-24,33.261729682068825,1993
1993-03-25,33.200069560103124,1993
1993-03-26,34.058474211971486,1993
1993-03-27,33.97908972855637,1993
1993-03-28,33.40814880662056,1993
1993-03-29,33.92346048590334,1993
1993-03-30,33.0214412824917,1993
1993-03-31,33.72334617636494,1993
1993-04-01,33.660493058129376,1993
1993-04-02,33.14699390661484,1993
1993-04-03,34.594582886066576,1993
1993-04-04,34.340501616378724,1993
1993-04-05,34.353407936851575,1993
1993-04-06,34.39823546292916,1993
1993-04-07,33.14230301751994,1993
1993-04-08,33.3112377917151,1993
1993-04-09,33.433227025867204,1993
1993-04-10,33.00629086853519,1993
1993-04-11,33.12153359016015,1993
1993-04-12,32.84881426116475,1993
1993-04-13,32.258604578977554,1993
1993-04-14,32.30219853413916,1993
1993-04-15,32.57296764314887,1993
1993-04-16,33.113122737329526,1993
1993-04-17,33.603637956700865,1993
1993-04-18,33.955907210647446,1993
1993-04-19,33.02503692077508,1993
1993-04-20,32.86891562046782,1993
1993-04-21,32.377723380688096,1993
1993-04-22,32.271620731496625,1993
1993-04-23,32.62190447470768,1993
1993-04-24,32.35195964802436,1993
1993-04-25,32.2087311751661,1993
1993-04-26,31.716238744032147,1993
1993-04-27,31.43039481900401,1993
1993-04-28,32.491038050376396,1993
1993-04-29,31.150558389940787,1993
1993-04-30,30.667685433351934,1993
1993-05-01,31.732460374047285,1993
1993-05-02,32.199419679755934,1993
1993-05-03,32.999148052006326,1993
1993-05-04,33.24016184087193,1993
1993-05-05,33.044606961804256,1993
1993-05-06,32.5137506480835,1993
1993-05-07,32.94807314599049,1993
1993-05-08,32.92258831850896,1993
1993-05-09,32.25636031728935,1993
1993-05-10,32.46487086080484,1993
1993-05-11,32.085826364498494,1993
1993-05-12,31.958983798666882,1993
1993-05-13,30.731758645885343,1993
1993-05-14,32.24330871687026,1993
1993-05-15,32.34189356014212,1993
1993-05-16,31.830741132669687,1993
1993-05-17,31.641482366304917,1993
1993-05-18,30.3261215831336,1993
1993-05-19,29.480312200229555,1993
1993-05-20,28.58572097570868,1993
1993-05-21,30.92289538384673,1993
1993-05-22,31.28978076173148,1993
1993-05-23,31.247656402563127,1993
1993-05-24,30.269080590122,1993
1993-05-25,31.349213216519402,1993
1993-05-26,29.83532744243361,1993
1993-05-27,30.2489050985401,1993
1993-05-28,31.063678692832145,1993
1993-05-29,30.593979313003466,1993
1993-05-30,29.882588978438328,1993
1993-05-31,31.230933186095978,1993
1993-06-01,31.731024281210644,1993
1993-06-02,30.819104283821254,1993
1993-06-03,30.75046055838608,1993
1993-06-04,30.74500589543491,1993
1993-06-05,30.25490780707512,1993
1993-06-06,29.76647132714931,1993
1993-06-07,29.337641171996236,1993
1993-06-08,29.733461538831627,1993
1993-06-09,29.314881722783554,1993
1993-06-10,29.7776948221202,1993
1993-06-11,29.20752415210327,1993
1993-06-12,29.108463620235945,1993
1993-06-13,28.900925453396425,1993
1993-06-14,28.77298712642067,1993
1993-06-15,29.034562702625966,1993
1993-06-16,29.29026311749155,1993
1993-06-17,29.92157752693869,1993
1993-06-18,29.900268134987982,1993
1993-06-19,29.712325705405974,1993
1993-06-20,29.718562549057374,1993
1993-06-21,30.032316655941962,1993
1993-06-22,29.737457646322746,1993
1993-06-23,30.137350100175034,1993
1993-06-24,29.561485209210645,1993
1993-06-25,30.15573721925842,1993
1993-06-26,30.37403925975443,1993
1993-06-27,30.371639788428986,1993
1993-06-28,30.306872317914483,1993
1993-06-29,30.051530760113167,1993
1993-06-30,29.303341689540787,1993
1993-07-01,29.592089958259532,1993
1993-07-02,29.56531106791484,1993
1993-07-03,29.79342600775974,1993
1993-07-04,30.107547215671357,1993
1993-07-05,29.943340226898595,1993
1993-07-06,30.03072986254957,1993
1993-07-07,30.210679800036807,1993
1993-07-08,29.8519545520439,1993
1993-07-09,28.28904501884898,1993
1993-07-10,27.871081094312075,1993
1993-07-11,27.658959836527984,1993
1993-07-12,28.350203446362798,1993
1993-07-13,28.393273011442577,1993
1993-07-14,28.630251966941795,1993
1993-07-15,28.971414065274804,1993
1993-07-16,28.951369232131746,1993
1993-07-17,28.381966702147626,1993
1993-07-18,28.237994789683135,1993
1993-07-19,28.57930539834809,1993
1993-07-20,28.637456073023376,1993
1993-07-21,27.65184641369496,1993
1993-07-22,28.34903941142496,1993
1993-07-23,28.86180789234958,1993
1993-07-24,28.02486751907889,1993
1993-07-25,28.217171402060067,1993
1993-07-26,28.18695842218368,1993
1993-07-27,28.012439224130446,1993
1993-07-28,27.20488804958393,1993
1993-07-29,28.788119375462607,1993
1993-07-30,27.413599781527044,1993
1993-07-31,29.240840288543538,1993
1993-08-01,29.95116831982414,1993
1993-08-02,29.830758079111007,1993
1993-08-03,29.41451091542991,1993
1993-08-04,28.14200571880138,1993
1993-08-05,28.810812944128905,1993
1993-08-06,28.1345256815632,1993
1993-08-07,29.168943807726222,1993
1993-08-08,29.68723083408073,1993
1993-08-09,28.888767969046658,1993
1993-08-10,28.968181339693608,1993
1993-08-11,29.27656628432002,1993
1993-08-12,28.937065758523005,1993
1993-08-13,28.271168634572803,1993
1993-08-14,28.339940445322995,1993
1993-08-15,27.237030392644307,1993
1993-08-16,26.703784638938416,1993
1993-08-17,26.02365397306553,1993
1993-08-18,27.85775740420376,1993
1993-08-19,28.267779341976027,1993
1993-08-20,28.663873041007083,1993
1993-08-21,27.906914649585374,1993
1993-08-22,28.31277377672085,1993
1993-08-23,28.904969924664144,1993
1993-08-24,27.943744037861684,1993
1993-08-25,27.382561438430596,1993
1993-08-26,27.737945143153887,1993
1993-08-27,27.712212149675107,1993
1993-08-28,27.948075792004104,1993
1993-08-29,28.499844714489132,1993
1993-08-30,28.16971473811889,1993
1993-08-31,29.365285731827733,1993
1993-09-01,29.32248314583748,1993
1993-09-02,28.677930258486917,1993
1993-09-03,28.759865800929045,1993
1993-09-04,28.937213663698792,1993
1993-09-05,28.523727733505133,1993
1993-09-06,28.532304434912085,1993
1993-09-07,28.921541590247223,1993
1993-09-08,28.928487045255046,1993
1993-09-09,28.086831555334406,1993
1993-09-10,28.75701457595769,1993
1993-09-11,28.538214348437183,1993
1993-09-12,28.95477853221052,1993
1993-09-13,28.80137976208536,1993
1993-09-14,29.37464779681939,1993
1993-09-15,29.899846095195258,1993
1993-09-16,30.81136721321043,1993
1993-09-17,29.849594058254446,1993
1993-09-18,29.475311709412473,1993
1993-09-19,28.64705612259826,1993
1993-09-20,28.64835358872201,1993
1993-09-21,28.392669377366804,1993
1993-09-22,28.60321645586289,1993
1993-09-23,28.74861271857957,1993
1993-09-24,29.637898259906066,1993
1993-09-25,28.54489381333336,1993
1993-09-26,28.462977375670434,1993
1993-09-27,29.516722055122717,1993
1993-09-28,30.451608980114603,1993
1993-09-29,30.38903244060499,1993
1993-09-30,30.190288669870238,1993
1993-10-01,29.567744036898603,1993
1993-10-02,30.44998620970541,1993
1993-10-03,30.596335776077503,1993
1993-10-04,29.834572704730988,1993
1993-10-05,29.377202157411446,1993
1993-10-06,28.11654325608281,1993
1993-10-07,28.532548389485072,1993
1993-10-08,29.73845258135014,1993
1993-10-09,29.57472044756699,1993
1993-10-10,28.638178654637013,1993
1993-10-11,28.686716061645768,1993
1993-10-12,31.105836392496,1993
1993-10-13,30.77741699992802,1993
1993-10-14,30.864514326472502,1993
1993-10-15,29.49901297040765,1993
1993-10-16,28.588750188437384,1993
1993-10-17,29.229208522260105,1993
1993-10-18,29.797232062284927,1993
1993-10-19,29.554600264236562,1993
1993-10-20,31.718010990157985,1993
1993-10-21,31.423848441591712,1993
1993-10-22,29.747021426275083,1993
1993-10-23,30.438318122667482,1993
1993-10-24,31.55519134047133,1993
1993-10-25,31.508574914923717,1993
1993-10-26,32.310856657148115,1993
1993-10-27,32.01622851909223,1993
1993-10-28,32.18512582159427,1993
1993-10-29,32.558697921267616,1993
1993-10-30,32.37531533435338,1993
1993-10-31,31.8827562970822,1993
1993-11-01,29.10997933576011,1993
1993-11-02,29.91006181542663,1993
1993-11-03,31.186696078900543,1993
1993-11-04,30.934644275156664,1993
1993-11-05,30.51012605248986,1993
1993-11-06,31.60633158480095,1993
1993-11-07,30.627867377609622,1993
1993-11-08,30.042257325990917,1993
1993-11-09,29.75118688494752,1993
1993-11-10,30.816244856917205,1993
1993-11-11,31.281390256891985,1993
1993-11-12,28.897839842242888,1993
1993-11-13,28.796651771584834,1993
1993-11-14,29.692498714336267,1993
1993-11-15,29.432037742120418,1993
1993-11-16,29.862024442001577,1993
1993-11-17,30.423547947989363,1993
1993-11-18,30.14900205709114,1993
1993-11-19,29.48586515162407,1993
1993-11-20,29.476659920754862,1993
1993-11-21,30.50555260144551,1993
1993-11-22,30.774746554301487,1993
1993-11-23,31.249558112046557,1993
1993-11-24,31.336202659449068,1993
1993-11-25,31.557227111506656,1993
1993-11-26,30.83318124578312,1993
1993-11-27,29.926256356111654,1993
1993-11-28,29.962373363392842,1993
1993-11-29,30.47292118165775,1993
1993-11-30,31.122375937071286,1993
1993-12-01,30.00194293271763,1993
1993-12-02,30.927384469326405,1993
1993-12-03,30.945935084756783,1993
1993-12-04,29.069773093625805,1993
1993-12-05,28.182190237511605,1993
1993-12-06,27.813851790505808,1993
1993-12-07,29.653652676694158,1993
1993-12-08,29.341308035594686,1993
1993-12-09,28.392247509407188,1993
1993-12-10,27.335924163592804,1993
1993-12-11,27.814772770308288,1993
1993-12-12,27.49997483904833,1993
1993-12-13,29.147841885263936,1993
1993-12-14,29.421798284955457,1993
1993-12-15,30.198400437922857,1993
1993-12-16,28.53901595362845,1993
1993-12-17,28.005401304902314,1993
1993-12-18,28.411164403151474,1993
1993-12-19,28.585619905147936,1993
1993-12-20,28.943612103632763,1993
1993-12-21,30.011905102933497,1993
1993-12-22,30.243991981716274,1993
1993-12-23,29.91594343110578,1993
1993-12-24,30.337971250642713,1993
1993-12-25,30.311365453040235,1993
1993-12-26,30.94415234783096,1993
1993-12-27,31.245139599472857,1993
1993-12-28,31.198889817905474,1993
1993-12-29,31.17668682197373,1993
1993-12-30,30.981710138475755,1993
1993-12-31,30.716879158829073,1993
1994-01-01,30.987555289554518,1994
1994-01-02,30.624415862432375,1994
1994-01-03,29.84117254564245,1994
1994-01-04,28.911149776250443,1994
1994-01-05,29.641315314990624,1994
1994-01-06,29.72359146488876,1994
1994-01-07,28.671378553222286,1994
1994-01-08,29.13848250422098,1994
1994-01-09,29.71556158554204,1994
1994-01-10,30.401261966054626,1994
1994-01-11,29.975842591315118,1994
1994-01-12,29.006109478074947,1994
1994-01-13,29.64153105821108,1994
1994-01-14,29.539168304529454,1994
1994-01-15,29.354240554392966,1994
1994-01-16,29.83792782777402,1994
1994-01-17,30.433770479559215,1994
1994-01-18,30.85311290903359,1994
1994-01-19,30.437745940607403,1994
1994-01-20,29.550685579099543,1994
1994-01-21,29.62155123295257,1994
1994-01-22,30.695129194615294,1994
1994-01-23,29.805985507289627,1994
1994-01-24,29.39136827788369,1994
1994-01-25,28.899221364319082,1994
1994-01-26,30.541104982317613,1994
1994-01-27,30.588989907641302,1994
1994-01-28,31.445359625771424,1994
1994-01-29,30.99865324337193,1994
1994-01-30,31.794194763857597,1994
1994-01-31,30.015168592901208,1994
1994-02-01,29.204728631526436,1994
1994-02-02,29.72329323193934,1994
1994-02-03,30.775201041144086,1994
1994-02-04,30.761505239814973,1994
1994-02-05,30.71596388283413,1994
1994-02-06,29.4557114105853,1994
1994-02-07,30.389396387236328,1994
1994-02-08,30.29689999306456,1994
1994-02-09,30.060927239949798,1994
1994-02-10,30.711522910477896,1994
1994-02-11,30.873540566361577,1994
1994-02-12,30.114456576163413,1994
1994-02-13,30.848065817310093,1994
1994-02-14,31.18114350230054,1994
1994-02-15,30.772927353474092,1994
1994-02-16,30.498393909909424,1994
1994-02-17,31.16653483075642,1994
1994-02-18,31.289934551601615,1994
1994-02-19,32.25136391783117,1994
1994-02-20,32.73182754257123,1994
1994-02-21,33.09612124971776,1994
1994-02-22,33.687175672742,1994
1994-02-23,33.252810328483996,1994
1994-02-24,32.25160160775641,1994
1994-02-25,33.097838534697416,1994
1994-02-26,33.38786396171723,1994
1994-02-27,31.944622007871917,1994
1994-02-28,32.551635123626305,1994
1994-03-01,34.37454328620754,1994
1994-03-02,33.61268725116774,1994
1994-03-03,34.52520867009227,1994
1994-03-04,34.33012730629458,1994
1994-03-05,34.119274205058296,1994
1994-03-06,33.819468024198244,1994
1994-03-07,33.387509330963454,1994
1994-03-08,33.636466958556056,1994
1994-03-09,33.739278120289434,1994
1994-03-10,33.52592603179567,1994
1994-03-11,32.58039634878864,1994
1994-03-12,32.68320088912461,1994
1994-03-13,33.794378729196545,1994
1994-03-14,33.60351598109332,1994
1994-03-15,33.497489851331615,1994
1994-03-16,33.81333723681664,1994
1994-03-17,33.73514442732874,1994
1994-03-18,33.19552388261764,1994
1994-03-19,33.410771102178614,1994
1994-03-20,33.14320715456809,1994
1994-03-21,33.52408093715569,1994
1994-03-22,33.28893822650567,1994
1994-03-23,34.1454562700564,1994
1994-03-24,32.80384052494265,1994
1994-03-25,33.002766054183915,1994
1994-03-26,33.444995794663946,1994
1994-03-27,34.06305203602408,1994
1994-03-28,33.86752860660647,1994
1994-03-29,33.405159334283816,1994
1994-03-30,33.695264228843286,1994
1994-03-31,33.69373081976676,1994
1994-04-01,32.783370957157516,1994
1994-04-02,34.17762344551714,1994
1994-04-03,34.247337983153116,1994
1994-04-04,33.40364949744765,1994
1994-04-05,32.35699308487649,1994
1994-04-06,32.499246145475354,1994
1994-04-07,32.79376466760586,1994
1994-04-08,33.805194312925025,1994
1994-04-09,34.624202788523824,1994
1994-04-10,34.68715363966041,1994
1994-04-11,33.9866836746544,1994
1994-04-12,33.39466711241524,1994
1994-04-13,33.290028217067125,1994
1994-04-14,34.06507250730436,1994
1994-04-15,33.81945572651265,1994
1994-04-16,34.64274216008448,1994
1994-04-17,33.72061713866902,1994
1994-04-18,34.33442604096469,1994
1994-04-19,34.37822635062088,1994
1994-04-20,34.00029647238667,1994
1994-04-21,32.871862867247515,1994
1994-04-22,33.60094252165355,1994
1994-04-23,34.0416901949855,1994
1994-04-24,33.87105466133632,1994
1994-04-25,33.211224557195415,1994
1994-04-26,33.495112449490136,1994
1994-04-27,33.455129558594095,1994
1994-04-28,32.28245315979322,1994
1994-04-29,32.965593939380206,1994
1994-04-30,34.253517916981615,1994
1994-05-01,33.845414736922876,1994
1994-05-02,34.3143625467772,1994
1994-05-03,33.56468315292956,1994
1994-05-04,33.28079225907461,1994
1994-05-05,33.12124331305647,1994
1994-05-06,32.913514370295594,1994
1994-05-07,32.66157215986736,1994
1994-05-08,32.63482445086365,1994
1994-05-09,32.801283281848946,1994
1994-05-10,31.40020190351131,1994
1994-05-11,31.38074051984605,1994
1994-05-12,32.10423150469471,1994
1994-05-13,31.413792892117897,1994
1994-05-14,32.03639301526033,1994
1994-05-15,32.06886241995477,1994
1994-05-16,32.149293989353325,1994
1994-05-17,32.381866059104595,1994
1994-05-18,32.2718769158112,1994
1994-05-19,32.225266338956594,1994
1994-05-20,32.30065945443403,1994
1994-05-21,33.07327887475336,1994
1994-05-22,33.30484701733474,1994
1994-05-23,33.294876759400125,1994
1994-05-24,33.15515409844177,1994
1994-05-25,33.07575528534373,1994
1994-05-26,32.946943146595416,1994
1994-05-27,32.33465381244731,1994
1994-05-28,32.03754024503815,1994
1994-05-29,32.25857344033066,1994
1994-05-30,31.513460564642926,1994
1994-05-31,31.375358364261523,1994
1994-06-01,29.39527619578994,1994
1994-06-02,29.44960582213631,1994
1994-06-03,30.762083242061472,1994
1994-06-04,30.974455455025556,1994
1994-06-05,31.1890760229105,1994
1994-06-06,32.143353037757805,1994
1994-06-07,31.594836995937143,1994
1994-06-08,30.559204793835526,1994
1994-06-09,30.575958517284803,1994
1994-06-10,30.752208966791184,1994
1994-06-11,31.13639206397986,1994
1994-06-12,30.585295021235645,1994
1994-06-13,30.562606830718302,1994
1994-06-14,29.84124957840936,1994
1994-06-15,29.799384151112662,1994
1994-06-16,29.609355677780755,1994
1994-06-17,29.259862848921873,1994
1994-06-18,29.438657040213734,1994
1994-06-19,29.57558982893874,1994
1994-06-20,29.988861192347276,1994
1994-06-21,30.653520384452342,1994
1994-06-22,31.560941512046465,1994
1994-06-23,30.44477601796215,1994
1994-06-24,30.067928311290345,1994
1994-06-25,29.924520975585846,1994
1994-06-26,30.473801802164864,1994
1994-06-27,29.98064077853985,1994
1994-06-28,29.66222652873539,1994
1994-06-29,29.713731828739455,1994
1994-06-30,29.496662186264277,1994
1994-07-01,29.726825679316377,1994
1994-07-02,29.611262127290974,1994
1994-07-03,29.250490706127316,1994
1994-07-04,28.852108062973226,1994
1994-07-05,29.46243583371723,1994
1994-07-06,28.93263289560691,1994
1994-07-07,28.17331893447038,1994
1994-07-08,29.564613339918214,1994
1994-07-09,29.469538329786175,1994
1994-07-10,29.239058729224364,1994
1994-07-11,29.214161976371074,1994
1994-07-12,28.663554631502084,1994
1994-07-13,28.09043607928218,1994
1994-07-14,27.393529865427887,1994
1994-07-15,27.11393630587483,1994
1994-07-16,27.201777180320786,1994
1994-07-17,27.09295804971572,1994
1994-07-18,27.425068208647662,1994
1994-07-19,27.764693276376537,1994
1994-07-20,26.38564949100047,1994
1994-07-21,26.215171969438337,1994
1994-07-22,26.701450348732877,1994
1994-07-23,27.90240611877294,1994
1994-07-24,27.06821666214574,1994
1994-07-25,27.201147949735116,1994
1994-07-26,26.833126362182163,1994
1994-07-27,28.328044901878613,1994
1994-07-28,26.920879876313904,1994
1994-07-29,28.00932224393059,1994
1994-07-30,27.743424797378573,1994
1994-07-31,26.68901802478142,1994
1994-08-01,27.72286277701791,1994
1994-08-02,27.40662851372427,1994
1994-08-03,28.951287092761618,1994
1994-08-04,28.88684992394495,1994
1994-08-05,28.334943230581683,1994
1994-08-06,28.548662453063812,1994
1994-08-07,27.116808514576253,1994
1994-08-08,27.635850106121012,1994
1994-08-09,27.574128948337812,1994
1994-08-10,27.251099126265544,1994
1994-08-11,26.772565335477587,1994
1994-08-12,26.99250071064601,1994
1994-08-13,29.43745894801088,1994
1994-08-14,28.30516074248076,1994
1994-08-15,26.717348073308717,1994
1994-08-16,27.164128863892962,1994
1994-08-17,27.19166114656604,1994
1994-08-18,27.587473533284268,1994
1994-08-19,26.73765468048368,1994
1994-08-20,26.859257688432407,1994
1994-08-21,27.22561892220606,1994
1994-08-22,28.139030334985335,1994
1994-08-23,27.34022606716172,1994
1994-08-24,25.977962093608795,1994
1994-08-25,26.280777117105732,1994
1994-08-26,26.32748795542272,1994
1994-08-27,26.073260798504446,1994
1994-08-28,26.85949399247737,1994
1994-08-29,26.10999283760806,1994
1994-08-30,26.794660207724853,1994
1994-08-31,27.478624999277372,1994
1994-09-01,27.86488867859013,1994
1994-09-02,27.031554729986038,1994
1994-09-03,25.934781528755302,1994
1994-09-04,26.142012568585756,1994
1994-09-05,26.89217423911057,1994
1994-09-06,27.338859638433902,1994
1994-09-07,28.368858023622707,1994
1994-09-08,28.617133274090403,1994
1994-09-09,28.81029427099144,1994
1994-09-10,28.9668612162722,1994
1994-09-11,29.7284672047465,1994
1994-09-12,28.491147328086015,1994
1994-09-13,29.476519383990716,1994
1994-09-14,29.598704959347025,1994
1994-09-15,29.559963761929573,1994
1994-09-16,29.3919369329294,1994
1994-09-17,28.698688514125852,1994
1994-09-18,28.74222690931682,1994
1994-09-19,29.82855226906168,1994
1994-09-20,29.887368324687476,1994
1994-09-21,29.766006608737037,1994
1994-09-22,29.32823930473157,1994
1994-09-23,29.62316530194184,1994
1994-09-24,30.099012451023306,1994
1994-09-25,30.276940944400113,1994
1994-09-26,29.97814899851395,1994
1994-09-27,29.924913133162825,1994
1994-09-28,29.396635710752328,1994
1994-09-29,29.17699159058219,1994
1994-09-30,29.444975775106588,1994
1994-10-01,30.070717218822132,1994
1994-10-02,29.62117441503359,1994
1994-10-03,29.40225861927339,1994
1994-10-04,28.64225015450382,1994
1994-10-05,29.050821391645343,1994
1994-10-06,28.687631888203303,1994
1994-10-07,29.390402583164537,1994
1994-10-08,28.987242091471746,1994
1994-10-09,29.22095124607836,1994
1994-10-10,30.174888148821434,1994
1994-10-11,29.499984482026214,1994
1994-10-12,28.803039873038813,1994
1994-10-13,29.033287065423714,1994
1994-10-14,27.819228612627192,1994
1994-10-15,28.72425815405205,1994
1994-10-16,28.886482585467768,1994
1994-10-17,29.811164455358686,1994
1994-10-18,29.64558181173947,1994
1994-10-19,28.48860202074738,1994
1994-10-20,28.974212728763455,1994
1994-10-21,29.491240026396802,1994
1994-10-22,29.36958064033591,1994
1994-10-23,28.615931068496756,1994
1994-10-24,29.572068810792224,1994
1994-10-25,29.50705634795819,1994
1994-10-26,30.17616988677289,1994
1994-10-27,29.68557938595064,1994
1994-10-28,29.77867144000942,1994
1994-10-29,31.42886745332876,1994
1994-10-30,31.28143545058256,1994
1994-10-31,31.275223803419767,1994
1994-11-01,30.42249565561893,1994
1994-11-02,30.706602461133407,1994
1994-11-03,30.602111288297472,1994
1994-11-04,29.09786540602319,1994
1994-11-05,30.1813764115784,1994
1994-11-06,29.848476499057725,1994
1994-11-07,30.036522687386253,1994
1994-11-08,30.59594205034286,1994
1994-11-09,30.597524340281634,1994
1994-11-10,30.99850110848555,1994
1994-11-11,30.953918505866792,1994
1994-11-12,31.35772470241314,1994
1994-11-13,30.706992794337047,1994
1994-11-14,30.54325164767852,1994
1994-11-15,29.847963263870138,1994
1994-11-16,30.368630040141962,1994
1994-11-17,30.486040515922433,1994
1994-11-18,30.43425496674119,1994
1994-11-19,29.39872545543667,1994
1994-11-20,28.772093813206318,1994
1994-11-21,29.61307862495713,1994
1994-11-22,29.719887664801718,1994
1994-11-23,29.390257067475968,1994
1994-11-24,29.969388936088524,1994
1994-11-25,27.556694921711838,1994
1994-11-26,28.93369176464006,1994
1994-11-27,29.44118242870613,1994
1994-11-28,28.874272355619574,1994
1994-11-29,28.295869174792845,1994
1994-11-30,29.90599231236118,1994
1994-12-01,29.57024130307716,1994
1994-12-02,30.70293993086518,1994
1994-12-03,30.27845445860907,1994
1994-12-04,30.68294507745845,1994
1994-12-05,29.50554823282187,1994
1994-12-06,28.7530482937989,1994
1994-12-07,27.399043676983787,1994
1994-12-08,29.99234573969439,1994
1994-12-09,28.135734907552063,1994
1994-12-10,28.08140689997387,1994
1994-12-11,27.70217102730806,1994
1994-12-12,29.424021341870066,1994
1994-12-13,31.138195043901938,1994
1994-12-14,30.56609186041286,1994
1994-12-15,28.9678436582612,1994
1994-12-16,30.101765284229458,1994
1994-12-17,31.0246727253794,1994
1994-12-18,30.947703780415477,1994
1994-12-19,30.69883665946824,1994
1994-12-20,31.46444923083042,1994
1994-12-21,30.48013703967443,1994
1994-12-22,30.641631063912875,1994
1994-12-23,28.736570654221968,1994
1994-12-24,30.28035976148604,1994
1994-12-25,29.22544732705888,1994
1994-12-26,29.49424530962208,1994
1994-12-27,30.309522884830834,1994
1994-12-28,29.66279434956285,1994
1994-12-29,30.805932816029575,1994
1994-12-30,30.14351609849853,1994
1994-12-31,30.157594576812468,1994
1995-01-01,29.33647945284157,1995
1995-01-02,29.358164117172127,1995
1995-01-03,28.830069290550366,1995
1995-01-04,29.173308447944347,1995
1995-01-05,28.147131421268643,1995
1995-01-06,29.526607648916194,1995
1995-01-07,31.199229261245044,1995
1995-01-08,30.623997996923723,1995
1995-01-09,30.542208045771723,1995
1995-01-10,30.827814471847525,1995
1995-01-11,30.76276830484987,1995
1995-01-12,30.227437191846978,1995
1995-01-13,29.77004395952525,1995
1995-01-14,30.14751717735422,1995
1995-01-15,30.60606791677058,1995
1995-01-16,30.790762650109397,1995
1995-01-17,31.959498152223155,1995
1995-01-18,31.079493877805973,1995
1995-01-19,32.004118359046394,1995
1995-01-20,32.32433150667707,1995
1995-01-21,31.387507260589327,1995
1995-01-22,30.95630011355106,1995
1995-01-23,30.92801262904984,1995
1995-01-24,30.405282376123505,1995
1995-01-25,30.2940621646908,1995
1995-01-26,30.128408956799905,1995
1995-01-27,29.463334523033573,1995
1995-01-28,30.288300321032246,1995
1995-01-29,29.049639654535113,1995
1995-01-30,27.701677422000316,1995
1995-01-31,28.45514190178914,1995
1995-02-01,28.600085741033062,1995
1995-02-02,28.921996866118086,1995
1995-02-03,28.109764526583753,1995
1995-02-04,28.993893197690234,1995
1995-02-05,29.910478165221612,1995
1995-02-06,31.043288112245776,1995
1995-02-07,31.141715650254305,1995
1995-02-08,31.314307744799223,1995
1995-02-09,31.885453805015416,1995
1995-02-10,32.290725169717824,1995
1995-02-11,32.968519394087124,1995
1995-02-12,33.32874650795338,1995
1995-02-13,33.44168332340678,1995
1995-02-14,33.6058460138212,1995
1995-02-15,32.48297898385366,1995
1995-02-16,32.89988032363708,1995
1995-02-17,33.82850491037246,1995
1995-02-18,32.870455429194394,1995
1995-02-19,32.760761788360554,1995
1995-02-20,31.500138145902856,1995
1995-02-21,32.10073371827108,1995
1995-02-22,33.36751341745265,1995
1995-02-23,31.88151023419883,1995
1995-02-24,32.72823324627195,1995
1995-02-25,33.41869233522619,1995
1995-02-26,34.487620097895665,1995
1995-02-27,34.2078388792901,1995
1995-02-28,34.51097641749938,1995
1995-03-01,34.223064107734295,1995
1995-03-02,34.39291824473578,1995
1995-03-03,33.54303361980962,1995
1995-03-04,33.413749670620106,1995
1995-03-05,33.30197755862594,1995
1995-03-06,34.00652500151165,1995
1995-03-07,33.54996711524562,1995
1995-03-08,33.289993741650484,1995
1995-03-09,33.28942681471073,1995
1995-03-10,32.87830601424475,1995
1995-03-11,33.00408912026276,1995
1995-03-12,34.27527024411056,1995
1995-03-13,34.59637176544049,1995
1995-03-14,34.80612675195129,1995
1995-03-15,35.32371218282741,1995
1995-03-16,34.66634744765611,1995
1995-03-17,33.75318856831887,1995
1995-03-18,32.861902364934494,1995
1995-03-19,32.472509185090935,1995
1995-03-20,31.68497991954999,1995
1995-03-21,32.484777269853815,1995
1995-03-22,32.80483733503254,1995
1995-03-23,33.368498179201524,1995
1995-03-24,34.66348882937629,1995
1995-03-25,33.33008825876349,1995
1995-03-26,34.57815046730451,1995
1995-03-27,33.92628652177889,1995
1995-03-28,32.08699446472001,1995
1995-03-29,32.128811715039575,1995
1995-03-30,32.28285013655214,1995
1995-03-31,31.890193474233595,1995
1995-04-01,33.10191512524544,1995
1995-04-02,33.14154789075806,1995
1995-04-03,34.07286715839145,1995
1995-04-04,33.66545815123578,1995
1995-04-05,34.33539323227397,1995
1995-04-06,34.458042021986934,1995
1995-04-07,32.356037237258484,1995
1995-04-08,32.64462638748703,1995
1995-04-09,33.326750788295044,1995
1995-04-10,32.860057876199065,1995
1995-04-11,31.691654181698638,1995
1995-04-12,31.57332553479681,1995
1995-04-13,31.925866544777723,1995
1995-04-14,32.87354467288964,1995
1995-04-15,32.81978982768302,1995
1995-04-16,33.19580451411168,1995
1995-04-17,32.912774555553355,1995
1995-04-18,32.14157025359955,1995
1995-04-19,32.04169443964965,1995
1995-04-20,32.48104527976224,1995
1995-04-21,32.63458793757584,1995
1995-04-22,32.271381915779465,1995
1995-04-23,33.89738649541141,1995
1995-04-24,33.10785166822103,1995
1995-04-25,33.630660678106764,1995
1995-04-26,33.02804473526943,1995
1995-04-27,33.00943784367488,1995
1995-04-28,32.50942972041144,1995
1995-04-29,33.17147867268319,1995
1995-04-30,33.55950164464461,1995
1995-05-01,32.25741847488568,1995
1995-05-02,31.942809584582477,1995
1995-05-03,31.595022224459296,1995
1995-05-04,31.068849978637378,1995
1995-05-05,32.02226633421783,1995
1995-05-06,31.050559955053895,1995
1995-05-07,31.864173099638542,1995
1995-05-08,32.08011935287158,1995
1995-05-09,32.32570634396493,1995
1995-05-10,30.640175518051894,1995
1995-05-11,28.963789536031026,1995
1995-05-12,30.72932552856897,1995
1995-05-13,30.46052345084621,1995
1995-05-14,30.875631412534307,1995
1995-05-15,31.08614235068634,1995
1995-05-16,31.98375740964067,1995
1995-05-17,31.079201800167056,1995
1995-05-18,30.82774664838339,1995
1995-05-19,30.718122937808,1995
1995-05-20,31.02944833406061,1995
1995-05-21,31.842478508449044,1995
1995-05-22,31.95270968814112,1995
1995-05-23,31.420902537693706,1995
1995-05-24,31.491405254901366,1995
1995-05-25,32.099595716360156,1995
1995-05-26,30.609004372762172,1995
1995-05-27,28.978286613448834,1995
1995-05-28,28.3152579135029,1995
1995-05-29,28.562331411189064,1995
1995-05-30,29.08062359891968,1995
1995-05-31,30.02295637794264,1995
1995-06-01,29.627429742811778,1995
1995-06-02,28.94559613830626,1995
1995-06-03,27.838676137082032,1995
1995-06-04,28.230048185104575,1995
1995-06-05,28.811976555111137,1995
1995-06-06,28.972031332486765,1995
1995-06-07,29.147756568142754,1995
1995-06-08,28.93389392299952,1995
1995-06-09,29.32371994977949,1995
1995-06-10,29.96917410093596,1995
1995-06-11,30.39767072187422,1995
1995-06-12,31.29513708530457,1995
1995-06-13,31.01799640841159,1995
1995-06-14,29.768493412475763,1995
1995-06-15,31.03940584195729,1995
1995-06-16,30.585750848623498,1995
1995-06-17,29.80745664891537,1995
1995-06-18,30.067610003263663,1995
1995-06-19,29.704374717620098,1995
1995-06-20,29.809793878564985,1995
1995-06-21,29.5315686532003,1995
1995-06-22,28.943401157364743,1995
1995-06-23,28.778240260417952,1995
1995-06-24,28.121504774642357,1995
1995-06-25,27.702053883556363,1995
1995-06-26,28.21804730466789,1995
1995-06-27,28.41999803732506,1995
1995-06-28,26.00208063421391,1995
1995-06-29,26.285732974725914,1995
1995-06-30,26.115447620830494,1995
1995-07-01,27.236062030713256,1995
1995-07-02,27.573431326434285,1995
1995-07-03,28.721805214144087,1995
1995-07-04,27.674937240038982,1995
1995-07-05,28.286578891720204,1995
1995-07-06,28.57938423943902,1995
1995-07-07,28.562438160809137,1995
1995-07-08,28.11099467754285,1995
1995-07-09,27.60228826398508,1995
1995-07-10,28.203874357186702,1995
1995-07-11,28.458201794309204,1995
1995-07-12,27.332761486942758,1995
1995-07-13,26.91206332266342,1995
1995-07-14,27.530770305388096,1995
1995-07-15,27.35195982787079,1995
1995-07-16,25.659023815971004,1995
1995-07-17,26.818753564241863,1995
1995-07-18,28.534140373988002,1995
1995-07-19,28.383160842258796,1995
1995-07-20,27.806584003181747,1995
1995-07-21,27.548467903667625,1995
1995-07-22,27.82110065756038,1995
1995-07-23,27.698951778039167,1995
1995-07-24,28.25751288966051,1995
1995-07-25,27.917614775993034,1995
1995-07-26,29.130435834598416,1995
1995-07-27,29.59890086726431,1995
1995-07-28,28.92185207064307,1995
1995-07-29,29.18155013966561,1995
1995-07-30,28.850793410062458,1995
1995-07-31,25.175589425448326,1995
1995-08-01,25.458809168479952,1995
1995-08-02,27.21501975034143,1995
1995-08-03,26.921259695357236,1995
1995-08-04,27.168384518109256,1995
1995-08-05,27.339549770460778,1995
1995-08-06,27.465461386719458,1995
1995-08-07,27.879000485600585,1995
1995-08-08,27.091902248016517,1995
1995-08-09,27.41778160347271,1995
1995-08-10,27.971760517205766,1995
1995-08-11,28.071013977390088,1995
1995-08-12,28.128469259081083,1995
1995-08-13,29.02620879778629,1995
1995-08-14,28.315967697478904,1995
1995-08-15,28.914876976951522,1995
1995-08-16,29.101034240784795,1995
1995-08-17,28.34258466093837,1995
1995-08-18,27.802150285175614,1995
1995-08-19,27.57169589490313,1995
1995-08-20,27.603613292270758,1995
1995-08-21,26.36328925464381,1995
1995-08-22,28.233106413939296,1995
1995-08-23,28.852387356697015,1995
1995-08-24,29.185349469022345,1995
1995-08-25,29.17031723578623,1995
1995-08-26,29.186553791246286,1995
1995-08-27,28.378035804222367,1995
1995-08-28,28.044336196943966,1995
1995-08-29,26.917398321311097,1995
1995-08-30,29.040411538636945,1995
1995-08-31,27.76825744022897,1995
1995-09-01,26.18995275411454,1995
1995-09-02,27.107225950367866,1995
1995-09-03,27.505853512498668,1995
1995-09-04,27.86935793871826,1995
1995-09-05,28.135749695011228,1995
1995-09-06,28.088389342871498,1995
1995-09-07,27.155680432191588,1995
1995-09-08,27.836659175036132,1995
1995-09-09,27.398414664450243,1995
1995-09-10,27.663977777165957,1995
1995-09-11,27.79006868814387,1995
1995-09-12,28.11589837406052,1995
1995-09-13,27.241583518828897,1995
1995-09-14,27.822722107916576,1995
1995-09-15,28.564193938536242,1995
1995-09-16,28.75025821280608,1995
1995-09-17,29.884025493141404,1995
1995-09-18,30.2522427422092,1995
1995-09-19,29.647375209494832,1995
1995-09-20,29.612236744049518,1995
1995-09-21,29.26581660774268,1995
1995-09-22,27.532688489235824,1995
1995-09-23,27.264200342110314,1995
1995-09-24,27.49852256698951,1995
1995-09-25,28.56711179166398,1995
1995-09-26,30.012519754066386,1995
1995-09-27,29.43447347154188,1995
1995-09-28,29.956312247874585,1995
1995-09-29,30.46490277719868,1995
1995-09-30,29.768690333238244,1995
1995-10-01,29.954039677727074,1995
1995-10-02,29.959408009032458,1995
1995-10-03,29.375531380110395,1995
1995-10-04,29.209225071332334,1995
1995-10-05,29.843993688158125,1995
1995-10-06,29.25011076341532,1995
1995-10-07,28.64955665882361,1995
1995-10-08,28.764350513822365,1995
1995-10-09,29.021423094317214,1995
1995-10-10,29.26079129858013,1995
1995-10-11,29.44904488688315,1995
1995-10-12,28.17735878917864,1995
1995-10-13,27.45122377028668,1995
1995-10-14,27.8409310589862,1995
1995-10-15,28.83913148217327,1995
1995-10-16,29.629271974264412,1995
1995-10-17,30.81428839149401,1995
1995-10-18,31.705069935119415,1995
1995-10-19,30.851972488406762,1995
1995-10-20,29.671712341400703,1995
1995-10-21,30.612990668956517,1995
1995-10-22,31.051999391241264,1995
1995-10-23,32.060643870059906,1995
1995-10-24,30.190088669376088,1995
1995-10-25,30.55083984773917,1995
1995-10-26,31.00157577336765,1995
1995-10-27,32.78580530883584,1995
1995-10-28,31.58950971599007,1995
1995-10-29,30.663506845723745,1995
1995-10-30,30.29926074620461,1995
1995-10-31,29.591958886760533,1995
1995-11-01,30.516614752998223,1995
1995-11-02,29.201805959702615,1995
1995-11-03,29.879451975838407,1995
1995-11-04,29.70501808473304,1995
1995-11-05,29.6957735378908,1995
1995-11-06,30.713199829568584,1995
1995-11-07,29.96217727611644,1995
1995-11-08,30.30276785418556,1995
1995-11-09,31.317981067018444,1995
1995-11-10,30.742445177140425,1995
1995-11-11,30.289054095205383,1995
1995-11-12,30.58203711212895,1995
1995-11-13,30.662759901929874,1995
1995-11-14,31.034704987310235,1995
1995-11-15,31.983485929458453,1995
1995-11-16,32.19683169183586,1995
1995-11-17,30.693201151610836,1995
1995-11-18,31.533208987509834,1995
1995-11-19,31.40283322865722,1995
1995-11-20,31.368645808653824,1995
1995-11-21,31.907228046042228,1995
1995-11-22,30.973442732761946,1995
1995-11-23,31.015856540090155,1995
1995-11-24,29.74881311778912,1995
1995-11-25,29.871349519477906,1995
1995-11-26,29.624977638029744,1995
1995-11-27,30.482536664976553,1995
1995-11-28,30.27131231331233,1995
1995-11-29,30.192006241162957,1995
1995-11-30,30.0190848242256,1995
1995-12-01,29.99569559444104,1995
1995-12-02,29.246394789241563,1995
1995-12-03,29.735784095790265,1995
1995-12-04,28.55708415647345,1995
1995-12-05,29.24333135346437,1995
1995-12-06,29.761244272123562,1995
1995-12-07,29.556852728435807,1995
1995-12-08,30.10206499066635,1995
1995-12-09,30.085217614027194,1995
1995-12-10,29.33064370559704,1995
1995-12-11,30.041173348568947,1995
1995-12-12,31.72285110829253,1995
1995-12-13,31.978856230037763,1995
1995-12-14,29.31938970688747,1995
1995-12-15,29.972831842275962,1995
1995-12-16,29.584849324717297,1995
1995-12-17,28.8761238952603,1995
1995-12-18,29.678954712297443,1995
1995-12-19,30.189124324374042,1995
1995-12-20,30.93637728797651,1995
1995-12-21,30.394594789495653,1995
1995-12-22,30.63431610440055,1995
1995-12-23,29.852310925023048,1995
1995-12-24,29.702816218875885,1995
1995-12-25,29.25522993156373,1995
1995-12-26,29.782337067214257,1995
1995-12-27,30.29150694142428,1995
1995-12-28,30.52442864591863,1995
1995-12-29,30.1322220519889,1995
1995-12-30,29.612895493107736,1995
1995-12-31,29.71674095988678,1995
1996-01-01,29.491676615350364,1996
1996-01-02,30.007360858018316,1996
1996-01-03,30.520217323886033,1996
1996-01-04,29.881624076711077,1996
1996-01-05,29.80681221225675,1996
1996-01-06,29.879036996896506,1996
1996-01-07,31.375738715598068,1996
1996-01-08,30.33710266133202,1996
1996-01-09,30.20120216832016,1996
1996-01-10,31.17851754485819,1996
1996-01-11,31.384859379115714,1996
1996-01-12,30.016400128890794,1996
1996-01-13,31.244604395232518,1996
1996-01-14,31.220536753589812,1996
1996-01-15,31.04361580041876,1996
1996-01-16,31.00663925020831,1996
1996-01-17,31.64414885716373,1996
1996-01-18,30.972066306746306,1996
1996-01-19,29.263257716045793,1996
1996-01-20,29.624425220523,1996
1996-01-21,29.521838543176074,1996
1996-01-22,30.174157550527536,1996
1996-01-23,29.737448504633957,1996
1996-01-24,30.074678686034,1996
1996-01-25,30.798467800030803,1996
1996-01-26,31.54229899282748,1996
1996-01-27,32.02229117438695,1996
1996-01-28,33.26746420293269,1996
1996-01-29,33.302240801835964,1996
1996-01-30,32.49782583625427,1996
1996-01-31,31.98778364639609,1996
1996-02-01,31.604708821809,1996
1996-02-02,31.5064884621045,1996
1996-02-03,31.226585874616955,1996
1996-02-04,32.218039444400276,1996
1996-02-05,31.15228397777756,1996
1996-02-06,31.759711632195312,1996
1996-02-07,32.19525353301735,1996
1996-02-08,32.94941832409603,1996
1996-02-09,32.170218849254745,1996
1996-02-10,31.96867325872563,1996
1996-02-11,32.94208875630318,1996
1996-02-12,32.36633589846411,1996
1996-02-13,32.27264826329538,1996
1996-02-14,31.95105249828705,1996
1996-02-15,32.42022808544154,1996
1996-02-16,32.00424647165711,1996
1996-02-17,32.500199969046285,1996
1996-02-18,32.29017008557048,1996
1996-02-19,31.902930096971858,1996
1996-02-20,32.29006783673948,1996
1996-02-21,32.327661455833315,1996
1996-02-22,33.660307445746504,1996
1996-02-23,33.42048032551533,1996
1996-02-24,33.238337475189944,1996
1996-02-25,33.651652192706585,1996
1996-02-26,32.91612463356175,1996
1996-02-27,32.19931027376148,1996
1996-02-28,32.319198300549544,1996
1996-02-29,33.5854655010886,1996
1996-03-01,33.92307872748524,1996
1996-03-02,32.523115782181684,1996
1996-03-03,32.91793467924059,1996
1996-03-04,33.548164850469234,1996
1996-03-05,33.92573740380687,1996
1996-03-06,33.104458346144796,1996
1996-03-07,33.47016369832326,1996
1996-03-08,32.94844625790807,1996
1996-03-09,33.70677571489923,1996
1996-03-10,34.97699849299309,1996
1996-03-11,34.27570602278328,1996
1996-03-12,33.5530964025693,1996
1996-03-13,33.400202249747025,1996
1996-03-14,33.20931140647853,1996
1996-03-15,33.29836621010229,1996
1996-03-16,33.4802546300324,1996
1996-03-17,31.995409701274426,1996
1996-03-18,32.47425175139098,1996
1996-03-19,34.19530534273573,1996
1996-03-20,33.26712668538832,1996
1996-03-21,33.532931774903176,1996
1996-03-22,33.315004986928884,1996
1996-03-23,35.00762232183581,1996
1996-03-24,33.58821634043808,1996
1996-03-25,33.217847958344244,1996
1996-03-26,33.001761192360604,1996
1996-03-27,33.26625234622708,1996
1996-03-28,35.16095900390708,1996
1996-03-29,34.02015035362331,1996
1996-03-30,32.059767893572,1996
1996-03-31,34.19522931048142,1996
1996-04-01,35.4858991758043,1996
1996-04-02,35.489929435132474,1996
1996-04-03,34.910935955408824,1996
1996-04-04,33.17048562059349,1996
1996-04-05,34.10321473385838,1996
1996-04-06,34.582368883438654,1996
1996-04-07,34.24195748988751,1996
1996-04-08,34.68325616452082,1996
1996-04-09,34.35028894813591,1996
1996-04-10,34.3844027450665,1996
1996-04-11,33.64744663387926,1996
1996-04-12,33.64133648601112,1996
1996-04-13,33.62830747103018,1996
1996-04-14,34.70665077796648,1996
1996-04-15,34.81217510730428,1996
1996-04-16,33.95254687363593,1996
1996-04-17,34.48308327919818,1996
1996-04-18,33.69560179722605,1996
1996-04-19,33.15434801083898,1996
1996-04-20,33.51551748794623,1996
1996-04-21,33.22036321066942,1996
1996-04-22,33.6619592505649,1996
1996-04-23,33.87900467988037,1996
1996-04-24,32.88047893046596,1996
1996-04-25,32.94511023435298,1996
1996-04-26,33.26624146552993,1996
1996-04-27,32.52848935500915,1996
1996-04-28,33.747506797901494,1996
1996-04-29,32.346717899157625,1996
1996-04-30,33.13822143841257,1996
1996-05-01,32.34035053732613,1996
1996-05-02,32.39612013576214,1996
1996-05-03,31.866881212838827,1996
1996-05-04,31.610190707473222,1996
1996-05-05,31.388417813852058,1996
1996-05-06,32.49799997623429,1996
1996-05-07,30.919954258479223,1996
1996-05-08,30.634697391386634,1996
1996-05-09,29.451884675391213,1996
1996-05-10,30.698546626692746,1996
1996-05-11,31.697261765259164,1996
1996-05-12,29.735140008791667,1996
1996-05-13,30.730345405280502,1996
1996-05-14,30.742924707131642,1996
1996-05-15,31.444504946602347,1996
1996-05-16,32.00929335507648,1996
1996-05-17,32.12876436321287,1996
1996-05-18,31.2636995170891,1996
1996-05-19,31.098645515637088,1996
1996-05-20,30.248790912974542,1996
1996-05-21,29.732041117450656,1996
1996-05-22,29.90695065238125,1996
1996-05-23,29.189282783139298,1996
1996-05-24,28.73635562978512,1996
1996-05-25,28.612542385362264,1996
1996-05-26,28.930626070635434,1996
1996-05-27,28.891393488118055,1996
1996-05-28,28.533580933956088,1996
1996-05-29,29.126120853903153,1996
1996-05-30,30.410893037480996,1996
1996-05-31,30.88636387539951,1996
1996-06-01,29.558250267532408,1996
1996-06-02,29.22876876239565,1996
1996-06-03,29.833762072296086,1996
1996-06-04,28.540557579184245,1996
1996-06-05,27.486347815544377,1996
1996-06-06,28.27301581737435,1996
1996-06-07,29.091470265875547,1996
1996-06-08,29.667027868400297,1996
1996-06-09,28.145371308165856,1996
1996-06-10,27.098118875854794,1996
1996-06-11,26.622898894589888,1996
1996-06-12,29.061504661864316,1996
1996-06-13,29.485661691829804,1996
1996-06-14,29.634631908259216,1996
1996-06-15,28.757381987305582,1996
1996-06-16,29.389141591871805,1996
1996-06-17,29.285912284197956,1996
1996-06-18,29.890111978545107,1996
1996-06-19,30.354668368019723,1996
1996-06-20,29.602158459592857,1996
1996-06-21,29.839111376202837,1996
1996-06-22,30.11508320820561,1996
1996-06-23,30.27541175365546,1996
1996-06-24,29.948144796864582,1996
1996-06-25,29.27671801080715,1996
1996-06-26,29.41629969097351,1996
1996-06-27,29.126890390172,1996
1996-06-28,29.517840508069348,1996
1996-06-29,30.043572661478567,1996
1996-06-30,29.663705061995103,1996
1996-07-01,29.797004709304403,1996
1996-07-02,29.493773612675596,1996
1996-07-03,29.54324514503528,1996
1996-07-04,29.980998199621393,1996
1996-07-05,29.2797469180113,1996
1996-07-06,29.848156032476428,1996
1996-07-07,29.738886857275432,1996
1996-07-08,28.930178512552118,1996
1996-07-09,28.848454833065368,1996
1996-07-10,29.935043033851464,1996
1996-07-11,29.742101982699328,1996
1996-07-12,29.332679489092662,1996
1996-07-13,29.547772351886586,1996
1996-07-14,29.005087979188595,1996
1996-07-15,28.18858335832613,1996
1996-07-16,29.155737600443302,1996
1996-07-17,28.165188253893604,1996
1996-07-18,28.771301102592698,1996
1996-07-19,29.24566210841028,1996
1996-07-20,29.47207626042777,1996
1996-07-21,29.460569548600077,1996
1996-07-22,29.76996661809095,1996
1996-07-23,29.46590213253473,1996
1996-07-24,28.183308566434125,1996
1996-07-25,27.884586764201295,1996
1996-07-26,28.35482716216027,1996
1996-07-27,28.22213008349978,1996
1996-07-28,28.422147286511134,1996
1996-07-29,27.60248796468362,1996
1996-07-30,29.249912151236437,1996
1996-07-31,29.80746430073447,1996
1996-08-01,30.044058132493685,1996
1996-08-02,29.99758949195626,1996
1996-08-03,27.52183313548662,1996
1996-08-04,27.888461682787355,1996
1996-08-05,27.642463099073133,1996
1996-08-06,28.672765855612987,1996
1996-08-07,27.84757619327254,1996
1996-08-08,27.974966086445225,1996
1996-08-09,28.244449915810513,1996
1996-08-10,28.04518758961155,1996
1996-08-11,28.29168062879389,1996
1996-08-12,27.75724823882969,1996
1996-08-13,28.566770503510767,1996
1996-08-14,27.281061637834583,1996
1996-08-15,27.950635687721245,1996
1996-08-16,29.33823156717991,1996
1996-08-17,28.980280063004614,1996
1996-08-18,27.967245076796587,1996
1996-08-19,28.291542352600572,1996
1996-08-20,29.00978286683426,1996
1996-08-21,28.569051155762914,1996
1996-08-22,29.16826577534626,1996
1996-08-23,28.61683152260422,1996
1996-08-24,29.30490609055083,1996
1996-08-25,29.070155315806282,1996
1996-08-26,28.129903784450256,1996
1996-08-27,27.843159689035925,1996
1996-08-28,27.963813161363625,1996
1996-08-29,29.121350913833137,1996
1996-08-30,28.491689989296972,1996
1996-08-31,28.039933178701705,1996
1996-09-01,28.27124166768612,1996
1996-09-02,28.819494036115024,1996
1996-09-03,28.80698633680236,1996
1996-09-04,28.666451744155793,1996
1996-09-05,29.13437009006558,1996
1996-09-06,29.129199979941866,1996
1996-09-07,29.719810358319556,1996
1996-09-08,29.91536431299105,1996
1996-09-09,30.076554539102514,1996
1996-09-10,29.33000044627135,1996
1996-09-11,28.855668443532366,1996
1996-09-12,29.858748785541728,1996
1996-09-13,28.262613788673967,1996
1996-09-14,28.34824558668725,1996
1996-09-15,29.626913248084342,1996
1996-09-16,29.261095107102957,1996
1996-09-17,28.48784595621687,1996
1996-09-18,28.42171856424092,1996
1996-09-19,28.919114976043076,1996
1996-09-20,28.89764241363156,1996
1996-09-21,29.90766488949857,1996
1996-09-22,29.875151479801445,1996
1996-09-23,29.860410282849593,1996
1996-09-24,29.638808343224483,1996
1996-09-25,29.737388247187774,1996
1996-09-26,29.365190252580526,1996
1996-09-27,30.330391556611332,1996
1996-09-28,30.024324966007214,1996
1996-09-29,30.046735033075603,1996
1996-09-30,29.889398901286327,1996
1996-10-01,30.070297185282158,1996
1996-10-02,30.6778763644347,1996
1996-10-03,30.382070261028865,1996
1996-10-04,30.280516726793323,1996
1996-10-05,30.941122307064933,1996
1996-10-06,30.340774480192003,1996
1996-10-07,30.023791624230597,1996
1996-10-08,30.239630547508263,1996
1996-10-09,30.034035257537372,1996
1996-10-10,29.312506451648627,1996
1996-10-11,29.226656704090715,1996
1996-10-12,29.576865905347162,1996
1996-10-13,29.281754667493235,1996
1996-10-14,29.999275700415847,1996
1996-10-15,30.481639467260887,1996
1996-10-16,30.106176581991583,1996
1996-10-17,30.56740376908768,1996
1996-10-18,30.419869912270006,1996
1996-10-19,31.236394869563412,1996
1996-10-20,32.23890637367587,1996
1996-10-21,31.370854778708335,1996
1996-10-22,30.759322725032714,1996
1996-10-23,30.0539960357656,1996
1996-10-24,31.092981697801633,1996
1996-10-25,31.6571313487353,1996
1996-10-26,31.11094468080873,1996
1996-10-27,31.649981046000132,1996
1996-10-28,32.17038142384532,1996
1996-10-29,32.904099762528816,1996
1996-10-30,30.449338101299436,1996
1996-10-31,31.00679140688706,1996
1996-11-01,30.087209059361598,1996
1996-11-02,30.01659155438964,1996
1996-11-03,29.383529115705507,1996
1996-11-04,29.02188787573928,1996
1996-11-05,31.04658368968834,1996
1996-11-06,31.599421183973842,1996
1996-11-07,31.061338056158277,1996
1996-11-08,31.802159392768253,1996
1996-11-09,31.19432764237159,1996
1996-11-10,31.269797633223035,1996
1996-11-11,31.056398838393342,1996
1996-11-12,31.325781753546675,1996
1996-11-13,31.230291135056152,1996
1996-11-14,31.60659660664019,1996
1996-11-15,30.8418441273206,1996
1996-11-16,30.599400112613452,1996
1996-11-17,31.23163317781092,1996
1996-11-18,30.24630861482253,1996
1996-11-19,30.66882138966954,1996
1996-11-20,30.542366897245778,1996
1996-11-21,28.978705775416117,1996
1996-11-22,28.441192810846143,1996
1996-11-23,30.067041174920313,1996
1996-11-24,28.167161985158632,1996
1996-11-25,27.924687580053682,1996
1996-11-26,30.16047143137132,1996
1996-11-27,28.72192475455141,1996
1996-11-28,30.426252948469525,1996
1996-11-29,30.96593817612481,1996
1996-11-30,29.881991793549993,1996
1996-12-01,29.35949603442075,1996
1996-12-02,30.704443984431784,1996
1996-12-03,30.489781800800724,1996
1996-12-04,30.3114086739488,1996
1996-12-05,29.73476247458136,1996
1996-12-06,29.206210703922075,1996
1996-12-07,30.22968777681456,1996
1996-12-08,30.49672172216217,1996
1996-12-09,30.742627571382954,1996
1996-12-10,30.842093935512196,1996
1996-12-11,29.86955379072858,1996
1996-12-12,29.51419652724526,1996
1996-12-13,30.147718195670297,1996
1996-12-14,31.01271606696653,1996
1996-12-15,29.232372802589932,1996
1996-12-16,29.867280441039107,1996
1996-12-17,32.19817570580798,1996
1996-12-18,31.765314718886735,1996
1996-12-19,31.871097124603295,1996
1996-12-20,32.03778668705474,1996
1996-12-21,31.633786341718977,1996
1996-12-22,31.301252439815293,1996
1996-12-23,31.40206837654852,1996
1996-12-24,32.5737109682279,1996
1996-12-25,31.704046226757804,1996
1996-12-26,31.647254355444016,1996
1996-12-27,31.66536813127306,1996
1996-12-28,32.80712765599975,1996
1996-12-29,32.43164618954856,1996
1996-12-30,30.82503910920302,1996
1996-12-31,28.397207265973357,1996
1997-01-01,26.633817199625646,1997
1997-01-02,26.552809802405637,1997
1997-01-03,29.960913092982302,1997
1997-01-04,31.14429053178037,1997
1997-01-05,31.136892984225913,1997
1997-01-06,31.07959772452533,1997
1997-01-07,32.04366492362375,1997
1997-01-08,32.14733774949156,1997
1997-01-09,32.311021749783656,1997
1997-01-10,32.50121190786916,1997
1997-01-11,32.609644706390824,1997
1997-01-12,31.323454115290197,1997
1997-01-13,32.76064424815475,1997
1997-01-14,31.427932168957753,1997
1997-01-15,31.904774179578325,1997
1997-01-16,31.250611994541757,1997
1997-01-17,31.104266738411123,1997
1997-01-18,31.463300193662025,1997
1997-01-19,30.80304337635238,1997
1997-01-20,31.027506074310065,1997
1997-01-21,31.681009306062663,1997
1997-01-22,31.338627802889803,1997
1997-01-23,32.039292514707654,1997
1997-01-24,31.78596236457812,1997
1997-01-25,31.765469337867227,1997
1997-01-26,31.889040597762047,1997
1997-01-27,31.908786254845744,1997
1997-01-28,31.967563030706888,1997
1997-01-29,30.756481949781836,1997
1997-01-30,31.68305503134057,1997
1997-01-31,31.7200951828117,1997
1997-02-01,32.38255497412932,1997
1997-02-02,33.3468655330586,1997
1997-02-03,33.08043041543881,1997
1997-02-04,34.195388102738576,1997
1997-02-05,32.18209072197475,1997
1997-02-06,33.58017142672035,1997
1997-02-07,33.325836636494394,1997
1997-02-08,32.11107003493582,1997
1997-02-09,33.236563484301755,1997
1997-02-10,33.13156418455366,1997
1997-02-11,34.004538036419014,1997
1997-02-12,32.43593873258284,1997
1997-02-13,33.15815987922562,1997
1997-02-14,33.826346388133295,1997
1997-02-15,32.16697150250869,1997
1997-02-16,30.732864845561572,1997
1997-02-17,30.791968439262092,1997
1997-02-18,32.10542227612261,1997
1997-02-19,31.961564982665177,1997
1997-02-20,31.600654971258077,1997
1997-02-21,32.17436320988419,1997
1997-02-22,32.79847225791165,1997
1997-02-23,32.03895230210906,1997
1997-02-24,31.530856249415468,1997
1997-02-25,31.28027371897909,1997
1997-02-26,32.658729671797275,1997
1997-02-27,33.79951187961917,1997
1997-02-28,33.89216098677004,1997
1997-03-01,33.95096313857506,1997
1997-03-02,33.844391141023785,1997
1997-03-03,34.60383206595638,1997
1997-03-04,34.95302402555484,1997
1997-03-05,33.48308274126953,1997
1997-03-06,32.96527108425758,1997
1997-03-07,33.78302493656707,1997
1997-03-08,32.90855055043401,1997
1997-03-09,31.64681750190295,1997
1997-03-10,32.89218525696374,1997
1997-03-11,32.9899693731465,1997
1997-03-12,33.13362053185198,1997
1997-03-13,32.66946363216641,1997
1997-03-14,32.446416160518496,1997
1997-03-15,33.966554450881844,1997
1997-03-16,33.70724679212833,1997
1997-03-17,32.457271542592025,1997
1997-03-18,32.260154424581074,1997
1997-03-19,33.53109260142084,1997
1997-03-20,32.62040402984298,1997
1997-03-21,31.89213980952777,1997
1997-03-22,32.06460832797898,1997
1997-03-23,32.821006486763665,1997
1997-03-24,34.07390351462601,1997
1997-03-25,33.651549648076255,1997
1997-03-26,33.077196888864876,1997
1997-03-27,32.185972033049254,1997
1997-03-28,32.31171728289921,1997
1997-03-29,32.69792995079436,1997
1997-03-30,31.662839723824206,1997
1997-03-31,33.185281498232996,1997
1997-04-01,32.572850800466355,1997
1997-04-02,32.37231671565705,1997
1997-04-03,31.854408788426255,1997
1997-04-04,31.496890105009886,1997
1997-04-05,31.824305559446238,1997
1997-04-06,33.14888541756652,1997
1997-04-07,33.160101477511134,1997
1997-04-08,33.132060592168074,1997
1997-04-09,33.36536983779571,1997
1997-04-10,33.108202121420426,1997
1997-04-11,32.87252147644245,1997
1997-04-12,32.21202182820905,1997
1997-04-13,33.779228966875486,1997
1997-04-14,32.255292698136806,1997
1997-04-15,32.43802638771841,1997
1997-04-16,31.66081812994279,1997
1997-04-17,31.404075484879375,1997
1997-04-18,32.490920889395476,1997
1997-04-19,32.58917833172134,1997
1997-04-20,32.695218490834264,1997
1997-04-21,32.93062037276226,1997
1997-04-22,33.15808231937845,1997
1997-04-23,33.12437532366745,1997
1997-04-24,33.00452174154382,1997
1997-04-25,34.099296039626964,1997
1997-04-26,33.184928598280756,1997
1997-04-27,32.8849103916067,1997
1997-04-28,31.98877475552164,1997
1997-04-29,32.36347259920209,1997
1997-04-30,32.33198781568758,1997
1997-05-01,32.587496590998626,1997
1997-05-02,32.337573430994574,1997
1997-05-03,31.991223131043412,1997
1997-05-04,30.05471782687962,1997
1997-05-05,30.791609788390446,1997
1997-05-06,31.59546359412922,1997
1997-05-07,29.940626674897526,1997
1997-05-08,31.39897209279612,1997
1997-05-09,29.632764038430494,1997
1997-05-10,31.692522491172646,1997
1997-05-11,32.0051196846043,1997
1997-05-12,30.493067758574863,1997
1997-05-13,30.813662611952758,1997
1997-05-14,29.94135562551618,1997
1997-05-15,31.207001026220574,1997
1997-05-16,32.127619856690885,1997
1997-05-17,32.72347065941224,1997
1997-05-18,32.14026867802504,1997
1997-05-19,32.738490972086296,1997
1997-05-20,32.172427738658165,1997
1997-05-21,29.6288752323692,1997
1997-05-22,29.16142508753124,1997
1997-05-23,30.950872081997034,1997
1997-05-24,30.171260644196295,1997
1997-05-25,30.381043589652286,1997
1997-05-26,29.52611084788647,1997
1997-05-27,29.515768730125135,1997
1997-05-28,29.233797519841506,1997
1997-05-29,29.490984303081827,1997
1997-05-30,28.811096036126,1997
1997-05-31,28.346473757341474,1997
1997-06-01,29.405174363041734,1997
1997-06-02,29.449226189833915,1997
1997-06-03,30.09991310395572,1997
1997-06-04,31.073114973844895,1997
1997-06-05,32.0469939618691,1997
1997-06-06,31.360514033164588,1997
1997-06-07,30.895270062873784,1997
1997-06-08,30.336450287926432,1997
1997-06-09,31.496634154471334,1997
1997-06-10,31.26106527771653,1997
1997-06-11,31.495436610554307,1997
1997-06-12,31.714916946579592,1997
1997-06-13,31.301536333099847,1997
1997-06-14,31.529574834899858,1997
1997-06-15,30.29319488888555,1997
1997-06-16,29.470007889932432,1997
1997-06-17,29.979658452933116,1997
1997-06-18,29.805609881426896,1997
1997-06-19,30.139264603208282,1997
1997-06-20,29.23262103524294,1997
1997-06-21,28.91357129495877,1997
1997-06-22,29.586250838115582,1997
1997-06-23,28.490992345813723,1997
1997-06-24,29.42460135202556,1997
1997-06-25,30.270828935584905,1997
1997-06-26,28.786054315635894,1997
1997-06-27,28.8134004204351,1997
1997-06-28,28.63577852067865,1997
1997-06-29,28.338785160539842,1997
1997-06-30,27.902615158517595,1997
1997-07-01,28.162368097590843,1997
1997-07-02,28.365421143580733,1997
1997-07-03,27.740842582520518,1997
1997-07-04,26.964066236957546,1997
1997-07-05,27.524555332473028,1997
1997-07-06,27.82046578601357,1997
1997-07-07,26.16498556659087,1997
1997-07-08,28.246771860038205,1997
1997-07-09,28.71107966210438,1997
1997-07-10,28.954337115551546,1997
1997-07-11,27.890948001061908,1997
1997-07-12,27.955553674568645,1997
1997-07-13,28.07651555256959,1997
1997-07-14,28.975547968703225,1997
1997-07-15,29.253848331512263,1997
1997-07-16,28.140676366129444,1997
1997-07-17,28.548218915525794,1997
1997-07-18,27.780555880887512,1997
1997-07-19,28.06474151014499,1997
1997-07-20,28.625146852494304,1997
1997-07-21,28.160047693995903,1997
1997-07-22,27.059899454798757,1997
1997-07-23,26.792097670911595,1997
1997-07-24,29.23442285086092,1997
1997-07-25,28.516522933075493,1997
1997-07-26,28.278198447038978,1997
1997-07-27,27.639054768144348,1997
1997-07-28,28.40985162524893,1997
1997-07-29,28.26608178502893,1997
1997-07-30,28.701644745774043,1997
1997-07-31,29.937140875150178,1997
1997-08-01,30.69490990861967,1997
1997-08-02,30.525234646811253,1997
1997-08-03,30.261945326968757,1997
1997-08-04,29.79412494284445,1997
1997-08-05,29.046983832572145,1997
1997-08-06,29.187787881454824,1997
1997-08-07,28.739012246633372,1997
1997-08-08,28.349923147624438,1997
1997-08-09,29.46177974310344,1997
1997-08-10,27.861769151633634,1997
1997-08-11,27.21181351537121,1997
1997-08-12,26.812994824153595,1997
1997-08-13,26.9964541066913,1997
1997-08-14,27.32694579338817,1997
1997-08-15,28.317923982796557,1997
1997-08-16,28.300326029489423,1997
1997-08-17,26.947692308797112,1997
1997-08-18,28.035481128252542,1997
1997-08-19,27.83164022687013,1997
1997-08-20,27.47862450318698,1997
1997-08-21,28.370360792301117,1997
1997-08-22,28.59205622682416,1997
1997-08-23,29.629943801128803,1997
1997-08-24,29.834021355247636,1997
1997-08-25,29.539486432419803,1997
1997-08-26,28.581224810545482,1997
1997-08-27,28.719758998985338,1997
1997-08-28,29.010877816757166,1997
1997-08-29,29.06756021950374,1997
1997-08-30,28.439870592777652,1997
1997-08-31,28.465842552261226,1997
1997-09-01,28.94416691151214,1997
1997-09-02,29.21861545488343,1997
1997-09-03,27.95173323814666,1997
1997-09-04,27.880945070747842,1997
1997-09-05,28.239833048961167,1997
1997-09-06,29.307608354055112,1997
1997-09-07,29.55016517630809,1997
1997-09-08,29.001973660410524,1997
1997-09-09,29.48756029418348,1997
1997-09-10,29.09254891026672,1997
1997-09-11,28.39807835259819,1997
1997-09-12,29.437661899356826,1997
1997-09-13,29.229747737574154,1997
1997-09-14,29.344095799108892,1997
1997-09-15,28.643475014624677,1997
1997-09-16,29.674778369590246,1997
1997-09-17,29.700041234300798,1997
1997-09-18,29.92165975491073,1997
1997-09-19,29.039819561149354,1997
1997-09-20,28.26261870750845,1997
1997-09-21,27.959795488592334,1997
1997-09-22,29.441336538002076,1997
1997-09-23,29.717208699200654,1997
1997-09-24,29.567183280445917,1997
1997-09-25,29.630905959996035,1997
1997-09-26,27.52425643444208,1997
1997-09-27,27.617217070776594,1997
1997-09-28,28.021075486591016,1997
1997-09-29,28.28911071610161,1997
1997-09-30,28.857808151985175,1997
1997-10-01,30.38132119334685,1997
1997-10-02,29.831461814986774,1997
1997-10-03,30.317558578717037,1997
1997-10-04,30.334178340468654,1997
1997-10-05,30.090328293216455,1997
1997-10-06,29.968434326529007,1997
1997-10-07,29.20606527635693,1997
1997-10-08,28.898466864808622,1997
1997-10-09,29.05984295522314,1997
1997-10-10,29.83364850768426,1997
1997-10-11,29.68740178511039,1997
1997-10-12,29.729923153996857,1997
1997-10-13,29.65953604366251,1997
1997-10-14,30.236079674659173,1997
1997-10-15,31.22199666689902,1997
1997-10-16,31.55999350398143,1997
1997-10-17,31.391753538765332,1997
1997-10-18,31.31491077273935,1997
1997-10-19,30.403946465663214,1997
1997-10-20,30.298025074755916,1997
1997-10-21,31.034173661441717,1997
1997-10-22,30.134968864472782,1997
1997-10-23,30.700362649675498,1997
1997-10-24,31.790366493402683,1997
1997-10-25,30.34545467643739,1997
1997-10-26,30.877327584350944,1997
1997-10-27,31.039168892363918,1997
1997-10-28,32.027703199615786,1997
1997-10-29,29.109715828774014,1997
1997-10-30,29.802792885677135,1997
1997-10-31,30.497058725157764,1997
1997-11-01,30.44716612355325,1997
1997-11-02,30.170479701343226,1997
1997-11-03,29.383805956354372,1997
1997-11-04,29.70974681095372,1997
1997-11-05,30.019712972527195,1997
1997-11-06,30.23128255288396,1997
1997-11-07,30.049461624890544,1997
1997-11-08,30.709162522344684,1997
1997-11-09,31.381932944385337,1997
1997-11-10,30.618937039575453,1997
1997-11-11,30.344122778843012,1997
1997-11-12,30.635698637460614,1997
1997-11-13,29.88835181085802,1997
1997-11-14,30.682473835465224,1997
1997-11-15,30.722537389473892,1997
1997-11-16,30.801609378992527,1997
1997-11-17,30.9880385061799,1997
1997-11-18,31.34134550007392,1997
1997-11-19,31.41049003580727,1997
1997-11-20,30.977920669115214,1997
1997-11-21,30.37834802713544,1997
1997-11-22,30.241658777865755,1997
1997-11-23,28.16803785639647,1997
1997-11-24,28.893678475399852,1997
1997-11-25,30.43297475807067,1997
1997-11-26,31.01584337917224,1997
1997-11-27,31.853106521147673,1997
1997-11-28,30.802446751003423,1997
1997-11-29,29.016067001310933,1997
1997-11-30,30.17609765326577,1997
1997-12-01,30.201332697631088,1997
1997-12-02,28.464830406633194,1997
1997-12-03,28.053880749962662,1997
1997-12-04,29.760376047369633,1997
1997-12-05,30.277161018730144,1997
1997-12-06,31.290396534510222,1997
1997-12-07,31.69037799282893,1997
1997-12-08,30.332592275417273,1997
1997-12-09,30.752704918417727,1997
1997-12-10,29.75396399019549,1997
1997-12-11,28.632378873870113,1997
1997-12-12,28.354410982319656,1997
1997-12-13,28.73552818746145,1997
1997-12-14,30.080810499895037,1997
1997-12-15,29.345034226529012,1997
1997-12-16,28.259687669274086,1997
1997-12-17,28.59340892896445,1997
1997-12-18,30.35481193070047,1997
1997-12-19,30.230452238170848,1997
1997-12-20,29.744187304012733,1997
1997-12-21,29.34809374200853,1997
1997-12-22,30.074241591771006,1997
1997-12-23,30.97288858856387,1997
1997-12-24,30.689258656350738,1997
1997-12-25,29.9213901025693,1997
1997-12-26,29.081315829990995,1997
1997-12-27,30.211656020106183,1997
1997-12-28,30.574133637561836,1997
1997-12-29,31.058729860671022,1997
1997-12-30,29.260250848126915,1997
1997-12-31,28.9963694637056,1997
1998-01-01,29.563217570406927,1998
1998-01-02,30.349848067699785,1998
1998-01-03,30.042666507117698,1998
1998-01-04,30.544147543721284,1998
1998-01-05,31.04281530324817,1998
1998-01-06,30.660040721448663,1998
1998-01-07,30.46878723427611,1998
1998-01-08,29.147059299640617,1998
1998-01-09,28.511244072196114,1998
1998-01-10,29.22830961371342,1998
1998-01-11,29.437102335932913,1998
1998-01-12,30.01299084178287,1998
1998-01-13,30.964950129618288,1998
1998-01-14,30.790577558056874,1998
1998-01-15,29.616423093402197,1998
1998-01-16,30.595862013260614,1998
1998-01-17,30.604985534673226,1998
1998-01-18,29.852423762700532,1998
1998-01-19,29.291112507501783,1998
1998-01-20,31.735413488870076,1998
1998-01-21,30.007268885094753,1998
1998-01-22,29.74039902890087,1998
1998-01-23,29.328036585048146,1998
1998-01-24,29.526615353150827,1998
1998-01-25,30.248898674098943,1998
1998-01-26,30.827853641200093,1998
1998-01-27,31.407819264823626,1998
1998-01-28,32.03017544287642,1998
1998-01-29,31.207533664151434,1998
1998-01-30,31.897553133735094,1998
1998-01-31,31.566868668885704,1998
1998-02-01,32.071314860066636,1998
1998-02-02,32.35296060332566,1998
1998-02-03,31.20252472727757,1998
1998-02-04,32.46575599778194,1998
1998-02-05,32.449117087107794,1998
1998-02-06,32.6971310431132,1998
1998-02-07,32.36647450443288,1998
1998-02-08,31.543119295542898,1998
1998-02-09,31.085100426026113,1998
1998-02-10,32.644832562576646,1998
1998-02-11,32.35202000992377,1998
1998-02-12,31.250795422259614,1998
1998-02-13,30.38869928180293,1998
1998-02-14,31.13022339940512,1998
1998-02-15,31.726508979895193,1998
1998-02-16,31.765021273815425,1998
1998-02-17,31.22496309234316,1998
1998-02-18,30.359613652686498,1998
1998-02-19,30.90752549721675,1998
1998-02-20,30.824333437717033,1998
1998-02-21,31.084237786648114,1998
1998-02-22,32.61313828215283,1998
1998-02-23,32.556965716208694,1998
1998-02-24,31.79758702949586,1998
1998-02-25,31.948451193672113,1998
1998-02-26,33.64494772248208,1998
1998-02-27,32.00440506978698,1998
1998-02-28,31.499446978811235,1998
1998-03-01,33.44267775906825,1998
1998-03-02,33.01332530644551,1998
1998-03-03,33.73791327456185,1998
1998-03-04,33.500322386692176,1998
1998-03-05,33.87537333106757,1998
1998-03-06,32.72403958802074,1998
1998-03-07,33.225888445471185,1998
1998-03-08,32.78501996696101,1998
1998-03-09,33.63070554507313,1998
1998-03-10,33.820456374689996,1998
1998-03-11,32.88580164434061,1998
1998-03-12,33.36709617140288,1998
1998-03-13,33.67043386782075,1998
1998-03-14,34.609795362448,1998
1998-03-15,34.18104984057905,1998
1998-03-16,32.75325533087649,1998
1998-03-17,33.53823997964564,1998
1998-03-18,35.19857428941115,1998
1998-03-19,34.86882047402274,1998
1998-03-20,34.182028343037196,1998
1998-03-21,33.89786570686023,1998
1998-03-22,33.57698562913545,1998
1998-03-23,32.31876748471594,1998
1998-03-24,32.45236846829906,1998
1998-03-25,33.088177740567225,1998
1998-03-26,32.27159839013426,1998
1998-03-27,32.81741580027396,1998
1998-03-28,32.829225457024585,1998
1998-03-29,32.17460598021884,1998
1998-03-30,32.699256854876346,1998
1998-03-31,33.630385937475516,1998
1998-04-01,34.349691148965995,1998
1998-04-02,34.00049898025451,1998
1998-04-03,33.88565840056663,1998
1998-04-04,33.327563997162116,1998
1998-04-05,32.26597407497387,1998
1998-04-06,32.841712896392906,1998
1998-04-07,32.4982707608542,1998
1998-04-08,31.539492422233156,1998
1998-04-09,32.52151910350009,1998
1998-04-10,32.90109990723792,1998
1998-04-11,33.40772967469541,1998
1998-04-12,34.35911202179528,1998
1998-04-13,32.97198688723573,1998
1998-04-14,31.312439112703082,1998
1998-04-15,32.16675424201207,1998
1998-04-16,33.22587930926853,1998
1998-04-17,33.385007610767225,1998
1998-04-18,32.915450073891854,1998
1998-04-19,33.79222699335995,1998
1998-04-20,33.46684299048738,1998
1998-04-21,33.279429504982154,1998
1998-04-22,33.439526515473844,1998
1998-04-23,33.567857048521034,1998
1998-04-24,32.81892074153719,1998
1998-04-25,33.07885863908277,1998
1998-04-26,32.503456219721386,1998
1998-04-27,32.91714107757741,1998
1998-04-28,33.96362372725913,1998
1998-04-29,33.21304145312273,1998
1998-04-30,33.37311346612099,1998
1998-05-01,32.77361111342613,1998
1998-05-02,32.210878187788964,1998
1998-05-03,33.14010996340633,1998
1998-05-04,32.731422620357655,1998
1998-05-05,33.182565109431735,1998
1998-05-06,32.02891305517594,1998
1998-05-07,31.543704922736787,1998
1998-05-08,32.2908775595218,1998
1998-05-09,32.70270377726809,1998
1998-05-10,32.689781984796696,1998
1998-05-11,32.51109229718688,1998
1998-05-12,31.568278170956592,1998
1998-05-13,31.675409947023226,1998
1998-05-14,29.006530578182762,1998
1998-05-15,31.034804497255113,1998
1998-05-16,30.595296021004707,1998
1998-05-17,30.31016916206794,1998
1998-05-18,31.475812443684134,1998
1998-05-19,31.100240509667003,1998
1998-05-20,32.01825619439351,1998
1998-05-21,32.042599319878214,1998
1998-05-22,31.695990840005685,1998
1998-05-23,30.698365791150156,1998
1998-05-24,31.624099609301368,1998
1998-05-25,31.595076797036516,1998
1998-05-26,31.752517819812766,1998
1998-05-27,32.36621829757103,1998
1998-05-28,31.343002201570883,1998
1998-05-29,31.307748864823424,1998
1998-05-30,30.878609377950927,1998
1998-05-31,30.840183486448794,1998
1998-06-01,30.952292500098793,1998
1998-06-02,30.957537241191062,1998
1998-06-03,28.69433385867261,1998
1998-06-04,29.009070134363434,1998
1998-06-05,28.488125944966445,1998
1998-06-06,28.661679309558917,1998
1998-06-07,28.610249574724612,1998
1998-06-08,28.175784726595985,1998
1998-06-09,28.932038823227433,1998
1998-06-10,28.801812001702118,1998
1998-06-11,29.164850490879815,1998
1998-06-12,28.770510539979206,1998
1998-06-13,29.265259838859233,1998
1998-06-14,28.737987730107186,1998
1998-06-15,29.160231847028452,1998
1998-06-16,26.84851765134671,1998
1998-06-17,26.74523811005686,1998
1998-06-18,27.30335733647687,1998
1998-06-19,26.84322830971733,1998
1998-06-20,27.34565985903137,1998
1998-06-21,27.601604246954103,1998
1998-06-22,27.694062867279428,1998
1998-06-23,28.01105127641033,1998
1998-06-24,28.196613887480048,1998
1998-06-25,28.942796336505157,1998
1998-06-26,28.159318591904956,1998
1998-06-27,28.20415465817382,1998
1998-06-28,28.50417840418018,1998
1998-06-29,28.43988914446955,1998
1998-06-30,28.395026316187234,1998
1998-07-01,28.169136910470666,1998
1998-07-02,29.02858174711807,1998
1998-07-03,29.670831803953824,1998
1998-07-04,29.972693186875432,1998
1998-07-05,29.429655939071615,1998
1998-07-06,28.610634450932007,1998
1998-07-07,27.282996336719748,1998
1998-07-08,28.04580857503681,1998
1998-07-09,28.41433092963336,1998
1998-07-10,28.078334692735368,1998
1998-07-11,29.001256099343138,1998
1998-07-12,29.428234130299366,1998
1998-07-13,29.79533477570058,1998
1998-07-14,29.605668755919083,1998
1998-07-15,28.596366190505734,1998
1998-07-16,27.58188445380759,1998
1998-07-17,27.730021234997185,1998
1998-07-18,28.376755104975114,1998
1998-07-19,27.699025312054218,1998
1998-07-20,27.91527420160327,1998
1998-07-21,28.342479704037373,1998
1998-07-22,28.678623903836048,1998
1998-07-23,29.050992503412722,1998
1998-07-24,28.866774702548337,1998
1998-07-25,29.91941320355,1998
1998-07-26,28.48804222224399,1998
1998-07-27,29.37084124728974,1998
1998-07-28,29.618459578498683,1998
1998-07-29,28.268973962803564,1998
1998-07-30,27.269374921052112,1998
1998-07-31,27.12774985353621,1998
1998-08-01,29.28399117627041,1998
1998-08-02,28.85171907577933,1998
1998-08-03,27.97485006795147,1998
1998-08-04,28.88251906773993,1998
1998-08-05,29.22003813532828,1998
1998-08-06,28.41312508559073,1998
1998-08-07,28.85853716864206,1998
1998-08-08,28.77522265298674,1998
1998-08-09,28.163621141266283,1998
1998-08-10,28.857570229102627,1998
1998-08-11,28.944270408806897,1998
1998-08-12,29.69901044377518,1998
1998-08-13,29.723682375135077,1998
1998-08-14,29.703177083345746,1998
1998-08-15,29.84649339934525,1998
1998-08-16,30.298279445628832,1998
1998-08-17,30.18842318049441,1998
1998-08-18,30.305108071988634,1998
1998-08-19,29.66400540869938,1998
1998-08-20,29.328321389993324,1998
1998-08-21,28.26167055378964,1998
1998-08-22,27.96302626890415,1998
1998-08-23,27.56059883998245,1998
1998-08-24,27.115610129254403,1998
1998-08-25,26.210179926672623,1998
1998-08-26,27.455107539069775,1998
1998-08-27,28.866648201161745,1998
1998-08-28,28.984764807320413,1998
1998-08-29,28.597406385380403,1998
1998-08-30,28.408073588778862,1998
1998-08-31,28.861129043921228,1998
1998-09-01,28.0284647735155,1998
1998-09-02,28.021105144545647,1998
1998-09-03,28.518186835993642,1998
1998-09-04,28.276459305765282,1998
1998-09-05,29.392548509072867,1998
1998-09-06,28.73656643263891,1998
1998-09-07,28.906078725182677,1998
1998-09-08,29.378062378929148,1998
1998-09-09,29.045614841596368,1998
1998-09-10,29.187750147830386,1998
1998-09-11,29.46990589308957,1998
1998-09-12,30.009530699974654,1998
1998-09-13,30.591393442097928,1998
1998-09-14,30.094531611444058,1998
1998-09-15,28.775359542478736,1998
1998-09-16,29.31877317041657,1998
1998-09-17,28.43701054330545,1998
1998-09-18,28.50032115014857,1998
1998-09-19,28.5642553356648,1998
1998-09-20,28.725368613741523,1998
1998-09-21,29.106041489950854,1998
1998-09-22,29.35362196081878,1998
1998-09-23,28.49971600265772,1998
1998-09-24,28.26659056113722,1998
1998-09-25,29.522684969647813,1998
1998-09-26,29.871038071777456,1998
1998-09-27,30.335514672483136,1998
1998-09-28,30.33929164396161,1998
1998-09-29,28.94636456744562,1998
1998-09-30,28.744645500898763,1998
1998-10-01,28.775553383030648,1998
1998-10-02,27.808578014991713,1998
1998-10-03,28.82231980834741,1998
1998-10-04,29.750231233593517,1998
1998-10-05,30.215779446074166,1998
1998-10-06,30.24444185448804,1998
1998-10-07,30.417550764469482,1998
1998-10-08,29.762077914231178,1998
1998-10-09,30.051029132077375,1998
1998-10-10,30.272149503041124,1998
1998-10-11,31.135978900495843,1998
1998-10-12,30.334720623567556,1998
1998-10-13,30.311406452280856,1998
1998-10-14,31.2875118850312,1998
1998-10-15,30.890221516915528,1998
1998-10-16,31.465977731261653,1998
1998-10-17,31.190368519204164,1998
1998-10-18,31.219350348299486,1998
1998-10-19,30.614806764688037,1998
1998-10-20,31.608729957140433,1998
1998-10-21,31.843777716310868,1998
1998-10-22,31.126086808657426,1998
1998-10-23,31.72928412058484,1998
1998-10-24,31.72008515822316,1998
1998-10-25,32.21058163008745,1998
1998-10-26,31.141682424923015,1998
1998-10-27,30.938782005180528,1998
1998-10-28,31.49985529420801,1998
1998-10-29,30.24240816443253,1998
1998-10-30,30.35080192383986,1998
1998-10-31,29.836199598818464,1998
1998-11-01,31.283607158267984,1998
1998-11-02,31.72783264587999,1998
1998-11-03,31.66290679627766,1998
1998-11-04,31.418900524798346,1998
1998-11-05,30.5350621445816,1998
1998-11-06,29.964038278886015,1998
1998-11-07,29.9886028503441,1998
1998-11-08,31.755521053589128,1998
1998-11-09,32.22791557006332,1998
1998-11-10,31.23453680638667,1998
1998-11-11,30.51061142410388,1998
1998-11-12,29.854835077792536,1998
1998-11-13,29.546364039776357,1998
1998-11-14,29.571814540544903,1998
1998-11-15,30.25729150251466,1998
1998-11-16,28.976350216921606,1998
1998-11-17,28.871165525290102,1998
1998-11-18,29.736603561110602,1998
1998-11-19,30.083036773532353,1998
1998-11-20,28.483626714447126,1998
1998-11-21,26.28985737074862,1998
1998-11-22,28.295239472249836,1998
1998-11-23,28.4838672524953,1998
1998-11-24,29.12379721762741,1998
1998-11-25,29.980028882165367,1998
1998-11-26,31.91525621627142,1998
1998-11-27,30.914184888961667,1998
1998-11-28,30.38712662067206,1998
1998-11-29,30.27022914592345,1998
1998-11-30,29.172038215208886,1998
1998-12-01,28.612716224712685,1998
1998-12-02,28.516344101553898,1998
1998-12-03,29.623514548893496,1998
1998-12-04,29.449747825048618,1998
1998-12-05,30.32615509592582,1998
1998-12-06,31.31395830722957,1998
1998-12-07,31.29728514734954,1998
1998-12-08,30.659394214811385,1998
1998-12-09,28.63913073520315,1998
1998-12-10,30.001699337863013,1998
1998-12-11,30.687489091327166,1998
1998-12-12,30.31503731659884,1998
1998-12-13,29.682181590254743,1998
1998-12-14,27.937636726038072,1998
1998-12-15,29.262402172914037,1998
1998-12-16,28.549482636596103,1998
1998-12-17,28.79331714673998,1998
1998-12-18,30.81620804988302,1998
1998-12-19,30.43985933375847,1998
1998-12-20,29.042269006574774,1998
1998-12-21,30.079737989703272,1998
1998-12-22,29.217823121531225,1998
1998-12-23,29.47058788822855,1998
1998-12-24,29.483747308932927,1998
1998-12-25,30.590214666169977,1998
1998-12-26,30.707854536681204,1998
1998-12-27,30.175170607714254,1998
1998-12-28,29.859350853087022,1998
1998-12-29,30.546239469656097,1998
1998-12-30,30.60837579324613,1998
1998-12-31,29.73303964049381,1998
1999-01-01,29.539575097834643,1999
1999-01-02,29.71148936829263,1999
1999-01-03,30.573468768908,1999
1999-01-04,29.47143524929999,1999
1999-01-05,28.242326224395402,1999
1999-01-06,29.76064348419608,1999
1999-01-07,30.158903907398876,1999
1999-01-08,29.226401466951348,1999
1999-01-09,29.8394935976525,1999
1999-01-10,27.396020987700908,1999
1999-01-11,28.83449267111324,1999
1999-01-12,29.952516425037636,1999
1999-01-13,29.295423031746914,1999
1999-01-14,28.99849153478417,1999
1999-01-15,29.501665942268268,1999
1999-01-16,29.025022910993727,1999
1999-01-17,29.73497485001263,1999
1999-01-18,30.17212020198957,1999
1999-01-19,29.145216584805475,1999
1999-01-20,29.886107441895348,1999
1999-01-21,30.399471394548943,1999
1999-01-22,30.52931188527703,1999
1999-01-23,30.784230596430966,1999
1999-01-24,30.986261436240547,1999
1999-01-25,30.836457325704213,1999
1999-01-26,30.690087315026727,1999
1999-01-27,30.054984031792422,1999
1999-01-28,30.65669201142032,1999
1999-01-29,31.491530361606987,1999
1999-01-30,30.762542483063328,1999
1999-01-31,30.25206915557557,1999
1999-02-01,31.477288418493735,1999
1999-02-02,30.81858759346969,1999
1999-02-03,31.095613551702513,1999
1999-02-04,31.88590204572796,1999
1999-02-05,32.59177817939033,1999
1999-02-06,32.24406913596725,1999
1999-02-07,32.78493919784635,1999
1999-02-08,33.05236704862523,1999
1999-02-09,31.95395062405775,1999
1999-02-10,32.134149305651036,1999
1999-02-11,32.505517122963646,1999
1999-02-12,31.43075899851532,1999
1999-02-13,32.08681954674683,1999
1999-02-14,30.91744916992519,1999
1999-02-15,31.60423148868204,1999
1999-02-16,31.556680125309057,1999
1999-02-17,32.26443173290719,1999
1999-02-18,32.41677117446355,1999
1999-02-19,33.39851346924941,1999
1999-02-20,33.58153040224673,1999
1999-02-21,33.09451645038551,1999
1999-02-22,34.10725009653983,1999
1999-02-23,33.98740328096305,1999
1999-02-24,33.192660613683394,1999
1999-02-25,32.243945593216615,1999
1999-02-26,32.47888124739463,1999
1999-02-27,33.86754568811284,1999
1999-02-28,33.081372030065076,1999
1999-03-01,31.84221030832815,1999
1999-03-02,32.27678204371166,1999
1999-03-03,32.424946363042466,1999
1999-03-04,31.947912316831044,1999
1999-03-05,31.771243816373584,1999
1999-03-06,31.92940916484656,1999
1999-03-07,31.67813923587037,1999
1999-03-08,31.61613071034355,1999
1999-03-09,32.14064366100214,1999
1999-03-10,32.01358004681806,1999
1999-03-11,32.61230268430756,1999
1999-03-12,32.7448036997315,1999
1999-03-13,33.5061297577452,1999
1999-03-14,33.99410118359089,1999
1999-03-15,34.11972095033964,1999
1999-03-16,34.7245039778453,1999
1999-03-17,34.19790462640957,1999
1999-03-18,33.71911492082181,1999
1999-03-19,33.15824254187702,1999
1999-03-20,33.80670103345236,1999
1999-03-21,33.796257324446074,1999
1999-03-22,33.60946216439388,1999
1999-03-23,32.48119729498793,1999
1999-03-24,32.41521435987103,1999
1999-03-25,32.32928051077538,1999
1999-03-26,33.13512220948113,1999
1999-03-27,33.04846922155064,1999
1999-03-28,32.13224678892613,1999
1999-03-29,32.6775931037568,1999
1999-03-30,32.30980008211823,1999
1999-03-31,31.733465531602572,1999
1999-04-01,31.003382910238223,1999
1999-04-02,32.844651402505406,1999
1999-04-03,34.24668989592686,1999
1999-04-04,33.288884855076695,1999
1999-04-05,33.84401524187993,1999
1999-04-06,32.85810593855189,1999
1999-04-07,33.425634649580296,1999
1999-04-08,32.662447883660604,1999
1999-04-09,34.2690676937699,1999
1999-04-10,33.98423188421086,1999
1999-04-11,34.397047155761776,1999
1999-04-12,33.12930492388958,1999
1999-04-13,31.658100624551302,1999
1999-04-14,32.730435215977266,1999
1999-04-15,33.682313557503115,1999
1999-04-16,32.28104761541188,1999
1999-04-17,32.02968044914397,1999
1999-04-18,32.38124606783061,1999
1999-04-19,32.70705358421944,1999
1999-04-20,32.987484061877474,1999
1999-04-21,32.79444085718523,1999
1999-04-22,32.53130689842283,1999
1999-04-23,32.49187498088697,1999
1999-04-24,33.34301988413843,1999
1999-04-25,32.389338270522416,1999
1999-04-26,32.77873262158161,1999
1999-04-27,33.08246761565354,1999
1999-04-28,33.817515400723856,1999
1999-04-29,32.964092896772506,1999
1999-04-30,32.82078434867007,1999
1999-05-01,32.758824115897646,1999
1999-05-02,33.01071688711833,1999
1999-05-03,33.18105125154191,1999
1999-05-04,32.39765620571893,1999
1999-05-05,32.473851101811796,1999
1999-05-06,32.61683667123354,1999
1999-05-07,32.44256285526652,1999
1999-05-08,33.32957693822847,1999
1999-05-09,33.49678947229891,1999
1999-05-10,33.02621442585852,1999
1999-05-11,31.929764228308063,1999
1999-05-12,31.934872189339657,1999
1999-05-13,32.18807374992593,1999
1999-05-14,32.16825830536592,1999
1999-05-15,32.276762312322774,1999
1999-05-16,32.016479416480784,1999
1999-05-17,32.528570508080016,1999
1999-05-18,32.18732487271177,1999
1999-05-19,32.53877975464977,1999
1999-05-20,32.49902557271192,1999
1999-05-21,32.72772727434647,1999
1999-05-22,33.098760627359624,1999
1999-05-23,32.61442174026698,1999
1999-05-24,32.88023327187131,1999
1999-05-25,32.572532302848444,1999
1999-05-26,32.193905641842726,1999
1999-05-27,31.9077411014983,1999
1999-05-28,31.77267025292457,1999
1999-05-29,31.316670329312444,1999
1999-05-30,30.77474007001334,1999
1999-05-31,31.209213439112503,1999
1999-06-01,30.631813962638567,1999
1999-06-02,31.13319113547073,1999
1999-06-03,30.432302345978357,1999
1999-06-04,30.45847576490572,1999
1999-06-05,30.768436372781665,1999
1999-06-06,29.653538773655264,1999
1999-06-07,31.546309135988015,1999
1999-06-08,31.287551769509804,1999
1999-06-09,29.462766217248635,1999
1999-06-10,29.655530199715045,1999
1999-06-11,29.896719364521452,1999
1999-06-12,29.631463929278787,1999
1999-06-13,30.26595113942672,1999
1999-06-14,29.921402254732683,1999
1999-06-15,29.31758216994874,1999
1999-06-16,29.470069931232576,1999
1999-06-17,29.754079150029266,1999
1999-06-18,29.093806379922572,1999
1999-06-19,28.6710582903653,1999
1999-06-20,29.432840746359357,1999
1999-06-21,29.085552409694756,1999
1999-06-22,30.349394621800638,1999
1999-06-23,30.40902905232632,1999
1999-06-24,30.51518160605289,1999
1999-06-25,31.2065775498694,1999
1999-06-26,29.796481674296107,1999
1999-06-27,28.951324958541264,1999
1999-06-28,27.604443776478178,1999
1999-06-29,28.60209042592517,1999
1999-06-30,28.53941556324873,1999
1999-07-01,28.07539132462772,1999
1999-07-02,29.044042068187817,1999
1999-07-03,28.701167677237933,1999
1999-07-04,29.2191769001533,1999
1999-07-05,29.212094379257046,1999
1999-07-06,30.08183454741972,1999
1999-07-07,29.407818816591817,1999
1999-07-08,28.945892249569674,1999
1999-07-09,28.971542293409097,1999
1999-07-10,29.39662624097462,1999
1999-07-11,29.52006019468292,1999
1999-07-12,29.39128066003773,1999
1999-07-13,28.304447913673656,1999
1999-07-14,28.532912335973677,1999
1999-07-15,28.41860008511127,1999
1999-07-16,28.798846055628097,1999
1999-07-17,28.597225663553033,1999
1999-07-18,29.0469631746627,1999
1999-07-19,28.578442467395348,1999
1999-07-20,28.715614666675688,1999
1999-07-21,28.483060764945353,1999
1999-07-22,28.785747069450593,1999
1999-07-23,29.18622129423784,1999
1999-07-24,29.24163826472949,1999
1999-07-25,28.120109131203492,1999
1999-07-26,27.05737364934737,1999
1999-07-27,28.283672706944657,1999
1999-07-28,28.77728525789408,1999
1999-07-29,26.814654985090403,1999
1999-07-30,26.64368031828481,1999
1999-07-31,27.745157324622767,1999
1999-08-01,28.607895655815163,1999
1999-08-02,29.626409154907808,1999
1999-08-03,29.671038229585534,1999
1999-08-04,30.45339815703374,1999
1999-08-05,29.58837966738824,1999
1999-08-06,29.272671644453478,1999
1999-08-07,28.510291329143485,1999
1999-08-08,27.93004229181771,1999
1999-08-09,28.445004698190854,1999
1999-08-10,27.48498870937357,1999
1999-08-11,28.263484675154437,1999
1999-08-12,29.406537392681315,1999
1999-08-13,29.026860131296736,1999
1999-08-14,27.682424608866384,1999
1999-08-15,28.10811455542796,1999
1999-08-16,27.290079955135454,1999
1999-08-17,28.13038677190066,1999
1999-08-18,27.676209797497954,1999
1999-08-19,28.555066971564212,1999
1999-08-20,27.895787166491786,1999
1999-08-21,29.30981229001395,1999
1999-08-22,29.001626910988175,1999
1999-08-23,29.42003493116021,1999
1999-08-24,29.448776685553696,1999
1999-08-25,29.614464636513546,1999
1999-08-26,29.679984331640984,1999
1999-08-27,29.686264837919136,1999
1999-08-28,29.71015514226371,1999
1999-08-29,30.166670137074235,1999
1999-08-30,29.387110920413686,1999
1999-08-31,29.181180074293252,1999
1999-09-01,28.628239114586968,1999
1999-09-02,28.589470146268376,1999
1999-09-03,29.39203875919885,1999
1999-09-04,29.918700851397073,1999
1999-09-05,29.921451419141018,1999
1999-09-06,29.558115618333513,1999
1999-09-07,29.437903780482465,1999
1999-09-08,30.20705907069678,1999
1999-09-09,30.03244276359536,1999
1999-09-10,29.70130488694075,1999
1999-09-11,29.898269516996706,1999
1999-09-12,29.715054249833017,1999
1999-09-13,29.9919765674492,1999
1999-09-14,29.539426558093478,1999
1999-09-15,30.108783077187223,1999
1999-09-16,29.656881791139224,1999
1999-09-17,29.6710500614606,1999
1999-09-18,29.20490274288402,1999
1999-09-19,29.389226005765373,1999
1999-09-20,30.175318073759357,1999
1999-09-21,29.442424064538628,1999
1999-09-22,29.459889932599022,1999
1999-09-23,30.813501958288178,1999
1999-09-24,31.402203374055603,1999
1999-09-25,30.762959936856614,1999
1999-09-26,30.647666510419437,1999
1999-09-27,30.89452906519545,1999
1999-09-28,31.030130256114447,1999
1999-09-29,31.274887689764686,1999
1999-09-30,30.38121451087952,1999
1999-10-01,30.26179529677952,1999
1999-10-02,30.741860082781823,1999
1999-10-03,30.61274871224937,1999
1999-10-04,30.88155900332749,1999
1999-10-05,30.581085867198702,1999
1999-10-06,31.386311297291556,1999
1999-10-07,30.520458120609163,1999
1999-10-08,30.06180035789471,1999
1999-10-09,30.489255946994604,1999
1999-10-10,30.716297651371164,1999
1999-10-11,32.15731610522833,1999
1999-10-12,32.24464590058702,1999
1999-10-13,31.448373427578566,1999
1999-10-14,30.78329346752158,1999
1999-10-15,30.255840723421535,1999
1999-10-16,30.591090514302532,1999
1999-10-17,30.836448635029694,1999
1999-10-18,31.31734717877792,1999
1999-10-19,31.76940348239993,1999
1999-10-20,31.72045271277214,1999
1999-10-21,31.537649055902452,1999
1999-10-22,30.67652578021155,1999
1999-10-23,30.786760694306103,1999
1999-10-24,31.477621550137606,1999
1999-10-25,33.1646029607293,1999
1999-10-26,31.45930155529405,1999
1999-10-27,31.32662986817646,1999
1999-10-28,31.274128666003676,1999
1999-10-29,31.204357632910977,1999
1999-10-30,30.128424782986762,1999
1999-10-31,31.910610765534994,1999
1999-11-01,31.15678786963711,1999
1999-11-02,31.430407878169515,1999
1999-11-03,32.18035893695222,1999
1999-11-04,31.73363321668124,1999
1999-11-05,31.94101088717561,1999
1999-11-06,30.42601630498258,1999
1999-11-07,29.900166850558183,1999
1999-11-08,29.79473069283839,1999
1999-11-09,31.014383883523713,1999
1999-11-10,32.05647214812748,1999
1999-11-11,32.51780166944017,1999
1999-11-12,32.14415830372271,1999
1999-11-13,30.411762790254258,1999
1999-11-14,30.86632094100164,1999
1999-11-15,30.947114025577648,1999
1999-11-16,30.804604885468077,1999
1999-11-17,30.26932182264924,1999
1999-11-18,29.775984554475578,1999
1999-11-19,29.920487763019494,1999
1999-11-20,30.709287201250707,1999
1999-11-21,30.15811959799556,1999
1999-11-22,30.69278734491508,1999
1999-11-23,30.72772976106176,1999
1999-11-24,32.150197207718826,1999
1999-11-25,32.013070841299076,1999
1999-11-26,31.047560488903425,1999
1999-11-27,31.47377897753984,1999
1999-11-28,31.719419101964075,1999
1999-11-29,30.741092254974635,1999
1999-11-30,30.137214394372002,1999
1999-12-01,30.47367863827555,1999
1999-12-02,31.890154670435905,1999
1999-12-03,31.106457618152163,1999
1999-12-04,31.38122103539461,1999
1999-12-05,31.176138302393046,1999
1999-12-06,31.26631278574203,1999
1999-12-07,30.050143991031344,1999
1999-12-08,29.5068441574874,1999
1999-12-09,29.844880055502983,1999
1999-12-10,31.927451898194455,1999
1999-12-11,29.595695430673356,1999
1999-12-12,29.08899073459376,1999
1999-12-13,28.415677215498498,1999
1999-12-14,29.026787789055422,1999
1999-12-15,29.438980186168138,1999
1999-12-16,30.006035672076703,1999
1999-12-17,30.439251862588662,1999
1999-12-18,29.41069458601546,1999
1999-12-19,30.342130497524902,1999
1999-12-20,30.481241881564273,1999
1999-12-21,30.62224040264771,1999
1999-12-22,29.298393174408012,1999
1999-12-23,28.838823487270986,1999
1999-12-24,28.905751334161284,1999
1999-12-25,29.367621750850414,1999
1999-12-26,28.46595867203355,1999
1999-12-27,28.98992834394616,1999
1999-12-28,28.461465476645206,1999
1999-12-29,28.503429092186167,1999
1999-12-30,29.018714609703483,1999
1999-12-31,29.14317490676035,1999
2000-01-01,29.983264898925903,2000
2000-01-02,30.683342700915393,2000
2000-01-03,30.97802086093207,2000
2000-01-04,30.969521706982672,2000
2000-01-05,31.694751725691262,2000
2000-01-06,31.363433931236127,2000
2000-01-07,31.337320190083002,2000
2000-01-08,31.590421823135117,2000
2000-01-09,31.740966480224483,2000
2000-01-10,30.191866527018128,2000
2000-01-11,30.748198270910805,2000
2000-01-12,30.29052312270799,2000
2000-01-13,30.413152326661084,2000
2000-01-14,30.408697562913517,2000
2000-01-15,30.74039847614484,2000
2000-01-16,31.34522126547953,2000
2000-01-17,32.782406088786885,2000
2000-01-18,32.00643812670204,2000
2000-01-19,30.65725979494878,2000
2000-01-20,29.716407279782814,2000
2000-01-21,28.958923784463195,2000
2000-01-22,29.91243146225885,2000
2000-01-23,29.71363902350727,2000
2000-01-24,28.83329410988245,2000
2000-01-25,26.98370451304982,2000
2000-01-26,28.745578362428155,2000
2000-01-27,30.99721008967625,2000
2000-01-28,31.706458841093355,2000
2000-01-29,32.274586794496074,2000
2000-01-30,31.125507197347066,2000
2000-01-31,30.593499770924787,2000
2000-02-01,29.849835199974947,2000
2000-02-02,30.279053994414568,2000
2000-02-03,31.321449945642158,2000
2000-02-04,32.07835817752994,2000
2000-02-05,32.03307035545642,2000
2000-02-06,31.595837620515677,2000
2000-02-07,32.53565489972102,2000
2000-02-08,31.447808201351144,2000
2000-02-09,31.551414113673683,2000
2000-02-10,31.118731987613998,2000
2000-02-11,31.6454545308249,2000
2000-02-12,31.71191681292634,2000
2000-02-13,32.34207716473461,2000
2000-02-14,31.604820879058103,2000
2000-02-15,31.912502031783266,2000
2000-02-16,32.14115448760068,2000
2000-02-17,32.188629567568796,2000
2000-02-18,31.57662184950296,2000
2000-02-19,32.943243809822505,2000
2000-02-20,33.450527241757214,2000
2000-02-21,33.08279680916759,2000
2000-02-22,31.96528911261814,2000
2000-02-23,32.22244345503036,2000
2000-02-24,31.613496724520452,2000
2000-02-25,32.17780054335666,2000
2000-02-26,33.3110437247852,2000
2000-02-27,34.14473027142701,2000
2000-02-28,32.488036634011536,2000
2000-02-29,33.07813304546426,2000
2000-03-01,32.87849229163212,2000
2000-03-02,33.43043782920153,2000
2000-03-03,33.745647467783535,2000
2000-03-04,33.163473913545324,2000
2000-03-05,33.183249972322336,2000
2000-03-06,32.77201959615688,2000
2000-03-07,33.099398490741706,2000
2000-03-08,33.32005665050275,2000
2000-03-09,32.58660869943916,2000
2000-03-10,31.917451693679595,2000
2000-03-11,32.57498974805837,2000
2000-03-12,33.1271245052596,2000
2000-03-13,33.28225318546697,2000
2000-03-14,34.202441108636826,2000
2000-03-15,33.89405456128925,2000
2000-03-16,33.06597935450276,2000
2000-03-17,32.62193622621149,2000
2000-03-18,32.91976643386329,2000
2000-03-19,32.93059127879924,2000
2000-03-20,33.9605824398588,2000
2000-03-21,32.829372616471986,2000
2000-03-22,32.46645840193561,2000
2000-03-23,32.62984095227998,2000
2000-03-24,31.798126800500665,2000
2000-03-25,33.31195652508407,2000
2000-03-26,33.901624257700604,2000
2000-03-27,32.12640016154496,2000
2000-03-28,33.24740331086633,2000
2000-03-29,34.02565690423873,2000
2000-03-30,32.49725770669128,2000
2000-03-31,32.99456550974268,2000
2000-04-01,32.85140165961634,2000
2000-04-02,32.35086081721864,2000
2000-04-03,33.23434377814037,2000
2000-04-04,33.563624977684384,2000
2000-04-05,32.99119529242151,2000
2000-04-06,33.738814580114166,2000
2000-04-07,33.309143641048266,2000
2000-04-08,33.193505798514,2000
2000-04-09,34.582289863451145,2000
2000-04-10,32.4548514517011,2000
2000-04-11,32.50946969998888,2000
2000-04-12,33.192719533717025,2000
2000-04-13,32.825598965120925,2000
2000-04-14,32.38577587976049,2000
2000-04-15,32.734078173926385,2000
2000-04-16,34.13155054577165,2000
2000-04-17,33.69459101767748,2000
2000-04-18,33.87725187205153,2000
2000-04-19,33.9788932275389,2000
2000-04-20,33.869810704999246,2000
2000-04-21,33.7415908693044,2000
2000-04-22,33.745962905951764,2000
2000-04-23,34.33711331530563,2000
2000-04-24,33.01282547250092,2000
2000-04-25,33.75143070270545,2000
2000-04-26,34.19856641084857,2000
2000-04-27,32.65761323848621,2000
2000-04-28,32.80439625239933,2000
2000-04-29,32.60085239512494,2000
2000-04-30,32.87638981334631,2000
2000-05-01,33.318537825125816,2000
2000-05-02,33.11092483041886,2000
2000-05-03,34.37138685359922,2000
2000-05-04,34.26032274309924,2000
2000-05-05,33.619477723240124,2000
2000-05-06,32.91076347781146,2000
2000-05-07,34.360000093314795,2000
2000-05-08,33.90374709699774,2000
2000-05-09,33.34398629478171,2000
2000-05-10,32.94708631985658,2000
2000-05-11,32.55998364316978,2000
2000-05-12,32.98211884114705,2000
2000-05-13,32.89732411593178,2000
2000-05-14,33.48726404836299,2000
2000-05-15,33.0303728165993,2000
2000-05-16,32.83127465911592,2000
2000-05-17,32.7326457809007,2000
2000-05-18,32.58204550910478,2000
2000-05-19,32.569752332566665,2000
2000-05-20,32.38099290360026,2000
2000-05-21,32.65555737635972,2000
2000-05-22,31.553432849378517,2000
2000-05-23,32.24502407759468,2000
2000-05-24,32.345764414512374,2000
2000-05-25,31.989225911300686,2000
2000-05-26,32.433331728993224,2000
2000-05-27,31.318588972127063,2000
2000-05-28,31.89713266590556,2000
2000-05-29,32.17371679762937,2000
2000-05-30,31.503545868983224,2000
2000-05-31,30.300025863339126,2000
2000-06-01,30.695864203471434,2000
2000-06-02,30.458657022735217,2000
2000-06-03,32.00107339759195,2000
2000-06-04,31.719618421213017,2000
2000-06-05,31.313980925312485,2000
2000-06-06,30.363640319710896,2000
2000-06-07,31.500107114081853,2000
2000-06-08,29.524098141551086,2000
2000-06-09,29.980326077008623,2000
2000-06-10,29.341581467139278,2000
2000-06-11,29.602613163985364,2000
2000-06-12,29.496605809322183,2000
2000-06-13,28.47625474531158,2000
2000-06-14,26.89023602614585,2000
2000-06-15,28.956622380315054,2000
2000-06-16,28.17172011460748,2000
2000-06-17,28.856911378647204,2000
2000-06-18,28.392557908244026,2000
2000-06-19,29.229339961530695,2000
2000-06-20,30.000182921702233,2000
2000-06-21,29.945980585251775,2000
2000-06-22,30.62216846844078,2000
2000-06-23,31.586219037564454,2000
2000-06-24,31.653089779221634,2000
2000-06-25,31.514679200380606,2000
2000-06-26,30.47175333719607,2000
2000-06-27,30.193715838243513,2000
2000-06-28,29.774026217850913,2000
2000-06-29,30.092992065805696,2000
2000-06-30,29.605665540596966,2000
2000-07-01,29.65631832538255,2000
2000-07-02,29.44553014763637,2000
2000-07-03,28.483101421573863,2000
2000-07-04,28.24449085372821,2000
2000-07-05,29.103525501950408,2000
2000-07-06,28.746494891679855,2000
2000-07-07,28.856307876816558,2000
2000-07-08,28.751570980526083,2000
2000-07-09,29.378830686706277,2000
2000-07-10,28.646047216287783,2000
2000-07-11,29.173369475559554,2000
2000-07-12,28.225798770062276,2000
2000-07-13,27.73863512074528,2000
2000-07-14,27.94058929748162,2000
2000-07-15,27.723575243456352,2000
2000-07-16,27.83563797899395,2000
2000-07-17,28.2190574906538,2000
2000-07-18,27.67545880246721,2000
2000-07-19,26.87588087117755,2000
2000-07-20,28.204865157797098,2000
2000-07-21,28.23871446375306,2000
2000-07-22,28.13918981713303,2000
2000-07-23,27.76731527288966,2000
2000-07-24,27.834831155142492,2000
2000-07-25,29.735273544416906,2000
2000-07-26,27.81845780441676,2000
2000-07-27,28.72472215385921,2000
2000-07-28,27.78009813925502,2000
2000-07-29,28.739210322584665,2000
2000-07-30,28.738388913834573,2000
2000-07-31,29.15959478331791,2000
2000-08-01,28.348614619267593,2000
2000-08-02,28.175408662979073,2000
2000-08-03,27.71842119578021,2000
2000-08-04,29.486390565651224,2000
2000-08-05,30.144575539910285,2000
2000-08-06,29.369547996367054,2000
2000-08-07,29.1190843259798,2000
2000-08-08,30.029420015259923,2000
2000-08-09,29.035329236097247,2000
2000-08-10,27.75768011504568,2000
2000-08-11,29.30620251107598,2000
2000-08-12,29.069550933300455,2000
2000-08-13,28.763229675479444,2000
2000-08-14,28.539254731031313,2000
2000-08-15,28.329826657730642,2000
2000-08-16,29.342012310026117,2000
2000-08-17,28.141577942452102,2000
2000-08-18,28.41733457600962,2000
2000-08-19,28.21803276209453,2000
2000-08-20,28.63430748042458,2000
2000-08-21,28.840335298781277,2000
2000-08-22,27.996644350563407,2000
2000-08-23,28.24869522562771,2000
2000-08-24,28.324423892752954,2000
2000-08-25,29.241071000239703,2000
2000-08-26,28.93454727573359,2000
2000-08-27,27.948861300601607,2000
2000-08-28,28.583205841099783,2000
2000-08-29,29.821539157282963,2000
2000-08-30,29.150413324489193,2000
2000-08-31,28.773922440970875,2000
2000-09-01,28.118249987991724,2000
2000-09-02,28.36442854285324,2000
2000-09-03,29.86935059902485,2000
2000-09-04,30.05893458300758,2000
2000-09-05,30.23043911102515,2000
2000-09-06,30.090136953736575,2000
2000-09-07,29.93337942184274,2000
2000-09-08,29.88980371733431,2000
2000-09-09,29.401076721131542,2000
2000-09-10,29.301628270984565,2000
2000-09-11,29.112932347774397,2000
2000-09-12,29.193469084563,2000
2000-09-13,29.266698745794027,2000
2000-09-14,28.44486949581261,2000
2000-09-15,28.047090187668378,2000
2000-09-16,29.46724026249838,2000
2000-09-17,28.80010732934004,2000
2000-09-18,27.99300287205835,2000
2000-09-19,29.02040092806446,2000
2000-09-20,28.715688323831174,2000
2000-09-21,28.849331395428447,2000
2000-09-22,29.771178267003307,2000
2000-09-23,28.78883129954462,2000
2000-09-24,29.19345332390153,2000
2000-09-25,29.71679398469108,2000
2000-09-26,29.234344703049835,2000
2000-09-27,29.576832419252796,2000
2000-09-28,29.517787648196634,2000
2000-09-29,29.189065178635538,2000
2000-09-30,28.697891420405007,2000
2000-10-01,29.317258284970737,2000
2000-10-02,30.166357640605842,2000
2000-10-03,29.257708400901297,2000
2000-10-04,29.690115379469717,2000
2000-10-05,30.25256439740601,2000
2000-10-06,29.80603346565537,2000
2000-10-07,29.57179045357116,2000
2000-10-08,29.727650146554623,2000
2000-10-09,30.908823741576448,2000
2000-10-10,30.346239765848402,2000
2000-10-11,30.225102196321902,2000
2000-10-12,30.112580460706276,2000
2000-10-13,30.787481503287214,2000
2000-10-14,30.930051354873942,2000
2000-10-15,31.338988733483518,2000
2000-10-16,31.62625085810632,2000
2000-10-17,31.8585383435314,2000
2000-10-18,30.415981362807532,2000
2000-10-19,30.7043003798988,2000
2000-10-20,30.116170290686025,2000
2000-10-21,30.255882736343644,2000
2000-10-22,29.834485012401142,2000
2000-10-23,31.433203457860024,2000
2000-10-24,28.81712295793008,2000
2000-10-25,30.773166873620312,2000
2000-10-26,31.49251552342965,2000
2000-10-27,30.749033178209444,2000
2000-10-28,31.817153322090654,2000
2000-10-29,32.67165947774918,2000
2000-10-30,31.958180473851062,2000
2000-10-31,32.255240174693725,2000
2000-11-01,29.72742174249212,2000
2000-11-02,29.73697994952003,2000
2000-11-03,30.456779494043616,2000
2000-11-04,30.267935892981832,2000
2000-11-05,30.871501879874938,2000
2000-11-06,30.374222139972584,2000
2000-11-07,29.958225179713885,2000
2000-11-08,30.853749753503134,2000
2000-11-09,30.218059682920337,2000
2000-11-10,29.770689462005517,2000
2000-11-11,30.542462344292332,2000
2000-11-12,31.976458402474343,2000
2000-11-13,30.491800725746618,2000
2000-11-14,30.112514368569173,2000
2000-11-15,30.14219932753062,2000
2000-11-16,30.973891671098777,2000
2000-11-17,31.170416627811203,2000
2000-11-18,30.914969148490137,2000
2000-11-19,31.08077595359639,2000
2000-11-20,30.07155209297671,2000
2000-11-21,31.164916934106287,2000
2000-11-22,31.50827430225621,2000
2000-11-23,32.24869386490864,2000
2000-11-24,32.23601493730184,2000
2000-11-25,31.239389150226142,2000
2000-11-26,31.86271556676687,2000
2000-11-27,30.375328883244485,2000
2000-11-28,29.994980607906797,2000
2000-11-29,31.04592501470794,2000
2000-11-30,30.142231103469445,2000
2000-12-01,29.713002350633573,2000
2000-12-02,30.13374851120185,2000
2000-12-03,30.223391847037306,2000
2000-12-04,30.321962345523485,2000
2000-12-05,29.22614434558448,2000
2000-12-06,28.6492658895579,2000
2000-12-07,28.46394853116321,2000
2000-12-08,28.090341891666338,2000
2000-12-09,28.17757453473817,2000
2000-12-10,29.213511292482654,2000
2000-12-11,29.487984080598647,2000
2000-12-12,30.132198394487805,2000
2000-12-13,30.964466335271926,2000
2000-12-14,29.953994456006576,2000
2000-12-15,29.3373245686628,2000
2000-12-16,29.866606484330063,2000
2000-12-17,30.51271305882338,2000
2000-12-18,31.8698954436357,2000
2000-12-19,29.365446154367945,2000
2000-12-20,29.703175188935344,2000
2000-12-21,30.0299801554809,2000
2000-12-22,30.573095311473743,2000
2000-12-23,30.41725372374464,2000
2000-12-24,29.29729383181213,2000
2000-12-25,30.28027393201873,2000
2000-12-26,31.38713784469336,2000
2000-12-27,31.551108265616616,2000
2000-12-28,30.44459166695833,2000
2000-12-29,30.461831224744685,2000
2000-12-30,29.052440093816426,2000
2000-12-31,29.573827308434158,2000
2001-01-01,29.251842828037454,2001
2001-01-02,30.427882458070876,2001
2001-01-03,29.60964740024926,2001
2001-01-04,30.526459042815404,2001
2001-01-05,30.19172020064537,2001
2001-01-06,28.62277691440232,2001
2001-01-07,28.060054285160376,2001
2001-01-08,29.840489575561822,2001
2001-01-09,29.52026233466009,2001
2001-01-10,29.261702517562487,2001
2001-01-11,30.095857393589938,2001
2001-01-12,29.949218754295426,2001
2001-01-13,30.862601235983714,2001
2001-01-14,30.592446089024254,2001
2001-01-15,30.433986135183837,2001
2001-01-16,30.154933200196602,2001
2001-01-17,31.726271624010494,2001
2001-01-18,31.16589197867368,2001
2001-01-19,31.555206528978964,2001
2001-01-20,30.717071089343964,2001
2001-01-21,31.02236456146991,2001
2001-01-22,30.960736648063566,2001
2001-01-23,31.277812225981187,2001
2001-01-24,31.46835788022933,2001
2001-01-25,31.969089290370867,2001
2001-01-26,32.11300472599926,2001
2001-01-27,31.906771677117277,2001
2001-01-28,32.03848717018946,2001
2001-01-29,29.35820556598647,2001
2001-01-30,30.853144203882323,2001
2001-01-31,31.50262161114057,2001
2001-02-01,32.80983671022008,2001
2001-02-02,31.977624162845625,2001
2001-02-03,32.00565353644803,2001
2001-02-04,31.954542340040515,2001
2001-02-05,31.34107996892547,2001
2001-02-06,32.489828836081415,2001
2001-02-07,31.46783844385374,2001
2001-02-08,30.790876710335414,2001
2001-02-09,30.957348836744856,2001
2001-02-10,31.551466745349344,2001
2001-02-11,32.06062983833208,2001
2001-02-12,31.104561911455274,2001
2001-02-13,31.933852336885572,2001
2001-02-14,32.506449912550536,2001
2001-02-15,33.58401869570646,2001
2001-02-16,32.90670181409496,2001
2001-02-17,32.355224093791904,2001
2001-02-18,32.355916914429685,2001
2001-02-19,31.745724565411557,2001
2001-02-20,31.481442353952428,2001
2001-02-21,32.38172973673016,2001
2001-02-22,31.160113711897377,2001
2001-02-23,30.46199502658503,2001
2001-02-24,32.35594049460617,2001
2001-02-25,33.26596366032676,2001
2001-02-26,31.48954920144561,2001
2001-02-27,32.12933221450954,2001
2001-02-28,32.58268110606766,2001
2001-03-01,32.25537165095562,2001
2001-03-02,32.503433198173276,2001
2001-03-03,32.88048131821253,2001
2001-03-04,34.35860191560206,2001
2001-03-05,32.591338126036966,2001
2001-03-06,32.885209548293,2001
2001-03-07,31.57803028752444,2001
2001-03-08,32.37306776595238,2001
2001-03-09,33.178313664969345,2001
2001-03-10,34.54140455070497,2001
2001-03-11,34.4483225979355,2001
2001-03-12,34.625221640205794,2001
2001-03-13,34.76933594242669,2001
2001-03-14,33.586250583188466,2001
2001-03-15,33.03988270647683,2001
2001-03-16,33.09225583103607,2001
2001-03-17,33.07827930010074,2001
2001-03-18,32.124294128189604,2001
2001-03-19,33.92740424168049,2001
2001-03-20,33.9798984863497,2001
2001-03-21,33.07030603951444,2001
2001-03-22,32.6514913369951,2001
2001-03-23,33.43214102542075,2001
2001-03-24,33.42603187653721,2001
2001-03-25,32.53182586856282,2001
2001-03-26,33.27591839979045,2001
2001-03-27,34.189093665761234,2001
2001-03-28,34.20133363359886,2001
2001-03-29,33.63031415539796,2001
2001-03-30,32.76885615180018,2001
2001-03-31,33.479310601698536,2001
2001-04-01,33.19338399526991,2001
2001-04-02,33.661891287538985,2001
2001-04-03,33.62601850502237,2001
2001-04-04,35.06356658752046,2001
2001-04-05,34.82259408734245,2001
2001-04-06,33.15543903449682,2001
2001-04-07,33.89167647339331,2001
2001-04-08,34.75121841518029,2001
2001-04-09,33.942684620655804,2001
2001-04-10,33.56960533565537,2001
2001-04-11,33.968880361479215,2001
2001-04-12,34.289401470780675,2001
2001-04-13,34.42117510770231,2001
2001-04-14,33.58613240860035,2001
2001-04-15,33.50373337244684,2001
2001-04-16,33.13935320972886,2001
2001-04-17,33.96688905063802,2001
2001-04-18,34.576065479067935,2001
2001-04-19,33.89416087619137,2001
2001-04-20,33.09504393627029,2001
2001-04-21,32.89524104200167,2001
2001-04-22,31.70117935281752,2001
2001-04-23,32.058883447275534,2001
2001-04-24,32.75665371234149,2001
2001-04-25,32.87957768174121,2001
2001-04-26,33.26331908796217,2001
2001-04-27,33.0546407713083,2001
2001-04-28,33.32683092635469,2001
2001-04-29,32.312295306959996,2001
2001-04-30,33.430323301138905,2001
2001-05-01,33.015708016542874,2001
2001-05-02,32.161082516580045,2001
2001-05-03,32.39480574804071,2001
2001-05-04,32.42829534734478,2001
2001-05-05,31.948583533111794,2001
2001-05-06,33.124676880590016,2001
2001-05-07,32.738867278672174,2001
2001-05-08,32.25530334942477,2001
2001-05-09,33.06708683584168,2001
2001-05-10,32.58615848432947,2001
2001-05-11,32.05989183184784,2001
2001-05-12,31.708347220172875,2001
2001-05-13,31.47228314256108,2001
2001-05-14,31.85043123287773,2001
2001-05-15,31.83669192868193,2001
2001-05-16,32.4282109939173,2001
2001-05-17,32.65176137803803,2001
2001-05-18,32.28296611924809,2001
2001-05-19,32.31299800238199,2001
2001-05-20,31.701552761052056,2001
2001-05-21,32.01329423378554,2001
2001-05-22,32.58271218226837,2001
2001-05-23,32.768440653973336,2001
2001-05-24,32.3994491659227,2001
2001-05-25,30.742850691695242,2001
2001-05-26,31.832730636266717,2001
2001-05-27,31.623804622071642,2001
2001-05-28,31.730899047281063,2001
2001-05-29,30.738616201751697,2001
2001-05-30,30.967335940968255,2001
2001-05-31,31.13633903899894,2001
2001-06-01,31.644962078992208,2001
2001-06-02,30.987848369668832,2001
2001-06-03,31.048862416078705,2001
2001-06-04,30.77621917487904,2001
2001-06-05,29.263537164124582,2001
2001-06-06,30.00219068031901,2001
2001-06-07,29.792723225851702,2001
2001-06-08,29.818122840906987,2001
2001-06-09,30.34086068297318,2001
2001-06-10,30.447988345279796,2001
2001-06-11,28.79295858288649,2001
2001-06-12,29.52702528515569,2001
2001-06-13,28.492596445977533,2001
2001-06-14,29.627137697149195,2001
2001-06-15,28.875913028644977,2001
2001-06-16,30.246308717262323,2001
2001-06-17,28.564105225664026,2001
2001-06-18,27.871923813793064,2001
2001-06-19,27.70899572546172,2001
2001-06-20,27.6817192384851,2001
2001-06-21,27.92040489595942,2001
2001-06-22,28.719373181102092,2001
2001-06-23,29.220450251926273,2001
2001-06-24,29.269490079157826,2001
2001-06-25,28.333845982783668,2001
2001-06-26,28.545550106085287,2001
2001-06-27,28.961899141241748,2001
2001-06-28,29.814780429013407,2001
2001-06-29,30.277299114372532,2001
2001-06-30,30.179176389290642,2001
2001-07-01,30.752967057092334,2001
2001-07-02,29.30454911032514,2001
2001-07-03,29.973795901262793,2001
2001-07-04,30.309826053233856,2001
2001-07-05,30.047426534050395,2001
2001-07-06,30.32245192766237,2001
2001-07-07,30.28913842862601,2001
2001-07-08,30.098124576279517,2001
2001-07-09,29.693072721810225,2001
2001-07-10,30.26191757804697,2001
2001-07-11,30.955362032868436,2001
2001-07-12,31.592544020855364,2001
2001-07-13,30.977272863320067,2001
2001-07-14,30.677354245069715,2001
2001-07-15,31.017594995303945,2001
2001-07-16,31.185912725157994,2001
2001-07-17,30.85101443050023,2001
2001-07-18,30.572940345063074,2001
2001-07-19,30.452512822256573,2001
2001-07-20,30.746637862928,2001
2001-07-21,30.282435531210997,2001
2001-07-22,28.941476464530687,2001
2001-07-23,27.89990771171819,2001
2001-07-24,27.991468641001806,2001
2001-07-25,28.445609772375864,2001
2001-07-26,27.358293544267326,2001
2001-07-27,27.422713525315558,2001
2001-07-28,28.51357790777719,2001
2001-07-29,28.124414901522798,2001
2001-07-30,28.575063332064676,2001
2001-07-31,27.414429658679083,2001
2001-08-01,28.211409952945395,2001
2001-08-02,29.559430041753913,2001
2001-08-03,28.751972125786835,2001
2001-08-04,28.61157072174627,2001
2001-08-05,28.283290311938806,2001
2001-08-06,29.804855849696576,2001
2001-08-07,28.450304369812756,2001
2001-08-08,28.052771068415254,2001
2001-08-09,28.60499690820908,2001
2001-08-10,28.60035984826886,2001
2001-08-11,29.153484712233233,2001
2001-08-12,29.576351296942693,2001
2001-08-13,30.15002000213303,2001
2001-08-14,30.210613490253184,2001
2001-08-15,30.147765818859135,2001
2001-08-16,30.073023864951892,2001
2001-08-17,29.971828197787957,2001
2001-08-18,29.930004146399593,2001
2001-08-19,30.124258647267833,2001
2001-08-20,30.257672111512065,2001
2001-08-21,30.06882913455113,2001
2001-08-22,30.23207347764728,2001
2001-08-23,30.302058875666244,2001
2001-08-24,29.868548478264213,2001
2001-08-25,29.71258129378845,2001
2001-08-26,28.929544144254013,2001
2001-08-27,29.11397159870012,2001
2001-08-28,30.173751565461547,2001
2001-08-29,30.285398770008655,2001
2001-08-30,30.145276657008527,2001
2001-08-31,30.329805767262783,2001
2001-09-01,30.398163476987875,2001
2001-09-02,30.66498471814986,2001
2001-09-03,30.34866239246884,2001
2001-09-04,30.134432023212433,2001
2001-09-05,30.196255807810797,2001
2001-09-06,29.858432566723657,2001
2001-09-07,30.27018743328012,2001
2001-09-08,29.951505193821845,2001
2001-09-09,30.48219239402392,2001
2001-09-10,29.986241756356108,2001
2001-09-11,30.088141626429277,2001
2001-09-12,30.501713829214857,2001
2001-09-13,30.881348643133524,2001
2001-09-14,31.22533961055419,2001
2001-09-15,30.703642187788837,2001
2001-09-16,29.855665878763947,2001
2001-09-17,29.24219146513461,2001
2001-09-18,29.49959831119334,2001
2001-09-19,29.67522967726911,2001
2001-09-20,30.353978829671338,2001
2001-09-21,30.339613882400222,2001
2001-09-22,30.38419839422601,2001
2001-09-23,30.581809294598656,2001
2001-09-24,30.701703455779466,2001
2001-09-25,29.91532452677393,2001
2001-09-26,30.317364863171598,2001
2001-09-27,30.297125916381486,2001
2001-09-28,30.32082084825411,2001
2001-09-29,30.05325412108845,2001
2001-09-30,29.511977754954025,2001
2001-10-01,30.634393979128696,2001
2001-10-02,30.752659863840925,2001
2001-10-03,30.70472098008716,2001
2001-10-04,31.55651357952173,2001
2001-10-05,30.451986848999255,2001
2001-10-06,30.670205055433396,2001
2001-10-07,30.733699417920153,2001
2001-10-08,30.210922456114456,2001
2001-10-09,30.669399478063106,2001
2001-10-10,30.377720378146623,2001
2001-10-11,30.496082161837244,2001
2001-10-12,30.897698621564928,2001
2001-10-13,30.644745155311355,2001
2001-10-14,29.947627423753534,2001
2001-10-15,29.589917861032436,2001
2001-10-16,30.719259402370206,2001
2001-10-17,29.613692857214247,2001
2001-10-18,31.604026344138003,2001
2001-10-19,30.956747534978295,2001
2001-10-20,31.690423197431926,2001
2001-10-21,31.26723396030723,2001
2001-10-22,31.587500713811917,2001
2001-10-23,30.99693081191342,2001
2001-10-24,32.295975394919715,2001
2001-10-25,32.728162920633565,2001
2001-10-26,32.367954908070374,2001
2001-10-27,31.389310508487178,2001
2001-10-28,30.981824697821096,2001
2001-10-29,29.73779666593081,2001
2001-10-30,30.140952689902488,2001
2001-10-31,29.903322292615492,2001
2001-11-01,30.467804139074175,2001
2001-11-02,31.03994462660574,2001
2001-11-03,31.56035513613586,2001
2001-11-04,32.1138338038375,2001
2001-11-05,31.683533818430696,2001
2001-11-06,31.19438433363148,2001
2001-11-07,31.01706103796312,2001
2001-11-08,29.71828223864405,2001
2001-11-09,30.716395549808563,2001
2001-11-10,31.016182525253342,2001
2001-11-11,32.37665805103644,2001
2001-11-12,32.242777851100804,2001
2001-11-13,31.885164646119623,2001
2001-11-14,31.8711055783533,2001
2001-11-15,31.19346234479164,2001
2001-11-16,29.59321934387719,2001
2001-11-17,29.119036708418843,2001
2001-11-18,27.958194186399204,2001
2001-11-19,28.712932439998255,2001
2001-11-20,29.780744877230394,2001
2001-11-21,30.93367722885046,2001
2001-11-22,31.1300884071416,2001
2001-11-23,28.901435077046052,2001
2001-11-24,29.39619199000757,2001
2001-11-25,30.85570431657172,2001
2001-11-26,31.352597694950518,2001
2001-11-27,30.8226067513763,2001
2001-11-28,29.979582438215967,2001
2001-11-29,30.642851774443876,2001
2001-11-30,31.207662787479844,2001
2001-12-01,32.11313756330965,2001
2001-12-02,32.12404412760263,2001
2001-12-03,31.076289166706584,2001
2001-12-04,31.710010775569817,2001
2001-12-05,32.23478746293116,2001
2001-12-06,30.479814331236625,2001
2001-12-07,30.91301919134001,2001
2001-12-08,30.137859646597146,2001
2001-12-09,31.150093084646834,2001
2001-12-10,30.354616839996943,2001
2001-12-11,29.223183651107167,2001
2001-12-12,30.008177439950103,2001
2001-12-13,29.427497795793492,2001
2001-12-14,28.113361554248083,2001
2001-12-15,28.585335338863473,2001
2001-12-16,30.31933176480472,2001
2001-12-17,30.24262970904888,2001
2001-12-18,28.99711445732142,2001
2001-12-19,29.084080720179884,2001
2001-12-20,28.91170512754263,2001
2001-12-21,29.20378473596194,2001
2001-12-22,29.806915162460406,2001
2001-12-23,30.96504515514164,2001
2001-12-24,31.244159783562743,2001
2001-12-25,30.18651222062219,2001
2001-12-26,30.660011561907112,2001
2001-12-27,29.872898864480245,2001
2001-12-28,30.126828417076343,2001
2001-12-29,29.277314966657435,2001
2001-12-30,28.15942412700856,2001
2001-12-31,29.66923928627733,2001
2002-01-01,30.44031913433049,2002
2002-01-02,30.399333145281645,2002
2002-01-03,29.652233232834284,2002
2002-01-04,29.715568499445496,2002
2002-01-05,30.132740287262067,2002
2002-01-06,30.16752699532018,2002
2002-01-07,30.64717888291126,2002
2002-01-08,30.70127130006308,2002
2002-01-09,31.633548144546282,2002
2002-01-10,30.739147864481968,2002
2002-01-11,30.153099519770045,2002
2002-01-12,30.87191927667497,2002
2002-01-13,31.988119541504354,2002
2002-01-14,31.74961263946024,2002
2002-01-15,32.675113482522804,2002
2002-01-16,32.17112131933131,2002
2002-01-17,31.444266378796975,2002
2002-01-18,31.933257419150948,2002
2002-01-19,31.448335913395102,2002
2002-01-20,30.824525311508907,2002
2002-01-21,31.410071197433055,2002
2002-01-22,30.68132597390248,2002
2002-01-23,31.175097654820057,2002
2002-01-24,31.17659557537909,2002
2002-01-25,31.662666898221854,2002
2002-01-26,31.68499853271344,2002
2002-01-27,30.747227798732496,2002
2002-01-28,31.17597699108545,2002
2002-01-29,30.686804767917508,2002
2002-01-30,31.41768297277586,2002
2002-01-31,31.211489747896977,2002
2002-02-01,31.836213772497157,2002
2002-02-02,31.79583537264294,2002
2002-02-03,32.776667248195864,2002
2002-02-04,31.71785355730488,2002
2002-02-05,31.180425150818703,2002
2002-02-06,30.48663858462934,2002
2002-02-07,31.233595731888162,2002
2002-02-08,31.57420766345598,2002
2002-02-09,31.493037963296533,2002
2002-02-10,32.34919443502016,2002
2002-02-11,33.430733849322216,2002
2002-02-12,33.17485172001711,2002
2002-02-13,33.01613165911711,2002
2002-02-14,32.34724337841472,2002
2002-02-15,31.708454472218335,2002
2002-02-16,32.25737193872146,2002
2002-02-17,31.047779936331487,2002
2002-02-18,32.34250335048495,2002
2002-02-19,32.75838840340301,2002
2002-02-20,32.524248646247294,2002
2002-02-21,31.634223148928665,2002
2002-02-22,32.00813512190016,2002
2002-02-23,31.185044873376523,2002
2002-02-24,32.61930427781409,2002
2002-02-25,30.790520363662587,2002
2002-02-26,32.80809151032501,2002
2002-02-27,31.345451987969422,2002
2002-02-28,31.474249173385438,2002
2002-03-01,32.34527723042227,2002
2002-03-02,32.6037450769486,2002
2002-03-03,32.6378312708891,2002
2002-03-04,31.89565285196319,2002
2002-03-05,31.241676835172335,2002
2002-03-06,30.947114895874165,2002
2002-03-07,29.238161603177826,2002
2002-03-08,31.084385787941258,2002
2002-03-09,30.992912175140425,2002
2002-03-10,31.97279104084094,2002
2002-03-11,33.12992157751326,2002
2002-03-12,33.46370383670492,2002
2002-03-13,33.07308623514622,2002
2002-03-14,32.5982326524912,2002
2002-03-15,31.886997656229536,2002
2002-03-16,32.069818500192355,2002
2002-03-17,32.55820495124797,2002
2002-03-18,32.313895921799464,2002
2002-03-19,32.22692275259762,2002
2002-03-20,34.04885635426287,2002
2002-03-21,34.47002170900746,2002
2002-03-22,34.39820697154167,2002
2002-03-23,34.22862323803425,2002
2002-03-24,34.14069137612839,2002
2002-03-25,33.95990864492388,2002
2002-03-26,33.274770593599285,2002
2002-03-27,33.01675520352786,2002
2002-03-28,32.98514463942843,2002
2002-03-29,34.951510485412435,2002
2002-03-30,33.29404703615553,2002
2002-03-31,31.60709763838905,2002
2002-04-01,32.64296277530702,2002
2002-04-02,33.10681959287694,2002
2002-04-03,32.47282191152068,2002
2002-04-04,32.107365993145166,2002
2002-04-05,31.638065882252697,2002
2002-04-06,32.181475696888526,2002
2002-04-07,32.509610712400146,2002
2002-04-08,32.44922484361474,2002
2002-04-09,31.74797866300051,2002
2002-04-10,32.00964778868835,2002
2002-04-11,31.775794899588117,2002
2002-04-12,32.17802004838029,2002
2002-04-13,32.40285862063582,2002
2002-04-14,34.04037055084072,2002
2002-04-15,33.71170916538811,2002
2002-04-16,32.44903212184655,2002
2002-04-17,32.39060724890692,2002
2002-04-18,33.39399218810739,2002
2002-04-19,34.20131873706789,2002
2002-04-20,32.42824287786471,2002
2002-04-21,31.554798986906683,2002
2002-04-22,31.275663675926396,2002
2002-04-23,32.495835172048935,2002
2002-04-24,32.13812356375996,2002
2002-04-25,31.854134292139367,2002
2002-04-26,31.248491061711505,2002
2002-04-27,31.145893139430566,2002
2002-04-28,30.937568817628147,2002
2002-04-29,31.719772226652154,2002
2002-04-30,31.975127342300617,2002
2002-05-01,29.626629414006626,2002
2002-05-02,29.93394691218655,2002
2002-05-03,31.42926119339275,2002
2002-05-04,31.155843417036905,2002
2002-05-05,30.649684999533342,2002
2002-05-06,29.5743589774544,2002
2002-05-07,29.361540023477897,2002
2002-05-08,29.234075602836295,2002
2002-05-09,31.17129123523199,2002
2002-05-10,31.61314841999942,2002
2002-05-11,31.660171052045357,2002
2002-05-12,32.14432344733317,2002
2002-05-13,32.388241584222236,2002
2002-05-14,32.51778165768851,2002
2002-05-15,32.57323317682882,2002
2002-05-16,32.207161509373734,2002
2002-05-17,31.39805179586354,2002
2002-05-18,31.288232704615076,2002
2002-05-19,31.794301098961824,2002
2002-05-20,32.1987193584903,2002
2002-05-21,31.162170853251205,2002
2002-05-22,31.221038847890323,2002
2002-05-23,29.667482756963928,2002
2002-05-24,30.62533316060128,2002
2002-05-25,30.94121246404921,2002
2002-05-26,29.728540979829646,2002
2002-05-27,28.537386766999667,2002
2002-05-28,30.937145839735194,2002
2002-05-29,29.228483360691957,2002
2002-05-30,27.934725427306404,2002
2002-05-31,28.64536281404249,2002
2002-06-01,28.612256934155788,2002
2002-06-02,30.31941137569807,2002
2002-06-03,29.796341302959867,2002
2002-06-04,29.630444139128457,2002
2002-06-05,30.948750716746147,2002
2002-06-06,30.970626161155025,2002
2002-06-07,29.888107579847286,2002
2002-06-08,29.186245264328974,2002
2002-06-09,29.71671173880196,2002
2002-06-10,29.81832163170482,2002
2002-06-11,30.48597397377665,2002
2002-06-12,30.56638292456937,2002
2002-06-13,30.835180661159917,2002
2002-06-14,30.75763980360793,2002
2002-06-15,30.435856195002447,2002
2002-06-16,30.908403556152493,2002
2002-06-17,29.90561731053684,2002
2002-06-18,30.267669304178554,2002
2002-06-19,30.10908688752434,2002
2002-06-20,29.63644045096182,2002
2002-06-21,28.49465906781269,2002
2002-06-22,27.350400603259686,2002
2002-06-23,27.15349086169592,2002
2002-06-24,27.69675732499239,2002
2002-06-25,26.550753528384885,2002
2002-06-26,26.40787560272433,2002
2002-06-27,26.365930798363586,2002
2002-06-28,27.80866254220267,2002
2002-06-29,28.312876417938647,2002
2002-06-30,27.904808952082128,2002
2002-07-01,28.36034048039515,2002
2002-07-02,28.451607663142624,2002
2002-07-03,28.78398970740044,2002
2002-07-04,29.132453624793413,2002
2002-07-05,28.43331121512621,2002
2002-07-06,28.054140248415976,2002
2002-07-07,28.42905630885924,2002
2002-07-08,28.760294430912136,2002
2002-07-09,28.339893675512727,2002
2002-07-10,29.46122175922493,2002
2002-07-11,28.087232874354363,2002
2002-07-12,28.339456032856138,2002
2002-07-13,29.03411363420554,2002
2002-07-14,28.86627204435836,2002
2002-07-15,28.222602530210548,2002
2002-07-16,28.8120377764398,2002
2002-07-17,28.21168818821937,2002
2002-07-18,28.15863840867054,2002
2002-07-19,27.998832921893296,2002
2002-07-20,28.937650731588196,2002
2002-07-21,28.89387243814527,2002
2002-07-22,29.100547287466444,2002
2002-07-23,29.53388205416685,2002
2002-07-24,28.873890100152206,2002
2002-07-25,27.897796139470216,2002
2002-07-26,27.423830062322285,2002
2002-07-27,27.002868653791626,2002
2002-07-28,27.261531501418478,2002
2002-07-29,26.362138156008957,2002
2002-07-30,28.024036294419492,2002
2002-07-31,27.188342993564916,2002
2002-08-01,27.820313255214437,2002
2002-08-02,27.837183181771024,2002
2002-08-03,27.083596161864588,2002
2002-08-04,28.21177129589914,2002
2002-08-05,28.705168237650554,2002
2002-08-06,28.122486417025293,2002
2002-08-07,29.11811874640361,2002
2002-08-08,28.43780571382421,2002
2002-08-09,28.462866935656425,2002
2002-08-10,29.26048252715842,2002
2002-08-11,29.364185245518193,2002
2002-08-12,29.470720658833407,2002
2002-08-13,28.81745873825377,2002
2002-08-14,29.8988209355752,2002
2002-08-15,29.171929526600067,2002
2002-08-16,29.35082933652736,2002
2002-08-17,29.32500431328508,2002
2002-08-18,28.553185895424303,2002
2002-08-19,28.54841443541908,2002
2002-08-20,27.57684200464252,2002
2002-08-21,28.263702717812883,2002
2002-08-22,26.680593201887618,2002
2002-08-23,28.443324293144013,2002
2002-08-24,29.159434345120616,2002
2002-08-25,28.267584164209293,2002
2002-08-26,28.472111639128766,2002
2002-08-27,27.965734262441465,2002
2002-08-28,26.97014127239317,2002
2002-08-29,27.580750050647225,2002
2002-08-30,29.28390074748818,2002
2002-08-31,28.82466717284133,2002
2002-09-01,28.867997622845913,2002
2002-09-02,29.72221682253773,2002
2002-09-03,29.666352269526612,2002
2002-09-04,29.44789785040194,2002
2002-09-05,30.486361181002266,2002
2002-09-06,29.37085609672182,2002
2002-09-07,28.980979152880433,2002
2002-09-08,28.59128559147473,2002
2002-09-09,29.611004445044976,2002
2002-09-10,30.075001748712438,2002
2002-09-11,29.09709857951284,2002
2002-09-12,29.418429722314006,2002
2002-09-13,29.9833565602678,2002
2002-09-14,29.467599335863607,2002
2002-09-15,29.672116485929287,2002
2002-09-16,29.47154644371599,2002
2002-09-17,29.846010453561963,2002
2002-09-18,29.95165775536863,2002
2002-09-19,30.7272695351219,2002
2002-09-20,30.367579026794196,2002
2002-09-21,30.64342003747673,2002
2002-09-22,30.428951074752042,2002
2002-09-23,30.86848683608036,2002
2002-09-24,31.140616124897274,2002
2002-09-25,30.59286206649874,2002
2002-09-26,30.477302537315072,2002
2002-09-27,31.1535594352692,2002
2002-09-28,30.351233492995267,2002
2002-09-29,30.199773488489114,2002
2002-09-30,30.47224089394139,2002
2002-10-01,29.92744930255782,2002
2002-10-02,30.090864695388383,2002
2002-10-03,30.475343881724594,2002
2002-10-04,29.95780074880244,2002
2002-10-05,31.194206449617703,2002
2002-10-06,31.833364575813032,2002
2002-10-07,32.3769403446367,2002
2002-10-08,31.136168918924433,2002
2002-10-09,30.949113901852012,2002
2002-10-10,30.546707133417137,2002
2002-10-11,32.045737767775336,2002
2002-10-12,31.15698946041176,2002
2002-10-13,30.751934822926007,2002
2002-10-14,30.68136566970538,2002
2002-10-15,31.443818537055847,2002
2002-10-16,31.19986149058519,2002
2002-10-17,30.40490647909325,2002
2002-10-18,31.25408513711813,2002
2002-10-19,31.017484879789556,2002
2002-10-20,31.697667081846163,2002
2002-10-21,30.78763990689807,2002
2002-10-22,31.166212636566748,2002
2002-10-23,32.499644001618805,2002
2002-10-24,32.169021138885334,2002
2002-10-25,32.6887044510451,2002
2002-10-26,30.96681566485624,2002
2002-10-27,29.827033270930777,2002
2002-10-28,29.942107511814495,2002
2002-10-29,31.35684567291725,2002
2002-10-30,32.47586224402848,2002
2002-10-31,32.48852533712173,2002
2002-11-01,31.548389391029467,2002
2002-11-02,31.852424432724526,2002
2002-11-03,31.011083076536288,2002
2002-11-04,32.32543688502858,2002
2002-11-05,31.25234629453964,2002
2002-11-06,31.625324682394922,2002
2002-11-07,31.52208305823872,2002
2002-11-08,30.169006089497696,2002
2002-11-09,31.667703294538345,2002
2002-11-10,32.04992779297463,2002
2002-11-11,30.543706772541846,2002
2002-11-12,30.02508645097056,2002
2002-11-13,30.487806010426926,2002
2002-11-14,32.00139303080606,2002
2002-11-15,31.79674541092645,2002
2002-11-16,30.85561980774962,2002
2002-11-17,30.647446853059627,2002
2002-11-18,30.230930222857612,2002
2002-11-19,31.45024747079551,2002
2002-11-20,31.24340097885728,2002
2002-11-21,29.41345257398276,2002
2002-11-22,27.382338522347126,2002
2002-11-23,30.659906530262106,2002
2002-11-24,31.389170510470258,2002
2002-11-25,31.349796492349704,2002
2002-11-26,32.13024958359459,2002
2002-11-27,32.31757875309069,2002
2002-11-28,30.7236399730893,2002
2002-11-29,29.622225164132125,2002
2002-11-30,29.88978265081419,2002
2002-12-01,29.729865613591926,2002
2002-12-02,29.70815136084464,2002
2002-12-03,30.69767389430182,2002
2002-12-04,30.575174182921785,2002
2002-12-05,31.277350964773103,2002
2002-12-06,31.329355448118207,2002
2002-12-07,31.48076749191761,2002
2002-12-08,29.896564290583,2002
2002-12-09,28.165438981900138,2002
2002-12-10,29.75256679923278,2002
2002-12-11,30.738626534271567,2002
2002-12-12,31.461099781403227,2002
2002-12-13,31.37174487418919,2002
2002-12-14,31.99982915195401,2002
2002-12-15,29.847548809156503,2002
2002-12-16,30.185753359894065,2002
2002-12-17,30.544829921397636,2002
2002-12-18,31.209618409603898,2002
2002-12-19,30.752619491693817,2002
2002-12-20,29.415504816421368,2002
2002-12-21,29.85261194768289,2002
2002-12-22,30.10186138949713,2002
2002-12-23,30.560570663744556,2002
2002-12-24,30.502632229550553,2002
2002-12-25,30.449350521063735,2002
2002-12-26,28.727776440730143,2002
2002-12-27,30.784911224846528,2002
2002-12-28,29.95173570454988,2002
2002-12-29,29.939884232456457,2002
2002-12-30,29.261635553709716,2002
2002-12-31,28.777416120000726,2002
2003-01-01,29.508763836858968,2003
2003-01-02,30.566699541958876,2003
2003-01-03,31.4659850705704,2003
2003-01-04,32.32016640947155,2003
2003-01-05,31.461939741126642,2003
2003-01-06,31.182302357689416,2003
2003-01-07,31.713096995975974,2003
2003-01-08,31.864009631343308,2003
2003-01-09,30.602906728447486,2003
2003-01-10,31.426784510155205,2003
2003-01-11,31.100950694909038,2003
2003-01-12,29.74954687833078,2003
2003-01-13,27.673334701407654,2003
2003-01-14,28.774186110996247,2003
2003-01-15,30.03648392969588,2003
2003-01-16,30.719921732352052,2003
2003-01-17,31.218427308760873,2003
2003-01-18,31.69776396401168,2003
2003-01-19,29.847759833238946,2003
2003-01-20,30.039091274286648,2003
2003-01-21,30.84436065971872,2003
2003-01-22,30.80187214809651,2003
2003-01-23,30.72299066197781,2003
2003-01-24,31.08722863744999,2003
2003-01-25,31.282036765549513,2003
2003-01-26,31.84076931439642,2003
2003-01-27,32.112289987014265,2003
2003-01-28,30.7796678379493,2003
2003-01-29,30.865742701903304,2003
2003-01-30,31.35552296703099,2003
2003-01-31,30.29811230681909,2003
2003-02-01,29.896428918731996,2003
2003-02-02,30.063972907385676,2003
2003-02-03,30.072187789523788,2003
2003-02-04,30.206037181396656,2003
2003-02-05,30.971662750746546,2003
2003-02-06,32.24985314830089,2003
2003-02-07,32.8622540629464,2003
2003-02-08,32.91637350014356,2003
2003-02-09,32.77928044270825,2003
2003-02-10,32.95505205875466,2003
2003-02-11,32.653651289844284,2003
2003-02-12,32.83413602045128,2003
2003-02-13,32.33180208728398,2003
2003-02-14,32.84270903517822,2003
2003-02-15,32.34328687319435,2003
2003-02-16,32.251636057039036,2003
2003-02-17,32.755352891847075,2003
2003-02-18,32.72888044576354,2003
2003-02-19,32.647117243102734,2003
2003-02-20,31.77347927787076,2003
2003-02-21,31.14629283733404,2003
2003-02-22,30.35691749224132,2003
2003-02-23,33.144605993625454,2003
2003-02-24,32.125566325783076,2003
2003-02-25,31.729435608153995,2003
2003-02-26,32.26229559713041,2003
2003-02-27,32.684045826434186,2003
2003-02-28,31.138285903455575,2003
2003-03-01,32.607450779873325,2003
2003-03-02,34.136708815296,2003
2003-03-03,34.11956461495506,2003
2003-03-04,34.11032688442877,2003
2003-03-05,33.56642548580789,2003
2003-03-06,33.910501065474975,2003
2003-03-07,33.569119057639135,2003
2003-03-08,33.30559262157507,2003
2003-03-09,33.87383131073424,2003
2003-03-10,33.957589078413505,2003
2003-03-11,32.383824387817256,2003
2003-03-12,33.33324266649425,2003
2003-03-13,32.641318853074814,2003
2003-03-14,32.98724199261287,2003
2003-03-15,33.292315354380236,2003
2003-03-16,33.65820555234688,2003
2003-03-17,33.845860567796336,2003
2003-03-18,33.196111506610926,2003
2003-03-19,32.18121580732893,2003
2003-03-20,33.597855945328995,2003
2003-03-21,34.03581581547473,2003
2003-03-22,34.77366780385316,2003
2003-03-23,33.41016252816906,2003
2003-03-24,33.728536732878524,2003
2003-03-25,32.78664696377699,2003
2003-03-26,33.99162590724492,2003
2003-03-27,33.81511375622874,2003
2003-03-28,32.53741478696459,2003
2003-03-29,31.82568250685845,2003
2003-03-30,33.46821655599939,2003
2003-03-31,34.38554207565229,2003
2003-04-01,34.0962960280807,2003
2003-04-02,34.738988849222594,2003
2003-04-03,33.797176167534076,2003
2003-04-04,34.201411768924096,2003
2003-04-05,32.86048757155376,2003
2003-04-06,33.26713620547196,2003
2003-04-07,33.40555893125598,2003
2003-04-08,34.381135419545856,2003
2003-04-09,34.271322632717634,2003
2003-04-10,32.41862736403792,2003
2003-04-11,32.57524310925383,2003
2003-04-12,34.603132596876904,2003
2003-04-13,34.50710062977611,2003
2003-04-14,33.78050343275767,2003
2003-04-15,33.87136907314442,2003
2003-04-16,34.08634349918774,2003
2003-04-17,33.842518404686366,2003
2003-04-18,33.42242883727528,2003
2003-04-19,33.87365979830722,2003
2003-04-20,33.72310285265729,2003
2003-04-21,33.86482547625522,2003
2003-04-22,33.83261715201683,2003
2003-04-23,34.669021943761635,2003
2003-04-24,32.98401469515541,2003
2003-04-25,31.804373166979474,2003
2003-04-26,32.087469899506964,2003
2003-04-27,32.62349315442562,2003
2003-04-28,32.747219081361756,2003
2003-04-29,32.40301943901592,2003
2003-04-30,32.82998898696908,2003
2003-05-01,33.526886283582925,2003
2003-05-02,33.442558898665006,2003
2003-05-03,33.019454852316066,2003
2003-05-04,32.00200322010007,2003
2003-05-05,32.03661674304543,2003
2003-05-06,32.323286180847575,2003
2003-05-07,31.88066526176565,2003
2003-05-08,32.15425749381821,2003
2003-05-09,31.551810154333765,2003
2003-05-10,32.669516368569916,2003
2003-05-11,32.26655733683546,2003
2003-05-12,32.80425764676371,2003
2003-05-13,32.73181143102951,2003
2003-05-14,32.651733973051286,2003
2003-05-15,32.29247115119938,2003
2003-05-16,31.92829289650072,2003
2003-05-17,31.499626244499577,2003
2003-05-18,32.01556062167217,2003
2003-05-19,31.201115301703307,2003
2003-05-20,30.901930055114587,2003
2003-05-21,30.74062842901419,2003
2003-05-22,31.3944002700006,2003
2003-05-23,31.350053613450086,2003
2003-05-24,31.065273035630756,2003
2003-05-25,29.9855168678763,2003
2003-05-26,30.5005602667825,2003
2003-05-27,30.64035798067962,2003
2003-05-28,31.58533522585949,2003
2003-05-29,30.889273326150096,2003
2003-05-30,31.243439726844777,2003
2003-05-31,31.200210676395805,2003
2003-06-01,30.200768896569876,2003
2003-06-02,28.996270898162834,2003
2003-06-03,29.270315303028234,2003
2003-06-04,29.933044602349774,2003
2003-06-05,30.11278209356449,2003
2003-06-06,30.13212765263131,2003
2003-06-07,30.188348461874927,2003
2003-06-08,29.19737027856952,2003
2003-06-09,29.810193188351946,2003
2003-06-10,29.458155923020577,2003
2003-06-11,28.85794483450033,2003
2003-06-12,28.83478126182995,2003
2003-06-13,29.46130095903547,2003
2003-06-14,30.736650269199114,2003
2003-06-15,30.670668168659397,2003
2003-06-16,30.229642131863955,2003
2003-06-17,29.989386577550476,2003
2003-06-18,29.80663751978902,2003
2003-06-19,31.01264189771816,2003
2003-06-20,30.150965538777093,2003
2003-06-21,29.87799285456142,2003
2003-06-22,29.61543631055063,2003
2003-06-23,29.49967328540236,2003
2003-06-24,28.83140144658188,2003
2003-06-25,28.90347568555513,2003
2003-06-26,29.047489516358905,2003
2003-06-27,29.67925811464003,2003
2003-06-28,29.463979635661907,2003
2003-06-29,29.216413584139165,2003
2003-06-30,29.137526194554745,2003
2003-07-01,29.26859676285742,2003
2003-07-02,29.113816024702736,2003
2003-07-03,29.240458684402476,2003
2003-07-04,29.717021590645494,2003
2003-07-05,29.756600637045292,2003
2003-07-06,30.282943345352848,2003
2003-07-07,29.85538161086209,2003
2003-07-08,29.43057090862318,2003
2003-07-09,29.565748255055524,2003
2003-07-10,29.48454483848652,2003
2003-07-11,29.333984456409112,2003
2003-07-12,29.39256090547347,2003
2003-07-13,29.00201456017318,2003
2003-07-14,28.18075040633908,2003
2003-07-15,28.37030640175725,2003
2003-07-16,28.92818487986584,2003
2003-07-17,29.65655240483716,2003
2003-07-18,29.21258591006836,2003
2003-07-19,29.303469361542785,2003
2003-07-20,29.11426181927885,2003
2003-07-21,29.12282361460389,2003
2003-07-22,29.574110512498702,2003
2003-07-23,29.92645617499476,2003
2003-07-24,29.032656458288535,2003
2003-07-25,28.37051945715894,2003
2003-07-26,29.12002730638531,2003
2003-07-27,28.652495332855974,2003
2003-07-28,28.33879151942473,2003
2003-07-29,28.090764552196628,2003
2003-07-30,29.242347229506187,2003
2003-07-31,29.067279651549093,2003
2003-08-01,29.32101831354997,2003
2003-08-02,27.286153824776143,2003
2003-08-03,28.424219973198735,2003
2003-08-04,29.126954656462594,2003
2003-08-05,28.70263581397151,2003
2003-08-06,29.49064962922484,2003
2003-08-07,29.122566038441526,2003
2003-08-08,29.07797998540217,2003
2003-08-09,29.740863373998536,2003
2003-08-10,29.690800821347498,2003
2003-08-11,28.988633674833707,2003
2003-08-12,28.203538999047048,2003
2003-08-13,29.032314236036573,2003
2003-08-14,29.13575799073223,2003
2003-08-15,28.314370489695285,2003
2003-08-16,28.524645425488814,2003
2003-08-17,28.999637258242494,2003
2003-08-18,29.402023146445533,2003
2003-08-19,28.783724935956812,2003
2003-08-20,28.95383484831689,2003
2003-08-21,29.295578011056215,2003
2003-08-22,29.75882580799238,2003
2003-08-23,29.951571246176684,2003
2003-08-24,30.199120064679395,2003
2003-08-25,30.163666095855625,2003
2003-08-26,29.396110382736907,2003
2003-08-27,28.971132017797288,2003
2003-08-28,29.34608382959884,2003
2003-08-29,28.985617545830678,2003
2003-08-30,29.07676607988143,2003
2003-08-31,29.093490492742024,2003
2003-09-01,29.07385248487062,2003
2003-09-02,29.36964080361618,2003
2003-09-03,29.22050771027762,2003
2003-09-04,29.688612927576173,2003
2003-09-05,29.421105931190972,2003
2003-09-06,29.057090078932994,2003
2003-09-07,29.600421864309666,2003
2003-09-08,29.409009470173462,2003
2003-09-09,30.379728801320162,2003
2003-09-10,29.665251278991548,2003
2003-09-11,28.797670189409445,2003
2003-09-12,27.940122208000513,2003
2003-09-13,28.25873954596183,2003
2003-09-14,29.319485863324694,2003
2003-09-15,28.553251099744934,2003
2003-09-16,28.105896509060912,2003
2003-09-17,29.326309864023486,2003
2003-09-18,29.70090960006019,2003
2003-09-19,28.796185691428562,2003
2003-09-20,28.945804767335275,2003
2003-09-21,28.823824471134607,2003
2003-09-22,28.79606456946782,2003
2003-09-23,28.19195994295262,2003
2003-09-24,29.585060659493024,2003
2003-09-25,30.364349896052836,2003
2003-09-26,29.935895495613245,2003
2003-09-27,30.778640384073856,2003
2003-09-28,30.26728052958986,2003
2003-09-29,30.64853740512813,2003
2003-09-30,30.585829022878247,2003
2003-10-01,30.624062479246014,2003
2003-10-02,30.84417299226666,2003
2003-10-03,30.99743335178052,2003
2003-10-04,31.38055471523923,2003
2003-10-05,31.009795949451128,2003
2003-10-06,30.329720691576867,2003
2003-10-07,30.45567087875743,2003
2003-10-08,31.075123477135666,2003
2003-10-09,30.306289131803986,2003
2003-10-10,30.147853899976433,2003
2003-10-11,30.460887164672716,2003
2003-10-12,30.23308907209365,2003
2003-10-13,31.843898932102853,2003
2003-10-14,32.11408638639328,2003
2003-10-15,31.598986404712022,2003
2003-10-16,30.839923689471195,2003
2003-10-17,31.216009582153823,2003
2003-10-18,30.614808426299575,2003
2003-10-19,31.025875435812544,2003
2003-10-20,31.243055297579115,2003
2003-10-21,30.285737768978507,2003
2003-10-22,30.71769988386964,2003
2003-10-23,30.13075856036176,2003
2003-10-24,30.0038389319177,2003
2003-10-25,31.289942239890955,2003
2003-10-26,30.709098476693477,2003
2003-10-27,29.911747521681637,2003
2003-10-28,30.707906945861904,2003
2003-10-29,31.31867009078814,2003
2003-10-30,31.980269004571856,2003
2003-10-31,32.08312729352012,2003
2003-11-01,31.826397832050922,2003
2003-11-02,31.23330352670904,2003
2003-11-03,30.000588944840363,2003
2003-11-04,29.315080546261225,2003
2003-11-05,29.11129719009686,2003
2003-11-06,30.408421715960916,2003
2003-11-07,29.591440969282658,2003
2003-11-08,30.151279438992976,2003
2003-11-09,31.229567656783185,2003
2003-11-10,30.64996850649149,2003
2003-11-11,31.5723901773671,2003
2003-11-12,32.10712284349528,2003
2003-11-13,31.519795541996693,2003
2003-11-14,32.23108271404267,2003
2003-11-15,31.856862890109017,2003
2003-11-16,31.075732949726586,2003
2003-11-17,30.5583070671144,2003
2003-11-18,30.49772221554211,2003
2003-11-19,30.419813298585932,2003
2003-11-20,30.18031988193732,2003
2003-11-21,30.248524816588755,2003
2003-11-22,30.405480753136846,2003
2003-11-23,30.440415139345067,2003
2003-11-24,30.66586126696391,2003
2003-11-25,30.633483387305958,2003
2003-11-26,30.247122709053258,2003
2003-11-27,29.05816656053498,2003
2003-11-28,29.64963205843386,2003
2003-11-29,30.52538582838399,2003
2003-11-30,30.852455241459413,2003
2003-12-01,29.618985574310624,2003
2003-12-02,30.191599075410934,2003
2003-12-03,30.52344646712637,2003
2003-12-04,29.816549237700976,2003
2003-12-05,29.16988146106547,2003
2003-12-06,31.25327796757335,2003
2003-12-07,31.37258036330617,2003
2003-12-08,28.466606684289623,2003
2003-12-09,28.598257470242856,2003
2003-12-10,29.71869945885959,2003
2003-12-11,30.76815899985482,2003
2003-12-12,29.954292915648743,2003
2003-12-13,30.421028935566163,2003
2003-12-14,29.886877863887786,2003
2003-12-15,29.718808720430207,2003
2003-12-16,31.015708471017565,2003
2003-12-17,30.42199572543108,2003
2003-12-18,30.28803102659439,2003
2003-12-19,29.799273900884664,2003
2003-12-20,28.46205316953013,2003
2003-12-21,27.14428624057847,2003
2003-12-22,29.283804241577432,2003
2003-12-23,30.67071577496015,2003
2003-12-24,30.561526570285174,2003
2003-12-25,29.948070383755127,2003
2003-12-26,30.894028247337,2003
2003-12-27,30.639995731440614,2003
2003-12-28,30.984662135352266,2003
2003-12-29,31.938499221633737,2003
2003-12-30,31.243041180956148,2003
2003-12-31,30.37201818271076,2003
2004-01-01,30.37826757075226,2004
2004-01-02,30.19772259203731,2004
2004-01-03,30.55293335978734,2004
2004-01-04,30.13325941433876,2004
2004-01-05,29.031688289441686,2004
2004-01-06,29.35880912835697,2004
2004-01-07,30.036792903061393,2004
2004-01-08,29.284468612115855,2004
2004-01-09,27.456230911968873,2004
2004-01-10,29.572265204916363,2004
2004-01-11,28.654786718777984,2004
2004-01-12,30.304890705835575,2004
2004-01-13,30.584112096617638,2004
2004-01-14,31.459638289096915,2004
2004-01-15,31.29799606745508,2004
2004-01-16,30.84620777547853,2004
2004-01-17,30.769169820929072,2004
2004-01-18,30.672378259472374,2004
2004-01-19,31.403253731173205,2004
2004-01-20,31.89952715536431,2004
2004-01-21,31.02725096228324,2004
2004-01-22,31.907786969561872,2004
2004-01-23,31.41248688229688,2004
2004-01-24,30.53229050895143,2004
2004-01-25,31.06593074365648,2004
2004-01-26,32.05650318634811,2004
2004-01-27,31.43027823835073,2004
2004-01-28,30.27013161758401,2004
2004-01-29,30.809549698009587,2004
2004-01-30,30.982020230357833,2004
2004-01-31,31.389592007770403,2004
2004-02-01,31.67825288149672,2004
2004-02-02,33.14530573807464,2004
2004-02-03,32.70467803684511,2004
2004-02-04,31.25567247949747,2004
2004-02-05,31.8087965964453,2004
2004-02-06,30.520198398189834,2004
2004-02-07,29.372149650829577,2004
2004-02-08,30.427213780156514,2004
2004-02-09,30.798304442617837,2004
2004-02-10,31.281909296642908,2004
2004-02-11,32.506375435098406,2004
2004-02-12,33.56512021428114,2004
2004-02-13,32.73053436799209,2004
2004-02-14,32.62976412557488,2004
2004-02-15,32.39286597597043,2004
2004-02-16,32.30905135131426,2004
2004-02-17,31.818788610772593,2004
2004-02-18,31.47042719251771,2004
2004-02-19,33.39158843069209,2004
2004-02-20,33.96802372731726,2004
2004-02-21,33.93517543155936,2004
2004-02-22,31.55955724311666,2004
2004-02-23,31.252234405441,2004
2004-02-24,33.10470141560764,2004
2004-02-25,32.34071033295263,2004
2004-02-26,33.70468301311142,2004
2004-02-27,33.53119664599502,2004
2004-02-28,32.78576574753376,2004
2004-02-29,33.119994897005704,2004
2004-03-01,33.40868757722708,2004
2004-03-02,33.96343214172933,2004
2004-03-03,34.66521685911362,2004
2004-03-04,33.492116755358296,2004
2004-03-05,32.695081924436586,2004
2004-03-06,32.96822766675068,2004
2004-03-07,33.42755529179615,2004
2004-03-08,33.420586505287325,2004
2004-03-09,33.62923693069652,2004
2004-03-10,33.59211018101122,2004
2004-03-11,34.325356782742496,2004
2004-03-12,33.29201427343782,2004
2004-03-13,32.913648746467196,2004
2004-03-14,33.16675151734844,2004
2004-03-15,33.01518508802806,2004
2004-03-16,32.10122356647347,2004
2004-03-17,31.721231265922345,2004
2004-03-18,32.37863570993571,2004
2004-03-19,32.7306109175614,2004
2004-03-20,32.57130380588892,2004
2004-03-21,30.981355031315413,2004
2004-03-22,31.62396772566446,2004
2004-03-23,33.60782983701648,2004
2004-03-24,33.944363730528096,2004
2004-03-25,33.34291516991171,2004
2004-03-26,34.10558644808045,2004
2004-03-27,34.07327672508586,2004
2004-03-28,32.983059911066725,2004
2004-03-29,32.39451015760231,2004
2004-03-30,32.16813820499371,2004
2004-03-31,32.93098805566092,2004
2004-04-01,34.70001321113288,2004
2004-04-02,34.595599555885826,2004
2004-04-03,33.05847651654303,2004
2004-04-04,32.983295839017664,2004
2004-04-05,34.20048296417771,2004
2004-04-06,34.49572877200082,2004
2004-04-07,33.09190525747596,2004
2004-04-08,32.37959354601557,2004
2004-04-09,33.90592071517201,2004
2004-04-10,33.13906575434183,2004
2004-04-11,33.05975395399566,2004
2004-04-12,33.11489277786474,2004
2004-04-13,32.11469512216507,2004
2004-04-14,32.0536109418447,2004
2004-04-15,31.23129698314929,2004
2004-04-16,30.950319227858593,2004
2004-04-17,31.783045062372146,2004
2004-04-18,32.969016073300736,2004
2004-04-19,31.99997647158557,2004
2004-04-20,32.986068672503876,2004
2004-04-21,34.37814071167361,2004
2004-04-22,34.58262463225663,2004
2004-04-23,32.94177084218438,2004
2004-04-24,32.21046832687834,2004
2004-04-25,31.476838467738055,2004
2004-04-26,32.252895985064725,2004
2004-04-27,31.483687681637615,2004
2004-04-28,32.08875359025092,2004
2004-04-29,32.470391161455076,2004
2004-04-30,31.82967771396189,2004
2004-05-01,31.02704191607324,2004
2004-05-02,30.977183617863172,2004
2004-05-03,31.45974540147469,2004
2004-05-04,30.35022183786463,2004
2004-05-05,30.824247312066646,2004
2004-05-06,31.31462570059223,2004
2004-05-07,31.061957770365794,2004
2004-05-08,31.47842122945832,2004
2004-05-09,30.113194722688036,2004
2004-05-10,30.785608449623382,2004
2004-05-11,29.459688387489017,2004
2004-05-12,30.89750718320974,2004
2004-05-13,31.6420917831038,2004
2004-05-14,29.58659663811863,2004
2004-05-15,28.77534548871797,2004
2004-05-16,28.275098602052665,2004
2004-05-17,29.804745137761707,2004
2004-05-18,31.18085562285995,2004
2004-05-19,31.151628112331966,2004
2004-05-20,30.360779274993288,2004
2004-05-21,31.652425403033504,2004
2004-05-22,31.661314225058725,2004
2004-05-23,32.056078082639736,2004
2004-05-24,32.010405140961346,2004
2004-05-25,31.13821340489041,2004
2004-05-26,31.404376796144728,2004
2004-05-27,31.369812899826286,2004
2004-05-28,31.17355851494079,2004
2004-05-29,31.531354905688197,2004
2004-05-30,31.50476262741183,2004
2004-05-31,31.464418731008532,2004
2004-06-01,31.89988873622606,2004
2004-06-02,29.747726720107945,2004
2004-06-03,30.565153023246054,2004
2004-06-04,28.926085531195287,2004
2004-06-05,29.254719251101715,2004
2004-06-06,29.1117394353005,2004
2004-06-07,29.45589536185205,2004
2004-06-08,29.59469659547875,2004
2004-06-09,29.432402857493752,2004
2004-06-10,29.3740208985108,2004
2004-06-11,28.941053693466685,2004
2004-06-12,28.346518739810467,2004
2004-06-13,28.369419300962555,2004
2004-06-14,29.411558607818645,2004
2004-06-15,29.654194810570296,2004
2004-06-16,29.143592431578405,2004
2004-06-17,29.166295914674794,2004
2004-06-18,29.055524826101358,2004
2004-06-19,29.378533997735076,2004
2004-06-20,29.435764218667792,2004
2004-06-21,28.24832118974593,2004
2004-06-22,27.619140477948523,2004
2004-06-23,28.282588741877966,2004
2004-06-24,29.079887422467735,2004
2004-06-25,29.5391775196501,2004
2004-06-26,29.174499309194612,2004
2004-06-27,29.00377354227222,2004
2004-06-28,29.17028623639716,2004
2004-06-29,29.071455470175252,2004
2004-06-30,28.535071278698155,2004
2004-07-01,28.670789931011882,2004
2004-07-02,28.28251602662048,2004
2004-07-03,28.395451303542472,2004
2004-07-04,28.97784788262652,2004
2004-07-05,26.92973591412302,2004
2004-07-06,27.577983788001912,2004
2004-07-07,28.259997843427076,2004
2004-07-08,28.514674413408855,2004
2004-07-09,28.46691685107171,2004
2004-07-10,28.284395792486926,2004
2004-07-11,28.62410344821567,2004
2004-07-12,28.500179888820533,2004
2004-07-13,27.98145786319781,2004
2004-07-14,28.43672137882882,2004
2004-07-15,27.72808090960821,2004
2004-07-16,25.388331039319098,2004
2004-07-17,27.148480737878483,2004
2004-07-18,26.886062242195795,2004
2004-07-19,26.871646424222675,2004
2004-07-20,27.08760063694471,2004
2004-07-21,27.448733652216266,2004
2004-07-22,26.666643008115777,2004
2004-07-23,27.57836034550939,2004
2004-07-24,28.546888660776347,2004
2004-07-25,28.62172562648142,2004
2004-07-26,27.655706529252853,2004
2004-07-27,28.387620957574214,2004
2004-07-28,29.60037566546046,2004
2004-07-29,30.270106200089824,2004
2004-07-30,30.07299528814014,2004
2004-07-31,28.768561655066446,2004
2004-08-01,28.759972703567918,2004
2004-08-02,27.828633596406185,2004
2004-08-03,27.061543772227807,2004
2004-08-04,29.53668307601908,2004
2004-08-05,28.969927808235447,2004
2004-08-06,27.908319220609442,2004
2004-08-07,29.29490915604747,2004
2004-08-08,29.635135316967084,2004
2004-08-09,28.739442068508374,2004
2004-08-10,28.062224336050118,2004
2004-08-11,28.43747050351007,2004
2004-08-12,27.41706641357454,2004
2004-08-13,28.713317704543698,2004
2004-08-14,28.903266125012955,2004
2004-08-15,28.319733399328026,2004
2004-08-16,28.48577907171039,2004
2004-08-17,29.29102930705287,2004
2004-08-18,29.234228517661457,2004
2004-08-19,29.342553982726262,2004
2004-08-20,29.18384268645539,2004
2004-08-21,29.807612834970545,2004
2004-08-22,29.73391707365144,2004
2004-08-23,29.05948486695317,2004
2004-08-24,28.97283133306729,2004
2004-08-25,29.242267822535965,2004
2004-08-26,29.20200904924321,2004
2004-08-27,29.12210826430961,2004
2004-08-28,29.338468717174848,2004
2004-08-29,29.15335351119883,2004
2004-08-30,29.214844776996376,2004
2004-08-31,28.804012479862216,2004
2004-09-01,28.908415838551218,2004
2004-09-02,28.311979621415357,2004
2004-09-03,29.11353370137591,2004
2004-09-04,30.387342160405762,2004
2004-09-05,30.383695420055567,2004
2004-09-06,30.043288036562306,2004
2004-09-07,30.350668792687937,2004
2004-09-08,30.421214778738545,2004
2004-09-09,29.794223264541248,2004
2004-09-10,30.082549044630127,2004
2004-09-11,30.164171146624028,2004
2004-09-12,30.649421921704885,2004
2004-09-13,30.528448411775,2004
2004-09-14,30.637647058438645,2004
2004-09-15,30.311766346094235,2004
2004-09-16,30.36390680594726,2004
2004-09-17,30.08343153999911,2004
2004-09-18,30.759741388870076,2004
2004-09-19,30.819236530695143,2004
2004-09-20,30.674529970640666,2004
2004-09-21,30.15665838020966,2004
2004-09-22,29.875385403708897,2004
2004-09-23,30.38152759547642,2004
2004-09-24,31.14320090033484,2004
2004-09-25,31.608761356053392,2004
2004-09-26,30.27149852095523,2004
2004-09-27,30.792621984258695,2004
2004-09-28,30.45953329667902,2004
2004-09-29,30.650975595017407,2004
2004-09-30,30.407379719352978,2004
2004-10-01,30.615903775697245,2004
2004-10-02,31.108613668651177,2004
2004-10-03,32.638911150503795,2004
2004-10-04,33.66449055900419,2004
2004-10-05,33.39692837692768,2004
2004-10-06,34.36628766259241,2004
2004-10-07,32.78236701431977,2004
2004-10-08,32.66681816895251,2004
2004-10-09,31.263655336006167,2004
2004-10-10,30.877093047994425,2004
2004-10-11,31.434578944295524,2004
2004-10-12,32.24780469124967,2004
2004-10-13,30.884153725477756,2004
2004-10-14,30.769455149812174,2004
2004-10-15,31.173089358080354,2004
2004-10-16,30.247974883113173,2004
2004-10-17,30.737190356460435,2004
2004-10-18,30.46646902917256,2004
2004-10-19,31.388499057137132,2004
2004-10-20,31.167669210089354,2004
2004-10-21,31.912706314918474,2004
2004-10-22,31.56479666646655,2004
2004-10-23,31.8663652146194,2004
2004-10-24,31.84425955713524,2004
2004-10-25,32.58054774065329,2004
2004-10-26,32.277419429654664,2004
2004-10-27,31.63709118769199,2004
2004-10-28,31.90778905554229,2004
2004-10-29,31.362410645136908,2004
2004-10-30,29.84328371705525,2004
2004-10-31,30.138885513381734,2004
2004-11-01,30.187445355542692,2004
2004-11-02,29.929228525800106,2004
2004-11-03,31.072969724975955,2004
2004-11-04,29.86224243881735,2004
2004-11-05,29.750018458078394,2004
2004-11-06,28.733939344226705,2004
2004-11-07,28.905856346232643,2004
2004-11-08,29.944429822958003,2004
2004-11-09,30.56691470632062,2004
2004-11-10,29.299249682435942,2004
2004-11-11,28.790439119364247,2004
2004-11-12,27.242418861505186,2004
2004-11-13,27.551786168945284,2004
2004-11-14,27.63002457241149,2004
2004-11-15,28.944056596679598,2004
2004-11-16,29.060616731377042,2004
2004-11-17,30.867954363989558,2004
2004-11-18,31.969512242688918,2004
2004-11-19,32.14105262520535,2004
2004-11-20,31.871804892487976,2004
2004-11-21,30.90767472110938,2004
2004-11-22,31.275088874991155,2004
2004-11-23,29.653793836769438,2004
2004-11-24,30.743732929533483,2004
2004-11-25,29.777045558637695,2004
2004-11-26,29.756776543484857,2004
2004-11-27,29.559312839450335,2004
2004-11-28,30.80812543481833,2004
2004-11-29,31.009535985275342,2004
2004-11-30,30.36492882499487,2004
2004-12-01,29.5152762181361,2004
2004-12-02,30.430134442672635,2004
2004-12-03,29.947949648883142,2004
2004-12-04,28.012368785203442,2004
2004-12-05,29.41355468100501,2004
2004-12-06,29.223543791445163,2004
2004-12-07,29.58249577625454,2004
2004-12-08,28.967004307704304,2004
2004-12-09,28.004229746655245,2004
2004-12-10,27.88770004928712,2004
2004-12-11,28.406756383309396,2004
2004-12-12,29.458833875480103,2004
2004-12-13,29.234738027953075,2004
2004-12-14,28.37296077754509,2004
2004-12-15,28.51506095834474,2004
2004-12-16,29.510992403645833,2004
2004-12-17,29.09268414765327,2004
2004-12-18,28.889311218393242,2004
2004-12-19,28.649414407908793,2004
2004-12-20,28.822426182834658,2004
2004-12-21,28.663768570187784,2004
2004-12-22,28.916691740990682,2004
2004-12-23,28.839128028725245,2004
2004-12-24,30.010377063512287,2004
2004-12-25,29.20540590182455,2004
2004-12-26,29.210185744467527,2004
2004-12-27,28.520639627358143,2004
2004-12-28,29.20340999305504,2004
2004-12-29,29.57532019095145,2004
2004-12-30,30.39799825243508,2004
2004-12-31,30.064863262787764,2004
2005-01-01,31.13318301903705,2005
2005-01-02,30.36177663293532,2005
2005-01-03,29.733911575507918,2005
2005-01-04,28.57425138243214,2005
2005-01-05,30.216667442505884,2005
2005-01-06,30.987568161055194,2005
2005-01-07,30.4270237404539,2005
2005-01-08,29.55804432219285,2005
2005-01-09,29.05503303918769,2005
2005-01-10,27.908178571408598,2005
2005-01-11,29.51878089493956,2005
2005-01-12,28.362355595459803,2005
2005-01-13,28.89928282497771,2005
2005-01-14,30.15774834036998,2005
2005-01-15,30.68299594361526,2005
2005-01-16,29.596630630006565,2005
2005-01-17,30.07828036298853,2005
2005-01-18,31.09025365533982,2005
2005-01-19,30.21920424540793,2005
2005-01-20,29.73230096843799,2005
2005-01-21,30.714744856510364,2005
2005-01-22,30.092162658511004,2005
2005-01-23,30.877975066803504,2005
2005-01-24,32.58576699133753,2005
2005-01-25,32.709039018991334,2005
2005-01-26,33.216677548589345,2005
2005-01-27,33.06467497969097,2005
2005-01-28,33.28006554170053,2005
2005-01-29,32.57515043419299,2005
2005-01-30,31.652103777359194,2005
2005-01-31,31.49487601070033,2005
2005-02-01,32.538330888567394,2005
2005-02-02,31.296118303806594,2005
2005-02-03,31.433853589204762,2005
2005-02-04,31.222103584482483,2005
2005-02-05,31.25983218636067,2005
2005-02-06,31.344855588907862,2005
2005-02-07,30.264714811781595,2005
2005-02-08,30.902783217476628,2005
2005-02-09,30.633302741563668,2005
2005-02-10,30.134133901230584,2005
2005-02-11,30.307161295828536,2005
2005-02-12,31.227958829066182,2005
2005-02-13,31.137191803728513,2005
2005-02-14,31.85601902435651,2005
2005-02-15,31.687417305500592,2005
2005-02-16,32.20583675971053,2005
2005-02-17,29.904366559468492,2005
2005-02-18,30.854193890106572,2005
2005-02-19,31.639121935400695,2005
2005-02-20,31.11030554721407,2005
2005-02-21,30.519909243323415,2005
2005-02-22,32.04942523796667,2005
2005-02-23,32.422858488565005,2005
2005-02-24,33.987804836915615,2005
2005-02-25,34.48169599304379,2005
2005-02-26,33.542751375723526,2005
2005-02-27,33.88901200741214,2005
2005-02-28,32.93961554141742,2005
2005-03-01,33.1321339125774,2005
2005-03-02,34.42607881957204,2005
2005-03-03,34.33477635295009,2005
2005-03-04,34.44246501947599,2005
2005-03-05,33.131703910225454,2005
2005-03-06,32.58134423284156,2005
2005-03-07,33.16780448382772,2005
2005-03-08,32.646474227556325,2005
2005-03-09,31.698819324247154,2005
2005-03-10,31.48828746269686,2005
2005-03-11,32.20561660950149,2005
2005-03-12,32.54543272496687,2005
2005-03-13,32.21621007954627,2005
2005-03-14,32.39752953594471,2005
2005-03-15,32.137798206417,2005
2005-03-16,33.197152899638354,2005
2005-03-17,32.80963819651202,2005
2005-03-18,31.925648326498514,2005
2005-03-19,32.94914027803848,2005
2005-03-20,33.375467184873365,2005
2005-03-21,32.52056449202328,2005
2005-03-22,32.50898728968329,2005
2005-03-23,33.306428341346326,2005
2005-03-24,32.505872686056435,2005
2005-03-25,33.138739726669726,2005
2005-03-26,33.38181852667855,2005
2005-03-27,33.30342483568552,2005
2005-03-28,33.46022265255701,2005
2005-03-29,32.09337601343799,2005
2005-03-30,31.886379257909788,2005
2005-03-31,32.38309386920925,2005
2005-04-01,33.059466909922286,2005
2005-04-02,33.04558409382712,2005
2005-04-03,33.6660952825683,2005
2005-04-04,33.76005244359965,2005
2005-04-05,32.480953576268114,2005
2005-04-06,32.25072407746056,2005
2005-04-07,32.935993874437855,2005
2005-04-08,32.533922417220566,2005
2005-04-09,32.4920688630816,2005
2005-04-10,32.88546993759089,2005
2005-04-11,32.090989587465415,2005
2005-04-12,32.11397538528955,2005
2005-04-13,32.079922345802956,2005
2005-04-14,34.683881763765065,2005
2005-04-15,33.68715550767724,2005
2005-04-16,31.413247871989057,2005
2005-04-17,32.65576007988057,2005
2005-04-18,33.26700962543382,2005
2005-04-19,33.61975587014479,2005
2005-04-20,32.26350267840404,2005
2005-04-21,32.02159114114306,2005
2005-04-22,31.480540795069622,2005
2005-04-23,32.29754289340964,2005
2005-04-24,32.77344796821254,2005
2005-04-25,33.24178557942819,2005
2005-04-26,33.42406482283213,2005
2005-04-27,32.5560272581571,2005
2005-04-28,32.49602535137653,2005
2005-04-29,31.911064852459354,2005
2005-04-30,31.551873577678883,2005
2005-05-01,31.925611027476634,2005
2005-05-02,33.12334793330972,2005
2005-05-03,33.5040267871222,2005
2005-05-04,33.30881700577614,2005
2005-05-05,33.79717392826437,2005
2005-05-06,33.70765875607496,2005
2005-05-07,32.86327386754099,2005
2005-05-08,33.19308232145245,2005
2005-05-09,33.62581383915254,2005
2005-05-10,33.77127510319141,2005
2005-05-11,32.73221262620548,2005
2005-05-12,33.69693757825081,2005
2005-05-13,31.576133059225263,2005
2005-05-14,31.538898471513647,2005
2005-05-15,31.348846328793876,2005
2005-05-16,30.44294239588576,2005
2005-05-17,31.562097392910612,2005
2005-05-18,31.882661155019026,2005
2005-05-19,31.71836646116353,2005
2005-05-20,33.13197339647668,2005
2005-05-21,32.861875743720816,2005
2005-05-22,32.344771965735454,2005
2005-05-23,31.79281699341772,2005
2005-05-24,32.183736992303906,2005
2005-05-25,30.951135772378784,2005
2005-05-26,31.835792864360815,2005
2005-05-27,31.940434236098092,2005
2005-05-28,32.27441004441341,2005
2005-05-29,31.28257867737701,2005
2005-05-30,31.155462941311562,2005
2005-05-31,31.03812656975567,2005
2005-06-01,31.152877372154087,2005
2005-06-02,31.636568975391768,2005
2005-06-03,30.676898644725494,2005
2005-06-04,31.611590093040405,2005
2005-06-05,31.640960959271627,2005
2005-06-06,31.35989182601688,2005
2005-06-07,31.12937384812318,2005
2005-06-08,30.812241106247996,2005
2005-06-09,31.215544950484325,2005
2005-06-10,30.120761233323435,2005
2005-06-11,30.38157008517983,2005
2005-06-12,29.474670004430063,2005
2005-06-13,29.172605678060084,2005
2005-06-14,28.713685654744953,2005
2005-06-15,28.29917000538275,2005
2005-06-16,29.515129535375863,2005
2005-06-17,28.451472831186717,2005
2005-06-18,28.605562818625348,2005
2005-06-19,30.26289607354289,2005
2005-06-20,30.36017185506749,2005
2005-06-21,30.172935266532757,2005
2005-06-22,29.935789637038585,2005
2005-06-23,29.842434634524658,2005
2005-06-24,30.080841302094626,2005
2005-06-25,29.759506541870476,2005
2005-06-26,29.65025870164155,2005
2005-06-27,29.18242103962899,2005
2005-06-28,29.093792135473393,2005
2005-06-29,29.513293949102756,2005
2005-06-30,29.43415396672432,2005
2005-07-01,29.602688790242357,2005
2005-07-02,29.39250433913478,2005
2005-07-03,28.866772243560977,2005
2005-07-04,29.347265478219065,2005
2005-07-05,28.693249085124386,2005
2005-07-06,27.29751015925551,2005
2005-07-07,28.194627161767126,2005
2005-07-08,28.611190311349016,2005
2005-07-09,28.298400769267186,2005
2005-07-10,28.243783231090724,2005
2005-07-11,29.04473264343744,2005
2005-07-12,29.973248392679206,2005
2005-07-13,30.085354253584264,2005
2005-07-14,29.87907901897674,2005
2005-07-15,29.20566705169576,2005
2005-07-16,29.315484602397703,2005
2005-07-17,29.298462881665884,2005
2005-07-18,29.158472000474823,2005
2005-07-19,27.956177142567537,2005
2005-07-20,28.552050783593103,2005
2005-07-21,28.783094594118783,2005
2005-07-22,29.282593726760837,2005
2005-07-23,30.11262884592233,2005
2005-07-24,30.598461696859623,2005
2005-07-25,30.205524020358204,2005
2005-07-26,30.611862206596054,2005
2005-07-27,30.723030399983784,2005
2005-07-28,29.2927709719147,2005
2005-07-29,29.507549361332032,2005
2005-07-30,29.69321947714364,2005
2005-07-31,29.668182899056188,2005
2005-08-01,30.03442856248432,2005
2005-08-02,29.716324046662134,2005
2005-08-03,29.728711291010804,2005
2005-08-04,28.99188797812663,2005
2005-08-05,29.244408103481042,2005
2005-08-06,28.737243429412814,2005
2005-08-07,29.419238060177683,2005
2005-08-08,29.510165315303922,2005
2005-08-09,29.600654186588876,2005
2005-08-10,28.90678349290691,2005
2005-08-11,29.244471996770944,2005
2005-08-12,28.869884053189818,2005
2005-08-13,28.329790095026244,2005
2005-08-14,29.696446409578012,2005
2005-08-15,28.97689177153623,2005
2005-08-16,28.319989317457292,2005
2005-08-17,28.6840227378101,2005
2005-08-18,28.699397274380836,2005
2005-08-19,29.22066369556755,2005
2005-08-20,29.102195599840798,2005
2005-08-21,28.584200288106295,2005
2005-08-22,29.040046843180953,2005
2005-08-23,30.222403036180324,2005
2005-08-24,28.880892308644995,2005
2005-08-25,29.14767651899505,2005
2005-08-26,29.7574952048,2005
2005-08-27,29.23788930039217,2005
2005-08-28,29.130252407650996,2005
2005-08-29,29.189573056150163,2005
2005-08-30,29.632259426294745,2005
2005-08-31,29.690802290622372,2005
2005-09-01,29.63479966207148,2005
2005-09-02,29.143836363927356,2005
2005-09-03,28.902203810730487,2005
2005-09-04,29.35881628610568,2005
2005-09-05,28.79021024765419,2005
2005-09-06,27.851271553153516,2005
2005-09-07,28.180347669530047,2005
2005-09-08,28.870032527945423,2005
2005-09-09,28.83738971476703,2005
2005-09-10,29.384270236943053,2005
2005-09-11,30.15540191546698,2005
2005-09-12,30.758345332151162,2005
2005-09-13,30.397956561581857,2005
2005-09-14,30.29146345939639,2005
2005-09-15,30.07713707871754,2005
2005-09-16,30.343974796106362,2005
2005-09-17,30.49886507781438,2005
2005-09-18,30.127804441363402,2005
2005-09-19,30.683009543716768,2005
2005-09-20,29.719027426655767,2005
2005-09-21,30.4037201962168,2005
2005-09-22,30.11854720776668,2005
2005-09-23,29.901895223245397,2005
2005-09-24,30.39226856306108,2005
2005-09-25,30.789974674321794,2005
2005-09-26,30.482242423363743,2005
2005-09-27,30.486292062443194,2005
2005-09-28,30.762312555649622,2005
2005-09-29,30.56445728534217,2005
2005-09-30,30.07888198277338,2005
2005-10-01,30.40547603541837,2005
2005-10-02,30.254486209461092,2005
2005-10-03,30.52716685388731,2005
2005-10-04,31.07418541856011,2005
2005-10-05,31.58377013820875,2005
2005-10-06,30.90295807469353,2005
2005-10-07,30.28523053985139,2005
2005-10-08,30.720872634562824,2005
2005-10-09,30.37813136962048,2005
2005-10-10,30.871237406812607,2005
2005-10-11,31.0318392704229,2005
2005-10-12,31.435801920310542,2005
2005-10-13,31.979291580620497,2005
2005-10-14,32.03072965912179,2005
2005-10-15,32.314110071803455,2005
2005-10-16,32.9030223630115,2005
2005-10-17,32.17239411138257,2005
2005-10-18,31.43212933668292,2005
2005-10-19,31.57893337055707,2005
2005-10-20,31.2671636300717,2005
2005-10-21,32.403781160880165,2005
2005-10-22,31.36922249632888,2005
2005-10-23,31.99822899362946,2005
2005-10-24,32.96381312277251,2005
2005-10-25,33.10317080632617,2005
2005-10-26,31.119926095760306,2005
2005-10-27,31.87633318171351,2005
2005-10-28,31.38202603293051,2005
2005-10-29,30.870232975120388,2005
2005-10-30,31.280153328487618,2005
2005-10-31,31.151955995092226,2005
2005-11-01,32.50564570992843,2005
2005-11-02,31.559613034237252,2005
2005-11-03,30.632012373324002,2005
2005-11-04,32.0213812971431,2005
2005-11-05,31.374276579417337,2005
2005-11-06,32.23615006911133,2005
2005-11-07,33.03554119499087,2005
2005-11-08,32.830497727439884,2005
2005-11-09,31.865951069892542,2005
2005-11-10,31.632227424288434,2005
2005-11-11,28.88535962191502,2005
2005-11-12,29.835312430655467,2005
2005-11-13,31.247096984398798,2005
2005-11-14,31.95724563536217,2005
2005-11-15,32.74956710574891,2005
2005-11-16,32.475880559738016,2005
2005-11-17,32.1341909971672,2005
2005-11-18,32.264745154948855,2005
2005-11-19,32.28209025249054,2005
2005-11-20,31.73066645759624,2005
2005-11-21,30.739449676399307,2005
2005-11-22,30.672979247715237,2005
2005-11-23,31.943897933009527,2005
2005-11-24,31.540605581884925,2005
2005-11-25,30.91639695482816,2005
2005-11-26,29.748714659967032,2005
2005-11-27,31.538230238306124,2005
2005-11-28,31.882923115819928,2005
2005-11-29,32.12468960776981,2005
2005-11-30,32.12677824513188,2005
2005-12-01,32.27701521097273,2005
2005-12-02,32.41836221833641,2005
2005-12-03,31.75429256467705,2005
2005-12-04,32.29040455071447,2005
2005-12-05,32.00082064359813,2005
2005-12-06,29.874171705935165,2005
2005-12-07,29.808065818971137,2005
2005-12-08,32.25264149350156,2005
2005-12-09,31.461650477444792,2005
2005-12-10,32.83940611851844,2005
2005-12-11,31.67223015154275,2005
2005-12-12,32.7554210614889,2005
2005-12-13,31.134821669233418,2005
2005-12-14,30.56838356935025,2005
2005-12-15,31.49119322220459,2005
2005-12-16,30.739276941142226,2005
2005-12-17,30.259062612752782,2005
2005-12-18,30.878329403783162,2005
2005-12-19,31.52318492629395,2005
2005-12-20,31.520257885471295,2005
2005-12-21,31.625042898349076,2005
2005-12-22,31.657944069334338,2005
2005-12-23,31.686290900809905,2005
2005-12-24,31.491656862895596,2005
2005-12-25,31.790001082847123,2005
2005-12-26,31.148742032623073,2005
2005-12-27,30.466552773507004,2005
2005-12-28,31.1700148530669,2005
2005-12-29,31.635847247998797,2005
2005-12-30,29.394149921932133,2005
2005-12-31,29.764656334010045,2005
2006-01-01,30.740071425663146,2006
2006-01-02,31.074687305031315,2006
2006-01-03,30.814917138730905,2006
2006-01-04,31.103682723659592,2006
2006-01-05,31.164566757344446,2006
2006-01-06,30.44203722326622,2006
2006-01-07,30.652376829688475,2006
2006-01-08,31.520307707398633,2006
2006-01-09,30.92141063042891,2006
2006-01-10,31.296063736027325,2006
2006-01-11,31.729080037267842,2006
2006-01-12,30.269769761592713,2006
2006-01-13,29.404233436955174,2006
2006-01-14,30.34356609059804,2006
2006-01-15,30.163963826169113,2006
2006-01-16,30.731070628017772,2006
2006-01-17,30.353786823360917,2006
2006-01-18,31.58765254688218,2006
2006-01-19,32.50218484274558,2006
2006-01-20,32.69705885181235,2006
2006-01-21,32.053833975433776,2006
2006-01-22,31.560151577822374,2006
2006-01-23,31.089527702363853,2006
2006-01-24,32.272889038955554,2006
2006-01-25,31.918334456588838,2006
2006-01-26,31.599663761469124,2006
2006-01-27,30.85787716193829,2006
2006-01-28,30.893415225886084,2006
2006-01-29,31.349071238980287,2006
2006-01-30,32.13832449478011,2006
2006-01-31,31.551823623714036,2006
2006-02-01,31.707823464069772,2006
2006-02-02,32.423897197133414,2006
2006-02-03,32.03032407213699,2006
2006-02-04,31.982201262820833,2006
2006-02-05,31.923664592129747,2006
2006-02-06,32.27345164090936,2006
2006-02-07,32.34656234781947,2006
2006-02-08,32.50199255962824,2006
2006-02-09,31.94546332002092,2006
2006-02-10,31.555066360248727,2006
2006-02-11,30.79987584304918,2006
2006-02-12,31.87490748017714,2006
2006-02-13,33.10469294299303,2006
2006-02-14,32.61204936474396,2006
2006-02-15,31.97784566368847,2006
2006-02-16,32.54730866808434,2006
2006-02-17,31.45587620322245,2006
2006-02-18,31.183443044878167,2006
2006-02-19,31.422971941306912,2006
2006-02-20,31.772932432116665,2006
2006-02-21,33.08113488816214,2006
2006-02-22,33.13648293977621,2006
2006-02-23,33.03069004149389,2006
2006-02-24,33.289776155116826,2006
2006-02-25,31.79007451320465,2006
2006-02-26,32.3198696030581,2006
2006-02-27,33.68994037572942,2006
2006-02-28,33.816358478522986,2006
2006-03-01,33.566408460775605,2006
2006-03-02,32.6637741884905,2006
2006-03-03,34.00588158760107,2006
2006-03-04,34.23739002420445,2006
2006-03-05,34.71900279367845,2006
2006-03-06,33.38296609470215,2006
2006-03-07,33.007607573339676,2006
2006-03-08,33.89379436194301,2006
2006-03-09,34.790049720787685,2006
2006-03-10,33.83419024124809,2006
2006-03-11,32.74826546896476,2006
2006-03-12,34.19154693648332,2006
2006-03-13,33.820343321684355,2006
2006-03-14,33.53896309305932,2006
2006-03-15,31.836537793511525,2006
2006-03-16,33.017398539985514,2006
2006-03-17,32.598882248405324,2006
2006-03-18,32.36977862700624,2006
2006-03-19,32.26637095883545,2006
2006-03-20,33.024947493454,2006
2006-03-21,34.20017657389758,2006
2006-03-22,34.52115514890069,2006
2006-03-23,33.20798631902579,2006
2006-03-24,33.560105694521134,2006
2006-03-25,33.8752309073379,2006
2006-03-26,34.383326226243845,2006
2006-03-27,34.95912203315726,2006
2006-03-28,33.57980881222018,2006
2006-03-29,33.9866158547419,2006
2006-03-30,33.97662372135312,2006
2006-03-31,33.60154735660065,2006
2006-04-01,34.65730185941216,2006
2006-04-02,34.30492045758782,2006
2006-04-03,35.20217305301414,2006
2006-04-04,35.26989785622567,2006
2006-04-05,33.5722446094532,2006
2006-04-06,32.638363366518305,2006
2006-04-07,32.42862606678473,2006
2006-04-08,33.72418544216006,2006
2006-04-09,33.26102863924309,2006
2006-04-10,33.937567223603445,2006
2006-04-11,34.046720747518734,2006
2006-04-12,34.79271455526325,2006
2006-04-13,35.14670021554947,2006
2006-04-14,33.501734808824416,2006
2006-04-15,35.068584348706416,2006
2006-04-16,33.96839076828991,2006
2006-04-17,32.750744761749175,2006
2006-04-18,34.685523449115976,2006
2006-04-19,33.35163928934474,2006
2006-04-20,33.442425982048135,2006
2006-04-21,34.01839049124237,2006
2006-04-22,34.142907970949175,2006
2006-04-23,33.906391296947156,2006
2006-04-24,33.681667658621045,2006
2006-04-25,34.17327843547941,2006
2006-04-26,34.563512007363975,2006
2006-04-27,35.451696224041974,2006
2006-04-28,35.665019204681926,2006
2006-04-29,34.96739029998537,2006
2006-04-30,34.0805518117898,2006
2006-05-01,33.47410550407557,2006
2006-05-02,32.73809445259971,2006
2006-05-03,32.02950274994407,2006
2006-05-04,33.66427215090546,2006
2006-05-05,32.811666995341916,2006
2006-05-06,32.66935813711921,2006
2006-05-07,32.87765426043971,2006
2006-05-08,33.44592405045861,2006
2006-05-09,33.799970541988024,2006
2006-05-10,33.667683394629414,2006
2006-05-11,32.852396908522294,2006
2006-05-12,33.48898533500133,2006
2006-05-13,33.25690641265662,2006
2006-05-14,32.3883883675028,2006
2006-05-15,32.45711719698126,2006
2006-05-16,31.918010265524508,2006
2006-05-17,32.69558688488857,2006
2006-05-18,32.53768268527118,2006
2006-05-19,32.596504195620895,2006
2006-05-20,32.8991871062079,2006
2006-05-21,32.22584761233651,2006
2006-05-22,32.03588888163283,2006
2006-05-23,32.546672839957935,2006
2006-05-24,32.92314604125133,2006
2006-05-25,32.710339439163704,2006
2006-05-26,32.17227398371105,2006
2006-05-27,32.13341925737173,2006
2006-05-28,32.78003708534475,2006
2006-05-29,32.5527743438392,2006
2006-05-30,32.17810740309892,2006
2006-05-31,32.51681048058623,2006
2006-06-01,33.27221542469756,2006
2006-06-02,32.33560908186769,2006
2006-06-03,32.69500894800984,2006
2006-06-04,32.656530325363036,2006
2006-06-05,31.977590036617602,2006
2006-06-06,32.44480725619478,2006
2006-06-07,31.38989242497111,2006
2006-06-08,30.498015839177274,2006
2006-06-09,30.66359084481551,2006
2006-06-10,30.15004049376594,2006
2006-06-11,30.24201043602392,2006
2006-06-12,29.39180098428724,2006
2006-06-13,29.144861975256354,2006
2006-06-14,29.833128942978725,2006
2006-06-15,29.649790950748113,2006
2006-06-16,29.556252026051375,2006
2006-06-17,29.677522107638346,2006
2006-06-18,29.98181464823937,2006
2006-06-19,30.43892011552841,2006
2006-06-20,31.495700796037276,2006
2006-06-21,30.63854849126364,2006
2006-06-22,30.250537762776272,2006
2006-06-23,30.12691382101164,2006
2006-06-24,30.6281738003231,2006
2006-06-25,29.551900000050356,2006
2006-06-26,29.365032539117156,2006
2006-06-27,29.817203733051453,2006
2006-06-28,29.47174885939181,2006
2006-06-29,28.769886871822386,2006
2006-06-30,29.563771464778128,2006
2006-07-01,29.112711903754764,2006
2006-07-02,29.238237538679655,2006
2006-07-03,28.53884630449948,2006
2006-07-04,28.65846885043606,2006
2006-07-05,28.485261538594173,2006
2006-07-06,28.196971140326657,2006
2006-07-07,28.18876992336935,2006
2006-07-08,28.80327464367999,2006
2006-07-09,28.015221991183367,2006
2006-07-10,28.923437282356957,2006
2006-07-11,28.30802518683474,2006
2006-07-12,27.558056856589012,2006
2006-07-13,28.83956008925402,2006
2006-07-14,29.103360028410872,2006
2006-07-15,29.310548854539153,2006
2006-07-16,29.097531505313214,2006
2006-07-17,28.20660519836758,2006
2006-07-18,29.316606207539586,2006
2006-07-19,28.477752525731372,2006
2006-07-20,29.034532414636157,2006
2006-07-21,28.078801260636006,2006
2006-07-22,27.656767939659698,2006
2006-07-23,28.51754509019502,2006
2006-07-24,28.360689233164813,2006
2006-07-25,29.248519776500466,2006
2006-07-26,28.78391557968854,2006
2006-07-27,28.899836352619047,2006
2006-07-28,28.854874547066657,2006
2006-07-29,28.316578080868965,2006
2006-07-30,28.280265490922197,2006
2006-07-31,28.091647046303105,2006
2006-08-01,27.8926817175946,2006
2006-08-02,27.66921192307349,2006
2006-08-03,28.09651119663084,2006
2006-08-04,28.86852861592917,2006
2006-08-05,28.32825799694478,2006
2006-08-06,29.828542127906314,2006
2006-08-07,28.939110244419727,2006
2006-08-08,28.02334521162845,2006
2006-08-09,28.738015051140682,2006
2006-08-10,28.954617846034637,2006
2006-08-11,28.460071152539676,2006
2006-08-12,27.69011004443424,2006
2006-08-13,27.73354519216224,2006
2006-08-14,28.254915390252606,2006
2006-08-15,28.0853736131209,2006
2006-08-16,28.85368891410704,2006
2006-08-17,29.116907232776924,2006
2006-08-18,30.135740031594395,2006
2006-08-19,30.05661265938165,2006
2006-08-20,29.94874365650841,2006
2006-08-21,30.000039552647763,2006
2006-08-22,29.717173166173772,2006
2006-08-23,30.318153239293153,2006
2006-08-24,30.441028138868774,2006
2006-08-25,29.884793429770035,2006
2006-08-26,29.635876673339254,2006
2006-08-27,28.357252845689587,2006
2006-08-28,28.740496682007812,2006
2006-08-29,29.32840889372283,2006
2006-08-30,29.67867499961802,2006
2006-08-31,29.114821584642204,2006
2006-09-01,27.843072207108357,2006
2006-09-02,28.38565009008899,2006
2006-09-03,28.560071281250764,2006
2006-09-04,29.034712075642368,2006
2006-09-05,29.027076799198625,2006
2006-09-06,28.737134725627488,2006
2006-09-07,28.985726465880425,2006
2006-09-08,29.15384667150613,2006
2006-09-09,28.8818713031075,2006
2006-09-10,28.966108453458183,2006
2006-09-11,28.940303682004917,2006
2006-09-12,28.76927123930625,2006
2006-09-13,28.614721703791666,2006
2006-09-14,28.53622979753404,2006
2006-09-15,28.909633456642027,2006
2006-09-16,28.939766605453517,2006
2006-09-17,28.163296105078548,2006
2006-09-18,28.52600214063944,2006
2006-09-19,28.567196029282535,2006
2006-09-20,28.5314746583818,2006
2006-09-21,28.447392381959176,2006
2006-09-22,29.845082835864822,2006
2006-09-23,30.44079368629196,2006
2006-09-24,30.494675817640612,2006
2006-09-25,30.416011109262588,2006
2006-09-26,29.879572275214162,2006
2006-09-27,29.002613396285867,2006
2006-09-28,28.431882943512207,2006
2006-09-29,27.626004353506083,2006
2006-09-30,27.957475830641393,2006
2006-10-01,27.75912040079834,2006
2006-10-02,29.571610361788,2006
2006-10-03,30.411562267595095,2006
2006-10-04,30.430838976520768,2006
2006-10-05,30.951809231178864,2006
2006-10-06,30.103636951755348,2006
2006-10-07,29.917039496064422,2006
2006-10-08,30.65202839423535,2006
2006-10-09,30.4486621578465,2006
2006-10-10,30.852177490157317,2006
2006-10-11,31.210799465931895,2006
2006-10-12,31.19429091568981,2006
2006-10-13,30.00897927974318,2006
2006-10-14,30.913135870712402,2006
2006-10-15,30.666951399903443,2006
2006-10-16,29.197973592122302,2006
2006-10-17,29.059784203886245,2006
2006-10-18,29.003549850259944,2006
2006-10-19,28.27003426763739,2006
2006-10-20,28.22381761491946,2006
2006-10-21,29.677947692202906,2006
2006-10-22,30.861442926882805,2006
2006-10-23,30.171161507693583,2006
2006-10-24,29.451076753571794,2006
2006-10-25,30.026621717058966,2006
2006-10-26,30.575176151589872,2006
2006-10-27,30.9983869694367,2006
2006-10-28,30.61021115269155,2006
2006-10-29,30.70362158092592,2006
2006-10-30,29.061446597817557,2006
2006-10-31,28.346972309464384,2006
2006-11-01,30.28886093327607,2006
2006-11-02,29.498065665663074,2006
2006-11-03,29.3049476124557,2006
2006-11-04,29.717393719959773,2006
2006-11-05,28.484064293746233,2006
2006-11-06,29.394836075693668,2006
2006-11-07,29.149847693235778,2006
2006-11-08,29.3478337230301,2006
2006-11-09,30.34556484044539,2006
2006-11-10,29.56025917092145,2006
2006-11-11,29.790959591314532,2006
2006-11-12,30.267742236559293,2006
2006-11-13,30.046024715095665,2006
2006-11-14,30.575242025324478,2006
2006-11-15,29.580845533962965,2006
2006-11-16,30.253182542660227,2006
2006-11-17,31.862614121818893,2006
2006-11-18,31.63180148033131,2006
2006-11-19,29.756969452858005,2006
2006-11-20,30.509877475513303,2006
2006-11-21,30.057632367212832,2006
2006-11-22,29.925785704341777,2006
2006-11-23,30.547404990077506,2006
2006-11-24,30.757898405750467,2006
2006-11-25,30.348844822593716,2006
2006-11-26,31.037340429485642,2006
2006-11-27,28.383872793851904,2006
2006-11-28,27.176152673792902,2006
2006-11-29,28.743128231740677,2006
2006-11-30,28.27070003219126,2006
2006-12-01,28.212224640780704,2006
2006-12-02,28.76169733521276,2006
2006-12-03,28.857226509169163,2006
2006-12-04,28.315610889455815,2006
2006-12-05,29.666142129895523,2006
2006-12-06,30.347619202408033,2006
2006-12-07,30.614114527755206,2006
2006-12-08,32.09924104219198,2006
2006-12-09,30.56261783796723,2006
2006-12-10,31.054065412974627,2006
2006-12-11,31.100631272290833,2006
2006-12-12,31.15398787531054,2006
2006-12-13,30.06492073682491,2006
2006-12-14,30.076763245557746,2006
2006-12-15,30.192892853037748,2006
2006-12-16,29.854909198283103,2006
2006-12-17,29.874610493301702,2006
2006-12-18,30.69435410048416,2006
2006-12-19,31.6897779861389,2006
2006-12-20,31.470647965716743,2006
2006-12-21,31.38647479051143,2006
2006-12-22,30.800596801412798,2006
2006-12-23,31.115959314780397,2006
2006-12-24,29.379247257849627,2006
2006-12-25,28.879651256426474,2006
2006-12-26,27.82133111437151,2006
2006-12-27,29.355255933976096,2006
2006-12-28,29.88516854569259,2006
2006-12-29,29.688164248906894,2006
2006-12-30,30.30317950496393,2006
2006-12-31,29.558041813993835,2006
2007-01-01,28.775639244522765,2007
2007-01-02,28.313228620964285,2007
2007-01-03,27.931331410901663,2007
2007-01-04,29.594714316784028,2007
2007-01-05,28.501804881770642,2007
2007-01-06,27.737912564733122,2007
2007-01-07,27.93820838720419,2007
2007-01-08,30.619570197220714,2007
2007-01-09,31.10928867191513,2007
2007-01-10,31.44861972320161,2007
2007-01-11,32.42843986753013,2007
2007-01-12,30.539620500108477,2007
2007-01-13,30.86799729145989,2007
2007-01-14,28.91801222648725,2007
2007-01-15,27.665698994398202,2007
2007-01-16,29.11588889330399,2007
2007-01-17,29.975389595826375,2007
2007-01-18,30.0311588161539,2007
2007-01-19,30.05138854741452,2007
2007-01-20,29.80666217455348,2007
2007-01-21,29.24609889670112,2007
2007-01-22,28.826852461241625,2007
2007-01-23,30.016355235499162,2007
2007-01-24,30.335387585671807,2007
2007-01-25,31.24278864353069,2007
2007-01-26,30.885385193366496,2007
2007-01-27,29.90171886705222,2007
2007-01-28,30.263841364580394,2007
2007-01-29,29.565694734793098,2007
2007-01-30,30.465607819003836,2007
2007-01-31,32.58737789413513,2007
2007-02-01,31.398065496902888,2007
2007-02-02,31.750199269545586,2007
2007-02-03,31.156436962808257,2007
2007-02-04,31.563911177211686,2007
2007-02-05,31.58212999241735,2007
2007-02-06,31.517908717095843,2007
2007-02-07,32.305435752631496,2007
2007-02-08,31.78576288730655,2007
2007-02-09,31.924148944115704,2007
2007-02-10,31.579169924040297,2007
2007-02-11,31.61181905774778,2007
2007-02-12,33.1922849813779,2007
2007-02-13,32.97558811623591,2007
2007-02-14,32.80543787387043,2007
2007-02-15,33.08361483950904,2007
2007-02-16,31.225110600660777,2007
2007-02-17,31.768540998784893,2007
2007-02-18,32.280711591129176,2007
2007-02-19,31.832558544609846,2007
2007-02-20,31.735102933670248,2007
2007-02-21,33.71271057376008,2007
2007-02-22,33.5612547347629,2007
2007-02-23,32.645495086701516,2007
2007-02-24,31.828124082524745,2007
2007-02-25,31.745750255306852,2007
2007-02-26,31.035504098573938,2007
2007-02-27,30.80003278180432,2007
2007-02-28,31.578184312228878,2007
2007-03-01,32.51855655721175,2007
2007-03-02,33.58770633297358,2007
2007-03-03,32.72523182073739,2007
2007-03-04,32.40232477380704,2007
2007-03-05,32.46580172166962,2007
2007-03-06,32.184483680131635,2007
2007-03-07,31.48192075266364,2007
2007-03-08,32.98896166242727,2007
2007-03-09,33.64995950395888,2007
2007-03-10,32.86286403530243,2007
2007-03-11,32.86526442489103,2007
2007-03-12,33.685145303168504,2007
2007-03-13,33.09424530454115,2007
2007-03-14,32.742657895082495,2007
2007-03-15,32.66102020065729,2007
2007-03-16,33.45036176085213,2007
2007-03-17,32.77231201710811,2007
2007-03-18,34.64813552201727,2007
2007-03-19,34.527818894649926,2007
2007-03-20,33.21787969071707,2007
2007-03-21,32.209649333988395,2007
2007-03-22,32.091240270631346,2007
2007-03-23,32.952978757301345,2007
2007-03-24,32.612869046522995,2007
2007-03-25,34.649038993622945,2007
2007-03-26,34.43182598464854,2007
2007-03-27,34.36815028196542,2007
2007-03-28,33.20427399154612,2007
2007-03-29,33.80740271778271,2007
2007-03-30,33.086465259197695,2007
2007-03-31,31.72660939717129,2007
2007-04-01,32.06531602033057,2007
2007-04-02,31.98609392651212,2007
2007-04-03,32.18280641382582,2007
2007-04-04,31.484878100970292,2007
2007-04-05,30.994709889352812,2007
2007-04-06,31.469819898783932,2007
2007-04-07,31.907790047108055,2007
2007-04-08,32.89597986371334,2007
2007-04-09,33.0701302609703,2007
2007-04-10,32.40255769120454,2007
2007-04-11,33.405649064988744,2007
2007-04-12,32.56060185007239,2007
2007-04-13,32.12646008051628,2007
2007-04-14,32.7062171980275,2007
2007-04-15,32.696878636690776,2007
2007-04-16,32.87325196198247,2007
2007-04-17,31.71286253966162,2007
2007-04-18,31.710965487244994,2007
2007-04-19,32.59331143904317,2007
2007-04-20,32.689588476906906,2007
2007-04-21,32.098074382687706,2007
2007-04-22,32.12008604685964,2007
2007-04-23,31.62887343731396,2007
2007-04-24,31.975715992102177,2007
2007-04-25,31.603834593115273,2007
2007-04-26,30.937018612386815,2007
2007-04-27,31.735162290837067,2007
2007-04-28,31.580261510118508,2007
2007-04-29,31.260162185368124,2007
2007-04-30,32.215748650137876,2007
2007-05-01,31.903761416698856,2007
2007-05-02,31.825052189652233,2007
2007-05-03,32.477457189565385,2007
2007-05-04,32.87576000516534,2007
2007-05-05,32.4787002358269,2007
2007-05-06,31.97937939435714,2007
2007-05-07,32.330591497419654,2007
2007-05-08,32.6831775446859,2007
2007-05-09,32.398091717581536,2007
2007-05-10,31.415452886393744,2007
2007-05-11,31.330136085296534,2007
2007-05-12,30.77073951536261,2007
2007-05-13,31.10443555692577,2007
2007-05-14,30.636815921932403,2007
2007-05-15,31.13381266737921,2007
2007-05-16,31.514351760973582,2007
2007-05-17,31.33125809954509,2007
2007-05-18,31.8460035449452,2007
2007-05-19,32.302692284739095,2007
2007-05-20,32.11533494944267,2007
2007-05-21,31.1717315842155,2007
2007-05-22,29.998306723678347,2007
2007-05-23,28.92464345974755,2007
2007-05-24,29.044864923032375,2007
2007-05-25,30.49039031139195,2007
2007-05-26,30.847242953884226,2007
2007-05-27,30.934342993653427,2007
2007-05-28,31.226998045303965,2007
2007-05-29,31.679407558832576,2007
2007-05-30,29.541265027794672,2007
2007-05-31,29.36857711762387,2007
2007-06-01,28.771942063749286,2007
2007-06-02,29.754106829737342,2007
2007-06-03,28.79505400016265,2007
2007-06-04,28.720296990879888,2007
2007-06-05,28.608851736700995,2007
2007-06-06,28.776227449454346,2007
2007-06-07,28.375317266773493,2007
2007-06-08,27.417092479016176,2007
2007-06-09,27.24911936941555,2007
2007-06-10,27.4383668492964,2007
2007-06-11,28.745216922360047,2007
2007-06-12,28.92004898138139,2007
2007-06-13,29.74927113978649,2007
2007-06-14,29.217120411590336,2007
2007-06-15,28.93310590285692,2007
2007-06-16,28.103995307926475,2007
2007-06-17,27.914040320815825,2007
2007-06-18,27.87437116657615,2007
2007-06-19,27.952117986183012,2007
2007-06-20,28.02208746791925,2007
2007-06-21,28.966083274979916,2007
2007-06-22,29.377786458450206,2007
2007-06-23,29.184212022408893,2007
2007-06-24,28.130825804447024,2007
2007-06-25,28.213080640738763,2007
2007-06-26,27.96918255601772,2007
2007-06-27,28.226082237394245,2007
2007-06-28,27.52059338743826,2007
2007-06-29,27.699703145132037,2007
2007-06-30,29.21246674287279,2007
2007-07-01,29.210624964370698,2007
2007-07-02,29.617979687754385,2007
2007-07-03,28.620486324917906,2007
2007-07-04,28.04384710838221,2007
2007-07-05,27.56515236557187,2007
2007-07-06,26.679958580072345,2007
2007-07-07,28.13129838057685,2007
2007-07-08,27.854791123755245,2007
2007-07-09,27.299534526890977,2007
2007-07-10,28.599575799588965,2007
2007-07-11,28.64991551639622,2007
2007-07-12,27.39230317107466,2007
2007-07-13,26.46511975412683,2007
2007-07-14,26.962017999508397,2007
2007-07-15,27.574817960112775,2007
2007-07-16,27.669644540437424,2007
2007-07-17,28.372458337337353,2007
2007-07-18,27.477532522202644,2007
2007-07-19,28.063419696303303,2007
2007-07-20,27.84976763106872,2007
2007-07-21,28.26273686127803,2007
2007-07-22,28.231125409849938,2007
2007-07-23,27.74261494601059,2007
2007-07-24,27.298321879046554,2007
2007-07-25,27.503802114432332,2007
2007-07-26,27.389330760160526,2007
2007-07-27,28.2692512857994,2007
2007-07-28,27.251243651265256,2007
2007-07-29,27.547333353566547,2007
2007-07-30,28.49784040751731,2007
2007-07-31,28.191324819900824,2007
2007-08-01,27.051629758896976,2007
2007-08-02,26.757373186070957,2007
2007-08-03,26.281119280655982,2007
2007-08-04,27.92648971498968,2007
2007-08-05,29.64853362496949,2007
2007-08-06,28.788225604083916,2007
2007-08-07,28.327216950320512,2007
2007-08-08,30.127762087145523,2007
2007-08-09,29.179693557065516,2007
2007-08-10,28.664445920491776,2007
2007-08-11,28.140731527369894,2007
2007-08-12,28.264675361455645,2007
2007-08-13,28.42916206767957,2007
2007-08-14,27.572309426457032,2007
2007-08-15,27.8415254435738,2007
2007-08-16,27.932936570595942,2007
2007-08-17,28.147880770505235,2007
2007-08-18,27.623462528412098,2007
2007-08-19,27.643804656532527,2007
2007-08-20,27.409622733947778,2007
2007-08-21,27.939107225462298,2007
2007-08-22,29.1195236010512,2007
2007-08-23,28.06026195080222,2007
2007-08-24,29.226521122498784,2007
2007-08-25,29.07072148412073,2007
2007-08-26,28.872138467917942,2007
2007-08-27,28.545236256821703,2007
2007-08-28,27.826068247375975,2007
2007-08-29,29.06046673469756,2007
2007-08-30,28.370400904019974,2007
2007-08-31,28.62504034504461,2007
2007-09-01,27.69312233491745,2007
2007-09-02,28.666980873383338,2007
2007-09-03,28.54516744272969,2007
2007-09-04,28.605147566009272,2007
2007-09-05,29.639099674025577,2007
2007-09-06,30.509610574064567,2007
2007-09-07,30.80014420686415,2007
2007-09-08,30.948714113562012,2007
2007-09-09,30.028209779210364,2007
2007-09-10,29.50791479622815,2007
2007-09-11,29.137070795012725,2007
2007-09-12,29.660250142204582,2007
2007-09-13,29.869294873252024,2007
2007-09-14,29.542622731499378,2007
2007-09-15,29.238008113881097,2007
2007-09-16,29.781547672689584,2007
2007-09-17,30.422954534702733,2007
2007-09-18,29.764260170206438,2007
2007-09-19,30.190834990218352,2007
2007-09-20,30.269919743851798,2007
2007-09-21,29.75334753183955,2007
2007-09-22,30.273559758125373,2007
2007-09-23,30.106505500587367,2007
2007-09-24,30.072062067838583,2007
2007-09-25,29.88508172747677,2007
2007-09-26,29.75379541978996,2007
2007-09-27,29.928267912586044,2007
2007-09-28,29.89849457293692,2007
2007-09-29,29.475058123704343,2007
2007-09-30,29.502703266244875,2007
2007-10-01,29.315551091546574,2007
2007-10-02,29.603966129840313,2007
2007-10-03,31.531086951071483,2007
2007-10-04,32.87876450204189,2007
2007-10-05,32.54960496262152,2007
2007-10-06,30.9868953513945,2007
2007-10-07,32.14662734750657,2007
2007-10-08,32.6127212276561,2007
2007-10-09,32.75844279619983,2007
2007-10-10,32.08253549742894,2007
2007-10-11,32.05846202721183,2007
2007-10-12,32.01493783886494,2007
2007-10-13,31.54427861212505,2007
2007-10-14,31.669610810175783,2007
2007-10-15,33.40482555085047,2007
2007-10-16,32.27501380093045,2007
2007-10-17,32.03296726915946,2007
2007-10-18,30.791778248626763,2007
2007-10-19,31.57907035324992,2007
2007-10-20,31.8971890748957,2007
2007-10-21,30.693225020942165,2007
2007-10-22,30.94479624003687,2007
2007-10-23,32.18036540916168,2007
2007-10-24,32.482055078142636,2007
2007-10-25,31.17504793127957,2007
2007-10-26,30.681420315516505,2007
2007-10-27,31.264994482045008,2007
2007-10-28,31.847704437696926,2007
2007-10-29,32.1961728891526,2007
2007-10-30,32.32081587397775,2007
2007-10-31,31.855863074118535,2007
2007-11-01,30.84378919886776,2007
2007-11-02,29.755338064111072,2007
2007-11-03,29.303621427211443,2007
2007-11-04,29.56156710130527,2007
2007-11-05,29.439956640490365,2007
2007-11-06,30.34735920279927,2007
2007-11-07,30.142052301808597,2007
2007-11-08,30.29190267084112,2007
2007-11-09,30.847644377878325,2007
2007-11-10,28.5790310800703,2007
2007-11-11,30.204394534371318,2007
2007-11-12,31.030821699820315,2007
2007-11-13,31.107281235558947,2007
2007-11-14,31.131474446347685,2007
2007-11-15,28.363115524161213,2007
2007-11-16,27.328869615924834,2007
2007-11-17,27.697641665657404,2007
2007-11-18,30.033172278482198,2007
2007-11-19,31.432704031780915,2007
2007-11-20,31.85814548554021,2007
2007-11-21,29.86570975034505,2007
2007-11-22,30.216147512084614,2007
2007-11-23,30.794152997894503,2007
2007-11-24,30.07597765492073,2007
2007-11-25,29.9478608130393,2007
2007-11-26,31.07477343237932,2007
2007-11-27,31.94217342835818,2007
2007-11-28,32.40144646848859,2007
2007-11-29,31.75731338874372,2007
2007-11-30,30.79917729084839,2007
2007-12-01,30.273927392417882,2007
2007-12-02,28.884008035925252,2007
2007-12-03,29.8397806063017,2007
2007-12-04,30.664115683118855,2007
2007-12-05,31.49571775232722,2007
2007-12-06,31.356074363106785,2007
2007-12-07,30.508864101309843,2007
2007-12-08,30.53942459357373,2007
2007-12-09,29.856039650437683,2007
2007-12-10,31.443474461622205,2007
2007-12-11,31.69285912143112,2007
2007-12-12,30.552290145025395,2007
2007-12-13,30.05380272095583,2007
2007-12-14,30.347460872767492,2007
2007-12-15,30.455512529047486,2007
2007-12-16,30.964163570666525,2007
2007-12-17,31.67942311846231,2007
2007-12-18,31.716027959573537,2007
2007-12-19,31.45917423171754,2007
2007-12-20,30.36753213952613,2007
2007-12-21,29.617731583076793,2007
2007-12-22,29.831084183818447,2007
2007-12-23,29.669418005243354,2007
2007-12-24,28.63296495139149,2007
2007-12-25,29.52823452009156,2007
2007-12-26,29.934234881057847,2007
2007-12-27,29.83209180109649,2007
2007-12-28,29.52097913306363,2007
2007-12-29,30.172827772256888,2007
2007-12-30,30.728697232997096,2007
2007-12-31,31.401276419388193,2007
2008-01-01,30.47485681408311,2008
2008-01-02,30.140379170149245,2008
2008-01-03,29.96914678467283,2008
2008-01-04,29.1650819745149,2008
2008-01-05,29.647293991709773,2008
2008-01-06,29.091071809538654,2008
2008-01-07,28.692276984120557,2008
2008-01-08,28.00014245790647,2008
2008-01-09,28.348698202568787,2008
2008-01-10,28.960197377281858,2008
2008-01-11,28.944522074218668,2008
2008-01-12,30.627960861884056,2008
2008-01-13,30.53032689082339,2008
2008-01-14,31.187506078750562,2008
2008-01-15,30.258117572082142,2008
2008-01-16,30.696891654830385,2008
2008-01-17,31.27583876395445,2008
2008-01-18,31.799720046629925,2008
2008-01-19,30.93620503615375,2008
2008-01-20,29.137633580893876,2008
2008-01-21,29.30585568842185,2008
2008-01-22,28.39966901763513,2008
2008-01-23,29.658331098170027,2008
2008-01-24,30.502268512396377,2008
2008-01-25,30.602200371186587,2008
2008-01-26,30.008576923593036,2008
2008-01-27,29.549400707633183,2008
2008-01-28,29.845538007407846,2008
2008-01-29,31.02202880869019,2008
2008-01-30,30.572975920670952,2008
2008-01-31,32.05094822650605,2008
2008-02-01,31.688113185614178,2008
2008-02-02,31.66328910714061,2008
2008-02-03,31.64929641869845,2008
2008-02-04,31.49977391455055,2008
2008-02-05,32.072812018800114,2008
2008-02-06,31.13351215384869,2008
2008-02-07,31.475318242290367,2008
2008-02-08,32.19795858741958,2008
2008-02-09,32.79612504132431,2008
2008-02-10,33.518457089616085,2008
2008-02-11,33.721162982045115,2008
2008-02-12,32.980797178850764,2008
2008-02-13,31.938556292349634,2008
2008-02-14,31.031711138800503,2008
2008-02-15,31.106847586617018,2008
2008-02-16,31.683119395692326,2008
2008-02-17,33.12437880616874,2008
2008-02-18,34.06672918897243,2008
2008-02-19,32.937974608802,2008
2008-02-20,32.40535758946908,2008
2008-02-21,31.67925954534842,2008
2008-02-22,31.062953043712994,2008
2008-02-23,32.71306498076932,2008
2008-02-24,33.05334007231333,2008
2008-02-25,33.988425726609165,2008
2008-02-26,33.96442927106683,2008
2008-02-27,33.88887643140081,2008
2008-02-28,34.08445872886556,2008
2008-02-29,33.34014966098522,2008
2008-03-01,32.8109352065,2008
2008-03-02,33.5548531771767,2008
2008-03-03,34.049399348393706,2008
2008-03-04,32.676282107861546,2008
2008-03-05,32.215569748760885,2008
2008-03-06,31.303478822324468,2008
2008-03-07,31.354401880678484,2008
2008-03-08,31.317495930442334,2008
2008-03-09,31.006198868254348,2008
2008-03-10,31.447850054122608,2008
2008-03-11,31.858950258281382,2008
2008-03-12,31.978107853092265,2008
2008-03-13,33.004997457382856,2008
2008-03-14,33.26104587678439,2008
2008-03-15,32.433780340477206,2008
2008-03-16,33.01449333765494,2008
2008-03-17,32.1009817445989,2008
2008-03-18,32.36444974988065,2008
2008-03-19,33.27717190538042,2008
2008-03-20,33.09926252652529,2008
2008-03-21,32.688696678771905,2008
2008-03-22,32.673387277865146,2008
2008-03-23,33.06090127491803,2008
2008-03-24,34.039971341828966,2008
2008-03-25,34.691193821165015,2008
2008-03-26,34.44002200003545,2008
2008-03-27,34.15031460711328,2008
2008-03-28,33.48904830364273,2008
2008-03-29,32.565978907788846,2008
2008-03-30,31.83933211897058,2008
2008-03-31,32.19346535876085,2008
2008-04-01,31.84182523482096,2008
2008-04-02,32.43339098266468,2008
2008-04-03,33.5732367726539,2008
2008-04-04,32.44602017786477,2008
2008-04-05,33.12134856904045,2008
2008-04-06,32.892834025470776,2008
2008-04-07,32.19760739378917,2008
2008-04-08,32.73724666317521,2008
2008-04-09,32.47630170080204,2008
2008-04-10,32.1350528726735,2008
2008-04-11,31.97877234773685,2008
2008-04-12,32.34569112761379,2008
2008-04-13,32.08855987321315,2008
2008-04-14,31.7878650857446,2008
2008-04-15,31.136046131246896,2008
2008-04-16,32.82537317392419,2008
2008-04-17,33.155348088902976,2008
2008-04-18,32.428474174384654,2008
2008-04-19,32.99328922922482,2008
2008-04-20,31.706139734237976,2008
2008-04-21,31.315882376109048,2008
2008-04-22,31.45268875343831,2008
2008-04-23,32.44626639360016,2008
2008-04-24,32.48718857567139,2008
2008-04-25,32.362276994884716,2008
2008-04-26,33.27595899376761,2008
2008-04-27,32.822170037021635,2008
2008-04-28,32.35174137160977,2008
2008-04-29,31.969992814210947,2008
2008-04-30,31.609704297061562,2008
2008-05-01,32.00814901632146,2008
2008-05-02,32.505917060234005,2008
2008-05-03,32.37491178811412,2008
2008-05-04,31.956572860287732,2008
2008-05-05,31.060070027521107,2008
2008-05-06,30.367572441383786,2008
2008-05-07,30.252561479195947,2008
2008-05-08,31.773413005948306,2008
2008-05-09,31.959157172906863,2008
2008-05-10,32.10053910515349,2008
2008-05-11,32.02718663849284,2008
2008-05-12,32.18018601501227,2008
2008-05-13,30.383159158892024,2008
2008-05-14,31.28771594578981,2008
2008-05-15,31.59003292280881,2008
2008-05-16,31.91631348776115,2008
2008-05-17,32.00149454487507,2008
2008-05-18,29.441218478659138,2008
2008-05-19,29.396716925063696,2008
2008-05-20,29.599355600961893,2008
2008-05-21,30.830725779746928,2008
2008-05-22,30.556258353482985,2008
2008-05-23,29.67105859431188,2008
2008-05-24,30.331587141125276,2008
2008-05-25,29.818488877859835,2008
2008-05-26,30.237882728274855,2008
2008-05-27,29.92448656088223,2008
2008-05-28,29.60347818652481,2008
2008-05-29,29.592383993745436,2008
2008-05-30,29.465941994094756,2008
2008-05-31,29.999182358992726,2008
2008-06-01,30.67789864988234,2008
2008-06-02,31.278539579866795,2008
2008-06-03,31.515970953059373,2008
2008-06-04,30.449326989114724,2008
2008-06-05,29.595683966658886,2008
2008-06-06,29.63055221694453,2008
2008-06-07,28.983000782937296,2008
2008-06-08,28.623389616035585,2008
2008-06-09,28.553824754157688,2008
2008-06-10,29.442323970031232,2008
2008-06-11,29.591892978670636,2008
2008-06-12,30.106129433408753,2008
2008-06-13,29.26514965389889,2008
2008-06-14,29.91995603800722,2008
2008-06-15,29.382280427709745,2008
2008-06-16,28.15440867265787,2008
2008-06-17,28.797602462838164,2008
2008-06-18,28.764363502652337,2008
2008-06-19,28.867953790148416,2008
2008-06-20,29.94243637571703,2008
2008-06-21,30.06844835609632,2008
2008-06-22,29.40770281382933,2008
2008-06-23,29.7666232943509,2008
2008-06-24,29.59584121349785,2008
2008-06-25,29.704608144631347,2008
2008-06-26,29.05628668441724,2008
2008-06-27,28.646050706865424,2008
2008-06-28,28.863882840600567,2008
2008-06-29,29.509558420867545,2008
2008-06-30,28.45027435443144,2008
2008-07-01,29.263660294703136,2008
2008-07-02,29.81267924517347,2008
2008-07-03,29.810378633413222,2008
2008-07-04,29.686358254453236,2008
2008-07-05,29.620848010192212,2008
2008-07-06,28.910282855536998,2008
2008-07-07,28.037341802381803,2008
2008-07-08,27.388201943189657,2008
2008-07-09,26.44880524297136,2008
2008-07-10,27.325451444064463,2008
2008-07-11,28.29416832013492,2008
2008-07-12,29.16500096974719,2008
2008-07-13,28.923002497169026,2008
2008-07-14,28.716393060554466,2008
2008-07-15,28.85569650008259,2008
2008-07-16,28.26558154807453,2008
2008-07-17,29.348414170472942,2008
2008-07-18,28.843500446783725,2008
2008-07-19,29.260848574233968,2008
2008-07-20,28.07293101412694,2008
2008-07-21,28.319167480893768,2008
2008-07-22,29.64732400691479,2008
2008-07-23,29.35097728154033,2008
2008-07-24,28.8826237384825,2008
2008-07-25,27.89412159475591,2008
2008-07-26,28.47946404558897,2008
2008-07-27,28.765262318724446,2008
2008-07-28,28.568515289594902,2008
2008-07-29,27.859839948432736,2008
2008-07-30,28.453795528840367,2008
2008-07-31,28.889665727989456,2008
2008-08-01,28.55972807494179,2008
2008-08-02,28.68372123848279,2008
2008-08-03,29.00854408115997,2008
2008-08-04,28.3892110188102,2008
2008-08-05,27.03723108856167,2008
2008-08-06,25.716404809195254,2008
2008-08-07,27.980859922879006,2008
2008-08-08,28.571860457915264,2008
2008-08-09,29.720208754057374,2008
2008-08-10,30.089355701338917,2008
2008-08-11,29.223293982414376,2008
2008-08-12,28.505289192570846,2008
2008-08-13,28.160184151259692,2008
2008-08-14,29.277840513866618,2008
2008-08-15,28.94152924610389,2008
2008-08-16,29.382460785664485,2008
2008-08-17,28.305449529425807,2008
2008-08-18,27.090099103242782,2008
2008-08-19,28.0795089756731,2008
2008-08-20,26.871673240991775,2008
2008-08-21,28.238972281584154,2008
2008-08-22,28.378920900914114,2008
2008-08-23,28.356090298099062,2008
2008-08-24,28.966065558510046,2008
2008-08-25,28.830529991139564,2008
2008-08-26,28.962439480652044,2008
2008-08-27,28.956216625843847,2008
2008-08-28,29.609068351401376,2008
2008-08-29,29.468812235775047,2008
2008-08-30,29.16032109374233,2008
2008-08-31,28.762990399542645,2008
2008-09-01,29.53332900266859,2008
2008-09-02,29.304985138021323,2008
2008-09-03,30.237884416309377,2008
2008-09-04,29.886553269719613,2008
2008-09-05,29.315538243310137,2008
2008-09-06,29.869081423051043,2008
2008-09-07,29.636373558391803,2008
2008-09-08,29.5264751450049,2008
2008-09-09,29.794811594970035,2008
2008-09-10,29.86889168697978,2008
2008-09-11,29.727894332967427,2008
2008-09-12,29.259114292672777,2008
2008-09-13,28.721874626180757,2008
2008-09-14,28.800790238949123,2008
2008-09-15,30.12924020783949,2008
2008-09-16,30.39910762456912,2008
2008-09-17,30.988815819253777,2008
2008-09-18,31.276569788719165,2008
2008-09-19,30.503644817778273,2008
2008-09-20,30.226489707073746,2008
2008-09-21,30.486789301817552,2008
2008-09-22,30.371971918247198,2008
2008-09-23,30.298965041487563,2008
2008-09-24,29.656544978937767,2008
2008-09-25,28.803764483041316,2008
2008-09-26,27.750244734227135,2008
2008-09-27,28.241749121088496,2008
2008-09-28,28.600168490261233,2008
2008-09-29,28.318605048808966,2008
2008-09-30,27.872434726600293,2008
2008-10-01,28.256625658809682,2008
2008-10-02,30.11680537942496,2008
2008-10-03,29.857287653957997,2008
2008-10-04,29.65084577332851,2008
2008-10-05,28.127649178722145,2008
2008-10-06,28.67457114296602,2008
2008-10-07,30.475941333651118,2008
2008-10-08,31.567928832888477,2008
2008-10-09,31.308556040694146,2008
2008-10-10,31.33199764081829,2008
2008-10-11,30.700729157267332,2008
2008-10-12,31.604750324399635,2008
2008-10-13,31.186103886716314,2008
2008-10-14,31.18487875378098,2008
2008-10-15,29.841925103573573,2008
2008-10-16,30.44932834928083,2008
2008-10-17,30.795173868754574,2008
2008-10-18,31.516446695049662,2008
2008-10-19,30.521611502276855,2008
2008-10-20,30.29563851015952,2008
2008-10-21,30.376389899558934,2008
2008-10-22,31.570302242648722,2008
2008-10-23,31.964089180351795,2008
2008-10-24,32.025460676902334,2008
2008-10-25,32.793457281411754,2008
2008-10-26,31.336818946989187,2008
2008-10-27,31.183433972415685,2008
2008-10-28,31.567217577924236,2008
2008-10-29,31.163151209579286,2008
2008-10-30,30.194736956372978,2008
2008-10-31,29.40792809036919,2008
2008-11-01,29.657566436980225,2008
2008-11-02,29.205065801060343,2008
2008-11-03,28.988458080180216,2008
2008-11-04,29.03147157541695,2008
2008-11-05,30.32293344586259,2008
2008-11-06,30.525355424089085,2008
2008-11-07,29.370543471381538,2008
2008-11-08,29.455741324685007,2008
2008-11-09,29.029021508292075,2008
2008-11-10,30.432446916253,2008
2008-11-11,31.373399234909265,2008
2008-11-12,30.92377462869832,2008
2008-11-13,31.47446799956744,2008
2008-11-14,31.268615814984273,2008
2008-11-15,31.90595087251659,2008
2008-11-16,30.647138033471066,2008
2008-11-17,29.061242352842157,2008
2008-11-18,30.495762688432578,2008
2008-11-19,31.57087916193387,2008
2008-11-20,31.561571510093405,2008
2008-11-21,31.545359414213877,2008
2008-11-22,30.148308472537668,2008
2008-11-23,27.96745091717293,2008
2008-11-24,28.562392062465733,2008
2008-11-25,28.056165272467606,2008
2008-11-26,30.058666402731173,2008
2008-11-27,32.049736916250914,2008
2008-11-28,30.667185961158452,2008
2008-11-29,30.15853172360586,2008
2008-11-30,31.35128552724295,2008
2008-12-01,30.722371064968602,2008
2008-12-02,30.628164839299114,2008
2008-12-03,31.381498625680276,2008
2008-12-04,32.02506820594523,2008
2008-12-05,31.249322444993442,2008
2008-12-06,31.468396346990936,2008
2008-12-07,30.645118077516063,2008
2008-12-08,30.198445304538506,2008
2008-12-09,30.382838707280516,2008
2008-12-10,29.23269971692512,2008
2008-12-11,29.24211869852192,2008
2008-12-12,28.856021443325293,2008
2008-12-13,30.087128436839834,2008
2008-12-14,31.052294266730307,2008
2008-12-15,30.85393433599889,2008
2008-12-16,30.053110175041496,2008
2008-12-17,30.403887205450676,2008
2008-12-18,30.3977583343121,2008
2008-12-19,29.863813529012443,2008
2008-12-20,30.081453695126136,2008
2008-12-21,29.2899931480162,2008
2008-12-22,27.720480287686126,2008
2008-12-23,28.552015992965874,2008
2008-12-24,29.38994168144886,2008
2008-12-25,29.022138436006234,2008
2008-12-26,28.56126209935551,2008
2008-12-27,28.813160616365472,2008
2008-12-28,29.616200240692,2008
2008-12-29,29.79051930861901,2008
2008-12-30,29.468343782338103,2008
2008-12-31,28.070266065286663,2008
2009-01-01,30.147871392947977,2009
2009-01-02,30.063768503151685,2009
2009-01-03,29.741506748555672,2009
2009-01-04,29.380647741430714,2009
2009-01-05,30.076903178387774,2009
2009-01-06,29.686093670184135,2009
2009-01-07,29.623833762589733,2009
2009-01-08,28.58758450310929,2009
2009-01-09,29.71708168211596,2009
2009-01-10,29.62842234145384,2009
2009-01-11,30.084721822495624,2009
2009-01-12,30.267815477646025,2009
2009-01-13,31.167744573230056,2009
2009-01-14,31.65181032784954,2009
2009-01-15,32.0692079001856,2009
2009-01-16,31.35059017860743,2009
2009-01-17,30.936495937088726,2009
2009-01-18,30.40531366100122,2009
2009-01-19,31.201659569638434,2009
2009-01-20,30.982154215851132,2009
2009-01-21,31.096832952055937,2009
2009-01-22,31.50708369986999,2009
2009-01-23,32.005304902606056,2009
2009-01-24,32.752727400159436,2009
2009-01-25,32.66703007582316,2009
2009-01-26,31.928096555285663,2009
2009-01-27,31.395593422156935,2009
2009-01-28,31.202060442500247,2009
2009-01-29,32.50687239178278,2009
2009-01-30,31.186245977089683,2009
2009-01-31,31.16146632182672,2009
2009-02-01,32.280794197250614,2009
2009-02-02,32.56190121782033,2009
2009-02-03,31.95946585828655,2009
2009-02-04,31.12695866031008,2009
2009-02-05,32.210583108770344,2009
2009-02-06,33.28666268391112,2009
2009-02-07,32.81655484697414,2009
2009-02-08,32.49342382378238,2009
2009-02-09,31.169265668738674,2009
2009-02-10,30.605929669819016,2009
2009-02-11,31.457844189321843,2009
2009-02-12,32.20679876422742,2009
2009-02-13,33.31652884244519,2009
2009-02-14,33.308938466748785,2009
2009-02-15,33.429474281569924,2009
2009-02-16,33.658305217633206,2009
2009-02-17,31.751830834798692,2009
2009-02-18,31.523296667114522,2009
2009-02-19,30.870760228084684,2009
2009-02-20,30.81346144404426,2009
2009-02-21,31.81602470234439,2009
2009-02-22,32.61041114832627,2009
2009-02-23,32.45578135359034,2009
2009-02-24,31.83310645218126,2009
2009-02-25,32.2603595854537,2009
2009-02-26,32.89958647587341,2009
2009-02-27,33.58541623659108,2009
2009-02-28,32.831328033645434,2009
2009-03-01,31.63338369572079,2009
2009-03-02,33.47637617287163,2009
2009-03-03,31.524125461482747,2009
2009-03-04,29.202082987757535,2009
2009-03-05,31.65936156723327,2009
2009-03-06,32.835800626919436,2009
2009-03-07,32.14078962859646,2009
2009-03-08,31.90958126600165,2009
2009-03-09,32.989082284473874,2009
2009-03-10,33.36100860037009,2009
2009-03-11,34.27661866952094,2009
2009-03-12,33.97768347828749,2009
2009-03-13,33.59052333907692,2009
2009-03-14,34.05043918064899,2009
2009-03-15,34.146938113363056,2009
2009-03-16,33.55709520814395,2009
2009-03-17,34.29634897292071,2009
2009-03-18,34.461042533421704,2009
2009-03-19,33.965136913088664,2009
2009-03-20,34.35469979340975,2009
2009-03-21,33.608259072919374,2009
2009-03-22,33.18919777328777,2009
2009-03-23,33.009133933867346,2009
2009-03-24,32.89253466986763,2009
2009-03-25,33.32211250199958,2009
2009-03-26,33.93520452697904,2009
2009-03-27,33.22070215832548,2009
2009-03-28,32.62435007082363,2009
2009-03-29,34.85934117198742,2009
2009-03-30,35.55403711412763,2009
2009-03-31,34.83753135966357,2009
2009-04-01,33.110093949487116,2009
2009-04-02,32.63141316677823,2009
2009-04-03,33.46652660440818,2009
2009-04-04,33.96558407954948,2009
2009-04-05,34.1280242559671,2009
2009-04-06,33.34610357989851,2009
2009-04-07,32.447159960866706,2009
2009-04-08,32.889530308516555,2009
2009-04-09,32.122037441681336,2009
2009-04-10,34.13623424735335,2009
2009-04-11,33.662110530432145,2009
2009-04-12,32.5891071063348,2009
2009-04-13,33.097901638793054,2009
2009-04-14,32.46064842075862,2009
2009-04-15,32.84043616280399,2009
2009-04-16,32.561892300147086,2009
2009-04-17,32.607690581875815,2009
2009-04-18,34.8818763048581,2009
2009-04-19,34.5087080334257,2009
2009-04-20,33.31822438955758,2009
2009-04-21,32.259764393352604,2009
2009-04-22,32.23511989665342,2009
2009-04-23,32.41529296177392,2009
2009-04-24,32.55516381534038,2009
2009-04-25,32.20890552042776,2009
2009-04-26,32.532398786992246,2009
2009-04-27,32.62360567882732,2009
2009-04-28,32.76567776717407,2009
2009-04-29,33.132541618618376,2009
2009-04-30,32.14922864662569,2009
2009-05-01,31.24007453011381,2009
2009-05-02,32.229775189933456,2009
2009-05-03,32.945663493592455,2009
2009-05-04,32.246455144715036,2009
2009-05-05,32.57418614652876,2009
2009-05-06,32.91606327136977,2009
2009-05-07,32.96791323437272,2009
2009-05-08,32.00125674354678,2009
2009-05-09,32.5636528339998,2009
2009-05-10,33.9419503643256,2009
2009-05-11,33.46027432248234,2009
2009-05-12,32.78256176071864,2009
2009-05-13,31.95058560103503,2009
2009-05-14,32.230294018786616,2009
2009-05-15,32.35519782480661,2009
2009-05-16,32.38489081815453,2009
2009-05-17,31.567730533760795,2009
2009-05-18,31.828523180212606,2009
2009-05-19,31.688492846102026,2009
2009-05-20,31.90515812324646,2009
2009-05-21,31.679624763092896,2009
2009-05-22,32.11639126717992,2009
2009-05-23,32.010221762262674,2009
2009-05-24,32.727524562987824,2009
2009-05-25,32.93469032923682,2009
2009-05-26,33.158666948209984,2009
2009-05-27,33.26533397668695,2009
2009-05-28,32.5342795684027,2009
2009-05-29,31.54981654265572,2009
2009-05-30,31.81232628239421,2009
2009-05-31,31.24000774045356,2009
2009-06-01,31.354909033813026,2009
2009-06-02,31.735922869208274,2009
2009-06-03,31.545854282548365,2009
2009-06-04,31.249424855338802,2009
2009-06-05,30.17062808809602,2009
2009-06-06,30.630654053756317,2009
2009-06-07,29.47087863892878,2009
2009-06-08,30.723021982624193,2009
2009-06-09,29.69110771069662,2009
2009-06-10,30.15972490823443,2009
2009-06-11,31.08890319822227,2009
2009-06-12,29.7938445409515,2009
2009-06-13,29.268355956008946,2009
2009-06-14,29.286066461832835,2009
2009-06-15,30.055277232867223,2009
2009-06-16,30.228187198206,2009
2009-06-17,28.174208784730695,2009
2009-06-18,28.778429939500143,2009
2009-06-19,28.64994778345583,2009
2009-06-20,28.374901368992184,2009
2009-06-21,28.875898239094592,2009
2009-06-22,28.82596488991617,2009
2009-06-23,28.857344103849805,2009
2009-06-24,28.012153501005564,2009
2009-06-25,26.869779826320183,2009
2009-06-26,26.36207504021187,2009
2009-06-27,27.556792768483646,2009
2009-06-28,28.84342031433731,2009
2009-06-29,28.798805405992375,2009
2009-06-30,28.989753424414115,2009
2009-07-01,28.708245029966477,2009
2009-07-02,28.80902661673528,2009
2009-07-03,28.35019447981429,2009
2009-07-04,28.106644878926815,2009
2009-07-05,26.9946144376833,2009
2009-07-06,28.27571754759522,2009
2009-07-07,27.763503821448154,2009
2009-07-08,28.260104479060374,2009
2009-07-09,28.953420894282498,2009
2009-07-10,27.91136462942027,2009
2009-07-11,26.405712390127945,2009
2009-07-12,27.647536198572396,2009
2009-07-13,27.633727358894525,2009
2009-07-14,27.39396352288083,2009
2009-07-15,27.363886704876432,2009
2009-07-16,27.566490215775218,2009
2009-07-17,28.427198136194484,2009
2009-07-18,28.550636184346633,2009
2009-07-19,28.165434811184966,2009
2009-07-20,28.604895452120743,2009
2009-07-21,28.364885057026235,2009
2009-07-22,28.795726617747786,2009
2009-07-23,28.83478214557624,2009
2009-07-24,29.200571136200264,2009
2009-07-25,28.511367698931863,2009
2009-07-26,29.158146000662384,2009
2009-07-27,27.567306093067128,2009
2009-07-28,27.802658997463485,2009
2009-07-29,27.759520256954318,2009
2009-07-30,28.226368008513575,2009
2009-07-31,28.472721841972323,2009
2009-08-01,27.712807433082457,2009
2009-08-02,28.23994905671245,2009
2009-08-03,27.233757791907134,2009
2009-08-04,27.795443476432855,2009
2009-08-05,26.950173673026704,2009
2009-08-06,29.201099348661696,2009
2009-08-07,28.85719996332169,2009
2009-08-08,28.745772176033576,2009
2009-08-09,28.87172661434936,2009
2009-08-10,27.6441720120121,2009
2009-08-11,28.168111129575024,2009
2009-08-12,27.983364803410666,2009
2009-08-13,28.27145622195786,2009
2009-08-14,28.23706182672841,2009
2009-08-15,28.587002714913822,2009
2009-08-16,28.791196638460033,2009
2009-08-17,29.092950534908525,2009
2009-08-18,28.878679560712133,2009
2009-08-19,28.942714623509303,2009
2009-08-20,29.06064003267612,2009
2009-08-21,28.85014217135972,2009
2009-08-22,28.844992982553897,2009
2009-08-23,28.93344215682484,2009
2009-08-24,28.5750666789168,2009
2009-08-25,28.48570512787522,2009
2009-08-26,28.895224463919746,2009
2009-08-27,29.16654648032886,2009
2009-08-28,28.31250374489514,2009
2009-08-29,27.891767014094718,2009
2009-08-30,28.374373910107206,2009
2009-08-31,27.569263621497736,2009
2009-09-01,28.440416491388465,2009
2009-09-02,28.65029149853778,2009
2009-09-03,29.89767636067782,2009
2009-09-04,30.55234817106321,2009
2009-09-05,31.261495952347346,2009
2009-09-06,30.328945335582077,2009
2009-09-07,30.080570484463124,2009
2009-09-08,29.88945928965053,2009
2009-09-09,28.147779163802312,2009
2009-09-10,28.421799581769687,2009
2009-09-11,29.06474625249865,2009
2009-09-12,29.260148513287554,2009
2009-09-13,29.247882982670596,2009
2009-09-14,29.473333934333905,2009
2009-09-15,30.210154074642784,2009
2009-09-16,30.44146750717211,2009
2009-09-17,30.398756079008866,2009
2009-09-18,30.267632061419647,2009
2009-09-19,29.873499047414338,2009
2009-09-20,30.436525008933245,2009
2009-09-21,30.12405308693921,2009
2009-09-22,29.62697314548915,2009
2009-09-23,29.660428613903576,2009
2009-09-24,29.580612698203147,2009
2009-09-25,29.545423033486934,2009
2009-09-26,29.07742962371941,2009
2009-09-27,29.663306900704676,2009
2009-09-28,30.306878643896756,2009
2009-09-29,30.03634680942993,2009
2009-09-30,29.63790984744318,2009
2009-10-01,29.86639451432,2009
2009-10-02,30.213943975198625,2009
2009-10-03,30.14332432560474,2009
2009-10-04,30.77412798374472,2009
2009-10-05,30.48540107233427,2009
2009-10-06,30.52054113188101,2009
2009-10-07,30.00871611881042,2009
2009-10-08,30.48279848528406,2009
2009-10-09,31.007534511100765,2009
2009-10-10,30.646900037247462,2009
2009-10-11,30.09724579898744,2009
2009-10-12,30.62401817972941,2009
2009-10-13,30.500739102338922,2009
2009-10-14,30.11824069500218,2009
2009-10-15,30.845452572079868,2009
2009-10-16,31.278454204552684,2009
2009-10-17,30.99647162145063,2009
2009-10-18,31.078443629017556,2009
2009-10-19,30.59023452515001,2009
2009-10-20,29.98910409093876,2009
2009-10-21,31.22662096276533,2009
2009-10-22,33.16630900510433,2009
2009-10-23,33.48631416981724,2009
2009-10-24,31.099716719543412,2009
2009-10-25,31.2860867893435,2009
2009-10-26,31.337862451857426,2009
2009-10-27,31.973117311201722,2009
2009-10-28,31.288648512680606,2009
2009-10-29,30.240979719911433,2009
2009-10-30,29.858319610184566,2009
2009-10-31,30.636242463147614,2009
2009-11-01,30.831969677836543,2009
2009-11-02,31.110776836134264,2009
2009-11-03,31.27517193202987,2009
2009-11-04,31.865627688395797,2009
2009-11-05,30.53242760270265,2009
2009-11-06,29.95215918663345,2009
2009-11-07,29.482615342279054,2009
2009-11-08,29.88436349464285,2009
2009-11-09,31.803706140232634,2009
2009-11-10,29.928812495174363,2009
2009-11-11,29.999623607855575,2009
2009-11-12,29.68634178428323,2009
2009-11-13,29.988209466694098,2009
2009-11-14,30.89853426109106,2009
2009-11-15,28.93395886908313,2009
2009-11-16,28.913673839934606,2009
2009-11-17,30.091098153069645,2009
2009-11-18,30.768181800485543,2009
2009-11-19,30.507413830429062,2009
2009-11-20,31.044792890079695,2009
2009-11-21,31.39202405899231,2009
2009-11-22,30.53618400294627,2009
2009-11-23,31.486865344898558,2009
2009-11-24,31.003154722232054,2009
2009-11-25,30.011397842936915,2009
2009-11-26,29.594143412550384,2009
2009-11-27,29.439571821412294,2009
2009-11-28,28.341494629946993,2009
2009-11-29,27.604041492457682,2009
2009-11-30,29.623426191245766,2009
2009-12-01,31.500179907063583,2009
2009-12-02,30.56986039864556,2009
2009-12-03,30.6128525456669,2009
2009-12-04,30.21718840487482,2009
2009-12-05,30.286972599806163,2009
2009-12-06,30.383921698703556,2009
2009-12-07,31.23593098285537,2009
2009-12-08,31.26534352751287,2009
2009-12-09,31.01718973924409,2009
2009-12-10,29.614592918731525,2009
2009-12-11,29.377338556702924,2009
2009-12-12,29.14162899657282,2009
2009-12-13,29.399192915504322,2009
2009-12-14,29.345229508576374,2009
2009-12-15,29.131306124504825,2009
2009-12-16,29.99376708524852,2009
2009-12-17,31.886397442574708,2009
2009-12-18,31.254438516622063,2009
2009-12-19,31.837864114736732,2009
2009-12-20,30.399802026284075,2009
2009-12-21,30.763498877377994,2009
2009-12-22,30.516575906334623,2009
2009-12-23,28.844970242741923,2009
2009-12-24,29.232257562403046,2009
2009-12-25,29.731691923335315,2009
2009-12-26,29.87373837673769,2009
2009-12-27,28.87647568138,2009
2009-12-28,29.990486681582233,2009
2009-12-29,29.775698214276925,2009
2009-12-30,29.023880235882846,2009
2009-12-31,29.703970881719187,2009
2010-01-01,31.21208802504206,2010
2010-01-02,31.4895448345318,2010
2010-01-03,31.12964614648929,2010
2010-01-04,31.361213402448122,2010
2010-01-05,31.76257686178504,2010
2010-01-06,31.204976700586663,2010
2010-01-07,30.885154455605704,2010
2010-01-08,30.33293693228285,2010
2010-01-09,31.016326797438865,2010
2010-01-10,32.22381207604502,2010
2010-01-11,32.00498614444409,2010
2010-01-12,31.729196125206407,2010
2010-01-13,30.484558967313625,2010
2010-01-14,30.406311706278462,2010
2010-01-15,30.446729022595765,2010
2010-01-16,30.899300228499023,2010
2010-01-17,31.257620434146798,2010
2010-01-18,29.93969177230156,2010
2010-01-19,29.96984152416848,2010
2010-01-20,29.998414859260606,2010
2010-01-21,29.67628725566515,2010
2010-01-22,30.80944475598288,2010
2010-01-23,30.95075434730769,2010
2010-01-24,29.96245973752112,2010
2010-01-25,30.034921418760582,2010
2010-01-26,31.171857781201062,2010
2010-01-27,31.37832336739872,2010
2010-01-28,32.58861103508082,2010
2010-01-29,32.00843720903703,2010
2010-01-30,30.470551867765682,2010
2010-01-31,30.35338141380778,2010
2010-02-01,32.06169912664538,2010
2010-02-02,32.60198698358779,2010
2010-02-03,32.27815381951446,2010
2010-02-04,32.776893779427965,2010
2010-02-05,32.88488180584034,2010
2010-02-06,32.973520533323025,2010
2010-02-07,32.74237299376471,2010
2010-02-08,31.60540206302846,2010
2010-02-09,31.236713927667214,2010
2010-02-10,31.368473908470552,2010
2010-02-11,33.27837732559937,2010
2010-02-12,32.76062832153187,2010
2010-02-13,32.30236384239384,2010
2010-02-14,33.453137251774905,2010
2010-02-15,33.08589208236026,2010
2010-02-16,32.96092460461529,2010
2010-02-17,34.01568819369299,2010
2010-02-18,33.748418681608165,2010
2010-02-19,32.443392052021196,2010
2010-02-20,32.84237573335582,2010
2010-02-21,33.870485975045206,2010
2010-02-22,34.087351152290466,2010
2010-02-23,32.1921883337672,2010
2010-02-24,33.041325646620734,2010
2010-02-25,33.41619851250185,2010
2010-02-26,33.584804980739115,2010
2010-02-27,33.934441769642845,2010
2010-02-28,33.25217046408197,2010
2010-03-01,32.8047570882026,2010
2010-03-02,32.524954864107634,2010
2010-03-03,32.02342649514266,2010
2010-03-04,31.8984365864055,2010
2010-03-05,33.04052014044478,2010
2010-03-06,30.847716737014505,2010
2010-03-07,31.32468158343757,2010
2010-03-08,31.38747635257043,2010
2010-03-09,32.98554204578973,2010
2010-03-10,32.669321649885475,2010
2010-03-11,31.63098339540003,2010
2010-03-12,31.362178243035295,2010
2010-03-13,31.969910207548047,2010
2010-03-14,31.241393642376117,2010
2010-03-15,31.44579232913353,2010
2010-03-16,33.15576577185629,2010
2010-03-17,32.43058114311274,2010
2010-03-18,32.473597525386715,2010
2010-03-19,33.21014587026344,2010
2010-03-20,33.1484400449507,2010
2010-03-21,34.08269639226185,2010
2010-03-22,34.19526247717516,2010
2010-03-23,33.06009246831691,2010
2010-03-24,33.222598481112335,2010
2010-03-25,33.48157354938613,2010
2010-03-26,33.592292810641474,2010
2010-03-27,32.789957022598976,2010
2010-03-28,32.235649145901895,2010
2010-03-29,33.18359575646511,2010
2010-03-30,34.188195995529085,2010
2010-03-31,32.54943170279273,2010
2010-04-01,33.10765675879907,2010
2010-04-02,32.634038756262875,2010
2010-04-03,31.548691531451134,2010
2010-04-04,32.087604202470914,2010
2010-04-05,32.76978037704924,2010
2010-04-06,33.25369082053863,2010
2010-04-07,33.03393064130457,2010
2010-04-08,32.92116423330149,2010
2010-04-09,34.08726308308637,2010
2010-04-10,34.22671341015888,2010
2010-04-11,33.602473620857076,2010
2010-04-12,33.80296499376383,2010
2010-04-13,33.15761049192774,2010
2010-04-14,33.63277903982253,2010
2010-04-15,33.81250706242979,2010
2010-04-16,33.97866540735986,2010
2010-04-17,33.54178998149761,2010
2010-04-18,33.04935843317041,2010
2010-04-19,33.053670479160594,2010
2010-04-20,32.00142284686341,2010
2010-04-21,31.80805859488764,2010
2010-04-22,33.279255623763454,2010
2010-04-23,32.85740426782854,2010
2010-04-24,32.1156218697169,2010
2010-04-25,32.64392752664537,2010
2010-04-26,32.90785974754341,2010
2010-04-27,33.27812728502513,2010
2010-04-28,34.13196503859299,2010
2010-04-29,33.25340015526124,2010
2010-04-30,33.56216267822555,2010
2010-05-01,33.34563902534403,2010
2010-05-02,32.86391254915593,2010
2010-05-03,32.24599850135561,2010
2010-05-04,33.29469632510055,2010
2010-05-05,33.47350709758205,2010
2010-05-06,32.7896879114099,2010
2010-05-07,32.70597894109917,2010
2010-05-08,32.5482313323386,2010
2010-05-09,33.05352425643804,2010
2010-05-10,31.95399559748557,2010
2010-05-11,32.281139416648664,2010
2010-05-12,32.21717565800082,2010
2010-05-13,31.238602746487146,2010
2010-05-14,31.63566224872926,2010
2010-05-15,32.465913550556586,2010
2010-05-16,32.36538086063969,2010
2010-05-17,31.649687347899373,2010
2010-05-18,31.967096474725682,2010
2010-05-19,32.237113737926,2010
2010-05-20,31.986934745168895,2010
2010-05-21,32.3287956989184,2010
2010-05-22,31.329099687508183,2010
2010-05-23,30.876927903758627,2010
2010-05-24,30.26168983688177,2010
2010-05-25,30.797993084034935,2010
2010-05-26,31.9275167827251,2010
2010-05-27,31.86021312579351,2010
2010-05-28,31.894490590245432,2010
2010-05-29,32.04502705698202,2010
2010-05-30,29.73547921128778,2010
2010-05-31,31.407998449275095,2010
2010-06-01,30.62989171758911,2010
2010-06-02,29.207333363526708,2010
2010-06-03,28.898249980713782,2010
2010-06-04,29.114931822372,2010
2010-06-05,29.077757638523472,2010
2010-06-06,28.004247001805915,2010
2010-06-07,28.688526832126076,2010
2010-06-08,29.421698481517662,2010
2010-06-09,30.21107735134038,2010
2010-06-10,30.205403084765823,2010
2010-06-11,29.365001967993084,2010
2010-06-12,28.88517534802717,2010
2010-06-13,29.736785137694362,2010
2010-06-14,29.36525544617379,2010
2010-06-15,29.066247393272285,2010
2010-06-16,29.700232522477073,2010
2010-06-17,29.363449090791466,2010
2010-06-18,29.63228378550017,2010
2010-06-19,29.82756027386532,2010
2010-06-20,29.555527231148723,2010
2010-06-21,29.848864917599485,2010
2010-06-22,27.968305580024904,2010
2010-06-23,27.58972597022852,2010
2010-06-24,28.430917085756747,2010
2010-06-25,28.73554218918069,2010
2010-06-26,29.394662670311302,2010
2010-06-27,29.139997553551105,2010
2010-06-28,29.693301713969635,2010
2010-06-29,29.94269876388973,2010
2010-06-30,29.97202511358682,2010
2010-07-01,29.92919356745527,2010
2010-07-02,29.952613421114414,2010
2010-07-03,29.961411962990987,2010
2010-07-04,31.602092844250187,2010
2010-07-05,31.24782632600843,2010
2010-07-06,29.955100433215108,2010
2010-07-07,29.678179535245228,2010
2010-07-08,28.390818985756837,2010
2010-07-09,28.60168237888046,2010
2010-07-10,27.510843268537926,2010
2010-07-11,27.928991479954,2010
2010-07-12,28.675769509095904,2010
2010-07-13,29.285489248014414,2010
2010-07-14,29.346013833583076,2010
2010-07-15,29.259811018698954,2010
2010-07-16,28.929760129829752,2010
2010-07-17,29.25087945161134,2010
2010-07-18,29.185881476925417,2010
2010-07-19,29.030148692212467,2010
2010-07-20,29.789151140235017,2010
2010-07-21,29.889755856932396,2010
2010-07-22,29.484166392477185,2010
2010-07-23,29.410736310585662,2010
2010-07-24,29.38687277823068,2010
2010-07-25,29.19634251586154,2010
2010-07-26,28.17941500773596,2010
2010-07-27,28.906584896051797,2010
2010-07-28,28.27485818294531,2010
2010-07-29,29.33857363776091,2010
2010-07-30,28.923258696862174,2010
2010-07-31,28.349123819880695,2010
2010-08-01,28.125887346719857,2010
2010-08-02,28.574268719456242,2010
2010-08-03,29.003048755300682,2010
2010-08-04,29.271300615336003,2010
2010-08-05,29.95850326249609,2010
2010-08-06,29.43890833386347,2010
2010-08-07,29.703313416325688,2010
2010-08-08,28.62697238970828,2010
2010-08-09,29.204483781182844,2010
2010-08-10,30.212882580991092,2010
2010-08-11,29.780460617184804,2010
2010-08-12,29.497337985430885,2010
2010-08-13,29.208799627443224,2010
2010-08-14,29.667048051084414,2010
2010-08-15,29.3834643477281,2010
2010-08-16,29.676706389598007,2010
2010-08-17,29.857646691605485,2010
2010-08-18,30.009705585581383,2010
2010-08-19,29.929655553622265,2010
2010-08-20,30.241805512689538,2010
2010-08-21,29.537564784124275,2010
2010-08-22,30.41280448349457,2010
2010-08-23,30.829533066507864,2010
2010-08-24,30.81031420974134,2010
2010-08-25,30.70430161036321,2010
2010-08-26,30.762091944105883,2010
2010-08-27,30.685746136306875,2010
2010-08-28,30.253139446368127,2010
2010-08-29,29.45118175833244,2010
2010-08-30,30.286479946870323,2010
2010-08-31,30.166163091549116,2010
2010-09-01,29.584783022688473,2010
2010-09-02,30.565467644024324,2010
2010-09-03,30.145965231789148,2010
2010-09-04,30.44216390267737,2010
2010-09-05,29.8130003405725,2010
2010-09-06,29.469251979352855,2010
2010-09-07,29.38595548825534,2010
2010-09-08,29.346933921145357,2010
2010-09-09,30.15172505104539,2010
2010-09-10,30.124311012711136,2010
2010-09-11,29.187897402633205,2010
2010-09-12,30.026348036164563,2010
2010-09-13,30.200589548647343,2010
2010-09-14,30.040151265858213,2010
2010-09-15,29.35329981678941,2010
2010-09-16,29.38106737549383,2010
2010-09-17,28.242804337865856,2010
2010-09-18,29.405312060098495,2010
2010-09-19,29.497046815304905,2010
2010-09-20,28.93095835675782,2010
2010-09-21,30.059666367450237,2010
2010-09-22,29.20245775670189,2010
2010-09-23,29.931098212020302,2010
2010-09-24,30.493901489818235,2010
2010-09-25,30.573328426979103,2010
2010-09-26,31.171895460817808,2010
2010-09-27,30.998887797004667,2010
2010-09-28,30.184365577275294,2010
2010-09-29,31.258122843490078,2010
2010-09-30,30.61197684511602,2010
2010-10-01,30.37485621888921,2010
2010-10-02,30.671802738082903,2010
2010-10-03,30.73328197579499,2010
2010-10-04,30.28705754825324,2010
2010-10-05,30.38174821722587,2010
2010-10-06,29.919121917918655,2010
2010-10-07,29.682864632271436,2010
2010-10-08,29.926205650270294,2010
2010-10-09,28.741035184725426,2010
2010-10-10,29.19795647724973,2010
2010-10-11,29.765963141044217,2010
2010-10-12,30.23791776660206,2010
2010-10-13,30.522032123545713,2010
2010-10-14,30.349182565587512,2010
2010-10-15,30.565646181983382,2010
2010-10-16,31.07868894983527,2010
2010-10-17,30.473471037457653,2010
2010-10-18,30.968350648994292,2010
2010-10-19,31.165612863195907,2010
2010-10-20,31.71147665847926,2010
2010-10-21,30.769335368670063,2010
2010-10-22,30.415044603729427,2010
2010-10-23,30.92937043503039,2010
2010-10-24,30.336212866920924,2010
2010-10-25,30.280022044918013,2010
2010-10-26,30.36390156306899,2010
2010-10-27,29.76748727230558,2010
2010-10-28,28.98575284353569,2010
2010-10-29,29.907737322224534,2010
2010-10-30,30.78198196186581,2010
2010-10-31,32.468505614122684,2010
2010-11-01,32.36110103379432,2010
2010-11-02,32.643833328317946,2010
2010-11-03,31.326831237662486,2010
2010-11-04,30.044149732662664,2010
2010-11-05,31.436496384719508,2010
2010-11-06,31.28692980967547,2010
2010-11-07,30.55225855605462,2010
2010-11-08,30.8247243701667,2010
2010-11-09,32.28231601406211,2010
2010-11-10,31.761246334677413,2010
2010-11-11,30.99094088027892,2010
2010-11-12,31.07934101283207,2010
2010-11-13,30.460649399004797,2010
2010-11-14,31.284787359178175,2010
2010-11-15,30.30388663468347,2010
2010-11-16,30.632937239925024,2010
2010-11-17,30.73554443404464,2010
2010-11-18,29.654031592341337,2010
2010-11-19,29.928574189619617,2010
2010-11-20,30.12161064169,2010
2010-11-21,30.2043204031991,2010
2010-11-22,30.498303795288816,2010
2010-11-23,31.081794708182244,2010
2010-11-24,30.99432511041696,2010
2010-11-25,30.57644078403102,2010
2010-11-26,30.233603534729916,2010
2010-11-27,31.044311706912033,2010
2010-11-28,30.76259232748709,2010
2010-11-29,30.549391016562062,2010
2010-11-30,31.668345869451564,2010
2010-12-01,31.003894571289617,2010
2010-12-02,29.670276993303,2010
2010-12-03,28.9261953234924,2010
2010-12-04,29.496384007494807,2010
2010-12-05,30.493310004989624,2010
2010-12-06,29.959474870926908,2010
2010-12-07,29.890914063810715,2010
2010-12-08,31.04868268549857,2010
2010-12-09,30.635875299120226,2010
2010-12-10,29.76501774849127,2010
2010-12-11,28.58925429038331,2010
2010-12-12,27.695157747531546,2010
2010-12-13,28.13509558433991,2010
2010-12-14,27.480547827396705,2010
2010-12-15,28.130256221888605,2010
2010-12-16,30.817152806562902,2010
2010-12-17,31.36520947038344,2010
2010-12-18,27.997047753703047,2010
2010-12-19,28.235385234086607,2010
2010-12-20,29.005490167505723,2010
2010-12-21,29.50780023772664,2010
2010-12-22,29.72692823216419,2010
2010-12-23,29.893296777874482,2010
2010-12-24,30.09714491401974,2010
2010-12-25,30.65360197599133,2010
2010-12-26,30.381220751923237,2010
2010-12-27,30.29675751350605,2010
2010-12-28,29.73453934681736,2010
2010-12-29,30.76995102732789,2010
2010-12-30,31.02581003456997,2010
2010-12-31,30.85528991063657,2010
2011-01-01,31.889479756580137,2011
2011-01-02,30.84361069175758,2011
2011-01-03,31.432523521218783,2011
2011-01-04,31.06469892266383,2011
2011-01-05,31.280675701220588,2011
2011-01-06,32.028529497340216,2011
2011-01-07,30.976499251426763,2011
2011-01-08,31.009342957745847,2011
2011-01-09,30.157079135524977,2011
2011-01-10,28.91895167109833,2011
2011-01-11,30.086299208377525,2011
2011-01-12,31.073226311125644,2011
2011-01-13,31.706178673138012,2011
2011-01-14,31.313207422204187,2011
2011-01-15,30.85260236946101,2011
2011-01-16,31.312540920779952,2011
2011-01-17,30.601271131145417,2011
2011-01-18,30.296862771368037,2011
2011-01-19,31.366976001603497,2011
2011-01-20,31.075119045843817,2011
2011-01-21,31.235752868815005,2011
2011-01-22,31.58911873815203,2011
2011-01-23,30.323839366076612,2011
2011-01-24,31.216968720538514,2011
2011-01-25,31.9529600362313,2011
2011-01-26,30.31325674057099,2011
2011-01-27,30.65696542260108,2011
2011-01-28,30.991939509387716,2011
2011-01-29,30.751112454703676,2011
2011-01-30,31.53794267407221,2011
2011-01-31,30.66286676640228,2011
2011-02-01,31.41286662984793,2011
2011-02-02,31.962902230759433,2011
2011-02-03,31.753054410651167,2011
2011-02-04,31.415524485831792,2011
2011-02-05,31.957738201364958,2011
2011-02-06,32.70924338164343,2011
2011-02-07,33.479595872877624,2011
2011-02-08,32.6132277558349,2011
2011-02-09,32.07599930035428,2011
2011-02-10,32.39776110380091,2011
2011-02-11,32.03126672649823,2011
2011-02-12,32.30727313904669,2011
2011-02-13,31.58731813581048,2011
2011-02-14,31.51747966520195,2011
2011-02-15,31.368259966559684,2011
2011-02-16,30.05079727274619,2011
2011-02-17,30.63222112979705,2011
2011-02-18,30.396934386346807,2011
2011-02-19,30.343212308086255,2011
2011-02-20,31.200587460672637,2011
2011-02-21,31.907561683877738,2011
2011-02-22,31.60735656123212,2011
2011-02-23,32.7926828248944,2011
2011-02-24,32.778075515708075,2011
2011-02-25,34.11786668240893,2011
2011-02-26,33.04485192303372,2011
2011-02-27,32.795751737453394,2011
2011-02-28,33.18138609183034,2011
2011-03-01,33.90841936521762,2011
2011-03-02,33.04611810370913,2011
2011-03-03,33.22406244300756,2011
2011-03-04,32.8625785709183,2011
2011-03-05,32.296775450243466,2011
2011-03-06,32.92216517839424,2011
2011-03-07,32.91302587172102,2011
2011-03-08,32.82424094064663,2011
2011-03-09,32.859973741051796,2011
2011-03-10,33.58929391801359,2011
2011-03-11,32.392568885046984,2011
2011-03-12,33.69272539269603,2011
2011-03-13,33.601093435894526,2011
2011-03-14,32.98664415559541,2011
2011-03-15,32.52399934181881,2011
2011-03-16,34.45349236012112,2011
2011-03-17,34.05286949837214,2011
2011-03-18,33.28111964405033,2011
2011-03-19,32.96670213817017,2011
2011-03-20,32.89365710357478,2011
2011-03-21,33.869193676476065,2011
2011-03-22,33.47991077659466,2011
2011-03-23,33.057390071480405,2011
2011-03-24,33.32523635551869,2011
2011-03-25,33.10279446120869,2011
2011-03-26,33.615573336074945,2011
2011-03-27,33.828094259826216,2011
2011-03-28,32.88514879523686,2011
2011-03-29,32.090313630280185,2011
2011-03-30,32.37535858326969,2011
2011-03-31,33.51030357619576,2011
2011-04-01,33.73890547929077,2011
2011-04-02,35.15855397977967,2011
2011-04-03,34.49374176435447,2011
2011-04-04,34.728606460776255,2011
2011-04-05,33.57502856138205,2011
2011-04-06,34.976495213221746,2011
2011-04-07,34.82894959092453,2011
2011-04-08,34.60562463831622,2011
2011-04-09,32.664422511732454,2011
2011-04-10,33.83129066835107,2011
2011-04-11,34.33881895912602,2011
2011-04-12,33.57054605454314,2011
2011-04-13,33.25101467918597,2011
2011-04-14,32.29598524293174,2011
2011-04-15,32.38082309884865,2011
2011-04-16,31.988985972570347,2011
2011-04-17,32.42131696281299,2011
2011-04-18,32.93622431811349,2011
2011-04-19,32.78599749326595,2011
2011-04-20,32.93730714727687,2011
2011-04-21,33.19272935312479,2011
2011-04-22,33.23836676875103,2011
2011-04-23,33.06488905562949,2011
2011-04-24,33.31927140368621,2011
2011-04-25,34.21966235887071,2011
2011-04-26,33.05325080183257,2011
2011-04-27,32.738521878779515,2011
2011-04-28,32.92501261707119,2011
2011-04-29,32.96420882903703,2011
2011-04-30,32.98014808808925,2011
2011-05-01,32.35877775956143,2011
2011-05-02,33.21449645086192,2011
2011-05-03,32.246996626152225,2011
2011-05-04,32.809468745758636,2011
2011-05-05,31.991813925119256,2011
2011-05-06,32.36818393956263,2011
2011-05-07,32.34923790551614,2011
2011-05-08,31.838676973374803,2011
2011-05-09,31.439249573162,2011
2011-05-10,31.90795537032234,2011
2011-05-11,30.938506082552728,2011
2011-05-12,31.559510788689934,2011
2011-05-13,31.240754692123794,2011
2011-05-14,31.783816496144752,2011
2011-05-15,31.7539009850662,2011
2011-05-16,31.941362167070455,2011
2011-05-17,31.684131116290274,2011
2011-05-18,31.57301211693926,2011
2011-05-19,32.307923179773695,2011
2011-05-20,32.731359888792895,2011
2011-05-21,32.30123266292814,2011
2011-05-22,31.726755498081275,2011
2011-05-23,31.27835372971166,2011
2011-05-24,31.400091257785135,2011
2011-05-25,32.24590231262234,2011
2011-05-26,31.58698447393835,2011
2011-05-27,31.797972410691628,2011
2011-05-28,31.619577240787542,2011
2011-05-29,31.659523876806063,2011
2011-05-30,31.511006518652025,2011
2011-05-31,30.919248122453105,2011
2011-06-01,31.02669848851894,2011
2011-06-02,31.162404923152835,2011
2011-06-03,31.373301809721376,2011
2011-06-04,30.974278258068516,2011
2011-06-05,30.906302167033303,2011
2011-06-06,30.054160332853755,2011
2011-06-07,30.786553299838374,2011
2011-06-08,29.936777134337145,2011
2011-06-09,29.40994301596639,2011
2011-06-10,29.9883461266617,2011
2011-06-11,29.400727525345097,2011
2011-06-12,30.10982680009351,2011
2011-06-13,30.00244399373723,2011
2011-06-14,29.04873334578532,2011
2011-06-15,30.389744515131913,2011
2011-06-16,30.398883828809154,2011
2011-06-17,30.42185568469678,2011
2011-06-18,30.653860354848288,2011
2011-06-19,29.93383944403663,2011
2011-06-20,29.914021752396476,2011
2011-06-21,29.249247942754607,2011
2011-06-22,29.275066368342248,2011
2011-06-23,29.212617728960073,2011
2011-06-24,29.574782712720882,2011
2011-06-25,30.60823913575453,2011
2011-06-26,30.584337900947403,2011
2011-06-27,30.11411015349143,2011
2011-06-28,30.10637039408843,2011
2011-06-29,30.34767395231249,2011
2011-06-30,30.342123009758005,2011
2011-07-01,30.271470195347018,2011
2011-07-02,30.088032067323184,2011
2011-07-03,30.321277216366376,2011
2011-07-04,30.753246979339544,2011
2011-07-05,30.742458775245133,2011
2011-07-06,30.268165214762075,2011
2011-07-07,29.386420798543533,2011
2011-07-08,30.11793694285895,2011
2011-07-09,30.288956213025507,2011
2011-07-10,30.3922552463391,2011
2011-07-11,30.032004295797858,2011
2011-07-12,30.040857504648038,2011
2011-07-13,29.859839358105035,2011
2011-07-14,29.90636296517009,2011
2011-07-15,30.477178261648252,2011
2011-07-16,30.39431451315911,2011
2011-07-17,30.631193202512744,2011
2011-07-18,29.787010135688323,2011
2011-07-19,29.464693473545438,2011
2011-07-20,30.0045344098788,2011
2011-07-21,29.71647363798592,2011
2011-07-22,29.394217068985835,2011
2011-07-23,29.823646879875778,2011
2011-07-24,30.013113007322737,2011
2011-07-25,30.131813947752168,2011
2011-07-26,29.947195221420515,2011
2011-07-27,29.594362835738014,2011
2011-07-28,30.30334240799374,2011
2011-07-29,29.54198346466193,2011
2011-07-30,29.007729087069308,2011
2011-07-31,30.411797320881956,2011
2011-08-01,29.921458366525442,2011
2011-08-02,30.187927590467822,2011
2011-08-03,29.964901953104814,2011
2011-08-04,30.788724620434785,2011
2011-08-05,30.77882692197587,2011
2011-08-06,30.775794679226138,2011
2011-08-07,30.715893734904725,2011
2011-08-08,30.583538739457694,2011
2011-08-09,30.42308976710992,2011
2011-08-10,31.310562235553242,2011
2011-08-11,30.476662498122238,2011
2011-08-12,30.31934081246229,2011
2011-08-13,29.797645799972933,2011
2011-08-14,29.660497596569222,2011
2011-08-15,29.770987101942872,2011
2011-08-16,30.485832152847728,2011
2011-08-17,30.474166868549823,2011
2011-08-18,29.967763037548522,2011
2011-08-19,29.790868112543222,2011
2011-08-20,29.437493727857795,2011
2011-08-21,29.67914231157386,2011
2011-08-22,29.481977568798822,2011
2011-08-23,28.898052731202082,2011
2011-08-24,30.462481523300987,2011
2011-08-25,30.1885627931338,2011
2011-08-26,29.85692963845721,2011
2011-08-27,29.81071180636429,2011
2011-08-28,30.231981551538944,2011
2011-08-29,30.124934422053954,2011
2011-08-30,29.98603036378435,2011
2011-08-31,29.769726933935793,2011
2011-09-01,30.075256722319775,2011
2011-09-02,29.316493532225195,2011
2011-09-03,30.27446740073625,2011
2011-09-04,30.263887257501676,2011
2011-09-05,29.857044126909223,2011
2011-09-06,29.883909642902303,2011
2011-09-07,29.10748898155553,2011
2011-09-08,29.838986928960345,2011
2011-09-09,30.341543096636613,2011
2011-09-10,30.771290266239774,2011
2011-09-11,31.409091180528215,2011
2011-09-12,31.262844732473138,2011
2011-09-13,30.637530807277308,2011
2011-09-14,30.327733460020248,2011
2011-09-15,30.071160784208196,2011
2011-09-16,29.61457306590772,2011
2011-09-17,30.117251154213598,2011
2011-09-18,30.416917750538467,2011
2011-09-19,30.852876702124416,2011
2011-09-20,30.756932091383554,2011
2011-09-21,30.867378901020516,2011
2011-09-22,31.044726838392315,2011
2011-09-23,31.018775100018967,2011
2011-09-24,30.603676585917142,2011
2011-09-25,30.67488724593793,2011
2011-09-26,30.77411271158978,2011
2011-09-27,31.4709224827429,2011
2011-09-28,30.879611130754306,2011
2011-09-29,30.53702085624765,2011
2011-09-30,30.455332902540324,2011
2011-10-01,31.121483358332323,2011
2011-10-02,31.45159667482651,2011
2011-10-03,31.22685739749365,2011
2011-10-04,30.482138638892923,2011
2011-10-05,30.071759289795974,2011
2011-10-06,31.6442652640355,2011
2011-10-07,31.25627183497479,2011
2011-10-08,31.541247039244645,2011
2011-10-09,31.53228475134333,2011
2011-10-10,31.156681373384455,2011
2011-10-11,31.240689507814004,2011
2011-10-12,31.569325549655083,2011
2011-10-13,33.20553198126357,2011
2011-10-14,32.21705576912913,2011
2011-10-15,31.58159756782257,2011
2011-10-16,32.609616496795944,2011
2011-10-17,32.223083996238806,2011
2011-10-18,32.55717495804757,2011
2011-10-19,34.165308354936194,2011
2011-10-20,32.83589877422559,2011
2011-10-21,32.46300012361682,2011
2011-10-22,32.29965642830953,2011
2011-10-23,32.92359946307449,2011
2011-10-24,33.14424315548007,2011
2011-10-25,32.91520314624209,2011
2011-10-26,32.16234718998877,2011
2011-10-27,33.555242037813215,2011
2011-10-28,33.11021432781393,2011
2011-10-29,33.27563365450294,2011
2011-10-30,33.01209576624248,2011
2011-10-31,31.776837003536727,2011
2011-11-01,32.525544455007676,2011
2011-11-02,33.01514428806258,2011
2011-11-03,30.67841141100411,2011
2011-11-04,31.410465363181512,2011
2011-11-05,31.1519501882492,2011
2011-11-06,31.50499786789692,2011
2011-11-07,32.13077319286195,2011
2011-11-08,32.39955254112989,2011
2011-11-09,32.77512868619844,2011
2011-11-10,32.19947119529382,2011
2011-11-11,30.679136298174775,2011
2011-11-12,31.121789484561454,2011
2011-11-13,30.812277053941692,2011
2011-11-14,31.2229449623227,2011
2011-11-15,30.83157098954649,2011
2011-11-16,31.684936756288245,2011
2011-11-17,32.218335474238955,2011
2011-11-18,30.74408781449256,2011
2011-11-19,30.41038265953293,2011
2011-11-20,30.315639918172447,2011
2011-11-21,29.69541364483087,2011
2011-11-22,29.802481205737394,2011
2011-11-23,29.60165494107495,2011
2011-11-24,29.56583261376565,2011
2011-11-25,29.93126387580653,2011
2011-11-26,29.55711499915496,2011
2011-11-27,29.491299413733437,2011
2011-11-28,29.6819044332027,2011
2011-11-29,29.824048084401916,2011
2011-11-30,29.40552040999177,2011
2011-12-01,29.51081737684338,2011
2011-12-02,28.927014954033428,2011
2011-12-03,29.448211114490743,2011
2011-12-04,31.656392237014092,2011
2011-12-05,32.06660197527545,2011
2011-12-06,32.300424275360356,2011
2011-12-07,32.524283965828545,2011
2011-12-08,32.28679454284564,2011
2011-12-09,32.253358654053514,2011
2011-12-10,31.4325051423717,2011
2011-12-11,30.049091679986006,2011
2011-12-12,30.29736955062906,2011
2011-12-13,31.204272281416117,2011
2011-12-14,32.303473078239016,2011
2011-12-15,29.720602222081816,2011
2011-12-16,30.30469813549048,2011
2011-12-17,31.738329179453743,2011
2011-12-18,31.588491862076225,2011
2011-12-19,31.546755635350046,2011
2011-12-20,30.310485464622523,2011
2011-12-21,30.621470017651,2011
2011-12-22,30.347725944857405,2011
2011-12-23,30.203356291513963,2011
2011-12-24,29.124380372395557,2011
2011-12-25,31.367487602145886,2011
2011-12-26,29.712747477227857,2011
2011-12-27,31.133695784184734,2011
2011-12-28,31.875803301338184,2011
2011-12-29,32.00921900791372,2011
2011-12-30,30.81078212684718,2011
2011-12-31,29.8925850306521,2011
2012-01-01,29.323393152543176,2012
2012-01-02,29.90165020891272,2012
2012-01-03,30.382253763612706,2012
2012-01-04,30.596579553047142,2012
2012-01-05,31.405441157854963,2012
2012-01-06,31.114719429927256,2012
2012-01-07,32.157648674077635,2012
2012-01-08,31.230268050521506,2012
2012-01-09,30.95681037784338,2012
2012-01-10,31.908112297406642,2012
2012-01-11,33.11334599454338,2012
2012-01-12,32.773915597915476,2012
2012-01-13,31.336607322278212,2012
2012-01-14,30.135718515873688,2012
2012-01-15,29.19562289964025,2012
2012-01-16,29.713641628141595,2012
2012-01-17,30.64095950882697,2012
2012-01-18,31.1678952443771,2012
2012-01-19,30.596609347285494,2012
2012-01-20,31.25115458342059,2012
2012-01-21,30.72314830511865,2012
2012-01-22,30.84034210180774,2012
2012-01-23,31.379095376834808,2012
2012-01-24,31.471805361945837,2012
2012-01-25,30.57252739389976,2012
2012-01-26,32.089492286665944,2012
2012-01-27,31.767998834030777,2012
2012-01-28,32.27999238519406,2012
2012-01-29,31.97486936923454,2012
2012-01-30,31.349570115881132,2012
2012-01-31,30.162976067702555,2012
2012-02-01,30.051675191013633,2012
2012-02-02,30.349964548903184,2012
2012-02-03,31.028317518623414,2012
2012-02-04,32.78013424539156,2012
2012-02-05,33.15963240517564,2012
2012-02-06,32.444843090078294,2012
2012-02-07,32.348865686408296,2012
2012-02-08,32.817381961029405,2012
2012-02-09,33.07787158728138,2012
2012-02-10,33.94814035829396,2012
2012-02-11,33.94338822373659,2012
2012-02-12,33.21284247499632,2012
2012-02-13,32.7704211568784,2012
2012-02-14,32.60939051399695,2012
2012-02-15,33.38076158347509,2012
2012-02-16,33.280767265043735,2012
2012-02-17,33.48216993188301,2012
2012-02-18,33.83254322580227,2012
2012-02-19,33.02753307387011,2012
2012-02-20,32.26190243513732,2012
2012-02-21,32.6413545803314,2012
2012-02-22,32.97540082337504,2012
2012-02-23,33.09477089344835,2012
2012-02-24,33.45967385405023,2012
2012-02-25,33.27437603839755,2012
2012-02-26,32.376067701615916,2012
2012-02-27,33.371749429972525,2012
2012-02-28,34.26845580692934,2012
2012-02-29,33.797706412368775,2012
2012-03-01,33.60635896583465,2012
2012-03-02,33.67537557256297,2012
2012-03-03,34.079936657611036,2012
2012-03-04,34.822460452529384,2012
2012-03-05,34.36362527908692,2012
2012-03-06,33.96408124189148,2012
2012-03-07,34.027595731357415,2012
2012-03-08,34.332067451179384,2012
2012-03-09,33.58394953766746,2012
2012-03-10,34.13119944273364,2012
2012-03-11,33.68335690698984,2012
2012-03-12,34.17106148869545,2012
2012-03-13,33.95918203134611,2012
2012-03-14,34.513624481454805,2012
2012-03-15,34.31495208808111,2012
2012-03-16,33.83255401472259,2012
2012-03-17,34.74601254486291,2012
2012-03-18,35.919860158808675,2012
2012-03-19,36.73345183065403,2012
2012-03-20,34.46620427848738,2012
2012-03-21,34.927265744916475,2012
2012-03-22,34.70330198901943,2012
2012-03-23,34.52773665524281,2012
2012-03-24,34.31190124983498,2012
2012-03-25,34.02254619933507,2012
2012-03-26,34.802896155622726,2012
2012-03-27,33.63549569357836,2012
2012-03-28,34.08421463934187,2012
2012-03-29,32.60499110568693,2012
2012-03-30,32.83489137864505,2012
2012-03-31,33.71174133288769,2012
2012-04-01,34.68184184428761,2012
2012-04-02,35.14419381962457,2012
2012-04-03,33.78184915392862,2012
2012-04-04,34.280900739723805,2012
2012-04-05,33.88935400864863,2012
2012-04-06,33.503226300135566,2012
2012-04-07,33.67349574983758,2012
2012-04-08,34.860939584826184,2012
2012-04-09,34.08487658037559,2012
2012-04-10,34.38002784850509,2012
2012-04-11,33.18726859421945,2012
2012-04-12,33.51078901621555,2012
2012-04-13,33.329543089082286,2012
2012-04-14,33.088383596455884,2012
2012-04-15,33.559811030120365,2012
2012-04-16,35.13661185430525,2012
2012-04-17,35.20437892595766,2012
2012-04-18,33.563960147967535,2012
2012-04-19,34.13936297053434,2012
2012-04-20,33.00581675810414,2012
2012-04-21,33.84527894733353,2012
2012-04-22,33.3505711388282,2012
2012-04-23,32.57027434484183,2012
2012-04-24,33.112974295383026,2012
2012-04-25,33.76476640354194,2012
2012-04-26,34.082084457467964,2012
2012-04-27,33.58336558658437,2012
2012-04-28,33.13967715132115,2012
2012-04-29,33.87575364531577,2012
2012-04-30,33.15735556168498,2012
2012-05-01,33.061276008084,2012
2012-05-02,32.541705981785,2012
2012-05-03,32.624708873530274,2012
2012-05-04,33.13560996565931,2012
2012-05-05,32.98901728658934,2012
2012-05-06,32.683045247992865,2012
2012-05-07,32.93165782555945,2012
2012-05-08,33.08168505260936,2012
2012-05-09,33.488276379129886,2012
2012-05-10,33.06998989536476,2012
2012-05-11,32.90973365697009,2012
2012-05-12,33.586209542084916,2012
2012-05-13,33.25586796898698,2012
2012-05-14,32.785060139330625,2012
2012-05-15,32.629539842190304,2012
2012-05-16,33.01370054473655,2012
2012-05-17,33.16140924482913,2012
2012-05-18,33.32099443219517,2012
2012-05-19,33.040378573285174,2012
2012-05-20,32.99372177797309,2012
2012-05-21,33.3893817291759,2012
2012-05-22,32.992601040049216,2012
2012-05-23,31.973427020271927,2012
2012-05-24,32.5317435429922,2012
2012-05-25,32.411670416654246,2012
2012-05-26,32.133435402913534,2012
2012-05-27,32.903915998514435,2012
2012-05-28,32.25497385094788,2012
2012-05-29,33.05251512816166,2012
2012-05-30,33.197845808467115,2012
2012-05-31,32.040425639565356,2012
2012-06-01,31.11905245911774,2012
2012-06-02,32.23064359151769,2012
2012-06-03,30.836075051219424,2012
2012-06-04,31.376702972512515,2012
2012-06-05,30.61485181159065,2012
2012-06-06,30.77555798541532,2012
2012-06-07,31.832001234806075,2012
2012-06-08,32.37117304321863,2012
2012-06-09,32.24148300938697,2012
2012-06-10,29.43101156791829,2012
2012-06-11,29.900085784664956,2012
2012-06-12,30.686288685075993,2012
2012-06-13,31.69139817156411,2012
2012-06-14,31.272728899795645,2012
2012-06-15,31.714689441215917,2012
2012-06-16,31.82360150069383,2012
2012-06-17,30.723770165582025,2012
2012-06-18,29.735745378561553,2012
2012-06-19,30.164328301255054,2012
2012-06-20,29.393851722818717,2012
2012-06-21,30.336464914497945,2012
2012-06-22,31.486206419341208,2012
2012-06-23,30.84694352840735,2012
2012-06-24,30.114819651581527,2012
2012-06-25,30.277072814342176,2012
2012-06-26,31.634121656555052,2012
2012-06-27,30.506497858346947,2012
2012-06-28,30.79212079843016,2012
2012-06-29,30.99656914458658,2012
2012-06-30,30.03996991634628,2012
2012-07-01,30.66639090340263,2012
2012-07-02,30.97139376212811,2012
2012-07-03,30.4749607156979,2012
2012-07-04,30.081866333333302,2012
2012-07-05,30.099998314863605,2012
2012-07-06,29.285378725681248,2012
2012-07-07,29.11178505190901,2012
2012-07-08,29.53189490777974,2012
2012-07-09,29.30823697632269,2012
2012-07-10,29.454792726614194,2012
2012-07-11,28.711242013536523,2012
2012-07-12,28.318594217773157,2012
2012-07-13,28.35585546420766,2012
2012-07-14,28.491412119494946,2012
2012-07-15,29.581218420256857,2012
2012-07-16,29.67337305290347,2012
2012-07-17,30.633363278516057,2012
2012-07-18,30.437694342806697,2012
2012-07-19,30.28016678554002,2012
2012-07-20,29.65600966436892,2012
2012-07-21,30.210199691687937,2012
2012-07-22,30.447577361289923,2012
2012-07-23,29.859484588839244,2012
2012-07-24,30.56947295151307,2012
2012-07-25,29.779159706177097,2012
2012-07-26,29.864794010751684,2012
2012-07-27,30.331351486939674,2012
2012-07-28,30.213751127159668,2012
2012-07-29,29.049672353437153,2012
2012-07-30,28.50117864234911,2012
2012-07-31,28.120757704946115,2012
2012-08-01,29.43482464227754,2012
2012-08-02,29.993252221115114,2012
2012-08-03,29.942951595193524,2012
2012-08-04,28.573749610299068,2012
2012-08-05,28.65199085679575,2012
2012-08-06,29.968410014546492,2012
2012-08-07,30.374262964347235,2012
2012-08-08,30.2096422950061,2012
2012-08-09,30.42915423409724,2012
2012-08-10,29.79325743795432,2012
2012-08-11,29.870815288574782,2012
2012-08-12,29.428190135282343,2012
2012-08-13,29.780201383811548,2012
2012-08-14,29.017296142536836,2012
2012-08-15,29.402917992453403,2012
2012-08-16,29.594106474798338,2012
2012-08-17,29.642027363847667,2012
2012-08-18,29.640351385705415,2012
2012-08-19,29.781929904658156,2012
2012-08-20,29.27563145979229,2012
2012-08-21,28.792710215154592,2012
2012-08-22,29.188970800009002,2012
2012-08-23,29.295517542171503,2012
2012-08-24,29.801089042103648,2012
2012-08-25,29.582274594775072,2012
2012-08-26,29.56949178480392,2012
2012-08-27,29.699241601915592,2012
2012-08-28,29.905926698925313,2012
2012-08-29,29.94845225879293,2012
2012-08-30,28.532700842141942,2012
2012-08-31,29.73465906858803,2012
2012-09-01,29.744894576842746,2012
2012-09-02,30.2337806484698,2012
2012-09-03,30.603173649843768,2012
2012-09-04,29.587472727387947,2012
2012-09-05,29.763199218904063,2012
2012-09-06,30.116588324161498,2012
2012-09-07,29.73375323710809,2012
2012-09-08,30.25443971031478,2012
2012-09-09,29.54795969853999,2012
2012-09-10,30.017508437075563,2012
2012-09-11,30.130015408466562,2012
2012-09-12,30.107087262936233,2012
2012-09-13,29.59730629553466,2012
2012-09-14,29.281134823300498,2012
2012-09-15,29.749078020950165,2012
2012-09-16,29.803690549055236,2012
2012-09-17,30.240250281173072,2012
2012-09-18,29.39511563202631,2012
2012-09-19,29.878903317682585,2012
2012-09-20,29.475891008982202,2012
2012-09-21,29.385176965594628,2012
2012-09-22,29.13752237593484,2012
2012-09-23,28.67895042470978,2012
2012-09-24,30.169514795553,2012
2012-09-25,30.940208955680287,2012
2012-09-26,30.636089324034565,2012
2012-09-27,29.984799129606365,2012
2012-09-28,29.74751135808613,2012
2012-09-29,29.701183370851396,2012
2012-09-30,29.205284869536545,2012
2012-10-01,30.045476818563035,2012
2012-10-02,30.617218641152398,2012
2012-10-03,30.47766705616079,2012
2012-10-04,29.77389286506636,2012
2012-10-05,29.95211925278445,2012
2012-10-06,29.73829162773641,2012
2012-10-07,29.925545938667717,2012
2012-10-08,29.76759476257015,2012
2012-10-09,29.52003352202366,2012
2012-10-10,29.58063957746857,2012
2012-10-11,29.410346291299426,2012
2012-10-12,30.397684280696613,2012
2012-10-13,29.55103266841563,2012
2012-10-14,29.084610815820966,2012
2012-10-15,29.186922249900157,2012
2012-10-16,29.43639342084233,2012
2012-10-17,30.02184127131549,2012
2012-10-18,30.527850161054396,2012
2012-10-19,29.91583807895927,2012
2012-10-20,29.195020045078216,2012
2012-10-21,29.391691523215282,2012
2012-10-22,29.75896925786106,2012
2012-10-23,29.03658814437282,2012
2012-10-24,29.120742207051777,2012
2012-10-25,28.393753356162424,2012
2012-10-26,28.51790988526396,2012
2012-10-27,29.407692583603822,2012
2012-10-28,30.11339670016219,2012
2012-10-29,31.44863100602403,2012
2012-10-30,32.33088253903268,2012
2012-10-31,31.864842334691698,2012
2012-11-01,30.180834145928557,2012
2012-11-02,30.197944068800034,2012
2012-11-03,31.181438680667352,2012
2012-11-04,30.62406084014281,2012
2012-11-05,30.67991767613153,2012
2012-11-06,32.27049257203674,2012
2012-11-07,31.74614999265941,2012
2012-11-08,30.995619755133628,2012
2012-11-09,31.394712879034838,2012
2012-11-10,31.27753600966895,2012
2012-11-11,31.152470606371622,2012
2012-11-12,30.590293494437006,2012
2012-11-13,30.996021413557745,2012
2012-11-14,30.75248090745289,2012
2012-11-15,31.040069201187784,2012
2012-11-16,31.66344634629683,2012
2012-11-17,31.72741217760813,2012
2012-11-18,31.55022736466113,2012
2012-11-19,32.16923312644736,2012
2012-11-20,31.790321412652112,2012
2012-11-21,31.28906463763935,2012
2012-11-22,30.47868479807798,2012
2012-11-23,30.602097457011908,2012
2012-11-24,30.20095639370157,2012
2012-11-25,30.118602449738017,2012
2012-11-26,29.842211132876717,2012
2012-11-27,29.724922568034145,2012
2012-11-28,30.969592681014642,2012
2012-11-29,29.693019272720864,2012
2012-11-30,31.107194093682295,2012
2012-12-01,32.262929664055825,2012
2012-12-02,30.512367745595267,2012
2012-12-03,29.94973798838025,2012
2012-12-04,30.336021276364793,2012
2012-12-05,29.869353871208233,2012
2012-12-06,30.517325281593873,2012
2012-12-07,31.00313867882007,2012
2012-12-08,30.362150291506907,2012
2012-12-09,30.063228466548352,2012
2012-12-10,30.107014908221174,2012
2012-12-11,29.61418182649617,2012
2012-12-12,30.4424470174959,2012
2012-12-13,30.890556832224668,2012
2012-12-14,30.873092060442616,2012
2012-12-15,30.40654944496261,2012
2012-12-16,30.995040061341395,2012
2012-12-17,31.709675701111816,2012
2012-12-18,30.981530710225897,2012
2012-12-19,30.28387111031649,2012
2012-12-20,30.323156128907893,2012
2012-12-21,29.770739381332163,2012
2012-12-22,28.217069250366144,2012
2012-12-23,28.25192712878363,2012
2012-12-24,29.94021572358854,2012
2012-12-25,29.693463876394947,2012
2012-12-26,29.772653428247573,2012
2012-12-27,30.448561278590613,2012
2012-12-28,30.948292878060357,2012
2012-12-29,30.18861524305892,2012
2012-12-30,30.153536428243903,2012
2012-12-31,29.43470973631091,2012
2013-01-01,29.246982906869988,2013
2013-01-02,29.61168263162564,2013
2013-01-03,29.514608719721313,2013
2013-01-04,29.76219661974413,2013
2013-01-05,30.0492503299492,2013
2013-01-06,29.5508412923799,2013
2013-01-07,30.64598388904998,2013
2013-01-08,30.736030191328084,2013
2013-01-09,30.881675491996408,2013
2013-01-10,31.514449104429232,2013
2013-01-11,31.41869785959299,2013
2013-01-12,30.896847771586756,2013
2013-01-13,30.4988649105808,2013
2013-01-14,30.24665026739101,2013
2013-01-15,31.227285744335852,2013
2013-01-16,31.036227346508298,2013
2013-01-17,30.29712839430349,2013
2013-01-18,31.880421826543884,2013
2013-01-19,32.15489208080368,2013
2013-01-20,30.676173641960315,2013
2013-01-21,30.652218440607562,2013
2013-01-22,31.438202292914166,2013
2013-01-23,32.152705356793724,2013
2013-01-24,30.013500690179942,2013
2013-01-25,31.001117115724693,2013
2013-01-26,31.847347871753232,2013
2013-01-27,31.399314086409696,2013
2013-01-28,30.73734887526717,2013
2013-01-29,31.433645138398965,2013
2013-01-30,31.151592406323196,2013
2013-01-31,31.860693955901326,2013
2013-02-01,31.84593915163292,2013
2013-02-02,30.786981635789328,2013
2013-02-03,30.896728993025796,2013
2013-02-04,32.09900662721911,2013
2013-02-05,32.68546362704352,2013
2013-02-06,33.411667348197035,2013
2013-02-07,33.23336742145206,2013
2013-02-08,32.86111713541579,2013
2013-02-09,32.8901469166734,2013
2013-02-10,33.400277659859086,2013
2013-02-11,33.50587023205598,2013
2013-02-12,33.40298668952286,2013
2013-02-13,32.49840004312123,2013
2013-02-14,32.50925357960489,2013
2013-02-15,32.59582644208525,2013
2013-02-16,31.662724937142258,2013
2013-02-17,31.755955461360017,2013
2013-02-18,30.94250385530203,2013
2013-02-19,30.966337419968607,2013
2013-02-20,32.6813190866796,2013
2013-02-21,32.341203324635515,2013
2013-02-22,33.06573940023651,2013
2013-02-23,32.62311622110003,2013
2013-02-24,33.85422431073215,2013
2013-02-25,33.515791869965476,2013
2013-02-26,32.817900139714475,2013
2013-02-27,33.85259088624268,2013
2013-02-28,33.411717181492016,2013
2013-03-01,31.938601105551456,2013
2013-03-02,31.47289152461927,2013
2013-03-03,32.11670462763049,2013
2013-03-04,31.007774879698033,2013
2013-03-05,32.1026252783089,2013
2013-03-06,31.691941832631453,2013
2013-03-07,32.55422705558235,2013
2013-03-08,32.60754354879757,2013
2013-03-09,33.887689102500346,2013
2013-03-10,31.931116785192355,2013
2013-03-11,33.21534899601812,2013
2013-03-12,33.66989191416725,2013
2013-03-13,34.58673063236411,2013
2013-03-14,34.07562195204592,2013
2013-03-15,34.83161793523547,2013
2013-03-16,34.40451792166526,2013
2013-03-17,33.50020649613211,2013
2013-03-18,33.66264097886314,2013
2013-03-19,34.46748046964306,2013
2013-03-20,33.6084279972722,2013
2013-03-21,34.3815540268211,2013
2013-03-22,33.36893464133725,2013
2013-03-23,34.467684477367996,2013
2013-03-24,34.82175883465211,2013
2013-03-25,34.74625366774168,2013
2013-03-26,33.821826362433406,2013
2013-03-27,33.72088013629051,2013
2013-03-28,33.37915216492992,2013
2013-03-29,32.96986909598921,2013
2013-03-30,32.241312245134004,2013
2013-03-31,32.033362328355715,2013
2013-04-01,31.75661493547681,2013
2013-04-02,32.20105187930798,2013
2013-04-03,31.995790894578654,2013
2013-04-04,32.529000134521084,2013
2013-04-05,32.88606779308611,2013
2013-04-06,33.001623984293495,2013
2013-04-07,32.8664194588282,2013
2013-04-08,33.58596674011973,2013
2013-04-09,32.98283873224113,2013
2013-04-10,32.376608552190156,2013
2013-04-11,32.38826710026361,2013
2013-04-12,32.586895733763576,2013
2013-04-13,31.945101797444515,2013
2013-04-14,32.44135154405135,2013
2013-04-15,32.995483739954004,2013
2013-04-16,33.27889821475729,2013
2013-04-17,33.690637336952065,2013
2013-04-18,33.17796175372127,2013
2013-04-19,32.01220222743816,2013
2013-04-20,32.14026821144605,2013
2013-04-21,31.909105444699332,2013
2013-04-22,31.890154243041692,2013
2013-04-23,31.698712023862523,2013
2013-04-24,31.900888945239288,2013
2013-04-25,32.13020476915796,2013
2013-04-26,31.92153323272603,2013
2013-04-27,32.44740164267045,2013
2013-04-28,32.37035059164269,2013
2013-04-29,32.16705465865789,2013
2013-04-30,31.68710051512448,2013
2013-05-01,30.748426028168012,2013
2013-05-02,32.077838448078175,2013
2013-05-03,31.883120241802345,2013
2013-05-04,31.629557382916268,2013
2013-05-05,31.649813289202555,2013
2013-05-06,31.245113804141383,2013
2013-05-07,31.319268823456596,2013
2013-05-08,31.9599339920252,2013
2013-05-09,31.887530381617896,2013
2013-05-10,31.98238051798745,2013
2013-05-11,31.19717949109956,2013
2013-05-12,31.55852109323451,2013
2013-05-13,31.927005191926202,2013
2013-05-14,32.310207335103314,2013
2013-05-15,31.507932740733768,2013
2013-05-16,31.857294023520268,2013
2013-05-17,31.23119919286267,2013
2013-05-18,31.10478518068126,2013
2013-05-19,31.38954255300013,2013
2013-05-20,31.731951180785135,2013
2013-05-21,31.446393758550165,2013
2013-05-22,31.504443912457,2013
2013-05-23,31.63069921503361,2013
2013-05-24,32.24220184760603,2013
2013-05-25,31.284468460714045,2013
2013-05-26,30.866374741906863,2013
2013-05-27,30.98322525100831,2013
2013-05-28,29.66381444897589,2013
2013-05-29,29.775104402990188,2013
2013-05-30,31.122525956916853,2013
2013-05-31,30.878206028106796,2013
2013-06-01,29.68452408529698,2013
2013-06-02,27.84835366439554,2013
2013-06-03,28.148156413471092,2013
2013-06-04,28.747586168785986,2013
2013-06-05,29.602040602628808,2013
2013-06-06,28.681069750420033,2013
2013-06-07,27.999935786206294,2013
2013-06-08,28.210917480986897,2013
2013-06-09,28.950273173675054,2013
2013-06-10,28.89222378448109,2013
2013-06-11,28.52644215210568,2013
2013-06-12,28.292796343654288,2013
2013-06-13,28.542387228310265,2013
2013-06-14,28.837871492201575,2013
2013-06-15,28.894161968306307,2013
2013-06-16,27.883151701188652,2013
2013-06-17,27.8799931936604,2013
2013-06-18,28.89456375021686,2013
2013-06-19,29.41806005252679,2013
2013-06-20,29.38022920306775,2013
2013-06-21,29.098928698668313,2013
2013-06-22,29.38745197390956,2013
2013-06-23,28.925078624149123,2013
2013-06-24,29.094816569668772,2013
2013-06-25,27.91837397713042,2013
2013-06-26,29.266558893296853,2013
2013-06-27,29.500937121183675,2013
2013-06-28,28.29586505680578,2013
2013-06-29,28.264043182086965,2013
2013-06-30,26.571290803841148,2013
2013-07-01,26.14211202207286,2013
2013-07-02,27.18293152710727,2013
2013-07-03,27.133371815777576,2013
2013-07-04,26.977471981593716,2013
2013-07-05,27.18601034003906,2013
2013-07-06,27.49631694003557,2013
2013-07-07,26.827201538373856,2013
2013-07-08,27.484764825237647,2013
2013-07-09,28.03691321692763,2013
2013-07-10,28.678042520803796,2013
2013-07-11,28.91681137675496,2013
2013-07-12,29.06850919081679,2013
2013-07-13,28.11389865627484,2013
2013-07-14,28.461418234698442,2013
2013-07-15,28.049422454101737,2013
2013-07-16,27.210985217497146,2013
2013-07-17,28.913548040361174,2013
2013-07-18,28.91527878120162,2013
2013-07-19,29.218706520940515,2013
2013-07-20,29.26062211786951,2013
2013-07-21,29.355048555995403,2013
2013-07-22,29.747424428379034,2013
2013-07-23,29.354983773053135,2013
2013-07-24,29.53113199371461,2013
2013-07-25,29.748583719269465,2013
2013-07-26,29.868496536996926,2013
2013-07-27,29.32106156796484,2013
2013-07-28,28.062724651325762,2013
2013-07-29,28.651699947672007,2013
2013-07-30,28.929646755167056,2013
2013-07-31,29.153317438783706,2013
2013-08-01,30.111287715960913,2013
2013-08-02,29.553771983779043,2013
2013-08-03,29.70432696692319,2013
2013-08-04,29.645004727148564,2013
2013-08-05,30.374878297706715,2013
2013-08-06,30.70160498590132,2013
2013-08-07,29.88355041422976,2013
2013-08-08,29.68865290810149,2013
2013-08-09,28.293678186802502,2013
2013-08-10,28.33003093336437,2013
2013-08-11,28.300163416734474,2013
2013-08-12,27.17317859864373,2013
2013-08-13,28.512847474797994,2013
2013-08-14,28.701081248564524,2013
2013-08-15,29.280839669838045,2013
2013-08-16,30.07527664780819,2013
2013-08-17,28.877941459504704,2013
2013-08-18,28.662601194848317,2013
2013-08-19,28.94510673480585,2013
2013-08-20,29.215828740966906,2013
2013-08-21,28.424274181171917,2013
2013-08-22,27.833153471469608,2013
2013-08-23,27.7421311169423,2013
2013-08-24,27.498696269322437,2013
2013-08-25,29.089695689909107,2013
2013-08-26,29.479401336441725,2013
2013-08-27,28.507791920117704,2013
2013-08-28,27.624278737177036,2013
2013-08-29,29.020987797167408,2013
2013-08-30,28.836677979521376,2013
2013-08-31,27.754184501802083,2013
2013-09-01,27.5980970642827,2013
2013-09-02,27.831794911857525,2013
2013-09-03,28.09689250676654,2013
2013-09-04,27.570116660656332,2013
2013-09-05,28.401033610287925,2013
2013-09-06,28.70584307894244,2013
2013-09-07,27.519666499265462,2013
2013-09-08,26.993420833894433,2013
2013-09-09,28.260952427835164,2013
2013-09-10,27.56762790162366,2013
2013-09-11,28.524988281498764,2013
2013-09-12,28.05185552421166,2013
2013-09-13,27.577721267179143,2013
2013-09-14,28.753082384482283,2013
2013-09-15,29.579812530972404,2013
2013-09-16,29.730674314992456,2013
2013-09-17,29.517603336037993,2013
2013-09-18,29.02081878526537,2013
2013-09-19,29.065024010137137,2013
2013-09-20,29.952432145360703,2013
2013-09-21,29.09538623636845,2013
2013-09-22,30.468192107641453,2013
2013-09-23,29.717592384684043,2013
2013-09-24,29.655378457390455,2013
2013-09-25,29.0234396363115,2013
2013-09-26,29.45754614917558,2013
2013-09-27,29.383316955778337,2013
2013-09-28,29.274210992330126,2013
2013-09-29,29.090292095105227,2013
2013-09-30,29.298765731903963,2013
2013-10-01,29.22184007681104,2013
2013-10-02,29.686458607393075,2013
2013-10-03,29.758687399517704,2013
2013-10-04,30.01201939464938,2013
2013-10-05,29.15642728356645,2013
2013-10-06,29.114750535910243,2013
2013-10-07,28.97054753930292,2013
2013-10-08,28.8169642992072,2013
2013-10-09,29.10606670914599,2013
2013-10-10,28.506457657679846,2013
2013-10-11,28.227008076123447,2013
2013-10-12,27.934010658783112,2013
2013-10-13,28.396291703231675,2013
2013-10-14,29.929377460632416,2013
2013-10-15,29.97045176053168,2013
2013-10-16,30.374302751880997,2013
2013-10-17,30.363210052506993,2013
2013-10-18,30.48202882195026,2013
2013-10-19,30.87033174551243,2013
2013-10-20,30.56764367048569,2013
2013-10-21,31.310028013655533,2013
2013-10-22,31.818486615204726,2013
2013-10-23,32.011423395525185,2013
2013-10-24,32.14424452447249,2013
2013-10-25,32.65886424931331,2013
2013-10-26,32.131109042267106,2013
2013-10-27,30.616191273295875,2013
2013-10-28,29.858650939754412,2013
2013-10-29,30.56871283686508,2013
2013-10-30,30.542344172701263,2013
2013-10-31,29.921076742790365,2013
2013-11-01,31.160563988255667,2013
2013-11-02,30.296380918830558,2013
2013-11-03,30.217839076363504,2013
2013-11-04,30.24068605121006,2013
2013-11-05,30.83408439114947,2013
2013-11-06,30.976324809002932,2013
2013-11-07,31.1525047331401,2013
2013-11-08,31.235996101047657,2013
2013-11-09,31.80635132804782,2013
2013-11-10,32.0237340104048,2013
2013-11-11,31.608071561057077,2013
2013-11-12,31.945488785179318,2013
2013-11-13,30.94386558236605,2013
2013-11-14,31.86235483352549,2013
2013-11-15,31.04931471909217,2013
2013-11-16,31.325137355147522,2013
2013-11-17,31.81050094836245,2013
2013-11-18,31.293830137778794,2013
2013-11-19,30.47601713279853,2013
2013-11-20,30.150227982796153,2013
2013-11-21,30.679945381329965,2013
2013-11-22,30.063059992328927,2013
2013-11-23,30.02603378429213,2013
2013-11-24,30.8325241629632,2013
2013-11-25,30.26884325286992,2013
2013-11-26,29.61245898381709,2013
2013-11-27,29.722949102984437,2013
2013-11-28,30.700693190904527,2013
2013-11-29,30.910619036547615,2013
2013-11-30,30.050557071645116,2013
2013-12-01,30.388551544027372,2013
2013-12-02,30.21619608617084,2013
2013-12-03,29.960938250391692,2013
2013-12-04,30.023503251731327,2013
2013-12-05,29.613244994034297,2013
2013-12-06,29.41900292450636,2013
2013-12-07,28.928608505492477,2013
2013-12-08,28.08000707201698,2013
2013-12-09,28.752615031174546,2013
2013-12-10,29.689597039605623,2013
2013-12-11,29.73607084247074,2013
2013-12-12,29.851127296708064,2013
2013-12-13,30.474369021111357,2013
2013-12-14,29.716891508934243,2013
2013-12-15,29.19331151639715,2013
2013-12-16,29.13449355489028,2013
2013-12-17,28.264170485275862,2013
2013-12-18,28.693250214020324,2013
2013-12-19,28.732341281356547,2013
2013-12-20,30.318236198197365,2013
2013-12-21,30.214497538586816,2013
2013-12-22,30.02681950073721,2013
2013-12-23,29.638182593903725,2013
2013-12-24,29.320116294812234,2013
2013-12-25,31.817678052261662,2013
2013-12-26,30.957908063287,2013
2013-12-27,27.93532800959304,2013
2013-12-28,26.811148704363227,2013
2013-12-29,27.025143606195247,2013
2013-12-30,26.828402265480186,2013
2013-12-31,25.979158496932357,2013
2014-01-01,26.829862484553274,2014
2014-01-02,29.11662948397332,2014
2014-01-03,29.71816032069719,2014
2014-01-04,30.22695542816196,2014
2014-01-05,30.205916832833626,2014
2014-01-06,30.20674145259288,2014
2014-01-07,29.348624867996033,2014
2014-01-08,28.944361202312468,2014
2014-01-09,30.69409401481674,2014
2014-01-10,30.674640463580523,2014
2014-01-11,30.39038181223006,2014
2014-01-12,31.207880275790668,2014
2014-01-13,32.39651255146767,2014
2014-01-14,32.44872453525059,2014
2014-01-15,31.770418303816783,2014
2014-01-16,31.556143835131312,2014
2014-01-17,31.989350906644326,2014
2014-01-18,30.700600246989254,2014
2014-01-19,30.625100942444007,2014
2014-01-20,30.674442737541632,2014
2014-01-21,30.655593267640498,2014
2014-01-22,30.868077729933276,2014
2014-01-23,30.153034290237873,2014
2014-01-24,30.363439670587425,2014
2014-01-25,30.69276872870723,2014
2014-01-26,31.20384027110463,2014
2014-01-27,31.77156653611666,2014
2014-01-28,31.302156971220597,2014
2014-01-29,30.84284456003033,2014
2014-01-30,30.667323538047878,2014
2014-01-31,30.908520569780514,2014
2014-02-01,31.610676748909388,2014
2014-02-02,31.955449235872887,2014
2014-02-03,32.09401431139313,2014
2014-02-04,33.2906939502265,2014
2014-02-05,33.738088552385605,2014
2014-02-06,32.454216738033054,2014
2014-02-07,32.50323584691574,2014
2014-02-08,33.09021455245507,2014
2014-02-09,32.99765553621848,2014
2014-02-10,33.00769977447888,2014
2014-02-11,33.115891262497406,2014
2014-02-12,33.17442288716774,2014
2014-02-13,32.554520747280606,2014
2014-02-14,32.02424461882457,2014
2014-02-15,31.23266836578768,2014
2014-02-16,32.73100333133004,2014
2014-02-17,32.618579950189854,2014
2014-02-18,33.43559439490627,2014
2014-02-19,32.493933185275495,2014
2014-02-20,32.68409657871184,2014
2014-02-21,33.13320035343021,2014
2014-02-22,33.83530821467296,2014
2014-02-23,33.711952551585235,2014
2014-02-24,34.08743292121741,2014
2014-02-25,33.18354224538039,2014
2014-02-26,32.01474170188086,2014
2014-02-27,32.69671020392647,2014
2014-02-28,32.60227977065955,2014
2014-03-01,32.76531233048898,2014
2014-03-02,33.225964684500305,2014
2014-03-03,33.47062319359658,2014
2014-03-04,32.97427021889216,2014
2014-03-05,30.839699116554698,2014
2014-03-06,30.71549661160922,2014
2014-03-07,31.38997208154675,2014
2014-03-08,32.24769800267762,2014
2014-03-09,33.520663483260094,2014
2014-03-10,32.9757169180797,2014
2014-03-11,32.66669335271055,2014
2014-03-12,34.14090514965287,2014
2014-03-13,34.39090165705917,2014
2014-03-14,33.60452724118719,2014
2014-03-15,33.53906689248093,2014
2014-03-16,32.86963365697046,2014
2014-03-17,34.23452106865495,2014
2014-03-18,33.9759807682623,2014
2014-03-19,34.885112589953444,2014
2014-03-20,33.020116762669446,2014
2014-03-21,31.900180029574056,2014
2014-03-22,32.75419363638966,2014
2014-03-23,33.38339710006544,2014
2014-03-24,33.8726112921686,2014
2014-03-25,33.63725015374035,2014
2014-03-26,33.68216010580579,2014
2014-03-27,32.73372715562975,2014
2014-03-28,33.265342279567164,2014
2014-03-29,32.41773677289079,2014
2014-03-30,32.489370081679155,2014
2014-03-31,32.81606685399195,2014
2014-04-01,32.960029375530745,2014
2014-04-02,32.859777513383904,2014
2014-04-03,32.35298566760445,2014
2014-04-04,34.527054302749285,2014
2014-04-05,34.11186095655521,2014
2014-04-06,32.57405743275413,2014
2014-04-07,32.4458739134902,2014
2014-04-08,32.91614270941692,2014
2014-04-09,32.29212037665278,2014
2014-04-10,31.569486947336188,2014
2014-04-11,32.860600619535724,2014
2014-04-12,32.080629623551054,2014
2014-04-13,32.82023351674705,2014
2014-04-14,33.7748373465003,2014
2014-04-15,33.54611503385303,2014
2014-04-16,31.63866954493323,2014
2014-04-17,32.003882792767065,2014
2014-04-18,32.69931294817788,2014
2014-04-19,33.44681601210197,2014
2014-04-20,31.897189706509156,2014
2014-04-21,32.90643475594846,2014
2014-04-22,32.914113175750856,2014
2014-04-23,33.52226954348839,2014
2014-04-24,33.95243431218029,2014
2014-04-25,33.722600891650956,2014
2014-04-26,32.51020452456537,2014
2014-04-27,32.947793504124604,2014
2014-04-28,32.141559516582,2014
2014-04-29,32.40244719225023,2014
2014-04-30,32.20417000090494,2014
2014-05-01,32.91368763464332,2014
2014-05-02,33.069735903865286,2014
2014-05-03,32.745989341687086,2014
2014-05-04,34.34613826950989,2014
2014-05-05,34.38768635572391,2014
2014-05-06,32.736469123276464,2014
2014-05-07,31.962220377037998,2014
2014-05-08,32.4418844554277,2014
2014-05-09,31.756868011327242,2014
2014-05-10,31.15969528821098,2014
2014-05-11,31.64336215145186,2014
2014-05-12,30.163507207719242,2014
2014-05-13,31.361986572597676,2014
2014-05-14,31.73342965656046,2014
2014-05-15,31.61678469361697,2014
2014-05-16,31.967766452819557,2014
2014-05-17,32.37070606916782,2014
2014-05-18,31.928893842481582,2014
2014-05-19,31.75660372399782,2014
2014-05-20,32.08732131225844,2014
2014-05-21,32.51525110491079,2014
2014-05-22,31.995758925151677,2014
2014-05-23,31.46241330814143,2014
2014-05-24,31.864795572885633,2014
2014-05-25,31.162676457361815,2014
2014-05-26,30.465392148641033,2014
2014-05-27,30.05078004610409,2014
2014-05-28,31.183986974514433,2014
2014-05-29,30.618113662561747,2014
2014-05-30,29.846565042344515,2014
2014-05-31,30.191975476247606,2014
2014-06-01,30.26555399746015,2014
2014-06-02,30.042603799219854,2014
2014-06-03,29.822493602515163,2014
2014-06-04,30.258169892906558,2014
2014-06-05,30.051999756925657,2014
2014-06-06,31.730581862968396,2014
2014-06-07,29.835224678570103,2014
2014-06-08,30.10783699507174,2014
2014-06-09,30.24852900477362,2014
2014-06-10,30.09457529748353,2014
2014-06-11,30.142520680781786,2014
2014-06-12,30.349310189620503,2014
2014-06-13,30.000479380935644,2014
2014-06-14,28.34044415468666,2014
2014-06-15,27.75124426401012,2014
2014-06-16,27.946384177729275,2014
2014-06-17,28.291360276176373,2014
2014-06-18,28.9413553780485,2014
2014-06-19,28.623595713342034,2014
2014-06-20,28.45662450609659,2014
2014-06-21,29.345784966730168,2014
2014-06-22,29.900774053046803,2014
2014-06-23,29.968595995962332,2014
2014-06-24,29.27764770878773,2014
2014-06-25,29.75627604098736,2014
2014-06-26,29.719621551790294,2014
2014-06-27,29.91385003707542,2014
2014-06-28,29.26128884137785,2014
2014-06-29,29.236921877370122,2014
2014-06-30,29.20574041585999,2014
2014-07-01,28.86665363841079,2014
2014-07-02,28.242146418363475,2014
2014-07-03,28.360945250781867,2014
2014-07-04,28.108817230623544,2014
2014-07-05,27.957315878151256,2014
2014-07-06,26.39980929488881,2014
2014-07-07,29.031536813278912,2014
2014-07-08,29.075125239312882,2014
2014-07-09,29.0813157946834,2014
2014-07-10,28.66535466623026,2014
2014-07-11,28.00372966629633,2014
2014-07-12,28.165022459749046,2014
2014-07-13,28.859833177960354,2014
2014-07-14,28.91853750001364,2014
2014-07-15,29.785071822289357,2014
2014-07-16,29.44966209490165,2014
2014-07-17,29.460110880393426,2014
2014-07-18,28.409705199937967,2014
2014-07-19,28.55984211039388,2014
2014-07-20,28.260960727882324,2014
2014-07-21,28.67763961565064,2014
2014-07-22,29.834030183378015,2014
2014-07-23,30.007288325134077,2014
2014-07-24,29.624901597950704,2014
2014-07-25,28.63052073730226,2014
2014-07-26,29.430062860044103,2014
2014-07-27,29.181923737138746,2014
2014-07-28,29.302019914950247,2014
2014-07-29,29.08288133688957,2014
2014-07-30,29.28860268917892,2014
2014-07-31,28.369366738860037,2014
2014-08-01,27.65432254667371,2014
2014-08-02,27.139032247592382,2014
2014-08-03,27.639753082454845,2014
2014-08-04,27.944564212111857,2014
2014-08-05,28.42952317356224,2014
2014-08-06,29.901962041227392,2014
2014-08-07,29.57378726504426,2014
2014-08-08,28.931773490520477,2014
2014-08-09,27.10103488455421,2014
2014-08-10,27.840150896440846,2014
2014-08-11,29.299019169687874,2014
2014-08-12,29.132226179368054,2014
2014-08-13,28.36094763741954,2014
2014-08-14,29.078600294436384,2014
2014-08-15,28.016668012934872,2014
2014-08-16,27.62340172505232,2014
2014-08-17,28.650785593771413,2014
2014-08-18,28.835802377429637,2014
2014-08-19,27.639846052453958,2014
2014-08-20,28.00405549972584,2014
2014-08-21,28.621948167350677,2014
2014-08-22,30.01825204433016,2014
2014-08-23,29.234762395858315,2014
2014-08-24,29.325485596906145,2014
2014-08-25,29.177528876033158,2014
2014-08-26,29.150195875320296,2014
2014-08-27,29.125751349638904,2014
2014-08-28,29.859282356140003,2014
2014-08-29,29.784023452228993,2014
2014-08-30,28.120256523389937,2014
2014-08-31,28.919188540524967,2014
2014-09-01,28.59455431097318,2014
2014-09-02,28.943019985541767,2014
2014-09-03,29.175961228589735,2014
2014-09-04,29.401832497856226,2014
2014-09-05,29.157709753145355,2014
2014-09-06,28.947025540555494,2014
2014-09-07,29.535190672954148,2014
2014-09-08,30.12620893271269,2014
2014-09-09,30.36295970867562,2014
2014-09-10,29.966906752076238,2014
2014-09-11,30.338471241793506,2014
2014-09-12,29.646717864168714,2014
2014-09-13,30.315857818409388,2014
2014-09-14,30.610872083489184,2014
2014-09-15,30.40110192847871,2014
2014-09-16,30.40683109106283,2014
2014-09-17,30.16819684047197,2014
2014-09-18,29.69160690060893,2014
2014-09-19,29.897593462468397,2014
2014-09-20,30.264000222503334,2014
2014-09-21,29.833863072147714,2014
2014-09-22,29.786115451647746,2014
2014-09-23,30.184566798545585,2014
2014-09-24,30.229309753201427,2014
2014-09-25,29.98072519468335,2014
2014-09-26,30.332187536321328,2014
2014-09-27,30.564045570092823,2014
2014-09-28,30.42108487399964,2014
2014-09-29,30.787394705156018,2014
2014-09-30,31.182724884298672,2014
2014-10-01,30.671690351123388,2014
2014-10-02,30.211431361241683,2014
2014-10-03,30.97924073439906,2014
2014-10-04,30.38578059938898,2014
2014-10-05,31.135407848583696,2014
2014-10-06,30.69807456993271,2014
2014-10-07,30.594316184384848,2014
2014-10-08,31.359392759965992,2014
2014-10-09,33.16531251154004,2014
2014-10-10,33.625355877074874,2014
2014-10-11,32.50861019072473,2014
2014-10-12,31.754583183442225,2014
2014-10-13,30.776594400375416,2014
2014-10-14,31.725796023644406,2014
2014-10-15,32.54356736020043,2014
2014-10-16,31.772760538206626,2014
2014-10-17,32.30751177510448,2014
2014-10-18,31.632694922258782,2014
2014-10-19,31.939528409156807,2014
2014-10-20,31.219362038944897,2014
2014-10-21,30.188868775661405,2014
2014-10-22,30.16595415593782,2014
2014-10-23,30.06577011576471,2014
2014-10-24,30.77913264676339,2014
2014-10-25,29.79424582711411,2014
2014-10-26,30.89055504809458,2014
2014-10-27,30.67841179030802,2014
2014-10-28,29.674521500189584,2014
2014-10-29,31.881209715764516,2014
2014-10-30,31.606950321801705,2014
2014-10-31,32.145890009841246,2014
2014-11-01,31.789748120831558,2014
2014-11-02,31.73719838986419,2014
2014-11-03,30.85047274562117,2014
2014-11-04,31.82571925801615,2014
2014-11-05,32.448646455283566,2014
2014-11-06,32.67165157313643,2014
2014-11-07,31.89496968055724,2014
2014-11-08,30.316173799511343,2014
2014-11-09,29.962292775826363,2014
2014-11-10,31.3181557655419,2014
2014-11-11,31.87646578277769,2014
2014-11-12,30.800469859928295,2014
2014-11-13,31.811972454338456,2014
2014-11-14,30.247212727135093,2014
2014-11-15,30.592092056144637,2014
2014-11-16,30.34688415843475,2014
2014-11-17,30.111754597876512,2014
2014-11-18,29.18869412331343,2014
2014-11-19,29.156367557739152,2014
2014-11-20,30.31944527688003,2014
2014-11-21,31.248486308745587,2014
2014-11-22,31.178531001280476,2014
2014-11-23,31.46433564424818,2014
2014-11-24,31.340107444318466,2014
2014-11-25,31.561639969132504,2014
2014-11-26,32.01290214122746,2014
2014-11-27,31.276761954674505,2014
2014-11-28,28.937812599710156,2014
2014-11-29,29.568341134939118,2014
2014-11-30,29.457341817683282,2014
2014-12-01,30.210490097865392,2014
2014-12-02,30.83585181952985,2014
2014-12-03,29.668776130287643,2014
2014-12-04,29.18104363818291,2014
2014-12-05,29.06822077806251,2014
2014-12-06,27.644912639287053,2014
2014-12-07,28.119104649851366,2014
2014-12-08,28.985642546720506,2014
2014-12-09,29.4046392271415,2014
2014-12-10,29.165336668923132,2014
2014-12-11,29.176565350232497,2014
2014-12-12,28.581801526843996,2014
2014-12-13,28.709935513946455,2014
2014-12-14,27.877742074043773,2014
2014-12-15,28.43696335771014,2014
2014-12-16,29.48461858942205,2014
2014-12-17,29.829713836958984,2014
2014-12-18,30.789428074710806,2014
2014-12-19,31.370134526084748,2014
2014-12-20,31.14843316493116,2014
2014-12-21,30.769118984718055,2014
2014-12-22,30.533512013132565,2014
2014-12-23,28.785463216071292,2014
2014-12-24,28.907257477049086,2014
2014-12-25,28.445533545078632,2014
2014-12-26,28.088686265124387,2014
2014-12-27,27.277560283158603,2014
2014-12-28,28.54814365372516,2014
2014-12-29,28.27152643332493,2014
2014-12-30,28.178018841744834,2014
2014-12-31,28.909096222440457,2014
