site,window,season,reference,candidate,kind,n_available_days,n_valid_days,bias_c,median_abs_error_c,rmse_c,pearson_r,q50_difference_c,q90_difference_c,q95_difference_c,q99_difference_c,n_hottest_1pct_days,cond_mean_error_hottest_1pct_c,daily_gate
Kochi,1990-2004,ALL,ref_audited,ref_legacy,reference,5478,5478,0.33882613797248806,0.08969822795205573,1.3037068944700028,0.852837321576818,0.022640779564198965,0.856340710242975,2.320603452499654,4.108363142188452,55,0.8638304465245638,PASS
Kochi,1990-2004,DJF,ref_audited,ref_legacy,reference,1353,1353,0.04720881157289923,0.136920282668882,0.9217514666030175,0.7908603718912975,-0.07412786003953897,0.049229504345149167,0.21201260074321482,3.9158202868469587,14,0.5812589138454882,
Kochi,1990-2004,MAM,ref_audited,ref_legacy,reference,1380,1380,1.3309123162215144,0.1848857669788515,2.4031258832294173,0.6109445343483285,0.9296256241526066,3.0425698399230185,3.478870152772309,5.717188073404458,14,1.207913576043694,
Kochi,1990-2004,JJAS,ref_audited,ref_legacy,reference,1830,1830,0.008842214861248376,0.04771141296649262,0.3117894834970631,0.9783465091557638,0.015682326869040253,-0.028339971084669457,-0.05951517503941517,0.03729693469525586,19,-0.09907827611592486,
Kochi,1990-2004,ON,ref_audited,ref_legacy,reference,915,915,-0.06625594297990979,0.08995007463062166,0.12249512395189917,0.9978647367701726,-0.10099711915955822,-0.05474030182353573,-0.004063085892710205,-0.04218441115889249,10,0.012972226242089846,
Kochi,1990-2004,ALL,ref_audited,sens_wind_brode,sensitivity,5478,5478,0.03816671575773699,0.05486302840907342,0.05686541430773637,0.9998407687645235,0.055261391892486245,0.06142060780523195,0.062110150060313174,0.06523195786681413,55,0.06442086065748279,PASS
Kochi,1990-2004,DJF,ref_audited,sens_wind_brode,sensitivity,1353,1353,0.06260377864233108,0.06427360628384804,0.06372383030811749,0.9999640168098581,0.06405505365671615,0.0659836334544579,0.06654941553091476,0.06547761034943278,14,0.0704519270529147,
Kochi,1990-2004,MAM,ref_audited,sens_wind_brode,sensitivity,1380,1380,0.04667296587593811,0.05330945984920277,0.05473509722612114,0.9998598260649778,0.052451810550593336,0.06421122625933151,0.06615609381184129,0.05923068336217341,14,0.0642131634490316,
Kochi,1990-2004,JJAS,ref_audited,sens_wind_brode,sensitivity,1830,1830,0.00846552473987547,0.0450676085601458,0.05392871345045503,0.9995648488685833,0.017145567274297946,0.046647141977601336,0.055827982670159315,0.05663835482317836,19,0.05861147298943897,
Kochi,1990-2004,ON,ref_audited,sens_wind_brode,sensitivity,915,915,0.048605194792396264,0.05452182979973941,0.05495478212030788,0.9999218790136015,0.04820265109071897,0.06570498797437097,0.06782700221669558,0.06586111643490256,10,0.06560929433331922,
Kochi,1990-2004,ALL,ref_audited,cand_C1,deployable candidate,5478,5476,0.23118788480656294,0.7118150307911151,0.9828573471480933,0.8853003636685687,0.2728417330315267,0.5248389205761725,0.6049439659637841,0.609029498396751,55,-0.13566001797661845,PASS
Kochi,1990-2004,DJF,ref_audited,cand_C1,deployable candidate,1353,1351,0.00785415393561717,0.6627664060756047,0.9233297926850612,0.7031538940703773,-0.07419302959982588,0.04810990605341203,0.0784443015328975,-0.06293294519929304,14,-0.6461643360631025,
Kochi,1990-2004,MAM,ref_audited,cand_C1,deployable candidate,1380,1380,0.874941476113331,0.9806208136864996,1.2199472156566693,0.844076703211788,1.1350788953141375,0.7515184042485217,0.6458871234470109,0.5540911867325491,14,-0.33777898487252045,
Kochi,1990-2004,JJAS,ref_audited,cand_C1,deployable candidate,1830,1830,0.14847920437776582,0.644526592988683,0.8854888693920315,0.874296448451679,0.37133462874194834,0.3937411089635816,0.15656216198111395,-0.28357225243847495,19,-0.8764779572493951,
Kochi,1990-2004,ON,ref_audited,cand_C1,deployable candidate,915,915,-0.24454894624479587,0.5747828423053534,0.8424426087594244,0.874845277240409,-0.030632300344507257,-0.43264627980270376,-0.49183511123592893,-0.45275709661937924,10,-0.966822204418645,
Kochi,1990-2004,ALL,ref_audited,cand_C2,deployable candidate,5478,5476,-0.2287167034728265,0.6611670567808972,0.9559249326522529,0.8819092598229722,-0.23671081177388942,0.0018728877307694347,0.05379636470306082,0.02078951787299843,55,-0.6830896699706138,PASS
Kochi,1990-2004,DJF,ref_audited,cand_C2,deployable candidate,1353,1351,-0.518900634654185,0.7794348901317107,1.056091372172719,0.6986815139315428,-0.5857647121501373,-0.4887501911958907,-0.482538386948022,-0.6201294952003309,14,-1.1844991173235664,
Kochi,1990-2004,MAM,ref_audited,cand_C2,deployable candidate,1380,1380,0.3795742876815212,0.6340079971111265,0.9084164400907335,0.8432294564837686,0.609792461292983,0.21152649573897264,0.09174255899844042,-0.000597481420768986,14,-0.8831571262955882,
Kochi,1990-2004,JJAS,ref_audited,cand_C2,deployable candidate,1830,1830,-0.2255512647948348,0.5567422259757677,0.8505776603895497,0.8751669801031635,-0.023105672939436772,-0.10089110384536326,-0.34712734693871283,-0.8433326120171429,19,-1.390636812182316,
Kochi,1990-2004,ON,ref_audited,cand_C2,deployable candidate,915,915,-0.7240126920495579,0.7669174854490279,1.063215680708913,0.8750527158358481,-0.5529198930933603,-0.9772697091949922,-1.03673945399143,-1.025640286468544,10,-1.5140494925815233,
Kochi,1990-2004,ALL,ref_audited,cand_C3,deployable candidate,5478,5476,2.2505197513973902,2.26246837408317,2.5807828400824806,0.88235525588913,2.35010475615843,3.125404914452986,3.25510007412673,3.3430810830682702,55,2.455474072803521,FAIL
Kochi,1990-2004,DJF,ref_audited,cand_C3,deployable candidate,1353,1351,2.4913143076301227,2.4504665505320418,2.7130879592673938,0.6755538085808629,2.4241958753665926,2.8086781418192004,2.907439171585139,2.9545808325941323,14,2.2729973877396423,
Kochi,1990-2004,MAM,ref_audited,cand_C3,deployable candidate,1380,1380,3.160918312034252,3.277009937413794,3.37479268875324,0.816207142737671,3.4947036061506367,3.4715281211266813,3.4360259542659435,3.500265048239193,14,2.1624662768099165,
Kochi,1990-2004,JJAS,ref_audited,cand_C3,deployable candidate,1830,1830,1.7049985935742464,1.7460452442578571,2.030684658034373,0.8697020421188919,1.9099563590659443,2.394201174830812,2.216798136349553,1.7582358013291781,19,1.254990206010949,
Kochi,1990-2004,ON,ref_audited,cand_C3,deployable candidate,915,915,1.6129681226182238,1.6633922780353032,1.8888804063093938,0.8688607573273575,1.8920174411101698,1.7474325156270467,1.7660486717745627,1.7365996585144359,10,1.3548489763094778,
Kochi,1990-2004,ALL,ref_audited,abl_A1,oracle ablation,5478,5476,0.18496154254509564,0.42594766003762174,0.696566704817999,0.9541305216468748,0.15198739945233797,0.6077960796092725,0.7506854758952102,1.0271383966294962,55,0.5120542409918398,PASS
Kochi,1990-2004,DJF,ref_audited,abl_A1,oracle ablation,1353,1351,0.6638458713049955,0.6680940829252222,0.9193322392097901,0.8908584405170533,0.6112530303526569,0.9480757754814704,1.0684920568732252,1.409961470197544,14,1.1621307072138134,
Kochi,1990-2004,MAM,ref_audited,abl_A1,oracle ablation,1380,1380,0.4923291768228896,0.5058361253448993,0.8074937375982203,0.9231204879076507,0.5330811763897714,0.7160794182879968,0.8303330960532378,1.1976633400707968,14,0.3769642464050297,
Kochi,1990-2004,JJAS,ref_audited,abl_A1,oracle ablation,1830,1830,-0.20499467236691624,0.30369762653120347,0.45705701626097295,0.9631454472467673,-0.21055902479190536,-0.2230548650452846,-0.21764777066560015,-0.2757284190952447,19,-0.4062850906583196,
Kochi,1990-2004,ON,ref_audited,abl_A1,oracle ablation,915,915,-0.20577090572703396,0.3559402598376664,0.504670825782458,0.9622744554119863,-0.32179243464241836,0.019369534302271063,0.11326864649780788,0.33253220045742893,10,0.13528130448208914,
Kochi,1990-2004,ALL,ref_audited,abl_A2,oracle ablation,5478,5478,-0.014640262021285728,0.2001422225365559,0.40260692683420735,0.9773483623039391,0.028176198679005893,0.05008076028324382,0.08192290793459733,0.12393376318676275,55,-0.08736367226063893,PASS
Kochi,1990-2004,DJF,ref_audited,abl_A2,oracle ablation,1353,1353,-0.010676038232260408,0.1292732120057849,0.27790182741033476,0.9733594260062767,-0.027905735560977973,-0.02243621504244686,0.02950510686182639,-0.08151414305958582,14,-0.14118149135488725,
Kochi,1990-2004,MAM,ref_audited,abl_A2,oracle ablation,1380,1380,0.10264018554831476,0.19629449515690567,0.3805213586627635,0.9690744250231021,0.09590148250393327,0.207411248306137,0.11744775616445224,0.05901994572909075,14,-0.14010318080359038,
Kochi,1990-2004,JJAS,ref_audited,abl_A2,oracle ablation,1830,1830,-0.07004626730859141,0.2561966569737706,0.45237323605291724,0.9603392321959573,0.012623212213668467,-0.011820356544816946,-0.00545545120910873,-0.14514145165131964,19,-0.1891402165830653,
Kochi,1990-2004,ON,ref_audited,abl_A2,oracle ablation,915,915,-0.08657209017082731,0.23225701971637136,0.47808498822418255,0.9583273835075262,-0.06075281205346528,-0.037990039017053334,-0.06763695457733832,-0.007543412407059691,10,-0.2008906932791376,
Kochi,1990-2004,ALL,ref_audited,abl_A3,oracle ablation,5478,5478,-0.04716145303075452,0.6570348856018029,0.9031678485395005,0.8653709901200696,-0.09157314164141894,-0.30101775839949596,-0.2924384244992595,-0.22295323104524556,55,-1.0454434658975071,PASS
Kochi,1990-2004,DJF,ref_audited,abl_A3,oracle ablation,1353,1353,-0.8905488877831117,0.9957668223552787,1.2201110682195024,0.7311525333684006,-0.9412086559997306,-1.0227197650635063,-1.0666862573453955,-1.093685150906488,14,-1.9010610163017898,
Kochi,1990-2004,MAM,ref_audited,abl_A3,oracle ablation,1380,1380,0.08826405431400033,0.6109664166922641,0.8275321137981707,0.8188131656243857,0.08633156190143154,-0.1338851973127575,-0.1869234334393468,-0.1827515919856424,14,-1.0974414403626196,
Kochi,1990-2004,JJAS,ref_audited,abl_A3,oracle ablation,1830,1830,0.48405669968367465,0.5944035057600843,0.7437573717776472,0.932047369037513,0.5495355430271331,0.5747158645486579,0.3589150861849788,-0.15924015644917233,19,-0.6572164242891206,
Kochi,1990-2004,ON,ref_audited,abl_A3,oracle ablation,915,915,-0.06673874306706924,0.5406652654755248,0.7369647291501438,0.881920180499543,0.019861822148811825,-0.4800713634614695,-0.48542676490695413,-0.5549663821558397,10,-1.0697034476756584,
Kochi,1990-2004,ALL,ref_audited,abl_A4,oracle ablation,5478,5478,0.00014813004713383368,0.0004963031026647968,0.0015450271732785242,0.9999996688301149,0.0007552601342979415,-3.771279367015268e-05,0.0003638493069004767,0.002848378572288368,55,0.0010470696180494667,PASS
Kochi,1990-2004,DJF,ref_audited,abl_A4,oracle ablation,1353,1353,0.0005505928192650265,0.0006018466212935891,0.0015543035495629075,0.9999992625227734,0.0024028161738556264,-0.0034036496912577263,0.0003947984187533393,0.0005568561863782406,14,0.0018289378013167021,
Kochi,1990-2004,MAM,ref_audited,abl_A4,oracle ablation,1380,1380,0.0008586148726946647,0.0009751285000163534,0.0019771086889436005,0.9999992503014059,0.00075557298183071,0.0030699250491252883,-6.917766799574565e-05,0.00023004045644370308,14,0.00035988615906035193,
Kochi,1990-2004,JJAS,ref_audited,abl_A4,oracle ablation,1830,1830,-0.0005037720616035864,0.00037437273945784,0.001324874478433283,0.9999996637063845,5.60081574292326e-05,-0.0007402988959412937,-7.708240756443274e-05,-0.0005573479148424099,19,-0.00021083091654585778,
Kochi,1990-2004,ON,ref_audited,abl_A4,oracle ablation,915,915,-0.0002147337025688679,0.0002169018798667821,0.001145853450400049,0.9999997514081745,-0.0001502024197748142,-2.0068698347586178e-05,0.0006491345981132213,2.51631995098478e-05,10,0.0007549024082550204,
Kochi,1990-2004,ALL,ref_audited,base_swbgt_empirical_as_deployed,comparison baseline,5478,5478,-1.472128532221283,1.5638234091124446,2.261609187705578,0.41738496071363407,-1.738981780179003,-1.9164443961382602,-1.8862147061497367,-1.8245980755423474,55,-3.0027861869783763,FAIL
Kochi,1990-2004,DJF,ref_audited,base_swbgt_empirical_as_deployed,comparison baseline,1353,1353,-3.204257257735263,3.225093897679475,3.45930740056441,0.45553950455684816,-3.123667166906852,-3.1235349832330535,-3.0555557355402705,-3.144079637297473,14,-3.991532134152302,
Kochi,1990-2004,MAM,ref_audited,base_swbgt_empirical_as_deployed,comparison baseline,1380,1380,-1.2001569762948938,1.308544609991893,1.7321682754694319,0.4980471127585413,-1.2650479349077415,-1.7646290849119808,-1.8051196794254736,-1.7185934331609332,14,-2.9485019835059063,
Kochi,1990-2004,JJAS,ref_audited,base_swbgt_empirical_as_deployed,comparison baseline,1830,1830,-0.138418802736709,0.7761929562843513,1.1683122233640115,0.6531412076160343,-0.24640749286346164,-1.046809060852059,-1.3040375648515052,-1.7491151272359602,19,-2.940616321585804,
Kochi,1990-2004,ON,ref_audited,base_swbgt_empirical_as_deployed,comparison baseline,915,915,-1.988455730598084,2.1821056643992875,2.3815718237350723,0.5599031996138317,-2.1886371510590017,-2.9578513735271734,-3.0316121686057436,-3.178346886073548,10,-3.828129587894497,
Kochi,1990-2004,ALL,ref_audited,base_shade_stull_at_tasmax,comparison baseline,5478,5478,-4.5154796454812685,4.446990096255506,4.662618616546371,0.7634549362206497,-4.918969352806563,-4.7276939979362425,-4.737692525263405,-4.834183342469707,55,-5.715505999267038,FAIL
Kochi,1990-2004,DJF,ref_audited,base_shade_stull_at_tasmax,comparison baseline,1353,1353,-5.184200854217963,5.276568772259623,5.2896045716061,0.5726324290310961,-5.324809627279535,-5.204098409706493,-5.111777675567037,-5.225654332032324,14,-5.752942067319078,
Kochi,1990-2004,MAM,ref_audited,base_shade_stull_at_tasmax,comparison baseline,1380,1380,-4.151856286555642,4.132318431687386,4.258104667912391,0.7475516008202665,-4.089525650480205,-4.654300208901976,-4.780078431539685,-4.812625124960263,14,-5.945629286195484,
Kochi,1990-2004,JJAS,ref_audited,base_shade_stull_at_tasmax,comparison baseline,1830,1830,-3.8870598059001105,3.7953341980548903,3.9959804936178673,0.8211612668665288,-3.94462209833895,-4.623650505214776,-4.981094185704666,-5.462432811010842,19,-6.297727935062234,
Kochi,1990-2004,ON,ref_audited,base_shade_stull_at_tasmax,comparison baseline,915,915,-5.331904504858468,5.4384562218691705,5.431376992927966,0.8116835225883696,-5.452259751096136,-6.170751107147151,-6.326814481847908,-6.464422915557023,10,-6.798441091766648,
Kochi,1990-2004,ALL,ref_audited,base_tier2_linear,comparison baseline,5478,5478,-1.1575277819090712,1.1884448651756774,1.5307891268404856,0.8562327438952659,-1.354758145369086,-0.7408541626919032,-0.668206480591337,-0.6818248225978465,55,-1.5641704495223234,FAIL
Kochi,1990-2004,DJF,ref_audited,base_tier2_linear,comparison baseline,1353,1353,-1.2987020246901857,1.3664322739368124,1.6465855625084878,0.6502145062090857,-1.4237430698888183,-1.1179605309025717,-1.0135906845554814,-1.0276620256425701,14,-1.6461065385224705,
Kochi,1990-2004,MAM,ref_audited,base_tier2_linear,comparison baseline,1380,1380,-0.4715144862593821,0.6742732941831733,1.0582675264054242,0.7971945225368448,-0.2336120393981176,-0.545048707044721,-0.6612505776372544,-0.5991019118481162,14,-1.7663709225693753,
Kochi,1990-2004,JJAS,ref_audited,base_tier2_linear,comparison baseline,1830,1830,-1.2103791114810076,1.1762525204263543,1.4402691039793023,0.8572609266151386,-1.2204909119449212,-1.267262206007718,-1.4619179569241787,-2.015748672094155,19,-2.6280552466294065,
Kochi,1990-2004,ON,ref_audited,base_tier2_linear,comparison baseline,915,915,-1.877715393271999,1.914909732137012,2.04505489250618,0.8552352915867093,-1.883585473333934,-2.230570332627977,-2.357132666221908,-2.2903687701122237,10,-2.7375999164724143,
Kolkata,1990-2004,ALL,ref_audited,ref_legacy,reference,5478,5478,0.09103545228670389,0.06095566919927364,0.5422696780117202,0.9895022009222327,0.07584243898347154,0.03748930370701942,0.05536404451307675,0.013139560602127176,55,-0.015243495183520653,PASS
Kolkata,1990-2004,DJF,ref_audited,ref_legacy,reference,1353,1353,0.28977628810181527,0.13935131347341212,1.0438040850636328,0.9387527023874741,0.12029700878628091,0.60607339837712,1.0178483335352517,3.102966419837376,14,0.5452872825872126,
Kolkata,1990-2004,MAM,ref_audited,ref_legacy,reference,1380,1380,0.0585155115877764,0.07599898575710995,0.25889207953031035,0.9939873515263353,0.012966418904255761,0.01565173804399933,-0.020715849268327702,-0.023354875235689576,14,-0.028875133349113673,
Kolkata,1990-2004,JJAS,ref_audited,ref_legacy,reference,1830,1830,0.003632676048537122,0.033791038037861654,0.1385229427863724,0.9965041118338139,0.002753153822851573,-0.01458371543316872,0.03287759664096512,-0.024019577968907413,19,-0.020758543991956015,
Kolkata,1990-2004,ON,ref_audited,ref_legacy,reference,915,915,0.02101167941514034,0.0667875631918946,0.0997329391620701,0.9993891036017001,-0.019233534094894367,0.0020742610859514343,-0.07259835330784625,-0.01665581791096571,10,0.00652872930180024,
Kolkata,1990-2004,ALL,ref_audited,sens_wind_brode,sensitivity,5478,5478,0.0021205267788364968,0.05152122638645551,0.06442094597280082,0.9998502894758932,-0.03425744997642255,0.0290668229389226,0.03999636672802609,0.04774867373200209,55,0.057851867542337294,PASS
Kolkata,1990-2004,DJF,ref_audited,sens_wind_brode,sensitivity,1353,1353,0.010559632235895216,0.05491546453754381,0.06727575791064794,0.9997230739967964,0.004553282684582882,0.049122255189828934,0.05613687055399552,0.05504213143871084,14,0.0594270928098451,
Kolkata,1990-2004,MAM,ref_audited,sens_wind_brode,sensitivity,1380,1380,0.020657687772732317,0.047460601665790136,0.061616209578424515,0.9996727129380245,0.003400406817604562,0.0314736903256545,0.04272321413797897,0.06519553394263511,14,0.05969788758955831,
Kolkata,1990-2004,JJAS,ref_audited,sens_wind_brode,sensitivity,1830,1830,-0.02621054059955635,0.05479566954451798,0.06745433077316618,0.9994820048983271,-0.030799476823546,0.017962959995088568,0.047314497210983575,0.05553565703729646,19,0.05767767463761761,
Kolkata,1990-2004,ON,ref_audited,sens_wind_brode,sensitivity,915,915,0.018346167705046587,0.0498052000585858,0.057681963232038204,0.9998332935155917,0.03164317596059618,0.055093629436008484,0.05262837414749555,0.059454548353350845,10,0.05799227275251155,
Kolkata,1990-2004,ALL,ref_audited,cand_C1,deployable candidate,5478,5476,0.332745740464324,0.6379458683508119,0.9453374647859789,0.9715871329999799,0.20197154549734364,0.1598189826504779,0.04050075733066194,-0.1335004936266273,55,-1.265852676741564,PASS
Kolkata,1990-2004,DJF,ref_audited,cand_C1,deployable candidate,1353,1351,0.6204505833648483,0.871832757942741,1.0779456474819253,0.9394067198607736,0.5986927612801765,0.3935474305377511,0.39010040641960586,0.522547553546616,14,-0.4694913363568552,
Kolkata,1990-2004,MAM,ref_audited,cand_C1,deployable candidate,1380,1380,0.6012869949672159,0.7301303099228278,1.1366517825219902,0.9049789017074465,0.6332943562153162,0.37843997861138234,0.2061685644205724,-0.3653582029104214,14,-1.3455232076328107,
Kolkata,1990-2004,JJAS,ref_audited,cand_C1,deployable candidate,1830,1830,-0.0803252178840214,0.4152236002265397,0.6944285571615575,0.914915935674793,-0.032960566049979434,-0.07222682481781817,-0.3004029927496745,-0.5261611619192621,19,-1.5820490210597522,
Kolkata,1990-2004,ON,ref_audited,cand_C1,deployable candidate,915,915,0.32907763096145287,0.6666040146140517,0.848315323609034,0.9612320698769531,0.5147971826254434,-0.10070468571436919,-0.4402281799200338,-0.5365090874379064,10,-0.9522749743406166,
Kolkata,1990-2004,ALL,ref_audited,cand_C2,deployable candidate,5478,5476,-0.028848215601059983,0.5075670058041339,0.8666085019039329,0.9727013002372126,-0.12564316745886117,-0.20508497499540113,-0.3407943398239439,-0.4822606641492371,55,-1.6954480702275676,PASS
Kolkata,1990-2004,DJF,ref_audited,cand_C2,deployable candidate,1353,1351,0.19911959838101337,0.5890597126132207,0.9104396492126522,0.9386020209171295,0.19348633652322178,-0.08506205904410535,-0.10259780614751435,0.17193270157869733,14,-0.8824416331036389,
Kolkata,1990-2004,MAM,ref_audited,cand_C2,deployable candidate,1380,1380,0.23748606125218627,0.5601548103273899,0.9918757092059403,0.9052422470884703,0.26540451492127204,0.04468161132262338,-0.11951891172978435,-0.6774588748624168,14,-1.7659558936822546,
Kolkata,1990-2004,JJAS,ref_audited,cand_C2,deployable candidate,1830,1830,-0.3743458712121982,0.42390221608019374,0.769176715610786,0.9159066866112348,-0.3299802156932685,-0.4276870359885194,-0.6916586435665337,-0.9427834503411674,19,-1.9996539208758008,
Kolkata,1990-2004,ON,ref_audited,cand_C2,deployable candidate,915,915,-0.07613248770912343,0.514835192389512,0.7769436376859097,0.9636053314983006,0.0666099891610088,-0.5784879047836071,-0.9346358325857196,-1.0688637262452545,10,-1.4640973785111442,
Kolkata,1990-2004,ALL,ref_audited,cand_C3,deployable candidate,5478,5476,2.3183950701653364,2.2930021825671645,2.645962982489423,0.9386837710395697,1.87752494828419,2.3663958392117195,2.383032793787777,2.6524175735025466,55,0.918381717657274,FAIL
Kolkata,1990-2004,DJF,ref_audited,cand_C3,deployable candidate,1353,1351,3.0428207359413215,3.191720418397324,3.2203607942651367,0.9133522427312325,3.021995701125718,2.97593699930394,3.182857715370318,3.1925860060831326,14,2.170804154414124,
Kolkata,1990-2004,MAM,ref_audited,cand_C3,deployable candidate,1380,1380,2.9431644762723757,2.87443955504628,3.192953031567338,0.8509151855966187,2.89565739918757,2.9915496401047292,3.021557035850769,2.7888915089416813,14,1.1493297709600978,
Kolkata,1990-2004,JJAS,ref_audited,cand_C3,deployable candidate,1830,1830,1.344378823893909,1.365021727601345,1.5835088164270748,0.9137819213684468,1.386236371279324,1.7314220611982307,1.5775114469496359,1.7268804801745148,19,0.30823953295031226,
Kolkata,1990-2004,ON,ref_audited,cand_C3,deployable candidate,915,915,2.254535918018498,2.4059258740965674,2.489218506886563,0.9247719227556767,2.471702730246136,1.7043589012336824,1.345575115876919,1.2798932270699623,10,0.8503975442217723,
Kolkata,1990-2004,ALL,ref_audited,abl_A1,oracle ablation,5478,5476,0.4116029827100239,0.4627933502781332,0.8010693443013877,0.9828741607241965,0.2014977726545908,0.39422863532368524,0.45814923264160257,0.6115412959049991,55,0.21525341909223036,PASS
Kolkata,1990-2004,DJF,ref_audited,abl_A1,oracle ablation,1353,1351,0.7261577675440728,0.7246460347656125,0.8769697963950975,0.9814933863346722,0.6322947135525965,0.8447973038810233,0.878632894848721,0.9953360409497236,14,0.743889568897032,
Kolkata,1990-2004,MAM,ref_audited,abl_A1,oracle ablation,1380,1380,0.8200706150823213,0.7095476051862306,1.1724391897168058,0.930221817613145,0.7174023435676702,0.8251306865995289,0.9194597097833679,1.1034794119652034,14,0.4698916216484252,
Kolkata,1990-2004,JJAS,ref_audited,abl_A1,oracle ablation,1830,1830,-0.08488904455713031,0.25483173245902435,0.39198365827838283,0.9738077662698377,-0.18498979050653475,0.014195254390862999,0.03303931285934425,0.17478901435895722,19,-0.059947993038247806,
Kolkata,1990-2004,ON,ref_audited,abl_A1,oracle ablation,915,915,0.32409649409179647,0.4440965072224685,0.5695796590690745,0.9870016343246917,0.3610400691887321,-0.004627490331877482,-0.12555280355508103,-0.05979824199275896,10,-0.12908484476242849,
Kolkata,1990-2004,ALL,ref_audited,abl_A2,oracle ablation,5478,5478,-0.05842379609022938,0.12865900547961928,0.31145893631793414,0.9966378490923308,-0.09661766459740306,0.03754226891974355,0.05231016883386275,0.12994644271928024,55,-0.00264296476205924,PASS
Kolkata,1990-2004,DJF,ref_audited,abl_A2,oracle ablation,1353,1353,-0.07611123497689117,0.10111744751350216,0.23461943614143682,0.9962244404049299,-0.07288382056259479,-0.08416612078937291,-0.07701059088838136,-0.18085422437281196,14,-0.16759961857134645,
Kolkata,1990-2004,MAM,ref_audited,abl_A2,oracle ablation,1380,1380,0.022582570004663242,0.09428034088585946,0.23108690433662463,0.9949990621556618,-0.0007883820483982618,0.07325843105717667,0.0464371293114354,-0.010188292484350825,14,0.03496643658404049,
Kolkata,1990-2004,JJAS,ref_audited,abl_A2,oracle ablation,1830,1830,-0.11969103887920964,0.2430994614790336,0.4190740791151464,0.9727144418610759,-0.14041718730518937,-0.04169016585824892,-0.06280283886049887,0.020869478492976157,19,-0.09397817549975535,
Kolkata,1990-2004,ON,ref_audited,abl_A2,oracle ablation,915,915,-0.03190863335084637,0.11034457805186548,0.2599728354438137,0.9961260697469967,-0.053809805361879626,0.11408445393517042,0.09277306680588282,0.2454525826774301,10,0.2651517018604125,
Kolkata,1990-2004,ALL,ref_audited,abl_A3,oracle ablation,5478,5478,-0.07451753302498136,0.27851154198299355,0.6284356991129494,0.9857193858009117,0.006411280083142401,-0.1586750647539077,-0.35274326080480733,-0.7743849645763063,55,-1.6280694597038383,PASS
Kolkata,1990-2004,DJF,ref_audited,abl_A3,oracle ablation,1353,1353,-0.11503767819493411,0.37145922277932186,0.7384418103657939,0.9615536385330214,-0.02385370474718229,-0.48583395763464665,-0.6760310543042785,-0.7509979090221961,14,-1.2460944823437785,
Kolkata,1990-2004,MAM,ref_audited,abl_A3,oracle ablation,1380,1380,-0.26656281640383217,0.2536346622602821,0.7497168025094693,0.9511211076894848,-0.2389119891160476,-0.3783644687848451,-0.5946973729570431,-1.2218416751253613,14,-2.026201833969322,
Kolkata,1990-2004,JJAS,ref_audited,abl_A3,oracle ablation,1830,1830,0.07197185439376409,0.22632509458995287,0.4295565635441884,0.9672081129499251,0.135368040606636,-0.09893942659616783,-0.46818629929481403,-0.7514761094381797,19,-1.5667278379240321,
Kolkata,1990-2004,ON,ref_audited,abl_A3,oracle ablation,915,915,-0.017937567449619645,0.35297994332091776,0.5842327993874651,0.9782574701755669,0.11122389331632121,-0.25587267793932966,-0.49473660511625894,-0.766988838422975,10,-1.1169469668137253,
Kolkata,1990-2004,ALL,ref_audited,abl_A4,oracle ablation,5478,5478,0.0005991761615827639,0.001492862169811815,0.003517786745896899,0.9999996025565587,-0.0010340006599278695,-0.0014929987622309682,0.004824020688566577,0.003175199511815663,55,0.0019843261206140346,PASS
Kolkata,1990-2004,DJF,ref_audited,abl_A4,oracle ablation,1353,1353,-0.0010253257817119314,0.0016581615326458632,0.002786345932994159,0.9999995305739907,-0.0007283283046604083,0.0021357193204920577,0.0013483797816320475,-0.0014677278894197343,14,0.00028255208934118467,
Kolkata,1990-2004,MAM,ref_audited,abl_A4,oracle ablation,1380,1380,0.003515992712422397,0.003062480800593903,0.005331439300103426,0.9999984575552998,0.0046088847667817845,0.0037305312946003255,-0.0001622958613722858,0.0008761065197546714,14,0.004704604164195254,
Kolkata,1990-2004,JJAS,ref_audited,abl_A4,oracle ablation,1830,1830,-7.479216417192726e-05,0.001248182498471806,0.0029528636818742533,0.9999984060677309,-0.0004530970195730788,0.0013454372937715675,0.008290664883610077,9.374503852654925e-05,19,-0.0001663614246497577,
Kolkata,1990-2004,ON,ref_audited,abl_A4,oracle ablation,915,915,-4.9887963826948013e-05,0.0007099360630036244,0.0015160338747157698,0.9999998529853226,0.0019663782378529504,-0.0003830792176628961,0.000135160774526355,0.0010313154557763937,10,0.0006582705187099692,
Kolkata,1990-2004,ALL,ref_audited,base_swbgt_empirical_as_deployed,comparison baseline,5478,5478,-0.4748210178493609,1.7462949125470413,2.314136855305862,0.9246273219886562,0.8197850420519508,0.6843319379768715,0.5226994032941263,0.5525660653607147,55,-1.7117606069089881,FAIL
Kolkata,1990-2004,DJF,ref_audited,base_swbgt_empirical_as_deployed,comparison baseline,1353,1353,-2.9991229518712403,3.041256742250212,3.342008205849197,0.8334151960663395,-3.1954753360917003,-3.0248483010192437,-2.804692046275605,-1.8628520151351822,14,-3.4274580832842862,
Kolkata,1990-2004,MAM,ref_audited,base_swbgt_empirical_as_deployed,comparison baseline,1380,1380,-0.20730840102008127,1.2007965248982106,1.7218896628074143,0.8423632333987348,-0.03047704993772271,0.7903968182677659,0.7551715256074516,0.5243092724371081,14,-1.7571115655121134,
Kolkata,1990-2004,JJAS,ref_audited,base_swbgt_empirical_as_deployed,comparison baseline,1830,1830,1.5005684773986636,1.6394315733324696,1.8810357260052029,0.7335682313967095,1.3944992060501562,0.7441922035790753,0.3875155695952728,0.3437118404127233,19,-1.7268328683195564,
Kolkata,1990-2004,ON,ref_audited,base_swbgt_empirical_as_deployed,comparison baseline,915,915,-1.0964053575178723,1.4969461084744324,1.9993485137254496,0.8523651666106593,-0.6671807525305127,-0.847547083396222,-1.1910242764186805,-1.3484918316128471,10,-2.0474189115232,
Kolkata,1990-2004,ALL,ref_audited,base_shade_stull_at_tasmax,comparison baseline,5478,5478,-3.337354480740067,3.1992130952069786,3.5323404055315475,0.9508536837879815,-3.0662949423567483,-3.4622002975517603,-3.520575186926809,-3.4145632794110625,55,-5.65050020109901,FAIL
Kolkata,1990-2004,DJF,ref_audited,base_shade_stull_at_tasmax,comparison baseline,1353,1353,-3.600863294791477,3.41236136399295,3.7795296007491275,0.8940698656108892,-3.69841666192292,-4.0530701813684615,-4.067770763889865,-3.466306969918385,14,-4.855126049792095,
Kolkata,1990-2004,MAM,ref_audited,base_shade_stull_at_tasmax,comparison baseline,1380,1380,-3.017273086250072,2.8285823493868403,3.262521473433253,0.8525719625264729,-2.956282573010526,-2.95382817558745,-2.9197208509899895,-3.38086575356823,14,-5.406877319498782,
Kolkata,1990-2004,JJAS,ref_audited,base_shade_stull_at_tasmax,comparison baseline,1830,1830,-3.165248575986109,3.0519950122636352,3.3090200209668756,0.8269376485212716,-3.2745534917544674,-3.8531068925994916,-4.183834382074636,-3.9445680742598057,19,-6.116768834457356,
Kolkata,1990-2004,ON,ref_audited,base_shade_stull_at_tasmax,comparison baseline,915,915,-3.7746645405044132,3.579327012218151,3.9529174420888396,0.9212216393418856,-3.4643882043943783,-4.794574267086567,-5.266579271695143,-5.608680649179515,10,-6.246292541836663,
Kolkata,1990-2004,ALL,ref_audited,base_tier2_linear,comparison baseline,5478,5478,-0.9904840841074591,1.0842462367991104,1.4083879852566497,0.9627006305536452,-1.1803055388573505,-0.9336404233197229,-0.9142582647234576,-0.8194833654464944,55,-2.4595216204509933,FAIL
Kolkata,1990-2004,DJF,ref_audited,base_tier2_linear,comparison baseline,1353,1353,-0.9100703988877585,0.8782515155419972,1.2930427863970297,0.9333070109423199,-0.9270677960950628,-1.0009890640862835,-0.8057728675151417,-0.6756624566384062,14,-1.703459073748929,
Kolkata,1990-2004,MAM,ref_audited,base_tier2_linear,comparison baseline,1380,1380,-0.4075026903140311,0.7757053169536867,1.2331788274080309,0.8649276814349511,-0.3858567875483594,-0.3676519762983048,-0.46014827242431977,-0.8340577520066716,14,-2.276262825258901,
Kolkata,1990-2004,JJAS,ref_audited,base_tier2_linear,comparison baseline,1830,1830,-1.4819404507254597,1.4874035935435153,1.6497233501707143,0.8998086995708884,-1.6436455283538116,-1.4607727412046998,-1.594896598274218,-1.4681550099883225,19,-2.9473502641103613,
Kolkata,1990-2004,ON,ref_audited,base_tier2_linear,comparison baseline,915,915,-1.0057287711306766,0.8818820892100732,1.2908464681462577,0.9610983144199929,-0.8397948166823035,-1.5280940895198079,-1.985876736083597,-1.9777425136507674,10,-2.51121052049952,
Bikaner,1990-2004,ALL,ref_audited,ref_legacy,reference,5478,5478,0.18650045886965017,0.09884343271576768,0.5839115270313114,0.9938476158205908,0.11828829221872184,0.06971784716854756,0.08103304906234854,0.043341742171833175,55,0.07974097073950319,PASS
Bikaner,1990-2004,DJF,ref_audited,ref_legacy,reference,1353,1353,0.29084337569234026,0.16170447937577137,0.6835937775464289,0.9748891300641268,0.258871105406115,0.5948270239263245,0.4388979900827721,0.8926628992461332,14,0.4852885120504311,
Bikaner,1990-2004,MAM,ref_audited,ref_legacy,reference,1380,1380,0.19896610122501399,0.10024339066748666,0.7796753935350433,0.9737483125831751,0.07960820019044945,0.10713910238560942,0.0567406288453185,0.07490084254027352,14,0.04212499767477799,
Bikaner,1990-2004,JJAS,ref_audited,ref_legacy,reference,1830,1830,0.07578343189306913,0.07401480386474191,0.16224712615719594,0.9965581066127621,0.0811437057471096,0.05996515313023565,0.06468929598752737,0.07386362824876613,19,0.07873327736529302,
Bikaner,1990-2004,ON,ref_audited,ref_legacy,reference,915,915,0.2348431981654332,0.12088912148055897,0.6170746525255475,0.9816685474854552,0.1833511560312786,0.025191193573267157,0.052781318370566765,0.05401385305327722,10,0.007013237083879176,
Bikaner,1990-2004,ALL,ref_audited,sens_wind_brode,sensitivity,5478,5478,-0.012430994513747518,0.06649273729706806,0.08959537163019454,0.9998402211515317,0.014821745877952708,0.021771071675054543,0.037987712115644,0.05939470700010219,55,0.06177312045897659,PASS
Bikaner,1990-2004,DJF,ref_audited,sens_wind_brode,sensitivity,1353,1353,-0.006248908424938014,0.07290297692549075,0.08665449493196677,0.9995309810434726,0.004825456402159034,0.05193646079087699,0.0296442123757501,0.07434565452257047,14,0.07436103127446765,
Bikaner,1990-2004,MAM,ref_audited,sens_wind_brode,sensitivity,1380,1380,0.002057135671698909,0.064107702820138,0.08835392826754372,0.9996401474274718,-0.0030978759211279794,-0.025326649020541936,0.014317893149843997,0.07464756743024026,14,0.06948672494512412,
Bikaner,1990-2004,JJAS,ref_audited,sens_wind_brode,sensitivity,1830,1830,-0.040871944459182574,0.0640876850272889,0.09894128104591612,0.9989787607971935,-0.05991518266205276,0.034935605281802395,0.05994180684641748,0.06639699202465721,19,0.0633421338031595,
Bikaner,1990-2004,ON,ref_audited,sens_wind_brode,sensitivity,915,915,0.013458575175947382,0.06118670942021254,0.07485229942267216,0.999733321477233,0.06134583747018496,0.020986029797075645,0.06674823341150216,0.06055452511129289,10,0.06725603455773807,
Bikaner,1990-2004,ALL,ref_audited,cand_C1,deployable candidate,5478,5476,0.041138324720252646,0.7258637256120153,1.1597250413485758,0.9736671466353967,0.003518463844784492,0.3333652588573841,0.13420708423312533,-0.6489009963316335,55,-1.7722473910431198,PASS
Bikaner,1990-2004,DJF,ref_audited,cand_C1,deployable candidate,1353,1351,-0.27987642289691683,0.7529150559735172,1.2732756085674117,0.8828788048803119,-0.3721945657112542,-0.6318216235954992,-1.0115942565533373,-1.073487411955142,14,-2.4310684572651553,
Bikaner,1990-2004,MAM,ref_audited,cand_C1,deployable candidate,1380,1380,0.14035739131331648,0.9194302198371531,1.3139114298694952,0.9213942600062202,0.0425901092663139,0.4014021196270292,0.2491018533833298,-0.7599366181482665,14,-2.4977001174881406,
Bikaner,1990-2004,JJAS,ref_audited,cand_C1,deployable candidate,1830,1830,0.34659882674924614,0.6299060663693012,0.8894856954486279,0.880694057885269,0.5032018401534515,0.02402903082620611,-0.22585865191869914,-1.069973255429133,19,-2.1453385050077385,
Bikaner,1990-2004,ON,ref_audited,cand_C1,deployable candidate,915,915,-0.24544539831875312,0.7200262636478101,1.2121789109059447,0.9146598269708538,-0.314645708392959,-0.5040642641012489,-0.6336639243818496,-0.2161783931922443,10,-2.0837879566901734,
Bikaner,1990-2004,ALL,ref_audited,cand_C2,deployable candidate,5478,5476,-0.3024112853390544,0.6219641180773863,1.2322871334673628,0.9725253217751176,-0.34444614542377394,0.03658156695030357,-0.18623421906677606,-0.9591463523167079,55,-2.1465197994507195,PASS
Bikaner,1990-2004,DJF,ref_audited,cand_C2,deployable candidate,1353,1351,-0.6819314451139663,0.728059368221011,1.4337954471726873,0.8788516071544837,-0.77847450710658,-1.0681286358191073,-1.4084517604007374,-1.4963682092334523,14,-2.8672951114147742,
Bikaner,1990-2004,MAM,ref_audited,cand_C2,deployable candidate,1380,1380,-0.1962553140103745,0.7729282349482673,1.3548959653562431,0.9180718756608647,-0.2886884215354826,0.06071178748359074,-0.020511217337528365,-1.0749714702998219,14,-2.9051577060039215,
Bikaner,1990-2004,JJAS,ref_audited,cand_C2,deployable candidate,1830,1830,0.06727693185610398,0.47651456568422645,0.841770861208297,0.8744238049819101,0.23942960003108738,-0.2956320195307214,-0.5346487641642454,-1.417586054072899,19,-2.520792777388716,
Bikaner,1990-2004,ON,ref_audited,cand_C2,deployable candidate,915,915,-0.6415292547869367,0.6732033033057405,1.3663044846231231,0.911829420135542,-0.6958692987898303,-0.8965360122099035,-0.9634766348170558,-0.6287006901345684,10,-2.482356866251871,
Bikaner,1990-2004,ALL,ref_audited,cand_C3,deployable candidate,5478,5476,1.9311414372590145,2.162149285574685,2.2966889514863618,0.9705893493155856,1.8254732026594809,2.355793840811458,2.294737208384177,1.6559451622923262,55,0.33249704195333873,FAIL
Bikaner,1990-2004,DJF,ref_audited,cand_C3,deployable candidate,1353,1351,1.6163263536788672,1.8272993756650635,2.0465013303131454,0.8801861338895554,1.525241116813845,1.5090512564545406,1.2795423168710158,1.2959643986199865,14,-0.15736899268845508,
Bikaner,1990-2004,MAM,ref_audited,cand_C3,deployable candidate,1380,1380,1.9514979340886085,2.220432156587208,2.423340377629208,0.9113420525402219,1.865718385041987,2.471574401614454,2.4141635114554276,1.8117609265976853,14,-0.6088788633252713,
Bikaner,1990-2004,JJAS,ref_audited,cand_C3,deployable candidate,1830,1830,2.2464838331281283,2.3576754941946376,2.4447427063116707,0.8443121248562041,2.381789307557824,2.215367429995972,2.0447403373592934,1.3448936774189946,19,-0.019499876080742166,
Bikaner,1990-2004,ON,ref_audited,cand_C3,deployable candidate,915,915,1.7345803748015944,1.9878090318312616,2.1385965507981477,0.9056738668004547,1.7819924634128483,1.4786671502812396,1.406794968242437,1.9625552803430253,10,-0.057868079819922966,
Bikaner,1990-2004,ALL,ref_audited,abl_A1,oracle ablation,5478,5476,0.6818679463983917,0.6679044149759363,0.8695374928988664,0.9942021865147801,0.7034359117841689,0.7202911048121052,0.8426203069949878,0.7442125568622231,55,0.7982214424726977,PASS
Bikaner,1990-2004,DJF,ref_audited,abl_A1,oracle ablation,1353,1351,0.6045132727009068,0.6030068978886902,0.8129496480508935,0.9790593666749065,0.6546620483361494,0.6599153816563899,0.6890909951773381,0.8334773735365957,14,0.8622777410785878,
Bikaner,1990-2004,MAM,ref_audited,abl_A1,oracle ablation,1380,1380,0.8885182735830576,0.9116213699441573,1.0805279475566563,0.9829498242334577,0.8413269131937398,1.0303832931868726,0.9607699171379238,0.9134808529307819,14,0.5067978626873193,
Bikaner,1990-2004,JJAS,ref_audited,abl_A1,oracle ablation,1830,1830,0.6356731546046763,0.6208670972625043,0.7950815987502897,0.9649775548050736,0.6391938566978297,0.7436436314816603,0.7707546236336213,0.958868859274105,19,0.7412888460429485,
Bikaner,1990-2004,ON,ref_audited,abl_A1,oracle ablation,915,915,0.5768025711338691,0.5989534298508374,0.7238866702842591,0.9890184331725808,0.5280541326265507,0.5952803038078969,0.7179736593015633,1.1043577994686942,10,0.8660613290322032,
Bikaner,1990-2004,ALL,ref_audited,abl_A2,oracle ablation,5478,5478,-0.06430437937516478,0.1313577284917926,0.2763918155984644,0.9986159142914307,-0.10002553241605483,0.02686809910701271,0.0795445124080345,0.0348034840581235,55,0.10070225733127658,PASS
Bikaner,1990-2004,DJF,ref_audited,abl_A2,oracle ablation,1353,1353,-0.12459026890183582,0.1741240423774002,0.39087241670962075,0.990052294690962,-0.10919167172147581,-0.13128080404087328,-0.2701525184438438,-0.32458509283904036,14,-0.28129167151303947,
Bikaner,1990-2004,MAM,ref_audited,abl_A2,oracle ablation,1380,1380,-0.1278293794328802,0.12929283783120127,0.22292726352224745,0.9985210474794343,-0.1341418985441578,-0.06402261756394978,-0.07968519660453666,-0.18640799385288886,14,-0.10652107442198908,
Bikaner,1990-2004,JJAS,ref_audited,abl_A2,oracle ablation,1830,1830,0.03881615666298933,0.083432734697368,0.21473341711732055,0.9929770082153785,0.032566756551943854,0.07986696738686305,0.10386053262835304,0.17267817443932643,19,0.06605362161230077,
Bikaner,1990-2004,ON,ref_audited,abl_A2,oracle ablation,915,915,-0.08559320160531658,0.13658607397690048,0.25350304523805084,0.9967845170673931,-0.08149500278659616,-0.04052603351050266,-0.08071598501122423,0.01849254842636583,10,-0.029399168618522254,
Bikaner,1990-2004,ALL,ref_audited,abl_A3,oracle ablation,5478,5478,-0.5623658126019088,0.3605669012345345,1.2073165950123261,0.9768484232031269,-0.6294888091499615,-0.4211263684174682,-0.6568633083717685,-1.6168287433698367,55,-2.584261817310531,PASS
Bikaner,1990-2004,DJF,ref_audited,abl_A3,oracle ablation,1353,1353,-0.6879480228104317,0.55668959680645,1.3310406181863295,0.9038387222736345,-0.6590433366242223,-1.0792802048709405,-1.445321892815393,-1.6613168305381159,14,-3.0693699327752353,
Bikaner,1990-2004,MAM,ref_audited,abl_A3,oracle ablation,1380,1380,-0.6432727609247253,0.38997380410395976,1.4007118992284548,0.9274603584965357,-0.6857975366795301,-0.5353527038118067,-0.734721381104606,-1.6626727449942749,14,-3.067845703856404,
Bikaner,1990-2004,JJAS,ref_audited,abl_A3,oracle ablation,1830,1830,-0.3040893198543027,0.18586194815949852,0.7692881179077707,0.9188696500008356,-0.1812882896961412,-0.7461967986461744,-1.0581442216443833,-1.9321698266375336,19,-2.9202111137365225,
Bikaner,1990-2004,ON,ref_audited,abl_A3,oracle ablation,915,915,-0.77119823077732,0.5039730439477239,1.4014763803367078,0.9171824435559599,-0.7397880071773102,-0.9781229907159634,-1.3223270892970014,-1.4383288635241698,10,-2.9353542405922384,
Bikaner,1990-2004,ALL,ref_audited,abl_A4,oracle ablation,5478,5478,0.004675319619818196,0.007567860397557524,0.0133694911292249,0.9999981414525797,0.005415437019280489,0.013497802511892587,0.018275172971598863,0.014833674308206923,55,0.012551310847547112,PASS
Bikaner,1990-2004,DJF,ref_audited,abl_A4,oracle ablation,1353,1353,-0.0060961360875068996,0.006144463302746317,0.008183739950061863,0.9999978504368058,-0.0034170298131925847,-0.003964656436199476,-0.008456539222926551,-0.00845811700961363,14,-0.0044263118841213,
Bikaner,1990-2004,MAM,ref_audited,abl_A4,oracle ablation,1380,1380,0.010378737939185284,0.009366462760937111,0.016940113851085743,0.999993984912455,0.0038582412940684208,0.020265976708138567,0.0157731103763723,0.010915793360723569,14,0.012748227028851034,
Bikaner,1990-2004,JJAS,ref_audited,abl_A4,oracle ablation,1830,1830,0.012328220008546545,0.010541422798468147,0.01560283994860892,0.9999852069384821,0.011489761075324623,0.014890398451896658,0.014584605017311958,0.006628739113217819,19,0.014597441814152333,
Bikaner,1990-2004,ON,ref_audited,abl_A4,oracle ablation,915,915,-0.0033047300196229045,0.005023688273638527,0.007168115772510063,0.9999982475839773,-0.00280303497515888,0.0017462447826446237,-0.0009440047594999612,0.002219687764792866,10,0.0032804957322809967,
Bikaner,1990-2004,ALL,ref_audited,base_swbgt_empirical_as_deployed,comparison baseline,5478,5478,-1.9443063457991145,2.1560580892094894,3.191500888517088,0.9414267863788928,-2.6429904181789965,0.545142499138457,0.3585603436253919,-0.4302089872395669,55,-2.265306068252446,FAIL
Bikaner,1990-2004,DJF,ref_audited,base_swbgt_empirical_as_deployed,comparison baseline,1353,1353,-3.843819840101798,3.7348409138380454,4.256581385159981,0.7259721389153675,-3.9971219915769254,-4.10028239303815,-4.432034934669272,-4.532819677483257,14,-6.570379626746265,
Bikaner,1990-2004,MAM,ref_audited,base_swbgt_empirical_as_deployed,comparison baseline,1380,1380,-2.438230499344472,2.228084113145824,3.1703543689726197,0.8689318516608284,-2.679960881213429,-0.7889212595633133,-0.5573946741611095,-0.8635995865381005,14,-4.545154619986248,
Bikaner,1990-2004,JJAS,ref_audited,base_swbgt_empirical_as_deployed,comparison baseline,1830,1830,0.5582258670098721,1.0670039420884052,1.4649223333094092,0.6914684628899179,0.8378783375045629,0.29508245586871595,0.07582652230003362,-0.8004030819029211,19,-2.7513825454265994,
Bikaner,1990-2004,ON,ref_audited,base_swbgt_empirical_as_deployed,comparison baseline,915,915,-3.3956471761338944,3.2937577283633033,3.838982588124336,0.8434468313605847,-3.57142821604981,-2.66161706957692,-2.3975878210498216,-1.2820717406914213,10,-4.206999627504004,
Bikaner,1990-2004,ALL,ref_audited,base_shade_stull_at_tasmax,comparison baseline,5478,5478,-3.166103652177724,2.871041794122206,3.548392423481148,0.9614651832172368,-3.181201439552847,-2.2975237105291697,-2.4095441180993653,-3.2834098310747137,55,-5.067892608896473,FAIL
Bikaner,1990-2004,DJF,ref_audited,base_shade_stull_at_tasmax,comparison baseline,1353,1353,-4.15668497298703,3.984431653032404,4.396935498344922,0.841794242103135,-4.199943703345511,-4.343192806588487,-4.525987565886343,-4.470717060118556,14,-6.273854484210657,
Bikaner,1990-2004,MAM,ref_audited,base_shade_stull_at_tasmax,comparison baseline,1380,1380,-3.0537180061145395,2.703701711744243,3.48758502509792,0.8917967110999336,-3.1512016519566295,-2.175687897706549,-2.148527805599901,-2.715283716957096,14,-5.899449523692317,
Bikaner,1990-2004,JJAS,ref_audited,base_shade_stull_at_tasmax,comparison baseline,1830,1830,-2.262472143292485,2.036464387121807,2.5401061641523137,0.7498099276855225,-2.167791904805462,-2.5545835438031865,-2.873634004447844,-3.726632753719791,19,-5.4254646626008585,
Bikaner,1990-2004,ON,ref_audited,base_shade_stull_at_tasmax,comparison baseline,915,915,-3.678105101109081,3.3847699439864662,3.942715474926222,0.8820393896844421,-3.6474155896074834,-3.4936422507766096,-3.6837541969441467,-3.427484210262886,10,-5.281130633513993,
Bikaner,1990-2004,ALL,ref_audited,base_tier2_linear,comparison baseline,5478,5478,-0.9154635220278805,1.1362508698656697,1.835196502112219,0.9649080210367911,-0.7413576669430029,0.1090004330571972,0.0018112762041937458,-0.804182098997984,55,-2.571256591368751,FAIL
Bikaner,1990-2004,DJF,ref_audited,base_tier2_linear,comparison baseline,1353,1353,-2.0839500257948105,1.89752293290762,2.4506522226989853,0.8736694251520598,-2.169955874709345,-2.166737121803621,-2.416031713719004,-2.1937831575203965,14,-3.7043954450085113,
Bikaner,1990-2004,MAM,ref_audited,base_tier2_linear,comparison baseline,1380,1380,-0.38167082555919346,1.0086791734823315,1.7043418892722488,0.9000629202084284,-0.4292799665976972,0.5287491037460796,0.5505640872448296,0.09216141736442296,14,-2.940579980361389,
Bikaner,1990-2004,JJAS,ref_audited,base_tier2_linear,comparison baseline,1830,1830,-0.16302462435953807,0.7767724663417042,1.2344638316837548,0.7463473285106091,0.007772709163020863,-0.2161676794334184,-0.4512432855847237,-1.23036252472005,19,-2.956983254072934,
Bikaner,1990-2004,ON,ref_audited,base_tier2_linear,comparison baseline,915,915,-1.49757812778001,1.245129081640279,1.963203936689813,0.9086676053917144,-1.487797296419135,-1.313974701057191,-1.3641322058617753,-1.1538348785580794,10,-2.882372880444122,
Lucknow,1990-2004,ALL,ref_audited,ref_legacy,reference,5478,5478,0.18209133965487193,0.09654037511600677,0.8124365360221927,0.9874933218390506,0.10581856938122769,0.10597515338035635,0.1298441093690883,0.0842154675394653,55,0.07503431394266562,PASS
Lucknow,1990-2004,DJF,ref_audited,ref_legacy,reference,1353,1353,0.46968872584928334,0.15780804591855713,1.4711012288109826,0.8682014333393584,0.33443136640488547,0.6331105154565435,0.7059994759406685,1.6972071573753986,14,0.13692719516618013,
Lucknow,1990-2004,MAM,ref_audited,ref_legacy,reference,1380,1380,0.12053984029230172,0.1156810097393759,0.5256235711243136,0.9911464279396883,0.11328296036109009,0.23682963071714624,0.2272963095207743,0.14252181129888442,14,0.11798573044618722,
Lucknow,1990-2004,JJAS,ref_audited,ref_legacy,reference,1830,1830,0.04402470255183327,0.0536844300843029,0.17723400319218888,0.9965266727821448,0.04240905352119739,0.06219164096821572,0.022527152672125794,0.06923468715265813,19,0.06678457157113969,
Lucknow,1990-2004,ON,ref_audited,ref_legacy,reference,915,915,0.12578942872358118,0.10534493172264092,0.521599929396226,0.9882115777394703,0.1392439026340071,0.09619510816464327,0.10288267382562566,0.17931490217826251,10,0.05825425263386137,
Lucknow,1990-2004,ALL,ref_audited,sens_wind_brode,sensitivity,5478,5478,-0.00012957986744711525,0.05724858557024959,0.0747211026766743,0.9999037600012135,-0.004265634513728855,0.04829859579293583,0.06313585545154865,0.06311338070970152,55,0.06289536740996275,PASS
Lucknow,1990-2004,DJF,ref_audited,sens_wind_brode,sensitivity,1353,1353,-0.02104428210004406,0.0714937240941822,0.08634702904587978,0.9996132775806634,-0.06808192811530489,0.06560822578738978,0.050355817345785425,0.05855117779072927,14,0.06556369971258798,
Lucknow,1990-2004,MAM,ref_audited,sens_wind_brode,sensitivity,1380,1380,0.012856515901609182,0.05730428981846103,0.07845907910753884,0.9998415384111909,0.012092954790460908,0.05812411083378777,0.07013537122809765,0.06500905578179328,14,0.06405998319175817,
Lucknow,1990-2004,JJAS,ref_audited,sens_wind_brode,sensitivity,1830,1830,-0.005489670576629643,0.048745739106038855,0.06643951318507309,0.999636578300449,-0.04545433270695298,0.05365086835582389,0.055413660924628516,0.06579329348218721,19,0.0630625522790129,
Lucknow,1990-2004,ON,ref_audited,sens_wind_brode,sensitivity,915,915,0.021931344675951793,0.05679711370555651,0.06548893300575681,0.9998713805754591,0.04375695556126402,0.058691095632475765,0.05525180103573035,0.05525808053510417,10,0.06055695681509406,
Lucknow,1990-2004,ALL,ref_audited,cand_C1,deployable candidate,5478,5476,0.048244456300642766,0.7113471036793158,1.0352696544529392,0.9789360502207128,0.04041965895450517,-0.2958290229608167,-0.682954224089201,-1.2781142941867785,55,-2.0500964733346576,PASS
Lucknow,1990-2004,DJF,ref_audited,cand_C1,deployable candidate,1353,1351,0.11297725992842132,0.6963358063188707,1.0078965839642295,0.9251862636430119,0.16826163871485278,-0.48387463566433553,-0.5987042658582027,-0.5916086780323155,14,-1.335083645457465,
Lucknow,1990-2004,MAM,ref_audited,cand_C1,deployable candidate,1380,1380,0.14620002591210018,0.9935313903679059,1.2764955419973505,0.9504387164450034,0.3855362085873537,-1.079612160142652,-1.3633917919940188,-1.5517024989496022,14,-2.2274564024008123,
Lucknow,1990-2004,JJAS,ref_audited,cand_C1,deployable candidate,1830,1830,-0.09655317807555235,0.5251240154183847,0.862211893454939,0.9101806051217944,0.16009408447109763,-0.385159433733925,-0.7230158837294667,-1.406613439357642,19,-2.137775509336444,
Lucknow,1990-2004,ON,ref_audited,cand_C1,deployable candidate,915,915,0.09452529470883617,0.799338580491451,0.9849117443416062,0.955339162986644,-0.03183654737802044,-0.5723679411343312,-0.42942983959275693,-0.6661745048075005,10,-1.1424877258840809,
Lucknow,1990-2004,ALL,ref_audited,cand_C2,deployable candidate,5478,5476,-0.3212620685433711,0.6111521009243006,1.088341680023347,0.9785810385298064,-0.30169766136097564,-0.6652121992825641,-1.076624985195238,-1.6541353872418796,55,-2.435951959713944,PASS
Lucknow,1990-2004,DJF,ref_audited,cand_C2,deployable candidate,1353,1351,-0.29818450309940087,0.5547582064859853,1.0594167231288059,0.922864574295815,-0.25850500678654953,-0.857929127970408,-1.0469169506387175,-0.9933313722459332,14,-1.7952681744537122,
Lucknow,1990-2004,MAM,ref_audited,cand_C2,deployable candidate,1380,1380,-0.24306309844524862,0.7991627369368075,1.3084420537597696,0.9483093993962358,-0.03829959927281834,-1.4739473013910356,-1.7486107016301347,-1.9414575883473333,14,-2.61014056032898,
Lucknow,1990-2004,JJAS,ref_audited,cand_C2,deployable candidate,1830,1830,-0.3986472661921213,0.520710258726325,0.9386741567848047,0.9103743569824865,-0.13047168354412975,-0.7469084229112966,-1.1223460733425838,-1.797276708658785,19,-2.5202779674826394,
Lucknow,1990-2004,ON,ref_audited,cand_C2,deployable candidate,915,915,-0.3185051919892722,0.6678664896121518,1.0427592947199302,0.954543223600298,-0.4037119041695405,-1.054758797154662,-0.8906167311263218,-1.1648887980748839,10,-1.64403230344563,
Lucknow,1990-2004,ALL,ref_audited,cand_C3,deployable candidate,5478,5476,2.257890468393904,2.293855142613637,2.573776358734727,0.969829590477927,2.1085305196564548,1.814356985543867,1.5798717211745839,1.2938317544622748,55,0.47632246130476996,FAIL
Lucknow,1990-2004,DJF,ref_audited,cand_C3,deployable candidate,1353,1351,2.5497469190520823,2.773629364603039,2.7902000846316186,0.9104755617575476,2.6880865367941738,2.369857773664762,2.173436202920186,2.324318882702954,14,1.426545514206347,
Lucknow,1990-2004,MAM,ref_audited,cand_C3,deployable candidate,1380,1380,2.5061118077194036,2.7129581864658974,2.8202943704452177,0.9438208743845499,2.6661757583604526,1.4387676963831026,1.3309329704396333,1.2576764700815488,14,0.42447281840706197,
Lucknow,1990-2004,JJAS,ref_audited,cand_C3,deployable candidate,1830,1830,1.6090751467397015,1.6306925642145131,1.8972826999256844,0.9009216202869545,1.9458880696077756,1.7614962817903432,1.4951158089371717,1.0668681265750806,19,0.3556651708823384,
Lucknow,1990-2004,ON,ref_audited,cand_C3,deployable candidate,915,915,2.750227654753253,2.9479822195887095,2.9923315695445716,0.9332110973813438,2.800794332091641,1.9586587165996505,2.025518401062179,1.6009810981111414,10,1.1261697666862347,
Lucknow,1990-2004,ALL,ref_audited,abl_A1,oracle ablation,5478,5476,0.339307528466683,0.40149169329490064,0.5846891386073907,0.9954847518723724,0.27198729946780986,0.3098608890466039,0.4464521261761689,0.7448222525550392,55,0.6201121478940619,PASS
Lucknow,1990-2004,DJF,ref_audited,abl_A1,oracle ablation,1353,1351,0.3457588822470149,0.3917914689567965,0.5486445474607577,0.9869762097656551,0.3105599531355665,0.3769811864275425,0.3887114521689625,0.22604191524484918,14,0.4193645676761873,
Lucknow,1990-2004,MAM,ref_audited,abl_A1,oracle ablation,1380,1380,0.5729076126337723,0.584435883510082,0.7581386792469198,0.9914914950726951,0.4650705120033365,0.6758159898692924,0.7718332025921413,0.7781658980415287,14,0.6775476608925187,
Lucknow,1990-2004,JJAS,ref_audited,abl_A1,oracle ablation,1830,1830,0.13210497024598825,0.27996192366279615,0.462985171000752,0.979698738160294,0.11891446039558673,0.32540081081427275,0.35934951899120193,0.7035573975124905,19,0.6327635048312877,
Lucknow,1990-2004,ON,ref_audited,abl_A1,oracle ablation,915,915,0.39187232238587394,0.4339485727674628,0.5530923547565657,0.9929963186343715,0.34051950745117665,0.18777848014457277,0.22879676320090425,0.11739699101432421,10,0.14633050454270347,
Lucknow,1990-2004,ALL,ref_audited,abl_A2,oracle ablation,5478,5478,-0.047073390824722096,0.11943944183926192,0.33002389797850695,0.9979422855141973,-0.12858707422708449,0.09399868090265784,0.12981738778307061,0.15893901674141375,55,0.06954652983258298,PASS
Lucknow,1990-2004,DJF,ref_audited,abl_A2,oracle ablation,1353,1353,-0.0818104908647411,0.11719812725118572,0.3271757766291936,0.9928095184840958,-0.08055220579473144,-0.06124930450074473,-0.09404996948796196,-0.1398782221774546,14,-0.08360427020889054,
Lucknow,1990-2004,MAM,ref_audited,abl_A2,oracle ablation,1380,1380,-0.011771669585810128,0.09512043630476796,0.24507307425642375,0.9979899647669955,-0.014492667763505551,0.08507173425106629,0.11287024449445227,0.11460957061174781,14,0.02952439257659632,
Lucknow,1990-2004,JJAS,ref_audited,abl_A2,oracle ablation,1830,1830,-0.045279717971732254,0.2002462674919343,0.428851489819696,0.9818655589662811,-0.02060213558615942,0.14992921113251612,0.1714330345414652,0.13244924067416264,19,0.02757342780505137,
Lucknow,1990-2004,ON,ref_audited,abl_A2,oracle ablation,915,915,-0.05253732555316386,0.10046281761970022,0.18807125774363723,0.9985458857645595,-0.13252386488886714,-0.015677266512170718,0.024771786694948617,0.09228568091180023,10,0.05324082052037511,
Lucknow,1990-2004,ALL,ref_audited,abl_A3,oracle ablation,5478,5478,-0.2689768205626139,0.4445637511163625,0.983290923941153,0.98269917523239,-0.259806526184974,-0.6565057705233244,-1.152230425752876,-1.8325478808054072,55,-2.749001289079268,PASS
Lucknow,1990-2004,DJF,ref_audited,abl_A3,oracle ablation,1353,1353,-0.13317972212135115,0.44894664047581045,0.8736390926612629,0.9472651073834297,-0.13734904511733248,-0.673129984269007,-0.9044056548432025,-1.1657339020533861,14,-1.6037394577832507,
Lucknow,1990-2004,MAM,ref_audited,abl_A3,oracle ablation,1380,1380,-0.502048826122612,0.560190527895827,1.2957635817521316,0.9590974808041155,-0.24542477001878638,-1.7551822226397178,-2.1392544858727973,-2.3823798499488333,14,-2.889121045408968,
Lucknow,1990-2004,JJAS,ref_audited,abl_A3,oracle ablation,1830,1830,-0.15497237418735885,0.3258458983326591,0.7924524458330482,0.9304040154061929,0.10739119207499925,-0.8053413778537717,-1.1640728537724527,-1.8936512340923883,19,-2.769127461238177,
Lucknow,1990-2004,ON,ref_audited,abl_A3,oracle ablation,915,915,-0.346268889835781,0.5030654168583624,0.9336247205715497,0.9651437556757416,-0.5555166508195839,-0.8607586514237866,-0.7716040042514436,-0.9998240693747178,10,-1.3706643880409957,
Lucknow,1990-2004,ALL,ref_audited,abl_A4,oracle ablation,5478,5478,0.0029206982656012036,0.0028846341686517007,0.008627952172540943,0.9999989450521243,0.0046702013783601615,0.006580064590814061,0.01489940612205487,0.010877325155519202,55,0.014596766518240078,PASS
Lucknow,1990-2004,DJF,ref_audited,abl_A4,oracle ablation,1353,1353,-0.0024481509257062977,0.002390894576763003,0.0038912402923664915,0.9999993459580923,-0.0033151159638578065,-0.0020659547249586296,-0.002403114511459137,0.0007305853484993463,14,-0.0004755431725738747,
Lucknow,1990-2004,MAM,ref_audited,abl_A4,oracle ablation,1380,1380,0.009938538248205167,0.00853126479918842,0.0138719086387816,0.9999971228122468,0.015349973629298574,0.009101198522493803,0.012048394549672992,0.01462246022201441,14,0.014796299300708629,
Lucknow,1990-2004,JJAS,ref_audited,abl_A4,oracle ablation,1830,1830,0.0036382563058095364,0.0022601167979132697,0.007867563277793348,0.9999947097370475,0.0008033498058637178,0.005962096031744579,0.010411480186988342,0.015092332136767084,19,0.017277001985776582,
Lucknow,1990-2004,ON,ref_audited,abl_A4,oracle ablation,915,915,-0.001159845377825756,0.0016985183750648503,0.003043676118964332,0.9999997182591934,-0.00108230615131788,0.00012740322441118224,0.0012247247711414389,0.0007379874587059021,10,0.0006016645404429255,
Lucknow,1990-2004,ALL,ref_audited,base_swbgt_empirical_as_deployed,comparison baseline,5478,5478,-1.942967349634647,2.51272645414571,3.26068744811796,0.927676132587693,-2.3658972339975293,-0.11785159271334322,-0.5776925423140042,-1.2501738287045399,55,-2.9448196192278395,FAIL
Lucknow,1990-2004,DJF,ref_audited,base_swbgt_empirical_as_deployed,comparison baseline,1353,1353,-3.872898710369226,3.75511493560413,4.261576807953656,0.7435852682921819,-4.038697206168358,-4.411224383273883,-4.71633955259102,-4.265961032372221,14,-6.015909058521215,
Lucknow,1990-2004,MAM,ref_audited,base_swbgt_empirical_as_deployed,comparison baseline,1380,1380,-2.8010746128065254,2.635784155262307,3.2805092917367276,0.9056056124441213,-3.0606284163920776,-2.4670860004775435,-2.410731130805999,-2.1934064970952605,14,-3.3652125182053365,
Lucknow,1990-2004,JJAS,ref_audited,base_swbgt_empirical_as_deployed,comparison baseline,1830,1830,0.8146139206097033,1.4027474707847745,1.7913117548431434,0.6303335266569303,0.9679310607753138,-0.07316632518751476,-0.5712758599002257,-1.3190780040260535,19,-2.868371437640403,
Lucknow,1990-2004,ON,ref_audited,base_swbgt_empirical_as_deployed,comparison baseline,915,915,-3.3101679729090545,3.403500229852664,3.7616649761991856,0.8791621290944984,-3.7186582174158325,-2.3233930005713574,-2.089186515474122,-2.2770567781024127,10,-3.2275673645299974,
Lucknow,1990-2004,ALL,ref_audited,base_shade_stull_at_tasmax,comparison baseline,5478,5478,-3.61448378080154,3.310649980857539,3.885382565455364,0.9596951112965376,-3.267628550386277,-3.897425930593915,-4.238844657099754,-4.740652567107148,55,-5.474409298756299,FAIL
Lucknow,1990-2004,DJF,ref_audited,base_shade_stull_at_tasmax,comparison baseline,1353,1353,-4.006468992422191,3.711807033440767,4.255796795254308,0.8400365972851874,-3.998442342563717,-4.505493132785823,-4.7445727774767725,-4.389447637804519,14,-6.105418969171352,
Lucknow,1990-2004,MAM,ref_audited,base_shade_stull_at_tasmax,comparison baseline,1380,1380,-3.391619312521332,2.9631743433718185,3.710496941184865,0.9198732142474041,-3.2259395763068497,-4.415771418178458,-4.599394057069137,-4.779188613463809,14,-5.548592184836699,
Lucknow,1990-2004,JJAS,ref_audited,base_shade_stull_at_tasmax,comparison baseline,1830,1830,-3.2675193668315172,3.029058917394268,3.4854052327007703,0.8167648256621207,-3.2472197601147528,-4.003550809436142,-4.3568973538207985,-4.867061593199267,19,-5.505441028059501,
Lucknow,1990-2004,ON,ref_audited,base_shade_stull_at_tasmax,comparison baseline,915,915,-4.064912034866121,3.8144574138640195,4.305444415589933,0.9018801106366329,-4.064557154656491,-4.918152708739459,-5.016768015534364,-5.450414615823565,10,-6.1155326358043025,
Lucknow,1990-2004,ALL,ref_audited,base_tier2_linear,comparison baseline,5478,5478,-1.1658532481342732,1.1614074210304874,1.6415164320759879,0.9739803244898139,-0.9187997777490367,-1.2511754775991477,-1.544307458686582,-1.9046265783487684,55,-2.682824660838302,FAIL
Lucknow,1990-2004,DJF,ref_audited,base_tier2_linear,comparison baseline,1353,1353,-1.658364932392797,1.4845561865181196,1.9683600727493957,0.9162326822235703,-1.650022851303973,-1.9888649885614704,-2.0527128934086853,-1.9438412228027886,14,-2.732889670162493,
Lucknow,1990-2004,MAM,ref_audited,base_tier2_linear,comparison baseline,1380,1380,-0.5920919518832162,0.7877954988003566,1.4715519353417725,0.9363325214460857,-0.2433737028602394,-1.612914569700294,-1.8227609366401438,-1.9182986744332382,14,-2.743643966908801,
Lucknow,1990-2004,JJAS,ref_audited,base_tier2_linear,comparison baseline,1830,1830,-1.2079137642795625,1.2318459744135293,1.524673174135647,0.8919105063319244,-1.1063835033315108,-1.3463168532720502,-1.6397484972183136,-2.2357326058699556,19,-2.786445709354984,
Lucknow,1990-2004,ON,ref_audited,base_tier2_linear,comparison baseline,915,915,-1.218805745925308,1.0462940873506916,1.5772832773988084,0.9513157019860173,-1.270374767611436,-1.7118694379516626,-1.634939882465229,-1.8705055854158275,10,-2.3779817355932598,
Hyderabad,1990-2004,ALL,ref_audited,ref_legacy,reference,5478,5478,0.11432273487626968,0.07997133375675958,0.43710228537227697,0.9876201336783683,0.06493534863508899,0.19489845273126605,0.30895768046126193,0.5841725425393633,55,0.11640065389759477,PASS
Hyderabad,1990-2004,DJF,ref_audited,ref_legacy,reference,1353,1353,0.1027966043276625,0.09664351492727974,0.1797824396001284,0.997000414150206,0.09733860004354256,0.04026540632591846,0.08725939952662287,0.13071789422247448,14,0.11485068681410228,
Hyderabad,1990-2004,MAM,ref_audited,ref_legacy,reference,1380,1380,0.22761588655497247,0.11567874990817018,0.8057267086935812,0.9315406257822394,0.17555835725659108,0.3305959225468911,0.46672587040819025,1.1903441304730578,14,0.13276736094984795,
Hyderabad,1990-2004,JJAS,ref_audited,ref_legacy,reference,1830,1830,0.04234773829529386,0.04191594285646261,0.1141972658454463,0.9984101773493732,0.04906644012964989,0.03972479525234007,0.04170338051322631,0.11227782403924635,19,0.12059043759886603,
Hyderabad,1990-2004,ON,ref_audited,ref_legacy,reference,915,915,0.10444792510451167,0.08387380609104866,0.3014206346127358,0.9911078825292281,0.09492790233070991,0.007804329564518042,-0.003245827846793503,-0.0714042757891491,10,-0.09091828157590384,
Hyderabad,1990-2004,ALL,ref_audited,sens_wind_brode,sensitivity,5478,5478,-0.0021195763447574125,0.05294319009328774,0.07615891699101285,0.9996135077172996,-0.02727603248098376,0.04381656771467135,0.05368665596914468,0.06978645986630028,55,0.06650775196679681,PASS
Hyderabad,1990-2004,DJF,ref_audited,sens_wind_brode,sensitivity,1353,1353,0.029669854610181234,0.05070558376723966,0.05830432013272899,0.9996812796839786,0.027204026032961792,0.06670548301443802,0.06789678491720252,0.06647362059783646,14,0.07055160260199093,
Hyderabad,1990-2004,MAM,ref_audited,sens_wind_brode,sensitivity,1380,1380,0.04123752072180311,0.0516721826624007,0.05849604938278046,0.999805587436217,0.026893601031815706,0.057467474453119394,0.06049307392307668,0.06869364603523564,14,0.0685164206469275,
Hyderabad,1990-2004,JJAS,ref_audited,sens_wind_brode,sensitivity,1830,1830,-0.06383605933155331,0.07568357891037181,0.10209510039557379,0.9993854960882804,-0.09132668143286082,-0.022151026465277113,0.032944249975123796,0.05759072105494312,19,0.06281896464639658,
Hyderabad,1990-2004,ON,ref_audited,sens_wind_brode,sensitivity,915,915,0.008915691231145302,0.04738638569710929,0.060752145452789626,0.9995784767940048,-0.014228156833041794,0.013799158502227016,0.04267552568159516,0.07257231671564313,10,0.06087086692875232,
Hyderabad,1990-2004,ALL,ref_audited,cand_C1,deployable candidate,5478,5476,0.2858748967896605,0.6292647909147604,0.8978880947874094,0.9465104744735097,0.39404838663404007,0.02262508280887232,-0.4004524506865579,-1.1129586261880604,55,-1.8463091730119385,PASS
Hyderabad,1990-2004,DJF,ref_audited,cand_C1,deployable candidate,1353,1351,0.27934963546585373,0.7054716741970992,0.96619630348781,0.8739091166441466,0.48960408095257435,-0.2086307849247646,-0.6740490126588838,-1.0043225856973663,14,-1.9902240874721062,
Hyderabad,1990-2004,MAM,ref_audited,cand_C1,deployable candidate,1380,1380,0.10414039376286509,0.7592014403098517,1.0649082625421114,0.8458390833229722,0.2936580560944435,-0.8551013560939182,-0.9995680309017843,-1.431461818625813,14,-1.9925514992711604,
Hyderabad,1990-2004,JJAS,ref_audited,cand_C1,deployable candidate,1830,1830,0.31070286567665006,0.47494349699070426,0.6722755893522512,0.9513173555118488,0.4375155712601213,0.40705826995969474,0.2540532031242151,-0.8687702797005201,19,-1.6379884535269447,
Hyderabad,1990-2004,ON,ref_audited,cand_C1,deployable candidate,915,915,0.5199449068030485,0.7429768490821402,0.9122865498264146,0.9299695011674652,0.6409149747802871,0.40264028234324556,0.11752798907435036,-0.4457770578962368,10,-1.2583487178626966,
Hyderabad,1990-2004,ALL,ref_audited,cand_C2,deployable candidate,5478,5476,-0.08875533206303077,0.463113462406767,0.8679000509978277,0.9449861666277563,0.05721025421505033,-0.38695331421635615,-0.8239606636968375,-1.5532768468182212,55,-2.291348169816703,PASS
Hyderabad,1990-2004,DJF,ref_audited,cand_C2,deployable candidate,1353,1351,-0.1642143165166736,0.47029459972611676,0.9577097165817385,0.8683545068297639,0.05869321354026624,-0.67436048327869,-1.1414172403931673,-1.4777637266377326,14,-2.5011816362611756,
Hyderabad,1990-2004,MAM,ref_audited,cand_C2,deployable candidate,1380,1380,-0.3204618763698941,0.6442179107850166,1.1322328848610055,0.8360237132768877,-0.14341372208866687,-1.2868077727123506,-1.458733683390328,-1.8531897456026556,14,-2.4359777238903626,
Hyderabad,1990-2004,JJAS,ref_audited,cand_C2,deployable candidate,1830,1830,0.03380772644748403,0.3635195867937,0.5765714333528813,0.9520351565751819,0.1534933731569481,0.03202826287988003,-0.11682886062883568,-1.26591886581285,19,-2.069232458114162,
Hyderabad,1990-2004,ON,ref_audited,cand_C2,deployable candidate,915,915,0.12699299806385533,0.4898304144274448,0.745260949762994,0.9324888214881139,0.23264601089738335,-0.003909859721265008,-0.3549588157608987,-0.9101162213496821,10,-1.7497447951185279,
Hyderabad,1990-2004,ALL,ref_audited,cand_C3,deployable candidate,5478,5476,2.259284733524188,2.353653350533847,2.4744357641588195,0.9254164555228953,2.2759866276476544,2.1752944737185373,1.8531468989803273,1.3365315503535982,55,0.38514876106445195,FAIL
Hyderabad,1990-2004,DJF,ref_audited,cand_C3,deployable candidate,1353,1351,2.491746354015851,2.68531824606265,2.6904913202349316,0.8469590126113699,2.7171319261334475,2.053807311823846,1.6056194761335973,1.3238569327291998,14,0.2552047663702207,
Hyderabad,1990-2004,MAM,ref_audited,cand_C3,deployable candidate,1380,1380,2.2015987590888666,2.336861132291375,2.482672756606208,0.8097206328034697,2.3561306935446567,1.4098843860398347,1.34192763963717,1.1798420410494117,14,0.25512343978363916,
Hyderabad,1990-2004,JJAS,ref_audited,cand_C3,deployable candidate,1830,1830,1.975741076402323,2.0264260184631837,2.1350971222206865,0.9437697342369682,2.0872886049547787,2.4684788807025804,2.418682069039882,1.5606894089020429,19,0.6060401944696603,
Hyderabad,1990-2004,ON,ref_audited,cand_C3,deployable candidate,915,915,2.5701436274799483,2.7344155837266726,2.7462682863116017,0.8904396461918086,2.781017791936449,2.529963734339198,2.272467358097771,1.7869818027418063,10,0.8948501177471371,
Hyderabad,1990-2004,ALL,ref_audited,abl_A1,oracle ablation,5478,5476,0.40994992330216407,0.4268967080295454,0.6461681798471598,0.9828729527509825,0.3377273060365269,0.5016184093611571,0.6448237875271445,0.7366369649714528,55,0.6912930934406404,PASS
Hyderabad,1990-2004,DJF,ref_audited,abl_A1,oracle ablation,1353,1351,0.530508253589819,0.5506183419393551,0.6973448168263593,0.9720431326973623,0.5548531559845173,0.6246559671517389,0.391781337476516,0.5544735969173189,14,0.445378555564726,
Hyderabad,1990-2004,MAM,ref_audited,abl_A1,oracle ablation,1380,1380,0.6647742447368241,0.641383720652982,0.8593126915496754,0.9613757321504655,0.6042205041628392,0.694089165667144,0.8500945871354659,0.9061422688605276,14,0.7929308200703369,
Hyderabad,1990-2004,JJAS,ref_audited,abl_A1,oracle ablation,1830,1830,0.19298415366265453,0.2639092201452513,0.4322393434506417,0.9812396425910649,0.18161549001709432,0.31257233659535544,0.41459993506901327,0.28961479633339593,19,0.5486926981250624,
Hyderabad,1990-2004,ON,ref_audited,abl_A1,oracle ablation,915,915,0.28155155241893964,0.39402501439667503,0.5417208148673528,0.9737079789779439,0.27853246595282144,0.1888585420236808,0.16228533527342393,0.14795224974542975,10,-0.20794823788061195,
Hyderabad,1990-2004,ALL,ref_audited,abl_A2,oracle ablation,5478,5478,0.04103250447985686,0.14288511833905204,0.29044868156809645,0.9949475779240426,0.06142332028755959,0.14129512748527873,0.2818448417949142,0.4091206549294384,55,0.17652914219508334,PASS
Hyderabad,1990-2004,DJF,ref_audited,abl_A2,oracle ablation,1353,1353,-0.04760748790090298,0.1251023850143156,0.21201309553599768,0.9942296258232558,-0.022675848144842803,0.03738219112352681,-0.06278488274876892,-0.02403670469335495,14,-0.0916213496585913,
Hyderabad,1990-2004,MAM,ref_audited,abl_A2,oracle ablation,1380,1380,0.14364994565092035,0.14854397815412312,0.3621780499272687,0.9873247258562011,0.09691126611141954,0.29759501210706674,0.4275413246648654,0.29368640601986584,14,0.08161641566543867,
Hyderabad,1990-2004,JJAS,ref_audited,abl_A2,oracle ablation,1830,1830,0.047628438736055434,0.17484020132880573,0.29314506164308357,0.9892905118047152,0.059431189952874774,0.03533758009449528,0.12384621247824867,0.20633022773127152,19,0.11895698168903461,
Hyderabad,1990-2004,ON,ref_audited,abl_A2,oracle ablation,915,915,0.004144287197077686,0.13148023932416208,0.26246373749089486,0.992664607258273,0.03398033334394768,0.10019635476407629,-0.0473058031346163,0.11268173905205003,10,0.03032544509438253,
Hyderabad,1990-2004,ALL,ref_audited,abl_A3,oracle ablation,5478,5478,-0.14851861943284816,0.2734431354283231,0.7794578026030147,0.9602825313289608,-0.00280840823020867,-0.6303846991014801,-1.0927553279638644,-1.9129026293556208,55,-2.6554992336271974,PASS
Hyderabad,1990-2004,DJF,ref_audited,abl_A3,oracle ablation,1353,1353,-0.18134930495413418,0.3393406428538128,0.8049839180501651,0.9176523446445142,0.005287112389851245,-0.7268121706701223,-1.2050746987651912,-1.6077838207604458,14,-2.441174385202536,
Hyderabad,1990-2004,MAM,ref_audited,abl_A3,oracle ablation,1380,1380,-0.6407876335501852,0.42878356243517146,1.161838240053027,0.8798094208721059,-0.45087671000172236,-1.6339792458411182,-1.7939669034206247,-2.314876959296342,14,-2.866548789512458,
Hyderabad,1990-2004,JJAS,ref_audited,abl_A3,oracle ablation,1830,1830,0.08120923378757917,0.15143343660199093,0.3849708706398758,0.9799600404616517,0.1337926011083539,0.03345674738732285,-0.25950452385101386,-1.467095643250893,19,-2.2211476609199905,
Hyderabad,1990-2004,ON,ref_audited,abl_A3,oracle ablation,915,915,0.18301054515605114,0.3816871044371055,0.5889806824039514,0.9619816428366159,0.24815239895900731,0.021103127452825277,-0.2971390082482017,-0.8570884857586165,10,-1.4378250758942612,
Hyderabad,1990-2004,ALL,ref_audited,abl_A4,oracle ablation,5478,5478,-0.0007273654863586504,0.0026656438199097465,0.004668600547460235,0.9999988526141164,-0.0014309589937511191,0.005260090131443462,0.003454144608681986,0.003315837831451063,55,0.003040515016619917,PASS
Hyderabad,1990-2004,DJF,ref_audited,abl_A4,oracle ablation,1353,1353,-0.005265516889711767,0.005040499394567632,0.006257744342701923,0.9999985785941028,-0.003231472836546345,-0.0034205204085893115,-0.004201939446545566,-0.002861778025824435,14,-0.003776107229429369,
Hyderabad,1990-2004,MAM,ref_audited,abl_A4,oracle ablation,1380,1380,0.000988825831302002,0.0032231835426159705,0.00512676507858149,0.9999969571209004,8.877520107830605e-05,0.0018636867064785179,-0.0009310272739355696,0.0036580620201434044,14,0.003259607020940588,
Hyderabad,1990-2004,JJAS,ref_audited,abl_A4,oracle ablation,1830,1830,0.0019346266078434278,0.0016457043040531971,0.00335316851044884,0.9999989610965061,0.0004682568170437662,0.0006639268896755368,0.002355360722802402,0.0018159557319492592,19,0.0044315154745444675,
Hyderabad,1990-2004,ON,ref_audited,abl_A4,oracle ablation,915,915,-0.0019291913902108216,0.0016154208310581453,0.0032335952439182304,0.9999993220020092,0.0008554789939694274,-0.0003974223124174614,-0.0013699964273889975,0.00017232108672260438,10,-3.865155509856777e-05,
Hyderabad,1990-2004,ALL,ref_audited,base_swbgt_empirical_as_deployed,comparison baseline,5478,5478,-1.309427971592272,1.6002370307951654,2.4631397725602437,0.7514306743504396,-0.21529291654861282,-1.5440659498371758,-1.982751191145045,-2.609947871652736,55,-3.874930410846582,FAIL
Hyderabad,1990-2004,DJF,ref_audited,base_swbgt_empirical_as_deployed,comparison baseline,1353,1353,-2.9774551928077444,2.9870057704185733,3.431340826592247,0.6361436154070591,-2.7482435106832916,-2.8214351595674607,-3.2000156538421507,-3.255118111313518,14,-5.787354667086789,
Hyderabad,1990-2004,MAM,ref_audited,base_swbgt_empirical_as_deployed,comparison baseline,1380,1380,-2.172528502976013,2.0247481456659298,2.7129508693646556,0.6570580025686603,-1.774757494558667,-2.635526705787157,-2.73837919690234,-2.9586742600511116,14,-4.032475240075241,
Hyderabad,1990-2004,JJAS,ref_audited,base_swbgt_empirical_as_deployed,comparison baseline,1830,1830,0.6236192636808464,0.8765810303528454,1.3067929323436378,0.8306684022607965,0.5928074819266236,-0.2907766491429449,-0.7799924286373425,-1.9437519003123356,19,-3.2453721155937236,
Hyderabad,1990-2004,ON,ref_audited,base_swbgt_empirical_as_deployed,comparison baseline,915,915,-1.4073043398280205,1.503900282035655,2.0968197421226438,0.7671498713766027,-0.9343488049731015,-0.9577158862621573,-1.5818481590436058,-2.583815470260614,10,-3.6224370900222014,
Hyderabad,1990-2004,ALL,ref_audited,base_shade_stull_at_tasmax,comparison baseline,5478,5478,-3.136945972373677,2.9528919881850104,3.3685618816067158,0.8858810296543029,-2.824400497083875,-3.494561971468329,-3.9158037892573674,-4.5870072205943835,55,-5.7241971375841265,FAIL
Hyderabad,1990-2004,DJF,ref_audited,base_shade_stull_at_tasmax,comparison baseline,1353,1353,-3.5751490255983303,3.349630613599196,3.77482607471013,0.776000055388534,-3.338437831084928,-4.018032792713033,-4.459260736047785,-4.777681447044824,14,-6.317315608732419,
Hyderabad,1990-2004,MAM,ref_audited,base_shade_stull_at_tasmax,comparison baseline,1380,1380,-3.502866083803768,3.2563526548558492,3.7640446520527,0.7132015867011321,-3.244889504474397,-4.421171723370787,-4.580021370770002,-4.918810516966172,14,-5.776946587803924,
Hyderabad,1990-2004,JJAS,ref_audited,base_shade_stull_at_tasmax,comparison baseline,1830,1830,-2.4668813492449084,2.348722718794578,2.623692066801067,0.8885782895905718,-2.5216711455303944,-3.0442011013793007,-3.005061342736038,-4.08232179173698,19,-5.545555876425276,
Hyderabad,1990-2004,ON,ref_audited,base_shade_stull_at_tasmax,comparison baseline,915,915,-3.277229880066753,3.1963037962705485,3.42468178293774,0.8757924396307144,-3.105857803789519,-3.8307105604278746,-4.270391245753174,-5.16919353344786,10,-6.259571446543886,
Hyderabad,1990-2004,ALL,ref_audited,base_tier2_linear,comparison baseline,5478,5478,-0.8433629193425964,0.8414243436686135,1.2351854452401287,0.9413808434050052,-0.8958409815981305,-0.6827803477591132,-1.0743778946951252,-1.727977068705691,55,-2.518020563841485,PASS
Hyderabad,1990-2004,DJF,ref_audited,base_tier2_linear,comparison baseline,1353,1353,-1.0104714102619354,0.8914734104836519,1.3725748664492303,0.8732577046161164,-0.8669375424476584,-1.2881661878429327,-1.7167296467982638,-1.8992443481132888,14,-2.8836686874169906,
Hyderabad,1990-2004,MAM,ref_audited,base_tier2_linear,comparison baseline,1380,1380,-0.6063765627302076,0.7017376501107879,1.2674718450120164,0.8223751990728259,-0.32457028035004853,-1.5000195730223425,-1.6125869820420462,-1.9196491354285001,14,-2.5534464297021793,
Hyderabad,1990-2004,JJAS,ref_audited,base_tier2_linear,comparison baseline,1830,1830,-0.8910377346806497,0.9053895039227804,1.1301847115955908,0.9312395786387493,-0.9055048603428446,-0.7431565389196386,-0.6817551072773149,-1.3960011962010341,19,-2.5135162101681376,
Hyderabad,1990-2004,ON,ref_audited,base_tier2_linear,comparison baseline,915,915,-0.8583339268208411,0.7818883442255071,1.1707974695826555,0.9199960390008176,-0.8150814795010675,-0.9540241024513847,-1.2060268038609472,-1.7614989010195785,10,-2.7449617566917146,
Shimla,1990-2004,ALL,ref_audited,ref_legacy,reference,5478,5478,0.11075183528598313,0.11904227981818849,1.0343733383417393,0.976780158230549,0.21864765178531798,0.0572610518892418,0.08206583103670084,0.18457106725714922,55,-0.022349256189828668,PASS
Shimla,1990-2004,DJF,ref_audited,ref_legacy,reference,1353,1353,0.26636251041932635,0.1682170886307972,1.5205227820801406,0.84721812458282,0.18359576758143703,0.2907381378529301,0.5995218372992319,2.8593031955036423,14,-0.0778241757649474,
Shimla,1990-2004,MAM,ref_audited,ref_legacy,reference,1380,1380,0.048101169276026666,0.13844585522272723,0.8124315444964185,0.9674494698807524,0.06147336187990504,-0.04466325674823324,0.16667247433357701,0.17345644050847397,14,-0.08839628068259182,
Shimla,1990-2004,JJAS,ref_audited,ref_legacy,reference,1830,1830,0.007403467095509687,0.07080217270237199,0.2902939907895413,0.9834634391215431,-0.0028124431329388244,0.012582352577261702,0.05599558780491165,0.02545834494289423,19,-0.03788852440001284,
Shimla,1990-2004,ON,ref_audited,ref_legacy,reference,915,915,0.18183838110772402,0.2255951060635084,1.350113349312186,0.8717413889269308,0.13754801384345683,0.3522348304465588,0.599934600270398,2.490316887826584,10,-0.2134790769467884,
Shimla,1990-2004,ALL,ref_audited,sens_wind_brode,sensitivity,5478,5478,0.04218277847833135,0.059433682546028876,0.06617298272647577,0.9999431710632701,0.04621334677716504,0.03601104228890151,0.02879338631697337,0.039136159012617355,55,0.038929787163677204,PASS
Shimla,1990-2004,DJF,ref_audited,sens_wind_brode,sensitivity,1353,1353,0.044679125085298046,0.072107180218552,0.07734450755989163,0.9997289836256417,0.04139214466061958,0.06548407924302779,0.07300850361556499,0.06673559101948001,14,0.07859120286804,
Shimla,1990-2004,MAM,ref_audited,sens_wind_brode,sensitivity,1380,1380,0.05414324639691536,0.06142276766718169,0.06599370719752491,0.9999324038292126,0.05838137395085141,0.04747991641559679,0.05250737920936288,0.06632719500394657,14,0.06800546741692008,
Shimla,1990-2004,JJAS,ref_audited,sens_wind_brode,sensitivity,1830,1830,0.02925287850359722,0.048126153585172915,0.05528038703548681,0.9995611259935587,0.015196378232786856,0.02958470757865328,0.011981743521840116,0.04125453794181766,19,0.04018016098976168,
Shimla,1990-2004,ON,ref_audited,sens_wind_brode,sensitivity,915,915,0.046312520846518886,0.06351503801295166,0.06848130560099595,0.9997962276943534,0.029153862176428902,0.03852066165072543,0.0573955090905649,0.06651746620050147,10,0.06769081477980876,
Shimla,1990-2004,ALL,ref_audited,cand_C1,deployable candidate,5478,5476,0.2735964881551834,0.8570105535687844,1.1066415727925674,0.9780498361345751,0.32014668243272126,0.7003287601832255,0.64749048253681,0.25977650435038413,55,-0.6606274891164637,PASS
Shimla,1990-2004,DJF,ref_audited,cand_C1,deployable candidate,1353,1351,-0.1827446153263217,0.7188372468247053,1.1051648714111075,0.9165181452263754,-0.07277165072594016,0.042632219561596685,-0.32141576699658003,-0.6655566843487577,14,-1.6623183128851053,
Shimla,1990-2004,MAM,ref_audited,cand_C1,deployable candidate,1380,1380,0.18380225581097165,0.8707555148419601,1.1551406828376891,0.9361975042237846,0.2827018013869633,0.2818550601972589,0.3314407748949044,-0.09300557707064883,14,-1.2784355208686609,
Shimla,1990-2004,JJAS,ref_audited,cand_C1,deployable candidate,1830,1830,0.6254125949170851,0.9725964125397297,1.1149234041331293,0.8329312833029549,0.7007923225327488,0.470460941352016,0.3390876225409123,-0.10995883929584593,19,-1.1145084329580097,
Shimla,1990-2004,ON,ref_audited,cand_C1,deployable candidate,915,915,0.3791805275696594,0.8362549909967925,1.0135285213123193,0.9264802433087042,0.3440455103257136,0.560416165564888,0.3730367224205686,0.050615171446441565,10,-0.5721490603560199,
Shimla,1990-2004,ALL,ref_audited,cand_C2,deployable candidate,5478,5476,-0.2757467614755583,0.7100824690230922,1.1184955012189737,0.9780528662171433,-0.23342729524986794,0.18037784882193364,0.12555843503125175,-0.25835099201827916,55,-1.1792319909632882,PASS
Shimla,1990-2004,DJF,ref_audited,cand_C2,deployable candidate,1353,1351,-0.7900600277032093,0.8013408234202757,1.3626067007665716,0.9111270576522783,-0.6800748114505382,-0.589661461313824,-0.9640870546722056,-1.2306846895176022,14,-2.2949187593040796,
Shimla,1990-2004,MAM,ref_audited,cand_C2,deployable candidate,1380,1380,-0.37374487193765443,0.6846718934650369,1.2030345382920151,0.9359892287488819,-0.28914080931843955,-0.25366037418819687,-0.21242468722179453,-0.631339987285056,14,-1.8142862020123078,
Shimla,1990-2004,JJAS,ref_audited,cand_C2,deployable candidate,1830,1830,0.1383759511114503,0.6938000451231119,0.8979089619515479,0.8412559437174603,0.20821171276327277,-0.032589720884690365,-0.19807606921415655,-0.6187418774850073,19,-1.6355616257115158,
Shimla,1990-2004,ON,ref_audited,cand_C2,deployable candidate,915,915,-0.19680681494329258,0.6693497846278547,0.9748595840449796,0.9242339177742794,-0.26219424233005384,0.05915206055025024,-0.17851741584570746,-0.33454031647006843,10,-1.1667443125834496,
Shimla,1990-2004,ALL,ref_audited,cand_C3,deployable candidate,5478,5476,1.9820025095036418,2.174786200920636,2.330751878584274,0.9723243523720404,2.154533346122946,2.3699984245399435,2.315910809406631,2.0688225873003603,55,1.0841692101328322,FAIL
Shimla,1990-2004,DJF,ref_audited,cand_C3,deployable candidate,1353,1351,1.4306948653382303,1.6094659093657242,1.9171139710400686,0.9120229582666953,1.5733358264871526,2.074609649263323,1.742415677704173,1.3998042619138573,14,0.2571154840819929,
Shimla,1990-2004,MAM,ref_audited,cand_C3,deployable candidate,1380,1380,1.9221921736912313,2.1666247334856337,2.279750381298312,0.9307186458136026,2.0562552144725146,2.069754283622398,2.1631240905261038,1.8175966355844402,14,0.6000870856517955,
Shimla,1990-2004,JJAS,ref_audited,cand_C3,deployable candidate,1830,1830,2.2064925920029363,2.462054310617475,2.4684663503548823,0.7882439832496927,2.313076846357376,2.214689892862392,2.1590097589018633,1.8074900620219871,19,0.7051751817801316,
Shimla,1990-2004,ON,ref_audited,cand_C3,deployable candidate,915,915,2.437235339793138,2.596193250784154,2.6569781445134324,0.9155652953153627,2.483981098344259,2.7565078810572565,2.576839153311351,2.367192606212459,10,1.573848431365866,
Shimla,1990-2004,ALL,ref_audited,abl_A1,oracle ablation,5478,5476,-0.21540176098206687,0.38602161728169904,0.6189580802283909,0.9926110157396,-0.15762186472599637,-0.2809312979342167,-0.4086195675244113,-0.6607054339398388,55,-1.0928390465071278,PASS
Shimla,1990-2004,DJF,ref_audited,abl_A1,oracle ablation,1353,1351,-0.20889065989293049,0.36859019392301207,0.6061775008488156,0.9755493575718088,-0.2028169977747325,-0.2755901152219735,-0.236217784117855,-0.28744335513277974,14,-0.3463984001186832,
Shimla,1990-2004,MAM,ref_audited,abl_A1,oracle ablation,1380,1380,-0.08845808969599882,0.39890705778492475,0.6051397353436121,0.9826821584974209,-0.055460977593838834,0.04884160923876735,0.04718603863779691,-0.37185930148833535,14,-0.3975127299515456,
Shimla,1990-2004,JJAS,ref_audited,abl_A1,oracle ablation,1830,1830,-0.24788004789308019,0.3774773304297696,0.61146158320037,0.9366364361572194,-0.2427533626930085,-0.5501159939141154,-0.697344695107148,-1.0172722367643097,19,-1.1666078563163003,
Shimla,1990-2004,ON,ref_audited,abl_A1,oracle ablation,915,915,-0.35151487453293334,0.4233738834262226,0.6709597089241632,0.9714820409613312,-0.29864764009698774,-0.5229239840960531,-0.5516137261382319,-0.5499600428385243,10,-0.663644287423432,
Shimla,1990-2004,ALL,ref_audited,abl_A2,oracle ablation,5478,5478,-0.1033456642722034,0.22265874388995144,0.46017410261570996,0.9960870010586971,-0.18024399840086858,0.10480395580038504,0.1324320690405436,0.19770257897776844,55,-0.06878041324423624,PASS
Shimla,1990-2004,DJF,ref_audited,abl_A2,oracle ablation,1353,1353,-0.24395442770898484,0.2615767526486934,0.5517297447366264,0.9825768154915195,-0.18933833393310806,-0.24998654904596762,-0.17472763332417784,-0.11752718953442454,14,-0.28269704646862287,
Shimla,1990-2004,MAM,ref_audited,abl_A2,oracle ablation,1380,1380,-0.1363023880741481,0.22913776423786203,0.41476064516824085,0.9927495618713299,-0.1522061758073221,-0.0647883859808438,0.05124450951119641,0.0965567730781487,14,0.0704081053580085,
Shimla,1990-2004,JJAS,ref_audited,abl_A2,oracle ablation,1830,1830,0.04463497928653471,0.24023205833185557,0.4802909181060122,0.958353382342973,0.07071277621881222,0.11657366441151495,0.1570696917113672,-0.1282401720791846,19,-0.21462691974873774,
Shimla,1990-2004,ON,ref_audited,abl_A2,oracle ablation,915,915,-0.1416851636556369,0.15524181978190654,0.3112144593113058,0.993828688813627,-0.16084104521132758,-0.04746279309635071,0.10633527129130016,0.057172096941915385,10,-0.17596827868924264,
Shimla,1990-2004,ALL,ref_audited,abl_A3,oracle ablation,5478,5478,0.43681690886764796,0.8629157987525105,1.017924348190451,0.9833315398779472,0.2208728934492683,0.8722219398299522,0.894094392315111,0.8704830657724258,55,0.4022292250813703,PASS
Shimla,1990-2004,DJF,ref_audited,abl_A3,oracle ablation,1353,1353,0.16884704354770302,0.736663107056529,1.0095637424975838,0.9283473345521583,0.2785217199569274,0.32944442628189563,-0.06694338696465962,-0.16983519342647924,14,-1.3349569472988247,
Shimla,1990-2004,MAM,ref_audited,abl_A3,oracle ablation,1380,1380,0.18998430618435283,0.8079887728156336,1.0752798993331276,0.9430081112810332,0.1720663368909925,0.17543598008205663,0.13214869067710922,-0.13727409539999869,14,-1.4859399059034135,
Shimla,1990-2004,JJAS,ref_audited,abl_A3,oracle ablation,1830,1830,0.8216689174481989,0.9623395205896941,1.0015436032768257,0.9398523758003,0.8630886149843775,0.8866145823901732,0.8384215381225282,0.6687074808386413,19,0.017682214674634548,
Shimla,1990-2004,ON,ref_audited,abl_A3,oracle ablation,915,915,0.4356289785708436,0.8117611010798669,0.9727932210653578,0.9346745451569627,0.35843280653978127,0.5077564009026325,0.4137815271063161,0.2920701566147379,10,-0.6099450990820344,
Shimla,1990-2004,ALL,ref_audited,abl_A4,oracle ablation,5478,5478,-0.020567000517839166,0.021696085177353552,0.03649293198194908,0.9999802784870309,-0.04056332782394634,0.008086577998511757,0.00872236452190478,0.019665498928528535,55,0.013185744595560581,PASS
Shimla,1990-2004,DJF,ref_audited,abl_A4,oracle ablation,1353,1353,-0.016112043330413273,0.02209523893890264,0.03179395924254769,0.9999565288468809,-0.021518027254444405,-0.028618430130642025,-0.03993063996399471,-0.03347073342195017,14,-0.032215668437593034,
Shimla,1990-2004,MAM,ref_audited,abl_A4,oracle ablation,1380,1380,-0.042284685506110996,0.042642910983033744,0.0517146863654567,0.99995935332056,-0.06171694884639578,-0.04119865323590233,-0.042669584949376116,-0.031788521091254296,14,-0.03508610304301994,
Shimla,1990-2004,JJAS,ref_audited,abl_A4,oracle ablation,1830,1830,-0.0020547194343315737,0.011653899324983286,0.02290432113578353,0.9999095165130688,0.011571546729641113,0.004772458743499186,0.01354838386241397,0.014617430797660091,19,0.013135775151711545,
Shimla,1990-2004,ON,ref_audited,abl_A4,oracle ablation,915,915,-0.031424515461654465,0.03132189219070369,0.03735569287397924,0.9999654067888226,-0.024838799637109332,-0.01973200081123494,-0.02502038886703062,-0.029916303405673972,10,-0.01277067916767578,
Shimla,1990-2004,ALL,ref_audited,base_swbgt_empirical_as_deployed,comparison baseline,5478,5478,-3.4815408316778997,3.411965455755423,3.9123625813007776,0.9442015341706615,-4.101099448356109,-2.176525417051945,-2.315592910936715,-2.750138693867701,55,-4.003493134894758,FAIL
Shimla,1990-2004,DJF,ref_audited,base_swbgt_empirical_as_deployed,comparison baseline,1353,1353,-4.127711938348661,4.34676983167892,4.5920842124082935,0.6277518929382377,-4.245192235760445,-4.828832371452695,-5.19606540930266,-5.477817952864434,14,-6.776437478942101,
Shimla,1990-2004,MAM,ref_audited,base_swbgt_empirical_as_deployed,comparison baseline,1380,1380,-3.8969116191912243,3.7213670736219333,4.190237054427647,0.881768249440479,-4.05098773067278,-3.5110018864451007,-3.3669182901823405,-3.589282684162253,14,-5.2659216885715905,
Shimla,1990-2004,JJAS,ref_audited,base_swbgt_empirical_as_deployed,comparison baseline,1830,1830,-2.2620603667681105,2.2830214114604317,2.5778846317743462,0.6907365405595048,-2.101282192760536,-2.4472522917804262,-2.6168260755116854,-3.1284789412706893,19,-4.563271270457692,
Shimla,1990-2004,ON,ref_audited,base_swbgt_empirical_as_deployed,comparison baseline,915,915,-4.338555101285533,4.37415417704171,4.548105191220923,0.8367870196772124,-4.603664838875346,-3.9345894316323644,-4.06140150811725,-4.231839641387204,10,-5.506322850824004,
Shimla,1990-2004,ALL,ref_audited,base_shade_stull_at_tasmax,comparison baseline,5478,5478,-5.097289129045015,4.920929747261933,5.295961977138513,0.9645441598981046,-5.026179638497606,-4.521587425219387,-4.698714246014518,-5.079172275614919,55,-6.273673607273608,FAIL
Shimla,1990-2004,DJF,ref_audited,base_shade_stull_at_tasmax,comparison baseline,1353,1353,-5.95642869837285,5.947021370722634,6.150457329217003,0.8199139305812453,-5.935443976733424,-5.759571002461373,-5.981954900003586,-6.345590219314328,14,-7.549955266866591,
Shimla,1990-2004,MAM,ref_audited,base_shade_stull_at_tasmax,comparison baseline,1380,1380,-5.0290112638365585,4.789889195309998,5.24830513761118,0.9017695177266,-4.990849818538878,-4.449456562132696,-4.323189610418041,-4.774807606768732,14,-6.378596223004835,
Shimla,1990-2004,JJAS,ref_audited,base_shade_stull_at_tasmax,comparison baseline,1830,1830,-4.454117259689959,4.418574392884837,4.575730113908206,0.753207571070971,-4.425114906737328,-4.812322741958031,-4.97870298376359,-5.504847303441608,19,-6.745325274620786,
Shimla,1990-2004,ON,ref_audited,base_shade_stull_at_tasmax,comparison baseline,915,915,-5.21620949801426,5.199416604697072,5.344341281957261,0.8843627329125419,-5.379121700421072,-4.97749974094371,-5.103005004446739,-5.531033430901953,10,-6.551886728964528,
Shimla,1990-2004,ALL,ref_audited,base_tier2_linear,comparison baseline,5478,5478,-1.827794910085155,1.705135030060049,2.2906254010685623,0.9708447929721863,-1.4986101896440154,-1.2418348367832195,-1.3721951550151381,-1.7292026392434714,55,-2.9253858807236566,FAIL
Shimla,1990-2004,DJF,ref_audited,base_tier2_linear,comparison baseline,1353,1353,-2.857239314584557,2.7420323879106174,3.139517387082274,0.8802186048937193,-2.7964441041137373,-2.494598654804504,-2.67252263596812,-2.9461565427518828,14,-4.07265937259677,
Shimla,1990-2004,MAM,ref_audited,base_tier2_linear,comparison baseline,1380,1380,-1.6372747745674527,1.4431352543295395,2.194384509148126,0.9167661714002753,-1.4661170889844541,-0.8910406590918889,-0.8971951281411812,-1.3146050215029774,14,-2.7743425667897346,
Shimla,1990-2004,JJAS,ref_audited,base_tier2_linear,comparison baseline,1830,1830,-1.2105593321415564,1.1414946940016186,1.584656455316804,0.767503410427666,-1.2053857172514029,-1.523221971724702,-1.6408278306225128,-2.1278703159040475,19,-3.4085234603171752,
Shimla,1990-2004,ON,ref_audited,base_tier2_linear,comparison baseline,915,915,-1.827380282067146,1.7555019722713467,2.133882032752837,0.906811004568225,-1.8873452698127728,-1.3365324495554418,-1.5459592935267708,-1.9440352790803352,10,-2.7360855566443965,
Kochi,2005-2014,ALL,ref_audited,ref_legacy,reference,3651,3651,0.3246640584973075,0.07217811678003727,1.2566962066461862,0.8442756492783807,0.03848357476806541,0.7599373743572073,2.1104731018010625,3.7815040024187,37,0.5298892671489954,PASS
Kochi,2005-2014,DJF,ref_audited,ref_legacy,reference,901,901,0.04091502934698422,0.12601383164337676,0.8792578830696156,0.8183362133756825,-0.07149092238580579,0.04778283575421938,0.1921887475525068,3.953177875604297,10,0.5184451843428292,
Kochi,2005-2014,MAM,ref_audited,ref_legacy,reference,920,920,1.2737597852108875,0.13987625294680583,2.3365424041720284,0.5387670225911152,0.8237275806981756,3.038397711061542,3.4538076979178314,5.1777339339426405,10,0.32243402855136194,
Kochi,2005-2014,JJAS,ref_audited,ref_legacy,reference,1220,1220,0.0006719026877652263,0.03675071859325385,0.1828579465755326,0.992309239368834,-0.006121798482979557,-0.01824643431714179,-0.003931490413606298,0.15659915601482055,13,-0.020935649968691905,
Kochi,2005-2014,ON,ref_audited,ref_legacy,reference,610,610,-0.03966342219844742,0.07085097261418127,0.09870977705702857,0.9982439135629605,-0.07182754737144137,-0.012702764143774914,-0.013139854517973504,-0.04121809713903701,7,-0.0647184367604398,
Kochi,2005-2014,ALL,ref_audited,sens_wind_brode,sensitivity,3651,3651,0.03617865016889189,0.05355014046978113,0.05607597871628866,0.9998043864042272,0.05135120585748609,0.06380563838280295,0.059729598217501234,0.06424272165463663,37,0.06179786547571021,PASS
Kochi,2005-2014,DJF,ref_audited,sens_wind_brode,sensitivity,901,901,0.06017398574391217,0.062422309385681274,0.06208447022427046,0.999944637926676,0.06131228314626469,0.06771036524821739,0.06293772903194395,0.06785258996723087,10,0.06570427210847925,
Kochi,2005-2014,MAM,ref_audited,sens_wind_brode,sensitivity,920,920,0.04580186154525499,0.05178258494285615,0.05362554897433255,0.999835729487595,0.05009143531651716,0.0585804879533427,0.0528415786691383,0.06396384171368652,10,0.06201398642267577,
Kochi,2005-2014,JJAS,ref_audited,sens_wind_brode,sensitivity,1220,1220,0.006059886832163269,0.04548704949783655,0.05428203601243391,0.9995371098672127,0.029314666864905803,0.041770947944748116,0.051322407127599945,0.05497603242985605,13,0.0572289240834607,
Kochi,2005-2014,ON,ref_audited,sens_wind_brode,sensitivity,610,610,0.04646019025325517,0.05287074430583516,0.053826013782093236,0.9998945576106734,0.05626151955036107,0.06272509285505379,0.0566125164511746,0.064690055297568,7,0.06491041558909469,
Kochi,2005-2014,ALL,ref_audited,cand_C1,deployable candidate,3651,3649,0.3452629384838236,0.7817157144975795,1.0891194300789946,0.8666362145757609,0.4602130509463791,0.802079432544609,0.7996224015079534,0.6880714904210379,37,-0.1139129363580288,PASS
Kochi,2005-2014,DJF,ref_audited,cand_C1,deployable candidate,901,899,0.3531881075453821,0.7490434064627038,1.0770216617558444,0.6374420210516085,0.260438612340522,0.13988814371646185,0.22792360499278175,0.32470686425744333,9,-0.9919282307667269,
Kochi,2005-2014,MAM,ref_audited,cand_C1,deployable candidate,920,920,1.003685803654234,1.1699330161712282,1.3902058928345216,0.7865158234653282,1.2838081922989204,0.9497811293245704,0.817864123267313,0.6501628145280023,10,-0.1929525572816658,
Kochi,2005-2014,JJAS,ref_audited,cand_C1,deployable candidate,1220,1220,0.05665611046933937,0.6540356676897829,0.9068895393029077,0.876633435605498,0.3631951672045943,0.43255814790926195,0.3131822997634828,0.20452211557147137,13,-0.8824412961336153,
Kochi,2005-2014,ON,ref_audited,cand_C1,deployable candidate,610,610,-0.08223449227920575,0.6321779188262724,0.9090716476526262,0.8485087501727545,0.2288688283717022,-0.13892222988042136,-0.2758689137417889,-0.3071509302102129,7,-0.9708110975124343,
Kochi,2005-2014,ALL,ref_audited,cand_C2,deployable candidate,3651,3649,-0.10277423533815588,0.7080991388433517,0.994503343496522,0.8641277789398564,-0.03214481616419107,0.2668059703269918,0.26326775392366386,0.14679487823082127,37,-0.6562592698840588,PASS
Kochi,2005-2014,DJF,ref_audited,cand_C2,deployable candidate,901,899,-0.1639217176042126,0.7741219979441212,1.027883864265157,0.6331462504911524,-0.25923490712204966,-0.3897890432027751,-0.2858569195954743,-0.21063715421956175,9,-1.5350166957601092,
Kochi,2005-2014,MAM,ref_audited,cand_C2,deployable candidate,920,920,0.5131975664987369,0.8112726113450606,1.0632135301096028,0.7847575130606249,0.7592767800018692,0.4011967730394588,0.25347067137946766,0.05046878180693426,10,-0.7358277559814951,
Kochi,2005-2014,JJAS,ref_audited,cand_C2,deployable candidate,1220,1220,-0.2995252299310974,0.5922706928614616,0.8958746321090992,0.8768345907227718,-0.027231207315736583,-0.05964425271796614,-0.19108674295409855,-0.29771494781921604,13,-1.384323661589187,
Kochi,2005-2014,ON,ref_audited,cand_C2,deployable candidate,610,610,-0.5481615430912177,0.7016167511282845,1.0243037258889347,0.8488110503016429,-0.27827094536621644,-0.6729435920954643,-0.8232630071912865,-0.8512431771036262,7,-1.513555476699261,
Kochi,2005-2014,ALL,ref_audited,cand_C3,deployable candidate,3651,3649,2.3650983749742744,2.3699975345481903,2.7474197568862166,0.8533955700244414,2.5902493275947904,3.3366119537587764,3.4693576944529667,3.5339549805969526,37,2.3345907432911104,FAIL
Kochi,2005-2014,DJF,ref_audited,cand_C3,deployable candidate,901,899,2.834681443698493,2.7975916365824673,3.0908152474804234,0.5698988745186182,2.7900930209789863,2.9598045461176667,3.1124192567872555,3.3074966965090624,9,1.4255804512349957,
Kochi,2005-2014,MAM,ref_audited,cand_C3,deployable candidate,920,920,3.2869346131342194,3.4138508133353866,3.5404747039331097,0.7481379746217901,3.6333768153234303,3.707443351436659,3.602267204066088,3.6709983939232487,10,2.354280536994929,
Kochi,2005-2014,JJAS,ref_audited,cand_C3,deployable candidate,1220,1220,1.6126602441353612,1.7383153927252408,1.9697180436858015,0.8750241004027136,1.951216020217089,2.3345015466178083,2.3745625458094537,2.271894249659667,13,1.088921355451003,
Kochi,2005-2014,ON,ref_audited,cand_C3,deployable candidate,610,610,1.787606574536981,1.8532998610886295,2.0999702225127184,0.8452105050015771,2.2250768510180876,2.0609214265960816,1.956265072926172,1.960829352624792,7,1.3649175293889064,
Kochi,2005-2014,ALL,ref_audited,abl_A1,oracle ablation,3651,3649,0.3075722899449873,0.44642326243422303,0.7963591008376409,0.9413128328021515,0.3480672543756782,0.7565997074038151,0.8159370290249015,0.9471245438881652,37,0.42856965987024787,PASS
Kochi,2005-2014,DJF,ref_audited,abl_A1,oracle ablation,901,899,0.8665174467067449,0.8533913347863518,1.099630439371853,0.8762272437419644,0.8426054630916724,1.0485515162162002,1.1420520012874462,1.311343987696759,9,0.3958001429938602,
Kochi,2005-2014,MAM,ref_audited,abl_A1,oracle ablation,920,920,0.6182052394978974,0.5468706761882061,0.948766479827201,0.8851851308639741,0.6540739694108879,0.8110723102154438,0.9046216125167206,1.124030901050503,10,0.24082809810164463,
Kochi,2005-2014,JJAS,ref_audited,abl_A1,oracle ablation,1220,1220,-0.17544277640206754,0.30562575650480994,0.45603925224474595,0.9642545626159584,-0.12140182569117997,0.013603129819273363,0.010228575964646325,-0.01080538844793466,13,-0.26001272062011194,
Kochi,2005-2014,ON,ref_audited,abl_A1,oracle ablation,610,610,-0.018650051979751354,0.3298562088053245,0.48792188664953906,0.958771325223852,0.05966821354155627,0.18811592762614282,0.14737001014822937,0.2633984404382872,7,0.027989138452945945,
Kochi,2005-2014,ALL,ref_audited,abl_A2,oracle ablation,3651,3651,-0.036635122243267114,0.20097913919153143,0.4198242503643793,0.973846183098527,0.015243545246107715,0.06575091831075497,0.09113758030864005,0.10997005306941787,37,0.059431231591425736,PASS
Kochi,2005-2014,DJF,ref_audited,abl_A2,oracle ablation,901,901,-0.01701331598949924,0.11816981051106268,0.2802495430010804,0.9746675505450555,-0.01573753718480475,-0.044863129213695174,0.008405094229999577,-0.04909524621785977,10,-0.05571823402843847,
Kochi,2005-2014,MAM,ref_audited,abl_A2,oracle ablation,920,920,0.0930953156482614,0.19899013166934765,0.38769166492889795,0.9639504488758084,0.09148695510913285,0.163278039740824,0.16654045609049462,0.2874415700156163,10,-0.03913747430389094,
Kochi,2005-2014,JJAS,ref_audited,abl_A2,oracle ablation,1220,1220,-0.13039370595756172,0.27581065421640005,0.4887117152643701,0.9567390901558158,-0.07778621018385934,-0.0561614655883389,0.08574820220555068,-0.12332132110776683,13,-0.2589663961216196,
Kochi,2005-2014,ON,ref_audited,abl_A2,oracle ablation,610,610,-0.0737593487406633,0.2492451562762028,0.4842925527708697,0.9562834563396656,0.010782431495243827,-0.036661679082811816,0.032803519038409945,0.010422794263327262,7,-0.15772558067966916,
Kochi,2005-2014,ALL,ref_audited,abl_A3,oracle ablation,3651,3651,0.058375800656973176,0.6499125338843328,0.8799154536241504,0.8583795934351941,0.008115448953049054,-0.01760665942686046,-0.038813123663601345,-0.07415968164056608,37,-0.7993084505960755,PASS
Kochi,2005-2014,DJF,ref_audited,abl_A3,oracle ablation,901,901,-0.6827152187766389,0.8504374131933332,1.1307491400955239,0.6959983277700987,-0.8071233755470075,-0.961210527386811,-0.9186354131192616,-0.9181518658583059,10,-1.4612170281765373,
Kochi,2005-2014,MAM,ref_audited,abl_A3,oracle ablation,920,920,0.2689502689186412,0.6561810964523147,0.8331153198133479,0.8119123238435318,0.31278886980976495,0.14352053874447535,0.0240903227771625,-0.05928567375038085,10,-0.738511997476553,
Kochi,2005-2014,JJAS,ref_audited,abl_A3,oracle ablation,1220,1220,0.47352138687433076,0.5927936556145426,0.7451230876823659,0.9305454851931864,0.5603424858441315,0.4472560938503989,0.5708927671241355,0.46703127755950646,13,-0.3455590173683819,
Kochi,2005-2014,ON,ref_audited,abl_A3,oracle ablation,610,610,0.005124788400864611,0.5547646624637252,0.7670139986581218,0.8634410803576039,0.09655849355374357,-0.2814113184262155,-0.4574227606748664,-0.5249602000108382,7,-1.2201316134807436,
Kochi,2005-2014,ALL,ref_audited,abl_A4,oracle ablation,3651,3651,0.0003015100426744522,0.0005760149798561542,0.0017612048110143134,0.9999994981972,0.00029140055141851917,0.002109259118412865,0.0007377266814501127,0.000581332454260064,37,0.0007605017496361315,PASS
Kochi,2005-2014,DJF,ref_audited,abl_A4,oracle ablation,901,901,0.0009833709875275226,0.000854093018574531,0.0021877148210093884,0.9999987676393873,0.0003191544673200042,0.0011118062458308486,1.705115522554479e-05,-9.071193693444002e-05,10,0.0011986413881572844,
Kochi,2005-2014,MAM,ref_audited,abl_A4,oracle ablation,920,920,0.0009036585276082638,0.00101022432818354,0.002191985572922509,0.9999988449467438,-0.002485612241741819,0.0011231497581860594,-0.0009378885517818958,0.00023336940780893656,10,0.0009893071415717713,
Kochi,2005-2014,JJAS,ref_audited,abl_A4,oracle ablation,1220,1220,-0.0004991282984186645,0.00043214702932914406,0.0012991717468978955,0.9999996684383718,-0.00040543161389905435,-0.0004854350415683939,-0.0009257750304314527,-0.0006942593480374626,13,-0.0008843982580296702,
Kochi,2005-2014,ON,ref_audited,abl_A4,oracle ablation,610,610,-1.2513795551975087e-05,0.00028033763655344046,0.000934725016369982,0.9999998152655879,-7.206809368653921e-05,0.0010214036322864217,0.00042579732520664493,0.00017747445207305645,7,0.0003439348758677495,
Kochi,2005-2014,ALL,ref_audited,base_swbgt_empirical_as_deployed,comparison baseline,3651,3651,-1.0607203165514834,1.2358509603650027,1.9116079580876824,0.44054958664259,-1.2707875204695824,-1.4005215668971402,-1.4033821150959227,-1.44287700430516,37,-2.5932720764629296,FAIL
Kochi,2005-2014,DJF,ref_audited,base_swbgt_empirical_as_deployed,comparison baseline,901,901,-2.5658402851451685,2.6721576701606082,2.859715612242697,0.4336460779613391,-2.6137527939034015,-2.765999889502325,-2.7698342502676176,-2.507726122275585,10,-3.624437769897424,
Kochi,2005-2014,MAM,ref_audited,base_swbgt_empirical_as_deployed,comparison baseline,920,920,-0.8479635034099416,0.9587937752109745,1.4557647630807073,0.48670818760333756,-0.9165174567948071,-1.231321611961036,-1.3733166169272266,-1.614388945202812,10,-2.746395728529265,
Kochi,2005-2014,JJAS,ref_audited,base_swbgt_empirical_as_deployed,comparison baseline,1220,1220,0.12090929687742809,0.7266232327287394,1.1411632728608359,0.6652933962877371,0.03043718544554963,-0.8853752417479228,-0.9772870830289051,-1.014981098221206,13,-2.5952237540279963,
Kochi,2005-2014,ON,ref_audited,base_swbgt_empirical_as_deployed,comparison baseline,610,610,-1.5217224555196478,1.6234091875605632,1.9978816860943485,0.527342441282791,-1.6259740222662131,-2.51248200533675,-2.669837693450127,-2.8800138713857564,7,-3.6567289110380132,
Kochi,2005-2014,ALL,ref_audited,base_shade_stull_at_tasmax,comparison baseline,3651,3651,-4.271278535556464,4.185809734517974,4.415411158597836,0.7503825268265294,-4.5867036698076475,-4.471121506077829,-4.4789864427257875,-4.641632281590944,37,-5.72402058381923,FAIL
Kochi,2005-2014,DJF,ref_audited,base_shade_stull_at_tasmax,comparison baseline,901,901,-4.689136716645844,4.764269043669884,4.825167800895326,0.48572150096237704,-4.843957179050825,-4.980373933783369,-4.938291020457513,-4.7731311266157235,10,-6.366040876006707,
Kochi,2005-2014,MAM,ref_audited,base_shade_stull_at_tasmax,comparison baseline,920,920,-3.985871178910384,3.925632493716124,4.1082005408761715,0.6637702581886145,-3.9803392720596946,-4.331629899671547,-4.500575169572144,-4.650816722318066,10,-5.825371011347332,
Kochi,2005-2014,JJAS,ref_audited,base_shade_stull_at_tasmax,comparison baseline,1220,1220,-3.8097418586227185,3.7713723325207518,3.9183481321043883,0.8216979905279831,-3.809070963815344,-4.622091680097832,-4.7489554461444,-4.952402445802605,13,-6.186633334033958,
Kochi,2005-2014,ON,ref_audited,base_shade_stull_at_tasmax,comparison baseline,610,610,-5.007605245084386,5.018419291141262,5.112461270218381,0.7765258306551595,-5.056077063142908,-5.818639257287156,-6.061040556601771,-6.151554660938075,7,-6.729822853746683,
Kochi,2005-2014,ALL,ref_audited,base_tier2_linear,comparison baseline,3651,3651,-0.9464821468733275,1.0671251607095087,1.41880290914022,0.8229886459443514,-1.0368738414227217,-0.522823323377068,-0.4262460865722275,-0.4914779786633403,37,-1.6736787325065934,FAIL
Kochi,2005-2014,DJF,ref_audited,base_tier2_linear,comparison baseline,901,901,-0.8750668119188775,1.0616414323250218,1.4423111601292866,0.5455353859640107,-0.9914070014516341,-0.9566276689211506,-0.8050917834914273,-0.6739995752857126,10,-2.2948583876455326,
Kochi,2005-2014,MAM,ref_audited,base_tier2_linear,comparison baseline,920,920,-0.3312718729684067,0.7205120865743417,1.1234818678785112,0.7147285088594848,-0.16669635730089283,-0.2407163442727338,-0.37738275227882667,-0.48433626926321693,10,-1.8186387826914974,
Kochi,2005-2014,JJAS,ref_audited,base_tier2_linear,comparison baseline,1220,1220,-1.138998043077517,1.107795481119247,1.3753199384779575,0.8542820407360949,-1.127592210114372,-1.2810410242106798,-1.3599471347945808,-1.482091784237042,13,-2.6615239877026435,
Kochi,2005-2014,ON,ref_audited,base_tier2_linear,comparison baseline,610,610,-1.5947924344427955,1.630697474518545,1.8135568652839855,0.8211467770240944,-1.4355817584069968,-1.907663115389731,-2.1734707827193347,-2.2890635783843862,7,-2.6725426581490472,
Kolkata,2005-2014,ALL,ref_audited,ref_legacy,reference,3651,3651,0.12168932194822513,0.06423376340381992,0.6641383477943903,0.9855510706549325,0.09127052674273273,0.0873080941663602,0.0803958561150182,0.1354694005785575,37,0.026715442354471278,PASS
Kolkata,2005-2014,DJF,ref_audited,ref_legacy,reference,901,901,0.39152113870822686,0.16254515227535649,1.3047171522229102,0.923693777936818,0.1476031671524538,0.7724997954109654,1.501405876975241,2.8927624868728685,10,0.15842195190567737,
Kolkata,2005-2014,MAM,ref_audited,ref_legacy,reference,920,920,0.07048216702740982,0.07596010168535372,0.2594276648936715,0.9937298663869769,-0.0019741603389604734,-0.002064495026139923,0.05116067244138378,0.0346743248412551,10,0.0652792171032388,
Kolkata,2005-2014,JJAS,ref_audited,ref_legacy,reference,1220,1220,0.0027021992043673015,0.03502420990807309,0.06755176480431112,0.9993316817738647,0.006196035226679442,0.016810133090594093,0.046651597542151535,0.01600071107245782,13,0.02619003892210423,
Kolkata,2005-2014,ON,ref_audited,ref_legacy,reference,610,610,0.03833916682346298,0.06854130598108554,0.12238108603935856,0.9991845453847878,-0.017404704259604387,0.046923122545635465,0.07148916704871766,0.11501826767355539,7,0.02916650775115061,
Kolkata,2005-2014,ALL,ref_audited,sens_wind_brode,sensitivity,3651,3651,0.002494313783079473,0.05172442249067899,0.0644993279519732,0.9998659929229169,-0.017196366522171047,0.025752859524800442,0.049146911113126635,0.05032503084817108,37,0.05757141919074506,PASS
Kolkata,2005-2014,DJF,ref_audited,sens_wind_brode,sensitivity,901,901,0.0030796095874668808,0.057683484083725034,0.06976384523606653,0.9997735115581692,0.018757202978804344,0.03836124277404451,0.07317292968059519,0.05404957434359403,10,0.062158877949855196,
Kolkata,2005-2014,MAM,ref_audited,sens_wind_brode,sensitivity,920,920,0.023798377061425575,0.04867146276916401,0.06082550941386523,0.9996715569459571,0.03140801023999984,0.04075868738758004,0.0663308119490722,0.05606917760368901,10,0.06184563232781102,
Kolkata,2005-2014,JJAS,ref_audited,sens_wind_brode,sensitivity,1220,1220,-0.02217373989275838,0.051504483899748266,0.06608697598073063,0.9995875804564359,-0.022225506474541135,0.027795331552312064,0.04133809664950405,0.053671912987766746,13,0.05619574742767624,
Kolkata,2005-2014,ON,ref_audited,sens_wind_brode,sensitivity,610,610,0.018835192059621617,0.04973431917701987,0.05827430213225914,0.999840827795742,-0.025927414137896676,0.053917567378825026,0.05718749065239592,0.06202383750649432,7,0.06062102019704493,
Kolkata,2005-2014,ALL,ref_audited,cand_C1,deployable candidate,3651,3649,0.45248108967100065,0.7026062585450745,1.033121418137229,0.9714668307803866,0.2118444508797097,0.2846800036997692,0.20066821575972682,0.012528257444486712,37,-1.0820456673464398,PASS
Kolkata,2005-2014,DJF,ref_audited,cand_C1,deployable candidate,901,899,0.8430527675515875,1.088205118054134,1.2518543429794353,0.9435282584950824,1.0179081312942344,0.3236536671821,0.2636608859308609,0.5428953690479794,9,-0.5713372508878175,
Kolkata,2005-2014,MAM,ref_audited,cand_C1,deployable candidate,920,920,0.7027856893350893,0.7951406550694458,1.2385092010595393,0.8837414119471639,0.5847624659946291,0.49030795336279454,0.37811250792274365,0.056182191758779254,10,-1.0329469224774812,
Kolkata,2005-2014,JJAS,ref_audited,cand_C1,deployable candidate,1220,1220,-0.01871168049223176,0.41769991658100025,0.6792048863838751,0.935591485694015,0.09483954418283247,-0.06728425740388388,-0.105885799461511,-0.20241812422123218,13,-1.2794666593591422,
Kolkata,2005-2014,ON,ref_audited,cand_C1,deployable candidate,610,610,0.4417450396604011,0.7626040207951803,0.9160345600179274,0.9610822710481195,0.5596004531880681,0.2703507217734611,-0.21449761168943837,-0.33883562980420123,7,-1.0370108285380215,
Kolkata,2005-2014,ALL,ref_audited,cand_C2,deployable candidate,3651,3649,0.09175964990032962,0.5777851780031824,0.913066937212272,0.9726707238262748,-0.11434513663050438,-0.0865498871293795,-0.1550039543569781,-0.3248071688505121,37,-1.5086513570579858,PASS
Kolkata,2005-2014,DJF,ref_audited,cand_C2,deployable candidate,901,899,0.42218709310630465,0.8103327425051248,1.0200886227045416,0.9433992524535041,0.5915760725220025,-0.12952364194428512,-0.15335828266984564,0.13136160496248195,9,-1.0043806464266696,
Kolkata,2005-2014,MAM,ref_audited,cand_C2,deployable candidate,920,920,0.3359411474063832,0.6290195881122429,1.0783491860732446,0.882538677529006,0.2507358528642385,0.19084329792545418,0.041973148050260534,-0.2983129644113447,10,-1.4733205877266813,
Kolkata,2005-2014,JJAS,ref_audited,cand_C2,deployable candidate,1220,1220,-0.3107245396995436,0.42501316006305956,0.7353324470879057,0.9347030405928332,-0.22795133218545516,-0.43257157123114354,-0.4479516593141071,-0.5480520295435412,13,-1.6827248975575737,
Kolkata,2005-2014,ON,ref_audited,cand_C2,deployable candidate,610,610,0.0414800796775501,0.5829333684542348,0.7863344220493937,0.9641068789318229,0.1863069168132654,-0.2041673043479051,-0.7171426013622195,-0.843543335172555,7,-1.5687628777725828,
Kolkata,2005-2014,ALL,ref_audited,cand_C3,deployable candidate,3651,3649,2.5365187693840703,2.5081279357958692,2.885201333464389,0.934159610395045,1.9741666872536143,2.6048146496559283,2.789936826095783,3.0210552291882635,37,1.3297775171064437,FAIL
Kolkata,2005-2014,DJF,ref_audited,cand_C3,deployable candidate,901,899,3.3716839038608963,3.579174688845228,3.5564188402536523,0.9142327729566592,3.567854233070477,3.184141924656423,3.248691061937066,3.459464533557405,9,2.014207173867362,
Kolkata,2005-2014,MAM,ref_audited,cand_C3,deployable candidate,920,920,3.1894934284411964,3.1014193831721,3.4536840966176237,0.8156769749723448,3.0654758099769026,3.3755062844619417,3.464641915351571,3.342394184675456,10,1.5576244635722447,
Kolkata,2005-2014,JJAS,ref_audited,cand_C3,deployable candidate,1220,1220,1.4690384152599711,1.489087352611989,1.712879025147075,0.9330048231962208,1.5548403976848988,1.8766121202848183,2.051384244859051,2.4567711941003623,13,1.0379550731036165,
Kolkata,2005-2014,ON,ref_audited,cand_C3,deployable candidate,610,610,2.4558235067679695,2.677681111881583,2.7015199577515694,0.9194595988114649,2.670667050361544,2.110447042528641,1.5970096364038966,1.6886314188642046,7,1.093057307272667,
Kolkata,2005-2014,ALL,ref_audited,abl_A1,oracle ablation,3651,3649,0.5596994669506359,0.5558257025732019,0.9436442633271825,0.9805136245901466,0.21235711612285968,0.6004263631343392,0.7156879617341545,0.9302901764371896,37,0.553299406504868,PASS
Kolkata,2005-2014,DJF,ref_audited,abl_A1,oracle ablation,901,899,0.9617710164741153,0.9764459951745152,1.097130676825589,0.9820828410595723,0.9630166508480329,1.0534737241656558,1.1519206235234272,1.1960599302046226,9,1.1105450909993426,
Kolkata,2005-2014,MAM,ref_audited,abl_A1,oracle ablation,920,920,1.0301027706305954,0.9087383323372933,1.3519348011494894,0.9199821410115642,0.8971810511649494,1.2047303564805176,1.2060787657591234,1.730746441386593,10,1.063235630088053,
Kolkata,2005-2014,JJAS,ref_audited,abl_A1,oracle ablation,1220,1220,-0.030119599125260743,0.26378534176274115,0.4270207149128518,0.9760743855235791,-0.13311035154140427,0.15273711231889564,0.3273040275334651,0.3745657708301948,13,0.343132061961311,
Kolkata,2005-2014,ON,ref_audited,abl_A1,oracle ablation,610,610,0.4373156935169033,0.51327568228632,0.6568804039774327,0.9862900229907801,0.4077668593235444,0.2596464536941312,0.10235522802999242,0.2565489860219543,7,-0.21042769534382647,
Kolkata,2005-2014,ALL,ref_audited,abl_A2,oracle ablation,3651,3651,-0.036642175241380005,0.11576590015516786,0.30089032684731537,0.9970925398091499,-0.07387418332609741,0.11549431129805043,0.05505444872025578,0.10190306632478041,37,0.02780009490924834,PASS
Kolkata,2005-2014,DJF,ref_audited,abl_A2,oracle ablation,901,901,-0.08114880246820329,0.08997115851161652,0.21302210671136318,0.9974632608875464,-0.07792705718190973,-0.09940484642902447,-0.14011922056312187,-0.3185772569428309,10,-0.1701987739186052,
Kolkata,2005-2014,MAM,ref_audited,abl_A2,oracle ablation,920,920,0.028863784032484976,0.07799741305416319,0.24142908276079664,0.9940980057847342,-0.018946526913936168,0.08178643822256504,0.14238454276535606,0.10411508079208431,10,0.005273187279857439,
Kolkata,2005-2014,JJAS,ref_audited,abl_A2,oracle ablation,1220,1220,-0.06304346096432974,0.21749701518061215,0.39325831919104437,0.9798271890027965,-0.04459089174787323,0.03272417698396879,0.02456500841468312,0.20583277386943877,13,-0.07107455036958317,
Kolkata,2005-2014,ON,ref_audited,abl_A2,oracle ablation,610,610,-0.01689699953414943,0.10519264113327154,0.2786288406455585,0.9958042930841711,-0.013305507152040263,0.23454007839122681,0.14080560271980147,0.21498704054661744,7,0.0700451366975098,
Kolkata,2005-2014,ALL,ref_audited,abl_A3,oracle ablation,3651,3651,-0.10971197932719086,0.3047884173173543,0.683497329594647,0.9848072214951291,-0.10142684718181272,-0.2972325145550485,-0.47121131923827875,-0.9137712775534794,37,-1.693469911749225,PASS
Kolkata,2005-2014,DJF,ref_audited,abl_A3,oracle ablation,901,901,-0.10450244033099129,0.4017937178422244,0.7534762310145767,0.9696691763977785,0.08862219955852879,-0.7323371401527652,-0.9466178213161243,-0.9479557641512315,10,-1.8872655932632711,
Kolkata,2005-2014,MAM,ref_audited,abl_A3,oracle ablation,920,920,-0.384436316768751,0.31602774331355477,0.8884570647617406,0.9304087876589391,-0.4090525121562507,-0.5764822192722789,-0.8074529072158185,-1.2821452158614477,10,-2.1009262418508228,
Kolkata,2005-2014,JJAS,ref_audited,abl_A3,oracle ablation,1220,1220,0.04976296824852561,0.22234543064058698,0.4521760797916244,0.9707798724671904,0.22456934948311869,-0.3175208073448488,-0.4250876453593406,-1.0326613729245437,13,-1.6100306707626566,
Kolkata,2005-2014,ON,ref_audited,abl_A3,oracle ablation,610,610,-0.02201827478901807,0.35491372450121617,0.598438474567039,0.9782074536053689,0.09786668002050192,-0.1128002732096931,-0.4184591457152109,-0.6126679705132148,7,-0.9008245611785729,
Kolkata,2005-2014,ALL,ref_audited,abl_A4,oracle ablation,3651,3651,0.001209048741878768,0.0015660140772411069,0.0037396492784778747,0.9999996041136354,0.0018579099058229076,0.004406737755459744,0.003307507871539883,0.004967574347631398,37,0.004115833445992492,PASS
Kolkata,2005-2014,DJF,ref_audited,abl_A4,oracle ablation,901,901,7.939233046953784e-05,0.0014966206101121315,0.002901972688617745,0.9999994641467297,8.506978167588386e-05,0.0003604926079106008,-0.0019167013311403025,0.00030607838942842136,10,0.0018602043113219225,
Kolkata,2005-2014,MAM,ref_audited,abl_A4,oracle ablation,920,920,0.00390625742190093,0.003352710403447645,0.005562532036431023,0.9999983732614139,-0.0011075907084716619,0.007637199719908949,0.00010775872398482989,0.01025792880064813,10,0.0049185888993008575,
Kolkata,2005-2014,JJAS,ref_audited,abl_A4,oracle ablation,1220,1220,0.00039159179502514576,0.0013525581234148376,0.003296987549909322,0.9999984605749037,0.0006153026685069563,-0.0002748108914545355,0.012303152043187993,0.006945460158448213,13,0.004554431247002482,
Kolkata,2005-2014,ON,ref_audited,abl_A4,oracle ablation,610,610,0.0004445994242078608,0.0007659141696478855,0.0016905965467988989,0.9999998375110256,0.0010279224417786281,-0.00026941697998950076,0.001484891233346275,0.0007944157289756504,7,0.0003260241378565557,
Kolkata,2005-2014,ALL,ref_audited,base_swbgt_empirical_as_deployed,comparison baseline,3651,3651,-0.37548931666466157,1.8124439271946713,2.3059197866615166,0.9243989859151416,0.827569616296536,0.6447649134205022,0.6449075053691544,0.8239775351351994,37,-1.37894073468504,FAIL
Kolkata,2005-2014,DJF,ref_audited,base_swbgt_empirical_as_deployed,comparison baseline,901,901,-2.8566275147215574,2.8154434950247307,3.206354461924649,0.8562676046495231,-2.817119071796423,-3.145593099254665,-2.863045019627819,-1.8671114825252602,10,-2.8933907313809772,
Kolkata,2005-2014,MAM,ref_audited,base_swbgt_empirical_as_deployed,comparison baseline,920,920,-0.1666194766631717,1.2024034181545389,1.7047996043604143,0.8194716547262435,-0.01197127137365328,0.7774036144642125,0.7907649623538049,0.48598153765453134,10,-1.8046850728745114,
Kolkata,2005-2014,JJAS,ref_audited,base_swbgt_empirical_as_deployed,comparison baseline,1220,1220,1.635868376801448,1.7534281617853882,2.024923257173382,0.7713967363874208,1.587396929834057,0.6570529604853377,0.8478713482465778,0.8983617598884237,13,-1.1404811040222613,
Kolkata,2005-2014,ON,ref_audited,base_swbgt_empirical_as_deployed,comparison baseline,610,610,-1.0484583697478762,1.5193338902136233,2.0139684202908805,0.8638866261659967,-0.8230362065652734,-0.5089228632847238,-1.0166203260928555,-1.1366409560576045,7,-2.8809455510159947,
Kolkata,2005-2014,ALL,ref_audited,base_shade_stull_at_tasmax,comparison baseline,3651,3651,-3.2041332338812882,3.034908978375544,3.4183009319766393,0.9514328289325631,-3.065134701088816,-3.400808960696601,-3.1834667246647683,-3.1533193021356425,37,-5.332772145325294,FAIL
Kolkata,2005-2014,DJF,ref_audited,base_shade_stull_at_tasmax,comparison baseline,901,901,-3.364977174350264,3.1258462960254043,3.560122352390866,0.9084574182196192,-3.277183604253665,-4.131201475375057,-3.994955910208283,-3.42482559389617,10,-4.7301240523156,
Kolkata,2005-2014,MAM,ref_audited,base_shade_stull_at_tasmax,comparison baseline,920,920,-2.927540126619554,2.6993567547846506,3.2139049784181126,0.8154613576605166,-2.986597102775036,-2.758188126431005,-2.866833010632874,-3.135197884571326,10,-5.293767593031617,
Kolkata,2005-2014,JJAS,ref_audited,base_shade_stull_at_tasmax,comparison baseline,1220,1220,-3.0798144263134746,2.980809052891594,3.2480970866347167,0.838456636286795,-3.158427192801618,-3.877908260839515,-3.688595097135046,-3.518606837217071,13,-5.471203077525255,
Kolkata,2005-2014,ON,ref_audited,base_shade_stull_at_tasmax,comparison baseline,610,610,-3.632353256096013,3.444544845562705,3.8127102272515914,0.9290478947526974,-3.5421153989737704,-4.481592146213032,-5.1848979512318,-5.617040857557612,7,-6.55759030993524,
Kolkata,2005-2014,ALL,ref_audited,base_tier2_linear,comparison baseline,3651,3651,-0.8225637188035754,0.9657195197230486,1.3328184333888455,0.9622558340322848,-1.1924625063815064,-0.742190580068538,-0.681667398140732,-0.6146510900843793,37,-2.185860887811618,PASS
Kolkata,2005-2014,DJF,ref_audited,base_tier2_linear,comparison baseline,901,901,-0.6444964406147932,0.6565634709763799,1.1521926860763567,0.9381586501936019,-0.5198675326171127,-0.9180457901137906,-0.8908403633088184,-0.4909609196331992,10,-1.5939951862935746,
Kolkata,2005-2014,MAM,ref_audited,base_tier2_linear,comparison baseline,920,920,-0.24476174788374536,0.7760388715897655,1.2401627999978344,0.839456242855216,-0.34369876561551393,-0.11153150888142704,-0.2321651238482687,-0.46002704504113723,10,-1.990374718532901,
Kolkata,2005-2014,JJAS,ref_audited,base_tier2_linear,comparison baseline,1220,1220,-1.3786006911333795,1.4103893159137968,1.5748190776171187,0.9135306176062904,-1.5389647330514258,-1.306451523817529,-1.2803559396838011,-1.0608887786125578,13,-2.422840994257053,
Kolkata,2005-2014,ON,ref_audited,base_tier2_linear,comparison baseline,610,610,-0.8449429395445189,0.692992793069136,1.1796798047394343,0.9620530065392786,-0.6295024491038497,-1.1759279204900253,-1.6826193999600463,-1.9021984398627794,7,-2.690555349992326,
Bikaner,2005-2014,ALL,ref_audited,ref_legacy,reference,3651,3651,0.1833600293186659,0.09760253478179948,0.6019282644571788,0.9938427699704531,0.10406156711508174,0.06405566758877512,0.06584453512181199,0.15915168628637844,37,0.09915970967909356,PASS
Bikaner,2005-2014,DJF,ref_audited,ref_legacy,reference,901,901,0.3143668523515139,0.1701477136266476,0.73891650488751,0.972886658759609,0.3398103197648652,0.288123828235598,0.45207465126890156,0.2721961684020471,10,0.26220454296814066,
Bikaner,2005-2014,MAM,ref_audited,ref_legacy,reference,920,920,0.20065238684717426,0.0982073183799912,0.8293878982956705,0.9640787294287426,0.09194189713772971,0.09489166065083765,0.08458466049820146,0.07329094495853639,10,0.1364313294312808,
Bikaner,2005-2014,JJAS,ref_audited,ref_legacy,reference,1220,1220,0.06728296301189263,0.07021394951723892,0.1298082683012551,0.9977448082973438,0.07184648527120885,0.05822530106654966,0.0847215718970773,-0.028987767829292466,13,0.07713500031613088,
Bikaner,2005-2014,ON,ref_audited,ref_legacy,reference,610,610,0.19593036442594397,0.112365478448055,0.5393789358069706,0.9849348569047316,0.08021122909144651,0.02822382410219504,-0.013569405414891378,-0.07783253509791876,7,-0.027602002108795074,
Bikaner,2005-2014,ALL,ref_audited,sens_wind_brode,sensitivity,3651,3651,-0.008850657854175095,0.0650108940153018,0.08617609266119003,0.9998609195542375,-0.0017872363617925657,-0.03259235840761221,0.03634141545524017,0.055629341002429555,37,0.058568232413676924,PASS
Bikaner,2005-2014,DJF,ref_audited,sens_wind_brode,sensitivity,901,901,-0.005653858924361528,0.07294288566066598,0.08663056933675088,0.9995903374756429,0.0028995337128776555,0.024452863962608262,0.06589275142448514,-0.07419927053797437,10,0.04713967927289673,
Bikaner,2005-2014,MAM,ref_audited,sens_wind_brode,sensitivity,920,920,0.010941194592203869,0.0617067803318605,0.08100618563293109,0.9996522862161982,0.0091304786192552,-0.013932456703685148,-0.015985253376136654,0.07145479687581968,10,0.06614099734304091,
Bikaner,2005-2014,JJAS,ref_audited,sens_wind_brode,sensitivity,1220,1220,-0.03810722089860708,0.06098376420408158,0.09484525792449376,0.998865136070346,-0.061655872151419544,0.034493503591257024,0.03814301196194947,0.06730198431672818,13,0.0626710769456972,
Bikaner,2005-2014,ON,ref_audited,sens_wind_brode,sensitivity,610,610,0.015090632027425489,0.061187829289281126,0.07399505617586923,0.999698247749835,-0.005862089317162145,0.03796669196758984,0.03231718948286044,0.0652081473271835,7,0.06437627403747521,
Bikaner,2005-2014,ALL,ref_audited,cand_C1,deployable candidate,3651,3649,0.2040082446186575,0.8109678722460103,1.143903519946026,0.9766052598230527,0.08225824905230184,0.3117453046148313,0.2617825069133701,-0.37059123978608,37,-1.4761386628615751,PASS
Bikaner,2005-2014,DJF,ref_audited,cand_C1,deployable candidate,901,899,-0.05312977464347195,0.799057863466544,1.211704794942675,0.9037764564133055,-0.09777144666503546,-0.5454250478356926,-0.5579991583513149,-0.5448528188707726,9,-1.4135839435573543,
Bikaner,2005-2014,MAM,ref_audited,cand_C1,deployable candidate,920,920,0.32412597727222325,0.9386895916357787,1.2897202329003319,0.9133171224437328,0.16461515530650672,0.5459976420332069,0.2880546540382767,0.10898120310689308,10,-1.769951308490846,
Bikaner,2005-2014,JJAS,ref_audited,cand_C1,deployable candidate,1220,1220,0.46068384045305644,0.716780926170685,0.9311152962227848,0.8709618951779381,0.5389742822854373,0.23190548292991764,-0.09028426250257127,-0.8648721639082169,13,-1.9449398757732472,
Bikaner,2005-2014,ON,ref_audited,cand_C1,deployable candidate,610,610,-0.11154169250034712,0.8106058534584406,1.19206144588585,0.9071001697372163,-0.24187078558466624,0.009824081027083764,-0.2561589786488021,-0.3783675925091501,7,-1.6334407261619748,
Bikaner,2005-2014,ALL,ref_audited,cand_C2,deployable candidate,3651,3649,-0.141370983572,0.6664990645968487,1.1662900141995962,0.9756862429249871,-0.23624958333357426,0.04712636058729203,-0.011654145011313233,-0.7174986837040862,37,-1.8473044237337772,PASS
Bikaner,2005-2014,DJF,ref_audited,cand_C2,deployable candidate,901,899,-0.4621018977839018,0.7146693848073937,1.3097387885654794,0.9011928155541897,-0.4746944822366572,-0.9027518470454083,-0.9432976380623508,-0.9106271431923076,9,-1.8289269060632023,
Bikaner,2005-2014,MAM,ref_audited,cand_C2,deployable candidate,920,920,-0.01227691897823672,0.8313729189619323,1.2812063412553154,0.9093396000817769,-0.15668246133458297,0.24344425943281323,0.04343156265911574,-0.09777147371388395,10,-2.127312736765629,
Bikaner,2005-2014,JJAS,ref_audited,cand_C2,deployable candidate,1220,1220,0.17710833061960782,0.5470975038579127,0.843996733665648,0.8654747844906303,0.27696958588828124,-0.07760141668787668,-0.38632975434570227,-1.2014079135247968,13,-2.306728460499423,
Bikaner,2005-2014,ON,ref_audited,cand_C2,deployable candidate,610,610,-0.5003450997417115,0.7195960056283468,1.3070524975301332,0.9042287020238947,-0.609502876880839,-0.34104865416074404,-0.5448644449226094,-0.8042609856529239,7,-2.0474759741489055,
Bikaner,2005-2014,ALL,ref_audited,cand_C3,deployable candidate,3651,3649,2.11761607457046,2.2967894050822224,2.4414524961716397,0.9734461687343984,1.978525944325952,2.3681256442360947,2.3983812943465495,1.8808902560505274,37,0.5361684672953233,FAIL
Bikaner,2005-2014,DJF,ref_audited,cand_C3,deployable candidate,901,899,1.8264696246557388,2.019366717919695,2.2211177845024963,0.8969361571752236,1.7578034152718374,1.5883997728792316,1.5746840150864863,1.7598351887364672,9,0.8827978687929582,
Bikaner,2005-2014,MAM,ref_audited,cand_C3,deployable candidate,920,920,2.212958116235638,2.3668091494280077,2.5896967241520716,0.9029082769886732,2.0636749440222104,2.531171027574125,2.4144003164032384,2.54761511728843,10,0.3264542571326047,
Bikaner,2005-2014,JJAS,ref_audited,cand_C3,deployable candidate,1220,1220,2.3842515479159254,2.506056494004355,2.570555120498445,0.8227202639999579,2.4253022824077277,2.3748124300675215,2.064741927239446,1.489284082110288,13,0.16372958328348483,
Bikaner,2005-2014,ON,ref_audited,cand_C3,deployable candidate,610,610,1.8696336199145633,2.1906677659797253,2.2484961189458916,0.8983419925608632,1.7728232561763377,2.006014901826621,1.8489908040246235,1.5947194783089529,7,0.3874434079372528,
Bikaner,2005-2014,ALL,ref_audited,abl_A1,oracle ablation,3651,3649,0.7975269742919807,0.7873208693575862,0.9713285337481896,0.9942012332160625,0.8869207964092993,0.7015315809988039,0.7222649216262411,0.9543249229380706,37,0.7689775830933617,PASS
Bikaner,2005-2014,DJF,ref_audited,abl_A1,oracle ablation,901,899,0.7576076233697,0.7924923136723692,0.9372725785978498,0.9817410640254296,0.7283107417400174,0.8928460219415335,0.890060773813449,0.9266117886840739,9,1.0557661807807537,
Bikaner,2005-2014,MAM,ref_audited,abl_A1,oracle ablation,920,920,1.087256450182109,1.077293357354506,1.2468523263270321,0.9802398929568253,1.0712657204962284,1.1436999055048958,1.1610069595408419,1.4779609188686749,10,0.9794937071285631,
Bikaner,2005-2014,JJAS,ref_audited,abl_A1,oracle ablation,1220,1220,0.6808340307792216,0.6680628781982421,0.8315656216603026,0.9578926626214018,0.6685661255359889,0.6246980767401453,0.6561157862242055,1.1528372380172485,13,0.8844963477713988,
Bikaner,2005-2014,ON,ref_audited,abl_A1,oracle ablation,610,610,0.6527757771539128,0.6611814309251542,0.7883378856318176,0.9875246478970585,0.599324478642842,0.6784222479517261,0.6476474993787633,1.0403961477637154,7,0.7556736274441798,
Bikaner,2005-2014,ALL,ref_audited,abl_A2,oracle ablation,3651,3651,-0.060665886161029,0.1320294671052693,0.24954234059270672,0.9989895235924235,-0.09036378709294013,0.05653693105006141,0.10071500784539467,0.07304073116929999,37,0.1265856250752468,PASS
Bikaner,2005-2014,DJF,ref_audited,abl_A2,oracle ablation,901,901,-0.14168847426693804,0.1765230770705557,0.3279829903430066,0.9945141943447524,-0.1198341421660416,-0.14094680122229875,-0.2043074048381186,-0.10284214803454006,10,-0.13628800144946923,
Bikaner,2005-2014,MAM,ref_audited,abl_A2,oracle ablation,920,920,-0.11409203306957617,0.1307206316901386,0.22222042995343452,0.9980367011628379,-0.13551660554512068,-0.06263985388454785,-0.14919181010357363,-0.11275173238763614,10,-0.1346417708486854,
Bikaner,2005-2014,JJAS,ref_audited,abl_A2,oracle ablation,1220,1220,0.057851445656007874,0.09290192908079575,0.22355020413207544,0.9922348239993118,0.0386586228073611,0.1792936557426117,0.06930374247454552,0.19006737694842002,13,0.10523229344380088,
Bikaner,2005-2014,ON,ref_audited,abl_A2,oracle ablation,610,610,-0.09744906284545117,0.12466875916678077,0.1984744462014285,0.9981414235444286,-0.1600956813451262,-0.10204967807153054,-0.10568825926192105,-0.07056937557448606,7,0.041406917148606226,
Bikaner,2005-2014,ALL,ref_audited,abl_A3,oracle ablation,3651,3651,-0.5319958902690616,0.36672891351656745,1.1897530929014377,0.9785870278753138,-0.6798676445675937,-0.3551124633257814,-0.4847552822658656,-1.2135021280788862,37,-2.231696477701528,PASS
Bikaner,2005-2014,DJF,ref_audited,abl_A3,oracle ablation,901,901,-0.6140972414754454,0.5297919405883817,1.3058064410654335,0.9142446615070106,-0.6333120939468131,-1.1050774297377757,-1.2491988273765173,-1.284551980704066,10,-2.1984689354409115,
Bikaner,2005-2014,MAM,ref_audited,abl_A3,oracle ablation,920,920,-0.6750157266469486,0.4140305387259957,1.4169591975183986,0.9133625012879116,-0.8448002696973447,-0.5616163265599958,-0.66936029803243,-0.7810005280532337,10,-2.7955564505723203,
Bikaner,2005-2014,JJAS,ref_audited,abl_A3,oracle ablation,1220,1220,-0.2657477530561792,0.19359405154290243,0.7222342049939654,0.9159498860628423,-0.14436565009486912,-0.551425802890634,-0.8810588273557585,-1.79907382528107,13,-2.8283293208683937,
Bikaner,2005-2014,ON,ref_audited,abl_A3,oracle ablation,610,610,-0.7275223828839936,0.512778818663179,1.3719572401242586,0.9107292656554898,-0.7877441501538271,-0.660455443215973,-0.8681629806016602,-0.919572237919823,7,-2.5912134170731957,
Bikaner,2005-2014,ALL,ref_audited,abl_A4,oracle ablation,3651,3651,0.0047651890604120724,0.006874964748590173,0.012532138083418048,0.9999984794985525,0.00924695869923653,0.01847137089316675,0.016828620365146207,0.008687159545900158,37,0.011963875438021427,PASS
Bikaner,2005-2014,DJF,ref_audited,abl_A4,oracle ablation,901,901,-0.005152873864961545,0.005381801225041727,0.007151756502676046,0.9999985083523496,-0.007208107962696886,-0.006800853654794992,-0.003930975675416448,0.000939224488547552,10,-0.001271047740414133,
Bikaner,2005-2014,MAM,ref_audited,abl_A4,oracle ablation,920,920,0.00961086804761394,0.009244817707838138,0.015476930872438635,0.9999938814243083,0.005582796559792769,0.017944582247444885,0.014471525471392965,0.008173202414297975,10,0.01353126253114283,
Bikaner,2005-2014,JJAS,ref_audited,abl_A4,oracle ablation,1220,1220,0.011969542229088323,0.010367487639626916,0.015180618442541951,0.9999842219043067,0.015490282162716085,0.01961536564142108,0.011149803351408138,0.009780780931727406,13,0.01671262294291427,
Bikaner,2005-2014,ON,ref_audited,abl_A4,oracle ablation,610,610,-0.0023022877236028717,0.004281197220819877,0.006503331398497232,0.9999979727112204,-0.0030453266853669447,0.002616908025736109,0.0039032984973701446,-0.0034797747697510317,7,0.0017594525439871436,
Bikaner,2005-2014,ALL,ref_audited,base_swbgt_empirical_as_deployed,comparison baseline,3651,3651,-1.7434699625432397,2.0235732352516536,3.019503981803636,0.9492769401699566,-2.5372795772075705,0.804619002725552,0.7328790182443328,0.1785781040635328,37,-1.6319079372648664,FAIL
Bikaner,2005-2014,DJF,ref_audited,base_swbgt_empirical_as_deployed,comparison baseline,901,901,-3.6324956639930632,3.4631297910114007,4.025966258136819,0.7958972563812936,-3.886478051686847,-3.868527794269486,-4.036556850919336,-4.1517382604406805,10,-4.780847582827927,
Bikaner,2005-2014,MAM,ref_audited,base_swbgt_empirical_as_deployed,comparison baseline,920,920,-2.3135310686755037,2.076743114076578,2.988657361086531,0.8546731959337651,-2.80557466386718,-0.8769264731831612,-0.4982202110705529,-0.2835521027635082,10,-3.8982578898677174,
Bikaner,2005-2014,JJAS,ref_audited,base_swbgt_empirical_as_deployed,comparison baseline,1220,1220,0.774008240660436,1.1672632411265838,1.4427278061365663,0.7344729231490907,0.9879780383537877,0.7996097799511901,0.47667834578401624,-0.24543889520628426,13,-2.1757838731516035,
Bikaner,2005-2014,ON,ref_audited,base_swbgt_empirical_as_deployed,comparison baseline,610,610,-3.1284782137899776,3.023214166470394,3.604864269874085,0.8495273124996614,-3.5280291803793915,-1.9951158956633854,-1.7670166429585876,-1.0130249500430466,7,-3.2726310476489715,
Bikaner,2005-2014,ALL,ref_audited,base_shade_stull_at_tasmax,comparison baseline,3651,3651,-3.0259025330689164,2.7319785352498265,3.399670246880979,0.9664402648840158,-2.9890187003326147,-2.2718030953475505,-2.3341153420114367,-2.9211985555673294,37,-4.768698423355496,FAIL
Bikaner,2005-2014,DJF,ref_audited,base_shade_stull_at_tasmax,comparison baseline,901,901,-4.022184548403029,3.7776897396688156,4.266933328840438,0.8705324017255861,-3.9915742912635537,-4.157760044518199,-4.118462802875744,-3.9167262173543804,10,-4.672038142319213,
Bikaner,2005-2014,MAM,ref_audited,base_shade_stull_at_tasmax,comparison baseline,920,920,-2.8658392301281004,2.5525097462355895,3.266744856472496,0.8813892438481066,-3.1297361444480742,-2.165890181998538,-2.040436107829997,-1.986760147799842,10,-4.950980352252497,
Bikaner,2005-2014,JJAS,ref_audited,base_shade_stull_at_tasmax,comparison baseline,1220,1220,-2.1876291595940494,1.9269385654178457,2.463998479131114,0.7321616301768439,-2.139785294003044,-2.407343952826512,-2.6850645720771666,-3.448829754540853,13,-5.019818141027916,
Bikaner,2005-2014,ON,ref_audited,base_shade_stull_at_tasmax,comparison baseline,610,610,-3.4722986945916285,3.1708571554589806,3.7478419486018115,0.8787068906133497,-3.578682997733729,-3.0258474348411077,-3.125707050106616,-3.334881706476885,7,-5.019700487933176,
Bikaner,2005-2014,ALL,ref_audited,base_tier2_linear,comparison baseline,3651,3651,-0.7725848809488995,1.075502437018649,1.7231333035255751,0.9689201874254023,-0.6207693474925691,0.05509335864149989,0.013163438672393113,-0.5066008385399599,37,-2.272478688013247,FAIL
Bikaner,2005-2014,DJF,ref_audited,base_tier2_linear,comparison baseline,901,901,-1.9091440393411603,1.7448828545307205,2.2892833748743033,0.8994375522810736,-1.9560519131039484,-2.000832242077344,-1.8668688787415562,-1.5235938833677416,10,-2.3476880147469967,
Bikaner,2005-2014,MAM,ref_audited,base_tier2_linear,comparison baseline,920,920,-0.17772777277726548,0.9607717223973875,1.5489548387489227,0.8917531217897411,-0.4017286841121148,0.5977995041249713,0.6038846836905876,0.7423937323406591,10,-1.9831280422891258,
Bikaner,2005-2014,JJAS,ref_audited,base_tier2_linear,comparison baseline,1220,1220,-0.11638096495653763,0.7909830359466454,1.2197399935134747,0.7210862474100186,-0.035267003419861,-0.1279326527845086,-0.2974789553572563,-1.0889298929743987,13,-2.637338926308817,
Bikaner,2005-2014,ON,ref_audited,base_tier2_linear,comparison baseline,610,610,-1.3034004798294863,1.0830086613476197,1.853722497493443,0.8979155030763516,-1.366049947601077,-0.6506665292645124,-0.9308129090109354,-1.0906973144698888,7,-2.525350785774649,
Lucknow,2005-2014,ALL,ref_audited,ref_legacy,reference,3651,3651,0.17472688334662023,0.09364925516854328,0.7509543029874831,0.989440474764375,0.09184933136509699,0.07847504808387384,0.1284204137404572,0.1169296789049099,37,0.07114516231515025,PASS
Lucknow,2005-2014,DJF,ref_audited,ref_legacy,reference,901,901,0.4514715149314903,0.15768646099235184,1.364178250317525,0.8923648912557951,0.4873777065843683,0.471234491832206,0.5842175673214456,1.325317729170365,10,0.16407846447029328,
Lucknow,2005-2014,MAM,ref_audited,ref_legacy,reference,920,920,0.11528781263873764,0.09972977439261399,0.5009483161294997,0.990209828875442,0.07192072798360982,0.11363833170759108,0.11810411337519611,0.16659835572041004,10,0.12200120079769476,
Lucknow,2005-2014,JJAS,ref_audited,ref_legacy,reference,1220,1220,0.039220300459724605,0.05106684901309677,0.120714360600133,0.9985178635916533,0.03261324018291134,0.05291168097366494,0.025464282424664475,-0.05349787472349732,13,0.0344157973124722,
Lucknow,2005-2014,ON,ref_audited,ref_legacy,reference,610,610,0.12662042943727062,0.1114249536346108,0.46785339692692307,0.9907130011972852,0.13328623916243032,0.1402844799644285,0.18072131654670898,0.09401061793634113,7,0.018402037527258535,
Lucknow,2005-2014,ALL,ref_audited,sens_wind_brode,sensitivity,3651,3651,-0.0007134766792047267,0.05743722136156748,0.07399404679578542,0.9999043312488873,-0.0010649516494254385,0.04393405231382985,0.06283563611640375,0.06572249051527024,37,0.06084986508668604,PASS
Lucknow,2005-2014,DJF,ref_audited,sens_wind_brode,sensitivity,901,901,-0.023038562140742205,0.0718329990071993,0.08551133455882315,0.9996137542924,-0.029214585042495855,0.026311731395367133,0.02805715535652098,0.04816488146764186,10,0.06744776291445191,
Lucknow,2005-2014,MAM,ref_audited,sens_wind_brode,sensitivity,920,920,0.020985849821641298,0.056774153695357654,0.07373707865481167,0.9998379455233974,0.01716933755673722,0.06945590491904596,0.0684121850165127,0.06518402615654395,10,0.06263967415119395,
Lucknow,2005-2014,JJAS,ref_audited,sens_wind_brode,sensitivity,1220,1220,-0.011147481563749598,0.050320724111742265,0.06878924054479167,0.9996372688059102,-0.021480240368504155,0.0554615699291503,0.055969685967575344,0.056151639819070454,13,0.060128535844792344,
Lucknow,2005-2014,ON,ref_audited,sens_wind_brode,sensitivity,610,610,0.020402929188355384,0.05693075635346645,0.06561440612764641,0.9998680159846638,0.028538440570457624,0.05262815656372766,0.06301106893517527,0.06435044838254811,7,0.060173832817245705,
Lucknow,2005-2014,ALL,ref_audited,cand_C1,deployable candidate,3651,3649,0.11632025888150883,0.7380784640508296,1.0400751678398568,0.9789043753477109,0.011924813926214028,-0.2187606184268347,-0.4818945928487679,-1.2307884421103594,37,-1.964048179085064,PASS
Lucknow,2005-2014,DJF,ref_audited,cand_C1,deployable candidate,901,899,0.17645468832896796,0.7504502747325432,0.9993907788072827,0.9318740167279694,0.4522984137076378,-0.3076180562893249,-0.22642838276707877,-0.10430957495652748,9,-1.4975218332680242,
Lucknow,2005-2014,MAM,ref_audited,cand_C1,deployable candidate,920,920,0.11725457657780038,1.0387440869707802,1.2961552538098757,0.9344629448126456,0.2242814455820792,-1.0327126190147666,-1.3610360138696294,-1.4928032027979228,10,-2.067076828995971,
Lucknow,2005-2014,JJAS,ref_audited,cand_C1,deployable candidate,1220,1220,-0.0001201132737800096,0.5193953752251446,0.8332909366121072,0.9186500023450423,0.18813629266014686,-0.2261499203919115,-0.6352051077328227,-1.16450207537288,13,-2.072269577813739,
Lucknow,2005-2014,ON,ref_audited,cand_C1,deployable candidate,610,610,0.2591675206447849,0.8606784638750753,1.0375499199364147,0.954039725038256,0.20160209592762612,-0.09185404948733122,-0.3179206884312933,-0.5023600105688146,7,-1.0947837714118773,
Lucknow,2005-2014,ALL,ref_audited,cand_C2,deployable candidate,3651,3649,-0.2563611824641607,0.6106934771240162,1.070422059084706,0.9785808873887334,-0.34302020905596464,-0.5886780030996732,-0.874165466013828,-1.601275131644293,37,-2.346987366161217,PASS
Lucknow,2005-2014,DJF,ref_audited,cand_C2,deployable candidate,901,899,-0.23838179620387845,0.5697756932342486,1.029081588950183,0.929345340797783,0.020646946427518742,-0.6509888524728495,-0.6616218453346789,-0.5401119992319678,9,-2.025340061385388,
Lucknow,2005-2014,MAM,ref_audited,cand_C2,deployable candidate,920,920,-0.2861520133963238,0.8417174768615325,1.3421142639709978,0.9318120964954928,-0.18673401886772467,-1.4152973871126804,-1.7618119939366395,-1.8796675210266187,10,-2.444418410843724,
Lucknow,2005-2014,JJAS,ref_audited,cand_C2,deployable candidate,1220,1220,-0.30432173922619427,0.4912596114588439,0.8768861260346432,0.9194140760034498,-0.11410117302503409,-0.6224942147306223,-1.064388764466706,-1.5672423546228202,13,-2.466513511105483,
Lucknow,2005-2014,ON,ref_audited,cand_C2,deployable candidate,610,610,-0.14200712433419774,0.6766763172776677,1.0192610415793315,0.9540052321128982,-0.2000144089527396,-0.5209067627784911,-0.7728829403275839,-1.041190748436108,7,-1.606470676086758,
Lucknow,2005-2014,ALL,ref_audited,cand_C3,deployable candidate,3651,3649,2.299267473929596,2.341400977445744,2.6141481790705723,0.9692122776234102,2.225517311336432,1.8891054486460348,1.6714726127047754,1.2645559830494122,37,0.44889174685745675,FAIL
Lucknow,2005-2014,DJF,ref_audited,cand_C3,deployable candidate,901,899,2.5372225220460685,2.797108042092873,2.785805404026725,0.9151659289869377,2.8177591790937413,2.4001411971361435,2.643623904170113,2.815073282289138,9,1.1865172457623758,
Lucknow,2005-2014,MAM,ref_audited,cand_C3,deployable candidate,920,920,2.476183523402349,2.7114831929001753,2.8226716384365456,0.9230470151440485,2.632414269106704,1.4689991234044726,1.090533302315393,1.1061223049986992,10,0.3218945249424451,
Lucknow,2005-2014,JJAS,ref_audited,cand_C3,deployable candidate,1220,1220,1.7143278795572423,1.765856582476232,1.986164592846816,0.907614190176571,1.960626004512477,1.869416210021022,1.561265925659086,1.3751451662534322,13,0.362731452748899,
Lucknow,2005-2014,ON,ref_audited,cand_C3,deployable candidate,610,610,2.8516313286224317,2.980195108148621,3.0879871745055723,0.9340650263021332,2.999020142288913,2.39005321709066,1.9033707954928616,1.7349427186778996,7,0.9563761456487896,
Lucknow,2005-2014,ALL,ref_audited,abl_A1,oracle ablation,3651,3649,0.37012254720903387,0.41868038463121593,0.5932373814457451,0.9957527524624463,0.3048037232844649,0.26403320042416567,0.4823980767038023,0.6862871058236308,37,0.49471097756166554,PASS
Lucknow,2005-2014,DJF,ref_audited,abl_A1,oracle ablation,901,899,0.3845731565111668,0.4336250941717026,0.567882987842444,0.9881951462461764,0.5012034313840559,0.3019355967213748,0.4526200847893733,0.6113583857122329,9,0.2932340189252803,
Lucknow,2005-2014,MAM,ref_audited,abl_A1,oracle ablation,920,920,0.5743552959277439,0.6095020381634129,0.7328355990519049,0.9912850184540384,0.4754239001270264,0.6586564220332747,0.5623713974807174,0.900970026166533,10,0.6472037243935518,
Lucknow,2005-2014,JJAS,ref_audited,abl_A1,oracle ablation,1220,1220,0.1330460337306423,0.2603102744103012,0.4373416340031077,0.9819796490131514,0.038400038584484264,0.2560028037714446,0.5294110626642095,0.5004021174415172,13,0.28932032682256303,
Lucknow,2005-2014,ON,ref_audited,abl_A1,oracle ablation,610,610,0.5149555305857668,0.5425945666668213,0.6613999852619683,0.9923972313069851,0.5771544080856756,0.25123162223922435,0.3753721013021405,0.31715247610144104,7,0.042087720614298565,
Lucknow,2005-2014,ALL,ref_audited,abl_A2,oracle ablation,3651,3651,-0.044249498670517154,0.1102365968042136,0.2937023463549888,0.9983813914114114,-0.13788416112555524,0.07412585508643588,0.12375000923321977,0.18586003338194246,37,0.10093022500661324,PASS
Lucknow,2005-2014,DJF,ref_audited,abl_A2,oracle ablation,901,901,-0.07653530865112389,0.10880837918654152,0.29549992978893114,0.9945375773439433,-0.036033201797579295,-0.05736443839879257,-0.03756798833325092,-0.06781395214073882,10,-0.13436782942707737,
Lucknow,2005-2014,MAM,ref_audited,abl_A2,oracle ablation,920,920,-0.032839442695378765,0.0895850853773652,0.18477997192452644,0.9986455302865347,-0.09536670919226253,0.013645418258782627,0.0038735983465585377,0.16269211439770714,10,0.12210059453821032,
Lucknow,2005-2014,JJAS,ref_audited,abl_A2,oracle ablation,1220,1220,-0.03527678535499644,0.17574399635418558,0.38751672167913587,0.9853037250267751,-0.012882855020990291,0.09043434985171928,0.15182647983771602,0.08589792649670613,13,0.031770818015734045,
Lucknow,2005-2014,ON,ref_audited,abl_A2,oracle ablation,610,610,-0.03171580514516619,0.09350974485258234,0.18837123123793917,0.9985374375868346,-0.04683793128648972,0.1257676298193715,0.07635070044744197,0.1721098935499441,7,0.18861064151782816,
Lucknow,2005-2014,ALL,ref_audited,abl_A3,oracle ablation,3651,3651,-0.21097599051071314,0.44491404106355503,0.9489426956570282,0.9833417870813441,-0.25968224591912303,-0.5174455685882435,-0.8271482901013201,-1.7123313919451562,37,-2.4796792212681704,PASS
Lucknow,2005-2014,DJF,ref_audited,abl_A3,oracle ablation,901,901,-0.07942952952786762,0.4523789215520537,0.814258072227398,0.9552868882440477,0.045298246644847495,-0.4998085210319232,-0.37739317450757426,-0.49275745426558615,10,-1.4455562806899933,
Lucknow,2005-2014,MAM,ref_audited,abl_A3,oracle ablation,920,920,-0.4898237434806918,0.576465596259709,1.3008241600228845,0.9465798528614288,-0.2643013546655766,-1.7563376238238888,-2.0837590216424147,-2.2026333425155045,10,-2.7182888205661015,
Lucknow,2005-2014,JJAS,ref_audited,abl_A3,oracle ablation,1220,1220,-0.0700675501303376,0.32474136097854966,0.6996972524737309,0.9457521458302842,0.1344657783432126,-0.5385822410922998,-1.0757742909727028,-1.8150063466464559,13,-2.376834849213743,
Lucknow,2005-2014,ON,ref_audited,abl_A3,oracle ablation,610,610,-0.2665361968668142,0.5336151830570373,0.9376151545722018,0.9633973992085104,-0.3590646606743064,-0.6299492776608346,-0.7583213139709457,-0.8675260782878027,7,-1.3544091700009386,
Lucknow,2005-2014,ALL,ref_audited,abl_A4,oracle ablation,3651,3651,0.0032702870010472263,0.002727356689035787,0.008486910367690592,0.9999989962791955,0.013876742223430938,0.005724642032532756,0.011109884914702661,0.013625338495273809,37,0.011534243812509675,PASS
Lucknow,2005-2014,DJF,ref_audited,abl_A4,oracle ablation,901,901,-0.0016199446660310945,0.0020279759120285235,0.003370534958728784,0.9999994437687227,-0.0006646545632520429,-0.0012441266892437852,0.0021907667912159923,0.0005538452282394246,10,-0.0006673444724697219,
Lucknow,2005-2014,MAM,ref_audited,abl_A4,oracle ablation,920,920,0.009222760863447253,0.007737436101990625,0.012636440284774784,0.9999971500758863,0.024347339677007085,0.016505318788610168,0.01034705690115345,0.013512093544498782,10,0.011340053885675161,
Lucknow,2005-2014,JJAS,ref_audited,abl_A4,oracle ablation,1220,1220,0.004245783563163228,0.0025167720488639134,0.00910632253561457,0.9999927313292377,0.0066798656718844995,0.0008311788338062343,0.0016592788627320942,0.0028800029988573783,13,0.010932483954163148,
Lucknow,2005-2014,ON,ref_audited,abl_A4,oracle ablation,610,610,-0.0004350950106773318,0.0015534762687252623,0.002764896449741309,0.9999996912295367,-0.0006971418066257229,0.00015276483779302907,0.0017683008213609241,1.0007666219280509e-05,7,0.0005995192320743367,
Lucknow,2005-2014,ALL,ref_audited,base_swbgt_empirical_as_deployed,comparison baseline,3651,3651,-1.7936822461218387,2.369237192542357,3.1224297233616833,0.9291701769242848,-2.2602667489716985,0.12182524479786849,-0.2898696789960411,-1.1185266662009923,37,-2.4999148120404193,FAIL
Lucknow,2005-2014,DJF,ref_audited,base_swbgt_empirical_as_deployed,comparison baseline,901,901,-3.6355652939511907,3.465420071021395,3.9974729211790203,0.7963695214760471,-3.5869350432852976,-4.222096977461309,-4.134830562065002,-3.3664740690980253,10,-6.250441297431832,
Lucknow,2005-2014,MAM,ref_audited,base_swbgt_empirical_as_deployed,comparison baseline,920,920,-2.8249215365490192,2.584624271974917,3.302964535120769,0.8816135430394954,-3.2447240489477878,-2.7679341605210794,-2.47173983884187,-1.8027803422840663,10,-2.5449380331552014,
Lucknow,2005-2014,JJAS,ref_audited,base_swbgt_empirical_as_deployed,comparison baseline,1220,1220,0.9132083084539642,1.2977575303298892,1.7544910330333212,0.6986123085751565,0.8547209128625184,0.060155342365113995,-0.4628538889628757,-1.1238047676378002,13,-2.6082923664485946,
Lucknow,2005-2014,ON,ref_audited,base_swbgt_empirical_as_deployed,comparison baseline,610,610,-2.931599792507459,3.044501845630986,3.4843020009292376,0.8702701723653486,-3.180183234264401,-1.7278159824467245,-1.8683296206400684,-2.085823948481341,7,-2.794468158295133,
Lucknow,2005-2014,ALL,ref_audited,base_shade_stull_at_tasmax,comparison baseline,3651,3651,-3.5509896505846332,3.272810363322442,3.8266405270507127,0.9598784526059336,-3.1480769198462006,-3.855658171123544,-4.263706868395857,-4.598078529438098,37,-5.482686655096514,FAIL
Lucknow,2005-2014,DJF,ref_audited,base_shade_stull_at_tasmax,comparison baseline,901,901,-3.9461928468820746,3.632509694349384,4.2022088033018425,0.8517814626992017,-3.721717557472214,-4.486581294341235,-4.453795174806068,-3.627506637124327,10,-6.323859152757053,
Lucknow,2005-2014,MAM,ref_audited,base_shade_stull_at_tasmax,comparison baseline,920,920,-3.5197446470165024,3.149556658866395,3.853876740714213,0.8918041988568495,-3.3427207828081613,-4.67489731215041,-4.980315579650462,-4.816191852675679,10,-5.413144464712278,
Lucknow,2005-2014,JJAS,ref_audited,base_shade_stull_at_tasmax,comparison baseline,1220,1220,-3.158902905138775,2.9774923449118056,3.3735204975362585,0.8420725777247344,-3.228754262718873,-4.04351231091869,-4.39426237378736,-4.749596673242493,13,-5.717353667226637,
Lucknow,2005-2014,ON,ref_audited,base_shade_stull_at_tasmax,comparison baseline,610,610,-3.7985521962610784,3.5535790423124602,4.04955416271339,0.9067139562227691,-3.803758131826502,-4.366900214099825,-4.880586691707514,-5.197437272307603,7,-6.1919281737366,
Lucknow,2005-2014,ALL,ref_audited,base_tier2_linear,comparison baseline,3651,3651,-1.090855046338914,1.118767394575162,1.5985761474438915,0.9739144672744866,-0.8572361533840045,-1.154767174228148,-1.3949021442896878,-1.8713835674982988,37,-2.6370718541536458,FAIL
Lucknow,2005-2014,DJF,ref_audited,base_tier2_linear,comparison baseline,901,901,-1.6270772863593328,1.4438231031499313,1.9547094052386036,0.9210665724482945,-1.4238433421892864,-1.810177159381638,-1.5945871394068476,-1.37177081651825,10,-2.8294499615889075,
Lucknow,2005-2014,MAM,ref_audited,base_tier2_linear,comparison baseline,920,920,-0.6202301892240207,0.8737655249572143,1.5140205530142041,0.9171684913501725,-0.43609278672310836,-1.5458925783960353,-1.922151219324654,-1.9651510662577891,10,-2.6393173258153753,
Lucknow,2005-2014,JJAS,ref_audited,base_tier2_linear,comparison baseline,1220,1220,-1.0811403441201977,1.138658629732145,1.4364569981773434,0.8922064800347228,-1.1016656661982083,-1.243419500418078,-1.525959715421486,-1.7680332307973359,13,-2.8142682528482297,
Lucknow,2005-2014,ON,ref_audited,base_tier2_linear,comparison baseline,610,610,-1.0280526971489758,0.8636484881254027,1.4378234839781951,0.9521810514904302,-1.0269272500146869,-1.1427770911863107,-1.5568974014948935,-2.058020573886651,7,-2.479293440393568,
Hyderabad,2005-2014,ALL,ref_audited,ref_legacy,reference,3651,3651,0.09952173691034244,0.071712520108008,0.3389943268141936,0.9926930193577195,0.04156597354392488,0.1866966830699539,0.18888407708456612,0.3112560694352453,37,0.08240692696236428,PASS
Hyderabad,2005-2014,DJF,ref_audited,ref_legacy,reference,901,901,0.09774542442810258,0.09530009041424137,0.1653685374206946,0.9974421425014196,0.08396588343032363,0.016000210145364235,0.08324850480505575,0.12010838640424026,10,0.06066165378109645,
Hyderabad,2005-2014,MAM,ref_audited,ref_legacy,reference,920,920,0.19755894710702845,0.11191101750418397,0.6233467479135225,0.9606326361627129,0.20131592130115905,0.23855947721732207,0.2793880518998435,0.24292902347779943,10,0.1293226729681237,
Hyderabad,2005-2014,JJAS,ref_audited,ref_legacy,reference,1220,1220,0.0367107095260443,0.03849242133020425,0.09276259827711607,0.9990907768096431,0.05148316285482224,0.0630440339070546,0.045996865776416485,0.016622248743580315,13,0.014797613903095471,
Hyderabad,2005-2014,ON,ref_audited,ref_legacy,reference,610,610,0.07990809358967149,0.06492101157061825,0.21018668903068707,0.9957587968467282,0.0711714656455058,0.034831486186917004,0.03331353658006719,-0.06718636299838465,7,0.0546735182480396,
Hyderabad,2005-2014,ALL,ref_audited,sens_wind_brode,sensitivity,3651,3651,-0.00021348972162024249,0.0520786044978081,0.07467348781205096,0.9996329963062351,-0.05626388759606016,0.04683305364403623,0.06040555539698289,0.06523713394975061,37,0.06807615094779165,PASS
Hyderabad,2005-2014,DJF,ref_audited,sens_wind_brode,sensitivity,901,901,0.033372500329016654,0.04997161564170938,0.05729438942663621,0.9997054563729915,0.003561908898745969,0.04997161564170938,0.05006271885019942,0.07364032540351673,10,0.07233680608360941,
Hyderabad,2005-2014,MAM,ref_audited,sens_wind_brode,sensitivity,920,920,0.0432230152116052,0.051279361933183054,0.05642941890735503,0.9998660557655524,0.04724452762135911,0.06537209207787242,0.06074218462571679,0.0688673244152298,10,0.06951716174473291,
Hyderabad,2005-2014,JJAS,ref_audited,sens_wind_brode,sensitivity,1220,1220,-0.061601889635929205,0.07514883453390553,0.1000708186621636,0.9994412017253643,-0.08807426212075598,0.0009542153649348961,0.03092368850232674,0.053768806106901934,13,0.06000758924823493,
Hyderabad,2005-2014,ON,ref_audited,sens_wind_brode,sensitivity,610,610,0.007444356706684153,0.04636269349248323,0.06078667331718136,0.9995714709318665,0.02113543723874045,0.0048999374499523185,0.04913075888213214,0.0632861330586394,7,0.06345490335417026,
Hyderabad,2005-2014,ALL,ref_audited,cand_C1,deployable candidate,3651,3649,0.2733353675991831,0.6245309727595441,0.9032049079097985,0.9461146208315332,0.3942750710388623,0.02030725822133661,-0.4257041806792472,-1.202989408186923,37,-2.158945120391699,PASS
Hyderabad,2005-2014,DJF,ref_audited,cand_C1,deployable candidate,901,899,0.3487459685706295,0.7115096171980895,0.9258588608607915,0.8882455847114495,0.508354941458947,-0.011656639115869893,-0.32066962313392366,-1.289693584099986,9,-2.3050136292562797,
Hyderabad,2005-2014,MAM,ref_audited,cand_C1,deployable candidate,920,920,0.01084789761654317,0.722770292971461,1.084749030650429,0.8537805315839672,0.221660077569652,-0.8088340134935024,-1.08253102718092,-1.6348631130392306,10,-2.3631156556224027,
Hyderabad,2005-2014,JJAS,ref_audited,cand_C1,deployable candidate,1220,1220,0.21920112398055688,0.4479036236468801,0.6326628065335711,0.9584103845429661,0.40655780327196567,0.341227629195771,0.09838522987502074,-0.5002830132074578,13,-1.1128076761349173,
Hyderabad,2005-2014,ON,ref_audited,cand_C1,deployable candidate,610,610,0.6663486779687279,0.8305687116669276,1.020507800806973,0.9268611249246561,0.8035302879135884,0.6277219941584669,0.5266541349307481,-0.320805790961316,7,-1.2114499916850556,
Hyderabad,2005-2014,ALL,ref_audited,cand_C2,deployable candidate,3651,3649,-0.10062785639243028,0.4733745215702925,0.8683282738703013,0.9460939149291527,0.04693178555385202,-0.371112432522704,-0.8512637369875833,-1.632607354420351,37,-2.6146177905869026,PASS
Hyderabad,2005-2014,DJF,ref_audited,cand_C2,deployable candidate,901,899,-0.09742225879462349,0.47106622155183686,0.8700567613205274,0.8864017132793506,0.05409808290079354,-0.48000238108563664,-0.8334113668594938,-1.79114297207051,9,-2.7974532880609786,
Hyderabad,2005-2014,MAM,ref_audited,cand_C2,deployable candidate,920,920,-0.41963804619482714,0.6313173641831042,1.1797280253386628,0.8480039719822788,-0.21098079611172693,-1.2125283943102474,-1.5228348020147777,-2.119645072116789,10,-2.811222014572576,
Hyderabad,2005-2014,JJAS,ref_audited,cand_C2,deployable candidate,1220,1220,-0.05233534942913469,0.3746749121765163,0.5761895877200892,0.9582797715526622,0.11440944577179835,-0.02515971848388432,-0.3121896919740905,-0.9952687455819458,13,-1.568490544125478,
Hyderabad,2005-2014,ON,ref_audited,cand_C2,deployable candidate,610,610,0.2791929368576618,0.5845559010099066,0.7947898029721736,0.9310100864674953,0.4235988036451772,0.17168197365219484,0.12044155420439395,-0.6960134395093824,7,-1.7200158971497703,
Hyderabad,2005-2014,ALL,ref_audited,cand_C3,deployable candidate,3651,3649,2.3788049223638614,2.472250210270033,2.6049274738851613,0.9191858333077451,2.467006178310271,2.309151919180522,1.9444305291178452,1.3696463345953234,37,0.3670918511879053,FAIL
Hyderabad,2005-2014,DJF,ref_audited,cand_C3,deployable candidate,901,899,2.7593152742978724,2.917267102301537,2.919435538320375,0.8608813560407289,2.94358888597219,2.4727230270646245,2.1414680212622024,1.3512844499165908,9,0.14843502698310354,
Hyderabad,2005-2014,MAM,ref_audited,cand_C3,deployable candidate,920,920,2.256990240440254,2.438948276770134,2.526579574007825,0.8369517524814177,2.3839390171783634,1.7742106386061351,1.4782665665771546,0.9956438648412274,10,0.22585510013184376,
Hyderabad,2005-2014,JJAS,ref_audited,cand_C3,deployable candidate,1220,1220,1.9474812138612154,2.036635115430414,2.124081050452651,0.9523359862984865,2.157733821221882,2.5234973356792523,2.3211732273978356,2.1697075410493056,13,1.3525372728549838,
Hyderabad,2005-2014,ON,ref_audited,cand_C3,deployable candidate,610,610,2.86438791474791,3.0580793738492957,3.062555796413488,0.8722605961767859,3.0658392286728997,2.9268427491774176,2.831568157112084,2.1275559932931287,7,0.8524397250740533,
Hyderabad,2005-2014,ALL,ref_audited,abl_A1,oracle ablation,3651,3649,0.390862629976918,0.43164214922904875,0.615557148313427,0.9845441013981475,0.262249074216129,0.5521463413292409,0.6593728241260948,0.6972906727967043,37,0.5213158542412918,PASS
Hyderabad,2005-2014,DJF,ref_audited,abl_A1,oracle ablation,901,899,0.5589159462435564,0.5911782270972026,0.7099457747584313,0.9725222607886612,0.5510275339982513,0.43466584168358935,0.5326750825251807,0.7999323676380925,9,0.5107189504964759,
Hyderabad,2005-2014,MAM,ref_audited,abl_A1,oracle ablation,920,920,0.5770383834142908,0.6043346028875192,0.749662351710421,0.9743715494568286,0.5355210865030813,0.7448072283248877,0.7784159140540723,0.712785619681668,10,0.5700760428406341,
Hyderabad,2005-2014,JJAS,ref_audited,abl_A1,oracle ablation,1220,1220,0.14741478448569506,0.26565395649757306,0.4070585691081503,0.9845912831229043,0.1351350265505573,0.39317505254954455,0.3662732670343587,0.1239011761176485,13,0.3556767373341883,
Hyderabad,2005-2014,ON,ref_audited,abl_A1,oracle ablation,610,610,0.34929664147396927,0.4187659722528565,0.5872190807088103,0.97219334373888,0.4572238649299436,0.25921650042785416,0.1456332346827267,0.19541060064820215,7,0.22619173099991485,
Hyderabad,2005-2014,ALL,ref_audited,abl_A2,oracle ablation,3651,3651,0.027391136913144022,0.1395112180859428,0.2912685141794131,0.9949136623389919,0.02184583572181964,0.2121129027544839,0.2126643308452003,0.223992197832672,37,0.0552336991444297,PASS
Hyderabad,2005-2014,DJF,ref_audited,abl_A2,oracle ablation,901,901,-0.06352699017134328,0.12121197960959762,0.22661772909840722,0.9933720716912545,-0.08765831138532576,-0.051373564005302796,-0.013823415831609509,0.17584747941515388,10,-0.08352637832509799,
Hyderabad,2005-2014,MAM,ref_audited,abl_A2,oracle ablation,920,920,0.11799228805685896,0.1480718745877141,0.3522403521598134,0.9884522827981315,0.12168848818510014,0.24684846775776492,0.333516866948365,0.1599259158898576,10,-0.10357928021686007,
Hyderabad,2005-2014,JJAS,ref_audited,abl_A2,oracle ablation,1220,1220,0.042585939531776876,0.17222646932665953,0.3039773111516946,0.9898587187114142,0.043772053310675574,0.1382606750154416,0.19368217040192093,0.1921293478534949,13,0.18482967324908592,
Hyderabad,2005-2014,ON,ref_audited,abl_A2,oracle ablation,610,610,-0.005352282339031001,0.12090593955809936,0.24492109327553555,0.993567009866367,0.046265924111054346,0.11945045212127425,0.06479045000798678,0.20972616758365348,7,-0.014895732868459228,
Hyderabad,2005-2014,ALL,ref_audited,abl_A3,oracle ablation,3651,3651,-0.1278902446805994,0.2869512003417185,0.7851570132234205,0.9601492330910494,0.06739374703505518,-0.5828606284351849,-1.0740517694226241,-1.9190434902425295,37,-2.7238781539365315,PASS
Hyderabad,2005-2014,DJF,ref_audited,abl_A3,oracle ablation,901,901,-0.1386582753236909,0.37737552414591846,0.7598603171555985,0.9202204401714192,-0.05468861322481189,-0.5625232344689834,-0.8546199666832308,-1.8440891832811985,10,-2.7618556966827326,
Hyderabad,2005-2014,MAM,ref_audited,abl_A3,oracle ablation,920,920,-0.6490861882011747,0.4541547994917323,1.2179474186280674,0.8764147698705025,-0.43900976731083574,-1.5455468685576292,-1.863663224313342,-2.26219808008166,10,-2.85229265084854,
Hyderabad,2005-2014,JJAS,ref_audited,abl_A3,oracle ablation,1220,1220,0.062373199745028515,0.15459171572882724,0.369766181991152,0.983132866357323,0.14919761479987415,-0.1485056446827464,-0.34825924366658967,-1.1212181375410495,13,-1.5327892610633767,
Hyderabad,2005-2014,ON,ref_audited,abl_A3,oracle ablation,610,610,0.29355379048184105,0.44220304537856236,0.5711363988076363,0.9700984658761472,0.33761697969023885,0.1947349139069381,0.13462559180930356,-0.5313924925835849,7,-1.3938041759435984,
Hyderabad,2005-2014,ALL,ref_audited,abl_A4,oracle ablation,3651,3651,-0.0004775813713633825,0.002630212686142386,0.004473628469200354,0.9999988655725238,0.0013050955665221409,0.006751539583774502,0.00032914578693521435,0.0026828017441573593,37,0.0007837213983588594,PASS
Hyderabad,2005-2014,DJF,ref_audited,abl_A4,oracle ablation,901,901,-0.004525402098873682,0.004401907204623967,0.005488399276910296,0.9999986796095398,-0.006608652846296081,-0.0005931360536806096,-0.002776426245361563,-0.005564374481764389,10,-0.004224465160086765,
Hyderabad,2005-2014,MAM,ref_audited,abl_A4,oracle ablation,920,920,0.0009687525379945327,0.0032555371379601183,0.005385051115733008,0.9999969201008544,0.002299853801360996,-0.0014925791013737921,0.0007892538980911468,0.0023791896299627524,10,0.0014167483534038184,
Hyderabad,2005-2014,JJAS,ref_audited,abl_A4,oracle ablation,1220,1220,0.0020977941139626805,0.001691998516747617,0.0033296659126453064,0.9999991600979965,0.003039381400270713,0.0003326312130305098,9.850933835053866e-05,0.0038648454137444332,13,0.0026369652565475777,
Hyderabad,2005-2014,ON,ref_audited,abl_A4,oracle ablation,610,610,-0.0018308581143474786,0.0016123980288966777,0.003063195966024751,0.9999993436697563,-0.0032376827814175613,0.0001519227564621417,5.5102722431144e-05,-1.2265294245139557e-05,7,5.752332953079531e-05,
Hyderabad,2005-2014,ALL,ref_audited,base_swbgt_empirical_as_deployed,comparison baseline,3651,3651,-1.4170088113109913,1.7548352397942928,2.531500374017262,0.7429647493238125,-0.30420638836080016,-1.654103788344738,-2.102034724973329,-2.9769092105913018,37,-4.64443385592522,FAIL
Hyderabad,2005-2014,DJF,ref_audited,base_swbgt_empirical_as_deployed,comparison baseline,901,901,-3.098263865479301,3.0519853930120995,3.4223020577940972,0.7203673131656779,-2.8007315377324744,-3.0331462293210727,-3.291686497366843,-4.112442470791937,10,-6.046383009973036,
Hyderabad,2005-2014,MAM,ref_audited,base_swbgt_empirical_as_deployed,comparison baseline,920,920,-2.4607752654959625,2.2504445874285874,2.9414387724168916,0.6986192042324548,-2.2466412348189593,-2.6938166885153976,-3.0066961664592995,-3.6073382787878074,10,-4.714043898564447,
Hyderabad,2005-2014,JJAS,ref_audited,base_swbgt_empirical_as_deployed,comparison baseline,1220,1220,0.5830849087071845,0.8628634186391775,1.3373759933408624,0.8529286276544921,0.6134601539019897,-0.598502589222246,-0.9437792347237988,-1.7771489413357031,13,-3.2111065997073505,
Hyderabad,2005-2014,ON,ref_audited,base_swbgt_empirical_as_deployed,comparison baseline,610,610,-1.3596947076492754,1.5615742970040039,2.104953445235083,0.7573781302812149,-0.7986807262768174,-1.052751889435612,-1.2169755437929624,-2.284451509132097,7,-3.7786561607713454,
Hyderabad,2005-2014,ALL,ref_audited,base_shade_stull_at_tasmax,comparison baseline,3651,3651,-3.1254758501836135,2.9465512020580853,3.3477545356041243,0.8920505344335526,-2.8278688654696253,-3.4512909239784193,-3.8994538157695686,-4.741522610756789,37,-6.155413829365592,FAIL
Hyderabad,2005-2014,DJF,ref_audited,base_shade_stull_at_tasmax,comparison baseline,901,901,-3.5071879072486807,3.321487494577937,3.658791145610977,0.8292977196141635,-3.288200789543822,-3.9493429706205063,-4.2304802364343,-5.35221910012929,10,-6.502753723662939,
Hyderabad,2005-2014,MAM,ref_audited,base_shade_stull_at_tasmax,comparison baseline,920,920,-3.6238192875251074,3.347855753773942,3.8746891704188497,0.752055860704145,-3.3910770011674707,-4.372819709219783,-4.70979140244723,-5.276014722571016,10,-6.271200657566483,
Hyderabad,2005-2014,JJAS,ref_audited,base_shade_stull_at_tasmax,comparison baseline,1220,1220,-2.496611459638387,2.352559830675771,2.676405103967452,0.881623002325903,-2.468424249817751,-3.175050168656579,-3.2451281801527045,-3.979938713837196,13,-5.444772664278596,
Hyderabad,2005-2014,ON,ref_audited,base_shade_stull_at_tasmax,comparison baseline,610,610,-3.0677972119793138,3.005710219805703,3.2151738093825872,0.8809595937645037,-2.9457173212430448,-3.5949495763794346,-3.834821106115829,-4.74113535488036,7,-6.359785707553934,
Hyderabad,2005-2014,ALL,ref_audited,base_tier2_linear,comparison baseline,3651,3651,-0.8154142797372689,0.7900809381799192,1.216033129427298,0.9414513482610961,-0.8443113186237703,-0.6930277241989806,-1.1038255756002258,-1.8633425011612985,37,-2.810612739506536,PASS
Hyderabad,2005-2014,DJF,ref_audited,base_tier2_linear,comparison baseline,901,901,-0.8915783058744359,0.7910867341580818,1.253863936257228,0.8824979816830362,-0.7855432374036297,-1.03063594231849,-1.211496054161227,-2.1511205201482504,10,-3.18811130278052,
Hyderabad,2005-2014,MAM,ref_audited,base_tier2_linear,comparison baseline,920,920,-0.6970334637078295,0.6750174883072475,1.3349715044609394,0.8351574953409592,-0.4238543744830636,-1.4073328512552692,-1.6820190979646128,-2.195146309558723,10,-3.0149358420198653,
Hyderabad,2005-2014,JJAS,ref_audited,base_tier2_linear,comparison baseline,1220,1220,-0.9353755335876163,0.9077413927490579,1.1760047203043926,0.9352077378675162,-0.9295922493101543,-0.6859530200899933,-0.8404727253621616,-1.3961397889454261,13,-2.2266129664109693,
Hyderabad,2005-2014,ON,ref_audited,base_tier2_linear,comparison baseline,610,610,-0.6415353182619783,0.6623097993464402,1.036637444378491,0.9157379307973973,-0.5571784413940648,-0.6646854194696026,-0.8523267482962709,-1.6580617865855771,7,-2.764657027964236,
Shimla,2005-2014,ALL,ref_audited,ref_legacy,reference,3651,3651,0.10100824687739136,0.11789689401473424,0.9865001569223291,0.978683610310929,0.1789223143974823,0.03365259488668926,0.0633390479692082,0.18392915872416893,37,0.006000043398405769,PASS
Shimla,2005-2014,DJF,ref_audited,ref_legacy,reference,901,901,0.25074024613885243,0.15073286878867975,1.4926056558138188,0.8648791243705058,0.14669454991650355,0.228810893768582,0.6751363271311561,3.2103397863085092,10,-0.1656673182404802,
Shimla,2005-2014,MAM,ref_audited,ref_legacy,reference,920,920,0.04125634915010546,0.13300089895497536,0.6919910723646209,0.9700701407167516,0.056302268834457436,-0.0615784013112588,-0.03175469120730767,0.3399614744236672,10,-0.15682261337531145,
Shimla,2005-2014,JJAS,ref_audited,ref_legacy,reference,1220,1220,0.0012065702713799664,0.07228012453137467,0.18663958202055814,0.9936162488475919,0.02848306630525599,0.006486815792662526,0.04737808471383431,0.12262493166470279,13,0.014711698921202627,
Shimla,2005-2014,ON,ref_audited,ref_legacy,reference,610,610,0.1695676895558512,0.20581176366928844,1.3199203741732202,0.8725199199259489,0.032295280361836376,0.4076466479206111,0.486349776244797,1.5368181668547436,7,-0.15678447265589415,
Shimla,2005-2014,ALL,ref_audited,sens_wind_brode,sensitivity,3651,3651,0.0400975284317011,0.05956289971777551,0.06691063598630073,0.9999372040189335,0.03965604878874274,0.02777700458415211,0.043957720856894866,0.003715460994641262,37,0.038080308743973536,PASS
Shimla,2005-2014,DJF,ref_audited,sens_wind_brode,sensitivity,901,901,0.03840388852695897,0.07294515047595951,0.07966199674002626,0.9997111246051864,0.02771875319939454,0.05141400339169877,0.08055931364134494,0.0804203185950314,10,0.07324994707081486,
Shimla,2005-2014,MAM,ref_audited,sens_wind_brode,sensitivity,920,920,0.05570634555227588,0.061012798736271634,0.0654363897617488,0.9999320906460889,0.0674234438232304,0.05543128973620526,0.06755250555885794,0.0687084090877228,10,0.07108053462999919,
Shimla,2005-2014,JJAS,ref_audited,sens_wind_brode,sensitivity,1220,1220,0.029815800999367443,0.047423084047551356,0.05479523084820193,0.9996152818511437,0.03184535102812447,0.041101947482065526,0.04839174445537964,0.0444952633527258,13,0.039546860261269176,
Shimla,2005-2014,ON,ref_audited,sens_wind_brode,sensitivity,610,610,0.03962140592463703,0.06347277474657176,0.0704253273332655,0.9997146352244937,0.05013691236251816,0.006249018149151908,0.0527471656953189,0.06116812459600496,7,0.06143896699200825,
Shimla,2005-2014,ALL,ref_audited,cand_C1,deployable candidate,3651,3649,0.3437522406422336,0.9025507051204045,1.1277002612597538,0.9778278989375893,0.2850805938260237,0.767308244637114,0.6859064040736591,0.33470775268983743,37,-0.5113910379726837,PASS
Shimla,2005-2014,DJF,ref_audited,cand_C1,deployable candidate,901,899,-0.16980958291457612,0.7076606659856566,1.1240219207283006,0.9164002219842997,-0.07088122128556051,0.06247409115752589,0.06711730664905957,-0.23869050582485585,9,-0.8651993575044483,
Shimla,2005-2014,MAM,ref_audited,cand_C1,deployable candidate,920,920,0.3422625107947025,0.941429310275737,1.1856740917977702,0.9214962281356698,0.33924905771459635,0.3622718507618359,0.44736600949928373,0.10827409755361117,10,-1.2738257572454927,
Shimla,2005-2014,JJAS,ref_audited,cand_C1,deployable candidate,1220,1220,0.6283159646022063,0.9682206477646957,1.1094000692713564,0.8578408793192454,0.7156002106293897,0.5891890814807752,0.5714118443590301,0.051267621261612106,13,-0.7325402473753946,
Shimla,2005-2014,ON,ref_audited,cand_C1,deployable candidate,610,610,0.5337438596686824,0.9440736694647853,1.0786663986013731,0.9241489637758851,0.5616452108828298,0.6248205022401265,0.5895505709671127,0.3254103708973055,7,-0.1339446813498252,
Shimla,2005-2014,ALL,ref_audited,cand_C2,deployable candidate,3651,3649,-0.2006790388239852,0.7026802002189356,1.0982310072196806,0.9780291147685112,-0.259010295195651,0.2644721703610422,0.19098731306656802,-0.17080773155441875,37,-1.026417550021546,PASS
Shimla,2005-2014,DJF,ref_audited,cand_C2,deployable candidate,901,899,-0.7671279009372695,0.7685155336229741,1.3584823856210453,0.9128333079477079,-0.7181560766296116,-0.5674236133531494,-0.5388893703878637,-0.7781245567271569,9,-1.4745252542937175,
Shimla,2005-2014,MAM,ref_audited,cand_C2,deployable candidate,920,920,-0.2163785396892407,0.6771249401785724,1.155235445830302,0.9215624739130681,-0.2273870301705756,-0.17969065312639998,-0.056376681627348546,-0.4020688212309089,10,-1.8160320625060025,
Shimla,2005-2014,JJAS,ref_audited,cand_C2,deployable candidate,1220,1220,0.14657341000739812,0.6964955751375896,0.890168044195378,0.8634263021647249,0.2094795632446278,0.06585553313894366,0.05290896962755198,-0.48316409036749164,13,-1.240568292267942,
Shimla,2005-2014,ON,ref_audited,cand_C2,deployable candidate,610,610,-0.03669038265744417,0.7135189472140837,0.9473763949414656,0.9230557179707476,-0.00995490483961703,0.09778545613399103,0.06564545840689107,-0.24720713408998662,7,-0.7040021941843732,
Shimla,2005-2014,ALL,ref_audited,cand_C3,deployable candidate,3651,3649,2.045517677052342,2.26708705256533,2.3843020161812634,0.9721277365032318,2.0251239401106886,2.3830298397378193,2.4055694016273144,2.157378668579913,37,1.3841469433568403,FAIL
Shimla,2005-2014,DJF,ref_audited,cand_C3,deployable candidate,901,899,1.4386629114193699,1.6705163115595383,1.919900853029262,0.9138258090347637,1.6257114423489156,2.10889531445498,2.0892282760583996,1.6920095615967945,9,1.1261743858170234,
Shimla,2005-2014,MAM,ref_audited,cand_C3,deployable candidate,920,920,2.0973268408949117,2.3863220632655384,2.427895203517195,0.9146950979151951,2.0623353018729347,2.274625147214749,2.341764282578527,1.8022284999020357,10,0.5236078556810526,
Shimla,2005-2014,JJAS,ref_audited,cand_C3,deployable candidate,1220,1220,2.1947837706273514,2.413118898976819,2.4498400501925794,0.8302224496607543,2.363433120514941,2.3058333887743565,2.333286965462033,1.9981507209415987,13,1.1632967153313023,
Shimla,2005-2014,ON,ref_audited,cand_C3,deployable candidate,610,610,2.5632117252611395,2.769117072835911,2.7714172222938327,0.9070718729842111,2.630233370140189,2.6530871423762825,2.3603095115170944,2.5523220087923804,7,1.8178224344567622,
Shimla,2005-2014,ALL,ref_audited,abl_A1,oracle ablation,3651,3649,-0.11511915632784529,0.34928341620616266,0.5519050027410622,0.993546358092611,-0.06051461582023876,-0.27958293874709383,-0.38034134055998337,-0.6892569156347577,37,-1.0597143079792066,PASS
Shimla,2005-2014,DJF,ref_audited,abl_A1,oracle ablation,901,899,-0.11462395366117745,0.3515270161173021,0.5313914778082655,0.9814361449533747,-0.052974792647205504,0.018088522534142726,0.02170664328204097,-0.3387156624236489,9,-0.23606410985151646,
Shimla,2005-2014,MAM,ref_audited,abl_A1,oracle ablation,920,920,0.08955598144197935,0.33673301289402957,0.5326446811576342,0.9832736245296418,0.11101483569268566,0.12665933113422057,0.21445535351591616,0.011606689740844445,10,-0.2822847393165489,
Shimla,2005-2014,JJAS,ref_audited,abl_A1,oracle ablation,1220,1220,-0.227674058246832,0.35891656086744206,0.5840765615151207,0.9472896425138424,-0.22593946809172394,-0.563523036383728,-0.5735016650918716,-0.8490953645304948,13,-1.0853158739836055,
Shimla,2005-2014,ON,ref_audited,abl_A1,oracle ablation,610,610,-0.19942953928589324,0.3490200434553685,0.5438394851676881,0.9773895335286783,-0.2344174237185257,-0.21695067458177064,-0.4777085689268006,-0.5991013889577488,7,-0.5630324366877956,
Shimla,2005-2014,ALL,ref_audited,abl_A2,oracle ablation,3651,3651,-0.09551791844871628,0.22624992983406855,0.44668649802083377,0.9962235346441319,-0.19963182015146685,0.12179978354112109,0.10123699687090948,0.16366044996280493,37,-0.03855296208954511,PASS
Shimla,2005-2014,DJF,ref_audited,abl_A2,oracle ablation,901,901,-0.2407291366447206,0.2727979592767156,0.5306732948191324,0.9841397464445307,-0.15283682456009728,-0.19122334934320406,-0.2330351392602097,-0.31270542426415204,10,-0.45351249233248153,
Shimla,2005-2014,MAM,ref_audited,abl_A2,oracle ablation,920,920,-0.11825147765542253,0.22927331030237497,0.41456215138625807,0.9905694442970184,-0.20737871458277368,-0.06366768310972404,0.012365286223882777,-0.1233926704959849,10,-0.19736595365540097,
Shimla,2005-2014,JJAS,ref_audited,abl_A2,oracle ablation,1220,1220,0.05020833026513832,0.2396173002773878,0.4653439649903159,0.9653102549829202,0.14228935432930712,0.0751747156121958,0.28538091577220825,0.1802756651185078,13,-0.06066227385213534,
Shimla,2005-2014,ON,ref_audited,abl_A2,oracle ablation,610,610,-0.1381996256063113,0.16010334394664483,0.2932230775752269,0.994326294386967,-0.13971081504465133,-0.1749038803421996,-0.031230288744737322,0.08552216533463763,7,-0.16552382988377953,
Shimla,2005-2014,ALL,ref_audited,abl_A3,oracle ablation,3651,3651,0.46332301364990736,0.8749356809784672,1.0199728143278624,0.9835259515915249,0.2810152049024168,0.8852678140117973,0.933479574395875,0.8528326629520961,37,0.6142442056120533,PASS
Shimla,2005-2014,DJF,ref_audited,abl_A3,oracle ablation,901,901,0.1694318004604213,0.676971207267286,0.9840469560531984,0.9333622230658779,0.1847197558853395,0.2842312886106697,0.2614205442858406,-0.06903400807647131,10,-0.5168062046853492,
Shimla,2005-2014,MAM,ref_audited,abl_A3,oracle ablation,920,920,0.2668080338243847,0.9118053722717718,1.100837050134748,0.9275084530027001,0.23863341041368358,0.2908527433070738,0.3274311014465816,-0.15556585388014454,10,-1.2650044630666173,
Shimla,2005-2014,JJAS,ref_audited,abl_A3,oracle ablation,1220,1220,0.8010830848706537,0.9478260828095131,0.9909094367977592,0.946232211236742,0.8478111697779411,0.934258511634205,1.004027081497341,0.8557899410338088,13,0.5819233067762752,
Shimla,2005-2014,ON,ref_audited,abl_A3,oracle ablation,610,610,0.518277895016952,0.8744916484684779,1.0024570839375668,0.935708969708346,0.5190152269128703,0.548816038800954,0.6581910775455917,0.4890497709687658,7,-0.23903764002380154,
Shimla,2005-2014,ALL,ref_audited,abl_A4,oracle ablation,3651,3651,-0.02240683975358637,0.02215750344623757,0.037761416781629684,0.999979854179629,-0.039353392894838635,-0.002188150075426165,0.005674251564784072,0.012473022401479739,37,0.015815070950732146,PASS
Shimla,2005-2014,DJF,ref_audited,abl_A4,oracle ablation,901,901,-0.018372450764584713,0.023232604879808605,0.032157632337845084,0.9999605749770917,-0.012042063721196428,-0.048295995165858585,-0.05409991255868363,-0.03965561272053719,10,-0.04122949814405956,
Shimla,2005-2014,MAM,ref_audited,abl_A4,oracle ablation,920,920,-0.046296698956293035,0.0464996945954681,0.05421116410891622,0.9999527282726149,-0.03641200533746769,-0.0502927576391059,-0.05493685851278585,-0.021125537186971854,10,-0.03991263320471603,
Shimla,2005-2014,JJAS,ref_audited,abl_A4,oracle ablation,1220,1220,-0.004180442819464351,0.010868177040464388,0.025719352287939493,0.999899792745079,0.0016139781043591483,0.008303462058471212,0.02100192421128,0.014943205672732773,13,0.016737466402039793,
Shimla,2005-2014,ON,ref_audited,abl_A4,oracle ablation,610,610,-0.028788017249044114,0.027449324574348566,0.03537991735421658,0.9999681266916707,-0.03129551542545528,-0.05060640537293892,-0.023952922339812943,-0.01813621754022421,7,-0.009587180140020532,
Shimla,2005-2014,ALL,ref_audited,base_swbgt_empirical_as_deployed,comparison baseline,3651,3651,-3.346872791509982,3.269858800408784,3.782633172385266,0.9448851726544912,-3.9975078635123857,-2.126897534623044,-2.172904413948757,-2.6684595550735395,37,-3.923688076097494,FAIL
Shimla,2005-2014,DJF,ref_audited,base_swbgt_empirical_as_deployed,comparison baseline,901,901,-4.002109975055157,4.2223664124807,4.497295834464216,0.638005528883293,-4.314037533722756,-4.632591598931757,-4.618788348167451,-4.6890313357149385,10,-5.766632470533606,
Shimla,2005-2014,MAM,ref_audited,base_swbgt_empirical_as_deployed,comparison baseline,920,920,-3.78930279606473,3.5645906289247486,4.062637855373998,0.8654183390714835,-3.9873203673666815,-3.5906985367931874,-3.1333211216501375,-3.4340737914689683,10,-5.300968750695548,
Shimla,2005-2014,JJAS,ref_audited,base_swbgt_empirical_as_deployed,comparison baseline,1220,1220,-2.176945602518017,2.163402301652839,2.539883469460573,0.6656696027240921,-2.0074285076694522,-2.3385742012214763,-2.4329199877373604,-2.9403030844966587,13,-4.040404372356831,
Shimla,2005-2014,ON,ref_audited,base_swbgt_empirical_as_deployed,comparison baseline,610,610,-4.051638142338877,4.065016777807607,4.239059365697017,0.8806470186759973,-4.141610704242485,-3.1976950234940666,-3.3335050753815203,-3.4008639567633203,7,-4.430310900953122,
Shimla,2005-2014,ALL,ref_audited,base_shade_stull_at_tasmax,comparison baseline,3651,3651,-4.967014985608593,4.836625030853774,5.1579861108112,0.9658801409137044,-4.937681371891124,-4.52321403785999,-4.650975076231919,-4.999260743722857,37,-6.040880649424513,FAIL
Shimla,2005-2014,DJF,ref_audited,base_shade_stull_at_tasmax,comparison baseline,901,901,-5.8263011453578795,5.735977625771412,6.0214335574772875,0.8320150726700769,-5.961047129469366,-5.671574510518731,-5.590316497661174,-5.555546601829835,10,-6.466933321199852,
Shimla,2005-2014,MAM,ref_audited,base_shade_stull_at_tasmax,comparison baseline,920,920,-4.85606212786399,4.653186258009269,5.0535965456714775,0.8898142654713277,-4.991642209022679,-4.451444224017617,-4.255404452043354,-4.611665445721524,10,-6.362196765795351,
Shimla,2005-2014,JJAS,ref_audited,base_shade_stull_at_tasmax,comparison baseline,1220,1220,-4.388197766389674,4.329417665317923,4.514072646851412,0.7672731907668459,-4.426126924239888,-4.753477628770291,-4.81113592309865,-5.339662016523171,13,-6.202378837739898,
Shimla,2005-2014,ON,ref_audited,base_shade_stull_at_tasmax,comparison baseline,610,610,-5.022780242392213,4.9282851147996825,5.139138894597754,0.90054603326305,-5.022992723103927,-4.583754385657215,-4.921970793482011,-5.264002070385182,7,-5.958412302425684,
Shimla,2005-2014,ALL,ref_audited,base_tier2_linear,comparison baseline,3651,3651,-1.706760731934747,1.577295454073571,2.18060876195606,0.9713624463589208,-1.4595943008649108,-1.2455431087377562,-1.374875736849841,-1.7050686721529544,37,-2.7227622587881,FAIL
Shimla,2005-2014,DJF,ref_audited,base_tier2_linear,comparison baseline,901,901,-2.78480933123392,2.5976643907460613,3.0665869807470827,0.889715924984907,-2.771181383721375,-2.342031143777305,-2.1818845675725616,-2.345079030775466,10,-3.113294676069939,
Shimla,2005-2014,MAM,ref_audited,base_tier2_linear,comparison baseline,920,920,-1.4038083564512034,1.1512550573849705,1.9869108301085654,0.9018470412434995,-1.4818182847688277,-0.8034682111694913,-0.6605704696412111,-1.1136621987910793,10,-2.684515039008709,
Shimla,2005-2014,JJAS,ref_audited,base_tier2_linear,comparison baseline,1220,1220,-1.1549010754902183,1.086582518296007,1.5337577471084256,0.7915302358400363,-1.1964740930847881,-1.463966790966424,-1.4387312964900438,-2.0594282074400887,13,-2.9280340511206506,
Shimla,2005-2014,ON,ref_audited,base_tier2_linear,comparison baseline,610,610,-1.6750610242931574,1.5481484165431283,1.977665052313563,0.9119881387415633,-1.6124748338432795,-1.2668018811684583,-1.541264518336142,-1.830043660027961,7,-2.308313500432635,
