scope,state,scenario,period,metric_slug,n_rows,n_finite,coverage_pct
state,Andaman & Nicobar Islands,historical,1990-2010,tas_annual_mean,3,3,100.0
state,Andaman & Nicobar Islands,historical,1990-2010,tasmax_summer_mean,3,3,100.0
state,Andaman & Nicobar Islands,historical,1990-2010,tas_summer_mean,3,3,100.0
state,Andaman & Nicobar Islands,historical,1990-2010,txx_annual_max,3,3,100.0
state,Andaman & Nicobar Islands,historical,1990-2010,tn90p_warm_nights_pct,3,3,100.0
state,Andaman & Nicobar Islands,historical,1990-2010,hwa_heatwave_amplitude,3,3,100.0
state,Andaman & Nicobar Islands,historical,1990-2010,txge30_hot_days,3,3,100.0
state,Andaman & Nicobar Islands,historical,1990-2010,txge35_extreme_heat_days,3,3,100.0
state,Andaman & Nicobar Islands,historical,1990-2010,tasmin_tropical_nights_gt25,3,3,100.0
state,Andaman & Nicobar Islands,historical,1990-2010,hwfi_tmean_90p,3,3,100.0
state,Andaman & Nicobar Islands,historical,1990-2010,hwfi_events_tmean_90p,3,3,100.0
state,Andaman & Nicobar Islands,historical,1990-2010,wsdi_warm_spell_days,3,3,100.0
state,Andaman & Nicobar Islands,historical,1990-2010,tnx_annual_max,3,3,100.0
state,Andaman & Nicobar Islands,historical,1990-2010,tx90p_hot_days_pct,3,3,100.0
state,Andaman & Nicobar Islands,ssp245,2020-2040,tas_annual_mean,3,3,100.0
state,Andaman & Nicobar Islands,ssp245,2020-2040,tasmax_summer_mean,3,3,100.0
state,Andaman & Nicobar Islands,ssp245,2020-2040,tas_summer_mean,3,3,100.0
state,Andaman & Nicobar Islands,ssp245,2020-2040,txx_annual_max,3,3,100.0
state,Andaman & Nicobar Islands,ssp245,2020-2040,tn90p_warm_nights_pct,3,3,100.0
state,Andaman & Nicobar Islands,ssp245,2020-2040,hwa_heatwave_amplitude,3,3,100.0
state,Andaman & Nicobar Islands,ssp245,2020-2040,txge30_hot_days,3,3,100.0
state,Andaman & Nicobar Islands,ssp245,2020-2040,txge35_extreme_heat_days,3,3,100.0
state,Andaman & Nicobar Islands,ssp245,2020-2040,tasmin_tropical_nights_gt25,3,3,100.0
state,Andaman & Nicobar Islands,ssp245,2020-2040,hwfi_tmean_90p,3,3,100.0
state,Andaman & Nicobar Islands,ssp245,2020-2040,hwfi_events_tmean_90p,3,3,100.0
state,Andaman & Nicobar Islands,ssp245,2020-2040,wsdi_warm_spell_days,3,3,100.0
state,Andaman & Nicobar Islands,ssp245,2020-2040,tnx_annual_max,3,3,100.0
state,Andaman & Nicobar Islands,ssp245,2020-2040,tx90p_hot_days_pct,3,3,100.0
state,Andaman & Nicobar Islands,ssp245,2040-2060,tas_annual_mean,3,3,100.0
state,Andaman & Nicobar Islands,ssp245,2040-2060,tasmax_summer_mean,3,3,100.0
state,Andaman & Nicobar Islands,ssp245,2040-2060,tas_summer_mean,3,3,100.0
state,Andaman & Nicobar Islands,ssp245,2040-2060,txx_annual_max,3,3,100.0
state,Andaman & Nicobar Islands,ssp245,2040-2060,tn90p_warm_nights_pct,3,3,100.0
state,Andaman & Nicobar Islands,ssp245,2040-2060,hwa_heatwave_amplitude,3,3,100.0
state,Andaman & Nicobar Islands,ssp245,2040-2060,txge30_hot_days,3,3,100.0
state,Andaman & Nicobar Islands,ssp245,2040-2060,txge35_extreme_heat_days,3,3,100.0
state,Andaman & Nicobar Islands,ssp245,2040-2060,tasmin_tropical_nights_gt25,3,3,100.0
state,Andaman & Nicobar Islands,ssp245,2040-2060,hwfi_tmean_90p,3,3,100.0
state,Andaman & Nicobar Islands,ssp245,2040-2060,hwfi_events_tmean_90p,3,3,100.0
state,Andaman & Nicobar Islands,ssp245,2040-2060,wsdi_warm_spell_days,3,3,100.0
state,Andaman & Nicobar Islands,ssp245,2040-2060,tnx_annual_max,3,3,100.0
state,Andaman & Nicobar Islands,ssp245,2040-2060,tx90p_hot_days_pct,3,3,100.0
state,Andaman & Nicobar Islands,ssp245,2060-2080,tas_annual_mean,3,3,100.0
state,Andaman & Nicobar Islands,ssp245,2060-2080,tasmax_summer_mean,3,3,100.0
state,Andaman & Nicobar Islands,ssp245,2060-2080,tas_summer_mean,3,3,100.0
state,Andaman & Nicobar Islands,ssp245,2060-2080,txx_annual_max,3,3,100.0
state,Andaman & Nicobar Islands,ssp245,2060-2080,tn90p_warm_nights_pct,3,3,100.0
state,Andaman & Nicobar Islands,ssp245,2060-2080,hwa_heatwave_amplitude,3,3,100.0
state,Andaman & Nicobar Islands,ssp245,2060-2080,txge30_hot_days,3,3,100.0
state,Andaman & Nicobar Islands,ssp245,2060-2080,txge35_extreme_heat_days,3,3,100.0
state,Andaman & Nicobar Islands,ssp245,2060-2080,tasmin_tropical_nights_gt25,3,3,100.0
state,Andaman & Nicobar Islands,ssp245,2060-2080,hwfi_tmean_90p,3,3,100.0
state,Andaman & Nicobar Islands,ssp245,2060-2080,hwfi_events_tmean_90p,3,3,100.0
state,Andaman & Nicobar Islands,ssp245,2060-2080,wsdi_warm_spell_days,3,3,100.0
state,Andaman & Nicobar Islands,ssp245,2060-2080,tnx_annual_max,3,3,100.0
state,Andaman & Nicobar Islands,ssp245,2060-2080,tx90p_hot_days_pct,3,3,100.0
state,Andaman & Nicobar Islands,ssp585,2020-2040,tas_annual_mean,3,3,100.0
state,Andaman & Nicobar Islands,ssp585,2020-2040,tasmax_summer_mean,3,3,100.0
state,Andaman & Nicobar Islands,ssp585,2020-2040,tas_summer_mean,3,3,100.0
state,Andaman & Nicobar Islands,ssp585,2020-2040,txx_annual_max,3,3,100.0
state,Andaman & Nicobar Islands,ssp585,2020-2040,tn90p_warm_nights_pct,3,3,100.0
state,Andaman & Nicobar Islands,ssp585,2020-2040,hwa_heatwave_amplitude,3,3,100.0
state,Andaman & Nicobar Islands,ssp585,2020-2040,txge30_hot_days,3,3,100.0
state,Andaman & Nicobar Islands,ssp585,2020-2040,txge35_extreme_heat_days,3,3,100.0
state,Andaman & Nicobar Islands,ssp585,2020-2040,tasmin_tropical_nights_gt25,3,3,100.0
state,Andaman & Nicobar Islands,ssp585,2020-2040,hwfi_tmean_90p,3,3,100.0
state,Andaman & Nicobar Islands,ssp585,2020-2040,hwfi_events_tmean_90p,3,3,100.0
state,Andaman & Nicobar Islands,ssp585,2020-2040,wsdi_warm_spell_days,3,3,100.0
state,Andaman & Nicobar Islands,ssp585,2020-2040,tnx_annual_max,3,3,100.0
state,Andaman & Nicobar Islands,ssp585,2020-2040,tx90p_hot_days_pct,3,3,100.0
state,Andaman & Nicobar Islands,ssp585,2040-2060,tas_annual_mean,3,3,100.0
state,Andaman & Nicobar Islands,ssp585,2040-2060,tasmax_summer_mean,3,3,100.0
state,Andaman & Nicobar Islands,ssp585,2040-2060,tas_summer_mean,3,3,100.0
state,Andaman & Nicobar Islands,ssp585,2040-2060,txx_annual_max,3,3,100.0
state,Andaman & Nicobar Islands,ssp585,2040-2060,tn90p_warm_nights_pct,3,3,100.0
state,Andaman & Nicobar Islands,ssp585,2040-2060,hwa_heatwave_amplitude,3,3,100.0
state,Andaman & Nicobar Islands,ssp585,2040-2060,txge30_hot_days,3,3,100.0
state,Andaman & Nicobar Islands,ssp585,2040-2060,txge35_extreme_heat_days,3,3,100.0
state,Andaman & Nicobar Islands,ssp585,2040-2060,tasmin_tropical_nights_gt25,3,3,100.0
state,Andaman & Nicobar Islands,ssp585,2040-2060,hwfi_tmean_90p,3,3,100.0
state,Andaman & Nicobar Islands,ssp585,2040-2060,hwfi_events_tmean_90p,3,3,100.0
state,Andaman & Nicobar Islands,ssp585,2040-2060,wsdi_warm_spell_days,3,3,100.0
state,Andaman & Nicobar Islands,ssp585,2040-2060,tnx_annual_max,3,3,100.0
state,Andaman & Nicobar Islands,ssp585,2040-2060,tx90p_hot_days_pct,3,3,100.0
state,Andaman & Nicobar Islands,ssp585,2060-2080,tas_annual_mean,3,3,100.0
state,Andaman & Nicobar Islands,ssp585,2060-2080,tasmax_summer_mean,3,3,100.0
state,Andaman & Nicobar Islands,ssp585,2060-2080,tas_summer_mean,3,3,100.0
state,Andaman & Nicobar Islands,ssp585,2060-2080,txx_annual_max,3,3,100.0
state,Andaman & Nicobar Islands,ssp585,2060-2080,tn90p_warm_nights_pct,3,3,100.0
state,Andaman & Nicobar Islands,ssp585,2060-2080,hwa_heatwave_amplitude,3,3,100.0
state,Andaman & Nicobar Islands,ssp585,2060-2080,txge30_hot_days,3,3,100.0
state,Andaman & Nicobar Islands,ssp585,2060-2080,txge35_extreme_heat_days,3,3,100.0
state,Andaman & Nicobar Islands,ssp585,2060-2080,tasmin_tropical_nights_gt25,3,3,100.0
state,Andaman & Nicobar Islands,ssp585,2060-2080,hwfi_tmean_90p,3,3,100.0
state,Andaman & Nicobar Islands,ssp585,2060-2080,hwfi_events_tmean_90p,3,3,100.0
state,Andaman & Nicobar Islands,ssp585,2060-2080,wsdi_warm_spell_days,3,3,100.0
state,Andaman & Nicobar Islands,ssp585,2060-2080,tnx_annual_max,3,3,100.0
state,Andaman & Nicobar Islands,ssp585,2060-2080,tx90p_hot_days_pct,3,3,100.0
state,Andhra Pradesh,historical,1990-2010,tas_annual_mean,26,26,100.0
state,Andhra Pradesh,historical,1990-2010,tasmax_summer_mean,26,26,100.0
state,Andhra Pradesh,historical,1990-2010,tas_summer_mean,26,26,100.0
state,Andhra Pradesh,historical,1990-2010,txx_annual_max,26,26,100.0
state,Andhra Pradesh,historical,1990-2010,tn90p_warm_nights_pct,26,26,100.0
state,Andhra Pradesh,historical,1990-2010,hwa_heatwave_amplitude,26,26,100.0
state,Andhra Pradesh,historical,1990-2010,txge30_hot_days,26,26,100.0
state,Andhra Pradesh,historical,1990-2010,txge35_extreme_heat_days,26,26,100.0
state,Andhra Pradesh,historical,1990-2010,tasmin_tropical_nights_gt25,26,26,100.0
state,Andhra Pradesh,historical,1990-2010,hwfi_tmean_90p,26,26,100.0
state,Andhra Pradesh,historical,1990-2010,hwfi_events_tmean_90p,26,26,100.0
state,Andhra Pradesh,historical,1990-2010,wsdi_warm_spell_days,26,26,100.0
state,Andhra Pradesh,historical,1990-2010,tnx_annual_max,26,26,100.0
state,Andhra Pradesh,historical,1990-2010,tx90p_hot_days_pct,26,26,100.0
state,Andhra Pradesh,ssp245,2020-2040,tas_annual_mean,26,26,100.0
state,Andhra Pradesh,ssp245,2020-2040,tasmax_summer_mean,26,26,100.0
state,Andhra Pradesh,ssp245,2020-2040,tas_summer_mean,26,26,100.0
state,Andhra Pradesh,ssp245,2020-2040,txx_annual_max,26,26,100.0
state,Andhra Pradesh,ssp245,2020-2040,tn90p_warm_nights_pct,26,26,100.0
state,Andhra Pradesh,ssp245,2020-2040,hwa_heatwave_amplitude,26,26,100.0
state,Andhra Pradesh,ssp245,2020-2040,txge30_hot_days,26,26,100.0
state,Andhra Pradesh,ssp245,2020-2040,txge35_extreme_heat_days,26,26,100.0
state,Andhra Pradesh,ssp245,2020-2040,tasmin_tropical_nights_gt25,26,26,100.0
state,Andhra Pradesh,ssp245,2020-2040,hwfi_tmean_90p,26,26,100.0
state,Andhra Pradesh,ssp245,2020-2040,hwfi_events_tmean_90p,26,26,100.0
state,Andhra Pradesh,ssp245,2020-2040,wsdi_warm_spell_days,26,26,100.0
state,Andhra Pradesh,ssp245,2020-2040,tnx_annual_max,26,26,100.0
state,Andhra Pradesh,ssp245,2020-2040,tx90p_hot_days_pct,26,26,100.0
state,Andhra Pradesh,ssp245,2040-2060,tas_annual_mean,26,26,100.0
state,Andhra Pradesh,ssp245,2040-2060,tasmax_summer_mean,26,26,100.0
state,Andhra Pradesh,ssp245,2040-2060,tas_summer_mean,26,26,100.0
state,Andhra Pradesh,ssp245,2040-2060,txx_annual_max,26,26,100.0
state,Andhra Pradesh,ssp245,2040-2060,tn90p_warm_nights_pct,26,26,100.0
state,Andhra Pradesh,ssp245,2040-2060,hwa_heatwave_amplitude,26,26,100.0
state,Andhra Pradesh,ssp245,2040-2060,txge30_hot_days,26,26,100.0
state,Andhra Pradesh,ssp245,2040-2060,txge35_extreme_heat_days,26,26,100.0
state,Andhra Pradesh,ssp245,2040-2060,tasmin_tropical_nights_gt25,26,26,100.0
state,Andhra Pradesh,ssp245,2040-2060,hwfi_tmean_90p,26,26,100.0
state,Andhra Pradesh,ssp245,2040-2060,hwfi_events_tmean_90p,26,26,100.0
state,Andhra Pradesh,ssp245,2040-2060,wsdi_warm_spell_days,26,26,100.0
state,Andhra Pradesh,ssp245,2040-2060,tnx_annual_max,26,26,100.0
state,Andhra Pradesh,ssp245,2040-2060,tx90p_hot_days_pct,26,26,100.0
state,Andhra Pradesh,ssp245,2060-2080,tas_annual_mean,26,26,100.0
state,Andhra Pradesh,ssp245,2060-2080,tasmax_summer_mean,26,26,100.0
state,Andhra Pradesh,ssp245,2060-2080,tas_summer_mean,26,26,100.0
state,Andhra Pradesh,ssp245,2060-2080,txx_annual_max,26,26,100.0
state,Andhra Pradesh,ssp245,2060-2080,tn90p_warm_nights_pct,26,26,100.0
state,Andhra Pradesh,ssp245,2060-2080,hwa_heatwave_amplitude,26,26,100.0
state,Andhra Pradesh,ssp245,2060-2080,txge30_hot_days,26,26,100.0
state,Andhra Pradesh,ssp245,2060-2080,txge35_extreme_heat_days,26,26,100.0
state,Andhra Pradesh,ssp245,2060-2080,tasmin_tropical_nights_gt25,26,26,100.0
state,Andhra Pradesh,ssp245,2060-2080,hwfi_tmean_90p,26,26,100.0
state,Andhra Pradesh,ssp245,2060-2080,hwfi_events_tmean_90p,26,26,100.0
state,Andhra Pradesh,ssp245,2060-2080,wsdi_warm_spell_days,26,26,100.0
state,Andhra Pradesh,ssp245,2060-2080,tnx_annual_max,26,26,100.0
state,Andhra Pradesh,ssp245,2060-2080,tx90p_hot_days_pct,26,26,100.0
state,Andhra Pradesh,ssp585,2020-2040,tas_annual_mean,26,26,100.0
state,Andhra Pradesh,ssp585,2020-2040,tasmax_summer_mean,26,26,100.0
state,Andhra Pradesh,ssp585,2020-2040,tas_summer_mean,26,26,100.0
state,Andhra Pradesh,ssp585,2020-2040,txx_annual_max,26,26,100.0
state,Andhra Pradesh,ssp585,2020-2040,tn90p_warm_nights_pct,26,26,100.0
state,Andhra Pradesh,ssp585,2020-2040,hwa_heatwave_amplitude,26,26,100.0
state,Andhra Pradesh,ssp585,2020-2040,txge30_hot_days,26,26,100.0
state,Andhra Pradesh,ssp585,2020-2040,txge35_extreme_heat_days,26,26,100.0
state,Andhra Pradesh,ssp585,2020-2040,tasmin_tropical_nights_gt25,26,26,100.0
state,Andhra Pradesh,ssp585,2020-2040,hwfi_tmean_90p,26,26,100.0
state,Andhra Pradesh,ssp585,2020-2040,hwfi_events_tmean_90p,26,26,100.0
state,Andhra Pradesh,ssp585,2020-2040,wsdi_warm_spell_days,26,26,100.0
state,Andhra Pradesh,ssp585,2020-2040,tnx_annual_max,26,26,100.0
state,Andhra Pradesh,ssp585,2020-2040,tx90p_hot_days_pct,26,26,100.0
state,Andhra Pradesh,ssp585,2040-2060,tas_annual_mean,26,26,100.0
state,Andhra Pradesh,ssp585,2040-2060,tasmax_summer_mean,26,26,100.0
state,Andhra Pradesh,ssp585,2040-2060,tas_summer_mean,26,26,100.0
state,Andhra Pradesh,ssp585,2040-2060,txx_annual_max,26,26,100.0
state,Andhra Pradesh,ssp585,2040-2060,tn90p_warm_nights_pct,26,26,100.0
state,Andhra Pradesh,ssp585,2040-2060,hwa_heatwave_amplitude,26,26,100.0
state,Andhra Pradesh,ssp585,2040-2060,txge30_hot_days,26,26,100.0
state,Andhra Pradesh,ssp585,2040-2060,txge35_extreme_heat_days,26,26,100.0
state,Andhra Pradesh,ssp585,2040-2060,tasmin_tropical_nights_gt25,26,26,100.0
state,Andhra Pradesh,ssp585,2040-2060,hwfi_tmean_90p,26,26,100.0
state,Andhra Pradesh,ssp585,2040-2060,hwfi_events_tmean_90p,26,26,100.0
state,Andhra Pradesh,ssp585,2040-2060,wsdi_warm_spell_days,26,26,100.0
state,Andhra Pradesh,ssp585,2040-2060,tnx_annual_max,26,26,100.0
state,Andhra Pradesh,ssp585,2040-2060,tx90p_hot_days_pct,26,26,100.0
state,Andhra Pradesh,ssp585,2060-2080,tas_annual_mean,26,26,100.0
state,Andhra Pradesh,ssp585,2060-2080,tasmax_summer_mean,26,26,100.0
state,Andhra Pradesh,ssp585,2060-2080,tas_summer_mean,26,26,100.0
state,Andhra Pradesh,ssp585,2060-2080,txx_annual_max,26,26,100.0
state,Andhra Pradesh,ssp585,2060-2080,tn90p_warm_nights_pct,26,26,100.0
state,Andhra Pradesh,ssp585,2060-2080,hwa_heatwave_amplitude,26,26,100.0
state,Andhra Pradesh,ssp585,2060-2080,txge30_hot_days,26,26,100.0
state,Andhra Pradesh,ssp585,2060-2080,txge35_extreme_heat_days,26,26,100.0
state,Andhra Pradesh,ssp585,2060-2080,tasmin_tropical_nights_gt25,26,26,100.0
state,Andhra Pradesh,ssp585,2060-2080,hwfi_tmean_90p,26,26,100.0
state,Andhra Pradesh,ssp585,2060-2080,hwfi_events_tmean_90p,26,26,100.0
state,Andhra Pradesh,ssp585,2060-2080,wsdi_warm_spell_days,26,26,100.0
state,Andhra Pradesh,ssp585,2060-2080,tnx_annual_max,26,26,100.0
state,Andhra Pradesh,ssp585,2060-2080,tx90p_hot_days_pct,26,26,100.0
state,Arunachal Pradesh,historical,1990-2010,tas_annual_mean,26,26,100.0
state,Arunachal Pradesh,historical,1990-2010,tasmax_summer_mean,26,26,100.0
state,Arunachal Pradesh,historical,1990-2010,tas_summer_mean,26,26,100.0
state,Arunachal Pradesh,historical,1990-2010,txx_annual_max,26,26,100.0
state,Arunachal Pradesh,historical,1990-2010,tn90p_warm_nights_pct,26,26,100.0
state,Arunachal Pradesh,historical,1990-2010,hwa_heatwave_amplitude,26,26,100.0
state,Arunachal Pradesh,historical,1990-2010,txge30_hot_days,26,26,100.0
state,Arunachal Pradesh,historical,1990-2010,txge35_extreme_heat_days,26,26,100.0
state,Arunachal Pradesh,historical,1990-2010,tasmin_tropical_nights_gt25,26,26,100.0
state,Arunachal Pradesh,historical,1990-2010,hwfi_tmean_90p,26,26,100.0
state,Arunachal Pradesh,historical,1990-2010,hwfi_events_tmean_90p,26,26,100.0
state,Arunachal Pradesh,historical,1990-2010,wsdi_warm_spell_days,26,26,100.0
state,Arunachal Pradesh,historical,1990-2010,tnx_annual_max,26,26,100.0
state,Arunachal Pradesh,historical,1990-2010,tx90p_hot_days_pct,26,26,100.0
state,Arunachal Pradesh,ssp245,2020-2040,tas_annual_mean,26,26,100.0
state,Arunachal Pradesh,ssp245,2020-2040,tasmax_summer_mean,26,26,100.0
state,Arunachal Pradesh,ssp245,2020-2040,tas_summer_mean,26,26,100.0
state,Arunachal Pradesh,ssp245,2020-2040,txx_annual_max,26,26,100.0
state,Arunachal Pradesh,ssp245,2020-2040,tn90p_warm_nights_pct,26,26,100.0
state,Arunachal Pradesh,ssp245,2020-2040,hwa_heatwave_amplitude,26,26,100.0
state,Arunachal Pradesh,ssp245,2020-2040,txge30_hot_days,26,26,100.0
state,Arunachal Pradesh,ssp245,2020-2040,txge35_extreme_heat_days,26,26,100.0
state,Arunachal Pradesh,ssp245,2020-2040,tasmin_tropical_nights_gt25,26,26,100.0
state,Arunachal Pradesh,ssp245,2020-2040,hwfi_tmean_90p,26,26,100.0
state,Arunachal Pradesh,ssp245,2020-2040,hwfi_events_tmean_90p,26,26,100.0
state,Arunachal Pradesh,ssp245,2020-2040,wsdi_warm_spell_days,26,26,100.0
state,Arunachal Pradesh,ssp245,2020-2040,tnx_annual_max,26,26,100.0
state,Arunachal Pradesh,ssp245,2020-2040,tx90p_hot_days_pct,26,26,100.0
state,Arunachal Pradesh,ssp245,2040-2060,tas_annual_mean,26,26,100.0
state,Arunachal Pradesh,ssp245,2040-2060,tasmax_summer_mean,26,26,100.0
state,Arunachal Pradesh,ssp245,2040-2060,tas_summer_mean,26,26,100.0
state,Arunachal Pradesh,ssp245,2040-2060,txx_annual_max,26,26,100.0
state,Arunachal Pradesh,ssp245,2040-2060,tn90p_warm_nights_pct,26,26,100.0
state,Arunachal Pradesh,ssp245,2040-2060,hwa_heatwave_amplitude,26,26,100.0
state,Arunachal Pradesh,ssp245,2040-2060,txge30_hot_days,26,26,100.0
state,Arunachal Pradesh,ssp245,2040-2060,txge35_extreme_heat_days,26,26,100.0
state,Arunachal Pradesh,ssp245,2040-2060,tasmin_tropical_nights_gt25,26,26,100.0
state,Arunachal Pradesh,ssp245,2040-2060,hwfi_tmean_90p,26,26,100.0
state,Arunachal Pradesh,ssp245,2040-2060,hwfi_events_tmean_90p,26,26,100.0
state,Arunachal Pradesh,ssp245,2040-2060,wsdi_warm_spell_days,26,26,100.0
state,Arunachal Pradesh,ssp245,2040-2060,tnx_annual_max,26,26,100.0
state,Arunachal Pradesh,ssp245,2040-2060,tx90p_hot_days_pct,26,26,100.0
state,Arunachal Pradesh,ssp245,2060-2080,tas_annual_mean,26,26,100.0
state,Arunachal Pradesh,ssp245,2060-2080,tasmax_summer_mean,26,26,100.0
state,Arunachal Pradesh,ssp245,2060-2080,tas_summer_mean,26,26,100.0
state,Arunachal Pradesh,ssp245,2060-2080,txx_annual_max,26,26,100.0
state,Arunachal Pradesh,ssp245,2060-2080,tn90p_warm_nights_pct,26,26,100.0
state,Arunachal Pradesh,ssp245,2060-2080,hwa_heatwave_amplitude,26,26,100.0
state,Arunachal Pradesh,ssp245,2060-2080,txge30_hot_days,26,26,100.0
state,Arunachal Pradesh,ssp245,2060-2080,txge35_extreme_heat_days,26,26,100.0
state,Arunachal Pradesh,ssp245,2060-2080,tasmin_tropical_nights_gt25,26,26,100.0
state,Arunachal Pradesh,ssp245,2060-2080,hwfi_tmean_90p,26,26,100.0
state,Arunachal Pradesh,ssp245,2060-2080,hwfi_events_tmean_90p,26,26,100.0
state,Arunachal Pradesh,ssp245,2060-2080,wsdi_warm_spell_days,26,26,100.0
state,Arunachal Pradesh,ssp245,2060-2080,tnx_annual_max,26,26,100.0
state,Arunachal Pradesh,ssp245,2060-2080,tx90p_hot_days_pct,26,26,100.0
state,Arunachal Pradesh,ssp585,2020-2040,tas_annual_mean,26,26,100.0
state,Arunachal Pradesh,ssp585,2020-2040,tasmax_summer_mean,26,26,100.0
state,Arunachal Pradesh,ssp585,2020-2040,tas_summer_mean,26,26,100.0
state,Arunachal Pradesh,ssp585,2020-2040,txx_annual_max,26,26,100.0
state,Arunachal Pradesh,ssp585,2020-2040,tn90p_warm_nights_pct,26,26,100.0
state,Arunachal Pradesh,ssp585,2020-2040,hwa_heatwave_amplitude,26,26,100.0
state,Arunachal Pradesh,ssp585,2020-2040,txge30_hot_days,26,26,100.0
state,Arunachal Pradesh,ssp585,2020-2040,txge35_extreme_heat_days,26,26,100.0
state,Arunachal Pradesh,ssp585,2020-2040,tasmin_tropical_nights_gt25,26,26,100.0
state,Arunachal Pradesh,ssp585,2020-2040,hwfi_tmean_90p,26,26,100.0
state,Arunachal Pradesh,ssp585,2020-2040,hwfi_events_tmean_90p,26,26,100.0
state,Arunachal Pradesh,ssp585,2020-2040,wsdi_warm_spell_days,26,26,100.0
state,Arunachal Pradesh,ssp585,2020-2040,tnx_annual_max,26,26,100.0
state,Arunachal Pradesh,ssp585,2020-2040,tx90p_hot_days_pct,26,26,100.0
state,Arunachal Pradesh,ssp585,2040-2060,tas_annual_mean,26,26,100.0
state,Arunachal Pradesh,ssp585,2040-2060,tasmax_summer_mean,26,26,100.0
state,Arunachal Pradesh,ssp585,2040-2060,tas_summer_mean,26,26,100.0
state,Arunachal Pradesh,ssp585,2040-2060,txx_annual_max,26,26,100.0
state,Arunachal Pradesh,ssp585,2040-2060,tn90p_warm_nights_pct,26,26,100.0
state,Arunachal Pradesh,ssp585,2040-2060,hwa_heatwave_amplitude,26,26,100.0
state,Arunachal Pradesh,ssp585,2040-2060,txge30_hot_days,26,26,100.0
state,Arunachal Pradesh,ssp585,2040-2060,txge35_extreme_heat_days,26,26,100.0
state,Arunachal Pradesh,ssp585,2040-2060,tasmin_tropical_nights_gt25,26,26,100.0
state,Arunachal Pradesh,ssp585,2040-2060,hwfi_tmean_90p,26,26,100.0
state,Arunachal Pradesh,ssp585,2040-2060,hwfi_events_tmean_90p,26,26,100.0
state,Arunachal Pradesh,ssp585,2040-2060,wsdi_warm_spell_days,26,26,100.0
state,Arunachal Pradesh,ssp585,2040-2060,tnx_annual_max,26,26,100.0
state,Arunachal Pradesh,ssp585,2040-2060,tx90p_hot_days_pct,26,26,100.0
state,Arunachal Pradesh,ssp585,2060-2080,tas_annual_mean,26,26,100.0
state,Arunachal Pradesh,ssp585,2060-2080,tasmax_summer_mean,26,26,100.0
state,Arunachal Pradesh,ssp585,2060-2080,tas_summer_mean,26,26,100.0
state,Arunachal Pradesh,ssp585,2060-2080,txx_annual_max,26,26,100.0
state,Arunachal Pradesh,ssp585,2060-2080,tn90p_warm_nights_pct,26,26,100.0
state,Arunachal Pradesh,ssp585,2060-2080,hwa_heatwave_amplitude,26,26,100.0
state,Arunachal Pradesh,ssp585,2060-2080,txge30_hot_days,26,26,100.0
state,Arunachal Pradesh,ssp585,2060-2080,txge35_extreme_heat_days,26,26,100.0
state,Arunachal Pradesh,ssp585,2060-2080,tasmin_tropical_nights_gt25,26,26,100.0
state,Arunachal Pradesh,ssp585,2060-2080,hwfi_tmean_90p,26,26,100.0
state,Arunachal Pradesh,ssp585,2060-2080,hwfi_events_tmean_90p,26,26,100.0
state,Arunachal Pradesh,ssp585,2060-2080,wsdi_warm_spell_days,26,26,100.0
state,Arunachal Pradesh,ssp585,2060-2080,tnx_annual_max,26,26,100.0
state,Arunachal Pradesh,ssp585,2060-2080,tx90p_hot_days_pct,26,26,100.0
state,Assam,historical,1990-2010,tas_annual_mean,35,35,100.0
state,Assam,historical,1990-2010,tasmax_summer_mean,35,35,100.0
state,Assam,historical,1990-2010,tas_summer_mean,35,35,100.0
state,Assam,historical,1990-2010,txx_annual_max,35,35,100.0
state,Assam,historical,1990-2010,tn90p_warm_nights_pct,35,35,100.0
state,Assam,historical,1990-2010,hwa_heatwave_amplitude,35,35,100.0
state,Assam,historical,1990-2010,txge30_hot_days,35,35,100.0
state,Assam,historical,1990-2010,txge35_extreme_heat_days,35,35,100.0
state,Assam,historical,1990-2010,tasmin_tropical_nights_gt25,35,35,100.0
state,Assam,historical,1990-2010,hwfi_tmean_90p,35,35,100.0
state,Assam,historical,1990-2010,hwfi_events_tmean_90p,35,35,100.0
state,Assam,historical,1990-2010,wsdi_warm_spell_days,35,35,100.0
state,Assam,historical,1990-2010,tnx_annual_max,35,35,100.0
state,Assam,historical,1990-2010,tx90p_hot_days_pct,35,35,100.0
state,Assam,ssp245,2020-2040,tas_annual_mean,35,35,100.0
state,Assam,ssp245,2020-2040,tasmax_summer_mean,35,35,100.0
state,Assam,ssp245,2020-2040,tas_summer_mean,35,35,100.0
state,Assam,ssp245,2020-2040,txx_annual_max,35,35,100.0
state,Assam,ssp245,2020-2040,tn90p_warm_nights_pct,35,35,100.0
state,Assam,ssp245,2020-2040,hwa_heatwave_amplitude,35,35,100.0
state,Assam,ssp245,2020-2040,txge30_hot_days,35,35,100.0
state,Assam,ssp245,2020-2040,txge35_extreme_heat_days,35,35,100.0
state,Assam,ssp245,2020-2040,tasmin_tropical_nights_gt25,35,35,100.0
state,Assam,ssp245,2020-2040,hwfi_tmean_90p,35,35,100.0
state,Assam,ssp245,2020-2040,hwfi_events_tmean_90p,35,35,100.0
state,Assam,ssp245,2020-2040,wsdi_warm_spell_days,35,35,100.0
state,Assam,ssp245,2020-2040,tnx_annual_max,35,35,100.0
state,Assam,ssp245,2020-2040,tx90p_hot_days_pct,35,35,100.0
state,Assam,ssp245,2040-2060,tas_annual_mean,35,35,100.0
state,Assam,ssp245,2040-2060,tasmax_summer_mean,35,35,100.0
state,Assam,ssp245,2040-2060,tas_summer_mean,35,35,100.0
state,Assam,ssp245,2040-2060,txx_annual_max,35,35,100.0
state,Assam,ssp245,2040-2060,tn90p_warm_nights_pct,35,35,100.0
state,Assam,ssp245,2040-2060,hwa_heatwave_amplitude,35,35,100.0
state,Assam,ssp245,2040-2060,txge30_hot_days,35,35,100.0
state,Assam,ssp245,2040-2060,txge35_extreme_heat_days,35,35,100.0
state,Assam,ssp245,2040-2060,tasmin_tropical_nights_gt25,35,35,100.0
state,Assam,ssp245,2040-2060,hwfi_tmean_90p,35,35,100.0
state,Assam,ssp245,2040-2060,hwfi_events_tmean_90p,35,35,100.0
state,Assam,ssp245,2040-2060,wsdi_warm_spell_days,35,35,100.0
state,Assam,ssp245,2040-2060,tnx_annual_max,35,35,100.0
state,Assam,ssp245,2040-2060,tx90p_hot_days_pct,35,35,100.0
state,Assam,ssp245,2060-2080,tas_annual_mean,35,35,100.0
state,Assam,ssp245,2060-2080,tasmax_summer_mean,35,35,100.0
state,Assam,ssp245,2060-2080,tas_summer_mean,35,35,100.0
state,Assam,ssp245,2060-2080,txx_annual_max,35,35,100.0
state,Assam,ssp245,2060-2080,tn90p_warm_nights_pct,35,35,100.0
state,Assam,ssp245,2060-2080,hwa_heatwave_amplitude,35,35,100.0
state,Assam,ssp245,2060-2080,txge30_hot_days,35,35,100.0
state,Assam,ssp245,2060-2080,txge35_extreme_heat_days,35,35,100.0
state,Assam,ssp245,2060-2080,tasmin_tropical_nights_gt25,35,35,100.0
state,Assam,ssp245,2060-2080,hwfi_tmean_90p,35,35,100.0
state,Assam,ssp245,2060-2080,hwfi_events_tmean_90p,35,35,100.0
state,Assam,ssp245,2060-2080,wsdi_warm_spell_days,35,35,100.0
state,Assam,ssp245,2060-2080,tnx_annual_max,35,35,100.0
state,Assam,ssp245,2060-2080,tx90p_hot_days_pct,35,35,100.0
state,Assam,ssp585,2020-2040,tas_annual_mean,35,35,100.0
state,Assam,ssp585,2020-2040,tasmax_summer_mean,35,35,100.0
state,Assam,ssp585,2020-2040,tas_summer_mean,35,35,100.0
state,Assam,ssp585,2020-2040,txx_annual_max,35,35,100.0
state,Assam,ssp585,2020-2040,tn90p_warm_nights_pct,35,35,100.0
state,Assam,ssp585,2020-2040,hwa_heatwave_amplitude,35,35,100.0
state,Assam,ssp585,2020-2040,txge30_hot_days,35,35,100.0
state,Assam,ssp585,2020-2040,txge35_extreme_heat_days,35,35,100.0
state,Assam,ssp585,2020-2040,tasmin_tropical_nights_gt25,35,35,100.0
state,Assam,ssp585,2020-2040,hwfi_tmean_90p,35,35,100.0
state,Assam,ssp585,2020-2040,hwfi_events_tmean_90p,35,35,100.0
state,Assam,ssp585,2020-2040,wsdi_warm_spell_days,35,35,100.0
state,Assam,ssp585,2020-2040,tnx_annual_max,35,35,100.0
state,Assam,ssp585,2020-2040,tx90p_hot_days_pct,35,35,100.0
state,Assam,ssp585,2040-2060,tas_annual_mean,35,35,100.0
state,Assam,ssp585,2040-2060,tasmax_summer_mean,35,35,100.0
state,Assam,ssp585,2040-2060,tas_summer_mean,35,35,100.0
state,Assam,ssp585,2040-2060,txx_annual_max,35,35,100.0
state,Assam,ssp585,2040-2060,tn90p_warm_nights_pct,35,35,100.0
state,Assam,ssp585,2040-2060,hwa_heatwave_amplitude,35,35,100.0
state,Assam,ssp585,2040-2060,txge30_hot_days,35,35,100.0
state,Assam,ssp585,2040-2060,txge35_extreme_heat_days,35,35,100.0
state,Assam,ssp585,2040-2060,tasmin_tropical_nights_gt25,35,35,100.0
state,Assam,ssp585,2040-2060,hwfi_tmean_90p,35,35,100.0
state,Assam,ssp585,2040-2060,hwfi_events_tmean_90p,35,35,100.0
state,Assam,ssp585,2040-2060,wsdi_warm_spell_days,35,35,100.0
state,Assam,ssp585,2040-2060,tnx_annual_max,35,35,100.0
state,Assam,ssp585,2040-2060,tx90p_hot_days_pct,35,35,100.0
state,Assam,ssp585,2060-2080,tas_annual_mean,35,35,100.0
state,Assam,ssp585,2060-2080,tasmax_summer_mean,35,35,100.0
state,Assam,ssp585,2060-2080,tas_summer_mean,35,35,100.0
state,Assam,ssp585,2060-2080,txx_annual_max,35,35,100.0
state,Assam,ssp585,2060-2080,tn90p_warm_nights_pct,35,35,100.0
state,Assam,ssp585,2060-2080,hwa_heatwave_amplitude,35,35,100.0
state,Assam,ssp585,2060-2080,txge30_hot_days,35,35,100.0
state,Assam,ssp585,2060-2080,txge35_extreme_heat_days,35,35,100.0
state,Assam,ssp585,2060-2080,tasmin_tropical_nights_gt25,35,35,100.0
state,Assam,ssp585,2060-2080,hwfi_tmean_90p,35,35,100.0
state,Assam,ssp585,2060-2080,hwfi_events_tmean_90p,35,35,100.0
state,Assam,ssp585,2060-2080,wsdi_warm_spell_days,35,35,100.0
state,Assam,ssp585,2060-2080,tnx_annual_max,35,35,100.0
state,Assam,ssp585,2060-2080,tx90p_hot_days_pct,35,35,100.0
state,Bihar,historical,1990-2010,tas_annual_mean,38,38,100.0
state,Bihar,historical,1990-2010,tasmax_summer_mean,38,38,100.0
state,Bihar,historical,1990-2010,tas_summer_mean,38,38,100.0
state,Bihar,historical,1990-2010,txx_annual_max,38,38,100.0
state,Bihar,historical,1990-2010,tn90p_warm_nights_pct,38,38,100.0
state,Bihar,historical,1990-2010,hwa_heatwave_amplitude,38,38,100.0
state,Bihar,historical,1990-2010,txge30_hot_days,38,38,100.0
state,Bihar,historical,1990-2010,txge35_extreme_heat_days,38,38,100.0
state,Bihar,historical,1990-2010,tasmin_tropical_nights_gt25,38,38,100.0
state,Bihar,historical,1990-2010,hwfi_tmean_90p,38,38,100.0
state,Bihar,historical,1990-2010,hwfi_events_tmean_90p,38,38,100.0
state,Bihar,historical,1990-2010,wsdi_warm_spell_days,38,38,100.0
state,Bihar,historical,1990-2010,tnx_annual_max,38,38,100.0
state,Bihar,historical,1990-2010,tx90p_hot_days_pct,38,38,100.0
state,Bihar,ssp245,2020-2040,tas_annual_mean,38,38,100.0
state,Bihar,ssp245,2020-2040,tasmax_summer_mean,38,38,100.0
state,Bihar,ssp245,2020-2040,tas_summer_mean,38,38,100.0
state,Bihar,ssp245,2020-2040,txx_annual_max,38,38,100.0
state,Bihar,ssp245,2020-2040,tn90p_warm_nights_pct,38,38,100.0
state,Bihar,ssp245,2020-2040,hwa_heatwave_amplitude,38,38,100.0
state,Bihar,ssp245,2020-2040,txge30_hot_days,38,38,100.0
state,Bihar,ssp245,2020-2040,txge35_extreme_heat_days,38,38,100.0
state,Bihar,ssp245,2020-2040,tasmin_tropical_nights_gt25,38,38,100.0
state,Bihar,ssp245,2020-2040,hwfi_tmean_90p,38,38,100.0
state,Bihar,ssp245,2020-2040,hwfi_events_tmean_90p,38,38,100.0
state,Bihar,ssp245,2020-2040,wsdi_warm_spell_days,38,38,100.0
state,Bihar,ssp245,2020-2040,tnx_annual_max,38,38,100.0
state,Bihar,ssp245,2020-2040,tx90p_hot_days_pct,38,38,100.0
state,Bihar,ssp245,2040-2060,tas_annual_mean,38,38,100.0
state,Bihar,ssp245,2040-2060,tasmax_summer_mean,38,38,100.0
state,Bihar,ssp245,2040-2060,tas_summer_mean,38,38,100.0
state,Bihar,ssp245,2040-2060,txx_annual_max,38,38,100.0
state,Bihar,ssp245,2040-2060,tn90p_warm_nights_pct,38,38,100.0
state,Bihar,ssp245,2040-2060,hwa_heatwave_amplitude,38,38,100.0
state,Bihar,ssp245,2040-2060,txge30_hot_days,38,38,100.0
state,Bihar,ssp245,2040-2060,txge35_extreme_heat_days,38,38,100.0
state,Bihar,ssp245,2040-2060,tasmin_tropical_nights_gt25,38,38,100.0
state,Bihar,ssp245,2040-2060,hwfi_tmean_90p,38,38,100.0
state,Bihar,ssp245,2040-2060,hwfi_events_tmean_90p,38,38,100.0
state,Bihar,ssp245,2040-2060,wsdi_warm_spell_days,38,38,100.0
state,Bihar,ssp245,2040-2060,tnx_annual_max,38,38,100.0
state,Bihar,ssp245,2040-2060,tx90p_hot_days_pct,38,38,100.0
state,Bihar,ssp245,2060-2080,tas_annual_mean,38,38,100.0
state,Bihar,ssp245,2060-2080,tasmax_summer_mean,38,38,100.0
state,Bihar,ssp245,2060-2080,tas_summer_mean,38,38,100.0
state,Bihar,ssp245,2060-2080,txx_annual_max,38,38,100.0
state,Bihar,ssp245,2060-2080,tn90p_warm_nights_pct,38,38,100.0
state,Bihar,ssp245,2060-2080,hwa_heatwave_amplitude,38,38,100.0
state,Bihar,ssp245,2060-2080,txge30_hot_days,38,38,100.0
state,Bihar,ssp245,2060-2080,txge35_extreme_heat_days,38,38,100.0
state,Bihar,ssp245,2060-2080,tasmin_tropical_nights_gt25,38,38,100.0
state,Bihar,ssp245,2060-2080,hwfi_tmean_90p,38,38,100.0
state,Bihar,ssp245,2060-2080,hwfi_events_tmean_90p,38,38,100.0
state,Bihar,ssp245,2060-2080,wsdi_warm_spell_days,38,38,100.0
state,Bihar,ssp245,2060-2080,tnx_annual_max,38,38,100.0
state,Bihar,ssp245,2060-2080,tx90p_hot_days_pct,38,38,100.0
state,Bihar,ssp585,2020-2040,tas_annual_mean,38,38,100.0
state,Bihar,ssp585,2020-2040,tasmax_summer_mean,38,38,100.0
state,Bihar,ssp585,2020-2040,tas_summer_mean,38,38,100.0
state,Bihar,ssp585,2020-2040,txx_annual_max,38,38,100.0
state,Bihar,ssp585,2020-2040,tn90p_warm_nights_pct,38,38,100.0
state,Bihar,ssp585,2020-2040,hwa_heatwave_amplitude,38,38,100.0
state,Bihar,ssp585,2020-2040,txge30_hot_days,38,38,100.0
state,Bihar,ssp585,2020-2040,txge35_extreme_heat_days,38,38,100.0
state,Bihar,ssp585,2020-2040,tasmin_tropical_nights_gt25,38,38,100.0
state,Bihar,ssp585,2020-2040,hwfi_tmean_90p,38,38,100.0
state,Bihar,ssp585,2020-2040,hwfi_events_tmean_90p,38,38,100.0
state,Bihar,ssp585,2020-2040,wsdi_warm_spell_days,38,38,100.0
state,Bihar,ssp585,2020-2040,tnx_annual_max,38,38,100.0
state,Bihar,ssp585,2020-2040,tx90p_hot_days_pct,38,38,100.0
state,Bihar,ssp585,2040-2060,tas_annual_mean,38,38,100.0
state,Bihar,ssp585,2040-2060,tasmax_summer_mean,38,38,100.0
state,Bihar,ssp585,2040-2060,tas_summer_mean,38,38,100.0
state,Bihar,ssp585,2040-2060,txx_annual_max,38,38,100.0
state,Bihar,ssp585,2040-2060,tn90p_warm_nights_pct,38,38,100.0
state,Bihar,ssp585,2040-2060,hwa_heatwave_amplitude,38,38,100.0
state,Bihar,ssp585,2040-2060,txge30_hot_days,38,38,100.0
state,Bihar,ssp585,2040-2060,txge35_extreme_heat_days,38,38,100.0
state,Bihar,ssp585,2040-2060,tasmin_tropical_nights_gt25,38,38,100.0
state,Bihar,ssp585,2040-2060,hwfi_tmean_90p,38,38,100.0
state,Bihar,ssp585,2040-2060,hwfi_events_tmean_90p,38,38,100.0
state,Bihar,ssp585,2040-2060,wsdi_warm_spell_days,38,38,100.0
state,Bihar,ssp585,2040-2060,tnx_annual_max,38,38,100.0
state,Bihar,ssp585,2040-2060,tx90p_hot_days_pct,38,38,100.0
state,Bihar,ssp585,2060-2080,tas_annual_mean,38,38,100.0
state,Bihar,ssp585,2060-2080,tasmax_summer_mean,38,38,100.0
state,Bihar,ssp585,2060-2080,tas_summer_mean,38,38,100.0
state,Bihar,ssp585,2060-2080,txx_annual_max,38,38,100.0
state,Bihar,ssp585,2060-2080,tn90p_warm_nights_pct,38,38,100.0
state,Bihar,ssp585,2060-2080,hwa_heatwave_amplitude,38,38,100.0
state,Bihar,ssp585,2060-2080,txge30_hot_days,38,38,100.0
state,Bihar,ssp585,2060-2080,txge35_extreme_heat_days,38,38,100.0
state,Bihar,ssp585,2060-2080,tasmin_tropical_nights_gt25,38,38,100.0
state,Bihar,ssp585,2060-2080,hwfi_tmean_90p,38,38,100.0
state,Bihar,ssp585,2060-2080,hwfi_events_tmean_90p,38,38,100.0
state,Bihar,ssp585,2060-2080,wsdi_warm_spell_days,38,38,100.0
state,Bihar,ssp585,2060-2080,tnx_annual_max,38,38,100.0
state,Bihar,ssp585,2060-2080,tx90p_hot_days_pct,38,38,100.0
state,Chandigarh,historical,1990-2010,tas_annual_mean,1,1,100.0
state,Chandigarh,historical,1990-2010,tasmax_summer_mean,1,1,100.0
state,Chandigarh,historical,1990-2010,tas_summer_mean,1,1,100.0
state,Chandigarh,historical,1990-2010,txx_annual_max,1,1,100.0
state,Chandigarh,historical,1990-2010,tn90p_warm_nights_pct,1,1,100.0
state,Chandigarh,historical,1990-2010,hwa_heatwave_amplitude,1,1,100.0
state,Chandigarh,historical,1990-2010,txge30_hot_days,1,1,100.0
state,Chandigarh,historical,1990-2010,txge35_extreme_heat_days,1,1,100.0
state,Chandigarh,historical,1990-2010,tasmin_tropical_nights_gt25,1,1,100.0
state,Chandigarh,historical,1990-2010,hwfi_tmean_90p,1,1,100.0
state,Chandigarh,historical,1990-2010,hwfi_events_tmean_90p,1,1,100.0
state,Chandigarh,historical,1990-2010,wsdi_warm_spell_days,1,1,100.0
state,Chandigarh,historical,1990-2010,tnx_annual_max,1,1,100.0
state,Chandigarh,historical,1990-2010,tx90p_hot_days_pct,1,1,100.0
state,Chandigarh,ssp245,2020-2040,tas_annual_mean,1,1,100.0
state,Chandigarh,ssp245,2020-2040,tasmax_summer_mean,1,1,100.0
state,Chandigarh,ssp245,2020-2040,tas_summer_mean,1,1,100.0
state,Chandigarh,ssp245,2020-2040,txx_annual_max,1,1,100.0
state,Chandigarh,ssp245,2020-2040,tn90p_warm_nights_pct,1,1,100.0
state,Chandigarh,ssp245,2020-2040,hwa_heatwave_amplitude,1,1,100.0
state,Chandigarh,ssp245,2020-2040,txge30_hot_days,1,1,100.0
state,Chandigarh,ssp245,2020-2040,txge35_extreme_heat_days,1,1,100.0
state,Chandigarh,ssp245,2020-2040,tasmin_tropical_nights_gt25,1,1,100.0
state,Chandigarh,ssp245,2020-2040,hwfi_tmean_90p,1,1,100.0
state,Chandigarh,ssp245,2020-2040,hwfi_events_tmean_90p,1,1,100.0
state,Chandigarh,ssp245,2020-2040,wsdi_warm_spell_days,1,1,100.0
state,Chandigarh,ssp245,2020-2040,tnx_annual_max,1,1,100.0
state,Chandigarh,ssp245,2020-2040,tx90p_hot_days_pct,1,1,100.0
state,Chandigarh,ssp245,2040-2060,tas_annual_mean,1,1,100.0
state,Chandigarh,ssp245,2040-2060,tasmax_summer_mean,1,1,100.0
state,Chandigarh,ssp245,2040-2060,tas_summer_mean,1,1,100.0
state,Chandigarh,ssp245,2040-2060,txx_annual_max,1,1,100.0
state,Chandigarh,ssp245,2040-2060,tn90p_warm_nights_pct,1,1,100.0
state,Chandigarh,ssp245,2040-2060,hwa_heatwave_amplitude,1,1,100.0
state,Chandigarh,ssp245,2040-2060,txge30_hot_days,1,1,100.0
state,Chandigarh,ssp245,2040-2060,txge35_extreme_heat_days,1,1,100.0
state,Chandigarh,ssp245,2040-2060,tasmin_tropical_nights_gt25,1,1,100.0
state,Chandigarh,ssp245,2040-2060,hwfi_tmean_90p,1,1,100.0
state,Chandigarh,ssp245,2040-2060,hwfi_events_tmean_90p,1,1,100.0
state,Chandigarh,ssp245,2040-2060,wsdi_warm_spell_days,1,1,100.0
state,Chandigarh,ssp245,2040-2060,tnx_annual_max,1,1,100.0
state,Chandigarh,ssp245,2040-2060,tx90p_hot_days_pct,1,1,100.0
state,Chandigarh,ssp245,2060-2080,tas_annual_mean,1,1,100.0
state,Chandigarh,ssp245,2060-2080,tasmax_summer_mean,1,1,100.0
state,Chandigarh,ssp245,2060-2080,tas_summer_mean,1,1,100.0
state,Chandigarh,ssp245,2060-2080,txx_annual_max,1,1,100.0
state,Chandigarh,ssp245,2060-2080,tn90p_warm_nights_pct,1,1,100.0
state,Chandigarh,ssp245,2060-2080,hwa_heatwave_amplitude,1,1,100.0
state,Chandigarh,ssp245,2060-2080,txge30_hot_days,1,1,100.0
state,Chandigarh,ssp245,2060-2080,txge35_extreme_heat_days,1,1,100.0
state,Chandigarh,ssp245,2060-2080,tasmin_tropical_nights_gt25,1,1,100.0
state,Chandigarh,ssp245,2060-2080,hwfi_tmean_90p,1,1,100.0
state,Chandigarh,ssp245,2060-2080,hwfi_events_tmean_90p,1,1,100.0
state,Chandigarh,ssp245,2060-2080,wsdi_warm_spell_days,1,1,100.0
state,Chandigarh,ssp245,2060-2080,tnx_annual_max,1,1,100.0
state,Chandigarh,ssp245,2060-2080,tx90p_hot_days_pct,1,1,100.0
state,Chandigarh,ssp585,2020-2040,tas_annual_mean,1,1,100.0
state,Chandigarh,ssp585,2020-2040,tasmax_summer_mean,1,1,100.0
state,Chandigarh,ssp585,2020-2040,tas_summer_mean,1,1,100.0
state,Chandigarh,ssp585,2020-2040,txx_annual_max,1,1,100.0
state,Chandigarh,ssp585,2020-2040,tn90p_warm_nights_pct,1,1,100.0
state,Chandigarh,ssp585,2020-2040,hwa_heatwave_amplitude,1,1,100.0
state,Chandigarh,ssp585,2020-2040,txge30_hot_days,1,1,100.0
state,Chandigarh,ssp585,2020-2040,txge35_extreme_heat_days,1,1,100.0
state,Chandigarh,ssp585,2020-2040,tasmin_tropical_nights_gt25,1,1,100.0
state,Chandigarh,ssp585,2020-2040,hwfi_tmean_90p,1,1,100.0
state,Chandigarh,ssp585,2020-2040,hwfi_events_tmean_90p,1,1,100.0
state,Chandigarh,ssp585,2020-2040,wsdi_warm_spell_days,1,1,100.0
state,Chandigarh,ssp585,2020-2040,tnx_annual_max,1,1,100.0
state,Chandigarh,ssp585,2020-2040,tx90p_hot_days_pct,1,1,100.0
state,Chandigarh,ssp585,2040-2060,tas_annual_mean,1,1,100.0
state,Chandigarh,ssp585,2040-2060,tasmax_summer_mean,1,1,100.0
state,Chandigarh,ssp585,2040-2060,tas_summer_mean,1,1,100.0
state,Chandigarh,ssp585,2040-2060,txx_annual_max,1,1,100.0
state,Chandigarh,ssp585,2040-2060,tn90p_warm_nights_pct,1,1,100.0
state,Chandigarh,ssp585,2040-2060,hwa_heatwave_amplitude,1,1,100.0
state,Chandigarh,ssp585,2040-2060,txge30_hot_days,1,1,100.0
state,Chandigarh,ssp585,2040-2060,txge35_extreme_heat_days,1,1,100.0
state,Chandigarh,ssp585,2040-2060,tasmin_tropical_nights_gt25,1,1,100.0
state,Chandigarh,ssp585,2040-2060,hwfi_tmean_90p,1,1,100.0
state,Chandigarh,ssp585,2040-2060,hwfi_events_tmean_90p,1,1,100.0
state,Chandigarh,ssp585,2040-2060,wsdi_warm_spell_days,1,1,100.0
state,Chandigarh,ssp585,2040-2060,tnx_annual_max,1,1,100.0
state,Chandigarh,ssp585,2040-2060,tx90p_hot_days_pct,1,1,100.0
state,Chandigarh,ssp585,2060-2080,tas_annual_mean,1,1,100.0
state,Chandigarh,ssp585,2060-2080,tasmax_summer_mean,1,1,100.0
state,Chandigarh,ssp585,2060-2080,tas_summer_mean,1,1,100.0
state,Chandigarh,ssp585,2060-2080,txx_annual_max,1,1,100.0
state,Chandigarh,ssp585,2060-2080,tn90p_warm_nights_pct,1,1,100.0
state,Chandigarh,ssp585,2060-2080,hwa_heatwave_amplitude,1,1,100.0
state,Chandigarh,ssp585,2060-2080,txge30_hot_days,1,1,100.0
state,Chandigarh,ssp585,2060-2080,txge35_extreme_heat_days,1,1,100.0
state,Chandigarh,ssp585,2060-2080,tasmin_tropical_nights_gt25,1,1,100.0
state,Chandigarh,ssp585,2060-2080,hwfi_tmean_90p,1,1,100.0
state,Chandigarh,ssp585,2060-2080,hwfi_events_tmean_90p,1,1,100.0
state,Chandigarh,ssp585,2060-2080,wsdi_warm_spell_days,1,1,100.0
state,Chandigarh,ssp585,2060-2080,tnx_annual_max,1,1,100.0
state,Chandigarh,ssp585,2060-2080,tx90p_hot_days_pct,1,1,100.0
state,Chhattisgarh,historical,1990-2010,tas_annual_mean,33,33,100.0
state,Chhattisgarh,historical,1990-2010,tasmax_summer_mean,33,33,100.0
state,Chhattisgarh,historical,1990-2010,tas_summer_mean,33,33,100.0
state,Chhattisgarh,historical,1990-2010,txx_annual_max,33,33,100.0
state,Chhattisgarh,historical,1990-2010,tn90p_warm_nights_pct,33,33,100.0
state,Chhattisgarh,historical,1990-2010,hwa_heatwave_amplitude,33,33,100.0
state,Chhattisgarh,historical,1990-2010,txge30_hot_days,33,33,100.0
state,Chhattisgarh,historical,1990-2010,txge35_extreme_heat_days,33,33,100.0
state,Chhattisgarh,historical,1990-2010,tasmin_tropical_nights_gt25,33,33,100.0
state,Chhattisgarh,historical,1990-2010,hwfi_tmean_90p,33,33,100.0
state,Chhattisgarh,historical,1990-2010,hwfi_events_tmean_90p,33,33,100.0
state,Chhattisgarh,historical,1990-2010,wsdi_warm_spell_days,33,33,100.0
state,Chhattisgarh,historical,1990-2010,tnx_annual_max,33,33,100.0
state,Chhattisgarh,historical,1990-2010,tx90p_hot_days_pct,33,33,100.0
state,Chhattisgarh,ssp245,2020-2040,tas_annual_mean,33,33,100.0
state,Chhattisgarh,ssp245,2020-2040,tasmax_summer_mean,33,33,100.0
state,Chhattisgarh,ssp245,2020-2040,tas_summer_mean,33,33,100.0
state,Chhattisgarh,ssp245,2020-2040,txx_annual_max,33,33,100.0
state,Chhattisgarh,ssp245,2020-2040,tn90p_warm_nights_pct,33,33,100.0
state,Chhattisgarh,ssp245,2020-2040,hwa_heatwave_amplitude,33,33,100.0
state,Chhattisgarh,ssp245,2020-2040,txge30_hot_days,33,33,100.0
state,Chhattisgarh,ssp245,2020-2040,txge35_extreme_heat_days,33,33,100.0
state,Chhattisgarh,ssp245,2020-2040,tasmin_tropical_nights_gt25,33,33,100.0
state,Chhattisgarh,ssp245,2020-2040,hwfi_tmean_90p,33,33,100.0
state,Chhattisgarh,ssp245,2020-2040,hwfi_events_tmean_90p,33,33,100.0
state,Chhattisgarh,ssp245,2020-2040,wsdi_warm_spell_days,33,33,100.0
state,Chhattisgarh,ssp245,2020-2040,tnx_annual_max,33,33,100.0
state,Chhattisgarh,ssp245,2020-2040,tx90p_hot_days_pct,33,33,100.0
state,Chhattisgarh,ssp245,2040-2060,tas_annual_mean,33,33,100.0
state,Chhattisgarh,ssp245,2040-2060,tasmax_summer_mean,33,33,100.0
state,Chhattisgarh,ssp245,2040-2060,tas_summer_mean,33,33,100.0
state,Chhattisgarh,ssp245,2040-2060,txx_annual_max,33,33,100.0
state,Chhattisgarh,ssp245,2040-2060,tn90p_warm_nights_pct,33,33,100.0
state,Chhattisgarh,ssp245,2040-2060,hwa_heatwave_amplitude,33,33,100.0
state,Chhattisgarh,ssp245,2040-2060,txge30_hot_days,33,33,100.0
state,Chhattisgarh,ssp245,2040-2060,txge35_extreme_heat_days,33,33,100.0
state,Chhattisgarh,ssp245,2040-2060,tasmin_tropical_nights_gt25,33,33,100.0
state,Chhattisgarh,ssp245,2040-2060,hwfi_tmean_90p,33,33,100.0
state,Chhattisgarh,ssp245,2040-2060,hwfi_events_tmean_90p,33,33,100.0
state,Chhattisgarh,ssp245,2040-2060,wsdi_warm_spell_days,33,33,100.0
state,Chhattisgarh,ssp245,2040-2060,tnx_annual_max,33,33,100.0
state,Chhattisgarh,ssp245,2040-2060,tx90p_hot_days_pct,33,33,100.0
state,Chhattisgarh,ssp245,2060-2080,tas_annual_mean,33,33,100.0
state,Chhattisgarh,ssp245,2060-2080,tasmax_summer_mean,33,33,100.0
state,Chhattisgarh,ssp245,2060-2080,tas_summer_mean,33,33,100.0
state,Chhattisgarh,ssp245,2060-2080,txx_annual_max,33,33,100.0
state,Chhattisgarh,ssp245,2060-2080,tn90p_warm_nights_pct,33,33,100.0
state,Chhattisgarh,ssp245,2060-2080,hwa_heatwave_amplitude,33,33,100.0
state,Chhattisgarh,ssp245,2060-2080,txge30_hot_days,33,33,100.0
state,Chhattisgarh,ssp245,2060-2080,txge35_extreme_heat_days,33,33,100.0
state,Chhattisgarh,ssp245,2060-2080,tasmin_tropical_nights_gt25,33,33,100.0
state,Chhattisgarh,ssp245,2060-2080,hwfi_tmean_90p,33,33,100.0
state,Chhattisgarh,ssp245,2060-2080,hwfi_events_tmean_90p,33,33,100.0
state,Chhattisgarh,ssp245,2060-2080,wsdi_warm_spell_days,33,33,100.0
state,Chhattisgarh,ssp245,2060-2080,tnx_annual_max,33,33,100.0
state,Chhattisgarh,ssp245,2060-2080,tx90p_hot_days_pct,33,33,100.0
state,Chhattisgarh,ssp585,2020-2040,tas_annual_mean,33,33,100.0
state,Chhattisgarh,ssp585,2020-2040,tasmax_summer_mean,33,33,100.0
state,Chhattisgarh,ssp585,2020-2040,tas_summer_mean,33,33,100.0
state,Chhattisgarh,ssp585,2020-2040,txx_annual_max,33,33,100.0
state,Chhattisgarh,ssp585,2020-2040,tn90p_warm_nights_pct,33,33,100.0
state,Chhattisgarh,ssp585,2020-2040,hwa_heatwave_amplitude,33,33,100.0
state,Chhattisgarh,ssp585,2020-2040,txge30_hot_days,33,33,100.0
state,Chhattisgarh,ssp585,2020-2040,txge35_extreme_heat_days,33,33,100.0
state,Chhattisgarh,ssp585,2020-2040,tasmin_tropical_nights_gt25,33,33,100.0
state,Chhattisgarh,ssp585,2020-2040,hwfi_tmean_90p,33,33,100.0
state,Chhattisgarh,ssp585,2020-2040,hwfi_events_tmean_90p,33,33,100.0
state,Chhattisgarh,ssp585,2020-2040,wsdi_warm_spell_days,33,33,100.0
state,Chhattisgarh,ssp585,2020-2040,tnx_annual_max,33,33,100.0
state,Chhattisgarh,ssp585,2020-2040,tx90p_hot_days_pct,33,33,100.0
state,Chhattisgarh,ssp585,2040-2060,tas_annual_mean,33,33,100.0
state,Chhattisgarh,ssp585,2040-2060,tasmax_summer_mean,33,33,100.0
state,Chhattisgarh,ssp585,2040-2060,tas_summer_mean,33,33,100.0
state,Chhattisgarh,ssp585,2040-2060,txx_annual_max,33,33,100.0
state,Chhattisgarh,ssp585,2040-2060,tn90p_warm_nights_pct,33,33,100.0
state,Chhattisgarh,ssp585,2040-2060,hwa_heatwave_amplitude,33,33,100.0
state,Chhattisgarh,ssp585,2040-2060,txge30_hot_days,33,33,100.0
state,Chhattisgarh,ssp585,2040-2060,txge35_extreme_heat_days,33,33,100.0
state,Chhattisgarh,ssp585,2040-2060,tasmin_tropical_nights_gt25,33,33,100.0
state,Chhattisgarh,ssp585,2040-2060,hwfi_tmean_90p,33,33,100.0
state,Chhattisgarh,ssp585,2040-2060,hwfi_events_tmean_90p,33,33,100.0
state,Chhattisgarh,ssp585,2040-2060,wsdi_warm_spell_days,33,33,100.0
state,Chhattisgarh,ssp585,2040-2060,tnx_annual_max,33,33,100.0
state,Chhattisgarh,ssp585,2040-2060,tx90p_hot_days_pct,33,33,100.0
state,Chhattisgarh,ssp585,2060-2080,tas_annual_mean,33,33,100.0
state,Chhattisgarh,ssp585,2060-2080,tasmax_summer_mean,33,33,100.0
state,Chhattisgarh,ssp585,2060-2080,tas_summer_mean,33,33,100.0
state,Chhattisgarh,ssp585,2060-2080,txx_annual_max,33,33,100.0
state,Chhattisgarh,ssp585,2060-2080,tn90p_warm_nights_pct,33,33,100.0
state,Chhattisgarh,ssp585,2060-2080,hwa_heatwave_amplitude,33,33,100.0
state,Chhattisgarh,ssp585,2060-2080,txge30_hot_days,33,33,100.0
state,Chhattisgarh,ssp585,2060-2080,txge35_extreme_heat_days,33,33,100.0
state,Chhattisgarh,ssp585,2060-2080,tasmin_tropical_nights_gt25,33,33,100.0
state,Chhattisgarh,ssp585,2060-2080,hwfi_tmean_90p,33,33,100.0
state,Chhattisgarh,ssp585,2060-2080,hwfi_events_tmean_90p,33,33,100.0
state,Chhattisgarh,ssp585,2060-2080,wsdi_warm_spell_days,33,33,100.0
state,Chhattisgarh,ssp585,2060-2080,tnx_annual_max,33,33,100.0
state,Chhattisgarh,ssp585,2060-2080,tx90p_hot_days_pct,33,33,100.0
state,"Dadra, Nagar Haveli, Daman & Diu",historical,1990-2010,tas_annual_mean,3,3,100.0
state,"Dadra, Nagar Haveli, Daman & Diu",historical,1990-2010,tasmax_summer_mean,3,3,100.0
state,"Dadra, Nagar Haveli, Daman & Diu",historical,1990-2010,tas_summer_mean,3,3,100.0
state,"Dadra, Nagar Haveli, Daman & Diu",historical,1990-2010,txx_annual_max,3,3,100.0
state,"Dadra, Nagar Haveli, Daman & Diu",historical,1990-2010,tn90p_warm_nights_pct,3,3,100.0
state,"Dadra, Nagar Haveli, Daman & Diu",historical,1990-2010,hwa_heatwave_amplitude,3,3,100.0
state,"Dadra, Nagar Haveli, Daman & Diu",historical,1990-2010,txge30_hot_days,3,3,100.0
state,"Dadra, Nagar Haveli, Daman & Diu",historical,1990-2010,txge35_extreme_heat_days,3,3,100.0
state,"Dadra, Nagar Haveli, Daman & Diu",historical,1990-2010,tasmin_tropical_nights_gt25,3,3,100.0
state,"Dadra, Nagar Haveli, Daman & Diu",historical,1990-2010,hwfi_tmean_90p,3,3,100.0
state,"Dadra, Nagar Haveli, Daman & Diu",historical,1990-2010,hwfi_events_tmean_90p,3,3,100.0
state,"Dadra, Nagar Haveli, Daman & Diu",historical,1990-2010,wsdi_warm_spell_days,3,3,100.0
state,"Dadra, Nagar Haveli, Daman & Diu",historical,1990-2010,tnx_annual_max,3,3,100.0
state,"Dadra, Nagar Haveli, Daman & Diu",historical,1990-2010,tx90p_hot_days_pct,3,3,100.0
state,"Dadra, Nagar Haveli, Daman & Diu",ssp245,2020-2040,tas_annual_mean,3,3,100.0
state,"Dadra, Nagar Haveli, Daman & Diu",ssp245,2020-2040,tasmax_summer_mean,3,3,100.0
state,"Dadra, Nagar Haveli, Daman & Diu",ssp245,2020-2040,tas_summer_mean,3,3,100.0
state,"Dadra, Nagar Haveli, Daman & Diu",ssp245,2020-2040,txx_annual_max,3,3,100.0
state,"Dadra, Nagar Haveli, Daman & Diu",ssp245,2020-2040,tn90p_warm_nights_pct,3,3,100.0
state,"Dadra, Nagar Haveli, Daman & Diu",ssp245,2020-2040,hwa_heatwave_amplitude,3,3,100.0
state,"Dadra, Nagar Haveli, Daman & Diu",ssp245,2020-2040,txge30_hot_days,3,3,100.0
state,"Dadra, Nagar Haveli, Daman & Diu",ssp245,2020-2040,txge35_extreme_heat_days,3,3,100.0
state,"Dadra, Nagar Haveli, Daman & Diu",ssp245,2020-2040,tasmin_tropical_nights_gt25,3,3,100.0
state,"Dadra, Nagar Haveli, Daman & Diu",ssp245,2020-2040,hwfi_tmean_90p,3,3,100.0
state,"Dadra, Nagar Haveli, Daman & Diu",ssp245,2020-2040,hwfi_events_tmean_90p,3,3,100.0
state,"Dadra, Nagar Haveli, Daman & Diu",ssp245,2020-2040,wsdi_warm_spell_days,3,3,100.0
state,"Dadra, Nagar Haveli, Daman & Diu",ssp245,2020-2040,tnx_annual_max,3,3,100.0
state,"Dadra, Nagar Haveli, Daman & Diu",ssp245,2020-2040,tx90p_hot_days_pct,3,3,100.0
state,"Dadra, Nagar Haveli, Daman & Diu",ssp245,2040-2060,tas_annual_mean,3,3,100.0
state,"Dadra, Nagar Haveli, Daman & Diu",ssp245,2040-2060,tasmax_summer_mean,3,3,100.0
state,"Dadra, Nagar Haveli, Daman & Diu",ssp245,2040-2060,tas_summer_mean,3,3,100.0
state,"Dadra, Nagar Haveli, Daman & Diu",ssp245,2040-2060,txx_annual_max,3,3,100.0
state,"Dadra, Nagar Haveli, Daman & Diu",ssp245,2040-2060,tn90p_warm_nights_pct,3,3,100.0
state,"Dadra, Nagar Haveli, Daman & Diu",ssp245,2040-2060,hwa_heatwave_amplitude,3,3,100.0
state,"Dadra, Nagar Haveli, Daman & Diu",ssp245,2040-2060,txge30_hot_days,3,3,100.0
state,"Dadra, Nagar Haveli, Daman & Diu",ssp245,2040-2060,txge35_extreme_heat_days,3,3,100.0
state,"Dadra, Nagar Haveli, Daman & Diu",ssp245,2040-2060,tasmin_tropical_nights_gt25,3,3,100.0
state,"Dadra, Nagar Haveli, Daman & Diu",ssp245,2040-2060,hwfi_tmean_90p,3,3,100.0
state,"Dadra, Nagar Haveli, Daman & Diu",ssp245,2040-2060,hwfi_events_tmean_90p,3,3,100.0
state,"Dadra, Nagar Haveli, Daman & Diu",ssp245,2040-2060,wsdi_warm_spell_days,3,3,100.0
state,"Dadra, Nagar Haveli, Daman & Diu",ssp245,2040-2060,tnx_annual_max,3,3,100.0
state,"Dadra, Nagar Haveli, Daman & Diu",ssp245,2040-2060,tx90p_hot_days_pct,3,3,100.0
state,"Dadra, Nagar Haveli, Daman & Diu",ssp245,2060-2080,tas_annual_mean,3,3,100.0
state,"Dadra, Nagar Haveli, Daman & Diu",ssp245,2060-2080,tasmax_summer_mean,3,3,100.0
state,"Dadra, Nagar Haveli, Daman & Diu",ssp245,2060-2080,tas_summer_mean,3,3,100.0
state,"Dadra, Nagar Haveli, Daman & Diu",ssp245,2060-2080,txx_annual_max,3,3,100.0
state,"Dadra, Nagar Haveli, Daman & Diu",ssp245,2060-2080,tn90p_warm_nights_pct,3,3,100.0
state,"Dadra, Nagar Haveli, Daman & Diu",ssp245,2060-2080,hwa_heatwave_amplitude,3,3,100.0
state,"Dadra, Nagar Haveli, Daman & Diu",ssp245,2060-2080,txge30_hot_days,3,3,100.0
state,"Dadra, Nagar Haveli, Daman & Diu",ssp245,2060-2080,txge35_extreme_heat_days,3,3,100.0
state,"Dadra, Nagar Haveli, Daman & Diu",ssp245,2060-2080,tasmin_tropical_nights_gt25,3,3,100.0
state,"Dadra, Nagar Haveli, Daman & Diu",ssp245,2060-2080,hwfi_tmean_90p,3,3,100.0
state,"Dadra, Nagar Haveli, Daman & Diu",ssp245,2060-2080,hwfi_events_tmean_90p,3,3,100.0
state,"Dadra, Nagar Haveli, Daman & Diu",ssp245,2060-2080,wsdi_warm_spell_days,3,3,100.0
state,"Dadra, Nagar Haveli, Daman & Diu",ssp245,2060-2080,tnx_annual_max,3,3,100.0
state,"Dadra, Nagar Haveli, Daman & Diu",ssp245,2060-2080,tx90p_hot_days_pct,3,3,100.0
state,"Dadra, Nagar Haveli, Daman & Diu",ssp585,2020-2040,tas_annual_mean,3,3,100.0
state,"Dadra, Nagar Haveli, Daman & Diu",ssp585,2020-2040,tasmax_summer_mean,3,3,100.0
state,"Dadra, Nagar Haveli, Daman & Diu",ssp585,2020-2040,tas_summer_mean,3,3,100.0
state,"Dadra, Nagar Haveli, Daman & Diu",ssp585,2020-2040,txx_annual_max,3,3,100.0
state,"Dadra, Nagar Haveli, Daman & Diu",ssp585,2020-2040,tn90p_warm_nights_pct,3,3,100.0
state,"Dadra, Nagar Haveli, Daman & Diu",ssp585,2020-2040,hwa_heatwave_amplitude,3,3,100.0
state,"Dadra, Nagar Haveli, Daman & Diu",ssp585,2020-2040,txge30_hot_days,3,3,100.0
state,"Dadra, Nagar Haveli, Daman & Diu",ssp585,2020-2040,txge35_extreme_heat_days,3,3,100.0
state,"Dadra, Nagar Haveli, Daman & Diu",ssp585,2020-2040,tasmin_tropical_nights_gt25,3,3,100.0
state,"Dadra, Nagar Haveli, Daman & Diu",ssp585,2020-2040,hwfi_tmean_90p,3,3,100.0
state,"Dadra, Nagar Haveli, Daman & Diu",ssp585,2020-2040,hwfi_events_tmean_90p,3,3,100.0
state,"Dadra, Nagar Haveli, Daman & Diu",ssp585,2020-2040,wsdi_warm_spell_days,3,3,100.0
state,"Dadra, Nagar Haveli, Daman & Diu",ssp585,2020-2040,tnx_annual_max,3,3,100.0
state,"Dadra, Nagar Haveli, Daman & Diu",ssp585,2020-2040,tx90p_hot_days_pct,3,3,100.0
state,"Dadra, Nagar Haveli, Daman & Diu",ssp585,2040-2060,tas_annual_mean,3,3,100.0
state,"Dadra, Nagar Haveli, Daman & Diu",ssp585,2040-2060,tasmax_summer_mean,3,3,100.0
state,"Dadra, Nagar Haveli, Daman & Diu",ssp585,2040-2060,tas_summer_mean,3,3,100.0
state,"Dadra, Nagar Haveli, Daman & Diu",ssp585,2040-2060,txx_annual_max,3,3,100.0
state,"Dadra, Nagar Haveli, Daman & Diu",ssp585,2040-2060,tn90p_warm_nights_pct,3,3,100.0
state,"Dadra, Nagar Haveli, Daman & Diu",ssp585,2040-2060,hwa_heatwave_amplitude,3,3,100.0
state,"Dadra, Nagar Haveli, Daman & Diu",ssp585,2040-2060,txge30_hot_days,3,3,100.0
state,"Dadra, Nagar Haveli, Daman & Diu",ssp585,2040-2060,txge35_extreme_heat_days,3,3,100.0
state,"Dadra, Nagar Haveli, Daman & Diu",ssp585,2040-2060,tasmin_tropical_nights_gt25,3,3,100.0
state,"Dadra, Nagar Haveli, Daman & Diu",ssp585,2040-2060,hwfi_tmean_90p,3,3,100.0
state,"Dadra, Nagar Haveli, Daman & Diu",ssp585,2040-2060,hwfi_events_tmean_90p,3,3,100.0
state,"Dadra, Nagar Haveli, Daman & Diu",ssp585,2040-2060,wsdi_warm_spell_days,3,3,100.0
state,"Dadra, Nagar Haveli, Daman & Diu",ssp585,2040-2060,tnx_annual_max,3,3,100.0
state,"Dadra, Nagar Haveli, Daman & Diu",ssp585,2040-2060,tx90p_hot_days_pct,3,3,100.0
state,"Dadra, Nagar Haveli, Daman & Diu",ssp585,2060-2080,tas_annual_mean,3,3,100.0
state,"Dadra, Nagar Haveli, Daman & Diu",ssp585,2060-2080,tasmax_summer_mean,3,3,100.0
state,"Dadra, Nagar Haveli, Daman & Diu",ssp585,2060-2080,tas_summer_mean,3,3,100.0
state,"Dadra, Nagar Haveli, Daman & Diu",ssp585,2060-2080,txx_annual_max,3,3,100.0
state,"Dadra, Nagar Haveli, Daman & Diu",ssp585,2060-2080,tn90p_warm_nights_pct,3,3,100.0
state,"Dadra, Nagar Haveli, Daman & Diu",ssp585,2060-2080,hwa_heatwave_amplitude,3,3,100.0
state,"Dadra, Nagar Haveli, Daman & Diu",ssp585,2060-2080,txge30_hot_days,3,3,100.0
state,"Dadra, Nagar Haveli, Daman & Diu",ssp585,2060-2080,txge35_extreme_heat_days,3,3,100.0
state,"Dadra, Nagar Haveli, Daman & Diu",ssp585,2060-2080,tasmin_tropical_nights_gt25,3,3,100.0
state,"Dadra, Nagar Haveli, Daman & Diu",ssp585,2060-2080,hwfi_tmean_90p,3,3,100.0
state,"Dadra, Nagar Haveli, Daman & Diu",ssp585,2060-2080,hwfi_events_tmean_90p,3,3,100.0
state,"Dadra, Nagar Haveli, Daman & Diu",ssp585,2060-2080,wsdi_warm_spell_days,3,3,100.0
state,"Dadra, Nagar Haveli, Daman & Diu",ssp585,2060-2080,tnx_annual_max,3,3,100.0
state,"Dadra, Nagar Haveli, Daman & Diu",ssp585,2060-2080,tx90p_hot_days_pct,3,3,100.0
state,Delhi,historical,1990-2010,tas_annual_mean,11,11,100.0
state,Delhi,historical,1990-2010,tasmax_summer_mean,11,11,100.0
state,Delhi,historical,1990-2010,tas_summer_mean,11,11,100.0
state,Delhi,historical,1990-2010,txx_annual_max,11,11,100.0
state,Delhi,historical,1990-2010,tn90p_warm_nights_pct,11,11,100.0
state,Delhi,historical,1990-2010,hwa_heatwave_amplitude,11,11,100.0
state,Delhi,historical,1990-2010,txge30_hot_days,11,11,100.0
state,Delhi,historical,1990-2010,txge35_extreme_heat_days,11,11,100.0
state,Delhi,historical,1990-2010,tasmin_tropical_nights_gt25,11,11,100.0
state,Delhi,historical,1990-2010,hwfi_tmean_90p,11,11,100.0
state,Delhi,historical,1990-2010,hwfi_events_tmean_90p,11,11,100.0
state,Delhi,historical,1990-2010,wsdi_warm_spell_days,11,11,100.0
state,Delhi,historical,1990-2010,tnx_annual_max,11,11,100.0
state,Delhi,historical,1990-2010,tx90p_hot_days_pct,11,11,100.0
state,Delhi,ssp245,2020-2040,tas_annual_mean,11,11,100.0
state,Delhi,ssp245,2020-2040,tasmax_summer_mean,11,11,100.0
state,Delhi,ssp245,2020-2040,tas_summer_mean,11,11,100.0
state,Delhi,ssp245,2020-2040,txx_annual_max,11,11,100.0
state,Delhi,ssp245,2020-2040,tn90p_warm_nights_pct,11,11,100.0
state,Delhi,ssp245,2020-2040,hwa_heatwave_amplitude,11,11,100.0
state,Delhi,ssp245,2020-2040,txge30_hot_days,11,11,100.0
state,Delhi,ssp245,2020-2040,txge35_extreme_heat_days,11,11,100.0
state,Delhi,ssp245,2020-2040,tasmin_tropical_nights_gt25,11,11,100.0
state,Delhi,ssp245,2020-2040,hwfi_tmean_90p,11,11,100.0
state,Delhi,ssp245,2020-2040,hwfi_events_tmean_90p,11,11,100.0
state,Delhi,ssp245,2020-2040,wsdi_warm_spell_days,11,11,100.0
state,Delhi,ssp245,2020-2040,tnx_annual_max,11,11,100.0
state,Delhi,ssp245,2020-2040,tx90p_hot_days_pct,11,11,100.0
state,Delhi,ssp245,2040-2060,tas_annual_mean,11,11,100.0
state,Delhi,ssp245,2040-2060,tasmax_summer_mean,11,11,100.0
state,Delhi,ssp245,2040-2060,tas_summer_mean,11,11,100.0
state,Delhi,ssp245,2040-2060,txx_annual_max,11,11,100.0
state,Delhi,ssp245,2040-2060,tn90p_warm_nights_pct,11,11,100.0
state,Delhi,ssp245,2040-2060,hwa_heatwave_amplitude,11,11,100.0
state,Delhi,ssp245,2040-2060,txge30_hot_days,11,11,100.0
state,Delhi,ssp245,2040-2060,txge35_extreme_heat_days,11,11,100.0
state,Delhi,ssp245,2040-2060,tasmin_tropical_nights_gt25,11,11,100.0
state,Delhi,ssp245,2040-2060,hwfi_tmean_90p,11,11,100.0
state,Delhi,ssp245,2040-2060,hwfi_events_tmean_90p,11,11,100.0
state,Delhi,ssp245,2040-2060,wsdi_warm_spell_days,11,11,100.0
state,Delhi,ssp245,2040-2060,tnx_annual_max,11,11,100.0
state,Delhi,ssp245,2040-2060,tx90p_hot_days_pct,11,11,100.0
state,Delhi,ssp245,2060-2080,tas_annual_mean,11,11,100.0
state,Delhi,ssp245,2060-2080,tasmax_summer_mean,11,11,100.0
state,Delhi,ssp245,2060-2080,tas_summer_mean,11,11,100.0
state,Delhi,ssp245,2060-2080,txx_annual_max,11,11,100.0
state,Delhi,ssp245,2060-2080,tn90p_warm_nights_pct,11,11,100.0
state,Delhi,ssp245,2060-2080,hwa_heatwave_amplitude,11,11,100.0
state,Delhi,ssp245,2060-2080,txge30_hot_days,11,11,100.0
state,Delhi,ssp245,2060-2080,txge35_extreme_heat_days,11,11,100.0
state,Delhi,ssp245,2060-2080,tasmin_tropical_nights_gt25,11,11,100.0
state,Delhi,ssp245,2060-2080,hwfi_tmean_90p,11,11,100.0
state,Delhi,ssp245,2060-2080,hwfi_events_tmean_90p,11,11,100.0
state,Delhi,ssp245,2060-2080,wsdi_warm_spell_days,11,11,100.0
state,Delhi,ssp245,2060-2080,tnx_annual_max,11,11,100.0
state,Delhi,ssp245,2060-2080,tx90p_hot_days_pct,11,11,100.0
state,Delhi,ssp585,2020-2040,tas_annual_mean,11,11,100.0
state,Delhi,ssp585,2020-2040,tasmax_summer_mean,11,11,100.0
state,Delhi,ssp585,2020-2040,tas_summer_mean,11,11,100.0
state,Delhi,ssp585,2020-2040,txx_annual_max,11,11,100.0
state,Delhi,ssp585,2020-2040,tn90p_warm_nights_pct,11,11,100.0
state,Delhi,ssp585,2020-2040,hwa_heatwave_amplitude,11,11,100.0
state,Delhi,ssp585,2020-2040,txge30_hot_days,11,11,100.0
state,Delhi,ssp585,2020-2040,txge35_extreme_heat_days,11,11,100.0
state,Delhi,ssp585,2020-2040,tasmin_tropical_nights_gt25,11,11,100.0
state,Delhi,ssp585,2020-2040,hwfi_tmean_90p,11,11,100.0
state,Delhi,ssp585,2020-2040,hwfi_events_tmean_90p,11,11,100.0
state,Delhi,ssp585,2020-2040,wsdi_warm_spell_days,11,11,100.0
state,Delhi,ssp585,2020-2040,tnx_annual_max,11,11,100.0
state,Delhi,ssp585,2020-2040,tx90p_hot_days_pct,11,11,100.0
state,Delhi,ssp585,2040-2060,tas_annual_mean,11,11,100.0
state,Delhi,ssp585,2040-2060,tasmax_summer_mean,11,11,100.0
state,Delhi,ssp585,2040-2060,tas_summer_mean,11,11,100.0
state,Delhi,ssp585,2040-2060,txx_annual_max,11,11,100.0
state,Delhi,ssp585,2040-2060,tn90p_warm_nights_pct,11,11,100.0
state,Delhi,ssp585,2040-2060,hwa_heatwave_amplitude,11,11,100.0
state,Delhi,ssp585,2040-2060,txge30_hot_days,11,11,100.0
state,Delhi,ssp585,2040-2060,txge35_extreme_heat_days,11,11,100.0
state,Delhi,ssp585,2040-2060,tasmin_tropical_nights_gt25,11,11,100.0
state,Delhi,ssp585,2040-2060,hwfi_tmean_90p,11,11,100.0
state,Delhi,ssp585,2040-2060,hwfi_events_tmean_90p,11,11,100.0
state,Delhi,ssp585,2040-2060,wsdi_warm_spell_days,11,11,100.0
state,Delhi,ssp585,2040-2060,tnx_annual_max,11,11,100.0
state,Delhi,ssp585,2040-2060,tx90p_hot_days_pct,11,11,100.0
state,Delhi,ssp585,2060-2080,tas_annual_mean,11,11,100.0
state,Delhi,ssp585,2060-2080,tasmax_summer_mean,11,11,100.0
state,Delhi,ssp585,2060-2080,tas_summer_mean,11,11,100.0
state,Delhi,ssp585,2060-2080,txx_annual_max,11,11,100.0
state,Delhi,ssp585,2060-2080,tn90p_warm_nights_pct,11,11,100.0
state,Delhi,ssp585,2060-2080,hwa_heatwave_amplitude,11,11,100.0
state,Delhi,ssp585,2060-2080,txge30_hot_days,11,11,100.0
state,Delhi,ssp585,2060-2080,txge35_extreme_heat_days,11,11,100.0
state,Delhi,ssp585,2060-2080,tasmin_tropical_nights_gt25,11,11,100.0
state,Delhi,ssp585,2060-2080,hwfi_tmean_90p,11,11,100.0
state,Delhi,ssp585,2060-2080,hwfi_events_tmean_90p,11,11,100.0
state,Delhi,ssp585,2060-2080,wsdi_warm_spell_days,11,11,100.0
state,Delhi,ssp585,2060-2080,tnx_annual_max,11,11,100.0
state,Delhi,ssp585,2060-2080,tx90p_hot_days_pct,11,11,100.0
state,Goa,historical,1990-2010,tas_annual_mean,2,2,100.0
state,Goa,historical,1990-2010,tasmax_summer_mean,2,2,100.0
state,Goa,historical,1990-2010,tas_summer_mean,2,2,100.0
state,Goa,historical,1990-2010,txx_annual_max,2,2,100.0
state,Goa,historical,1990-2010,tn90p_warm_nights_pct,2,2,100.0
state,Goa,historical,1990-2010,hwa_heatwave_amplitude,2,2,100.0
state,Goa,historical,1990-2010,txge30_hot_days,2,2,100.0
state,Goa,historical,1990-2010,txge35_extreme_heat_days,2,2,100.0
state,Goa,historical,1990-2010,tasmin_tropical_nights_gt25,2,2,100.0
state,Goa,historical,1990-2010,hwfi_tmean_90p,2,2,100.0
state,Goa,historical,1990-2010,hwfi_events_tmean_90p,2,2,100.0
state,Goa,historical,1990-2010,wsdi_warm_spell_days,2,2,100.0
state,Goa,historical,1990-2010,tnx_annual_max,2,2,100.0
state,Goa,historical,1990-2010,tx90p_hot_days_pct,2,2,100.0
state,Goa,ssp245,2020-2040,tas_annual_mean,2,2,100.0
state,Goa,ssp245,2020-2040,tasmax_summer_mean,2,2,100.0
state,Goa,ssp245,2020-2040,tas_summer_mean,2,2,100.0
state,Goa,ssp245,2020-2040,txx_annual_max,2,2,100.0
state,Goa,ssp245,2020-2040,tn90p_warm_nights_pct,2,2,100.0
state,Goa,ssp245,2020-2040,hwa_heatwave_amplitude,2,2,100.0
state,Goa,ssp245,2020-2040,txge30_hot_days,2,2,100.0
state,Goa,ssp245,2020-2040,txge35_extreme_heat_days,2,2,100.0
state,Goa,ssp245,2020-2040,tasmin_tropical_nights_gt25,2,2,100.0
state,Goa,ssp245,2020-2040,hwfi_tmean_90p,2,2,100.0
state,Goa,ssp245,2020-2040,hwfi_events_tmean_90p,2,2,100.0
state,Goa,ssp245,2020-2040,wsdi_warm_spell_days,2,2,100.0
state,Goa,ssp245,2020-2040,tnx_annual_max,2,2,100.0
state,Goa,ssp245,2020-2040,tx90p_hot_days_pct,2,2,100.0
state,Goa,ssp245,2040-2060,tas_annual_mean,2,2,100.0
state,Goa,ssp245,2040-2060,tasmax_summer_mean,2,2,100.0
state,Goa,ssp245,2040-2060,tas_summer_mean,2,2,100.0
state,Goa,ssp245,2040-2060,txx_annual_max,2,2,100.0
state,Goa,ssp245,2040-2060,tn90p_warm_nights_pct,2,2,100.0
state,Goa,ssp245,2040-2060,hwa_heatwave_amplitude,2,2,100.0
state,Goa,ssp245,2040-2060,txge30_hot_days,2,2,100.0
state,Goa,ssp245,2040-2060,txge35_extreme_heat_days,2,2,100.0
state,Goa,ssp245,2040-2060,tasmin_tropical_nights_gt25,2,2,100.0
state,Goa,ssp245,2040-2060,hwfi_tmean_90p,2,2,100.0
state,Goa,ssp245,2040-2060,hwfi_events_tmean_90p,2,2,100.0
state,Goa,ssp245,2040-2060,wsdi_warm_spell_days,2,2,100.0
state,Goa,ssp245,2040-2060,tnx_annual_max,2,2,100.0
state,Goa,ssp245,2040-2060,tx90p_hot_days_pct,2,2,100.0
state,Goa,ssp245,2060-2080,tas_annual_mean,2,2,100.0
state,Goa,ssp245,2060-2080,tasmax_summer_mean,2,2,100.0
state,Goa,ssp245,2060-2080,tas_summer_mean,2,2,100.0
state,Goa,ssp245,2060-2080,txx_annual_max,2,2,100.0
state,Goa,ssp245,2060-2080,tn90p_warm_nights_pct,2,2,100.0
state,Goa,ssp245,2060-2080,hwa_heatwave_amplitude,2,2,100.0
state,Goa,ssp245,2060-2080,txge30_hot_days,2,2,100.0
state,Goa,ssp245,2060-2080,txge35_extreme_heat_days,2,2,100.0
state,Goa,ssp245,2060-2080,tasmin_tropical_nights_gt25,2,2,100.0
state,Goa,ssp245,2060-2080,hwfi_tmean_90p,2,2,100.0
state,Goa,ssp245,2060-2080,hwfi_events_tmean_90p,2,2,100.0
state,Goa,ssp245,2060-2080,wsdi_warm_spell_days,2,2,100.0
state,Goa,ssp245,2060-2080,tnx_annual_max,2,2,100.0
state,Goa,ssp245,2060-2080,tx90p_hot_days_pct,2,2,100.0
state,Goa,ssp585,2020-2040,tas_annual_mean,2,2,100.0
state,Goa,ssp585,2020-2040,tasmax_summer_mean,2,2,100.0
state,Goa,ssp585,2020-2040,tas_summer_mean,2,2,100.0
state,Goa,ssp585,2020-2040,txx_annual_max,2,2,100.0
state,Goa,ssp585,2020-2040,tn90p_warm_nights_pct,2,2,100.0
state,Goa,ssp585,2020-2040,hwa_heatwave_amplitude,2,2,100.0
state,Goa,ssp585,2020-2040,txge30_hot_days,2,2,100.0
state,Goa,ssp585,2020-2040,txge35_extreme_heat_days,2,2,100.0
state,Goa,ssp585,2020-2040,tasmin_tropical_nights_gt25,2,2,100.0
state,Goa,ssp585,2020-2040,hwfi_tmean_90p,2,2,100.0
state,Goa,ssp585,2020-2040,hwfi_events_tmean_90p,2,2,100.0
state,Goa,ssp585,2020-2040,wsdi_warm_spell_days,2,2,100.0
state,Goa,ssp585,2020-2040,tnx_annual_max,2,2,100.0
state,Goa,ssp585,2020-2040,tx90p_hot_days_pct,2,2,100.0
state,Goa,ssp585,2040-2060,tas_annual_mean,2,2,100.0
state,Goa,ssp585,2040-2060,tasmax_summer_mean,2,2,100.0
state,Goa,ssp585,2040-2060,tas_summer_mean,2,2,100.0
state,Goa,ssp585,2040-2060,txx_annual_max,2,2,100.0
state,Goa,ssp585,2040-2060,tn90p_warm_nights_pct,2,2,100.0
state,Goa,ssp585,2040-2060,hwa_heatwave_amplitude,2,2,100.0
state,Goa,ssp585,2040-2060,txge30_hot_days,2,2,100.0
state,Goa,ssp585,2040-2060,txge35_extreme_heat_days,2,2,100.0
state,Goa,ssp585,2040-2060,tasmin_tropical_nights_gt25,2,2,100.0
state,Goa,ssp585,2040-2060,hwfi_tmean_90p,2,2,100.0
state,Goa,ssp585,2040-2060,hwfi_events_tmean_90p,2,2,100.0
state,Goa,ssp585,2040-2060,wsdi_warm_spell_days,2,2,100.0
state,Goa,ssp585,2040-2060,tnx_annual_max,2,2,100.0
state,Goa,ssp585,2040-2060,tx90p_hot_days_pct,2,2,100.0
state,Goa,ssp585,2060-2080,tas_annual_mean,2,2,100.0
state,Goa,ssp585,2060-2080,tasmax_summer_mean,2,2,100.0
state,Goa,ssp585,2060-2080,tas_summer_mean,2,2,100.0
state,Goa,ssp585,2060-2080,txx_annual_max,2,2,100.0
state,Goa,ssp585,2060-2080,tn90p_warm_nights_pct,2,2,100.0
state,Goa,ssp585,2060-2080,hwa_heatwave_amplitude,2,2,100.0
state,Goa,ssp585,2060-2080,txge30_hot_days,2,2,100.0
state,Goa,ssp585,2060-2080,txge35_extreme_heat_days,2,2,100.0
state,Goa,ssp585,2060-2080,tasmin_tropical_nights_gt25,2,2,100.0
state,Goa,ssp585,2060-2080,hwfi_tmean_90p,2,2,100.0
state,Goa,ssp585,2060-2080,hwfi_events_tmean_90p,2,2,100.0
state,Goa,ssp585,2060-2080,wsdi_warm_spell_days,2,2,100.0
state,Goa,ssp585,2060-2080,tnx_annual_max,2,2,100.0
state,Goa,ssp585,2060-2080,tx90p_hot_days_pct,2,2,100.0
state,Gujarat,historical,1990-2010,tas_annual_mean,33,33,100.0
state,Gujarat,historical,1990-2010,tasmax_summer_mean,33,33,100.0
state,Gujarat,historical,1990-2010,tas_summer_mean,33,33,100.0
state,Gujarat,historical,1990-2010,txx_annual_max,33,33,100.0
state,Gujarat,historical,1990-2010,tn90p_warm_nights_pct,33,33,100.0
state,Gujarat,historical,1990-2010,hwa_heatwave_amplitude,33,33,100.0
state,Gujarat,historical,1990-2010,txge30_hot_days,33,33,100.0
state,Gujarat,historical,1990-2010,txge35_extreme_heat_days,33,33,100.0
state,Gujarat,historical,1990-2010,tasmin_tropical_nights_gt25,33,33,100.0
state,Gujarat,historical,1990-2010,hwfi_tmean_90p,33,33,100.0
state,Gujarat,historical,1990-2010,hwfi_events_tmean_90p,33,33,100.0
state,Gujarat,historical,1990-2010,wsdi_warm_spell_days,33,33,100.0
state,Gujarat,historical,1990-2010,tnx_annual_max,33,33,100.0
state,Gujarat,historical,1990-2010,tx90p_hot_days_pct,33,33,100.0
state,Gujarat,ssp245,2020-2040,tas_annual_mean,33,33,100.0
state,Gujarat,ssp245,2020-2040,tasmax_summer_mean,33,33,100.0
state,Gujarat,ssp245,2020-2040,tas_summer_mean,33,33,100.0
state,Gujarat,ssp245,2020-2040,txx_annual_max,33,33,100.0
state,Gujarat,ssp245,2020-2040,tn90p_warm_nights_pct,33,33,100.0
state,Gujarat,ssp245,2020-2040,hwa_heatwave_amplitude,33,33,100.0
state,Gujarat,ssp245,2020-2040,txge30_hot_days,33,33,100.0
state,Gujarat,ssp245,2020-2040,txge35_extreme_heat_days,33,33,100.0
state,Gujarat,ssp245,2020-2040,tasmin_tropical_nights_gt25,33,33,100.0
state,Gujarat,ssp245,2020-2040,hwfi_tmean_90p,33,33,100.0
state,Gujarat,ssp245,2020-2040,hwfi_events_tmean_90p,33,33,100.0
state,Gujarat,ssp245,2020-2040,wsdi_warm_spell_days,33,33,100.0
state,Gujarat,ssp245,2020-2040,tnx_annual_max,33,33,100.0
state,Gujarat,ssp245,2020-2040,tx90p_hot_days_pct,33,33,100.0
state,Gujarat,ssp245,2040-2060,tas_annual_mean,33,33,100.0
state,Gujarat,ssp245,2040-2060,tasmax_summer_mean,33,33,100.0
state,Gujarat,ssp245,2040-2060,tas_summer_mean,33,33,100.0
state,Gujarat,ssp245,2040-2060,txx_annual_max,33,33,100.0
state,Gujarat,ssp245,2040-2060,tn90p_warm_nights_pct,33,33,100.0
state,Gujarat,ssp245,2040-2060,hwa_heatwave_amplitude,33,33,100.0
state,Gujarat,ssp245,2040-2060,txge30_hot_days,33,33,100.0
state,Gujarat,ssp245,2040-2060,txge35_extreme_heat_days,33,33,100.0
state,Gujarat,ssp245,2040-2060,tasmin_tropical_nights_gt25,33,33,100.0
state,Gujarat,ssp245,2040-2060,hwfi_tmean_90p,33,33,100.0
state,Gujarat,ssp245,2040-2060,hwfi_events_tmean_90p,33,33,100.0
state,Gujarat,ssp245,2040-2060,wsdi_warm_spell_days,33,33,100.0
state,Gujarat,ssp245,2040-2060,tnx_annual_max,33,33,100.0
state,Gujarat,ssp245,2040-2060,tx90p_hot_days_pct,33,33,100.0
state,Gujarat,ssp245,2060-2080,tas_annual_mean,33,33,100.0
state,Gujarat,ssp245,2060-2080,tasmax_summer_mean,33,33,100.0
state,Gujarat,ssp245,2060-2080,tas_summer_mean,33,33,100.0
state,Gujarat,ssp245,2060-2080,txx_annual_max,33,33,100.0
state,Gujarat,ssp245,2060-2080,tn90p_warm_nights_pct,33,33,100.0
state,Gujarat,ssp245,2060-2080,hwa_heatwave_amplitude,33,33,100.0
state,Gujarat,ssp245,2060-2080,txge30_hot_days,33,33,100.0
state,Gujarat,ssp245,2060-2080,txge35_extreme_heat_days,33,33,100.0
state,Gujarat,ssp245,2060-2080,tasmin_tropical_nights_gt25,33,33,100.0
state,Gujarat,ssp245,2060-2080,hwfi_tmean_90p,33,33,100.0
state,Gujarat,ssp245,2060-2080,hwfi_events_tmean_90p,33,33,100.0
state,Gujarat,ssp245,2060-2080,wsdi_warm_spell_days,33,33,100.0
state,Gujarat,ssp245,2060-2080,tnx_annual_max,33,33,100.0
state,Gujarat,ssp245,2060-2080,tx90p_hot_days_pct,33,33,100.0
state,Gujarat,ssp585,2020-2040,tas_annual_mean,33,33,100.0
state,Gujarat,ssp585,2020-2040,tasmax_summer_mean,33,33,100.0
state,Gujarat,ssp585,2020-2040,tas_summer_mean,33,33,100.0
state,Gujarat,ssp585,2020-2040,txx_annual_max,33,33,100.0
state,Gujarat,ssp585,2020-2040,tn90p_warm_nights_pct,33,33,100.0
state,Gujarat,ssp585,2020-2040,hwa_heatwave_amplitude,33,33,100.0
state,Gujarat,ssp585,2020-2040,txge30_hot_days,33,33,100.0
state,Gujarat,ssp585,2020-2040,txge35_extreme_heat_days,33,33,100.0
state,Gujarat,ssp585,2020-2040,tasmin_tropical_nights_gt25,33,33,100.0
state,Gujarat,ssp585,2020-2040,hwfi_tmean_90p,33,33,100.0
state,Gujarat,ssp585,2020-2040,hwfi_events_tmean_90p,33,33,100.0
state,Gujarat,ssp585,2020-2040,wsdi_warm_spell_days,33,33,100.0
state,Gujarat,ssp585,2020-2040,tnx_annual_max,33,33,100.0
state,Gujarat,ssp585,2020-2040,tx90p_hot_days_pct,33,33,100.0
state,Gujarat,ssp585,2040-2060,tas_annual_mean,33,33,100.0
state,Gujarat,ssp585,2040-2060,tasmax_summer_mean,33,33,100.0
state,Gujarat,ssp585,2040-2060,tas_summer_mean,33,33,100.0
state,Gujarat,ssp585,2040-2060,txx_annual_max,33,33,100.0
state,Gujarat,ssp585,2040-2060,tn90p_warm_nights_pct,33,33,100.0
state,Gujarat,ssp585,2040-2060,hwa_heatwave_amplitude,33,33,100.0
state,Gujarat,ssp585,2040-2060,txge30_hot_days,33,33,100.0
state,Gujarat,ssp585,2040-2060,txge35_extreme_heat_days,33,33,100.0
state,Gujarat,ssp585,2040-2060,tasmin_tropical_nights_gt25,33,33,100.0
state,Gujarat,ssp585,2040-2060,hwfi_tmean_90p,33,33,100.0
state,Gujarat,ssp585,2040-2060,hwfi_events_tmean_90p,33,33,100.0
state,Gujarat,ssp585,2040-2060,wsdi_warm_spell_days,33,33,100.0
state,Gujarat,ssp585,2040-2060,tnx_annual_max,33,33,100.0
state,Gujarat,ssp585,2040-2060,tx90p_hot_days_pct,33,33,100.0
state,Gujarat,ssp585,2060-2080,tas_annual_mean,33,33,100.0
state,Gujarat,ssp585,2060-2080,tasmax_summer_mean,33,33,100.0
state,Gujarat,ssp585,2060-2080,tas_summer_mean,33,33,100.0
state,Gujarat,ssp585,2060-2080,txx_annual_max,33,33,100.0
state,Gujarat,ssp585,2060-2080,tn90p_warm_nights_pct,33,33,100.0
state,Gujarat,ssp585,2060-2080,hwa_heatwave_amplitude,33,33,100.0
state,Gujarat,ssp585,2060-2080,txge30_hot_days,33,33,100.0
state,Gujarat,ssp585,2060-2080,txge35_extreme_heat_days,33,33,100.0
state,Gujarat,ssp585,2060-2080,tasmin_tropical_nights_gt25,33,33,100.0
state,Gujarat,ssp585,2060-2080,hwfi_tmean_90p,33,33,100.0
state,Gujarat,ssp585,2060-2080,hwfi_events_tmean_90p,33,33,100.0
state,Gujarat,ssp585,2060-2080,wsdi_warm_spell_days,33,33,100.0
state,Gujarat,ssp585,2060-2080,tnx_annual_max,33,33,100.0
state,Gujarat,ssp585,2060-2080,tx90p_hot_days_pct,33,33,100.0
state,Haryana,historical,1990-2010,tas_annual_mean,22,22,100.0
state,Haryana,historical,1990-2010,tasmax_summer_mean,22,22,100.0
state,Haryana,historical,1990-2010,tas_summer_mean,22,22,100.0
state,Haryana,historical,1990-2010,txx_annual_max,22,22,100.0
state,Haryana,historical,1990-2010,tn90p_warm_nights_pct,22,22,100.0
state,Haryana,historical,1990-2010,hwa_heatwave_amplitude,22,22,100.0
state,Haryana,historical,1990-2010,txge30_hot_days,22,22,100.0
state,Haryana,historical,1990-2010,txge35_extreme_heat_days,22,22,100.0
state,Haryana,historical,1990-2010,tasmin_tropical_nights_gt25,22,22,100.0
state,Haryana,historical,1990-2010,hwfi_tmean_90p,22,22,100.0
state,Haryana,historical,1990-2010,hwfi_events_tmean_90p,22,22,100.0
state,Haryana,historical,1990-2010,wsdi_warm_spell_days,22,22,100.0
state,Haryana,historical,1990-2010,tnx_annual_max,22,22,100.0
state,Haryana,historical,1990-2010,tx90p_hot_days_pct,22,22,100.0
state,Haryana,ssp245,2020-2040,tas_annual_mean,22,22,100.0
state,Haryana,ssp245,2020-2040,tasmax_summer_mean,22,22,100.0
state,Haryana,ssp245,2020-2040,tas_summer_mean,22,22,100.0
state,Haryana,ssp245,2020-2040,txx_annual_max,22,22,100.0
state,Haryana,ssp245,2020-2040,tn90p_warm_nights_pct,22,22,100.0
state,Haryana,ssp245,2020-2040,hwa_heatwave_amplitude,22,22,100.0
state,Haryana,ssp245,2020-2040,txge30_hot_days,22,22,100.0
state,Haryana,ssp245,2020-2040,txge35_extreme_heat_days,22,22,100.0
state,Haryana,ssp245,2020-2040,tasmin_tropical_nights_gt25,22,22,100.0
state,Haryana,ssp245,2020-2040,hwfi_tmean_90p,22,22,100.0
state,Haryana,ssp245,2020-2040,hwfi_events_tmean_90p,22,22,100.0
state,Haryana,ssp245,2020-2040,wsdi_warm_spell_days,22,22,100.0
state,Haryana,ssp245,2020-2040,tnx_annual_max,22,22,100.0
state,Haryana,ssp245,2020-2040,tx90p_hot_days_pct,22,22,100.0
state,Haryana,ssp245,2040-2060,tas_annual_mean,22,22,100.0
state,Haryana,ssp245,2040-2060,tasmax_summer_mean,22,22,100.0
state,Haryana,ssp245,2040-2060,tas_summer_mean,22,22,100.0
state,Haryana,ssp245,2040-2060,txx_annual_max,22,22,100.0
state,Haryana,ssp245,2040-2060,tn90p_warm_nights_pct,22,22,100.0
state,Haryana,ssp245,2040-2060,hwa_heatwave_amplitude,22,22,100.0
state,Haryana,ssp245,2040-2060,txge30_hot_days,22,22,100.0
state,Haryana,ssp245,2040-2060,txge35_extreme_heat_days,22,22,100.0
state,Haryana,ssp245,2040-2060,tasmin_tropical_nights_gt25,22,22,100.0
state,Haryana,ssp245,2040-2060,hwfi_tmean_90p,22,22,100.0
state,Haryana,ssp245,2040-2060,hwfi_events_tmean_90p,22,22,100.0
state,Haryana,ssp245,2040-2060,wsdi_warm_spell_days,22,22,100.0
state,Haryana,ssp245,2040-2060,tnx_annual_max,22,22,100.0
state,Haryana,ssp245,2040-2060,tx90p_hot_days_pct,22,22,100.0
state,Haryana,ssp245,2060-2080,tas_annual_mean,22,22,100.0
state,Haryana,ssp245,2060-2080,tasmax_summer_mean,22,22,100.0
state,Haryana,ssp245,2060-2080,tas_summer_mean,22,22,100.0
state,Haryana,ssp245,2060-2080,txx_annual_max,22,22,100.0
state,Haryana,ssp245,2060-2080,tn90p_warm_nights_pct,22,22,100.0
state,Haryana,ssp245,2060-2080,hwa_heatwave_amplitude,22,22,100.0
state,Haryana,ssp245,2060-2080,txge30_hot_days,22,22,100.0
state,Haryana,ssp245,2060-2080,txge35_extreme_heat_days,22,22,100.0
state,Haryana,ssp245,2060-2080,tasmin_tropical_nights_gt25,22,22,100.0
state,Haryana,ssp245,2060-2080,hwfi_tmean_90p,22,22,100.0
state,Haryana,ssp245,2060-2080,hwfi_events_tmean_90p,22,22,100.0
state,Haryana,ssp245,2060-2080,wsdi_warm_spell_days,22,22,100.0
state,Haryana,ssp245,2060-2080,tnx_annual_max,22,22,100.0
state,Haryana,ssp245,2060-2080,tx90p_hot_days_pct,22,22,100.0
state,Haryana,ssp585,2020-2040,tas_annual_mean,22,22,100.0
state,Haryana,ssp585,2020-2040,tasmax_summer_mean,22,22,100.0
state,Haryana,ssp585,2020-2040,tas_summer_mean,22,22,100.0
state,Haryana,ssp585,2020-2040,txx_annual_max,22,22,100.0
state,Haryana,ssp585,2020-2040,tn90p_warm_nights_pct,22,22,100.0
state,Haryana,ssp585,2020-2040,hwa_heatwave_amplitude,22,22,100.0
state,Haryana,ssp585,2020-2040,txge30_hot_days,22,22,100.0
state,Haryana,ssp585,2020-2040,txge35_extreme_heat_days,22,22,100.0
state,Haryana,ssp585,2020-2040,tasmin_tropical_nights_gt25,22,22,100.0
state,Haryana,ssp585,2020-2040,hwfi_tmean_90p,22,22,100.0
state,Haryana,ssp585,2020-2040,hwfi_events_tmean_90p,22,22,100.0
state,Haryana,ssp585,2020-2040,wsdi_warm_spell_days,22,22,100.0
state,Haryana,ssp585,2020-2040,tnx_annual_max,22,22,100.0
state,Haryana,ssp585,2020-2040,tx90p_hot_days_pct,22,22,100.0
state,Haryana,ssp585,2040-2060,tas_annual_mean,22,22,100.0
state,Haryana,ssp585,2040-2060,tasmax_summer_mean,22,22,100.0
state,Haryana,ssp585,2040-2060,tas_summer_mean,22,22,100.0
state,Haryana,ssp585,2040-2060,txx_annual_max,22,22,100.0
state,Haryana,ssp585,2040-2060,tn90p_warm_nights_pct,22,22,100.0
state,Haryana,ssp585,2040-2060,hwa_heatwave_amplitude,22,22,100.0
state,Haryana,ssp585,2040-2060,txge30_hot_days,22,22,100.0
state,Haryana,ssp585,2040-2060,txge35_extreme_heat_days,22,22,100.0
state,Haryana,ssp585,2040-2060,tasmin_tropical_nights_gt25,22,22,100.0
state,Haryana,ssp585,2040-2060,hwfi_tmean_90p,22,22,100.0
state,Haryana,ssp585,2040-2060,hwfi_events_tmean_90p,22,22,100.0
state,Haryana,ssp585,2040-2060,wsdi_warm_spell_days,22,22,100.0
state,Haryana,ssp585,2040-2060,tnx_annual_max,22,22,100.0
state,Haryana,ssp585,2040-2060,tx90p_hot_days_pct,22,22,100.0
state,Haryana,ssp585,2060-2080,tas_annual_mean,22,22,100.0
state,Haryana,ssp585,2060-2080,tasmax_summer_mean,22,22,100.0
state,Haryana,ssp585,2060-2080,tas_summer_mean,22,22,100.0
state,Haryana,ssp585,2060-2080,txx_annual_max,22,22,100.0
state,Haryana,ssp585,2060-2080,tn90p_warm_nights_pct,22,22,100.0
state,Haryana,ssp585,2060-2080,hwa_heatwave_amplitude,22,22,100.0
state,Haryana,ssp585,2060-2080,txge30_hot_days,22,22,100.0
state,Haryana,ssp585,2060-2080,txge35_extreme_heat_days,22,22,100.0
state,Haryana,ssp585,2060-2080,tasmin_tropical_nights_gt25,22,22,100.0
state,Haryana,ssp585,2060-2080,hwfi_tmean_90p,22,22,100.0
state,Haryana,ssp585,2060-2080,hwfi_events_tmean_90p,22,22,100.0
state,Haryana,ssp585,2060-2080,wsdi_warm_spell_days,22,22,100.0
state,Haryana,ssp585,2060-2080,tnx_annual_max,22,22,100.0
state,Haryana,ssp585,2060-2080,tx90p_hot_days_pct,22,22,100.0
state,Himachal Pradesh,historical,1990-2010,tas_annual_mean,12,12,100.0
state,Himachal Pradesh,historical,1990-2010,tasmax_summer_mean,12,12,100.0
state,Himachal Pradesh,historical,1990-2010,tas_summer_mean,12,12,100.0
state,Himachal Pradesh,historical,1990-2010,txx_annual_max,12,12,100.0
state,Himachal Pradesh,historical,1990-2010,tn90p_warm_nights_pct,12,12,100.0
state,Himachal Pradesh,historical,1990-2010,hwa_heatwave_amplitude,12,12,100.0
state,Himachal Pradesh,historical,1990-2010,txge30_hot_days,12,12,100.0
state,Himachal Pradesh,historical,1990-2010,txge35_extreme_heat_days,12,12,100.0
state,Himachal Pradesh,historical,1990-2010,tasmin_tropical_nights_gt25,12,12,100.0
state,Himachal Pradesh,historical,1990-2010,hwfi_tmean_90p,12,12,100.0
state,Himachal Pradesh,historical,1990-2010,hwfi_events_tmean_90p,12,12,100.0
state,Himachal Pradesh,historical,1990-2010,wsdi_warm_spell_days,12,12,100.0
state,Himachal Pradesh,historical,1990-2010,tnx_annual_max,12,12,100.0
state,Himachal Pradesh,historical,1990-2010,tx90p_hot_days_pct,12,12,100.0
state,Himachal Pradesh,ssp245,2020-2040,tas_annual_mean,12,12,100.0
state,Himachal Pradesh,ssp245,2020-2040,tasmax_summer_mean,12,12,100.0
state,Himachal Pradesh,ssp245,2020-2040,tas_summer_mean,12,12,100.0
state,Himachal Pradesh,ssp245,2020-2040,txx_annual_max,12,12,100.0
state,Himachal Pradesh,ssp245,2020-2040,tn90p_warm_nights_pct,12,12,100.0
state,Himachal Pradesh,ssp245,2020-2040,hwa_heatwave_amplitude,12,12,100.0
state,Himachal Pradesh,ssp245,2020-2040,txge30_hot_days,12,12,100.0
state,Himachal Pradesh,ssp245,2020-2040,txge35_extreme_heat_days,12,12,100.0
state,Himachal Pradesh,ssp245,2020-2040,tasmin_tropical_nights_gt25,12,12,100.0
state,Himachal Pradesh,ssp245,2020-2040,hwfi_tmean_90p,12,12,100.0
state,Himachal Pradesh,ssp245,2020-2040,hwfi_events_tmean_90p,12,12,100.0
state,Himachal Pradesh,ssp245,2020-2040,wsdi_warm_spell_days,12,12,100.0
state,Himachal Pradesh,ssp245,2020-2040,tnx_annual_max,12,12,100.0
state,Himachal Pradesh,ssp245,2020-2040,tx90p_hot_days_pct,12,12,100.0
state,Himachal Pradesh,ssp245,2040-2060,tas_annual_mean,12,12,100.0
state,Himachal Pradesh,ssp245,2040-2060,tasmax_summer_mean,12,12,100.0
state,Himachal Pradesh,ssp245,2040-2060,tas_summer_mean,12,12,100.0
state,Himachal Pradesh,ssp245,2040-2060,txx_annual_max,12,12,100.0
state,Himachal Pradesh,ssp245,2040-2060,tn90p_warm_nights_pct,12,12,100.0
state,Himachal Pradesh,ssp245,2040-2060,hwa_heatwave_amplitude,12,12,100.0
state,Himachal Pradesh,ssp245,2040-2060,txge30_hot_days,12,12,100.0
state,Himachal Pradesh,ssp245,2040-2060,txge35_extreme_heat_days,12,12,100.0
state,Himachal Pradesh,ssp245,2040-2060,tasmin_tropical_nights_gt25,12,12,100.0
state,Himachal Pradesh,ssp245,2040-2060,hwfi_tmean_90p,12,12,100.0
state,Himachal Pradesh,ssp245,2040-2060,hwfi_events_tmean_90p,12,12,100.0
state,Himachal Pradesh,ssp245,2040-2060,wsdi_warm_spell_days,12,12,100.0
state,Himachal Pradesh,ssp245,2040-2060,tnx_annual_max,12,12,100.0
state,Himachal Pradesh,ssp245,2040-2060,tx90p_hot_days_pct,12,12,100.0
state,Himachal Pradesh,ssp245,2060-2080,tas_annual_mean,12,12,100.0
state,Himachal Pradesh,ssp245,2060-2080,tasmax_summer_mean,12,12,100.0
state,Himachal Pradesh,ssp245,2060-2080,tas_summer_mean,12,12,100.0
state,Himachal Pradesh,ssp245,2060-2080,txx_annual_max,12,12,100.0
state,Himachal Pradesh,ssp245,2060-2080,tn90p_warm_nights_pct,12,12,100.0
state,Himachal Pradesh,ssp245,2060-2080,hwa_heatwave_amplitude,12,12,100.0
state,Himachal Pradesh,ssp245,2060-2080,txge30_hot_days,12,12,100.0
state,Himachal Pradesh,ssp245,2060-2080,txge35_extreme_heat_days,12,12,100.0
state,Himachal Pradesh,ssp245,2060-2080,tasmin_tropical_nights_gt25,12,12,100.0
state,Himachal Pradesh,ssp245,2060-2080,hwfi_tmean_90p,12,12,100.0
state,Himachal Pradesh,ssp245,2060-2080,hwfi_events_tmean_90p,12,12,100.0
state,Himachal Pradesh,ssp245,2060-2080,wsdi_warm_spell_days,12,12,100.0
state,Himachal Pradesh,ssp245,2060-2080,tnx_annual_max,12,12,100.0
state,Himachal Pradesh,ssp245,2060-2080,tx90p_hot_days_pct,12,12,100.0
state,Himachal Pradesh,ssp585,2020-2040,tas_annual_mean,12,12,100.0
state,Himachal Pradesh,ssp585,2020-2040,tasmax_summer_mean,12,12,100.0
state,Himachal Pradesh,ssp585,2020-2040,tas_summer_mean,12,12,100.0
state,Himachal Pradesh,ssp585,2020-2040,txx_annual_max,12,12,100.0
state,Himachal Pradesh,ssp585,2020-2040,tn90p_warm_nights_pct,12,12,100.0
state,Himachal Pradesh,ssp585,2020-2040,hwa_heatwave_amplitude,12,12,100.0
state,Himachal Pradesh,ssp585,2020-2040,txge30_hot_days,12,12,100.0
state,Himachal Pradesh,ssp585,2020-2040,txge35_extreme_heat_days,12,12,100.0
state,Himachal Pradesh,ssp585,2020-2040,tasmin_tropical_nights_gt25,12,12,100.0
state,Himachal Pradesh,ssp585,2020-2040,hwfi_tmean_90p,12,12,100.0
state,Himachal Pradesh,ssp585,2020-2040,hwfi_events_tmean_90p,12,12,100.0
state,Himachal Pradesh,ssp585,2020-2040,wsdi_warm_spell_days,12,12,100.0
state,Himachal Pradesh,ssp585,2020-2040,tnx_annual_max,12,12,100.0
state,Himachal Pradesh,ssp585,2020-2040,tx90p_hot_days_pct,12,12,100.0
state,Himachal Pradesh,ssp585,2040-2060,tas_annual_mean,12,12,100.0
state,Himachal Pradesh,ssp585,2040-2060,tasmax_summer_mean,12,12,100.0
state,Himachal Pradesh,ssp585,2040-2060,tas_summer_mean,12,12,100.0
state,Himachal Pradesh,ssp585,2040-2060,txx_annual_max,12,12,100.0
state,Himachal Pradesh,ssp585,2040-2060,tn90p_warm_nights_pct,12,12,100.0
state,Himachal Pradesh,ssp585,2040-2060,hwa_heatwave_amplitude,12,12,100.0
state,Himachal Pradesh,ssp585,2040-2060,txge30_hot_days,12,12,100.0
state,Himachal Pradesh,ssp585,2040-2060,txge35_extreme_heat_days,12,12,100.0
state,Himachal Pradesh,ssp585,2040-2060,tasmin_tropical_nights_gt25,12,12,100.0
state,Himachal Pradesh,ssp585,2040-2060,hwfi_tmean_90p,12,12,100.0
state,Himachal Pradesh,ssp585,2040-2060,hwfi_events_tmean_90p,12,12,100.0
state,Himachal Pradesh,ssp585,2040-2060,wsdi_warm_spell_days,12,12,100.0
state,Himachal Pradesh,ssp585,2040-2060,tnx_annual_max,12,12,100.0
state,Himachal Pradesh,ssp585,2040-2060,tx90p_hot_days_pct,12,12,100.0
state,Himachal Pradesh,ssp585,2060-2080,tas_annual_mean,12,12,100.0
state,Himachal Pradesh,ssp585,2060-2080,tasmax_summer_mean,12,12,100.0
state,Himachal Pradesh,ssp585,2060-2080,tas_summer_mean,12,12,100.0
state,Himachal Pradesh,ssp585,2060-2080,txx_annual_max,12,12,100.0
state,Himachal Pradesh,ssp585,2060-2080,tn90p_warm_nights_pct,12,12,100.0
state,Himachal Pradesh,ssp585,2060-2080,hwa_heatwave_amplitude,12,12,100.0
state,Himachal Pradesh,ssp585,2060-2080,txge30_hot_days,12,12,100.0
state,Himachal Pradesh,ssp585,2060-2080,txge35_extreme_heat_days,12,12,100.0
state,Himachal Pradesh,ssp585,2060-2080,tasmin_tropical_nights_gt25,12,12,100.0
state,Himachal Pradesh,ssp585,2060-2080,hwfi_tmean_90p,12,12,100.0
state,Himachal Pradesh,ssp585,2060-2080,hwfi_events_tmean_90p,12,12,100.0
state,Himachal Pradesh,ssp585,2060-2080,wsdi_warm_spell_days,12,12,100.0
state,Himachal Pradesh,ssp585,2060-2080,tnx_annual_max,12,12,100.0
state,Himachal Pradesh,ssp585,2060-2080,tx90p_hot_days_pct,12,12,100.0
state,Jammu & Kashmir,historical,1990-2010,tas_annual_mean,22,22,100.0
state,Jammu & Kashmir,historical,1990-2010,tasmax_summer_mean,22,22,100.0
state,Jammu & Kashmir,historical,1990-2010,tas_summer_mean,22,22,100.0
state,Jammu & Kashmir,historical,1990-2010,txx_annual_max,22,22,100.0
state,Jammu & Kashmir,historical,1990-2010,tn90p_warm_nights_pct,22,22,100.0
state,Jammu & Kashmir,historical,1990-2010,hwa_heatwave_amplitude,22,22,100.0
state,Jammu & Kashmir,historical,1990-2010,txge30_hot_days,22,22,100.0
state,Jammu & Kashmir,historical,1990-2010,txge35_extreme_heat_days,22,22,100.0
state,Jammu & Kashmir,historical,1990-2010,tasmin_tropical_nights_gt25,22,22,100.0
state,Jammu & Kashmir,historical,1990-2010,hwfi_tmean_90p,22,22,100.0
state,Jammu & Kashmir,historical,1990-2010,hwfi_events_tmean_90p,22,22,100.0
state,Jammu & Kashmir,historical,1990-2010,wsdi_warm_spell_days,22,22,100.0
state,Jammu & Kashmir,historical,1990-2010,tnx_annual_max,22,22,100.0
state,Jammu & Kashmir,historical,1990-2010,tx90p_hot_days_pct,22,22,100.0
state,Jammu & Kashmir,ssp245,2020-2040,tas_annual_mean,22,22,100.0
state,Jammu & Kashmir,ssp245,2020-2040,tasmax_summer_mean,22,22,100.0
state,Jammu & Kashmir,ssp245,2020-2040,tas_summer_mean,22,22,100.0
state,Jammu & Kashmir,ssp245,2020-2040,txx_annual_max,22,22,100.0
state,Jammu & Kashmir,ssp245,2020-2040,tn90p_warm_nights_pct,22,22,100.0
state,Jammu & Kashmir,ssp245,2020-2040,hwa_heatwave_amplitude,22,22,100.0
state,Jammu & Kashmir,ssp245,2020-2040,txge30_hot_days,22,22,100.0
state,Jammu & Kashmir,ssp245,2020-2040,txge35_extreme_heat_days,22,22,100.0
state,Jammu & Kashmir,ssp245,2020-2040,tasmin_tropical_nights_gt25,22,22,100.0
state,Jammu & Kashmir,ssp245,2020-2040,hwfi_tmean_90p,22,22,100.0
state,Jammu & Kashmir,ssp245,2020-2040,hwfi_events_tmean_90p,22,22,100.0
state,Jammu & Kashmir,ssp245,2020-2040,wsdi_warm_spell_days,22,22,100.0
state,Jammu & Kashmir,ssp245,2020-2040,tnx_annual_max,22,22,100.0
state,Jammu & Kashmir,ssp245,2020-2040,tx90p_hot_days_pct,22,22,100.0
state,Jammu & Kashmir,ssp245,2040-2060,tas_annual_mean,22,22,100.0
state,Jammu & Kashmir,ssp245,2040-2060,tasmax_summer_mean,22,22,100.0
state,Jammu & Kashmir,ssp245,2040-2060,tas_summer_mean,22,22,100.0
state,Jammu & Kashmir,ssp245,2040-2060,txx_annual_max,22,22,100.0
state,Jammu & Kashmir,ssp245,2040-2060,tn90p_warm_nights_pct,22,22,100.0
state,Jammu & Kashmir,ssp245,2040-2060,hwa_heatwave_amplitude,22,22,100.0
state,Jammu & Kashmir,ssp245,2040-2060,txge30_hot_days,22,22,100.0
state,Jammu & Kashmir,ssp245,2040-2060,txge35_extreme_heat_days,22,22,100.0
state,Jammu & Kashmir,ssp245,2040-2060,tasmin_tropical_nights_gt25,22,22,100.0
state,Jammu & Kashmir,ssp245,2040-2060,hwfi_tmean_90p,22,22,100.0
state,Jammu & Kashmir,ssp245,2040-2060,hwfi_events_tmean_90p,22,22,100.0
state,Jammu & Kashmir,ssp245,2040-2060,wsdi_warm_spell_days,22,22,100.0
state,Jammu & Kashmir,ssp245,2040-2060,tnx_annual_max,22,22,100.0
state,Jammu & Kashmir,ssp245,2040-2060,tx90p_hot_days_pct,22,22,100.0
state,Jammu & Kashmir,ssp245,2060-2080,tas_annual_mean,22,22,100.0
state,Jammu & Kashmir,ssp245,2060-2080,tasmax_summer_mean,22,22,100.0
state,Jammu & Kashmir,ssp245,2060-2080,tas_summer_mean,22,22,100.0
state,Jammu & Kashmir,ssp245,2060-2080,txx_annual_max,22,22,100.0
state,Jammu & Kashmir,ssp245,2060-2080,tn90p_warm_nights_pct,22,22,100.0
state,Jammu & Kashmir,ssp245,2060-2080,hwa_heatwave_amplitude,22,22,100.0
state,Jammu & Kashmir,ssp245,2060-2080,txge30_hot_days,22,22,100.0
state,Jammu & Kashmir,ssp245,2060-2080,txge35_extreme_heat_days,22,22,100.0
state,Jammu & Kashmir,ssp245,2060-2080,tasmin_tropical_nights_gt25,22,22,100.0
state,Jammu & Kashmir,ssp245,2060-2080,hwfi_tmean_90p,22,22,100.0
state,Jammu & Kashmir,ssp245,2060-2080,hwfi_events_tmean_90p,22,22,100.0
state,Jammu & Kashmir,ssp245,2060-2080,wsdi_warm_spell_days,22,22,100.0
state,Jammu & Kashmir,ssp245,2060-2080,tnx_annual_max,22,22,100.0
state,Jammu & Kashmir,ssp245,2060-2080,tx90p_hot_days_pct,22,22,100.0
state,Jammu & Kashmir,ssp585,2020-2040,tas_annual_mean,22,22,100.0
state,Jammu & Kashmir,ssp585,2020-2040,tasmax_summer_mean,22,22,100.0
state,Jammu & Kashmir,ssp585,2020-2040,tas_summer_mean,22,22,100.0
state,Jammu & Kashmir,ssp585,2020-2040,txx_annual_max,22,22,100.0
state,Jammu & Kashmir,ssp585,2020-2040,tn90p_warm_nights_pct,22,22,100.0
state,Jammu & Kashmir,ssp585,2020-2040,hwa_heatwave_amplitude,22,22,100.0
state,Jammu & Kashmir,ssp585,2020-2040,txge30_hot_days,22,22,100.0
state,Jammu & Kashmir,ssp585,2020-2040,txge35_extreme_heat_days,22,22,100.0
state,Jammu & Kashmir,ssp585,2020-2040,tasmin_tropical_nights_gt25,22,22,100.0
state,Jammu & Kashmir,ssp585,2020-2040,hwfi_tmean_90p,22,22,100.0
state,Jammu & Kashmir,ssp585,2020-2040,hwfi_events_tmean_90p,22,22,100.0
state,Jammu & Kashmir,ssp585,2020-2040,wsdi_warm_spell_days,22,22,100.0
state,Jammu & Kashmir,ssp585,2020-2040,tnx_annual_max,22,22,100.0
state,Jammu & Kashmir,ssp585,2020-2040,tx90p_hot_days_pct,22,22,100.0
state,Jammu & Kashmir,ssp585,2040-2060,tas_annual_mean,22,22,100.0
state,Jammu & Kashmir,ssp585,2040-2060,tasmax_summer_mean,22,22,100.0
state,Jammu & Kashmir,ssp585,2040-2060,tas_summer_mean,22,22,100.0
state,Jammu & Kashmir,ssp585,2040-2060,txx_annual_max,22,22,100.0
state,Jammu & Kashmir,ssp585,2040-2060,tn90p_warm_nights_pct,22,22,100.0
state,Jammu & Kashmir,ssp585,2040-2060,hwa_heatwave_amplitude,22,22,100.0
state,Jammu & Kashmir,ssp585,2040-2060,txge30_hot_days,22,22,100.0
state,Jammu & Kashmir,ssp585,2040-2060,txge35_extreme_heat_days,22,22,100.0
state,Jammu & Kashmir,ssp585,2040-2060,tasmin_tropical_nights_gt25,22,22,100.0
state,Jammu & Kashmir,ssp585,2040-2060,hwfi_tmean_90p,22,22,100.0
state,Jammu & Kashmir,ssp585,2040-2060,hwfi_events_tmean_90p,22,22,100.0
state,Jammu & Kashmir,ssp585,2040-2060,wsdi_warm_spell_days,22,22,100.0
state,Jammu & Kashmir,ssp585,2040-2060,tnx_annual_max,22,22,100.0
state,Jammu & Kashmir,ssp585,2040-2060,tx90p_hot_days_pct,22,22,100.0
state,Jammu & Kashmir,ssp585,2060-2080,tas_annual_mean,22,22,100.0
state,Jammu & Kashmir,ssp585,2060-2080,tasmax_summer_mean,22,22,100.0
state,Jammu & Kashmir,ssp585,2060-2080,tas_summer_mean,22,22,100.0
state,Jammu & Kashmir,ssp585,2060-2080,txx_annual_max,22,22,100.0
state,Jammu & Kashmir,ssp585,2060-2080,tn90p_warm_nights_pct,22,22,100.0
state,Jammu & Kashmir,ssp585,2060-2080,hwa_heatwave_amplitude,22,22,100.0
state,Jammu & Kashmir,ssp585,2060-2080,txge30_hot_days,22,22,100.0
state,Jammu & Kashmir,ssp585,2060-2080,txge35_extreme_heat_days,22,22,100.0
state,Jammu & Kashmir,ssp585,2060-2080,tasmin_tropical_nights_gt25,22,22,100.0
state,Jammu & Kashmir,ssp585,2060-2080,hwfi_tmean_90p,22,22,100.0
state,Jammu & Kashmir,ssp585,2060-2080,hwfi_events_tmean_90p,22,22,100.0
state,Jammu & Kashmir,ssp585,2060-2080,wsdi_warm_spell_days,22,22,100.0
state,Jammu & Kashmir,ssp585,2060-2080,tnx_annual_max,22,22,100.0
state,Jammu & Kashmir,ssp585,2060-2080,tx90p_hot_days_pct,22,22,100.0
state,Jharkhand,historical,1990-2010,tas_annual_mean,24,24,100.0
state,Jharkhand,historical,1990-2010,tasmax_summer_mean,24,24,100.0
state,Jharkhand,historical,1990-2010,tas_summer_mean,24,24,100.0
state,Jharkhand,historical,1990-2010,txx_annual_max,24,24,100.0
state,Jharkhand,historical,1990-2010,tn90p_warm_nights_pct,24,24,100.0
state,Jharkhand,historical,1990-2010,hwa_heatwave_amplitude,24,24,100.0
state,Jharkhand,historical,1990-2010,txge30_hot_days,24,24,100.0
state,Jharkhand,historical,1990-2010,txge35_extreme_heat_days,24,24,100.0
state,Jharkhand,historical,1990-2010,tasmin_tropical_nights_gt25,24,24,100.0
state,Jharkhand,historical,1990-2010,hwfi_tmean_90p,24,24,100.0
state,Jharkhand,historical,1990-2010,hwfi_events_tmean_90p,24,24,100.0
state,Jharkhand,historical,1990-2010,wsdi_warm_spell_days,24,24,100.0
state,Jharkhand,historical,1990-2010,tnx_annual_max,24,24,100.0
state,Jharkhand,historical,1990-2010,tx90p_hot_days_pct,24,24,100.0
state,Jharkhand,ssp245,2020-2040,tas_annual_mean,24,24,100.0
state,Jharkhand,ssp245,2020-2040,tasmax_summer_mean,24,24,100.0
state,Jharkhand,ssp245,2020-2040,tas_summer_mean,24,24,100.0
state,Jharkhand,ssp245,2020-2040,txx_annual_max,24,24,100.0
state,Jharkhand,ssp245,2020-2040,tn90p_warm_nights_pct,24,24,100.0
state,Jharkhand,ssp245,2020-2040,hwa_heatwave_amplitude,24,24,100.0
state,Jharkhand,ssp245,2020-2040,txge30_hot_days,24,24,100.0
state,Jharkhand,ssp245,2020-2040,txge35_extreme_heat_days,24,24,100.0
state,Jharkhand,ssp245,2020-2040,tasmin_tropical_nights_gt25,24,24,100.0
state,Jharkhand,ssp245,2020-2040,hwfi_tmean_90p,24,24,100.0
state,Jharkhand,ssp245,2020-2040,hwfi_events_tmean_90p,24,24,100.0
state,Jharkhand,ssp245,2020-2040,wsdi_warm_spell_days,24,24,100.0
state,Jharkhand,ssp245,2020-2040,tnx_annual_max,24,24,100.0
state,Jharkhand,ssp245,2020-2040,tx90p_hot_days_pct,24,24,100.0
state,Jharkhand,ssp245,2040-2060,tas_annual_mean,24,24,100.0
state,Jharkhand,ssp245,2040-2060,tasmax_summer_mean,24,24,100.0
state,Jharkhand,ssp245,2040-2060,tas_summer_mean,24,24,100.0
state,Jharkhand,ssp245,2040-2060,txx_annual_max,24,24,100.0
state,Jharkhand,ssp245,2040-2060,tn90p_warm_nights_pct,24,24,100.0
state,Jharkhand,ssp245,2040-2060,hwa_heatwave_amplitude,24,24,100.0
state,Jharkhand,ssp245,2040-2060,txge30_hot_days,24,24,100.0
state,Jharkhand,ssp245,2040-2060,txge35_extreme_heat_days,24,24,100.0
state,Jharkhand,ssp245,2040-2060,tasmin_tropical_nights_gt25,24,24,100.0
state,Jharkhand,ssp245,2040-2060,hwfi_tmean_90p,24,24,100.0
state,Jharkhand,ssp245,2040-2060,hwfi_events_tmean_90p,24,24,100.0
state,Jharkhand,ssp245,2040-2060,wsdi_warm_spell_days,24,24,100.0
state,Jharkhand,ssp245,2040-2060,tnx_annual_max,24,24,100.0
state,Jharkhand,ssp245,2040-2060,tx90p_hot_days_pct,24,24,100.0
state,Jharkhand,ssp245,2060-2080,tas_annual_mean,24,24,100.0
state,Jharkhand,ssp245,2060-2080,tasmax_summer_mean,24,24,100.0
state,Jharkhand,ssp245,2060-2080,tas_summer_mean,24,24,100.0
state,Jharkhand,ssp245,2060-2080,txx_annual_max,24,24,100.0
state,Jharkhand,ssp245,2060-2080,tn90p_warm_nights_pct,24,24,100.0
state,Jharkhand,ssp245,2060-2080,hwa_heatwave_amplitude,24,24,100.0
state,Jharkhand,ssp245,2060-2080,txge30_hot_days,24,24,100.0
state,Jharkhand,ssp245,2060-2080,txge35_extreme_heat_days,24,24,100.0
state,Jharkhand,ssp245,2060-2080,tasmin_tropical_nights_gt25,24,24,100.0
state,Jharkhand,ssp245,2060-2080,hwfi_tmean_90p,24,24,100.0
state,Jharkhand,ssp245,2060-2080,hwfi_events_tmean_90p,24,24,100.0
state,Jharkhand,ssp245,2060-2080,wsdi_warm_spell_days,24,24,100.0
state,Jharkhand,ssp245,2060-2080,tnx_annual_max,24,24,100.0
state,Jharkhand,ssp245,2060-2080,tx90p_hot_days_pct,24,24,100.0
state,Jharkhand,ssp585,2020-2040,tas_annual_mean,24,24,100.0
state,Jharkhand,ssp585,2020-2040,tasmax_summer_mean,24,24,100.0
state,Jharkhand,ssp585,2020-2040,tas_summer_mean,24,24,100.0
state,Jharkhand,ssp585,2020-2040,txx_annual_max,24,24,100.0
state,Jharkhand,ssp585,2020-2040,tn90p_warm_nights_pct,24,24,100.0
state,Jharkhand,ssp585,2020-2040,hwa_heatwave_amplitude,24,24,100.0
state,Jharkhand,ssp585,2020-2040,txge30_hot_days,24,24,100.0
state,Jharkhand,ssp585,2020-2040,txge35_extreme_heat_days,24,24,100.0
state,Jharkhand,ssp585,2020-2040,tasmin_tropical_nights_gt25,24,24,100.0
state,Jharkhand,ssp585,2020-2040,hwfi_tmean_90p,24,24,100.0
state,Jharkhand,ssp585,2020-2040,hwfi_events_tmean_90p,24,24,100.0
state,Jharkhand,ssp585,2020-2040,wsdi_warm_spell_days,24,24,100.0
state,Jharkhand,ssp585,2020-2040,tnx_annual_max,24,24,100.0
state,Jharkhand,ssp585,2020-2040,tx90p_hot_days_pct,24,24,100.0
state,Jharkhand,ssp585,2040-2060,tas_annual_mean,24,24,100.0
state,Jharkhand,ssp585,2040-2060,tasmax_summer_mean,24,24,100.0
state,Jharkhand,ssp585,2040-2060,tas_summer_mean,24,24,100.0
state,Jharkhand,ssp585,2040-2060,txx_annual_max,24,24,100.0
state,Jharkhand,ssp585,2040-2060,tn90p_warm_nights_pct,24,24,100.0
state,Jharkhand,ssp585,2040-2060,hwa_heatwave_amplitude,24,24,100.0
state,Jharkhand,ssp585,2040-2060,txge30_hot_days,24,24,100.0
state,Jharkhand,ssp585,2040-2060,txge35_extreme_heat_days,24,24,100.0
state,Jharkhand,ssp585,2040-2060,tasmin_tropical_nights_gt25,24,24,100.0
state,Jharkhand,ssp585,2040-2060,hwfi_tmean_90p,24,24,100.0
state,Jharkhand,ssp585,2040-2060,hwfi_events_tmean_90p,24,24,100.0
state,Jharkhand,ssp585,2040-2060,wsdi_warm_spell_days,24,24,100.0
state,Jharkhand,ssp585,2040-2060,tnx_annual_max,24,24,100.0
state,Jharkhand,ssp585,2040-2060,tx90p_hot_days_pct,24,24,100.0
state,Jharkhand,ssp585,2060-2080,tas_annual_mean,24,24,100.0
state,Jharkhand,ssp585,2060-2080,tasmax_summer_mean,24,24,100.0
state,Jharkhand,ssp585,2060-2080,tas_summer_mean,24,24,100.0
state,Jharkhand,ssp585,2060-2080,txx_annual_max,24,24,100.0
state,Jharkhand,ssp585,2060-2080,tn90p_warm_nights_pct,24,24,100.0
state,Jharkhand,ssp585,2060-2080,hwa_heatwave_amplitude,24,24,100.0
state,Jharkhand,ssp585,2060-2080,txge30_hot_days,24,24,100.0
state,Jharkhand,ssp585,2060-2080,txge35_extreme_heat_days,24,24,100.0
state,Jharkhand,ssp585,2060-2080,tasmin_tropical_nights_gt25,24,24,100.0
state,Jharkhand,ssp585,2060-2080,hwfi_tmean_90p,24,24,100.0
state,Jharkhand,ssp585,2060-2080,hwfi_events_tmean_90p,24,24,100.0
state,Jharkhand,ssp585,2060-2080,wsdi_warm_spell_days,24,24,100.0
state,Jharkhand,ssp585,2060-2080,tnx_annual_max,24,24,100.0
state,Jharkhand,ssp585,2060-2080,tx90p_hot_days_pct,24,24,100.0
state,Karnataka,historical,1990-2010,tas_annual_mean,31,31,100.0
state,Karnataka,historical,1990-2010,tasmax_summer_mean,31,31,100.0
state,Karnataka,historical,1990-2010,tas_summer_mean,31,31,100.0
state,Karnataka,historical,1990-2010,txx_annual_max,31,31,100.0
state,Karnataka,historical,1990-2010,tn90p_warm_nights_pct,31,31,100.0
state,Karnataka,historical,1990-2010,hwa_heatwave_amplitude,31,31,100.0
state,Karnataka,historical,1990-2010,txge30_hot_days,31,31,100.0
state,Karnataka,historical,1990-2010,txge35_extreme_heat_days,31,31,100.0
state,Karnataka,historical,1990-2010,tasmin_tropical_nights_gt25,31,31,100.0
state,Karnataka,historical,1990-2010,hwfi_tmean_90p,31,31,100.0
state,Karnataka,historical,1990-2010,hwfi_events_tmean_90p,31,31,100.0
state,Karnataka,historical,1990-2010,wsdi_warm_spell_days,31,31,100.0
state,Karnataka,historical,1990-2010,tnx_annual_max,31,31,100.0
state,Karnataka,historical,1990-2010,tx90p_hot_days_pct,31,31,100.0
state,Karnataka,ssp245,2020-2040,tas_annual_mean,31,31,100.0
state,Karnataka,ssp245,2020-2040,tasmax_summer_mean,31,31,100.0
state,Karnataka,ssp245,2020-2040,tas_summer_mean,31,31,100.0
state,Karnataka,ssp245,2020-2040,txx_annual_max,31,31,100.0
state,Karnataka,ssp245,2020-2040,tn90p_warm_nights_pct,31,31,100.0
state,Karnataka,ssp245,2020-2040,hwa_heatwave_amplitude,31,31,100.0
state,Karnataka,ssp245,2020-2040,txge30_hot_days,31,31,100.0
state,Karnataka,ssp245,2020-2040,txge35_extreme_heat_days,31,31,100.0
state,Karnataka,ssp245,2020-2040,tasmin_tropical_nights_gt25,31,31,100.0
state,Karnataka,ssp245,2020-2040,hwfi_tmean_90p,31,31,100.0
state,Karnataka,ssp245,2020-2040,hwfi_events_tmean_90p,31,31,100.0
state,Karnataka,ssp245,2020-2040,wsdi_warm_spell_days,31,31,100.0
state,Karnataka,ssp245,2020-2040,tnx_annual_max,31,31,100.0
state,Karnataka,ssp245,2020-2040,tx90p_hot_days_pct,31,31,100.0
state,Karnataka,ssp245,2040-2060,tas_annual_mean,31,31,100.0
state,Karnataka,ssp245,2040-2060,tasmax_summer_mean,31,31,100.0
state,Karnataka,ssp245,2040-2060,tas_summer_mean,31,31,100.0
state,Karnataka,ssp245,2040-2060,txx_annual_max,31,31,100.0
state,Karnataka,ssp245,2040-2060,tn90p_warm_nights_pct,31,31,100.0
state,Karnataka,ssp245,2040-2060,hwa_heatwave_amplitude,31,31,100.0
state,Karnataka,ssp245,2040-2060,txge30_hot_days,31,31,100.0
state,Karnataka,ssp245,2040-2060,txge35_extreme_heat_days,31,31,100.0
state,Karnataka,ssp245,2040-2060,tasmin_tropical_nights_gt25,31,31,100.0
state,Karnataka,ssp245,2040-2060,hwfi_tmean_90p,31,31,100.0
state,Karnataka,ssp245,2040-2060,hwfi_events_tmean_90p,31,31,100.0
state,Karnataka,ssp245,2040-2060,wsdi_warm_spell_days,31,31,100.0
state,Karnataka,ssp245,2040-2060,tnx_annual_max,31,31,100.0
state,Karnataka,ssp245,2040-2060,tx90p_hot_days_pct,31,31,100.0
state,Karnataka,ssp245,2060-2080,tas_annual_mean,31,31,100.0
state,Karnataka,ssp245,2060-2080,tasmax_summer_mean,31,31,100.0
state,Karnataka,ssp245,2060-2080,tas_summer_mean,31,31,100.0
state,Karnataka,ssp245,2060-2080,txx_annual_max,31,31,100.0
state,Karnataka,ssp245,2060-2080,tn90p_warm_nights_pct,31,31,100.0
state,Karnataka,ssp245,2060-2080,hwa_heatwave_amplitude,31,31,100.0
state,Karnataka,ssp245,2060-2080,txge30_hot_days,31,31,100.0
state,Karnataka,ssp245,2060-2080,txge35_extreme_heat_days,31,31,100.0
state,Karnataka,ssp245,2060-2080,tasmin_tropical_nights_gt25,31,31,100.0
state,Karnataka,ssp245,2060-2080,hwfi_tmean_90p,31,31,100.0
state,Karnataka,ssp245,2060-2080,hwfi_events_tmean_90p,31,31,100.0
state,Karnataka,ssp245,2060-2080,wsdi_warm_spell_days,31,31,100.0
state,Karnataka,ssp245,2060-2080,tnx_annual_max,31,31,100.0
state,Karnataka,ssp245,2060-2080,tx90p_hot_days_pct,31,31,100.0
state,Karnataka,ssp585,2020-2040,tas_annual_mean,31,31,100.0
state,Karnataka,ssp585,2020-2040,tasmax_summer_mean,31,31,100.0
state,Karnataka,ssp585,2020-2040,tas_summer_mean,31,31,100.0
state,Karnataka,ssp585,2020-2040,txx_annual_max,31,31,100.0
state,Karnataka,ssp585,2020-2040,tn90p_warm_nights_pct,31,31,100.0
state,Karnataka,ssp585,2020-2040,hwa_heatwave_amplitude,31,31,100.0
state,Karnataka,ssp585,2020-2040,txge30_hot_days,31,31,100.0
state,Karnataka,ssp585,2020-2040,txge35_extreme_heat_days,31,31,100.0
state,Karnataka,ssp585,2020-2040,tasmin_tropical_nights_gt25,31,31,100.0
state,Karnataka,ssp585,2020-2040,hwfi_tmean_90p,31,31,100.0
state,Karnataka,ssp585,2020-2040,hwfi_events_tmean_90p,31,31,100.0
state,Karnataka,ssp585,2020-2040,wsdi_warm_spell_days,31,31,100.0
state,Karnataka,ssp585,2020-2040,tnx_annual_max,31,31,100.0
state,Karnataka,ssp585,2020-2040,tx90p_hot_days_pct,31,31,100.0
state,Karnataka,ssp585,2040-2060,tas_annual_mean,31,31,100.0
state,Karnataka,ssp585,2040-2060,tasmax_summer_mean,31,31,100.0
state,Karnataka,ssp585,2040-2060,tas_summer_mean,31,31,100.0
state,Karnataka,ssp585,2040-2060,txx_annual_max,31,31,100.0
state,Karnataka,ssp585,2040-2060,tn90p_warm_nights_pct,31,31,100.0
state,Karnataka,ssp585,2040-2060,hwa_heatwave_amplitude,31,31,100.0
state,Karnataka,ssp585,2040-2060,txge30_hot_days,31,31,100.0
state,Karnataka,ssp585,2040-2060,txge35_extreme_heat_days,31,31,100.0
state,Karnataka,ssp585,2040-2060,tasmin_tropical_nights_gt25,31,31,100.0
state,Karnataka,ssp585,2040-2060,hwfi_tmean_90p,31,31,100.0
state,Karnataka,ssp585,2040-2060,hwfi_events_tmean_90p,31,31,100.0
state,Karnataka,ssp585,2040-2060,wsdi_warm_spell_days,31,31,100.0
state,Karnataka,ssp585,2040-2060,tnx_annual_max,31,31,100.0
state,Karnataka,ssp585,2040-2060,tx90p_hot_days_pct,31,31,100.0
state,Karnataka,ssp585,2060-2080,tas_annual_mean,31,31,100.0
state,Karnataka,ssp585,2060-2080,tasmax_summer_mean,31,31,100.0
state,Karnataka,ssp585,2060-2080,tas_summer_mean,31,31,100.0
state,Karnataka,ssp585,2060-2080,txx_annual_max,31,31,100.0
state,Karnataka,ssp585,2060-2080,tn90p_warm_nights_pct,31,31,100.0
state,Karnataka,ssp585,2060-2080,hwa_heatwave_amplitude,31,31,100.0
state,Karnataka,ssp585,2060-2080,txge30_hot_days,31,31,100.0
state,Karnataka,ssp585,2060-2080,txge35_extreme_heat_days,31,31,100.0
state,Karnataka,ssp585,2060-2080,tasmin_tropical_nights_gt25,31,31,100.0
state,Karnataka,ssp585,2060-2080,hwfi_tmean_90p,31,31,100.0
state,Karnataka,ssp585,2060-2080,hwfi_events_tmean_90p,31,31,100.0
state,Karnataka,ssp585,2060-2080,wsdi_warm_spell_days,31,31,100.0
state,Karnataka,ssp585,2060-2080,tnx_annual_max,31,31,100.0
state,Karnataka,ssp585,2060-2080,tx90p_hot_days_pct,31,31,100.0
state,Kerala,historical,1990-2010,tas_annual_mean,14,14,100.0
state,Kerala,historical,1990-2010,tasmax_summer_mean,14,14,100.0
state,Kerala,historical,1990-2010,tas_summer_mean,14,14,100.0
state,Kerala,historical,1990-2010,txx_annual_max,14,14,100.0
state,Kerala,historical,1990-2010,tn90p_warm_nights_pct,14,14,100.0
state,Kerala,historical,1990-2010,hwa_heatwave_amplitude,14,14,100.0
state,Kerala,historical,1990-2010,txge30_hot_days,14,14,100.0
state,Kerala,historical,1990-2010,txge35_extreme_heat_days,14,14,100.0
state,Kerala,historical,1990-2010,tasmin_tropical_nights_gt25,14,14,100.0
state,Kerala,historical,1990-2010,hwfi_tmean_90p,14,14,100.0
state,Kerala,historical,1990-2010,hwfi_events_tmean_90p,14,14,100.0
state,Kerala,historical,1990-2010,wsdi_warm_spell_days,14,14,100.0
state,Kerala,historical,1990-2010,tnx_annual_max,14,14,100.0
state,Kerala,historical,1990-2010,tx90p_hot_days_pct,14,14,100.0
state,Kerala,ssp245,2020-2040,tas_annual_mean,14,14,100.0
state,Kerala,ssp245,2020-2040,tasmax_summer_mean,14,14,100.0
state,Kerala,ssp245,2020-2040,tas_summer_mean,14,14,100.0
state,Kerala,ssp245,2020-2040,txx_annual_max,14,14,100.0
state,Kerala,ssp245,2020-2040,tn90p_warm_nights_pct,14,14,100.0
state,Kerala,ssp245,2020-2040,hwa_heatwave_amplitude,14,14,100.0
state,Kerala,ssp245,2020-2040,txge30_hot_days,14,14,100.0
state,Kerala,ssp245,2020-2040,txge35_extreme_heat_days,14,14,100.0
state,Kerala,ssp245,2020-2040,tasmin_tropical_nights_gt25,14,14,100.0
state,Kerala,ssp245,2020-2040,hwfi_tmean_90p,14,14,100.0
state,Kerala,ssp245,2020-2040,hwfi_events_tmean_90p,14,14,100.0
state,Kerala,ssp245,2020-2040,wsdi_warm_spell_days,14,14,100.0
state,Kerala,ssp245,2020-2040,tnx_annual_max,14,14,100.0
state,Kerala,ssp245,2020-2040,tx90p_hot_days_pct,14,14,100.0
state,Kerala,ssp245,2040-2060,tas_annual_mean,14,14,100.0
state,Kerala,ssp245,2040-2060,tasmax_summer_mean,14,14,100.0
state,Kerala,ssp245,2040-2060,tas_summer_mean,14,14,100.0
state,Kerala,ssp245,2040-2060,txx_annual_max,14,14,100.0
state,Kerala,ssp245,2040-2060,tn90p_warm_nights_pct,14,14,100.0
state,Kerala,ssp245,2040-2060,hwa_heatwave_amplitude,14,14,100.0
state,Kerala,ssp245,2040-2060,txge30_hot_days,14,14,100.0
state,Kerala,ssp245,2040-2060,txge35_extreme_heat_days,14,14,100.0
state,Kerala,ssp245,2040-2060,tasmin_tropical_nights_gt25,14,14,100.0
state,Kerala,ssp245,2040-2060,hwfi_tmean_90p,14,14,100.0
state,Kerala,ssp245,2040-2060,hwfi_events_tmean_90p,14,14,100.0
state,Kerala,ssp245,2040-2060,wsdi_warm_spell_days,14,14,100.0
state,Kerala,ssp245,2040-2060,tnx_annual_max,14,14,100.0
state,Kerala,ssp245,2040-2060,tx90p_hot_days_pct,14,14,100.0
state,Kerala,ssp245,2060-2080,tas_annual_mean,14,14,100.0
state,Kerala,ssp245,2060-2080,tasmax_summer_mean,14,14,100.0
state,Kerala,ssp245,2060-2080,tas_summer_mean,14,14,100.0
state,Kerala,ssp245,2060-2080,txx_annual_max,14,14,100.0
state,Kerala,ssp245,2060-2080,tn90p_warm_nights_pct,14,14,100.0
state,Kerala,ssp245,2060-2080,hwa_heatwave_amplitude,14,14,100.0
state,Kerala,ssp245,2060-2080,txge30_hot_days,14,14,100.0
state,Kerala,ssp245,2060-2080,txge35_extreme_heat_days,14,14,100.0
state,Kerala,ssp245,2060-2080,tasmin_tropical_nights_gt25,14,14,100.0
state,Kerala,ssp245,2060-2080,hwfi_tmean_90p,14,14,100.0
state,Kerala,ssp245,2060-2080,hwfi_events_tmean_90p,14,14,100.0
state,Kerala,ssp245,2060-2080,wsdi_warm_spell_days,14,14,100.0
state,Kerala,ssp245,2060-2080,tnx_annual_max,14,14,100.0
state,Kerala,ssp245,2060-2080,tx90p_hot_days_pct,14,14,100.0
state,Kerala,ssp585,2020-2040,tas_annual_mean,14,14,100.0
state,Kerala,ssp585,2020-2040,tasmax_summer_mean,14,14,100.0
state,Kerala,ssp585,2020-2040,tas_summer_mean,14,14,100.0
state,Kerala,ssp585,2020-2040,txx_annual_max,14,14,100.0
state,Kerala,ssp585,2020-2040,tn90p_warm_nights_pct,14,14,100.0
state,Kerala,ssp585,2020-2040,hwa_heatwave_amplitude,14,14,100.0
state,Kerala,ssp585,2020-2040,txge30_hot_days,14,14,100.0
state,Kerala,ssp585,2020-2040,txge35_extreme_heat_days,14,14,100.0
state,Kerala,ssp585,2020-2040,tasmin_tropical_nights_gt25,14,14,100.0
state,Kerala,ssp585,2020-2040,hwfi_tmean_90p,14,14,100.0
state,Kerala,ssp585,2020-2040,hwfi_events_tmean_90p,14,14,100.0
state,Kerala,ssp585,2020-2040,wsdi_warm_spell_days,14,14,100.0
state,Kerala,ssp585,2020-2040,tnx_annual_max,14,14,100.0
state,Kerala,ssp585,2020-2040,tx90p_hot_days_pct,14,14,100.0
state,Kerala,ssp585,2040-2060,tas_annual_mean,14,14,100.0
state,Kerala,ssp585,2040-2060,tasmax_summer_mean,14,14,100.0
state,Kerala,ssp585,2040-2060,tas_summer_mean,14,14,100.0
state,Kerala,ssp585,2040-2060,txx_annual_max,14,14,100.0
state,Kerala,ssp585,2040-2060,tn90p_warm_nights_pct,14,14,100.0
state,Kerala,ssp585,2040-2060,hwa_heatwave_amplitude,14,14,100.0
state,Kerala,ssp585,2040-2060,txge30_hot_days,14,14,100.0
state,Kerala,ssp585,2040-2060,txge35_extreme_heat_days,14,14,100.0
state,Kerala,ssp585,2040-2060,tasmin_tropical_nights_gt25,14,14,100.0
state,Kerala,ssp585,2040-2060,hwfi_tmean_90p,14,14,100.0
state,Kerala,ssp585,2040-2060,hwfi_events_tmean_90p,14,14,100.0
state,Kerala,ssp585,2040-2060,wsdi_warm_spell_days,14,14,100.0
state,Kerala,ssp585,2040-2060,tnx_annual_max,14,14,100.0
state,Kerala,ssp585,2040-2060,tx90p_hot_days_pct,14,14,100.0
state,Kerala,ssp585,2060-2080,tas_annual_mean,14,14,100.0
state,Kerala,ssp585,2060-2080,tasmax_summer_mean,14,14,100.0
state,Kerala,ssp585,2060-2080,tas_summer_mean,14,14,100.0
state,Kerala,ssp585,2060-2080,txx_annual_max,14,14,100.0
state,Kerala,ssp585,2060-2080,tn90p_warm_nights_pct,14,14,100.0
state,Kerala,ssp585,2060-2080,hwa_heatwave_amplitude,14,14,100.0
state,Kerala,ssp585,2060-2080,txge30_hot_days,14,14,100.0
state,Kerala,ssp585,2060-2080,txge35_extreme_heat_days,14,14,100.0
state,Kerala,ssp585,2060-2080,tasmin_tropical_nights_gt25,14,14,100.0
state,Kerala,ssp585,2060-2080,hwfi_tmean_90p,14,14,100.0
state,Kerala,ssp585,2060-2080,hwfi_events_tmean_90p,14,14,100.0
state,Kerala,ssp585,2060-2080,wsdi_warm_spell_days,14,14,100.0
state,Kerala,ssp585,2060-2080,tnx_annual_max,14,14,100.0
state,Kerala,ssp585,2060-2080,tx90p_hot_days_pct,14,14,100.0
state,Ladakh,historical,1990-2010,tas_annual_mean,2,2,100.0
state,Ladakh,historical,1990-2010,tasmax_summer_mean,2,2,100.0
state,Ladakh,historical,1990-2010,tas_summer_mean,2,2,100.0
state,Ladakh,historical,1990-2010,txx_annual_max,2,2,100.0
state,Ladakh,historical,1990-2010,tn90p_warm_nights_pct,2,2,100.0
state,Ladakh,historical,1990-2010,hwa_heatwave_amplitude,2,2,100.0
state,Ladakh,historical,1990-2010,txge30_hot_days,2,2,100.0
state,Ladakh,historical,1990-2010,txge35_extreme_heat_days,2,2,100.0
state,Ladakh,historical,1990-2010,tasmin_tropical_nights_gt25,2,2,100.0
state,Ladakh,historical,1990-2010,hwfi_tmean_90p,2,2,100.0
state,Ladakh,historical,1990-2010,hwfi_events_tmean_90p,2,2,100.0
state,Ladakh,historical,1990-2010,wsdi_warm_spell_days,2,2,100.0
state,Ladakh,historical,1990-2010,tnx_annual_max,2,2,100.0
state,Ladakh,historical,1990-2010,tx90p_hot_days_pct,2,2,100.0
state,Ladakh,ssp245,2020-2040,tas_annual_mean,2,2,100.0
state,Ladakh,ssp245,2020-2040,tasmax_summer_mean,2,2,100.0
state,Ladakh,ssp245,2020-2040,tas_summer_mean,2,2,100.0
state,Ladakh,ssp245,2020-2040,txx_annual_max,2,2,100.0
state,Ladakh,ssp245,2020-2040,tn90p_warm_nights_pct,2,2,100.0
state,Ladakh,ssp245,2020-2040,hwa_heatwave_amplitude,2,2,100.0
state,Ladakh,ssp245,2020-2040,txge30_hot_days,2,2,100.0
state,Ladakh,ssp245,2020-2040,txge35_extreme_heat_days,2,2,100.0
state,Ladakh,ssp245,2020-2040,tasmin_tropical_nights_gt25,2,2,100.0
state,Ladakh,ssp245,2020-2040,hwfi_tmean_90p,2,2,100.0
state,Ladakh,ssp245,2020-2040,hwfi_events_tmean_90p,2,2,100.0
state,Ladakh,ssp245,2020-2040,wsdi_warm_spell_days,2,2,100.0
state,Ladakh,ssp245,2020-2040,tnx_annual_max,2,2,100.0
state,Ladakh,ssp245,2020-2040,tx90p_hot_days_pct,2,2,100.0
state,Ladakh,ssp245,2040-2060,tas_annual_mean,2,2,100.0
state,Ladakh,ssp245,2040-2060,tasmax_summer_mean,2,2,100.0
state,Ladakh,ssp245,2040-2060,tas_summer_mean,2,2,100.0
state,Ladakh,ssp245,2040-2060,txx_annual_max,2,2,100.0
state,Ladakh,ssp245,2040-2060,tn90p_warm_nights_pct,2,2,100.0
state,Ladakh,ssp245,2040-2060,hwa_heatwave_amplitude,2,2,100.0
state,Ladakh,ssp245,2040-2060,txge30_hot_days,2,2,100.0
state,Ladakh,ssp245,2040-2060,txge35_extreme_heat_days,2,2,100.0
state,Ladakh,ssp245,2040-2060,tasmin_tropical_nights_gt25,2,2,100.0
state,Ladakh,ssp245,2040-2060,hwfi_tmean_90p,2,2,100.0
state,Ladakh,ssp245,2040-2060,hwfi_events_tmean_90p,2,2,100.0
state,Ladakh,ssp245,2040-2060,wsdi_warm_spell_days,2,2,100.0
state,Ladakh,ssp245,2040-2060,tnx_annual_max,2,2,100.0
state,Ladakh,ssp245,2040-2060,tx90p_hot_days_pct,2,2,100.0
state,Ladakh,ssp245,2060-2080,tas_annual_mean,2,2,100.0
state,Ladakh,ssp245,2060-2080,tasmax_summer_mean,2,2,100.0
state,Ladakh,ssp245,2060-2080,tas_summer_mean,2,2,100.0
state,Ladakh,ssp245,2060-2080,txx_annual_max,2,2,100.0
state,Ladakh,ssp245,2060-2080,tn90p_warm_nights_pct,2,2,100.0
state,Ladakh,ssp245,2060-2080,hwa_heatwave_amplitude,2,2,100.0
state,Ladakh,ssp245,2060-2080,txge30_hot_days,2,2,100.0
state,Ladakh,ssp245,2060-2080,txge35_extreme_heat_days,2,2,100.0
state,Ladakh,ssp245,2060-2080,tasmin_tropical_nights_gt25,2,2,100.0
state,Ladakh,ssp245,2060-2080,hwfi_tmean_90p,2,2,100.0
state,Ladakh,ssp245,2060-2080,hwfi_events_tmean_90p,2,2,100.0
state,Ladakh,ssp245,2060-2080,wsdi_warm_spell_days,2,2,100.0
state,Ladakh,ssp245,2060-2080,tnx_annual_max,2,2,100.0
state,Ladakh,ssp245,2060-2080,tx90p_hot_days_pct,2,2,100.0
state,Ladakh,ssp585,2020-2040,tas_annual_mean,2,2,100.0
state,Ladakh,ssp585,2020-2040,tasmax_summer_mean,2,2,100.0
state,Ladakh,ssp585,2020-2040,tas_summer_mean,2,2,100.0
state,Ladakh,ssp585,2020-2040,txx_annual_max,2,2,100.0
state,Ladakh,ssp585,2020-2040,tn90p_warm_nights_pct,2,2,100.0
state,Ladakh,ssp585,2020-2040,hwa_heatwave_amplitude,2,2,100.0
state,Ladakh,ssp585,2020-2040,txge30_hot_days,2,2,100.0
state,Ladakh,ssp585,2020-2040,txge35_extreme_heat_days,2,2,100.0
state,Ladakh,ssp585,2020-2040,tasmin_tropical_nights_gt25,2,2,100.0
state,Ladakh,ssp585,2020-2040,hwfi_tmean_90p,2,2,100.0
state,Ladakh,ssp585,2020-2040,hwfi_events_tmean_90p,2,2,100.0
state,Ladakh,ssp585,2020-2040,wsdi_warm_spell_days,2,2,100.0
state,Ladakh,ssp585,2020-2040,tnx_annual_max,2,2,100.0
state,Ladakh,ssp585,2020-2040,tx90p_hot_days_pct,2,2,100.0
state,Ladakh,ssp585,2040-2060,tas_annual_mean,2,2,100.0
state,Ladakh,ssp585,2040-2060,tasmax_summer_mean,2,2,100.0
state,Ladakh,ssp585,2040-2060,tas_summer_mean,2,2,100.0
state,Ladakh,ssp585,2040-2060,txx_annual_max,2,2,100.0
state,Ladakh,ssp585,2040-2060,tn90p_warm_nights_pct,2,2,100.0
state,Ladakh,ssp585,2040-2060,hwa_heatwave_amplitude,2,2,100.0
state,Ladakh,ssp585,2040-2060,txge30_hot_days,2,2,100.0
state,Ladakh,ssp585,2040-2060,txge35_extreme_heat_days,2,2,100.0
state,Ladakh,ssp585,2040-2060,tasmin_tropical_nights_gt25,2,2,100.0
state,Ladakh,ssp585,2040-2060,hwfi_tmean_90p,2,2,100.0
state,Ladakh,ssp585,2040-2060,hwfi_events_tmean_90p,2,2,100.0
state,Ladakh,ssp585,2040-2060,wsdi_warm_spell_days,2,2,100.0
state,Ladakh,ssp585,2040-2060,tnx_annual_max,2,2,100.0
state,Ladakh,ssp585,2040-2060,tx90p_hot_days_pct,2,2,100.0
state,Ladakh,ssp585,2060-2080,tas_annual_mean,2,2,100.0
state,Ladakh,ssp585,2060-2080,tasmax_summer_mean,2,2,100.0
state,Ladakh,ssp585,2060-2080,tas_summer_mean,2,2,100.0
state,Ladakh,ssp585,2060-2080,txx_annual_max,2,2,100.0
state,Ladakh,ssp585,2060-2080,tn90p_warm_nights_pct,2,2,100.0
state,Ladakh,ssp585,2060-2080,hwa_heatwave_amplitude,2,2,100.0
state,Ladakh,ssp585,2060-2080,txge30_hot_days,2,2,100.0
state,Ladakh,ssp585,2060-2080,txge35_extreme_heat_days,2,2,100.0
state,Ladakh,ssp585,2060-2080,tasmin_tropical_nights_gt25,2,2,100.0
state,Ladakh,ssp585,2060-2080,hwfi_tmean_90p,2,2,100.0
state,Ladakh,ssp585,2060-2080,hwfi_events_tmean_90p,2,2,100.0
state,Ladakh,ssp585,2060-2080,wsdi_warm_spell_days,2,2,100.0
state,Ladakh,ssp585,2060-2080,tnx_annual_max,2,2,100.0
state,Ladakh,ssp585,2060-2080,tx90p_hot_days_pct,2,2,100.0
state,Lakshadweep,historical,1990-2010,tas_annual_mean,1,1,100.0
state,Lakshadweep,historical,1990-2010,tasmax_summer_mean,1,1,100.0
state,Lakshadweep,historical,1990-2010,tas_summer_mean,1,1,100.0
state,Lakshadweep,historical,1990-2010,txx_annual_max,1,1,100.0
state,Lakshadweep,historical,1990-2010,tn90p_warm_nights_pct,1,1,100.0
state,Lakshadweep,historical,1990-2010,hwa_heatwave_amplitude,1,1,100.0
state,Lakshadweep,historical,1990-2010,txge30_hot_days,1,1,100.0
state,Lakshadweep,historical,1990-2010,txge35_extreme_heat_days,1,1,100.0
state,Lakshadweep,historical,1990-2010,tasmin_tropical_nights_gt25,1,1,100.0
state,Lakshadweep,historical,1990-2010,hwfi_tmean_90p,1,1,100.0
state,Lakshadweep,historical,1990-2010,hwfi_events_tmean_90p,1,1,100.0
state,Lakshadweep,historical,1990-2010,wsdi_warm_spell_days,1,1,100.0
state,Lakshadweep,historical,1990-2010,tnx_annual_max,1,1,100.0
state,Lakshadweep,historical,1990-2010,tx90p_hot_days_pct,1,1,100.0
state,Lakshadweep,ssp245,2020-2040,tas_annual_mean,1,1,100.0
state,Lakshadweep,ssp245,2020-2040,tasmax_summer_mean,1,1,100.0
state,Lakshadweep,ssp245,2020-2040,tas_summer_mean,1,1,100.0
state,Lakshadweep,ssp245,2020-2040,txx_annual_max,1,1,100.0
state,Lakshadweep,ssp245,2020-2040,tn90p_warm_nights_pct,1,1,100.0
state,Lakshadweep,ssp245,2020-2040,hwa_heatwave_amplitude,1,1,100.0
state,Lakshadweep,ssp245,2020-2040,txge30_hot_days,1,1,100.0
state,Lakshadweep,ssp245,2020-2040,txge35_extreme_heat_days,1,1,100.0
state,Lakshadweep,ssp245,2020-2040,tasmin_tropical_nights_gt25,1,1,100.0
state,Lakshadweep,ssp245,2020-2040,hwfi_tmean_90p,1,1,100.0
state,Lakshadweep,ssp245,2020-2040,hwfi_events_tmean_90p,1,1,100.0
state,Lakshadweep,ssp245,2020-2040,wsdi_warm_spell_days,1,1,100.0
state,Lakshadweep,ssp245,2020-2040,tnx_annual_max,1,1,100.0
state,Lakshadweep,ssp245,2020-2040,tx90p_hot_days_pct,1,1,100.0
state,Lakshadweep,ssp245,2040-2060,tas_annual_mean,1,1,100.0
state,Lakshadweep,ssp245,2040-2060,tasmax_summer_mean,1,1,100.0
state,Lakshadweep,ssp245,2040-2060,tas_summer_mean,1,1,100.0
state,Lakshadweep,ssp245,2040-2060,txx_annual_max,1,1,100.0
state,Lakshadweep,ssp245,2040-2060,tn90p_warm_nights_pct,1,1,100.0
state,Lakshadweep,ssp245,2040-2060,hwa_heatwave_amplitude,1,1,100.0
state,Lakshadweep,ssp245,2040-2060,txge30_hot_days,1,1,100.0
state,Lakshadweep,ssp245,2040-2060,txge35_extreme_heat_days,1,1,100.0
state,Lakshadweep,ssp245,2040-2060,tasmin_tropical_nights_gt25,1,1,100.0
state,Lakshadweep,ssp245,2040-2060,hwfi_tmean_90p,1,1,100.0
state,Lakshadweep,ssp245,2040-2060,hwfi_events_tmean_90p,1,1,100.0
state,Lakshadweep,ssp245,2040-2060,wsdi_warm_spell_days,1,1,100.0
state,Lakshadweep,ssp245,2040-2060,tnx_annual_max,1,1,100.0
state,Lakshadweep,ssp245,2040-2060,tx90p_hot_days_pct,1,1,100.0
state,Lakshadweep,ssp245,2060-2080,tas_annual_mean,1,1,100.0
state,Lakshadweep,ssp245,2060-2080,tasmax_summer_mean,1,1,100.0
state,Lakshadweep,ssp245,2060-2080,tas_summer_mean,1,1,100.0
state,Lakshadweep,ssp245,2060-2080,txx_annual_max,1,1,100.0
state,Lakshadweep,ssp245,2060-2080,tn90p_warm_nights_pct,1,1,100.0
state,Lakshadweep,ssp245,2060-2080,hwa_heatwave_amplitude,1,1,100.0
state,Lakshadweep,ssp245,2060-2080,txge30_hot_days,1,1,100.0
state,Lakshadweep,ssp245,2060-2080,txge35_extreme_heat_days,1,1,100.0
state,Lakshadweep,ssp245,2060-2080,tasmin_tropical_nights_gt25,1,1,100.0
state,Lakshadweep,ssp245,2060-2080,hwfi_tmean_90p,1,1,100.0
state,Lakshadweep,ssp245,2060-2080,hwfi_events_tmean_90p,1,1,100.0
state,Lakshadweep,ssp245,2060-2080,wsdi_warm_spell_days,1,1,100.0
state,Lakshadweep,ssp245,2060-2080,tnx_annual_max,1,1,100.0
state,Lakshadweep,ssp245,2060-2080,tx90p_hot_days_pct,1,1,100.0
state,Lakshadweep,ssp585,2020-2040,tas_annual_mean,1,1,100.0
state,Lakshadweep,ssp585,2020-2040,tasmax_summer_mean,1,1,100.0
state,Lakshadweep,ssp585,2020-2040,tas_summer_mean,1,1,100.0
state,Lakshadweep,ssp585,2020-2040,txx_annual_max,1,1,100.0
state,Lakshadweep,ssp585,2020-2040,tn90p_warm_nights_pct,1,1,100.0
state,Lakshadweep,ssp585,2020-2040,hwa_heatwave_amplitude,1,1,100.0
state,Lakshadweep,ssp585,2020-2040,txge30_hot_days,1,1,100.0
state,Lakshadweep,ssp585,2020-2040,txge35_extreme_heat_days,1,1,100.0
state,Lakshadweep,ssp585,2020-2040,tasmin_tropical_nights_gt25,1,1,100.0
state,Lakshadweep,ssp585,2020-2040,hwfi_tmean_90p,1,1,100.0
state,Lakshadweep,ssp585,2020-2040,hwfi_events_tmean_90p,1,1,100.0
state,Lakshadweep,ssp585,2020-2040,wsdi_warm_spell_days,1,1,100.0
state,Lakshadweep,ssp585,2020-2040,tnx_annual_max,1,1,100.0
state,Lakshadweep,ssp585,2020-2040,tx90p_hot_days_pct,1,1,100.0
state,Lakshadweep,ssp585,2040-2060,tas_annual_mean,1,1,100.0
state,Lakshadweep,ssp585,2040-2060,tasmax_summer_mean,1,1,100.0
state,Lakshadweep,ssp585,2040-2060,tas_summer_mean,1,1,100.0
state,Lakshadweep,ssp585,2040-2060,txx_annual_max,1,1,100.0
state,Lakshadweep,ssp585,2040-2060,tn90p_warm_nights_pct,1,1,100.0
state,Lakshadweep,ssp585,2040-2060,hwa_heatwave_amplitude,1,1,100.0
state,Lakshadweep,ssp585,2040-2060,txge30_hot_days,1,1,100.0
state,Lakshadweep,ssp585,2040-2060,txge35_extreme_heat_days,1,1,100.0
state,Lakshadweep,ssp585,2040-2060,tasmin_tropical_nights_gt25,1,1,100.0
state,Lakshadweep,ssp585,2040-2060,hwfi_tmean_90p,1,1,100.0
state,Lakshadweep,ssp585,2040-2060,hwfi_events_tmean_90p,1,1,100.0
state,Lakshadweep,ssp585,2040-2060,wsdi_warm_spell_days,1,1,100.0
state,Lakshadweep,ssp585,2040-2060,tnx_annual_max,1,1,100.0
state,Lakshadweep,ssp585,2040-2060,tx90p_hot_days_pct,1,1,100.0
state,Lakshadweep,ssp585,2060-2080,tas_annual_mean,1,1,100.0
state,Lakshadweep,ssp585,2060-2080,tasmax_summer_mean,1,1,100.0
state,Lakshadweep,ssp585,2060-2080,tas_summer_mean,1,1,100.0
state,Lakshadweep,ssp585,2060-2080,txx_annual_max,1,1,100.0
state,Lakshadweep,ssp585,2060-2080,tn90p_warm_nights_pct,1,1,100.0
state,Lakshadweep,ssp585,2060-2080,hwa_heatwave_amplitude,1,1,100.0
state,Lakshadweep,ssp585,2060-2080,txge30_hot_days,1,1,100.0
state,Lakshadweep,ssp585,2060-2080,txge35_extreme_heat_days,1,1,100.0
state,Lakshadweep,ssp585,2060-2080,tasmin_tropical_nights_gt25,1,1,100.0
state,Lakshadweep,ssp585,2060-2080,hwfi_tmean_90p,1,1,100.0
state,Lakshadweep,ssp585,2060-2080,hwfi_events_tmean_90p,1,1,100.0
state,Lakshadweep,ssp585,2060-2080,wsdi_warm_spell_days,1,1,100.0
state,Lakshadweep,ssp585,2060-2080,tnx_annual_max,1,1,100.0
state,Lakshadweep,ssp585,2060-2080,tx90p_hot_days_pct,1,1,100.0
state,Madhya Pradesh,historical,1990-2010,tas_annual_mean,52,52,100.0
state,Madhya Pradesh,historical,1990-2010,tasmax_summer_mean,52,52,100.0
state,Madhya Pradesh,historical,1990-2010,tas_summer_mean,52,52,100.0
state,Madhya Pradesh,historical,1990-2010,txx_annual_max,52,52,100.0
state,Madhya Pradesh,historical,1990-2010,tn90p_warm_nights_pct,52,52,100.0
state,Madhya Pradesh,historical,1990-2010,hwa_heatwave_amplitude,52,52,100.0
state,Madhya Pradesh,historical,1990-2010,txge30_hot_days,52,52,100.0
state,Madhya Pradesh,historical,1990-2010,txge35_extreme_heat_days,52,52,100.0
state,Madhya Pradesh,historical,1990-2010,tasmin_tropical_nights_gt25,52,52,100.0
state,Madhya Pradesh,historical,1990-2010,hwfi_tmean_90p,52,52,100.0
state,Madhya Pradesh,historical,1990-2010,hwfi_events_tmean_90p,52,52,100.0
state,Madhya Pradesh,historical,1990-2010,wsdi_warm_spell_days,52,52,100.0
state,Madhya Pradesh,historical,1990-2010,tnx_annual_max,52,52,100.0
state,Madhya Pradesh,historical,1990-2010,tx90p_hot_days_pct,52,52,100.0
state,Madhya Pradesh,ssp245,2020-2040,tas_annual_mean,52,52,100.0
state,Madhya Pradesh,ssp245,2020-2040,tasmax_summer_mean,52,52,100.0
state,Madhya Pradesh,ssp245,2020-2040,tas_summer_mean,52,52,100.0
state,Madhya Pradesh,ssp245,2020-2040,txx_annual_max,52,52,100.0
state,Madhya Pradesh,ssp245,2020-2040,tn90p_warm_nights_pct,52,52,100.0
state,Madhya Pradesh,ssp245,2020-2040,hwa_heatwave_amplitude,52,52,100.0
state,Madhya Pradesh,ssp245,2020-2040,txge30_hot_days,52,52,100.0
state,Madhya Pradesh,ssp245,2020-2040,txge35_extreme_heat_days,52,52,100.0
state,Madhya Pradesh,ssp245,2020-2040,tasmin_tropical_nights_gt25,52,52,100.0
state,Madhya Pradesh,ssp245,2020-2040,hwfi_tmean_90p,52,52,100.0
state,Madhya Pradesh,ssp245,2020-2040,hwfi_events_tmean_90p,52,52,100.0
state,Madhya Pradesh,ssp245,2020-2040,wsdi_warm_spell_days,52,52,100.0
state,Madhya Pradesh,ssp245,2020-2040,tnx_annual_max,52,52,100.0
state,Madhya Pradesh,ssp245,2020-2040,tx90p_hot_days_pct,52,52,100.0
state,Madhya Pradesh,ssp245,2040-2060,tas_annual_mean,52,52,100.0
state,Madhya Pradesh,ssp245,2040-2060,tasmax_summer_mean,52,52,100.0
state,Madhya Pradesh,ssp245,2040-2060,tas_summer_mean,52,52,100.0
state,Madhya Pradesh,ssp245,2040-2060,txx_annual_max,52,52,100.0
state,Madhya Pradesh,ssp245,2040-2060,tn90p_warm_nights_pct,52,52,100.0
state,Madhya Pradesh,ssp245,2040-2060,hwa_heatwave_amplitude,52,52,100.0
state,Madhya Pradesh,ssp245,2040-2060,txge30_hot_days,52,52,100.0
state,Madhya Pradesh,ssp245,2040-2060,txge35_extreme_heat_days,52,52,100.0
state,Madhya Pradesh,ssp245,2040-2060,tasmin_tropical_nights_gt25,52,52,100.0
state,Madhya Pradesh,ssp245,2040-2060,hwfi_tmean_90p,52,52,100.0
state,Madhya Pradesh,ssp245,2040-2060,hwfi_events_tmean_90p,52,52,100.0
state,Madhya Pradesh,ssp245,2040-2060,wsdi_warm_spell_days,52,52,100.0
state,Madhya Pradesh,ssp245,2040-2060,tnx_annual_max,52,52,100.0
state,Madhya Pradesh,ssp245,2040-2060,tx90p_hot_days_pct,52,52,100.0
state,Madhya Pradesh,ssp245,2060-2080,tas_annual_mean,52,52,100.0
state,Madhya Pradesh,ssp245,2060-2080,tasmax_summer_mean,52,52,100.0
state,Madhya Pradesh,ssp245,2060-2080,tas_summer_mean,52,52,100.0
state,Madhya Pradesh,ssp245,2060-2080,txx_annual_max,52,52,100.0
state,Madhya Pradesh,ssp245,2060-2080,tn90p_warm_nights_pct,52,52,100.0
state,Madhya Pradesh,ssp245,2060-2080,hwa_heatwave_amplitude,52,52,100.0
state,Madhya Pradesh,ssp245,2060-2080,txge30_hot_days,52,52,100.0
state,Madhya Pradesh,ssp245,2060-2080,txge35_extreme_heat_days,52,52,100.0
state,Madhya Pradesh,ssp245,2060-2080,tasmin_tropical_nights_gt25,52,52,100.0
state,Madhya Pradesh,ssp245,2060-2080,hwfi_tmean_90p,52,52,100.0
state,Madhya Pradesh,ssp245,2060-2080,hwfi_events_tmean_90p,52,52,100.0
state,Madhya Pradesh,ssp245,2060-2080,wsdi_warm_spell_days,52,52,100.0
state,Madhya Pradesh,ssp245,2060-2080,tnx_annual_max,52,52,100.0
state,Madhya Pradesh,ssp245,2060-2080,tx90p_hot_days_pct,52,52,100.0
state,Madhya Pradesh,ssp585,2020-2040,tas_annual_mean,52,52,100.0
state,Madhya Pradesh,ssp585,2020-2040,tasmax_summer_mean,52,52,100.0
state,Madhya Pradesh,ssp585,2020-2040,tas_summer_mean,52,52,100.0
state,Madhya Pradesh,ssp585,2020-2040,txx_annual_max,52,52,100.0
state,Madhya Pradesh,ssp585,2020-2040,tn90p_warm_nights_pct,52,52,100.0
state,Madhya Pradesh,ssp585,2020-2040,hwa_heatwave_amplitude,52,52,100.0
state,Madhya Pradesh,ssp585,2020-2040,txge30_hot_days,52,52,100.0
state,Madhya Pradesh,ssp585,2020-2040,txge35_extreme_heat_days,52,52,100.0
state,Madhya Pradesh,ssp585,2020-2040,tasmin_tropical_nights_gt25,52,52,100.0
state,Madhya Pradesh,ssp585,2020-2040,hwfi_tmean_90p,52,52,100.0
state,Madhya Pradesh,ssp585,2020-2040,hwfi_events_tmean_90p,52,52,100.0
state,Madhya Pradesh,ssp585,2020-2040,wsdi_warm_spell_days,52,52,100.0
state,Madhya Pradesh,ssp585,2020-2040,tnx_annual_max,52,52,100.0
state,Madhya Pradesh,ssp585,2020-2040,tx90p_hot_days_pct,52,52,100.0
state,Madhya Pradesh,ssp585,2040-2060,tas_annual_mean,52,52,100.0
state,Madhya Pradesh,ssp585,2040-2060,tasmax_summer_mean,52,52,100.0
state,Madhya Pradesh,ssp585,2040-2060,tas_summer_mean,52,52,100.0
state,Madhya Pradesh,ssp585,2040-2060,txx_annual_max,52,52,100.0
state,Madhya Pradesh,ssp585,2040-2060,tn90p_warm_nights_pct,52,52,100.0
state,Madhya Pradesh,ssp585,2040-2060,hwa_heatwave_amplitude,52,52,100.0
state,Madhya Pradesh,ssp585,2040-2060,txge30_hot_days,52,52,100.0
state,Madhya Pradesh,ssp585,2040-2060,txge35_extreme_heat_days,52,52,100.0
state,Madhya Pradesh,ssp585,2040-2060,tasmin_tropical_nights_gt25,52,52,100.0
state,Madhya Pradesh,ssp585,2040-2060,hwfi_tmean_90p,52,52,100.0
state,Madhya Pradesh,ssp585,2040-2060,hwfi_events_tmean_90p,52,52,100.0
state,Madhya Pradesh,ssp585,2040-2060,wsdi_warm_spell_days,52,52,100.0
state,Madhya Pradesh,ssp585,2040-2060,tnx_annual_max,52,52,100.0
state,Madhya Pradesh,ssp585,2040-2060,tx90p_hot_days_pct,52,52,100.0
state,Madhya Pradesh,ssp585,2060-2080,tas_annual_mean,52,52,100.0
state,Madhya Pradesh,ssp585,2060-2080,tasmax_summer_mean,52,52,100.0
state,Madhya Pradesh,ssp585,2060-2080,tas_summer_mean,52,52,100.0
state,Madhya Pradesh,ssp585,2060-2080,txx_annual_max,52,52,100.0
state,Madhya Pradesh,ssp585,2060-2080,tn90p_warm_nights_pct,52,52,100.0
state,Madhya Pradesh,ssp585,2060-2080,hwa_heatwave_amplitude,52,52,100.0
state,Madhya Pradesh,ssp585,2060-2080,txge30_hot_days,52,52,100.0
state,Madhya Pradesh,ssp585,2060-2080,txge35_extreme_heat_days,52,52,100.0
state,Madhya Pradesh,ssp585,2060-2080,tasmin_tropical_nights_gt25,52,52,100.0
state,Madhya Pradesh,ssp585,2060-2080,hwfi_tmean_90p,52,52,100.0
state,Madhya Pradesh,ssp585,2060-2080,hwfi_events_tmean_90p,52,52,100.0
state,Madhya Pradesh,ssp585,2060-2080,wsdi_warm_spell_days,52,52,100.0
state,Madhya Pradesh,ssp585,2060-2080,tnx_annual_max,52,52,100.0
state,Madhya Pradesh,ssp585,2060-2080,tx90p_hot_days_pct,52,52,100.0
state,Maharashtra,historical,1990-2010,tas_annual_mean,36,36,100.0
state,Maharashtra,historical,1990-2010,tasmax_summer_mean,36,36,100.0
state,Maharashtra,historical,1990-2010,tas_summer_mean,36,36,100.0
state,Maharashtra,historical,1990-2010,txx_annual_max,36,36,100.0
state,Maharashtra,historical,1990-2010,tn90p_warm_nights_pct,36,36,100.0
state,Maharashtra,historical,1990-2010,hwa_heatwave_amplitude,36,36,100.0
state,Maharashtra,historical,1990-2010,txge30_hot_days,36,36,100.0
state,Maharashtra,historical,1990-2010,txge35_extreme_heat_days,36,36,100.0
state,Maharashtra,historical,1990-2010,tasmin_tropical_nights_gt25,36,36,100.0
state,Maharashtra,historical,1990-2010,hwfi_tmean_90p,36,36,100.0
state,Maharashtra,historical,1990-2010,hwfi_events_tmean_90p,36,36,100.0
state,Maharashtra,historical,1990-2010,wsdi_warm_spell_days,36,36,100.0
state,Maharashtra,historical,1990-2010,tnx_annual_max,36,36,100.0
state,Maharashtra,historical,1990-2010,tx90p_hot_days_pct,36,36,100.0
state,Maharashtra,ssp245,2020-2040,tas_annual_mean,36,36,100.0
state,Maharashtra,ssp245,2020-2040,tasmax_summer_mean,36,36,100.0
state,Maharashtra,ssp245,2020-2040,tas_summer_mean,36,36,100.0
state,Maharashtra,ssp245,2020-2040,txx_annual_max,36,36,100.0
state,Maharashtra,ssp245,2020-2040,tn90p_warm_nights_pct,36,36,100.0
state,Maharashtra,ssp245,2020-2040,hwa_heatwave_amplitude,36,36,100.0
state,Maharashtra,ssp245,2020-2040,txge30_hot_days,36,36,100.0
state,Maharashtra,ssp245,2020-2040,txge35_extreme_heat_days,36,36,100.0
state,Maharashtra,ssp245,2020-2040,tasmin_tropical_nights_gt25,36,36,100.0
state,Maharashtra,ssp245,2020-2040,hwfi_tmean_90p,36,36,100.0
state,Maharashtra,ssp245,2020-2040,hwfi_events_tmean_90p,36,36,100.0
state,Maharashtra,ssp245,2020-2040,wsdi_warm_spell_days,36,36,100.0
state,Maharashtra,ssp245,2020-2040,tnx_annual_max,36,36,100.0
state,Maharashtra,ssp245,2020-2040,tx90p_hot_days_pct,36,36,100.0
state,Maharashtra,ssp245,2040-2060,tas_annual_mean,36,36,100.0
state,Maharashtra,ssp245,2040-2060,tasmax_summer_mean,36,36,100.0
state,Maharashtra,ssp245,2040-2060,tas_summer_mean,36,36,100.0
state,Maharashtra,ssp245,2040-2060,txx_annual_max,36,36,100.0
state,Maharashtra,ssp245,2040-2060,tn90p_warm_nights_pct,36,36,100.0
state,Maharashtra,ssp245,2040-2060,hwa_heatwave_amplitude,36,36,100.0
state,Maharashtra,ssp245,2040-2060,txge30_hot_days,36,36,100.0
state,Maharashtra,ssp245,2040-2060,txge35_extreme_heat_days,36,36,100.0
state,Maharashtra,ssp245,2040-2060,tasmin_tropical_nights_gt25,36,36,100.0
state,Maharashtra,ssp245,2040-2060,hwfi_tmean_90p,36,36,100.0
state,Maharashtra,ssp245,2040-2060,hwfi_events_tmean_90p,36,36,100.0
state,Maharashtra,ssp245,2040-2060,wsdi_warm_spell_days,36,36,100.0
state,Maharashtra,ssp245,2040-2060,tnx_annual_max,36,36,100.0
state,Maharashtra,ssp245,2040-2060,tx90p_hot_days_pct,36,36,100.0
state,Maharashtra,ssp245,2060-2080,tas_annual_mean,36,36,100.0
state,Maharashtra,ssp245,2060-2080,tasmax_summer_mean,36,36,100.0
state,Maharashtra,ssp245,2060-2080,tas_summer_mean,36,36,100.0
state,Maharashtra,ssp245,2060-2080,txx_annual_max,36,36,100.0
state,Maharashtra,ssp245,2060-2080,tn90p_warm_nights_pct,36,36,100.0
state,Maharashtra,ssp245,2060-2080,hwa_heatwave_amplitude,36,36,100.0
state,Maharashtra,ssp245,2060-2080,txge30_hot_days,36,36,100.0
state,Maharashtra,ssp245,2060-2080,txge35_extreme_heat_days,36,36,100.0
state,Maharashtra,ssp245,2060-2080,tasmin_tropical_nights_gt25,36,36,100.0
state,Maharashtra,ssp245,2060-2080,hwfi_tmean_90p,36,36,100.0
state,Maharashtra,ssp245,2060-2080,hwfi_events_tmean_90p,36,36,100.0
state,Maharashtra,ssp245,2060-2080,wsdi_warm_spell_days,36,36,100.0
state,Maharashtra,ssp245,2060-2080,tnx_annual_max,36,36,100.0
state,Maharashtra,ssp245,2060-2080,tx90p_hot_days_pct,36,36,100.0
state,Maharashtra,ssp585,2020-2040,tas_annual_mean,36,36,100.0
state,Maharashtra,ssp585,2020-2040,tasmax_summer_mean,36,36,100.0
state,Maharashtra,ssp585,2020-2040,tas_summer_mean,36,36,100.0
state,Maharashtra,ssp585,2020-2040,txx_annual_max,36,36,100.0
state,Maharashtra,ssp585,2020-2040,tn90p_warm_nights_pct,36,36,100.0
state,Maharashtra,ssp585,2020-2040,hwa_heatwave_amplitude,36,36,100.0
state,Maharashtra,ssp585,2020-2040,txge30_hot_days,36,36,100.0
state,Maharashtra,ssp585,2020-2040,txge35_extreme_heat_days,36,36,100.0
state,Maharashtra,ssp585,2020-2040,tasmin_tropical_nights_gt25,36,36,100.0
state,Maharashtra,ssp585,2020-2040,hwfi_tmean_90p,36,36,100.0
state,Maharashtra,ssp585,2020-2040,hwfi_events_tmean_90p,36,36,100.0
state,Maharashtra,ssp585,2020-2040,wsdi_warm_spell_days,36,36,100.0
state,Maharashtra,ssp585,2020-2040,tnx_annual_max,36,36,100.0
state,Maharashtra,ssp585,2020-2040,tx90p_hot_days_pct,36,36,100.0
state,Maharashtra,ssp585,2040-2060,tas_annual_mean,36,36,100.0
state,Maharashtra,ssp585,2040-2060,tasmax_summer_mean,36,36,100.0
state,Maharashtra,ssp585,2040-2060,tas_summer_mean,36,36,100.0
state,Maharashtra,ssp585,2040-2060,txx_annual_max,36,36,100.0
state,Maharashtra,ssp585,2040-2060,tn90p_warm_nights_pct,36,36,100.0
state,Maharashtra,ssp585,2040-2060,hwa_heatwave_amplitude,36,36,100.0
state,Maharashtra,ssp585,2040-2060,txge30_hot_days,36,36,100.0
state,Maharashtra,ssp585,2040-2060,txge35_extreme_heat_days,36,36,100.0
state,Maharashtra,ssp585,2040-2060,tasmin_tropical_nights_gt25,36,36,100.0
state,Maharashtra,ssp585,2040-2060,hwfi_tmean_90p,36,36,100.0
state,Maharashtra,ssp585,2040-2060,hwfi_events_tmean_90p,36,36,100.0
state,Maharashtra,ssp585,2040-2060,wsdi_warm_spell_days,36,36,100.0
state,Maharashtra,ssp585,2040-2060,tnx_annual_max,36,36,100.0
state,Maharashtra,ssp585,2040-2060,tx90p_hot_days_pct,36,36,100.0
state,Maharashtra,ssp585,2060-2080,tas_annual_mean,36,36,100.0
state,Maharashtra,ssp585,2060-2080,tasmax_summer_mean,36,36,100.0
state,Maharashtra,ssp585,2060-2080,tas_summer_mean,36,36,100.0
state,Maharashtra,ssp585,2060-2080,txx_annual_max,36,36,100.0
state,Maharashtra,ssp585,2060-2080,tn90p_warm_nights_pct,36,36,100.0
state,Maharashtra,ssp585,2060-2080,hwa_heatwave_amplitude,36,36,100.0
state,Maharashtra,ssp585,2060-2080,txge30_hot_days,36,36,100.0
state,Maharashtra,ssp585,2060-2080,txge35_extreme_heat_days,36,36,100.0
state,Maharashtra,ssp585,2060-2080,tasmin_tropical_nights_gt25,36,36,100.0
state,Maharashtra,ssp585,2060-2080,hwfi_tmean_90p,36,36,100.0
state,Maharashtra,ssp585,2060-2080,hwfi_events_tmean_90p,36,36,100.0
state,Maharashtra,ssp585,2060-2080,wsdi_warm_spell_days,36,36,100.0
state,Maharashtra,ssp585,2060-2080,tnx_annual_max,36,36,100.0
state,Maharashtra,ssp585,2060-2080,tx90p_hot_days_pct,36,36,100.0
state,Manipur,historical,1990-2010,tas_annual_mean,16,16,100.0
state,Manipur,historical,1990-2010,tasmax_summer_mean,16,16,100.0
state,Manipur,historical,1990-2010,tas_summer_mean,16,16,100.0
state,Manipur,historical,1990-2010,txx_annual_max,16,16,100.0
state,Manipur,historical,1990-2010,tn90p_warm_nights_pct,16,16,100.0
state,Manipur,historical,1990-2010,hwa_heatwave_amplitude,16,16,100.0
state,Manipur,historical,1990-2010,txge30_hot_days,16,16,100.0
state,Manipur,historical,1990-2010,txge35_extreme_heat_days,16,16,100.0
state,Manipur,historical,1990-2010,tasmin_tropical_nights_gt25,16,16,100.0
state,Manipur,historical,1990-2010,hwfi_tmean_90p,16,16,100.0
state,Manipur,historical,1990-2010,hwfi_events_tmean_90p,16,16,100.0
state,Manipur,historical,1990-2010,wsdi_warm_spell_days,16,16,100.0
state,Manipur,historical,1990-2010,tnx_annual_max,16,16,100.0
state,Manipur,historical,1990-2010,tx90p_hot_days_pct,16,16,100.0
state,Manipur,ssp245,2020-2040,tas_annual_mean,16,16,100.0
state,Manipur,ssp245,2020-2040,tasmax_summer_mean,16,16,100.0
state,Manipur,ssp245,2020-2040,tas_summer_mean,16,16,100.0
state,Manipur,ssp245,2020-2040,txx_annual_max,16,16,100.0
state,Manipur,ssp245,2020-2040,tn90p_warm_nights_pct,16,16,100.0
state,Manipur,ssp245,2020-2040,hwa_heatwave_amplitude,16,16,100.0
state,Manipur,ssp245,2020-2040,txge30_hot_days,16,16,100.0
state,Manipur,ssp245,2020-2040,txge35_extreme_heat_days,16,16,100.0
state,Manipur,ssp245,2020-2040,tasmin_tropical_nights_gt25,16,16,100.0
state,Manipur,ssp245,2020-2040,hwfi_tmean_90p,16,16,100.0
state,Manipur,ssp245,2020-2040,hwfi_events_tmean_90p,16,16,100.0
state,Manipur,ssp245,2020-2040,wsdi_warm_spell_days,16,16,100.0
state,Manipur,ssp245,2020-2040,tnx_annual_max,16,16,100.0
state,Manipur,ssp245,2020-2040,tx90p_hot_days_pct,16,16,100.0
state,Manipur,ssp245,2040-2060,tas_annual_mean,16,16,100.0
state,Manipur,ssp245,2040-2060,tasmax_summer_mean,16,16,100.0
state,Manipur,ssp245,2040-2060,tas_summer_mean,16,16,100.0
state,Manipur,ssp245,2040-2060,txx_annual_max,16,16,100.0
state,Manipur,ssp245,2040-2060,tn90p_warm_nights_pct,16,16,100.0
state,Manipur,ssp245,2040-2060,hwa_heatwave_amplitude,16,16,100.0
state,Manipur,ssp245,2040-2060,txge30_hot_days,16,16,100.0
state,Manipur,ssp245,2040-2060,txge35_extreme_heat_days,16,16,100.0
state,Manipur,ssp245,2040-2060,tasmin_tropical_nights_gt25,16,16,100.0
state,Manipur,ssp245,2040-2060,hwfi_tmean_90p,16,16,100.0
state,Manipur,ssp245,2040-2060,hwfi_events_tmean_90p,16,16,100.0
state,Manipur,ssp245,2040-2060,wsdi_warm_spell_days,16,16,100.0
state,Manipur,ssp245,2040-2060,tnx_annual_max,16,16,100.0
state,Manipur,ssp245,2040-2060,tx90p_hot_days_pct,16,16,100.0
state,Manipur,ssp245,2060-2080,tas_annual_mean,16,16,100.0
state,Manipur,ssp245,2060-2080,tasmax_summer_mean,16,16,100.0
state,Manipur,ssp245,2060-2080,tas_summer_mean,16,16,100.0
state,Manipur,ssp245,2060-2080,txx_annual_max,16,16,100.0
state,Manipur,ssp245,2060-2080,tn90p_warm_nights_pct,16,16,100.0
state,Manipur,ssp245,2060-2080,hwa_heatwave_amplitude,16,16,100.0
state,Manipur,ssp245,2060-2080,txge30_hot_days,16,16,100.0
state,Manipur,ssp245,2060-2080,txge35_extreme_heat_days,16,16,100.0
state,Manipur,ssp245,2060-2080,tasmin_tropical_nights_gt25,16,16,100.0
state,Manipur,ssp245,2060-2080,hwfi_tmean_90p,16,16,100.0
state,Manipur,ssp245,2060-2080,hwfi_events_tmean_90p,16,16,100.0
state,Manipur,ssp245,2060-2080,wsdi_warm_spell_days,16,16,100.0
state,Manipur,ssp245,2060-2080,tnx_annual_max,16,16,100.0
state,Manipur,ssp245,2060-2080,tx90p_hot_days_pct,16,16,100.0
state,Manipur,ssp585,2020-2040,tas_annual_mean,16,16,100.0
state,Manipur,ssp585,2020-2040,tasmax_summer_mean,16,16,100.0
state,Manipur,ssp585,2020-2040,tas_summer_mean,16,16,100.0
state,Manipur,ssp585,2020-2040,txx_annual_max,16,16,100.0
state,Manipur,ssp585,2020-2040,tn90p_warm_nights_pct,16,16,100.0
state,Manipur,ssp585,2020-2040,hwa_heatwave_amplitude,16,16,100.0
state,Manipur,ssp585,2020-2040,txge30_hot_days,16,16,100.0
state,Manipur,ssp585,2020-2040,txge35_extreme_heat_days,16,16,100.0
state,Manipur,ssp585,2020-2040,tasmin_tropical_nights_gt25,16,16,100.0
state,Manipur,ssp585,2020-2040,hwfi_tmean_90p,16,16,100.0
state,Manipur,ssp585,2020-2040,hwfi_events_tmean_90p,16,16,100.0
state,Manipur,ssp585,2020-2040,wsdi_warm_spell_days,16,16,100.0
state,Manipur,ssp585,2020-2040,tnx_annual_max,16,16,100.0
state,Manipur,ssp585,2020-2040,tx90p_hot_days_pct,16,16,100.0
state,Manipur,ssp585,2040-2060,tas_annual_mean,16,16,100.0
state,Manipur,ssp585,2040-2060,tasmax_summer_mean,16,16,100.0
state,Manipur,ssp585,2040-2060,tas_summer_mean,16,16,100.0
state,Manipur,ssp585,2040-2060,txx_annual_max,16,16,100.0
state,Manipur,ssp585,2040-2060,tn90p_warm_nights_pct,16,16,100.0
state,Manipur,ssp585,2040-2060,hwa_heatwave_amplitude,16,16,100.0
state,Manipur,ssp585,2040-2060,txge30_hot_days,16,16,100.0
state,Manipur,ssp585,2040-2060,txge35_extreme_heat_days,16,16,100.0
state,Manipur,ssp585,2040-2060,tasmin_tropical_nights_gt25,16,16,100.0
state,Manipur,ssp585,2040-2060,hwfi_tmean_90p,16,16,100.0
state,Manipur,ssp585,2040-2060,hwfi_events_tmean_90p,16,16,100.0
state,Manipur,ssp585,2040-2060,wsdi_warm_spell_days,16,16,100.0
state,Manipur,ssp585,2040-2060,tnx_annual_max,16,16,100.0
state,Manipur,ssp585,2040-2060,tx90p_hot_days_pct,16,16,100.0
state,Manipur,ssp585,2060-2080,tas_annual_mean,16,16,100.0
state,Manipur,ssp585,2060-2080,tasmax_summer_mean,16,16,100.0
state,Manipur,ssp585,2060-2080,tas_summer_mean,16,16,100.0
state,Manipur,ssp585,2060-2080,txx_annual_max,16,16,100.0
state,Manipur,ssp585,2060-2080,tn90p_warm_nights_pct,16,16,100.0
state,Manipur,ssp585,2060-2080,hwa_heatwave_amplitude,16,16,100.0
state,Manipur,ssp585,2060-2080,txge30_hot_days,16,16,100.0
state,Manipur,ssp585,2060-2080,txge35_extreme_heat_days,16,16,100.0
state,Manipur,ssp585,2060-2080,tasmin_tropical_nights_gt25,16,16,100.0
state,Manipur,ssp585,2060-2080,hwfi_tmean_90p,16,16,100.0
state,Manipur,ssp585,2060-2080,hwfi_events_tmean_90p,16,16,100.0
state,Manipur,ssp585,2060-2080,wsdi_warm_spell_days,16,16,100.0
state,Manipur,ssp585,2060-2080,tnx_annual_max,16,16,100.0
state,Manipur,ssp585,2060-2080,tx90p_hot_days_pct,16,16,100.0
state,Meghalaya,historical,1990-2010,tas_annual_mean,12,12,100.0
state,Meghalaya,historical,1990-2010,tasmax_summer_mean,12,12,100.0
state,Meghalaya,historical,1990-2010,tas_summer_mean,12,12,100.0
state,Meghalaya,historical,1990-2010,txx_annual_max,12,12,100.0
state,Meghalaya,historical,1990-2010,tn90p_warm_nights_pct,12,12,100.0
state,Meghalaya,historical,1990-2010,hwa_heatwave_amplitude,12,12,100.0
state,Meghalaya,historical,1990-2010,txge30_hot_days,12,12,100.0
state,Meghalaya,historical,1990-2010,txge35_extreme_heat_days,12,12,100.0
state,Meghalaya,historical,1990-2010,tasmin_tropical_nights_gt25,12,12,100.0
state,Meghalaya,historical,1990-2010,hwfi_tmean_90p,12,12,100.0
state,Meghalaya,historical,1990-2010,hwfi_events_tmean_90p,12,12,100.0
state,Meghalaya,historical,1990-2010,wsdi_warm_spell_days,12,12,100.0
state,Meghalaya,historical,1990-2010,tnx_annual_max,12,12,100.0
state,Meghalaya,historical,1990-2010,tx90p_hot_days_pct,12,12,100.0
state,Meghalaya,ssp245,2020-2040,tas_annual_mean,12,12,100.0
state,Meghalaya,ssp245,2020-2040,tasmax_summer_mean,12,12,100.0
state,Meghalaya,ssp245,2020-2040,tas_summer_mean,12,12,100.0
state,Meghalaya,ssp245,2020-2040,txx_annual_max,12,12,100.0
state,Meghalaya,ssp245,2020-2040,tn90p_warm_nights_pct,12,12,100.0
state,Meghalaya,ssp245,2020-2040,hwa_heatwave_amplitude,12,12,100.0
state,Meghalaya,ssp245,2020-2040,txge30_hot_days,12,12,100.0
state,Meghalaya,ssp245,2020-2040,txge35_extreme_heat_days,12,12,100.0
state,Meghalaya,ssp245,2020-2040,tasmin_tropical_nights_gt25,12,12,100.0
state,Meghalaya,ssp245,2020-2040,hwfi_tmean_90p,12,12,100.0
state,Meghalaya,ssp245,2020-2040,hwfi_events_tmean_90p,12,12,100.0
state,Meghalaya,ssp245,2020-2040,wsdi_warm_spell_days,12,12,100.0
state,Meghalaya,ssp245,2020-2040,tnx_annual_max,12,12,100.0
state,Meghalaya,ssp245,2020-2040,tx90p_hot_days_pct,12,12,100.0
state,Meghalaya,ssp245,2040-2060,tas_annual_mean,12,12,100.0
state,Meghalaya,ssp245,2040-2060,tasmax_summer_mean,12,12,100.0
state,Meghalaya,ssp245,2040-2060,tas_summer_mean,12,12,100.0
state,Meghalaya,ssp245,2040-2060,txx_annual_max,12,12,100.0
state,Meghalaya,ssp245,2040-2060,tn90p_warm_nights_pct,12,12,100.0
state,Meghalaya,ssp245,2040-2060,hwa_heatwave_amplitude,12,12,100.0
state,Meghalaya,ssp245,2040-2060,txge30_hot_days,12,12,100.0
state,Meghalaya,ssp245,2040-2060,txge35_extreme_heat_days,12,12,100.0
state,Meghalaya,ssp245,2040-2060,tasmin_tropical_nights_gt25,12,12,100.0
state,Meghalaya,ssp245,2040-2060,hwfi_tmean_90p,12,12,100.0
state,Meghalaya,ssp245,2040-2060,hwfi_events_tmean_90p,12,12,100.0
state,Meghalaya,ssp245,2040-2060,wsdi_warm_spell_days,12,12,100.0
state,Meghalaya,ssp245,2040-2060,tnx_annual_max,12,12,100.0
state,Meghalaya,ssp245,2040-2060,tx90p_hot_days_pct,12,12,100.0
state,Meghalaya,ssp245,2060-2080,tas_annual_mean,12,12,100.0
state,Meghalaya,ssp245,2060-2080,tasmax_summer_mean,12,12,100.0
state,Meghalaya,ssp245,2060-2080,tas_summer_mean,12,12,100.0
state,Meghalaya,ssp245,2060-2080,txx_annual_max,12,12,100.0
state,Meghalaya,ssp245,2060-2080,tn90p_warm_nights_pct,12,12,100.0
state,Meghalaya,ssp245,2060-2080,hwa_heatwave_amplitude,12,12,100.0
state,Meghalaya,ssp245,2060-2080,txge30_hot_days,12,12,100.0
state,Meghalaya,ssp245,2060-2080,txge35_extreme_heat_days,12,12,100.0
state,Meghalaya,ssp245,2060-2080,tasmin_tropical_nights_gt25,12,12,100.0
state,Meghalaya,ssp245,2060-2080,hwfi_tmean_90p,12,12,100.0
state,Meghalaya,ssp245,2060-2080,hwfi_events_tmean_90p,12,12,100.0
state,Meghalaya,ssp245,2060-2080,wsdi_warm_spell_days,12,12,100.0
state,Meghalaya,ssp245,2060-2080,tnx_annual_max,12,12,100.0
state,Meghalaya,ssp245,2060-2080,tx90p_hot_days_pct,12,12,100.0
state,Meghalaya,ssp585,2020-2040,tas_annual_mean,12,12,100.0
state,Meghalaya,ssp585,2020-2040,tasmax_summer_mean,12,12,100.0
state,Meghalaya,ssp585,2020-2040,tas_summer_mean,12,12,100.0
state,Meghalaya,ssp585,2020-2040,txx_annual_max,12,12,100.0
state,Meghalaya,ssp585,2020-2040,tn90p_warm_nights_pct,12,12,100.0
state,Meghalaya,ssp585,2020-2040,hwa_heatwave_amplitude,12,12,100.0
state,Meghalaya,ssp585,2020-2040,txge30_hot_days,12,12,100.0
state,Meghalaya,ssp585,2020-2040,txge35_extreme_heat_days,12,12,100.0
state,Meghalaya,ssp585,2020-2040,tasmin_tropical_nights_gt25,12,12,100.0
state,Meghalaya,ssp585,2020-2040,hwfi_tmean_90p,12,12,100.0
state,Meghalaya,ssp585,2020-2040,hwfi_events_tmean_90p,12,12,100.0
state,Meghalaya,ssp585,2020-2040,wsdi_warm_spell_days,12,12,100.0
state,Meghalaya,ssp585,2020-2040,tnx_annual_max,12,12,100.0
state,Meghalaya,ssp585,2020-2040,tx90p_hot_days_pct,12,12,100.0
state,Meghalaya,ssp585,2040-2060,tas_annual_mean,12,12,100.0
state,Meghalaya,ssp585,2040-2060,tasmax_summer_mean,12,12,100.0
state,Meghalaya,ssp585,2040-2060,tas_summer_mean,12,12,100.0
state,Meghalaya,ssp585,2040-2060,txx_annual_max,12,12,100.0
state,Meghalaya,ssp585,2040-2060,tn90p_warm_nights_pct,12,12,100.0
state,Meghalaya,ssp585,2040-2060,hwa_heatwave_amplitude,12,12,100.0
state,Meghalaya,ssp585,2040-2060,txge30_hot_days,12,12,100.0
state,Meghalaya,ssp585,2040-2060,txge35_extreme_heat_days,12,12,100.0
state,Meghalaya,ssp585,2040-2060,tasmin_tropical_nights_gt25,12,12,100.0
state,Meghalaya,ssp585,2040-2060,hwfi_tmean_90p,12,12,100.0
state,Meghalaya,ssp585,2040-2060,hwfi_events_tmean_90p,12,12,100.0
state,Meghalaya,ssp585,2040-2060,wsdi_warm_spell_days,12,12,100.0
state,Meghalaya,ssp585,2040-2060,tnx_annual_max,12,12,100.0
state,Meghalaya,ssp585,2040-2060,tx90p_hot_days_pct,12,12,100.0
state,Meghalaya,ssp585,2060-2080,tas_annual_mean,12,12,100.0
state,Meghalaya,ssp585,2060-2080,tasmax_summer_mean,12,12,100.0
state,Meghalaya,ssp585,2060-2080,tas_summer_mean,12,12,100.0
state,Meghalaya,ssp585,2060-2080,txx_annual_max,12,12,100.0
state,Meghalaya,ssp585,2060-2080,tn90p_warm_nights_pct,12,12,100.0
state,Meghalaya,ssp585,2060-2080,hwa_heatwave_amplitude,12,12,100.0
state,Meghalaya,ssp585,2060-2080,txge30_hot_days,12,12,100.0
state,Meghalaya,ssp585,2060-2080,txge35_extreme_heat_days,12,12,100.0
state,Meghalaya,ssp585,2060-2080,tasmin_tropical_nights_gt25,12,12,100.0
state,Meghalaya,ssp585,2060-2080,hwfi_tmean_90p,12,12,100.0
state,Meghalaya,ssp585,2060-2080,hwfi_events_tmean_90p,12,12,100.0
state,Meghalaya,ssp585,2060-2080,wsdi_warm_spell_days,12,12,100.0
state,Meghalaya,ssp585,2060-2080,tnx_annual_max,12,12,100.0
state,Meghalaya,ssp585,2060-2080,tx90p_hot_days_pct,12,12,100.0
state,Mizoram,historical,1990-2010,tas_annual_mean,11,11,100.0
state,Mizoram,historical,1990-2010,tasmax_summer_mean,11,11,100.0
state,Mizoram,historical,1990-2010,tas_summer_mean,11,11,100.0
state,Mizoram,historical,1990-2010,txx_annual_max,11,11,100.0
state,Mizoram,historical,1990-2010,tn90p_warm_nights_pct,11,11,100.0
state,Mizoram,historical,1990-2010,hwa_heatwave_amplitude,11,11,100.0
state,Mizoram,historical,1990-2010,txge30_hot_days,11,11,100.0
state,Mizoram,historical,1990-2010,txge35_extreme_heat_days,11,11,100.0
state,Mizoram,historical,1990-2010,tasmin_tropical_nights_gt25,11,11,100.0
state,Mizoram,historical,1990-2010,hwfi_tmean_90p,11,11,100.0
state,Mizoram,historical,1990-2010,hwfi_events_tmean_90p,11,11,100.0
state,Mizoram,historical,1990-2010,wsdi_warm_spell_days,11,11,100.0
state,Mizoram,historical,1990-2010,tnx_annual_max,11,11,100.0
state,Mizoram,historical,1990-2010,tx90p_hot_days_pct,11,11,100.0
state,Mizoram,ssp245,2020-2040,tas_annual_mean,11,11,100.0
state,Mizoram,ssp245,2020-2040,tasmax_summer_mean,11,11,100.0
state,Mizoram,ssp245,2020-2040,tas_summer_mean,11,11,100.0
state,Mizoram,ssp245,2020-2040,txx_annual_max,11,11,100.0
state,Mizoram,ssp245,2020-2040,tn90p_warm_nights_pct,11,11,100.0
state,Mizoram,ssp245,2020-2040,hwa_heatwave_amplitude,11,11,100.0
state,Mizoram,ssp245,2020-2040,txge30_hot_days,11,11,100.0
state,Mizoram,ssp245,2020-2040,txge35_extreme_heat_days,11,11,100.0
state,Mizoram,ssp245,2020-2040,tasmin_tropical_nights_gt25,11,11,100.0
state,Mizoram,ssp245,2020-2040,hwfi_tmean_90p,11,11,100.0
state,Mizoram,ssp245,2020-2040,hwfi_events_tmean_90p,11,11,100.0
state,Mizoram,ssp245,2020-2040,wsdi_warm_spell_days,11,11,100.0
state,Mizoram,ssp245,2020-2040,tnx_annual_max,11,11,100.0
state,Mizoram,ssp245,2020-2040,tx90p_hot_days_pct,11,11,100.0
state,Mizoram,ssp245,2040-2060,tas_annual_mean,11,11,100.0
state,Mizoram,ssp245,2040-2060,tasmax_summer_mean,11,11,100.0
state,Mizoram,ssp245,2040-2060,tas_summer_mean,11,11,100.0
state,Mizoram,ssp245,2040-2060,txx_annual_max,11,11,100.0
state,Mizoram,ssp245,2040-2060,tn90p_warm_nights_pct,11,11,100.0
state,Mizoram,ssp245,2040-2060,hwa_heatwave_amplitude,11,11,100.0
state,Mizoram,ssp245,2040-2060,txge30_hot_days,11,11,100.0
state,Mizoram,ssp245,2040-2060,txge35_extreme_heat_days,11,11,100.0
state,Mizoram,ssp245,2040-2060,tasmin_tropical_nights_gt25,11,11,100.0
state,Mizoram,ssp245,2040-2060,hwfi_tmean_90p,11,11,100.0
state,Mizoram,ssp245,2040-2060,hwfi_events_tmean_90p,11,11,100.0
state,Mizoram,ssp245,2040-2060,wsdi_warm_spell_days,11,11,100.0
state,Mizoram,ssp245,2040-2060,tnx_annual_max,11,11,100.0
state,Mizoram,ssp245,2040-2060,tx90p_hot_days_pct,11,11,100.0
state,Mizoram,ssp245,2060-2080,tas_annual_mean,11,11,100.0
state,Mizoram,ssp245,2060-2080,tasmax_summer_mean,11,11,100.0
state,Mizoram,ssp245,2060-2080,tas_summer_mean,11,11,100.0
state,Mizoram,ssp245,2060-2080,txx_annual_max,11,11,100.0
state,Mizoram,ssp245,2060-2080,tn90p_warm_nights_pct,11,11,100.0
state,Mizoram,ssp245,2060-2080,hwa_heatwave_amplitude,11,11,100.0
state,Mizoram,ssp245,2060-2080,txge30_hot_days,11,11,100.0
state,Mizoram,ssp245,2060-2080,txge35_extreme_heat_days,11,11,100.0
state,Mizoram,ssp245,2060-2080,tasmin_tropical_nights_gt25,11,11,100.0
state,Mizoram,ssp245,2060-2080,hwfi_tmean_90p,11,11,100.0
state,Mizoram,ssp245,2060-2080,hwfi_events_tmean_90p,11,11,100.0
state,Mizoram,ssp245,2060-2080,wsdi_warm_spell_days,11,11,100.0
state,Mizoram,ssp245,2060-2080,tnx_annual_max,11,11,100.0
state,Mizoram,ssp245,2060-2080,tx90p_hot_days_pct,11,11,100.0
state,Mizoram,ssp585,2020-2040,tas_annual_mean,11,11,100.0
state,Mizoram,ssp585,2020-2040,tasmax_summer_mean,11,11,100.0
state,Mizoram,ssp585,2020-2040,tas_summer_mean,11,11,100.0
state,Mizoram,ssp585,2020-2040,txx_annual_max,11,11,100.0
state,Mizoram,ssp585,2020-2040,tn90p_warm_nights_pct,11,11,100.0
state,Mizoram,ssp585,2020-2040,hwa_heatwave_amplitude,11,11,100.0
state,Mizoram,ssp585,2020-2040,txge30_hot_days,11,11,100.0
state,Mizoram,ssp585,2020-2040,txge35_extreme_heat_days,11,11,100.0
state,Mizoram,ssp585,2020-2040,tasmin_tropical_nights_gt25,11,11,100.0
state,Mizoram,ssp585,2020-2040,hwfi_tmean_90p,11,11,100.0
state,Mizoram,ssp585,2020-2040,hwfi_events_tmean_90p,11,11,100.0
state,Mizoram,ssp585,2020-2040,wsdi_warm_spell_days,11,11,100.0
state,Mizoram,ssp585,2020-2040,tnx_annual_max,11,11,100.0
state,Mizoram,ssp585,2020-2040,tx90p_hot_days_pct,11,11,100.0
state,Mizoram,ssp585,2040-2060,tas_annual_mean,11,11,100.0
state,Mizoram,ssp585,2040-2060,tasmax_summer_mean,11,11,100.0
state,Mizoram,ssp585,2040-2060,tas_summer_mean,11,11,100.0
state,Mizoram,ssp585,2040-2060,txx_annual_max,11,11,100.0
state,Mizoram,ssp585,2040-2060,tn90p_warm_nights_pct,11,11,100.0
state,Mizoram,ssp585,2040-2060,hwa_heatwave_amplitude,11,11,100.0
state,Mizoram,ssp585,2040-2060,txge30_hot_days,11,11,100.0
state,Mizoram,ssp585,2040-2060,txge35_extreme_heat_days,11,11,100.0
state,Mizoram,ssp585,2040-2060,tasmin_tropical_nights_gt25,11,11,100.0
state,Mizoram,ssp585,2040-2060,hwfi_tmean_90p,11,11,100.0
state,Mizoram,ssp585,2040-2060,hwfi_events_tmean_90p,11,11,100.0
state,Mizoram,ssp585,2040-2060,wsdi_warm_spell_days,11,11,100.0
state,Mizoram,ssp585,2040-2060,tnx_annual_max,11,11,100.0
state,Mizoram,ssp585,2040-2060,tx90p_hot_days_pct,11,11,100.0
state,Mizoram,ssp585,2060-2080,tas_annual_mean,11,11,100.0
state,Mizoram,ssp585,2060-2080,tasmax_summer_mean,11,11,100.0
state,Mizoram,ssp585,2060-2080,tas_summer_mean,11,11,100.0
state,Mizoram,ssp585,2060-2080,txx_annual_max,11,11,100.0
state,Mizoram,ssp585,2060-2080,tn90p_warm_nights_pct,11,11,100.0
state,Mizoram,ssp585,2060-2080,hwa_heatwave_amplitude,11,11,100.0
state,Mizoram,ssp585,2060-2080,txge30_hot_days,11,11,100.0
state,Mizoram,ssp585,2060-2080,txge35_extreme_heat_days,11,11,100.0
state,Mizoram,ssp585,2060-2080,tasmin_tropical_nights_gt25,11,11,100.0
state,Mizoram,ssp585,2060-2080,hwfi_tmean_90p,11,11,100.0
state,Mizoram,ssp585,2060-2080,hwfi_events_tmean_90p,11,11,100.0
state,Mizoram,ssp585,2060-2080,wsdi_warm_spell_days,11,11,100.0
state,Mizoram,ssp585,2060-2080,tnx_annual_max,11,11,100.0
state,Mizoram,ssp585,2060-2080,tx90p_hot_days_pct,11,11,100.0
state,Nagaland,historical,1990-2010,tas_annual_mean,16,16,100.0
state,Nagaland,historical,1990-2010,tasmax_summer_mean,16,16,100.0
state,Nagaland,historical,1990-2010,tas_summer_mean,16,16,100.0
state,Nagaland,historical,1990-2010,txx_annual_max,16,16,100.0
state,Nagaland,historical,1990-2010,tn90p_warm_nights_pct,16,16,100.0
state,Nagaland,historical,1990-2010,hwa_heatwave_amplitude,16,16,100.0
state,Nagaland,historical,1990-2010,txge30_hot_days,16,16,100.0
state,Nagaland,historical,1990-2010,txge35_extreme_heat_days,16,16,100.0
state,Nagaland,historical,1990-2010,tasmin_tropical_nights_gt25,16,16,100.0
state,Nagaland,historical,1990-2010,hwfi_tmean_90p,16,16,100.0
state,Nagaland,historical,1990-2010,hwfi_events_tmean_90p,16,16,100.0
state,Nagaland,historical,1990-2010,wsdi_warm_spell_days,16,16,100.0
state,Nagaland,historical,1990-2010,tnx_annual_max,16,16,100.0
state,Nagaland,historical,1990-2010,tx90p_hot_days_pct,16,16,100.0
state,Nagaland,ssp245,2020-2040,tas_annual_mean,16,16,100.0
state,Nagaland,ssp245,2020-2040,tasmax_summer_mean,16,16,100.0
state,Nagaland,ssp245,2020-2040,tas_summer_mean,16,16,100.0
state,Nagaland,ssp245,2020-2040,txx_annual_max,16,16,100.0
state,Nagaland,ssp245,2020-2040,tn90p_warm_nights_pct,16,16,100.0
state,Nagaland,ssp245,2020-2040,hwa_heatwave_amplitude,16,16,100.0
state,Nagaland,ssp245,2020-2040,txge30_hot_days,16,16,100.0
state,Nagaland,ssp245,2020-2040,txge35_extreme_heat_days,16,16,100.0
state,Nagaland,ssp245,2020-2040,tasmin_tropical_nights_gt25,16,16,100.0
state,Nagaland,ssp245,2020-2040,hwfi_tmean_90p,16,16,100.0
state,Nagaland,ssp245,2020-2040,hwfi_events_tmean_90p,16,16,100.0
state,Nagaland,ssp245,2020-2040,wsdi_warm_spell_days,16,16,100.0
state,Nagaland,ssp245,2020-2040,tnx_annual_max,16,16,100.0
state,Nagaland,ssp245,2020-2040,tx90p_hot_days_pct,16,16,100.0
state,Nagaland,ssp245,2040-2060,tas_annual_mean,16,16,100.0
state,Nagaland,ssp245,2040-2060,tasmax_summer_mean,16,16,100.0
state,Nagaland,ssp245,2040-2060,tas_summer_mean,16,16,100.0
state,Nagaland,ssp245,2040-2060,txx_annual_max,16,16,100.0
state,Nagaland,ssp245,2040-2060,tn90p_warm_nights_pct,16,16,100.0
state,Nagaland,ssp245,2040-2060,hwa_heatwave_amplitude,16,16,100.0
state,Nagaland,ssp245,2040-2060,txge30_hot_days,16,16,100.0
state,Nagaland,ssp245,2040-2060,txge35_extreme_heat_days,16,16,100.0
state,Nagaland,ssp245,2040-2060,tasmin_tropical_nights_gt25,16,16,100.0
state,Nagaland,ssp245,2040-2060,hwfi_tmean_90p,16,16,100.0
state,Nagaland,ssp245,2040-2060,hwfi_events_tmean_90p,16,16,100.0
state,Nagaland,ssp245,2040-2060,wsdi_warm_spell_days,16,16,100.0
state,Nagaland,ssp245,2040-2060,tnx_annual_max,16,16,100.0
state,Nagaland,ssp245,2040-2060,tx90p_hot_days_pct,16,16,100.0
state,Nagaland,ssp245,2060-2080,tas_annual_mean,16,16,100.0
state,Nagaland,ssp245,2060-2080,tasmax_summer_mean,16,16,100.0
state,Nagaland,ssp245,2060-2080,tas_summer_mean,16,16,100.0
state,Nagaland,ssp245,2060-2080,txx_annual_max,16,16,100.0
state,Nagaland,ssp245,2060-2080,tn90p_warm_nights_pct,16,16,100.0
state,Nagaland,ssp245,2060-2080,hwa_heatwave_amplitude,16,16,100.0
state,Nagaland,ssp245,2060-2080,txge30_hot_days,16,16,100.0
state,Nagaland,ssp245,2060-2080,txge35_extreme_heat_days,16,16,100.0
state,Nagaland,ssp245,2060-2080,tasmin_tropical_nights_gt25,16,16,100.0
state,Nagaland,ssp245,2060-2080,hwfi_tmean_90p,16,16,100.0
state,Nagaland,ssp245,2060-2080,hwfi_events_tmean_90p,16,16,100.0
state,Nagaland,ssp245,2060-2080,wsdi_warm_spell_days,16,16,100.0
state,Nagaland,ssp245,2060-2080,tnx_annual_max,16,16,100.0
state,Nagaland,ssp245,2060-2080,tx90p_hot_days_pct,16,16,100.0
state,Nagaland,ssp585,2020-2040,tas_annual_mean,16,16,100.0
state,Nagaland,ssp585,2020-2040,tasmax_summer_mean,16,16,100.0
state,Nagaland,ssp585,2020-2040,tas_summer_mean,16,16,100.0
state,Nagaland,ssp585,2020-2040,txx_annual_max,16,16,100.0
state,Nagaland,ssp585,2020-2040,tn90p_warm_nights_pct,16,16,100.0
state,Nagaland,ssp585,2020-2040,hwa_heatwave_amplitude,16,16,100.0
state,Nagaland,ssp585,2020-2040,txge30_hot_days,16,16,100.0
state,Nagaland,ssp585,2020-2040,txge35_extreme_heat_days,16,16,100.0
state,Nagaland,ssp585,2020-2040,tasmin_tropical_nights_gt25,16,16,100.0
state,Nagaland,ssp585,2020-2040,hwfi_tmean_90p,16,16,100.0
state,Nagaland,ssp585,2020-2040,hwfi_events_tmean_90p,16,16,100.0
state,Nagaland,ssp585,2020-2040,wsdi_warm_spell_days,16,16,100.0
state,Nagaland,ssp585,2020-2040,tnx_annual_max,16,16,100.0
state,Nagaland,ssp585,2020-2040,tx90p_hot_days_pct,16,16,100.0
state,Nagaland,ssp585,2040-2060,tas_annual_mean,16,16,100.0
state,Nagaland,ssp585,2040-2060,tasmax_summer_mean,16,16,100.0
state,Nagaland,ssp585,2040-2060,tas_summer_mean,16,16,100.0
state,Nagaland,ssp585,2040-2060,txx_annual_max,16,16,100.0
state,Nagaland,ssp585,2040-2060,tn90p_warm_nights_pct,16,16,100.0
state,Nagaland,ssp585,2040-2060,hwa_heatwave_amplitude,16,16,100.0
state,Nagaland,ssp585,2040-2060,txge30_hot_days,16,16,100.0
state,Nagaland,ssp585,2040-2060,txge35_extreme_heat_days,16,16,100.0
state,Nagaland,ssp585,2040-2060,tasmin_tropical_nights_gt25,16,16,100.0
state,Nagaland,ssp585,2040-2060,hwfi_tmean_90p,16,16,100.0
state,Nagaland,ssp585,2040-2060,hwfi_events_tmean_90p,16,16,100.0
state,Nagaland,ssp585,2040-2060,wsdi_warm_spell_days,16,16,100.0
state,Nagaland,ssp585,2040-2060,tnx_annual_max,16,16,100.0
state,Nagaland,ssp585,2040-2060,tx90p_hot_days_pct,16,16,100.0
state,Nagaland,ssp585,2060-2080,tas_annual_mean,16,16,100.0
state,Nagaland,ssp585,2060-2080,tasmax_summer_mean,16,16,100.0
state,Nagaland,ssp585,2060-2080,tas_summer_mean,16,16,100.0
state,Nagaland,ssp585,2060-2080,txx_annual_max,16,16,100.0
state,Nagaland,ssp585,2060-2080,tn90p_warm_nights_pct,16,16,100.0
state,Nagaland,ssp585,2060-2080,hwa_heatwave_amplitude,16,16,100.0
state,Nagaland,ssp585,2060-2080,txge30_hot_days,16,16,100.0
state,Nagaland,ssp585,2060-2080,txge35_extreme_heat_days,16,16,100.0
state,Nagaland,ssp585,2060-2080,tasmin_tropical_nights_gt25,16,16,100.0
state,Nagaland,ssp585,2060-2080,hwfi_tmean_90p,16,16,100.0
state,Nagaland,ssp585,2060-2080,hwfi_events_tmean_90p,16,16,100.0
state,Nagaland,ssp585,2060-2080,wsdi_warm_spell_days,16,16,100.0
state,Nagaland,ssp585,2060-2080,tnx_annual_max,16,16,100.0
state,Nagaland,ssp585,2060-2080,tx90p_hot_days_pct,16,16,100.0
state,Odisha,historical,1990-2010,tas_annual_mean,30,30,100.0
state,Odisha,historical,1990-2010,tasmax_summer_mean,30,30,100.0
state,Odisha,historical,1990-2010,tas_summer_mean,30,30,100.0
state,Odisha,historical,1990-2010,txx_annual_max,30,30,100.0
state,Odisha,historical,1990-2010,tn90p_warm_nights_pct,30,30,100.0
state,Odisha,historical,1990-2010,hwa_heatwave_amplitude,30,30,100.0
state,Odisha,historical,1990-2010,txge30_hot_days,30,30,100.0
state,Odisha,historical,1990-2010,txge35_extreme_heat_days,30,30,100.0
state,Odisha,historical,1990-2010,tasmin_tropical_nights_gt25,30,30,100.0
state,Odisha,historical,1990-2010,hwfi_tmean_90p,30,30,100.0
state,Odisha,historical,1990-2010,hwfi_events_tmean_90p,30,30,100.0
state,Odisha,historical,1990-2010,wsdi_warm_spell_days,30,30,100.0
state,Odisha,historical,1990-2010,tnx_annual_max,30,30,100.0
state,Odisha,historical,1990-2010,tx90p_hot_days_pct,30,30,100.0
state,Odisha,ssp245,2020-2040,tas_annual_mean,30,30,100.0
state,Odisha,ssp245,2020-2040,tasmax_summer_mean,30,30,100.0
state,Odisha,ssp245,2020-2040,tas_summer_mean,30,30,100.0
state,Odisha,ssp245,2020-2040,txx_annual_max,30,30,100.0
state,Odisha,ssp245,2020-2040,tn90p_warm_nights_pct,30,30,100.0
state,Odisha,ssp245,2020-2040,hwa_heatwave_amplitude,30,30,100.0
state,Odisha,ssp245,2020-2040,txge30_hot_days,30,30,100.0
state,Odisha,ssp245,2020-2040,txge35_extreme_heat_days,30,30,100.0
state,Odisha,ssp245,2020-2040,tasmin_tropical_nights_gt25,30,30,100.0
state,Odisha,ssp245,2020-2040,hwfi_tmean_90p,30,30,100.0
state,Odisha,ssp245,2020-2040,hwfi_events_tmean_90p,30,30,100.0
state,Odisha,ssp245,2020-2040,wsdi_warm_spell_days,30,30,100.0
state,Odisha,ssp245,2020-2040,tnx_annual_max,30,30,100.0
state,Odisha,ssp245,2020-2040,tx90p_hot_days_pct,30,30,100.0
state,Odisha,ssp245,2040-2060,tas_annual_mean,30,30,100.0
state,Odisha,ssp245,2040-2060,tasmax_summer_mean,30,30,100.0
state,Odisha,ssp245,2040-2060,tas_summer_mean,30,30,100.0
state,Odisha,ssp245,2040-2060,txx_annual_max,30,30,100.0
state,Odisha,ssp245,2040-2060,tn90p_warm_nights_pct,30,30,100.0
state,Odisha,ssp245,2040-2060,hwa_heatwave_amplitude,30,30,100.0
state,Odisha,ssp245,2040-2060,txge30_hot_days,30,30,100.0
state,Odisha,ssp245,2040-2060,txge35_extreme_heat_days,30,30,100.0
state,Odisha,ssp245,2040-2060,tasmin_tropical_nights_gt25,30,30,100.0
state,Odisha,ssp245,2040-2060,hwfi_tmean_90p,30,30,100.0
state,Odisha,ssp245,2040-2060,hwfi_events_tmean_90p,30,30,100.0
state,Odisha,ssp245,2040-2060,wsdi_warm_spell_days,30,30,100.0
state,Odisha,ssp245,2040-2060,tnx_annual_max,30,30,100.0
state,Odisha,ssp245,2040-2060,tx90p_hot_days_pct,30,30,100.0
state,Odisha,ssp245,2060-2080,tas_annual_mean,30,30,100.0
state,Odisha,ssp245,2060-2080,tasmax_summer_mean,30,30,100.0
state,Odisha,ssp245,2060-2080,tas_summer_mean,30,30,100.0
state,Odisha,ssp245,2060-2080,txx_annual_max,30,30,100.0
state,Odisha,ssp245,2060-2080,tn90p_warm_nights_pct,30,30,100.0
state,Odisha,ssp245,2060-2080,hwa_heatwave_amplitude,30,30,100.0
state,Odisha,ssp245,2060-2080,txge30_hot_days,30,30,100.0
state,Odisha,ssp245,2060-2080,txge35_extreme_heat_days,30,30,100.0
state,Odisha,ssp245,2060-2080,tasmin_tropical_nights_gt25,30,30,100.0
state,Odisha,ssp245,2060-2080,hwfi_tmean_90p,30,30,100.0
state,Odisha,ssp245,2060-2080,hwfi_events_tmean_90p,30,30,100.0
state,Odisha,ssp245,2060-2080,wsdi_warm_spell_days,30,30,100.0
state,Odisha,ssp245,2060-2080,tnx_annual_max,30,30,100.0
state,Odisha,ssp245,2060-2080,tx90p_hot_days_pct,30,30,100.0
state,Odisha,ssp585,2020-2040,tas_annual_mean,30,30,100.0
state,Odisha,ssp585,2020-2040,tasmax_summer_mean,30,30,100.0
state,Odisha,ssp585,2020-2040,tas_summer_mean,30,30,100.0
state,Odisha,ssp585,2020-2040,txx_annual_max,30,30,100.0
state,Odisha,ssp585,2020-2040,tn90p_warm_nights_pct,30,30,100.0
state,Odisha,ssp585,2020-2040,hwa_heatwave_amplitude,30,30,100.0
state,Odisha,ssp585,2020-2040,txge30_hot_days,30,30,100.0
state,Odisha,ssp585,2020-2040,txge35_extreme_heat_days,30,30,100.0
state,Odisha,ssp585,2020-2040,tasmin_tropical_nights_gt25,30,30,100.0
state,Odisha,ssp585,2020-2040,hwfi_tmean_90p,30,30,100.0
state,Odisha,ssp585,2020-2040,hwfi_events_tmean_90p,30,30,100.0
state,Odisha,ssp585,2020-2040,wsdi_warm_spell_days,30,30,100.0
state,Odisha,ssp585,2020-2040,tnx_annual_max,30,30,100.0
state,Odisha,ssp585,2020-2040,tx90p_hot_days_pct,30,30,100.0
state,Odisha,ssp585,2040-2060,tas_annual_mean,30,30,100.0
state,Odisha,ssp585,2040-2060,tasmax_summer_mean,30,30,100.0
state,Odisha,ssp585,2040-2060,tas_summer_mean,30,30,100.0
state,Odisha,ssp585,2040-2060,txx_annual_max,30,30,100.0
state,Odisha,ssp585,2040-2060,tn90p_warm_nights_pct,30,30,100.0
state,Odisha,ssp585,2040-2060,hwa_heatwave_amplitude,30,30,100.0
state,Odisha,ssp585,2040-2060,txge30_hot_days,30,30,100.0
state,Odisha,ssp585,2040-2060,txge35_extreme_heat_days,30,30,100.0
state,Odisha,ssp585,2040-2060,tasmin_tropical_nights_gt25,30,30,100.0
state,Odisha,ssp585,2040-2060,hwfi_tmean_90p,30,30,100.0
state,Odisha,ssp585,2040-2060,hwfi_events_tmean_90p,30,30,100.0
state,Odisha,ssp585,2040-2060,wsdi_warm_spell_days,30,30,100.0
state,Odisha,ssp585,2040-2060,tnx_annual_max,30,30,100.0
state,Odisha,ssp585,2040-2060,tx90p_hot_days_pct,30,30,100.0
state,Odisha,ssp585,2060-2080,tas_annual_mean,30,30,100.0
state,Odisha,ssp585,2060-2080,tasmax_summer_mean,30,30,100.0
state,Odisha,ssp585,2060-2080,tas_summer_mean,30,30,100.0
state,Odisha,ssp585,2060-2080,txx_annual_max,30,30,100.0
state,Odisha,ssp585,2060-2080,tn90p_warm_nights_pct,30,30,100.0
state,Odisha,ssp585,2060-2080,hwa_heatwave_amplitude,30,30,100.0
state,Odisha,ssp585,2060-2080,txge30_hot_days,30,30,100.0
state,Odisha,ssp585,2060-2080,txge35_extreme_heat_days,30,30,100.0
state,Odisha,ssp585,2060-2080,tasmin_tropical_nights_gt25,30,30,100.0
state,Odisha,ssp585,2060-2080,hwfi_tmean_90p,30,30,100.0
state,Odisha,ssp585,2060-2080,hwfi_events_tmean_90p,30,30,100.0
state,Odisha,ssp585,2060-2080,wsdi_warm_spell_days,30,30,100.0
state,Odisha,ssp585,2060-2080,tnx_annual_max,30,30,100.0
state,Odisha,ssp585,2060-2080,tx90p_hot_days_pct,30,30,100.0
state,Puducherry,historical,1990-2010,tas_annual_mean,4,4,100.0
state,Puducherry,historical,1990-2010,tasmax_summer_mean,4,4,100.0
state,Puducherry,historical,1990-2010,tas_summer_mean,4,4,100.0
state,Puducherry,historical,1990-2010,txx_annual_max,4,4,100.0
state,Puducherry,historical,1990-2010,tn90p_warm_nights_pct,4,4,100.0
state,Puducherry,historical,1990-2010,hwa_heatwave_amplitude,4,4,100.0
state,Puducherry,historical,1990-2010,txge30_hot_days,4,4,100.0
state,Puducherry,historical,1990-2010,txge35_extreme_heat_days,4,4,100.0
state,Puducherry,historical,1990-2010,tasmin_tropical_nights_gt25,4,4,100.0
state,Puducherry,historical,1990-2010,hwfi_tmean_90p,4,4,100.0
state,Puducherry,historical,1990-2010,hwfi_events_tmean_90p,4,4,100.0
state,Puducherry,historical,1990-2010,wsdi_warm_spell_days,4,4,100.0
state,Puducherry,historical,1990-2010,tnx_annual_max,4,4,100.0
state,Puducherry,historical,1990-2010,tx90p_hot_days_pct,4,4,100.0
state,Puducherry,ssp245,2020-2040,tas_annual_mean,4,4,100.0
state,Puducherry,ssp245,2020-2040,tasmax_summer_mean,4,4,100.0
state,Puducherry,ssp245,2020-2040,tas_summer_mean,4,4,100.0
state,Puducherry,ssp245,2020-2040,txx_annual_max,4,4,100.0
state,Puducherry,ssp245,2020-2040,tn90p_warm_nights_pct,4,4,100.0
state,Puducherry,ssp245,2020-2040,hwa_heatwave_amplitude,4,4,100.0
state,Puducherry,ssp245,2020-2040,txge30_hot_days,4,4,100.0
state,Puducherry,ssp245,2020-2040,txge35_extreme_heat_days,4,4,100.0
state,Puducherry,ssp245,2020-2040,tasmin_tropical_nights_gt25,4,4,100.0
state,Puducherry,ssp245,2020-2040,hwfi_tmean_90p,4,4,100.0
state,Puducherry,ssp245,2020-2040,hwfi_events_tmean_90p,4,4,100.0
state,Puducherry,ssp245,2020-2040,wsdi_warm_spell_days,4,4,100.0
state,Puducherry,ssp245,2020-2040,tnx_annual_max,4,4,100.0
state,Puducherry,ssp245,2020-2040,tx90p_hot_days_pct,4,4,100.0
state,Puducherry,ssp245,2040-2060,tas_annual_mean,4,4,100.0
state,Puducherry,ssp245,2040-2060,tasmax_summer_mean,4,4,100.0
state,Puducherry,ssp245,2040-2060,tas_summer_mean,4,4,100.0
state,Puducherry,ssp245,2040-2060,txx_annual_max,4,4,100.0
state,Puducherry,ssp245,2040-2060,tn90p_warm_nights_pct,4,4,100.0
state,Puducherry,ssp245,2040-2060,hwa_heatwave_amplitude,4,4,100.0
state,Puducherry,ssp245,2040-2060,txge30_hot_days,4,4,100.0
state,Puducherry,ssp245,2040-2060,txge35_extreme_heat_days,4,4,100.0
state,Puducherry,ssp245,2040-2060,tasmin_tropical_nights_gt25,4,4,100.0
state,Puducherry,ssp245,2040-2060,hwfi_tmean_90p,4,4,100.0
state,Puducherry,ssp245,2040-2060,hwfi_events_tmean_90p,4,4,100.0
state,Puducherry,ssp245,2040-2060,wsdi_warm_spell_days,4,4,100.0
state,Puducherry,ssp245,2040-2060,tnx_annual_max,4,4,100.0
state,Puducherry,ssp245,2040-2060,tx90p_hot_days_pct,4,4,100.0
state,Puducherry,ssp245,2060-2080,tas_annual_mean,4,4,100.0
state,Puducherry,ssp245,2060-2080,tasmax_summer_mean,4,4,100.0
state,Puducherry,ssp245,2060-2080,tas_summer_mean,4,4,100.0
state,Puducherry,ssp245,2060-2080,txx_annual_max,4,4,100.0
state,Puducherry,ssp245,2060-2080,tn90p_warm_nights_pct,4,4,100.0
state,Puducherry,ssp245,2060-2080,hwa_heatwave_amplitude,4,4,100.0
state,Puducherry,ssp245,2060-2080,txge30_hot_days,4,4,100.0
state,Puducherry,ssp245,2060-2080,txge35_extreme_heat_days,4,4,100.0
state,Puducherry,ssp245,2060-2080,tasmin_tropical_nights_gt25,4,4,100.0
state,Puducherry,ssp245,2060-2080,hwfi_tmean_90p,4,4,100.0
state,Puducherry,ssp245,2060-2080,hwfi_events_tmean_90p,4,4,100.0
state,Puducherry,ssp245,2060-2080,wsdi_warm_spell_days,4,4,100.0
state,Puducherry,ssp245,2060-2080,tnx_annual_max,4,4,100.0
state,Puducherry,ssp245,2060-2080,tx90p_hot_days_pct,4,4,100.0
state,Puducherry,ssp585,2020-2040,tas_annual_mean,4,4,100.0
state,Puducherry,ssp585,2020-2040,tasmax_summer_mean,4,4,100.0
state,Puducherry,ssp585,2020-2040,tas_summer_mean,4,4,100.0
state,Puducherry,ssp585,2020-2040,txx_annual_max,4,4,100.0
state,Puducherry,ssp585,2020-2040,tn90p_warm_nights_pct,4,4,100.0
state,Puducherry,ssp585,2020-2040,hwa_heatwave_amplitude,4,4,100.0
state,Puducherry,ssp585,2020-2040,txge30_hot_days,4,4,100.0
state,Puducherry,ssp585,2020-2040,txge35_extreme_heat_days,4,4,100.0
state,Puducherry,ssp585,2020-2040,tasmin_tropical_nights_gt25,4,4,100.0
state,Puducherry,ssp585,2020-2040,hwfi_tmean_90p,4,4,100.0
state,Puducherry,ssp585,2020-2040,hwfi_events_tmean_90p,4,4,100.0
state,Puducherry,ssp585,2020-2040,wsdi_warm_spell_days,4,4,100.0
state,Puducherry,ssp585,2020-2040,tnx_annual_max,4,4,100.0
state,Puducherry,ssp585,2020-2040,tx90p_hot_days_pct,4,4,100.0
state,Puducherry,ssp585,2040-2060,tas_annual_mean,4,4,100.0
state,Puducherry,ssp585,2040-2060,tasmax_summer_mean,4,4,100.0
state,Puducherry,ssp585,2040-2060,tas_summer_mean,4,4,100.0
state,Puducherry,ssp585,2040-2060,txx_annual_max,4,4,100.0
state,Puducherry,ssp585,2040-2060,tn90p_warm_nights_pct,4,4,100.0
state,Puducherry,ssp585,2040-2060,hwa_heatwave_amplitude,4,4,100.0
state,Puducherry,ssp585,2040-2060,txge30_hot_days,4,4,100.0
state,Puducherry,ssp585,2040-2060,txge35_extreme_heat_days,4,4,100.0
state,Puducherry,ssp585,2040-2060,tasmin_tropical_nights_gt25,4,4,100.0
state,Puducherry,ssp585,2040-2060,hwfi_tmean_90p,4,4,100.0
state,Puducherry,ssp585,2040-2060,hwfi_events_tmean_90p,4,4,100.0
state,Puducherry,ssp585,2040-2060,wsdi_warm_spell_days,4,4,100.0
state,Puducherry,ssp585,2040-2060,tnx_annual_max,4,4,100.0
state,Puducherry,ssp585,2040-2060,tx90p_hot_days_pct,4,4,100.0
state,Puducherry,ssp585,2060-2080,tas_annual_mean,4,4,100.0
state,Puducherry,ssp585,2060-2080,tasmax_summer_mean,4,4,100.0
state,Puducherry,ssp585,2060-2080,tas_summer_mean,4,4,100.0
state,Puducherry,ssp585,2060-2080,txx_annual_max,4,4,100.0
state,Puducherry,ssp585,2060-2080,tn90p_warm_nights_pct,4,4,100.0
state,Puducherry,ssp585,2060-2080,hwa_heatwave_amplitude,4,4,100.0
state,Puducherry,ssp585,2060-2080,txge30_hot_days,4,4,100.0
state,Puducherry,ssp585,2060-2080,txge35_extreme_heat_days,4,4,100.0
state,Puducherry,ssp585,2060-2080,tasmin_tropical_nights_gt25,4,4,100.0
state,Puducherry,ssp585,2060-2080,hwfi_tmean_90p,4,4,100.0
state,Puducherry,ssp585,2060-2080,hwfi_events_tmean_90p,4,4,100.0
state,Puducherry,ssp585,2060-2080,wsdi_warm_spell_days,4,4,100.0
state,Puducherry,ssp585,2060-2080,tnx_annual_max,4,4,100.0
state,Puducherry,ssp585,2060-2080,tx90p_hot_days_pct,4,4,100.0
state,Punjab,historical,1990-2010,tas_annual_mean,23,23,100.0
state,Punjab,historical,1990-2010,tasmax_summer_mean,23,23,100.0
state,Punjab,historical,1990-2010,tas_summer_mean,23,23,100.0
state,Punjab,historical,1990-2010,txx_annual_max,23,23,100.0
state,Punjab,historical,1990-2010,tn90p_warm_nights_pct,23,23,100.0
state,Punjab,historical,1990-2010,hwa_heatwave_amplitude,23,23,100.0
state,Punjab,historical,1990-2010,txge30_hot_days,23,23,100.0
state,Punjab,historical,1990-2010,txge35_extreme_heat_days,23,23,100.0
state,Punjab,historical,1990-2010,tasmin_tropical_nights_gt25,23,23,100.0
state,Punjab,historical,1990-2010,hwfi_tmean_90p,23,23,100.0
state,Punjab,historical,1990-2010,hwfi_events_tmean_90p,23,23,100.0
state,Punjab,historical,1990-2010,wsdi_warm_spell_days,23,23,100.0
state,Punjab,historical,1990-2010,tnx_annual_max,23,23,100.0
state,Punjab,historical,1990-2010,tx90p_hot_days_pct,23,23,100.0
state,Punjab,ssp245,2020-2040,tas_annual_mean,23,23,100.0
state,Punjab,ssp245,2020-2040,tasmax_summer_mean,23,23,100.0
state,Punjab,ssp245,2020-2040,tas_summer_mean,23,23,100.0
state,Punjab,ssp245,2020-2040,txx_annual_max,23,23,100.0
state,Punjab,ssp245,2020-2040,tn90p_warm_nights_pct,23,23,100.0
state,Punjab,ssp245,2020-2040,hwa_heatwave_amplitude,23,23,100.0
state,Punjab,ssp245,2020-2040,txge30_hot_days,23,23,100.0
state,Punjab,ssp245,2020-2040,txge35_extreme_heat_days,23,23,100.0
state,Punjab,ssp245,2020-2040,tasmin_tropical_nights_gt25,23,23,100.0
state,Punjab,ssp245,2020-2040,hwfi_tmean_90p,23,23,100.0
state,Punjab,ssp245,2020-2040,hwfi_events_tmean_90p,23,23,100.0
state,Punjab,ssp245,2020-2040,wsdi_warm_spell_days,23,23,100.0
state,Punjab,ssp245,2020-2040,tnx_annual_max,23,23,100.0
state,Punjab,ssp245,2020-2040,tx90p_hot_days_pct,23,23,100.0
state,Punjab,ssp245,2040-2060,tas_annual_mean,23,23,100.0
state,Punjab,ssp245,2040-2060,tasmax_summer_mean,23,23,100.0
state,Punjab,ssp245,2040-2060,tas_summer_mean,23,23,100.0
state,Punjab,ssp245,2040-2060,txx_annual_max,23,23,100.0
state,Punjab,ssp245,2040-2060,tn90p_warm_nights_pct,23,23,100.0
state,Punjab,ssp245,2040-2060,hwa_heatwave_amplitude,23,23,100.0
state,Punjab,ssp245,2040-2060,txge30_hot_days,23,23,100.0
state,Punjab,ssp245,2040-2060,txge35_extreme_heat_days,23,23,100.0
state,Punjab,ssp245,2040-2060,tasmin_tropical_nights_gt25,23,23,100.0
state,Punjab,ssp245,2040-2060,hwfi_tmean_90p,23,23,100.0
state,Punjab,ssp245,2040-2060,hwfi_events_tmean_90p,23,23,100.0
state,Punjab,ssp245,2040-2060,wsdi_warm_spell_days,23,23,100.0
state,Punjab,ssp245,2040-2060,tnx_annual_max,23,23,100.0
state,Punjab,ssp245,2040-2060,tx90p_hot_days_pct,23,23,100.0
state,Punjab,ssp245,2060-2080,tas_annual_mean,23,23,100.0
state,Punjab,ssp245,2060-2080,tasmax_summer_mean,23,23,100.0
state,Punjab,ssp245,2060-2080,tas_summer_mean,23,23,100.0
state,Punjab,ssp245,2060-2080,txx_annual_max,23,23,100.0
state,Punjab,ssp245,2060-2080,tn90p_warm_nights_pct,23,23,100.0
state,Punjab,ssp245,2060-2080,hwa_heatwave_amplitude,23,23,100.0
state,Punjab,ssp245,2060-2080,txge30_hot_days,23,23,100.0
state,Punjab,ssp245,2060-2080,txge35_extreme_heat_days,23,23,100.0
state,Punjab,ssp245,2060-2080,tasmin_tropical_nights_gt25,23,23,100.0
state,Punjab,ssp245,2060-2080,hwfi_tmean_90p,23,23,100.0
state,Punjab,ssp245,2060-2080,hwfi_events_tmean_90p,23,23,100.0
state,Punjab,ssp245,2060-2080,wsdi_warm_spell_days,23,23,100.0
state,Punjab,ssp245,2060-2080,tnx_annual_max,23,23,100.0
state,Punjab,ssp245,2060-2080,tx90p_hot_days_pct,23,23,100.0
state,Punjab,ssp585,2020-2040,tas_annual_mean,23,23,100.0
state,Punjab,ssp585,2020-2040,tasmax_summer_mean,23,23,100.0
state,Punjab,ssp585,2020-2040,tas_summer_mean,23,23,100.0
state,Punjab,ssp585,2020-2040,txx_annual_max,23,23,100.0
state,Punjab,ssp585,2020-2040,tn90p_warm_nights_pct,23,23,100.0
state,Punjab,ssp585,2020-2040,hwa_heatwave_amplitude,23,23,100.0
state,Punjab,ssp585,2020-2040,txge30_hot_days,23,23,100.0
state,Punjab,ssp585,2020-2040,txge35_extreme_heat_days,23,23,100.0
state,Punjab,ssp585,2020-2040,tasmin_tropical_nights_gt25,23,23,100.0
state,Punjab,ssp585,2020-2040,hwfi_tmean_90p,23,23,100.0
state,Punjab,ssp585,2020-2040,hwfi_events_tmean_90p,23,23,100.0
state,Punjab,ssp585,2020-2040,wsdi_warm_spell_days,23,23,100.0
state,Punjab,ssp585,2020-2040,tnx_annual_max,23,23,100.0
state,Punjab,ssp585,2020-2040,tx90p_hot_days_pct,23,23,100.0
state,Punjab,ssp585,2040-2060,tas_annual_mean,23,23,100.0
state,Punjab,ssp585,2040-2060,tasmax_summer_mean,23,23,100.0
state,Punjab,ssp585,2040-2060,tas_summer_mean,23,23,100.0
state,Punjab,ssp585,2040-2060,txx_annual_max,23,23,100.0
state,Punjab,ssp585,2040-2060,tn90p_warm_nights_pct,23,23,100.0
state,Punjab,ssp585,2040-2060,hwa_heatwave_amplitude,23,23,100.0
state,Punjab,ssp585,2040-2060,txge30_hot_days,23,23,100.0
state,Punjab,ssp585,2040-2060,txge35_extreme_heat_days,23,23,100.0
state,Punjab,ssp585,2040-2060,tasmin_tropical_nights_gt25,23,23,100.0
state,Punjab,ssp585,2040-2060,hwfi_tmean_90p,23,23,100.0
state,Punjab,ssp585,2040-2060,hwfi_events_tmean_90p,23,23,100.0
state,Punjab,ssp585,2040-2060,wsdi_warm_spell_days,23,23,100.0
state,Punjab,ssp585,2040-2060,tnx_annual_max,23,23,100.0
state,Punjab,ssp585,2040-2060,tx90p_hot_days_pct,23,23,100.0
state,Punjab,ssp585,2060-2080,tas_annual_mean,23,23,100.0
state,Punjab,ssp585,2060-2080,tasmax_summer_mean,23,23,100.0
state,Punjab,ssp585,2060-2080,tas_summer_mean,23,23,100.0
state,Punjab,ssp585,2060-2080,txx_annual_max,23,23,100.0
state,Punjab,ssp585,2060-2080,tn90p_warm_nights_pct,23,23,100.0
state,Punjab,ssp585,2060-2080,hwa_heatwave_amplitude,23,23,100.0
state,Punjab,ssp585,2060-2080,txge30_hot_days,23,23,100.0
state,Punjab,ssp585,2060-2080,txge35_extreme_heat_days,23,23,100.0
state,Punjab,ssp585,2060-2080,tasmin_tropical_nights_gt25,23,23,100.0
state,Punjab,ssp585,2060-2080,hwfi_tmean_90p,23,23,100.0
state,Punjab,ssp585,2060-2080,hwfi_events_tmean_90p,23,23,100.0
state,Punjab,ssp585,2060-2080,wsdi_warm_spell_days,23,23,100.0
state,Punjab,ssp585,2060-2080,tnx_annual_max,23,23,100.0
state,Punjab,ssp585,2060-2080,tx90p_hot_days_pct,23,23,100.0
state,Rajasthan,historical,1990-2010,tas_annual_mean,49,49,100.0
state,Rajasthan,historical,1990-2010,tasmax_summer_mean,49,49,100.0
state,Rajasthan,historical,1990-2010,tas_summer_mean,49,49,100.0
state,Rajasthan,historical,1990-2010,txx_annual_max,49,49,100.0
state,Rajasthan,historical,1990-2010,tn90p_warm_nights_pct,49,49,100.0
state,Rajasthan,historical,1990-2010,hwa_heatwave_amplitude,49,49,100.0
state,Rajasthan,historical,1990-2010,txge30_hot_days,49,49,100.0
state,Rajasthan,historical,1990-2010,txge35_extreme_heat_days,49,49,100.0
state,Rajasthan,historical,1990-2010,tasmin_tropical_nights_gt25,49,49,100.0
state,Rajasthan,historical,1990-2010,hwfi_tmean_90p,49,49,100.0
state,Rajasthan,historical,1990-2010,hwfi_events_tmean_90p,49,49,100.0
state,Rajasthan,historical,1990-2010,wsdi_warm_spell_days,49,49,100.0
state,Rajasthan,historical,1990-2010,tnx_annual_max,49,49,100.0
state,Rajasthan,historical,1990-2010,tx90p_hot_days_pct,49,49,100.0
state,Rajasthan,ssp245,2020-2040,tas_annual_mean,49,49,100.0
state,Rajasthan,ssp245,2020-2040,tasmax_summer_mean,49,49,100.0
state,Rajasthan,ssp245,2020-2040,tas_summer_mean,49,49,100.0
state,Rajasthan,ssp245,2020-2040,txx_annual_max,49,49,100.0
state,Rajasthan,ssp245,2020-2040,tn90p_warm_nights_pct,49,49,100.0
state,Rajasthan,ssp245,2020-2040,hwa_heatwave_amplitude,49,49,100.0
state,Rajasthan,ssp245,2020-2040,txge30_hot_days,49,49,100.0
state,Rajasthan,ssp245,2020-2040,txge35_extreme_heat_days,49,49,100.0
state,Rajasthan,ssp245,2020-2040,tasmin_tropical_nights_gt25,49,49,100.0
state,Rajasthan,ssp245,2020-2040,hwfi_tmean_90p,49,49,100.0
state,Rajasthan,ssp245,2020-2040,hwfi_events_tmean_90p,49,49,100.0
state,Rajasthan,ssp245,2020-2040,wsdi_warm_spell_days,49,49,100.0
state,Rajasthan,ssp245,2020-2040,tnx_annual_max,49,49,100.0
state,Rajasthan,ssp245,2020-2040,tx90p_hot_days_pct,49,49,100.0
state,Rajasthan,ssp245,2040-2060,tas_annual_mean,49,49,100.0
state,Rajasthan,ssp245,2040-2060,tasmax_summer_mean,49,49,100.0
state,Rajasthan,ssp245,2040-2060,tas_summer_mean,49,49,100.0
state,Rajasthan,ssp245,2040-2060,txx_annual_max,49,49,100.0
state,Rajasthan,ssp245,2040-2060,tn90p_warm_nights_pct,49,49,100.0
state,Rajasthan,ssp245,2040-2060,hwa_heatwave_amplitude,49,49,100.0
state,Rajasthan,ssp245,2040-2060,txge30_hot_days,49,49,100.0
state,Rajasthan,ssp245,2040-2060,txge35_extreme_heat_days,49,49,100.0
state,Rajasthan,ssp245,2040-2060,tasmin_tropical_nights_gt25,49,49,100.0
state,Rajasthan,ssp245,2040-2060,hwfi_tmean_90p,49,49,100.0
state,Rajasthan,ssp245,2040-2060,hwfi_events_tmean_90p,49,49,100.0
state,Rajasthan,ssp245,2040-2060,wsdi_warm_spell_days,49,49,100.0
state,Rajasthan,ssp245,2040-2060,tnx_annual_max,49,49,100.0
state,Rajasthan,ssp245,2040-2060,tx90p_hot_days_pct,49,49,100.0
state,Rajasthan,ssp245,2060-2080,tas_annual_mean,49,49,100.0
state,Rajasthan,ssp245,2060-2080,tasmax_summer_mean,49,49,100.0
state,Rajasthan,ssp245,2060-2080,tas_summer_mean,49,49,100.0
state,Rajasthan,ssp245,2060-2080,txx_annual_max,49,49,100.0
state,Rajasthan,ssp245,2060-2080,tn90p_warm_nights_pct,49,49,100.0
state,Rajasthan,ssp245,2060-2080,hwa_heatwave_amplitude,49,49,100.0
state,Rajasthan,ssp245,2060-2080,txge30_hot_days,49,49,100.0
state,Rajasthan,ssp245,2060-2080,txge35_extreme_heat_days,49,49,100.0
state,Rajasthan,ssp245,2060-2080,tasmin_tropical_nights_gt25,49,49,100.0
state,Rajasthan,ssp245,2060-2080,hwfi_tmean_90p,49,49,100.0
state,Rajasthan,ssp245,2060-2080,hwfi_events_tmean_90p,49,49,100.0
state,Rajasthan,ssp245,2060-2080,wsdi_warm_spell_days,49,49,100.0
state,Rajasthan,ssp245,2060-2080,tnx_annual_max,49,49,100.0
state,Rajasthan,ssp245,2060-2080,tx90p_hot_days_pct,49,49,100.0
state,Rajasthan,ssp585,2020-2040,tas_annual_mean,49,49,100.0
state,Rajasthan,ssp585,2020-2040,tasmax_summer_mean,49,49,100.0
state,Rajasthan,ssp585,2020-2040,tas_summer_mean,49,49,100.0
state,Rajasthan,ssp585,2020-2040,txx_annual_max,49,49,100.0
state,Rajasthan,ssp585,2020-2040,tn90p_warm_nights_pct,49,49,100.0
state,Rajasthan,ssp585,2020-2040,hwa_heatwave_amplitude,49,49,100.0
state,Rajasthan,ssp585,2020-2040,txge30_hot_days,49,49,100.0
state,Rajasthan,ssp585,2020-2040,txge35_extreme_heat_days,49,49,100.0
state,Rajasthan,ssp585,2020-2040,tasmin_tropical_nights_gt25,49,49,100.0
state,Rajasthan,ssp585,2020-2040,hwfi_tmean_90p,49,49,100.0
state,Rajasthan,ssp585,2020-2040,hwfi_events_tmean_90p,49,49,100.0
state,Rajasthan,ssp585,2020-2040,wsdi_warm_spell_days,49,49,100.0
state,Rajasthan,ssp585,2020-2040,tnx_annual_max,49,49,100.0
state,Rajasthan,ssp585,2020-2040,tx90p_hot_days_pct,49,49,100.0
state,Rajasthan,ssp585,2040-2060,tas_annual_mean,49,49,100.0
state,Rajasthan,ssp585,2040-2060,tasmax_summer_mean,49,49,100.0
state,Rajasthan,ssp585,2040-2060,tas_summer_mean,49,49,100.0
state,Rajasthan,ssp585,2040-2060,txx_annual_max,49,49,100.0
state,Rajasthan,ssp585,2040-2060,tn90p_warm_nights_pct,49,49,100.0
state,Rajasthan,ssp585,2040-2060,hwa_heatwave_amplitude,49,49,100.0
state,Rajasthan,ssp585,2040-2060,txge30_hot_days,49,49,100.0
state,Rajasthan,ssp585,2040-2060,txge35_extreme_heat_days,49,49,100.0
state,Rajasthan,ssp585,2040-2060,tasmin_tropical_nights_gt25,49,49,100.0
state,Rajasthan,ssp585,2040-2060,hwfi_tmean_90p,49,49,100.0
state,Rajasthan,ssp585,2040-2060,hwfi_events_tmean_90p,49,49,100.0
state,Rajasthan,ssp585,2040-2060,wsdi_warm_spell_days,49,49,100.0
state,Rajasthan,ssp585,2040-2060,tnx_annual_max,49,49,100.0
state,Rajasthan,ssp585,2040-2060,tx90p_hot_days_pct,49,49,100.0
state,Rajasthan,ssp585,2060-2080,tas_annual_mean,49,49,100.0
state,Rajasthan,ssp585,2060-2080,tasmax_summer_mean,49,49,100.0
state,Rajasthan,ssp585,2060-2080,tas_summer_mean,49,49,100.0
state,Rajasthan,ssp585,2060-2080,txx_annual_max,49,49,100.0
state,Rajasthan,ssp585,2060-2080,tn90p_warm_nights_pct,49,49,100.0
state,Rajasthan,ssp585,2060-2080,hwa_heatwave_amplitude,49,49,100.0
state,Rajasthan,ssp585,2060-2080,txge30_hot_days,49,49,100.0
state,Rajasthan,ssp585,2060-2080,txge35_extreme_heat_days,49,49,100.0
state,Rajasthan,ssp585,2060-2080,tasmin_tropical_nights_gt25,49,49,100.0
state,Rajasthan,ssp585,2060-2080,hwfi_tmean_90p,49,49,100.0
state,Rajasthan,ssp585,2060-2080,hwfi_events_tmean_90p,49,49,100.0
state,Rajasthan,ssp585,2060-2080,wsdi_warm_spell_days,49,49,100.0
state,Rajasthan,ssp585,2060-2080,tnx_annual_max,49,49,100.0
state,Rajasthan,ssp585,2060-2080,tx90p_hot_days_pct,49,49,100.0
state,Sikkim,historical,1990-2010,tas_annual_mean,6,6,100.0
state,Sikkim,historical,1990-2010,tasmax_summer_mean,6,6,100.0
state,Sikkim,historical,1990-2010,tas_summer_mean,6,6,100.0
state,Sikkim,historical,1990-2010,txx_annual_max,6,6,100.0
state,Sikkim,historical,1990-2010,tn90p_warm_nights_pct,6,6,100.0
state,Sikkim,historical,1990-2010,hwa_heatwave_amplitude,6,6,100.0
state,Sikkim,historical,1990-2010,txge30_hot_days,6,6,100.0
state,Sikkim,historical,1990-2010,txge35_extreme_heat_days,6,6,100.0
state,Sikkim,historical,1990-2010,tasmin_tropical_nights_gt25,6,6,100.0
state,Sikkim,historical,1990-2010,hwfi_tmean_90p,6,6,100.0
state,Sikkim,historical,1990-2010,hwfi_events_tmean_90p,6,6,100.0
state,Sikkim,historical,1990-2010,wsdi_warm_spell_days,6,6,100.0
state,Sikkim,historical,1990-2010,tnx_annual_max,6,6,100.0
state,Sikkim,historical,1990-2010,tx90p_hot_days_pct,6,6,100.0
state,Sikkim,ssp245,2020-2040,tas_annual_mean,6,6,100.0
state,Sikkim,ssp245,2020-2040,tasmax_summer_mean,6,6,100.0
state,Sikkim,ssp245,2020-2040,tas_summer_mean,6,6,100.0
state,Sikkim,ssp245,2020-2040,txx_annual_max,6,6,100.0
state,Sikkim,ssp245,2020-2040,tn90p_warm_nights_pct,6,6,100.0
state,Sikkim,ssp245,2020-2040,hwa_heatwave_amplitude,6,6,100.0
state,Sikkim,ssp245,2020-2040,txge30_hot_days,6,6,100.0
state,Sikkim,ssp245,2020-2040,txge35_extreme_heat_days,6,6,100.0
state,Sikkim,ssp245,2020-2040,tasmin_tropical_nights_gt25,6,6,100.0
state,Sikkim,ssp245,2020-2040,hwfi_tmean_90p,6,6,100.0
state,Sikkim,ssp245,2020-2040,hwfi_events_tmean_90p,6,6,100.0
state,Sikkim,ssp245,2020-2040,wsdi_warm_spell_days,6,6,100.0
state,Sikkim,ssp245,2020-2040,tnx_annual_max,6,6,100.0
state,Sikkim,ssp245,2020-2040,tx90p_hot_days_pct,6,6,100.0
state,Sikkim,ssp245,2040-2060,tas_annual_mean,6,6,100.0
state,Sikkim,ssp245,2040-2060,tasmax_summer_mean,6,6,100.0
state,Sikkim,ssp245,2040-2060,tas_summer_mean,6,6,100.0
state,Sikkim,ssp245,2040-2060,txx_annual_max,6,6,100.0
state,Sikkim,ssp245,2040-2060,tn90p_warm_nights_pct,6,6,100.0
state,Sikkim,ssp245,2040-2060,hwa_heatwave_amplitude,6,6,100.0
state,Sikkim,ssp245,2040-2060,txge30_hot_days,6,6,100.0
state,Sikkim,ssp245,2040-2060,txge35_extreme_heat_days,6,6,100.0
state,Sikkim,ssp245,2040-2060,tasmin_tropical_nights_gt25,6,6,100.0
state,Sikkim,ssp245,2040-2060,hwfi_tmean_90p,6,6,100.0
state,Sikkim,ssp245,2040-2060,hwfi_events_tmean_90p,6,6,100.0
state,Sikkim,ssp245,2040-2060,wsdi_warm_spell_days,6,6,100.0
state,Sikkim,ssp245,2040-2060,tnx_annual_max,6,6,100.0
state,Sikkim,ssp245,2040-2060,tx90p_hot_days_pct,6,6,100.0
state,Sikkim,ssp245,2060-2080,tas_annual_mean,6,6,100.0
state,Sikkim,ssp245,2060-2080,tasmax_summer_mean,6,6,100.0
state,Sikkim,ssp245,2060-2080,tas_summer_mean,6,6,100.0
state,Sikkim,ssp245,2060-2080,txx_annual_max,6,6,100.0
state,Sikkim,ssp245,2060-2080,tn90p_warm_nights_pct,6,6,100.0
state,Sikkim,ssp245,2060-2080,hwa_heatwave_amplitude,6,6,100.0
state,Sikkim,ssp245,2060-2080,txge30_hot_days,6,6,100.0
state,Sikkim,ssp245,2060-2080,txge35_extreme_heat_days,6,6,100.0
state,Sikkim,ssp245,2060-2080,tasmin_tropical_nights_gt25,6,6,100.0
state,Sikkim,ssp245,2060-2080,hwfi_tmean_90p,6,6,100.0
state,Sikkim,ssp245,2060-2080,hwfi_events_tmean_90p,6,6,100.0
state,Sikkim,ssp245,2060-2080,wsdi_warm_spell_days,6,6,100.0
state,Sikkim,ssp245,2060-2080,tnx_annual_max,6,6,100.0
state,Sikkim,ssp245,2060-2080,tx90p_hot_days_pct,6,6,100.0
state,Sikkim,ssp585,2020-2040,tas_annual_mean,6,6,100.0
state,Sikkim,ssp585,2020-2040,tasmax_summer_mean,6,6,100.0
state,Sikkim,ssp585,2020-2040,tas_summer_mean,6,6,100.0
state,Sikkim,ssp585,2020-2040,txx_annual_max,6,6,100.0
state,Sikkim,ssp585,2020-2040,tn90p_warm_nights_pct,6,6,100.0
state,Sikkim,ssp585,2020-2040,hwa_heatwave_amplitude,6,6,100.0
state,Sikkim,ssp585,2020-2040,txge30_hot_days,6,6,100.0
state,Sikkim,ssp585,2020-2040,txge35_extreme_heat_days,6,6,100.0
state,Sikkim,ssp585,2020-2040,tasmin_tropical_nights_gt25,6,6,100.0
state,Sikkim,ssp585,2020-2040,hwfi_tmean_90p,6,6,100.0
state,Sikkim,ssp585,2020-2040,hwfi_events_tmean_90p,6,6,100.0
state,Sikkim,ssp585,2020-2040,wsdi_warm_spell_days,6,6,100.0
state,Sikkim,ssp585,2020-2040,tnx_annual_max,6,6,100.0
state,Sikkim,ssp585,2020-2040,tx90p_hot_days_pct,6,6,100.0
state,Sikkim,ssp585,2040-2060,tas_annual_mean,6,6,100.0
state,Sikkim,ssp585,2040-2060,tasmax_summer_mean,6,6,100.0
state,Sikkim,ssp585,2040-2060,tas_summer_mean,6,6,100.0
state,Sikkim,ssp585,2040-2060,txx_annual_max,6,6,100.0
state,Sikkim,ssp585,2040-2060,tn90p_warm_nights_pct,6,6,100.0
state,Sikkim,ssp585,2040-2060,hwa_heatwave_amplitude,6,6,100.0
state,Sikkim,ssp585,2040-2060,txge30_hot_days,6,6,100.0
state,Sikkim,ssp585,2040-2060,txge35_extreme_heat_days,6,6,100.0
state,Sikkim,ssp585,2040-2060,tasmin_tropical_nights_gt25,6,6,100.0
state,Sikkim,ssp585,2040-2060,hwfi_tmean_90p,6,6,100.0
state,Sikkim,ssp585,2040-2060,hwfi_events_tmean_90p,6,6,100.0
state,Sikkim,ssp585,2040-2060,wsdi_warm_spell_days,6,6,100.0
state,Sikkim,ssp585,2040-2060,tnx_annual_max,6,6,100.0
state,Sikkim,ssp585,2040-2060,tx90p_hot_days_pct,6,6,100.0
state,Sikkim,ssp585,2060-2080,tas_annual_mean,6,6,100.0
state,Sikkim,ssp585,2060-2080,tasmax_summer_mean,6,6,100.0
state,Sikkim,ssp585,2060-2080,tas_summer_mean,6,6,100.0
state,Sikkim,ssp585,2060-2080,txx_annual_max,6,6,100.0
state,Sikkim,ssp585,2060-2080,tn90p_warm_nights_pct,6,6,100.0
state,Sikkim,ssp585,2060-2080,hwa_heatwave_amplitude,6,6,100.0
state,Sikkim,ssp585,2060-2080,txge30_hot_days,6,6,100.0
state,Sikkim,ssp585,2060-2080,txge35_extreme_heat_days,6,6,100.0
state,Sikkim,ssp585,2060-2080,tasmin_tropical_nights_gt25,6,6,100.0
state,Sikkim,ssp585,2060-2080,hwfi_tmean_90p,6,6,100.0
state,Sikkim,ssp585,2060-2080,hwfi_events_tmean_90p,6,6,100.0
state,Sikkim,ssp585,2060-2080,wsdi_warm_spell_days,6,6,100.0
state,Sikkim,ssp585,2060-2080,tnx_annual_max,6,6,100.0
state,Sikkim,ssp585,2060-2080,tx90p_hot_days_pct,6,6,100.0
state,Tamil Nadu,historical,1990-2010,tas_annual_mean,38,38,100.0
state,Tamil Nadu,historical,1990-2010,tasmax_summer_mean,38,38,100.0
state,Tamil Nadu,historical,1990-2010,tas_summer_mean,38,38,100.0
state,Tamil Nadu,historical,1990-2010,txx_annual_max,38,38,100.0
state,Tamil Nadu,historical,1990-2010,tn90p_warm_nights_pct,38,38,100.0
state,Tamil Nadu,historical,1990-2010,hwa_heatwave_amplitude,38,38,100.0
state,Tamil Nadu,historical,1990-2010,txge30_hot_days,38,38,100.0
state,Tamil Nadu,historical,1990-2010,txge35_extreme_heat_days,38,38,100.0
state,Tamil Nadu,historical,1990-2010,tasmin_tropical_nights_gt25,38,38,100.0
state,Tamil Nadu,historical,1990-2010,hwfi_tmean_90p,38,38,100.0
state,Tamil Nadu,historical,1990-2010,hwfi_events_tmean_90p,38,38,100.0
state,Tamil Nadu,historical,1990-2010,wsdi_warm_spell_days,38,38,100.0
state,Tamil Nadu,historical,1990-2010,tnx_annual_max,38,38,100.0
state,Tamil Nadu,historical,1990-2010,tx90p_hot_days_pct,38,38,100.0
state,Tamil Nadu,ssp245,2020-2040,tas_annual_mean,38,38,100.0
state,Tamil Nadu,ssp245,2020-2040,tasmax_summer_mean,38,38,100.0
state,Tamil Nadu,ssp245,2020-2040,tas_summer_mean,38,38,100.0
state,Tamil Nadu,ssp245,2020-2040,txx_annual_max,38,38,100.0
state,Tamil Nadu,ssp245,2020-2040,tn90p_warm_nights_pct,38,38,100.0
state,Tamil Nadu,ssp245,2020-2040,hwa_heatwave_amplitude,38,38,100.0
state,Tamil Nadu,ssp245,2020-2040,txge30_hot_days,38,38,100.0
state,Tamil Nadu,ssp245,2020-2040,txge35_extreme_heat_days,38,38,100.0
state,Tamil Nadu,ssp245,2020-2040,tasmin_tropical_nights_gt25,38,38,100.0
state,Tamil Nadu,ssp245,2020-2040,hwfi_tmean_90p,38,38,100.0
state,Tamil Nadu,ssp245,2020-2040,hwfi_events_tmean_90p,38,38,100.0
state,Tamil Nadu,ssp245,2020-2040,wsdi_warm_spell_days,38,38,100.0
state,Tamil Nadu,ssp245,2020-2040,tnx_annual_max,38,38,100.0
state,Tamil Nadu,ssp245,2020-2040,tx90p_hot_days_pct,38,38,100.0
state,Tamil Nadu,ssp245,2040-2060,tas_annual_mean,38,38,100.0
state,Tamil Nadu,ssp245,2040-2060,tasmax_summer_mean,38,38,100.0
state,Tamil Nadu,ssp245,2040-2060,tas_summer_mean,38,38,100.0
state,Tamil Nadu,ssp245,2040-2060,txx_annual_max,38,38,100.0
state,Tamil Nadu,ssp245,2040-2060,tn90p_warm_nights_pct,38,38,100.0
state,Tamil Nadu,ssp245,2040-2060,hwa_heatwave_amplitude,38,38,100.0
state,Tamil Nadu,ssp245,2040-2060,txge30_hot_days,38,38,100.0
state,Tamil Nadu,ssp245,2040-2060,txge35_extreme_heat_days,38,38,100.0
state,Tamil Nadu,ssp245,2040-2060,tasmin_tropical_nights_gt25,38,38,100.0
state,Tamil Nadu,ssp245,2040-2060,hwfi_tmean_90p,38,38,100.0
state,Tamil Nadu,ssp245,2040-2060,hwfi_events_tmean_90p,38,38,100.0
state,Tamil Nadu,ssp245,2040-2060,wsdi_warm_spell_days,38,38,100.0
state,Tamil Nadu,ssp245,2040-2060,tnx_annual_max,38,38,100.0
state,Tamil Nadu,ssp245,2040-2060,tx90p_hot_days_pct,38,38,100.0
state,Tamil Nadu,ssp245,2060-2080,tas_annual_mean,38,38,100.0
state,Tamil Nadu,ssp245,2060-2080,tasmax_summer_mean,38,38,100.0
state,Tamil Nadu,ssp245,2060-2080,tas_summer_mean,38,38,100.0
state,Tamil Nadu,ssp245,2060-2080,txx_annual_max,38,38,100.0
state,Tamil Nadu,ssp245,2060-2080,tn90p_warm_nights_pct,38,38,100.0
state,Tamil Nadu,ssp245,2060-2080,hwa_heatwave_amplitude,38,38,100.0
state,Tamil Nadu,ssp245,2060-2080,txge30_hot_days,38,38,100.0
state,Tamil Nadu,ssp245,2060-2080,txge35_extreme_heat_days,38,38,100.0
state,Tamil Nadu,ssp245,2060-2080,tasmin_tropical_nights_gt25,38,38,100.0
state,Tamil Nadu,ssp245,2060-2080,hwfi_tmean_90p,38,38,100.0
state,Tamil Nadu,ssp245,2060-2080,hwfi_events_tmean_90p,38,38,100.0
state,Tamil Nadu,ssp245,2060-2080,wsdi_warm_spell_days,38,38,100.0
state,Tamil Nadu,ssp245,2060-2080,tnx_annual_max,38,38,100.0
state,Tamil Nadu,ssp245,2060-2080,tx90p_hot_days_pct,38,38,100.0
state,Tamil Nadu,ssp585,2020-2040,tas_annual_mean,38,38,100.0
state,Tamil Nadu,ssp585,2020-2040,tasmax_summer_mean,38,38,100.0
state,Tamil Nadu,ssp585,2020-2040,tas_summer_mean,38,38,100.0
state,Tamil Nadu,ssp585,2020-2040,txx_annual_max,38,38,100.0
state,Tamil Nadu,ssp585,2020-2040,tn90p_warm_nights_pct,38,38,100.0
state,Tamil Nadu,ssp585,2020-2040,hwa_heatwave_amplitude,38,38,100.0
state,Tamil Nadu,ssp585,2020-2040,txge30_hot_days,38,38,100.0
state,Tamil Nadu,ssp585,2020-2040,txge35_extreme_heat_days,38,38,100.0
state,Tamil Nadu,ssp585,2020-2040,tasmin_tropical_nights_gt25,38,38,100.0
state,Tamil Nadu,ssp585,2020-2040,hwfi_tmean_90p,38,38,100.0
state,Tamil Nadu,ssp585,2020-2040,hwfi_events_tmean_90p,38,38,100.0
state,Tamil Nadu,ssp585,2020-2040,wsdi_warm_spell_days,38,38,100.0
state,Tamil Nadu,ssp585,2020-2040,tnx_annual_max,38,38,100.0
state,Tamil Nadu,ssp585,2020-2040,tx90p_hot_days_pct,38,38,100.0
state,Tamil Nadu,ssp585,2040-2060,tas_annual_mean,38,38,100.0
state,Tamil Nadu,ssp585,2040-2060,tasmax_summer_mean,38,38,100.0
state,Tamil Nadu,ssp585,2040-2060,tas_summer_mean,38,38,100.0
state,Tamil Nadu,ssp585,2040-2060,txx_annual_max,38,38,100.0
state,Tamil Nadu,ssp585,2040-2060,tn90p_warm_nights_pct,38,38,100.0
state,Tamil Nadu,ssp585,2040-2060,hwa_heatwave_amplitude,38,38,100.0
state,Tamil Nadu,ssp585,2040-2060,txge30_hot_days,38,38,100.0
state,Tamil Nadu,ssp585,2040-2060,txge35_extreme_heat_days,38,38,100.0
state,Tamil Nadu,ssp585,2040-2060,tasmin_tropical_nights_gt25,38,38,100.0
state,Tamil Nadu,ssp585,2040-2060,hwfi_tmean_90p,38,38,100.0
state,Tamil Nadu,ssp585,2040-2060,hwfi_events_tmean_90p,38,38,100.0
state,Tamil Nadu,ssp585,2040-2060,wsdi_warm_spell_days,38,38,100.0
state,Tamil Nadu,ssp585,2040-2060,tnx_annual_max,38,38,100.0
state,Tamil Nadu,ssp585,2040-2060,tx90p_hot_days_pct,38,38,100.0
state,Tamil Nadu,ssp585,2060-2080,tas_annual_mean,38,38,100.0
state,Tamil Nadu,ssp585,2060-2080,tasmax_summer_mean,38,38,100.0
state,Tamil Nadu,ssp585,2060-2080,tas_summer_mean,38,38,100.0
state,Tamil Nadu,ssp585,2060-2080,txx_annual_max,38,38,100.0
state,Tamil Nadu,ssp585,2060-2080,tn90p_warm_nights_pct,38,38,100.0
state,Tamil Nadu,ssp585,2060-2080,hwa_heatwave_amplitude,38,38,100.0
state,Tamil Nadu,ssp585,2060-2080,txge30_hot_days,38,38,100.0
state,Tamil Nadu,ssp585,2060-2080,txge35_extreme_heat_days,38,38,100.0
state,Tamil Nadu,ssp585,2060-2080,tasmin_tropical_nights_gt25,38,38,100.0
state,Tamil Nadu,ssp585,2060-2080,hwfi_tmean_90p,38,38,100.0
state,Tamil Nadu,ssp585,2060-2080,hwfi_events_tmean_90p,38,38,100.0
state,Tamil Nadu,ssp585,2060-2080,wsdi_warm_spell_days,38,38,100.0
state,Tamil Nadu,ssp585,2060-2080,tnx_annual_max,38,38,100.0
state,Tamil Nadu,ssp585,2060-2080,tx90p_hot_days_pct,38,38,100.0
state,Telangana,historical,1990-2010,tas_annual_mean,33,33,100.0
state,Telangana,historical,1990-2010,tasmax_summer_mean,33,33,100.0
state,Telangana,historical,1990-2010,tas_summer_mean,33,33,100.0
state,Telangana,historical,1990-2010,txx_annual_max,33,33,100.0
state,Telangana,historical,1990-2010,tn90p_warm_nights_pct,33,33,100.0
state,Telangana,historical,1990-2010,hwa_heatwave_amplitude,33,33,100.0
state,Telangana,historical,1990-2010,txge30_hot_days,33,33,100.0
state,Telangana,historical,1990-2010,txge35_extreme_heat_days,33,33,100.0
state,Telangana,historical,1990-2010,tasmin_tropical_nights_gt25,33,33,100.0
state,Telangana,historical,1990-2010,hwfi_tmean_90p,33,33,100.0
state,Telangana,historical,1990-2010,hwfi_events_tmean_90p,33,33,100.0
state,Telangana,historical,1990-2010,wsdi_warm_spell_days,33,33,100.0
state,Telangana,historical,1990-2010,tnx_annual_max,33,33,100.0
state,Telangana,historical,1990-2010,tx90p_hot_days_pct,33,33,100.0
state,Telangana,ssp245,2020-2040,tas_annual_mean,33,33,100.0
state,Telangana,ssp245,2020-2040,tasmax_summer_mean,33,33,100.0
state,Telangana,ssp245,2020-2040,tas_summer_mean,33,33,100.0
state,Telangana,ssp245,2020-2040,txx_annual_max,33,33,100.0
state,Telangana,ssp245,2020-2040,tn90p_warm_nights_pct,33,33,100.0
state,Telangana,ssp245,2020-2040,hwa_heatwave_amplitude,33,33,100.0
state,Telangana,ssp245,2020-2040,txge30_hot_days,33,33,100.0
state,Telangana,ssp245,2020-2040,txge35_extreme_heat_days,33,33,100.0
state,Telangana,ssp245,2020-2040,tasmin_tropical_nights_gt25,33,33,100.0
state,Telangana,ssp245,2020-2040,hwfi_tmean_90p,33,33,100.0
state,Telangana,ssp245,2020-2040,hwfi_events_tmean_90p,33,33,100.0
state,Telangana,ssp245,2020-2040,wsdi_warm_spell_days,33,33,100.0
state,Telangana,ssp245,2020-2040,tnx_annual_max,33,33,100.0
state,Telangana,ssp245,2020-2040,tx90p_hot_days_pct,33,33,100.0
state,Telangana,ssp245,2040-2060,tas_annual_mean,33,33,100.0
state,Telangana,ssp245,2040-2060,tasmax_summer_mean,33,33,100.0
state,Telangana,ssp245,2040-2060,tas_summer_mean,33,33,100.0
state,Telangana,ssp245,2040-2060,txx_annual_max,33,33,100.0
state,Telangana,ssp245,2040-2060,tn90p_warm_nights_pct,33,33,100.0
state,Telangana,ssp245,2040-2060,hwa_heatwave_amplitude,33,33,100.0
state,Telangana,ssp245,2040-2060,txge30_hot_days,33,33,100.0
state,Telangana,ssp245,2040-2060,txge35_extreme_heat_days,33,33,100.0
state,Telangana,ssp245,2040-2060,tasmin_tropical_nights_gt25,33,33,100.0
state,Telangana,ssp245,2040-2060,hwfi_tmean_90p,33,33,100.0
state,Telangana,ssp245,2040-2060,hwfi_events_tmean_90p,33,33,100.0
state,Telangana,ssp245,2040-2060,wsdi_warm_spell_days,33,33,100.0
state,Telangana,ssp245,2040-2060,tnx_annual_max,33,33,100.0
state,Telangana,ssp245,2040-2060,tx90p_hot_days_pct,33,33,100.0
state,Telangana,ssp245,2060-2080,tas_annual_mean,33,33,100.0
state,Telangana,ssp245,2060-2080,tasmax_summer_mean,33,33,100.0
state,Telangana,ssp245,2060-2080,tas_summer_mean,33,33,100.0
state,Telangana,ssp245,2060-2080,txx_annual_max,33,33,100.0
state,Telangana,ssp245,2060-2080,tn90p_warm_nights_pct,33,33,100.0
state,Telangana,ssp245,2060-2080,hwa_heatwave_amplitude,33,33,100.0
state,Telangana,ssp245,2060-2080,txge30_hot_days,33,33,100.0
state,Telangana,ssp245,2060-2080,txge35_extreme_heat_days,33,33,100.0
state,Telangana,ssp245,2060-2080,tasmin_tropical_nights_gt25,33,33,100.0
state,Telangana,ssp245,2060-2080,hwfi_tmean_90p,33,33,100.0
state,Telangana,ssp245,2060-2080,hwfi_events_tmean_90p,33,33,100.0
state,Telangana,ssp245,2060-2080,wsdi_warm_spell_days,33,33,100.0
state,Telangana,ssp245,2060-2080,tnx_annual_max,33,33,100.0
state,Telangana,ssp245,2060-2080,tx90p_hot_days_pct,33,33,100.0
state,Telangana,ssp585,2020-2040,tas_annual_mean,33,33,100.0
state,Telangana,ssp585,2020-2040,tasmax_summer_mean,33,33,100.0
state,Telangana,ssp585,2020-2040,tas_summer_mean,33,33,100.0
state,Telangana,ssp585,2020-2040,txx_annual_max,33,33,100.0
state,Telangana,ssp585,2020-2040,tn90p_warm_nights_pct,33,33,100.0
state,Telangana,ssp585,2020-2040,hwa_heatwave_amplitude,33,33,100.0
state,Telangana,ssp585,2020-2040,txge30_hot_days,33,33,100.0
state,Telangana,ssp585,2020-2040,txge35_extreme_heat_days,33,33,100.0
state,Telangana,ssp585,2020-2040,tasmin_tropical_nights_gt25,33,33,100.0
state,Telangana,ssp585,2020-2040,hwfi_tmean_90p,33,33,100.0
state,Telangana,ssp585,2020-2040,hwfi_events_tmean_90p,33,33,100.0
state,Telangana,ssp585,2020-2040,wsdi_warm_spell_days,33,33,100.0
state,Telangana,ssp585,2020-2040,tnx_annual_max,33,33,100.0
state,Telangana,ssp585,2020-2040,tx90p_hot_days_pct,33,33,100.0
state,Telangana,ssp585,2040-2060,tas_annual_mean,33,33,100.0
state,Telangana,ssp585,2040-2060,tasmax_summer_mean,33,33,100.0
state,Telangana,ssp585,2040-2060,tas_summer_mean,33,33,100.0
state,Telangana,ssp585,2040-2060,txx_annual_max,33,33,100.0
state,Telangana,ssp585,2040-2060,tn90p_warm_nights_pct,33,33,100.0
state,Telangana,ssp585,2040-2060,hwa_heatwave_amplitude,33,33,100.0
state,Telangana,ssp585,2040-2060,txge30_hot_days,33,33,100.0
state,Telangana,ssp585,2040-2060,txge35_extreme_heat_days,33,33,100.0
state,Telangana,ssp585,2040-2060,tasmin_tropical_nights_gt25,33,33,100.0
state,Telangana,ssp585,2040-2060,hwfi_tmean_90p,33,33,100.0
state,Telangana,ssp585,2040-2060,hwfi_events_tmean_90p,33,33,100.0
state,Telangana,ssp585,2040-2060,wsdi_warm_spell_days,33,33,100.0
state,Telangana,ssp585,2040-2060,tnx_annual_max,33,33,100.0
state,Telangana,ssp585,2040-2060,tx90p_hot_days_pct,33,33,100.0
state,Telangana,ssp585,2060-2080,tas_annual_mean,33,33,100.0
state,Telangana,ssp585,2060-2080,tasmax_summer_mean,33,33,100.0
state,Telangana,ssp585,2060-2080,tas_summer_mean,33,33,100.0
state,Telangana,ssp585,2060-2080,txx_annual_max,33,33,100.0
state,Telangana,ssp585,2060-2080,tn90p_warm_nights_pct,33,33,100.0
state,Telangana,ssp585,2060-2080,hwa_heatwave_amplitude,33,33,100.0
state,Telangana,ssp585,2060-2080,txge30_hot_days,33,33,100.0
state,Telangana,ssp585,2060-2080,txge35_extreme_heat_days,33,33,100.0
state,Telangana,ssp585,2060-2080,tasmin_tropical_nights_gt25,33,33,100.0
state,Telangana,ssp585,2060-2080,hwfi_tmean_90p,33,33,100.0
state,Telangana,ssp585,2060-2080,hwfi_events_tmean_90p,33,33,100.0
state,Telangana,ssp585,2060-2080,wsdi_warm_spell_days,33,33,100.0
state,Telangana,ssp585,2060-2080,tnx_annual_max,33,33,100.0
state,Telangana,ssp585,2060-2080,tx90p_hot_days_pct,33,33,100.0
state,Tripura,historical,1990-2010,tas_annual_mean,8,8,100.0
state,Tripura,historical,1990-2010,tasmax_summer_mean,8,8,100.0
state,Tripura,historical,1990-2010,tas_summer_mean,8,8,100.0
state,Tripura,historical,1990-2010,txx_annual_max,8,8,100.0
state,Tripura,historical,1990-2010,tn90p_warm_nights_pct,8,8,100.0
state,Tripura,historical,1990-2010,hwa_heatwave_amplitude,8,8,100.0
state,Tripura,historical,1990-2010,txge30_hot_days,8,8,100.0
state,Tripura,historical,1990-2010,txge35_extreme_heat_days,8,8,100.0
state,Tripura,historical,1990-2010,tasmin_tropical_nights_gt25,8,8,100.0
state,Tripura,historical,1990-2010,hwfi_tmean_90p,8,8,100.0
state,Tripura,historical,1990-2010,hwfi_events_tmean_90p,8,8,100.0
state,Tripura,historical,1990-2010,wsdi_warm_spell_days,8,8,100.0
state,Tripura,historical,1990-2010,tnx_annual_max,8,8,100.0
state,Tripura,historical,1990-2010,tx90p_hot_days_pct,8,8,100.0
state,Tripura,ssp245,2020-2040,tas_annual_mean,8,8,100.0
state,Tripura,ssp245,2020-2040,tasmax_summer_mean,8,8,100.0
state,Tripura,ssp245,2020-2040,tas_summer_mean,8,8,100.0
state,Tripura,ssp245,2020-2040,txx_annual_max,8,8,100.0
state,Tripura,ssp245,2020-2040,tn90p_warm_nights_pct,8,8,100.0
state,Tripura,ssp245,2020-2040,hwa_heatwave_amplitude,8,8,100.0
state,Tripura,ssp245,2020-2040,txge30_hot_days,8,8,100.0
state,Tripura,ssp245,2020-2040,txge35_extreme_heat_days,8,8,100.0
state,Tripura,ssp245,2020-2040,tasmin_tropical_nights_gt25,8,8,100.0
state,Tripura,ssp245,2020-2040,hwfi_tmean_90p,8,8,100.0
state,Tripura,ssp245,2020-2040,hwfi_events_tmean_90p,8,8,100.0
state,Tripura,ssp245,2020-2040,wsdi_warm_spell_days,8,8,100.0
state,Tripura,ssp245,2020-2040,tnx_annual_max,8,8,100.0
state,Tripura,ssp245,2020-2040,tx90p_hot_days_pct,8,8,100.0
state,Tripura,ssp245,2040-2060,tas_annual_mean,8,8,100.0
state,Tripura,ssp245,2040-2060,tasmax_summer_mean,8,8,100.0
state,Tripura,ssp245,2040-2060,tas_summer_mean,8,8,100.0
state,Tripura,ssp245,2040-2060,txx_annual_max,8,8,100.0
state,Tripura,ssp245,2040-2060,tn90p_warm_nights_pct,8,8,100.0
state,Tripura,ssp245,2040-2060,hwa_heatwave_amplitude,8,8,100.0
state,Tripura,ssp245,2040-2060,txge30_hot_days,8,8,100.0
state,Tripura,ssp245,2040-2060,txge35_extreme_heat_days,8,8,100.0
state,Tripura,ssp245,2040-2060,tasmin_tropical_nights_gt25,8,8,100.0
state,Tripura,ssp245,2040-2060,hwfi_tmean_90p,8,8,100.0
state,Tripura,ssp245,2040-2060,hwfi_events_tmean_90p,8,8,100.0
state,Tripura,ssp245,2040-2060,wsdi_warm_spell_days,8,8,100.0
state,Tripura,ssp245,2040-2060,tnx_annual_max,8,8,100.0
state,Tripura,ssp245,2040-2060,tx90p_hot_days_pct,8,8,100.0
state,Tripura,ssp245,2060-2080,tas_annual_mean,8,8,100.0
state,Tripura,ssp245,2060-2080,tasmax_summer_mean,8,8,100.0
state,Tripura,ssp245,2060-2080,tas_summer_mean,8,8,100.0
state,Tripura,ssp245,2060-2080,txx_annual_max,8,8,100.0
state,Tripura,ssp245,2060-2080,tn90p_warm_nights_pct,8,8,100.0
state,Tripura,ssp245,2060-2080,hwa_heatwave_amplitude,8,8,100.0
state,Tripura,ssp245,2060-2080,txge30_hot_days,8,8,100.0
state,Tripura,ssp245,2060-2080,txge35_extreme_heat_days,8,8,100.0
state,Tripura,ssp245,2060-2080,tasmin_tropical_nights_gt25,8,8,100.0
state,Tripura,ssp245,2060-2080,hwfi_tmean_90p,8,8,100.0
state,Tripura,ssp245,2060-2080,hwfi_events_tmean_90p,8,8,100.0
state,Tripura,ssp245,2060-2080,wsdi_warm_spell_days,8,8,100.0
state,Tripura,ssp245,2060-2080,tnx_annual_max,8,8,100.0
state,Tripura,ssp245,2060-2080,tx90p_hot_days_pct,8,8,100.0
state,Tripura,ssp585,2020-2040,tas_annual_mean,8,8,100.0
state,Tripura,ssp585,2020-2040,tasmax_summer_mean,8,8,100.0
state,Tripura,ssp585,2020-2040,tas_summer_mean,8,8,100.0
state,Tripura,ssp585,2020-2040,txx_annual_max,8,8,100.0
state,Tripura,ssp585,2020-2040,tn90p_warm_nights_pct,8,8,100.0
state,Tripura,ssp585,2020-2040,hwa_heatwave_amplitude,8,8,100.0
state,Tripura,ssp585,2020-2040,txge30_hot_days,8,8,100.0
state,Tripura,ssp585,2020-2040,txge35_extreme_heat_days,8,8,100.0
state,Tripura,ssp585,2020-2040,tasmin_tropical_nights_gt25,8,8,100.0
state,Tripura,ssp585,2020-2040,hwfi_tmean_90p,8,8,100.0
state,Tripura,ssp585,2020-2040,hwfi_events_tmean_90p,8,8,100.0
state,Tripura,ssp585,2020-2040,wsdi_warm_spell_days,8,8,100.0
state,Tripura,ssp585,2020-2040,tnx_annual_max,8,8,100.0
state,Tripura,ssp585,2020-2040,tx90p_hot_days_pct,8,8,100.0
state,Tripura,ssp585,2040-2060,tas_annual_mean,8,8,100.0
state,Tripura,ssp585,2040-2060,tasmax_summer_mean,8,8,100.0
state,Tripura,ssp585,2040-2060,tas_summer_mean,8,8,100.0
state,Tripura,ssp585,2040-2060,txx_annual_max,8,8,100.0
state,Tripura,ssp585,2040-2060,tn90p_warm_nights_pct,8,8,100.0
state,Tripura,ssp585,2040-2060,hwa_heatwave_amplitude,8,8,100.0
state,Tripura,ssp585,2040-2060,txge30_hot_days,8,8,100.0
state,Tripura,ssp585,2040-2060,txge35_extreme_heat_days,8,8,100.0
state,Tripura,ssp585,2040-2060,tasmin_tropical_nights_gt25,8,8,100.0
state,Tripura,ssp585,2040-2060,hwfi_tmean_90p,8,8,100.0
state,Tripura,ssp585,2040-2060,hwfi_events_tmean_90p,8,8,100.0
state,Tripura,ssp585,2040-2060,wsdi_warm_spell_days,8,8,100.0
state,Tripura,ssp585,2040-2060,tnx_annual_max,8,8,100.0
state,Tripura,ssp585,2040-2060,tx90p_hot_days_pct,8,8,100.0
state,Tripura,ssp585,2060-2080,tas_annual_mean,8,8,100.0
state,Tripura,ssp585,2060-2080,tasmax_summer_mean,8,8,100.0
state,Tripura,ssp585,2060-2080,tas_summer_mean,8,8,100.0
state,Tripura,ssp585,2060-2080,txx_annual_max,8,8,100.0
state,Tripura,ssp585,2060-2080,tn90p_warm_nights_pct,8,8,100.0
state,Tripura,ssp585,2060-2080,hwa_heatwave_amplitude,8,8,100.0
state,Tripura,ssp585,2060-2080,txge30_hot_days,8,8,100.0
state,Tripura,ssp585,2060-2080,txge35_extreme_heat_days,8,8,100.0
state,Tripura,ssp585,2060-2080,tasmin_tropical_nights_gt25,8,8,100.0
state,Tripura,ssp585,2060-2080,hwfi_tmean_90p,8,8,100.0
state,Tripura,ssp585,2060-2080,hwfi_events_tmean_90p,8,8,100.0
state,Tripura,ssp585,2060-2080,wsdi_warm_spell_days,8,8,100.0
state,Tripura,ssp585,2060-2080,tnx_annual_max,8,8,100.0
state,Tripura,ssp585,2060-2080,tx90p_hot_days_pct,8,8,100.0
state,Uttar Pradesh,historical,1990-2010,tas_annual_mean,75,75,100.0
state,Uttar Pradesh,historical,1990-2010,tasmax_summer_mean,75,75,100.0
state,Uttar Pradesh,historical,1990-2010,tas_summer_mean,75,75,100.0
state,Uttar Pradesh,historical,1990-2010,txx_annual_max,75,75,100.0
state,Uttar Pradesh,historical,1990-2010,tn90p_warm_nights_pct,75,75,100.0
state,Uttar Pradesh,historical,1990-2010,hwa_heatwave_amplitude,75,75,100.0
state,Uttar Pradesh,historical,1990-2010,txge30_hot_days,75,75,100.0
state,Uttar Pradesh,historical,1990-2010,txge35_extreme_heat_days,75,75,100.0
state,Uttar Pradesh,historical,1990-2010,tasmin_tropical_nights_gt25,75,75,100.0
state,Uttar Pradesh,historical,1990-2010,hwfi_tmean_90p,75,75,100.0
state,Uttar Pradesh,historical,1990-2010,hwfi_events_tmean_90p,75,75,100.0
state,Uttar Pradesh,historical,1990-2010,wsdi_warm_spell_days,75,75,100.0
state,Uttar Pradesh,historical,1990-2010,tnx_annual_max,75,75,100.0
state,Uttar Pradesh,historical,1990-2010,tx90p_hot_days_pct,75,75,100.0
state,Uttar Pradesh,ssp245,2020-2040,tas_annual_mean,75,75,100.0
state,Uttar Pradesh,ssp245,2020-2040,tasmax_summer_mean,75,75,100.0
state,Uttar Pradesh,ssp245,2020-2040,tas_summer_mean,75,75,100.0
state,Uttar Pradesh,ssp245,2020-2040,txx_annual_max,75,75,100.0
state,Uttar Pradesh,ssp245,2020-2040,tn90p_warm_nights_pct,75,75,100.0
state,Uttar Pradesh,ssp245,2020-2040,hwa_heatwave_amplitude,75,75,100.0
state,Uttar Pradesh,ssp245,2020-2040,txge30_hot_days,75,75,100.0
state,Uttar Pradesh,ssp245,2020-2040,txge35_extreme_heat_days,75,75,100.0
state,Uttar Pradesh,ssp245,2020-2040,tasmin_tropical_nights_gt25,75,75,100.0
state,Uttar Pradesh,ssp245,2020-2040,hwfi_tmean_90p,75,75,100.0
state,Uttar Pradesh,ssp245,2020-2040,hwfi_events_tmean_90p,75,75,100.0
state,Uttar Pradesh,ssp245,2020-2040,wsdi_warm_spell_days,75,75,100.0
state,Uttar Pradesh,ssp245,2020-2040,tnx_annual_max,75,75,100.0
state,Uttar Pradesh,ssp245,2020-2040,tx90p_hot_days_pct,75,75,100.0
state,Uttar Pradesh,ssp245,2040-2060,tas_annual_mean,75,75,100.0
state,Uttar Pradesh,ssp245,2040-2060,tasmax_summer_mean,75,75,100.0
state,Uttar Pradesh,ssp245,2040-2060,tas_summer_mean,75,75,100.0
state,Uttar Pradesh,ssp245,2040-2060,txx_annual_max,75,75,100.0
state,Uttar Pradesh,ssp245,2040-2060,tn90p_warm_nights_pct,75,75,100.0
state,Uttar Pradesh,ssp245,2040-2060,hwa_heatwave_amplitude,75,75,100.0
state,Uttar Pradesh,ssp245,2040-2060,txge30_hot_days,75,75,100.0
state,Uttar Pradesh,ssp245,2040-2060,txge35_extreme_heat_days,75,75,100.0
state,Uttar Pradesh,ssp245,2040-2060,tasmin_tropical_nights_gt25,75,75,100.0
state,Uttar Pradesh,ssp245,2040-2060,hwfi_tmean_90p,75,75,100.0
state,Uttar Pradesh,ssp245,2040-2060,hwfi_events_tmean_90p,75,75,100.0
state,Uttar Pradesh,ssp245,2040-2060,wsdi_warm_spell_days,75,75,100.0
state,Uttar Pradesh,ssp245,2040-2060,tnx_annual_max,75,75,100.0
state,Uttar Pradesh,ssp245,2040-2060,tx90p_hot_days_pct,75,75,100.0
state,Uttar Pradesh,ssp245,2060-2080,tas_annual_mean,75,75,100.0
state,Uttar Pradesh,ssp245,2060-2080,tasmax_summer_mean,75,75,100.0
state,Uttar Pradesh,ssp245,2060-2080,tas_summer_mean,75,75,100.0
state,Uttar Pradesh,ssp245,2060-2080,txx_annual_max,75,75,100.0
state,Uttar Pradesh,ssp245,2060-2080,tn90p_warm_nights_pct,75,75,100.0
state,Uttar Pradesh,ssp245,2060-2080,hwa_heatwave_amplitude,75,75,100.0
state,Uttar Pradesh,ssp245,2060-2080,txge30_hot_days,75,75,100.0
state,Uttar Pradesh,ssp245,2060-2080,txge35_extreme_heat_days,75,75,100.0
state,Uttar Pradesh,ssp245,2060-2080,tasmin_tropical_nights_gt25,75,75,100.0
state,Uttar Pradesh,ssp245,2060-2080,hwfi_tmean_90p,75,75,100.0
state,Uttar Pradesh,ssp245,2060-2080,hwfi_events_tmean_90p,75,75,100.0
state,Uttar Pradesh,ssp245,2060-2080,wsdi_warm_spell_days,75,75,100.0
state,Uttar Pradesh,ssp245,2060-2080,tnx_annual_max,75,75,100.0
state,Uttar Pradesh,ssp245,2060-2080,tx90p_hot_days_pct,75,75,100.0
state,Uttar Pradesh,ssp585,2020-2040,tas_annual_mean,75,75,100.0
state,Uttar Pradesh,ssp585,2020-2040,tasmax_summer_mean,75,75,100.0
state,Uttar Pradesh,ssp585,2020-2040,tas_summer_mean,75,75,100.0
state,Uttar Pradesh,ssp585,2020-2040,txx_annual_max,75,75,100.0
state,Uttar Pradesh,ssp585,2020-2040,tn90p_warm_nights_pct,75,75,100.0
state,Uttar Pradesh,ssp585,2020-2040,hwa_heatwave_amplitude,75,75,100.0
state,Uttar Pradesh,ssp585,2020-2040,txge30_hot_days,75,75,100.0
state,Uttar Pradesh,ssp585,2020-2040,txge35_extreme_heat_days,75,75,100.0
state,Uttar Pradesh,ssp585,2020-2040,tasmin_tropical_nights_gt25,75,75,100.0
state,Uttar Pradesh,ssp585,2020-2040,hwfi_tmean_90p,75,75,100.0
state,Uttar Pradesh,ssp585,2020-2040,hwfi_events_tmean_90p,75,75,100.0
state,Uttar Pradesh,ssp585,2020-2040,wsdi_warm_spell_days,75,75,100.0
state,Uttar Pradesh,ssp585,2020-2040,tnx_annual_max,75,75,100.0
state,Uttar Pradesh,ssp585,2020-2040,tx90p_hot_days_pct,75,75,100.0
state,Uttar Pradesh,ssp585,2040-2060,tas_annual_mean,75,75,100.0
state,Uttar Pradesh,ssp585,2040-2060,tasmax_summer_mean,75,75,100.0
state,Uttar Pradesh,ssp585,2040-2060,tas_summer_mean,75,75,100.0
state,Uttar Pradesh,ssp585,2040-2060,txx_annual_max,75,75,100.0
state,Uttar Pradesh,ssp585,2040-2060,tn90p_warm_nights_pct,75,75,100.0
state,Uttar Pradesh,ssp585,2040-2060,hwa_heatwave_amplitude,75,75,100.0
state,Uttar Pradesh,ssp585,2040-2060,txge30_hot_days,75,75,100.0
state,Uttar Pradesh,ssp585,2040-2060,txge35_extreme_heat_days,75,75,100.0
state,Uttar Pradesh,ssp585,2040-2060,tasmin_tropical_nights_gt25,75,75,100.0
state,Uttar Pradesh,ssp585,2040-2060,hwfi_tmean_90p,75,75,100.0
state,Uttar Pradesh,ssp585,2040-2060,hwfi_events_tmean_90p,75,75,100.0
state,Uttar Pradesh,ssp585,2040-2060,wsdi_warm_spell_days,75,75,100.0
state,Uttar Pradesh,ssp585,2040-2060,tnx_annual_max,75,75,100.0
state,Uttar Pradesh,ssp585,2040-2060,tx90p_hot_days_pct,75,75,100.0
state,Uttar Pradesh,ssp585,2060-2080,tas_annual_mean,75,75,100.0
state,Uttar Pradesh,ssp585,2060-2080,tasmax_summer_mean,75,75,100.0
state,Uttar Pradesh,ssp585,2060-2080,tas_summer_mean,75,75,100.0
state,Uttar Pradesh,ssp585,2060-2080,txx_annual_max,75,75,100.0
state,Uttar Pradesh,ssp585,2060-2080,tn90p_warm_nights_pct,75,75,100.0
state,Uttar Pradesh,ssp585,2060-2080,hwa_heatwave_amplitude,75,75,100.0
state,Uttar Pradesh,ssp585,2060-2080,txge30_hot_days,75,75,100.0
state,Uttar Pradesh,ssp585,2060-2080,txge35_extreme_heat_days,75,75,100.0
state,Uttar Pradesh,ssp585,2060-2080,tasmin_tropical_nights_gt25,75,75,100.0
state,Uttar Pradesh,ssp585,2060-2080,hwfi_tmean_90p,75,75,100.0
state,Uttar Pradesh,ssp585,2060-2080,hwfi_events_tmean_90p,75,75,100.0
state,Uttar Pradesh,ssp585,2060-2080,wsdi_warm_spell_days,75,75,100.0
state,Uttar Pradesh,ssp585,2060-2080,tnx_annual_max,75,75,100.0
state,Uttar Pradesh,ssp585,2060-2080,tx90p_hot_days_pct,75,75,100.0
state,Uttarakhand,historical,1990-2010,tas_annual_mean,13,13,100.0
state,Uttarakhand,historical,1990-2010,tasmax_summer_mean,13,13,100.0
state,Uttarakhand,historical,1990-2010,tas_summer_mean,13,13,100.0
state,Uttarakhand,historical,1990-2010,txx_annual_max,13,13,100.0
state,Uttarakhand,historical,1990-2010,tn90p_warm_nights_pct,13,13,100.0
state,Uttarakhand,historical,1990-2010,hwa_heatwave_amplitude,13,13,100.0
state,Uttarakhand,historical,1990-2010,txge30_hot_days,13,13,100.0
state,Uttarakhand,historical,1990-2010,txge35_extreme_heat_days,13,13,100.0
state,Uttarakhand,historical,1990-2010,tasmin_tropical_nights_gt25,13,13,100.0
state,Uttarakhand,historical,1990-2010,hwfi_tmean_90p,13,13,100.0
state,Uttarakhand,historical,1990-2010,hwfi_events_tmean_90p,13,13,100.0
state,Uttarakhand,historical,1990-2010,wsdi_warm_spell_days,13,13,100.0
state,Uttarakhand,historical,1990-2010,tnx_annual_max,13,13,100.0
state,Uttarakhand,historical,1990-2010,tx90p_hot_days_pct,13,13,100.0
state,Uttarakhand,ssp245,2020-2040,tas_annual_mean,13,13,100.0
state,Uttarakhand,ssp245,2020-2040,tasmax_summer_mean,13,13,100.0
state,Uttarakhand,ssp245,2020-2040,tas_summer_mean,13,13,100.0
state,Uttarakhand,ssp245,2020-2040,txx_annual_max,13,13,100.0
state,Uttarakhand,ssp245,2020-2040,tn90p_warm_nights_pct,13,13,100.0
state,Uttarakhand,ssp245,2020-2040,hwa_heatwave_amplitude,13,13,100.0
state,Uttarakhand,ssp245,2020-2040,txge30_hot_days,13,13,100.0
state,Uttarakhand,ssp245,2020-2040,txge35_extreme_heat_days,13,13,100.0
state,Uttarakhand,ssp245,2020-2040,tasmin_tropical_nights_gt25,13,13,100.0
state,Uttarakhand,ssp245,2020-2040,hwfi_tmean_90p,13,13,100.0
state,Uttarakhand,ssp245,2020-2040,hwfi_events_tmean_90p,13,13,100.0
state,Uttarakhand,ssp245,2020-2040,wsdi_warm_spell_days,13,13,100.0
state,Uttarakhand,ssp245,2020-2040,tnx_annual_max,13,13,100.0
state,Uttarakhand,ssp245,2020-2040,tx90p_hot_days_pct,13,13,100.0
state,Uttarakhand,ssp245,2040-2060,tas_annual_mean,13,13,100.0
state,Uttarakhand,ssp245,2040-2060,tasmax_summer_mean,13,13,100.0
state,Uttarakhand,ssp245,2040-2060,tas_summer_mean,13,13,100.0
state,Uttarakhand,ssp245,2040-2060,txx_annual_max,13,13,100.0
state,Uttarakhand,ssp245,2040-2060,tn90p_warm_nights_pct,13,13,100.0
state,Uttarakhand,ssp245,2040-2060,hwa_heatwave_amplitude,13,13,100.0
state,Uttarakhand,ssp245,2040-2060,txge30_hot_days,13,13,100.0
state,Uttarakhand,ssp245,2040-2060,txge35_extreme_heat_days,13,13,100.0
state,Uttarakhand,ssp245,2040-2060,tasmin_tropical_nights_gt25,13,13,100.0
state,Uttarakhand,ssp245,2040-2060,hwfi_tmean_90p,13,13,100.0
state,Uttarakhand,ssp245,2040-2060,hwfi_events_tmean_90p,13,13,100.0
state,Uttarakhand,ssp245,2040-2060,wsdi_warm_spell_days,13,13,100.0
state,Uttarakhand,ssp245,2040-2060,tnx_annual_max,13,13,100.0
state,Uttarakhand,ssp245,2040-2060,tx90p_hot_days_pct,13,13,100.0
state,Uttarakhand,ssp245,2060-2080,tas_annual_mean,13,13,100.0
state,Uttarakhand,ssp245,2060-2080,tasmax_summer_mean,13,13,100.0
state,Uttarakhand,ssp245,2060-2080,tas_summer_mean,13,13,100.0
state,Uttarakhand,ssp245,2060-2080,txx_annual_max,13,13,100.0
state,Uttarakhand,ssp245,2060-2080,tn90p_warm_nights_pct,13,13,100.0
state,Uttarakhand,ssp245,2060-2080,hwa_heatwave_amplitude,13,13,100.0
state,Uttarakhand,ssp245,2060-2080,txge30_hot_days,13,13,100.0
state,Uttarakhand,ssp245,2060-2080,txge35_extreme_heat_days,13,13,100.0
state,Uttarakhand,ssp245,2060-2080,tasmin_tropical_nights_gt25,13,13,100.0
state,Uttarakhand,ssp245,2060-2080,hwfi_tmean_90p,13,13,100.0
state,Uttarakhand,ssp245,2060-2080,hwfi_events_tmean_90p,13,13,100.0
state,Uttarakhand,ssp245,2060-2080,wsdi_warm_spell_days,13,13,100.0
state,Uttarakhand,ssp245,2060-2080,tnx_annual_max,13,13,100.0
state,Uttarakhand,ssp245,2060-2080,tx90p_hot_days_pct,13,13,100.0
state,Uttarakhand,ssp585,2020-2040,tas_annual_mean,13,13,100.0
state,Uttarakhand,ssp585,2020-2040,tasmax_summer_mean,13,13,100.0
state,Uttarakhand,ssp585,2020-2040,tas_summer_mean,13,13,100.0
state,Uttarakhand,ssp585,2020-2040,txx_annual_max,13,13,100.0
state,Uttarakhand,ssp585,2020-2040,tn90p_warm_nights_pct,13,13,100.0
state,Uttarakhand,ssp585,2020-2040,hwa_heatwave_amplitude,13,13,100.0
state,Uttarakhand,ssp585,2020-2040,txge30_hot_days,13,13,100.0
state,Uttarakhand,ssp585,2020-2040,txge35_extreme_heat_days,13,13,100.0
state,Uttarakhand,ssp585,2020-2040,tasmin_tropical_nights_gt25,13,13,100.0
state,Uttarakhand,ssp585,2020-2040,hwfi_tmean_90p,13,13,100.0
state,Uttarakhand,ssp585,2020-2040,hwfi_events_tmean_90p,13,13,100.0
state,Uttarakhand,ssp585,2020-2040,wsdi_warm_spell_days,13,13,100.0
state,Uttarakhand,ssp585,2020-2040,tnx_annual_max,13,13,100.0
state,Uttarakhand,ssp585,2020-2040,tx90p_hot_days_pct,13,13,100.0
state,Uttarakhand,ssp585,2040-2060,tas_annual_mean,13,13,100.0
state,Uttarakhand,ssp585,2040-2060,tasmax_summer_mean,13,13,100.0
state,Uttarakhand,ssp585,2040-2060,tas_summer_mean,13,13,100.0
state,Uttarakhand,ssp585,2040-2060,txx_annual_max,13,13,100.0
state,Uttarakhand,ssp585,2040-2060,tn90p_warm_nights_pct,13,13,100.0
state,Uttarakhand,ssp585,2040-2060,hwa_heatwave_amplitude,13,13,100.0
state,Uttarakhand,ssp585,2040-2060,txge30_hot_days,13,13,100.0
state,Uttarakhand,ssp585,2040-2060,txge35_extreme_heat_days,13,13,100.0
state,Uttarakhand,ssp585,2040-2060,tasmin_tropical_nights_gt25,13,13,100.0
state,Uttarakhand,ssp585,2040-2060,hwfi_tmean_90p,13,13,100.0
state,Uttarakhand,ssp585,2040-2060,hwfi_events_tmean_90p,13,13,100.0
state,Uttarakhand,ssp585,2040-2060,wsdi_warm_spell_days,13,13,100.0
state,Uttarakhand,ssp585,2040-2060,tnx_annual_max,13,13,100.0
state,Uttarakhand,ssp585,2040-2060,tx90p_hot_days_pct,13,13,100.0
state,Uttarakhand,ssp585,2060-2080,tas_annual_mean,13,13,100.0
state,Uttarakhand,ssp585,2060-2080,tasmax_summer_mean,13,13,100.0
state,Uttarakhand,ssp585,2060-2080,tas_summer_mean,13,13,100.0
state,Uttarakhand,ssp585,2060-2080,txx_annual_max,13,13,100.0
state,Uttarakhand,ssp585,2060-2080,tn90p_warm_nights_pct,13,13,100.0
state,Uttarakhand,ssp585,2060-2080,hwa_heatwave_amplitude,13,13,100.0
state,Uttarakhand,ssp585,2060-2080,txge30_hot_days,13,13,100.0
state,Uttarakhand,ssp585,2060-2080,txge35_extreme_heat_days,13,13,100.0
state,Uttarakhand,ssp585,2060-2080,tasmin_tropical_nights_gt25,13,13,100.0
state,Uttarakhand,ssp585,2060-2080,hwfi_tmean_90p,13,13,100.0
state,Uttarakhand,ssp585,2060-2080,hwfi_events_tmean_90p,13,13,100.0
state,Uttarakhand,ssp585,2060-2080,wsdi_warm_spell_days,13,13,100.0
state,Uttarakhand,ssp585,2060-2080,tnx_annual_max,13,13,100.0
state,Uttarakhand,ssp585,2060-2080,tx90p_hot_days_pct,13,13,100.0
state,West Bengal,historical,1990-2010,tas_annual_mean,23,23,100.0
state,West Bengal,historical,1990-2010,tasmax_summer_mean,23,23,100.0
state,West Bengal,historical,1990-2010,tas_summer_mean,23,23,100.0
state,West Bengal,historical,1990-2010,txx_annual_max,23,23,100.0
state,West Bengal,historical,1990-2010,tn90p_warm_nights_pct,23,23,100.0
state,West Bengal,historical,1990-2010,hwa_heatwave_amplitude,23,23,100.0
state,West Bengal,historical,1990-2010,txge30_hot_days,23,23,100.0
state,West Bengal,historical,1990-2010,txge35_extreme_heat_days,23,23,100.0
state,West Bengal,historical,1990-2010,tasmin_tropical_nights_gt25,23,23,100.0
state,West Bengal,historical,1990-2010,hwfi_tmean_90p,23,23,100.0
state,West Bengal,historical,1990-2010,hwfi_events_tmean_90p,23,23,100.0
state,West Bengal,historical,1990-2010,wsdi_warm_spell_days,23,23,100.0
state,West Bengal,historical,1990-2010,tnx_annual_max,23,23,100.0
state,West Bengal,historical,1990-2010,tx90p_hot_days_pct,23,23,100.0
state,West Bengal,ssp245,2020-2040,tas_annual_mean,23,23,100.0
state,West Bengal,ssp245,2020-2040,tasmax_summer_mean,23,23,100.0
state,West Bengal,ssp245,2020-2040,tas_summer_mean,23,23,100.0
state,West Bengal,ssp245,2020-2040,txx_annual_max,23,23,100.0
state,West Bengal,ssp245,2020-2040,tn90p_warm_nights_pct,23,23,100.0
state,West Bengal,ssp245,2020-2040,hwa_heatwave_amplitude,23,23,100.0
state,West Bengal,ssp245,2020-2040,txge30_hot_days,23,23,100.0
state,West Bengal,ssp245,2020-2040,txge35_extreme_heat_days,23,23,100.0
state,West Bengal,ssp245,2020-2040,tasmin_tropical_nights_gt25,23,23,100.0
state,West Bengal,ssp245,2020-2040,hwfi_tmean_90p,23,23,100.0
state,West Bengal,ssp245,2020-2040,hwfi_events_tmean_90p,23,23,100.0
state,West Bengal,ssp245,2020-2040,wsdi_warm_spell_days,23,23,100.0
state,West Bengal,ssp245,2020-2040,tnx_annual_max,23,23,100.0
state,West Bengal,ssp245,2020-2040,tx90p_hot_days_pct,23,23,100.0
state,West Bengal,ssp245,2040-2060,tas_annual_mean,23,23,100.0
state,West Bengal,ssp245,2040-2060,tasmax_summer_mean,23,23,100.0
state,West Bengal,ssp245,2040-2060,tas_summer_mean,23,23,100.0
state,West Bengal,ssp245,2040-2060,txx_annual_max,23,23,100.0
state,West Bengal,ssp245,2040-2060,tn90p_warm_nights_pct,23,23,100.0
state,West Bengal,ssp245,2040-2060,hwa_heatwave_amplitude,23,23,100.0
state,West Bengal,ssp245,2040-2060,txge30_hot_days,23,23,100.0
state,West Bengal,ssp245,2040-2060,txge35_extreme_heat_days,23,23,100.0
state,West Bengal,ssp245,2040-2060,tasmin_tropical_nights_gt25,23,23,100.0
state,West Bengal,ssp245,2040-2060,hwfi_tmean_90p,23,23,100.0
state,West Bengal,ssp245,2040-2060,hwfi_events_tmean_90p,23,23,100.0
state,West Bengal,ssp245,2040-2060,wsdi_warm_spell_days,23,23,100.0
state,West Bengal,ssp245,2040-2060,tnx_annual_max,23,23,100.0
state,West Bengal,ssp245,2040-2060,tx90p_hot_days_pct,23,23,100.0
state,West Bengal,ssp245,2060-2080,tas_annual_mean,23,23,100.0
state,West Bengal,ssp245,2060-2080,tasmax_summer_mean,23,23,100.0
state,West Bengal,ssp245,2060-2080,tas_summer_mean,23,23,100.0
state,West Bengal,ssp245,2060-2080,txx_annual_max,23,23,100.0
state,West Bengal,ssp245,2060-2080,tn90p_warm_nights_pct,23,23,100.0
state,West Bengal,ssp245,2060-2080,hwa_heatwave_amplitude,23,23,100.0
state,West Bengal,ssp245,2060-2080,txge30_hot_days,23,23,100.0
state,West Bengal,ssp245,2060-2080,txge35_extreme_heat_days,23,23,100.0
state,West Bengal,ssp245,2060-2080,tasmin_tropical_nights_gt25,23,23,100.0
state,West Bengal,ssp245,2060-2080,hwfi_tmean_90p,23,23,100.0
state,West Bengal,ssp245,2060-2080,hwfi_events_tmean_90p,23,23,100.0
state,West Bengal,ssp245,2060-2080,wsdi_warm_spell_days,23,23,100.0
state,West Bengal,ssp245,2060-2080,tnx_annual_max,23,23,100.0
state,West Bengal,ssp245,2060-2080,tx90p_hot_days_pct,23,23,100.0
state,West Bengal,ssp585,2020-2040,tas_annual_mean,23,23,100.0
state,West Bengal,ssp585,2020-2040,tasmax_summer_mean,23,23,100.0
state,West Bengal,ssp585,2020-2040,tas_summer_mean,23,23,100.0
state,West Bengal,ssp585,2020-2040,txx_annual_max,23,23,100.0
state,West Bengal,ssp585,2020-2040,tn90p_warm_nights_pct,23,23,100.0
state,West Bengal,ssp585,2020-2040,hwa_heatwave_amplitude,23,23,100.0
state,West Bengal,ssp585,2020-2040,txge30_hot_days,23,23,100.0
state,West Bengal,ssp585,2020-2040,txge35_extreme_heat_days,23,23,100.0
state,West Bengal,ssp585,2020-2040,tasmin_tropical_nights_gt25,23,23,100.0
state,West Bengal,ssp585,2020-2040,hwfi_tmean_90p,23,23,100.0
state,West Bengal,ssp585,2020-2040,hwfi_events_tmean_90p,23,23,100.0
state,West Bengal,ssp585,2020-2040,wsdi_warm_spell_days,23,23,100.0
state,West Bengal,ssp585,2020-2040,tnx_annual_max,23,23,100.0
state,West Bengal,ssp585,2020-2040,tx90p_hot_days_pct,23,23,100.0
state,West Bengal,ssp585,2040-2060,tas_annual_mean,23,23,100.0
state,West Bengal,ssp585,2040-2060,tasmax_summer_mean,23,23,100.0
state,West Bengal,ssp585,2040-2060,tas_summer_mean,23,23,100.0
state,West Bengal,ssp585,2040-2060,txx_annual_max,23,23,100.0
state,West Bengal,ssp585,2040-2060,tn90p_warm_nights_pct,23,23,100.0
state,West Bengal,ssp585,2040-2060,hwa_heatwave_amplitude,23,23,100.0
state,West Bengal,ssp585,2040-2060,txge30_hot_days,23,23,100.0
state,West Bengal,ssp585,2040-2060,txge35_extreme_heat_days,23,23,100.0
state,West Bengal,ssp585,2040-2060,tasmin_tropical_nights_gt25,23,23,100.0
state,West Bengal,ssp585,2040-2060,hwfi_tmean_90p,23,23,100.0
state,West Bengal,ssp585,2040-2060,hwfi_events_tmean_90p,23,23,100.0
state,West Bengal,ssp585,2040-2060,wsdi_warm_spell_days,23,23,100.0
state,West Bengal,ssp585,2040-2060,tnx_annual_max,23,23,100.0
state,West Bengal,ssp585,2040-2060,tx90p_hot_days_pct,23,23,100.0
state,West Bengal,ssp585,2060-2080,tas_annual_mean,23,23,100.0
state,West Bengal,ssp585,2060-2080,tasmax_summer_mean,23,23,100.0
state,West Bengal,ssp585,2060-2080,tas_summer_mean,23,23,100.0
state,West Bengal,ssp585,2060-2080,txx_annual_max,23,23,100.0
state,West Bengal,ssp585,2060-2080,tn90p_warm_nights_pct,23,23,100.0
state,West Bengal,ssp585,2060-2080,hwa_heatwave_amplitude,23,23,100.0
state,West Bengal,ssp585,2060-2080,txge30_hot_days,23,23,100.0
state,West Bengal,ssp585,2060-2080,txge35_extreme_heat_days,23,23,100.0
state,West Bengal,ssp585,2060-2080,tasmin_tropical_nights_gt25,23,23,100.0
state,West Bengal,ssp585,2060-2080,hwfi_tmean_90p,23,23,100.0
state,West Bengal,ssp585,2060-2080,hwfi_events_tmean_90p,23,23,100.0
state,West Bengal,ssp585,2060-2080,wsdi_warm_spell_days,23,23,100.0
state,West Bengal,ssp585,2060-2080,tnx_annual_max,23,23,100.0
state,West Bengal,ssp585,2060-2080,tx90p_hot_days_pct,23,23,100.0
national,__ALL_STATES__,historical,1990-2010,tas_annual_mean,784,784,100.0
national,__ALL_STATES__,historical,1990-2010,tasmax_summer_mean,784,784,100.0
national,__ALL_STATES__,historical,1990-2010,tas_summer_mean,784,784,100.0
national,__ALL_STATES__,historical,1990-2010,txx_annual_max,784,784,100.0
national,__ALL_STATES__,historical,1990-2010,tn90p_warm_nights_pct,784,784,100.0
national,__ALL_STATES__,historical,1990-2010,hwa_heatwave_amplitude,784,784,100.0
national,__ALL_STATES__,historical,1990-2010,txge30_hot_days,784,784,100.0
national,__ALL_STATES__,historical,1990-2010,txge35_extreme_heat_days,784,784,100.0
national,__ALL_STATES__,historical,1990-2010,tasmin_tropical_nights_gt25,784,784,100.0
national,__ALL_STATES__,historical,1990-2010,hwfi_tmean_90p,784,784,100.0
national,__ALL_STATES__,historical,1990-2010,hwfi_events_tmean_90p,784,784,100.0
national,__ALL_STATES__,historical,1990-2010,wsdi_warm_spell_days,784,784,100.0
national,__ALL_STATES__,historical,1990-2010,tnx_annual_max,784,784,100.0
national,__ALL_STATES__,historical,1990-2010,tx90p_hot_days_pct,784,784,100.0
national,__ALL_STATES__,ssp245,2020-2040,tas_annual_mean,784,784,100.0
national,__ALL_STATES__,ssp245,2020-2040,tasmax_summer_mean,784,784,100.0
national,__ALL_STATES__,ssp245,2020-2040,tas_summer_mean,784,784,100.0
national,__ALL_STATES__,ssp245,2020-2040,txx_annual_max,784,784,100.0
national,__ALL_STATES__,ssp245,2020-2040,tn90p_warm_nights_pct,784,784,100.0
national,__ALL_STATES__,ssp245,2020-2040,hwa_heatwave_amplitude,784,784,100.0
national,__ALL_STATES__,ssp245,2020-2040,txge30_hot_days,784,784,100.0
national,__ALL_STATES__,ssp245,2020-2040,txge35_extreme_heat_days,784,784,100.0
national,__ALL_STATES__,ssp245,2020-2040,tasmin_tropical_nights_gt25,784,784,100.0
national,__ALL_STATES__,ssp245,2020-2040,hwfi_tmean_90p,784,784,100.0
national,__ALL_STATES__,ssp245,2020-2040,hwfi_events_tmean_90p,784,784,100.0
national,__ALL_STATES__,ssp245,2020-2040,wsdi_warm_spell_days,784,784,100.0
national,__ALL_STATES__,ssp245,2020-2040,tnx_annual_max,784,784,100.0
national,__ALL_STATES__,ssp245,2020-2040,tx90p_hot_days_pct,784,784,100.0
national,__ALL_STATES__,ssp245,2040-2060,tas_annual_mean,784,784,100.0
national,__ALL_STATES__,ssp245,2040-2060,tasmax_summer_mean,784,784,100.0
national,__ALL_STATES__,ssp245,2040-2060,tas_summer_mean,784,784,100.0
national,__ALL_STATES__,ssp245,2040-2060,txx_annual_max,784,784,100.0
national,__ALL_STATES__,ssp245,2040-2060,tn90p_warm_nights_pct,784,784,100.0
national,__ALL_STATES__,ssp245,2040-2060,hwa_heatwave_amplitude,784,784,100.0
national,__ALL_STATES__,ssp245,2040-2060,txge30_hot_days,784,784,100.0
national,__ALL_STATES__,ssp245,2040-2060,txge35_extreme_heat_days,784,784,100.0
national,__ALL_STATES__,ssp245,2040-2060,tasmin_tropical_nights_gt25,784,784,100.0
national,__ALL_STATES__,ssp245,2040-2060,hwfi_tmean_90p,784,784,100.0
national,__ALL_STATES__,ssp245,2040-2060,hwfi_events_tmean_90p,784,784,100.0
national,__ALL_STATES__,ssp245,2040-2060,wsdi_warm_spell_days,784,784,100.0
national,__ALL_STATES__,ssp245,2040-2060,tnx_annual_max,784,784,100.0
national,__ALL_STATES__,ssp245,2040-2060,tx90p_hot_days_pct,784,784,100.0
national,__ALL_STATES__,ssp245,2060-2080,tas_annual_mean,784,784,100.0
national,__ALL_STATES__,ssp245,2060-2080,tasmax_summer_mean,784,784,100.0
national,__ALL_STATES__,ssp245,2060-2080,tas_summer_mean,784,784,100.0
national,__ALL_STATES__,ssp245,2060-2080,txx_annual_max,784,784,100.0
national,__ALL_STATES__,ssp245,2060-2080,tn90p_warm_nights_pct,784,784,100.0
national,__ALL_STATES__,ssp245,2060-2080,hwa_heatwave_amplitude,784,784,100.0
national,__ALL_STATES__,ssp245,2060-2080,txge30_hot_days,784,784,100.0
national,__ALL_STATES__,ssp245,2060-2080,txge35_extreme_heat_days,784,784,100.0
national,__ALL_STATES__,ssp245,2060-2080,tasmin_tropical_nights_gt25,784,784,100.0
national,__ALL_STATES__,ssp245,2060-2080,hwfi_tmean_90p,784,784,100.0
national,__ALL_STATES__,ssp245,2060-2080,hwfi_events_tmean_90p,784,784,100.0
national,__ALL_STATES__,ssp245,2060-2080,wsdi_warm_spell_days,784,784,100.0
national,__ALL_STATES__,ssp245,2060-2080,tnx_annual_max,784,784,100.0
national,__ALL_STATES__,ssp245,2060-2080,tx90p_hot_days_pct,784,784,100.0
national,__ALL_STATES__,ssp585,2020-2040,tas_annual_mean,784,784,100.0
national,__ALL_STATES__,ssp585,2020-2040,tasmax_summer_mean,784,784,100.0
national,__ALL_STATES__,ssp585,2020-2040,tas_summer_mean,784,784,100.0
national,__ALL_STATES__,ssp585,2020-2040,txx_annual_max,784,784,100.0
national,__ALL_STATES__,ssp585,2020-2040,tn90p_warm_nights_pct,784,784,100.0
national,__ALL_STATES__,ssp585,2020-2040,hwa_heatwave_amplitude,784,784,100.0
national,__ALL_STATES__,ssp585,2020-2040,txge30_hot_days,784,784,100.0
national,__ALL_STATES__,ssp585,2020-2040,txge35_extreme_heat_days,784,784,100.0
national,__ALL_STATES__,ssp585,2020-2040,tasmin_tropical_nights_gt25,784,784,100.0
national,__ALL_STATES__,ssp585,2020-2040,hwfi_tmean_90p,784,784,100.0
national,__ALL_STATES__,ssp585,2020-2040,hwfi_events_tmean_90p,784,784,100.0
national,__ALL_STATES__,ssp585,2020-2040,wsdi_warm_spell_days,784,784,100.0
national,__ALL_STATES__,ssp585,2020-2040,tnx_annual_max,784,784,100.0
national,__ALL_STATES__,ssp585,2020-2040,tx90p_hot_days_pct,784,784,100.0
national,__ALL_STATES__,ssp585,2040-2060,tas_annual_mean,784,784,100.0
national,__ALL_STATES__,ssp585,2040-2060,tasmax_summer_mean,784,784,100.0
national,__ALL_STATES__,ssp585,2040-2060,tas_summer_mean,784,784,100.0
national,__ALL_STATES__,ssp585,2040-2060,txx_annual_max,784,784,100.0
national,__ALL_STATES__,ssp585,2040-2060,tn90p_warm_nights_pct,784,784,100.0
national,__ALL_STATES__,ssp585,2040-2060,hwa_heatwave_amplitude,784,784,100.0
national,__ALL_STATES__,ssp585,2040-2060,txge30_hot_days,784,784,100.0
national,__ALL_STATES__,ssp585,2040-2060,txge35_extreme_heat_days,784,784,100.0
national,__ALL_STATES__,ssp585,2040-2060,tasmin_tropical_nights_gt25,784,784,100.0
national,__ALL_STATES__,ssp585,2040-2060,hwfi_tmean_90p,784,784,100.0
national,__ALL_STATES__,ssp585,2040-2060,hwfi_events_tmean_90p,784,784,100.0
national,__ALL_STATES__,ssp585,2040-2060,wsdi_warm_spell_days,784,784,100.0
national,__ALL_STATES__,ssp585,2040-2060,tnx_annual_max,784,784,100.0
national,__ALL_STATES__,ssp585,2040-2060,tx90p_hot_days_pct,784,784,100.0
national,__ALL_STATES__,ssp585,2060-2080,tas_annual_mean,784,784,100.0
national,__ALL_STATES__,ssp585,2060-2080,tasmax_summer_mean,784,784,100.0
national,__ALL_STATES__,ssp585,2060-2080,tas_summer_mean,784,784,100.0
national,__ALL_STATES__,ssp585,2060-2080,txx_annual_max,784,784,100.0
national,__ALL_STATES__,ssp585,2060-2080,tn90p_warm_nights_pct,784,784,100.0
national,__ALL_STATES__,ssp585,2060-2080,hwa_heatwave_amplitude,784,784,100.0
national,__ALL_STATES__,ssp585,2060-2080,txge30_hot_days,784,784,100.0
national,__ALL_STATES__,ssp585,2060-2080,txge35_extreme_heat_days,784,784,100.0
national,__ALL_STATES__,ssp585,2060-2080,tasmin_tropical_nights_gt25,784,784,100.0
national,__ALL_STATES__,ssp585,2060-2080,hwfi_tmean_90p,784,784,100.0
national,__ALL_STATES__,ssp585,2060-2080,hwfi_events_tmean_90p,784,784,100.0
national,__ALL_STATES__,ssp585,2060-2080,wsdi_warm_spell_days,784,784,100.0
national,__ALL_STATES__,ssp585,2060-2080,tnx_annual_max,784,784,100.0
national,__ALL_STATES__,ssp585,2060-2080,tx90p_hot_days_pct,784,784,100.0
