state_name,level,unit_key,model,year,run,full_polygon_area_m2,represented_area_m2,valid_area_m2,represented_fraction,valid_fraction_of_represented,valid_fraction_of_full,n_cells_total,n_cells_valid,n_cells_invalid,coverage_class,coverage_screen,coverage_screen_denominator
Kerala,district,Alappuzha,ACCESS-CM2,2005,baseline,1420236627.950765,1420236627.9507627,1420236627.9507627,0.9999999999999984,1.0,0.9999999999999984,7,7,0,meets_screen,0.99,valid_fraction_of_represented
Kerala,district,Ernakulam,ACCESS-CM2,2005,baseline,3060009803.197437,3060009803.1974363,3060009803.1974363,0.9999999999999999,1.0,0.9999999999999999,13,13,0,meets_screen,0.99,valid_fraction_of_represented
Kerala,district,Idukki,ACCESS-CM2,2005,baseline,4357177185.701096,4357177185.701115,4357177185.701115,1.0000000000000044,1.0,1.0000000000000044,15,15,0,meets_screen,0.99,valid_fraction_of_represented
Kerala,district,Kannur,ACCESS-CM2,2005,baseline,2967054691.329042,2967054691.3290467,2967054691.3290467,1.0000000000000016,1.0,1.0000000000000016,11,11,0,meets_screen,0.99,valid_fraction_of_represented
Kerala,district,Kasaragod,ACCESS-CM2,2005,baseline,1992841240.1568546,1992841240.1568568,1984838078.5906842,1.000000000000001,0.9959840445867415,0.9959840445867426,10,9,1,meets_screen,0.99,valid_fraction_of_represented
Kerala,district,Kollam,ACCESS-CM2,2005,baseline,2483976353.903636,2483976353.903635,2483976353.903635,0.9999999999999997,1.0,0.9999999999999997,8,8,0,meets_screen,0.99,valid_fraction_of_represented
Kerala,district,Kottayam,ACCESS-CM2,2005,baseline,2205766742.934229,2205766742.934219,2205766742.934219,0.9999999999999954,1.0,0.9999999999999954,9,9,0,meets_screen,0.99,valid_fraction_of_represented
Kerala,district,Kozhikode,ACCESS-CM2,2005,baseline,2348430249.330552,2348430249.330545,2348430249.330545,0.999999999999997,1.0,0.999999999999997,9,9,0,meets_screen,0.99,valid_fraction_of_represented
Kerala,district,Malappuram,ACCESS-CM2,2005,baseline,3554907208.0070486,3554907208.007041,3554907208.007041,0.9999999999999979,1.0,0.9999999999999979,14,14,0,meets_screen,0.99,valid_fraction_of_represented
Kerala,district,Palakkad,ACCESS-CM2,2005,baseline,4482742329.27391,4482742329.273924,4482742329.273924,1.000000000000003,1.0,1.000000000000003,14,14,0,meets_screen,0.99,valid_fraction_of_represented
Kerala,district,Pathanamthitta,ACCESS-CM2,2005,baseline,2650920516.3045187,2650920516.304514,2650920516.304514,0.9999999999999982,1.0,0.9999999999999982,9,9,0,meets_screen,0.99,valid_fraction_of_represented
Kerala,district,Thiruvananthapuram,ACCESS-CM2,2005,baseline,2193070278.7542987,2193070278.7543035,2193070278.7543035,1.0000000000000022,1.0,1.0000000000000022,9,9,0,meets_screen,0.99,valid_fraction_of_represented
Kerala,district,Thrissur,ACCESS-CM2,2005,baseline,3021765148.574789,3021765148.5747895,3021765148.5747895,1.0000000000000002,1.0,1.0000000000000002,11,11,0,meets_screen,0.99,valid_fraction_of_represented
Kerala,district,Wayanad,ACCESS-CM2,2005,baseline,2131059614.0066578,2131059614.0066633,2131059614.0066633,1.0000000000000027,1.0,1.0000000000000027,7,7,0,meets_screen,0.99,valid_fraction_of_represented
Kerala,block,Alappuzha||Ambalappuzha,ACCESS-CM2,2005,baseline,87415766.85147066,87415766.85147078,87415766.85147078,1.0000000000000013,1.0,1.0000000000000013,1,1,0,meets_screen,0.99,valid_fraction_of_represented
Kerala,block,Alappuzha||Aryad,ACCESS-CM2,2005,baseline,85906893.71300294,85906893.71300279,85906893.71300279,0.9999999999999982,1.0,0.9999999999999982,2,2,0,meets_screen,0.99,valid_fraction_of_represented
Kerala,block,Alappuzha||Bharanicavu,ACCESS-CM2,2005,baseline,133047995.05349082,133047995.053491,133047995.053491,1.0000000000000013,1.0,1.0000000000000013,1,1,0,meets_screen,0.99,valid_fraction_of_represented
Kerala,block,Alappuzha||Champakulam,ACCESS-CM2,2005,baseline,174946819.19111267,174946819.1911126,174946819.1911126,0.9999999999999997,1.0,0.9999999999999997,3,3,0,meets_screen,0.99,valid_fraction_of_represented
Kerala,block,Alappuzha||Chengannur,ACCESS-CM2,2005,baseline,143188337.7754062,143188337.77540636,143188337.77540636,1.000000000000001,1.0,1.000000000000001,3,3,0,meets_screen,0.99,valid_fraction_of_represented
Kerala,block,Alappuzha||Harippad,ACCESS-CM2,2005,baseline,112097491.95683366,112097491.95683366,112097491.95683366,1.0,1.0,1.0,3,3,0,meets_screen,0.99,valid_fraction_of_represented
Kerala,block,Alappuzha||Kanjikkuzhy,ACCESS-CM2,2005,baseline,129468468.36571395,129468468.36571386,129468468.36571386,0.9999999999999993,1.0,0.9999999999999993,1,1,0,meets_screen,0.99,valid_fraction_of_represented
Kerala,block,Alappuzha||Mavelikkara,ACCESS-CM2,2005,baseline,98289059.26779906,98289059.26779926,98289059.26779926,1.000000000000002,1.0,1.000000000000002,4,4,0,meets_screen,0.99,valid_fraction_of_represented
Kerala,block,Alappuzha||Muthukulam,ACCESS-CM2,2005,baseline,119167562.20576803,119167562.20576802,119167562.20576802,0.9999999999999999,1.0,0.9999999999999999,4,4,0,meets_screen,0.99,valid_fraction_of_represented
Kerala,block,Alappuzha||Pattanakkad,ACCESS-CM2,2005,baseline,113751564.5261177,113751564.52611786,113751564.52611786,1.0000000000000013,1.0,1.0000000000000013,2,2,0,meets_screen,0.99,valid_fraction_of_represented
Kerala,block,Alappuzha||Thycattussery,ACCESS-CM2,2005,baseline,83859090.58114152,83859090.58114141,83859090.58114141,0.9999999999999988,1.0,0.9999999999999988,2,2,0,meets_screen,0.99,valid_fraction_of_represented
Kerala,block,Alappuzha||Veliyanad,ACCESS-CM2,2005,baseline,139097578.46290493,139097578.462905,139097578.462905,1.0000000000000004,1.0,1.0000000000000004,4,4,0,meets_screen,0.99,valid_fraction_of_represented
Kerala,block,Ernakulam||Alangad,ACCESS-CM2,2005,baseline,151863491.96723056,151863491.9672302,151863491.9672302,0.9999999999999977,1.0,0.9999999999999977,2,2,0,meets_screen,0.99,valid_fraction_of_represented
Kerala,block,Ernakulam||Angamali,ACCESS-CM2,2005,baseline,409869678.0773847,409869678.07738435,409869678.07738435,0.9999999999999991,1.0,0.9999999999999991,4,4,0,meets_screen,0.99,valid_fraction_of_represented
Kerala,block,Ernakulam||Edappally,ACCESS-CM2,2005,baseline,109537795.64352088,109537795.64352089,109537795.64352089,1.0000000000000002,1.0,1.0000000000000002,3,3,0,meets_screen,0.99,valid_fraction_of_represented
Kerala,block,Ernakulam||Koovappady,ACCESS-CM2,2005,baseline,194081841.1262866,194081841.1262865,194081841.1262865,0.9999999999999996,1.0,0.9999999999999996,2,2,0,meets_screen,0.99,valid_fraction_of_represented
Kerala,block,Ernakulam||Kothamangalam,ACCESS-CM2,2005,baseline,958390106.1437148,958390106.1437131,958390106.1437131,0.9999999999999982,1.0,0.9999999999999982,8,8,0,meets_screen,0.99,valid_fraction_of_represented
Kerala,block,Ernakulam||Mulanthuruthy,ACCESS-CM2,2005,baseline,184316457.45170557,184316457.45170534,184316457.45170534,0.9999999999999987,1.0,0.9999999999999987,2,2,0,meets_screen,0.99,valid_fraction_of_represented
Kerala,block,Ernakulam||Muvattupuzha,ACCESS-CM2,2005,baseline,219266348.5612048,219266348.56120464,219266348.56120464,0.9999999999999993,1.0,0.9999999999999993,2,2,0,meets_screen,0.99,valid_fraction_of_represented
Kerala,block,Ernakulam||Palluruthy,ACCESS-CM2,2005,baseline,62173586.26567686,62173586.26567684,62173586.26567684,0.9999999999999997,1.0,0.9999999999999997,2,2,0,meets_screen,0.99,valid_fraction_of_represented
Kerala,block,Ernakulam||Pampakuda,ACCESS-CM2,2005,baseline,218998079.08381382,218998079.0838137,218998079.0838137,0.9999999999999994,1.0,0.9999999999999994,2,2,0,meets_screen,0.99,valid_fraction_of_represented
Kerala,block,Ernakulam||Parakkadav,ACCESS-CM2,2005,baseline,93530523.34485711,93530523.34485708,93530523.34485708,0.9999999999999997,1.0,0.9999999999999997,2,2,0,meets_screen,0.99,valid_fraction_of_represented
Kerala,block,Ernakulam||Paravur,ACCESS-CM2,2005,baseline,78277144.51569949,78277144.5156995,78277144.5156995,1.0000000000000002,1.0,1.0000000000000002,2,2,0,meets_screen,0.99,valid_fraction_of_represented
Kerala,block,Ernakulam||Vadavucode,ACCESS-CM2,2005,baseline,206332272.71660697,206332272.71660694,206332272.71660694,0.9999999999999999,1.0,0.9999999999999999,4,4,0,meets_screen,0.99,valid_fraction_of_represented
Kerala,block,Ernakulam||Vazhakkulam,ACCESS-CM2,2005,baseline,75394266.39895922,75394266.39895916,75394266.39895916,0.9999999999999992,1.0,0.9999999999999992,1,1,0,meets_screen,0.99,valid_fraction_of_represented
Kerala,block,Ernakulam||Vypeen,ACCESS-CM2,2005,baseline,97978211.90077843,97978211.9007784,97978211.9007784,0.9999999999999997,1.0,0.9999999999999997,4,4,0,meets_screen,0.99,valid_fraction_of_represented
Kerala,block,Idukki||Adimaly,ACCESS-CM2,2005,baseline,439970540.7421799,439970540.7421797,439970540.7421797,0.9999999999999996,1.0,0.9999999999999996,4,4,0,meets_screen,0.99,valid_fraction_of_represented
Kerala,block,Idukki||Azhutha,ACCESS-CM2,2005,baseline,1246460033.999765,1246460033.999763,1246460033.999763,0.9999999999999984,1.0,0.9999999999999984,7,7,0,meets_screen,0.99,valid_fraction_of_represented
Kerala,block,Idukki||Devikulam,ACCESS-CM2,2005,baseline,991080965.2718492,991080965.2718499,991080965.2718499,1.0000000000000007,1.0,1.0000000000000007,7,7,0,meets_screen,0.99,valid_fraction_of_represented
Kerala,block,Idukki||Elemdesam,ACCESS-CM2,2005,baseline,314146733.56750333,314146733.56750375,314146733.56750375,1.0000000000000013,1.0,1.0000000000000013,3,3,0,meets_screen,0.99,valid_fraction_of_represented
Kerala,block,Idukki||Idukki,ACCESS-CM2,2005,baseline,530594847.9926911,530594847.99269235,530594847.99269235,1.0000000000000024,1.0,1.0000000000000024,5,5,0,meets_screen,0.99,valid_fraction_of_represented
Kerala,block,Idukki||Kattappana,ACCESS-CM2,2005,baseline,334551651.87412703,334551651.8741273,334551651.8741273,1.0000000000000009,1.0,1.0000000000000009,4,4,0,meets_screen,0.99,valid_fraction_of_represented
Kerala,block,Idukki||Nedumkandom,ACCESS-CM2,2005,baseline,340895687.2605217,340895687.26052195,340895687.26052195,1.0000000000000007,1.0,1.0000000000000007,3,3,0,meets_screen,0.99,valid_fraction_of_represented
Kerala,block,Idukki||Thodupuzha,ACCESS-CM2,2005,baseline,159476724.99247643,159476724.99247625,159476724.99247625,0.9999999999999989,1.0,0.9999999999999989,2,2,0,meets_screen,0.99,valid_fraction_of_represented
Kerala,block,Kannur||Edakkad,ACCESS-CM2,2005,baseline,174430761.43509558,174430761.43509537,174430761.43509537,0.9999999999999988,1.0,0.9999999999999988,2,2,0,meets_screen,0.99,valid_fraction_of_represented
Kerala,block,Kannur||Irikkur,ACCESS-CM2,2005,baseline,431805429.14267576,431805429.14267635,431805429.14267635,1.0000000000000013,1.0,1.0000000000000013,4,4,0,meets_screen,0.99,valid_fraction_of_represented
Kerala,block,Kannur||Iritty,ACCESS-CM2,2005,baseline,396466857.137435,396466857.13743514,396466857.13743514,1.0000000000000002,1.0,1.0000000000000002,5,5,0,meets_screen,0.99,valid_fraction_of_represented
Kerala,block,Kannur||Kalliasseri,ACCESS-CM2,2005,baseline,160242132.75086096,160242132.750861,160242132.750861,1.0000000000000002,1.0,1.0000000000000002,3,3,0,meets_screen,0.99,valid_fraction_of_represented
Kerala,block,Kannur||Kannur,ACCESS-CM2,2005,baseline,71758034.10124779,71758034.10124771,71758034.10124771,0.999999999999999,1.0,0.999999999999999,1,1,0,meets_screen,0.99,valid_fraction_of_represented
Kerala,block,Kannur||Kuthuparamba,ACCESS-CM2,2005,baseline,278539983.8018946,278539983.8018948,278539983.8018948,1.0000000000000007,1.0,1.0000000000000007,4,4,0,meets_screen,0.99,valid_fraction_of_represented
Kerala,block,Kannur||Panoor,ACCESS-CM2,2005,baseline,66988257.34362547,66988257.3436255,66988257.3436255,1.0000000000000004,1.0,1.0000000000000004,2,2,0,meets_screen,0.99,valid_fraction_of_represented
Kerala,block,Kannur||Payyannur,ACCESS-CM2,2005,baseline,439202469.3794375,439202469.3794371,439202469.3794371,0.999999999999999,1.0,0.999999999999999,3,3,0,meets_screen,0.99,valid_fraction_of_represented
Kerala,block,Kannur||Peravoor,ACCESS-CM2,2005,baseline,318385070.104917,318385070.1049171,318385070.1049171,1.0000000000000004,1.0,1.0000000000000004,2,2,0,meets_screen,0.99,valid_fraction_of_represented
Kerala,block,Kannur||Taliparamba,ACCESS-CM2,2005,baseline,526322492.52569383,526322492.52569425,526322492.52569425,1.0000000000000009,1.0,1.0000000000000009,5,5,0,meets_screen,0.99,valid_fraction_of_represented
Kerala,block,Kannur||Thalassery,ACCESS-CM2,2005,baseline,102913203.60616226,102913203.60616228,102913203.60616228,1.0000000000000002,1.0,1.0000000000000002,4,4,0,meets_screen,0.99,valid_fraction_of_represented
Kerala,block,Kasaragod||Kanhangad,ACCESS-CM2,2005,baseline,242092224.8980632,242092224.8980625,242092224.8980625,0.999999999999997,1.0,0.999999999999997,2,2,0,meets_screen,0.99,valid_fraction_of_represented
Kerala,block,Kasaragod||Karadka,ACCESS-CM2,2005,baseline,397107072.7855533,397107072.7855542,397107072.7855542,1.0000000000000022,1.0,1.0000000000000022,4,4,0,meets_screen,0.99,valid_fraction_of_represented
Kerala,block,Kasaragod||Kasargod,ACCESS-CM2,2005,baseline,152808192.89343247,152808192.8934325,144805031.32725972,1.0000000000000002,0.9476260963850667,0.9476260963850668,4,3,1,partial_coverage,0.99,valid_fraction_of_represented
Kerala,block,Kasaragod||Manjeshwar,ACCESS-CM2,2005,baseline,451184162.8235031,451184162.8235033,451184162.8235033,1.0000000000000004,1.0,1.0000000000000004,4,4,0,meets_screen,0.99,valid_fraction_of_represented
Kerala,block,Kasaragod||Nileshwar,ACCESS-CM2,2005,baseline,205667554.89018345,205667554.8901833,205667554.8901833,0.9999999999999992,1.0,0.9999999999999992,4,4,0,meets_screen,0.99,valid_fraction_of_represented
Kerala,block,Kasaragod||Parappa,ACCESS-CM2,2005,baseline,543982031.8661196,543982031.8661207,543982031.8661207,1.000000000000002,1.0,1.000000000000002,3,3,0,meets_screen,0.99,valid_fraction_of_represented
Kerala,block,Kollam||Anchal,ACCESS-CM2,2005,baseline,908273614.597915,908273614.5979147,908273614.5979147,0.9999999999999996,1.0,0.9999999999999996,5,5,0,meets_screen,0.99,valid_fraction_of_represented
Kerala,block,Kollam||Chadayamangalam,ACCESS-CM2,2005,baseline,247280954.52277812,247280954.5227781,247280954.5227781,0.9999999999999999,1.0,0.9999999999999999,2,2,0,meets_screen,0.99,valid_fraction_of_represented
Kerala,block,Kollam||Chavara,ACCESS-CM2,2005,baseline,101149615.61022,101149615.61021994,101149615.61021994,0.9999999999999994,1.0,0.9999999999999994,3,3,0,meets_screen,0.99,valid_fraction_of_represented
Kerala,block,Kollam||Chittumala,ACCESS-CM2,2005,baseline,157185120.43081588,157185120.43081596,157185120.43081596,1.0000000000000007,1.0,1.0000000000000007,2,2,0,meets_screen,0.99,valid_fraction_of_represented
Kerala,block,Kollam||Ithikkara,ACCESS-CM2,2005,baseline,148289972.95134524,148289972.9513451,148289972.9513451,0.999999999999999,1.0,0.999999999999999,2,2,0,meets_screen,0.99,valid_fraction_of_represented
Kerala,block,Kollam||Kottarakkara,ACCESS-CM2,2005,baseline,130650761.86365198,130650761.8636519,130650761.8636519,0.9999999999999994,1.0,0.9999999999999994,4,4,0,meets_screen,0.99,valid_fraction_of_represented
Kerala,block,Kollam||Mukhathala,ACCESS-CM2,2005,baseline,65612921.83507761,65612921.83507759,65612921.83507759,0.9999999999999997,1.0,0.9999999999999997,1,1,0,meets_screen,0.99,valid_fraction_of_represented
Kerala,block,Kollam||Oachira,ACCESS-CM2,2005,baseline,109736987.50981563,109736987.5098153,109736987.5098153,0.999999999999997,1.0,0.999999999999997,2,2,0,meets_screen,0.99,valid_fraction_of_represented
Kerala,block,Kollam||Pathanapuram,ACCESS-CM2,2005,baseline,321984510.05394113,321984510.0539413,321984510.0539413,1.0000000000000007,1.0,1.0000000000000007,3,3,0,meets_screen,0.99,valid_fraction_of_represented
Kerala,block,Kollam||Sasthamcottah,ACCESS-CM2,2005,baseline,118380971.04305314,118380971.04305314,118380971.04305314,1.0,1.0,1.0,2,2,0,meets_screen,0.99,valid_fraction_of_represented
Kerala,block,Kollam||Vettikkavala,ACCESS-CM2,2005,baseline,175430923.4850225,175430923.48502225,175430923.48502225,0.9999999999999987,1.0,0.9999999999999987,3,3,0,meets_screen,0.99,valid_fraction_of_represented
Kerala,block,Kottayam||Erattupetta,ACCESS-CM2,2005,baseline,262254295.9667908,262254295.96679074,262254295.96679074,0.9999999999999998,1.0,0.9999999999999998,4,4,0,meets_screen,0.99,valid_fraction_of_represented
Kerala,block,Kottayam||Ettumanoor,ACCESS-CM2,2005,baseline,143435864.68418294,143435864.68418306,143435864.68418306,1.0000000000000009,1.0,1.0000000000000009,2,2,0,meets_screen,0.99,valid_fraction_of_represented
Kerala,block,Kottayam||Kaduthuruthy,ACCESS-CM2,2005,baseline,190462524.9435782,190462524.94357803,190462524.94357803,0.9999999999999991,1.0,0.9999999999999991,4,4,0,meets_screen,0.99,valid_fraction_of_represented
Kerala,block,Kottayam||Kanjirappally,ACCESS-CM2,2005,baseline,362433144.14415777,362433144.1441581,362433144.1441581,1.0000000000000009,1.0,1.0000000000000009,3,3,0,meets_screen,0.99,valid_fraction_of_represented
Kerala,block,Kottayam||Lalam,ACCESS-CM2,2005,baseline,216039052.7149633,216039052.7149638,216039052.7149638,1.0000000000000024,1.0,1.0000000000000024,4,4,0,meets_screen,0.99,valid_fraction_of_represented
Kerala,block,Kottayam||Madappally,ACCESS-CM2,2005,baseline,158600106.3219866,158600106.3219865,158600106.3219865,0.9999999999999994,1.0,0.9999999999999994,4,4,0,meets_screen,0.99,valid_fraction_of_represented
Kerala,block,Kottayam||Pallom,ACCESS-CM2,2005,baseline,173658964.72448567,173658964.72448564,173658964.72448564,0.9999999999999998,1.0,0.9999999999999998,3,3,0,meets_screen,0.99,valid_fraction_of_represented
Kerala,block,Kottayam||Pampady,ACCESS-CM2,2005,baseline,228566923.3754,228566923.37540096,228566923.37540096,1.0000000000000042,1.0,1.0000000000000042,2,2,0,meets_screen,0.99,valid_fraction_of_represented
Kerala,block,Kottayam||Uzhavoor,ACCESS-CM2,2005,baseline,197092785.98281768,197092785.9828177,197092785.9828177,1.0000000000000002,1.0,1.0000000000000002,2,2,0,meets_screen,0.99,valid_fraction_of_represented
Kerala,block,Kottayam||Vaikom,ACCESS-CM2,2005,baseline,129974915.3552093,129974915.3552092,129974915.3552092,0.9999999999999992,1.0,0.9999999999999992,2,2,0,meets_screen,0.99,valid_fraction_of_represented
Kerala,block,Kottayam||Vazhoor,ACCESS-CM2,2005,baseline,143248164.72064623,143248164.72064638,143248164.72064638,1.000000000000001,1.0,1.000000000000001,4,4,0,meets_screen,0.99,valid_fraction_of_represented
Kerala,block,Kozhikode||Balusseri,ACCESS-CM2,2005,baseline,246438232.12302428,246438232.12302446,246438232.12302446,1.0000000000000007,1.0,1.0000000000000007,4,4,0,meets_screen,0.99,valid_fraction_of_represented
Kerala,block,Kozhikode||Chelannur,ACCESS-CM2,2005,baseline,141203641.5165951,141203641.51659504,141203641.51659504,0.9999999999999996,1.0,0.9999999999999996,2,2,0,meets_screen,0.99,valid_fraction_of_represented
Kerala,block,Kozhikode||Koduvally,ACCESS-CM2,2005,baseline,435295568.0031456,435295568.00314564,435295568.00314564,1.0000000000000002,1.0,1.0000000000000002,4,4,0,meets_screen,0.99,valid_fraction_of_represented
Kerala,block,Kozhikode||Kozhikode,ACCESS-CM2,2005,baseline,175430890.8128385,175430890.81283823,175430890.81283823,0.9999999999999984,1.0,0.9999999999999984,2,2,0,meets_screen,0.99,valid_fraction_of_represented
Kerala,block,Kozhikode||Kunnamangalam,ACCESS-CM2,2005,baseline,296591259.55253696,296591259.5525364,296591259.5525364,0.9999999999999982,1.0,0.9999999999999982,5,5,0,meets_screen,0.99,valid_fraction_of_represented
Kerala,block,Kozhikode||Kunnummal,ACCESS-CM2,2005,baseline,263421310.18075156,263421310.18075174,263421310.18075174,1.0000000000000007,1.0,1.0000000000000007,4,4,0,meets_screen,0.99,valid_fraction_of_represented
Kerala,block,Kozhikode||Melday,ACCESS-CM2,2005,baseline,82338306.48905317,82338306.48905319,82338306.48905319,1.0000000000000002,1.0,1.0000000000000002,2,2,0,meets_screen,0.99,valid_fraction_of_represented
Kerala,block,Kozhikode||Panthalayani,ACCESS-CM2,2005,baseline,76280530.1862793,76280530.18627933,76280530.18627933,1.0000000000000004,1.0,1.0000000000000004,4,4,0,meets_screen,0.99,valid_fraction_of_represented
Kerala,block,Kozhikode||Perambra,ACCESS-CM2,2005,baseline,318377720.0400578,318377720.0400582,318377720.0400582,1.0000000000000013,1.0,1.0000000000000013,2,2,0,meets_screen,0.99,valid_fraction_of_represented
Kerala,block,Kozhikode||Thodannur,ACCESS-CM2,2005,baseline,79613586.28223361,79613586.28223379,79613586.28223379,1.0000000000000022,1.0,1.0000000000000022,1,1,0,meets_screen,0.99,valid_fraction_of_represented
Kerala,block,Kozhikode||Thuneri,ACCESS-CM2,2005,baseline,143239618.27802882,143239618.27802873,143239618.27802873,0.9999999999999993,1.0,0.9999999999999993,3,3,0,meets_screen,0.99,valid_fraction_of_represented
Kerala,block,Kozhikode||Vadakara,ACCESS-CM2,2005,baseline,90199585.86599986,90199585.86599983,90199585.86599983,0.9999999999999997,1.0,0.9999999999999997,1,1,0,meets_screen,0.99,valid_fraction_of_represented
Kerala,block,Malappuram||Areakode,ACCESS-CM2,2005,baseline,233672198.90089715,233672198.9008971,233672198.9008971,0.9999999999999998,1.0,0.9999999999999998,4,4,0,meets_screen,0.99,valid_fraction_of_represented
Kerala,block,Malappuram||Kalikavu,ACCESS-CM2,2005,baseline,620411109.8107977,620411109.8107977,620411109.8107977,1.0,1.0,1.0,3,3,0,meets_screen,0.99,valid_fraction_of_represented
Kerala,block,Malappuram||Kondotty,ACCESS-CM2,2005,baseline,186600711.615691,186600711.61569095,186600711.61569095,0.9999999999999997,1.0,0.9999999999999997,3,3,0,meets_screen,0.99,valid_fraction_of_represented
Kerala,block,Malappuram||Kuttippuram,ACCESS-CM2,2005,baseline,162804233.3383511,162804233.33835104,162804233.33835104,0.9999999999999997,1.0,0.9999999999999997,2,2,0,meets_screen,0.99,valid_fraction_of_represented
Kerala,block,Malappuram||Malappuram,ACCESS-CM2,2005,baseline,215496329.8367947,215496329.8367946,215496329.8367946,0.9999999999999996,1.0,0.9999999999999996,4,4,0,meets_screen,0.99,valid_fraction_of_represented
Kerala,block,Malappuram||Mankada,ACCESS-CM2,2005,baseline,203102785.1476759,203102785.14767653,203102785.14767653,1.000000000000003,1.0,1.000000000000003,2,2,0,meets_screen,0.99,valid_fraction_of_represented
Kerala,block,Malappuram||Nilambur,ACCESS-CM2,2005,baseline,578406663.0060368,578406663.0060374,578406663.0060374,1.000000000000001,1.0,1.000000000000001,4,4,0,meets_screen,0.99,valid_fraction_of_represented
Kerala,block,Malappuram||Perinthalmanna,ACCESS-CM2,2005,baseline,277003716.5026441,277003716.50264424,277003716.50264424,1.0000000000000004,1.0,1.0000000000000004,4,4,0,meets_screen,0.99,valid_fraction_of_represented
Kerala,block,Malappuram||Perumpadappu,ACCESS-CM2,2005,baseline,92168517.49710119,92168517.49710117,92168517.49710117,0.9999999999999999,1.0,0.9999999999999999,4,4,0,meets_screen,0.99,valid_fraction_of_represented
Kerala,block,Malappuram||Ponnani,ACCESS-CM2,2005,baseline,109474618.19686218,109474618.1968622,109474618.1968622,1.0000000000000002,1.0,1.0000000000000002,4,4,0,meets_screen,0.99,valid_fraction_of_represented
Kerala,block,Malappuram||Tanur,ACCESS-CM2,2005,baseline,125896039.55120546,125896039.55120565,125896039.55120565,1.0000000000000016,1.0,1.0000000000000016,3,3,0,meets_screen,0.99,valid_fraction_of_represented
Kerala,block,Malappuram||Tirur,ACCESS-CM2,2005,baseline,120741278.4814491,120741278.4814492,120741278.4814492,1.0000000000000009,1.0,1.0000000000000009,2,2,0,meets_screen,0.99,valid_fraction_of_represented
Kerala,block,Malappuram||Tirurangadi,ACCESS-CM2,2005,baseline,141446219.36872154,141446219.36872175,141446219.36872175,1.0000000000000016,1.0,1.0000000000000016,2,2,0,meets_screen,0.99,valid_fraction_of_represented
Kerala,block,Malappuram||Vengara,ACCESS-CM2,2005,baseline,117757993.40516777,117757993.40516758,117757993.40516758,0.9999999999999983,1.0,0.9999999999999983,4,4,0,meets_screen,0.99,valid_fraction_of_represented
Kerala,block,Malappuram||Wandoor,ACCESS-CM2,2005,baseline,369924793.3476436,369924793.3476437,369924793.3476437,1.0000000000000002,1.0,1.0000000000000002,4,4,0,meets_screen,0.99,valid_fraction_of_represented
Kerala,block,Palakkad||Alathur,ACCESS-CM2,2005,baseline,370666520.83870995,370666520.83871007,370666520.83871007,1.0000000000000002,1.0,1.0000000000000002,4,4,0,meets_screen,0.99,valid_fraction_of_represented
Kerala,block,Palakkad||Attappadi,ACCESS-CM2,2005,baseline,737850840.7262989,737850840.7262989,737850840.7262989,1.0,1.0,1.0,4,4,0,meets_screen,0.99,valid_fraction_of_represented
Kerala,block,Palakkad||Chittur,ACCESS-CM2,2005,baseline,276002195.2675312,276002195.2675314,276002195.2675314,1.0000000000000007,1.0,1.0000000000000007,3,3,0,meets_screen,0.99,valid_fraction_of_represented
Kerala,block,Palakkad||Kollengode,ACCESS-CM2,2005,baseline,339642159.43496567,339642159.434967,339642159.434967,1.0000000000000038,1.0,1.0000000000000038,4,4,0,meets_screen,0.99,valid_fraction_of_represented
Kerala,block,Palakkad||Kuzhalmannam,ACCESS-CM2,2005,baseline,188664981.7842022,188664981.78420222,188664981.78420222,1.0000000000000002,1.0,1.0000000000000002,4,4,0,meets_screen,0.99,valid_fraction_of_represented
Kerala,block,Palakkad||Malampuzha,ACCESS-CM2,2005,baseline,459269593.7669041,459269593.766905,459269593.766905,1.000000000000002,1.0,1.000000000000002,4,4,0,meets_screen,0.99,valid_fraction_of_represented
Kerala,block,Palakkad||Mannarkad,ACCESS-CM2,2005,baseline,467601226.22954845,467601226.2295485,467601226.2295485,1.0000000000000002,1.0,1.0000000000000002,4,4,0,meets_screen,0.99,valid_fraction_of_represented
Kerala,block,Palakkad||Nemmara,ACCESS-CM2,2005,baseline,555039573.872686,555039573.8726864,555039573.8726864,1.0000000000000007,1.0,1.0000000000000007,3,3,0,meets_screen,0.99,valid_fraction_of_represented
Kerala,block,Palakkad||Ottappalam,ACCESS-CM2,2005,baseline,210366186.58052135,210366186.58052093,210366186.58052093,0.999999999999998,1.0,0.999999999999998,4,4,0,meets_screen,0.99,valid_fraction_of_represented
Kerala,block,Palakkad||Palakkad,ACCESS-CM2,2005,baseline,241763758.41436034,241763758.41435975,241763758.41435975,0.9999999999999976,1.0,0.9999999999999976,3,3,0,meets_screen,0.99,valid_fraction_of_represented
Kerala,block,Palakkad||Pattambi,ACCESS-CM2,2005,baseline,227300033.6763351,227300033.67633516,227300033.67633516,1.0000000000000002,1.0,1.0000000000000002,2,2,0,meets_screen,0.99,valid_fraction_of_represented
Kerala,block,Palakkad||Sreekrishnapuram,ACCESS-CM2,2005,baseline,235949718.9228921,235949718.922892,235949718.922892,0.9999999999999997,1.0,0.9999999999999997,2,2,0,meets_screen,0.99,valid_fraction_of_represented
Kerala,block,Palakkad||Trithala,ACCESS-CM2,2005,baseline,172625539.75896624,172625539.7589664,172625539.7589664,1.0000000000000009,1.0,1.0000000000000009,2,2,0,meets_screen,0.99,valid_fraction_of_represented
Kerala,block,Pathanamthitta||Elanthoor,ACCESS-CM2,2005,baseline,165272177.66963196,165272177.66963196,165272177.66963196,1.0,1.0,1.0,4,4,0,meets_screen,0.99,valid_fraction_of_represented
Kerala,block,Pathanamthitta||Koipuram,ACCESS-CM2,2005,baseline,122369727.1792006,122369727.17920087,122369727.17920087,1.0000000000000022,1.0,1.0000000000000022,2,2,0,meets_screen,0.99,valid_fraction_of_represented
Kerala,block,Pathanamthitta||Konni,ACCESS-CM2,2005,baseline,760814313.3584675,760814313.3584683,760814313.3584683,1.000000000000001,1.0,1.000000000000001,6,6,0,meets_screen,0.99,valid_fraction_of_represented
Kerala,block,Pathanamthitta||Mallappally,ACCESS-CM2,2005,baseline,135221015.28638637,135221015.28638616,135221015.28638616,0.9999999999999984,1.0,0.9999999999999984,2,2,0,meets_screen,0.99,valid_fraction_of_represented
Kerala,block,Pathanamthitta||Pandlam,ACCESS-CM2,2005,baseline,56455551.80996534,56455551.80996532,56455551.80996532,0.9999999999999996,1.0,0.9999999999999996,2,2,0,meets_screen,0.99,valid_fraction_of_represented
Kerala,block,Pathanamthitta||Parakode,ACCESS-CM2,2005,baseline,271784618.9469938,271784618.9469935,271784618.9469935,0.9999999999999989,1.0,0.9999999999999989,2,2,0,meets_screen,0.99,valid_fraction_of_represented
Kerala,block,Pathanamthitta||Pulikeezhu,ACCESS-CM2,2005,baseline,91618067.30021566,91618067.30021557,91618067.30021557,0.999999999999999,1.0,0.999999999999999,2,2,0,meets_screen,0.99,valid_fraction_of_represented
Kerala,block,Pathanamthitta||Ranni,ACCESS-CM2,2005,baseline,1047385044.7536519,1047385044.7536519,1047385044.7536519,1.0,1.0,1.0,5,5,0,meets_screen,0.99,valid_fraction_of_represented
Kerala,block,Thiruvananthapuram||Athiyannoor,ACCESS-CM2,2005,baseline,104939802.27507043,104939802.27507037,104939802.27507037,0.9999999999999994,1.0,0.9999999999999994,2,2,0,meets_screen,0.99,valid_fraction_of_represented
Kerala,block,Thiruvananthapuram||Chirayinkeezhu,ACCESS-CM2,2005,baseline,101507285.52364908,101507285.52364905,101507285.52364905,0.9999999999999997,1.0,0.9999999999999997,2,2,0,meets_screen,0.99,valid_fraction_of_represented
Kerala,block,Thiruvananthapuram||Kilimanoor,ACCESS-CM2,2005,baseline,180009797.6787901,180009797.67879018,180009797.67879018,1.0000000000000004,1.0,1.0000000000000004,2,2,0,meets_screen,0.99,valid_fraction_of_represented
Kerala,block,Thiruvananthapuram||Nedumangad,ACCESS-CM2,2005,baseline,145221849.5240167,145221849.52401662,145221849.52401662,0.9999999999999993,1.0,0.9999999999999993,2,2,0,meets_screen,0.99,valid_fraction_of_represented
Kerala,block,Thiruvananthapuram||Nemom,ACCESS-CM2,2005,baseline,109056164.63818386,109056164.63818394,109056164.63818394,1.0000000000000007,1.0,1.0000000000000007,3,3,0,meets_screen,0.99,valid_fraction_of_represented
Kerala,block,Thiruvananthapuram||Parassala,ACCESS-CM2,2005,baseline,83783388.13677564,83783388.13677567,83783388.13677567,1.0000000000000004,1.0,1.0000000000000004,1,1,0,meets_screen,0.99,valid_fraction_of_represented
Kerala,block,Thiruvananthapuram||Perumkadavila,ACCESS-CM2,2005,baseline,284043891.86232495,284043891.8623246,284043891.8623246,0.9999999999999988,1.0,0.9999999999999988,3,3,0,meets_screen,0.99,valid_fraction_of_represented
Kerala,block,Thiruvananthapuram||Pothencode,ACCESS-CM2,2005,baseline,280750125.1120754,280750125.112076,280750125.112076,1.0000000000000022,1.0,1.0000000000000022,4,4,0,meets_screen,0.99,valid_fraction_of_represented
Kerala,block,Thiruvananthapuram||Vamanapuram,ACCESS-CM2,2005,baseline,433539724.9804342,433539724.98043513,433539724.98043513,1.0000000000000022,1.0,1.0000000000000022,4,4,0,meets_screen,0.99,valid_fraction_of_represented
Kerala,block,Thiruvananthapuram||Varkala,ACCESS-CM2,2005,baseline,102936578.93104486,102936578.93104501,102936578.93104501,1.0000000000000016,1.0,1.0000000000000016,4,4,0,meets_screen,0.99,valid_fraction_of_represented
Kerala,block,Thiruvananthapuram||Vellanad,ACCESS-CM2,2005,baseline,367281670.0919378,367281670.0919373,367281670.0919373,0.9999999999999987,1.0,0.9999999999999987,2,2,0,meets_screen,0.99,valid_fraction_of_represented
Kerala,block,Thrissur||Anthikkad,ACCESS-CM2,2005,baseline,73596836.36461376,73596836.36461374,73596836.36461374,0.9999999999999998,1.0,0.9999999999999998,2,2,0,meets_screen,0.99,valid_fraction_of_represented
Kerala,block,Thrissur||Chalakkudy,ACCESS-CM2,2005,baseline,795710727.8832488,795710727.8832483,795710727.8832483,0.9999999999999994,1.0,0.9999999999999994,4,4,0,meets_screen,0.99,valid_fraction_of_represented
Kerala,block,Thrissur||Chavakkad,ACCESS-CM2,2005,baseline,99556225.87025587,99556225.87025616,99556225.87025616,1.0000000000000029,1.0,1.0000000000000029,2,2,0,meets_screen,0.99,valid_fraction_of_represented
Kerala,block,Thrissur||Cherpu,ACCESS-CM2,2005,baseline,66708672.551017925,66708672.55101788,66708672.55101788,0.9999999999999993,1.0,0.9999999999999993,2,2,0,meets_screen,0.99,valid_fraction_of_represented
Kerala,block,Thrissur||Chowannur,ACCESS-CM2,2005,baseline,129514953.60651349,129514953.60651334,129514953.60651334,0.9999999999999989,1.0,0.9999999999999989,1,1,0,meets_screen,0.99,valid_fraction_of_represented
Kerala,block,Thrissur||Irinjalakkuda,ACCESS-CM2,2005,baseline,111878505.82941172,111878505.82941176,111878505.82941176,1.0000000000000004,1.0,1.0000000000000004,2,2,0,meets_screen,0.99,valid_fraction_of_represented
Kerala,block,Thrissur||Kodakara,ACCESS-CM2,2005,baseline,187590312.9822223,187590312.98222235,187590312.98222235,1.0000000000000002,1.0,1.0000000000000002,2,2,0,meets_screen,0.99,valid_fraction_of_represented
Kerala,block,Thrissur||Mala,ACCESS-CM2,2005,baseline,121545481.29755802,121545481.29755807,121545481.29755807,1.0000000000000004,1.0,1.0000000000000004,4,4,0,meets_screen,0.99,valid_fraction_of_represented
Kerala,block,Thrissur||Mathilakam,ACCESS-CM2,2005,baseline,131405769.90361765,131405769.90361738,131405769.90361738,0.999999999999998,1.0,0.999999999999998,3,3,0,meets_screen,0.99,valid_fraction_of_represented
Kerala,block,Thrissur||Mullassery,ACCESS-CM2,2005,baseline,64433786.16286641,64433786.16286644,64433786.16286644,1.0000000000000004,1.0,1.0000000000000004,1,1,0,meets_screen,0.99,valid_fraction_of_represented
Kerala,block,Thrissur||Ollukkara,ACCESS-CM2,2005,baseline,378208274.07454085,378208274.07454115,378208274.07454115,1.0000000000000009,1.0,1.0000000000000009,4,4,0,meets_screen,0.99,valid_fraction_of_represented
Kerala,block,Thrissur||Pazhayannur,ACCESS-CM2,2005,baseline,224305213.20351154,224305213.20351154,224305213.20351154,1.0,1.0,1.0,2,2,0,meets_screen,0.99,valid_fraction_of_represented
Kerala,block,Thrissur||Puzhakkal,ACCESS-CM2,2005,baseline,143585915.54913342,143585915.5491334,143585915.5491334,0.9999999999999998,1.0,0.9999999999999998,3,3,0,meets_screen,0.99,valid_fraction_of_represented
Kerala,block,Thrissur||Thalikkulam,ACCESS-CM2,2005,baseline,67937916.97934316,67937916.97934313,67937916.97934313,0.9999999999999996,1.0,0.9999999999999996,2,2,0,meets_screen,0.99,valid_fraction_of_represented
Kerala,block,Thrissur||Vellangallur,ACCESS-CM2,2005,baseline,99785827.15190786,99785827.15190794,99785827.15190794,1.0000000000000007,1.0,1.0000000000000007,3,3,0,meets_screen,0.99,valid_fraction_of_represented
Kerala,block,Thrissur||Wadakkanchery,ACCESS-CM2,2005,baseline,326000729.16502666,326000729.1650269,326000729.1650269,1.0000000000000007,1.0,1.0000000000000007,3,3,0,meets_screen,0.99,valid_fraction_of_represented
Kerala,block,Wayanad||Kalpetta,ACCESS-CM2,2005,baseline,616982880.342145,616982880.3421464,616982880.3421464,1.0000000000000022,1.0,1.0000000000000022,4,4,0,meets_screen,0.99,valid_fraction_of_represented
Kerala,block,Wayanad||Mananthavady,ACCESS-CM2,2005,baseline,666939695.2918938,666939695.291894,666939695.291894,1.0000000000000002,1.0,1.0000000000000002,4,4,0,meets_screen,0.99,valid_fraction_of_represented
Kerala,block,Wayanad||Panamaram,ACCESS-CM2,2005,baseline,264879663.94499564,264879663.94499558,264879663.94499558,0.9999999999999998,1.0,0.9999999999999998,2,2,0,meets_screen,0.99,valid_fraction_of_represented
Kerala,block,Wayanad||Sulthan Bathery,ACCESS-CM2,2005,baseline,582257374.427626,582257374.4276267,582257374.4276267,1.0000000000000013,1.0,1.0000000000000013,4,4,0,meets_screen,0.99,valid_fraction_of_represented
Kerala,district,Alappuzha,ACCESS-CM2,2005,rh,1420236627.950765,1420236627.9507627,1420236627.9507627,0.9999999999999984,1.0,0.9999999999999984,7,7,0,meets_screen,0.99,valid_fraction_of_represented
Kerala,district,Ernakulam,ACCESS-CM2,2005,rh,3060009803.197437,3060009803.1974363,3060009803.1974363,0.9999999999999999,1.0,0.9999999999999999,13,13,0,meets_screen,0.99,valid_fraction_of_represented
Kerala,district,Idukki,ACCESS-CM2,2005,rh,4357177185.701096,4357177185.701115,4357177185.701115,1.0000000000000044,1.0,1.0000000000000044,15,15,0,meets_screen,0.99,valid_fraction_of_represented
Kerala,district,Kannur,ACCESS-CM2,2005,rh,2967054691.329042,2967054691.3290467,2967054691.3290467,1.0000000000000016,1.0,1.0000000000000016,11,11,0,meets_screen,0.99,valid_fraction_of_represented
Kerala,district,Kasaragod,ACCESS-CM2,2005,rh,1992841240.1568546,1992841240.1568568,1984838078.5906842,1.000000000000001,0.9959840445867415,0.9959840445867426,10,9,1,meets_screen,0.99,valid_fraction_of_represented
Kerala,district,Kollam,ACCESS-CM2,2005,rh,2483976353.903636,2483976353.903635,2483976353.903635,0.9999999999999997,1.0,0.9999999999999997,8,8,0,meets_screen,0.99,valid_fraction_of_represented
Kerala,district,Kottayam,ACCESS-CM2,2005,rh,2205766742.934229,2205766742.934219,2205766742.934219,0.9999999999999954,1.0,0.9999999999999954,9,9,0,meets_screen,0.99,valid_fraction_of_represented
Kerala,district,Kozhikode,ACCESS-CM2,2005,rh,2348430249.330552,2348430249.330545,2348430249.330545,0.999999999999997,1.0,0.999999999999997,9,9,0,meets_screen,0.99,valid_fraction_of_represented
Kerala,district,Malappuram,ACCESS-CM2,2005,rh,3554907208.0070486,3554907208.007041,3554907208.007041,0.9999999999999979,1.0,0.9999999999999979,14,14,0,meets_screen,0.99,valid_fraction_of_represented
Kerala,district,Palakkad,ACCESS-CM2,2005,rh,4482742329.27391,4482742329.273924,4482742329.273924,1.000000000000003,1.0,1.000000000000003,14,14,0,meets_screen,0.99,valid_fraction_of_represented
Kerala,district,Pathanamthitta,ACCESS-CM2,2005,rh,2650920516.3045187,2650920516.304514,2650920516.304514,0.9999999999999982,1.0,0.9999999999999982,9,9,0,meets_screen,0.99,valid_fraction_of_represented
Kerala,district,Thiruvananthapuram,ACCESS-CM2,2005,rh,2193070278.7542987,2193070278.7543035,2193070278.7543035,1.0000000000000022,1.0,1.0000000000000022,9,9,0,meets_screen,0.99,valid_fraction_of_represented
Kerala,district,Thrissur,ACCESS-CM2,2005,rh,3021765148.574789,3021765148.5747895,3021765148.5747895,1.0000000000000002,1.0,1.0000000000000002,11,11,0,meets_screen,0.99,valid_fraction_of_represented
Kerala,district,Wayanad,ACCESS-CM2,2005,rh,2131059614.0066578,2131059614.0066633,2131059614.0066633,1.0000000000000027,1.0,1.0000000000000027,7,7,0,meets_screen,0.99,valid_fraction_of_represented
Kerala,block,Alappuzha||Ambalappuzha,ACCESS-CM2,2005,rh,87415766.85147066,87415766.85147078,87415766.85147078,1.0000000000000013,1.0,1.0000000000000013,1,1,0,meets_screen,0.99,valid_fraction_of_represented
Kerala,block,Alappuzha||Aryad,ACCESS-CM2,2005,rh,85906893.71300294,85906893.71300279,85906893.71300279,0.9999999999999982,1.0,0.9999999999999982,2,2,0,meets_screen,0.99,valid_fraction_of_represented
Kerala,block,Alappuzha||Bharanicavu,ACCESS-CM2,2005,rh,133047995.05349082,133047995.053491,133047995.053491,1.0000000000000013,1.0,1.0000000000000013,1,1,0,meets_screen,0.99,valid_fraction_of_represented
Kerala,block,Alappuzha||Champakulam,ACCESS-CM2,2005,rh,174946819.19111267,174946819.1911126,174946819.1911126,0.9999999999999997,1.0,0.9999999999999997,3,3,0,meets_screen,0.99,valid_fraction_of_represented
Kerala,block,Alappuzha||Chengannur,ACCESS-CM2,2005,rh,143188337.7754062,143188337.77540636,143188337.77540636,1.000000000000001,1.0,1.000000000000001,3,3,0,meets_screen,0.99,valid_fraction_of_represented
Kerala,block,Alappuzha||Harippad,ACCESS-CM2,2005,rh,112097491.95683366,112097491.95683366,112097491.95683366,1.0,1.0,1.0,3,3,0,meets_screen,0.99,valid_fraction_of_represented
Kerala,block,Alappuzha||Kanjikkuzhy,ACCESS-CM2,2005,rh,129468468.36571395,129468468.36571386,129468468.36571386,0.9999999999999993,1.0,0.9999999999999993,1,1,0,meets_screen,0.99,valid_fraction_of_represented
Kerala,block,Alappuzha||Mavelikkara,ACCESS-CM2,2005,rh,98289059.26779906,98289059.26779926,98289059.26779926,1.000000000000002,1.0,1.000000000000002,4,4,0,meets_screen,0.99,valid_fraction_of_represented
Kerala,block,Alappuzha||Muthukulam,ACCESS-CM2,2005,rh,119167562.20576803,119167562.20576802,119167562.20576802,0.9999999999999999,1.0,0.9999999999999999,4,4,0,meets_screen,0.99,valid_fraction_of_represented
Kerala,block,Alappuzha||Pattanakkad,ACCESS-CM2,2005,rh,113751564.5261177,113751564.52611786,113751564.52611786,1.0000000000000013,1.0,1.0000000000000013,2,2,0,meets_screen,0.99,valid_fraction_of_represented
Kerala,block,Alappuzha||Thycattussery,ACCESS-CM2,2005,rh,83859090.58114152,83859090.58114141,83859090.58114141,0.9999999999999988,1.0,0.9999999999999988,2,2,0,meets_screen,0.99,valid_fraction_of_represented
Kerala,block,Alappuzha||Veliyanad,ACCESS-CM2,2005,rh,139097578.46290493,139097578.462905,139097578.462905,1.0000000000000004,1.0,1.0000000000000004,4,4,0,meets_screen,0.99,valid_fraction_of_represented
Kerala,block,Ernakulam||Alangad,ACCESS-CM2,2005,rh,151863491.96723056,151863491.9672302,151863491.9672302,0.9999999999999977,1.0,0.9999999999999977,2,2,0,meets_screen,0.99,valid_fraction_of_represented
Kerala,block,Ernakulam||Angamali,ACCESS-CM2,2005,rh,409869678.0773847,409869678.07738435,409869678.07738435,0.9999999999999991,1.0,0.9999999999999991,4,4,0,meets_screen,0.99,valid_fraction_of_represented
Kerala,block,Ernakulam||Edappally,ACCESS-CM2,2005,rh,109537795.64352088,109537795.64352089,109537795.64352089,1.0000000000000002,1.0,1.0000000000000002,3,3,0,meets_screen,0.99,valid_fraction_of_represented
Kerala,block,Ernakulam||Koovappady,ACCESS-CM2,2005,rh,194081841.1262866,194081841.1262865,194081841.1262865,0.9999999999999996,1.0,0.9999999999999996,2,2,0,meets_screen,0.99,valid_fraction_of_represented
Kerala,block,Ernakulam||Kothamangalam,ACCESS-CM2,2005,rh,958390106.1437148,958390106.1437131,958390106.1437131,0.9999999999999982,1.0,0.9999999999999982,8,8,0,meets_screen,0.99,valid_fraction_of_represented
Kerala,block,Ernakulam||Mulanthuruthy,ACCESS-CM2,2005,rh,184316457.45170557,184316457.45170534,184316457.45170534,0.9999999999999987,1.0,0.9999999999999987,2,2,0,meets_screen,0.99,valid_fraction_of_represented
Kerala,block,Ernakulam||Muvattupuzha,ACCESS-CM2,2005,rh,219266348.5612048,219266348.56120464,219266348.56120464,0.9999999999999993,1.0,0.9999999999999993,2,2,0,meets_screen,0.99,valid_fraction_of_represented
Kerala,block,Ernakulam||Palluruthy,ACCESS-CM2,2005,rh,62173586.26567686,62173586.26567684,62173586.26567684,0.9999999999999997,1.0,0.9999999999999997,2,2,0,meets_screen,0.99,valid_fraction_of_represented
Kerala,block,Ernakulam||Pampakuda,ACCESS-CM2,2005,rh,218998079.08381382,218998079.0838137,218998079.0838137,0.9999999999999994,1.0,0.9999999999999994,2,2,0,meets_screen,0.99,valid_fraction_of_represented
Kerala,block,Ernakulam||Parakkadav,ACCESS-CM2,2005,rh,93530523.34485711,93530523.34485708,93530523.34485708,0.9999999999999997,1.0,0.9999999999999997,2,2,0,meets_screen,0.99,valid_fraction_of_represented
Kerala,block,Ernakulam||Paravur,ACCESS-CM2,2005,rh,78277144.51569949,78277144.5156995,78277144.5156995,1.0000000000000002,1.0,1.0000000000000002,2,2,0,meets_screen,0.99,valid_fraction_of_represented
Kerala,block,Ernakulam||Vadavucode,ACCESS-CM2,2005,rh,206332272.71660697,206332272.71660694,206332272.71660694,0.9999999999999999,1.0,0.9999999999999999,4,4,0,meets_screen,0.99,valid_fraction_of_represented
Kerala,block,Ernakulam||Vazhakkulam,ACCESS-CM2,2005,rh,75394266.39895922,75394266.39895916,75394266.39895916,0.9999999999999992,1.0,0.9999999999999992,1,1,0,meets_screen,0.99,valid_fraction_of_represented
Kerala,block,Ernakulam||Vypeen,ACCESS-CM2,2005,rh,97978211.90077843,97978211.9007784,97978211.9007784,0.9999999999999997,1.0,0.9999999999999997,4,4,0,meets_screen,0.99,valid_fraction_of_represented
Kerala,block,Idukki||Adimaly,ACCESS-CM2,2005,rh,439970540.7421799,439970540.7421797,439970540.7421797,0.9999999999999996,1.0,0.9999999999999996,4,4,0,meets_screen,0.99,valid_fraction_of_represented
Kerala,block,Idukki||Azhutha,ACCESS-CM2,2005,rh,1246460033.999765,1246460033.999763,1246460033.999763,0.9999999999999984,1.0,0.9999999999999984,7,7,0,meets_screen,0.99,valid_fraction_of_represented
Kerala,block,Idukki||Devikulam,ACCESS-CM2,2005,rh,991080965.2718492,991080965.2718499,991080965.2718499,1.0000000000000007,1.0,1.0000000000000007,7,7,0,meets_screen,0.99,valid_fraction_of_represented
Kerala,block,Idukki||Elemdesam,ACCESS-CM2,2005,rh,314146733.56750333,314146733.56750375,314146733.56750375,1.0000000000000013,1.0,1.0000000000000013,3,3,0,meets_screen,0.99,valid_fraction_of_represented
Kerala,block,Idukki||Idukki,ACCESS-CM2,2005,rh,530594847.9926911,530594847.99269235,530594847.99269235,1.0000000000000024,1.0,1.0000000000000024,5,5,0,meets_screen,0.99,valid_fraction_of_represented
Kerala,block,Idukki||Kattappana,ACCESS-CM2,2005,rh,334551651.87412703,334551651.8741273,334551651.8741273,1.0000000000000009,1.0,1.0000000000000009,4,4,0,meets_screen,0.99,valid_fraction_of_represented
Kerala,block,Idukki||Nedumkandom,ACCESS-CM2,2005,rh,340895687.2605217,340895687.26052195,340895687.26052195,1.0000000000000007,1.0,1.0000000000000007,3,3,0,meets_screen,0.99,valid_fraction_of_represented
Kerala,block,Idukki||Thodupuzha,ACCESS-CM2,2005,rh,159476724.99247643,159476724.99247625,159476724.99247625,0.9999999999999989,1.0,0.9999999999999989,2,2,0,meets_screen,0.99,valid_fraction_of_represented
Kerala,block,Kannur||Edakkad,ACCESS-CM2,2005,rh,174430761.43509558,174430761.43509537,174430761.43509537,0.9999999999999988,1.0,0.9999999999999988,2,2,0,meets_screen,0.99,valid_fraction_of_represented
Kerala,block,Kannur||Irikkur,ACCESS-CM2,2005,rh,431805429.14267576,431805429.14267635,431805429.14267635,1.0000000000000013,1.0,1.0000000000000013,4,4,0,meets_screen,0.99,valid_fraction_of_represented
Kerala,block,Kannur||Iritty,ACCESS-CM2,2005,rh,396466857.137435,396466857.13743514,396466857.13743514,1.0000000000000002,1.0,1.0000000000000002,5,5,0,meets_screen,0.99,valid_fraction_of_represented
Kerala,block,Kannur||Kalliasseri,ACCESS-CM2,2005,rh,160242132.75086096,160242132.750861,160242132.750861,1.0000000000000002,1.0,1.0000000000000002,3,3,0,meets_screen,0.99,valid_fraction_of_represented
Kerala,block,Kannur||Kannur,ACCESS-CM2,2005,rh,71758034.10124779,71758034.10124771,71758034.10124771,0.999999999999999,1.0,0.999999999999999,1,1,0,meets_screen,0.99,valid_fraction_of_represented
Kerala,block,Kannur||Kuthuparamba,ACCESS-CM2,2005,rh,278539983.8018946,278539983.8018948,278539983.8018948,1.0000000000000007,1.0,1.0000000000000007,4,4,0,meets_screen,0.99,valid_fraction_of_represented
Kerala,block,Kannur||Panoor,ACCESS-CM2,2005,rh,66988257.34362547,66988257.3436255,66988257.3436255,1.0000000000000004,1.0,1.0000000000000004,2,2,0,meets_screen,0.99,valid_fraction_of_represented
Kerala,block,Kannur||Payyannur,ACCESS-CM2,2005,rh,439202469.3794375,439202469.3794371,439202469.3794371,0.999999999999999,1.0,0.999999999999999,3,3,0,meets_screen,0.99,valid_fraction_of_represented
Kerala,block,Kannur||Peravoor,ACCESS-CM2,2005,rh,318385070.104917,318385070.1049171,318385070.1049171,1.0000000000000004,1.0,1.0000000000000004,2,2,0,meets_screen,0.99,valid_fraction_of_represented
Kerala,block,Kannur||Taliparamba,ACCESS-CM2,2005,rh,526322492.52569383,526322492.52569425,526322492.52569425,1.0000000000000009,1.0,1.0000000000000009,5,5,0,meets_screen,0.99,valid_fraction_of_represented
Kerala,block,Kannur||Thalassery,ACCESS-CM2,2005,rh,102913203.60616226,102913203.60616228,102913203.60616228,1.0000000000000002,1.0,1.0000000000000002,4,4,0,meets_screen,0.99,valid_fraction_of_represented
Kerala,block,Kasaragod||Kanhangad,ACCESS-CM2,2005,rh,242092224.8980632,242092224.8980625,242092224.8980625,0.999999999999997,1.0,0.999999999999997,2,2,0,meets_screen,0.99,valid_fraction_of_represented
Kerala,block,Kasaragod||Karadka,ACCESS-CM2,2005,rh,397107072.7855533,397107072.7855542,397107072.7855542,1.0000000000000022,1.0,1.0000000000000022,4,4,0,meets_screen,0.99,valid_fraction_of_represented
Kerala,block,Kasaragod||Kasargod,ACCESS-CM2,2005,rh,152808192.89343247,152808192.8934325,144805031.32725972,1.0000000000000002,0.9476260963850667,0.9476260963850668,4,3,1,partial_coverage,0.99,valid_fraction_of_represented
Kerala,block,Kasaragod||Manjeshwar,ACCESS-CM2,2005,rh,451184162.8235031,451184162.8235033,451184162.8235033,1.0000000000000004,1.0,1.0000000000000004,4,4,0,meets_screen,0.99,valid_fraction_of_represented
Kerala,block,Kasaragod||Nileshwar,ACCESS-CM2,2005,rh,205667554.89018345,205667554.8901833,205667554.8901833,0.9999999999999992,1.0,0.9999999999999992,4,4,0,meets_screen,0.99,valid_fraction_of_represented
Kerala,block,Kasaragod||Parappa,ACCESS-CM2,2005,rh,543982031.8661196,543982031.8661207,543982031.8661207,1.000000000000002,1.0,1.000000000000002,3,3,0,meets_screen,0.99,valid_fraction_of_represented
Kerala,block,Kollam||Anchal,ACCESS-CM2,2005,rh,908273614.597915,908273614.5979147,908273614.5979147,0.9999999999999996,1.0,0.9999999999999996,5,5,0,meets_screen,0.99,valid_fraction_of_represented
Kerala,block,Kollam||Chadayamangalam,ACCESS-CM2,2005,rh,247280954.52277812,247280954.5227781,247280954.5227781,0.9999999999999999,1.0,0.9999999999999999,2,2,0,meets_screen,0.99,valid_fraction_of_represented
Kerala,block,Kollam||Chavara,ACCESS-CM2,2005,rh,101149615.61022,101149615.61021994,101149615.61021994,0.9999999999999994,1.0,0.9999999999999994,3,3,0,meets_screen,0.99,valid_fraction_of_represented
Kerala,block,Kollam||Chittumala,ACCESS-CM2,2005,rh,157185120.43081588,157185120.43081596,157185120.43081596,1.0000000000000007,1.0,1.0000000000000007,2,2,0,meets_screen,0.99,valid_fraction_of_represented
Kerala,block,Kollam||Ithikkara,ACCESS-CM2,2005,rh,148289972.95134524,148289972.9513451,148289972.9513451,0.999999999999999,1.0,0.999999999999999,2,2,0,meets_screen,0.99,valid_fraction_of_represented
Kerala,block,Kollam||Kottarakkara,ACCESS-CM2,2005,rh,130650761.86365198,130650761.8636519,130650761.8636519,0.9999999999999994,1.0,0.9999999999999994,4,4,0,meets_screen,0.99,valid_fraction_of_represented
Kerala,block,Kollam||Mukhathala,ACCESS-CM2,2005,rh,65612921.83507761,65612921.83507759,65612921.83507759,0.9999999999999997,1.0,0.9999999999999997,1,1,0,meets_screen,0.99,valid_fraction_of_represented
Kerala,block,Kollam||Oachira,ACCESS-CM2,2005,rh,109736987.50981563,109736987.5098153,109736987.5098153,0.999999999999997,1.0,0.999999999999997,2,2,0,meets_screen,0.99,valid_fraction_of_represented
Kerala,block,Kollam||Pathanapuram,ACCESS-CM2,2005,rh,321984510.05394113,321984510.0539413,321984510.0539413,1.0000000000000007,1.0,1.0000000000000007,3,3,0,meets_screen,0.99,valid_fraction_of_represented
Kerala,block,Kollam||Sasthamcottah,ACCESS-CM2,2005,rh,118380971.04305314,118380971.04305314,118380971.04305314,1.0,1.0,1.0,2,2,0,meets_screen,0.99,valid_fraction_of_represented
Kerala,block,Kollam||Vettikkavala,ACCESS-CM2,2005,rh,175430923.4850225,175430923.48502225,175430923.48502225,0.9999999999999987,1.0,0.9999999999999987,3,3,0,meets_screen,0.99,valid_fraction_of_represented
Kerala,block,Kottayam||Erattupetta,ACCESS-CM2,2005,rh,262254295.9667908,262254295.96679074,262254295.96679074,0.9999999999999998,1.0,0.9999999999999998,4,4,0,meets_screen,0.99,valid_fraction_of_represented
Kerala,block,Kottayam||Ettumanoor,ACCESS-CM2,2005,rh,143435864.68418294,143435864.68418306,143435864.68418306,1.0000000000000009,1.0,1.0000000000000009,2,2,0,meets_screen,0.99,valid_fraction_of_represented
Kerala,block,Kottayam||Kaduthuruthy,ACCESS-CM2,2005,rh,190462524.9435782,190462524.94357803,190462524.94357803,0.9999999999999991,1.0,0.9999999999999991,4,4,0,meets_screen,0.99,valid_fraction_of_represented
Kerala,block,Kottayam||Kanjirappally,ACCESS-CM2,2005,rh,362433144.14415777,362433144.1441581,362433144.1441581,1.0000000000000009,1.0,1.0000000000000009,3,3,0,meets_screen,0.99,valid_fraction_of_represented
Kerala,block,Kottayam||Lalam,ACCESS-CM2,2005,rh,216039052.7149633,216039052.7149638,216039052.7149638,1.0000000000000024,1.0,1.0000000000000024,4,4,0,meets_screen,0.99,valid_fraction_of_represented
Kerala,block,Kottayam||Madappally,ACCESS-CM2,2005,rh,158600106.3219866,158600106.3219865,158600106.3219865,0.9999999999999994,1.0,0.9999999999999994,4,4,0,meets_screen,0.99,valid_fraction_of_represented
Kerala,block,Kottayam||Pallom,ACCESS-CM2,2005,rh,173658964.72448567,173658964.72448564,173658964.72448564,0.9999999999999998,1.0,0.9999999999999998,3,3,0,meets_screen,0.99,valid_fraction_of_represented
Kerala,block,Kottayam||Pampady,ACCESS-CM2,2005,rh,228566923.3754,228566923.37540096,228566923.37540096,1.0000000000000042,1.0,1.0000000000000042,2,2,0,meets_screen,0.99,valid_fraction_of_represented
Kerala,block,Kottayam||Uzhavoor,ACCESS-CM2,2005,rh,197092785.98281768,197092785.9828177,197092785.9828177,1.0000000000000002,1.0,1.0000000000000002,2,2,0,meets_screen,0.99,valid_fraction_of_represented
Kerala,block,Kottayam||Vaikom,ACCESS-CM2,2005,rh,129974915.3552093,129974915.3552092,129974915.3552092,0.9999999999999992,1.0,0.9999999999999992,2,2,0,meets_screen,0.99,valid_fraction_of_represented
Kerala,block,Kottayam||Vazhoor,ACCESS-CM2,2005,rh,143248164.72064623,143248164.72064638,143248164.72064638,1.000000000000001,1.0,1.000000000000001,4,4,0,meets_screen,0.99,valid_fraction_of_represented
Kerala,block,Kozhikode||Balusseri,ACCESS-CM2,2005,rh,246438232.12302428,246438232.12302446,246438232.12302446,1.0000000000000007,1.0,1.0000000000000007,4,4,0,meets_screen,0.99,valid_fraction_of_represented
Kerala,block,Kozhikode||Chelannur,ACCESS-CM2,2005,rh,141203641.5165951,141203641.51659504,141203641.51659504,0.9999999999999996,1.0,0.9999999999999996,2,2,0,meets_screen,0.99,valid_fraction_of_represented
Kerala,block,Kozhikode||Koduvally,ACCESS-CM2,2005,rh,435295568.0031456,435295568.00314564,435295568.00314564,1.0000000000000002,1.0,1.0000000000000002,4,4,0,meets_screen,0.99,valid_fraction_of_represented
Kerala,block,Kozhikode||Kozhikode,ACCESS-CM2,2005,rh,175430890.8128385,175430890.81283823,175430890.81283823,0.9999999999999984,1.0,0.9999999999999984,2,2,0,meets_screen,0.99,valid_fraction_of_represented
Kerala,block,Kozhikode||Kunnamangalam,ACCESS-CM2,2005,rh,296591259.55253696,296591259.5525364,296591259.5525364,0.9999999999999982,1.0,0.9999999999999982,5,5,0,meets_screen,0.99,valid_fraction_of_represented
Kerala,block,Kozhikode||Kunnummal,ACCESS-CM2,2005,rh,263421310.18075156,263421310.18075174,263421310.18075174,1.0000000000000007,1.0,1.0000000000000007,4,4,0,meets_screen,0.99,valid_fraction_of_represented
Kerala,block,Kozhikode||Melday,ACCESS-CM2,2005,rh,82338306.48905317,82338306.48905319,82338306.48905319,1.0000000000000002,1.0,1.0000000000000002,2,2,0,meets_screen,0.99,valid_fraction_of_represented
Kerala,block,Kozhikode||Panthalayani,ACCESS-CM2,2005,rh,76280530.1862793,76280530.18627933,76280530.18627933,1.0000000000000004,1.0,1.0000000000000004,4,4,0,meets_screen,0.99,valid_fraction_of_represented
Kerala,block,Kozhikode||Perambra,ACCESS-CM2,2005,rh,318377720.0400578,318377720.0400582,318377720.0400582,1.0000000000000013,1.0,1.0000000000000013,2,2,0,meets_screen,0.99,valid_fraction_of_represented
Kerala,block,Kozhikode||Thodannur,ACCESS-CM2,2005,rh,79613586.28223361,79613586.28223379,79613586.28223379,1.0000000000000022,1.0,1.0000000000000022,1,1,0,meets_screen,0.99,valid_fraction_of_represented
Kerala,block,Kozhikode||Thuneri,ACCESS-CM2,2005,rh,143239618.27802882,143239618.27802873,143239618.27802873,0.9999999999999993,1.0,0.9999999999999993,3,3,0,meets_screen,0.99,valid_fraction_of_represented
Kerala,block,Kozhikode||Vadakara,ACCESS-CM2,2005,rh,90199585.86599986,90199585.86599983,90199585.86599983,0.9999999999999997,1.0,0.9999999999999997,1,1,0,meets_screen,0.99,valid_fraction_of_represented
Kerala,block,Malappuram||Areakode,ACCESS-CM2,2005,rh,233672198.90089715,233672198.9008971,233672198.9008971,0.9999999999999998,1.0,0.9999999999999998,4,4,0,meets_screen,0.99,valid_fraction_of_represented
Kerala,block,Malappuram||Kalikavu,ACCESS-CM2,2005,rh,620411109.8107977,620411109.8107977,620411109.8107977,1.0,1.0,1.0,3,3,0,meets_screen,0.99,valid_fraction_of_represented
Kerala,block,Malappuram||Kondotty,ACCESS-CM2,2005,rh,186600711.615691,186600711.61569095,186600711.61569095,0.9999999999999997,1.0,0.9999999999999997,3,3,0,meets_screen,0.99,valid_fraction_of_represented
Kerala,block,Malappuram||Kuttippuram,ACCESS-CM2,2005,rh,162804233.3383511,162804233.33835104,162804233.33835104,0.9999999999999997,1.0,0.9999999999999997,2,2,0,meets_screen,0.99,valid_fraction_of_represented
Kerala,block,Malappuram||Malappuram,ACCESS-CM2,2005,rh,215496329.8367947,215496329.8367946,215496329.8367946,0.9999999999999996,1.0,0.9999999999999996,4,4,0,meets_screen,0.99,valid_fraction_of_represented
Kerala,block,Malappuram||Mankada,ACCESS-CM2,2005,rh,203102785.1476759,203102785.14767653,203102785.14767653,1.000000000000003,1.0,1.000000000000003,2,2,0,meets_screen,0.99,valid_fraction_of_represented
Kerala,block,Malappuram||Nilambur,ACCESS-CM2,2005,rh,578406663.0060368,578406663.0060374,578406663.0060374,1.000000000000001,1.0,1.000000000000001,4,4,0,meets_screen,0.99,valid_fraction_of_represented
Kerala,block,Malappuram||Perinthalmanna,ACCESS-CM2,2005,rh,277003716.5026441,277003716.50264424,277003716.50264424,1.0000000000000004,1.0,1.0000000000000004,4,4,0,meets_screen,0.99,valid_fraction_of_represented
Kerala,block,Malappuram||Perumpadappu,ACCESS-CM2,2005,rh,92168517.49710119,92168517.49710117,92168517.49710117,0.9999999999999999,1.0,0.9999999999999999,4,4,0,meets_screen,0.99,valid_fraction_of_represented
Kerala,block,Malappuram||Ponnani,ACCESS-CM2,2005,rh,109474618.19686218,109474618.1968622,109474618.1968622,1.0000000000000002,1.0,1.0000000000000002,4,4,0,meets_screen,0.99,valid_fraction_of_represented
Kerala,block,Malappuram||Tanur,ACCESS-CM2,2005,rh,125896039.55120546,125896039.55120565,125896039.55120565,1.0000000000000016,1.0,1.0000000000000016,3,3,0,meets_screen,0.99,valid_fraction_of_represented
Kerala,block,Malappuram||Tirur,ACCESS-CM2,2005,rh,120741278.4814491,120741278.4814492,120741278.4814492,1.0000000000000009,1.0,1.0000000000000009,2,2,0,meets_screen,0.99,valid_fraction_of_represented
Kerala,block,Malappuram||Tirurangadi,ACCESS-CM2,2005,rh,141446219.36872154,141446219.36872175,141446219.36872175,1.0000000000000016,1.0,1.0000000000000016,2,2,0,meets_screen,0.99,valid_fraction_of_represented
Kerala,block,Malappuram||Vengara,ACCESS-CM2,2005,rh,117757993.40516777,117757993.40516758,117757993.40516758,0.9999999999999983,1.0,0.9999999999999983,4,4,0,meets_screen,0.99,valid_fraction_of_represented
Kerala,block,Malappuram||Wandoor,ACCESS-CM2,2005,rh,369924793.3476436,369924793.3476437,369924793.3476437,1.0000000000000002,1.0,1.0000000000000002,4,4,0,meets_screen,0.99,valid_fraction_of_represented
Kerala,block,Palakkad||Alathur,ACCESS-CM2,2005,rh,370666520.83870995,370666520.83871007,370666520.83871007,1.0000000000000002,1.0,1.0000000000000002,4,4,0,meets_screen,0.99,valid_fraction_of_represented
Kerala,block,Palakkad||Attappadi,ACCESS-CM2,2005,rh,737850840.7262989,737850840.7262989,737850840.7262989,1.0,1.0,1.0,4,4,0,meets_screen,0.99,valid_fraction_of_represented
Kerala,block,Palakkad||Chittur,ACCESS-CM2,2005,rh,276002195.2675312,276002195.2675314,276002195.2675314,1.0000000000000007,1.0,1.0000000000000007,3,3,0,meets_screen,0.99,valid_fraction_of_represented
Kerala,block,Palakkad||Kollengode,ACCESS-CM2,2005,rh,339642159.43496567,339642159.434967,339642159.434967,1.0000000000000038,1.0,1.0000000000000038,4,4,0,meets_screen,0.99,valid_fraction_of_represented
Kerala,block,Palakkad||Kuzhalmannam,ACCESS-CM2,2005,rh,188664981.7842022,188664981.78420222,188664981.78420222,1.0000000000000002,1.0,1.0000000000000002,4,4,0,meets_screen,0.99,valid_fraction_of_represented
Kerala,block,Palakkad||Malampuzha,ACCESS-CM2,2005,rh,459269593.7669041,459269593.766905,459269593.766905,1.000000000000002,1.0,1.000000000000002,4,4,0,meets_screen,0.99,valid_fraction_of_represented
Kerala,block,Palakkad||Mannarkad,ACCESS-CM2,2005,rh,467601226.22954845,467601226.2295485,467601226.2295485,1.0000000000000002,1.0,1.0000000000000002,4,4,0,meets_screen,0.99,valid_fraction_of_represented
Kerala,block,Palakkad||Nemmara,ACCESS-CM2,2005,rh,555039573.872686,555039573.8726864,555039573.8726864,1.0000000000000007,1.0,1.0000000000000007,3,3,0,meets_screen,0.99,valid_fraction_of_represented
Kerala,block,Palakkad||Ottappalam,ACCESS-CM2,2005,rh,210366186.58052135,210366186.58052093,210366186.58052093,0.999999999999998,1.0,0.999999999999998,4,4,0,meets_screen,0.99,valid_fraction_of_represented
Kerala,block,Palakkad||Palakkad,ACCESS-CM2,2005,rh,241763758.41436034,241763758.41435975,241763758.41435975,0.9999999999999976,1.0,0.9999999999999976,3,3,0,meets_screen,0.99,valid_fraction_of_represented
Kerala,block,Palakkad||Pattambi,ACCESS-CM2,2005,rh,227300033.6763351,227300033.67633516,227300033.67633516,1.0000000000000002,1.0,1.0000000000000002,2,2,0,meets_screen,0.99,valid_fraction_of_represented
Kerala,block,Palakkad||Sreekrishnapuram,ACCESS-CM2,2005,rh,235949718.9228921,235949718.922892,235949718.922892,0.9999999999999997,1.0,0.9999999999999997,2,2,0,meets_screen,0.99,valid_fraction_of_represented
Kerala,block,Palakkad||Trithala,ACCESS-CM2,2005,rh,172625539.75896624,172625539.7589664,172625539.7589664,1.0000000000000009,1.0,1.0000000000000009,2,2,0,meets_screen,0.99,valid_fraction_of_represented
Kerala,block,Pathanamthitta||Elanthoor,ACCESS-CM2,2005,rh,165272177.66963196,165272177.66963196,165272177.66963196,1.0,1.0,1.0,4,4,0,meets_screen,0.99,valid_fraction_of_represented
Kerala,block,Pathanamthitta||Koipuram,ACCESS-CM2,2005,rh,122369727.1792006,122369727.17920087,122369727.17920087,1.0000000000000022,1.0,1.0000000000000022,2,2,0,meets_screen,0.99,valid_fraction_of_represented
Kerala,block,Pathanamthitta||Konni,ACCESS-CM2,2005,rh,760814313.3584675,760814313.3584683,760814313.3584683,1.000000000000001,1.0,1.000000000000001,6,6,0,meets_screen,0.99,valid_fraction_of_represented
Kerala,block,Pathanamthitta||Mallappally,ACCESS-CM2,2005,rh,135221015.28638637,135221015.28638616,135221015.28638616,0.9999999999999984,1.0,0.9999999999999984,2,2,0,meets_screen,0.99,valid_fraction_of_represented
Kerala,block,Pathanamthitta||Pandlam,ACCESS-CM2,2005,rh,56455551.80996534,56455551.80996532,56455551.80996532,0.9999999999999996,1.0,0.9999999999999996,2,2,0,meets_screen,0.99,valid_fraction_of_represented
Kerala,block,Pathanamthitta||Parakode,ACCESS-CM2,2005,rh,271784618.9469938,271784618.9469935,271784618.9469935,0.9999999999999989,1.0,0.9999999999999989,2,2,0,meets_screen,0.99,valid_fraction_of_represented
Kerala,block,Pathanamthitta||Pulikeezhu,ACCESS-CM2,2005,rh,91618067.30021566,91618067.30021557,91618067.30021557,0.999999999999999,1.0,0.999999999999999,2,2,0,meets_screen,0.99,valid_fraction_of_represented
Kerala,block,Pathanamthitta||Ranni,ACCESS-CM2,2005,rh,1047385044.7536519,1047385044.7536519,1047385044.7536519,1.0,1.0,1.0,5,5,0,meets_screen,0.99,valid_fraction_of_represented
Kerala,block,Thiruvananthapuram||Athiyannoor,ACCESS-CM2,2005,rh,104939802.27507043,104939802.27507037,104939802.27507037,0.9999999999999994,1.0,0.9999999999999994,2,2,0,meets_screen,0.99,valid_fraction_of_represented
Kerala,block,Thiruvananthapuram||Chirayinkeezhu,ACCESS-CM2,2005,rh,101507285.52364908,101507285.52364905,101507285.52364905,0.9999999999999997,1.0,0.9999999999999997,2,2,0,meets_screen,0.99,valid_fraction_of_represented
Kerala,block,Thiruvananthapuram||Kilimanoor,ACCESS-CM2,2005,rh,180009797.6787901,180009797.67879018,180009797.67879018,1.0000000000000004,1.0,1.0000000000000004,2,2,0,meets_screen,0.99,valid_fraction_of_represented
Kerala,block,Thiruvananthapuram||Nedumangad,ACCESS-CM2,2005,rh,145221849.5240167,145221849.52401662,145221849.52401662,0.9999999999999993,1.0,0.9999999999999993,2,2,0,meets_screen,0.99,valid_fraction_of_represented
Kerala,block,Thiruvananthapuram||Nemom,ACCESS-CM2,2005,rh,109056164.63818386,109056164.63818394,109056164.63818394,1.0000000000000007,1.0,1.0000000000000007,3,3,0,meets_screen,0.99,valid_fraction_of_represented
Kerala,block,Thiruvananthapuram||Parassala,ACCESS-CM2,2005,rh,83783388.13677564,83783388.13677567,83783388.13677567,1.0000000000000004,1.0,1.0000000000000004,1,1,0,meets_screen,0.99,valid_fraction_of_represented
Kerala,block,Thiruvananthapuram||Perumkadavila,ACCESS-CM2,2005,rh,284043891.86232495,284043891.8623246,284043891.8623246,0.9999999999999988,1.0,0.9999999999999988,3,3,0,meets_screen,0.99,valid_fraction_of_represented
Kerala,block,Thiruvananthapuram||Pothencode,ACCESS-CM2,2005,rh,280750125.1120754,280750125.112076,280750125.112076,1.0000000000000022,1.0,1.0000000000000022,4,4,0,meets_screen,0.99,valid_fraction_of_represented
Kerala,block,Thiruvananthapuram||Vamanapuram,ACCESS-CM2,2005,rh,433539724.9804342,433539724.98043513,433539724.98043513,1.0000000000000022,1.0,1.0000000000000022,4,4,0,meets_screen,0.99,valid_fraction_of_represented
Kerala,block,Thiruvananthapuram||Varkala,ACCESS-CM2,2005,rh,102936578.93104486,102936578.93104501,102936578.93104501,1.0000000000000016,1.0,1.0000000000000016,4,4,0,meets_screen,0.99,valid_fraction_of_represented
Kerala,block,Thiruvananthapuram||Vellanad,ACCESS-CM2,2005,rh,367281670.0919378,367281670.0919373,367281670.0919373,0.9999999999999987,1.0,0.9999999999999987,2,2,0,meets_screen,0.99,valid_fraction_of_represented
Kerala,block,Thrissur||Anthikkad,ACCESS-CM2,2005,rh,73596836.36461376,73596836.36461374,73596836.36461374,0.9999999999999998,1.0,0.9999999999999998,2,2,0,meets_screen,0.99,valid_fraction_of_represented
Kerala,block,Thrissur||Chalakkudy,ACCESS-CM2,2005,rh,795710727.8832488,795710727.8832483,795710727.8832483,0.9999999999999994,1.0,0.9999999999999994,4,4,0,meets_screen,0.99,valid_fraction_of_represented
Kerala,block,Thrissur||Chavakkad,ACCESS-CM2,2005,rh,99556225.87025587,99556225.87025616,99556225.87025616,1.0000000000000029,1.0,1.0000000000000029,2,2,0,meets_screen,0.99,valid_fraction_of_represented
Kerala,block,Thrissur||Cherpu,ACCESS-CM2,2005,rh,66708672.551017925,66708672.55101788,66708672.55101788,0.9999999999999993,1.0,0.9999999999999993,2,2,0,meets_screen,0.99,valid_fraction_of_represented
Kerala,block,Thrissur||Chowannur,ACCESS-CM2,2005,rh,129514953.60651349,129514953.60651334,129514953.60651334,0.9999999999999989,1.0,0.9999999999999989,1,1,0,meets_screen,0.99,valid_fraction_of_represented
Kerala,block,Thrissur||Irinjalakkuda,ACCESS-CM2,2005,rh,111878505.82941172,111878505.82941176,111878505.82941176,1.0000000000000004,1.0,1.0000000000000004,2,2,0,meets_screen,0.99,valid_fraction_of_represented
Kerala,block,Thrissur||Kodakara,ACCESS-CM2,2005,rh,187590312.9822223,187590312.98222235,187590312.98222235,1.0000000000000002,1.0,1.0000000000000002,2,2,0,meets_screen,0.99,valid_fraction_of_represented
Kerala,block,Thrissur||Mala,ACCESS-CM2,2005,rh,121545481.29755802,121545481.29755807,121545481.29755807,1.0000000000000004,1.0,1.0000000000000004,4,4,0,meets_screen,0.99,valid_fraction_of_represented
Kerala,block,Thrissur||Mathilakam,ACCESS-CM2,2005,rh,131405769.90361765,131405769.90361738,131405769.90361738,0.999999999999998,1.0,0.999999999999998,3,3,0,meets_screen,0.99,valid_fraction_of_represented
Kerala,block,Thrissur||Mullassery,ACCESS-CM2,2005,rh,64433786.16286641,64433786.16286644,64433786.16286644,1.0000000000000004,1.0,1.0000000000000004,1,1,0,meets_screen,0.99,valid_fraction_of_represented
Kerala,block,Thrissur||Ollukkara,ACCESS-CM2,2005,rh,378208274.07454085,378208274.07454115,378208274.07454115,1.0000000000000009,1.0,1.0000000000000009,4,4,0,meets_screen,0.99,valid_fraction_of_represented
Kerala,block,Thrissur||Pazhayannur,ACCESS-CM2,2005,rh,224305213.20351154,224305213.20351154,224305213.20351154,1.0,1.0,1.0,2,2,0,meets_screen,0.99,valid_fraction_of_represented
Kerala,block,Thrissur||Puzhakkal,ACCESS-CM2,2005,rh,143585915.54913342,143585915.5491334,143585915.5491334,0.9999999999999998,1.0,0.9999999999999998,3,3,0,meets_screen,0.99,valid_fraction_of_represented
Kerala,block,Thrissur||Thalikkulam,ACCESS-CM2,2005,rh,67937916.97934316,67937916.97934313,67937916.97934313,0.9999999999999996,1.0,0.9999999999999996,2,2,0,meets_screen,0.99,valid_fraction_of_represented
Kerala,block,Thrissur||Vellangallur,ACCESS-CM2,2005,rh,99785827.15190786,99785827.15190794,99785827.15190794,1.0000000000000007,1.0,1.0000000000000007,3,3,0,meets_screen,0.99,valid_fraction_of_represented
Kerala,block,Thrissur||Wadakkanchery,ACCESS-CM2,2005,rh,326000729.16502666,326000729.1650269,326000729.1650269,1.0000000000000007,1.0,1.0000000000000007,3,3,0,meets_screen,0.99,valid_fraction_of_represented
Kerala,block,Wayanad||Kalpetta,ACCESS-CM2,2005,rh,616982880.342145,616982880.3421464,616982880.3421464,1.0000000000000022,1.0,1.0000000000000022,4,4,0,meets_screen,0.99,valid_fraction_of_represented
Kerala,block,Wayanad||Mananthavady,ACCESS-CM2,2005,rh,666939695.2918938,666939695.291894,666939695.291894,1.0000000000000002,1.0,1.0000000000000002,4,4,0,meets_screen,0.99,valid_fraction_of_represented
Kerala,block,Wayanad||Panamaram,ACCESS-CM2,2005,rh,264879663.94499564,264879663.94499558,264879663.94499558,0.9999999999999998,1.0,0.9999999999999998,2,2,0,meets_screen,0.99,valid_fraction_of_represented
Kerala,block,Wayanad||Sulthan Bathery,ACCESS-CM2,2005,rh,582257374.427626,582257374.4276267,582257374.4276267,1.0000000000000013,1.0,1.0000000000000013,4,4,0,meets_screen,0.99,valid_fraction_of_represented
Kerala,district,Alappuzha,ACCESS-CM2,2005,elev,1420236627.950765,1420236627.9507627,1420236627.9507627,0.9999999999999984,1.0,0.9999999999999984,7,7,0,meets_screen,0.99,valid_fraction_of_represented
Kerala,district,Ernakulam,ACCESS-CM2,2005,elev,3060009803.197437,3060009803.1974363,3060009803.1974363,0.9999999999999999,1.0,0.9999999999999999,13,13,0,meets_screen,0.99,valid_fraction_of_represented
Kerala,district,Idukki,ACCESS-CM2,2005,elev,4357177185.701096,4357177185.701115,4357177185.701115,1.0000000000000044,1.0,1.0000000000000044,15,15,0,meets_screen,0.99,valid_fraction_of_represented
Kerala,district,Kannur,ACCESS-CM2,2005,elev,2967054691.329042,2967054691.3290467,2967054691.3290467,1.0000000000000016,1.0,1.0000000000000016,11,11,0,meets_screen,0.99,valid_fraction_of_represented
Kerala,district,Kasaragod,ACCESS-CM2,2005,elev,1992841240.1568546,1992841240.1568568,1984838078.5906842,1.000000000000001,0.9959840445867415,0.9959840445867426,10,9,1,meets_screen,0.99,valid_fraction_of_represented
Kerala,district,Kollam,ACCESS-CM2,2005,elev,2483976353.903636,2483976353.903635,2483976353.903635,0.9999999999999997,1.0,0.9999999999999997,8,8,0,meets_screen,0.99,valid_fraction_of_represented
Kerala,district,Kottayam,ACCESS-CM2,2005,elev,2205766742.934229,2205766742.934219,2205766742.934219,0.9999999999999954,1.0,0.9999999999999954,9,9,0,meets_screen,0.99,valid_fraction_of_represented
Kerala,district,Kozhikode,ACCESS-CM2,2005,elev,2348430249.330552,2348430249.330545,2348430249.330545,0.999999999999997,1.0,0.999999999999997,9,9,0,meets_screen,0.99,valid_fraction_of_represented
Kerala,district,Malappuram,ACCESS-CM2,2005,elev,3554907208.0070486,3554907208.007041,3554907208.007041,0.9999999999999979,1.0,0.9999999999999979,14,14,0,meets_screen,0.99,valid_fraction_of_represented
Kerala,district,Palakkad,ACCESS-CM2,2005,elev,4482742329.27391,4482742329.273924,4482742329.273924,1.000000000000003,1.0,1.000000000000003,14,14,0,meets_screen,0.99,valid_fraction_of_represented
Kerala,district,Pathanamthitta,ACCESS-CM2,2005,elev,2650920516.3045187,2650920516.304514,2650920516.304514,0.9999999999999982,1.0,0.9999999999999982,9,9,0,meets_screen,0.99,valid_fraction_of_represented
Kerala,district,Thiruvananthapuram,ACCESS-CM2,2005,elev,2193070278.7542987,2193070278.7543035,2193070278.7543035,1.0000000000000022,1.0,1.0000000000000022,9,9,0,meets_screen,0.99,valid_fraction_of_represented
Kerala,district,Thrissur,ACCESS-CM2,2005,elev,3021765148.574789,3021765148.5747895,3021765148.5747895,1.0000000000000002,1.0,1.0000000000000002,11,11,0,meets_screen,0.99,valid_fraction_of_represented
Kerala,district,Wayanad,ACCESS-CM2,2005,elev,2131059614.0066578,2131059614.0066633,2131059614.0066633,1.0000000000000027,1.0,1.0000000000000027,7,7,0,meets_screen,0.99,valid_fraction_of_represented
Kerala,block,Alappuzha||Ambalappuzha,ACCESS-CM2,2005,elev,87415766.85147066,87415766.85147078,87415766.85147078,1.0000000000000013,1.0,1.0000000000000013,1,1,0,meets_screen,0.99,valid_fraction_of_represented
Kerala,block,Alappuzha||Aryad,ACCESS-CM2,2005,elev,85906893.71300294,85906893.71300279,85906893.71300279,0.9999999999999982,1.0,0.9999999999999982,2,2,0,meets_screen,0.99,valid_fraction_of_represented
Kerala,block,Alappuzha||Bharanicavu,ACCESS-CM2,2005,elev,133047995.05349082,133047995.053491,133047995.053491,1.0000000000000013,1.0,1.0000000000000013,1,1,0,meets_screen,0.99,valid_fraction_of_represented
Kerala,block,Alappuzha||Champakulam,ACCESS-CM2,2005,elev,174946819.19111267,174946819.1911126,174946819.1911126,0.9999999999999997,1.0,0.9999999999999997,3,3,0,meets_screen,0.99,valid_fraction_of_represented
Kerala,block,Alappuzha||Chengannur,ACCESS-CM2,2005,elev,143188337.7754062,143188337.77540636,143188337.77540636,1.000000000000001,1.0,1.000000000000001,3,3,0,meets_screen,0.99,valid_fraction_of_represented
Kerala,block,Alappuzha||Harippad,ACCESS-CM2,2005,elev,112097491.95683366,112097491.95683366,112097491.95683366,1.0,1.0,1.0,3,3,0,meets_screen,0.99,valid_fraction_of_represented
Kerala,block,Alappuzha||Kanjikkuzhy,ACCESS-CM2,2005,elev,129468468.36571395,129468468.36571386,129468468.36571386,0.9999999999999993,1.0,0.9999999999999993,1,1,0,meets_screen,0.99,valid_fraction_of_represented
Kerala,block,Alappuzha||Mavelikkara,ACCESS-CM2,2005,elev,98289059.26779906,98289059.26779926,98289059.26779926,1.000000000000002,1.0,1.000000000000002,4,4,0,meets_screen,0.99,valid_fraction_of_represented
Kerala,block,Alappuzha||Muthukulam,ACCESS-CM2,2005,elev,119167562.20576803,119167562.20576802,119167562.20576802,0.9999999999999999,1.0,0.9999999999999999,4,4,0,meets_screen,0.99,valid_fraction_of_represented
Kerala,block,Alappuzha||Pattanakkad,ACCESS-CM2,2005,elev,113751564.5261177,113751564.52611786,113751564.52611786,1.0000000000000013,1.0,1.0000000000000013,2,2,0,meets_screen,0.99,valid_fraction_of_represented
Kerala,block,Alappuzha||Thycattussery,ACCESS-CM2,2005,elev,83859090.58114152,83859090.58114141,83859090.58114141,0.9999999999999988,1.0,0.9999999999999988,2,2,0,meets_screen,0.99,valid_fraction_of_represented
Kerala,block,Alappuzha||Veliyanad,ACCESS-CM2,2005,elev,139097578.46290493,139097578.462905,139097578.462905,1.0000000000000004,1.0,1.0000000000000004,4,4,0,meets_screen,0.99,valid_fraction_of_represented
Kerala,block,Ernakulam||Alangad,ACCESS-CM2,2005,elev,151863491.96723056,151863491.9672302,151863491.9672302,0.9999999999999977,1.0,0.9999999999999977,2,2,0,meets_screen,0.99,valid_fraction_of_represented
Kerala,block,Ernakulam||Angamali,ACCESS-CM2,2005,elev,409869678.0773847,409869678.07738435,409869678.07738435,0.9999999999999991,1.0,0.9999999999999991,4,4,0,meets_screen,0.99,valid_fraction_of_represented
Kerala,block,Ernakulam||Edappally,ACCESS-CM2,2005,elev,109537795.64352088,109537795.64352089,109537795.64352089,1.0000000000000002,1.0,1.0000000000000002,3,3,0,meets_screen,0.99,valid_fraction_of_represented
Kerala,block,Ernakulam||Koovappady,ACCESS-CM2,2005,elev,194081841.1262866,194081841.1262865,194081841.1262865,0.9999999999999996,1.0,0.9999999999999996,2,2,0,meets_screen,0.99,valid_fraction_of_represented
Kerala,block,Ernakulam||Kothamangalam,ACCESS-CM2,2005,elev,958390106.1437148,958390106.1437131,958390106.1437131,0.9999999999999982,1.0,0.9999999999999982,8,8,0,meets_screen,0.99,valid_fraction_of_represented
Kerala,block,Ernakulam||Mulanthuruthy,ACCESS-CM2,2005,elev,184316457.45170557,184316457.45170534,184316457.45170534,0.9999999999999987,1.0,0.9999999999999987,2,2,0,meets_screen,0.99,valid_fraction_of_represented
Kerala,block,Ernakulam||Muvattupuzha,ACCESS-CM2,2005,elev,219266348.5612048,219266348.56120464,219266348.56120464,0.9999999999999993,1.0,0.9999999999999993,2,2,0,meets_screen,0.99,valid_fraction_of_represented
Kerala,block,Ernakulam||Palluruthy,ACCESS-CM2,2005,elev,62173586.26567686,62173586.26567684,62173586.26567684,0.9999999999999997,1.0,0.9999999999999997,2,2,0,meets_screen,0.99,valid_fraction_of_represented
Kerala,block,Ernakulam||Pampakuda,ACCESS-CM2,2005,elev,218998079.08381382,218998079.0838137,218998079.0838137,0.9999999999999994,1.0,0.9999999999999994,2,2,0,meets_screen,0.99,valid_fraction_of_represented
Kerala,block,Ernakulam||Parakkadav,ACCESS-CM2,2005,elev,93530523.34485711,93530523.34485708,93530523.34485708,0.9999999999999997,1.0,0.9999999999999997,2,2,0,meets_screen,0.99,valid_fraction_of_represented
Kerala,block,Ernakulam||Paravur,ACCESS-CM2,2005,elev,78277144.51569949,78277144.5156995,78277144.5156995,1.0000000000000002,1.0,1.0000000000000002,2,2,0,meets_screen,0.99,valid_fraction_of_represented
Kerala,block,Ernakulam||Vadavucode,ACCESS-CM2,2005,elev,206332272.71660697,206332272.71660694,206332272.71660694,0.9999999999999999,1.0,0.9999999999999999,4,4,0,meets_screen,0.99,valid_fraction_of_represented
Kerala,block,Ernakulam||Vazhakkulam,ACCESS-CM2,2005,elev,75394266.39895922,75394266.39895916,75394266.39895916,0.9999999999999992,1.0,0.9999999999999992,1,1,0,meets_screen,0.99,valid_fraction_of_represented
Kerala,block,Ernakulam||Vypeen,ACCESS-CM2,2005,elev,97978211.90077843,97978211.9007784,97978211.9007784,0.9999999999999997,1.0,0.9999999999999997,4,4,0,meets_screen,0.99,valid_fraction_of_represented
Kerala,block,Idukki||Adimaly,ACCESS-CM2,2005,elev,439970540.7421799,439970540.7421797,439970540.7421797,0.9999999999999996,1.0,0.9999999999999996,4,4,0,meets_screen,0.99,valid_fraction_of_represented
Kerala,block,Idukki||Azhutha,ACCESS-CM2,2005,elev,1246460033.999765,1246460033.999763,1246460033.999763,0.9999999999999984,1.0,0.9999999999999984,7,7,0,meets_screen,0.99,valid_fraction_of_represented
Kerala,block,Idukki||Devikulam,ACCESS-CM2,2005,elev,991080965.2718492,991080965.2718499,991080965.2718499,1.0000000000000007,1.0,1.0000000000000007,7,7,0,meets_screen,0.99,valid_fraction_of_represented
Kerala,block,Idukki||Elemdesam,ACCESS-CM2,2005,elev,314146733.56750333,314146733.56750375,314146733.56750375,1.0000000000000013,1.0,1.0000000000000013,3,3,0,meets_screen,0.99,valid_fraction_of_represented
Kerala,block,Idukki||Idukki,ACCESS-CM2,2005,elev,530594847.9926911,530594847.99269235,530594847.99269235,1.0000000000000024,1.0,1.0000000000000024,5,5,0,meets_screen,0.99,valid_fraction_of_represented
Kerala,block,Idukki||Kattappana,ACCESS-CM2,2005,elev,334551651.87412703,334551651.8741273,334551651.8741273,1.0000000000000009,1.0,1.0000000000000009,4,4,0,meets_screen,0.99,valid_fraction_of_represented
Kerala,block,Idukki||Nedumkandom,ACCESS-CM2,2005,elev,340895687.2605217,340895687.26052195,340895687.26052195,1.0000000000000007,1.0,1.0000000000000007,3,3,0,meets_screen,0.99,valid_fraction_of_represented
Kerala,block,Idukki||Thodupuzha,ACCESS-CM2,2005,elev,159476724.99247643,159476724.99247625,159476724.99247625,0.9999999999999989,1.0,0.9999999999999989,2,2,0,meets_screen,0.99,valid_fraction_of_represented
Kerala,block,Kannur||Edakkad,ACCESS-CM2,2005,elev,174430761.43509558,174430761.43509537,174430761.43509537,0.9999999999999988,1.0,0.9999999999999988,2,2,0,meets_screen,0.99,valid_fraction_of_represented
Kerala,block,Kannur||Irikkur,ACCESS-CM2,2005,elev,431805429.14267576,431805429.14267635,431805429.14267635,1.0000000000000013,1.0,1.0000000000000013,4,4,0,meets_screen,0.99,valid_fraction_of_represented
Kerala,block,Kannur||Iritty,ACCESS-CM2,2005,elev,396466857.137435,396466857.13743514,396466857.13743514,1.0000000000000002,1.0,1.0000000000000002,5,5,0,meets_screen,0.99,valid_fraction_of_represented
Kerala,block,Kannur||Kalliasseri,ACCESS-CM2,2005,elev,160242132.75086096,160242132.750861,160242132.750861,1.0000000000000002,1.0,1.0000000000000002,3,3,0,meets_screen,0.99,valid_fraction_of_represented
Kerala,block,Kannur||Kannur,ACCESS-CM2,2005,elev,71758034.10124779,71758034.10124771,71758034.10124771,0.999999999999999,1.0,0.999999999999999,1,1,0,meets_screen,0.99,valid_fraction_of_represented
Kerala,block,Kannur||Kuthuparamba,ACCESS-CM2,2005,elev,278539983.8018946,278539983.8018948,278539983.8018948,1.0000000000000007,1.0,1.0000000000000007,4,4,0,meets_screen,0.99,valid_fraction_of_represented
Kerala,block,Kannur||Panoor,ACCESS-CM2,2005,elev,66988257.34362547,66988257.3436255,66988257.3436255,1.0000000000000004,1.0,1.0000000000000004,2,2,0,meets_screen,0.99,valid_fraction_of_represented
Kerala,block,Kannur||Payyannur,ACCESS-CM2,2005,elev,439202469.3794375,439202469.3794371,439202469.3794371,0.999999999999999,1.0,0.999999999999999,3,3,0,meets_screen,0.99,valid_fraction_of_represented
Kerala,block,Kannur||Peravoor,ACCESS-CM2,2005,elev,318385070.104917,318385070.1049171,318385070.1049171,1.0000000000000004,1.0,1.0000000000000004,2,2,0,meets_screen,0.99,valid_fraction_of_represented
Kerala,block,Kannur||Taliparamba,ACCESS-CM2,2005,elev,526322492.52569383,526322492.52569425,526322492.52569425,1.0000000000000009,1.0,1.0000000000000009,5,5,0,meets_screen,0.99,valid_fraction_of_represented
Kerala,block,Kannur||Thalassery,ACCESS-CM2,2005,elev,102913203.60616226,102913203.60616228,102913203.60616228,1.0000000000000002,1.0,1.0000000000000002,4,4,0,meets_screen,0.99,valid_fraction_of_represented
Kerala,block,Kasaragod||Kanhangad,ACCESS-CM2,2005,elev,242092224.8980632,242092224.8980625,242092224.8980625,0.999999999999997,1.0,0.999999999999997,2,2,0,meets_screen,0.99,valid_fraction_of_represented
Kerala,block,Kasaragod||Karadka,ACCESS-CM2,2005,elev,397107072.7855533,397107072.7855542,397107072.7855542,1.0000000000000022,1.0,1.0000000000000022,4,4,0,meets_screen,0.99,valid_fraction_of_represented
Kerala,block,Kasaragod||Kasargod,ACCESS-CM2,2005,elev,152808192.89343247,152808192.8934325,144805031.32725972,1.0000000000000002,0.9476260963850667,0.9476260963850668,4,3,1,partial_coverage,0.99,valid_fraction_of_represented
Kerala,block,Kasaragod||Manjeshwar,ACCESS-CM2,2005,elev,451184162.8235031,451184162.8235033,451184162.8235033,1.0000000000000004,1.0,1.0000000000000004,4,4,0,meets_screen,0.99,valid_fraction_of_represented
Kerala,block,Kasaragod||Nileshwar,ACCESS-CM2,2005,elev,205667554.89018345,205667554.8901833,205667554.8901833,0.9999999999999992,1.0,0.9999999999999992,4,4,0,meets_screen,0.99,valid_fraction_of_represented
Kerala,block,Kasaragod||Parappa,ACCESS-CM2,2005,elev,543982031.8661196,543982031.8661207,543982031.8661207,1.000000000000002,1.0,1.000000000000002,3,3,0,meets_screen,0.99,valid_fraction_of_represented
Kerala,block,Kollam||Anchal,ACCESS-CM2,2005,elev,908273614.597915,908273614.5979147,908273614.5979147,0.9999999999999996,1.0,0.9999999999999996,5,5,0,meets_screen,0.99,valid_fraction_of_represented
Kerala,block,Kollam||Chadayamangalam,ACCESS-CM2,2005,elev,247280954.52277812,247280954.5227781,247280954.5227781,0.9999999999999999,1.0,0.9999999999999999,2,2,0,meets_screen,0.99,valid_fraction_of_represented
Kerala,block,Kollam||Chavara,ACCESS-CM2,2005,elev,101149615.61022,101149615.61021994,101149615.61021994,0.9999999999999994,1.0,0.9999999999999994,3,3,0,meets_screen,0.99,valid_fraction_of_represented
Kerala,block,Kollam||Chittumala,ACCESS-CM2,2005,elev,157185120.43081588,157185120.43081596,157185120.43081596,1.0000000000000007,1.0,1.0000000000000007,2,2,0,meets_screen,0.99,valid_fraction_of_represented
Kerala,block,Kollam||Ithikkara,ACCESS-CM2,2005,elev,148289972.95134524,148289972.9513451,148289972.9513451,0.999999999999999,1.0,0.999999999999999,2,2,0,meets_screen,0.99,valid_fraction_of_represented
Kerala,block,Kollam||Kottarakkara,ACCESS-CM2,2005,elev,130650761.86365198,130650761.8636519,130650761.8636519,0.9999999999999994,1.0,0.9999999999999994,4,4,0,meets_screen,0.99,valid_fraction_of_represented
Kerala,block,Kollam||Mukhathala,ACCESS-CM2,2005,elev,65612921.83507761,65612921.83507759,65612921.83507759,0.9999999999999997,1.0,0.9999999999999997,1,1,0,meets_screen,0.99,valid_fraction_of_represented
Kerala,block,Kollam||Oachira,ACCESS-CM2,2005,elev,109736987.50981563,109736987.5098153,109736987.5098153,0.999999999999997,1.0,0.999999999999997,2,2,0,meets_screen,0.99,valid_fraction_of_represented
Kerala,block,Kollam||Pathanapuram,ACCESS-CM2,2005,elev,321984510.05394113,321984510.0539413,321984510.0539413,1.0000000000000007,1.0,1.0000000000000007,3,3,0,meets_screen,0.99,valid_fraction_of_represented
Kerala,block,Kollam||Sasthamcottah,ACCESS-CM2,2005,elev,118380971.04305314,118380971.04305314,118380971.04305314,1.0,1.0,1.0,2,2,0,meets_screen,0.99,valid_fraction_of_represented
Kerala,block,Kollam||Vettikkavala,ACCESS-CM2,2005,elev,175430923.4850225,175430923.48502225,175430923.48502225,0.9999999999999987,1.0,0.9999999999999987,3,3,0,meets_screen,0.99,valid_fraction_of_represented
Kerala,block,Kottayam||Erattupetta,ACCESS-CM2,2005,elev,262254295.9667908,262254295.96679074,262254295.96679074,0.9999999999999998,1.0,0.9999999999999998,4,4,0,meets_screen,0.99,valid_fraction_of_represented
Kerala,block,Kottayam||Ettumanoor,ACCESS-CM2,2005,elev,143435864.68418294,143435864.68418306,143435864.68418306,1.0000000000000009,1.0,1.0000000000000009,2,2,0,meets_screen,0.99,valid_fraction_of_represented
Kerala,block,Kottayam||Kaduthuruthy,ACCESS-CM2,2005,elev,190462524.9435782,190462524.94357803,190462524.94357803,0.9999999999999991,1.0,0.9999999999999991,4,4,0,meets_screen,0.99,valid_fraction_of_represented
Kerala,block,Kottayam||Kanjirappally,ACCESS-CM2,2005,elev,362433144.14415777,362433144.1441581,362433144.1441581,1.0000000000000009,1.0,1.0000000000000009,3,3,0,meets_screen,0.99,valid_fraction_of_represented
Kerala,block,Kottayam||Lalam,ACCESS-CM2,2005,elev,216039052.7149633,216039052.7149638,216039052.7149638,1.0000000000000024,1.0,1.0000000000000024,4,4,0,meets_screen,0.99,valid_fraction_of_represented
Kerala,block,Kottayam||Madappally,ACCESS-CM2,2005,elev,158600106.3219866,158600106.3219865,158600106.3219865,0.9999999999999994,1.0,0.9999999999999994,4,4,0,meets_screen,0.99,valid_fraction_of_represented
Kerala,block,Kottayam||Pallom,ACCESS-CM2,2005,elev,173658964.72448567,173658964.72448564,173658964.72448564,0.9999999999999998,1.0,0.9999999999999998,3,3,0,meets_screen,0.99,valid_fraction_of_represented
Kerala,block,Kottayam||Pampady,ACCESS-CM2,2005,elev,228566923.3754,228566923.37540096,228566923.37540096,1.0000000000000042,1.0,1.0000000000000042,2,2,0,meets_screen,0.99,valid_fraction_of_represented
Kerala,block,Kottayam||Uzhavoor,ACCESS-CM2,2005,elev,197092785.98281768,197092785.9828177,197092785.9828177,1.0000000000000002,1.0,1.0000000000000002,2,2,0,meets_screen,0.99,valid_fraction_of_represented
Kerala,block,Kottayam||Vaikom,ACCESS-CM2,2005,elev,129974915.3552093,129974915.3552092,129974915.3552092,0.9999999999999992,1.0,0.9999999999999992,2,2,0,meets_screen,0.99,valid_fraction_of_represented
Kerala,block,Kottayam||Vazhoor,ACCESS-CM2,2005,elev,143248164.72064623,143248164.72064638,143248164.72064638,1.000000000000001,1.0,1.000000000000001,4,4,0,meets_screen,0.99,valid_fraction_of_represented
Kerala,block,Kozhikode||Balusseri,ACCESS-CM2,2005,elev,246438232.12302428,246438232.12302446,246438232.12302446,1.0000000000000007,1.0,1.0000000000000007,4,4,0,meets_screen,0.99,valid_fraction_of_represented
Kerala,block,Kozhikode||Chelannur,ACCESS-CM2,2005,elev,141203641.5165951,141203641.51659504,141203641.51659504,0.9999999999999996,1.0,0.9999999999999996,2,2,0,meets_screen,0.99,valid_fraction_of_represented
Kerala,block,Kozhikode||Koduvally,ACCESS-CM2,2005,elev,435295568.0031456,435295568.00314564,435295568.00314564,1.0000000000000002,1.0,1.0000000000000002,4,4,0,meets_screen,0.99,valid_fraction_of_represented
Kerala,block,Kozhikode||Kozhikode,ACCESS-CM2,2005,elev,175430890.8128385,175430890.81283823,175430890.81283823,0.9999999999999984,1.0,0.9999999999999984,2,2,0,meets_screen,0.99,valid_fraction_of_represented
Kerala,block,Kozhikode||Kunnamangalam,ACCESS-CM2,2005,elev,296591259.55253696,296591259.5525364,296591259.5525364,0.9999999999999982,1.0,0.9999999999999982,5,5,0,meets_screen,0.99,valid_fraction_of_represented
Kerala,block,Kozhikode||Kunnummal,ACCESS-CM2,2005,elev,263421310.18075156,263421310.18075174,263421310.18075174,1.0000000000000007,1.0,1.0000000000000007,4,4,0,meets_screen,0.99,valid_fraction_of_represented
Kerala,block,Kozhikode||Melday,ACCESS-CM2,2005,elev,82338306.48905317,82338306.48905319,82338306.48905319,1.0000000000000002,1.0,1.0000000000000002,2,2,0,meets_screen,0.99,valid_fraction_of_represented
Kerala,block,Kozhikode||Panthalayani,ACCESS-CM2,2005,elev,76280530.1862793,76280530.18627933,76280530.18627933,1.0000000000000004,1.0,1.0000000000000004,4,4,0,meets_screen,0.99,valid_fraction_of_represented
Kerala,block,Kozhikode||Perambra,ACCESS-CM2,2005,elev,318377720.0400578,318377720.0400582,318377720.0400582,1.0000000000000013,1.0,1.0000000000000013,2,2,0,meets_screen,0.99,valid_fraction_of_represented
Kerala,block,Kozhikode||Thodannur,ACCESS-CM2,2005,elev,79613586.28223361,79613586.28223379,79613586.28223379,1.0000000000000022,1.0,1.0000000000000022,1,1,0,meets_screen,0.99,valid_fraction_of_represented
Kerala,block,Kozhikode||Thuneri,ACCESS-CM2,2005,elev,143239618.27802882,143239618.27802873,143239618.27802873,0.9999999999999993,1.0,0.9999999999999993,3,3,0,meets_screen,0.99,valid_fraction_of_represented
Kerala,block,Kozhikode||Vadakara,ACCESS-CM2,2005,elev,90199585.86599986,90199585.86599983,90199585.86599983,0.9999999999999997,1.0,0.9999999999999997,1,1,0,meets_screen,0.99,valid_fraction_of_represented
Kerala,block,Malappuram||Areakode,ACCESS-CM2,2005,elev,233672198.90089715,233672198.9008971,233672198.9008971,0.9999999999999998,1.0,0.9999999999999998,4,4,0,meets_screen,0.99,valid_fraction_of_represented
Kerala,block,Malappuram||Kalikavu,ACCESS-CM2,2005,elev,620411109.8107977,620411109.8107977,620411109.8107977,1.0,1.0,1.0,3,3,0,meets_screen,0.99,valid_fraction_of_represented
Kerala,block,Malappuram||Kondotty,ACCESS-CM2,2005,elev,186600711.615691,186600711.61569095,186600711.61569095,0.9999999999999997,1.0,0.9999999999999997,3,3,0,meets_screen,0.99,valid_fraction_of_represented
Kerala,block,Malappuram||Kuttippuram,ACCESS-CM2,2005,elev,162804233.3383511,162804233.33835104,162804233.33835104,0.9999999999999997,1.0,0.9999999999999997,2,2,0,meets_screen,0.99,valid_fraction_of_represented
Kerala,block,Malappuram||Malappuram,ACCESS-CM2,2005,elev,215496329.8367947,215496329.8367946,215496329.8367946,0.9999999999999996,1.0,0.9999999999999996,4,4,0,meets_screen,0.99,valid_fraction_of_represented
Kerala,block,Malappuram||Mankada,ACCESS-CM2,2005,elev,203102785.1476759,203102785.14767653,203102785.14767653,1.000000000000003,1.0,1.000000000000003,2,2,0,meets_screen,0.99,valid_fraction_of_represented
Kerala,block,Malappuram||Nilambur,ACCESS-CM2,2005,elev,578406663.0060368,578406663.0060374,578406663.0060374,1.000000000000001,1.0,1.000000000000001,4,4,0,meets_screen,0.99,valid_fraction_of_represented
Kerala,block,Malappuram||Perinthalmanna,ACCESS-CM2,2005,elev,277003716.5026441,277003716.50264424,277003716.50264424,1.0000000000000004,1.0,1.0000000000000004,4,4,0,meets_screen,0.99,valid_fraction_of_represented
Kerala,block,Malappuram||Perumpadappu,ACCESS-CM2,2005,elev,92168517.49710119,92168517.49710117,92168517.49710117,0.9999999999999999,1.0,0.9999999999999999,4,4,0,meets_screen,0.99,valid_fraction_of_represented
Kerala,block,Malappuram||Ponnani,ACCESS-CM2,2005,elev,109474618.19686218,109474618.1968622,109474618.1968622,1.0000000000000002,1.0,1.0000000000000002,4,4,0,meets_screen,0.99,valid_fraction_of_represented
Kerala,block,Malappuram||Tanur,ACCESS-CM2,2005,elev,125896039.55120546,125896039.55120565,125896039.55120565,1.0000000000000016,1.0,1.0000000000000016,3,3,0,meets_screen,0.99,valid_fraction_of_represented
Kerala,block,Malappuram||Tirur,ACCESS-CM2,2005,elev,120741278.4814491,120741278.4814492,120741278.4814492,1.0000000000000009,1.0,1.0000000000000009,2,2,0,meets_screen,0.99,valid_fraction_of_represented
Kerala,block,Malappuram||Tirurangadi,ACCESS-CM2,2005,elev,141446219.36872154,141446219.36872175,141446219.36872175,1.0000000000000016,1.0,1.0000000000000016,2,2,0,meets_screen,0.99,valid_fraction_of_represented
Kerala,block,Malappuram||Vengara,ACCESS-CM2,2005,elev,117757993.40516777,117757993.40516758,117757993.40516758,0.9999999999999983,1.0,0.9999999999999983,4,4,0,meets_screen,0.99,valid_fraction_of_represented
Kerala,block,Malappuram||Wandoor,ACCESS-CM2,2005,elev,369924793.3476436,369924793.3476437,369924793.3476437,1.0000000000000002,1.0,1.0000000000000002,4,4,0,meets_screen,0.99,valid_fraction_of_represented
Kerala,block,Palakkad||Alathur,ACCESS-CM2,2005,elev,370666520.83870995,370666520.83871007,370666520.83871007,1.0000000000000002,1.0,1.0000000000000002,4,4,0,meets_screen,0.99,valid_fraction_of_represented
Kerala,block,Palakkad||Attappadi,ACCESS-CM2,2005,elev,737850840.7262989,737850840.7262989,737850840.7262989,1.0,1.0,1.0,4,4,0,meets_screen,0.99,valid_fraction_of_represented
Kerala,block,Palakkad||Chittur,ACCESS-CM2,2005,elev,276002195.2675312,276002195.2675314,276002195.2675314,1.0000000000000007,1.0,1.0000000000000007,3,3,0,meets_screen,0.99,valid_fraction_of_represented
Kerala,block,Palakkad||Kollengode,ACCESS-CM2,2005,elev,339642159.43496567,339642159.434967,339642159.434967,1.0000000000000038,1.0,1.0000000000000038,4,4,0,meets_screen,0.99,valid_fraction_of_represented
Kerala,block,Palakkad||Kuzhalmannam,ACCESS-CM2,2005,elev,188664981.7842022,188664981.78420222,188664981.78420222,1.0000000000000002,1.0,1.0000000000000002,4,4,0,meets_screen,0.99,valid_fraction_of_represented
Kerala,block,Palakkad||Malampuzha,ACCESS-CM2,2005,elev,459269593.7669041,459269593.766905,459269593.766905,1.000000000000002,1.0,1.000000000000002,4,4,0,meets_screen,0.99,valid_fraction_of_represented
Kerala,block,Palakkad||Mannarkad,ACCESS-CM2,2005,elev,467601226.22954845,467601226.2295485,467601226.2295485,1.0000000000000002,1.0,1.0000000000000002,4,4,0,meets_screen,0.99,valid_fraction_of_represented
Kerala,block,Palakkad||Nemmara,ACCESS-CM2,2005,elev,555039573.872686,555039573.8726864,555039573.8726864,1.0000000000000007,1.0,1.0000000000000007,3,3,0,meets_screen,0.99,valid_fraction_of_represented
Kerala,block,Palakkad||Ottappalam,ACCESS-CM2,2005,elev,210366186.58052135,210366186.58052093,210366186.58052093,0.999999999999998,1.0,0.999999999999998,4,4,0,meets_screen,0.99,valid_fraction_of_represented
Kerala,block,Palakkad||Palakkad,ACCESS-CM2,2005,elev,241763758.41436034,241763758.41435975,241763758.41435975,0.9999999999999976,1.0,0.9999999999999976,3,3,0,meets_screen,0.99,valid_fraction_of_represented
Kerala,block,Palakkad||Pattambi,ACCESS-CM2,2005,elev,227300033.6763351,227300033.67633516,227300033.67633516,1.0000000000000002,1.0,1.0000000000000002,2,2,0,meets_screen,0.99,valid_fraction_of_represented
Kerala,block,Palakkad||Sreekrishnapuram,ACCESS-CM2,2005,elev,235949718.9228921,235949718.922892,235949718.922892,0.9999999999999997,1.0,0.9999999999999997,2,2,0,meets_screen,0.99,valid_fraction_of_represented
Kerala,block,Palakkad||Trithala,ACCESS-CM2,2005,elev,172625539.75896624,172625539.7589664,172625539.7589664,1.0000000000000009,1.0,1.0000000000000009,2,2,0,meets_screen,0.99,valid_fraction_of_represented
Kerala,block,Pathanamthitta||Elanthoor,ACCESS-CM2,2005,elev,165272177.66963196,165272177.66963196,165272177.66963196,1.0,1.0,1.0,4,4,0,meets_screen,0.99,valid_fraction_of_represented
Kerala,block,Pathanamthitta||Koipuram,ACCESS-CM2,2005,elev,122369727.1792006,122369727.17920087,122369727.17920087,1.0000000000000022,1.0,1.0000000000000022,2,2,0,meets_screen,0.99,valid_fraction_of_represented
Kerala,block,Pathanamthitta||Konni,ACCESS-CM2,2005,elev,760814313.3584675,760814313.3584683,760814313.3584683,1.000000000000001,1.0,1.000000000000001,6,6,0,meets_screen,0.99,valid_fraction_of_represented
Kerala,block,Pathanamthitta||Mallappally,ACCESS-CM2,2005,elev,135221015.28638637,135221015.28638616,135221015.28638616,0.9999999999999984,1.0,0.9999999999999984,2,2,0,meets_screen,0.99,valid_fraction_of_represented
Kerala,block,Pathanamthitta||Pandlam,ACCESS-CM2,2005,elev,56455551.80996534,56455551.80996532,56455551.80996532,0.9999999999999996,1.0,0.9999999999999996,2,2,0,meets_screen,0.99,valid_fraction_of_represented
Kerala,block,Pathanamthitta||Parakode,ACCESS-CM2,2005,elev,271784618.9469938,271784618.9469935,271784618.9469935,0.9999999999999989,1.0,0.9999999999999989,2,2,0,meets_screen,0.99,valid_fraction_of_represented
Kerala,block,Pathanamthitta||Pulikeezhu,ACCESS-CM2,2005,elev,91618067.30021566,91618067.30021557,91618067.30021557,0.999999999999999,1.0,0.999999999999999,2,2,0,meets_screen,0.99,valid_fraction_of_represented
Kerala,block,Pathanamthitta||Ranni,ACCESS-CM2,2005,elev,1047385044.7536519,1047385044.7536519,1047385044.7536519,1.0,1.0,1.0,5,5,0,meets_screen,0.99,valid_fraction_of_represented
Kerala,block,Thiruvananthapuram||Athiyannoor,ACCESS-CM2,2005,elev,104939802.27507043,104939802.27507037,104939802.27507037,0.9999999999999994,1.0,0.9999999999999994,2,2,0,meets_screen,0.99,valid_fraction_of_represented
Kerala,block,Thiruvananthapuram||Chirayinkeezhu,ACCESS-CM2,2005,elev,101507285.52364908,101507285.52364905,101507285.52364905,0.9999999999999997,1.0,0.9999999999999997,2,2,0,meets_screen,0.99,valid_fraction_of_represented
Kerala,block,Thiruvananthapuram||Kilimanoor,ACCESS-CM2,2005,elev,180009797.6787901,180009797.67879018,180009797.67879018,1.0000000000000004,1.0,1.0000000000000004,2,2,0,meets_screen,0.99,valid_fraction_of_represented
Kerala,block,Thiruvananthapuram||Nedumangad,ACCESS-CM2,2005,elev,145221849.5240167,145221849.52401662,145221849.52401662,0.9999999999999993,1.0,0.9999999999999993,2,2,0,meets_screen,0.99,valid_fraction_of_represented
Kerala,block,Thiruvananthapuram||Nemom,ACCESS-CM2,2005,elev,109056164.63818386,109056164.63818394,109056164.63818394,1.0000000000000007,1.0,1.0000000000000007,3,3,0,meets_screen,0.99,valid_fraction_of_represented
Kerala,block,Thiruvananthapuram||Parassala,ACCESS-CM2,2005,elev,83783388.13677564,83783388.13677567,83783388.13677567,1.0000000000000004,1.0,1.0000000000000004,1,1,0,meets_screen,0.99,valid_fraction_of_represented
Kerala,block,Thiruvananthapuram||Perumkadavila,ACCESS-CM2,2005,elev,284043891.86232495,284043891.8623246,284043891.8623246,0.9999999999999988,1.0,0.9999999999999988,3,3,0,meets_screen,0.99,valid_fraction_of_represented
Kerala,block,Thiruvananthapuram||Pothencode,ACCESS-CM2,2005,elev,280750125.1120754,280750125.112076,280750125.112076,1.0000000000000022,1.0,1.0000000000000022,4,4,0,meets_screen,0.99,valid_fraction_of_represented
Kerala,block,Thiruvananthapuram||Vamanapuram,ACCESS-CM2,2005,elev,433539724.9804342,433539724.98043513,433539724.98043513,1.0000000000000022,1.0,1.0000000000000022,4,4,0,meets_screen,0.99,valid_fraction_of_represented
Kerala,block,Thiruvananthapuram||Varkala,ACCESS-CM2,2005,elev,102936578.93104486,102936578.93104501,102936578.93104501,1.0000000000000016,1.0,1.0000000000000016,4,4,0,meets_screen,0.99,valid_fraction_of_represented
Kerala,block,Thiruvananthapuram||Vellanad,ACCESS-CM2,2005,elev,367281670.0919378,367281670.0919373,367281670.0919373,0.9999999999999987,1.0,0.9999999999999987,2,2,0,meets_screen,0.99,valid_fraction_of_represented
Kerala,block,Thrissur||Anthikkad,ACCESS-CM2,2005,elev,73596836.36461376,73596836.36461374,73596836.36461374,0.9999999999999998,1.0,0.9999999999999998,2,2,0,meets_screen,0.99,valid_fraction_of_represented
Kerala,block,Thrissur||Chalakkudy,ACCESS-CM2,2005,elev,795710727.8832488,795710727.8832483,795710727.8832483,0.9999999999999994,1.0,0.9999999999999994,4,4,0,meets_screen,0.99,valid_fraction_of_represented
Kerala,block,Thrissur||Chavakkad,ACCESS-CM2,2005,elev,99556225.87025587,99556225.87025616,99556225.87025616,1.0000000000000029,1.0,1.0000000000000029,2,2,0,meets_screen,0.99,valid_fraction_of_represented
Kerala,block,Thrissur||Cherpu,ACCESS-CM2,2005,elev,66708672.551017925,66708672.55101788,66708672.55101788,0.9999999999999993,1.0,0.9999999999999993,2,2,0,meets_screen,0.99,valid_fraction_of_represented
Kerala,block,Thrissur||Chowannur,ACCESS-CM2,2005,elev,129514953.60651349,129514953.60651334,129514953.60651334,0.9999999999999989,1.0,0.9999999999999989,1,1,0,meets_screen,0.99,valid_fraction_of_represented
Kerala,block,Thrissur||Irinjalakkuda,ACCESS-CM2,2005,elev,111878505.82941172,111878505.82941176,111878505.82941176,1.0000000000000004,1.0,1.0000000000000004,2,2,0,meets_screen,0.99,valid_fraction_of_represented
Kerala,block,Thrissur||Kodakara,ACCESS-CM2,2005,elev,187590312.9822223,187590312.98222235,187590312.98222235,1.0000000000000002,1.0,1.0000000000000002,2,2,0,meets_screen,0.99,valid_fraction_of_represented
Kerala,block,Thrissur||Mala,ACCESS-CM2,2005,elev,121545481.29755802,121545481.29755807,121545481.29755807,1.0000000000000004,1.0,1.0000000000000004,4,4,0,meets_screen,0.99,valid_fraction_of_represented
Kerala,block,Thrissur||Mathilakam,ACCESS-CM2,2005,elev,131405769.90361765,131405769.90361738,131405769.90361738,0.999999999999998,1.0,0.999999999999998,3,3,0,meets_screen,0.99,valid_fraction_of_represented
Kerala,block,Thrissur||Mullassery,ACCESS-CM2,2005,elev,64433786.16286641,64433786.16286644,64433786.16286644,1.0000000000000004,1.0,1.0000000000000004,1,1,0,meets_screen,0.99,valid_fraction_of_represented
Kerala,block,Thrissur||Ollukkara,ACCESS-CM2,2005,elev,378208274.07454085,378208274.07454115,378208274.07454115,1.0000000000000009,1.0,1.0000000000000009,4,4,0,meets_screen,0.99,valid_fraction_of_represented
Kerala,block,Thrissur||Pazhayannur,ACCESS-CM2,2005,elev,224305213.20351154,224305213.20351154,224305213.20351154,1.0,1.0,1.0,2,2,0,meets_screen,0.99,valid_fraction_of_represented
Kerala,block,Thrissur||Puzhakkal,ACCESS-CM2,2005,elev,143585915.54913342,143585915.5491334,143585915.5491334,0.9999999999999998,1.0,0.9999999999999998,3,3,0,meets_screen,0.99,valid_fraction_of_represented
Kerala,block,Thrissur||Thalikkulam,ACCESS-CM2,2005,elev,67937916.97934316,67937916.97934313,67937916.97934313,0.9999999999999996,1.0,0.9999999999999996,2,2,0,meets_screen,0.99,valid_fraction_of_represented
Kerala,block,Thrissur||Vellangallur,ACCESS-CM2,2005,elev,99785827.15190786,99785827.15190794,99785827.15190794,1.0000000000000007,1.0,1.0000000000000007,3,3,0,meets_screen,0.99,valid_fraction_of_represented
Kerala,block,Thrissur||Wadakkanchery,ACCESS-CM2,2005,elev,326000729.16502666,326000729.1650269,326000729.1650269,1.0000000000000007,1.0,1.0000000000000007,3,3,0,meets_screen,0.99,valid_fraction_of_represented
Kerala,block,Wayanad||Kalpetta,ACCESS-CM2,2005,elev,616982880.342145,616982880.3421464,616982880.3421464,1.0000000000000022,1.0,1.0000000000000022,4,4,0,meets_screen,0.99,valid_fraction_of_represented
Kerala,block,Wayanad||Mananthavady,ACCESS-CM2,2005,elev,666939695.2918938,666939695.291894,666939695.291894,1.0000000000000002,1.0,1.0000000000000002,4,4,0,meets_screen,0.99,valid_fraction_of_represented
Kerala,block,Wayanad||Panamaram,ACCESS-CM2,2005,elev,264879663.94499564,264879663.94499558,264879663.94499558,0.9999999999999998,1.0,0.9999999999999998,2,2,0,meets_screen,0.99,valid_fraction_of_represented
Kerala,block,Wayanad||Sulthan Bathery,ACCESS-CM2,2005,elev,582257374.427626,582257374.4276267,582257374.4276267,1.0000000000000013,1.0,1.0000000000000013,4,4,0,meets_screen,0.99,valid_fraction_of_represented
Kerala,district,Alappuzha,ACCESS-CM2,2005,combined,1420236627.950765,1420236627.9507627,1420236627.9507627,0.9999999999999984,1.0,0.9999999999999984,7,7,0,meets_screen,0.99,valid_fraction_of_represented
Kerala,district,Ernakulam,ACCESS-CM2,2005,combined,3060009803.197437,3060009803.1974363,3060009803.1974363,0.9999999999999999,1.0,0.9999999999999999,13,13,0,meets_screen,0.99,valid_fraction_of_represented
Kerala,district,Idukki,ACCESS-CM2,2005,combined,4357177185.701096,4357177185.701115,4357177185.701115,1.0000000000000044,1.0,1.0000000000000044,15,15,0,meets_screen,0.99,valid_fraction_of_represented
Kerala,district,Kannur,ACCESS-CM2,2005,combined,2967054691.329042,2967054691.3290467,2967054691.3290467,1.0000000000000016,1.0,1.0000000000000016,11,11,0,meets_screen,0.99,valid_fraction_of_represented
Kerala,district,Kasaragod,ACCESS-CM2,2005,combined,1992841240.1568546,1992841240.1568568,1984838078.5906842,1.000000000000001,0.9959840445867415,0.9959840445867426,10,9,1,meets_screen,0.99,valid_fraction_of_represented
Kerala,district,Kollam,ACCESS-CM2,2005,combined,2483976353.903636,2483976353.903635,2483976353.903635,0.9999999999999997,1.0,0.9999999999999997,8,8,0,meets_screen,0.99,valid_fraction_of_represented
Kerala,district,Kottayam,ACCESS-CM2,2005,combined,2205766742.934229,2205766742.934219,2205766742.934219,0.9999999999999954,1.0,0.9999999999999954,9,9,0,meets_screen,0.99,valid_fraction_of_represented
Kerala,district,Kozhikode,ACCESS-CM2,2005,combined,2348430249.330552,2348430249.330545,2348430249.330545,0.999999999999997,1.0,0.999999999999997,9,9,0,meets_screen,0.99,valid_fraction_of_represented
Kerala,district,Malappuram,ACCESS-CM2,2005,combined,3554907208.0070486,3554907208.007041,3554907208.007041,0.9999999999999979,1.0,0.9999999999999979,14,14,0,meets_screen,0.99,valid_fraction_of_represented
Kerala,district,Palakkad,ACCESS-CM2,2005,combined,4482742329.27391,4482742329.273924,4482742329.273924,1.000000000000003,1.0,1.000000000000003,14,14,0,meets_screen,0.99,valid_fraction_of_represented
Kerala,district,Pathanamthitta,ACCESS-CM2,2005,combined,2650920516.3045187,2650920516.304514,2650920516.304514,0.9999999999999982,1.0,0.9999999999999982,9,9,0,meets_screen,0.99,valid_fraction_of_represented
Kerala,district,Thiruvananthapuram,ACCESS-CM2,2005,combined,2193070278.7542987,2193070278.7543035,2193070278.7543035,1.0000000000000022,1.0,1.0000000000000022,9,9,0,meets_screen,0.99,valid_fraction_of_represented
Kerala,district,Thrissur,ACCESS-CM2,2005,combined,3021765148.574789,3021765148.5747895,3021765148.5747895,1.0000000000000002,1.0,1.0000000000000002,11,11,0,meets_screen,0.99,valid_fraction_of_represented
Kerala,district,Wayanad,ACCESS-CM2,2005,combined,2131059614.0066578,2131059614.0066633,2131059614.0066633,1.0000000000000027,1.0,1.0000000000000027,7,7,0,meets_screen,0.99,valid_fraction_of_represented
Kerala,block,Alappuzha||Ambalappuzha,ACCESS-CM2,2005,combined,87415766.85147066,87415766.85147078,87415766.85147078,1.0000000000000013,1.0,1.0000000000000013,1,1,0,meets_screen,0.99,valid_fraction_of_represented
Kerala,block,Alappuzha||Aryad,ACCESS-CM2,2005,combined,85906893.71300294,85906893.71300279,85906893.71300279,0.9999999999999982,1.0,0.9999999999999982,2,2,0,meets_screen,0.99,valid_fraction_of_represented
Kerala,block,Alappuzha||Bharanicavu,ACCESS-CM2,2005,combined,133047995.05349082,133047995.053491,133047995.053491,1.0000000000000013,1.0,1.0000000000000013,1,1,0,meets_screen,0.99,valid_fraction_of_represented
Kerala,block,Alappuzha||Champakulam,ACCESS-CM2,2005,combined,174946819.19111267,174946819.1911126,174946819.1911126,0.9999999999999997,1.0,0.9999999999999997,3,3,0,meets_screen,0.99,valid_fraction_of_represented
Kerala,block,Alappuzha||Chengannur,ACCESS-CM2,2005,combined,143188337.7754062,143188337.77540636,143188337.77540636,1.000000000000001,1.0,1.000000000000001,3,3,0,meets_screen,0.99,valid_fraction_of_represented
Kerala,block,Alappuzha||Harippad,ACCESS-CM2,2005,combined,112097491.95683366,112097491.95683366,112097491.95683366,1.0,1.0,1.0,3,3,0,meets_screen,0.99,valid_fraction_of_represented
Kerala,block,Alappuzha||Kanjikkuzhy,ACCESS-CM2,2005,combined,129468468.36571395,129468468.36571386,129468468.36571386,0.9999999999999993,1.0,0.9999999999999993,1,1,0,meets_screen,0.99,valid_fraction_of_represented
Kerala,block,Alappuzha||Mavelikkara,ACCESS-CM2,2005,combined,98289059.26779906,98289059.26779926,98289059.26779926,1.000000000000002,1.0,1.000000000000002,4,4,0,meets_screen,0.99,valid_fraction_of_represented
Kerala,block,Alappuzha||Muthukulam,ACCESS-CM2,2005,combined,119167562.20576803,119167562.20576802,119167562.20576802,0.9999999999999999,1.0,0.9999999999999999,4,4,0,meets_screen,0.99,valid_fraction_of_represented
Kerala,block,Alappuzha||Pattanakkad,ACCESS-CM2,2005,combined,113751564.5261177,113751564.52611786,113751564.52611786,1.0000000000000013,1.0,1.0000000000000013,2,2,0,meets_screen,0.99,valid_fraction_of_represented
Kerala,block,Alappuzha||Thycattussery,ACCESS-CM2,2005,combined,83859090.58114152,83859090.58114141,83859090.58114141,0.9999999999999988,1.0,0.9999999999999988,2,2,0,meets_screen,0.99,valid_fraction_of_represented
Kerala,block,Alappuzha||Veliyanad,ACCESS-CM2,2005,combined,139097578.46290493,139097578.462905,139097578.462905,1.0000000000000004,1.0,1.0000000000000004,4,4,0,meets_screen,0.99,valid_fraction_of_represented
Kerala,block,Ernakulam||Alangad,ACCESS-CM2,2005,combined,151863491.96723056,151863491.9672302,151863491.9672302,0.9999999999999977,1.0,0.9999999999999977,2,2,0,meets_screen,0.99,valid_fraction_of_represented
Kerala,block,Ernakulam||Angamali,ACCESS-CM2,2005,combined,409869678.0773847,409869678.07738435,409869678.07738435,0.9999999999999991,1.0,0.9999999999999991,4,4,0,meets_screen,0.99,valid_fraction_of_represented
Kerala,block,Ernakulam||Edappally,ACCESS-CM2,2005,combined,109537795.64352088,109537795.64352089,109537795.64352089,1.0000000000000002,1.0,1.0000000000000002,3,3,0,meets_screen,0.99,valid_fraction_of_represented
Kerala,block,Ernakulam||Koovappady,ACCESS-CM2,2005,combined,194081841.1262866,194081841.1262865,194081841.1262865,0.9999999999999996,1.0,0.9999999999999996,2,2,0,meets_screen,0.99,valid_fraction_of_represented
Kerala,block,Ernakulam||Kothamangalam,ACCESS-CM2,2005,combined,958390106.1437148,958390106.1437131,958390106.1437131,0.9999999999999982,1.0,0.9999999999999982,8,8,0,meets_screen,0.99,valid_fraction_of_represented
Kerala,block,Ernakulam||Mulanthuruthy,ACCESS-CM2,2005,combined,184316457.45170557,184316457.45170534,184316457.45170534,0.9999999999999987,1.0,0.9999999999999987,2,2,0,meets_screen,0.99,valid_fraction_of_represented
Kerala,block,Ernakulam||Muvattupuzha,ACCESS-CM2,2005,combined,219266348.5612048,219266348.56120464,219266348.56120464,0.9999999999999993,1.0,0.9999999999999993,2,2,0,meets_screen,0.99,valid_fraction_of_represented
Kerala,block,Ernakulam||Palluruthy,ACCESS-CM2,2005,combined,62173586.26567686,62173586.26567684,62173586.26567684,0.9999999999999997,1.0,0.9999999999999997,2,2,0,meets_screen,0.99,valid_fraction_of_represented
Kerala,block,Ernakulam||Pampakuda,ACCESS-CM2,2005,combined,218998079.08381382,218998079.0838137,218998079.0838137,0.9999999999999994,1.0,0.9999999999999994,2,2,0,meets_screen,0.99,valid_fraction_of_represented
Kerala,block,Ernakulam||Parakkadav,ACCESS-CM2,2005,combined,93530523.34485711,93530523.34485708,93530523.34485708,0.9999999999999997,1.0,0.9999999999999997,2,2,0,meets_screen,0.99,valid_fraction_of_represented
Kerala,block,Ernakulam||Paravur,ACCESS-CM2,2005,combined,78277144.51569949,78277144.5156995,78277144.5156995,1.0000000000000002,1.0,1.0000000000000002,2,2,0,meets_screen,0.99,valid_fraction_of_represented
Kerala,block,Ernakulam||Vadavucode,ACCESS-CM2,2005,combined,206332272.71660697,206332272.71660694,206332272.71660694,0.9999999999999999,1.0,0.9999999999999999,4,4,0,meets_screen,0.99,valid_fraction_of_represented
Kerala,block,Ernakulam||Vazhakkulam,ACCESS-CM2,2005,combined,75394266.39895922,75394266.39895916,75394266.39895916,0.9999999999999992,1.0,0.9999999999999992,1,1,0,meets_screen,0.99,valid_fraction_of_represented
Kerala,block,Ernakulam||Vypeen,ACCESS-CM2,2005,combined,97978211.90077843,97978211.9007784,97978211.9007784,0.9999999999999997,1.0,0.9999999999999997,4,4,0,meets_screen,0.99,valid_fraction_of_represented
Kerala,block,Idukki||Adimaly,ACCESS-CM2,2005,combined,439970540.7421799,439970540.7421797,439970540.7421797,0.9999999999999996,1.0,0.9999999999999996,4,4,0,meets_screen,0.99,valid_fraction_of_represented
Kerala,block,Idukki||Azhutha,ACCESS-CM2,2005,combined,1246460033.999765,1246460033.999763,1246460033.999763,0.9999999999999984,1.0,0.9999999999999984,7,7,0,meets_screen,0.99,valid_fraction_of_represented
Kerala,block,Idukki||Devikulam,ACCESS-CM2,2005,combined,991080965.2718492,991080965.2718499,991080965.2718499,1.0000000000000007,1.0,1.0000000000000007,7,7,0,meets_screen,0.99,valid_fraction_of_represented
Kerala,block,Idukki||Elemdesam,ACCESS-CM2,2005,combined,314146733.56750333,314146733.56750375,314146733.56750375,1.0000000000000013,1.0,1.0000000000000013,3,3,0,meets_screen,0.99,valid_fraction_of_represented
Kerala,block,Idukki||Idukki,ACCESS-CM2,2005,combined,530594847.9926911,530594847.99269235,530594847.99269235,1.0000000000000024,1.0,1.0000000000000024,5,5,0,meets_screen,0.99,valid_fraction_of_represented
Kerala,block,Idukki||Kattappana,ACCESS-CM2,2005,combined,334551651.87412703,334551651.8741273,334551651.8741273,1.0000000000000009,1.0,1.0000000000000009,4,4,0,meets_screen,0.99,valid_fraction_of_represented
Kerala,block,Idukki||Nedumkandom,ACCESS-CM2,2005,combined,340895687.2605217,340895687.26052195,340895687.26052195,1.0000000000000007,1.0,1.0000000000000007,3,3,0,meets_screen,0.99,valid_fraction_of_represented
Kerala,block,Idukki||Thodupuzha,ACCESS-CM2,2005,combined,159476724.99247643,159476724.99247625,159476724.99247625,0.9999999999999989,1.0,0.9999999999999989,2,2,0,meets_screen,0.99,valid_fraction_of_represented
Kerala,block,Kannur||Edakkad,ACCESS-CM2,2005,combined,174430761.43509558,174430761.43509537,174430761.43509537,0.9999999999999988,1.0,0.9999999999999988,2,2,0,meets_screen,0.99,valid_fraction_of_represented
Kerala,block,Kannur||Irikkur,ACCESS-CM2,2005,combined,431805429.14267576,431805429.14267635,431805429.14267635,1.0000000000000013,1.0,1.0000000000000013,4,4,0,meets_screen,0.99,valid_fraction_of_represented
Kerala,block,Kannur||Iritty,ACCESS-CM2,2005,combined,396466857.137435,396466857.13743514,396466857.13743514,1.0000000000000002,1.0,1.0000000000000002,5,5,0,meets_screen,0.99,valid_fraction_of_represented
Kerala,block,Kannur||Kalliasseri,ACCESS-CM2,2005,combined,160242132.75086096,160242132.750861,160242132.750861,1.0000000000000002,1.0,1.0000000000000002,3,3,0,meets_screen,0.99,valid_fraction_of_represented
Kerala,block,Kannur||Kannur,ACCESS-CM2,2005,combined,71758034.10124779,71758034.10124771,71758034.10124771,0.999999999999999,1.0,0.999999999999999,1,1,0,meets_screen,0.99,valid_fraction_of_represented
Kerala,block,Kannur||Kuthuparamba,ACCESS-CM2,2005,combined,278539983.8018946,278539983.8018948,278539983.8018948,1.0000000000000007,1.0,1.0000000000000007,4,4,0,meets_screen,0.99,valid_fraction_of_represented
Kerala,block,Kannur||Panoor,ACCESS-CM2,2005,combined,66988257.34362547,66988257.3436255,66988257.3436255,1.0000000000000004,1.0,1.0000000000000004,2,2,0,meets_screen,0.99,valid_fraction_of_represented
Kerala,block,Kannur||Payyannur,ACCESS-CM2,2005,combined,439202469.3794375,439202469.3794371,439202469.3794371,0.999999999999999,1.0,0.999999999999999,3,3,0,meets_screen,0.99,valid_fraction_of_represented
Kerala,block,Kannur||Peravoor,ACCESS-CM2,2005,combined,318385070.104917,318385070.1049171,318385070.1049171,1.0000000000000004,1.0,1.0000000000000004,2,2,0,meets_screen,0.99,valid_fraction_of_represented
Kerala,block,Kannur||Taliparamba,ACCESS-CM2,2005,combined,526322492.52569383,526322492.52569425,526322492.52569425,1.0000000000000009,1.0,1.0000000000000009,5,5,0,meets_screen,0.99,valid_fraction_of_represented
Kerala,block,Kannur||Thalassery,ACCESS-CM2,2005,combined,102913203.60616226,102913203.60616228,102913203.60616228,1.0000000000000002,1.0,1.0000000000000002,4,4,0,meets_screen,0.99,valid_fraction_of_represented
Kerala,block,Kasaragod||Kanhangad,ACCESS-CM2,2005,combined,242092224.8980632,242092224.8980625,242092224.8980625,0.999999999999997,1.0,0.999999999999997,2,2,0,meets_screen,0.99,valid_fraction_of_represented
Kerala,block,Kasaragod||Karadka,ACCESS-CM2,2005,combined,397107072.7855533,397107072.7855542,397107072.7855542,1.0000000000000022,1.0,1.0000000000000022,4,4,0,meets_screen,0.99,valid_fraction_of_represented
Kerala,block,Kasaragod||Kasargod,ACCESS-CM2,2005,combined,152808192.89343247,152808192.8934325,144805031.32725972,1.0000000000000002,0.9476260963850667,0.9476260963850668,4,3,1,partial_coverage,0.99,valid_fraction_of_represented
Kerala,block,Kasaragod||Manjeshwar,ACCESS-CM2,2005,combined,451184162.8235031,451184162.8235033,451184162.8235033,1.0000000000000004,1.0,1.0000000000000004,4,4,0,meets_screen,0.99,valid_fraction_of_represented
Kerala,block,Kasaragod||Nileshwar,ACCESS-CM2,2005,combined,205667554.89018345,205667554.8901833,205667554.8901833,0.9999999999999992,1.0,0.9999999999999992,4,4,0,meets_screen,0.99,valid_fraction_of_represented
Kerala,block,Kasaragod||Parappa,ACCESS-CM2,2005,combined,543982031.8661196,543982031.8661207,543982031.8661207,1.000000000000002,1.0,1.000000000000002,3,3,0,meets_screen,0.99,valid_fraction_of_represented
Kerala,block,Kollam||Anchal,ACCESS-CM2,2005,combined,908273614.597915,908273614.5979147,908273614.5979147,0.9999999999999996,1.0,0.9999999999999996,5,5,0,meets_screen,0.99,valid_fraction_of_represented
Kerala,block,Kollam||Chadayamangalam,ACCESS-CM2,2005,combined,247280954.52277812,247280954.5227781,247280954.5227781,0.9999999999999999,1.0,0.9999999999999999,2,2,0,meets_screen,0.99,valid_fraction_of_represented
Kerala,block,Kollam||Chavara,ACCESS-CM2,2005,combined,101149615.61022,101149615.61021994,101149615.61021994,0.9999999999999994,1.0,0.9999999999999994,3,3,0,meets_screen,0.99,valid_fraction_of_represented
Kerala,block,Kollam||Chittumala,ACCESS-CM2,2005,combined,157185120.43081588,157185120.43081596,157185120.43081596,1.0000000000000007,1.0,1.0000000000000007,2,2,0,meets_screen,0.99,valid_fraction_of_represented
Kerala,block,Kollam||Ithikkara,ACCESS-CM2,2005,combined,148289972.95134524,148289972.9513451,148289972.9513451,0.999999999999999,1.0,0.999999999999999,2,2,0,meets_screen,0.99,valid_fraction_of_represented
Kerala,block,Kollam||Kottarakkara,ACCESS-CM2,2005,combined,130650761.86365198,130650761.8636519,130650761.8636519,0.9999999999999994,1.0,0.9999999999999994,4,4,0,meets_screen,0.99,valid_fraction_of_represented
Kerala,block,Kollam||Mukhathala,ACCESS-CM2,2005,combined,65612921.83507761,65612921.83507759,65612921.83507759,0.9999999999999997,1.0,0.9999999999999997,1,1,0,meets_screen,0.99,valid_fraction_of_represented
Kerala,block,Kollam||Oachira,ACCESS-CM2,2005,combined,109736987.50981563,109736987.5098153,109736987.5098153,0.999999999999997,1.0,0.999999999999997,2,2,0,meets_screen,0.99,valid_fraction_of_represented
Kerala,block,Kollam||Pathanapuram,ACCESS-CM2,2005,combined,321984510.05394113,321984510.0539413,321984510.0539413,1.0000000000000007,1.0,1.0000000000000007,3,3,0,meets_screen,0.99,valid_fraction_of_represented
Kerala,block,Kollam||Sasthamcottah,ACCESS-CM2,2005,combined,118380971.04305314,118380971.04305314,118380971.04305314,1.0,1.0,1.0,2,2,0,meets_screen,0.99,valid_fraction_of_represented
Kerala,block,Kollam||Vettikkavala,ACCESS-CM2,2005,combined,175430923.4850225,175430923.48502225,175430923.48502225,0.9999999999999987,1.0,0.9999999999999987,3,3,0,meets_screen,0.99,valid_fraction_of_represented
Kerala,block,Kottayam||Erattupetta,ACCESS-CM2,2005,combined,262254295.9667908,262254295.96679074,262254295.96679074,0.9999999999999998,1.0,0.9999999999999998,4,4,0,meets_screen,0.99,valid_fraction_of_represented
Kerala,block,Kottayam||Ettumanoor,ACCESS-CM2,2005,combined,143435864.68418294,143435864.68418306,143435864.68418306,1.0000000000000009,1.0,1.0000000000000009,2,2,0,meets_screen,0.99,valid_fraction_of_represented
Kerala,block,Kottayam||Kaduthuruthy,ACCESS-CM2,2005,combined,190462524.9435782,190462524.94357803,190462524.94357803,0.9999999999999991,1.0,0.9999999999999991,4,4,0,meets_screen,0.99,valid_fraction_of_represented
Kerala,block,Kottayam||Kanjirappally,ACCESS-CM2,2005,combined,362433144.14415777,362433144.1441581,362433144.1441581,1.0000000000000009,1.0,1.0000000000000009,3,3,0,meets_screen,0.99,valid_fraction_of_represented
Kerala,block,Kottayam||Lalam,ACCESS-CM2,2005,combined,216039052.7149633,216039052.7149638,216039052.7149638,1.0000000000000024,1.0,1.0000000000000024,4,4,0,meets_screen,0.99,valid_fraction_of_represented
Kerala,block,Kottayam||Madappally,ACCESS-CM2,2005,combined,158600106.3219866,158600106.3219865,158600106.3219865,0.9999999999999994,1.0,0.9999999999999994,4,4,0,meets_screen,0.99,valid_fraction_of_represented
Kerala,block,Kottayam||Pallom,ACCESS-CM2,2005,combined,173658964.72448567,173658964.72448564,173658964.72448564,0.9999999999999998,1.0,0.9999999999999998,3,3,0,meets_screen,0.99,valid_fraction_of_represented
Kerala,block,Kottayam||Pampady,ACCESS-CM2,2005,combined,228566923.3754,228566923.37540096,228566923.37540096,1.0000000000000042,1.0,1.0000000000000042,2,2,0,meets_screen,0.99,valid_fraction_of_represented
Kerala,block,Kottayam||Uzhavoor,ACCESS-CM2,2005,combined,197092785.98281768,197092785.9828177,197092785.9828177,1.0000000000000002,1.0,1.0000000000000002,2,2,0,meets_screen,0.99,valid_fraction_of_represented
Kerala,block,Kottayam||Vaikom,ACCESS-CM2,2005,combined,129974915.3552093,129974915.3552092,129974915.3552092,0.9999999999999992,1.0,0.9999999999999992,2,2,0,meets_screen,0.99,valid_fraction_of_represented
Kerala,block,Kottayam||Vazhoor,ACCESS-CM2,2005,combined,143248164.72064623,143248164.72064638,143248164.72064638,1.000000000000001,1.0,1.000000000000001,4,4,0,meets_screen,0.99,valid_fraction_of_represented
Kerala,block,Kozhikode||Balusseri,ACCESS-CM2,2005,combined,246438232.12302428,246438232.12302446,246438232.12302446,1.0000000000000007,1.0,1.0000000000000007,4,4,0,meets_screen,0.99,valid_fraction_of_represented
Kerala,block,Kozhikode||Chelannur,ACCESS-CM2,2005,combined,141203641.5165951,141203641.51659504,141203641.51659504,0.9999999999999996,1.0,0.9999999999999996,2,2,0,meets_screen,0.99,valid_fraction_of_represented
Kerala,block,Kozhikode||Koduvally,ACCESS-CM2,2005,combined,435295568.0031456,435295568.00314564,435295568.00314564,1.0000000000000002,1.0,1.0000000000000002,4,4,0,meets_screen,0.99,valid_fraction_of_represented
Kerala,block,Kozhikode||Kozhikode,ACCESS-CM2,2005,combined,175430890.8128385,175430890.81283823,175430890.81283823,0.9999999999999984,1.0,0.9999999999999984,2,2,0,meets_screen,0.99,valid_fraction_of_represented
Kerala,block,Kozhikode||Kunnamangalam,ACCESS-CM2,2005,combined,296591259.55253696,296591259.5525364,296591259.5525364,0.9999999999999982,1.0,0.9999999999999982,5,5,0,meets_screen,0.99,valid_fraction_of_represented
Kerala,block,Kozhikode||Kunnummal,ACCESS-CM2,2005,combined,263421310.18075156,263421310.18075174,263421310.18075174,1.0000000000000007,1.0,1.0000000000000007,4,4,0,meets_screen,0.99,valid_fraction_of_represented
Kerala,block,Kozhikode||Melday,ACCESS-CM2,2005,combined,82338306.48905317,82338306.48905319,82338306.48905319,1.0000000000000002,1.0,1.0000000000000002,2,2,0,meets_screen,0.99,valid_fraction_of_represented
Kerala,block,Kozhikode||Panthalayani,ACCESS-CM2,2005,combined,76280530.1862793,76280530.18627933,76280530.18627933,1.0000000000000004,1.0,1.0000000000000004,4,4,0,meets_screen,0.99,valid_fraction_of_represented
Kerala,block,Kozhikode||Perambra,ACCESS-CM2,2005,combined,318377720.0400578,318377720.0400582,318377720.0400582,1.0000000000000013,1.0,1.0000000000000013,2,2,0,meets_screen,0.99,valid_fraction_of_represented
Kerala,block,Kozhikode||Thodannur,ACCESS-CM2,2005,combined,79613586.28223361,79613586.28223379,79613586.28223379,1.0000000000000022,1.0,1.0000000000000022,1,1,0,meets_screen,0.99,valid_fraction_of_represented
Kerala,block,Kozhikode||Thuneri,ACCESS-CM2,2005,combined,143239618.27802882,143239618.27802873,143239618.27802873,0.9999999999999993,1.0,0.9999999999999993,3,3,0,meets_screen,0.99,valid_fraction_of_represented
Kerala,block,Kozhikode||Vadakara,ACCESS-CM2,2005,combined,90199585.86599986,90199585.86599983,90199585.86599983,0.9999999999999997,1.0,0.9999999999999997,1,1,0,meets_screen,0.99,valid_fraction_of_represented
Kerala,block,Malappuram||Areakode,ACCESS-CM2,2005,combined,233672198.90089715,233672198.9008971,233672198.9008971,0.9999999999999998,1.0,0.9999999999999998,4,4,0,meets_screen,0.99,valid_fraction_of_represented
Kerala,block,Malappuram||Kalikavu,ACCESS-CM2,2005,combined,620411109.8107977,620411109.8107977,620411109.8107977,1.0,1.0,1.0,3,3,0,meets_screen,0.99,valid_fraction_of_represented
Kerala,block,Malappuram||Kondotty,ACCESS-CM2,2005,combined,186600711.615691,186600711.61569095,186600711.61569095,0.9999999999999997,1.0,0.9999999999999997,3,3,0,meets_screen,0.99,valid_fraction_of_represented
Kerala,block,Malappuram||Kuttippuram,ACCESS-CM2,2005,combined,162804233.3383511,162804233.33835104,162804233.33835104,0.9999999999999997,1.0,0.9999999999999997,2,2,0,meets_screen,0.99,valid_fraction_of_represented
Kerala,block,Malappuram||Malappuram,ACCESS-CM2,2005,combined,215496329.8367947,215496329.8367946,215496329.8367946,0.9999999999999996,1.0,0.9999999999999996,4,4,0,meets_screen,0.99,valid_fraction_of_represented
Kerala,block,Malappuram||Mankada,ACCESS-CM2,2005,combined,203102785.1476759,203102785.14767653,203102785.14767653,1.000000000000003,1.0,1.000000000000003,2,2,0,meets_screen,0.99,valid_fraction_of_represented
Kerala,block,Malappuram||Nilambur,ACCESS-CM2,2005,combined,578406663.0060368,578406663.0060374,578406663.0060374,1.000000000000001,1.0,1.000000000000001,4,4,0,meets_screen,0.99,valid_fraction_of_represented
Kerala,block,Malappuram||Perinthalmanna,ACCESS-CM2,2005,combined,277003716.5026441,277003716.50264424,277003716.50264424,1.0000000000000004,1.0,1.0000000000000004,4,4,0,meets_screen,0.99,valid_fraction_of_represented
Kerala,block,Malappuram||Perumpadappu,ACCESS-CM2,2005,combined,92168517.49710119,92168517.49710117,92168517.49710117,0.9999999999999999,1.0,0.9999999999999999,4,4,0,meets_screen,0.99,valid_fraction_of_represented
Kerala,block,Malappuram||Ponnani,ACCESS-CM2,2005,combined,109474618.19686218,109474618.1968622,109474618.1968622,1.0000000000000002,1.0,1.0000000000000002,4,4,0,meets_screen,0.99,valid_fraction_of_represented
Kerala,block,Malappuram||Tanur,ACCESS-CM2,2005,combined,125896039.55120546,125896039.55120565,125896039.55120565,1.0000000000000016,1.0,1.0000000000000016,3,3,0,meets_screen,0.99,valid_fraction_of_represented
Kerala,block,Malappuram||Tirur,ACCESS-CM2,2005,combined,120741278.4814491,120741278.4814492,120741278.4814492,1.0000000000000009,1.0,1.0000000000000009,2,2,0,meets_screen,0.99,valid_fraction_of_represented
Kerala,block,Malappuram||Tirurangadi,ACCESS-CM2,2005,combined,141446219.36872154,141446219.36872175,141446219.36872175,1.0000000000000016,1.0,1.0000000000000016,2,2,0,meets_screen,0.99,valid_fraction_of_represented
Kerala,block,Malappuram||Vengara,ACCESS-CM2,2005,combined,117757993.40516777,117757993.40516758,117757993.40516758,0.9999999999999983,1.0,0.9999999999999983,4,4,0,meets_screen,0.99,valid_fraction_of_represented
Kerala,block,Malappuram||Wandoor,ACCESS-CM2,2005,combined,369924793.3476436,369924793.3476437,369924793.3476437,1.0000000000000002,1.0,1.0000000000000002,4,4,0,meets_screen,0.99,valid_fraction_of_represented
Kerala,block,Palakkad||Alathur,ACCESS-CM2,2005,combined,370666520.83870995,370666520.83871007,370666520.83871007,1.0000000000000002,1.0,1.0000000000000002,4,4,0,meets_screen,0.99,valid_fraction_of_represented
Kerala,block,Palakkad||Attappadi,ACCESS-CM2,2005,combined,737850840.7262989,737850840.7262989,737850840.7262989,1.0,1.0,1.0,4,4,0,meets_screen,0.99,valid_fraction_of_represented
Kerala,block,Palakkad||Chittur,ACCESS-CM2,2005,combined,276002195.2675312,276002195.2675314,276002195.2675314,1.0000000000000007,1.0,1.0000000000000007,3,3,0,meets_screen,0.99,valid_fraction_of_represented
Kerala,block,Palakkad||Kollengode,ACCESS-CM2,2005,combined,339642159.43496567,339642159.434967,339642159.434967,1.0000000000000038,1.0,1.0000000000000038,4,4,0,meets_screen,0.99,valid_fraction_of_represented
Kerala,block,Palakkad||Kuzhalmannam,ACCESS-CM2,2005,combined,188664981.7842022,188664981.78420222,188664981.78420222,1.0000000000000002,1.0,1.0000000000000002,4,4,0,meets_screen,0.99,valid_fraction_of_represented
Kerala,block,Palakkad||Malampuzha,ACCESS-CM2,2005,combined,459269593.7669041,459269593.766905,459269593.766905,1.000000000000002,1.0,1.000000000000002,4,4,0,meets_screen,0.99,valid_fraction_of_represented
Kerala,block,Palakkad||Mannarkad,ACCESS-CM2,2005,combined,467601226.22954845,467601226.2295485,467601226.2295485,1.0000000000000002,1.0,1.0000000000000002,4,4,0,meets_screen,0.99,valid_fraction_of_represented
Kerala,block,Palakkad||Nemmara,ACCESS-CM2,2005,combined,555039573.872686,555039573.8726864,555039573.8726864,1.0000000000000007,1.0,1.0000000000000007,3,3,0,meets_screen,0.99,valid_fraction_of_represented
Kerala,block,Palakkad||Ottappalam,ACCESS-CM2,2005,combined,210366186.58052135,210366186.58052093,210366186.58052093,0.999999999999998,1.0,0.999999999999998,4,4,0,meets_screen,0.99,valid_fraction_of_represented
Kerala,block,Palakkad||Palakkad,ACCESS-CM2,2005,combined,241763758.41436034,241763758.41435975,241763758.41435975,0.9999999999999976,1.0,0.9999999999999976,3,3,0,meets_screen,0.99,valid_fraction_of_represented
Kerala,block,Palakkad||Pattambi,ACCESS-CM2,2005,combined,227300033.6763351,227300033.67633516,227300033.67633516,1.0000000000000002,1.0,1.0000000000000002,2,2,0,meets_screen,0.99,valid_fraction_of_represented
Kerala,block,Palakkad||Sreekrishnapuram,ACCESS-CM2,2005,combined,235949718.9228921,235949718.922892,235949718.922892,0.9999999999999997,1.0,0.9999999999999997,2,2,0,meets_screen,0.99,valid_fraction_of_represented
Kerala,block,Palakkad||Trithala,ACCESS-CM2,2005,combined,172625539.75896624,172625539.7589664,172625539.7589664,1.0000000000000009,1.0,1.0000000000000009,2,2,0,meets_screen,0.99,valid_fraction_of_represented
Kerala,block,Pathanamthitta||Elanthoor,ACCESS-CM2,2005,combined,165272177.66963196,165272177.66963196,165272177.66963196,1.0,1.0,1.0,4,4,0,meets_screen,0.99,valid_fraction_of_represented
Kerala,block,Pathanamthitta||Koipuram,ACCESS-CM2,2005,combined,122369727.1792006,122369727.17920087,122369727.17920087,1.0000000000000022,1.0,1.0000000000000022,2,2,0,meets_screen,0.99,valid_fraction_of_represented
Kerala,block,Pathanamthitta||Konni,ACCESS-CM2,2005,combined,760814313.3584675,760814313.3584683,760814313.3584683,1.000000000000001,1.0,1.000000000000001,6,6,0,meets_screen,0.99,valid_fraction_of_represented
Kerala,block,Pathanamthitta||Mallappally,ACCESS-CM2,2005,combined,135221015.28638637,135221015.28638616,135221015.28638616,0.9999999999999984,1.0,0.9999999999999984,2,2,0,meets_screen,0.99,valid_fraction_of_represented
Kerala,block,Pathanamthitta||Pandlam,ACCESS-CM2,2005,combined,56455551.80996534,56455551.80996532,56455551.80996532,0.9999999999999996,1.0,0.9999999999999996,2,2,0,meets_screen,0.99,valid_fraction_of_represented
Kerala,block,Pathanamthitta||Parakode,ACCESS-CM2,2005,combined,271784618.9469938,271784618.9469935,271784618.9469935,0.9999999999999989,1.0,0.9999999999999989,2,2,0,meets_screen,0.99,valid_fraction_of_represented
Kerala,block,Pathanamthitta||Pulikeezhu,ACCESS-CM2,2005,combined,91618067.30021566,91618067.30021557,91618067.30021557,0.999999999999999,1.0,0.999999999999999,2,2,0,meets_screen,0.99,valid_fraction_of_represented
Kerala,block,Pathanamthitta||Ranni,ACCESS-CM2,2005,combined,1047385044.7536519,1047385044.7536519,1047385044.7536519,1.0,1.0,1.0,5,5,0,meets_screen,0.99,valid_fraction_of_represented
Kerala,block,Thiruvananthapuram||Athiyannoor,ACCESS-CM2,2005,combined,104939802.27507043,104939802.27507037,104939802.27507037,0.9999999999999994,1.0,0.9999999999999994,2,2,0,meets_screen,0.99,valid_fraction_of_represented
Kerala,block,Thiruvananthapuram||Chirayinkeezhu,ACCESS-CM2,2005,combined,101507285.52364908,101507285.52364905,101507285.52364905,0.9999999999999997,1.0,0.9999999999999997,2,2,0,meets_screen,0.99,valid_fraction_of_represented
Kerala,block,Thiruvananthapuram||Kilimanoor,ACCESS-CM2,2005,combined,180009797.6787901,180009797.67879018,180009797.67879018,1.0000000000000004,1.0,1.0000000000000004,2,2,0,meets_screen,0.99,valid_fraction_of_represented
Kerala,block,Thiruvananthapuram||Nedumangad,ACCESS-CM2,2005,combined,145221849.5240167,145221849.52401662,145221849.52401662,0.9999999999999993,1.0,0.9999999999999993,2,2,0,meets_screen,0.99,valid_fraction_of_represented
Kerala,block,Thiruvananthapuram||Nemom,ACCESS-CM2,2005,combined,109056164.63818386,109056164.63818394,109056164.63818394,1.0000000000000007,1.0,1.0000000000000007,3,3,0,meets_screen,0.99,valid_fraction_of_represented
Kerala,block,Thiruvananthapuram||Parassala,ACCESS-CM2,2005,combined,83783388.13677564,83783388.13677567,83783388.13677567,1.0000000000000004,1.0,1.0000000000000004,1,1,0,meets_screen,0.99,valid_fraction_of_represented
Kerala,block,Thiruvananthapuram||Perumkadavila,ACCESS-CM2,2005,combined,284043891.86232495,284043891.8623246,284043891.8623246,0.9999999999999988,1.0,0.9999999999999988,3,3,0,meets_screen,0.99,valid_fraction_of_represented
Kerala,block,Thiruvananthapuram||Pothencode,ACCESS-CM2,2005,combined,280750125.1120754,280750125.112076,280750125.112076,1.0000000000000022,1.0,1.0000000000000022,4,4,0,meets_screen,0.99,valid_fraction_of_represented
Kerala,block,Thiruvananthapuram||Vamanapuram,ACCESS-CM2,2005,combined,433539724.9804342,433539724.98043513,433539724.98043513,1.0000000000000022,1.0,1.0000000000000022,4,4,0,meets_screen,0.99,valid_fraction_of_represented
Kerala,block,Thiruvananthapuram||Varkala,ACCESS-CM2,2005,combined,102936578.93104486,102936578.93104501,102936578.93104501,1.0000000000000016,1.0,1.0000000000000016,4,4,0,meets_screen,0.99,valid_fraction_of_represented
Kerala,block,Thiruvananthapuram||Vellanad,ACCESS-CM2,2005,combined,367281670.0919378,367281670.0919373,367281670.0919373,0.9999999999999987,1.0,0.9999999999999987,2,2,0,meets_screen,0.99,valid_fraction_of_represented
Kerala,block,Thrissur||Anthikkad,ACCESS-CM2,2005,combined,73596836.36461376,73596836.36461374,73596836.36461374,0.9999999999999998,1.0,0.9999999999999998,2,2,0,meets_screen,0.99,valid_fraction_of_represented
Kerala,block,Thrissur||Chalakkudy,ACCESS-CM2,2005,combined,795710727.8832488,795710727.8832483,795710727.8832483,0.9999999999999994,1.0,0.9999999999999994,4,4,0,meets_screen,0.99,valid_fraction_of_represented
Kerala,block,Thrissur||Chavakkad,ACCESS-CM2,2005,combined,99556225.87025587,99556225.87025616,99556225.87025616,1.0000000000000029,1.0,1.0000000000000029,2,2,0,meets_screen,0.99,valid_fraction_of_represented
Kerala,block,Thrissur||Cherpu,ACCESS-CM2,2005,combined,66708672.551017925,66708672.55101788,66708672.55101788,0.9999999999999993,1.0,0.9999999999999993,2,2,0,meets_screen,0.99,valid_fraction_of_represented
Kerala,block,Thrissur||Chowannur,ACCESS-CM2,2005,combined,129514953.60651349,129514953.60651334,129514953.60651334,0.9999999999999989,1.0,0.9999999999999989,1,1,0,meets_screen,0.99,valid_fraction_of_represented
Kerala,block,Thrissur||Irinjalakkuda,ACCESS-CM2,2005,combined,111878505.82941172,111878505.82941176,111878505.82941176,1.0000000000000004,1.0,1.0000000000000004,2,2,0,meets_screen,0.99,valid_fraction_of_represented
Kerala,block,Thrissur||Kodakara,ACCESS-CM2,2005,combined,187590312.9822223,187590312.98222235,187590312.98222235,1.0000000000000002,1.0,1.0000000000000002,2,2,0,meets_screen,0.99,valid_fraction_of_represented
Kerala,block,Thrissur||Mala,ACCESS-CM2,2005,combined,121545481.29755802,121545481.29755807,121545481.29755807,1.0000000000000004,1.0,1.0000000000000004,4,4,0,meets_screen,0.99,valid_fraction_of_represented
Kerala,block,Thrissur||Mathilakam,ACCESS-CM2,2005,combined,131405769.90361765,131405769.90361738,131405769.90361738,0.999999999999998,1.0,0.999999999999998,3,3,0,meets_screen,0.99,valid_fraction_of_represented
Kerala,block,Thrissur||Mullassery,ACCESS-CM2,2005,combined,64433786.16286641,64433786.16286644,64433786.16286644,1.0000000000000004,1.0,1.0000000000000004,1,1,0,meets_screen,0.99,valid_fraction_of_represented
Kerala,block,Thrissur||Ollukkara,ACCESS-CM2,2005,combined,378208274.07454085,378208274.07454115,378208274.07454115,1.0000000000000009,1.0,1.0000000000000009,4,4,0,meets_screen,0.99,valid_fraction_of_represented
Kerala,block,Thrissur||Pazhayannur,ACCESS-CM2,2005,combined,224305213.20351154,224305213.20351154,224305213.20351154,1.0,1.0,1.0,2,2,0,meets_screen,0.99,valid_fraction_of_represented
Kerala,block,Thrissur||Puzhakkal,ACCESS-CM2,2005,combined,143585915.54913342,143585915.5491334,143585915.5491334,0.9999999999999998,1.0,0.9999999999999998,3,3,0,meets_screen,0.99,valid_fraction_of_represented
Kerala,block,Thrissur||Thalikkulam,ACCESS-CM2,2005,combined,67937916.97934316,67937916.97934313,67937916.97934313,0.9999999999999996,1.0,0.9999999999999996,2,2,0,meets_screen,0.99,valid_fraction_of_represented
Kerala,block,Thrissur||Vellangallur,ACCESS-CM2,2005,combined,99785827.15190786,99785827.15190794,99785827.15190794,1.0000000000000007,1.0,1.0000000000000007,3,3,0,meets_screen,0.99,valid_fraction_of_represented
Kerala,block,Thrissur||Wadakkanchery,ACCESS-CM2,2005,combined,326000729.16502666,326000729.1650269,326000729.1650269,1.0000000000000007,1.0,1.0000000000000007,3,3,0,meets_screen,0.99,valid_fraction_of_represented
Kerala,block,Wayanad||Kalpetta,ACCESS-CM2,2005,combined,616982880.342145,616982880.3421464,616982880.3421464,1.0000000000000022,1.0,1.0000000000000022,4,4,0,meets_screen,0.99,valid_fraction_of_represented
Kerala,block,Wayanad||Mananthavady,ACCESS-CM2,2005,combined,666939695.2918938,666939695.291894,666939695.291894,1.0000000000000002,1.0,1.0000000000000002,4,4,0,meets_screen,0.99,valid_fraction_of_represented
Kerala,block,Wayanad||Panamaram,ACCESS-CM2,2005,combined,264879663.94499564,264879663.94499558,264879663.94499558,0.9999999999999998,1.0,0.9999999999999998,2,2,0,meets_screen,0.99,valid_fraction_of_represented
Kerala,block,Wayanad||Sulthan Bathery,ACCESS-CM2,2005,combined,582257374.427626,582257374.4276267,582257374.4276267,1.0000000000000013,1.0,1.0000000000000013,4,4,0,meets_screen,0.99,valid_fraction_of_represented
Rajasthan,district,Ajmer,ACCESS-CM2,2005,baseline,4055294025.774688,4055294025.7746773,4055294025.7746773,0.9999999999999974,1.0,0.9999999999999974,15,15,0,meets_screen,0.99,valid_fraction_of_represented
Rajasthan,district,Alwar,ACCESS-CM2,2005,baseline,4750760388.578078,4750760388.57811,4750760388.57811,1.0000000000000067,1.0,1.0000000000000067,17,17,0,meets_screen,0.99,valid_fraction_of_represented
Rajasthan,district,Anoopgarh,ACCESS-CM2,2005,baseline,8856585377.8975,8856585377.89749,8856585377.89749,0.9999999999999989,1.0,0.9999999999999989,27,27,0,meets_screen,0.99,valid_fraction_of_represented
Rajasthan,district,Balotra,ACCESS-CM2,2005,baseline,10191640201.952345,10191640201.95233,10191640201.95233,0.9999999999999986,1.0,0.9999999999999986,29,29,0,meets_screen,0.99,valid_fraction_of_represented
Rajasthan,district,Banswara,ACCESS-CM2,2005,baseline,4509763628.748106,4509763628.748111,4509763628.748111,1.000000000000001,1.0,1.000000000000001,14,14,0,meets_screen,0.99,valid_fraction_of_represented
Rajasthan,district,Baran,ACCESS-CM2,2005,baseline,6994294582.253114,6994294582.253133,6994294582.253133,1.0000000000000027,1.0,1.0000000000000027,21,21,0,meets_screen,0.99,valid_fraction_of_represented
Rajasthan,district,Barmer,ACCESS-CM2,2005,baseline,18195653210.04962,18195653210.04954,18195653210.04954,0.9999999999999956,1.0,0.9999999999999956,45,45,0,meets_screen,0.99,valid_fraction_of_represented
Rajasthan,district,Beawar,ACCESS-CM2,2005,baseline,4411183314.130061,4411183314.130083,4411183314.130083,1.0000000000000049,1.0,1.0000000000000049,14,14,0,meets_screen,0.99,valid_fraction_of_represented
Rajasthan,district,Bharatpur,ACCESS-CM2,2005,baseline,2893182962.2132297,2893182962.213234,2893182962.213234,1.0000000000000016,1.0,1.0000000000000016,13,13,0,meets_screen,0.99,valid_fraction_of_represented
Rajasthan,district,Bhilwara,ACCESS-CM2,2005,baseline,6297213228.413933,6297213228.413948,6297213228.413948,1.0000000000000024,1.0,1.0000000000000024,19,19,0,meets_screen,0.99,valid_fraction_of_represented
Rajasthan,district,Bikaner,ACCESS-CM2,2005,baseline,26103909204.171833,26103909204.17194,26103909204.17194,1.000000000000004,1.0,1.000000000000004,63,63,0,meets_screen,0.99,valid_fraction_of_represented
Rajasthan,district,Bundi,ACCESS-CM2,2005,baseline,5776717375.233916,5776717375.233915,5776717375.233915,0.9999999999999999,1.0,0.9999999999999999,17,17,0,meets_screen,0.99,valid_fraction_of_represented
Rajasthan,district,Chittorgarh,ACCESS-CM2,2005,baseline,7814952433.240153,7814952433.240141,7814952433.240141,0.9999999999999984,1.0,0.9999999999999984,25,25,0,meets_screen,0.99,valid_fraction_of_represented
Rajasthan,district,Churu,ACCESS-CM2,2005,baseline,13849414720.3971,13849414720.397104,13849414720.397104,1.0000000000000002,1.0,1.0000000000000002,38,38,0,meets_screen,0.99,valid_fraction_of_represented
Rajasthan,district,Dausa,ACCESS-CM2,2005,baseline,3415681595.43647,3415681595.4364758,3415681595.4364758,1.0000000000000018,1.0,1.0000000000000018,14,14,0,meets_screen,0.99,valid_fraction_of_represented
Rajasthan,district,Deeg,ACCESS-CM2,2005,baseline,2167208035.3465934,2167208035.3465853,2167208035.3465853,0.9999999999999962,1.0,0.9999999999999962,10,10,0,meets_screen,0.99,valid_fraction_of_represented
Rajasthan,district,Dholpur,ACCESS-CM2,2005,baseline,3034415472.8047814,3034415472.80478,3034415472.80478,0.9999999999999996,1.0,0.9999999999999996,13,13,0,meets_screen,0.99,valid_fraction_of_represented
Rajasthan,district,Didwana Kuchaman,ACCESS-CM2,2005,baseline,6802910782.967457,6802910782.967462,6802910782.967462,1.0000000000000007,1.0,1.0000000000000007,20,20,0,meets_screen,0.99,valid_fraction_of_represented
Rajasthan,district,Dudu,ACCESS-CM2,2005,baseline,2457753204.2835674,2457753204.2835727,2457753204.2835727,1.0000000000000022,1.0,1.0000000000000022,13,13,0,meets_screen,0.99,valid_fraction_of_represented
Rajasthan,district,Dungarpur,ACCESS-CM2,2005,baseline,3770283657.684557,3770283657.6845527,3770283657.6845527,0.9999999999999989,1.0,0.9999999999999989,13,13,0,meets_screen,0.99,valid_fraction_of_represented
Rajasthan,district,Ganganagar,ACCESS-CM2,2005,baseline,6221729364.136855,6221729364.136857,6221729364.136857,1.0000000000000002,1.0,1.0000000000000002,21,21,0,meets_screen,0.99,valid_fraction_of_represented
Rajasthan,district,Gangapurcity,ACCESS-CM2,2005,baseline,2555745726.283539,2555745726.28354,2555745726.28354,1.0000000000000004,1.0,1.0000000000000004,9,9,0,meets_screen,0.99,valid_fraction_of_represented
Rajasthan,district,Hanumangarh,ACCESS-CM2,2005,baseline,9709798444.342548,9709798444.342535,9709798444.342535,0.9999999999999987,1.0,0.9999999999999987,28,28,0,meets_screen,0.99,valid_fraction_of_represented
Rajasthan,district,Jaipur,ACCESS-CM2,2005,baseline,2124727737.5947616,2124727737.594762,2124727737.594762,1.0000000000000002,1.0,1.0000000000000002,10,10,0,meets_screen,0.99,valid_fraction_of_represented
Rajasthan,district,Jaipur Gramin,ACCESS-CM2,2005,baseline,5261342089.786135,5261342089.786127,5261342089.786127,0.9999999999999986,1.0,0.9999999999999986,25,25,0,meets_screen,0.99,valid_fraction_of_represented
Rajasthan,district,Jaisalmer,ACCESS-CM2,2005,baseline,38449586760.37038,38449586760.37052,38449586760.37052,1.0000000000000038,1.0,1.0000000000000038,80,80,0,meets_screen,0.99,valid_fraction_of_represented
Rajasthan,district,Jalore,ACCESS-CM2,2005,baseline,10643311401.198713,10643311401.198658,10643311401.198658,0.9999999999999948,1.0,0.9999999999999948,31,31,0,meets_screen,0.99,valid_fraction_of_represented
Rajasthan,district,Jhalawar,ACCESS-CM2,2005,baseline,6343068845.7373085,6343068845.737314,6343068845.737314,1.0000000000000009,1.0,1.0000000000000009,22,22,0,meets_screen,0.99,valid_fraction_of_represented
Rajasthan,district,Jhunjhunu,ACCESS-CM2,2005,baseline,4671656038.19095,4671656038.190949,4671656038.190949,0.9999999999999998,1.0,0.9999999999999998,15,15,0,meets_screen,0.99,valid_fraction_of_represented
Rajasthan,district,Jodhpur,ACCESS-CM2,2005,baseline,1553499455.5211885,1553499455.5211895,1553499455.5211895,1.0000000000000007,1.0,1.0000000000000007,7,7,0,meets_screen,0.99,valid_fraction_of_represented
Rajasthan,district,Jodhpur Gramin,ACCESS-CM2,2005,baseline,11723285280.676842,11723285280.676777,11723285280.676777,0.9999999999999944,1.0,0.9999999999999944,33,33,0,meets_screen,0.99,valid_fraction_of_represented
Rajasthan,district,Karauli,ACCESS-CM2,2005,baseline,3826940915.6645317,3826940915.6645384,3826940915.6645384,1.0000000000000018,1.0,1.0000000000000018,13,13,0,meets_screen,0.99,valid_fraction_of_represented
Rajasthan,district,Kekri,ACCESS-CM2,2005,baseline,3868918779.523736,3868918779.523746,3868918779.523746,1.0000000000000027,1.0,1.0000000000000027,14,14,0,meets_screen,0.99,valid_fraction_of_represented
Rajasthan,district,Khairthal-Tijara,ACCESS-CM2,2005,baseline,2006308488.8917792,2006308488.8917835,2006308488.8917835,1.0000000000000022,1.0,1.0000000000000022,9,9,0,meets_screen,0.99,valid_fraction_of_represented
Rajasthan,district,Kota,ACCESS-CM2,2005,baseline,5089694451.322704,5089694451.322713,5089694451.322713,1.0000000000000018,1.0,1.0000000000000018,20,20,0,meets_screen,0.99,valid_fraction_of_represented
Rajasthan,district,Kotputli-Behror,ACCESS-CM2,2005,baseline,2919881373.0350614,2919881373.035069,2919881373.035069,1.0000000000000027,1.0,1.0000000000000027,13,13,0,meets_screen,0.99,valid_fraction_of_represented
Rajasthan,district,Nagaur,ACCESS-CM2,2005,baseline,11006779456.561367,11006779456.561316,11006779456.561316,0.9999999999999953,1.0,0.9999999999999953,30,30,0,meets_screen,0.99,valid_fraction_of_represented
Rajasthan,district,Neem Ka Thana,ACCESS-CM2,2005,baseline,3172615448.84498,3172615448.8449793,3172615448.8449793,0.9999999999999999,1.0,0.9999999999999999,14,14,0,meets_screen,0.99,valid_fraction_of_represented
Rajasthan,district,Pali,ACCESS-CM2,2005,baseline,9909512104.54707,9909512104.547033,9909512104.547033,0.9999999999999963,1.0,0.9999999999999963,28,28,0,meets_screen,0.99,valid_fraction_of_represented
Rajasthan,district,Phalodi,ACCESS-CM2,2005,baseline,9402973511.594337,9402973511.594328,9402973511.594328,0.999999999999999,1.0,0.999999999999999,24,24,0,meets_screen,0.99,valid_fraction_of_represented
Rajasthan,district,Pratapgarh,ACCESS-CM2,2005,baseline,4439176893.625333,4439176893.625322,4439176893.625322,0.9999999999999977,1.0,0.9999999999999977,14,14,0,meets_screen,0.99,valid_fraction_of_represented
Rajasthan,district,Rajsamand,ACCESS-CM2,2005,baseline,4628921114.499642,4628921114.499646,4628921114.499646,1.0000000000000009,1.0,1.0000000000000009,19,19,0,meets_screen,0.99,valid_fraction_of_represented
Rajasthan,district,Salumbar,ACCESS-CM2,2005,baseline,2523800277.920519,2523800277.920513,2523800277.920513,0.9999999999999978,1.0,0.9999999999999978,11,11,0,meets_screen,0.99,valid_fraction_of_represented
Rajasthan,district,Sawai Madhopur,ACCESS-CM2,2005,baseline,3659998003.0931926,3659998003.0931892,3659998003.0931892,0.9999999999999991,1.0,0.9999999999999991,13,13,0,meets_screen,0.99,valid_fraction_of_represented
Rajasthan,district,Shahpura,ACCESS-CM2,2005,baseline,3807871280.4165807,3807871280.416578,3807871280.416578,0.9999999999999992,1.0,0.9999999999999992,13,13,0,meets_screen,0.99,valid_fraction_of_represented
Rajasthan,district,Sikar,ACCESS-CM2,2005,baseline,5810394955.177412,5810394955.177401,5810394955.177401,0.999999999999998,1.0,0.999999999999998,18,18,0,meets_screen,0.99,valid_fraction_of_represented
Rajasthan,district,Sirohi,ACCESS-CM2,2005,baseline,5137610401.692628,5137610401.692639,5137610401.692639,1.0000000000000022,1.0,1.0000000000000022,17,17,0,meets_screen,0.99,valid_fraction_of_represented
Rajasthan,district,Tonk,ACCESS-CM2,2005,baseline,6195343153.960031,6195343153.959998,6195343153.959998,0.9999999999999948,1.0,0.9999999999999948,22,22,0,meets_screen,0.99,valid_fraction_of_represented
Rajasthan,district,Udaipur,ACCESS-CM2,2005,baseline,9195620932.469694,9195620932.469734,9195620932.469734,1.0000000000000044,1.0,1.0000000000000044,26,26,0,meets_screen,0.99,valid_fraction_of_represented
Rajasthan,block,Ajmer||Ajmer Rural,ACCESS-CM2,2005,baseline,774178452.4873723,774178452.4873722,774178452.4873722,0.9999999999999999,1.0,0.9999999999999999,7,7,0,meets_screen,0.99,valid_fraction_of_represented
Rajasthan,block,Ajmer||Arain,ACCESS-CM2,2005,baseline,557021075.3912596,557021075.3912592,557021075.3912592,0.9999999999999993,1.0,0.9999999999999993,5,5,0,meets_screen,0.99,valid_fraction_of_represented
Rajasthan,block,Ajmer||Kishangarh Silora,ACCESS-CM2,2005,baseline,635988327.7305142,635988327.7305158,635988327.7305158,1.0000000000000027,1.0,1.0000000000000027,6,6,0,meets_screen,0.99,valid_fraction_of_represented
Rajasthan,block,Ajmer||Pisangan,ACCESS-CM2,2005,baseline,980113760.9284798,980113760.9284794,980113760.9284794,0.9999999999999997,1.0,0.9999999999999997,7,7,0,meets_screen,0.99,valid_fraction_of_represented
Rajasthan,block,Ajmer||Sawar,ACCESS-CM2,2005,baseline,533439507.62715745,533439507.6271612,533439507.6271612,1.000000000000007,1.0,1.000000000000007,4,4,0,meets_screen,0.99,valid_fraction_of_represented
Rajasthan,block,Ajmer||Srinagar,ACCESS-CM2,2005,baseline,574552901.6098905,574552901.6098908,574552901.6098908,1.0000000000000007,1.0,1.0000000000000007,5,5,0,meets_screen,0.99,valid_fraction_of_represented
Rajasthan,block,Alwar||Govindgarh,ACCESS-CM2,2005,baseline,111760767.19678779,111760767.19678786,111760767.19678786,1.0000000000000007,1.0,1.0000000000000007,4,4,0,meets_screen,0.99,valid_fraction_of_represented
Rajasthan,block,Alwar||Kathumar,ACCESS-CM2,2005,baseline,571424810.8858336,571424810.8858334,571424810.8858334,0.9999999999999996,1.0,0.9999999999999996,4,4,0,meets_screen,0.99,valid_fraction_of_represented
Rajasthan,block,Alwar||Laxmangarh,ACCESS-CM2,2005,baseline,463646576.3476843,463646576.347684,463646576.347684,0.9999999999999993,1.0,0.9999999999999993,4,4,0,meets_screen,0.99,valid_fraction_of_represented
Rajasthan,block,Alwar||Malkheda,ACCESS-CM2,2005,baseline,469564821.55548644,469564821.55548775,469564821.55548775,1.0000000000000029,1.0,1.0000000000000029,4,4,0,meets_screen,0.99,valid_fraction_of_represented
Rajasthan,block,Alwar||Rajgarh,ACCESS-CM2,2005,baseline,798116712.9408319,798116712.9408326,798116712.9408326,1.0000000000000009,1.0,1.0000000000000009,4,4,0,meets_screen,0.99,valid_fraction_of_represented
Rajasthan,block,Alwar||Ramgarh,ACCESS-CM2,2005,baseline,545046175.9139131,545046175.9139135,545046175.9139135,1.0000000000000007,1.0,1.0000000000000007,5,5,0,meets_screen,0.99,valid_fraction_of_represented
Rajasthan,block,Alwar||Reni,ACCESS-CM2,2005,baseline,417591438.8679423,417591438.86794204,417591438.86794204,0.9999999999999994,1.0,0.9999999999999994,4,4,0,meets_screen,0.99,valid_fraction_of_represented
Rajasthan,block,Alwar||Thanagazi,ACCESS-CM2,2005,baseline,640267169.3811791,640267169.3811799,640267169.3811799,1.0000000000000013,1.0,1.0000000000000013,6,6,0,meets_screen,0.99,valid_fraction_of_represented
Rajasthan,block,Alwar||Umren,ACCESS-CM2,2005,baseline,733341915.4884502,733341915.4884504,733341915.4884504,1.0000000000000002,1.0,1.0000000000000002,6,6,0,meets_screen,0.99,valid_fraction_of_represented
Rajasthan,block,Anoopgarh||Anupgarh,ACCESS-CM2,2005,baseline,1198699775.516665,1198699775.516665,1198699775.516665,1.0,1.0,1.0,7,7,0,meets_screen,0.99,valid_fraction_of_represented
Rajasthan,block,Anoopgarh||Gharsana,ACCESS-CM2,2005,baseline,1386401616.8105469,1386401616.8105474,1386401616.8105474,1.0000000000000004,1.0,1.0000000000000004,7,7,0,meets_screen,0.99,valid_fraction_of_represented
Rajasthan,block,Anoopgarh||Khajuwala,ACCESS-CM2,2005,baseline,4147358924.85569,4147358924.8556876,4147358924.8556876,0.9999999999999994,1.0,0.9999999999999994,19,19,0,meets_screen,0.99,valid_fraction_of_represented
Rajasthan,block,Anoopgarh||Raisinghnagar,ACCESS-CM2,2005,baseline,1318724640.9588883,1318724640.9588888,1318724640.9588888,1.0000000000000004,1.0,1.0000000000000004,6,6,0,meets_screen,0.99,valid_fraction_of_represented
Rajasthan,block,Anoopgarh||Vijainagar,ACCESS-CM2,2005,baseline,805400419.7557,805400419.7556998,805400419.7556998,0.9999999999999997,1.0,0.9999999999999997,5,5,0,meets_screen,0.99,valid_fraction_of_represented
Rajasthan,block,Balotra||Baltora,ACCESS-CM2,2005,baseline,1489861780.0371726,1489861780.0371723,1489861780.0371723,0.9999999999999999,1.0,0.9999999999999999,7,7,0,meets_screen,0.99,valid_fraction_of_represented
Rajasthan,block,Balotra||Baytoo,ACCESS-CM2,2005,baseline,1170171880.4571133,1170171880.457113,1170171880.457113,0.9999999999999998,1.0,0.9999999999999998,6,6,0,meets_screen,0.99,valid_fraction_of_represented
Rajasthan,block,Balotra||Gira,ACCESS-CM2,2005,baseline,1586754758.2101476,1586754758.2101502,1586754758.2101502,1.0000000000000016,1.0,1.0000000000000016,8,8,0,meets_screen,0.99,valid_fraction_of_represented
Rajasthan,block,Balotra||Kalyanpur,ACCESS-CM2,2005,baseline,1162571122.6757267,1162571122.6757252,1162571122.6757252,0.9999999999999988,1.0,0.9999999999999988,6,6,0,meets_screen,0.99,valid_fraction_of_represented
Rajasthan,block,Balotra||Panyla Kla,ACCESS-CM2,2005,baseline,475334870.5301343,475334870.5301346,475334870.5301346,1.0000000000000007,1.0,1.0000000000000007,4,4,0,meets_screen,0.99,valid_fraction_of_represented
Rajasthan,block,Balotra||Patodi,ACCESS-CM2,2005,baseline,830074643.482204,830074643.4822034,830074643.4822034,0.9999999999999993,1.0,0.9999999999999993,6,6,0,meets_screen,0.99,valid_fraction_of_represented
Rajasthan,block,Balotra||Samdari,ACCESS-CM2,2005,baseline,868002540.1581249,868002540.1581239,868002540.1581239,0.9999999999999988,1.0,0.9999999999999988,6,6,0,meets_screen,0.99,valid_fraction_of_represented
Rajasthan,block,Balotra||Sindhari,ACCESS-CM2,2005,baseline,1417328156.6199718,1417328156.6199727,1417328156.6199727,1.0000000000000007,1.0,1.0000000000000007,9,9,0,meets_screen,0.99,valid_fraction_of_represented
Rajasthan,block,Balotra||Siwana,ACCESS-CM2,2005,baseline,1191540449.781735,1191540449.7817354,1191540449.7817354,1.0000000000000004,1.0,1.0000000000000004,7,7,0,meets_screen,0.99,valid_fraction_of_represented
Rajasthan,block,Banswara||Anandpuri,ACCESS-CM2,2005,baseline,332052945.3402495,332052945.340249,332052945.340249,0.9999999999999986,1.0,0.9999999999999986,2,2,0,meets_screen,0.99,valid_fraction_of_represented
Rajasthan,block,Banswara||Arthuna,ACCESS-CM2,2005,baseline,245660513.61833125,245660513.61833134,245660513.61833134,1.0000000000000004,1.0,1.0000000000000004,5,5,0,meets_screen,0.99,valid_fraction_of_represented
Rajasthan,block,Banswara||Bagidora,ACCESS-CM2,2005,baseline,303389427.5928248,303389427.5928245,303389427.5928245,0.999999999999999,1.0,0.999999999999999,3,3,0,meets_screen,0.99,valid_fraction_of_represented
Rajasthan,block,Banswara||Banswara,ACCESS-CM2,2005,baseline,528701462.3024775,528701462.30247617,528701462.30247617,0.9999999999999976,1.0,0.9999999999999976,4,4,0,meets_screen,0.99,valid_fraction_of_represented
Rajasthan,block,Banswara||Chhoti Sarwan,ACCESS-CM2,2005,baseline,347139781.44283587,347139781.4428353,347139781.4428353,0.9999999999999983,1.0,0.9999999999999983,3,3,0,meets_screen,0.99,valid_fraction_of_represented
Rajasthan,block,Banswara||Gangar Talai,ACCESS-CM2,2005,baseline,217965510.99221048,217965510.99221054,217965510.99221054,1.0000000000000002,1.0,1.0000000000000002,2,2,0,meets_screen,0.99,valid_fraction_of_represented
Rajasthan,block,Banswara||Garhi,ACCESS-CM2,2005,baseline,462837379.88367057,462837379.8836703,462837379.8836703,0.9999999999999993,1.0,0.9999999999999993,3,3,0,meets_screen,0.99,valid_fraction_of_represented
Rajasthan,block,Banswara||Ghatol,ACCESS-CM2,2005,baseline,766717605.7303256,766717605.7303244,766717605.7303244,0.9999999999999984,1.0,0.9999999999999984,6,6,0,meets_screen,0.99,valid_fraction_of_represented
Rajasthan,block,Banswara||Kushalgarh,ACCESS-CM2,2005,baseline,644146539.774568,644146539.7745677,644146539.7745677,0.9999999999999997,1.0,0.9999999999999997,4,4,0,meets_screen,0.99,valid_fraction_of_represented
Rajasthan,block,Banswara||Sajjangarh,ACCESS-CM2,2005,baseline,393932124.77661395,393932124.77661383,393932124.77661383,0.9999999999999997,1.0,0.9999999999999997,4,4,0,meets_screen,0.99,valid_fraction_of_represented
Rajasthan,block,Banswara||Talwara,ACCESS-CM2,2005,baseline,267220337.29400674,267220337.2940066,267220337.2940066,0.9999999999999994,1.0,0.9999999999999994,3,3,0,meets_screen,0.99,valid_fraction_of_represented
Rajasthan,block,Baran||Anta,ACCESS-CM2,2005,baseline,547458738.7939315,547458738.7939318,547458738.7939318,1.0000000000000007,1.0,1.0000000000000007,4,4,0,meets_screen,0.99,valid_fraction_of_represented
Rajasthan,block,Baran||Atru,ACCESS-CM2,2005,baseline,833261189.4159267,833261189.4159284,833261189.4159284,1.000000000000002,1.0,1.000000000000002,7,7,0,meets_screen,0.99,valid_fraction_of_represented
Rajasthan,block,Baran||Baran (Full),ACCESS-CM2,2005,baseline,624388290.3447804,624388290.3447803,624388290.3447803,0.9999999999999998,1.0,0.9999999999999998,6,6,0,meets_screen,0.99,valid_fraction_of_represented
Rajasthan,block,Baran||Chhabra,ACCESS-CM2,2005,baseline,800269927.5534122,800269927.5534151,800269927.5534151,1.0000000000000036,1.0,1.0000000000000036,6,6,0,meets_screen,0.99,valid_fraction_of_represented
Rajasthan,block,Baran||Chhipabarod,ACCESS-CM2,2005,baseline,850160871.5401124,850160871.5401137,850160871.5401137,1.0000000000000016,1.0,1.0000000000000016,4,4,0,meets_screen,0.99,valid_fraction_of_represented
Rajasthan,block,Baran||Kishanganj,ACCESS-CM2,2005,baseline,1426577529.7513683,1426577529.7513702,1426577529.7513702,1.0000000000000013,1.0,1.0000000000000013,6,6,0,meets_screen,0.99,valid_fraction_of_represented
Rajasthan,block,Baran||Mangrol,ACCESS-CM2,2005,baseline,441180338.1789,441180338.1788998,441180338.1788998,0.9999999999999996,1.0,0.9999999999999996,4,4,0,meets_screen,0.99,valid_fraction_of_represented
Rajasthan,block,Baran||Shahbad,ACCESS-CM2,2005,baseline,1470997696.674693,1470997696.6746905,1470997696.6746905,0.9999999999999982,1.0,0.9999999999999982,6,6,0,meets_screen,0.99,valid_fraction_of_represented
Rajasthan,block,Barmer||Aadel,ACCESS-CM2,2005,baseline,446165945.8609541,446165945.8609542,446165945.8609542,1.0000000000000002,1.0,1.0000000000000002,3,3,0,meets_screen,0.99,valid_fraction_of_represented
Rajasthan,block,Barmer||Barmer,ACCESS-CM2,2005,baseline,1973553299.6006653,1973553299.6006675,1973553299.6006675,1.000000000000001,1.0,1.000000000000001,10,10,0,meets_screen,0.99,valid_fraction_of_represented
Rajasthan,block,Barmer||Barmer Rural,ACCESS-CM2,2005,baseline,1345518591.9586096,1345518591.958608,1345518591.958608,0.9999999999999988,1.0,0.9999999999999988,9,9,0,meets_screen,0.99,valid_fraction_of_represented
Rajasthan,block,Barmer||Chohtan,ACCESS-CM2,2005,baseline,1116958317.2145143,1116958317.214515,1116958317.214515,1.0000000000000007,1.0,1.0000000000000007,7,7,0,meets_screen,0.99,valid_fraction_of_represented
Rajasthan,block,Barmer||Dhanau,ACCESS-CM2,2005,baseline,1315251564.6327848,1315251564.632786,1315251564.632786,1.0000000000000009,1.0,1.0000000000000009,6,6,0,meets_screen,0.99,valid_fraction_of_represented
Rajasthan,block,Barmer||Dhorimanna,ACCESS-CM2,2005,baseline,1315865348.9317687,1315865348.931768,1315865348.931768,0.9999999999999994,1.0,0.9999999999999994,7,7,0,meets_screen,0.99,valid_fraction_of_represented
Rajasthan,block,Barmer||Fagliya,ACCESS-CM2,2005,baseline,851242935.9419439,851242935.9419439,851242935.9419439,1.0,1.0,1.0,7,7,0,meets_screen,0.99,valid_fraction_of_represented
Rajasthan,block,Barmer||Gadra Road,ACCESS-CM2,2005,baseline,3885229819.8967395,3885229819.896744,3885229819.896744,1.000000000000001,1.0,1.000000000000001,11,11,0,meets_screen,0.99,valid_fraction_of_represented
Rajasthan,block,Barmer||Gudhamalani,ACCESS-CM2,2005,baseline,855134718.8628451,855134718.8628451,855134718.8628451,1.0,1.0,1.0,5,5,0,meets_screen,0.99,valid_fraction_of_represented
Rajasthan,block,Barmer||Ramsar,ACCESS-CM2,2005,baseline,1627038176.484903,1627038176.4849033,1627038176.4849033,1.0000000000000002,1.0,1.0000000000000002,7,7,0,meets_screen,0.99,valid_fraction_of_represented
Rajasthan,block,Barmer||Sedwa,ACCESS-CM2,2005,baseline,741231406.4764197,741231406.4764202,741231406.4764202,1.0000000000000007,1.0,1.0000000000000007,4,4,0,meets_screen,0.99,valid_fraction_of_represented
Rajasthan,block,Barmer||Sheo,ACCESS-CM2,2005,baseline,2722463084.1873865,2722463084.187394,2722463084.187394,1.0000000000000029,1.0,1.0000000000000029,14,14,0,meets_screen,0.99,valid_fraction_of_represented
Rajasthan,block,Beawar||Badnor,ACCESS-CM2,2005,baseline,382258974.5935427,382258974.5935432,382258974.5935432,1.0000000000000013,1.0,1.0000000000000013,4,4,0,meets_screen,0.99,valid_fraction_of_represented
Rajasthan,block,Beawar||Jaitaran,ACCESS-CM2,2005,baseline,1378055930.19387,1378055930.1938696,1378055930.1938696,0.9999999999999997,1.0,0.9999999999999997,5,5,0,meets_screen,0.99,valid_fraction_of_represented
Rajasthan,block,Beawar||Jawaja,ACCESS-CM2,2005,baseline,689055309.7983739,689055309.7983738,689055309.7983738,0.9999999999999998,1.0,0.9999999999999998,7,7,0,meets_screen,0.99,valid_fraction_of_represented
Rajasthan,block,Beawar||Masooda,ACCESS-CM2,2005,baseline,863028866.6773298,863028866.6773293,863028866.6773293,0.9999999999999994,1.0,0.9999999999999994,4,4,0,meets_screen,0.99,valid_fraction_of_represented
Rajasthan,block,Beawar||Raipur,ACCESS-CM2,2005,baseline,1098784232.8669677,1098784232.8669667,1098784232.8669667,0.9999999999999991,1.0,0.9999999999999991,7,7,0,meets_screen,0.99,valid_fraction_of_represented
Rajasthan,block,Bharatpur||Bayana,ACCESS-CM2,2005,baseline,778413300.9957489,778413300.995752,778413300.995752,1.000000000000004,1.0,1.000000000000004,5,5,0,meets_screen,0.99,valid_fraction_of_represented
Rajasthan,block,Bharatpur||Bhusawar,ACCESS-CM2,2005,baseline,278871837.2492298,278871837.2492295,278871837.2492295,0.9999999999999989,1.0,0.9999999999999989,3,3,0,meets_screen,0.99,valid_fraction_of_represented
Rajasthan,block,Bharatpur||Nadbai,ACCESS-CM2,2005,baseline,447783897.28663164,447783897.2866317,447783897.2866317,1.0000000000000002,1.0,1.0000000000000002,4,4,0,meets_screen,0.99,valid_fraction_of_represented
Rajasthan,block,Bharatpur||Rupbas,ACCESS-CM2,2005,baseline,394865058.0856236,394865058.0856235,394865058.0856235,0.9999999999999997,1.0,0.9999999999999997,6,6,0,meets_screen,0.99,valid_fraction_of_represented
Rajasthan,block,Bharatpur||Sewar,ACCESS-CM2,2005,baseline,501512372.6204903,501512372.62049043,501512372.62049043,1.0000000000000002,1.0,1.0000000000000002,4,4,0,meets_screen,0.99,valid_fraction_of_represented
Rajasthan,block,Bharatpur||Uchain,ACCESS-CM2,2005,baseline,165552533.47707263,165552533.4770728,165552533.4770728,1.000000000000001,1.0,1.000000000000001,2,2,0,meets_screen,0.99,valid_fraction_of_represented
Rajasthan,block,Bharatpur||Weir,ACCESS-CM2,2005,baseline,326183962.4984353,326183962.49843514,326183962.49843514,0.9999999999999994,1.0,0.9999999999999994,4,4,0,meets_screen,0.99,valid_fraction_of_represented
Rajasthan,block,Bhilwara||Asind,ACCESS-CM2,2005,baseline,725940041.9316651,725940041.9316642,725940041.9316642,0.9999999999999989,1.0,0.9999999999999989,4,4,0,meets_screen,0.99,valid_fraction_of_represented
Rajasthan,block,Bhilwara||Bijoliya,ACCESS-CM2,2005,baseline,724698477.5896872,724698477.5896866,724698477.5896866,0.9999999999999992,1.0,0.9999999999999992,4,4,0,meets_screen,0.99,valid_fraction_of_represented
Rajasthan,block,Bhilwara||Hurda,ACCESS-CM2,2005,baseline,650429162.1217002,650429162.1217024,650429162.1217024,1.0000000000000036,1.0,1.0000000000000036,6,6,0,meets_screen,0.99,valid_fraction_of_represented
Rajasthan,block,Bhilwara||Kareda,ACCESS-CM2,2005,baseline,556797149.0601883,556797149.0601896,556797149.0601896,1.0000000000000024,1.0,1.0000000000000024,4,4,0,meets_screen,0.99,valid_fraction_of_represented
Rajasthan,block,Bhilwara||Mandal,ACCESS-CM2,2005,baseline,662599825.1348236,662599825.134824,662599825.134824,1.0000000000000007,1.0,1.0000000000000007,4,4,0,meets_screen,0.99,valid_fraction_of_represented
Rajasthan,block,Bhilwara||Mandalgarh,ACCESS-CM2,2005,baseline,837772817.3714671,837772817.3714662,837772817.3714662,0.9999999999999989,1.0,0.9999999999999989,6,6,0,meets_screen,0.99,valid_fraction_of_represented
Rajasthan,block,Bhilwara||Raipur,ACCESS-CM2,2005,baseline,509251353.5377943,509251353.5377957,509251353.5377957,1.0000000000000029,1.0,1.0000000000000029,3,3,0,meets_screen,0.99,valid_fraction_of_represented
Rajasthan,block,Bhilwara||Sahara,ACCESS-CM2,2005,baseline,657670532.8184142,657670532.8184154,657670532.8184154,1.0000000000000018,1.0,1.0000000000000018,4,4,0,meets_screen,0.99,valid_fraction_of_represented
Rajasthan,block,Bhilwara||Suwana,ACCESS-CM2,2005,baseline,972053868.8482054,972053868.8482057,972053868.8482057,1.0000000000000002,1.0,1.0000000000000002,7,7,0,meets_screen,0.99,valid_fraction_of_represented
Rajasthan,block,Bikaner||Bikaner,ACCESS-CM2,2005,baseline,3767985425.335856,3767985425.335848,3767985425.335848,0.9999999999999979,1.0,0.9999999999999979,12,12,0,meets_screen,0.99,valid_fraction_of_represented
Rajasthan,block,Bikaner||Kolayat,ACCESS-CM2,2005,baseline,8288344321.8288765,8288344321.828869,8288344321.828869,0.9999999999999991,1.0,0.9999999999999991,25,25,0,meets_screen,0.99,valid_fraction_of_represented
Rajasthan,block,Bikaner||Lunkaransar,ACCESS-CM2,2005,baseline,5097404342.038687,5097404342.038689,5097404342.038689,1.0000000000000004,1.0,1.0000000000000004,15,15,0,meets_screen,0.99,valid_fraction_of_represented
Rajasthan,block,Bikaner||Nokha,ACCESS-CM2,2005,baseline,2180179306.655255,2180179306.6552515,2180179306.6552515,0.9999999999999984,1.0,0.9999999999999984,11,11,0,meets_screen,0.99,valid_fraction_of_represented
Rajasthan,block,Bikaner||Panchoo,ACCESS-CM2,2005,baseline,1619317519.434111,1619317519.4341102,1619317519.4341102,0.9999999999999994,1.0,0.9999999999999994,8,8,0,meets_screen,0.99,valid_fraction_of_represented
Rajasthan,block,Bikaner||Poogal,ACCESS-CM2,2005,baseline,2157231676.618516,2157231676.618514,2157231676.618514,0.9999999999999991,1.0,0.9999999999999991,9,9,0,meets_screen,0.99,valid_fraction_of_represented
Rajasthan,block,Bikaner||Sri Dungargarh,ACCESS-CM2,2005,baseline,2993446612.2606487,2993446612.2606597,2993446612.2606597,1.0000000000000038,1.0,1.0000000000000038,14,14,0,meets_screen,0.99,valid_fraction_of_represented
Rajasthan,block,Bundi||Bundi,ACCESS-CM2,2005,baseline,977486693.635832,977486693.635833,977486693.635833,1.000000000000001,1.0,1.000000000000001,6,6,0,meets_screen,0.99,valid_fraction_of_represented
Rajasthan,block,Bundi||Hindoli,ACCESS-CM2,2005,baseline,1342114593.7894382,1342114593.7894368,1342114593.7894368,0.9999999999999989,1.0,0.9999999999999989,7,7,0,meets_screen,0.99,valid_fraction_of_represented
Rajasthan,block,Bundi||Keshoraipatan,ACCESS-CM2,2005,baseline,1341531988.1319053,1341531988.1319056,1341531988.1319056,1.0000000000000002,1.0,1.0000000000000002,8,8,0,meets_screen,0.99,valid_fraction_of_represented
Rajasthan,block,Bundi||Nainwa,ACCESS-CM2,2005,baseline,1185323452.515366,1185323452.5153675,1185323452.5153675,1.000000000000001,1.0,1.000000000000001,6,6,0,meets_screen,0.99,valid_fraction_of_represented
Rajasthan,block,Bundi||Talera,ACCESS-CM2,2005,baseline,930260647.1613724,930260647.1613737,930260647.1613737,1.0000000000000013,1.0,1.0000000000000013,6,6,0,meets_screen,0.99,valid_fraction_of_represented
Rajasthan,block,Chittorgarh||Bari Sadri,ACCESS-CM2,2005,baseline,509151470.6236266,509151470.6236266,509151470.6236266,1.0,1.0,1.0,5,5,0,meets_screen,0.99,valid_fraction_of_represented
Rajasthan,block,Chittorgarh||Begun,ACCESS-CM2,2005,baseline,919327351.3661497,919327351.3661512,919327351.3661512,1.0000000000000018,1.0,1.0000000000000018,4,4,0,meets_screen,0.99,valid_fraction_of_represented
Rajasthan,block,Chittorgarh||Bhadesar,ACCESS-CM2,2005,baseline,534814750.2297169,534814750.2297175,534814750.2297175,1.000000000000001,1.0,1.000000000000001,4,4,0,meets_screen,0.99,valid_fraction_of_represented
Rajasthan,block,Chittorgarh||Bhainsrorgarh,ACCESS-CM2,2005,baseline,1616850661.961895,1616850661.961893,1616850661.961893,0.9999999999999988,1.0,0.9999999999999988,9,9,0,meets_screen,0.99,valid_fraction_of_represented
Rajasthan,block,Chittorgarh||Bhopalsagar,ACCESS-CM2,2005,baseline,392149527.7218704,392149527.72187054,392149527.72187054,1.0000000000000002,1.0,1.0000000000000002,4,4,0,meets_screen,0.99,valid_fraction_of_represented
Rajasthan,block,Chittorgarh||Chittorgarh,ACCESS-CM2,2005,baseline,986935585.744448,986935585.7444482,986935585.7444482,1.0000000000000002,1.0,1.0000000000000002,7,7,0,meets_screen,0.99,valid_fraction_of_represented
Rajasthan,block,Chittorgarh||Dungla,ACCESS-CM2,2005,baseline,496236860.9052289,496236860.90522885,496236860.90522885,0.9999999999999999,1.0,0.9999999999999999,4,4,0,meets_screen,0.99,valid_fraction_of_represented
Rajasthan,block,Chittorgarh||Gangrar,ACCESS-CM2,2005,baseline,556451994.0692654,556451994.0692643,556451994.0692643,0.9999999999999981,1.0,0.9999999999999981,5,5,0,meets_screen,0.99,valid_fraction_of_represented
Rajasthan,block,Chittorgarh||Kapasan,ACCESS-CM2,2005,baseline,515022428.11958325,515022428.1195824,515022428.1195824,0.9999999999999983,1.0,0.9999999999999983,5,5,0,meets_screen,0.99,valid_fraction_of_represented
Rajasthan,block,Chittorgarh||Nimbahera,ACCESS-CM2,2005,baseline,836387189.6690984,836387189.6690993,836387189.6690993,1.000000000000001,1.0,1.000000000000001,7,7,0,meets_screen,0.99,valid_fraction_of_represented
Rajasthan,block,Chittorgarh||Rashmi,ACCESS-CM2,2005,baseline,451624612.82926095,451624612.82926106,451624612.82926106,1.0000000000000002,1.0,1.0000000000000002,3,3,0,meets_screen,0.99,valid_fraction_of_represented
Rajasthan,block,Churu||Bidasar,ACCESS-CM2,2005,baseline,1219318160.5726628,1219318160.5726614,1219318160.5726614,0.9999999999999988,1.0,0.9999999999999988,7,7,0,meets_screen,0.99,valid_fraction_of_represented
Rajasthan,block,Churu||Churu,ACCESS-CM2,2005,baseline,1599655539.9660034,1599655539.9660032,1599655539.9660032,0.9999999999999999,1.0,0.9999999999999999,8,8,0,meets_screen,0.99,valid_fraction_of_represented
Rajasthan,block,Churu||Rajgarh,ACCESS-CM2,2005,baseline,2206652367.191915,2206652367.1919193,2206652367.1919193,1.000000000000002,1.0,1.000000000000002,9,9,0,meets_screen,0.99,valid_fraction_of_represented
Rajasthan,block,Churu||Ratangarh,ACCESS-CM2,2005,baseline,1696951655.9253678,1696951655.9253688,1696951655.9253688,1.0000000000000007,1.0,1.0000000000000007,10,10,0,meets_screen,0.99,valid_fraction_of_represented
Rajasthan,block,Churu||Sardarshahar,ACCESS-CM2,2005,baseline,3844435504.998408,3844435504.998402,3844435504.998402,0.9999999999999986,1.0,0.9999999999999986,14,14,0,meets_screen,0.99,valid_fraction_of_represented
Rajasthan,block,Churu||Sujangarh,ACCESS-CM2,2005,baseline,1473696309.3761022,1473696309.3761017,1473696309.3761017,0.9999999999999997,1.0,0.9999999999999997,8,8,0,meets_screen,0.99,valid_fraction_of_represented
Rajasthan,block,Churu||Taranagar,ACCESS-CM2,2005,baseline,1808705182.3666515,1808705182.3666518,1808705182.3666518,1.0000000000000002,1.0,1.0000000000000002,9,9,0,meets_screen,0.99,valid_fraction_of_represented
Rajasthan,block,Dausa||Bandikui,ACCESS-CM2,2005,baseline,140353990.55047312,140353990.55047306,140353990.55047306,0.9999999999999996,1.0,0.9999999999999996,4,4,0,meets_screen,0.99,valid_fraction_of_represented
Rajasthan,block,Dausa||Baswa,ACCESS-CM2,2005,baseline,493202932.18606025,493202932.18605936,493202932.18605936,0.9999999999999982,1.0,0.9999999999999982,4,4,0,meets_screen,0.99,valid_fraction_of_represented
Rajasthan,block,Dausa||Dausa,ACCESS-CM2,2005,baseline,625716026.2797557,625716026.2797565,625716026.2797565,1.0000000000000013,1.0,1.0000000000000013,6,6,0,meets_screen,0.99,valid_fraction_of_represented
Rajasthan,block,Dausa||Lalsot,ACCESS-CM2,2005,baseline,720380786.0947711,720380786.09477,720380786.09477,0.9999999999999983,1.0,0.9999999999999983,4,4,0,meets_screen,0.99,valid_fraction_of_represented
Rajasthan,block,Dausa||Lawan,ACCESS-CM2,2005,baseline,172324177.84525785,172324177.84525776,172324177.84525776,0.9999999999999994,1.0,0.9999999999999994,4,4,0,meets_screen,0.99,valid_fraction_of_represented
Rajasthan,block,Dausa||Mahwa,ACCESS-CM2,2005,baseline,484567888.9464355,484567888.9464356,484567888.9464356,1.0000000000000002,1.0,1.0000000000000002,5,5,0,meets_screen,0.99,valid_fraction_of_represented
Rajasthan,block,Dausa||Nangal Rajawatan,ACCESS-CM2,2005,baseline,122035058.07904856,122035058.07904863,122035058.07904863,1.0000000000000007,1.0,1.0000000000000007,2,2,0,meets_screen,0.99,valid_fraction_of_represented
Rajasthan,block,Dausa||Ramgarh Pachwara,ACCESS-CM2,2005,baseline,146559210.4711749,146559210.47117436,146559210.47117436,0.9999999999999963,1.0,0.9999999999999963,2,2,0,meets_screen,0.99,valid_fraction_of_represented
Rajasthan,block,Dausa||Sikandara,ACCESS-CM2,2005,baseline,240123087.90927756,240123087.90927774,240123087.90927774,1.0000000000000007,1.0,1.0000000000000007,3,3,0,meets_screen,0.99,valid_fraction_of_represented
Rajasthan,block,Dausa||Sikrai,ACCESS-CM2,2005,baseline,270418437.0742232,270418437.07422334,270418437.07422334,1.0000000000000004,1.0,1.0000000000000004,3,3,0,meets_screen,0.99,valid_fraction_of_represented
Rajasthan,block,Deeg||Deeg,ACCESS-CM2,2005,baseline,505855196.93715334,505855196.937153,505855196.937153,0.9999999999999993,1.0,0.9999999999999993,4,4,0,meets_screen,0.99,valid_fraction_of_represented
Rajasthan,block,Deeg||Kaman,ACCESS-CM2,2005,baseline,356003918.54756165,356003918.5475617,356003918.5475617,1.0000000000000002,1.0,1.0000000000000002,4,4,0,meets_screen,0.99,valid_fraction_of_represented
Rajasthan,block,Deeg||Kumher,ACCESS-CM2,2005,baseline,448255023.10090905,448255023.10090935,448255023.10090935,1.0000000000000007,1.0,1.0000000000000007,4,4,0,meets_screen,0.99,valid_fraction_of_represented
Rajasthan,block,Deeg||Nagar Pahari,ACCESS-CM2,2005,baseline,473126198.5907169,473126198.59071577,473126198.59071577,0.9999999999999976,1.0,0.9999999999999976,4,4,0,meets_screen,0.99,valid_fraction_of_represented
Rajasthan,block,Deeg||Pahari,ACCESS-CM2,2005,baseline,383967698.1702461,383967698.17024565,383967698.17024565,0.9999999999999988,1.0,0.9999999999999988,3,3,0,meets_screen,0.99,valid_fraction_of_represented
Rajasthan,block,Dholpur||Bari,ACCESS-CM2,2005,baseline,795083110.1841323,795083110.1841325,795083110.1841325,1.0000000000000002,1.0,1.0000000000000002,6,6,0,meets_screen,0.99,valid_fraction_of_represented
Rajasthan,block,Dholpur||Baseri,ACCESS-CM2,2005,baseline,348965278.13456315,348965278.13456285,348965278.13456285,0.9999999999999991,1.0,0.9999999999999991,4,4,0,meets_screen,0.99,valid_fraction_of_represented
Rajasthan,block,Dholpur||Dhaulpur,ACCESS-CM2,2005,baseline,313539129.6261634,313539129.62616354,313539129.62616354,1.0000000000000004,1.0,1.0000000000000004,2,2,0,meets_screen,0.99,valid_fraction_of_represented
Rajasthan,block,Dholpur||Rajakhera,ACCESS-CM2,2005,baseline,612885475.8846848,612885475.8846836,612885475.8846836,0.999999999999998,1.0,0.999999999999998,5,5,0,meets_screen,0.99,valid_fraction_of_represented
Rajasthan,block,Dholpur||Saipau,ACCESS-CM2,2005,baseline,311694030.1441713,311694030.1441715,311694030.1441715,1.0000000000000007,1.0,1.0000000000000007,3,3,0,meets_screen,0.99,valid_fraction_of_represented
Rajasthan,block,Dholpur||Sarmathura,ACCESS-CM2,2005,baseline,652248448.8310642,652248448.8310648,652248448.8310648,1.0000000000000009,1.0,1.0000000000000009,6,6,0,meets_screen,0.99,valid_fraction_of_represented
Rajasthan,block,Didwana Kuchaman||Didwana,ACCESS-CM2,2005,baseline,996715816.4352639,996715816.4352629,996715816.4352629,0.999999999999999,1.0,0.999999999999999,7,7,0,meets_screen,0.99,valid_fraction_of_represented
Rajasthan,block,Didwana Kuchaman||Kuchaman,ACCESS-CM2,2005,baseline,562909425.9803038,562909425.980304,562909425.980304,1.0000000000000004,1.0,1.0000000000000004,6,6,0,meets_screen,0.99,valid_fraction_of_represented
Rajasthan,block,Didwana Kuchaman||Ladnu,ACCESS-CM2,2005,baseline,1258367908.5487154,1258367908.5487156,1258367908.5487156,1.0000000000000002,1.0,1.0000000000000002,7,7,0,meets_screen,0.99,valid_fraction_of_represented
Rajasthan,block,Didwana Kuchaman||Makrana,ACCESS-CM2,2005,baseline,1132747999.901458,1132747999.9014583,1132747999.9014583,1.0000000000000002,1.0,1.0000000000000002,6,6,0,meets_screen,0.99,valid_fraction_of_represented
Rajasthan,block,Didwana Kuchaman||Molasar,ACCESS-CM2,2005,baseline,659263144.6758834,659263144.6758817,659263144.6758817,0.9999999999999974,1.0,0.9999999999999974,5,5,0,meets_screen,0.99,valid_fraction_of_represented
Rajasthan,block,Didwana Kuchaman||Nawa,ACCESS-CM2,2005,baseline,1078062748.5858393,1078062748.5858383,1078062748.5858383,0.9999999999999991,1.0,0.9999999999999991,7,7,0,meets_screen,0.99,valid_fraction_of_represented
Rajasthan,block,Didwana Kuchaman||Parbatsar,ACCESS-CM2,2005,baseline,1114843738.8400002,1114843738.8400004,1114843738.8400004,1.0000000000000002,1.0,1.0000000000000002,7,7,0,meets_screen,0.99,valid_fraction_of_represented
Rajasthan,block,Dudu||Dudu,ACCESS-CM2,2005,baseline,636461612.4327227,636461612.4327222,636461612.4327222,0.9999999999999992,1.0,0.9999999999999992,6,6,0,meets_screen,0.99,valid_fraction_of_represented
Rajasthan,block,Dudu||Madhorajpura,ACCESS-CM2,2005,baseline,474226126.2291034,474226126.2291032,474226126.2291032,0.9999999999999997,1.0,0.9999999999999997,5,5,0,meets_screen,0.99,valid_fraction_of_represented
Rajasthan,block,Dudu||Mauzamabad,ACCESS-CM2,2005,baseline,702956601.1025349,702956601.1025352,702956601.1025352,1.0000000000000004,1.0,1.0000000000000004,4,4,0,meets_screen,0.99,valid_fraction_of_represented
Rajasthan,block,Dudu||Phagi,ACCESS-CM2,2005,baseline,644108864.5192125,644108864.5192124,644108864.5192124,0.9999999999999998,1.0,0.9999999999999998,6,6,0,meets_screen,0.99,valid_fraction_of_represented
Rajasthan,block,Dungarpur||Aspur,ACCESS-CM2,2005,baseline,343029460.82867974,343029460.82867986,343029460.82867986,1.0000000000000004,1.0,1.0000000000000004,3,3,0,meets_screen,0.99,valid_fraction_of_represented
Rajasthan,block,Dungarpur||Bichiwara,ACCESS-CM2,2005,baseline,596155058.8719225,596155058.8719229,596155058.8719229,1.0000000000000007,1.0,1.0000000000000007,4,4,0,meets_screen,0.99,valid_fraction_of_represented
Rajasthan,block,Dungarpur||Chikhali,ACCESS-CM2,2005,baseline,242211026.3814468,242211026.38144708,242211026.38144708,1.000000000000001,1.0,1.000000000000001,3,3,0,meets_screen,0.99,valid_fraction_of_represented
Rajasthan,block,Dungarpur||Dovada,ACCESS-CM2,2005,baseline,406294923.1245253,406294923.1245248,406294923.1245248,0.9999999999999987,1.0,0.9999999999999987,3,3,0,meets_screen,0.99,valid_fraction_of_represented
Rajasthan,block,Dungarpur||Dungarpur,ACCESS-CM2,2005,baseline,321868721.37275755,321868721.37275875,321868721.37275875,1.0000000000000038,1.0,1.0000000000000038,3,3,0,meets_screen,0.99,valid_fraction_of_represented
Rajasthan,block,Dungarpur||Galiyakoat,ACCESS-CM2,2005,baseline,169710800.19249374,169710800.19249365,169710800.19249365,0.9999999999999994,1.0,0.9999999999999994,4,4,0,meets_screen,0.99,valid_fraction_of_represented
Rajasthan,block,Dungarpur||Jothari,ACCESS-CM2,2005,baseline,261548704.54465002,261548704.54464996,261548704.54464996,0.9999999999999998,1.0,0.9999999999999998,4,4,0,meets_screen,0.99,valid_fraction_of_represented
Rajasthan,block,Dungarpur||Sabla,ACCESS-CM2,2005,baseline,366497267.8785643,366497267.8785642,366497267.8785642,0.9999999999999997,1.0,0.9999999999999997,2,2,0,meets_screen,0.99,valid_fraction_of_represented
Rajasthan,block,Dungarpur||Sagwara,ACCESS-CM2,2005,baseline,651274614.1794335,651274614.179434,651274614.179434,1.0000000000000007,1.0,1.0000000000000007,4,4,0,meets_screen,0.99,valid_fraction_of_represented
Rajasthan,block,Dungarpur||Simalwara,ACCESS-CM2,2005,baseline,411693080.31007683,411693080.31007683,411693080.31007683,1.0,1.0,1.0,4,4,0,meets_screen,0.99,valid_fraction_of_represented
Rajasthan,block,Ganganagar||Ganganagar,ACCESS-CM2,2005,baseline,978301507.7159729,978301507.7159715,978301507.7159715,0.9999999999999986,1.0,0.9999999999999986,5,5,0,meets_screen,0.99,valid_fraction_of_represented
Rajasthan,block,Ganganagar||Karanpur,ACCESS-CM2,2005,baseline,820979563.6523681,820979563.6523676,820979563.6523676,0.9999999999999994,1.0,0.9999999999999994,5,5,0,meets_screen,0.99,valid_fraction_of_represented
Rajasthan,block,Ganganagar||Padampur,ACCESS-CM2,2005,baseline,848549728.3119835,848549728.3119836,848549728.3119836,1.0000000000000002,1.0,1.0000000000000002,7,7,0,meets_screen,0.99,valid_fraction_of_represented
Rajasthan,block,Ganganagar||Sadulshahar,ACCESS-CM2,2005,baseline,770307830.8639584,770307830.863958,770307830.863958,0.9999999999999996,1.0,0.9999999999999996,5,5,0,meets_screen,0.99,valid_fraction_of_represented
Rajasthan,block,Ganganagar||Suratgarh,ACCESS-CM2,2005,baseline,2803590733.592577,2803590733.592578,2803590733.592578,1.0000000000000004,1.0,1.0000000000000004,12,12,0,meets_screen,0.99,valid_fraction_of_represented
Rajasthan,block,Gangapurcity||Bamanwas,ACCESS-CM2,2005,baseline,728564450.6934423,728564450.6934437,728564450.6934437,1.0000000000000018,1.0,1.0000000000000018,4,4,0,meets_screen,0.99,valid_fraction_of_represented
Rajasthan,block,Gangapurcity||Gangapur City,ACCESS-CM2,2005,baseline,637204909.3163601,637204909.3163607,637204909.3163607,1.0000000000000009,1.0,1.0000000000000009,4,4,0,meets_screen,0.99,valid_fraction_of_represented
Rajasthan,block,Gangapurcity||Nadauti,ACCESS-CM2,2005,baseline,647252652.5791932,647252652.5791932,647252652.5791932,1.0,1.0,1.0,6,6,0,meets_screen,0.99,valid_fraction_of_represented
Rajasthan,block,Gangapurcity||Todabhim,ACCESS-CM2,2005,baseline,542723713.6945423,542723713.6945428,542723713.6945428,1.0000000000000009,1.0,1.0000000000000009,3,3,0,meets_screen,0.99,valid_fraction_of_represented
Rajasthan,block,Hanumangarh||Bhadra,ACCESS-CM2,2005,baseline,1731366634.8395143,1731366634.8395133,1731366634.8395133,0.9999999999999994,1.0,0.9999999999999994,11,11,0,meets_screen,0.99,valid_fraction_of_represented
Rajasthan,block,Hanumangarh||Hanumangarh,ACCESS-CM2,2005,baseline,1230334032.0448897,1230334032.0448906,1230334032.0448906,1.0000000000000007,1.0,1.0000000000000007,7,7,0,meets_screen,0.99,valid_fraction_of_represented
Rajasthan,block,Hanumangarh||Nohar,ACCESS-CM2,2005,baseline,2466540668.4738164,2466540668.473819,2466540668.473819,1.0000000000000009,1.0,1.0000000000000009,10,10,0,meets_screen,0.99,valid_fraction_of_represented
Rajasthan,block,Hanumangarh||Pilibanga,ACCESS-CM2,2005,baseline,1009990697.2070242,1009990697.2070236,1009990697.2070236,0.9999999999999994,1.0,0.9999999999999994,5,5,0,meets_screen,0.99,valid_fraction_of_represented
Rajasthan,block,Hanumangarh||Rawatsar,ACCESS-CM2,2005,baseline,1873515112.2335477,1873515112.2335467,1873515112.2335467,0.9999999999999994,1.0,0.9999999999999994,8,8,0,meets_screen,0.99,valid_fraction_of_represented
Rajasthan,block,Hanumangarh||Sangaria,ACCESS-CM2,2005,baseline,652252908.3982991,652252908.398299,652252908.398299,0.9999999999999998,1.0,0.9999999999999998,4,4,0,meets_screen,0.99,valid_fraction_of_represented
Rajasthan,block,Hanumangarh||Tibbi,ACCESS-CM2,2005,baseline,745798391.1454437,745798391.1454437,745798391.1454437,1.0,1.0,1.0,6,6,0,meets_screen,0.99,valid_fraction_of_represented
Rajasthan,block,Jaipur Gramin||Andhi,ACCESS-CM2,2005,baseline,491642158.5814403,491642158.58144057,491642158.58144057,1.0000000000000004,1.0,1.0000000000000004,4,4,0,meets_screen,0.99,valid_fraction_of_represented
Rajasthan,block,Jaipur Gramin||Bassi,ACCESS-CM2,2005,baseline,387990280.13157046,387990280.13157064,387990280.13157064,1.0000000000000004,1.0,1.0000000000000004,3,3,0,meets_screen,0.99,valid_fraction_of_represented
Rajasthan,block,Jaipur Gramin||Chaksu,ACCESS-CM2,2005,baseline,523967337.946122,523967337.94612247,523967337.94612247,1.0000000000000009,1.0,1.0000000000000009,5,5,0,meets_screen,0.99,valid_fraction_of_represented
Rajasthan,block,Jaipur Gramin||Govindgarh,ACCESS-CM2,2005,baseline,682783015.2697798,682783015.2697796,682783015.2697796,0.9999999999999997,1.0,0.9999999999999997,6,6,0,meets_screen,0.99,valid_fraction_of_represented
Rajasthan,block,Jaipur Gramin||Jamwa Ramgarh,ACCESS-CM2,2005,baseline,529645472.2007593,529645472.20075893,529645472.20075893,0.9999999999999993,1.0,0.9999999999999993,6,6,0,meets_screen,0.99,valid_fraction_of_represented
Rajasthan,block,Jaipur Gramin||Kishangarh Renwal,ACCESS-CM2,2005,baseline,540684485.7505611,540684485.7505609,540684485.7505609,0.9999999999999996,1.0,0.9999999999999996,5,5,0,meets_screen,0.99,valid_fraction_of_represented
Rajasthan,block,Jaipur Gramin||Kotkhawda,ACCESS-CM2,2005,baseline,291478800.482761,291478800.4827604,291478800.4827604,0.999999999999998,1.0,0.999999999999998,2,2,0,meets_screen,0.99,valid_fraction_of_represented
Rajasthan,block,Jaipur Gramin||Sambhar,ACCESS-CM2,2005,baseline,1018481177.0528181,1018481177.0528194,1018481177.0528194,1.0000000000000013,1.0,1.0000000000000013,9,9,0,meets_screen,0.99,valid_fraction_of_represented
Rajasthan,block,Jaipur Gramin||Shahpura,ACCESS-CM2,2005,baseline,527106510.5643863,527106510.56438684,527106510.56438684,1.000000000000001,1.0,1.000000000000001,6,6,0,meets_screen,0.99,valid_fraction_of_represented
Rajasthan,block,Jaipur Gramin||Tunga,ACCESS-CM2,2005,baseline,267562851.80592683,267562851.80592662,267562851.80592662,0.9999999999999992,1.0,0.9999999999999992,5,5,0,meets_screen,0.99,valid_fraction_of_represented
Rajasthan,block,Jaipur||Amber,ACCESS-CM2,2005,baseline,440009673.15993726,440009673.15993744,440009673.15993744,1.0000000000000004,1.0,1.0000000000000004,5,5,0,meets_screen,0.99,valid_fraction_of_represented
Rajasthan,block,Jaipur||Jalsu,ACCESS-CM2,2005,baseline,408910719.91971785,408910719.91971815,408910719.91971815,1.0000000000000007,1.0,1.0000000000000007,3,3,0,meets_screen,0.99,valid_fraction_of_represented
Rajasthan,block,Jaipur||Jhotwara,ACCESS-CM2,2005,baseline,566292898.4538217,566292898.4538227,566292898.4538227,1.000000000000002,1.0,1.000000000000002,4,4,0,meets_screen,0.99,valid_fraction_of_represented
Rajasthan,block,Jaipur||Sanganer,ACCESS-CM2,2005,baseline,709514446.0612823,709514446.0612833,709514446.0612833,1.0000000000000016,1.0,1.0000000000000016,5,5,0,meets_screen,0.99,valid_fraction_of_represented
Rajasthan,block,Jaisalmer||Bhaniyana,ACCESS-CM2,2005,baseline,1656217842.354118,1656217842.3541176,1656217842.3541176,0.9999999999999997,1.0,0.9999999999999997,8,8,0,meets_screen,0.99,valid_fraction_of_represented
Rajasthan,block,Jaisalmer||Fatehgarh,ACCESS-CM2,2005,baseline,4467962028.845952,4467962028.845956,4467962028.845956,1.0000000000000009,1.0,1.0000000000000009,16,16,0,meets_screen,0.99,valid_fraction_of_represented
Rajasthan,block,Jaisalmer||Jaisalmer,ACCESS-CM2,2005,baseline,2866017542.5240383,2866017542.524042,2866017542.524042,1.0000000000000013,1.0,1.0000000000000013,13,13,0,meets_screen,0.99,valid_fraction_of_represented
Rajasthan,block,Jaisalmer||Mohangarh,ACCESS-CM2,2005,baseline,4990720004.959468,4990720004.959466,4990720004.959466,0.9999999999999997,1.0,0.9999999999999997,13,13,0,meets_screen,0.99,valid_fraction_of_represented
Rajasthan,block,Jaisalmer||Nachana,ACCESS-CM2,2005,baseline,4137308503.838179,4137308503.838182,4137308503.838182,1.0000000000000007,1.0,1.0000000000000007,15,15,0,meets_screen,0.99,valid_fraction_of_represented
Rajasthan,block,Jaisalmer||Sam,ACCESS-CM2,2005,baseline,16515495637.604736,16515495637.604725,16515495637.604725,0.9999999999999993,1.0,0.9999999999999993,40,40,0,meets_screen,0.99,valid_fraction_of_represented
Rajasthan,block,Jaisalmer||Sankra,ACCESS-CM2,2005,baseline,3815865200.244027,3815865200.244033,3815865200.244033,1.0000000000000016,1.0,1.0000000000000016,15,15,0,meets_screen,0.99,valid_fraction_of_represented
Rajasthan,block,Jalore||Ahore,ACCESS-CM2,2005,baseline,1620473371.3061619,1620473371.3061643,1620473371.3061643,1.0000000000000016,1.0,1.0000000000000016,9,9,0,meets_screen,0.99,valid_fraction_of_represented
Rajasthan,block,Jalore||Bagoda,ACCESS-CM2,2005,baseline,818103825.803006,818103825.8030066,818103825.8030066,1.0000000000000007,1.0,1.0000000000000007,5,5,0,meets_screen,0.99,valid_fraction_of_represented
Rajasthan,block,Jalore||Bhinmal,ACCESS-CM2,2005,baseline,586097993.3099624,586097993.3099625,586097993.3099625,1.0000000000000002,1.0,1.0000000000000002,6,6,0,meets_screen,0.99,valid_fraction_of_represented
Rajasthan,block,Jalore||Chitalwana,ACCESS-CM2,2005,baseline,1677766019.4890707,1677766019.4890683,1677766019.4890683,0.9999999999999986,1.0,0.9999999999999986,10,10,0,meets_screen,0.99,valid_fraction_of_represented
Rajasthan,block,Jalore||Jalore,ACCESS-CM2,2005,baseline,1055830128.3553638,1055830128.3553634,1055830128.3553634,0.9999999999999996,1.0,0.9999999999999996,7,7,0,meets_screen,0.99,valid_fraction_of_represented
Rajasthan,block,Jalore||Jaswantpura,ACCESS-CM2,2005,baseline,1075877762.1475813,1075877762.1475806,1075877762.1475806,0.9999999999999993,1.0,0.9999999999999993,6,6,0,meets_screen,0.99,valid_fraction_of_represented
Rajasthan,block,Jalore||Raniwara,ACCESS-CM2,2005,baseline,914732137.1848115,914732137.1848099,914732137.1848099,0.9999999999999983,1.0,0.9999999999999983,4,4,0,meets_screen,0.99,valid_fraction_of_represented
Rajasthan,block,Jalore||Sanchore,ACCESS-CM2,2005,baseline,979524367.6431732,979524367.6431731,979524367.6431731,0.9999999999999999,1.0,0.9999999999999999,8,8,0,meets_screen,0.99,valid_fraction_of_represented
Rajasthan,block,Jalore||Sarnau,ACCESS-CM2,2005,baseline,442990217.486065,442990217.48606485,442990217.48606485,0.9999999999999998,1.0,0.9999999999999998,4,4,0,meets_screen,0.99,valid_fraction_of_represented
Rajasthan,block,Jalore||Sayla,ACCESS-CM2,2005,baseline,1471915578.4734614,1471915578.4734628,1471915578.4734628,1.0000000000000009,1.0,1.0000000000000009,8,8,0,meets_screen,0.99,valid_fraction_of_represented
Rajasthan,block,Jhalawar||Aklera,ACCESS-CM2,2005,baseline,779166793.5646707,779166793.5646715,779166793.5646715,1.000000000000001,1.0,1.000000000000001,5,5,0,meets_screen,0.99,valid_fraction_of_represented
Rajasthan,block,Jhalawar||Bakani,ACCESS-CM2,2005,baseline,445380680.9624893,445380680.9624896,445380680.9624896,1.0000000000000007,1.0,1.0000000000000007,4,4,0,meets_screen,0.99,valid_fraction_of_represented
Rajasthan,block,Jhalawar||Bhawani Mandi,ACCESS-CM2,2005,baseline,702105248.4816227,702105248.4816223,702105248.4816223,0.9999999999999994,1.0,0.9999999999999994,6,6,0,meets_screen,0.99,valid_fraction_of_represented
Rajasthan,block,Jhalawar||Dag,ACCESS-CM2,2005,baseline,929916824.0475452,929916824.0475453,929916824.0475453,1.0000000000000002,1.0,1.0000000000000002,6,6,0,meets_screen,0.99,valid_fraction_of_represented
Rajasthan,block,Jhalawar||Jhalrapatan,ACCESS-CM2,2005,baseline,861890851.5976602,861890851.597662,861890851.597662,1.000000000000002,1.0,1.000000000000002,5,5,0,meets_screen,0.99,valid_fraction_of_represented
Rajasthan,block,Jhalawar||Khanpur,ACCESS-CM2,2005,baseline,937076841.4905372,937076841.490537,937076841.490537,0.9999999999999999,1.0,0.9999999999999999,7,7,0,meets_screen,0.99,valid_fraction_of_represented
Rajasthan,block,Jhalawar||Manoharthana,ACCESS-CM2,2005,baseline,636826887.0567929,636826887.0567931,636826887.0567931,1.0000000000000004,1.0,1.0000000000000004,4,4,0,meets_screen,0.99,valid_fraction_of_represented
Rajasthan,block,Jhalawar||Pirawa (Sunel),ACCESS-CM2,2005,baseline,1050704718.5359943,1050704718.5359933,1050704718.5359933,0.9999999999999991,1.0,0.9999999999999991,4,4,0,meets_screen,0.99,valid_fraction_of_represented
Rajasthan,block,Jhunjhunu||Alsisar,ACCESS-CM2,2005,baseline,658812150.657576,658812150.6575769,658812150.6575769,1.0000000000000016,1.0,1.0000000000000016,4,4,0,meets_screen,0.99,valid_fraction_of_represented
Rajasthan,block,Jhunjhunu||Buhana,ACCESS-CM2,2005,baseline,364202753.840859,364202753.84085906,364202753.84085906,1.0000000000000002,1.0,1.0000000000000002,4,4,0,meets_screen,0.99,valid_fraction_of_represented
Rajasthan,block,Jhunjhunu||Chirawa,ACCESS-CM2,2005,baseline,497906629.80406374,497906629.8040639,497906629.8040639,1.0000000000000004,1.0,1.0000000000000004,4,4,0,meets_screen,0.99,valid_fraction_of_represented
Rajasthan,block,Jhunjhunu||Jhunjhunu,ACCESS-CM2,2005,baseline,506344990.9148616,506344990.91486084,506344990.91486084,0.9999999999999984,1.0,0.9999999999999984,4,4,0,meets_screen,0.99,valid_fraction_of_represented
Rajasthan,block,Jhunjhunu||Mandawa,ACCESS-CM2,2005,baseline,460638204.228862,460638204.2288621,460638204.2288621,1.0000000000000002,1.0,1.0000000000000002,4,4,0,meets_screen,0.99,valid_fraction_of_represented
Rajasthan,block,Jhunjhunu||Nawalgarh,ACCESS-CM2,2005,baseline,1089159382.8895342,1089159382.889534,1089159382.889534,0.9999999999999998,1.0,0.9999999999999998,7,7,0,meets_screen,0.99,valid_fraction_of_represented
Rajasthan,block,Jhunjhunu||Pilani,ACCESS-CM2,2005,baseline,373200060.3749169,373200060.3749176,373200060.3749176,1.000000000000002,1.0,1.000000000000002,4,4,0,meets_screen,0.99,valid_fraction_of_represented
Rajasthan,block,Jhunjhunu||Singhana,ACCESS-CM2,2005,baseline,289230106.5278676,289230106.52786744,289230106.52786744,0.9999999999999993,1.0,0.9999999999999993,2,2,0,meets_screen,0.99,valid_fraction_of_represented
Rajasthan,block,Jhunjhunu||Surajgarh,ACCESS-CM2,2005,baseline,432161758.95240784,432161758.95240736,432161758.95240736,0.9999999999999989,1.0,0.9999999999999989,4,4,0,meets_screen,0.99,valid_fraction_of_represented
Rajasthan,block,Jodhpur Gramin||Balesar,ACCESS-CM2,2005,baseline,890977543.286566,890977543.2865663,890977543.2865663,1.0000000000000002,1.0,1.0000000000000002,6,6,0,meets_screen,0.99,valid_fraction_of_represented
Rajasthan,block,Jodhpur Gramin||Bawadi,ACCESS-CM2,2005,baseline,1270811884.794962,1270811884.7949605,1270811884.7949605,0.9999999999999989,1.0,0.9999999999999989,8,8,0,meets_screen,0.99,valid_fraction_of_represented
Rajasthan,block,Jodhpur Gramin||Bhopalgarh,ACCESS-CM2,2005,baseline,1251898080.6465425,1251898080.6465423,1251898080.6465423,0.9999999999999998,1.0,0.9999999999999998,5,5,0,meets_screen,0.99,valid_fraction_of_represented
Rajasthan,block,Jodhpur Gramin||Bilara,ACCESS-CM2,2005,baseline,1090819741.2794662,1090819741.279469,1090819741.279469,1.0000000000000027,1.0,1.0000000000000027,6,6,0,meets_screen,0.99,valid_fraction_of_represented
Rajasthan,block,Jodhpur Gramin||Dhawa,ACCESS-CM2,2005,baseline,843583916.0120993,843583916.0120993,843583916.0120993,1.0,1.0,1.0,6,6,0,meets_screen,0.99,valid_fraction_of_represented
Rajasthan,block,Jodhpur Gramin||Luni,ACCESS-CM2,2005,baseline,1165562795.5208967,1165562795.5208964,1165562795.5208964,0.9999999999999998,1.0,0.9999999999999998,7,7,0,meets_screen,0.99,valid_fraction_of_represented
Rajasthan,block,Jodhpur Gramin||Osian,ACCESS-CM2,2005,baseline,1159507086.907393,1159507086.9073927,1159507086.9073927,0.9999999999999998,1.0,0.9999999999999998,6,6,0,meets_screen,0.99,valid_fraction_of_represented
Rajasthan,block,Jodhpur Gramin||Peepad Sahar,ACCESS-CM2,2005,baseline,1081477137.487478,1081477137.4874778,1081477137.4874778,0.9999999999999998,1.0,0.9999999999999998,7,7,0,meets_screen,0.99,valid_fraction_of_represented
Rajasthan,block,Jodhpur Gramin||Sekhala,ACCESS-CM2,2005,baseline,956740541.7521591,956740541.7521589,956740541.7521589,0.9999999999999998,1.0,0.9999999999999998,6,6,0,meets_screen,0.99,valid_fraction_of_represented
Rajasthan,block,Jodhpur Gramin||Shergarh,ACCESS-CM2,2005,baseline,1226116105.4719312,1226116105.4719317,1226116105.4719317,1.0000000000000004,1.0,1.0000000000000004,7,7,0,meets_screen,0.99,valid_fraction_of_represented
Rajasthan,block,Jodhpur Gramin||Tinwari,ACCESS-CM2,2005,baseline,785790447.5172863,785790447.5172864,785790447.5172864,1.0000000000000002,1.0,1.0000000000000002,6,6,0,meets_screen,0.99,valid_fraction_of_represented
Rajasthan,block,Jodhpur||Keru,ACCESS-CM2,2005,baseline,656398173.2155551,656398173.2155536,656398173.2155536,0.9999999999999978,1.0,0.9999999999999978,4,4,0,meets_screen,0.99,valid_fraction_of_represented
Rajasthan,block,Jodhpur||Mandor,ACCESS-CM2,2005,baseline,897101282.305636,897101282.3056359,897101282.3056359,0.9999999999999999,1.0,0.9999999999999999,6,6,0,meets_screen,0.99,valid_fraction_of_represented
Rajasthan,block,Karauli||Hindaun,ACCESS-CM2,2005,baseline,425743311.6095832,425743311.6095833,425743311.6095833,1.0000000000000002,1.0,1.0000000000000002,4,4,0,meets_screen,0.99,valid_fraction_of_represented
Rajasthan,block,Karauli||Karauli,ACCESS-CM2,2005,baseline,680935533.7044691,680935533.7044693,680935533.7044693,1.0000000000000004,1.0,1.0000000000000004,4,4,0,meets_screen,0.99,valid_fraction_of_represented
Rajasthan,block,Karauli||Mandrayal,ACCESS-CM2,2005,baseline,575851432.7690364,575851432.7690359,575851432.7690359,0.9999999999999992,1.0,0.9999999999999992,4,4,0,meets_screen,0.99,valid_fraction_of_represented
Rajasthan,block,Karauli||Masalpur,ACCESS-CM2,2005,baseline,576682605.6451085,576682605.6451085,576682605.6451085,1.0,1.0,1.0,5,5,0,meets_screen,0.99,valid_fraction_of_represented
Rajasthan,block,Karauli||Sapotra,ACCESS-CM2,2005,baseline,1357046658.9998164,1357046658.9998183,1357046658.9998183,1.0000000000000013,1.0,1.0000000000000013,6,6,0,meets_screen,0.99,valid_fraction_of_represented
Rajasthan,block,Karauli||Sri Mahaveer Ji,ACCESS-CM2,2005,baseline,210681372.93652374,210681372.93652374,210681372.93652374,1.0,1.0,1.0,4,4,0,meets_screen,0.99,valid_fraction_of_represented
Rajasthan,block,Kekri||Bhinay,ACCESS-CM2,2005,baseline,979197845.6844912,979197845.684492,979197845.684492,1.0000000000000009,1.0,1.0000000000000009,5,5,0,meets_screen,0.99,valid_fraction_of_represented
Rajasthan,block,Kekri||Kekri,ACCESS-CM2,2005,baseline,1003625481.1423309,1003625481.1423327,1003625481.1423327,1.0000000000000018,1.0,1.0000000000000018,6,6,0,meets_screen,0.99,valid_fraction_of_represented
Rajasthan,block,Kekri||Sarwar,ACCESS-CM2,2005,baseline,884164747.4832327,884164747.4832326,884164747.4832326,0.9999999999999999,1.0,0.9999999999999999,6,6,0,meets_screen,0.99,valid_fraction_of_represented
Rajasthan,block,Kekri||Todaraisingh,ACCESS-CM2,2005,baseline,1001930705.2136898,1001930705.2136889,1001930705.2136889,0.999999999999999,1.0,0.999999999999999,5,5,0,meets_screen,0.99,valid_fraction_of_represented
Rajasthan,block,Khairthal-Tijara||Kishangarh Bas,ACCESS-CM2,2005,baseline,396884304.8653063,396884304.86530685,396884304.86530685,1.0000000000000013,1.0,1.0000000000000013,4,4,0,meets_screen,0.99,valid_fraction_of_represented
Rajasthan,block,Khairthal-Tijara||Kotkasim,ACCESS-CM2,2005,baseline,340969718.13381445,340969718.13381416,340969718.13381416,0.9999999999999991,1.0,0.9999999999999991,4,4,0,meets_screen,0.99,valid_fraction_of_represented
Rajasthan,block,Khairthal-Tijara||Mandawar,ACCESS-CM2,2005,baseline,570869235.2564067,570869235.2564065,570869235.2564065,0.9999999999999998,1.0,0.9999999999999998,6,6,0,meets_screen,0.99,valid_fraction_of_represented
Rajasthan,block,Khairthal-Tijara||Tijara,ACCESS-CM2,2005,baseline,697585230.6362572,697585230.6362562,697585230.6362562,0.9999999999999987,1.0,0.9999999999999987,4,4,0,meets_screen,0.99,valid_fraction_of_represented
Rajasthan,block,Kota||Itawa,ACCESS-CM2,2005,baseline,899628475.053964,899628475.0539647,899628475.0539647,1.0000000000000009,1.0,1.0000000000000009,6,6,0,meets_screen,0.99,valid_fraction_of_represented
Rajasthan,block,Kota||Khairabad,ACCESS-CM2,2005,baseline,764902014.5039018,764902014.5039028,764902014.5039028,1.0000000000000013,1.0,1.0000000000000013,4,4,0,meets_screen,0.99,valid_fraction_of_represented
Rajasthan,block,Kota||Ladpura,ACCESS-CM2,2005,baseline,1464240042.9902306,1464240042.990233,1464240042.990233,1.0000000000000016,1.0,1.0000000000000016,8,8,0,meets_screen,0.99,valid_fraction_of_represented
Rajasthan,block,Kota||Sangod,ACCESS-CM2,2005,baseline,1045262848.4842776,1045262848.4842787,1045262848.4842787,1.000000000000001,1.0,1.000000000000001,7,7,0,meets_screen,0.99,valid_fraction_of_represented
Rajasthan,block,Kota||Sultanpur,ACCESS-CM2,2005,baseline,915661070.2903321,915661070.2903329,915661070.2903329,1.0000000000000009,1.0,1.0000000000000009,6,6,0,meets_screen,0.99,valid_fraction_of_represented
Rajasthan,block,Kotputli-Behror||Bansur,ACCESS-CM2,2005,baseline,884988729.8336594,884988729.8336607,884988729.8336607,1.0000000000000016,1.0,1.0000000000000016,7,7,0,meets_screen,0.99,valid_fraction_of_represented
Rajasthan,block,Kotputli-Behror||Behror,ACCESS-CM2,2005,baseline,349826468.58555335,349826468.5855533,349826468.5855533,0.9999999999999998,1.0,0.9999999999999998,4,4,0,meets_screen,0.99,valid_fraction_of_represented
Rajasthan,block,Kotputli-Behror||Kotputli,ACCESS-CM2,2005,baseline,398329375.1315751,398329375.1315756,398329375.1315756,1.000000000000001,1.0,1.000000000000001,4,4,0,meets_screen,0.99,valid_fraction_of_represented
Rajasthan,block,Kotputli-Behror||Neemrana,ACCESS-CM2,2005,baseline,390806225.382415,390806225.382414,390806225.382414,0.9999999999999974,1.0,0.9999999999999974,5,5,0,meets_screen,0.99,valid_fraction_of_represented
Rajasthan,block,Kotputli-Behror||Paota,ACCESS-CM2,2005,baseline,412497719.29087996,412497719.2908802,412497719.2908802,1.0000000000000007,1.0,1.0000000000000007,4,4,0,meets_screen,0.99,valid_fraction_of_represented
Rajasthan,block,Kotputli-Behror||Viratnagar,ACCESS-CM2,2005,baseline,483432854.8109837,483432854.81098276,483432854.81098276,0.999999999999998,1.0,0.999999999999998,5,5,0,meets_screen,0.99,valid_fraction_of_represented
Rajasthan,block,Nagaur||Bherunda,ACCESS-CM2,2005,baseline,706222650.1602622,706222650.1602631,706222650.1602631,1.000000000000001,1.0,1.000000000000001,6,6,0,meets_screen,0.99,valid_fraction_of_represented
Rajasthan,block,Nagaur||Degana,ACCESS-CM2,2005,baseline,1204258733.0123932,1204258733.012392,1204258733.012392,0.999999999999999,1.0,0.999999999999999,7,7,0,meets_screen,0.99,valid_fraction_of_represented
Rajasthan,block,Nagaur||Jayal,ACCESS-CM2,2005,baseline,2075822339.4447389,2075822339.4447415,2075822339.4447415,1.0000000000000013,1.0,1.0000000000000013,9,9,0,meets_screen,0.99,valid_fraction_of_represented
Rajasthan,block,Nagaur||Khinvsar,ACCESS-CM2,2005,baseline,1653431655.1326978,1653431655.1326966,1653431655.1326966,0.9999999999999993,1.0,0.9999999999999993,8,8,0,meets_screen,0.99,valid_fraction_of_represented
Rajasthan,block,Nagaur||Merta,ACCESS-CM2,2005,baseline,1501603108.438953,1501603108.438953,1501603108.438953,1.0,1.0,1.0,7,7,0,meets_screen,0.99,valid_fraction_of_represented
Rajasthan,block,Nagaur||Mundwa,ACCESS-CM2,2005,baseline,1069177543.0702065,1069177543.0702081,1069177543.0702081,1.0000000000000016,1.0,1.0000000000000016,8,8,0,meets_screen,0.99,valid_fraction_of_represented
Rajasthan,block,Nagaur||Nagaur,ACCESS-CM2,2005,baseline,1999630961.0458136,1999630961.0458128,1999630961.0458128,0.9999999999999997,1.0,0.9999999999999997,9,9,0,meets_screen,0.99,valid_fraction_of_represented
Rajasthan,block,Nagaur||Riyan Badi,ACCESS-CM2,2005,baseline,796632466.2562507,796632466.2562516,796632466.2562516,1.000000000000001,1.0,1.000000000000001,7,7,0,meets_screen,0.99,valid_fraction_of_represented
Rajasthan,block,Neem Ka Thana||Ajeetgarh,ACCESS-CM2,2005,baseline,498386738.6089788,498386738.60897946,498386738.60897946,1.0000000000000013,1.0,1.0000000000000013,4,4,0,meets_screen,0.99,valid_fraction_of_represented
Rajasthan,block,Neem Ka Thana||Khetri,ACCESS-CM2,2005,baseline,804584943.1330565,804584943.1330549,804584943.1330549,0.9999999999999979,1.0,0.9999999999999979,5,5,0,meets_screen,0.99,valid_fraction_of_represented
Rajasthan,block,Neem Ka Thana||Neem Ka Thana,ACCESS-CM2,2005,baseline,539929679.5541513,539929679.5541512,539929679.5541512,0.9999999999999998,1.0,0.9999999999999998,4,4,0,meets_screen,0.99,valid_fraction_of_represented
Rajasthan,block,Neem Ka Thana||Patan,ACCESS-CM2,2005,baseline,384526857.41321224,384526857.4132128,384526857.4132128,1.0000000000000013,1.0,1.0000000000000013,4,4,0,meets_screen,0.99,valid_fraction_of_represented
Rajasthan,block,Neem Ka Thana||Sri Madhopur,ACCESS-CM2,2005,baseline,497260382.9036702,497260382.90367067,497260382.90367067,1.0000000000000009,1.0,1.0000000000000009,5,5,0,meets_screen,0.99,valid_fraction_of_represented
Rajasthan,block,Neem Ka Thana||Udaipurwati,ACCESS-CM2,2005,baseline,447926847.2319101,447926847.23191065,447926847.23191065,1.000000000000001,1.0,1.000000000000001,4,4,0,meets_screen,0.99,valid_fraction_of_represented
Rajasthan,block,Pali||Bali,ACCESS-CM2,2005,baseline,1414538855.0250008,1414538855.025001,1414538855.025001,1.0000000000000002,1.0,1.0000000000000002,8,8,0,meets_screen,0.99,valid_fraction_of_represented
Rajasthan,block,Pali||Desuri,ACCESS-CM2,2005,baseline,840483296.7001076,840483296.7001067,840483296.7001067,0.999999999999999,1.0,0.999999999999999,6,6,0,meets_screen,0.99,valid_fraction_of_represented
Rajasthan,block,Pali||Kharchi(Mar.Jun),ACCESS-CM2,2005,baseline,1401040798.245393,1401040798.2453895,1401040798.2453895,0.9999999999999974,1.0,0.9999999999999974,8,8,0,meets_screen,0.99,valid_fraction_of_represented
Rajasthan,block,Pali||Pali,ACCESS-CM2,2005,baseline,1361481407.081192,1361481407.081191,1361481407.081191,0.9999999999999993,1.0,0.9999999999999993,7,7,0,meets_screen,0.99,valid_fraction_of_represented
Rajasthan,block,Pali||Rani Station,ACCESS-CM2,2005,baseline,779023709.9591349,779023709.9591348,779023709.9591348,0.9999999999999999,1.0,0.9999999999999999,6,6,0,meets_screen,0.99,valid_fraction_of_represented
Rajasthan,block,Pali||Rohat,ACCESS-CM2,2005,baseline,1429071230.7176342,1429071230.7176347,1429071230.7176347,1.0000000000000004,1.0,1.0000000000000004,7,7,0,meets_screen,0.99,valid_fraction_of_represented
Rajasthan,block,Pali||Sojat,ACCESS-CM2,2005,baseline,1713353613.0181048,1713353613.0181057,1713353613.0181057,1.0000000000000007,1.0,1.0000000000000007,7,7,0,meets_screen,0.99,valid_fraction_of_represented
Rajasthan,block,Pali||Sumerpur,ACCESS-CM2,2005,baseline,970519193.8004687,970519193.8004689,970519193.8004689,1.0000000000000002,1.0,1.0000000000000002,6,6,0,meets_screen,0.99,valid_fraction_of_represented
Rajasthan,block,Phalodi||Aau,ACCESS-CM2,2005,baseline,753735366.4977776,753735366.497777,753735366.497777,0.9999999999999992,1.0,0.9999999999999992,5,5,0,meets_screen,0.99,valid_fraction_of_represented
Rajasthan,block,Phalodi||Bap,ACCESS-CM2,2005,baseline,3378862937.8470373,3378862937.847036,3378862937.847036,0.9999999999999996,1.0,0.9999999999999996,14,14,0,meets_screen,0.99,valid_fraction_of_represented
Rajasthan,block,Phalodi||Bapini,ACCESS-CM2,2005,baseline,777576681.7411388,777576681.7411388,777576681.7411388,1.0,1.0,1.0,4,4,0,meets_screen,0.99,valid_fraction_of_represented
Rajasthan,block,Phalodi||Dechu,ACCESS-CM2,2005,baseline,1146867408.9190385,1146867408.9190378,1146867408.9190378,0.9999999999999993,1.0,0.9999999999999993,5,5,0,meets_screen,0.99,valid_fraction_of_represented
Rajasthan,block,Phalodi||Ghantiyali,ACCESS-CM2,2005,baseline,1338574626.5938056,1338574626.5938044,1338574626.5938044,0.9999999999999991,1.0,0.9999999999999991,8,8,0,meets_screen,0.99,valid_fraction_of_represented
Rajasthan,block,Phalodi||Lohawat,ACCESS-CM2,2005,baseline,983006225.0607232,983006225.0607235,983006225.0607235,1.0000000000000004,1.0,1.0000000000000004,6,6,0,meets_screen,0.99,valid_fraction_of_represented
Rajasthan,block,Phalodi||Phalodi,ACCESS-CM2,2005,baseline,1024350264.9348117,1024350264.9348114,1024350264.9348114,0.9999999999999997,1.0,0.9999999999999997,5,5,0,meets_screen,0.99,valid_fraction_of_represented
Rajasthan,block,Pratapgarh||Arnod,ACCESS-CM2,2005,baseline,325145327.5924135,325145327.5924136,325145327.5924136,1.0000000000000004,1.0,1.0000000000000004,3,3,0,meets_screen,0.99,valid_fraction_of_represented
Rajasthan,block,Pratapgarh||Chhoti Sadri,ACCESS-CM2,2005,baseline,719763766.9669056,719763766.9669073,719763766.9669073,1.0000000000000022,1.0,1.0000000000000022,5,5,0,meets_screen,0.99,valid_fraction_of_represented
Rajasthan,block,Pratapgarh||Dalot,ACCESS-CM2,2005,baseline,330807666.48898923,330807666.48898864,330807666.48898864,0.9999999999999982,1.0,0.9999999999999982,3,3,0,meets_screen,0.99,valid_fraction_of_represented
Rajasthan,block,Pratapgarh||Dhamotar,ACCESS-CM2,2005,baseline,743894607.5305535,743894607.5305531,743894607.5305531,0.9999999999999996,1.0,0.9999999999999996,6,6,0,meets_screen,0.99,valid_fraction_of_represented
Rajasthan,block,Pratapgarh||Dhariawad,ACCESS-CM2,2005,baseline,895338366.0424244,895338366.0424247,895338366.0424247,1.0000000000000002,1.0,1.0000000000000002,7,7,0,meets_screen,0.99,valid_fraction_of_represented
Rajasthan,block,Pratapgarh||Peepal Khoont,ACCESS-CM2,2005,baseline,457800461.7953899,457800461.79538953,457800461.79538953,0.9999999999999992,1.0,0.9999999999999992,4,4,0,meets_screen,0.99,valid_fraction_of_represented
Rajasthan,block,Pratapgarh||Pratapgarh,ACCESS-CM2,2005,baseline,578751570.7285888,578751570.7285893,578751570.7285893,1.0000000000000009,1.0,1.0000000000000009,4,4,0,meets_screen,0.99,valid_fraction_of_represented
Rajasthan,block,Pratapgarh||Suhagpura,ACCESS-CM2,2005,baseline,387675126.4800564,387675126.48005605,387675126.48005605,0.9999999999999991,1.0,0.9999999999999991,2,2,0,meets_screen,0.99,valid_fraction_of_represented
Rajasthan,block,Rajsamand||Amet,ACCESS-CM2,2005,baseline,522250086.586005,522250086.58600676,522250086.58600676,1.0000000000000033,1.0,1.0000000000000033,4,4,0,meets_screen,0.99,valid_fraction_of_represented
Rajasthan,block,Rajsamand||Bhim,ACCESS-CM2,2005,baseline,654469269.6661398,654469269.6661386,654469269.6661386,0.9999999999999982,1.0,0.9999999999999982,6,6,0,meets_screen,0.99,valid_fraction_of_represented
Rajasthan,block,Rajsamand||Delwada,ACCESS-CM2,2005,baseline,207327982.32692182,207327982.3269216,207327982.3269216,0.999999999999999,1.0,0.999999999999999,4,4,0,meets_screen,0.99,valid_fraction_of_represented
Rajasthan,block,Rajsamand||Deogarh,ACCESS-CM2,2005,baseline,599994391.1196055,599994391.119606,599994391.119606,1.0000000000000009,1.0,1.0000000000000009,5,5,0,meets_screen,0.99,valid_fraction_of_represented
Rajasthan,block,Rajsamand||Khamnor,ACCESS-CM2,2005,baseline,574332055.006539,574332055.0065396,574332055.0065396,1.000000000000001,1.0,1.000000000000001,4,4,0,meets_screen,0.99,valid_fraction_of_represented
Rajasthan,block,Rajsamand||Kumbhalgarh,ACCESS-CM2,2005,baseline,888565037.6402413,888565037.6402407,888565037.6402407,0.9999999999999993,1.0,0.9999999999999993,6,6,0,meets_screen,0.99,valid_fraction_of_represented
Rajasthan,block,Rajsamand||Railmagra,ACCESS-CM2,2005,baseline,567356606.9564427,567356606.9564435,567356606.9564435,1.0000000000000016,1.0,1.0000000000000016,6,6,0,meets_screen,0.99,valid_fraction_of_represented
Rajasthan,block,Rajsamand||Rajsamand,ACCESS-CM2,2005,baseline,614625685.19775,614625685.1977503,614625685.1977503,1.0000000000000007,1.0,1.0000000000000007,5,5,0,meets_screen,0.99,valid_fraction_of_represented
Rajasthan,block,Salumbar||Jaisamand,ACCESS-CM2,2005,baseline,455985435.15678173,455985435.1567819,455985435.1567819,1.0000000000000004,1.0,1.0000000000000004,3,3,0,meets_screen,0.99,valid_fraction_of_represented
Rajasthan,block,Salumbar||Jhallara,ACCESS-CM2,2005,baseline,384295612.0228185,384295612.022818,384295612.022818,0.9999999999999988,1.0,0.9999999999999988,4,4,0,meets_screen,0.99,valid_fraction_of_represented
Rajasthan,block,Salumbar||Lasadiya,ACCESS-CM2,2005,baseline,512530251.76336837,512530251.76336896,512530251.76336896,1.000000000000001,1.0,1.000000000000001,4,4,0,meets_screen,0.99,valid_fraction_of_represented
Rajasthan,block,Salumbar||Salumbar,ACCESS-CM2,2005,baseline,665405897.5912688,665405897.5912706,665405897.5912706,1.0000000000000027,1.0,1.0000000000000027,7,7,0,meets_screen,0.99,valid_fraction_of_represented
Rajasthan,block,Salumbar||Sarada,ACCESS-CM2,2005,baseline,377723991.7711415,377723991.77114224,377723991.77114224,1.000000000000002,1.0,1.000000000000002,4,4,0,meets_screen,0.99,valid_fraction_of_represented
Rajasthan,block,Salumbar||Semari,ACCESS-CM2,2005,baseline,127859089.61513302,127859089.61513309,127859089.61513309,1.0000000000000007,1.0,1.0000000000000007,2,2,0,meets_screen,0.99,valid_fraction_of_represented
Rajasthan,block,Sawai Madhopur||Bonli,ACCESS-CM2,2005,baseline,628249793.8089125,628249793.8089128,628249793.8089128,1.0000000000000004,1.0,1.0000000000000004,4,4,0,meets_screen,0.99,valid_fraction_of_represented
Rajasthan,block,Sawai Madhopur||Chauth Ka Barwara,ACCESS-CM2,2005,baseline,526916917.5208292,526916917.5208283,526916917.5208283,0.9999999999999983,1.0,0.9999999999999983,5,5,0,meets_screen,0.99,valid_fraction_of_represented
Rajasthan,block,Sawai Madhopur||Khandar,ACCESS-CM2,2005,baseline,1391000130.4132385,1391000130.4132438,1391000130.4132438,1.0000000000000038,1.0,1.0000000000000038,8,8,0,meets_screen,0.99,valid_fraction_of_represented
Rajasthan,block,Sawai Madhopur||Malarna Doongar,ACCESS-CM2,2005,baseline,374338037.44727033,374338037.44727093,374338037.44727093,1.0000000000000016,1.0,1.0000000000000016,4,4,0,meets_screen,0.99,valid_fraction_of_represented
Rajasthan,block,Sawai Madhopur||Sawai Madhopur,ACCESS-CM2,2005,baseline,739493123.9029337,739493123.9029344,739493123.9029344,1.0000000000000009,1.0,1.0000000000000009,5,5,0,meets_screen,0.99,valid_fraction_of_represented
Rajasthan,block,Shahpura||Banera,ACCESS-CM2,2005,baseline,662966105.2847353,662966105.2847351,662966105.2847351,0.9999999999999997,1.0,0.9999999999999997,5,5,0,meets_screen,0.99,valid_fraction_of_represented
Rajasthan,block,Shahpura||Jahazpur,ACCESS-CM2,2005,baseline,1080541021.1565685,1080541021.156568,1080541021.156568,0.9999999999999996,1.0,0.9999999999999996,5,5,0,meets_screen,0.99,valid_fraction_of_represented
Rajasthan,block,Shahpura||Kotri,ACCESS-CM2,2005,baseline,933624047.062349,933624047.062348,933624047.062348,0.999999999999999,1.0,0.999999999999999,5,5,0,meets_screen,0.99,valid_fraction_of_represented
Rajasthan,block,Shahpura||Shahpura,ACCESS-CM2,2005,baseline,1130740106.912928,1130740106.912926,1130740106.912926,0.9999999999999981,1.0,0.9999999999999981,6,6,0,meets_screen,0.99,valid_fraction_of_represented
Rajasthan,block,Sikar||Danta Ramgarh,ACCESS-CM2,2005,baseline,898850233.866685,898850233.8666829,898850233.8666829,0.9999999999999976,1.0,0.9999999999999976,5,5,0,meets_screen,0.99,valid_fraction_of_represented
Rajasthan,block,Sikar||Dhod,ACCESS-CM2,2005,baseline,1094113400.1198695,1094113400.119869,1094113400.119869,0.9999999999999996,1.0,0.9999999999999996,6,6,0,meets_screen,0.99,valid_fraction_of_represented
Rajasthan,block,Sikar||Fatehpur,ACCESS-CM2,2005,baseline,1257446006.5107577,1257446006.510756,1257446006.510756,0.9999999999999987,1.0,0.9999999999999987,5,5,0,meets_screen,0.99,valid_fraction_of_represented
Rajasthan,block,Sikar||Khandela,ACCESS-CM2,2005,baseline,633573907.8235158,633573907.8235164,633573907.8235164,1.0000000000000009,1.0,1.0000000000000009,4,4,0,meets_screen,0.99,valid_fraction_of_represented
Rajasthan,block,Sikar||Lachhmangarh,ACCESS-CM2,2005,baseline,550354396.6517102,550354396.6517103,550354396.6517103,1.0000000000000002,1.0,1.0000000000000002,4,4,0,meets_screen,0.99,valid_fraction_of_represented
Rajasthan,block,Sikar||Nechwa,ACCESS-CM2,2005,baseline,479150709.5278671,479150709.52786714,479150709.52786714,1.0000000000000002,1.0,1.0000000000000002,6,6,0,meets_screen,0.99,valid_fraction_of_represented
Rajasthan,block,Sikar||Palsana,ACCESS-CM2,2005,baseline,491201533.67315316,491201533.6731533,491201533.6731533,1.0000000000000002,1.0,1.0000000000000002,4,4,0,meets_screen,0.99,valid_fraction_of_represented
Rajasthan,block,Sikar||Piprali,ACCESS-CM2,2005,baseline,405704767.0038475,405704767.003847,405704767.003847,0.9999999999999988,1.0,0.9999999999999988,5,5,0,meets_screen,0.99,valid_fraction_of_represented
Rajasthan,block,Sirohi||Abu Road,ACCESS-CM2,2005,baseline,879483182.4059329,879483182.4059334,879483182.4059334,1.0000000000000004,1.0,1.0000000000000004,6,6,0,meets_screen,0.99,valid_fraction_of_represented
Rajasthan,block,Sirohi||Pindwara,ACCESS-CM2,2005,baseline,1113496150.8475285,1113496150.8475268,1113496150.8475268,0.9999999999999984,1.0,0.9999999999999984,6,6,0,meets_screen,0.99,valid_fraction_of_represented
Rajasthan,block,Sirohi||Reodar,ACCESS-CM2,2005,baseline,1085961352.9105442,1085961352.910543,1085961352.910543,0.9999999999999989,1.0,0.9999999999999989,8,8,0,meets_screen,0.99,valid_fraction_of_represented
Rajasthan,block,Sirohi||Sheoganj,ACCESS-CM2,2005,baseline,884217141.1296932,884217141.1296952,884217141.1296952,1.0000000000000022,1.0,1.0000000000000022,6,6,0,meets_screen,0.99,valid_fraction_of_represented
Rajasthan,block,Sirohi||Sirohi,ACCESS-CM2,2005,baseline,1174452574.3989372,1174452574.3989406,1174452574.3989406,1.0000000000000029,1.0,1.0000000000000029,8,8,0,meets_screen,0.99,valid_fraction_of_represented
Rajasthan,block,Tonk||Deoli,ACCESS-CM2,2005,baseline,1226431579.4903657,1226431579.4903662,1226431579.4903662,1.0000000000000004,1.0,1.0000000000000004,7,7,0,meets_screen,0.99,valid_fraction_of_represented
Rajasthan,block,Tonk||Malpura,ACCESS-CM2,2005,baseline,1489898129.5059679,1489898129.505968,1489898129.505968,1.0000000000000002,1.0,1.0000000000000002,8,8,0,meets_screen,0.99,valid_fraction_of_represented
Rajasthan,block,Tonk||Newai,ACCESS-CM2,2005,baseline,979845450.8092096,979845450.8092109,979845450.8092109,1.0000000000000013,1.0,1.0000000000000013,7,7,0,meets_screen,0.99,valid_fraction_of_represented
Rajasthan,block,Tonk||Peeplu,ACCESS-CM2,2005,baseline,695939645.3289554,695939645.3289565,695939645.3289565,1.0000000000000016,1.0,1.0000000000000016,4,4,0,meets_screen,0.99,valid_fraction_of_represented
Rajasthan,block,Tonk||Tonk,ACCESS-CM2,2005,baseline,814516902.7367902,814516902.73679,814516902.73679,0.9999999999999997,1.0,0.9999999999999997,7,7,0,meets_screen,0.99,valid_fraction_of_represented
Rajasthan,block,Tonk||Uniara,ACCESS-CM2,2005,baseline,988711446.0887059,988711446.0887053,988711446.0887053,0.9999999999999994,1.0,0.9999999999999994,5,5,0,meets_screen,0.99,valid_fraction_of_represented
Rajasthan,block,Udaipur||Bargaon,ACCESS-CM2,2005,baseline,446151756.3524637,446151756.3524637,446151756.3524637,1.0,1.0,1.0,3,3,0,meets_screen,0.99,valid_fraction_of_represented
Rajasthan,block,Udaipur||Bhinder,ACCESS-CM2,2005,baseline,351817563.3271803,351817563.3271809,351817563.3271809,1.0000000000000018,1.0,1.0000000000000018,4,4,0,meets_screen,0.99,valid_fraction_of_represented
Rajasthan,block,Udaipur||Girwa,ACCESS-CM2,2005,baseline,881444869.628905,881444869.6289033,881444869.6289033,0.999999999999998,1.0,0.999999999999998,5,5,0,meets_screen,0.99,valid_fraction_of_represented
Rajasthan,block,Udaipur||Gogunda,ACCESS-CM2,2005,baseline,440766334.31581664,440766334.31581676,440766334.31581676,1.0000000000000002,1.0,1.0000000000000002,4,4,0,meets_screen,0.99,valid_fraction_of_represented
Rajasthan,block,Udaipur||Jhadol,ACCESS-CM2,2005,baseline,710885991.4619837,710885991.4619827,710885991.4619827,0.9999999999999987,1.0,0.9999999999999987,5,5,0,meets_screen,0.99,valid_fraction_of_represented
Rajasthan,block,Udaipur||Kherwara,ACCESS-CM2,2005,baseline,636594160.7114675,636594160.7114683,636594160.7114683,1.0000000000000013,1.0,1.0000000000000013,4,4,0,meets_screen,0.99,valid_fraction_of_represented
Rajasthan,block,Udaipur||Kotra,ACCESS-CM2,2005,baseline,1734678058.1437662,1734678058.1437674,1734678058.1437674,1.0000000000000007,1.0,1.0000000000000007,8,8,0,meets_screen,0.99,valid_fraction_of_represented
Rajasthan,block,Udaipur||Kurabad,ACCESS-CM2,2005,baseline,535202938.21192914,535202938.211929,535202938.211929,0.9999999999999998,1.0,0.9999999999999998,4,4,0,meets_screen,0.99,valid_fraction_of_represented
Rajasthan,block,Udaipur||Mavli,ACCESS-CM2,2005,baseline,834239948.8384588,834239948.838457,834239948.838457,0.9999999999999979,1.0,0.9999999999999979,5,5,0,meets_screen,0.99,valid_fraction_of_represented
Rajasthan,block,Udaipur||Nayagaon,ACCESS-CM2,2005,baseline,282925490.9523474,282925490.9523479,282925490.9523479,1.0000000000000018,1.0,1.0000000000000018,3,3,0,meets_screen,0.99,valid_fraction_of_represented
Rajasthan,block,Udaipur||Phalasiya,ACCESS-CM2,2005,baseline,715991438.1128632,715991438.1128622,715991438.1128622,0.9999999999999987,1.0,0.9999999999999987,5,5,0,meets_screen,0.99,valid_fraction_of_represented
Rajasthan,block,Udaipur||Rishbhdeo,ACCESS-CM2,2005,baseline,615976004.8147234,615976004.8147236,615976004.8147236,1.0000000000000004,1.0,1.0000000000000004,5,5,0,meets_screen,0.99,valid_fraction_of_represented
Rajasthan,block,Udaipur||Sayra,ACCESS-CM2,2005,baseline,575677583.7847122,575677583.7847121,575677583.7847121,0.9999999999999998,1.0,0.9999999999999998,4,4,0,meets_screen,0.99,valid_fraction_of_represented
Rajasthan,block,Udaipur||Vallabhnagar,ACCESS-CM2,2005,baseline,433268793.8131184,433268793.8131186,433268793.8131186,1.0000000000000004,1.0,1.0000000000000004,4,4,0,meets_screen,0.99,valid_fraction_of_represented
Rajasthan,district,Ajmer,ACCESS-CM2,2005,rh,4055294025.774688,4055294025.7746773,4055294025.7746773,0.9999999999999974,1.0,0.9999999999999974,15,15,0,meets_screen,0.99,valid_fraction_of_represented
Rajasthan,district,Alwar,ACCESS-CM2,2005,rh,4750760388.578078,4750760388.57811,4750760388.57811,1.0000000000000067,1.0,1.0000000000000067,17,17,0,meets_screen,0.99,valid_fraction_of_represented
Rajasthan,district,Anoopgarh,ACCESS-CM2,2005,rh,8856585377.8975,8856585377.89749,8856585377.89749,0.9999999999999989,1.0,0.9999999999999989,27,27,0,meets_screen,0.99,valid_fraction_of_represented
Rajasthan,district,Balotra,ACCESS-CM2,2005,rh,10191640201.952345,10191640201.95233,10191640201.95233,0.9999999999999986,1.0,0.9999999999999986,29,29,0,meets_screen,0.99,valid_fraction_of_represented
Rajasthan,district,Banswara,ACCESS-CM2,2005,rh,4509763628.748106,4509763628.748111,4509763628.748111,1.000000000000001,1.0,1.000000000000001,14,14,0,meets_screen,0.99,valid_fraction_of_represented
Rajasthan,district,Baran,ACCESS-CM2,2005,rh,6994294582.253114,6994294582.253133,6994294582.253133,1.0000000000000027,1.0,1.0000000000000027,21,21,0,meets_screen,0.99,valid_fraction_of_represented
Rajasthan,district,Barmer,ACCESS-CM2,2005,rh,18195653210.04962,18195653210.04954,18195653210.04954,0.9999999999999956,1.0,0.9999999999999956,45,45,0,meets_screen,0.99,valid_fraction_of_represented
Rajasthan,district,Beawar,ACCESS-CM2,2005,rh,4411183314.130061,4411183314.130083,4411183314.130083,1.0000000000000049,1.0,1.0000000000000049,14,14,0,meets_screen,0.99,valid_fraction_of_represented
Rajasthan,district,Bharatpur,ACCESS-CM2,2005,rh,2893182962.2132297,2893182962.213234,2893182962.213234,1.0000000000000016,1.0,1.0000000000000016,13,13,0,meets_screen,0.99,valid_fraction_of_represented
Rajasthan,district,Bhilwara,ACCESS-CM2,2005,rh,6297213228.413933,6297213228.413948,6297213228.413948,1.0000000000000024,1.0,1.0000000000000024,19,19,0,meets_screen,0.99,valid_fraction_of_represented
Rajasthan,district,Bikaner,ACCESS-CM2,2005,rh,26103909204.171833,26103909204.17194,26103909204.17194,1.000000000000004,1.0,1.000000000000004,63,63,0,meets_screen,0.99,valid_fraction_of_represented
Rajasthan,district,Bundi,ACCESS-CM2,2005,rh,5776717375.233916,5776717375.233915,5776717375.233915,0.9999999999999999,1.0,0.9999999999999999,17,17,0,meets_screen,0.99,valid_fraction_of_represented
Rajasthan,district,Chittorgarh,ACCESS-CM2,2005,rh,7814952433.240153,7814952433.240141,7814952433.240141,0.9999999999999984,1.0,0.9999999999999984,25,25,0,meets_screen,0.99,valid_fraction_of_represented
Rajasthan,district,Churu,ACCESS-CM2,2005,rh,13849414720.3971,13849414720.397104,13849414720.397104,1.0000000000000002,1.0,1.0000000000000002,38,38,0,meets_screen,0.99,valid_fraction_of_represented
Rajasthan,district,Dausa,ACCESS-CM2,2005,rh,3415681595.43647,3415681595.4364758,3415681595.4364758,1.0000000000000018,1.0,1.0000000000000018,14,14,0,meets_screen,0.99,valid_fraction_of_represented
Rajasthan,district,Deeg,ACCESS-CM2,2005,rh,2167208035.3465934,2167208035.3465853,2167208035.3465853,0.9999999999999962,1.0,0.9999999999999962,10,10,0,meets_screen,0.99,valid_fraction_of_represented
Rajasthan,district,Dholpur,ACCESS-CM2,2005,rh,3034415472.8047814,3034415472.80478,3034415472.80478,0.9999999999999996,1.0,0.9999999999999996,13,13,0,meets_screen,0.99,valid_fraction_of_represented
Rajasthan,district,Didwana Kuchaman,ACCESS-CM2,2005,rh,6802910782.967457,6802910782.967462,6802910782.967462,1.0000000000000007,1.0,1.0000000000000007,20,20,0,meets_screen,0.99,valid_fraction_of_represented
Rajasthan,district,Dudu,ACCESS-CM2,2005,rh,2457753204.2835674,2457753204.2835727,2457753204.2835727,1.0000000000000022,1.0,1.0000000000000022,13,13,0,meets_screen,0.99,valid_fraction_of_represented
Rajasthan,district,Dungarpur,ACCESS-CM2,2005,rh,3770283657.684557,3770283657.6845527,3770283657.6845527,0.9999999999999989,1.0,0.9999999999999989,13,13,0,meets_screen,0.99,valid_fraction_of_represented
Rajasthan,district,Ganganagar,ACCESS-CM2,2005,rh,6221729364.136855,6221729364.136857,6221729364.136857,1.0000000000000002,1.0,1.0000000000000002,21,21,0,meets_screen,0.99,valid_fraction_of_represented
Rajasthan,district,Gangapurcity,ACCESS-CM2,2005,rh,2555745726.283539,2555745726.28354,2555745726.28354,1.0000000000000004,1.0,1.0000000000000004,9,9,0,meets_screen,0.99,valid_fraction_of_represented
Rajasthan,district,Hanumangarh,ACCESS-CM2,2005,rh,9709798444.342548,9709798444.342535,9709798444.342535,0.9999999999999987,1.0,0.9999999999999987,28,28,0,meets_screen,0.99,valid_fraction_of_represented
Rajasthan,district,Jaipur,ACCESS-CM2,2005,rh,2124727737.5947616,2124727737.594762,2124727737.594762,1.0000000000000002,1.0,1.0000000000000002,10,10,0,meets_screen,0.99,valid_fraction_of_represented
Rajasthan,district,Jaipur Gramin,ACCESS-CM2,2005,rh,5261342089.786135,5261342089.786127,5261342089.786127,0.9999999999999986,1.0,0.9999999999999986,25,25,0,meets_screen,0.99,valid_fraction_of_represented
Rajasthan,district,Jaisalmer,ACCESS-CM2,2005,rh,38449586760.37038,38449586760.37052,38449586760.37052,1.0000000000000038,1.0,1.0000000000000038,80,80,0,meets_screen,0.99,valid_fraction_of_represented
Rajasthan,district,Jalore,ACCESS-CM2,2005,rh,10643311401.198713,10643311401.198658,10643311401.198658,0.9999999999999948,1.0,0.9999999999999948,31,31,0,meets_screen,0.99,valid_fraction_of_represented
Rajasthan,district,Jhalawar,ACCESS-CM2,2005,rh,6343068845.7373085,6343068845.737314,6343068845.737314,1.0000000000000009,1.0,1.0000000000000009,22,22,0,meets_screen,0.99,valid_fraction_of_represented
Rajasthan,district,Jhunjhunu,ACCESS-CM2,2005,rh,4671656038.19095,4671656038.190949,4671656038.190949,0.9999999999999998,1.0,0.9999999999999998,15,15,0,meets_screen,0.99,valid_fraction_of_represented
Rajasthan,district,Jodhpur,ACCESS-CM2,2005,rh,1553499455.5211885,1553499455.5211895,1553499455.5211895,1.0000000000000007,1.0,1.0000000000000007,7,7,0,meets_screen,0.99,valid_fraction_of_represented
Rajasthan,district,Jodhpur Gramin,ACCESS-CM2,2005,rh,11723285280.676842,11723285280.676777,11723285280.676777,0.9999999999999944,1.0,0.9999999999999944,33,33,0,meets_screen,0.99,valid_fraction_of_represented
Rajasthan,district,Karauli,ACCESS-CM2,2005,rh,3826940915.6645317,3826940915.6645384,3826940915.6645384,1.0000000000000018,1.0,1.0000000000000018,13,13,0,meets_screen,0.99,valid_fraction_of_represented
Rajasthan,district,Kekri,ACCESS-CM2,2005,rh,3868918779.523736,3868918779.523746,3868918779.523746,1.0000000000000027,1.0,1.0000000000000027,14,14,0,meets_screen,0.99,valid_fraction_of_represented
Rajasthan,district,Khairthal-Tijara,ACCESS-CM2,2005,rh,2006308488.8917792,2006308488.8917835,2006308488.8917835,1.0000000000000022,1.0,1.0000000000000022,9,9,0,meets_screen,0.99,valid_fraction_of_represented
Rajasthan,district,Kota,ACCESS-CM2,2005,rh,5089694451.322704,5089694451.322713,5089694451.322713,1.0000000000000018,1.0,1.0000000000000018,20,20,0,meets_screen,0.99,valid_fraction_of_represented
Rajasthan,district,Kotputli-Behror,ACCESS-CM2,2005,rh,2919881373.0350614,2919881373.035069,2919881373.035069,1.0000000000000027,1.0,1.0000000000000027,13,13,0,meets_screen,0.99,valid_fraction_of_represented
Rajasthan,district,Nagaur,ACCESS-CM2,2005,rh,11006779456.561367,11006779456.561316,11006779456.561316,0.9999999999999953,1.0,0.9999999999999953,30,30,0,meets_screen,0.99,valid_fraction_of_represented
Rajasthan,district,Neem Ka Thana,ACCESS-CM2,2005,rh,3172615448.84498,3172615448.8449793,3172615448.8449793,0.9999999999999999,1.0,0.9999999999999999,14,14,0,meets_screen,0.99,valid_fraction_of_represented
Rajasthan,district,Pali,ACCESS-CM2,2005,rh,9909512104.54707,9909512104.547033,9909512104.547033,0.9999999999999963,1.0,0.9999999999999963,28,28,0,meets_screen,0.99,valid_fraction_of_represented
Rajasthan,district,Phalodi,ACCESS-CM2,2005,rh,9402973511.594337,9402973511.594328,9402973511.594328,0.999999999999999,1.0,0.999999999999999,24,24,0,meets_screen,0.99,valid_fraction_of_represented
Rajasthan,district,Pratapgarh,ACCESS-CM2,2005,rh,4439176893.625333,4439176893.625322,4439176893.625322,0.9999999999999977,1.0,0.9999999999999977,14,14,0,meets_screen,0.99,valid_fraction_of_represented
Rajasthan,district,Rajsamand,ACCESS-CM2,2005,rh,4628921114.499642,4628921114.499646,4628921114.499646,1.0000000000000009,1.0,1.0000000000000009,19,19,0,meets_screen,0.99,valid_fraction_of_represented
Rajasthan,district,Salumbar,ACCESS-CM2,2005,rh,2523800277.920519,2523800277.920513,2523800277.920513,0.9999999999999978,1.0,0.9999999999999978,11,11,0,meets_screen,0.99,valid_fraction_of_represented
Rajasthan,district,Sawai Madhopur,ACCESS-CM2,2005,rh,3659998003.0931926,3659998003.0931892,3659998003.0931892,0.9999999999999991,1.0,0.9999999999999991,13,13,0,meets_screen,0.99,valid_fraction_of_represented
Rajasthan,district,Shahpura,ACCESS-CM2,2005,rh,3807871280.4165807,3807871280.416578,3807871280.416578,0.9999999999999992,1.0,0.9999999999999992,13,13,0,meets_screen,0.99,valid_fraction_of_represented
Rajasthan,district,Sikar,ACCESS-CM2,2005,rh,5810394955.177412,5810394955.177401,5810394955.177401,0.999999999999998,1.0,0.999999999999998,18,18,0,meets_screen,0.99,valid_fraction_of_represented
Rajasthan,district,Sirohi,ACCESS-CM2,2005,rh,5137610401.692628,5137610401.692639,5137610401.692639,1.0000000000000022,1.0,1.0000000000000022,17,17,0,meets_screen,0.99,valid_fraction_of_represented
Rajasthan,district,Tonk,ACCESS-CM2,2005,rh,6195343153.960031,6195343153.959998,6195343153.959998,0.9999999999999948,1.0,0.9999999999999948,22,22,0,meets_screen,0.99,valid_fraction_of_represented
Rajasthan,district,Udaipur,ACCESS-CM2,2005,rh,9195620932.469694,9195620932.469734,9195620932.469734,1.0000000000000044,1.0,1.0000000000000044,26,26,0,meets_screen,0.99,valid_fraction_of_represented
Rajasthan,block,Ajmer||Ajmer Rural,ACCESS-CM2,2005,rh,774178452.4873723,774178452.4873722,774178452.4873722,0.9999999999999999,1.0,0.9999999999999999,7,7,0,meets_screen,0.99,valid_fraction_of_represented
Rajasthan,block,Ajmer||Arain,ACCESS-CM2,2005,rh,557021075.3912596,557021075.3912592,557021075.3912592,0.9999999999999993,1.0,0.9999999999999993,5,5,0,meets_screen,0.99,valid_fraction_of_represented
Rajasthan,block,Ajmer||Kishangarh Silora,ACCESS-CM2,2005,rh,635988327.7305142,635988327.7305158,635988327.7305158,1.0000000000000027,1.0,1.0000000000000027,6,6,0,meets_screen,0.99,valid_fraction_of_represented
Rajasthan,block,Ajmer||Pisangan,ACCESS-CM2,2005,rh,980113760.9284798,980113760.9284794,980113760.9284794,0.9999999999999997,1.0,0.9999999999999997,7,7,0,meets_screen,0.99,valid_fraction_of_represented
Rajasthan,block,Ajmer||Sawar,ACCESS-CM2,2005,rh,533439507.62715745,533439507.6271612,533439507.6271612,1.000000000000007,1.0,1.000000000000007,4,4,0,meets_screen,0.99,valid_fraction_of_represented
Rajasthan,block,Ajmer||Srinagar,ACCESS-CM2,2005,rh,574552901.6098905,574552901.6098908,574552901.6098908,1.0000000000000007,1.0,1.0000000000000007,5,5,0,meets_screen,0.99,valid_fraction_of_represented
Rajasthan,block,Alwar||Govindgarh,ACCESS-CM2,2005,rh,111760767.19678779,111760767.19678786,111760767.19678786,1.0000000000000007,1.0,1.0000000000000007,4,4,0,meets_screen,0.99,valid_fraction_of_represented
Rajasthan,block,Alwar||Kathumar,ACCESS-CM2,2005,rh,571424810.8858336,571424810.8858334,571424810.8858334,0.9999999999999996,1.0,0.9999999999999996,4,4,0,meets_screen,0.99,valid_fraction_of_represented
Rajasthan,block,Alwar||Laxmangarh,ACCESS-CM2,2005,rh,463646576.3476843,463646576.347684,463646576.347684,0.9999999999999993,1.0,0.9999999999999993,4,4,0,meets_screen,0.99,valid_fraction_of_represented
Rajasthan,block,Alwar||Malkheda,ACCESS-CM2,2005,rh,469564821.55548644,469564821.55548775,469564821.55548775,1.0000000000000029,1.0,1.0000000000000029,4,4,0,meets_screen,0.99,valid_fraction_of_represented
Rajasthan,block,Alwar||Rajgarh,ACCESS-CM2,2005,rh,798116712.9408319,798116712.9408326,798116712.9408326,1.0000000000000009,1.0,1.0000000000000009,4,4,0,meets_screen,0.99,valid_fraction_of_represented
Rajasthan,block,Alwar||Ramgarh,ACCESS-CM2,2005,rh,545046175.9139131,545046175.9139135,545046175.9139135,1.0000000000000007,1.0,1.0000000000000007,5,5,0,meets_screen,0.99,valid_fraction_of_represented
Rajasthan,block,Alwar||Reni,ACCESS-CM2,2005,rh,417591438.8679423,417591438.86794204,417591438.86794204,0.9999999999999994,1.0,0.9999999999999994,4,4,0,meets_screen,0.99,valid_fraction_of_represented
Rajasthan,block,Alwar||Thanagazi,ACCESS-CM2,2005,rh,640267169.3811791,640267169.3811799,640267169.3811799,1.0000000000000013,1.0,1.0000000000000013,6,6,0,meets_screen,0.99,valid_fraction_of_represented
Rajasthan,block,Alwar||Umren,ACCESS-CM2,2005,rh,733341915.4884502,733341915.4884504,733341915.4884504,1.0000000000000002,1.0,1.0000000000000002,6,6,0,meets_screen,0.99,valid_fraction_of_represented
Rajasthan,block,Anoopgarh||Anupgarh,ACCESS-CM2,2005,rh,1198699775.516665,1198699775.516665,1198699775.516665,1.0,1.0,1.0,7,7,0,meets_screen,0.99,valid_fraction_of_represented
Rajasthan,block,Anoopgarh||Gharsana,ACCESS-CM2,2005,rh,1386401616.8105469,1386401616.8105474,1386401616.8105474,1.0000000000000004,1.0,1.0000000000000004,7,7,0,meets_screen,0.99,valid_fraction_of_represented
Rajasthan,block,Anoopgarh||Khajuwala,ACCESS-CM2,2005,rh,4147358924.85569,4147358924.8556876,4147358924.8556876,0.9999999999999994,1.0,0.9999999999999994,19,19,0,meets_screen,0.99,valid_fraction_of_represented
Rajasthan,block,Anoopgarh||Raisinghnagar,ACCESS-CM2,2005,rh,1318724640.9588883,1318724640.9588888,1318724640.9588888,1.0000000000000004,1.0,1.0000000000000004,6,6,0,meets_screen,0.99,valid_fraction_of_represented
Rajasthan,block,Anoopgarh||Vijainagar,ACCESS-CM2,2005,rh,805400419.7557,805400419.7556998,805400419.7556998,0.9999999999999997,1.0,0.9999999999999997,5,5,0,meets_screen,0.99,valid_fraction_of_represented
Rajasthan,block,Balotra||Baltora,ACCESS-CM2,2005,rh,1489861780.0371726,1489861780.0371723,1489861780.0371723,0.9999999999999999,1.0,0.9999999999999999,7,7,0,meets_screen,0.99,valid_fraction_of_represented
Rajasthan,block,Balotra||Baytoo,ACCESS-CM2,2005,rh,1170171880.4571133,1170171880.457113,1170171880.457113,0.9999999999999998,1.0,0.9999999999999998,6,6,0,meets_screen,0.99,valid_fraction_of_represented
Rajasthan,block,Balotra||Gira,ACCESS-CM2,2005,rh,1586754758.2101476,1586754758.2101502,1586754758.2101502,1.0000000000000016,1.0,1.0000000000000016,8,8,0,meets_screen,0.99,valid_fraction_of_represented
Rajasthan,block,Balotra||Kalyanpur,ACCESS-CM2,2005,rh,1162571122.6757267,1162571122.6757252,1162571122.6757252,0.9999999999999988,1.0,0.9999999999999988,6,6,0,meets_screen,0.99,valid_fraction_of_represented
Rajasthan,block,Balotra||Panyla Kla,ACCESS-CM2,2005,rh,475334870.5301343,475334870.5301346,475334870.5301346,1.0000000000000007,1.0,1.0000000000000007,4,4,0,meets_screen,0.99,valid_fraction_of_represented
Rajasthan,block,Balotra||Patodi,ACCESS-CM2,2005,rh,830074643.482204,830074643.4822034,830074643.4822034,0.9999999999999993,1.0,0.9999999999999993,6,6,0,meets_screen,0.99,valid_fraction_of_represented
Rajasthan,block,Balotra||Samdari,ACCESS-CM2,2005,rh,868002540.1581249,868002540.1581239,868002540.1581239,0.9999999999999988,1.0,0.9999999999999988,6,6,0,meets_screen,0.99,valid_fraction_of_represented
Rajasthan,block,Balotra||Sindhari,ACCESS-CM2,2005,rh,1417328156.6199718,1417328156.6199727,1417328156.6199727,1.0000000000000007,1.0,1.0000000000000007,9,9,0,meets_screen,0.99,valid_fraction_of_represented
Rajasthan,block,Balotra||Siwana,ACCESS-CM2,2005,rh,1191540449.781735,1191540449.7817354,1191540449.7817354,1.0000000000000004,1.0,1.0000000000000004,7,7,0,meets_screen,0.99,valid_fraction_of_represented
Rajasthan,block,Banswara||Anandpuri,ACCESS-CM2,2005,rh,332052945.3402495,332052945.340249,332052945.340249,0.9999999999999986,1.0,0.9999999999999986,2,2,0,meets_screen,0.99,valid_fraction_of_represented
Rajasthan,block,Banswara||Arthuna,ACCESS-CM2,2005,rh,245660513.61833125,245660513.61833134,245660513.61833134,1.0000000000000004,1.0,1.0000000000000004,5,5,0,meets_screen,0.99,valid_fraction_of_represented
Rajasthan,block,Banswara||Bagidora,ACCESS-CM2,2005,rh,303389427.5928248,303389427.5928245,303389427.5928245,0.999999999999999,1.0,0.999999999999999,3,3,0,meets_screen,0.99,valid_fraction_of_represented
Rajasthan,block,Banswara||Banswara,ACCESS-CM2,2005,rh,528701462.3024775,528701462.30247617,528701462.30247617,0.9999999999999976,1.0,0.9999999999999976,4,4,0,meets_screen,0.99,valid_fraction_of_represented
Rajasthan,block,Banswara||Chhoti Sarwan,ACCESS-CM2,2005,rh,347139781.44283587,347139781.4428353,347139781.4428353,0.9999999999999983,1.0,0.9999999999999983,3,3,0,meets_screen,0.99,valid_fraction_of_represented
Rajasthan,block,Banswara||Gangar Talai,ACCESS-CM2,2005,rh,217965510.99221048,217965510.99221054,217965510.99221054,1.0000000000000002,1.0,1.0000000000000002,2,2,0,meets_screen,0.99,valid_fraction_of_represented
Rajasthan,block,Banswara||Garhi,ACCESS-CM2,2005,rh,462837379.88367057,462837379.8836703,462837379.8836703,0.9999999999999993,1.0,0.9999999999999993,3,3,0,meets_screen,0.99,valid_fraction_of_represented
Rajasthan,block,Banswara||Ghatol,ACCESS-CM2,2005,rh,766717605.7303256,766717605.7303244,766717605.7303244,0.9999999999999984,1.0,0.9999999999999984,6,6,0,meets_screen,0.99,valid_fraction_of_represented
Rajasthan,block,Banswara||Kushalgarh,ACCESS-CM2,2005,rh,644146539.774568,644146539.7745677,644146539.7745677,0.9999999999999997,1.0,0.9999999999999997,4,4,0,meets_screen,0.99,valid_fraction_of_represented
Rajasthan,block,Banswara||Sajjangarh,ACCESS-CM2,2005,rh,393932124.77661395,393932124.77661383,393932124.77661383,0.9999999999999997,1.0,0.9999999999999997,4,4,0,meets_screen,0.99,valid_fraction_of_represented
Rajasthan,block,Banswara||Talwara,ACCESS-CM2,2005,rh,267220337.29400674,267220337.2940066,267220337.2940066,0.9999999999999994,1.0,0.9999999999999994,3,3,0,meets_screen,0.99,valid_fraction_of_represented
Rajasthan,block,Baran||Anta,ACCESS-CM2,2005,rh,547458738.7939315,547458738.7939318,547458738.7939318,1.0000000000000007,1.0,1.0000000000000007,4,4,0,meets_screen,0.99,valid_fraction_of_represented
Rajasthan,block,Baran||Atru,ACCESS-CM2,2005,rh,833261189.4159267,833261189.4159284,833261189.4159284,1.000000000000002,1.0,1.000000000000002,7,7,0,meets_screen,0.99,valid_fraction_of_represented
Rajasthan,block,Baran||Baran (Full),ACCESS-CM2,2005,rh,624388290.3447804,624388290.3447803,624388290.3447803,0.9999999999999998,1.0,0.9999999999999998,6,6,0,meets_screen,0.99,valid_fraction_of_represented
Rajasthan,block,Baran||Chhabra,ACCESS-CM2,2005,rh,800269927.5534122,800269927.5534151,800269927.5534151,1.0000000000000036,1.0,1.0000000000000036,6,6,0,meets_screen,0.99,valid_fraction_of_represented
Rajasthan,block,Baran||Chhipabarod,ACCESS-CM2,2005,rh,850160871.5401124,850160871.5401137,850160871.5401137,1.0000000000000016,1.0,1.0000000000000016,4,4,0,meets_screen,0.99,valid_fraction_of_represented
Rajasthan,block,Baran||Kishanganj,ACCESS-CM2,2005,rh,1426577529.7513683,1426577529.7513702,1426577529.7513702,1.0000000000000013,1.0,1.0000000000000013,6,6,0,meets_screen,0.99,valid_fraction_of_represented
Rajasthan,block,Baran||Mangrol,ACCESS-CM2,2005,rh,441180338.1789,441180338.1788998,441180338.1788998,0.9999999999999996,1.0,0.9999999999999996,4,4,0,meets_screen,0.99,valid_fraction_of_represented
Rajasthan,block,Baran||Shahbad,ACCESS-CM2,2005,rh,1470997696.674693,1470997696.6746905,1470997696.6746905,0.9999999999999982,1.0,0.9999999999999982,6,6,0,meets_screen,0.99,valid_fraction_of_represented
Rajasthan,block,Barmer||Aadel,ACCESS-CM2,2005,rh,446165945.8609541,446165945.8609542,446165945.8609542,1.0000000000000002,1.0,1.0000000000000002,3,3,0,meets_screen,0.99,valid_fraction_of_represented
Rajasthan,block,Barmer||Barmer,ACCESS-CM2,2005,rh,1973553299.6006653,1973553299.6006675,1973553299.6006675,1.000000000000001,1.0,1.000000000000001,10,10,0,meets_screen,0.99,valid_fraction_of_represented
Rajasthan,block,Barmer||Barmer Rural,ACCESS-CM2,2005,rh,1345518591.9586096,1345518591.958608,1345518591.958608,0.9999999999999988,1.0,0.9999999999999988,9,9,0,meets_screen,0.99,valid_fraction_of_represented
Rajasthan,block,Barmer||Chohtan,ACCESS-CM2,2005,rh,1116958317.2145143,1116958317.214515,1116958317.214515,1.0000000000000007,1.0,1.0000000000000007,7,7,0,meets_screen,0.99,valid_fraction_of_represented
Rajasthan,block,Barmer||Dhanau,ACCESS-CM2,2005,rh,1315251564.6327848,1315251564.632786,1315251564.632786,1.0000000000000009,1.0,1.0000000000000009,6,6,0,meets_screen,0.99,valid_fraction_of_represented
Rajasthan,block,Barmer||Dhorimanna,ACCESS-CM2,2005,rh,1315865348.9317687,1315865348.931768,1315865348.931768,0.9999999999999994,1.0,0.9999999999999994,7,7,0,meets_screen,0.99,valid_fraction_of_represented
Rajasthan,block,Barmer||Fagliya,ACCESS-CM2,2005,rh,851242935.9419439,851242935.9419439,851242935.9419439,1.0,1.0,1.0,7,7,0,meets_screen,0.99,valid_fraction_of_represented
Rajasthan,block,Barmer||Gadra Road,ACCESS-CM2,2005,rh,3885229819.8967395,3885229819.896744,3885229819.896744,1.000000000000001,1.0,1.000000000000001,11,11,0,meets_screen,0.99,valid_fraction_of_represented
Rajasthan,block,Barmer||Gudhamalani,ACCESS-CM2,2005,rh,855134718.8628451,855134718.8628451,855134718.8628451,1.0,1.0,1.0,5,5,0,meets_screen,0.99,valid_fraction_of_represented
Rajasthan,block,Barmer||Ramsar,ACCESS-CM2,2005,rh,1627038176.484903,1627038176.4849033,1627038176.4849033,1.0000000000000002,1.0,1.0000000000000002,7,7,0,meets_screen,0.99,valid_fraction_of_represented
Rajasthan,block,Barmer||Sedwa,ACCESS-CM2,2005,rh,741231406.4764197,741231406.4764202,741231406.4764202,1.0000000000000007,1.0,1.0000000000000007,4,4,0,meets_screen,0.99,valid_fraction_of_represented
Rajasthan,block,Barmer||Sheo,ACCESS-CM2,2005,rh,2722463084.1873865,2722463084.187394,2722463084.187394,1.0000000000000029,1.0,1.0000000000000029,14,14,0,meets_screen,0.99,valid_fraction_of_represented
Rajasthan,block,Beawar||Badnor,ACCESS-CM2,2005,rh,382258974.5935427,382258974.5935432,382258974.5935432,1.0000000000000013,1.0,1.0000000000000013,4,4,0,meets_screen,0.99,valid_fraction_of_represented
Rajasthan,block,Beawar||Jaitaran,ACCESS-CM2,2005,rh,1378055930.19387,1378055930.1938696,1378055930.1938696,0.9999999999999997,1.0,0.9999999999999997,5,5,0,meets_screen,0.99,valid_fraction_of_represented
Rajasthan,block,Beawar||Jawaja,ACCESS-CM2,2005,rh,689055309.7983739,689055309.7983738,689055309.7983738,0.9999999999999998,1.0,0.9999999999999998,7,7,0,meets_screen,0.99,valid_fraction_of_represented
Rajasthan,block,Beawar||Masooda,ACCESS-CM2,2005,rh,863028866.6773298,863028866.6773293,863028866.6773293,0.9999999999999994,1.0,0.9999999999999994,4,4,0,meets_screen,0.99,valid_fraction_of_represented
Rajasthan,block,Beawar||Raipur,ACCESS-CM2,2005,rh,1098784232.8669677,1098784232.8669667,1098784232.8669667,0.9999999999999991,1.0,0.9999999999999991,7,7,0,meets_screen,0.99,valid_fraction_of_represented
Rajasthan,block,Bharatpur||Bayana,ACCESS-CM2,2005,rh,778413300.9957489,778413300.995752,778413300.995752,1.000000000000004,1.0,1.000000000000004,5,5,0,meets_screen,0.99,valid_fraction_of_represented
Rajasthan,block,Bharatpur||Bhusawar,ACCESS-CM2,2005,rh,278871837.2492298,278871837.2492295,278871837.2492295,0.9999999999999989,1.0,0.9999999999999989,3,3,0,meets_screen,0.99,valid_fraction_of_represented
Rajasthan,block,Bharatpur||Nadbai,ACCESS-CM2,2005,rh,447783897.28663164,447783897.2866317,447783897.2866317,1.0000000000000002,1.0,1.0000000000000002,4,4,0,meets_screen,0.99,valid_fraction_of_represented
Rajasthan,block,Bharatpur||Rupbas,ACCESS-CM2,2005,rh,394865058.0856236,394865058.0856235,394865058.0856235,0.9999999999999997,1.0,0.9999999999999997,6,6,0,meets_screen,0.99,valid_fraction_of_represented
Rajasthan,block,Bharatpur||Sewar,ACCESS-CM2,2005,rh,501512372.6204903,501512372.62049043,501512372.62049043,1.0000000000000002,1.0,1.0000000000000002,4,4,0,meets_screen,0.99,valid_fraction_of_represented
Rajasthan,block,Bharatpur||Uchain,ACCESS-CM2,2005,rh,165552533.47707263,165552533.4770728,165552533.4770728,1.000000000000001,1.0,1.000000000000001,2,2,0,meets_screen,0.99,valid_fraction_of_represented
Rajasthan,block,Bharatpur||Weir,ACCESS-CM2,2005,rh,326183962.4984353,326183962.49843514,326183962.49843514,0.9999999999999994,1.0,0.9999999999999994,4,4,0,meets_screen,0.99,valid_fraction_of_represented
Rajasthan,block,Bhilwara||Asind,ACCESS-CM2,2005,rh,725940041.9316651,725940041.9316642,725940041.9316642,0.9999999999999989,1.0,0.9999999999999989,4,4,0,meets_screen,0.99,valid_fraction_of_represented
Rajasthan,block,Bhilwara||Bijoliya,ACCESS-CM2,2005,rh,724698477.5896872,724698477.5896866,724698477.5896866,0.9999999999999992,1.0,0.9999999999999992,4,4,0,meets_screen,0.99,valid_fraction_of_represented
Rajasthan,block,Bhilwara||Hurda,ACCESS-CM2,2005,rh,650429162.1217002,650429162.1217024,650429162.1217024,1.0000000000000036,1.0,1.0000000000000036,6,6,0,meets_screen,0.99,valid_fraction_of_represented
Rajasthan,block,Bhilwara||Kareda,ACCESS-CM2,2005,rh,556797149.0601883,556797149.0601896,556797149.0601896,1.0000000000000024,1.0,1.0000000000000024,4,4,0,meets_screen,0.99,valid_fraction_of_represented
Rajasthan,block,Bhilwara||Mandal,ACCESS-CM2,2005,rh,662599825.1348236,662599825.134824,662599825.134824,1.0000000000000007,1.0,1.0000000000000007,4,4,0,meets_screen,0.99,valid_fraction_of_represented
Rajasthan,block,Bhilwara||Mandalgarh,ACCESS-CM2,2005,rh,837772817.3714671,837772817.3714662,837772817.3714662,0.9999999999999989,1.0,0.9999999999999989,6,6,0,meets_screen,0.99,valid_fraction_of_represented
Rajasthan,block,Bhilwara||Raipur,ACCESS-CM2,2005,rh,509251353.5377943,509251353.5377957,509251353.5377957,1.0000000000000029,1.0,1.0000000000000029,3,3,0,meets_screen,0.99,valid_fraction_of_represented
Rajasthan,block,Bhilwara||Sahara,ACCESS-CM2,2005,rh,657670532.8184142,657670532.8184154,657670532.8184154,1.0000000000000018,1.0,1.0000000000000018,4,4,0,meets_screen,0.99,valid_fraction_of_represented
Rajasthan,block,Bhilwara||Suwana,ACCESS-CM2,2005,rh,972053868.8482054,972053868.8482057,972053868.8482057,1.0000000000000002,1.0,1.0000000000000002,7,7,0,meets_screen,0.99,valid_fraction_of_represented
Rajasthan,block,Bikaner||Bikaner,ACCESS-CM2,2005,rh,3767985425.335856,3767985425.335848,3767985425.335848,0.9999999999999979,1.0,0.9999999999999979,12,12,0,meets_screen,0.99,valid_fraction_of_represented
Rajasthan,block,Bikaner||Kolayat,ACCESS-CM2,2005,rh,8288344321.8288765,8288344321.828869,8288344321.828869,0.9999999999999991,1.0,0.9999999999999991,25,25,0,meets_screen,0.99,valid_fraction_of_represented
Rajasthan,block,Bikaner||Lunkaransar,ACCESS-CM2,2005,rh,5097404342.038687,5097404342.038689,5097404342.038689,1.0000000000000004,1.0,1.0000000000000004,15,15,0,meets_screen,0.99,valid_fraction_of_represented
Rajasthan,block,Bikaner||Nokha,ACCESS-CM2,2005,rh,2180179306.655255,2180179306.6552515,2180179306.6552515,0.9999999999999984,1.0,0.9999999999999984,11,11,0,meets_screen,0.99,valid_fraction_of_represented
Rajasthan,block,Bikaner||Panchoo,ACCESS-CM2,2005,rh,1619317519.434111,1619317519.4341102,1619317519.4341102,0.9999999999999994,1.0,0.9999999999999994,8,8,0,meets_screen,0.99,valid_fraction_of_represented
Rajasthan,block,Bikaner||Poogal,ACCESS-CM2,2005,rh,2157231676.618516,2157231676.618514,2157231676.618514,0.9999999999999991,1.0,0.9999999999999991,9,9,0,meets_screen,0.99,valid_fraction_of_represented
Rajasthan,block,Bikaner||Sri Dungargarh,ACCESS-CM2,2005,rh,2993446612.2606487,2993446612.2606597,2993446612.2606597,1.0000000000000038,1.0,1.0000000000000038,14,14,0,meets_screen,0.99,valid_fraction_of_represented
Rajasthan,block,Bundi||Bundi,ACCESS-CM2,2005,rh,977486693.635832,977486693.635833,977486693.635833,1.000000000000001,1.0,1.000000000000001,6,6,0,meets_screen,0.99,valid_fraction_of_represented
Rajasthan,block,Bundi||Hindoli,ACCESS-CM2,2005,rh,1342114593.7894382,1342114593.7894368,1342114593.7894368,0.9999999999999989,1.0,0.9999999999999989,7,7,0,meets_screen,0.99,valid_fraction_of_represented
Rajasthan,block,Bundi||Keshoraipatan,ACCESS-CM2,2005,rh,1341531988.1319053,1341531988.1319056,1341531988.1319056,1.0000000000000002,1.0,1.0000000000000002,8,8,0,meets_screen,0.99,valid_fraction_of_represented
Rajasthan,block,Bundi||Nainwa,ACCESS-CM2,2005,rh,1185323452.515366,1185323452.5153675,1185323452.5153675,1.000000000000001,1.0,1.000000000000001,6,6,0,meets_screen,0.99,valid_fraction_of_represented
Rajasthan,block,Bundi||Talera,ACCESS-CM2,2005,rh,930260647.1613724,930260647.1613737,930260647.1613737,1.0000000000000013,1.0,1.0000000000000013,6,6,0,meets_screen,0.99,valid_fraction_of_represented
Rajasthan,block,Chittorgarh||Bari Sadri,ACCESS-CM2,2005,rh,509151470.6236266,509151470.6236266,509151470.6236266,1.0,1.0,1.0,5,5,0,meets_screen,0.99,valid_fraction_of_represented
Rajasthan,block,Chittorgarh||Begun,ACCESS-CM2,2005,rh,919327351.3661497,919327351.3661512,919327351.3661512,1.0000000000000018,1.0,1.0000000000000018,4,4,0,meets_screen,0.99,valid_fraction_of_represented
Rajasthan,block,Chittorgarh||Bhadesar,ACCESS-CM2,2005,rh,534814750.2297169,534814750.2297175,534814750.2297175,1.000000000000001,1.0,1.000000000000001,4,4,0,meets_screen,0.99,valid_fraction_of_represented
Rajasthan,block,Chittorgarh||Bhainsrorgarh,ACCESS-CM2,2005,rh,1616850661.961895,1616850661.961893,1616850661.961893,0.9999999999999988,1.0,0.9999999999999988,9,9,0,meets_screen,0.99,valid_fraction_of_represented
Rajasthan,block,Chittorgarh||Bhopalsagar,ACCESS-CM2,2005,rh,392149527.7218704,392149527.72187054,392149527.72187054,1.0000000000000002,1.0,1.0000000000000002,4,4,0,meets_screen,0.99,valid_fraction_of_represented
Rajasthan,block,Chittorgarh||Chittorgarh,ACCESS-CM2,2005,rh,986935585.744448,986935585.7444482,986935585.7444482,1.0000000000000002,1.0,1.0000000000000002,7,7,0,meets_screen,0.99,valid_fraction_of_represented
Rajasthan,block,Chittorgarh||Dungla,ACCESS-CM2,2005,rh,496236860.9052289,496236860.90522885,496236860.90522885,0.9999999999999999,1.0,0.9999999999999999,4,4,0,meets_screen,0.99,valid_fraction_of_represented
Rajasthan,block,Chittorgarh||Gangrar,ACCESS-CM2,2005,rh,556451994.0692654,556451994.0692643,556451994.0692643,0.9999999999999981,1.0,0.9999999999999981,5,5,0,meets_screen,0.99,valid_fraction_of_represented
Rajasthan,block,Chittorgarh||Kapasan,ACCESS-CM2,2005,rh,515022428.11958325,515022428.1195824,515022428.1195824,0.9999999999999983,1.0,0.9999999999999983,5,5,0,meets_screen,0.99,valid_fraction_of_represented
Rajasthan,block,Chittorgarh||Nimbahera,ACCESS-CM2,2005,rh,836387189.6690984,836387189.6690993,836387189.6690993,1.000000000000001,1.0,1.000000000000001,7,7,0,meets_screen,0.99,valid_fraction_of_represented
Rajasthan,block,Chittorgarh||Rashmi,ACCESS-CM2,2005,rh,451624612.82926095,451624612.82926106,451624612.82926106,1.0000000000000002,1.0,1.0000000000000002,3,3,0,meets_screen,0.99,valid_fraction_of_represented
Rajasthan,block,Churu||Bidasar,ACCESS-CM2,2005,rh,1219318160.5726628,1219318160.5726614,1219318160.5726614,0.9999999999999988,1.0,0.9999999999999988,7,7,0,meets_screen,0.99,valid_fraction_of_represented
Rajasthan,block,Churu||Churu,ACCESS-CM2,2005,rh,1599655539.9660034,1599655539.9660032,1599655539.9660032,0.9999999999999999,1.0,0.9999999999999999,8,8,0,meets_screen,0.99,valid_fraction_of_represented
Rajasthan,block,Churu||Rajgarh,ACCESS-CM2,2005,rh,2206652367.191915,2206652367.1919193,2206652367.1919193,1.000000000000002,1.0,1.000000000000002,9,9,0,meets_screen,0.99,valid_fraction_of_represented
Rajasthan,block,Churu||Ratangarh,ACCESS-CM2,2005,rh,1696951655.9253678,1696951655.9253688,1696951655.9253688,1.0000000000000007,1.0,1.0000000000000007,10,10,0,meets_screen,0.99,valid_fraction_of_represented
Rajasthan,block,Churu||Sardarshahar,ACCESS-CM2,2005,rh,3844435504.998408,3844435504.998402,3844435504.998402,0.9999999999999986,1.0,0.9999999999999986,14,14,0,meets_screen,0.99,valid_fraction_of_represented
Rajasthan,block,Churu||Sujangarh,ACCESS-CM2,2005,rh,1473696309.3761022,1473696309.3761017,1473696309.3761017,0.9999999999999997,1.0,0.9999999999999997,8,8,0,meets_screen,0.99,valid_fraction_of_represented
Rajasthan,block,Churu||Taranagar,ACCESS-CM2,2005,rh,1808705182.3666515,1808705182.3666518,1808705182.3666518,1.0000000000000002,1.0,1.0000000000000002,9,9,0,meets_screen,0.99,valid_fraction_of_represented
Rajasthan,block,Dausa||Bandikui,ACCESS-CM2,2005,rh,140353990.55047312,140353990.55047306,140353990.55047306,0.9999999999999996,1.0,0.9999999999999996,4,4,0,meets_screen,0.99,valid_fraction_of_represented
Rajasthan,block,Dausa||Baswa,ACCESS-CM2,2005,rh,493202932.18606025,493202932.18605936,493202932.18605936,0.9999999999999982,1.0,0.9999999999999982,4,4,0,meets_screen,0.99,valid_fraction_of_represented
Rajasthan,block,Dausa||Dausa,ACCESS-CM2,2005,rh,625716026.2797557,625716026.2797565,625716026.2797565,1.0000000000000013,1.0,1.0000000000000013,6,6,0,meets_screen,0.99,valid_fraction_of_represented
Rajasthan,block,Dausa||Lalsot,ACCESS-CM2,2005,rh,720380786.0947711,720380786.09477,720380786.09477,0.9999999999999983,1.0,0.9999999999999983,4,4,0,meets_screen,0.99,valid_fraction_of_represented
Rajasthan,block,Dausa||Lawan,ACCESS-CM2,2005,rh,172324177.84525785,172324177.84525776,172324177.84525776,0.9999999999999994,1.0,0.9999999999999994,4,4,0,meets_screen,0.99,valid_fraction_of_represented
Rajasthan,block,Dausa||Mahwa,ACCESS-CM2,2005,rh,484567888.9464355,484567888.9464356,484567888.9464356,1.0000000000000002,1.0,1.0000000000000002,5,5,0,meets_screen,0.99,valid_fraction_of_represented
Rajasthan,block,Dausa||Nangal Rajawatan,ACCESS-CM2,2005,rh,122035058.07904856,122035058.07904863,122035058.07904863,1.0000000000000007,1.0,1.0000000000000007,2,2,0,meets_screen,0.99,valid_fraction_of_represented
Rajasthan,block,Dausa||Ramgarh Pachwara,ACCESS-CM2,2005,rh,146559210.4711749,146559210.47117436,146559210.47117436,0.9999999999999963,1.0,0.9999999999999963,2,2,0,meets_screen,0.99,valid_fraction_of_represented
Rajasthan,block,Dausa||Sikandara,ACCESS-CM2,2005,rh,240123087.90927756,240123087.90927774,240123087.90927774,1.0000000000000007,1.0,1.0000000000000007,3,3,0,meets_screen,0.99,valid_fraction_of_represented
Rajasthan,block,Dausa||Sikrai,ACCESS-CM2,2005,rh,270418437.0742232,270418437.07422334,270418437.07422334,1.0000000000000004,1.0,1.0000000000000004,3,3,0,meets_screen,0.99,valid_fraction_of_represented
Rajasthan,block,Deeg||Deeg,ACCESS-CM2,2005,rh,505855196.93715334,505855196.937153,505855196.937153,0.9999999999999993,1.0,0.9999999999999993,4,4,0,meets_screen,0.99,valid_fraction_of_represented
Rajasthan,block,Deeg||Kaman,ACCESS-CM2,2005,rh,356003918.54756165,356003918.5475617,356003918.5475617,1.0000000000000002,1.0,1.0000000000000002,4,4,0,meets_screen,0.99,valid_fraction_of_represented
Rajasthan,block,Deeg||Kumher,ACCESS-CM2,2005,rh,448255023.10090905,448255023.10090935,448255023.10090935,1.0000000000000007,1.0,1.0000000000000007,4,4,0,meets_screen,0.99,valid_fraction_of_represented
Rajasthan,block,Deeg||Nagar Pahari,ACCESS-CM2,2005,rh,473126198.5907169,473126198.59071577,473126198.59071577,0.9999999999999976,1.0,0.9999999999999976,4,4,0,meets_screen,0.99,valid_fraction_of_represented
Rajasthan,block,Deeg||Pahari,ACCESS-CM2,2005,rh,383967698.1702461,383967698.17024565,383967698.17024565,0.9999999999999988,1.0,0.9999999999999988,3,3,0,meets_screen,0.99,valid_fraction_of_represented
Rajasthan,block,Dholpur||Bari,ACCESS-CM2,2005,rh,795083110.1841323,795083110.1841325,795083110.1841325,1.0000000000000002,1.0,1.0000000000000002,6,6,0,meets_screen,0.99,valid_fraction_of_represented
Rajasthan,block,Dholpur||Baseri,ACCESS-CM2,2005,rh,348965278.13456315,348965278.13456285,348965278.13456285,0.9999999999999991,1.0,0.9999999999999991,4,4,0,meets_screen,0.99,valid_fraction_of_represented
Rajasthan,block,Dholpur||Dhaulpur,ACCESS-CM2,2005,rh,313539129.6261634,313539129.62616354,313539129.62616354,1.0000000000000004,1.0,1.0000000000000004,2,2,0,meets_screen,0.99,valid_fraction_of_represented
Rajasthan,block,Dholpur||Rajakhera,ACCESS-CM2,2005,rh,612885475.8846848,612885475.8846836,612885475.8846836,0.999999999999998,1.0,0.999999999999998,5,5,0,meets_screen,0.99,valid_fraction_of_represented
Rajasthan,block,Dholpur||Saipau,ACCESS-CM2,2005,rh,311694030.1441713,311694030.1441715,311694030.1441715,1.0000000000000007,1.0,1.0000000000000007,3,3,0,meets_screen,0.99,valid_fraction_of_represented
Rajasthan,block,Dholpur||Sarmathura,ACCESS-CM2,2005,rh,652248448.8310642,652248448.8310648,652248448.8310648,1.0000000000000009,1.0,1.0000000000000009,6,6,0,meets_screen,0.99,valid_fraction_of_represented
Rajasthan,block,Didwana Kuchaman||Didwana,ACCESS-CM2,2005,rh,996715816.4352639,996715816.4352629,996715816.4352629,0.999999999999999,1.0,0.999999999999999,7,7,0,meets_screen,0.99,valid_fraction_of_represented
Rajasthan,block,Didwana Kuchaman||Kuchaman,ACCESS-CM2,2005,rh,562909425.9803038,562909425.980304,562909425.980304,1.0000000000000004,1.0,1.0000000000000004,6,6,0,meets_screen,0.99,valid_fraction_of_represented
Rajasthan,block,Didwana Kuchaman||Ladnu,ACCESS-CM2,2005,rh,1258367908.5487154,1258367908.5487156,1258367908.5487156,1.0000000000000002,1.0,1.0000000000000002,7,7,0,meets_screen,0.99,valid_fraction_of_represented
Rajasthan,block,Didwana Kuchaman||Makrana,ACCESS-CM2,2005,rh,1132747999.901458,1132747999.9014583,1132747999.9014583,1.0000000000000002,1.0,1.0000000000000002,6,6,0,meets_screen,0.99,valid_fraction_of_represented
Rajasthan,block,Didwana Kuchaman||Molasar,ACCESS-CM2,2005,rh,659263144.6758834,659263144.6758817,659263144.6758817,0.9999999999999974,1.0,0.9999999999999974,5,5,0,meets_screen,0.99,valid_fraction_of_represented
Rajasthan,block,Didwana Kuchaman||Nawa,ACCESS-CM2,2005,rh,1078062748.5858393,1078062748.5858383,1078062748.5858383,0.9999999999999991,1.0,0.9999999999999991,7,7,0,meets_screen,0.99,valid_fraction_of_represented
Rajasthan,block,Didwana Kuchaman||Parbatsar,ACCESS-CM2,2005,rh,1114843738.8400002,1114843738.8400004,1114843738.8400004,1.0000000000000002,1.0,1.0000000000000002,7,7,0,meets_screen,0.99,valid_fraction_of_represented
Rajasthan,block,Dudu||Dudu,ACCESS-CM2,2005,rh,636461612.4327227,636461612.4327222,636461612.4327222,0.9999999999999992,1.0,0.9999999999999992,6,6,0,meets_screen,0.99,valid_fraction_of_represented
Rajasthan,block,Dudu||Madhorajpura,ACCESS-CM2,2005,rh,474226126.2291034,474226126.2291032,474226126.2291032,0.9999999999999997,1.0,0.9999999999999997,5,5,0,meets_screen,0.99,valid_fraction_of_represented
Rajasthan,block,Dudu||Mauzamabad,ACCESS-CM2,2005,rh,702956601.1025349,702956601.1025352,702956601.1025352,1.0000000000000004,1.0,1.0000000000000004,4,4,0,meets_screen,0.99,valid_fraction_of_represented
Rajasthan,block,Dudu||Phagi,ACCESS-CM2,2005,rh,644108864.5192125,644108864.5192124,644108864.5192124,0.9999999999999998,1.0,0.9999999999999998,6,6,0,meets_screen,0.99,valid_fraction_of_represented
Rajasthan,block,Dungarpur||Aspur,ACCESS-CM2,2005,rh,343029460.82867974,343029460.82867986,343029460.82867986,1.0000000000000004,1.0,1.0000000000000004,3,3,0,meets_screen,0.99,valid_fraction_of_represented
Rajasthan,block,Dungarpur||Bichiwara,ACCESS-CM2,2005,rh,596155058.8719225,596155058.8719229,596155058.8719229,1.0000000000000007,1.0,1.0000000000000007,4,4,0,meets_screen,0.99,valid_fraction_of_represented
Rajasthan,block,Dungarpur||Chikhali,ACCESS-CM2,2005,rh,242211026.3814468,242211026.38144708,242211026.38144708,1.000000000000001,1.0,1.000000000000001,3,3,0,meets_screen,0.99,valid_fraction_of_represented
Rajasthan,block,Dungarpur||Dovada,ACCESS-CM2,2005,rh,406294923.1245253,406294923.1245248,406294923.1245248,0.9999999999999987,1.0,0.9999999999999987,3,3,0,meets_screen,0.99,valid_fraction_of_represented
Rajasthan,block,Dungarpur||Dungarpur,ACCESS-CM2,2005,rh,321868721.37275755,321868721.37275875,321868721.37275875,1.0000000000000038,1.0,1.0000000000000038,3,3,0,meets_screen,0.99,valid_fraction_of_represented
Rajasthan,block,Dungarpur||Galiyakoat,ACCESS-CM2,2005,rh,169710800.19249374,169710800.19249365,169710800.19249365,0.9999999999999994,1.0,0.9999999999999994,4,4,0,meets_screen,0.99,valid_fraction_of_represented
Rajasthan,block,Dungarpur||Jothari,ACCESS-CM2,2005,rh,261548704.54465002,261548704.54464996,261548704.54464996,0.9999999999999998,1.0,0.9999999999999998,4,4,0,meets_screen,0.99,valid_fraction_of_represented
Rajasthan,block,Dungarpur||Sabla,ACCESS-CM2,2005,rh,366497267.8785643,366497267.8785642,366497267.8785642,0.9999999999999997,1.0,0.9999999999999997,2,2,0,meets_screen,0.99,valid_fraction_of_represented
Rajasthan,block,Dungarpur||Sagwara,ACCESS-CM2,2005,rh,651274614.1794335,651274614.179434,651274614.179434,1.0000000000000007,1.0,1.0000000000000007,4,4,0,meets_screen,0.99,valid_fraction_of_represented
Rajasthan,block,Dungarpur||Simalwara,ACCESS-CM2,2005,rh,411693080.31007683,411693080.31007683,411693080.31007683,1.0,1.0,1.0,4,4,0,meets_screen,0.99,valid_fraction_of_represented
Rajasthan,block,Ganganagar||Ganganagar,ACCESS-CM2,2005,rh,978301507.7159729,978301507.7159715,978301507.7159715,0.9999999999999986,1.0,0.9999999999999986,5,5,0,meets_screen,0.99,valid_fraction_of_represented
Rajasthan,block,Ganganagar||Karanpur,ACCESS-CM2,2005,rh,820979563.6523681,820979563.6523676,820979563.6523676,0.9999999999999994,1.0,0.9999999999999994,5,5,0,meets_screen,0.99,valid_fraction_of_represented
Rajasthan,block,Ganganagar||Padampur,ACCESS-CM2,2005,rh,848549728.3119835,848549728.3119836,848549728.3119836,1.0000000000000002,1.0,1.0000000000000002,7,7,0,meets_screen,0.99,valid_fraction_of_represented
Rajasthan,block,Ganganagar||Sadulshahar,ACCESS-CM2,2005,rh,770307830.8639584,770307830.863958,770307830.863958,0.9999999999999996,1.0,0.9999999999999996,5,5,0,meets_screen,0.99,valid_fraction_of_represented
Rajasthan,block,Ganganagar||Suratgarh,ACCESS-CM2,2005,rh,2803590733.592577,2803590733.592578,2803590733.592578,1.0000000000000004,1.0,1.0000000000000004,12,12,0,meets_screen,0.99,valid_fraction_of_represented
Rajasthan,block,Gangapurcity||Bamanwas,ACCESS-CM2,2005,rh,728564450.6934423,728564450.6934437,728564450.6934437,1.0000000000000018,1.0,1.0000000000000018,4,4,0,meets_screen,0.99,valid_fraction_of_represented
Rajasthan,block,Gangapurcity||Gangapur City,ACCESS-CM2,2005,rh,637204909.3163601,637204909.3163607,637204909.3163607,1.0000000000000009,1.0,1.0000000000000009,4,4,0,meets_screen,0.99,valid_fraction_of_represented
Rajasthan,block,Gangapurcity||Nadauti,ACCESS-CM2,2005,rh,647252652.5791932,647252652.5791932,647252652.5791932,1.0,1.0,1.0,6,6,0,meets_screen,0.99,valid_fraction_of_represented
Rajasthan,block,Gangapurcity||Todabhim,ACCESS-CM2,2005,rh,542723713.6945423,542723713.6945428,542723713.6945428,1.0000000000000009,1.0,1.0000000000000009,3,3,0,meets_screen,0.99,valid_fraction_of_represented
Rajasthan,block,Hanumangarh||Bhadra,ACCESS-CM2,2005,rh,1731366634.8395143,1731366634.8395133,1731366634.8395133,0.9999999999999994,1.0,0.9999999999999994,11,11,0,meets_screen,0.99,valid_fraction_of_represented
Rajasthan,block,Hanumangarh||Hanumangarh,ACCESS-CM2,2005,rh,1230334032.0448897,1230334032.0448906,1230334032.0448906,1.0000000000000007,1.0,1.0000000000000007,7,7,0,meets_screen,0.99,valid_fraction_of_represented
Rajasthan,block,Hanumangarh||Nohar,ACCESS-CM2,2005,rh,2466540668.4738164,2466540668.473819,2466540668.473819,1.0000000000000009,1.0,1.0000000000000009,10,10,0,meets_screen,0.99,valid_fraction_of_represented
Rajasthan,block,Hanumangarh||Pilibanga,ACCESS-CM2,2005,rh,1009990697.2070242,1009990697.2070236,1009990697.2070236,0.9999999999999994,1.0,0.9999999999999994,5,5,0,meets_screen,0.99,valid_fraction_of_represented
Rajasthan,block,Hanumangarh||Rawatsar,ACCESS-CM2,2005,rh,1873515112.2335477,1873515112.2335467,1873515112.2335467,0.9999999999999994,1.0,0.9999999999999994,8,8,0,meets_screen,0.99,valid_fraction_of_represented
Rajasthan,block,Hanumangarh||Sangaria,ACCESS-CM2,2005,rh,652252908.3982991,652252908.398299,652252908.398299,0.9999999999999998,1.0,0.9999999999999998,4,4,0,meets_screen,0.99,valid_fraction_of_represented
Rajasthan,block,Hanumangarh||Tibbi,ACCESS-CM2,2005,rh,745798391.1454437,745798391.1454437,745798391.1454437,1.0,1.0,1.0,6,6,0,meets_screen,0.99,valid_fraction_of_represented
Rajasthan,block,Jaipur Gramin||Andhi,ACCESS-CM2,2005,rh,491642158.5814403,491642158.58144057,491642158.58144057,1.0000000000000004,1.0,1.0000000000000004,4,4,0,meets_screen,0.99,valid_fraction_of_represented
Rajasthan,block,Jaipur Gramin||Bassi,ACCESS-CM2,2005,rh,387990280.13157046,387990280.13157064,387990280.13157064,1.0000000000000004,1.0,1.0000000000000004,3,3,0,meets_screen,0.99,valid_fraction_of_represented
Rajasthan,block,Jaipur Gramin||Chaksu,ACCESS-CM2,2005,rh,523967337.946122,523967337.94612247,523967337.94612247,1.0000000000000009,1.0,1.0000000000000009,5,5,0,meets_screen,0.99,valid_fraction_of_represented
Rajasthan,block,Jaipur Gramin||Govindgarh,ACCESS-CM2,2005,rh,682783015.2697798,682783015.2697796,682783015.2697796,0.9999999999999997,1.0,0.9999999999999997,6,6,0,meets_screen,0.99,valid_fraction_of_represented
Rajasthan,block,Jaipur Gramin||Jamwa Ramgarh,ACCESS-CM2,2005,rh,529645472.2007593,529645472.20075893,529645472.20075893,0.9999999999999993,1.0,0.9999999999999993,6,6,0,meets_screen,0.99,valid_fraction_of_represented
Rajasthan,block,Jaipur Gramin||Kishangarh Renwal,ACCESS-CM2,2005,rh,540684485.7505611,540684485.7505609,540684485.7505609,0.9999999999999996,1.0,0.9999999999999996,5,5,0,meets_screen,0.99,valid_fraction_of_represented
Rajasthan,block,Jaipur Gramin||Kotkhawda,ACCESS-CM2,2005,rh,291478800.482761,291478800.4827604,291478800.4827604,0.999999999999998,1.0,0.999999999999998,2,2,0,meets_screen,0.99,valid_fraction_of_represented
Rajasthan,block,Jaipur Gramin||Sambhar,ACCESS-CM2,2005,rh,1018481177.0528181,1018481177.0528194,1018481177.0528194,1.0000000000000013,1.0,1.0000000000000013,9,9,0,meets_screen,0.99,valid_fraction_of_represented
Rajasthan,block,Jaipur Gramin||Shahpura,ACCESS-CM2,2005,rh,527106510.5643863,527106510.56438684,527106510.56438684,1.000000000000001,1.0,1.000000000000001,6,6,0,meets_screen,0.99,valid_fraction_of_represented
Rajasthan,block,Jaipur Gramin||Tunga,ACCESS-CM2,2005,rh,267562851.80592683,267562851.80592662,267562851.80592662,0.9999999999999992,1.0,0.9999999999999992,5,5,0,meets_screen,0.99,valid_fraction_of_represented
Rajasthan,block,Jaipur||Amber,ACCESS-CM2,2005,rh,440009673.15993726,440009673.15993744,440009673.15993744,1.0000000000000004,1.0,1.0000000000000004,5,5,0,meets_screen,0.99,valid_fraction_of_represented
Rajasthan,block,Jaipur||Jalsu,ACCESS-CM2,2005,rh,408910719.91971785,408910719.91971815,408910719.91971815,1.0000000000000007,1.0,1.0000000000000007,3,3,0,meets_screen,0.99,valid_fraction_of_represented
Rajasthan,block,Jaipur||Jhotwara,ACCESS-CM2,2005,rh,566292898.4538217,566292898.4538227,566292898.4538227,1.000000000000002,1.0,1.000000000000002,4,4,0,meets_screen,0.99,valid_fraction_of_represented
Rajasthan,block,Jaipur||Sanganer,ACCESS-CM2,2005,rh,709514446.0612823,709514446.0612833,709514446.0612833,1.0000000000000016,1.0,1.0000000000000016,5,5,0,meets_screen,0.99,valid_fraction_of_represented
Rajasthan,block,Jaisalmer||Bhaniyana,ACCESS-CM2,2005,rh,1656217842.354118,1656217842.3541176,1656217842.3541176,0.9999999999999997,1.0,0.9999999999999997,8,8,0,meets_screen,0.99,valid_fraction_of_represented
Rajasthan,block,Jaisalmer||Fatehgarh,ACCESS-CM2,2005,rh,4467962028.845952,4467962028.845956,4467962028.845956,1.0000000000000009,1.0,1.0000000000000009,16,16,0,meets_screen,0.99,valid_fraction_of_represented
Rajasthan,block,Jaisalmer||Jaisalmer,ACCESS-CM2,2005,rh,2866017542.5240383,2866017542.524042,2866017542.524042,1.0000000000000013,1.0,1.0000000000000013,13,13,0,meets_screen,0.99,valid_fraction_of_represented
Rajasthan,block,Jaisalmer||Mohangarh,ACCESS-CM2,2005,rh,4990720004.959468,4990720004.959466,4990720004.959466,0.9999999999999997,1.0,0.9999999999999997,13,13,0,meets_screen,0.99,valid_fraction_of_represented
Rajasthan,block,Jaisalmer||Nachana,ACCESS-CM2,2005,rh,4137308503.838179,4137308503.838182,4137308503.838182,1.0000000000000007,1.0,1.0000000000000007,15,15,0,meets_screen,0.99,valid_fraction_of_represented
Rajasthan,block,Jaisalmer||Sam,ACCESS-CM2,2005,rh,16515495637.604736,16515495637.604725,16515495637.604725,0.9999999999999993,1.0,0.9999999999999993,40,40,0,meets_screen,0.99,valid_fraction_of_represented
Rajasthan,block,Jaisalmer||Sankra,ACCESS-CM2,2005,rh,3815865200.244027,3815865200.244033,3815865200.244033,1.0000000000000016,1.0,1.0000000000000016,15,15,0,meets_screen,0.99,valid_fraction_of_represented
Rajasthan,block,Jalore||Ahore,ACCESS-CM2,2005,rh,1620473371.3061619,1620473371.3061643,1620473371.3061643,1.0000000000000016,1.0,1.0000000000000016,9,9,0,meets_screen,0.99,valid_fraction_of_represented
Rajasthan,block,Jalore||Bagoda,ACCESS-CM2,2005,rh,818103825.803006,818103825.8030066,818103825.8030066,1.0000000000000007,1.0,1.0000000000000007,5,5,0,meets_screen,0.99,valid_fraction_of_represented
Rajasthan,block,Jalore||Bhinmal,ACCESS-CM2,2005,rh,586097993.3099624,586097993.3099625,586097993.3099625,1.0000000000000002,1.0,1.0000000000000002,6,6,0,meets_screen,0.99,valid_fraction_of_represented
Rajasthan,block,Jalore||Chitalwana,ACCESS-CM2,2005,rh,1677766019.4890707,1677766019.4890683,1677766019.4890683,0.9999999999999986,1.0,0.9999999999999986,10,10,0,meets_screen,0.99,valid_fraction_of_represented
Rajasthan,block,Jalore||Jalore,ACCESS-CM2,2005,rh,1055830128.3553638,1055830128.3553634,1055830128.3553634,0.9999999999999996,1.0,0.9999999999999996,7,7,0,meets_screen,0.99,valid_fraction_of_represented
Rajasthan,block,Jalore||Jaswantpura,ACCESS-CM2,2005,rh,1075877762.1475813,1075877762.1475806,1075877762.1475806,0.9999999999999993,1.0,0.9999999999999993,6,6,0,meets_screen,0.99,valid_fraction_of_represented
Rajasthan,block,Jalore||Raniwara,ACCESS-CM2,2005,rh,914732137.1848115,914732137.1848099,914732137.1848099,0.9999999999999983,1.0,0.9999999999999983,4,4,0,meets_screen,0.99,valid_fraction_of_represented
Rajasthan,block,Jalore||Sanchore,ACCESS-CM2,2005,rh,979524367.6431732,979524367.6431731,979524367.6431731,0.9999999999999999,1.0,0.9999999999999999,8,8,0,meets_screen,0.99,valid_fraction_of_represented
Rajasthan,block,Jalore||Sarnau,ACCESS-CM2,2005,rh,442990217.486065,442990217.48606485,442990217.48606485,0.9999999999999998,1.0,0.9999999999999998,4,4,0,meets_screen,0.99,valid_fraction_of_represented
Rajasthan,block,Jalore||Sayla,ACCESS-CM2,2005,rh,1471915578.4734614,1471915578.4734628,1471915578.4734628,1.0000000000000009,1.0,1.0000000000000009,8,8,0,meets_screen,0.99,valid_fraction_of_represented
Rajasthan,block,Jhalawar||Aklera,ACCESS-CM2,2005,rh,779166793.5646707,779166793.5646715,779166793.5646715,1.000000000000001,1.0,1.000000000000001,5,5,0,meets_screen,0.99,valid_fraction_of_represented
Rajasthan,block,Jhalawar||Bakani,ACCESS-CM2,2005,rh,445380680.9624893,445380680.9624896,445380680.9624896,1.0000000000000007,1.0,1.0000000000000007,4,4,0,meets_screen,0.99,valid_fraction_of_represented
Rajasthan,block,Jhalawar||Bhawani Mandi,ACCESS-CM2,2005,rh,702105248.4816227,702105248.4816223,702105248.4816223,0.9999999999999994,1.0,0.9999999999999994,6,6,0,meets_screen,0.99,valid_fraction_of_represented
Rajasthan,block,Jhalawar||Dag,ACCESS-CM2,2005,rh,929916824.0475452,929916824.0475453,929916824.0475453,1.0000000000000002,1.0,1.0000000000000002,6,6,0,meets_screen,0.99,valid_fraction_of_represented
Rajasthan,block,Jhalawar||Jhalrapatan,ACCESS-CM2,2005,rh,861890851.5976602,861890851.597662,861890851.597662,1.000000000000002,1.0,1.000000000000002,5,5,0,meets_screen,0.99,valid_fraction_of_represented
Rajasthan,block,Jhalawar||Khanpur,ACCESS-CM2,2005,rh,937076841.4905372,937076841.490537,937076841.490537,0.9999999999999999,1.0,0.9999999999999999,7,7,0,meets_screen,0.99,valid_fraction_of_represented
Rajasthan,block,Jhalawar||Manoharthana,ACCESS-CM2,2005,rh,636826887.0567929,636826887.0567931,636826887.0567931,1.0000000000000004,1.0,1.0000000000000004,4,4,0,meets_screen,0.99,valid_fraction_of_represented
Rajasthan,block,Jhalawar||Pirawa (Sunel),ACCESS-CM2,2005,rh,1050704718.5359943,1050704718.5359933,1050704718.5359933,0.9999999999999991,1.0,0.9999999999999991,4,4,0,meets_screen,0.99,valid_fraction_of_represented
Rajasthan,block,Jhunjhunu||Alsisar,ACCESS-CM2,2005,rh,658812150.657576,658812150.6575769,658812150.6575769,1.0000000000000016,1.0,1.0000000000000016,4,4,0,meets_screen,0.99,valid_fraction_of_represented
Rajasthan,block,Jhunjhunu||Buhana,ACCESS-CM2,2005,rh,364202753.840859,364202753.84085906,364202753.84085906,1.0000000000000002,1.0,1.0000000000000002,4,4,0,meets_screen,0.99,valid_fraction_of_represented
Rajasthan,block,Jhunjhunu||Chirawa,ACCESS-CM2,2005,rh,497906629.80406374,497906629.8040639,497906629.8040639,1.0000000000000004,1.0,1.0000000000000004,4,4,0,meets_screen,0.99,valid_fraction_of_represented
Rajasthan,block,Jhunjhunu||Jhunjhunu,ACCESS-CM2,2005,rh,506344990.9148616,506344990.91486084,506344990.91486084,0.9999999999999984,1.0,0.9999999999999984,4,4,0,meets_screen,0.99,valid_fraction_of_represented
Rajasthan,block,Jhunjhunu||Mandawa,ACCESS-CM2,2005,rh,460638204.228862,460638204.2288621,460638204.2288621,1.0000000000000002,1.0,1.0000000000000002,4,4,0,meets_screen,0.99,valid_fraction_of_represented
Rajasthan,block,Jhunjhunu||Nawalgarh,ACCESS-CM2,2005,rh,1089159382.8895342,1089159382.889534,1089159382.889534,0.9999999999999998,1.0,0.9999999999999998,7,7,0,meets_screen,0.99,valid_fraction_of_represented
Rajasthan,block,Jhunjhunu||Pilani,ACCESS-CM2,2005,rh,373200060.3749169,373200060.3749176,373200060.3749176,1.000000000000002,1.0,1.000000000000002,4,4,0,meets_screen,0.99,valid_fraction_of_represented
Rajasthan,block,Jhunjhunu||Singhana,ACCESS-CM2,2005,rh,289230106.5278676,289230106.52786744,289230106.52786744,0.9999999999999993,1.0,0.9999999999999993,2,2,0,meets_screen,0.99,valid_fraction_of_represented
Rajasthan,block,Jhunjhunu||Surajgarh,ACCESS-CM2,2005,rh,432161758.95240784,432161758.95240736,432161758.95240736,0.9999999999999989,1.0,0.9999999999999989,4,4,0,meets_screen,0.99,valid_fraction_of_represented
Rajasthan,block,Jodhpur Gramin||Balesar,ACCESS-CM2,2005,rh,890977543.286566,890977543.2865663,890977543.2865663,1.0000000000000002,1.0,1.0000000000000002,6,6,0,meets_screen,0.99,valid_fraction_of_represented
Rajasthan,block,Jodhpur Gramin||Bawadi,ACCESS-CM2,2005,rh,1270811884.794962,1270811884.7949605,1270811884.7949605,0.9999999999999989,1.0,0.9999999999999989,8,8,0,meets_screen,0.99,valid_fraction_of_represented
Rajasthan,block,Jodhpur Gramin||Bhopalgarh,ACCESS-CM2,2005,rh,1251898080.6465425,1251898080.6465423,1251898080.6465423,0.9999999999999998,1.0,0.9999999999999998,5,5,0,meets_screen,0.99,valid_fraction_of_represented
Rajasthan,block,Jodhpur Gramin||Bilara,ACCESS-CM2,2005,rh,1090819741.2794662,1090819741.279469,1090819741.279469,1.0000000000000027,1.0,1.0000000000000027,6,6,0,meets_screen,0.99,valid_fraction_of_represented
Rajasthan,block,Jodhpur Gramin||Dhawa,ACCESS-CM2,2005,rh,843583916.0120993,843583916.0120993,843583916.0120993,1.0,1.0,1.0,6,6,0,meets_screen,0.99,valid_fraction_of_represented
Rajasthan,block,Jodhpur Gramin||Luni,ACCESS-CM2,2005,rh,1165562795.5208967,1165562795.5208964,1165562795.5208964,0.9999999999999998,1.0,0.9999999999999998,7,7,0,meets_screen,0.99,valid_fraction_of_represented
Rajasthan,block,Jodhpur Gramin||Osian,ACCESS-CM2,2005,rh,1159507086.907393,1159507086.9073927,1159507086.9073927,0.9999999999999998,1.0,0.9999999999999998,6,6,0,meets_screen,0.99,valid_fraction_of_represented
Rajasthan,block,Jodhpur Gramin||Peepad Sahar,ACCESS-CM2,2005,rh,1081477137.487478,1081477137.4874778,1081477137.4874778,0.9999999999999998,1.0,0.9999999999999998,7,7,0,meets_screen,0.99,valid_fraction_of_represented
Rajasthan,block,Jodhpur Gramin||Sekhala,ACCESS-CM2,2005,rh,956740541.7521591,956740541.7521589,956740541.7521589,0.9999999999999998,1.0,0.9999999999999998,6,6,0,meets_screen,0.99,valid_fraction_of_represented
Rajasthan,block,Jodhpur Gramin||Shergarh,ACCESS-CM2,2005,rh,1226116105.4719312,1226116105.4719317,1226116105.4719317,1.0000000000000004,1.0,1.0000000000000004,7,7,0,meets_screen,0.99,valid_fraction_of_represented
Rajasthan,block,Jodhpur Gramin||Tinwari,ACCESS-CM2,2005,rh,785790447.5172863,785790447.5172864,785790447.5172864,1.0000000000000002,1.0,1.0000000000000002,6,6,0,meets_screen,0.99,valid_fraction_of_represented
Rajasthan,block,Jodhpur||Keru,ACCESS-CM2,2005,rh,656398173.2155551,656398173.2155536,656398173.2155536,0.9999999999999978,1.0,0.9999999999999978,4,4,0,meets_screen,0.99,valid_fraction_of_represented
Rajasthan,block,Jodhpur||Mandor,ACCESS-CM2,2005,rh,897101282.305636,897101282.3056359,897101282.3056359,0.9999999999999999,1.0,0.9999999999999999,6,6,0,meets_screen,0.99,valid_fraction_of_represented
Rajasthan,block,Karauli||Hindaun,ACCESS-CM2,2005,rh,425743311.6095832,425743311.6095833,425743311.6095833,1.0000000000000002,1.0,1.0000000000000002,4,4,0,meets_screen,0.99,valid_fraction_of_represented
Rajasthan,block,Karauli||Karauli,ACCESS-CM2,2005,rh,680935533.7044691,680935533.7044693,680935533.7044693,1.0000000000000004,1.0,1.0000000000000004,4,4,0,meets_screen,0.99,valid_fraction_of_represented
Rajasthan,block,Karauli||Mandrayal,ACCESS-CM2,2005,rh,575851432.7690364,575851432.7690359,575851432.7690359,0.9999999999999992,1.0,0.9999999999999992,4,4,0,meets_screen,0.99,valid_fraction_of_represented
Rajasthan,block,Karauli||Masalpur,ACCESS-CM2,2005,rh,576682605.6451085,576682605.6451085,576682605.6451085,1.0,1.0,1.0,5,5,0,meets_screen,0.99,valid_fraction_of_represented
Rajasthan,block,Karauli||Sapotra,ACCESS-CM2,2005,rh,1357046658.9998164,1357046658.9998183,1357046658.9998183,1.0000000000000013,1.0,1.0000000000000013,6,6,0,meets_screen,0.99,valid_fraction_of_represented
Rajasthan,block,Karauli||Sri Mahaveer Ji,ACCESS-CM2,2005,rh,210681372.93652374,210681372.93652374,210681372.93652374,1.0,1.0,1.0,4,4,0,meets_screen,0.99,valid_fraction_of_represented
Rajasthan,block,Kekri||Bhinay,ACCESS-CM2,2005,rh,979197845.6844912,979197845.684492,979197845.684492,1.0000000000000009,1.0,1.0000000000000009,5,5,0,meets_screen,0.99,valid_fraction_of_represented
Rajasthan,block,Kekri||Kekri,ACCESS-CM2,2005,rh,1003625481.1423309,1003625481.1423327,1003625481.1423327,1.0000000000000018,1.0,1.0000000000000018,6,6,0,meets_screen,0.99,valid_fraction_of_represented
Rajasthan,block,Kekri||Sarwar,ACCESS-CM2,2005,rh,884164747.4832327,884164747.4832326,884164747.4832326,0.9999999999999999,1.0,0.9999999999999999,6,6,0,meets_screen,0.99,valid_fraction_of_represented
Rajasthan,block,Kekri||Todaraisingh,ACCESS-CM2,2005,rh,1001930705.2136898,1001930705.2136889,1001930705.2136889,0.999999999999999,1.0,0.999999999999999,5,5,0,meets_screen,0.99,valid_fraction_of_represented
Rajasthan,block,Khairthal-Tijara||Kishangarh Bas,ACCESS-CM2,2005,rh,396884304.8653063,396884304.86530685,396884304.86530685,1.0000000000000013,1.0,1.0000000000000013,4,4,0,meets_screen,0.99,valid_fraction_of_represented
Rajasthan,block,Khairthal-Tijara||Kotkasim,ACCESS-CM2,2005,rh,340969718.13381445,340969718.13381416,340969718.13381416,0.9999999999999991,1.0,0.9999999999999991,4,4,0,meets_screen,0.99,valid_fraction_of_represented
Rajasthan,block,Khairthal-Tijara||Mandawar,ACCESS-CM2,2005,rh,570869235.2564067,570869235.2564065,570869235.2564065,0.9999999999999998,1.0,0.9999999999999998,6,6,0,meets_screen,0.99,valid_fraction_of_represented
Rajasthan,block,Khairthal-Tijara||Tijara,ACCESS-CM2,2005,rh,697585230.6362572,697585230.6362562,697585230.6362562,0.9999999999999987,1.0,0.9999999999999987,4,4,0,meets_screen,0.99,valid_fraction_of_represented
Rajasthan,block,Kota||Itawa,ACCESS-CM2,2005,rh,899628475.053964,899628475.0539647,899628475.0539647,1.0000000000000009,1.0,1.0000000000000009,6,6,0,meets_screen,0.99,valid_fraction_of_represented
Rajasthan,block,Kota||Khairabad,ACCESS-CM2,2005,rh,764902014.5039018,764902014.5039028,764902014.5039028,1.0000000000000013,1.0,1.0000000000000013,4,4,0,meets_screen,0.99,valid_fraction_of_represented
Rajasthan,block,Kota||Ladpura,ACCESS-CM2,2005,rh,1464240042.9902306,1464240042.990233,1464240042.990233,1.0000000000000016,1.0,1.0000000000000016,8,8,0,meets_screen,0.99,valid_fraction_of_represented
Rajasthan,block,Kota||Sangod,ACCESS-CM2,2005,rh,1045262848.4842776,1045262848.4842787,1045262848.4842787,1.000000000000001,1.0,1.000000000000001,7,7,0,meets_screen,0.99,valid_fraction_of_represented
Rajasthan,block,Kota||Sultanpur,ACCESS-CM2,2005,rh,915661070.2903321,915661070.2903329,915661070.2903329,1.0000000000000009,1.0,1.0000000000000009,6,6,0,meets_screen,0.99,valid_fraction_of_represented
Rajasthan,block,Kotputli-Behror||Bansur,ACCESS-CM2,2005,rh,884988729.8336594,884988729.8336607,884988729.8336607,1.0000000000000016,1.0,1.0000000000000016,7,7,0,meets_screen,0.99,valid_fraction_of_represented
Rajasthan,block,Kotputli-Behror||Behror,ACCESS-CM2,2005,rh,349826468.58555335,349826468.5855533,349826468.5855533,0.9999999999999998,1.0,0.9999999999999998,4,4,0,meets_screen,0.99,valid_fraction_of_represented
Rajasthan,block,Kotputli-Behror||Kotputli,ACCESS-CM2,2005,rh,398329375.1315751,398329375.1315756,398329375.1315756,1.000000000000001,1.0,1.000000000000001,4,4,0,meets_screen,0.99,valid_fraction_of_represented
Rajasthan,block,Kotputli-Behror||Neemrana,ACCESS-CM2,2005,rh,390806225.382415,390806225.382414,390806225.382414,0.9999999999999974,1.0,0.9999999999999974,5,5,0,meets_screen,0.99,valid_fraction_of_represented
Rajasthan,block,Kotputli-Behror||Paota,ACCESS-CM2,2005,rh,412497719.29087996,412497719.2908802,412497719.2908802,1.0000000000000007,1.0,1.0000000000000007,4,4,0,meets_screen,0.99,valid_fraction_of_represented
Rajasthan,block,Kotputli-Behror||Viratnagar,ACCESS-CM2,2005,rh,483432854.8109837,483432854.81098276,483432854.81098276,0.999999999999998,1.0,0.999999999999998,5,5,0,meets_screen,0.99,valid_fraction_of_represented
Rajasthan,block,Nagaur||Bherunda,ACCESS-CM2,2005,rh,706222650.1602622,706222650.1602631,706222650.1602631,1.000000000000001,1.0,1.000000000000001,6,6,0,meets_screen,0.99,valid_fraction_of_represented
Rajasthan,block,Nagaur||Degana,ACCESS-CM2,2005,rh,1204258733.0123932,1204258733.012392,1204258733.012392,0.999999999999999,1.0,0.999999999999999,7,7,0,meets_screen,0.99,valid_fraction_of_represented
Rajasthan,block,Nagaur||Jayal,ACCESS-CM2,2005,rh,2075822339.4447389,2075822339.4447415,2075822339.4447415,1.0000000000000013,1.0,1.0000000000000013,9,9,0,meets_screen,0.99,valid_fraction_of_represented
Rajasthan,block,Nagaur||Khinvsar,ACCESS-CM2,2005,rh,1653431655.1326978,1653431655.1326966,1653431655.1326966,0.9999999999999993,1.0,0.9999999999999993,8,8,0,meets_screen,0.99,valid_fraction_of_represented
Rajasthan,block,Nagaur||Merta,ACCESS-CM2,2005,rh,1501603108.438953,1501603108.438953,1501603108.438953,1.0,1.0,1.0,7,7,0,meets_screen,0.99,valid_fraction_of_represented
Rajasthan,block,Nagaur||Mundwa,ACCESS-CM2,2005,rh,1069177543.0702065,1069177543.0702081,1069177543.0702081,1.0000000000000016,1.0,1.0000000000000016,8,8,0,meets_screen,0.99,valid_fraction_of_represented
Rajasthan,block,Nagaur||Nagaur,ACCESS-CM2,2005,rh,1999630961.0458136,1999630961.0458128,1999630961.0458128,0.9999999999999997,1.0,0.9999999999999997,9,9,0,meets_screen,0.99,valid_fraction_of_represented
Rajasthan,block,Nagaur||Riyan Badi,ACCESS-CM2,2005,rh,796632466.2562507,796632466.2562516,796632466.2562516,1.000000000000001,1.0,1.000000000000001,7,7,0,meets_screen,0.99,valid_fraction_of_represented
Rajasthan,block,Neem Ka Thana||Ajeetgarh,ACCESS-CM2,2005,rh,498386738.6089788,498386738.60897946,498386738.60897946,1.0000000000000013,1.0,1.0000000000000013,4,4,0,meets_screen,0.99,valid_fraction_of_represented
Rajasthan,block,Neem Ka Thana||Khetri,ACCESS-CM2,2005,rh,804584943.1330565,804584943.1330549,804584943.1330549,0.9999999999999979,1.0,0.9999999999999979,5,5,0,meets_screen,0.99,valid_fraction_of_represented
Rajasthan,block,Neem Ka Thana||Neem Ka Thana,ACCESS-CM2,2005,rh,539929679.5541513,539929679.5541512,539929679.5541512,0.9999999999999998,1.0,0.9999999999999998,4,4,0,meets_screen,0.99,valid_fraction_of_represented
Rajasthan,block,Neem Ka Thana||Patan,ACCESS-CM2,2005,rh,384526857.41321224,384526857.4132128,384526857.4132128,1.0000000000000013,1.0,1.0000000000000013,4,4,0,meets_screen,0.99,valid_fraction_of_represented
Rajasthan,block,Neem Ka Thana||Sri Madhopur,ACCESS-CM2,2005,rh,497260382.9036702,497260382.90367067,497260382.90367067,1.0000000000000009,1.0,1.0000000000000009,5,5,0,meets_screen,0.99,valid_fraction_of_represented
Rajasthan,block,Neem Ka Thana||Udaipurwati,ACCESS-CM2,2005,rh,447926847.2319101,447926847.23191065,447926847.23191065,1.000000000000001,1.0,1.000000000000001,4,4,0,meets_screen,0.99,valid_fraction_of_represented
Rajasthan,block,Pali||Bali,ACCESS-CM2,2005,rh,1414538855.0250008,1414538855.025001,1414538855.025001,1.0000000000000002,1.0,1.0000000000000002,8,8,0,meets_screen,0.99,valid_fraction_of_represented
Rajasthan,block,Pali||Desuri,ACCESS-CM2,2005,rh,840483296.7001076,840483296.7001067,840483296.7001067,0.999999999999999,1.0,0.999999999999999,6,6,0,meets_screen,0.99,valid_fraction_of_represented
Rajasthan,block,Pali||Kharchi(Mar.Jun),ACCESS-CM2,2005,rh,1401040798.245393,1401040798.2453895,1401040798.2453895,0.9999999999999974,1.0,0.9999999999999974,8,8,0,meets_screen,0.99,valid_fraction_of_represented
Rajasthan,block,Pali||Pali,ACCESS-CM2,2005,rh,1361481407.081192,1361481407.081191,1361481407.081191,0.9999999999999993,1.0,0.9999999999999993,7,7,0,meets_screen,0.99,valid_fraction_of_represented
Rajasthan,block,Pali||Rani Station,ACCESS-CM2,2005,rh,779023709.9591349,779023709.9591348,779023709.9591348,0.9999999999999999,1.0,0.9999999999999999,6,6,0,meets_screen,0.99,valid_fraction_of_represented
Rajasthan,block,Pali||Rohat,ACCESS-CM2,2005,rh,1429071230.7176342,1429071230.7176347,1429071230.7176347,1.0000000000000004,1.0,1.0000000000000004,7,7,0,meets_screen,0.99,valid_fraction_of_represented
Rajasthan,block,Pali||Sojat,ACCESS-CM2,2005,rh,1713353613.0181048,1713353613.0181057,1713353613.0181057,1.0000000000000007,1.0,1.0000000000000007,7,7,0,meets_screen,0.99,valid_fraction_of_represented
Rajasthan,block,Pali||Sumerpur,ACCESS-CM2,2005,rh,970519193.8004687,970519193.8004689,970519193.8004689,1.0000000000000002,1.0,1.0000000000000002,6,6,0,meets_screen,0.99,valid_fraction_of_represented
Rajasthan,block,Phalodi||Aau,ACCESS-CM2,2005,rh,753735366.4977776,753735366.497777,753735366.497777,0.9999999999999992,1.0,0.9999999999999992,5,5,0,meets_screen,0.99,valid_fraction_of_represented
Rajasthan,block,Phalodi||Bap,ACCESS-CM2,2005,rh,3378862937.8470373,3378862937.847036,3378862937.847036,0.9999999999999996,1.0,0.9999999999999996,14,14,0,meets_screen,0.99,valid_fraction_of_represented
Rajasthan,block,Phalodi||Bapini,ACCESS-CM2,2005,rh,777576681.7411388,777576681.7411388,777576681.7411388,1.0,1.0,1.0,4,4,0,meets_screen,0.99,valid_fraction_of_represented
Rajasthan,block,Phalodi||Dechu,ACCESS-CM2,2005,rh,1146867408.9190385,1146867408.9190378,1146867408.9190378,0.9999999999999993,1.0,0.9999999999999993,5,5,0,meets_screen,0.99,valid_fraction_of_represented
Rajasthan,block,Phalodi||Ghantiyali,ACCESS-CM2,2005,rh,1338574626.5938056,1338574626.5938044,1338574626.5938044,0.9999999999999991,1.0,0.9999999999999991,8,8,0,meets_screen,0.99,valid_fraction_of_represented
Rajasthan,block,Phalodi||Lohawat,ACCESS-CM2,2005,rh,983006225.0607232,983006225.0607235,983006225.0607235,1.0000000000000004,1.0,1.0000000000000004,6,6,0,meets_screen,0.99,valid_fraction_of_represented
Rajasthan,block,Phalodi||Phalodi,ACCESS-CM2,2005,rh,1024350264.9348117,1024350264.9348114,1024350264.9348114,0.9999999999999997,1.0,0.9999999999999997,5,5,0,meets_screen,0.99,valid_fraction_of_represented
Rajasthan,block,Pratapgarh||Arnod,ACCESS-CM2,2005,rh,325145327.5924135,325145327.5924136,325145327.5924136,1.0000000000000004,1.0,1.0000000000000004,3,3,0,meets_screen,0.99,valid_fraction_of_represented
Rajasthan,block,Pratapgarh||Chhoti Sadri,ACCESS-CM2,2005,rh,719763766.9669056,719763766.9669073,719763766.9669073,1.0000000000000022,1.0,1.0000000000000022,5,5,0,meets_screen,0.99,valid_fraction_of_represented
Rajasthan,block,Pratapgarh||Dalot,ACCESS-CM2,2005,rh,330807666.48898923,330807666.48898864,330807666.48898864,0.9999999999999982,1.0,0.9999999999999982,3,3,0,meets_screen,0.99,valid_fraction_of_represented
Rajasthan,block,Pratapgarh||Dhamotar,ACCESS-CM2,2005,rh,743894607.5305535,743894607.5305531,743894607.5305531,0.9999999999999996,1.0,0.9999999999999996,6,6,0,meets_screen,0.99,valid_fraction_of_represented
Rajasthan,block,Pratapgarh||Dhariawad,ACCESS-CM2,2005,rh,895338366.0424244,895338366.0424247,895338366.0424247,1.0000000000000002,1.0,1.0000000000000002,7,7,0,meets_screen,0.99,valid_fraction_of_represented
Rajasthan,block,Pratapgarh||Peepal Khoont,ACCESS-CM2,2005,rh,457800461.7953899,457800461.79538953,457800461.79538953,0.9999999999999992,1.0,0.9999999999999992,4,4,0,meets_screen,0.99,valid_fraction_of_represented
Rajasthan,block,Pratapgarh||Pratapgarh,ACCESS-CM2,2005,rh,578751570.7285888,578751570.7285893,578751570.7285893,1.0000000000000009,1.0,1.0000000000000009,4,4,0,meets_screen,0.99,valid_fraction_of_represented
Rajasthan,block,Pratapgarh||Suhagpura,ACCESS-CM2,2005,rh,387675126.4800564,387675126.48005605,387675126.48005605,0.9999999999999991,1.0,0.9999999999999991,2,2,0,meets_screen,0.99,valid_fraction_of_represented
Rajasthan,block,Rajsamand||Amet,ACCESS-CM2,2005,rh,522250086.586005,522250086.58600676,522250086.58600676,1.0000000000000033,1.0,1.0000000000000033,4,4,0,meets_screen,0.99,valid_fraction_of_represented
Rajasthan,block,Rajsamand||Bhim,ACCESS-CM2,2005,rh,654469269.6661398,654469269.6661386,654469269.6661386,0.9999999999999982,1.0,0.9999999999999982,6,6,0,meets_screen,0.99,valid_fraction_of_represented
Rajasthan,block,Rajsamand||Delwada,ACCESS-CM2,2005,rh,207327982.32692182,207327982.3269216,207327982.3269216,0.999999999999999,1.0,0.999999999999999,4,4,0,meets_screen,0.99,valid_fraction_of_represented
Rajasthan,block,Rajsamand||Deogarh,ACCESS-CM2,2005,rh,599994391.1196055,599994391.119606,599994391.119606,1.0000000000000009,1.0,1.0000000000000009,5,5,0,meets_screen,0.99,valid_fraction_of_represented
Rajasthan,block,Rajsamand||Khamnor,ACCESS-CM2,2005,rh,574332055.006539,574332055.0065396,574332055.0065396,1.000000000000001,1.0,1.000000000000001,4,4,0,meets_screen,0.99,valid_fraction_of_represented
Rajasthan,block,Rajsamand||Kumbhalgarh,ACCESS-CM2,2005,rh,888565037.6402413,888565037.6402407,888565037.6402407,0.9999999999999993,1.0,0.9999999999999993,6,6,0,meets_screen,0.99,valid_fraction_of_represented
Rajasthan,block,Rajsamand||Railmagra,ACCESS-CM2,2005,rh,567356606.9564427,567356606.9564435,567356606.9564435,1.0000000000000016,1.0,1.0000000000000016,6,6,0,meets_screen,0.99,valid_fraction_of_represented
Rajasthan,block,Rajsamand||Rajsamand,ACCESS-CM2,2005,rh,614625685.19775,614625685.1977503,614625685.1977503,1.0000000000000007,1.0,1.0000000000000007,5,5,0,meets_screen,0.99,valid_fraction_of_represented
Rajasthan,block,Salumbar||Jaisamand,ACCESS-CM2,2005,rh,455985435.15678173,455985435.1567819,455985435.1567819,1.0000000000000004,1.0,1.0000000000000004,3,3,0,meets_screen,0.99,valid_fraction_of_represented
Rajasthan,block,Salumbar||Jhallara,ACCESS-CM2,2005,rh,384295612.0228185,384295612.022818,384295612.022818,0.9999999999999988,1.0,0.9999999999999988,4,4,0,meets_screen,0.99,valid_fraction_of_represented
Rajasthan,block,Salumbar||Lasadiya,ACCESS-CM2,2005,rh,512530251.76336837,512530251.76336896,512530251.76336896,1.000000000000001,1.0,1.000000000000001,4,4,0,meets_screen,0.99,valid_fraction_of_represented
Rajasthan,block,Salumbar||Salumbar,ACCESS-CM2,2005,rh,665405897.5912688,665405897.5912706,665405897.5912706,1.0000000000000027,1.0,1.0000000000000027,7,7,0,meets_screen,0.99,valid_fraction_of_represented
Rajasthan,block,Salumbar||Sarada,ACCESS-CM2,2005,rh,377723991.7711415,377723991.77114224,377723991.77114224,1.000000000000002,1.0,1.000000000000002,4,4,0,meets_screen,0.99,valid_fraction_of_represented
Rajasthan,block,Salumbar||Semari,ACCESS-CM2,2005,rh,127859089.61513302,127859089.61513309,127859089.61513309,1.0000000000000007,1.0,1.0000000000000007,2,2,0,meets_screen,0.99,valid_fraction_of_represented
Rajasthan,block,Sawai Madhopur||Bonli,ACCESS-CM2,2005,rh,628249793.8089125,628249793.8089128,628249793.8089128,1.0000000000000004,1.0,1.0000000000000004,4,4,0,meets_screen,0.99,valid_fraction_of_represented
Rajasthan,block,Sawai Madhopur||Chauth Ka Barwara,ACCESS-CM2,2005,rh,526916917.5208292,526916917.5208283,526916917.5208283,0.9999999999999983,1.0,0.9999999999999983,5,5,0,meets_screen,0.99,valid_fraction_of_represented
Rajasthan,block,Sawai Madhopur||Khandar,ACCESS-CM2,2005,rh,1391000130.4132385,1391000130.4132438,1391000130.4132438,1.0000000000000038,1.0,1.0000000000000038,8,8,0,meets_screen,0.99,valid_fraction_of_represented
Rajasthan,block,Sawai Madhopur||Malarna Doongar,ACCESS-CM2,2005,rh,374338037.44727033,374338037.44727093,374338037.44727093,1.0000000000000016,1.0,1.0000000000000016,4,4,0,meets_screen,0.99,valid_fraction_of_represented
Rajasthan,block,Sawai Madhopur||Sawai Madhopur,ACCESS-CM2,2005,rh,739493123.9029337,739493123.9029344,739493123.9029344,1.0000000000000009,1.0,1.0000000000000009,5,5,0,meets_screen,0.99,valid_fraction_of_represented
Rajasthan,block,Shahpura||Banera,ACCESS-CM2,2005,rh,662966105.2847353,662966105.2847351,662966105.2847351,0.9999999999999997,1.0,0.9999999999999997,5,5,0,meets_screen,0.99,valid_fraction_of_represented
Rajasthan,block,Shahpura||Jahazpur,ACCESS-CM2,2005,rh,1080541021.1565685,1080541021.156568,1080541021.156568,0.9999999999999996,1.0,0.9999999999999996,5,5,0,meets_screen,0.99,valid_fraction_of_represented
Rajasthan,block,Shahpura||Kotri,ACCESS-CM2,2005,rh,933624047.062349,933624047.062348,933624047.062348,0.999999999999999,1.0,0.999999999999999,5,5,0,meets_screen,0.99,valid_fraction_of_represented
Rajasthan,block,Shahpura||Shahpura,ACCESS-CM2,2005,rh,1130740106.912928,1130740106.912926,1130740106.912926,0.9999999999999981,1.0,0.9999999999999981,6,6,0,meets_screen,0.99,valid_fraction_of_represented
Rajasthan,block,Sikar||Danta Ramgarh,ACCESS-CM2,2005,rh,898850233.866685,898850233.8666829,898850233.8666829,0.9999999999999976,1.0,0.9999999999999976,5,5,0,meets_screen,0.99,valid_fraction_of_represented
Rajasthan,block,Sikar||Dhod,ACCESS-CM2,2005,rh,1094113400.1198695,1094113400.119869,1094113400.119869,0.9999999999999996,1.0,0.9999999999999996,6,6,0,meets_screen,0.99,valid_fraction_of_represented
Rajasthan,block,Sikar||Fatehpur,ACCESS-CM2,2005,rh,1257446006.5107577,1257446006.510756,1257446006.510756,0.9999999999999987,1.0,0.9999999999999987,5,5,0,meets_screen,0.99,valid_fraction_of_represented
Rajasthan,block,Sikar||Khandela,ACCESS-CM2,2005,rh,633573907.8235158,633573907.8235164,633573907.8235164,1.0000000000000009,1.0,1.0000000000000009,4,4,0,meets_screen,0.99,valid_fraction_of_represented
Rajasthan,block,Sikar||Lachhmangarh,ACCESS-CM2,2005,rh,550354396.6517102,550354396.6517103,550354396.6517103,1.0000000000000002,1.0,1.0000000000000002,4,4,0,meets_screen,0.99,valid_fraction_of_represented
Rajasthan,block,Sikar||Nechwa,ACCESS-CM2,2005,rh,479150709.5278671,479150709.52786714,479150709.52786714,1.0000000000000002,1.0,1.0000000000000002,6,6,0,meets_screen,0.99,valid_fraction_of_represented
Rajasthan,block,Sikar||Palsana,ACCESS-CM2,2005,rh,491201533.67315316,491201533.6731533,491201533.6731533,1.0000000000000002,1.0,1.0000000000000002,4,4,0,meets_screen,0.99,valid_fraction_of_represented
Rajasthan,block,Sikar||Piprali,ACCESS-CM2,2005,rh,405704767.0038475,405704767.003847,405704767.003847,0.9999999999999988,1.0,0.9999999999999988,5,5,0,meets_screen,0.99,valid_fraction_of_represented
Rajasthan,block,Sirohi||Abu Road,ACCESS-CM2,2005,rh,879483182.4059329,879483182.4059334,879483182.4059334,1.0000000000000004,1.0,1.0000000000000004,6,6,0,meets_screen,0.99,valid_fraction_of_represented
Rajasthan,block,Sirohi||Pindwara,ACCESS-CM2,2005,rh,1113496150.8475285,1113496150.8475268,1113496150.8475268,0.9999999999999984,1.0,0.9999999999999984,6,6,0,meets_screen,0.99,valid_fraction_of_represented
Rajasthan,block,Sirohi||Reodar,ACCESS-CM2,2005,rh,1085961352.9105442,1085961352.910543,1085961352.910543,0.9999999999999989,1.0,0.9999999999999989,8,8,0,meets_screen,0.99,valid_fraction_of_represented
Rajasthan,block,Sirohi||Sheoganj,ACCESS-CM2,2005,rh,884217141.1296932,884217141.1296952,884217141.1296952,1.0000000000000022,1.0,1.0000000000000022,6,6,0,meets_screen,0.99,valid_fraction_of_represented
Rajasthan,block,Sirohi||Sirohi,ACCESS-CM2,2005,rh,1174452574.3989372,1174452574.3989406,1174452574.3989406,1.0000000000000029,1.0,1.0000000000000029,8,8,0,meets_screen,0.99,valid_fraction_of_represented
Rajasthan,block,Tonk||Deoli,ACCESS-CM2,2005,rh,1226431579.4903657,1226431579.4903662,1226431579.4903662,1.0000000000000004,1.0,1.0000000000000004,7,7,0,meets_screen,0.99,valid_fraction_of_represented
Rajasthan,block,Tonk||Malpura,ACCESS-CM2,2005,rh,1489898129.5059679,1489898129.505968,1489898129.505968,1.0000000000000002,1.0,1.0000000000000002,8,8,0,meets_screen,0.99,valid_fraction_of_represented
Rajasthan,block,Tonk||Newai,ACCESS-CM2,2005,rh,979845450.8092096,979845450.8092109,979845450.8092109,1.0000000000000013,1.0,1.0000000000000013,7,7,0,meets_screen,0.99,valid_fraction_of_represented
Rajasthan,block,Tonk||Peeplu,ACCESS-CM2,2005,rh,695939645.3289554,695939645.3289565,695939645.3289565,1.0000000000000016,1.0,1.0000000000000016,4,4,0,meets_screen,0.99,valid_fraction_of_represented
Rajasthan,block,Tonk||Tonk,ACCESS-CM2,2005,rh,814516902.7367902,814516902.73679,814516902.73679,0.9999999999999997,1.0,0.9999999999999997,7,7,0,meets_screen,0.99,valid_fraction_of_represented
Rajasthan,block,Tonk||Uniara,ACCESS-CM2,2005,rh,988711446.0887059,988711446.0887053,988711446.0887053,0.9999999999999994,1.0,0.9999999999999994,5,5,0,meets_screen,0.99,valid_fraction_of_represented
Rajasthan,block,Udaipur||Bargaon,ACCESS-CM2,2005,rh,446151756.3524637,446151756.3524637,446151756.3524637,1.0,1.0,1.0,3,3,0,meets_screen,0.99,valid_fraction_of_represented
Rajasthan,block,Udaipur||Bhinder,ACCESS-CM2,2005,rh,351817563.3271803,351817563.3271809,351817563.3271809,1.0000000000000018,1.0,1.0000000000000018,4,4,0,meets_screen,0.99,valid_fraction_of_represented
Rajasthan,block,Udaipur||Girwa,ACCESS-CM2,2005,rh,881444869.628905,881444869.6289033,881444869.6289033,0.999999999999998,1.0,0.999999999999998,5,5,0,meets_screen,0.99,valid_fraction_of_represented
Rajasthan,block,Udaipur||Gogunda,ACCESS-CM2,2005,rh,440766334.31581664,440766334.31581676,440766334.31581676,1.0000000000000002,1.0,1.0000000000000002,4,4,0,meets_screen,0.99,valid_fraction_of_represented
Rajasthan,block,Udaipur||Jhadol,ACCESS-CM2,2005,rh,710885991.4619837,710885991.4619827,710885991.4619827,0.9999999999999987,1.0,0.9999999999999987,5,5,0,meets_screen,0.99,valid_fraction_of_represented
Rajasthan,block,Udaipur||Kherwara,ACCESS-CM2,2005,rh,636594160.7114675,636594160.7114683,636594160.7114683,1.0000000000000013,1.0,1.0000000000000013,4,4,0,meets_screen,0.99,valid_fraction_of_represented
Rajasthan,block,Udaipur||Kotra,ACCESS-CM2,2005,rh,1734678058.1437662,1734678058.1437674,1734678058.1437674,1.0000000000000007,1.0,1.0000000000000007,8,8,0,meets_screen,0.99,valid_fraction_of_represented
Rajasthan,block,Udaipur||Kurabad,ACCESS-CM2,2005,rh,535202938.21192914,535202938.211929,535202938.211929,0.9999999999999998,1.0,0.9999999999999998,4,4,0,meets_screen,0.99,valid_fraction_of_represented
Rajasthan,block,Udaipur||Mavli,ACCESS-CM2,2005,rh,834239948.8384588,834239948.838457,834239948.838457,0.9999999999999979,1.0,0.9999999999999979,5,5,0,meets_screen,0.99,valid_fraction_of_represented
Rajasthan,block,Udaipur||Nayagaon,ACCESS-CM2,2005,rh,282925490.9523474,282925490.9523479,282925490.9523479,1.0000000000000018,1.0,1.0000000000000018,3,3,0,meets_screen,0.99,valid_fraction_of_represented
Rajasthan,block,Udaipur||Phalasiya,ACCESS-CM2,2005,rh,715991438.1128632,715991438.1128622,715991438.1128622,0.9999999999999987,1.0,0.9999999999999987,5,5,0,meets_screen,0.99,valid_fraction_of_represented
Rajasthan,block,Udaipur||Rishbhdeo,ACCESS-CM2,2005,rh,615976004.8147234,615976004.8147236,615976004.8147236,1.0000000000000004,1.0,1.0000000000000004,5,5,0,meets_screen,0.99,valid_fraction_of_represented
Rajasthan,block,Udaipur||Sayra,ACCESS-CM2,2005,rh,575677583.7847122,575677583.7847121,575677583.7847121,0.9999999999999998,1.0,0.9999999999999998,4,4,0,meets_screen,0.99,valid_fraction_of_represented
Rajasthan,block,Udaipur||Vallabhnagar,ACCESS-CM2,2005,rh,433268793.8131184,433268793.8131186,433268793.8131186,1.0000000000000004,1.0,1.0000000000000004,4,4,0,meets_screen,0.99,valid_fraction_of_represented
Rajasthan,district,Ajmer,ACCESS-CM2,2005,elev,4055294025.774688,4055294025.7746773,4055294025.7746773,0.9999999999999974,1.0,0.9999999999999974,15,15,0,meets_screen,0.99,valid_fraction_of_represented
Rajasthan,district,Alwar,ACCESS-CM2,2005,elev,4750760388.578078,4750760388.57811,4750760388.57811,1.0000000000000067,1.0,1.0000000000000067,17,17,0,meets_screen,0.99,valid_fraction_of_represented
Rajasthan,district,Anoopgarh,ACCESS-CM2,2005,elev,8856585377.8975,8856585377.89749,8856585377.89749,0.9999999999999989,1.0,0.9999999999999989,27,27,0,meets_screen,0.99,valid_fraction_of_represented
Rajasthan,district,Balotra,ACCESS-CM2,2005,elev,10191640201.952345,10191640201.95233,10191640201.95233,0.9999999999999986,1.0,0.9999999999999986,29,29,0,meets_screen,0.99,valid_fraction_of_represented
Rajasthan,district,Banswara,ACCESS-CM2,2005,elev,4509763628.748106,4509763628.748111,4509763628.748111,1.000000000000001,1.0,1.000000000000001,14,14,0,meets_screen,0.99,valid_fraction_of_represented
Rajasthan,district,Baran,ACCESS-CM2,2005,elev,6994294582.253114,6994294582.253133,6994294582.253133,1.0000000000000027,1.0,1.0000000000000027,21,21,0,meets_screen,0.99,valid_fraction_of_represented
Rajasthan,district,Barmer,ACCESS-CM2,2005,elev,18195653210.04962,18195653210.04954,18195653210.04954,0.9999999999999956,1.0,0.9999999999999956,45,45,0,meets_screen,0.99,valid_fraction_of_represented
Rajasthan,district,Beawar,ACCESS-CM2,2005,elev,4411183314.130061,4411183314.130083,4411183314.130083,1.0000000000000049,1.0,1.0000000000000049,14,14,0,meets_screen,0.99,valid_fraction_of_represented
Rajasthan,district,Bharatpur,ACCESS-CM2,2005,elev,2893182962.2132297,2893182962.213234,2893182962.213234,1.0000000000000016,1.0,1.0000000000000016,13,13,0,meets_screen,0.99,valid_fraction_of_represented
Rajasthan,district,Bhilwara,ACCESS-CM2,2005,elev,6297213228.413933,6297213228.413948,6297213228.413948,1.0000000000000024,1.0,1.0000000000000024,19,19,0,meets_screen,0.99,valid_fraction_of_represented
Rajasthan,district,Bikaner,ACCESS-CM2,2005,elev,26103909204.171833,26103909204.17194,26103909204.17194,1.000000000000004,1.0,1.000000000000004,63,63,0,meets_screen,0.99,valid_fraction_of_represented
Rajasthan,district,Bundi,ACCESS-CM2,2005,elev,5776717375.233916,5776717375.233915,5776717375.233915,0.9999999999999999,1.0,0.9999999999999999,17,17,0,meets_screen,0.99,valid_fraction_of_represented
Rajasthan,district,Chittorgarh,ACCESS-CM2,2005,elev,7814952433.240153,7814952433.240141,7814952433.240141,0.9999999999999984,1.0,0.9999999999999984,25,25,0,meets_screen,0.99,valid_fraction_of_represented
Rajasthan,district,Churu,ACCESS-CM2,2005,elev,13849414720.3971,13849414720.397104,13849414720.397104,1.0000000000000002,1.0,1.0000000000000002,38,38,0,meets_screen,0.99,valid_fraction_of_represented
Rajasthan,district,Dausa,ACCESS-CM2,2005,elev,3415681595.43647,3415681595.4364758,3415681595.4364758,1.0000000000000018,1.0,1.0000000000000018,14,14,0,meets_screen,0.99,valid_fraction_of_represented
Rajasthan,district,Deeg,ACCESS-CM2,2005,elev,2167208035.3465934,2167208035.3465853,2167208035.3465853,0.9999999999999962,1.0,0.9999999999999962,10,10,0,meets_screen,0.99,valid_fraction_of_represented
Rajasthan,district,Dholpur,ACCESS-CM2,2005,elev,3034415472.8047814,3034415472.80478,3034415472.80478,0.9999999999999996,1.0,0.9999999999999996,13,13,0,meets_screen,0.99,valid_fraction_of_represented
Rajasthan,district,Didwana Kuchaman,ACCESS-CM2,2005,elev,6802910782.967457,6802910782.967462,6802910782.967462,1.0000000000000007,1.0,1.0000000000000007,20,20,0,meets_screen,0.99,valid_fraction_of_represented
Rajasthan,district,Dudu,ACCESS-CM2,2005,elev,2457753204.2835674,2457753204.2835727,2457753204.2835727,1.0000000000000022,1.0,1.0000000000000022,13,13,0,meets_screen,0.99,valid_fraction_of_represented
Rajasthan,district,Dungarpur,ACCESS-CM2,2005,elev,3770283657.684557,3770283657.6845527,3770283657.6845527,0.9999999999999989,1.0,0.9999999999999989,13,13,0,meets_screen,0.99,valid_fraction_of_represented
Rajasthan,district,Ganganagar,ACCESS-CM2,2005,elev,6221729364.136855,6221729364.136857,6221729364.136857,1.0000000000000002,1.0,1.0000000000000002,21,21,0,meets_screen,0.99,valid_fraction_of_represented
Rajasthan,district,Gangapurcity,ACCESS-CM2,2005,elev,2555745726.283539,2555745726.28354,2555745726.28354,1.0000000000000004,1.0,1.0000000000000004,9,9,0,meets_screen,0.99,valid_fraction_of_represented
Rajasthan,district,Hanumangarh,ACCESS-CM2,2005,elev,9709798444.342548,9709798444.342535,9709798444.342535,0.9999999999999987,1.0,0.9999999999999987,28,28,0,meets_screen,0.99,valid_fraction_of_represented
Rajasthan,district,Jaipur,ACCESS-CM2,2005,elev,2124727737.5947616,2124727737.594762,2124727737.594762,1.0000000000000002,1.0,1.0000000000000002,10,10,0,meets_screen,0.99,valid_fraction_of_represented
Rajasthan,district,Jaipur Gramin,ACCESS-CM2,2005,elev,5261342089.786135,5261342089.786127,5261342089.786127,0.9999999999999986,1.0,0.9999999999999986,25,25,0,meets_screen,0.99,valid_fraction_of_represented
Rajasthan,district,Jaisalmer,ACCESS-CM2,2005,elev,38449586760.37038,38449586760.37052,38449586760.37052,1.0000000000000038,1.0,1.0000000000000038,80,80,0,meets_screen,0.99,valid_fraction_of_represented
Rajasthan,district,Jalore,ACCESS-CM2,2005,elev,10643311401.198713,10643311401.198658,10643311401.198658,0.9999999999999948,1.0,0.9999999999999948,31,31,0,meets_screen,0.99,valid_fraction_of_represented
Rajasthan,district,Jhalawar,ACCESS-CM2,2005,elev,6343068845.7373085,6343068845.737314,6343068845.737314,1.0000000000000009,1.0,1.0000000000000009,22,22,0,meets_screen,0.99,valid_fraction_of_represented
Rajasthan,district,Jhunjhunu,ACCESS-CM2,2005,elev,4671656038.19095,4671656038.190949,4671656038.190949,0.9999999999999998,1.0,0.9999999999999998,15,15,0,meets_screen,0.99,valid_fraction_of_represented
Rajasthan,district,Jodhpur,ACCESS-CM2,2005,elev,1553499455.5211885,1553499455.5211895,1553499455.5211895,1.0000000000000007,1.0,1.0000000000000007,7,7,0,meets_screen,0.99,valid_fraction_of_represented
Rajasthan,district,Jodhpur Gramin,ACCESS-CM2,2005,elev,11723285280.676842,11723285280.676777,11723285280.676777,0.9999999999999944,1.0,0.9999999999999944,33,33,0,meets_screen,0.99,valid_fraction_of_represented
Rajasthan,district,Karauli,ACCESS-CM2,2005,elev,3826940915.6645317,3826940915.6645384,3826940915.6645384,1.0000000000000018,1.0,1.0000000000000018,13,13,0,meets_screen,0.99,valid_fraction_of_represented
Rajasthan,district,Kekri,ACCESS-CM2,2005,elev,3868918779.523736,3868918779.523746,3868918779.523746,1.0000000000000027,1.0,1.0000000000000027,14,14,0,meets_screen,0.99,valid_fraction_of_represented
Rajasthan,district,Khairthal-Tijara,ACCESS-CM2,2005,elev,2006308488.8917792,2006308488.8917835,2006308488.8917835,1.0000000000000022,1.0,1.0000000000000022,9,9,0,meets_screen,0.99,valid_fraction_of_represented
Rajasthan,district,Kota,ACCESS-CM2,2005,elev,5089694451.322704,5089694451.322713,5089694451.322713,1.0000000000000018,1.0,1.0000000000000018,20,20,0,meets_screen,0.99,valid_fraction_of_represented
Rajasthan,district,Kotputli-Behror,ACCESS-CM2,2005,elev,2919881373.0350614,2919881373.035069,2919881373.035069,1.0000000000000027,1.0,1.0000000000000027,13,13,0,meets_screen,0.99,valid_fraction_of_represented
Rajasthan,district,Nagaur,ACCESS-CM2,2005,elev,11006779456.561367,11006779456.561316,11006779456.561316,0.9999999999999953,1.0,0.9999999999999953,30,30,0,meets_screen,0.99,valid_fraction_of_represented
Rajasthan,district,Neem Ka Thana,ACCESS-CM2,2005,elev,3172615448.84498,3172615448.8449793,3172615448.8449793,0.9999999999999999,1.0,0.9999999999999999,14,14,0,meets_screen,0.99,valid_fraction_of_represented
Rajasthan,district,Pali,ACCESS-CM2,2005,elev,9909512104.54707,9909512104.547033,9909512104.547033,0.9999999999999963,1.0,0.9999999999999963,28,28,0,meets_screen,0.99,valid_fraction_of_represented
Rajasthan,district,Phalodi,ACCESS-CM2,2005,elev,9402973511.594337,9402973511.594328,9402973511.594328,0.999999999999999,1.0,0.999999999999999,24,24,0,meets_screen,0.99,valid_fraction_of_represented
Rajasthan,district,Pratapgarh,ACCESS-CM2,2005,elev,4439176893.625333,4439176893.625322,4439176893.625322,0.9999999999999977,1.0,0.9999999999999977,14,14,0,meets_screen,0.99,valid_fraction_of_represented
Rajasthan,district,Rajsamand,ACCESS-CM2,2005,elev,4628921114.499642,4628921114.499646,4628921114.499646,1.0000000000000009,1.0,1.0000000000000009,19,19,0,meets_screen,0.99,valid_fraction_of_represented
Rajasthan,district,Salumbar,ACCESS-CM2,2005,elev,2523800277.920519,2523800277.920513,2523800277.920513,0.9999999999999978,1.0,0.9999999999999978,11,11,0,meets_screen,0.99,valid_fraction_of_represented
Rajasthan,district,Sawai Madhopur,ACCESS-CM2,2005,elev,3659998003.0931926,3659998003.0931892,3659998003.0931892,0.9999999999999991,1.0,0.9999999999999991,13,13,0,meets_screen,0.99,valid_fraction_of_represented
Rajasthan,district,Shahpura,ACCESS-CM2,2005,elev,3807871280.4165807,3807871280.416578,3807871280.416578,0.9999999999999992,1.0,0.9999999999999992,13,13,0,meets_screen,0.99,valid_fraction_of_represented
Rajasthan,district,Sikar,ACCESS-CM2,2005,elev,5810394955.177412,5810394955.177401,5810394955.177401,0.999999999999998,1.0,0.999999999999998,18,18,0,meets_screen,0.99,valid_fraction_of_represented
Rajasthan,district,Sirohi,ACCESS-CM2,2005,elev,5137610401.692628,5137610401.692639,5137610401.692639,1.0000000000000022,1.0,1.0000000000000022,17,17,0,meets_screen,0.99,valid_fraction_of_represented
Rajasthan,district,Tonk,ACCESS-CM2,2005,elev,6195343153.960031,6195343153.959998,6195343153.959998,0.9999999999999948,1.0,0.9999999999999948,22,22,0,meets_screen,0.99,valid_fraction_of_represented
Rajasthan,district,Udaipur,ACCESS-CM2,2005,elev,9195620932.469694,9195620932.469734,9195620932.469734,1.0000000000000044,1.0,1.0000000000000044,26,26,0,meets_screen,0.99,valid_fraction_of_represented
Rajasthan,block,Ajmer||Ajmer Rural,ACCESS-CM2,2005,elev,774178452.4873723,774178452.4873722,774178452.4873722,0.9999999999999999,1.0,0.9999999999999999,7,7,0,meets_screen,0.99,valid_fraction_of_represented
Rajasthan,block,Ajmer||Arain,ACCESS-CM2,2005,elev,557021075.3912596,557021075.3912592,557021075.3912592,0.9999999999999993,1.0,0.9999999999999993,5,5,0,meets_screen,0.99,valid_fraction_of_represented
Rajasthan,block,Ajmer||Kishangarh Silora,ACCESS-CM2,2005,elev,635988327.7305142,635988327.7305158,635988327.7305158,1.0000000000000027,1.0,1.0000000000000027,6,6,0,meets_screen,0.99,valid_fraction_of_represented
Rajasthan,block,Ajmer||Pisangan,ACCESS-CM2,2005,elev,980113760.9284798,980113760.9284794,980113760.9284794,0.9999999999999997,1.0,0.9999999999999997,7,7,0,meets_screen,0.99,valid_fraction_of_represented
Rajasthan,block,Ajmer||Sawar,ACCESS-CM2,2005,elev,533439507.62715745,533439507.6271612,533439507.6271612,1.000000000000007,1.0,1.000000000000007,4,4,0,meets_screen,0.99,valid_fraction_of_represented
Rajasthan,block,Ajmer||Srinagar,ACCESS-CM2,2005,elev,574552901.6098905,574552901.6098908,574552901.6098908,1.0000000000000007,1.0,1.0000000000000007,5,5,0,meets_screen,0.99,valid_fraction_of_represented
Rajasthan,block,Alwar||Govindgarh,ACCESS-CM2,2005,elev,111760767.19678779,111760767.19678786,111760767.19678786,1.0000000000000007,1.0,1.0000000000000007,4,4,0,meets_screen,0.99,valid_fraction_of_represented
Rajasthan,block,Alwar||Kathumar,ACCESS-CM2,2005,elev,571424810.8858336,571424810.8858334,571424810.8858334,0.9999999999999996,1.0,0.9999999999999996,4,4,0,meets_screen,0.99,valid_fraction_of_represented
Rajasthan,block,Alwar||Laxmangarh,ACCESS-CM2,2005,elev,463646576.3476843,463646576.347684,463646576.347684,0.9999999999999993,1.0,0.9999999999999993,4,4,0,meets_screen,0.99,valid_fraction_of_represented
Rajasthan,block,Alwar||Malkheda,ACCESS-CM2,2005,elev,469564821.55548644,469564821.55548775,469564821.55548775,1.0000000000000029,1.0,1.0000000000000029,4,4,0,meets_screen,0.99,valid_fraction_of_represented
Rajasthan,block,Alwar||Rajgarh,ACCESS-CM2,2005,elev,798116712.9408319,798116712.9408326,798116712.9408326,1.0000000000000009,1.0,1.0000000000000009,4,4,0,meets_screen,0.99,valid_fraction_of_represented
Rajasthan,block,Alwar||Ramgarh,ACCESS-CM2,2005,elev,545046175.9139131,545046175.9139135,545046175.9139135,1.0000000000000007,1.0,1.0000000000000007,5,5,0,meets_screen,0.99,valid_fraction_of_represented
Rajasthan,block,Alwar||Reni,ACCESS-CM2,2005,elev,417591438.8679423,417591438.86794204,417591438.86794204,0.9999999999999994,1.0,0.9999999999999994,4,4,0,meets_screen,0.99,valid_fraction_of_represented
Rajasthan,block,Alwar||Thanagazi,ACCESS-CM2,2005,elev,640267169.3811791,640267169.3811799,640267169.3811799,1.0000000000000013,1.0,1.0000000000000013,6,6,0,meets_screen,0.99,valid_fraction_of_represented
Rajasthan,block,Alwar||Umren,ACCESS-CM2,2005,elev,733341915.4884502,733341915.4884504,733341915.4884504,1.0000000000000002,1.0,1.0000000000000002,6,6,0,meets_screen,0.99,valid_fraction_of_represented
Rajasthan,block,Anoopgarh||Anupgarh,ACCESS-CM2,2005,elev,1198699775.516665,1198699775.516665,1198699775.516665,1.0,1.0,1.0,7,7,0,meets_screen,0.99,valid_fraction_of_represented
Rajasthan,block,Anoopgarh||Gharsana,ACCESS-CM2,2005,elev,1386401616.8105469,1386401616.8105474,1386401616.8105474,1.0000000000000004,1.0,1.0000000000000004,7,7,0,meets_screen,0.99,valid_fraction_of_represented
Rajasthan,block,Anoopgarh||Khajuwala,ACCESS-CM2,2005,elev,4147358924.85569,4147358924.8556876,4147358924.8556876,0.9999999999999994,1.0,0.9999999999999994,19,19,0,meets_screen,0.99,valid_fraction_of_represented
Rajasthan,block,Anoopgarh||Raisinghnagar,ACCESS-CM2,2005,elev,1318724640.9588883,1318724640.9588888,1318724640.9588888,1.0000000000000004,1.0,1.0000000000000004,6,6,0,meets_screen,0.99,valid_fraction_of_represented
Rajasthan,block,Anoopgarh||Vijainagar,ACCESS-CM2,2005,elev,805400419.7557,805400419.7556998,805400419.7556998,0.9999999999999997,1.0,0.9999999999999997,5,5,0,meets_screen,0.99,valid_fraction_of_represented
Rajasthan,block,Balotra||Baltora,ACCESS-CM2,2005,elev,1489861780.0371726,1489861780.0371723,1489861780.0371723,0.9999999999999999,1.0,0.9999999999999999,7,7,0,meets_screen,0.99,valid_fraction_of_represented
Rajasthan,block,Balotra||Baytoo,ACCESS-CM2,2005,elev,1170171880.4571133,1170171880.457113,1170171880.457113,0.9999999999999998,1.0,0.9999999999999998,6,6,0,meets_screen,0.99,valid_fraction_of_represented
Rajasthan,block,Balotra||Gira,ACCESS-CM2,2005,elev,1586754758.2101476,1586754758.2101502,1586754758.2101502,1.0000000000000016,1.0,1.0000000000000016,8,8,0,meets_screen,0.99,valid_fraction_of_represented
Rajasthan,block,Balotra||Kalyanpur,ACCESS-CM2,2005,elev,1162571122.6757267,1162571122.6757252,1162571122.6757252,0.9999999999999988,1.0,0.9999999999999988,6,6,0,meets_screen,0.99,valid_fraction_of_represented
Rajasthan,block,Balotra||Panyla Kla,ACCESS-CM2,2005,elev,475334870.5301343,475334870.5301346,475334870.5301346,1.0000000000000007,1.0,1.0000000000000007,4,4,0,meets_screen,0.99,valid_fraction_of_represented
Rajasthan,block,Balotra||Patodi,ACCESS-CM2,2005,elev,830074643.482204,830074643.4822034,830074643.4822034,0.9999999999999993,1.0,0.9999999999999993,6,6,0,meets_screen,0.99,valid_fraction_of_represented
Rajasthan,block,Balotra||Samdari,ACCESS-CM2,2005,elev,868002540.1581249,868002540.1581239,868002540.1581239,0.9999999999999988,1.0,0.9999999999999988,6,6,0,meets_screen,0.99,valid_fraction_of_represented
Rajasthan,block,Balotra||Sindhari,ACCESS-CM2,2005,elev,1417328156.6199718,1417328156.6199727,1417328156.6199727,1.0000000000000007,1.0,1.0000000000000007,9,9,0,meets_screen,0.99,valid_fraction_of_represented
Rajasthan,block,Balotra||Siwana,ACCESS-CM2,2005,elev,1191540449.781735,1191540449.7817354,1191540449.7817354,1.0000000000000004,1.0,1.0000000000000004,7,7,0,meets_screen,0.99,valid_fraction_of_represented
Rajasthan,block,Banswara||Anandpuri,ACCESS-CM2,2005,elev,332052945.3402495,332052945.340249,332052945.340249,0.9999999999999986,1.0,0.9999999999999986,2,2,0,meets_screen,0.99,valid_fraction_of_represented
Rajasthan,block,Banswara||Arthuna,ACCESS-CM2,2005,elev,245660513.61833125,245660513.61833134,245660513.61833134,1.0000000000000004,1.0,1.0000000000000004,5,5,0,meets_screen,0.99,valid_fraction_of_represented
Rajasthan,block,Banswara||Bagidora,ACCESS-CM2,2005,elev,303389427.5928248,303389427.5928245,303389427.5928245,0.999999999999999,1.0,0.999999999999999,3,3,0,meets_screen,0.99,valid_fraction_of_represented
Rajasthan,block,Banswara||Banswara,ACCESS-CM2,2005,elev,528701462.3024775,528701462.30247617,528701462.30247617,0.9999999999999976,1.0,0.9999999999999976,4,4,0,meets_screen,0.99,valid_fraction_of_represented
Rajasthan,block,Banswara||Chhoti Sarwan,ACCESS-CM2,2005,elev,347139781.44283587,347139781.4428353,347139781.4428353,0.9999999999999983,1.0,0.9999999999999983,3,3,0,meets_screen,0.99,valid_fraction_of_represented
Rajasthan,block,Banswara||Gangar Talai,ACCESS-CM2,2005,elev,217965510.99221048,217965510.99221054,217965510.99221054,1.0000000000000002,1.0,1.0000000000000002,2,2,0,meets_screen,0.99,valid_fraction_of_represented
Rajasthan,block,Banswara||Garhi,ACCESS-CM2,2005,elev,462837379.88367057,462837379.8836703,462837379.8836703,0.9999999999999993,1.0,0.9999999999999993,3,3,0,meets_screen,0.99,valid_fraction_of_represented
Rajasthan,block,Banswara||Ghatol,ACCESS-CM2,2005,elev,766717605.7303256,766717605.7303244,766717605.7303244,0.9999999999999984,1.0,0.9999999999999984,6,6,0,meets_screen,0.99,valid_fraction_of_represented
Rajasthan,block,Banswara||Kushalgarh,ACCESS-CM2,2005,elev,644146539.774568,644146539.7745677,644146539.7745677,0.9999999999999997,1.0,0.9999999999999997,4,4,0,meets_screen,0.99,valid_fraction_of_represented
Rajasthan,block,Banswara||Sajjangarh,ACCESS-CM2,2005,elev,393932124.77661395,393932124.77661383,393932124.77661383,0.9999999999999997,1.0,0.9999999999999997,4,4,0,meets_screen,0.99,valid_fraction_of_represented
Rajasthan,block,Banswara||Talwara,ACCESS-CM2,2005,elev,267220337.29400674,267220337.2940066,267220337.2940066,0.9999999999999994,1.0,0.9999999999999994,3,3,0,meets_screen,0.99,valid_fraction_of_represented
Rajasthan,block,Baran||Anta,ACCESS-CM2,2005,elev,547458738.7939315,547458738.7939318,547458738.7939318,1.0000000000000007,1.0,1.0000000000000007,4,4,0,meets_screen,0.99,valid_fraction_of_represented
Rajasthan,block,Baran||Atru,ACCESS-CM2,2005,elev,833261189.4159267,833261189.4159284,833261189.4159284,1.000000000000002,1.0,1.000000000000002,7,7,0,meets_screen,0.99,valid_fraction_of_represented
Rajasthan,block,Baran||Baran (Full),ACCESS-CM2,2005,elev,624388290.3447804,624388290.3447803,624388290.3447803,0.9999999999999998,1.0,0.9999999999999998,6,6,0,meets_screen,0.99,valid_fraction_of_represented
Rajasthan,block,Baran||Chhabra,ACCESS-CM2,2005,elev,800269927.5534122,800269927.5534151,800269927.5534151,1.0000000000000036,1.0,1.0000000000000036,6,6,0,meets_screen,0.99,valid_fraction_of_represented
Rajasthan,block,Baran||Chhipabarod,ACCESS-CM2,2005,elev,850160871.5401124,850160871.5401137,850160871.5401137,1.0000000000000016,1.0,1.0000000000000016,4,4,0,meets_screen,0.99,valid_fraction_of_represented
Rajasthan,block,Baran||Kishanganj,ACCESS-CM2,2005,elev,1426577529.7513683,1426577529.7513702,1426577529.7513702,1.0000000000000013,1.0,1.0000000000000013,6,6,0,meets_screen,0.99,valid_fraction_of_represented
Rajasthan,block,Baran||Mangrol,ACCESS-CM2,2005,elev,441180338.1789,441180338.1788998,441180338.1788998,0.9999999999999996,1.0,0.9999999999999996,4,4,0,meets_screen,0.99,valid_fraction_of_represented
Rajasthan,block,Baran||Shahbad,ACCESS-CM2,2005,elev,1470997696.674693,1470997696.6746905,1470997696.6746905,0.9999999999999982,1.0,0.9999999999999982,6,6,0,meets_screen,0.99,valid_fraction_of_represented
Rajasthan,block,Barmer||Aadel,ACCESS-CM2,2005,elev,446165945.8609541,446165945.8609542,446165945.8609542,1.0000000000000002,1.0,1.0000000000000002,3,3,0,meets_screen,0.99,valid_fraction_of_represented
Rajasthan,block,Barmer||Barmer,ACCESS-CM2,2005,elev,1973553299.6006653,1973553299.6006675,1973553299.6006675,1.000000000000001,1.0,1.000000000000001,10,10,0,meets_screen,0.99,valid_fraction_of_represented
Rajasthan,block,Barmer||Barmer Rural,ACCESS-CM2,2005,elev,1345518591.9586096,1345518591.958608,1345518591.958608,0.9999999999999988,1.0,0.9999999999999988,9,9,0,meets_screen,0.99,valid_fraction_of_represented
Rajasthan,block,Barmer||Chohtan,ACCESS-CM2,2005,elev,1116958317.2145143,1116958317.214515,1116958317.214515,1.0000000000000007,1.0,1.0000000000000007,7,7,0,meets_screen,0.99,valid_fraction_of_represented
Rajasthan,block,Barmer||Dhanau,ACCESS-CM2,2005,elev,1315251564.6327848,1315251564.632786,1315251564.632786,1.0000000000000009,1.0,1.0000000000000009,6,6,0,meets_screen,0.99,valid_fraction_of_represented
Rajasthan,block,Barmer||Dhorimanna,ACCESS-CM2,2005,elev,1315865348.9317687,1315865348.931768,1315865348.931768,0.9999999999999994,1.0,0.9999999999999994,7,7,0,meets_screen,0.99,valid_fraction_of_represented
Rajasthan,block,Barmer||Fagliya,ACCESS-CM2,2005,elev,851242935.9419439,851242935.9419439,851242935.9419439,1.0,1.0,1.0,7,7,0,meets_screen,0.99,valid_fraction_of_represented
Rajasthan,block,Barmer||Gadra Road,ACCESS-CM2,2005,elev,3885229819.8967395,3885229819.896744,3885229819.896744,1.000000000000001,1.0,1.000000000000001,11,11,0,meets_screen,0.99,valid_fraction_of_represented
Rajasthan,block,Barmer||Gudhamalani,ACCESS-CM2,2005,elev,855134718.8628451,855134718.8628451,855134718.8628451,1.0,1.0,1.0,5,5,0,meets_screen,0.99,valid_fraction_of_represented
Rajasthan,block,Barmer||Ramsar,ACCESS-CM2,2005,elev,1627038176.484903,1627038176.4849033,1627038176.4849033,1.0000000000000002,1.0,1.0000000000000002,7,7,0,meets_screen,0.99,valid_fraction_of_represented
Rajasthan,block,Barmer||Sedwa,ACCESS-CM2,2005,elev,741231406.4764197,741231406.4764202,741231406.4764202,1.0000000000000007,1.0,1.0000000000000007,4,4,0,meets_screen,0.99,valid_fraction_of_represented
Rajasthan,block,Barmer||Sheo,ACCESS-CM2,2005,elev,2722463084.1873865,2722463084.187394,2722463084.187394,1.0000000000000029,1.0,1.0000000000000029,14,14,0,meets_screen,0.99,valid_fraction_of_represented
Rajasthan,block,Beawar||Badnor,ACCESS-CM2,2005,elev,382258974.5935427,382258974.5935432,382258974.5935432,1.0000000000000013,1.0,1.0000000000000013,4,4,0,meets_screen,0.99,valid_fraction_of_represented
Rajasthan,block,Beawar||Jaitaran,ACCESS-CM2,2005,elev,1378055930.19387,1378055930.1938696,1378055930.1938696,0.9999999999999997,1.0,0.9999999999999997,5,5,0,meets_screen,0.99,valid_fraction_of_represented
Rajasthan,block,Beawar||Jawaja,ACCESS-CM2,2005,elev,689055309.7983739,689055309.7983738,689055309.7983738,0.9999999999999998,1.0,0.9999999999999998,7,7,0,meets_screen,0.99,valid_fraction_of_represented
Rajasthan,block,Beawar||Masooda,ACCESS-CM2,2005,elev,863028866.6773298,863028866.6773293,863028866.6773293,0.9999999999999994,1.0,0.9999999999999994,4,4,0,meets_screen,0.99,valid_fraction_of_represented
Rajasthan,block,Beawar||Raipur,ACCESS-CM2,2005,elev,1098784232.8669677,1098784232.8669667,1098784232.8669667,0.9999999999999991,1.0,0.9999999999999991,7,7,0,meets_screen,0.99,valid_fraction_of_represented
Rajasthan,block,Bharatpur||Bayana,ACCESS-CM2,2005,elev,778413300.9957489,778413300.995752,778413300.995752,1.000000000000004,1.0,1.000000000000004,5,5,0,meets_screen,0.99,valid_fraction_of_represented
Rajasthan,block,Bharatpur||Bhusawar,ACCESS-CM2,2005,elev,278871837.2492298,278871837.2492295,278871837.2492295,0.9999999999999989,1.0,0.9999999999999989,3,3,0,meets_screen,0.99,valid_fraction_of_represented
Rajasthan,block,Bharatpur||Nadbai,ACCESS-CM2,2005,elev,447783897.28663164,447783897.2866317,447783897.2866317,1.0000000000000002,1.0,1.0000000000000002,4,4,0,meets_screen,0.99,valid_fraction_of_represented
Rajasthan,block,Bharatpur||Rupbas,ACCESS-CM2,2005,elev,394865058.0856236,394865058.0856235,394865058.0856235,0.9999999999999997,1.0,0.9999999999999997,6,6,0,meets_screen,0.99,valid_fraction_of_represented
Rajasthan,block,Bharatpur||Sewar,ACCESS-CM2,2005,elev,501512372.6204903,501512372.62049043,501512372.62049043,1.0000000000000002,1.0,1.0000000000000002,4,4,0,meets_screen,0.99,valid_fraction_of_represented
Rajasthan,block,Bharatpur||Uchain,ACCESS-CM2,2005,elev,165552533.47707263,165552533.4770728,165552533.4770728,1.000000000000001,1.0,1.000000000000001,2,2,0,meets_screen,0.99,valid_fraction_of_represented
Rajasthan,block,Bharatpur||Weir,ACCESS-CM2,2005,elev,326183962.4984353,326183962.49843514,326183962.49843514,0.9999999999999994,1.0,0.9999999999999994,4,4,0,meets_screen,0.99,valid_fraction_of_represented
Rajasthan,block,Bhilwara||Asind,ACCESS-CM2,2005,elev,725940041.9316651,725940041.9316642,725940041.9316642,0.9999999999999989,1.0,0.9999999999999989,4,4,0,meets_screen,0.99,valid_fraction_of_represented
Rajasthan,block,Bhilwara||Bijoliya,ACCESS-CM2,2005,elev,724698477.5896872,724698477.5896866,724698477.5896866,0.9999999999999992,1.0,0.9999999999999992,4,4,0,meets_screen,0.99,valid_fraction_of_represented
Rajasthan,block,Bhilwara||Hurda,ACCESS-CM2,2005,elev,650429162.1217002,650429162.1217024,650429162.1217024,1.0000000000000036,1.0,1.0000000000000036,6,6,0,meets_screen,0.99,valid_fraction_of_represented
Rajasthan,block,Bhilwara||Kareda,ACCESS-CM2,2005,elev,556797149.0601883,556797149.0601896,556797149.0601896,1.0000000000000024,1.0,1.0000000000000024,4,4,0,meets_screen,0.99,valid_fraction_of_represented
Rajasthan,block,Bhilwara||Mandal,ACCESS-CM2,2005,elev,662599825.1348236,662599825.134824,662599825.134824,1.0000000000000007,1.0,1.0000000000000007,4,4,0,meets_screen,0.99,valid_fraction_of_represented
Rajasthan,block,Bhilwara||Mandalgarh,ACCESS-CM2,2005,elev,837772817.3714671,837772817.3714662,837772817.3714662,0.9999999999999989,1.0,0.9999999999999989,6,6,0,meets_screen,0.99,valid_fraction_of_represented
Rajasthan,block,Bhilwara||Raipur,ACCESS-CM2,2005,elev,509251353.5377943,509251353.5377957,509251353.5377957,1.0000000000000029,1.0,1.0000000000000029,3,3,0,meets_screen,0.99,valid_fraction_of_represented
Rajasthan,block,Bhilwara||Sahara,ACCESS-CM2,2005,elev,657670532.8184142,657670532.8184154,657670532.8184154,1.0000000000000018,1.0,1.0000000000000018,4,4,0,meets_screen,0.99,valid_fraction_of_represented
Rajasthan,block,Bhilwara||Suwana,ACCESS-CM2,2005,elev,972053868.8482054,972053868.8482057,972053868.8482057,1.0000000000000002,1.0,1.0000000000000002,7,7,0,meets_screen,0.99,valid_fraction_of_represented
Rajasthan,block,Bikaner||Bikaner,ACCESS-CM2,2005,elev,3767985425.335856,3767985425.335848,3767985425.335848,0.9999999999999979,1.0,0.9999999999999979,12,12,0,meets_screen,0.99,valid_fraction_of_represented
Rajasthan,block,Bikaner||Kolayat,ACCESS-CM2,2005,elev,8288344321.8288765,8288344321.828869,8288344321.828869,0.9999999999999991,1.0,0.9999999999999991,25,25,0,meets_screen,0.99,valid_fraction_of_represented
Rajasthan,block,Bikaner||Lunkaransar,ACCESS-CM2,2005,elev,5097404342.038687,5097404342.038689,5097404342.038689,1.0000000000000004,1.0,1.0000000000000004,15,15,0,meets_screen,0.99,valid_fraction_of_represented
Rajasthan,block,Bikaner||Nokha,ACCESS-CM2,2005,elev,2180179306.655255,2180179306.6552515,2180179306.6552515,0.9999999999999984,1.0,0.9999999999999984,11,11,0,meets_screen,0.99,valid_fraction_of_represented
Rajasthan,block,Bikaner||Panchoo,ACCESS-CM2,2005,elev,1619317519.434111,1619317519.4341102,1619317519.4341102,0.9999999999999994,1.0,0.9999999999999994,8,8,0,meets_screen,0.99,valid_fraction_of_represented
Rajasthan,block,Bikaner||Poogal,ACCESS-CM2,2005,elev,2157231676.618516,2157231676.618514,2157231676.618514,0.9999999999999991,1.0,0.9999999999999991,9,9,0,meets_screen,0.99,valid_fraction_of_represented
Rajasthan,block,Bikaner||Sri Dungargarh,ACCESS-CM2,2005,elev,2993446612.2606487,2993446612.2606597,2993446612.2606597,1.0000000000000038,1.0,1.0000000000000038,14,14,0,meets_screen,0.99,valid_fraction_of_represented
Rajasthan,block,Bundi||Bundi,ACCESS-CM2,2005,elev,977486693.635832,977486693.635833,977486693.635833,1.000000000000001,1.0,1.000000000000001,6,6,0,meets_screen,0.99,valid_fraction_of_represented
Rajasthan,block,Bundi||Hindoli,ACCESS-CM2,2005,elev,1342114593.7894382,1342114593.7894368,1342114593.7894368,0.9999999999999989,1.0,0.9999999999999989,7,7,0,meets_screen,0.99,valid_fraction_of_represented
Rajasthan,block,Bundi||Keshoraipatan,ACCESS-CM2,2005,elev,1341531988.1319053,1341531988.1319056,1341531988.1319056,1.0000000000000002,1.0,1.0000000000000002,8,8,0,meets_screen,0.99,valid_fraction_of_represented
Rajasthan,block,Bundi||Nainwa,ACCESS-CM2,2005,elev,1185323452.515366,1185323452.5153675,1185323452.5153675,1.000000000000001,1.0,1.000000000000001,6,6,0,meets_screen,0.99,valid_fraction_of_represented
Rajasthan,block,Bundi||Talera,ACCESS-CM2,2005,elev,930260647.1613724,930260647.1613737,930260647.1613737,1.0000000000000013,1.0,1.0000000000000013,6,6,0,meets_screen,0.99,valid_fraction_of_represented
Rajasthan,block,Chittorgarh||Bari Sadri,ACCESS-CM2,2005,elev,509151470.6236266,509151470.6236266,509151470.6236266,1.0,1.0,1.0,5,5,0,meets_screen,0.99,valid_fraction_of_represented
Rajasthan,block,Chittorgarh||Begun,ACCESS-CM2,2005,elev,919327351.3661497,919327351.3661512,919327351.3661512,1.0000000000000018,1.0,1.0000000000000018,4,4,0,meets_screen,0.99,valid_fraction_of_represented
Rajasthan,block,Chittorgarh||Bhadesar,ACCESS-CM2,2005,elev,534814750.2297169,534814750.2297175,534814750.2297175,1.000000000000001,1.0,1.000000000000001,4,4,0,meets_screen,0.99,valid_fraction_of_represented
Rajasthan,block,Chittorgarh||Bhainsrorgarh,ACCESS-CM2,2005,elev,1616850661.961895,1616850661.961893,1616850661.961893,0.9999999999999988,1.0,0.9999999999999988,9,9,0,meets_screen,0.99,valid_fraction_of_represented
Rajasthan,block,Chittorgarh||Bhopalsagar,ACCESS-CM2,2005,elev,392149527.7218704,392149527.72187054,392149527.72187054,1.0000000000000002,1.0,1.0000000000000002,4,4,0,meets_screen,0.99,valid_fraction_of_represented
Rajasthan,block,Chittorgarh||Chittorgarh,ACCESS-CM2,2005,elev,986935585.744448,986935585.7444482,986935585.7444482,1.0000000000000002,1.0,1.0000000000000002,7,7,0,meets_screen,0.99,valid_fraction_of_represented
Rajasthan,block,Chittorgarh||Dungla,ACCESS-CM2,2005,elev,496236860.9052289,496236860.90522885,496236860.90522885,0.9999999999999999,1.0,0.9999999999999999,4,4,0,meets_screen,0.99,valid_fraction_of_represented
Rajasthan,block,Chittorgarh||Gangrar,ACCESS-CM2,2005,elev,556451994.0692654,556451994.0692643,556451994.0692643,0.9999999999999981,1.0,0.9999999999999981,5,5,0,meets_screen,0.99,valid_fraction_of_represented
Rajasthan,block,Chittorgarh||Kapasan,ACCESS-CM2,2005,elev,515022428.11958325,515022428.1195824,515022428.1195824,0.9999999999999983,1.0,0.9999999999999983,5,5,0,meets_screen,0.99,valid_fraction_of_represented
Rajasthan,block,Chittorgarh||Nimbahera,ACCESS-CM2,2005,elev,836387189.6690984,836387189.6690993,836387189.6690993,1.000000000000001,1.0,1.000000000000001,7,7,0,meets_screen,0.99,valid_fraction_of_represented
Rajasthan,block,Chittorgarh||Rashmi,ACCESS-CM2,2005,elev,451624612.82926095,451624612.82926106,451624612.82926106,1.0000000000000002,1.0,1.0000000000000002,3,3,0,meets_screen,0.99,valid_fraction_of_represented
Rajasthan,block,Churu||Bidasar,ACCESS-CM2,2005,elev,1219318160.5726628,1219318160.5726614,1219318160.5726614,0.9999999999999988,1.0,0.9999999999999988,7,7,0,meets_screen,0.99,valid_fraction_of_represented
Rajasthan,block,Churu||Churu,ACCESS-CM2,2005,elev,1599655539.9660034,1599655539.9660032,1599655539.9660032,0.9999999999999999,1.0,0.9999999999999999,8,8,0,meets_screen,0.99,valid_fraction_of_represented
Rajasthan,block,Churu||Rajgarh,ACCESS-CM2,2005,elev,2206652367.191915,2206652367.1919193,2206652367.1919193,1.000000000000002,1.0,1.000000000000002,9,9,0,meets_screen,0.99,valid_fraction_of_represented
Rajasthan,block,Churu||Ratangarh,ACCESS-CM2,2005,elev,1696951655.9253678,1696951655.9253688,1696951655.9253688,1.0000000000000007,1.0,1.0000000000000007,10,10,0,meets_screen,0.99,valid_fraction_of_represented
Rajasthan,block,Churu||Sardarshahar,ACCESS-CM2,2005,elev,3844435504.998408,3844435504.998402,3844435504.998402,0.9999999999999986,1.0,0.9999999999999986,14,14,0,meets_screen,0.99,valid_fraction_of_represented
Rajasthan,block,Churu||Sujangarh,ACCESS-CM2,2005,elev,1473696309.3761022,1473696309.3761017,1473696309.3761017,0.9999999999999997,1.0,0.9999999999999997,8,8,0,meets_screen,0.99,valid_fraction_of_represented
Rajasthan,block,Churu||Taranagar,ACCESS-CM2,2005,elev,1808705182.3666515,1808705182.3666518,1808705182.3666518,1.0000000000000002,1.0,1.0000000000000002,9,9,0,meets_screen,0.99,valid_fraction_of_represented
Rajasthan,block,Dausa||Bandikui,ACCESS-CM2,2005,elev,140353990.55047312,140353990.55047306,140353990.55047306,0.9999999999999996,1.0,0.9999999999999996,4,4,0,meets_screen,0.99,valid_fraction_of_represented
Rajasthan,block,Dausa||Baswa,ACCESS-CM2,2005,elev,493202932.18606025,493202932.18605936,493202932.18605936,0.9999999999999982,1.0,0.9999999999999982,4,4,0,meets_screen,0.99,valid_fraction_of_represented
Rajasthan,block,Dausa||Dausa,ACCESS-CM2,2005,elev,625716026.2797557,625716026.2797565,625716026.2797565,1.0000000000000013,1.0,1.0000000000000013,6,6,0,meets_screen,0.99,valid_fraction_of_represented
Rajasthan,block,Dausa||Lalsot,ACCESS-CM2,2005,elev,720380786.0947711,720380786.09477,720380786.09477,0.9999999999999983,1.0,0.9999999999999983,4,4,0,meets_screen,0.99,valid_fraction_of_represented
Rajasthan,block,Dausa||Lawan,ACCESS-CM2,2005,elev,172324177.84525785,172324177.84525776,172324177.84525776,0.9999999999999994,1.0,0.9999999999999994,4,4,0,meets_screen,0.99,valid_fraction_of_represented
Rajasthan,block,Dausa||Mahwa,ACCESS-CM2,2005,elev,484567888.9464355,484567888.9464356,484567888.9464356,1.0000000000000002,1.0,1.0000000000000002,5,5,0,meets_screen,0.99,valid_fraction_of_represented
Rajasthan,block,Dausa||Nangal Rajawatan,ACCESS-CM2,2005,elev,122035058.07904856,122035058.07904863,122035058.07904863,1.0000000000000007,1.0,1.0000000000000007,2,2,0,meets_screen,0.99,valid_fraction_of_represented
Rajasthan,block,Dausa||Ramgarh Pachwara,ACCESS-CM2,2005,elev,146559210.4711749,146559210.47117436,146559210.47117436,0.9999999999999963,1.0,0.9999999999999963,2,2,0,meets_screen,0.99,valid_fraction_of_represented
Rajasthan,block,Dausa||Sikandara,ACCESS-CM2,2005,elev,240123087.90927756,240123087.90927774,240123087.90927774,1.0000000000000007,1.0,1.0000000000000007,3,3,0,meets_screen,0.99,valid_fraction_of_represented
Rajasthan,block,Dausa||Sikrai,ACCESS-CM2,2005,elev,270418437.0742232,270418437.07422334,270418437.07422334,1.0000000000000004,1.0,1.0000000000000004,3,3,0,meets_screen,0.99,valid_fraction_of_represented
Rajasthan,block,Deeg||Deeg,ACCESS-CM2,2005,elev,505855196.93715334,505855196.937153,505855196.937153,0.9999999999999993,1.0,0.9999999999999993,4,4,0,meets_screen,0.99,valid_fraction_of_represented
Rajasthan,block,Deeg||Kaman,ACCESS-CM2,2005,elev,356003918.54756165,356003918.5475617,356003918.5475617,1.0000000000000002,1.0,1.0000000000000002,4,4,0,meets_screen,0.99,valid_fraction_of_represented
Rajasthan,block,Deeg||Kumher,ACCESS-CM2,2005,elev,448255023.10090905,448255023.10090935,448255023.10090935,1.0000000000000007,1.0,1.0000000000000007,4,4,0,meets_screen,0.99,valid_fraction_of_represented
Rajasthan,block,Deeg||Nagar Pahari,ACCESS-CM2,2005,elev,473126198.5907169,473126198.59071577,473126198.59071577,0.9999999999999976,1.0,0.9999999999999976,4,4,0,meets_screen,0.99,valid_fraction_of_represented
Rajasthan,block,Deeg||Pahari,ACCESS-CM2,2005,elev,383967698.1702461,383967698.17024565,383967698.17024565,0.9999999999999988,1.0,0.9999999999999988,3,3,0,meets_screen,0.99,valid_fraction_of_represented
Rajasthan,block,Dholpur||Bari,ACCESS-CM2,2005,elev,795083110.1841323,795083110.1841325,795083110.1841325,1.0000000000000002,1.0,1.0000000000000002,6,6,0,meets_screen,0.99,valid_fraction_of_represented
Rajasthan,block,Dholpur||Baseri,ACCESS-CM2,2005,elev,348965278.13456315,348965278.13456285,348965278.13456285,0.9999999999999991,1.0,0.9999999999999991,4,4,0,meets_screen,0.99,valid_fraction_of_represented
Rajasthan,block,Dholpur||Dhaulpur,ACCESS-CM2,2005,elev,313539129.6261634,313539129.62616354,313539129.62616354,1.0000000000000004,1.0,1.0000000000000004,2,2,0,meets_screen,0.99,valid_fraction_of_represented
Rajasthan,block,Dholpur||Rajakhera,ACCESS-CM2,2005,elev,612885475.8846848,612885475.8846836,612885475.8846836,0.999999999999998,1.0,0.999999999999998,5,5,0,meets_screen,0.99,valid_fraction_of_represented
Rajasthan,block,Dholpur||Saipau,ACCESS-CM2,2005,elev,311694030.1441713,311694030.1441715,311694030.1441715,1.0000000000000007,1.0,1.0000000000000007,3,3,0,meets_screen,0.99,valid_fraction_of_represented
Rajasthan,block,Dholpur||Sarmathura,ACCESS-CM2,2005,elev,652248448.8310642,652248448.8310648,652248448.8310648,1.0000000000000009,1.0,1.0000000000000009,6,6,0,meets_screen,0.99,valid_fraction_of_represented
Rajasthan,block,Didwana Kuchaman||Didwana,ACCESS-CM2,2005,elev,996715816.4352639,996715816.4352629,996715816.4352629,0.999999999999999,1.0,0.999999999999999,7,7,0,meets_screen,0.99,valid_fraction_of_represented
Rajasthan,block,Didwana Kuchaman||Kuchaman,ACCESS-CM2,2005,elev,562909425.9803038,562909425.980304,562909425.980304,1.0000000000000004,1.0,1.0000000000000004,6,6,0,meets_screen,0.99,valid_fraction_of_represented
Rajasthan,block,Didwana Kuchaman||Ladnu,ACCESS-CM2,2005,elev,1258367908.5487154,1258367908.5487156,1258367908.5487156,1.0000000000000002,1.0,1.0000000000000002,7,7,0,meets_screen,0.99,valid_fraction_of_represented
Rajasthan,block,Didwana Kuchaman||Makrana,ACCESS-CM2,2005,elev,1132747999.901458,1132747999.9014583,1132747999.9014583,1.0000000000000002,1.0,1.0000000000000002,6,6,0,meets_screen,0.99,valid_fraction_of_represented
Rajasthan,block,Didwana Kuchaman||Molasar,ACCESS-CM2,2005,elev,659263144.6758834,659263144.6758817,659263144.6758817,0.9999999999999974,1.0,0.9999999999999974,5,5,0,meets_screen,0.99,valid_fraction_of_represented
Rajasthan,block,Didwana Kuchaman||Nawa,ACCESS-CM2,2005,elev,1078062748.5858393,1078062748.5858383,1078062748.5858383,0.9999999999999991,1.0,0.9999999999999991,7,7,0,meets_screen,0.99,valid_fraction_of_represented
Rajasthan,block,Didwana Kuchaman||Parbatsar,ACCESS-CM2,2005,elev,1114843738.8400002,1114843738.8400004,1114843738.8400004,1.0000000000000002,1.0,1.0000000000000002,7,7,0,meets_screen,0.99,valid_fraction_of_represented
Rajasthan,block,Dudu||Dudu,ACCESS-CM2,2005,elev,636461612.4327227,636461612.4327222,636461612.4327222,0.9999999999999992,1.0,0.9999999999999992,6,6,0,meets_screen,0.99,valid_fraction_of_represented
Rajasthan,block,Dudu||Madhorajpura,ACCESS-CM2,2005,elev,474226126.2291034,474226126.2291032,474226126.2291032,0.9999999999999997,1.0,0.9999999999999997,5,5,0,meets_screen,0.99,valid_fraction_of_represented
Rajasthan,block,Dudu||Mauzamabad,ACCESS-CM2,2005,elev,702956601.1025349,702956601.1025352,702956601.1025352,1.0000000000000004,1.0,1.0000000000000004,4,4,0,meets_screen,0.99,valid_fraction_of_represented
Rajasthan,block,Dudu||Phagi,ACCESS-CM2,2005,elev,644108864.5192125,644108864.5192124,644108864.5192124,0.9999999999999998,1.0,0.9999999999999998,6,6,0,meets_screen,0.99,valid_fraction_of_represented
Rajasthan,block,Dungarpur||Aspur,ACCESS-CM2,2005,elev,343029460.82867974,343029460.82867986,343029460.82867986,1.0000000000000004,1.0,1.0000000000000004,3,3,0,meets_screen,0.99,valid_fraction_of_represented
Rajasthan,block,Dungarpur||Bichiwara,ACCESS-CM2,2005,elev,596155058.8719225,596155058.8719229,596155058.8719229,1.0000000000000007,1.0,1.0000000000000007,4,4,0,meets_screen,0.99,valid_fraction_of_represented
Rajasthan,block,Dungarpur||Chikhali,ACCESS-CM2,2005,elev,242211026.3814468,242211026.38144708,242211026.38144708,1.000000000000001,1.0,1.000000000000001,3,3,0,meets_screen,0.99,valid_fraction_of_represented
Rajasthan,block,Dungarpur||Dovada,ACCESS-CM2,2005,elev,406294923.1245253,406294923.1245248,406294923.1245248,0.9999999999999987,1.0,0.9999999999999987,3,3,0,meets_screen,0.99,valid_fraction_of_represented
Rajasthan,block,Dungarpur||Dungarpur,ACCESS-CM2,2005,elev,321868721.37275755,321868721.37275875,321868721.37275875,1.0000000000000038,1.0,1.0000000000000038,3,3,0,meets_screen,0.99,valid_fraction_of_represented
Rajasthan,block,Dungarpur||Galiyakoat,ACCESS-CM2,2005,elev,169710800.19249374,169710800.19249365,169710800.19249365,0.9999999999999994,1.0,0.9999999999999994,4,4,0,meets_screen,0.99,valid_fraction_of_represented
Rajasthan,block,Dungarpur||Jothari,ACCESS-CM2,2005,elev,261548704.54465002,261548704.54464996,261548704.54464996,0.9999999999999998,1.0,0.9999999999999998,4,4,0,meets_screen,0.99,valid_fraction_of_represented
Rajasthan,block,Dungarpur||Sabla,ACCESS-CM2,2005,elev,366497267.8785643,366497267.8785642,366497267.8785642,0.9999999999999997,1.0,0.9999999999999997,2,2,0,meets_screen,0.99,valid_fraction_of_represented
Rajasthan,block,Dungarpur||Sagwara,ACCESS-CM2,2005,elev,651274614.1794335,651274614.179434,651274614.179434,1.0000000000000007,1.0,1.0000000000000007,4,4,0,meets_screen,0.99,valid_fraction_of_represented
Rajasthan,block,Dungarpur||Simalwara,ACCESS-CM2,2005,elev,411693080.31007683,411693080.31007683,411693080.31007683,1.0,1.0,1.0,4,4,0,meets_screen,0.99,valid_fraction_of_represented
Rajasthan,block,Ganganagar||Ganganagar,ACCESS-CM2,2005,elev,978301507.7159729,978301507.7159715,978301507.7159715,0.9999999999999986,1.0,0.9999999999999986,5,5,0,meets_screen,0.99,valid_fraction_of_represented
Rajasthan,block,Ganganagar||Karanpur,ACCESS-CM2,2005,elev,820979563.6523681,820979563.6523676,820979563.6523676,0.9999999999999994,1.0,0.9999999999999994,5,5,0,meets_screen,0.99,valid_fraction_of_represented
Rajasthan,block,Ganganagar||Padampur,ACCESS-CM2,2005,elev,848549728.3119835,848549728.3119836,848549728.3119836,1.0000000000000002,1.0,1.0000000000000002,7,7,0,meets_screen,0.99,valid_fraction_of_represented
Rajasthan,block,Ganganagar||Sadulshahar,ACCESS-CM2,2005,elev,770307830.8639584,770307830.863958,770307830.863958,0.9999999999999996,1.0,0.9999999999999996,5,5,0,meets_screen,0.99,valid_fraction_of_represented
Rajasthan,block,Ganganagar||Suratgarh,ACCESS-CM2,2005,elev,2803590733.592577,2803590733.592578,2803590733.592578,1.0000000000000004,1.0,1.0000000000000004,12,12,0,meets_screen,0.99,valid_fraction_of_represented
Rajasthan,block,Gangapurcity||Bamanwas,ACCESS-CM2,2005,elev,728564450.6934423,728564450.6934437,728564450.6934437,1.0000000000000018,1.0,1.0000000000000018,4,4,0,meets_screen,0.99,valid_fraction_of_represented
Rajasthan,block,Gangapurcity||Gangapur City,ACCESS-CM2,2005,elev,637204909.3163601,637204909.3163607,637204909.3163607,1.0000000000000009,1.0,1.0000000000000009,4,4,0,meets_screen,0.99,valid_fraction_of_represented
Rajasthan,block,Gangapurcity||Nadauti,ACCESS-CM2,2005,elev,647252652.5791932,647252652.5791932,647252652.5791932,1.0,1.0,1.0,6,6,0,meets_screen,0.99,valid_fraction_of_represented
Rajasthan,block,Gangapurcity||Todabhim,ACCESS-CM2,2005,elev,542723713.6945423,542723713.6945428,542723713.6945428,1.0000000000000009,1.0,1.0000000000000009,3,3,0,meets_screen,0.99,valid_fraction_of_represented
Rajasthan,block,Hanumangarh||Bhadra,ACCESS-CM2,2005,elev,1731366634.8395143,1731366634.8395133,1731366634.8395133,0.9999999999999994,1.0,0.9999999999999994,11,11,0,meets_screen,0.99,valid_fraction_of_represented
Rajasthan,block,Hanumangarh||Hanumangarh,ACCESS-CM2,2005,elev,1230334032.0448897,1230334032.0448906,1230334032.0448906,1.0000000000000007,1.0,1.0000000000000007,7,7,0,meets_screen,0.99,valid_fraction_of_represented
Rajasthan,block,Hanumangarh||Nohar,ACCESS-CM2,2005,elev,2466540668.4738164,2466540668.473819,2466540668.473819,1.0000000000000009,1.0,1.0000000000000009,10,10,0,meets_screen,0.99,valid_fraction_of_represented
Rajasthan,block,Hanumangarh||Pilibanga,ACCESS-CM2,2005,elev,1009990697.2070242,1009990697.2070236,1009990697.2070236,0.9999999999999994,1.0,0.9999999999999994,5,5,0,meets_screen,0.99,valid_fraction_of_represented
Rajasthan,block,Hanumangarh||Rawatsar,ACCESS-CM2,2005,elev,1873515112.2335477,1873515112.2335467,1873515112.2335467,0.9999999999999994,1.0,0.9999999999999994,8,8,0,meets_screen,0.99,valid_fraction_of_represented
Rajasthan,block,Hanumangarh||Sangaria,ACCESS-CM2,2005,elev,652252908.3982991,652252908.398299,652252908.398299,0.9999999999999998,1.0,0.9999999999999998,4,4,0,meets_screen,0.99,valid_fraction_of_represented
Rajasthan,block,Hanumangarh||Tibbi,ACCESS-CM2,2005,elev,745798391.1454437,745798391.1454437,745798391.1454437,1.0,1.0,1.0,6,6,0,meets_screen,0.99,valid_fraction_of_represented
Rajasthan,block,Jaipur Gramin||Andhi,ACCESS-CM2,2005,elev,491642158.5814403,491642158.58144057,491642158.58144057,1.0000000000000004,1.0,1.0000000000000004,4,4,0,meets_screen,0.99,valid_fraction_of_represented
Rajasthan,block,Jaipur Gramin||Bassi,ACCESS-CM2,2005,elev,387990280.13157046,387990280.13157064,387990280.13157064,1.0000000000000004,1.0,1.0000000000000004,3,3,0,meets_screen,0.99,valid_fraction_of_represented
Rajasthan,block,Jaipur Gramin||Chaksu,ACCESS-CM2,2005,elev,523967337.946122,523967337.94612247,523967337.94612247,1.0000000000000009,1.0,1.0000000000000009,5,5,0,meets_screen,0.99,valid_fraction_of_represented
Rajasthan,block,Jaipur Gramin||Govindgarh,ACCESS-CM2,2005,elev,682783015.2697798,682783015.2697796,682783015.2697796,0.9999999999999997,1.0,0.9999999999999997,6,6,0,meets_screen,0.99,valid_fraction_of_represented
Rajasthan,block,Jaipur Gramin||Jamwa Ramgarh,ACCESS-CM2,2005,elev,529645472.2007593,529645472.20075893,529645472.20075893,0.9999999999999993,1.0,0.9999999999999993,6,6,0,meets_screen,0.99,valid_fraction_of_represented
Rajasthan,block,Jaipur Gramin||Kishangarh Renwal,ACCESS-CM2,2005,elev,540684485.7505611,540684485.7505609,540684485.7505609,0.9999999999999996,1.0,0.9999999999999996,5,5,0,meets_screen,0.99,valid_fraction_of_represented
Rajasthan,block,Jaipur Gramin||Kotkhawda,ACCESS-CM2,2005,elev,291478800.482761,291478800.4827604,291478800.4827604,0.999999999999998,1.0,0.999999999999998,2,2,0,meets_screen,0.99,valid_fraction_of_represented
Rajasthan,block,Jaipur Gramin||Sambhar,ACCESS-CM2,2005,elev,1018481177.0528181,1018481177.0528194,1018481177.0528194,1.0000000000000013,1.0,1.0000000000000013,9,9,0,meets_screen,0.99,valid_fraction_of_represented
Rajasthan,block,Jaipur Gramin||Shahpura,ACCESS-CM2,2005,elev,527106510.5643863,527106510.56438684,527106510.56438684,1.000000000000001,1.0,1.000000000000001,6,6,0,meets_screen,0.99,valid_fraction_of_represented
Rajasthan,block,Jaipur Gramin||Tunga,ACCESS-CM2,2005,elev,267562851.80592683,267562851.80592662,267562851.80592662,0.9999999999999992,1.0,0.9999999999999992,5,5,0,meets_screen,0.99,valid_fraction_of_represented
Rajasthan,block,Jaipur||Amber,ACCESS-CM2,2005,elev,440009673.15993726,440009673.15993744,440009673.15993744,1.0000000000000004,1.0,1.0000000000000004,5,5,0,meets_screen,0.99,valid_fraction_of_represented
Rajasthan,block,Jaipur||Jalsu,ACCESS-CM2,2005,elev,408910719.91971785,408910719.91971815,408910719.91971815,1.0000000000000007,1.0,1.0000000000000007,3,3,0,meets_screen,0.99,valid_fraction_of_represented
Rajasthan,block,Jaipur||Jhotwara,ACCESS-CM2,2005,elev,566292898.4538217,566292898.4538227,566292898.4538227,1.000000000000002,1.0,1.000000000000002,4,4,0,meets_screen,0.99,valid_fraction_of_represented
Rajasthan,block,Jaipur||Sanganer,ACCESS-CM2,2005,elev,709514446.0612823,709514446.0612833,709514446.0612833,1.0000000000000016,1.0,1.0000000000000016,5,5,0,meets_screen,0.99,valid_fraction_of_represented
Rajasthan,block,Jaisalmer||Bhaniyana,ACCESS-CM2,2005,elev,1656217842.354118,1656217842.3541176,1656217842.3541176,0.9999999999999997,1.0,0.9999999999999997,8,8,0,meets_screen,0.99,valid_fraction_of_represented
Rajasthan,block,Jaisalmer||Fatehgarh,ACCESS-CM2,2005,elev,4467962028.845952,4467962028.845956,4467962028.845956,1.0000000000000009,1.0,1.0000000000000009,16,16,0,meets_screen,0.99,valid_fraction_of_represented
Rajasthan,block,Jaisalmer||Jaisalmer,ACCESS-CM2,2005,elev,2866017542.5240383,2866017542.524042,2866017542.524042,1.0000000000000013,1.0,1.0000000000000013,13,13,0,meets_screen,0.99,valid_fraction_of_represented
Rajasthan,block,Jaisalmer||Mohangarh,ACCESS-CM2,2005,elev,4990720004.959468,4990720004.959466,4990720004.959466,0.9999999999999997,1.0,0.9999999999999997,13,13,0,meets_screen,0.99,valid_fraction_of_represented
Rajasthan,block,Jaisalmer||Nachana,ACCESS-CM2,2005,elev,4137308503.838179,4137308503.838182,4137308503.838182,1.0000000000000007,1.0,1.0000000000000007,15,15,0,meets_screen,0.99,valid_fraction_of_represented
Rajasthan,block,Jaisalmer||Sam,ACCESS-CM2,2005,elev,16515495637.604736,16515495637.604725,16515495637.604725,0.9999999999999993,1.0,0.9999999999999993,40,40,0,meets_screen,0.99,valid_fraction_of_represented
Rajasthan,block,Jaisalmer||Sankra,ACCESS-CM2,2005,elev,3815865200.244027,3815865200.244033,3815865200.244033,1.0000000000000016,1.0,1.0000000000000016,15,15,0,meets_screen,0.99,valid_fraction_of_represented
Rajasthan,block,Jalore||Ahore,ACCESS-CM2,2005,elev,1620473371.3061619,1620473371.3061643,1620473371.3061643,1.0000000000000016,1.0,1.0000000000000016,9,9,0,meets_screen,0.99,valid_fraction_of_represented
Rajasthan,block,Jalore||Bagoda,ACCESS-CM2,2005,elev,818103825.803006,818103825.8030066,818103825.8030066,1.0000000000000007,1.0,1.0000000000000007,5,5,0,meets_screen,0.99,valid_fraction_of_represented
Rajasthan,block,Jalore||Bhinmal,ACCESS-CM2,2005,elev,586097993.3099624,586097993.3099625,586097993.3099625,1.0000000000000002,1.0,1.0000000000000002,6,6,0,meets_screen,0.99,valid_fraction_of_represented
Rajasthan,block,Jalore||Chitalwana,ACCESS-CM2,2005,elev,1677766019.4890707,1677766019.4890683,1677766019.4890683,0.9999999999999986,1.0,0.9999999999999986,10,10,0,meets_screen,0.99,valid_fraction_of_represented
Rajasthan,block,Jalore||Jalore,ACCESS-CM2,2005,elev,1055830128.3553638,1055830128.3553634,1055830128.3553634,0.9999999999999996,1.0,0.9999999999999996,7,7,0,meets_screen,0.99,valid_fraction_of_represented
Rajasthan,block,Jalore||Jaswantpura,ACCESS-CM2,2005,elev,1075877762.1475813,1075877762.1475806,1075877762.1475806,0.9999999999999993,1.0,0.9999999999999993,6,6,0,meets_screen,0.99,valid_fraction_of_represented
Rajasthan,block,Jalore||Raniwara,ACCESS-CM2,2005,elev,914732137.1848115,914732137.1848099,914732137.1848099,0.9999999999999983,1.0,0.9999999999999983,4,4,0,meets_screen,0.99,valid_fraction_of_represented
Rajasthan,block,Jalore||Sanchore,ACCESS-CM2,2005,elev,979524367.6431732,979524367.6431731,979524367.6431731,0.9999999999999999,1.0,0.9999999999999999,8,8,0,meets_screen,0.99,valid_fraction_of_represented
Rajasthan,block,Jalore||Sarnau,ACCESS-CM2,2005,elev,442990217.486065,442990217.48606485,442990217.48606485,0.9999999999999998,1.0,0.9999999999999998,4,4,0,meets_screen,0.99,valid_fraction_of_represented
Rajasthan,block,Jalore||Sayla,ACCESS-CM2,2005,elev,1471915578.4734614,1471915578.4734628,1471915578.4734628,1.0000000000000009,1.0,1.0000000000000009,8,8,0,meets_screen,0.99,valid_fraction_of_represented
Rajasthan,block,Jhalawar||Aklera,ACCESS-CM2,2005,elev,779166793.5646707,779166793.5646715,779166793.5646715,1.000000000000001,1.0,1.000000000000001,5,5,0,meets_screen,0.99,valid_fraction_of_represented
Rajasthan,block,Jhalawar||Bakani,ACCESS-CM2,2005,elev,445380680.9624893,445380680.9624896,445380680.9624896,1.0000000000000007,1.0,1.0000000000000007,4,4,0,meets_screen,0.99,valid_fraction_of_represented
Rajasthan,block,Jhalawar||Bhawani Mandi,ACCESS-CM2,2005,elev,702105248.4816227,702105248.4816223,702105248.4816223,0.9999999999999994,1.0,0.9999999999999994,6,6,0,meets_screen,0.99,valid_fraction_of_represented
Rajasthan,block,Jhalawar||Dag,ACCESS-CM2,2005,elev,929916824.0475452,929916824.0475453,929916824.0475453,1.0000000000000002,1.0,1.0000000000000002,6,6,0,meets_screen,0.99,valid_fraction_of_represented
Rajasthan,block,Jhalawar||Jhalrapatan,ACCESS-CM2,2005,elev,861890851.5976602,861890851.597662,861890851.597662,1.000000000000002,1.0,1.000000000000002,5,5,0,meets_screen,0.99,valid_fraction_of_represented
Rajasthan,block,Jhalawar||Khanpur,ACCESS-CM2,2005,elev,937076841.4905372,937076841.490537,937076841.490537,0.9999999999999999,1.0,0.9999999999999999,7,7,0,meets_screen,0.99,valid_fraction_of_represented
Rajasthan,block,Jhalawar||Manoharthana,ACCESS-CM2,2005,elev,636826887.0567929,636826887.0567931,636826887.0567931,1.0000000000000004,1.0,1.0000000000000004,4,4,0,meets_screen,0.99,valid_fraction_of_represented
Rajasthan,block,Jhalawar||Pirawa (Sunel),ACCESS-CM2,2005,elev,1050704718.5359943,1050704718.5359933,1050704718.5359933,0.9999999999999991,1.0,0.9999999999999991,4,4,0,meets_screen,0.99,valid_fraction_of_represented
Rajasthan,block,Jhunjhunu||Alsisar,ACCESS-CM2,2005,elev,658812150.657576,658812150.6575769,658812150.6575769,1.0000000000000016,1.0,1.0000000000000016,4,4,0,meets_screen,0.99,valid_fraction_of_represented
Rajasthan,block,Jhunjhunu||Buhana,ACCESS-CM2,2005,elev,364202753.840859,364202753.84085906,364202753.84085906,1.0000000000000002,1.0,1.0000000000000002,4,4,0,meets_screen,0.99,valid_fraction_of_represented
Rajasthan,block,Jhunjhunu||Chirawa,ACCESS-CM2,2005,elev,497906629.80406374,497906629.8040639,497906629.8040639,1.0000000000000004,1.0,1.0000000000000004,4,4,0,meets_screen,0.99,valid_fraction_of_represented
Rajasthan,block,Jhunjhunu||Jhunjhunu,ACCESS-CM2,2005,elev,506344990.9148616,506344990.91486084,506344990.91486084,0.9999999999999984,1.0,0.9999999999999984,4,4,0,meets_screen,0.99,valid_fraction_of_represented
Rajasthan,block,Jhunjhunu||Mandawa,ACCESS-CM2,2005,elev,460638204.228862,460638204.2288621,460638204.2288621,1.0000000000000002,1.0,1.0000000000000002,4,4,0,meets_screen,0.99,valid_fraction_of_represented
Rajasthan,block,Jhunjhunu||Nawalgarh,ACCESS-CM2,2005,elev,1089159382.8895342,1089159382.889534,1089159382.889534,0.9999999999999998,1.0,0.9999999999999998,7,7,0,meets_screen,0.99,valid_fraction_of_represented
Rajasthan,block,Jhunjhunu||Pilani,ACCESS-CM2,2005,elev,373200060.3749169,373200060.3749176,373200060.3749176,1.000000000000002,1.0,1.000000000000002,4,4,0,meets_screen,0.99,valid_fraction_of_represented
Rajasthan,block,Jhunjhunu||Singhana,ACCESS-CM2,2005,elev,289230106.5278676,289230106.52786744,289230106.52786744,0.9999999999999993,1.0,0.9999999999999993,2,2,0,meets_screen,0.99,valid_fraction_of_represented
Rajasthan,block,Jhunjhunu||Surajgarh,ACCESS-CM2,2005,elev,432161758.95240784,432161758.95240736,432161758.95240736,0.9999999999999989,1.0,0.9999999999999989,4,4,0,meets_screen,0.99,valid_fraction_of_represented
Rajasthan,block,Jodhpur Gramin||Balesar,ACCESS-CM2,2005,elev,890977543.286566,890977543.2865663,890977543.2865663,1.0000000000000002,1.0,1.0000000000000002,6,6,0,meets_screen,0.99,valid_fraction_of_represented
Rajasthan,block,Jodhpur Gramin||Bawadi,ACCESS-CM2,2005,elev,1270811884.794962,1270811884.7949605,1270811884.7949605,0.9999999999999989,1.0,0.9999999999999989,8,8,0,meets_screen,0.99,valid_fraction_of_represented
Rajasthan,block,Jodhpur Gramin||Bhopalgarh,ACCESS-CM2,2005,elev,1251898080.6465425,1251898080.6465423,1251898080.6465423,0.9999999999999998,1.0,0.9999999999999998,5,5,0,meets_screen,0.99,valid_fraction_of_represented
Rajasthan,block,Jodhpur Gramin||Bilara,ACCESS-CM2,2005,elev,1090819741.2794662,1090819741.279469,1090819741.279469,1.0000000000000027,1.0,1.0000000000000027,6,6,0,meets_screen,0.99,valid_fraction_of_represented
Rajasthan,block,Jodhpur Gramin||Dhawa,ACCESS-CM2,2005,elev,843583916.0120993,843583916.0120993,843583916.0120993,1.0,1.0,1.0,6,6,0,meets_screen,0.99,valid_fraction_of_represented
Rajasthan,block,Jodhpur Gramin||Luni,ACCESS-CM2,2005,elev,1165562795.5208967,1165562795.5208964,1165562795.5208964,0.9999999999999998,1.0,0.9999999999999998,7,7,0,meets_screen,0.99,valid_fraction_of_represented
Rajasthan,block,Jodhpur Gramin||Osian,ACCESS-CM2,2005,elev,1159507086.907393,1159507086.9073927,1159507086.9073927,0.9999999999999998,1.0,0.9999999999999998,6,6,0,meets_screen,0.99,valid_fraction_of_represented
Rajasthan,block,Jodhpur Gramin||Peepad Sahar,ACCESS-CM2,2005,elev,1081477137.487478,1081477137.4874778,1081477137.4874778,0.9999999999999998,1.0,0.9999999999999998,7,7,0,meets_screen,0.99,valid_fraction_of_represented
Rajasthan,block,Jodhpur Gramin||Sekhala,ACCESS-CM2,2005,elev,956740541.7521591,956740541.7521589,956740541.7521589,0.9999999999999998,1.0,0.9999999999999998,6,6,0,meets_screen,0.99,valid_fraction_of_represented
Rajasthan,block,Jodhpur Gramin||Shergarh,ACCESS-CM2,2005,elev,1226116105.4719312,1226116105.4719317,1226116105.4719317,1.0000000000000004,1.0,1.0000000000000004,7,7,0,meets_screen,0.99,valid_fraction_of_represented
Rajasthan,block,Jodhpur Gramin||Tinwari,ACCESS-CM2,2005,elev,785790447.5172863,785790447.5172864,785790447.5172864,1.0000000000000002,1.0,1.0000000000000002,6,6,0,meets_screen,0.99,valid_fraction_of_represented
Rajasthan,block,Jodhpur||Keru,ACCESS-CM2,2005,elev,656398173.2155551,656398173.2155536,656398173.2155536,0.9999999999999978,1.0,0.9999999999999978,4,4,0,meets_screen,0.99,valid_fraction_of_represented
Rajasthan,block,Jodhpur||Mandor,ACCESS-CM2,2005,elev,897101282.305636,897101282.3056359,897101282.3056359,0.9999999999999999,1.0,0.9999999999999999,6,6,0,meets_screen,0.99,valid_fraction_of_represented
Rajasthan,block,Karauli||Hindaun,ACCESS-CM2,2005,elev,425743311.6095832,425743311.6095833,425743311.6095833,1.0000000000000002,1.0,1.0000000000000002,4,4,0,meets_screen,0.99,valid_fraction_of_represented
Rajasthan,block,Karauli||Karauli,ACCESS-CM2,2005,elev,680935533.7044691,680935533.7044693,680935533.7044693,1.0000000000000004,1.0,1.0000000000000004,4,4,0,meets_screen,0.99,valid_fraction_of_represented
Rajasthan,block,Karauli||Mandrayal,ACCESS-CM2,2005,elev,575851432.7690364,575851432.7690359,575851432.7690359,0.9999999999999992,1.0,0.9999999999999992,4,4,0,meets_screen,0.99,valid_fraction_of_represented
Rajasthan,block,Karauli||Masalpur,ACCESS-CM2,2005,elev,576682605.6451085,576682605.6451085,576682605.6451085,1.0,1.0,1.0,5,5,0,meets_screen,0.99,valid_fraction_of_represented
Rajasthan,block,Karauli||Sapotra,ACCESS-CM2,2005,elev,1357046658.9998164,1357046658.9998183,1357046658.9998183,1.0000000000000013,1.0,1.0000000000000013,6,6,0,meets_screen,0.99,valid_fraction_of_represented
Rajasthan,block,Karauli||Sri Mahaveer Ji,ACCESS-CM2,2005,elev,210681372.93652374,210681372.93652374,210681372.93652374,1.0,1.0,1.0,4,4,0,meets_screen,0.99,valid_fraction_of_represented
Rajasthan,block,Kekri||Bhinay,ACCESS-CM2,2005,elev,979197845.6844912,979197845.684492,979197845.684492,1.0000000000000009,1.0,1.0000000000000009,5,5,0,meets_screen,0.99,valid_fraction_of_represented
Rajasthan,block,Kekri||Kekri,ACCESS-CM2,2005,elev,1003625481.1423309,1003625481.1423327,1003625481.1423327,1.0000000000000018,1.0,1.0000000000000018,6,6,0,meets_screen,0.99,valid_fraction_of_represented
Rajasthan,block,Kekri||Sarwar,ACCESS-CM2,2005,elev,884164747.4832327,884164747.4832326,884164747.4832326,0.9999999999999999,1.0,0.9999999999999999,6,6,0,meets_screen,0.99,valid_fraction_of_represented
Rajasthan,block,Kekri||Todaraisingh,ACCESS-CM2,2005,elev,1001930705.2136898,1001930705.2136889,1001930705.2136889,0.999999999999999,1.0,0.999999999999999,5,5,0,meets_screen,0.99,valid_fraction_of_represented
Rajasthan,block,Khairthal-Tijara||Kishangarh Bas,ACCESS-CM2,2005,elev,396884304.8653063,396884304.86530685,396884304.86530685,1.0000000000000013,1.0,1.0000000000000013,4,4,0,meets_screen,0.99,valid_fraction_of_represented
Rajasthan,block,Khairthal-Tijara||Kotkasim,ACCESS-CM2,2005,elev,340969718.13381445,340969718.13381416,340969718.13381416,0.9999999999999991,1.0,0.9999999999999991,4,4,0,meets_screen,0.99,valid_fraction_of_represented
Rajasthan,block,Khairthal-Tijara||Mandawar,ACCESS-CM2,2005,elev,570869235.2564067,570869235.2564065,570869235.2564065,0.9999999999999998,1.0,0.9999999999999998,6,6,0,meets_screen,0.99,valid_fraction_of_represented
Rajasthan,block,Khairthal-Tijara||Tijara,ACCESS-CM2,2005,elev,697585230.6362572,697585230.6362562,697585230.6362562,0.9999999999999987,1.0,0.9999999999999987,4,4,0,meets_screen,0.99,valid_fraction_of_represented
Rajasthan,block,Kota||Itawa,ACCESS-CM2,2005,elev,899628475.053964,899628475.0539647,899628475.0539647,1.0000000000000009,1.0,1.0000000000000009,6,6,0,meets_screen,0.99,valid_fraction_of_represented
Rajasthan,block,Kota||Khairabad,ACCESS-CM2,2005,elev,764902014.5039018,764902014.5039028,764902014.5039028,1.0000000000000013,1.0,1.0000000000000013,4,4,0,meets_screen,0.99,valid_fraction_of_represented
Rajasthan,block,Kota||Ladpura,ACCESS-CM2,2005,elev,1464240042.9902306,1464240042.990233,1464240042.990233,1.0000000000000016,1.0,1.0000000000000016,8,8,0,meets_screen,0.99,valid_fraction_of_represented
Rajasthan,block,Kota||Sangod,ACCESS-CM2,2005,elev,1045262848.4842776,1045262848.4842787,1045262848.4842787,1.000000000000001,1.0,1.000000000000001,7,7,0,meets_screen,0.99,valid_fraction_of_represented
Rajasthan,block,Kota||Sultanpur,ACCESS-CM2,2005,elev,915661070.2903321,915661070.2903329,915661070.2903329,1.0000000000000009,1.0,1.0000000000000009,6,6,0,meets_screen,0.99,valid_fraction_of_represented
Rajasthan,block,Kotputli-Behror||Bansur,ACCESS-CM2,2005,elev,884988729.8336594,884988729.8336607,884988729.8336607,1.0000000000000016,1.0,1.0000000000000016,7,7,0,meets_screen,0.99,valid_fraction_of_represented
Rajasthan,block,Kotputli-Behror||Behror,ACCESS-CM2,2005,elev,349826468.58555335,349826468.5855533,349826468.5855533,0.9999999999999998,1.0,0.9999999999999998,4,4,0,meets_screen,0.99,valid_fraction_of_represented
Rajasthan,block,Kotputli-Behror||Kotputli,ACCESS-CM2,2005,elev,398329375.1315751,398329375.1315756,398329375.1315756,1.000000000000001,1.0,1.000000000000001,4,4,0,meets_screen,0.99,valid_fraction_of_represented
Rajasthan,block,Kotputli-Behror||Neemrana,ACCESS-CM2,2005,elev,390806225.382415,390806225.382414,390806225.382414,0.9999999999999974,1.0,0.9999999999999974,5,5,0,meets_screen,0.99,valid_fraction_of_represented
Rajasthan,block,Kotputli-Behror||Paota,ACCESS-CM2,2005,elev,412497719.29087996,412497719.2908802,412497719.2908802,1.0000000000000007,1.0,1.0000000000000007,4,4,0,meets_screen,0.99,valid_fraction_of_represented
Rajasthan,block,Kotputli-Behror||Viratnagar,ACCESS-CM2,2005,elev,483432854.8109837,483432854.81098276,483432854.81098276,0.999999999999998,1.0,0.999999999999998,5,5,0,meets_screen,0.99,valid_fraction_of_represented
Rajasthan,block,Nagaur||Bherunda,ACCESS-CM2,2005,elev,706222650.1602622,706222650.1602631,706222650.1602631,1.000000000000001,1.0,1.000000000000001,6,6,0,meets_screen,0.99,valid_fraction_of_represented
Rajasthan,block,Nagaur||Degana,ACCESS-CM2,2005,elev,1204258733.0123932,1204258733.012392,1204258733.012392,0.999999999999999,1.0,0.999999999999999,7,7,0,meets_screen,0.99,valid_fraction_of_represented
Rajasthan,block,Nagaur||Jayal,ACCESS-CM2,2005,elev,2075822339.4447389,2075822339.4447415,2075822339.4447415,1.0000000000000013,1.0,1.0000000000000013,9,9,0,meets_screen,0.99,valid_fraction_of_represented
Rajasthan,block,Nagaur||Khinvsar,ACCESS-CM2,2005,elev,1653431655.1326978,1653431655.1326966,1653431655.1326966,0.9999999999999993,1.0,0.9999999999999993,8,8,0,meets_screen,0.99,valid_fraction_of_represented
Rajasthan,block,Nagaur||Merta,ACCESS-CM2,2005,elev,1501603108.438953,1501603108.438953,1501603108.438953,1.0,1.0,1.0,7,7,0,meets_screen,0.99,valid_fraction_of_represented
Rajasthan,block,Nagaur||Mundwa,ACCESS-CM2,2005,elev,1069177543.0702065,1069177543.0702081,1069177543.0702081,1.0000000000000016,1.0,1.0000000000000016,8,8,0,meets_screen,0.99,valid_fraction_of_represented
Rajasthan,block,Nagaur||Nagaur,ACCESS-CM2,2005,elev,1999630961.0458136,1999630961.0458128,1999630961.0458128,0.9999999999999997,1.0,0.9999999999999997,9,9,0,meets_screen,0.99,valid_fraction_of_represented
Rajasthan,block,Nagaur||Riyan Badi,ACCESS-CM2,2005,elev,796632466.2562507,796632466.2562516,796632466.2562516,1.000000000000001,1.0,1.000000000000001,7,7,0,meets_screen,0.99,valid_fraction_of_represented
Rajasthan,block,Neem Ka Thana||Ajeetgarh,ACCESS-CM2,2005,elev,498386738.6089788,498386738.60897946,498386738.60897946,1.0000000000000013,1.0,1.0000000000000013,4,4,0,meets_screen,0.99,valid_fraction_of_represented
Rajasthan,block,Neem Ka Thana||Khetri,ACCESS-CM2,2005,elev,804584943.1330565,804584943.1330549,804584943.1330549,0.9999999999999979,1.0,0.9999999999999979,5,5,0,meets_screen,0.99,valid_fraction_of_represented
Rajasthan,block,Neem Ka Thana||Neem Ka Thana,ACCESS-CM2,2005,elev,539929679.5541513,539929679.5541512,539929679.5541512,0.9999999999999998,1.0,0.9999999999999998,4,4,0,meets_screen,0.99,valid_fraction_of_represented
Rajasthan,block,Neem Ka Thana||Patan,ACCESS-CM2,2005,elev,384526857.41321224,384526857.4132128,384526857.4132128,1.0000000000000013,1.0,1.0000000000000013,4,4,0,meets_screen,0.99,valid_fraction_of_represented
Rajasthan,block,Neem Ka Thana||Sri Madhopur,ACCESS-CM2,2005,elev,497260382.9036702,497260382.90367067,497260382.90367067,1.0000000000000009,1.0,1.0000000000000009,5,5,0,meets_screen,0.99,valid_fraction_of_represented
Rajasthan,block,Neem Ka Thana||Udaipurwati,ACCESS-CM2,2005,elev,447926847.2319101,447926847.23191065,447926847.23191065,1.000000000000001,1.0,1.000000000000001,4,4,0,meets_screen,0.99,valid_fraction_of_represented
Rajasthan,block,Pali||Bali,ACCESS-CM2,2005,elev,1414538855.0250008,1414538855.025001,1414538855.025001,1.0000000000000002,1.0,1.0000000000000002,8,8,0,meets_screen,0.99,valid_fraction_of_represented
Rajasthan,block,Pali||Desuri,ACCESS-CM2,2005,elev,840483296.7001076,840483296.7001067,840483296.7001067,0.999999999999999,1.0,0.999999999999999,6,6,0,meets_screen,0.99,valid_fraction_of_represented
Rajasthan,block,Pali||Kharchi(Mar.Jun),ACCESS-CM2,2005,elev,1401040798.245393,1401040798.2453895,1401040798.2453895,0.9999999999999974,1.0,0.9999999999999974,8,8,0,meets_screen,0.99,valid_fraction_of_represented
Rajasthan,block,Pali||Pali,ACCESS-CM2,2005,elev,1361481407.081192,1361481407.081191,1361481407.081191,0.9999999999999993,1.0,0.9999999999999993,7,7,0,meets_screen,0.99,valid_fraction_of_represented
Rajasthan,block,Pali||Rani Station,ACCESS-CM2,2005,elev,779023709.9591349,779023709.9591348,779023709.9591348,0.9999999999999999,1.0,0.9999999999999999,6,6,0,meets_screen,0.99,valid_fraction_of_represented
Rajasthan,block,Pali||Rohat,ACCESS-CM2,2005,elev,1429071230.7176342,1429071230.7176347,1429071230.7176347,1.0000000000000004,1.0,1.0000000000000004,7,7,0,meets_screen,0.99,valid_fraction_of_represented
Rajasthan,block,Pali||Sojat,ACCESS-CM2,2005,elev,1713353613.0181048,1713353613.0181057,1713353613.0181057,1.0000000000000007,1.0,1.0000000000000007,7,7,0,meets_screen,0.99,valid_fraction_of_represented
Rajasthan,block,Pali||Sumerpur,ACCESS-CM2,2005,elev,970519193.8004687,970519193.8004689,970519193.8004689,1.0000000000000002,1.0,1.0000000000000002,6,6,0,meets_screen,0.99,valid_fraction_of_represented
Rajasthan,block,Phalodi||Aau,ACCESS-CM2,2005,elev,753735366.4977776,753735366.497777,753735366.497777,0.9999999999999992,1.0,0.9999999999999992,5,5,0,meets_screen,0.99,valid_fraction_of_represented
Rajasthan,block,Phalodi||Bap,ACCESS-CM2,2005,elev,3378862937.8470373,3378862937.847036,3378862937.847036,0.9999999999999996,1.0,0.9999999999999996,14,14,0,meets_screen,0.99,valid_fraction_of_represented
Rajasthan,block,Phalodi||Bapini,ACCESS-CM2,2005,elev,777576681.7411388,777576681.7411388,777576681.7411388,1.0,1.0,1.0,4,4,0,meets_screen,0.99,valid_fraction_of_represented
Rajasthan,block,Phalodi||Dechu,ACCESS-CM2,2005,elev,1146867408.9190385,1146867408.9190378,1146867408.9190378,0.9999999999999993,1.0,0.9999999999999993,5,5,0,meets_screen,0.99,valid_fraction_of_represented
Rajasthan,block,Phalodi||Ghantiyali,ACCESS-CM2,2005,elev,1338574626.5938056,1338574626.5938044,1338574626.5938044,0.9999999999999991,1.0,0.9999999999999991,8,8,0,meets_screen,0.99,valid_fraction_of_represented
Rajasthan,block,Phalodi||Lohawat,ACCESS-CM2,2005,elev,983006225.0607232,983006225.0607235,983006225.0607235,1.0000000000000004,1.0,1.0000000000000004,6,6,0,meets_screen,0.99,valid_fraction_of_represented
Rajasthan,block,Phalodi||Phalodi,ACCESS-CM2,2005,elev,1024350264.9348117,1024350264.9348114,1024350264.9348114,0.9999999999999997,1.0,0.9999999999999997,5,5,0,meets_screen,0.99,valid_fraction_of_represented
Rajasthan,block,Pratapgarh||Arnod,ACCESS-CM2,2005,elev,325145327.5924135,325145327.5924136,325145327.5924136,1.0000000000000004,1.0,1.0000000000000004,3,3,0,meets_screen,0.99,valid_fraction_of_represented
Rajasthan,block,Pratapgarh||Chhoti Sadri,ACCESS-CM2,2005,elev,719763766.9669056,719763766.9669073,719763766.9669073,1.0000000000000022,1.0,1.0000000000000022,5,5,0,meets_screen,0.99,valid_fraction_of_represented
Rajasthan,block,Pratapgarh||Dalot,ACCESS-CM2,2005,elev,330807666.48898923,330807666.48898864,330807666.48898864,0.9999999999999982,1.0,0.9999999999999982,3,3,0,meets_screen,0.99,valid_fraction_of_represented
Rajasthan,block,Pratapgarh||Dhamotar,ACCESS-CM2,2005,elev,743894607.5305535,743894607.5305531,743894607.5305531,0.9999999999999996,1.0,0.9999999999999996,6,6,0,meets_screen,0.99,valid_fraction_of_represented
Rajasthan,block,Pratapgarh||Dhariawad,ACCESS-CM2,2005,elev,895338366.0424244,895338366.0424247,895338366.0424247,1.0000000000000002,1.0,1.0000000000000002,7,7,0,meets_screen,0.99,valid_fraction_of_represented
Rajasthan,block,Pratapgarh||Peepal Khoont,ACCESS-CM2,2005,elev,457800461.7953899,457800461.79538953,457800461.79538953,0.9999999999999992,1.0,0.9999999999999992,4,4,0,meets_screen,0.99,valid_fraction_of_represented
Rajasthan,block,Pratapgarh||Pratapgarh,ACCESS-CM2,2005,elev,578751570.7285888,578751570.7285893,578751570.7285893,1.0000000000000009,1.0,1.0000000000000009,4,4,0,meets_screen,0.99,valid_fraction_of_represented
Rajasthan,block,Pratapgarh||Suhagpura,ACCESS-CM2,2005,elev,387675126.4800564,387675126.48005605,387675126.48005605,0.9999999999999991,1.0,0.9999999999999991,2,2,0,meets_screen,0.99,valid_fraction_of_represented
Rajasthan,block,Rajsamand||Amet,ACCESS-CM2,2005,elev,522250086.586005,522250086.58600676,522250086.58600676,1.0000000000000033,1.0,1.0000000000000033,4,4,0,meets_screen,0.99,valid_fraction_of_represented
Rajasthan,block,Rajsamand||Bhim,ACCESS-CM2,2005,elev,654469269.6661398,654469269.6661386,654469269.6661386,0.9999999999999982,1.0,0.9999999999999982,6,6,0,meets_screen,0.99,valid_fraction_of_represented
Rajasthan,block,Rajsamand||Delwada,ACCESS-CM2,2005,elev,207327982.32692182,207327982.3269216,207327982.3269216,0.999999999999999,1.0,0.999999999999999,4,4,0,meets_screen,0.99,valid_fraction_of_represented
Rajasthan,block,Rajsamand||Deogarh,ACCESS-CM2,2005,elev,599994391.1196055,599994391.119606,599994391.119606,1.0000000000000009,1.0,1.0000000000000009,5,5,0,meets_screen,0.99,valid_fraction_of_represented
Rajasthan,block,Rajsamand||Khamnor,ACCESS-CM2,2005,elev,574332055.006539,574332055.0065396,574332055.0065396,1.000000000000001,1.0,1.000000000000001,4,4,0,meets_screen,0.99,valid_fraction_of_represented
Rajasthan,block,Rajsamand||Kumbhalgarh,ACCESS-CM2,2005,elev,888565037.6402413,888565037.6402407,888565037.6402407,0.9999999999999993,1.0,0.9999999999999993,6,6,0,meets_screen,0.99,valid_fraction_of_represented
Rajasthan,block,Rajsamand||Railmagra,ACCESS-CM2,2005,elev,567356606.9564427,567356606.9564435,567356606.9564435,1.0000000000000016,1.0,1.0000000000000016,6,6,0,meets_screen,0.99,valid_fraction_of_represented
Rajasthan,block,Rajsamand||Rajsamand,ACCESS-CM2,2005,elev,614625685.19775,614625685.1977503,614625685.1977503,1.0000000000000007,1.0,1.0000000000000007,5,5,0,meets_screen,0.99,valid_fraction_of_represented
Rajasthan,block,Salumbar||Jaisamand,ACCESS-CM2,2005,elev,455985435.15678173,455985435.1567819,455985435.1567819,1.0000000000000004,1.0,1.0000000000000004,3,3,0,meets_screen,0.99,valid_fraction_of_represented
Rajasthan,block,Salumbar||Jhallara,ACCESS-CM2,2005,elev,384295612.0228185,384295612.022818,384295612.022818,0.9999999999999988,1.0,0.9999999999999988,4,4,0,meets_screen,0.99,valid_fraction_of_represented
Rajasthan,block,Salumbar||Lasadiya,ACCESS-CM2,2005,elev,512530251.76336837,512530251.76336896,512530251.76336896,1.000000000000001,1.0,1.000000000000001,4,4,0,meets_screen,0.99,valid_fraction_of_represented
Rajasthan,block,Salumbar||Salumbar,ACCESS-CM2,2005,elev,665405897.5912688,665405897.5912706,665405897.5912706,1.0000000000000027,1.0,1.0000000000000027,7,7,0,meets_screen,0.99,valid_fraction_of_represented
Rajasthan,block,Salumbar||Sarada,ACCESS-CM2,2005,elev,377723991.7711415,377723991.77114224,377723991.77114224,1.000000000000002,1.0,1.000000000000002,4,4,0,meets_screen,0.99,valid_fraction_of_represented
Rajasthan,block,Salumbar||Semari,ACCESS-CM2,2005,elev,127859089.61513302,127859089.61513309,127859089.61513309,1.0000000000000007,1.0,1.0000000000000007,2,2,0,meets_screen,0.99,valid_fraction_of_represented
Rajasthan,block,Sawai Madhopur||Bonli,ACCESS-CM2,2005,elev,628249793.8089125,628249793.8089128,628249793.8089128,1.0000000000000004,1.0,1.0000000000000004,4,4,0,meets_screen,0.99,valid_fraction_of_represented
Rajasthan,block,Sawai Madhopur||Chauth Ka Barwara,ACCESS-CM2,2005,elev,526916917.5208292,526916917.5208283,526916917.5208283,0.9999999999999983,1.0,0.9999999999999983,5,5,0,meets_screen,0.99,valid_fraction_of_represented
Rajasthan,block,Sawai Madhopur||Khandar,ACCESS-CM2,2005,elev,1391000130.4132385,1391000130.4132438,1391000130.4132438,1.0000000000000038,1.0,1.0000000000000038,8,8,0,meets_screen,0.99,valid_fraction_of_represented
Rajasthan,block,Sawai Madhopur||Malarna Doongar,ACCESS-CM2,2005,elev,374338037.44727033,374338037.44727093,374338037.44727093,1.0000000000000016,1.0,1.0000000000000016,4,4,0,meets_screen,0.99,valid_fraction_of_represented
Rajasthan,block,Sawai Madhopur||Sawai Madhopur,ACCESS-CM2,2005,elev,739493123.9029337,739493123.9029344,739493123.9029344,1.0000000000000009,1.0,1.0000000000000009,5,5,0,meets_screen,0.99,valid_fraction_of_represented
Rajasthan,block,Shahpura||Banera,ACCESS-CM2,2005,elev,662966105.2847353,662966105.2847351,662966105.2847351,0.9999999999999997,1.0,0.9999999999999997,5,5,0,meets_screen,0.99,valid_fraction_of_represented
Rajasthan,block,Shahpura||Jahazpur,ACCESS-CM2,2005,elev,1080541021.1565685,1080541021.156568,1080541021.156568,0.9999999999999996,1.0,0.9999999999999996,5,5,0,meets_screen,0.99,valid_fraction_of_represented
Rajasthan,block,Shahpura||Kotri,ACCESS-CM2,2005,elev,933624047.062349,933624047.062348,933624047.062348,0.999999999999999,1.0,0.999999999999999,5,5,0,meets_screen,0.99,valid_fraction_of_represented
Rajasthan,block,Shahpura||Shahpura,ACCESS-CM2,2005,elev,1130740106.912928,1130740106.912926,1130740106.912926,0.9999999999999981,1.0,0.9999999999999981,6,6,0,meets_screen,0.99,valid_fraction_of_represented
Rajasthan,block,Sikar||Danta Ramgarh,ACCESS-CM2,2005,elev,898850233.866685,898850233.8666829,898850233.8666829,0.9999999999999976,1.0,0.9999999999999976,5,5,0,meets_screen,0.99,valid_fraction_of_represented
Rajasthan,block,Sikar||Dhod,ACCESS-CM2,2005,elev,1094113400.1198695,1094113400.119869,1094113400.119869,0.9999999999999996,1.0,0.9999999999999996,6,6,0,meets_screen,0.99,valid_fraction_of_represented
Rajasthan,block,Sikar||Fatehpur,ACCESS-CM2,2005,elev,1257446006.5107577,1257446006.510756,1257446006.510756,0.9999999999999987,1.0,0.9999999999999987,5,5,0,meets_screen,0.99,valid_fraction_of_represented
Rajasthan,block,Sikar||Khandela,ACCESS-CM2,2005,elev,633573907.8235158,633573907.8235164,633573907.8235164,1.0000000000000009,1.0,1.0000000000000009,4,4,0,meets_screen,0.99,valid_fraction_of_represented
Rajasthan,block,Sikar||Lachhmangarh,ACCESS-CM2,2005,elev,550354396.6517102,550354396.6517103,550354396.6517103,1.0000000000000002,1.0,1.0000000000000002,4,4,0,meets_screen,0.99,valid_fraction_of_represented
Rajasthan,block,Sikar||Nechwa,ACCESS-CM2,2005,elev,479150709.5278671,479150709.52786714,479150709.52786714,1.0000000000000002,1.0,1.0000000000000002,6,6,0,meets_screen,0.99,valid_fraction_of_represented
Rajasthan,block,Sikar||Palsana,ACCESS-CM2,2005,elev,491201533.67315316,491201533.6731533,491201533.6731533,1.0000000000000002,1.0,1.0000000000000002,4,4,0,meets_screen,0.99,valid_fraction_of_represented
Rajasthan,block,Sikar||Piprali,ACCESS-CM2,2005,elev,405704767.0038475,405704767.003847,405704767.003847,0.9999999999999988,1.0,0.9999999999999988,5,5,0,meets_screen,0.99,valid_fraction_of_represented
Rajasthan,block,Sirohi||Abu Road,ACCESS-CM2,2005,elev,879483182.4059329,879483182.4059334,879483182.4059334,1.0000000000000004,1.0,1.0000000000000004,6,6,0,meets_screen,0.99,valid_fraction_of_represented
Rajasthan,block,Sirohi||Pindwara,ACCESS-CM2,2005,elev,1113496150.8475285,1113496150.8475268,1113496150.8475268,0.9999999999999984,1.0,0.9999999999999984,6,6,0,meets_screen,0.99,valid_fraction_of_represented
Rajasthan,block,Sirohi||Reodar,ACCESS-CM2,2005,elev,1085961352.9105442,1085961352.910543,1085961352.910543,0.9999999999999989,1.0,0.9999999999999989,8,8,0,meets_screen,0.99,valid_fraction_of_represented
Rajasthan,block,Sirohi||Sheoganj,ACCESS-CM2,2005,elev,884217141.1296932,884217141.1296952,884217141.1296952,1.0000000000000022,1.0,1.0000000000000022,6,6,0,meets_screen,0.99,valid_fraction_of_represented
Rajasthan,block,Sirohi||Sirohi,ACCESS-CM2,2005,elev,1174452574.3989372,1174452574.3989406,1174452574.3989406,1.0000000000000029,1.0,1.0000000000000029,8,8,0,meets_screen,0.99,valid_fraction_of_represented
Rajasthan,block,Tonk||Deoli,ACCESS-CM2,2005,elev,1226431579.4903657,1226431579.4903662,1226431579.4903662,1.0000000000000004,1.0,1.0000000000000004,7,7,0,meets_screen,0.99,valid_fraction_of_represented
Rajasthan,block,Tonk||Malpura,ACCESS-CM2,2005,elev,1489898129.5059679,1489898129.505968,1489898129.505968,1.0000000000000002,1.0,1.0000000000000002,8,8,0,meets_screen,0.99,valid_fraction_of_represented
Rajasthan,block,Tonk||Newai,ACCESS-CM2,2005,elev,979845450.8092096,979845450.8092109,979845450.8092109,1.0000000000000013,1.0,1.0000000000000013,7,7,0,meets_screen,0.99,valid_fraction_of_represented
Rajasthan,block,Tonk||Peeplu,ACCESS-CM2,2005,elev,695939645.3289554,695939645.3289565,695939645.3289565,1.0000000000000016,1.0,1.0000000000000016,4,4,0,meets_screen,0.99,valid_fraction_of_represented
Rajasthan,block,Tonk||Tonk,ACCESS-CM2,2005,elev,814516902.7367902,814516902.73679,814516902.73679,0.9999999999999997,1.0,0.9999999999999997,7,7,0,meets_screen,0.99,valid_fraction_of_represented
Rajasthan,block,Tonk||Uniara,ACCESS-CM2,2005,elev,988711446.0887059,988711446.0887053,988711446.0887053,0.9999999999999994,1.0,0.9999999999999994,5,5,0,meets_screen,0.99,valid_fraction_of_represented
Rajasthan,block,Udaipur||Bargaon,ACCESS-CM2,2005,elev,446151756.3524637,446151756.3524637,446151756.3524637,1.0,1.0,1.0,3,3,0,meets_screen,0.99,valid_fraction_of_represented
Rajasthan,block,Udaipur||Bhinder,ACCESS-CM2,2005,elev,351817563.3271803,351817563.3271809,351817563.3271809,1.0000000000000018,1.0,1.0000000000000018,4,4,0,meets_screen,0.99,valid_fraction_of_represented
Rajasthan,block,Udaipur||Girwa,ACCESS-CM2,2005,elev,881444869.628905,881444869.6289033,881444869.6289033,0.999999999999998,1.0,0.999999999999998,5,5,0,meets_screen,0.99,valid_fraction_of_represented
Rajasthan,block,Udaipur||Gogunda,ACCESS-CM2,2005,elev,440766334.31581664,440766334.31581676,440766334.31581676,1.0000000000000002,1.0,1.0000000000000002,4,4,0,meets_screen,0.99,valid_fraction_of_represented
Rajasthan,block,Udaipur||Jhadol,ACCESS-CM2,2005,elev,710885991.4619837,710885991.4619827,710885991.4619827,0.9999999999999987,1.0,0.9999999999999987,5,5,0,meets_screen,0.99,valid_fraction_of_represented
Rajasthan,block,Udaipur||Kherwara,ACCESS-CM2,2005,elev,636594160.7114675,636594160.7114683,636594160.7114683,1.0000000000000013,1.0,1.0000000000000013,4,4,0,meets_screen,0.99,valid_fraction_of_represented
Rajasthan,block,Udaipur||Kotra,ACCESS-CM2,2005,elev,1734678058.1437662,1734678058.1437674,1734678058.1437674,1.0000000000000007,1.0,1.0000000000000007,8,8,0,meets_screen,0.99,valid_fraction_of_represented
Rajasthan,block,Udaipur||Kurabad,ACCESS-CM2,2005,elev,535202938.21192914,535202938.211929,535202938.211929,0.9999999999999998,1.0,0.9999999999999998,4,4,0,meets_screen,0.99,valid_fraction_of_represented
Rajasthan,block,Udaipur||Mavli,ACCESS-CM2,2005,elev,834239948.8384588,834239948.838457,834239948.838457,0.9999999999999979,1.0,0.9999999999999979,5,5,0,meets_screen,0.99,valid_fraction_of_represented
Rajasthan,block,Udaipur||Nayagaon,ACCESS-CM2,2005,elev,282925490.9523474,282925490.9523479,282925490.9523479,1.0000000000000018,1.0,1.0000000000000018,3,3,0,meets_screen,0.99,valid_fraction_of_represented
Rajasthan,block,Udaipur||Phalasiya,ACCESS-CM2,2005,elev,715991438.1128632,715991438.1128622,715991438.1128622,0.9999999999999987,1.0,0.9999999999999987,5,5,0,meets_screen,0.99,valid_fraction_of_represented
Rajasthan,block,Udaipur||Rishbhdeo,ACCESS-CM2,2005,elev,615976004.8147234,615976004.8147236,615976004.8147236,1.0000000000000004,1.0,1.0000000000000004,5,5,0,meets_screen,0.99,valid_fraction_of_represented
Rajasthan,block,Udaipur||Sayra,ACCESS-CM2,2005,elev,575677583.7847122,575677583.7847121,575677583.7847121,0.9999999999999998,1.0,0.9999999999999998,4,4,0,meets_screen,0.99,valid_fraction_of_represented
Rajasthan,block,Udaipur||Vallabhnagar,ACCESS-CM2,2005,elev,433268793.8131184,433268793.8131186,433268793.8131186,1.0000000000000004,1.0,1.0000000000000004,4,4,0,meets_screen,0.99,valid_fraction_of_represented
Rajasthan,district,Ajmer,ACCESS-CM2,2005,combined,4055294025.774688,4055294025.7746773,4055294025.7746773,0.9999999999999974,1.0,0.9999999999999974,15,15,0,meets_screen,0.99,valid_fraction_of_represented
Rajasthan,district,Alwar,ACCESS-CM2,2005,combined,4750760388.578078,4750760388.57811,4750760388.57811,1.0000000000000067,1.0,1.0000000000000067,17,17,0,meets_screen,0.99,valid_fraction_of_represented
Rajasthan,district,Anoopgarh,ACCESS-CM2,2005,combined,8856585377.8975,8856585377.89749,8856585377.89749,0.9999999999999989,1.0,0.9999999999999989,27,27,0,meets_screen,0.99,valid_fraction_of_represented
Rajasthan,district,Balotra,ACCESS-CM2,2005,combined,10191640201.952345,10191640201.95233,10191640201.95233,0.9999999999999986,1.0,0.9999999999999986,29,29,0,meets_screen,0.99,valid_fraction_of_represented
Rajasthan,district,Banswara,ACCESS-CM2,2005,combined,4509763628.748106,4509763628.748111,4509763628.748111,1.000000000000001,1.0,1.000000000000001,14,14,0,meets_screen,0.99,valid_fraction_of_represented
Rajasthan,district,Baran,ACCESS-CM2,2005,combined,6994294582.253114,6994294582.253133,6994294582.253133,1.0000000000000027,1.0,1.0000000000000027,21,21,0,meets_screen,0.99,valid_fraction_of_represented
Rajasthan,district,Barmer,ACCESS-CM2,2005,combined,18195653210.04962,18195653210.04954,18195653210.04954,0.9999999999999956,1.0,0.9999999999999956,45,45,0,meets_screen,0.99,valid_fraction_of_represented
Rajasthan,district,Beawar,ACCESS-CM2,2005,combined,4411183314.130061,4411183314.130083,4411183314.130083,1.0000000000000049,1.0,1.0000000000000049,14,14,0,meets_screen,0.99,valid_fraction_of_represented
Rajasthan,district,Bharatpur,ACCESS-CM2,2005,combined,2893182962.2132297,2893182962.213234,2893182962.213234,1.0000000000000016,1.0,1.0000000000000016,13,13,0,meets_screen,0.99,valid_fraction_of_represented
Rajasthan,district,Bhilwara,ACCESS-CM2,2005,combined,6297213228.413933,6297213228.413948,6297213228.413948,1.0000000000000024,1.0,1.0000000000000024,19,19,0,meets_screen,0.99,valid_fraction_of_represented
Rajasthan,district,Bikaner,ACCESS-CM2,2005,combined,26103909204.171833,26103909204.17194,26103909204.17194,1.000000000000004,1.0,1.000000000000004,63,63,0,meets_screen,0.99,valid_fraction_of_represented
Rajasthan,district,Bundi,ACCESS-CM2,2005,combined,5776717375.233916,5776717375.233915,5776717375.233915,0.9999999999999999,1.0,0.9999999999999999,17,17,0,meets_screen,0.99,valid_fraction_of_represented
Rajasthan,district,Chittorgarh,ACCESS-CM2,2005,combined,7814952433.240153,7814952433.240141,7814952433.240141,0.9999999999999984,1.0,0.9999999999999984,25,25,0,meets_screen,0.99,valid_fraction_of_represented
Rajasthan,district,Churu,ACCESS-CM2,2005,combined,13849414720.3971,13849414720.397104,13849414720.397104,1.0000000000000002,1.0,1.0000000000000002,38,38,0,meets_screen,0.99,valid_fraction_of_represented
Rajasthan,district,Dausa,ACCESS-CM2,2005,combined,3415681595.43647,3415681595.4364758,3415681595.4364758,1.0000000000000018,1.0,1.0000000000000018,14,14,0,meets_screen,0.99,valid_fraction_of_represented
Rajasthan,district,Deeg,ACCESS-CM2,2005,combined,2167208035.3465934,2167208035.3465853,2167208035.3465853,0.9999999999999962,1.0,0.9999999999999962,10,10,0,meets_screen,0.99,valid_fraction_of_represented
Rajasthan,district,Dholpur,ACCESS-CM2,2005,combined,3034415472.8047814,3034415472.80478,3034415472.80478,0.9999999999999996,1.0,0.9999999999999996,13,13,0,meets_screen,0.99,valid_fraction_of_represented
Rajasthan,district,Didwana Kuchaman,ACCESS-CM2,2005,combined,6802910782.967457,6802910782.967462,6802910782.967462,1.0000000000000007,1.0,1.0000000000000007,20,20,0,meets_screen,0.99,valid_fraction_of_represented
Rajasthan,district,Dudu,ACCESS-CM2,2005,combined,2457753204.2835674,2457753204.2835727,2457753204.2835727,1.0000000000000022,1.0,1.0000000000000022,13,13,0,meets_screen,0.99,valid_fraction_of_represented
Rajasthan,district,Dungarpur,ACCESS-CM2,2005,combined,3770283657.684557,3770283657.6845527,3770283657.6845527,0.9999999999999989,1.0,0.9999999999999989,13,13,0,meets_screen,0.99,valid_fraction_of_represented
Rajasthan,district,Ganganagar,ACCESS-CM2,2005,combined,6221729364.136855,6221729364.136857,6221729364.136857,1.0000000000000002,1.0,1.0000000000000002,21,21,0,meets_screen,0.99,valid_fraction_of_represented
Rajasthan,district,Gangapurcity,ACCESS-CM2,2005,combined,2555745726.283539,2555745726.28354,2555745726.28354,1.0000000000000004,1.0,1.0000000000000004,9,9,0,meets_screen,0.99,valid_fraction_of_represented
Rajasthan,district,Hanumangarh,ACCESS-CM2,2005,combined,9709798444.342548,9709798444.342535,9709798444.342535,0.9999999999999987,1.0,0.9999999999999987,28,28,0,meets_screen,0.99,valid_fraction_of_represented
Rajasthan,district,Jaipur,ACCESS-CM2,2005,combined,2124727737.5947616,2124727737.594762,2124727737.594762,1.0000000000000002,1.0,1.0000000000000002,10,10,0,meets_screen,0.99,valid_fraction_of_represented
Rajasthan,district,Jaipur Gramin,ACCESS-CM2,2005,combined,5261342089.786135,5261342089.786127,5261342089.786127,0.9999999999999986,1.0,0.9999999999999986,25,25,0,meets_screen,0.99,valid_fraction_of_represented
Rajasthan,district,Jaisalmer,ACCESS-CM2,2005,combined,38449586760.37038,38449586760.37052,38449586760.37052,1.0000000000000038,1.0,1.0000000000000038,80,80,0,meets_screen,0.99,valid_fraction_of_represented
Rajasthan,district,Jalore,ACCESS-CM2,2005,combined,10643311401.198713,10643311401.198658,10643311401.198658,0.9999999999999948,1.0,0.9999999999999948,31,31,0,meets_screen,0.99,valid_fraction_of_represented
Rajasthan,district,Jhalawar,ACCESS-CM2,2005,combined,6343068845.7373085,6343068845.737314,6343068845.737314,1.0000000000000009,1.0,1.0000000000000009,22,22,0,meets_screen,0.99,valid_fraction_of_represented
Rajasthan,district,Jhunjhunu,ACCESS-CM2,2005,combined,4671656038.19095,4671656038.190949,4671656038.190949,0.9999999999999998,1.0,0.9999999999999998,15,15,0,meets_screen,0.99,valid_fraction_of_represented
Rajasthan,district,Jodhpur,ACCESS-CM2,2005,combined,1553499455.5211885,1553499455.5211895,1553499455.5211895,1.0000000000000007,1.0,1.0000000000000007,7,7,0,meets_screen,0.99,valid_fraction_of_represented
Rajasthan,district,Jodhpur Gramin,ACCESS-CM2,2005,combined,11723285280.676842,11723285280.676777,11723285280.676777,0.9999999999999944,1.0,0.9999999999999944,33,33,0,meets_screen,0.99,valid_fraction_of_represented
Rajasthan,district,Karauli,ACCESS-CM2,2005,combined,3826940915.6645317,3826940915.6645384,3826940915.6645384,1.0000000000000018,1.0,1.0000000000000018,13,13,0,meets_screen,0.99,valid_fraction_of_represented
Rajasthan,district,Kekri,ACCESS-CM2,2005,combined,3868918779.523736,3868918779.523746,3868918779.523746,1.0000000000000027,1.0,1.0000000000000027,14,14,0,meets_screen,0.99,valid_fraction_of_represented
Rajasthan,district,Khairthal-Tijara,ACCESS-CM2,2005,combined,2006308488.8917792,2006308488.8917835,2006308488.8917835,1.0000000000000022,1.0,1.0000000000000022,9,9,0,meets_screen,0.99,valid_fraction_of_represented
Rajasthan,district,Kota,ACCESS-CM2,2005,combined,5089694451.322704,5089694451.322713,5089694451.322713,1.0000000000000018,1.0,1.0000000000000018,20,20,0,meets_screen,0.99,valid_fraction_of_represented
Rajasthan,district,Kotputli-Behror,ACCESS-CM2,2005,combined,2919881373.0350614,2919881373.035069,2919881373.035069,1.0000000000000027,1.0,1.0000000000000027,13,13,0,meets_screen,0.99,valid_fraction_of_represented
Rajasthan,district,Nagaur,ACCESS-CM2,2005,combined,11006779456.561367,11006779456.561316,11006779456.561316,0.9999999999999953,1.0,0.9999999999999953,30,30,0,meets_screen,0.99,valid_fraction_of_represented
Rajasthan,district,Neem Ka Thana,ACCESS-CM2,2005,combined,3172615448.84498,3172615448.8449793,3172615448.8449793,0.9999999999999999,1.0,0.9999999999999999,14,14,0,meets_screen,0.99,valid_fraction_of_represented
Rajasthan,district,Pali,ACCESS-CM2,2005,combined,9909512104.54707,9909512104.547033,9909512104.547033,0.9999999999999963,1.0,0.9999999999999963,28,28,0,meets_screen,0.99,valid_fraction_of_represented
Rajasthan,district,Phalodi,ACCESS-CM2,2005,combined,9402973511.594337,9402973511.594328,9402973511.594328,0.999999999999999,1.0,0.999999999999999,24,24,0,meets_screen,0.99,valid_fraction_of_represented
Rajasthan,district,Pratapgarh,ACCESS-CM2,2005,combined,4439176893.625333,4439176893.625322,4439176893.625322,0.9999999999999977,1.0,0.9999999999999977,14,14,0,meets_screen,0.99,valid_fraction_of_represented
Rajasthan,district,Rajsamand,ACCESS-CM2,2005,combined,4628921114.499642,4628921114.499646,4628921114.499646,1.0000000000000009,1.0,1.0000000000000009,19,19,0,meets_screen,0.99,valid_fraction_of_represented
Rajasthan,district,Salumbar,ACCESS-CM2,2005,combined,2523800277.920519,2523800277.920513,2523800277.920513,0.9999999999999978,1.0,0.9999999999999978,11,11,0,meets_screen,0.99,valid_fraction_of_represented
Rajasthan,district,Sawai Madhopur,ACCESS-CM2,2005,combined,3659998003.0931926,3659998003.0931892,3659998003.0931892,0.9999999999999991,1.0,0.9999999999999991,13,13,0,meets_screen,0.99,valid_fraction_of_represented
Rajasthan,district,Shahpura,ACCESS-CM2,2005,combined,3807871280.4165807,3807871280.416578,3807871280.416578,0.9999999999999992,1.0,0.9999999999999992,13,13,0,meets_screen,0.99,valid_fraction_of_represented
Rajasthan,district,Sikar,ACCESS-CM2,2005,combined,5810394955.177412,5810394955.177401,5810394955.177401,0.999999999999998,1.0,0.999999999999998,18,18,0,meets_screen,0.99,valid_fraction_of_represented
Rajasthan,district,Sirohi,ACCESS-CM2,2005,combined,5137610401.692628,5137610401.692639,5137610401.692639,1.0000000000000022,1.0,1.0000000000000022,17,17,0,meets_screen,0.99,valid_fraction_of_represented
Rajasthan,district,Tonk,ACCESS-CM2,2005,combined,6195343153.960031,6195343153.959998,6195343153.959998,0.9999999999999948,1.0,0.9999999999999948,22,22,0,meets_screen,0.99,valid_fraction_of_represented
Rajasthan,district,Udaipur,ACCESS-CM2,2005,combined,9195620932.469694,9195620932.469734,9195620932.469734,1.0000000000000044,1.0,1.0000000000000044,26,26,0,meets_screen,0.99,valid_fraction_of_represented
Rajasthan,block,Ajmer||Ajmer Rural,ACCESS-CM2,2005,combined,774178452.4873723,774178452.4873722,774178452.4873722,0.9999999999999999,1.0,0.9999999999999999,7,7,0,meets_screen,0.99,valid_fraction_of_represented
Rajasthan,block,Ajmer||Arain,ACCESS-CM2,2005,combined,557021075.3912596,557021075.3912592,557021075.3912592,0.9999999999999993,1.0,0.9999999999999993,5,5,0,meets_screen,0.99,valid_fraction_of_represented
Rajasthan,block,Ajmer||Kishangarh Silora,ACCESS-CM2,2005,combined,635988327.7305142,635988327.7305158,635988327.7305158,1.0000000000000027,1.0,1.0000000000000027,6,6,0,meets_screen,0.99,valid_fraction_of_represented
Rajasthan,block,Ajmer||Pisangan,ACCESS-CM2,2005,combined,980113760.9284798,980113760.9284794,980113760.9284794,0.9999999999999997,1.0,0.9999999999999997,7,7,0,meets_screen,0.99,valid_fraction_of_represented
Rajasthan,block,Ajmer||Sawar,ACCESS-CM2,2005,combined,533439507.62715745,533439507.6271612,533439507.6271612,1.000000000000007,1.0,1.000000000000007,4,4,0,meets_screen,0.99,valid_fraction_of_represented
Rajasthan,block,Ajmer||Srinagar,ACCESS-CM2,2005,combined,574552901.6098905,574552901.6098908,574552901.6098908,1.0000000000000007,1.0,1.0000000000000007,5,5,0,meets_screen,0.99,valid_fraction_of_represented
Rajasthan,block,Alwar||Govindgarh,ACCESS-CM2,2005,combined,111760767.19678779,111760767.19678786,111760767.19678786,1.0000000000000007,1.0,1.0000000000000007,4,4,0,meets_screen,0.99,valid_fraction_of_represented
Rajasthan,block,Alwar||Kathumar,ACCESS-CM2,2005,combined,571424810.8858336,571424810.8858334,571424810.8858334,0.9999999999999996,1.0,0.9999999999999996,4,4,0,meets_screen,0.99,valid_fraction_of_represented
Rajasthan,block,Alwar||Laxmangarh,ACCESS-CM2,2005,combined,463646576.3476843,463646576.347684,463646576.347684,0.9999999999999993,1.0,0.9999999999999993,4,4,0,meets_screen,0.99,valid_fraction_of_represented
Rajasthan,block,Alwar||Malkheda,ACCESS-CM2,2005,combined,469564821.55548644,469564821.55548775,469564821.55548775,1.0000000000000029,1.0,1.0000000000000029,4,4,0,meets_screen,0.99,valid_fraction_of_represented
Rajasthan,block,Alwar||Rajgarh,ACCESS-CM2,2005,combined,798116712.9408319,798116712.9408326,798116712.9408326,1.0000000000000009,1.0,1.0000000000000009,4,4,0,meets_screen,0.99,valid_fraction_of_represented
Rajasthan,block,Alwar||Ramgarh,ACCESS-CM2,2005,combined,545046175.9139131,545046175.9139135,545046175.9139135,1.0000000000000007,1.0,1.0000000000000007,5,5,0,meets_screen,0.99,valid_fraction_of_represented
Rajasthan,block,Alwar||Reni,ACCESS-CM2,2005,combined,417591438.8679423,417591438.86794204,417591438.86794204,0.9999999999999994,1.0,0.9999999999999994,4,4,0,meets_screen,0.99,valid_fraction_of_represented
Rajasthan,block,Alwar||Thanagazi,ACCESS-CM2,2005,combined,640267169.3811791,640267169.3811799,640267169.3811799,1.0000000000000013,1.0,1.0000000000000013,6,6,0,meets_screen,0.99,valid_fraction_of_represented
Rajasthan,block,Alwar||Umren,ACCESS-CM2,2005,combined,733341915.4884502,733341915.4884504,733341915.4884504,1.0000000000000002,1.0,1.0000000000000002,6,6,0,meets_screen,0.99,valid_fraction_of_represented
Rajasthan,block,Anoopgarh||Anupgarh,ACCESS-CM2,2005,combined,1198699775.516665,1198699775.516665,1198699775.516665,1.0,1.0,1.0,7,7,0,meets_screen,0.99,valid_fraction_of_represented
Rajasthan,block,Anoopgarh||Gharsana,ACCESS-CM2,2005,combined,1386401616.8105469,1386401616.8105474,1386401616.8105474,1.0000000000000004,1.0,1.0000000000000004,7,7,0,meets_screen,0.99,valid_fraction_of_represented
Rajasthan,block,Anoopgarh||Khajuwala,ACCESS-CM2,2005,combined,4147358924.85569,4147358924.8556876,4147358924.8556876,0.9999999999999994,1.0,0.9999999999999994,19,19,0,meets_screen,0.99,valid_fraction_of_represented
Rajasthan,block,Anoopgarh||Raisinghnagar,ACCESS-CM2,2005,combined,1318724640.9588883,1318724640.9588888,1318724640.9588888,1.0000000000000004,1.0,1.0000000000000004,6,6,0,meets_screen,0.99,valid_fraction_of_represented
Rajasthan,block,Anoopgarh||Vijainagar,ACCESS-CM2,2005,combined,805400419.7557,805400419.7556998,805400419.7556998,0.9999999999999997,1.0,0.9999999999999997,5,5,0,meets_screen,0.99,valid_fraction_of_represented
Rajasthan,block,Balotra||Baltora,ACCESS-CM2,2005,combined,1489861780.0371726,1489861780.0371723,1489861780.0371723,0.9999999999999999,1.0,0.9999999999999999,7,7,0,meets_screen,0.99,valid_fraction_of_represented
Rajasthan,block,Balotra||Baytoo,ACCESS-CM2,2005,combined,1170171880.4571133,1170171880.457113,1170171880.457113,0.9999999999999998,1.0,0.9999999999999998,6,6,0,meets_screen,0.99,valid_fraction_of_represented
Rajasthan,block,Balotra||Gira,ACCESS-CM2,2005,combined,1586754758.2101476,1586754758.2101502,1586754758.2101502,1.0000000000000016,1.0,1.0000000000000016,8,8,0,meets_screen,0.99,valid_fraction_of_represented
Rajasthan,block,Balotra||Kalyanpur,ACCESS-CM2,2005,combined,1162571122.6757267,1162571122.6757252,1162571122.6757252,0.9999999999999988,1.0,0.9999999999999988,6,6,0,meets_screen,0.99,valid_fraction_of_represented
Rajasthan,block,Balotra||Panyla Kla,ACCESS-CM2,2005,combined,475334870.5301343,475334870.5301346,475334870.5301346,1.0000000000000007,1.0,1.0000000000000007,4,4,0,meets_screen,0.99,valid_fraction_of_represented
Rajasthan,block,Balotra||Patodi,ACCESS-CM2,2005,combined,830074643.482204,830074643.4822034,830074643.4822034,0.9999999999999993,1.0,0.9999999999999993,6,6,0,meets_screen,0.99,valid_fraction_of_represented
Rajasthan,block,Balotra||Samdari,ACCESS-CM2,2005,combined,868002540.1581249,868002540.1581239,868002540.1581239,0.9999999999999988,1.0,0.9999999999999988,6,6,0,meets_screen,0.99,valid_fraction_of_represented
Rajasthan,block,Balotra||Sindhari,ACCESS-CM2,2005,combined,1417328156.6199718,1417328156.6199727,1417328156.6199727,1.0000000000000007,1.0,1.0000000000000007,9,9,0,meets_screen,0.99,valid_fraction_of_represented
Rajasthan,block,Balotra||Siwana,ACCESS-CM2,2005,combined,1191540449.781735,1191540449.7817354,1191540449.7817354,1.0000000000000004,1.0,1.0000000000000004,7,7,0,meets_screen,0.99,valid_fraction_of_represented
Rajasthan,block,Banswara||Anandpuri,ACCESS-CM2,2005,combined,332052945.3402495,332052945.340249,332052945.340249,0.9999999999999986,1.0,0.9999999999999986,2,2,0,meets_screen,0.99,valid_fraction_of_represented
Rajasthan,block,Banswara||Arthuna,ACCESS-CM2,2005,combined,245660513.61833125,245660513.61833134,245660513.61833134,1.0000000000000004,1.0,1.0000000000000004,5,5,0,meets_screen,0.99,valid_fraction_of_represented
Rajasthan,block,Banswara||Bagidora,ACCESS-CM2,2005,combined,303389427.5928248,303389427.5928245,303389427.5928245,0.999999999999999,1.0,0.999999999999999,3,3,0,meets_screen,0.99,valid_fraction_of_represented
Rajasthan,block,Banswara||Banswara,ACCESS-CM2,2005,combined,528701462.3024775,528701462.30247617,528701462.30247617,0.9999999999999976,1.0,0.9999999999999976,4,4,0,meets_screen,0.99,valid_fraction_of_represented
Rajasthan,block,Banswara||Chhoti Sarwan,ACCESS-CM2,2005,combined,347139781.44283587,347139781.4428353,347139781.4428353,0.9999999999999983,1.0,0.9999999999999983,3,3,0,meets_screen,0.99,valid_fraction_of_represented
Rajasthan,block,Banswara||Gangar Talai,ACCESS-CM2,2005,combined,217965510.99221048,217965510.99221054,217965510.99221054,1.0000000000000002,1.0,1.0000000000000002,2,2,0,meets_screen,0.99,valid_fraction_of_represented
Rajasthan,block,Banswara||Garhi,ACCESS-CM2,2005,combined,462837379.88367057,462837379.8836703,462837379.8836703,0.9999999999999993,1.0,0.9999999999999993,3,3,0,meets_screen,0.99,valid_fraction_of_represented
Rajasthan,block,Banswara||Ghatol,ACCESS-CM2,2005,combined,766717605.7303256,766717605.7303244,766717605.7303244,0.9999999999999984,1.0,0.9999999999999984,6,6,0,meets_screen,0.99,valid_fraction_of_represented
Rajasthan,block,Banswara||Kushalgarh,ACCESS-CM2,2005,combined,644146539.774568,644146539.7745677,644146539.7745677,0.9999999999999997,1.0,0.9999999999999997,4,4,0,meets_screen,0.99,valid_fraction_of_represented
Rajasthan,block,Banswara||Sajjangarh,ACCESS-CM2,2005,combined,393932124.77661395,393932124.77661383,393932124.77661383,0.9999999999999997,1.0,0.9999999999999997,4,4,0,meets_screen,0.99,valid_fraction_of_represented
Rajasthan,block,Banswara||Talwara,ACCESS-CM2,2005,combined,267220337.29400674,267220337.2940066,267220337.2940066,0.9999999999999994,1.0,0.9999999999999994,3,3,0,meets_screen,0.99,valid_fraction_of_represented
Rajasthan,block,Baran||Anta,ACCESS-CM2,2005,combined,547458738.7939315,547458738.7939318,547458738.7939318,1.0000000000000007,1.0,1.0000000000000007,4,4,0,meets_screen,0.99,valid_fraction_of_represented
Rajasthan,block,Baran||Atru,ACCESS-CM2,2005,combined,833261189.4159267,833261189.4159284,833261189.4159284,1.000000000000002,1.0,1.000000000000002,7,7,0,meets_screen,0.99,valid_fraction_of_represented
Rajasthan,block,Baran||Baran (Full),ACCESS-CM2,2005,combined,624388290.3447804,624388290.3447803,624388290.3447803,0.9999999999999998,1.0,0.9999999999999998,6,6,0,meets_screen,0.99,valid_fraction_of_represented
Rajasthan,block,Baran||Chhabra,ACCESS-CM2,2005,combined,800269927.5534122,800269927.5534151,800269927.5534151,1.0000000000000036,1.0,1.0000000000000036,6,6,0,meets_screen,0.99,valid_fraction_of_represented
Rajasthan,block,Baran||Chhipabarod,ACCESS-CM2,2005,combined,850160871.5401124,850160871.5401137,850160871.5401137,1.0000000000000016,1.0,1.0000000000000016,4,4,0,meets_screen,0.99,valid_fraction_of_represented
Rajasthan,block,Baran||Kishanganj,ACCESS-CM2,2005,combined,1426577529.7513683,1426577529.7513702,1426577529.7513702,1.0000000000000013,1.0,1.0000000000000013,6,6,0,meets_screen,0.99,valid_fraction_of_represented
Rajasthan,block,Baran||Mangrol,ACCESS-CM2,2005,combined,441180338.1789,441180338.1788998,441180338.1788998,0.9999999999999996,1.0,0.9999999999999996,4,4,0,meets_screen,0.99,valid_fraction_of_represented
Rajasthan,block,Baran||Shahbad,ACCESS-CM2,2005,combined,1470997696.674693,1470997696.6746905,1470997696.6746905,0.9999999999999982,1.0,0.9999999999999982,6,6,0,meets_screen,0.99,valid_fraction_of_represented
Rajasthan,block,Barmer||Aadel,ACCESS-CM2,2005,combined,446165945.8609541,446165945.8609542,446165945.8609542,1.0000000000000002,1.0,1.0000000000000002,3,3,0,meets_screen,0.99,valid_fraction_of_represented
Rajasthan,block,Barmer||Barmer,ACCESS-CM2,2005,combined,1973553299.6006653,1973553299.6006675,1973553299.6006675,1.000000000000001,1.0,1.000000000000001,10,10,0,meets_screen,0.99,valid_fraction_of_represented
Rajasthan,block,Barmer||Barmer Rural,ACCESS-CM2,2005,combined,1345518591.9586096,1345518591.958608,1345518591.958608,0.9999999999999988,1.0,0.9999999999999988,9,9,0,meets_screen,0.99,valid_fraction_of_represented
Rajasthan,block,Barmer||Chohtan,ACCESS-CM2,2005,combined,1116958317.2145143,1116958317.214515,1116958317.214515,1.0000000000000007,1.0,1.0000000000000007,7,7,0,meets_screen,0.99,valid_fraction_of_represented
Rajasthan,block,Barmer||Dhanau,ACCESS-CM2,2005,combined,1315251564.6327848,1315251564.632786,1315251564.632786,1.0000000000000009,1.0,1.0000000000000009,6,6,0,meets_screen,0.99,valid_fraction_of_represented
Rajasthan,block,Barmer||Dhorimanna,ACCESS-CM2,2005,combined,1315865348.9317687,1315865348.931768,1315865348.931768,0.9999999999999994,1.0,0.9999999999999994,7,7,0,meets_screen,0.99,valid_fraction_of_represented
Rajasthan,block,Barmer||Fagliya,ACCESS-CM2,2005,combined,851242935.9419439,851242935.9419439,851242935.9419439,1.0,1.0,1.0,7,7,0,meets_screen,0.99,valid_fraction_of_represented
Rajasthan,block,Barmer||Gadra Road,ACCESS-CM2,2005,combined,3885229819.8967395,3885229819.896744,3885229819.896744,1.000000000000001,1.0,1.000000000000001,11,11,0,meets_screen,0.99,valid_fraction_of_represented
Rajasthan,block,Barmer||Gudhamalani,ACCESS-CM2,2005,combined,855134718.8628451,855134718.8628451,855134718.8628451,1.0,1.0,1.0,5,5,0,meets_screen,0.99,valid_fraction_of_represented
Rajasthan,block,Barmer||Ramsar,ACCESS-CM2,2005,combined,1627038176.484903,1627038176.4849033,1627038176.4849033,1.0000000000000002,1.0,1.0000000000000002,7,7,0,meets_screen,0.99,valid_fraction_of_represented
Rajasthan,block,Barmer||Sedwa,ACCESS-CM2,2005,combined,741231406.4764197,741231406.4764202,741231406.4764202,1.0000000000000007,1.0,1.0000000000000007,4,4,0,meets_screen,0.99,valid_fraction_of_represented
Rajasthan,block,Barmer||Sheo,ACCESS-CM2,2005,combined,2722463084.1873865,2722463084.187394,2722463084.187394,1.0000000000000029,1.0,1.0000000000000029,14,14,0,meets_screen,0.99,valid_fraction_of_represented
Rajasthan,block,Beawar||Badnor,ACCESS-CM2,2005,combined,382258974.5935427,382258974.5935432,382258974.5935432,1.0000000000000013,1.0,1.0000000000000013,4,4,0,meets_screen,0.99,valid_fraction_of_represented
Rajasthan,block,Beawar||Jaitaran,ACCESS-CM2,2005,combined,1378055930.19387,1378055930.1938696,1378055930.1938696,0.9999999999999997,1.0,0.9999999999999997,5,5,0,meets_screen,0.99,valid_fraction_of_represented
Rajasthan,block,Beawar||Jawaja,ACCESS-CM2,2005,combined,689055309.7983739,689055309.7983738,689055309.7983738,0.9999999999999998,1.0,0.9999999999999998,7,7,0,meets_screen,0.99,valid_fraction_of_represented
Rajasthan,block,Beawar||Masooda,ACCESS-CM2,2005,combined,863028866.6773298,863028866.6773293,863028866.6773293,0.9999999999999994,1.0,0.9999999999999994,4,4,0,meets_screen,0.99,valid_fraction_of_represented
Rajasthan,block,Beawar||Raipur,ACCESS-CM2,2005,combined,1098784232.8669677,1098784232.8669667,1098784232.8669667,0.9999999999999991,1.0,0.9999999999999991,7,7,0,meets_screen,0.99,valid_fraction_of_represented
Rajasthan,block,Bharatpur||Bayana,ACCESS-CM2,2005,combined,778413300.9957489,778413300.995752,778413300.995752,1.000000000000004,1.0,1.000000000000004,5,5,0,meets_screen,0.99,valid_fraction_of_represented
Rajasthan,block,Bharatpur||Bhusawar,ACCESS-CM2,2005,combined,278871837.2492298,278871837.2492295,278871837.2492295,0.9999999999999989,1.0,0.9999999999999989,3,3,0,meets_screen,0.99,valid_fraction_of_represented
Rajasthan,block,Bharatpur||Nadbai,ACCESS-CM2,2005,combined,447783897.28663164,447783897.2866317,447783897.2866317,1.0000000000000002,1.0,1.0000000000000002,4,4,0,meets_screen,0.99,valid_fraction_of_represented
Rajasthan,block,Bharatpur||Rupbas,ACCESS-CM2,2005,combined,394865058.0856236,394865058.0856235,394865058.0856235,0.9999999999999997,1.0,0.9999999999999997,6,6,0,meets_screen,0.99,valid_fraction_of_represented
Rajasthan,block,Bharatpur||Sewar,ACCESS-CM2,2005,combined,501512372.6204903,501512372.62049043,501512372.62049043,1.0000000000000002,1.0,1.0000000000000002,4,4,0,meets_screen,0.99,valid_fraction_of_represented
Rajasthan,block,Bharatpur||Uchain,ACCESS-CM2,2005,combined,165552533.47707263,165552533.4770728,165552533.4770728,1.000000000000001,1.0,1.000000000000001,2,2,0,meets_screen,0.99,valid_fraction_of_represented
Rajasthan,block,Bharatpur||Weir,ACCESS-CM2,2005,combined,326183962.4984353,326183962.49843514,326183962.49843514,0.9999999999999994,1.0,0.9999999999999994,4,4,0,meets_screen,0.99,valid_fraction_of_represented
Rajasthan,block,Bhilwara||Asind,ACCESS-CM2,2005,combined,725940041.9316651,725940041.9316642,725940041.9316642,0.9999999999999989,1.0,0.9999999999999989,4,4,0,meets_screen,0.99,valid_fraction_of_represented
Rajasthan,block,Bhilwara||Bijoliya,ACCESS-CM2,2005,combined,724698477.5896872,724698477.5896866,724698477.5896866,0.9999999999999992,1.0,0.9999999999999992,4,4,0,meets_screen,0.99,valid_fraction_of_represented
Rajasthan,block,Bhilwara||Hurda,ACCESS-CM2,2005,combined,650429162.1217002,650429162.1217024,650429162.1217024,1.0000000000000036,1.0,1.0000000000000036,6,6,0,meets_screen,0.99,valid_fraction_of_represented
Rajasthan,block,Bhilwara||Kareda,ACCESS-CM2,2005,combined,556797149.0601883,556797149.0601896,556797149.0601896,1.0000000000000024,1.0,1.0000000000000024,4,4,0,meets_screen,0.99,valid_fraction_of_represented
Rajasthan,block,Bhilwara||Mandal,ACCESS-CM2,2005,combined,662599825.1348236,662599825.134824,662599825.134824,1.0000000000000007,1.0,1.0000000000000007,4,4,0,meets_screen,0.99,valid_fraction_of_represented
Rajasthan,block,Bhilwara||Mandalgarh,ACCESS-CM2,2005,combined,837772817.3714671,837772817.3714662,837772817.3714662,0.9999999999999989,1.0,0.9999999999999989,6,6,0,meets_screen,0.99,valid_fraction_of_represented
Rajasthan,block,Bhilwara||Raipur,ACCESS-CM2,2005,combined,509251353.5377943,509251353.5377957,509251353.5377957,1.0000000000000029,1.0,1.0000000000000029,3,3,0,meets_screen,0.99,valid_fraction_of_represented
Rajasthan,block,Bhilwara||Sahara,ACCESS-CM2,2005,combined,657670532.8184142,657670532.8184154,657670532.8184154,1.0000000000000018,1.0,1.0000000000000018,4,4,0,meets_screen,0.99,valid_fraction_of_represented
Rajasthan,block,Bhilwara||Suwana,ACCESS-CM2,2005,combined,972053868.8482054,972053868.8482057,972053868.8482057,1.0000000000000002,1.0,1.0000000000000002,7,7,0,meets_screen,0.99,valid_fraction_of_represented
Rajasthan,block,Bikaner||Bikaner,ACCESS-CM2,2005,combined,3767985425.335856,3767985425.335848,3767985425.335848,0.9999999999999979,1.0,0.9999999999999979,12,12,0,meets_screen,0.99,valid_fraction_of_represented
Rajasthan,block,Bikaner||Kolayat,ACCESS-CM2,2005,combined,8288344321.8288765,8288344321.828869,8288344321.828869,0.9999999999999991,1.0,0.9999999999999991,25,25,0,meets_screen,0.99,valid_fraction_of_represented
Rajasthan,block,Bikaner||Lunkaransar,ACCESS-CM2,2005,combined,5097404342.038687,5097404342.038689,5097404342.038689,1.0000000000000004,1.0,1.0000000000000004,15,15,0,meets_screen,0.99,valid_fraction_of_represented
Rajasthan,block,Bikaner||Nokha,ACCESS-CM2,2005,combined,2180179306.655255,2180179306.6552515,2180179306.6552515,0.9999999999999984,1.0,0.9999999999999984,11,11,0,meets_screen,0.99,valid_fraction_of_represented
Rajasthan,block,Bikaner||Panchoo,ACCESS-CM2,2005,combined,1619317519.434111,1619317519.4341102,1619317519.4341102,0.9999999999999994,1.0,0.9999999999999994,8,8,0,meets_screen,0.99,valid_fraction_of_represented
Rajasthan,block,Bikaner||Poogal,ACCESS-CM2,2005,combined,2157231676.618516,2157231676.618514,2157231676.618514,0.9999999999999991,1.0,0.9999999999999991,9,9,0,meets_screen,0.99,valid_fraction_of_represented
Rajasthan,block,Bikaner||Sri Dungargarh,ACCESS-CM2,2005,combined,2993446612.2606487,2993446612.2606597,2993446612.2606597,1.0000000000000038,1.0,1.0000000000000038,14,14,0,meets_screen,0.99,valid_fraction_of_represented
Rajasthan,block,Bundi||Bundi,ACCESS-CM2,2005,combined,977486693.635832,977486693.635833,977486693.635833,1.000000000000001,1.0,1.000000000000001,6,6,0,meets_screen,0.99,valid_fraction_of_represented
Rajasthan,block,Bundi||Hindoli,ACCESS-CM2,2005,combined,1342114593.7894382,1342114593.7894368,1342114593.7894368,0.9999999999999989,1.0,0.9999999999999989,7,7,0,meets_screen,0.99,valid_fraction_of_represented
Rajasthan,block,Bundi||Keshoraipatan,ACCESS-CM2,2005,combined,1341531988.1319053,1341531988.1319056,1341531988.1319056,1.0000000000000002,1.0,1.0000000000000002,8,8,0,meets_screen,0.99,valid_fraction_of_represented
Rajasthan,block,Bundi||Nainwa,ACCESS-CM2,2005,combined,1185323452.515366,1185323452.5153675,1185323452.5153675,1.000000000000001,1.0,1.000000000000001,6,6,0,meets_screen,0.99,valid_fraction_of_represented
Rajasthan,block,Bundi||Talera,ACCESS-CM2,2005,combined,930260647.1613724,930260647.1613737,930260647.1613737,1.0000000000000013,1.0,1.0000000000000013,6,6,0,meets_screen,0.99,valid_fraction_of_represented
Rajasthan,block,Chittorgarh||Bari Sadri,ACCESS-CM2,2005,combined,509151470.6236266,509151470.6236266,509151470.6236266,1.0,1.0,1.0,5,5,0,meets_screen,0.99,valid_fraction_of_represented
Rajasthan,block,Chittorgarh||Begun,ACCESS-CM2,2005,combined,919327351.3661497,919327351.3661512,919327351.3661512,1.0000000000000018,1.0,1.0000000000000018,4,4,0,meets_screen,0.99,valid_fraction_of_represented
Rajasthan,block,Chittorgarh||Bhadesar,ACCESS-CM2,2005,combined,534814750.2297169,534814750.2297175,534814750.2297175,1.000000000000001,1.0,1.000000000000001,4,4,0,meets_screen,0.99,valid_fraction_of_represented
Rajasthan,block,Chittorgarh||Bhainsrorgarh,ACCESS-CM2,2005,combined,1616850661.961895,1616850661.961893,1616850661.961893,0.9999999999999988,1.0,0.9999999999999988,9,9,0,meets_screen,0.99,valid_fraction_of_represented
Rajasthan,block,Chittorgarh||Bhopalsagar,ACCESS-CM2,2005,combined,392149527.7218704,392149527.72187054,392149527.72187054,1.0000000000000002,1.0,1.0000000000000002,4,4,0,meets_screen,0.99,valid_fraction_of_represented
Rajasthan,block,Chittorgarh||Chittorgarh,ACCESS-CM2,2005,combined,986935585.744448,986935585.7444482,986935585.7444482,1.0000000000000002,1.0,1.0000000000000002,7,7,0,meets_screen,0.99,valid_fraction_of_represented
Rajasthan,block,Chittorgarh||Dungla,ACCESS-CM2,2005,combined,496236860.9052289,496236860.90522885,496236860.90522885,0.9999999999999999,1.0,0.9999999999999999,4,4,0,meets_screen,0.99,valid_fraction_of_represented
Rajasthan,block,Chittorgarh||Gangrar,ACCESS-CM2,2005,combined,556451994.0692654,556451994.0692643,556451994.0692643,0.9999999999999981,1.0,0.9999999999999981,5,5,0,meets_screen,0.99,valid_fraction_of_represented
Rajasthan,block,Chittorgarh||Kapasan,ACCESS-CM2,2005,combined,515022428.11958325,515022428.1195824,515022428.1195824,0.9999999999999983,1.0,0.9999999999999983,5,5,0,meets_screen,0.99,valid_fraction_of_represented
Rajasthan,block,Chittorgarh||Nimbahera,ACCESS-CM2,2005,combined,836387189.6690984,836387189.6690993,836387189.6690993,1.000000000000001,1.0,1.000000000000001,7,7,0,meets_screen,0.99,valid_fraction_of_represented
Rajasthan,block,Chittorgarh||Rashmi,ACCESS-CM2,2005,combined,451624612.82926095,451624612.82926106,451624612.82926106,1.0000000000000002,1.0,1.0000000000000002,3,3,0,meets_screen,0.99,valid_fraction_of_represented
Rajasthan,block,Churu||Bidasar,ACCESS-CM2,2005,combined,1219318160.5726628,1219318160.5726614,1219318160.5726614,0.9999999999999988,1.0,0.9999999999999988,7,7,0,meets_screen,0.99,valid_fraction_of_represented
Rajasthan,block,Churu||Churu,ACCESS-CM2,2005,combined,1599655539.9660034,1599655539.9660032,1599655539.9660032,0.9999999999999999,1.0,0.9999999999999999,8,8,0,meets_screen,0.99,valid_fraction_of_represented
Rajasthan,block,Churu||Rajgarh,ACCESS-CM2,2005,combined,2206652367.191915,2206652367.1919193,2206652367.1919193,1.000000000000002,1.0,1.000000000000002,9,9,0,meets_screen,0.99,valid_fraction_of_represented
Rajasthan,block,Churu||Ratangarh,ACCESS-CM2,2005,combined,1696951655.9253678,1696951655.9253688,1696951655.9253688,1.0000000000000007,1.0,1.0000000000000007,10,10,0,meets_screen,0.99,valid_fraction_of_represented
Rajasthan,block,Churu||Sardarshahar,ACCESS-CM2,2005,combined,3844435504.998408,3844435504.998402,3844435504.998402,0.9999999999999986,1.0,0.9999999999999986,14,14,0,meets_screen,0.99,valid_fraction_of_represented
Rajasthan,block,Churu||Sujangarh,ACCESS-CM2,2005,combined,1473696309.3761022,1473696309.3761017,1473696309.3761017,0.9999999999999997,1.0,0.9999999999999997,8,8,0,meets_screen,0.99,valid_fraction_of_represented
Rajasthan,block,Churu||Taranagar,ACCESS-CM2,2005,combined,1808705182.3666515,1808705182.3666518,1808705182.3666518,1.0000000000000002,1.0,1.0000000000000002,9,9,0,meets_screen,0.99,valid_fraction_of_represented
Rajasthan,block,Dausa||Bandikui,ACCESS-CM2,2005,combined,140353990.55047312,140353990.55047306,140353990.55047306,0.9999999999999996,1.0,0.9999999999999996,4,4,0,meets_screen,0.99,valid_fraction_of_represented
Rajasthan,block,Dausa||Baswa,ACCESS-CM2,2005,combined,493202932.18606025,493202932.18605936,493202932.18605936,0.9999999999999982,1.0,0.9999999999999982,4,4,0,meets_screen,0.99,valid_fraction_of_represented
Rajasthan,block,Dausa||Dausa,ACCESS-CM2,2005,combined,625716026.2797557,625716026.2797565,625716026.2797565,1.0000000000000013,1.0,1.0000000000000013,6,6,0,meets_screen,0.99,valid_fraction_of_represented
Rajasthan,block,Dausa||Lalsot,ACCESS-CM2,2005,combined,720380786.0947711,720380786.09477,720380786.09477,0.9999999999999983,1.0,0.9999999999999983,4,4,0,meets_screen,0.99,valid_fraction_of_represented
Rajasthan,block,Dausa||Lawan,ACCESS-CM2,2005,combined,172324177.84525785,172324177.84525776,172324177.84525776,0.9999999999999994,1.0,0.9999999999999994,4,4,0,meets_screen,0.99,valid_fraction_of_represented
Rajasthan,block,Dausa||Mahwa,ACCESS-CM2,2005,combined,484567888.9464355,484567888.9464356,484567888.9464356,1.0000000000000002,1.0,1.0000000000000002,5,5,0,meets_screen,0.99,valid_fraction_of_represented
Rajasthan,block,Dausa||Nangal Rajawatan,ACCESS-CM2,2005,combined,122035058.07904856,122035058.07904863,122035058.07904863,1.0000000000000007,1.0,1.0000000000000007,2,2,0,meets_screen,0.99,valid_fraction_of_represented
Rajasthan,block,Dausa||Ramgarh Pachwara,ACCESS-CM2,2005,combined,146559210.4711749,146559210.47117436,146559210.47117436,0.9999999999999963,1.0,0.9999999999999963,2,2,0,meets_screen,0.99,valid_fraction_of_represented
Rajasthan,block,Dausa||Sikandara,ACCESS-CM2,2005,combined,240123087.90927756,240123087.90927774,240123087.90927774,1.0000000000000007,1.0,1.0000000000000007,3,3,0,meets_screen,0.99,valid_fraction_of_represented
Rajasthan,block,Dausa||Sikrai,ACCESS-CM2,2005,combined,270418437.0742232,270418437.07422334,270418437.07422334,1.0000000000000004,1.0,1.0000000000000004,3,3,0,meets_screen,0.99,valid_fraction_of_represented
Rajasthan,block,Deeg||Deeg,ACCESS-CM2,2005,combined,505855196.93715334,505855196.937153,505855196.937153,0.9999999999999993,1.0,0.9999999999999993,4,4,0,meets_screen,0.99,valid_fraction_of_represented
Rajasthan,block,Deeg||Kaman,ACCESS-CM2,2005,combined,356003918.54756165,356003918.5475617,356003918.5475617,1.0000000000000002,1.0,1.0000000000000002,4,4,0,meets_screen,0.99,valid_fraction_of_represented
Rajasthan,block,Deeg||Kumher,ACCESS-CM2,2005,combined,448255023.10090905,448255023.10090935,448255023.10090935,1.0000000000000007,1.0,1.0000000000000007,4,4,0,meets_screen,0.99,valid_fraction_of_represented
Rajasthan,block,Deeg||Nagar Pahari,ACCESS-CM2,2005,combined,473126198.5907169,473126198.59071577,473126198.59071577,0.9999999999999976,1.0,0.9999999999999976,4,4,0,meets_screen,0.99,valid_fraction_of_represented
Rajasthan,block,Deeg||Pahari,ACCESS-CM2,2005,combined,383967698.1702461,383967698.17024565,383967698.17024565,0.9999999999999988,1.0,0.9999999999999988,3,3,0,meets_screen,0.99,valid_fraction_of_represented
Rajasthan,block,Dholpur||Bari,ACCESS-CM2,2005,combined,795083110.1841323,795083110.1841325,795083110.1841325,1.0000000000000002,1.0,1.0000000000000002,6,6,0,meets_screen,0.99,valid_fraction_of_represented
Rajasthan,block,Dholpur||Baseri,ACCESS-CM2,2005,combined,348965278.13456315,348965278.13456285,348965278.13456285,0.9999999999999991,1.0,0.9999999999999991,4,4,0,meets_screen,0.99,valid_fraction_of_represented
Rajasthan,block,Dholpur||Dhaulpur,ACCESS-CM2,2005,combined,313539129.6261634,313539129.62616354,313539129.62616354,1.0000000000000004,1.0,1.0000000000000004,2,2,0,meets_screen,0.99,valid_fraction_of_represented
Rajasthan,block,Dholpur||Rajakhera,ACCESS-CM2,2005,combined,612885475.8846848,612885475.8846836,612885475.8846836,0.999999999999998,1.0,0.999999999999998,5,5,0,meets_screen,0.99,valid_fraction_of_represented
Rajasthan,block,Dholpur||Saipau,ACCESS-CM2,2005,combined,311694030.1441713,311694030.1441715,311694030.1441715,1.0000000000000007,1.0,1.0000000000000007,3,3,0,meets_screen,0.99,valid_fraction_of_represented
Rajasthan,block,Dholpur||Sarmathura,ACCESS-CM2,2005,combined,652248448.8310642,652248448.8310648,652248448.8310648,1.0000000000000009,1.0,1.0000000000000009,6,6,0,meets_screen,0.99,valid_fraction_of_represented
Rajasthan,block,Didwana Kuchaman||Didwana,ACCESS-CM2,2005,combined,996715816.4352639,996715816.4352629,996715816.4352629,0.999999999999999,1.0,0.999999999999999,7,7,0,meets_screen,0.99,valid_fraction_of_represented
Rajasthan,block,Didwana Kuchaman||Kuchaman,ACCESS-CM2,2005,combined,562909425.9803038,562909425.980304,562909425.980304,1.0000000000000004,1.0,1.0000000000000004,6,6,0,meets_screen,0.99,valid_fraction_of_represented
Rajasthan,block,Didwana Kuchaman||Ladnu,ACCESS-CM2,2005,combined,1258367908.5487154,1258367908.5487156,1258367908.5487156,1.0000000000000002,1.0,1.0000000000000002,7,7,0,meets_screen,0.99,valid_fraction_of_represented
Rajasthan,block,Didwana Kuchaman||Makrana,ACCESS-CM2,2005,combined,1132747999.901458,1132747999.9014583,1132747999.9014583,1.0000000000000002,1.0,1.0000000000000002,6,6,0,meets_screen,0.99,valid_fraction_of_represented
Rajasthan,block,Didwana Kuchaman||Molasar,ACCESS-CM2,2005,combined,659263144.6758834,659263144.6758817,659263144.6758817,0.9999999999999974,1.0,0.9999999999999974,5,5,0,meets_screen,0.99,valid_fraction_of_represented
Rajasthan,block,Didwana Kuchaman||Nawa,ACCESS-CM2,2005,combined,1078062748.5858393,1078062748.5858383,1078062748.5858383,0.9999999999999991,1.0,0.9999999999999991,7,7,0,meets_screen,0.99,valid_fraction_of_represented
Rajasthan,block,Didwana Kuchaman||Parbatsar,ACCESS-CM2,2005,combined,1114843738.8400002,1114843738.8400004,1114843738.8400004,1.0000000000000002,1.0,1.0000000000000002,7,7,0,meets_screen,0.99,valid_fraction_of_represented
Rajasthan,block,Dudu||Dudu,ACCESS-CM2,2005,combined,636461612.4327227,636461612.4327222,636461612.4327222,0.9999999999999992,1.0,0.9999999999999992,6,6,0,meets_screen,0.99,valid_fraction_of_represented
Rajasthan,block,Dudu||Madhorajpura,ACCESS-CM2,2005,combined,474226126.2291034,474226126.2291032,474226126.2291032,0.9999999999999997,1.0,0.9999999999999997,5,5,0,meets_screen,0.99,valid_fraction_of_represented
Rajasthan,block,Dudu||Mauzamabad,ACCESS-CM2,2005,combined,702956601.1025349,702956601.1025352,702956601.1025352,1.0000000000000004,1.0,1.0000000000000004,4,4,0,meets_screen,0.99,valid_fraction_of_represented
Rajasthan,block,Dudu||Phagi,ACCESS-CM2,2005,combined,644108864.5192125,644108864.5192124,644108864.5192124,0.9999999999999998,1.0,0.9999999999999998,6,6,0,meets_screen,0.99,valid_fraction_of_represented
Rajasthan,block,Dungarpur||Aspur,ACCESS-CM2,2005,combined,343029460.82867974,343029460.82867986,343029460.82867986,1.0000000000000004,1.0,1.0000000000000004,3,3,0,meets_screen,0.99,valid_fraction_of_represented
Rajasthan,block,Dungarpur||Bichiwara,ACCESS-CM2,2005,combined,596155058.8719225,596155058.8719229,596155058.8719229,1.0000000000000007,1.0,1.0000000000000007,4,4,0,meets_screen,0.99,valid_fraction_of_represented
Rajasthan,block,Dungarpur||Chikhali,ACCESS-CM2,2005,combined,242211026.3814468,242211026.38144708,242211026.38144708,1.000000000000001,1.0,1.000000000000001,3,3,0,meets_screen,0.99,valid_fraction_of_represented
Rajasthan,block,Dungarpur||Dovada,ACCESS-CM2,2005,combined,406294923.1245253,406294923.1245248,406294923.1245248,0.9999999999999987,1.0,0.9999999999999987,3,3,0,meets_screen,0.99,valid_fraction_of_represented
Rajasthan,block,Dungarpur||Dungarpur,ACCESS-CM2,2005,combined,321868721.37275755,321868721.37275875,321868721.37275875,1.0000000000000038,1.0,1.0000000000000038,3,3,0,meets_screen,0.99,valid_fraction_of_represented
Rajasthan,block,Dungarpur||Galiyakoat,ACCESS-CM2,2005,combined,169710800.19249374,169710800.19249365,169710800.19249365,0.9999999999999994,1.0,0.9999999999999994,4,4,0,meets_screen,0.99,valid_fraction_of_represented
Rajasthan,block,Dungarpur||Jothari,ACCESS-CM2,2005,combined,261548704.54465002,261548704.54464996,261548704.54464996,0.9999999999999998,1.0,0.9999999999999998,4,4,0,meets_screen,0.99,valid_fraction_of_represented
Rajasthan,block,Dungarpur||Sabla,ACCESS-CM2,2005,combined,366497267.8785643,366497267.8785642,366497267.8785642,0.9999999999999997,1.0,0.9999999999999997,2,2,0,meets_screen,0.99,valid_fraction_of_represented
Rajasthan,block,Dungarpur||Sagwara,ACCESS-CM2,2005,combined,651274614.1794335,651274614.179434,651274614.179434,1.0000000000000007,1.0,1.0000000000000007,4,4,0,meets_screen,0.99,valid_fraction_of_represented
Rajasthan,block,Dungarpur||Simalwara,ACCESS-CM2,2005,combined,411693080.31007683,411693080.31007683,411693080.31007683,1.0,1.0,1.0,4,4,0,meets_screen,0.99,valid_fraction_of_represented
Rajasthan,block,Ganganagar||Ganganagar,ACCESS-CM2,2005,combined,978301507.7159729,978301507.7159715,978301507.7159715,0.9999999999999986,1.0,0.9999999999999986,5,5,0,meets_screen,0.99,valid_fraction_of_represented
Rajasthan,block,Ganganagar||Karanpur,ACCESS-CM2,2005,combined,820979563.6523681,820979563.6523676,820979563.6523676,0.9999999999999994,1.0,0.9999999999999994,5,5,0,meets_screen,0.99,valid_fraction_of_represented
Rajasthan,block,Ganganagar||Padampur,ACCESS-CM2,2005,combined,848549728.3119835,848549728.3119836,848549728.3119836,1.0000000000000002,1.0,1.0000000000000002,7,7,0,meets_screen,0.99,valid_fraction_of_represented
Rajasthan,block,Ganganagar||Sadulshahar,ACCESS-CM2,2005,combined,770307830.8639584,770307830.863958,770307830.863958,0.9999999999999996,1.0,0.9999999999999996,5,5,0,meets_screen,0.99,valid_fraction_of_represented
Rajasthan,block,Ganganagar||Suratgarh,ACCESS-CM2,2005,combined,2803590733.592577,2803590733.592578,2803590733.592578,1.0000000000000004,1.0,1.0000000000000004,12,12,0,meets_screen,0.99,valid_fraction_of_represented
Rajasthan,block,Gangapurcity||Bamanwas,ACCESS-CM2,2005,combined,728564450.6934423,728564450.6934437,728564450.6934437,1.0000000000000018,1.0,1.0000000000000018,4,4,0,meets_screen,0.99,valid_fraction_of_represented
Rajasthan,block,Gangapurcity||Gangapur City,ACCESS-CM2,2005,combined,637204909.3163601,637204909.3163607,637204909.3163607,1.0000000000000009,1.0,1.0000000000000009,4,4,0,meets_screen,0.99,valid_fraction_of_represented
Rajasthan,block,Gangapurcity||Nadauti,ACCESS-CM2,2005,combined,647252652.5791932,647252652.5791932,647252652.5791932,1.0,1.0,1.0,6,6,0,meets_screen,0.99,valid_fraction_of_represented
Rajasthan,block,Gangapurcity||Todabhim,ACCESS-CM2,2005,combined,542723713.6945423,542723713.6945428,542723713.6945428,1.0000000000000009,1.0,1.0000000000000009,3,3,0,meets_screen,0.99,valid_fraction_of_represented
Rajasthan,block,Hanumangarh||Bhadra,ACCESS-CM2,2005,combined,1731366634.8395143,1731366634.8395133,1731366634.8395133,0.9999999999999994,1.0,0.9999999999999994,11,11,0,meets_screen,0.99,valid_fraction_of_represented
Rajasthan,block,Hanumangarh||Hanumangarh,ACCESS-CM2,2005,combined,1230334032.0448897,1230334032.0448906,1230334032.0448906,1.0000000000000007,1.0,1.0000000000000007,7,7,0,meets_screen,0.99,valid_fraction_of_represented
Rajasthan,block,Hanumangarh||Nohar,ACCESS-CM2,2005,combined,2466540668.4738164,2466540668.473819,2466540668.473819,1.0000000000000009,1.0,1.0000000000000009,10,10,0,meets_screen,0.99,valid_fraction_of_represented
Rajasthan,block,Hanumangarh||Pilibanga,ACCESS-CM2,2005,combined,1009990697.2070242,1009990697.2070236,1009990697.2070236,0.9999999999999994,1.0,0.9999999999999994,5,5,0,meets_screen,0.99,valid_fraction_of_represented
Rajasthan,block,Hanumangarh||Rawatsar,ACCESS-CM2,2005,combined,1873515112.2335477,1873515112.2335467,1873515112.2335467,0.9999999999999994,1.0,0.9999999999999994,8,8,0,meets_screen,0.99,valid_fraction_of_represented
Rajasthan,block,Hanumangarh||Sangaria,ACCESS-CM2,2005,combined,652252908.3982991,652252908.398299,652252908.398299,0.9999999999999998,1.0,0.9999999999999998,4,4,0,meets_screen,0.99,valid_fraction_of_represented
Rajasthan,block,Hanumangarh||Tibbi,ACCESS-CM2,2005,combined,745798391.1454437,745798391.1454437,745798391.1454437,1.0,1.0,1.0,6,6,0,meets_screen,0.99,valid_fraction_of_represented
Rajasthan,block,Jaipur Gramin||Andhi,ACCESS-CM2,2005,combined,491642158.5814403,491642158.58144057,491642158.58144057,1.0000000000000004,1.0,1.0000000000000004,4,4,0,meets_screen,0.99,valid_fraction_of_represented
Rajasthan,block,Jaipur Gramin||Bassi,ACCESS-CM2,2005,combined,387990280.13157046,387990280.13157064,387990280.13157064,1.0000000000000004,1.0,1.0000000000000004,3,3,0,meets_screen,0.99,valid_fraction_of_represented
Rajasthan,block,Jaipur Gramin||Chaksu,ACCESS-CM2,2005,combined,523967337.946122,523967337.94612247,523967337.94612247,1.0000000000000009,1.0,1.0000000000000009,5,5,0,meets_screen,0.99,valid_fraction_of_represented
Rajasthan,block,Jaipur Gramin||Govindgarh,ACCESS-CM2,2005,combined,682783015.2697798,682783015.2697796,682783015.2697796,0.9999999999999997,1.0,0.9999999999999997,6,6,0,meets_screen,0.99,valid_fraction_of_represented
Rajasthan,block,Jaipur Gramin||Jamwa Ramgarh,ACCESS-CM2,2005,combined,529645472.2007593,529645472.20075893,529645472.20075893,0.9999999999999993,1.0,0.9999999999999993,6,6,0,meets_screen,0.99,valid_fraction_of_represented
Rajasthan,block,Jaipur Gramin||Kishangarh Renwal,ACCESS-CM2,2005,combined,540684485.7505611,540684485.7505609,540684485.7505609,0.9999999999999996,1.0,0.9999999999999996,5,5,0,meets_screen,0.99,valid_fraction_of_represented
Rajasthan,block,Jaipur Gramin||Kotkhawda,ACCESS-CM2,2005,combined,291478800.482761,291478800.4827604,291478800.4827604,0.999999999999998,1.0,0.999999999999998,2,2,0,meets_screen,0.99,valid_fraction_of_represented
Rajasthan,block,Jaipur Gramin||Sambhar,ACCESS-CM2,2005,combined,1018481177.0528181,1018481177.0528194,1018481177.0528194,1.0000000000000013,1.0,1.0000000000000013,9,9,0,meets_screen,0.99,valid_fraction_of_represented
Rajasthan,block,Jaipur Gramin||Shahpura,ACCESS-CM2,2005,combined,527106510.5643863,527106510.56438684,527106510.56438684,1.000000000000001,1.0,1.000000000000001,6,6,0,meets_screen,0.99,valid_fraction_of_represented
Rajasthan,block,Jaipur Gramin||Tunga,ACCESS-CM2,2005,combined,267562851.80592683,267562851.80592662,267562851.80592662,0.9999999999999992,1.0,0.9999999999999992,5,5,0,meets_screen,0.99,valid_fraction_of_represented
Rajasthan,block,Jaipur||Amber,ACCESS-CM2,2005,combined,440009673.15993726,440009673.15993744,440009673.15993744,1.0000000000000004,1.0,1.0000000000000004,5,5,0,meets_screen,0.99,valid_fraction_of_represented
Rajasthan,block,Jaipur||Jalsu,ACCESS-CM2,2005,combined,408910719.91971785,408910719.91971815,408910719.91971815,1.0000000000000007,1.0,1.0000000000000007,3,3,0,meets_screen,0.99,valid_fraction_of_represented
Rajasthan,block,Jaipur||Jhotwara,ACCESS-CM2,2005,combined,566292898.4538217,566292898.4538227,566292898.4538227,1.000000000000002,1.0,1.000000000000002,4,4,0,meets_screen,0.99,valid_fraction_of_represented
Rajasthan,block,Jaipur||Sanganer,ACCESS-CM2,2005,combined,709514446.0612823,709514446.0612833,709514446.0612833,1.0000000000000016,1.0,1.0000000000000016,5,5,0,meets_screen,0.99,valid_fraction_of_represented
Rajasthan,block,Jaisalmer||Bhaniyana,ACCESS-CM2,2005,combined,1656217842.354118,1656217842.3541176,1656217842.3541176,0.9999999999999997,1.0,0.9999999999999997,8,8,0,meets_screen,0.99,valid_fraction_of_represented
Rajasthan,block,Jaisalmer||Fatehgarh,ACCESS-CM2,2005,combined,4467962028.845952,4467962028.845956,4467962028.845956,1.0000000000000009,1.0,1.0000000000000009,16,16,0,meets_screen,0.99,valid_fraction_of_represented
Rajasthan,block,Jaisalmer||Jaisalmer,ACCESS-CM2,2005,combined,2866017542.5240383,2866017542.524042,2866017542.524042,1.0000000000000013,1.0,1.0000000000000013,13,13,0,meets_screen,0.99,valid_fraction_of_represented
Rajasthan,block,Jaisalmer||Mohangarh,ACCESS-CM2,2005,combined,4990720004.959468,4990720004.959466,4990720004.959466,0.9999999999999997,1.0,0.9999999999999997,13,13,0,meets_screen,0.99,valid_fraction_of_represented
Rajasthan,block,Jaisalmer||Nachana,ACCESS-CM2,2005,combined,4137308503.838179,4137308503.838182,4137308503.838182,1.0000000000000007,1.0,1.0000000000000007,15,15,0,meets_screen,0.99,valid_fraction_of_represented
Rajasthan,block,Jaisalmer||Sam,ACCESS-CM2,2005,combined,16515495637.604736,16515495637.604725,16515495637.604725,0.9999999999999993,1.0,0.9999999999999993,40,40,0,meets_screen,0.99,valid_fraction_of_represented
Rajasthan,block,Jaisalmer||Sankra,ACCESS-CM2,2005,combined,3815865200.244027,3815865200.244033,3815865200.244033,1.0000000000000016,1.0,1.0000000000000016,15,15,0,meets_screen,0.99,valid_fraction_of_represented
Rajasthan,block,Jalore||Ahore,ACCESS-CM2,2005,combined,1620473371.3061619,1620473371.3061643,1620473371.3061643,1.0000000000000016,1.0,1.0000000000000016,9,9,0,meets_screen,0.99,valid_fraction_of_represented
Rajasthan,block,Jalore||Bagoda,ACCESS-CM2,2005,combined,818103825.803006,818103825.8030066,818103825.8030066,1.0000000000000007,1.0,1.0000000000000007,5,5,0,meets_screen,0.99,valid_fraction_of_represented
Rajasthan,block,Jalore||Bhinmal,ACCESS-CM2,2005,combined,586097993.3099624,586097993.3099625,586097993.3099625,1.0000000000000002,1.0,1.0000000000000002,6,6,0,meets_screen,0.99,valid_fraction_of_represented
Rajasthan,block,Jalore||Chitalwana,ACCESS-CM2,2005,combined,1677766019.4890707,1677766019.4890683,1677766019.4890683,0.9999999999999986,1.0,0.9999999999999986,10,10,0,meets_screen,0.99,valid_fraction_of_represented
Rajasthan,block,Jalore||Jalore,ACCESS-CM2,2005,combined,1055830128.3553638,1055830128.3553634,1055830128.3553634,0.9999999999999996,1.0,0.9999999999999996,7,7,0,meets_screen,0.99,valid_fraction_of_represented
Rajasthan,block,Jalore||Jaswantpura,ACCESS-CM2,2005,combined,1075877762.1475813,1075877762.1475806,1075877762.1475806,0.9999999999999993,1.0,0.9999999999999993,6,6,0,meets_screen,0.99,valid_fraction_of_represented
Rajasthan,block,Jalore||Raniwara,ACCESS-CM2,2005,combined,914732137.1848115,914732137.1848099,914732137.1848099,0.9999999999999983,1.0,0.9999999999999983,4,4,0,meets_screen,0.99,valid_fraction_of_represented
Rajasthan,block,Jalore||Sanchore,ACCESS-CM2,2005,combined,979524367.6431732,979524367.6431731,979524367.6431731,0.9999999999999999,1.0,0.9999999999999999,8,8,0,meets_screen,0.99,valid_fraction_of_represented
Rajasthan,block,Jalore||Sarnau,ACCESS-CM2,2005,combined,442990217.486065,442990217.48606485,442990217.48606485,0.9999999999999998,1.0,0.9999999999999998,4,4,0,meets_screen,0.99,valid_fraction_of_represented
Rajasthan,block,Jalore||Sayla,ACCESS-CM2,2005,combined,1471915578.4734614,1471915578.4734628,1471915578.4734628,1.0000000000000009,1.0,1.0000000000000009,8,8,0,meets_screen,0.99,valid_fraction_of_represented
Rajasthan,block,Jhalawar||Aklera,ACCESS-CM2,2005,combined,779166793.5646707,779166793.5646715,779166793.5646715,1.000000000000001,1.0,1.000000000000001,5,5,0,meets_screen,0.99,valid_fraction_of_represented
Rajasthan,block,Jhalawar||Bakani,ACCESS-CM2,2005,combined,445380680.9624893,445380680.9624896,445380680.9624896,1.0000000000000007,1.0,1.0000000000000007,4,4,0,meets_screen,0.99,valid_fraction_of_represented
Rajasthan,block,Jhalawar||Bhawani Mandi,ACCESS-CM2,2005,combined,702105248.4816227,702105248.4816223,702105248.4816223,0.9999999999999994,1.0,0.9999999999999994,6,6,0,meets_screen,0.99,valid_fraction_of_represented
Rajasthan,block,Jhalawar||Dag,ACCESS-CM2,2005,combined,929916824.0475452,929916824.0475453,929916824.0475453,1.0000000000000002,1.0,1.0000000000000002,6,6,0,meets_screen,0.99,valid_fraction_of_represented
Rajasthan,block,Jhalawar||Jhalrapatan,ACCESS-CM2,2005,combined,861890851.5976602,861890851.597662,861890851.597662,1.000000000000002,1.0,1.000000000000002,5,5,0,meets_screen,0.99,valid_fraction_of_represented
Rajasthan,block,Jhalawar||Khanpur,ACCESS-CM2,2005,combined,937076841.4905372,937076841.490537,937076841.490537,0.9999999999999999,1.0,0.9999999999999999,7,7,0,meets_screen,0.99,valid_fraction_of_represented
Rajasthan,block,Jhalawar||Manoharthana,ACCESS-CM2,2005,combined,636826887.0567929,636826887.0567931,636826887.0567931,1.0000000000000004,1.0,1.0000000000000004,4,4,0,meets_screen,0.99,valid_fraction_of_represented
Rajasthan,block,Jhalawar||Pirawa (Sunel),ACCESS-CM2,2005,combined,1050704718.5359943,1050704718.5359933,1050704718.5359933,0.9999999999999991,1.0,0.9999999999999991,4,4,0,meets_screen,0.99,valid_fraction_of_represented
Rajasthan,block,Jhunjhunu||Alsisar,ACCESS-CM2,2005,combined,658812150.657576,658812150.6575769,658812150.6575769,1.0000000000000016,1.0,1.0000000000000016,4,4,0,meets_screen,0.99,valid_fraction_of_represented
Rajasthan,block,Jhunjhunu||Buhana,ACCESS-CM2,2005,combined,364202753.840859,364202753.84085906,364202753.84085906,1.0000000000000002,1.0,1.0000000000000002,4,4,0,meets_screen,0.99,valid_fraction_of_represented
Rajasthan,block,Jhunjhunu||Chirawa,ACCESS-CM2,2005,combined,497906629.80406374,497906629.8040639,497906629.8040639,1.0000000000000004,1.0,1.0000000000000004,4,4,0,meets_screen,0.99,valid_fraction_of_represented
Rajasthan,block,Jhunjhunu||Jhunjhunu,ACCESS-CM2,2005,combined,506344990.9148616,506344990.91486084,506344990.91486084,0.9999999999999984,1.0,0.9999999999999984,4,4,0,meets_screen,0.99,valid_fraction_of_represented
Rajasthan,block,Jhunjhunu||Mandawa,ACCESS-CM2,2005,combined,460638204.228862,460638204.2288621,460638204.2288621,1.0000000000000002,1.0,1.0000000000000002,4,4,0,meets_screen,0.99,valid_fraction_of_represented
Rajasthan,block,Jhunjhunu||Nawalgarh,ACCESS-CM2,2005,combined,1089159382.8895342,1089159382.889534,1089159382.889534,0.9999999999999998,1.0,0.9999999999999998,7,7,0,meets_screen,0.99,valid_fraction_of_represented
Rajasthan,block,Jhunjhunu||Pilani,ACCESS-CM2,2005,combined,373200060.3749169,373200060.3749176,373200060.3749176,1.000000000000002,1.0,1.000000000000002,4,4,0,meets_screen,0.99,valid_fraction_of_represented
Rajasthan,block,Jhunjhunu||Singhana,ACCESS-CM2,2005,combined,289230106.5278676,289230106.52786744,289230106.52786744,0.9999999999999993,1.0,0.9999999999999993,2,2,0,meets_screen,0.99,valid_fraction_of_represented
Rajasthan,block,Jhunjhunu||Surajgarh,ACCESS-CM2,2005,combined,432161758.95240784,432161758.95240736,432161758.95240736,0.9999999999999989,1.0,0.9999999999999989,4,4,0,meets_screen,0.99,valid_fraction_of_represented
Rajasthan,block,Jodhpur Gramin||Balesar,ACCESS-CM2,2005,combined,890977543.286566,890977543.2865663,890977543.2865663,1.0000000000000002,1.0,1.0000000000000002,6,6,0,meets_screen,0.99,valid_fraction_of_represented
Rajasthan,block,Jodhpur Gramin||Bawadi,ACCESS-CM2,2005,combined,1270811884.794962,1270811884.7949605,1270811884.7949605,0.9999999999999989,1.0,0.9999999999999989,8,8,0,meets_screen,0.99,valid_fraction_of_represented
Rajasthan,block,Jodhpur Gramin||Bhopalgarh,ACCESS-CM2,2005,combined,1251898080.6465425,1251898080.6465423,1251898080.6465423,0.9999999999999998,1.0,0.9999999999999998,5,5,0,meets_screen,0.99,valid_fraction_of_represented
Rajasthan,block,Jodhpur Gramin||Bilara,ACCESS-CM2,2005,combined,1090819741.2794662,1090819741.279469,1090819741.279469,1.0000000000000027,1.0,1.0000000000000027,6,6,0,meets_screen,0.99,valid_fraction_of_represented
Rajasthan,block,Jodhpur Gramin||Dhawa,ACCESS-CM2,2005,combined,843583916.0120993,843583916.0120993,843583916.0120993,1.0,1.0,1.0,6,6,0,meets_screen,0.99,valid_fraction_of_represented
Rajasthan,block,Jodhpur Gramin||Luni,ACCESS-CM2,2005,combined,1165562795.5208967,1165562795.5208964,1165562795.5208964,0.9999999999999998,1.0,0.9999999999999998,7,7,0,meets_screen,0.99,valid_fraction_of_represented
Rajasthan,block,Jodhpur Gramin||Osian,ACCESS-CM2,2005,combined,1159507086.907393,1159507086.9073927,1159507086.9073927,0.9999999999999998,1.0,0.9999999999999998,6,6,0,meets_screen,0.99,valid_fraction_of_represented
Rajasthan,block,Jodhpur Gramin||Peepad Sahar,ACCESS-CM2,2005,combined,1081477137.487478,1081477137.4874778,1081477137.4874778,0.9999999999999998,1.0,0.9999999999999998,7,7,0,meets_screen,0.99,valid_fraction_of_represented
Rajasthan,block,Jodhpur Gramin||Sekhala,ACCESS-CM2,2005,combined,956740541.7521591,956740541.7521589,956740541.7521589,0.9999999999999998,1.0,0.9999999999999998,6,6,0,meets_screen,0.99,valid_fraction_of_represented
Rajasthan,block,Jodhpur Gramin||Shergarh,ACCESS-CM2,2005,combined,1226116105.4719312,1226116105.4719317,1226116105.4719317,1.0000000000000004,1.0,1.0000000000000004,7,7,0,meets_screen,0.99,valid_fraction_of_represented
Rajasthan,block,Jodhpur Gramin||Tinwari,ACCESS-CM2,2005,combined,785790447.5172863,785790447.5172864,785790447.5172864,1.0000000000000002,1.0,1.0000000000000002,6,6,0,meets_screen,0.99,valid_fraction_of_represented
Rajasthan,block,Jodhpur||Keru,ACCESS-CM2,2005,combined,656398173.2155551,656398173.2155536,656398173.2155536,0.9999999999999978,1.0,0.9999999999999978,4,4,0,meets_screen,0.99,valid_fraction_of_represented
Rajasthan,block,Jodhpur||Mandor,ACCESS-CM2,2005,combined,897101282.305636,897101282.3056359,897101282.3056359,0.9999999999999999,1.0,0.9999999999999999,6,6,0,meets_screen,0.99,valid_fraction_of_represented
Rajasthan,block,Karauli||Hindaun,ACCESS-CM2,2005,combined,425743311.6095832,425743311.6095833,425743311.6095833,1.0000000000000002,1.0,1.0000000000000002,4,4,0,meets_screen,0.99,valid_fraction_of_represented
Rajasthan,block,Karauli||Karauli,ACCESS-CM2,2005,combined,680935533.7044691,680935533.7044693,680935533.7044693,1.0000000000000004,1.0,1.0000000000000004,4,4,0,meets_screen,0.99,valid_fraction_of_represented
Rajasthan,block,Karauli||Mandrayal,ACCESS-CM2,2005,combined,575851432.7690364,575851432.7690359,575851432.7690359,0.9999999999999992,1.0,0.9999999999999992,4,4,0,meets_screen,0.99,valid_fraction_of_represented
Rajasthan,block,Karauli||Masalpur,ACCESS-CM2,2005,combined,576682605.6451085,576682605.6451085,576682605.6451085,1.0,1.0,1.0,5,5,0,meets_screen,0.99,valid_fraction_of_represented
Rajasthan,block,Karauli||Sapotra,ACCESS-CM2,2005,combined,1357046658.9998164,1357046658.9998183,1357046658.9998183,1.0000000000000013,1.0,1.0000000000000013,6,6,0,meets_screen,0.99,valid_fraction_of_represented
Rajasthan,block,Karauli||Sri Mahaveer Ji,ACCESS-CM2,2005,combined,210681372.93652374,210681372.93652374,210681372.93652374,1.0,1.0,1.0,4,4,0,meets_screen,0.99,valid_fraction_of_represented
Rajasthan,block,Kekri||Bhinay,ACCESS-CM2,2005,combined,979197845.6844912,979197845.684492,979197845.684492,1.0000000000000009,1.0,1.0000000000000009,5,5,0,meets_screen,0.99,valid_fraction_of_represented
Rajasthan,block,Kekri||Kekri,ACCESS-CM2,2005,combined,1003625481.1423309,1003625481.1423327,1003625481.1423327,1.0000000000000018,1.0,1.0000000000000018,6,6,0,meets_screen,0.99,valid_fraction_of_represented
Rajasthan,block,Kekri||Sarwar,ACCESS-CM2,2005,combined,884164747.4832327,884164747.4832326,884164747.4832326,0.9999999999999999,1.0,0.9999999999999999,6,6,0,meets_screen,0.99,valid_fraction_of_represented
Rajasthan,block,Kekri||Todaraisingh,ACCESS-CM2,2005,combined,1001930705.2136898,1001930705.2136889,1001930705.2136889,0.999999999999999,1.0,0.999999999999999,5,5,0,meets_screen,0.99,valid_fraction_of_represented
Rajasthan,block,Khairthal-Tijara||Kishangarh Bas,ACCESS-CM2,2005,combined,396884304.8653063,396884304.86530685,396884304.86530685,1.0000000000000013,1.0,1.0000000000000013,4,4,0,meets_screen,0.99,valid_fraction_of_represented
Rajasthan,block,Khairthal-Tijara||Kotkasim,ACCESS-CM2,2005,combined,340969718.13381445,340969718.13381416,340969718.13381416,0.9999999999999991,1.0,0.9999999999999991,4,4,0,meets_screen,0.99,valid_fraction_of_represented
Rajasthan,block,Khairthal-Tijara||Mandawar,ACCESS-CM2,2005,combined,570869235.2564067,570869235.2564065,570869235.2564065,0.9999999999999998,1.0,0.9999999999999998,6,6,0,meets_screen,0.99,valid_fraction_of_represented
Rajasthan,block,Khairthal-Tijara||Tijara,ACCESS-CM2,2005,combined,697585230.6362572,697585230.6362562,697585230.6362562,0.9999999999999987,1.0,0.9999999999999987,4,4,0,meets_screen,0.99,valid_fraction_of_represented
Rajasthan,block,Kota||Itawa,ACCESS-CM2,2005,combined,899628475.053964,899628475.0539647,899628475.0539647,1.0000000000000009,1.0,1.0000000000000009,6,6,0,meets_screen,0.99,valid_fraction_of_represented
Rajasthan,block,Kota||Khairabad,ACCESS-CM2,2005,combined,764902014.5039018,764902014.5039028,764902014.5039028,1.0000000000000013,1.0,1.0000000000000013,4,4,0,meets_screen,0.99,valid_fraction_of_represented
Rajasthan,block,Kota||Ladpura,ACCESS-CM2,2005,combined,1464240042.9902306,1464240042.990233,1464240042.990233,1.0000000000000016,1.0,1.0000000000000016,8,8,0,meets_screen,0.99,valid_fraction_of_represented
Rajasthan,block,Kota||Sangod,ACCESS-CM2,2005,combined,1045262848.4842776,1045262848.4842787,1045262848.4842787,1.000000000000001,1.0,1.000000000000001,7,7,0,meets_screen,0.99,valid_fraction_of_represented
Rajasthan,block,Kota||Sultanpur,ACCESS-CM2,2005,combined,915661070.2903321,915661070.2903329,915661070.2903329,1.0000000000000009,1.0,1.0000000000000009,6,6,0,meets_screen,0.99,valid_fraction_of_represented
Rajasthan,block,Kotputli-Behror||Bansur,ACCESS-CM2,2005,combined,884988729.8336594,884988729.8336607,884988729.8336607,1.0000000000000016,1.0,1.0000000000000016,7,7,0,meets_screen,0.99,valid_fraction_of_represented
Rajasthan,block,Kotputli-Behror||Behror,ACCESS-CM2,2005,combined,349826468.58555335,349826468.5855533,349826468.5855533,0.9999999999999998,1.0,0.9999999999999998,4,4,0,meets_screen,0.99,valid_fraction_of_represented
Rajasthan,block,Kotputli-Behror||Kotputli,ACCESS-CM2,2005,combined,398329375.1315751,398329375.1315756,398329375.1315756,1.000000000000001,1.0,1.000000000000001,4,4,0,meets_screen,0.99,valid_fraction_of_represented
Rajasthan,block,Kotputli-Behror||Neemrana,ACCESS-CM2,2005,combined,390806225.382415,390806225.382414,390806225.382414,0.9999999999999974,1.0,0.9999999999999974,5,5,0,meets_screen,0.99,valid_fraction_of_represented
Rajasthan,block,Kotputli-Behror||Paota,ACCESS-CM2,2005,combined,412497719.29087996,412497719.2908802,412497719.2908802,1.0000000000000007,1.0,1.0000000000000007,4,4,0,meets_screen,0.99,valid_fraction_of_represented
Rajasthan,block,Kotputli-Behror||Viratnagar,ACCESS-CM2,2005,combined,483432854.8109837,483432854.81098276,483432854.81098276,0.999999999999998,1.0,0.999999999999998,5,5,0,meets_screen,0.99,valid_fraction_of_represented
Rajasthan,block,Nagaur||Bherunda,ACCESS-CM2,2005,combined,706222650.1602622,706222650.1602631,706222650.1602631,1.000000000000001,1.0,1.000000000000001,6,6,0,meets_screen,0.99,valid_fraction_of_represented
Rajasthan,block,Nagaur||Degana,ACCESS-CM2,2005,combined,1204258733.0123932,1204258733.012392,1204258733.012392,0.999999999999999,1.0,0.999999999999999,7,7,0,meets_screen,0.99,valid_fraction_of_represented
Rajasthan,block,Nagaur||Jayal,ACCESS-CM2,2005,combined,2075822339.4447389,2075822339.4447415,2075822339.4447415,1.0000000000000013,1.0,1.0000000000000013,9,9,0,meets_screen,0.99,valid_fraction_of_represented
Rajasthan,block,Nagaur||Khinvsar,ACCESS-CM2,2005,combined,1653431655.1326978,1653431655.1326966,1653431655.1326966,0.9999999999999993,1.0,0.9999999999999993,8,8,0,meets_screen,0.99,valid_fraction_of_represented
Rajasthan,block,Nagaur||Merta,ACCESS-CM2,2005,combined,1501603108.438953,1501603108.438953,1501603108.438953,1.0,1.0,1.0,7,7,0,meets_screen,0.99,valid_fraction_of_represented
Rajasthan,block,Nagaur||Mundwa,ACCESS-CM2,2005,combined,1069177543.0702065,1069177543.0702081,1069177543.0702081,1.0000000000000016,1.0,1.0000000000000016,8,8,0,meets_screen,0.99,valid_fraction_of_represented
Rajasthan,block,Nagaur||Nagaur,ACCESS-CM2,2005,combined,1999630961.0458136,1999630961.0458128,1999630961.0458128,0.9999999999999997,1.0,0.9999999999999997,9,9,0,meets_screen,0.99,valid_fraction_of_represented
Rajasthan,block,Nagaur||Riyan Badi,ACCESS-CM2,2005,combined,796632466.2562507,796632466.2562516,796632466.2562516,1.000000000000001,1.0,1.000000000000001,7,7,0,meets_screen,0.99,valid_fraction_of_represented
Rajasthan,block,Neem Ka Thana||Ajeetgarh,ACCESS-CM2,2005,combined,498386738.6089788,498386738.60897946,498386738.60897946,1.0000000000000013,1.0,1.0000000000000013,4,4,0,meets_screen,0.99,valid_fraction_of_represented
Rajasthan,block,Neem Ka Thana||Khetri,ACCESS-CM2,2005,combined,804584943.1330565,804584943.1330549,804584943.1330549,0.9999999999999979,1.0,0.9999999999999979,5,5,0,meets_screen,0.99,valid_fraction_of_represented
Rajasthan,block,Neem Ka Thana||Neem Ka Thana,ACCESS-CM2,2005,combined,539929679.5541513,539929679.5541512,539929679.5541512,0.9999999999999998,1.0,0.9999999999999998,4,4,0,meets_screen,0.99,valid_fraction_of_represented
Rajasthan,block,Neem Ka Thana||Patan,ACCESS-CM2,2005,combined,384526857.41321224,384526857.4132128,384526857.4132128,1.0000000000000013,1.0,1.0000000000000013,4,4,0,meets_screen,0.99,valid_fraction_of_represented
Rajasthan,block,Neem Ka Thana||Sri Madhopur,ACCESS-CM2,2005,combined,497260382.9036702,497260382.90367067,497260382.90367067,1.0000000000000009,1.0,1.0000000000000009,5,5,0,meets_screen,0.99,valid_fraction_of_represented
Rajasthan,block,Neem Ka Thana||Udaipurwati,ACCESS-CM2,2005,combined,447926847.2319101,447926847.23191065,447926847.23191065,1.000000000000001,1.0,1.000000000000001,4,4,0,meets_screen,0.99,valid_fraction_of_represented
Rajasthan,block,Pali||Bali,ACCESS-CM2,2005,combined,1414538855.0250008,1414538855.025001,1414538855.025001,1.0000000000000002,1.0,1.0000000000000002,8,8,0,meets_screen,0.99,valid_fraction_of_represented
Rajasthan,block,Pali||Desuri,ACCESS-CM2,2005,combined,840483296.7001076,840483296.7001067,840483296.7001067,0.999999999999999,1.0,0.999999999999999,6,6,0,meets_screen,0.99,valid_fraction_of_represented
Rajasthan,block,Pali||Kharchi(Mar.Jun),ACCESS-CM2,2005,combined,1401040798.245393,1401040798.2453895,1401040798.2453895,0.9999999999999974,1.0,0.9999999999999974,8,8,0,meets_screen,0.99,valid_fraction_of_represented
Rajasthan,block,Pali||Pali,ACCESS-CM2,2005,combined,1361481407.081192,1361481407.081191,1361481407.081191,0.9999999999999993,1.0,0.9999999999999993,7,7,0,meets_screen,0.99,valid_fraction_of_represented
Rajasthan,block,Pali||Rani Station,ACCESS-CM2,2005,combined,779023709.9591349,779023709.9591348,779023709.9591348,0.9999999999999999,1.0,0.9999999999999999,6,6,0,meets_screen,0.99,valid_fraction_of_represented
Rajasthan,block,Pali||Rohat,ACCESS-CM2,2005,combined,1429071230.7176342,1429071230.7176347,1429071230.7176347,1.0000000000000004,1.0,1.0000000000000004,7,7,0,meets_screen,0.99,valid_fraction_of_represented
Rajasthan,block,Pali||Sojat,ACCESS-CM2,2005,combined,1713353613.0181048,1713353613.0181057,1713353613.0181057,1.0000000000000007,1.0,1.0000000000000007,7,7,0,meets_screen,0.99,valid_fraction_of_represented
Rajasthan,block,Pali||Sumerpur,ACCESS-CM2,2005,combined,970519193.8004687,970519193.8004689,970519193.8004689,1.0000000000000002,1.0,1.0000000000000002,6,6,0,meets_screen,0.99,valid_fraction_of_represented
Rajasthan,block,Phalodi||Aau,ACCESS-CM2,2005,combined,753735366.4977776,753735366.497777,753735366.497777,0.9999999999999992,1.0,0.9999999999999992,5,5,0,meets_screen,0.99,valid_fraction_of_represented
Rajasthan,block,Phalodi||Bap,ACCESS-CM2,2005,combined,3378862937.8470373,3378862937.847036,3378862937.847036,0.9999999999999996,1.0,0.9999999999999996,14,14,0,meets_screen,0.99,valid_fraction_of_represented
Rajasthan,block,Phalodi||Bapini,ACCESS-CM2,2005,combined,777576681.7411388,777576681.7411388,777576681.7411388,1.0,1.0,1.0,4,4,0,meets_screen,0.99,valid_fraction_of_represented
Rajasthan,block,Phalodi||Dechu,ACCESS-CM2,2005,combined,1146867408.9190385,1146867408.9190378,1146867408.9190378,0.9999999999999993,1.0,0.9999999999999993,5,5,0,meets_screen,0.99,valid_fraction_of_represented
Rajasthan,block,Phalodi||Ghantiyali,ACCESS-CM2,2005,combined,1338574626.5938056,1338574626.5938044,1338574626.5938044,0.9999999999999991,1.0,0.9999999999999991,8,8,0,meets_screen,0.99,valid_fraction_of_represented
Rajasthan,block,Phalodi||Lohawat,ACCESS-CM2,2005,combined,983006225.0607232,983006225.0607235,983006225.0607235,1.0000000000000004,1.0,1.0000000000000004,6,6,0,meets_screen,0.99,valid_fraction_of_represented
Rajasthan,block,Phalodi||Phalodi,ACCESS-CM2,2005,combined,1024350264.9348117,1024350264.9348114,1024350264.9348114,0.9999999999999997,1.0,0.9999999999999997,5,5,0,meets_screen,0.99,valid_fraction_of_represented
Rajasthan,block,Pratapgarh||Arnod,ACCESS-CM2,2005,combined,325145327.5924135,325145327.5924136,325145327.5924136,1.0000000000000004,1.0,1.0000000000000004,3,3,0,meets_screen,0.99,valid_fraction_of_represented
Rajasthan,block,Pratapgarh||Chhoti Sadri,ACCESS-CM2,2005,combined,719763766.9669056,719763766.9669073,719763766.9669073,1.0000000000000022,1.0,1.0000000000000022,5,5,0,meets_screen,0.99,valid_fraction_of_represented
Rajasthan,block,Pratapgarh||Dalot,ACCESS-CM2,2005,combined,330807666.48898923,330807666.48898864,330807666.48898864,0.9999999999999982,1.0,0.9999999999999982,3,3,0,meets_screen,0.99,valid_fraction_of_represented
Rajasthan,block,Pratapgarh||Dhamotar,ACCESS-CM2,2005,combined,743894607.5305535,743894607.5305531,743894607.5305531,0.9999999999999996,1.0,0.9999999999999996,6,6,0,meets_screen,0.99,valid_fraction_of_represented
Rajasthan,block,Pratapgarh||Dhariawad,ACCESS-CM2,2005,combined,895338366.0424244,895338366.0424247,895338366.0424247,1.0000000000000002,1.0,1.0000000000000002,7,7,0,meets_screen,0.99,valid_fraction_of_represented
Rajasthan,block,Pratapgarh||Peepal Khoont,ACCESS-CM2,2005,combined,457800461.7953899,457800461.79538953,457800461.79538953,0.9999999999999992,1.0,0.9999999999999992,4,4,0,meets_screen,0.99,valid_fraction_of_represented
Rajasthan,block,Pratapgarh||Pratapgarh,ACCESS-CM2,2005,combined,578751570.7285888,578751570.7285893,578751570.7285893,1.0000000000000009,1.0,1.0000000000000009,4,4,0,meets_screen,0.99,valid_fraction_of_represented
Rajasthan,block,Pratapgarh||Suhagpura,ACCESS-CM2,2005,combined,387675126.4800564,387675126.48005605,387675126.48005605,0.9999999999999991,1.0,0.9999999999999991,2,2,0,meets_screen,0.99,valid_fraction_of_represented
Rajasthan,block,Rajsamand||Amet,ACCESS-CM2,2005,combined,522250086.586005,522250086.58600676,522250086.58600676,1.0000000000000033,1.0,1.0000000000000033,4,4,0,meets_screen,0.99,valid_fraction_of_represented
Rajasthan,block,Rajsamand||Bhim,ACCESS-CM2,2005,combined,654469269.6661398,654469269.6661386,654469269.6661386,0.9999999999999982,1.0,0.9999999999999982,6,6,0,meets_screen,0.99,valid_fraction_of_represented
Rajasthan,block,Rajsamand||Delwada,ACCESS-CM2,2005,combined,207327982.32692182,207327982.3269216,207327982.3269216,0.999999999999999,1.0,0.999999999999999,4,4,0,meets_screen,0.99,valid_fraction_of_represented
Rajasthan,block,Rajsamand||Deogarh,ACCESS-CM2,2005,combined,599994391.1196055,599994391.119606,599994391.119606,1.0000000000000009,1.0,1.0000000000000009,5,5,0,meets_screen,0.99,valid_fraction_of_represented
Rajasthan,block,Rajsamand||Khamnor,ACCESS-CM2,2005,combined,574332055.006539,574332055.0065396,574332055.0065396,1.000000000000001,1.0,1.000000000000001,4,4,0,meets_screen,0.99,valid_fraction_of_represented
Rajasthan,block,Rajsamand||Kumbhalgarh,ACCESS-CM2,2005,combined,888565037.6402413,888565037.6402407,888565037.6402407,0.9999999999999993,1.0,0.9999999999999993,6,6,0,meets_screen,0.99,valid_fraction_of_represented
Rajasthan,block,Rajsamand||Railmagra,ACCESS-CM2,2005,combined,567356606.9564427,567356606.9564435,567356606.9564435,1.0000000000000016,1.0,1.0000000000000016,6,6,0,meets_screen,0.99,valid_fraction_of_represented
Rajasthan,block,Rajsamand||Rajsamand,ACCESS-CM2,2005,combined,614625685.19775,614625685.1977503,614625685.1977503,1.0000000000000007,1.0,1.0000000000000007,5,5,0,meets_screen,0.99,valid_fraction_of_represented
Rajasthan,block,Salumbar||Jaisamand,ACCESS-CM2,2005,combined,455985435.15678173,455985435.1567819,455985435.1567819,1.0000000000000004,1.0,1.0000000000000004,3,3,0,meets_screen,0.99,valid_fraction_of_represented
Rajasthan,block,Salumbar||Jhallara,ACCESS-CM2,2005,combined,384295612.0228185,384295612.022818,384295612.022818,0.9999999999999988,1.0,0.9999999999999988,4,4,0,meets_screen,0.99,valid_fraction_of_represented
Rajasthan,block,Salumbar||Lasadiya,ACCESS-CM2,2005,combined,512530251.76336837,512530251.76336896,512530251.76336896,1.000000000000001,1.0,1.000000000000001,4,4,0,meets_screen,0.99,valid_fraction_of_represented
Rajasthan,block,Salumbar||Salumbar,ACCESS-CM2,2005,combined,665405897.5912688,665405897.5912706,665405897.5912706,1.0000000000000027,1.0,1.0000000000000027,7,7,0,meets_screen,0.99,valid_fraction_of_represented
Rajasthan,block,Salumbar||Sarada,ACCESS-CM2,2005,combined,377723991.7711415,377723991.77114224,377723991.77114224,1.000000000000002,1.0,1.000000000000002,4,4,0,meets_screen,0.99,valid_fraction_of_represented
Rajasthan,block,Salumbar||Semari,ACCESS-CM2,2005,combined,127859089.61513302,127859089.61513309,127859089.61513309,1.0000000000000007,1.0,1.0000000000000007,2,2,0,meets_screen,0.99,valid_fraction_of_represented
Rajasthan,block,Sawai Madhopur||Bonli,ACCESS-CM2,2005,combined,628249793.8089125,628249793.8089128,628249793.8089128,1.0000000000000004,1.0,1.0000000000000004,4,4,0,meets_screen,0.99,valid_fraction_of_represented
Rajasthan,block,Sawai Madhopur||Chauth Ka Barwara,ACCESS-CM2,2005,combined,526916917.5208292,526916917.5208283,526916917.5208283,0.9999999999999983,1.0,0.9999999999999983,5,5,0,meets_screen,0.99,valid_fraction_of_represented
Rajasthan,block,Sawai Madhopur||Khandar,ACCESS-CM2,2005,combined,1391000130.4132385,1391000130.4132438,1391000130.4132438,1.0000000000000038,1.0,1.0000000000000038,8,8,0,meets_screen,0.99,valid_fraction_of_represented
Rajasthan,block,Sawai Madhopur||Malarna Doongar,ACCESS-CM2,2005,combined,374338037.44727033,374338037.44727093,374338037.44727093,1.0000000000000016,1.0,1.0000000000000016,4,4,0,meets_screen,0.99,valid_fraction_of_represented
Rajasthan,block,Sawai Madhopur||Sawai Madhopur,ACCESS-CM2,2005,combined,739493123.9029337,739493123.9029344,739493123.9029344,1.0000000000000009,1.0,1.0000000000000009,5,5,0,meets_screen,0.99,valid_fraction_of_represented
Rajasthan,block,Shahpura||Banera,ACCESS-CM2,2005,combined,662966105.2847353,662966105.2847351,662966105.2847351,0.9999999999999997,1.0,0.9999999999999997,5,5,0,meets_screen,0.99,valid_fraction_of_represented
Rajasthan,block,Shahpura||Jahazpur,ACCESS-CM2,2005,combined,1080541021.1565685,1080541021.156568,1080541021.156568,0.9999999999999996,1.0,0.9999999999999996,5,5,0,meets_screen,0.99,valid_fraction_of_represented
Rajasthan,block,Shahpura||Kotri,ACCESS-CM2,2005,combined,933624047.062349,933624047.062348,933624047.062348,0.999999999999999,1.0,0.999999999999999,5,5,0,meets_screen,0.99,valid_fraction_of_represented
Rajasthan,block,Shahpura||Shahpura,ACCESS-CM2,2005,combined,1130740106.912928,1130740106.912926,1130740106.912926,0.9999999999999981,1.0,0.9999999999999981,6,6,0,meets_screen,0.99,valid_fraction_of_represented
Rajasthan,block,Sikar||Danta Ramgarh,ACCESS-CM2,2005,combined,898850233.866685,898850233.8666829,898850233.8666829,0.9999999999999976,1.0,0.9999999999999976,5,5,0,meets_screen,0.99,valid_fraction_of_represented
Rajasthan,block,Sikar||Dhod,ACCESS-CM2,2005,combined,1094113400.1198695,1094113400.119869,1094113400.119869,0.9999999999999996,1.0,0.9999999999999996,6,6,0,meets_screen,0.99,valid_fraction_of_represented
Rajasthan,block,Sikar||Fatehpur,ACCESS-CM2,2005,combined,1257446006.5107577,1257446006.510756,1257446006.510756,0.9999999999999987,1.0,0.9999999999999987,5,5,0,meets_screen,0.99,valid_fraction_of_represented
Rajasthan,block,Sikar||Khandela,ACCESS-CM2,2005,combined,633573907.8235158,633573907.8235164,633573907.8235164,1.0000000000000009,1.0,1.0000000000000009,4,4,0,meets_screen,0.99,valid_fraction_of_represented
Rajasthan,block,Sikar||Lachhmangarh,ACCESS-CM2,2005,combined,550354396.6517102,550354396.6517103,550354396.6517103,1.0000000000000002,1.0,1.0000000000000002,4,4,0,meets_screen,0.99,valid_fraction_of_represented
Rajasthan,block,Sikar||Nechwa,ACCESS-CM2,2005,combined,479150709.5278671,479150709.52786714,479150709.52786714,1.0000000000000002,1.0,1.0000000000000002,6,6,0,meets_screen,0.99,valid_fraction_of_represented
Rajasthan,block,Sikar||Palsana,ACCESS-CM2,2005,combined,491201533.67315316,491201533.6731533,491201533.6731533,1.0000000000000002,1.0,1.0000000000000002,4,4,0,meets_screen,0.99,valid_fraction_of_represented
Rajasthan,block,Sikar||Piprali,ACCESS-CM2,2005,combined,405704767.0038475,405704767.003847,405704767.003847,0.9999999999999988,1.0,0.9999999999999988,5,5,0,meets_screen,0.99,valid_fraction_of_represented
Rajasthan,block,Sirohi||Abu Road,ACCESS-CM2,2005,combined,879483182.4059329,879483182.4059334,879483182.4059334,1.0000000000000004,1.0,1.0000000000000004,6,6,0,meets_screen,0.99,valid_fraction_of_represented
Rajasthan,block,Sirohi||Pindwara,ACCESS-CM2,2005,combined,1113496150.8475285,1113496150.8475268,1113496150.8475268,0.9999999999999984,1.0,0.9999999999999984,6,6,0,meets_screen,0.99,valid_fraction_of_represented
Rajasthan,block,Sirohi||Reodar,ACCESS-CM2,2005,combined,1085961352.9105442,1085961352.910543,1085961352.910543,0.9999999999999989,1.0,0.9999999999999989,8,8,0,meets_screen,0.99,valid_fraction_of_represented
Rajasthan,block,Sirohi||Sheoganj,ACCESS-CM2,2005,combined,884217141.1296932,884217141.1296952,884217141.1296952,1.0000000000000022,1.0,1.0000000000000022,6,6,0,meets_screen,0.99,valid_fraction_of_represented
Rajasthan,block,Sirohi||Sirohi,ACCESS-CM2,2005,combined,1174452574.3989372,1174452574.3989406,1174452574.3989406,1.0000000000000029,1.0,1.0000000000000029,8,8,0,meets_screen,0.99,valid_fraction_of_represented
Rajasthan,block,Tonk||Deoli,ACCESS-CM2,2005,combined,1226431579.4903657,1226431579.4903662,1226431579.4903662,1.0000000000000004,1.0,1.0000000000000004,7,7,0,meets_screen,0.99,valid_fraction_of_represented
Rajasthan,block,Tonk||Malpura,ACCESS-CM2,2005,combined,1489898129.5059679,1489898129.505968,1489898129.505968,1.0000000000000002,1.0,1.0000000000000002,8,8,0,meets_screen,0.99,valid_fraction_of_represented
Rajasthan,block,Tonk||Newai,ACCESS-CM2,2005,combined,979845450.8092096,979845450.8092109,979845450.8092109,1.0000000000000013,1.0,1.0000000000000013,7,7,0,meets_screen,0.99,valid_fraction_of_represented
Rajasthan,block,Tonk||Peeplu,ACCESS-CM2,2005,combined,695939645.3289554,695939645.3289565,695939645.3289565,1.0000000000000016,1.0,1.0000000000000016,4,4,0,meets_screen,0.99,valid_fraction_of_represented
Rajasthan,block,Tonk||Tonk,ACCESS-CM2,2005,combined,814516902.7367902,814516902.73679,814516902.73679,0.9999999999999997,1.0,0.9999999999999997,7,7,0,meets_screen,0.99,valid_fraction_of_represented
Rajasthan,block,Tonk||Uniara,ACCESS-CM2,2005,combined,988711446.0887059,988711446.0887053,988711446.0887053,0.9999999999999994,1.0,0.9999999999999994,5,5,0,meets_screen,0.99,valid_fraction_of_represented
Rajasthan,block,Udaipur||Bargaon,ACCESS-CM2,2005,combined,446151756.3524637,446151756.3524637,446151756.3524637,1.0,1.0,1.0,3,3,0,meets_screen,0.99,valid_fraction_of_represented
Rajasthan,block,Udaipur||Bhinder,ACCESS-CM2,2005,combined,351817563.3271803,351817563.3271809,351817563.3271809,1.0000000000000018,1.0,1.0000000000000018,4,4,0,meets_screen,0.99,valid_fraction_of_represented
Rajasthan,block,Udaipur||Girwa,ACCESS-CM2,2005,combined,881444869.628905,881444869.6289033,881444869.6289033,0.999999999999998,1.0,0.999999999999998,5,5,0,meets_screen,0.99,valid_fraction_of_represented
Rajasthan,block,Udaipur||Gogunda,ACCESS-CM2,2005,combined,440766334.31581664,440766334.31581676,440766334.31581676,1.0000000000000002,1.0,1.0000000000000002,4,4,0,meets_screen,0.99,valid_fraction_of_represented
Rajasthan,block,Udaipur||Jhadol,ACCESS-CM2,2005,combined,710885991.4619837,710885991.4619827,710885991.4619827,0.9999999999999987,1.0,0.9999999999999987,5,5,0,meets_screen,0.99,valid_fraction_of_represented
Rajasthan,block,Udaipur||Kherwara,ACCESS-CM2,2005,combined,636594160.7114675,636594160.7114683,636594160.7114683,1.0000000000000013,1.0,1.0000000000000013,4,4,0,meets_screen,0.99,valid_fraction_of_represented
Rajasthan,block,Udaipur||Kotra,ACCESS-CM2,2005,combined,1734678058.1437662,1734678058.1437674,1734678058.1437674,1.0000000000000007,1.0,1.0000000000000007,8,8,0,meets_screen,0.99,valid_fraction_of_represented
Rajasthan,block,Udaipur||Kurabad,ACCESS-CM2,2005,combined,535202938.21192914,535202938.211929,535202938.211929,0.9999999999999998,1.0,0.9999999999999998,4,4,0,meets_screen,0.99,valid_fraction_of_represented
Rajasthan,block,Udaipur||Mavli,ACCESS-CM2,2005,combined,834239948.8384588,834239948.838457,834239948.838457,0.9999999999999979,1.0,0.9999999999999979,5,5,0,meets_screen,0.99,valid_fraction_of_represented
Rajasthan,block,Udaipur||Nayagaon,ACCESS-CM2,2005,combined,282925490.9523474,282925490.9523479,282925490.9523479,1.0000000000000018,1.0,1.0000000000000018,3,3,0,meets_screen,0.99,valid_fraction_of_represented
Rajasthan,block,Udaipur||Phalasiya,ACCESS-CM2,2005,combined,715991438.1128632,715991438.1128622,715991438.1128622,0.9999999999999987,1.0,0.9999999999999987,5,5,0,meets_screen,0.99,valid_fraction_of_represented
Rajasthan,block,Udaipur||Rishbhdeo,ACCESS-CM2,2005,combined,615976004.8147234,615976004.8147236,615976004.8147236,1.0000000000000004,1.0,1.0000000000000004,5,5,0,meets_screen,0.99,valid_fraction_of_represented
Rajasthan,block,Udaipur||Sayra,ACCESS-CM2,2005,combined,575677583.7847122,575677583.7847121,575677583.7847121,0.9999999999999998,1.0,0.9999999999999998,4,4,0,meets_screen,0.99,valid_fraction_of_represented
Rajasthan,block,Udaipur||Vallabhnagar,ACCESS-CM2,2005,combined,433268793.8131184,433268793.8131186,433268793.8131186,1.0000000000000004,1.0,1.0000000000000004,4,4,0,meets_screen,0.99,valid_fraction_of_represented
Himachal Pradesh,district,Bilaspur,ACCESS-CM2,2005,baseline,1165718138.6933107,1165718138.6933064,1165718138.6933064,0.9999999999999963,1.0,0.9999999999999963,7,7,0,meets_screen,0.99,valid_fraction_of_represented
Himachal Pradesh,district,Chamba,ACCESS-CM2,2005,baseline,6513658468.896824,6513658468.896839,6513658468.896839,1.0000000000000024,1.0,1.0000000000000024,23,23,0,meets_screen,0.99,valid_fraction_of_represented
Himachal Pradesh,district,Hamirpur,ACCESS-CM2,2005,baseline,1115691482.700033,1115691482.700034,1115691482.700034,1.0000000000000009,1.0,1.0000000000000009,6,6,0,meets_screen,0.99,valid_fraction_of_represented
Himachal Pradesh,district,Kangra,ACCESS-CM2,2005,baseline,5741000451.160244,5741000451.160234,5646337665.879757,0.9999999999999983,0.9835110994876605,0.9835110994876588,19,18,1,partial_coverage,0.99,valid_fraction_of_represented
Himachal Pradesh,district,Kinnaur,ACCESS-CM2,2005,baseline,6502330581.496404,6502330581.49642,6502330581.49642,1.0000000000000024,1.0,1.0000000000000024,23,23,0,meets_screen,0.99,valid_fraction_of_represented
Himachal Pradesh,district,Kullu,ACCESS-CM2,2005,baseline,5487328163.896597,5487328163.89656,5099199566.180709,0.9999999999999932,0.9292682000924398,0.9292682000924336,18,16,2,partial_coverage,0.99,valid_fraction_of_represented
Himachal Pradesh,district,Lahul and Spiti,ACCESS-CM2,2005,baseline,13957466022.129667,13957466022.129658,8449116848.247999,0.9999999999999993,0.6053474774613004,0.6053474774613,38,27,11,partial_coverage,0.99,valid_fraction_of_represented
Himachal Pradesh,district,Mandi,ACCESS-CM2,2005,baseline,3949932745.1880474,3949932745.1880417,3949932745.1880417,0.9999999999999986,1.0,0.9999999999999986,13,13,0,meets_screen,0.99,valid_fraction_of_represented
Himachal Pradesh,district,Shimla,ACCESS-CM2,2005,baseline,5124729266.640434,5124729266.640426,5124729266.640426,0.9999999999999983,1.0,0.9999999999999983,19,19,0,meets_screen,0.99,valid_fraction_of_represented
Himachal Pradesh,district,Sirmaur,ACCESS-CM2,2005,baseline,2826621989.663709,2826621989.6637197,2826621989.6637197,1.0000000000000038,1.0,1.0000000000000038,12,12,0,meets_screen,0.99,valid_fraction_of_represented
Himachal Pradesh,district,Solan,ACCESS-CM2,2005,baseline,1935696454.0244927,1935696454.024496,1935696454.024496,1.0000000000000018,1.0,1.0000000000000018,9,9,0,meets_screen,0.99,valid_fraction_of_represented
Himachal Pradesh,district,Una,ACCESS-CM2,2005,baseline,1542635448.1144047,1542635448.1144047,1542635448.1144047,1.0,1.0,1.0,7,7,0,meets_screen,0.99,valid_fraction_of_represented
Himachal Pradesh,block,Bilaspur||Bilaspur Sadar,ACCESS-CM2,2005,baseline,280136006.23538226,280136006.2353821,280136006.2353821,0.9999999999999993,1.0,0.9999999999999993,3,3,0,meets_screen,0.99,valid_fraction_of_represented
Himachal Pradesh,block,Bilaspur||Ghumarwin,ACCESS-CM2,2005,baseline,286875727.0940388,286875727.0940379,286875727.0940379,0.9999999999999969,1.0,0.9999999999999969,4,4,0,meets_screen,0.99,valid_fraction_of_represented
Himachal Pradesh,block,Bilaspur||Jhandutta,ACCESS-CM2,2005,baseline,327823576.29459643,327823576.29459685,327823576.29459685,1.0000000000000013,1.0,1.0000000000000013,3,3,0,meets_screen,0.99,valid_fraction_of_represented
Himachal Pradesh,block,Bilaspur||Shree Naina Devi,ACCESS-CM2,2005,baseline,270882829.06929135,270882829.0692905,270882829.0692905,0.9999999999999969,1.0,0.9999999999999969,5,5,0,meets_screen,0.99,valid_fraction_of_represented
Himachal Pradesh,block,Chamba||Bharmour,ACCESS-CM2,2005,baseline,1655485650.3297377,1655485650.329739,1655485650.329739,1.0000000000000009,1.0,1.0000000000000009,9,9,0,meets_screen,0.99,valid_fraction_of_represented
Himachal Pradesh,block,Chamba||Bhattiyat,ACCESS-CM2,2005,baseline,673432904.046608,673432904.0466087,673432904.0466087,1.000000000000001,1.0,1.000000000000001,5,5,0,meets_screen,0.99,valid_fraction_of_represented
Himachal Pradesh,block,Chamba||Chamba,ACCESS-CM2,2005,baseline,368519564.8275985,368519564.8275989,368519564.8275989,1.000000000000001,1.0,1.000000000000001,3,3,0,meets_screen,0.99,valid_fraction_of_represented
Himachal Pradesh,block,Chamba||Mehla,ACCESS-CM2,2005,baseline,639687108.5455532,639687108.545553,639687108.545553,0.9999999999999997,1.0,0.9999999999999997,4,4,0,meets_screen,0.99,valid_fraction_of_represented
Himachal Pradesh,block,Chamba||Pangi,ACCESS-CM2,2005,baseline,1511085204.160126,1511085204.1601264,1511085204.1601264,1.0000000000000002,1.0,1.0000000000000002,8,8,0,meets_screen,0.99,valid_fraction_of_represented
Himachal Pradesh,block,Chamba||Saluni,ACCESS-CM2,2005,baseline,501777609.8156944,501777609.8156931,501777609.8156931,0.9999999999999973,1.0,0.9999999999999973,4,4,0,meets_screen,0.99,valid_fraction_of_represented
Himachal Pradesh,block,Chamba||Tisa,ACCESS-CM2,2005,baseline,1163670427.1715212,1163670427.1715193,1163670427.1715193,0.9999999999999983,1.0,0.9999999999999983,6,6,0,meets_screen,0.99,valid_fraction_of_represented
Himachal Pradesh,block,Hamirpur||Bamson,ACCESS-CM2,2005,baseline,57875403.03530016,57875403.035300106,57875403.035300106,0.9999999999999991,1.0,0.9999999999999991,1,1,0,meets_screen,0.99,valid_fraction_of_represented
Himachal Pradesh,block,Hamirpur||Bhoranj,ACCESS-CM2,2005,baseline,157790505.49750966,157790505.49750945,157790505.49750945,0.9999999999999987,1.0,0.9999999999999987,1,1,0,meets_screen,0.99,valid_fraction_of_represented
Himachal Pradesh,block,Hamirpur||Bijhri,ACCESS-CM2,2005,baseline,282401976.49856716,282401976.49856746,282401976.49856746,1.000000000000001,1.0,1.000000000000001,4,4,0,meets_screen,0.99,valid_fraction_of_represented
Himachal Pradesh,block,Hamirpur||Hamirpur,ACCESS-CM2,2005,baseline,242490022.37086192,242490022.37086207,242490022.37086207,1.0000000000000007,1.0,1.0000000000000007,3,3,0,meets_screen,0.99,valid_fraction_of_represented
Himachal Pradesh,block,Hamirpur||Nadaun,ACCESS-CM2,2005,baseline,261523714.96790195,261523714.96790192,261523714.96790192,0.9999999999999999,1.0,0.9999999999999999,2,2,0,meets_screen,0.99,valid_fraction_of_represented
Himachal Pradesh,block,Hamirpur||Tira Sujanpur,ACCESS-CM2,2005,baseline,113609860.32989319,113609860.32989317,113609860.32989317,0.9999999999999999,1.0,0.9999999999999999,4,4,0,meets_screen,0.99,valid_fraction_of_represented
Himachal Pradesh,block,Kangra||Baijnath,ACCESS-CM2,2005,baseline,1277895250.1485736,1277895250.1485734,1183232464.8680964,0.9999999999999998,0.9259228913563368,0.9259228913563367,6,5,1,partial_coverage,0.99,valid_fraction_of_represented
Himachal Pradesh,block,Kangra||Bhawarna,ACCESS-CM2,2005,baseline,81204037.88976844,81204037.88976854,81204037.88976854,1.0000000000000013,1.0,1.0000000000000013,2,2,0,meets_screen,0.99,valid_fraction_of_represented
Himachal Pradesh,block,Kangra||Dehra Gopipur,ACCESS-CM2,2005,baseline,514190023.08510906,514190023.0851095,514190023.0851095,1.0000000000000009,1.0,1.0000000000000009,3,3,0,meets_screen,0.99,valid_fraction_of_represented
Himachal Pradesh,block,Kangra||Dharamshala,ACCESS-CM2,2005,baseline,69397215.89302382,69397215.89302413,69397215.89302413,1.0000000000000044,1.0,1.0000000000000044,2,2,0,meets_screen,0.99,valid_fraction_of_represented
Himachal Pradesh,block,Kangra||Fatehpur,ACCESS-CM2,2005,baseline,277848476.9087239,277848476.9087241,277848476.9087241,1.0000000000000009,1.0,1.0000000000000009,3,3,0,meets_screen,0.99,valid_fraction_of_represented
Himachal Pradesh,block,Kangra||Indora,ACCESS-CM2,2005,baseline,474715335.1168559,474715335.11685604,474715335.11685604,1.0000000000000002,1.0,1.0000000000000002,4,4,0,meets_screen,0.99,valid_fraction_of_represented
Himachal Pradesh,block,Kangra||Kangra,ACCESS-CM2,2005,baseline,251682395.01794788,251682395.01794842,251682395.01794842,1.0000000000000022,1.0,1.0000000000000022,4,4,0,meets_screen,0.99,valid_fraction_of_represented
Himachal Pradesh,block,Kangra||Lambagaon,ACCESS-CM2,2005,baseline,248799783.503588,248799783.50358802,248799783.50358802,1.0000000000000002,1.0,1.0000000000000002,3,3,0,meets_screen,0.99,valid_fraction_of_represented
Himachal Pradesh,block,Kangra||Nagrota Bagwan,ACCESS-CM2,2005,baseline,271109972.0321957,271109972.03219587,271109972.03219587,1.0000000000000007,1.0,1.0000000000000007,3,3,0,meets_screen,0.99,valid_fraction_of_represented
Himachal Pradesh,block,Kangra||Nagrota Surian,ACCESS-CM2,2005,baseline,550366988.6821353,550366988.6821352,550366988.6821352,0.9999999999999998,1.0,0.9999999999999998,6,6,0,meets_screen,0.99,valid_fraction_of_represented
Himachal Pradesh,block,Kangra||Nurpur,ACCESS-CM2,2005,baseline,392615145.37395895,392615145.3739581,392615145.3739581,0.9999999999999979,1.0,0.9999999999999979,4,4,0,meets_screen,0.99,valid_fraction_of_represented
Himachal Pradesh,block,Kangra||Panchrukhi,ACCESS-CM2,2005,baseline,326879455.49382025,326879455.4938202,326879455.4938202,0.9999999999999998,1.0,0.9999999999999998,4,4,0,meets_screen,0.99,valid_fraction_of_represented
Himachal Pradesh,block,Kangra||Pragpur,ACCESS-CM2,2005,baseline,430613965.3121061,430613965.3121051,430613965.3121051,0.9999999999999978,1.0,0.9999999999999978,5,5,0,meets_screen,0.99,valid_fraction_of_represented
Himachal Pradesh,block,Kangra||Rait,ACCESS-CM2,2005,baseline,471364674.2986287,471364674.29862833,471364674.29862833,0.9999999999999992,1.0,0.9999999999999992,4,4,0,meets_screen,0.99,valid_fraction_of_represented
Himachal Pradesh,block,Kangra||Sulah,ACCESS-CM2,2005,baseline,102317732.40379879,102317732.40379894,102317732.40379894,1.0000000000000016,1.0,1.0000000000000016,4,4,0,meets_screen,0.99,valid_fraction_of_represented
Himachal Pradesh,block,Kinnaur||Kalpa,ACCESS-CM2,2005,baseline,1831733843.4512792,1831733843.4512794,1831733843.4512794,1.0000000000000002,1.0,1.0000000000000002,10,10,0,meets_screen,0.99,valid_fraction_of_represented
Himachal Pradesh,block,Kinnaur||Nichar,ACCESS-CM2,2005,baseline,1128770740.8837311,1128770740.8837304,1128770740.8837304,0.9999999999999993,1.0,0.9999999999999993,7,7,0,meets_screen,0.99,valid_fraction_of_represented
Himachal Pradesh,block,Kinnaur||Pooh,ACCESS-CM2,2005,baseline,3541825997.1614084,3541825997.161411,3541825997.161411,1.0000000000000007,1.0,1.0000000000000007,14,14,0,meets_screen,0.99,valid_fraction_of_represented
Himachal Pradesh,block,Kullu||Anni,ACCESS-CM2,2005,baseline,293270233.9572538,293270233.95725334,293270233.95725334,0.9999999999999983,1.0,0.9999999999999983,4,4,0,meets_screen,0.99,valid_fraction_of_represented
Himachal Pradesh,block,Kullu||Banjar,ACCESS-CM2,2005,baseline,1289688645.4098825,1289688645.4098802,1289688645.4098802,0.9999999999999981,1.0,0.9999999999999981,8,8,0,meets_screen,0.99,valid_fraction_of_represented
Himachal Pradesh,block,Kullu||Kullu,ACCESS-CM2,2005,baseline,2113375084.6148772,2113375084.6148796,2113375084.6148796,1.000000000000001,1.0,1.000000000000001,8,8,0,meets_screen,0.99,valid_fraction_of_represented
Himachal Pradesh,block,Kullu||Naggar,ACCESS-CM2,2005,baseline,1369584134.6749237,1369584134.6749246,981455536.9590743,1.0000000000000007,0.7166084303335085,0.716608430333509,7,5,2,partial_coverage,0.99,valid_fraction_of_represented
Himachal Pradesh,block,Kullu||Nirmand,ACCESS-CM2,2005,baseline,421410065.239621,421410065.23962116,421410065.23962116,1.0000000000000004,1.0,1.0000000000000004,4,4,0,meets_screen,0.99,valid_fraction_of_represented
Himachal Pradesh,block,Lahul and Spiti||Lahul,ACCESS-CM2,2005,baseline,6714424264.3684225,6714424264.368433,4467917827.726033,1.0000000000000016,0.665420839048855,0.665420839048856,23,17,6,partial_coverage,0.99,valid_fraction_of_represented
Himachal Pradesh,block,Lahul and Spiti||Spiti,ACCESS-CM2,2005,baseline,7243041757.76119,7243041757.761225,3981199020.521965,1.0000000000000047,0.5496584382184381,0.5496584382184406,21,13,8,partial_coverage,0.99,valid_fraction_of_represented
Himachal Pradesh,block,Mandi||Balh,ACCESS-CM2,2005,baseline,236767491.86430404,236767491.8643038,236767491.8643038,0.999999999999999,1.0,0.999999999999999,2,2,0,meets_screen,0.99,valid_fraction_of_represented
Himachal Pradesh,block,Mandi||Bali Chowki,ACCESS-CM2,2005,baseline,195013923.01758975,195013923.01759,195013923.01759,1.0000000000000013,1.0,1.0000000000000013,2,2,0,meets_screen,0.99,valid_fraction_of_represented
Himachal Pradesh,block,Mandi||Chauntra,ACCESS-CM2,2005,baseline,361531868.4028636,361531868.4028643,361531868.4028643,1.0000000000000018,1.0,1.0000000000000018,4,4,0,meets_screen,0.99,valid_fraction_of_represented
Himachal Pradesh,block,Mandi||Dharmpur,ACCESS-CM2,2005,baseline,234272195.80595624,234272195.805956,234272195.805956,0.999999999999999,1.0,0.999999999999999,4,4,0,meets_screen,0.99,valid_fraction_of_represented
Himachal Pradesh,block,Mandi||Drang,ACCESS-CM2,2005,baseline,411855407.63011163,411855407.63011163,411855407.63011163,1.0,1.0,1.0,3,3,0,meets_screen,0.99,valid_fraction_of_represented
Himachal Pradesh,block,Mandi||Gohar,ACCESS-CM2,2005,baseline,241735355.71638238,241735355.71638256,241735355.71638256,1.0000000000000007,1.0,1.0000000000000007,4,4,0,meets_screen,0.99,valid_fraction_of_represented
Himachal Pradesh,block,Mandi||Gopalpur,ACCESS-CM2,2005,baseline,264318853.3917518,264318853.39175183,264318853.39175183,1.0000000000000002,1.0,1.0000000000000002,5,5,0,meets_screen,0.99,valid_fraction_of_represented
Himachal Pradesh,block,Mandi||Karsog,ACCESS-CM2,2005,baseline,576112582.2909881,576112582.2909889,576112582.2909889,1.0000000000000016,1.0,1.0000000000000016,3,3,0,meets_screen,0.99,valid_fraction_of_represented
Himachal Pradesh,block,Mandi||Mandi Sadar,ACCESS-CM2,2005,baseline,595358470.3727835,595358470.3727833,595358470.3727833,0.9999999999999996,1.0,0.9999999999999996,4,4,0,meets_screen,0.99,valid_fraction_of_represented
Himachal Pradesh,block,Mandi||Seraj,ACCESS-CM2,2005,baseline,314207109.9006153,314207109.90061504,314207109.90061504,0.9999999999999992,1.0,0.9999999999999992,4,4,0,meets_screen,0.99,valid_fraction_of_represented
Himachal Pradesh,block,Mandi||Sundarnagar,ACCESS-CM2,2005,baseline,518759486.7946955,518759486.7946952,518759486.7946952,0.9999999999999994,1.0,0.9999999999999994,3,3,0,meets_screen,0.99,valid_fraction_of_represented
Himachal Pradesh,block,Shimla||Basantpur,ACCESS-CM2,2005,baseline,17426251.03414944,17426251.03414944,17426251.03414944,1.0,1.0,1.0,1,1,0,meets_screen,0.99,valid_fraction_of_represented
Himachal Pradesh,block,Shimla||Chauhara,ACCESS-CM2,2005,baseline,999851517.6955408,999851517.6955413,999851517.6955413,1.0000000000000004,1.0,1.0000000000000004,7,7,0,meets_screen,0.99,valid_fraction_of_represented
Himachal Pradesh,block,Shimla||Chaupal,ACCESS-CM2,2005,baseline,664325508.7473435,664325508.747343,664325508.747343,0.9999999999999991,1.0,0.9999999999999991,6,6,0,meets_screen,0.99,valid_fraction_of_represented
Himachal Pradesh,block,Shimla||Jubbal,ACCESS-CM2,2005,baseline,309899444.74054205,309899444.7405424,309899444.7405424,1.000000000000001,1.0,1.000000000000001,3,3,0,meets_screen,0.99,valid_fraction_of_represented
Himachal Pradesh,block,Shimla||Kotkhai,ACCESS-CM2,2005,baseline,244154385.72868133,244154385.7286816,244154385.7286816,1.000000000000001,1.0,1.000000000000001,2,2,0,meets_screen,0.99,valid_fraction_of_represented
Himachal Pradesh,block,Shimla||Kupvi,ACCESS-CM2,2005,baseline,176674591.70014793,176674591.70014787,176674591.70014787,0.9999999999999997,1.0,0.9999999999999997,2,2,0,meets_screen,0.99,valid_fraction_of_represented
Himachal Pradesh,block,Shimla||Mashobra,ACCESS-CM2,2005,baseline,723714228.9567833,723714228.9567833,723714228.9567833,1.0,1.0,1.0,7,7,0,meets_screen,0.99,valid_fraction_of_represented
Himachal Pradesh,block,Shimla||Nankhari,ACCESS-CM2,2005,baseline,142504035.5612588,142504035.56125864,142504035.56125864,0.999999999999999,1.0,0.999999999999999,3,3,0,meets_screen,0.99,valid_fraction_of_represented
Himachal Pradesh,block,Shimla||Narkanda,ACCESS-CM2,2005,baseline,220146892.5676345,220146892.56763458,220146892.56763458,1.0000000000000004,1.0,1.0000000000000004,4,4,0,meets_screen,0.99,valid_fraction_of_represented
Himachal Pradesh,block,Shimla||Rampur,ACCESS-CM2,2005,baseline,845767256.6223258,845767256.622326,845767256.622326,1.0000000000000002,1.0,1.0000000000000002,4,4,0,meets_screen,0.99,valid_fraction_of_represented
Himachal Pradesh,block,Shimla||Rohru,ACCESS-CM2,2005,baseline,302367208.3797199,302367208.37971956,302367208.37971956,0.9999999999999988,1.0,0.9999999999999988,4,4,0,meets_screen,0.99,valid_fraction_of_represented
Himachal Pradesh,block,Shimla||Theog,ACCESS-CM2,2005,baseline,477897944.9062983,477897944.90629774,477897944.90629774,0.9999999999999989,1.0,0.9999999999999989,5,5,0,meets_screen,0.99,valid_fraction_of_represented
Himachal Pradesh,block,Sirmaur||Nahan,ACCESS-CM2,2005,baseline,565123283.8817843,565123283.8817842,565123283.8817842,0.9999999999999998,1.0,0.9999999999999998,4,4,0,meets_screen,0.99,valid_fraction_of_represented
Himachal Pradesh,block,Sirmaur||Pachhad,ACCESS-CM2,2005,baseline,390632230.2649409,390632230.26494133,390632230.26494133,1.000000000000001,1.0,1.000000000000001,4,4,0,meets_screen,0.99,valid_fraction_of_represented
Himachal Pradesh,block,Sirmaur||Paonta Sahib,ACCESS-CM2,2005,baseline,766947556.5697162,766947556.5697181,766947556.5697181,1.0000000000000024,1.0,1.0000000000000024,6,6,0,meets_screen,0.99,valid_fraction_of_represented
Himachal Pradesh,block,Sirmaur||Rajgarh,ACCESS-CM2,2005,baseline,380026349.18129474,380026349.18129396,380026349.18129396,0.999999999999998,1.0,0.999999999999998,4,4,0,meets_screen,0.99,valid_fraction_of_represented
Himachal Pradesh,block,Sirmaur||Sangrah,ACCESS-CM2,2005,baseline,480488491.00813305,480488491.00813365,480488491.00813365,1.0000000000000013,1.0,1.0000000000000013,4,4,0,meets_screen,0.99,valid_fraction_of_represented
Himachal Pradesh,block,Sirmaur||Shillai,ACCESS-CM2,2005,baseline,243404078.75784922,243404078.757849,243404078.757849,0.9999999999999991,1.0,0.9999999999999991,3,3,0,meets_screen,0.99,valid_fraction_of_represented
Himachal Pradesh,block,Solan||Dharampur,ACCESS-CM2,2005,baseline,280059223.38235945,280059223.38235945,280059223.38235945,1.0,1.0,1.0,4,4,0,meets_screen,0.99,valid_fraction_of_represented
Himachal Pradesh,block,Solan||Kandaghat,ACCESS-CM2,2005,baseline,227507572.68469033,227507572.68469062,227507572.68469062,1.0000000000000013,1.0,1.0000000000000013,3,3,0,meets_screen,0.99,valid_fraction_of_represented
Himachal Pradesh,block,Solan||Kunihar,ACCESS-CM2,2005,baseline,385185272.7477798,385185272.74777997,385185272.74777997,1.0000000000000004,1.0,1.0000000000000004,4,4,0,meets_screen,0.99,valid_fraction_of_represented
Himachal Pradesh,block,Solan||Nalagarh,ACCESS-CM2,2005,baseline,783961136.1011642,783961136.1011655,783961136.1011655,1.0000000000000018,1.0,1.0000000000000018,4,4,0,meets_screen,0.99,valid_fraction_of_represented
Himachal Pradesh,block,Solan||Solan,ACCESS-CM2,2005,baseline,258983249.1085002,258983249.10850012,258983249.10850012,0.9999999999999997,1.0,0.9999999999999997,4,4,0,meets_screen,0.99,valid_fraction_of_represented
Himachal Pradesh,block,Una||Amb,ACCESS-CM2,2005,baseline,332772274.7622034,332772274.7622026,332772274.7622026,0.9999999999999977,1.0,0.9999999999999977,4,4,0,meets_screen,0.99,valid_fraction_of_represented
Himachal Pradesh,block,Una||Bangana,ACCESS-CM2,2005,baseline,417556726.4513639,417556726.45136386,417556726.45136386,0.9999999999999999,1.0,0.9999999999999999,3,3,0,meets_screen,0.99,valid_fraction_of_represented
Himachal Pradesh,block,Una||Gagret,ACCESS-CM2,2005,baseline,257562053.00638404,257562053.00638306,257562053.00638306,0.9999999999999962,1.0,0.9999999999999962,4,4,0,meets_screen,0.99,valid_fraction_of_represented
Himachal Pradesh,block,Una||Haroli,ACCESS-CM2,2005,baseline,308788143.96486676,308788143.96486676,308788143.96486676,1.0,1.0,1.0,3,3,0,meets_screen,0.99,valid_fraction_of_represented
Himachal Pradesh,block,Una||Una,ACCESS-CM2,2005,baseline,225956249.92958847,225956249.92958868,225956249.92958868,1.0000000000000009,1.0,1.0000000000000009,4,4,0,meets_screen,0.99,valid_fraction_of_represented
Himachal Pradesh,district,Bilaspur,ACCESS-CM2,2005,rh,1165718138.6933107,1165718138.6933064,1165718138.6933064,0.9999999999999963,1.0,0.9999999999999963,7,7,0,meets_screen,0.99,valid_fraction_of_represented
Himachal Pradesh,district,Chamba,ACCESS-CM2,2005,rh,6513658468.896824,6513658468.896839,6513658468.896839,1.0000000000000024,1.0,1.0000000000000024,23,23,0,meets_screen,0.99,valid_fraction_of_represented
Himachal Pradesh,district,Hamirpur,ACCESS-CM2,2005,rh,1115691482.700033,1115691482.700034,1115691482.700034,1.0000000000000009,1.0,1.0000000000000009,6,6,0,meets_screen,0.99,valid_fraction_of_represented
Himachal Pradesh,district,Kangra,ACCESS-CM2,2005,rh,5741000451.160244,5741000451.160234,5741000451.160234,0.9999999999999983,1.0,0.9999999999999983,19,19,0,meets_screen,0.99,valid_fraction_of_represented
Himachal Pradesh,district,Kinnaur,ACCESS-CM2,2005,rh,6502330581.496404,6502330581.49642,6502330581.49642,1.0000000000000024,1.0,1.0000000000000024,23,23,0,meets_screen,0.99,valid_fraction_of_represented
Himachal Pradesh,district,Kullu,ACCESS-CM2,2005,rh,5487328163.896597,5487328163.89656,5487328163.89656,0.9999999999999932,1.0,0.9999999999999932,18,18,0,meets_screen,0.99,valid_fraction_of_represented
Himachal Pradesh,district,Lahul and Spiti,ACCESS-CM2,2005,rh,13957466022.129667,13957466022.129658,13957466022.129658,0.9999999999999993,1.0,0.9999999999999993,38,38,0,meets_screen,0.99,valid_fraction_of_represented
Himachal Pradesh,district,Mandi,ACCESS-CM2,2005,rh,3949932745.1880474,3949932745.1880417,3949932745.1880417,0.9999999999999986,1.0,0.9999999999999986,13,13,0,meets_screen,0.99,valid_fraction_of_represented
Himachal Pradesh,district,Shimla,ACCESS-CM2,2005,rh,5124729266.640434,5124729266.640426,5124729266.640426,0.9999999999999983,1.0,0.9999999999999983,19,19,0,meets_screen,0.99,valid_fraction_of_represented
Himachal Pradesh,district,Sirmaur,ACCESS-CM2,2005,rh,2826621989.663709,2826621989.6637197,2826621989.6637197,1.0000000000000038,1.0,1.0000000000000038,12,12,0,meets_screen,0.99,valid_fraction_of_represented
Himachal Pradesh,district,Solan,ACCESS-CM2,2005,rh,1935696454.0244927,1935696454.024496,1935696454.024496,1.0000000000000018,1.0,1.0000000000000018,9,9,0,meets_screen,0.99,valid_fraction_of_represented
Himachal Pradesh,district,Una,ACCESS-CM2,2005,rh,1542635448.1144047,1542635448.1144047,1542635448.1144047,1.0,1.0,1.0,7,7,0,meets_screen,0.99,valid_fraction_of_represented
Himachal Pradesh,block,Bilaspur||Bilaspur Sadar,ACCESS-CM2,2005,rh,280136006.23538226,280136006.2353821,280136006.2353821,0.9999999999999993,1.0,0.9999999999999993,3,3,0,meets_screen,0.99,valid_fraction_of_represented
Himachal Pradesh,block,Bilaspur||Ghumarwin,ACCESS-CM2,2005,rh,286875727.0940388,286875727.0940379,286875727.0940379,0.9999999999999969,1.0,0.9999999999999969,4,4,0,meets_screen,0.99,valid_fraction_of_represented
Himachal Pradesh,block,Bilaspur||Jhandutta,ACCESS-CM2,2005,rh,327823576.29459643,327823576.29459685,327823576.29459685,1.0000000000000013,1.0,1.0000000000000013,3,3,0,meets_screen,0.99,valid_fraction_of_represented
Himachal Pradesh,block,Bilaspur||Shree Naina Devi,ACCESS-CM2,2005,rh,270882829.06929135,270882829.0692905,270882829.0692905,0.9999999999999969,1.0,0.9999999999999969,5,5,0,meets_screen,0.99,valid_fraction_of_represented
Himachal Pradesh,block,Chamba||Bharmour,ACCESS-CM2,2005,rh,1655485650.3297377,1655485650.329739,1655485650.329739,1.0000000000000009,1.0,1.0000000000000009,9,9,0,meets_screen,0.99,valid_fraction_of_represented
Himachal Pradesh,block,Chamba||Bhattiyat,ACCESS-CM2,2005,rh,673432904.046608,673432904.0466087,673432904.0466087,1.000000000000001,1.0,1.000000000000001,5,5,0,meets_screen,0.99,valid_fraction_of_represented
Himachal Pradesh,block,Chamba||Chamba,ACCESS-CM2,2005,rh,368519564.8275985,368519564.8275989,368519564.8275989,1.000000000000001,1.0,1.000000000000001,3,3,0,meets_screen,0.99,valid_fraction_of_represented
Himachal Pradesh,block,Chamba||Mehla,ACCESS-CM2,2005,rh,639687108.5455532,639687108.545553,639687108.545553,0.9999999999999997,1.0,0.9999999999999997,4,4,0,meets_screen,0.99,valid_fraction_of_represented
Himachal Pradesh,block,Chamba||Pangi,ACCESS-CM2,2005,rh,1511085204.160126,1511085204.1601264,1511085204.1601264,1.0000000000000002,1.0,1.0000000000000002,8,8,0,meets_screen,0.99,valid_fraction_of_represented
Himachal Pradesh,block,Chamba||Saluni,ACCESS-CM2,2005,rh,501777609.8156944,501777609.8156931,501777609.8156931,0.9999999999999973,1.0,0.9999999999999973,4,4,0,meets_screen,0.99,valid_fraction_of_represented
Himachal Pradesh,block,Chamba||Tisa,ACCESS-CM2,2005,rh,1163670427.1715212,1163670427.1715193,1163670427.1715193,0.9999999999999983,1.0,0.9999999999999983,6,6,0,meets_screen,0.99,valid_fraction_of_represented
Himachal Pradesh,block,Hamirpur||Bamson,ACCESS-CM2,2005,rh,57875403.03530016,57875403.035300106,57875403.035300106,0.9999999999999991,1.0,0.9999999999999991,1,1,0,meets_screen,0.99,valid_fraction_of_represented
Himachal Pradesh,block,Hamirpur||Bhoranj,ACCESS-CM2,2005,rh,157790505.49750966,157790505.49750945,157790505.49750945,0.9999999999999987,1.0,0.9999999999999987,1,1,0,meets_screen,0.99,valid_fraction_of_represented
Himachal Pradesh,block,Hamirpur||Bijhri,ACCESS-CM2,2005,rh,282401976.49856716,282401976.49856746,282401976.49856746,1.000000000000001,1.0,1.000000000000001,4,4,0,meets_screen,0.99,valid_fraction_of_represented
Himachal Pradesh,block,Hamirpur||Hamirpur,ACCESS-CM2,2005,rh,242490022.37086192,242490022.37086207,242490022.37086207,1.0000000000000007,1.0,1.0000000000000007,3,3,0,meets_screen,0.99,valid_fraction_of_represented
Himachal Pradesh,block,Hamirpur||Nadaun,ACCESS-CM2,2005,rh,261523714.96790195,261523714.96790192,261523714.96790192,0.9999999999999999,1.0,0.9999999999999999,2,2,0,meets_screen,0.99,valid_fraction_of_represented
Himachal Pradesh,block,Hamirpur||Tira Sujanpur,ACCESS-CM2,2005,rh,113609860.32989319,113609860.32989317,113609860.32989317,0.9999999999999999,1.0,0.9999999999999999,4,4,0,meets_screen,0.99,valid_fraction_of_represented
Himachal Pradesh,block,Kangra||Baijnath,ACCESS-CM2,2005,rh,1277895250.1485736,1277895250.1485734,1277895250.1485734,0.9999999999999998,1.0,0.9999999999999998,6,6,0,meets_screen,0.99,valid_fraction_of_represented
Himachal Pradesh,block,Kangra||Bhawarna,ACCESS-CM2,2005,rh,81204037.88976844,81204037.88976854,81204037.88976854,1.0000000000000013,1.0,1.0000000000000013,2,2,0,meets_screen,0.99,valid_fraction_of_represented
Himachal Pradesh,block,Kangra||Dehra Gopipur,ACCESS-CM2,2005,rh,514190023.08510906,514190023.0851095,514190023.0851095,1.0000000000000009,1.0,1.0000000000000009,3,3,0,meets_screen,0.99,valid_fraction_of_represented
Himachal Pradesh,block,Kangra||Dharamshala,ACCESS-CM2,2005,rh,69397215.89302382,69397215.89302413,69397215.89302413,1.0000000000000044,1.0,1.0000000000000044,2,2,0,meets_screen,0.99,valid_fraction_of_represented
Himachal Pradesh,block,Kangra||Fatehpur,ACCESS-CM2,2005,rh,277848476.9087239,277848476.9087241,277848476.9087241,1.0000000000000009,1.0,1.0000000000000009,3,3,0,meets_screen,0.99,valid_fraction_of_represented
Himachal Pradesh,block,Kangra||Indora,ACCESS-CM2,2005,rh,474715335.1168559,474715335.11685604,474715335.11685604,1.0000000000000002,1.0,1.0000000000000002,4,4,0,meets_screen,0.99,valid_fraction_of_represented
Himachal Pradesh,block,Kangra||Kangra,ACCESS-CM2,2005,rh,251682395.01794788,251682395.01794842,251682395.01794842,1.0000000000000022,1.0,1.0000000000000022,4,4,0,meets_screen,0.99,valid_fraction_of_represented
Himachal Pradesh,block,Kangra||Lambagaon,ACCESS-CM2,2005,rh,248799783.503588,248799783.50358802,248799783.50358802,1.0000000000000002,1.0,1.0000000000000002,3,3,0,meets_screen,0.99,valid_fraction_of_represented
Himachal Pradesh,block,Kangra||Nagrota Bagwan,ACCESS-CM2,2005,rh,271109972.0321957,271109972.03219587,271109972.03219587,1.0000000000000007,1.0,1.0000000000000007,3,3,0,meets_screen,0.99,valid_fraction_of_represented
Himachal Pradesh,block,Kangra||Nagrota Surian,ACCESS-CM2,2005,rh,550366988.6821353,550366988.6821352,550366988.6821352,0.9999999999999998,1.0,0.9999999999999998,6,6,0,meets_screen,0.99,valid_fraction_of_represented
Himachal Pradesh,block,Kangra||Nurpur,ACCESS-CM2,2005,rh,392615145.37395895,392615145.3739581,392615145.3739581,0.9999999999999979,1.0,0.9999999999999979,4,4,0,meets_screen,0.99,valid_fraction_of_represented
Himachal Pradesh,block,Kangra||Panchrukhi,ACCESS-CM2,2005,rh,326879455.49382025,326879455.4938202,326879455.4938202,0.9999999999999998,1.0,0.9999999999999998,4,4,0,meets_screen,0.99,valid_fraction_of_represented
Himachal Pradesh,block,Kangra||Pragpur,ACCESS-CM2,2005,rh,430613965.3121061,430613965.3121051,430613965.3121051,0.9999999999999978,1.0,0.9999999999999978,5,5,0,meets_screen,0.99,valid_fraction_of_represented
Himachal Pradesh,block,Kangra||Rait,ACCESS-CM2,2005,rh,471364674.2986287,471364674.29862833,471364674.29862833,0.9999999999999992,1.0,0.9999999999999992,4,4,0,meets_screen,0.99,valid_fraction_of_represented
Himachal Pradesh,block,Kangra||Sulah,ACCESS-CM2,2005,rh,102317732.40379879,102317732.40379894,102317732.40379894,1.0000000000000016,1.0,1.0000000000000016,4,4,0,meets_screen,0.99,valid_fraction_of_represented
Himachal Pradesh,block,Kinnaur||Kalpa,ACCESS-CM2,2005,rh,1831733843.4512792,1831733843.4512794,1831733843.4512794,1.0000000000000002,1.0,1.0000000000000002,10,10,0,meets_screen,0.99,valid_fraction_of_represented
Himachal Pradesh,block,Kinnaur||Nichar,ACCESS-CM2,2005,rh,1128770740.8837311,1128770740.8837304,1128770740.8837304,0.9999999999999993,1.0,0.9999999999999993,7,7,0,meets_screen,0.99,valid_fraction_of_represented
Himachal Pradesh,block,Kinnaur||Pooh,ACCESS-CM2,2005,rh,3541825997.1614084,3541825997.161411,3541825997.161411,1.0000000000000007,1.0,1.0000000000000007,14,14,0,meets_screen,0.99,valid_fraction_of_represented
Himachal Pradesh,block,Kullu||Anni,ACCESS-CM2,2005,rh,293270233.9572538,293270233.95725334,293270233.95725334,0.9999999999999983,1.0,0.9999999999999983,4,4,0,meets_screen,0.99,valid_fraction_of_represented
Himachal Pradesh,block,Kullu||Banjar,ACCESS-CM2,2005,rh,1289688645.4098825,1289688645.4098802,1289688645.4098802,0.9999999999999981,1.0,0.9999999999999981,8,8,0,meets_screen,0.99,valid_fraction_of_represented
Himachal Pradesh,block,Kullu||Kullu,ACCESS-CM2,2005,rh,2113375084.6148772,2113375084.6148796,2113375084.6148796,1.000000000000001,1.0,1.000000000000001,8,8,0,meets_screen,0.99,valid_fraction_of_represented
Himachal Pradesh,block,Kullu||Naggar,ACCESS-CM2,2005,rh,1369584134.6749237,1369584134.6749246,1369584134.6749246,1.0000000000000007,1.0,1.0000000000000007,7,7,0,meets_screen,0.99,valid_fraction_of_represented
Himachal Pradesh,block,Kullu||Nirmand,ACCESS-CM2,2005,rh,421410065.239621,421410065.23962116,421410065.23962116,1.0000000000000004,1.0,1.0000000000000004,4,4,0,meets_screen,0.99,valid_fraction_of_represented
Himachal Pradesh,block,Lahul and Spiti||Lahul,ACCESS-CM2,2005,rh,6714424264.3684225,6714424264.368433,6714424264.368433,1.0000000000000016,1.0,1.0000000000000016,23,23,0,meets_screen,0.99,valid_fraction_of_represented
Himachal Pradesh,block,Lahul and Spiti||Spiti,ACCESS-CM2,2005,rh,7243041757.76119,7243041757.761225,7243041757.761225,1.0000000000000047,1.0,1.0000000000000047,21,21,0,meets_screen,0.99,valid_fraction_of_represented
Himachal Pradesh,block,Mandi||Balh,ACCESS-CM2,2005,rh,236767491.86430404,236767491.8643038,236767491.8643038,0.999999999999999,1.0,0.999999999999999,2,2,0,meets_screen,0.99,valid_fraction_of_represented
Himachal Pradesh,block,Mandi||Bali Chowki,ACCESS-CM2,2005,rh,195013923.01758975,195013923.01759,195013923.01759,1.0000000000000013,1.0,1.0000000000000013,2,2,0,meets_screen,0.99,valid_fraction_of_represented
Himachal Pradesh,block,Mandi||Chauntra,ACCESS-CM2,2005,rh,361531868.4028636,361531868.4028643,361531868.4028643,1.0000000000000018,1.0,1.0000000000000018,4,4,0,meets_screen,0.99,valid_fraction_of_represented
Himachal Pradesh,block,Mandi||Dharmpur,ACCESS-CM2,2005,rh,234272195.80595624,234272195.805956,234272195.805956,0.999999999999999,1.0,0.999999999999999,4,4,0,meets_screen,0.99,valid_fraction_of_represented
Himachal Pradesh,block,Mandi||Drang,ACCESS-CM2,2005,rh,411855407.63011163,411855407.63011163,411855407.63011163,1.0,1.0,1.0,3,3,0,meets_screen,0.99,valid_fraction_of_represented
Himachal Pradesh,block,Mandi||Gohar,ACCESS-CM2,2005,rh,241735355.71638238,241735355.71638256,241735355.71638256,1.0000000000000007,1.0,1.0000000000000007,4,4,0,meets_screen,0.99,valid_fraction_of_represented
Himachal Pradesh,block,Mandi||Gopalpur,ACCESS-CM2,2005,rh,264318853.3917518,264318853.39175183,264318853.39175183,1.0000000000000002,1.0,1.0000000000000002,5,5,0,meets_screen,0.99,valid_fraction_of_represented
Himachal Pradesh,block,Mandi||Karsog,ACCESS-CM2,2005,rh,576112582.2909881,576112582.2909889,576112582.2909889,1.0000000000000016,1.0,1.0000000000000016,3,3,0,meets_screen,0.99,valid_fraction_of_represented
Himachal Pradesh,block,Mandi||Mandi Sadar,ACCESS-CM2,2005,rh,595358470.3727835,595358470.3727833,595358470.3727833,0.9999999999999996,1.0,0.9999999999999996,4,4,0,meets_screen,0.99,valid_fraction_of_represented
Himachal Pradesh,block,Mandi||Seraj,ACCESS-CM2,2005,rh,314207109.9006153,314207109.90061504,314207109.90061504,0.9999999999999992,1.0,0.9999999999999992,4,4,0,meets_screen,0.99,valid_fraction_of_represented
Himachal Pradesh,block,Mandi||Sundarnagar,ACCESS-CM2,2005,rh,518759486.7946955,518759486.7946952,518759486.7946952,0.9999999999999994,1.0,0.9999999999999994,3,3,0,meets_screen,0.99,valid_fraction_of_represented
Himachal Pradesh,block,Shimla||Basantpur,ACCESS-CM2,2005,rh,17426251.03414944,17426251.03414944,17426251.03414944,1.0,1.0,1.0,1,1,0,meets_screen,0.99,valid_fraction_of_represented
Himachal Pradesh,block,Shimla||Chauhara,ACCESS-CM2,2005,rh,999851517.6955408,999851517.6955413,999851517.6955413,1.0000000000000004,1.0,1.0000000000000004,7,7,0,meets_screen,0.99,valid_fraction_of_represented
Himachal Pradesh,block,Shimla||Chaupal,ACCESS-CM2,2005,rh,664325508.7473435,664325508.747343,664325508.747343,0.9999999999999991,1.0,0.9999999999999991,6,6,0,meets_screen,0.99,valid_fraction_of_represented
Himachal Pradesh,block,Shimla||Jubbal,ACCESS-CM2,2005,rh,309899444.74054205,309899444.7405424,309899444.7405424,1.000000000000001,1.0,1.000000000000001,3,3,0,meets_screen,0.99,valid_fraction_of_represented
Himachal Pradesh,block,Shimla||Kotkhai,ACCESS-CM2,2005,rh,244154385.72868133,244154385.7286816,244154385.7286816,1.000000000000001,1.0,1.000000000000001,2,2,0,meets_screen,0.99,valid_fraction_of_represented
Himachal Pradesh,block,Shimla||Kupvi,ACCESS-CM2,2005,rh,176674591.70014793,176674591.70014787,176674591.70014787,0.9999999999999997,1.0,0.9999999999999997,2,2,0,meets_screen,0.99,valid_fraction_of_represented
Himachal Pradesh,block,Shimla||Mashobra,ACCESS-CM2,2005,rh,723714228.9567833,723714228.9567833,723714228.9567833,1.0,1.0,1.0,7,7,0,meets_screen,0.99,valid_fraction_of_represented
Himachal Pradesh,block,Shimla||Nankhari,ACCESS-CM2,2005,rh,142504035.5612588,142504035.56125864,142504035.56125864,0.999999999999999,1.0,0.999999999999999,3,3,0,meets_screen,0.99,valid_fraction_of_represented
Himachal Pradesh,block,Shimla||Narkanda,ACCESS-CM2,2005,rh,220146892.5676345,220146892.56763458,220146892.56763458,1.0000000000000004,1.0,1.0000000000000004,4,4,0,meets_screen,0.99,valid_fraction_of_represented
Himachal Pradesh,block,Shimla||Rampur,ACCESS-CM2,2005,rh,845767256.6223258,845767256.622326,845767256.622326,1.0000000000000002,1.0,1.0000000000000002,4,4,0,meets_screen,0.99,valid_fraction_of_represented
Himachal Pradesh,block,Shimla||Rohru,ACCESS-CM2,2005,rh,302367208.3797199,302367208.37971956,302367208.37971956,0.9999999999999988,1.0,0.9999999999999988,4,4,0,meets_screen,0.99,valid_fraction_of_represented
Himachal Pradesh,block,Shimla||Theog,ACCESS-CM2,2005,rh,477897944.9062983,477897944.90629774,477897944.90629774,0.9999999999999989,1.0,0.9999999999999989,5,5,0,meets_screen,0.99,valid_fraction_of_represented
Himachal Pradesh,block,Sirmaur||Nahan,ACCESS-CM2,2005,rh,565123283.8817843,565123283.8817842,565123283.8817842,0.9999999999999998,1.0,0.9999999999999998,4,4,0,meets_screen,0.99,valid_fraction_of_represented
Himachal Pradesh,block,Sirmaur||Pachhad,ACCESS-CM2,2005,rh,390632230.2649409,390632230.26494133,390632230.26494133,1.000000000000001,1.0,1.000000000000001,4,4,0,meets_screen,0.99,valid_fraction_of_represented
Himachal Pradesh,block,Sirmaur||Paonta Sahib,ACCESS-CM2,2005,rh,766947556.5697162,766947556.5697181,766947556.5697181,1.0000000000000024,1.0,1.0000000000000024,6,6,0,meets_screen,0.99,valid_fraction_of_represented
Himachal Pradesh,block,Sirmaur||Rajgarh,ACCESS-CM2,2005,rh,380026349.18129474,380026349.18129396,380026349.18129396,0.999999999999998,1.0,0.999999999999998,4,4,0,meets_screen,0.99,valid_fraction_of_represented
Himachal Pradesh,block,Sirmaur||Sangrah,ACCESS-CM2,2005,rh,480488491.00813305,480488491.00813365,480488491.00813365,1.0000000000000013,1.0,1.0000000000000013,4,4,0,meets_screen,0.99,valid_fraction_of_represented
Himachal Pradesh,block,Sirmaur||Shillai,ACCESS-CM2,2005,rh,243404078.75784922,243404078.757849,243404078.757849,0.9999999999999991,1.0,0.9999999999999991,3,3,0,meets_screen,0.99,valid_fraction_of_represented
Himachal Pradesh,block,Solan||Dharampur,ACCESS-CM2,2005,rh,280059223.38235945,280059223.38235945,280059223.38235945,1.0,1.0,1.0,4,4,0,meets_screen,0.99,valid_fraction_of_represented
Himachal Pradesh,block,Solan||Kandaghat,ACCESS-CM2,2005,rh,227507572.68469033,227507572.68469062,227507572.68469062,1.0000000000000013,1.0,1.0000000000000013,3,3,0,meets_screen,0.99,valid_fraction_of_represented
Himachal Pradesh,block,Solan||Kunihar,ACCESS-CM2,2005,rh,385185272.7477798,385185272.74777997,385185272.74777997,1.0000000000000004,1.0,1.0000000000000004,4,4,0,meets_screen,0.99,valid_fraction_of_represented
Himachal Pradesh,block,Solan||Nalagarh,ACCESS-CM2,2005,rh,783961136.1011642,783961136.1011655,783961136.1011655,1.0000000000000018,1.0,1.0000000000000018,4,4,0,meets_screen,0.99,valid_fraction_of_represented
Himachal Pradesh,block,Solan||Solan,ACCESS-CM2,2005,rh,258983249.1085002,258983249.10850012,258983249.10850012,0.9999999999999997,1.0,0.9999999999999997,4,4,0,meets_screen,0.99,valid_fraction_of_represented
Himachal Pradesh,block,Una||Amb,ACCESS-CM2,2005,rh,332772274.7622034,332772274.7622026,332772274.7622026,0.9999999999999977,1.0,0.9999999999999977,4,4,0,meets_screen,0.99,valid_fraction_of_represented
Himachal Pradesh,block,Una||Bangana,ACCESS-CM2,2005,rh,417556726.4513639,417556726.45136386,417556726.45136386,0.9999999999999999,1.0,0.9999999999999999,3,3,0,meets_screen,0.99,valid_fraction_of_represented
Himachal Pradesh,block,Una||Gagret,ACCESS-CM2,2005,rh,257562053.00638404,257562053.00638306,257562053.00638306,0.9999999999999962,1.0,0.9999999999999962,4,4,0,meets_screen,0.99,valid_fraction_of_represented
Himachal Pradesh,block,Una||Haroli,ACCESS-CM2,2005,rh,308788143.96486676,308788143.96486676,308788143.96486676,1.0,1.0,1.0,3,3,0,meets_screen,0.99,valid_fraction_of_represented
Himachal Pradesh,block,Una||Una,ACCESS-CM2,2005,rh,225956249.92958847,225956249.92958868,225956249.92958868,1.0000000000000009,1.0,1.0000000000000009,4,4,0,meets_screen,0.99,valid_fraction_of_represented
Himachal Pradesh,district,Bilaspur,ACCESS-CM2,2005,elev,1165718138.6933107,1165718138.6933064,1165718138.6933064,0.9999999999999963,1.0,0.9999999999999963,7,7,0,meets_screen,0.99,valid_fraction_of_represented
Himachal Pradesh,district,Chamba,ACCESS-CM2,2005,elev,6513658468.896824,6513658468.896839,6513658468.896839,1.0000000000000024,1.0,1.0000000000000024,23,23,0,meets_screen,0.99,valid_fraction_of_represented
Himachal Pradesh,district,Hamirpur,ACCESS-CM2,2005,elev,1115691482.700033,1115691482.700034,1115691482.700034,1.0000000000000009,1.0,1.0000000000000009,6,6,0,meets_screen,0.99,valid_fraction_of_represented
Himachal Pradesh,district,Kangra,ACCESS-CM2,2005,elev,5741000451.160244,5741000451.160234,5646337665.879757,0.9999999999999983,0.9835110994876605,0.9835110994876588,19,18,1,partial_coverage,0.99,valid_fraction_of_represented
Himachal Pradesh,district,Kinnaur,ACCESS-CM2,2005,elev,6502330581.496404,6502330581.49642,6502330581.49642,1.0000000000000024,1.0,1.0000000000000024,23,23,0,meets_screen,0.99,valid_fraction_of_represented
Himachal Pradesh,district,Kullu,ACCESS-CM2,2005,elev,5487328163.896597,5487328163.89656,5099199566.180709,0.9999999999999932,0.9292682000924398,0.9292682000924336,18,16,2,partial_coverage,0.99,valid_fraction_of_represented
Himachal Pradesh,district,Lahul and Spiti,ACCESS-CM2,2005,elev,13957466022.129667,13957466022.129658,8449116848.247999,0.9999999999999993,0.6053474774613004,0.6053474774613,38,27,11,partial_coverage,0.99,valid_fraction_of_represented
Himachal Pradesh,district,Mandi,ACCESS-CM2,2005,elev,3949932745.1880474,3949932745.1880417,3949932745.1880417,0.9999999999999986,1.0,0.9999999999999986,13,13,0,meets_screen,0.99,valid_fraction_of_represented
Himachal Pradesh,district,Shimla,ACCESS-CM2,2005,elev,5124729266.640434,5124729266.640426,5124729266.640426,0.9999999999999983,1.0,0.9999999999999983,19,19,0,meets_screen,0.99,valid_fraction_of_represented
Himachal Pradesh,district,Sirmaur,ACCESS-CM2,2005,elev,2826621989.663709,2826621989.6637197,2826621989.6637197,1.0000000000000038,1.0,1.0000000000000038,12,12,0,meets_screen,0.99,valid_fraction_of_represented
Himachal Pradesh,district,Solan,ACCESS-CM2,2005,elev,1935696454.0244927,1935696454.024496,1935696454.024496,1.0000000000000018,1.0,1.0000000000000018,9,9,0,meets_screen,0.99,valid_fraction_of_represented
Himachal Pradesh,district,Una,ACCESS-CM2,2005,elev,1542635448.1144047,1542635448.1144047,1542635448.1144047,1.0,1.0,1.0,7,7,0,meets_screen,0.99,valid_fraction_of_represented
Himachal Pradesh,block,Bilaspur||Bilaspur Sadar,ACCESS-CM2,2005,elev,280136006.23538226,280136006.2353821,280136006.2353821,0.9999999999999993,1.0,0.9999999999999993,3,3,0,meets_screen,0.99,valid_fraction_of_represented
Himachal Pradesh,block,Bilaspur||Ghumarwin,ACCESS-CM2,2005,elev,286875727.0940388,286875727.0940379,286875727.0940379,0.9999999999999969,1.0,0.9999999999999969,4,4,0,meets_screen,0.99,valid_fraction_of_represented
Himachal Pradesh,block,Bilaspur||Jhandutta,ACCESS-CM2,2005,elev,327823576.29459643,327823576.29459685,327823576.29459685,1.0000000000000013,1.0,1.0000000000000013,3,3,0,meets_screen,0.99,valid_fraction_of_represented
Himachal Pradesh,block,Bilaspur||Shree Naina Devi,ACCESS-CM2,2005,elev,270882829.06929135,270882829.0692905,270882829.0692905,0.9999999999999969,1.0,0.9999999999999969,5,5,0,meets_screen,0.99,valid_fraction_of_represented
Himachal Pradesh,block,Chamba||Bharmour,ACCESS-CM2,2005,elev,1655485650.3297377,1655485650.329739,1655485650.329739,1.0000000000000009,1.0,1.0000000000000009,9,9,0,meets_screen,0.99,valid_fraction_of_represented
Himachal Pradesh,block,Chamba||Bhattiyat,ACCESS-CM2,2005,elev,673432904.046608,673432904.0466087,673432904.0466087,1.000000000000001,1.0,1.000000000000001,5,5,0,meets_screen,0.99,valid_fraction_of_represented
Himachal Pradesh,block,Chamba||Chamba,ACCESS-CM2,2005,elev,368519564.8275985,368519564.8275989,368519564.8275989,1.000000000000001,1.0,1.000000000000001,3,3,0,meets_screen,0.99,valid_fraction_of_represented
Himachal Pradesh,block,Chamba||Mehla,ACCESS-CM2,2005,elev,639687108.5455532,639687108.545553,639687108.545553,0.9999999999999997,1.0,0.9999999999999997,4,4,0,meets_screen,0.99,valid_fraction_of_represented
Himachal Pradesh,block,Chamba||Pangi,ACCESS-CM2,2005,elev,1511085204.160126,1511085204.1601264,1511085204.1601264,1.0000000000000002,1.0,1.0000000000000002,8,8,0,meets_screen,0.99,valid_fraction_of_represented
Himachal Pradesh,block,Chamba||Saluni,ACCESS-CM2,2005,elev,501777609.8156944,501777609.8156931,501777609.8156931,0.9999999999999973,1.0,0.9999999999999973,4,4,0,meets_screen,0.99,valid_fraction_of_represented
Himachal Pradesh,block,Chamba||Tisa,ACCESS-CM2,2005,elev,1163670427.1715212,1163670427.1715193,1163670427.1715193,0.9999999999999983,1.0,0.9999999999999983,6,6,0,meets_screen,0.99,valid_fraction_of_represented
Himachal Pradesh,block,Hamirpur||Bamson,ACCESS-CM2,2005,elev,57875403.03530016,57875403.035300106,57875403.035300106,0.9999999999999991,1.0,0.9999999999999991,1,1,0,meets_screen,0.99,valid_fraction_of_represented
Himachal Pradesh,block,Hamirpur||Bhoranj,ACCESS-CM2,2005,elev,157790505.49750966,157790505.49750945,157790505.49750945,0.9999999999999987,1.0,0.9999999999999987,1,1,0,meets_screen,0.99,valid_fraction_of_represented
Himachal Pradesh,block,Hamirpur||Bijhri,ACCESS-CM2,2005,elev,282401976.49856716,282401976.49856746,282401976.49856746,1.000000000000001,1.0,1.000000000000001,4,4,0,meets_screen,0.99,valid_fraction_of_represented
Himachal Pradesh,block,Hamirpur||Hamirpur,ACCESS-CM2,2005,elev,242490022.37086192,242490022.37086207,242490022.37086207,1.0000000000000007,1.0,1.0000000000000007,3,3,0,meets_screen,0.99,valid_fraction_of_represented
Himachal Pradesh,block,Hamirpur||Nadaun,ACCESS-CM2,2005,elev,261523714.96790195,261523714.96790192,261523714.96790192,0.9999999999999999,1.0,0.9999999999999999,2,2,0,meets_screen,0.99,valid_fraction_of_represented
Himachal Pradesh,block,Hamirpur||Tira Sujanpur,ACCESS-CM2,2005,elev,113609860.32989319,113609860.32989317,113609860.32989317,0.9999999999999999,1.0,0.9999999999999999,4,4,0,meets_screen,0.99,valid_fraction_of_represented
Himachal Pradesh,block,Kangra||Baijnath,ACCESS-CM2,2005,elev,1277895250.1485736,1277895250.1485734,1183232464.8680964,0.9999999999999998,0.9259228913563368,0.9259228913563367,6,5,1,partial_coverage,0.99,valid_fraction_of_represented
Himachal Pradesh,block,Kangra||Bhawarna,ACCESS-CM2,2005,elev,81204037.88976844,81204037.88976854,81204037.88976854,1.0000000000000013,1.0,1.0000000000000013,2,2,0,meets_screen,0.99,valid_fraction_of_represented
Himachal Pradesh,block,Kangra||Dehra Gopipur,ACCESS-CM2,2005,elev,514190023.08510906,514190023.0851095,514190023.0851095,1.0000000000000009,1.0,1.0000000000000009,3,3,0,meets_screen,0.99,valid_fraction_of_represented
Himachal Pradesh,block,Kangra||Dharamshala,ACCESS-CM2,2005,elev,69397215.89302382,69397215.89302413,69397215.89302413,1.0000000000000044,1.0,1.0000000000000044,2,2,0,meets_screen,0.99,valid_fraction_of_represented
Himachal Pradesh,block,Kangra||Fatehpur,ACCESS-CM2,2005,elev,277848476.9087239,277848476.9087241,277848476.9087241,1.0000000000000009,1.0,1.0000000000000009,3,3,0,meets_screen,0.99,valid_fraction_of_represented
Himachal Pradesh,block,Kangra||Indora,ACCESS-CM2,2005,elev,474715335.1168559,474715335.11685604,474715335.11685604,1.0000000000000002,1.0,1.0000000000000002,4,4,0,meets_screen,0.99,valid_fraction_of_represented
Himachal Pradesh,block,Kangra||Kangra,ACCESS-CM2,2005,elev,251682395.01794788,251682395.01794842,251682395.01794842,1.0000000000000022,1.0,1.0000000000000022,4,4,0,meets_screen,0.99,valid_fraction_of_represented
Himachal Pradesh,block,Kangra||Lambagaon,ACCESS-CM2,2005,elev,248799783.503588,248799783.50358802,248799783.50358802,1.0000000000000002,1.0,1.0000000000000002,3,3,0,meets_screen,0.99,valid_fraction_of_represented
Himachal Pradesh,block,Kangra||Nagrota Bagwan,ACCESS-CM2,2005,elev,271109972.0321957,271109972.03219587,271109972.03219587,1.0000000000000007,1.0,1.0000000000000007,3,3,0,meets_screen,0.99,valid_fraction_of_represented
Himachal Pradesh,block,Kangra||Nagrota Surian,ACCESS-CM2,2005,elev,550366988.6821353,550366988.6821352,550366988.6821352,0.9999999999999998,1.0,0.9999999999999998,6,6,0,meets_screen,0.99,valid_fraction_of_represented
Himachal Pradesh,block,Kangra||Nurpur,ACCESS-CM2,2005,elev,392615145.37395895,392615145.3739581,392615145.3739581,0.9999999999999979,1.0,0.9999999999999979,4,4,0,meets_screen,0.99,valid_fraction_of_represented
Himachal Pradesh,block,Kangra||Panchrukhi,ACCESS-CM2,2005,elev,326879455.49382025,326879455.4938202,326879455.4938202,0.9999999999999998,1.0,0.9999999999999998,4,4,0,meets_screen,0.99,valid_fraction_of_represented
Himachal Pradesh,block,Kangra||Pragpur,ACCESS-CM2,2005,elev,430613965.3121061,430613965.3121051,430613965.3121051,0.9999999999999978,1.0,0.9999999999999978,5,5,0,meets_screen,0.99,valid_fraction_of_represented
Himachal Pradesh,block,Kangra||Rait,ACCESS-CM2,2005,elev,471364674.2986287,471364674.29862833,471364674.29862833,0.9999999999999992,1.0,0.9999999999999992,4,4,0,meets_screen,0.99,valid_fraction_of_represented
Himachal Pradesh,block,Kangra||Sulah,ACCESS-CM2,2005,elev,102317732.40379879,102317732.40379894,102317732.40379894,1.0000000000000016,1.0,1.0000000000000016,4,4,0,meets_screen,0.99,valid_fraction_of_represented
Himachal Pradesh,block,Kinnaur||Kalpa,ACCESS-CM2,2005,elev,1831733843.4512792,1831733843.4512794,1831733843.4512794,1.0000000000000002,1.0,1.0000000000000002,10,10,0,meets_screen,0.99,valid_fraction_of_represented
Himachal Pradesh,block,Kinnaur||Nichar,ACCESS-CM2,2005,elev,1128770740.8837311,1128770740.8837304,1128770740.8837304,0.9999999999999993,1.0,0.9999999999999993,7,7,0,meets_screen,0.99,valid_fraction_of_represented
Himachal Pradesh,block,Kinnaur||Pooh,ACCESS-CM2,2005,elev,3541825997.1614084,3541825997.161411,3541825997.161411,1.0000000000000007,1.0,1.0000000000000007,14,14,0,meets_screen,0.99,valid_fraction_of_represented
Himachal Pradesh,block,Kullu||Anni,ACCESS-CM2,2005,elev,293270233.9572538,293270233.95725334,293270233.95725334,0.9999999999999983,1.0,0.9999999999999983,4,4,0,meets_screen,0.99,valid_fraction_of_represented
Himachal Pradesh,block,Kullu||Banjar,ACCESS-CM2,2005,elev,1289688645.4098825,1289688645.4098802,1289688645.4098802,0.9999999999999981,1.0,0.9999999999999981,8,8,0,meets_screen,0.99,valid_fraction_of_represented
Himachal Pradesh,block,Kullu||Kullu,ACCESS-CM2,2005,elev,2113375084.6148772,2113375084.6148796,2113375084.6148796,1.000000000000001,1.0,1.000000000000001,8,8,0,meets_screen,0.99,valid_fraction_of_represented
Himachal Pradesh,block,Kullu||Naggar,ACCESS-CM2,2005,elev,1369584134.6749237,1369584134.6749246,981455536.9590743,1.0000000000000007,0.7166084303335085,0.716608430333509,7,5,2,partial_coverage,0.99,valid_fraction_of_represented
Himachal Pradesh,block,Kullu||Nirmand,ACCESS-CM2,2005,elev,421410065.239621,421410065.23962116,421410065.23962116,1.0000000000000004,1.0,1.0000000000000004,4,4,0,meets_screen,0.99,valid_fraction_of_represented
Himachal Pradesh,block,Lahul and Spiti||Lahul,ACCESS-CM2,2005,elev,6714424264.3684225,6714424264.368433,4467917827.726033,1.0000000000000016,0.665420839048855,0.665420839048856,23,17,6,partial_coverage,0.99,valid_fraction_of_represented
Himachal Pradesh,block,Lahul and Spiti||Spiti,ACCESS-CM2,2005,elev,7243041757.76119,7243041757.761225,3981199020.521965,1.0000000000000047,0.5496584382184381,0.5496584382184406,21,13,8,partial_coverage,0.99,valid_fraction_of_represented
Himachal Pradesh,block,Mandi||Balh,ACCESS-CM2,2005,elev,236767491.86430404,236767491.8643038,236767491.8643038,0.999999999999999,1.0,0.999999999999999,2,2,0,meets_screen,0.99,valid_fraction_of_represented
Himachal Pradesh,block,Mandi||Bali Chowki,ACCESS-CM2,2005,elev,195013923.01758975,195013923.01759,195013923.01759,1.0000000000000013,1.0,1.0000000000000013,2,2,0,meets_screen,0.99,valid_fraction_of_represented
Himachal Pradesh,block,Mandi||Chauntra,ACCESS-CM2,2005,elev,361531868.4028636,361531868.4028643,361531868.4028643,1.0000000000000018,1.0,1.0000000000000018,4,4,0,meets_screen,0.99,valid_fraction_of_represented
Himachal Pradesh,block,Mandi||Dharmpur,ACCESS-CM2,2005,elev,234272195.80595624,234272195.805956,234272195.805956,0.999999999999999,1.0,0.999999999999999,4,4,0,meets_screen,0.99,valid_fraction_of_represented
Himachal Pradesh,block,Mandi||Drang,ACCESS-CM2,2005,elev,411855407.63011163,411855407.63011163,411855407.63011163,1.0,1.0,1.0,3,3,0,meets_screen,0.99,valid_fraction_of_represented
Himachal Pradesh,block,Mandi||Gohar,ACCESS-CM2,2005,elev,241735355.71638238,241735355.71638256,241735355.71638256,1.0000000000000007,1.0,1.0000000000000007,4,4,0,meets_screen,0.99,valid_fraction_of_represented
Himachal Pradesh,block,Mandi||Gopalpur,ACCESS-CM2,2005,elev,264318853.3917518,264318853.39175183,264318853.39175183,1.0000000000000002,1.0,1.0000000000000002,5,5,0,meets_screen,0.99,valid_fraction_of_represented
Himachal Pradesh,block,Mandi||Karsog,ACCESS-CM2,2005,elev,576112582.2909881,576112582.2909889,576112582.2909889,1.0000000000000016,1.0,1.0000000000000016,3,3,0,meets_screen,0.99,valid_fraction_of_represented
Himachal Pradesh,block,Mandi||Mandi Sadar,ACCESS-CM2,2005,elev,595358470.3727835,595358470.3727833,595358470.3727833,0.9999999999999996,1.0,0.9999999999999996,4,4,0,meets_screen,0.99,valid_fraction_of_represented
Himachal Pradesh,block,Mandi||Seraj,ACCESS-CM2,2005,elev,314207109.9006153,314207109.90061504,314207109.90061504,0.9999999999999992,1.0,0.9999999999999992,4,4,0,meets_screen,0.99,valid_fraction_of_represented
Himachal Pradesh,block,Mandi||Sundarnagar,ACCESS-CM2,2005,elev,518759486.7946955,518759486.7946952,518759486.7946952,0.9999999999999994,1.0,0.9999999999999994,3,3,0,meets_screen,0.99,valid_fraction_of_represented
Himachal Pradesh,block,Shimla||Basantpur,ACCESS-CM2,2005,elev,17426251.03414944,17426251.03414944,17426251.03414944,1.0,1.0,1.0,1,1,0,meets_screen,0.99,valid_fraction_of_represented
Himachal Pradesh,block,Shimla||Chauhara,ACCESS-CM2,2005,elev,999851517.6955408,999851517.6955413,999851517.6955413,1.0000000000000004,1.0,1.0000000000000004,7,7,0,meets_screen,0.99,valid_fraction_of_represented
Himachal Pradesh,block,Shimla||Chaupal,ACCESS-CM2,2005,elev,664325508.7473435,664325508.747343,664325508.747343,0.9999999999999991,1.0,0.9999999999999991,6,6,0,meets_screen,0.99,valid_fraction_of_represented
Himachal Pradesh,block,Shimla||Jubbal,ACCESS-CM2,2005,elev,309899444.74054205,309899444.7405424,309899444.7405424,1.000000000000001,1.0,1.000000000000001,3,3,0,meets_screen,0.99,valid_fraction_of_represented
Himachal Pradesh,block,Shimla||Kotkhai,ACCESS-CM2,2005,elev,244154385.72868133,244154385.7286816,244154385.7286816,1.000000000000001,1.0,1.000000000000001,2,2,0,meets_screen,0.99,valid_fraction_of_represented
Himachal Pradesh,block,Shimla||Kupvi,ACCESS-CM2,2005,elev,176674591.70014793,176674591.70014787,176674591.70014787,0.9999999999999997,1.0,0.9999999999999997,2,2,0,meets_screen,0.99,valid_fraction_of_represented
Himachal Pradesh,block,Shimla||Mashobra,ACCESS-CM2,2005,elev,723714228.9567833,723714228.9567833,723714228.9567833,1.0,1.0,1.0,7,7,0,meets_screen,0.99,valid_fraction_of_represented
Himachal Pradesh,block,Shimla||Nankhari,ACCESS-CM2,2005,elev,142504035.5612588,142504035.56125864,142504035.56125864,0.999999999999999,1.0,0.999999999999999,3,3,0,meets_screen,0.99,valid_fraction_of_represented
Himachal Pradesh,block,Shimla||Narkanda,ACCESS-CM2,2005,elev,220146892.5676345,220146892.56763458,220146892.56763458,1.0000000000000004,1.0,1.0000000000000004,4,4,0,meets_screen,0.99,valid_fraction_of_represented
Himachal Pradesh,block,Shimla||Rampur,ACCESS-CM2,2005,elev,845767256.6223258,845767256.622326,845767256.622326,1.0000000000000002,1.0,1.0000000000000002,4,4,0,meets_screen,0.99,valid_fraction_of_represented
Himachal Pradesh,block,Shimla||Rohru,ACCESS-CM2,2005,elev,302367208.3797199,302367208.37971956,302367208.37971956,0.9999999999999988,1.0,0.9999999999999988,4,4,0,meets_screen,0.99,valid_fraction_of_represented
Himachal Pradesh,block,Shimla||Theog,ACCESS-CM2,2005,elev,477897944.9062983,477897944.90629774,477897944.90629774,0.9999999999999989,1.0,0.9999999999999989,5,5,0,meets_screen,0.99,valid_fraction_of_represented
Himachal Pradesh,block,Sirmaur||Nahan,ACCESS-CM2,2005,elev,565123283.8817843,565123283.8817842,565123283.8817842,0.9999999999999998,1.0,0.9999999999999998,4,4,0,meets_screen,0.99,valid_fraction_of_represented
Himachal Pradesh,block,Sirmaur||Pachhad,ACCESS-CM2,2005,elev,390632230.2649409,390632230.26494133,390632230.26494133,1.000000000000001,1.0,1.000000000000001,4,4,0,meets_screen,0.99,valid_fraction_of_represented
Himachal Pradesh,block,Sirmaur||Paonta Sahib,ACCESS-CM2,2005,elev,766947556.5697162,766947556.5697181,766947556.5697181,1.0000000000000024,1.0,1.0000000000000024,6,6,0,meets_screen,0.99,valid_fraction_of_represented
Himachal Pradesh,block,Sirmaur||Rajgarh,ACCESS-CM2,2005,elev,380026349.18129474,380026349.18129396,380026349.18129396,0.999999999999998,1.0,0.999999999999998,4,4,0,meets_screen,0.99,valid_fraction_of_represented
Himachal Pradesh,block,Sirmaur||Sangrah,ACCESS-CM2,2005,elev,480488491.00813305,480488491.00813365,480488491.00813365,1.0000000000000013,1.0,1.0000000000000013,4,4,0,meets_screen,0.99,valid_fraction_of_represented
Himachal Pradesh,block,Sirmaur||Shillai,ACCESS-CM2,2005,elev,243404078.75784922,243404078.757849,243404078.757849,0.9999999999999991,1.0,0.9999999999999991,3,3,0,meets_screen,0.99,valid_fraction_of_represented
Himachal Pradesh,block,Solan||Dharampur,ACCESS-CM2,2005,elev,280059223.38235945,280059223.38235945,280059223.38235945,1.0,1.0,1.0,4,4,0,meets_screen,0.99,valid_fraction_of_represented
Himachal Pradesh,block,Solan||Kandaghat,ACCESS-CM2,2005,elev,227507572.68469033,227507572.68469062,227507572.68469062,1.0000000000000013,1.0,1.0000000000000013,3,3,0,meets_screen,0.99,valid_fraction_of_represented
Himachal Pradesh,block,Solan||Kunihar,ACCESS-CM2,2005,elev,385185272.7477798,385185272.74777997,385185272.74777997,1.0000000000000004,1.0,1.0000000000000004,4,4,0,meets_screen,0.99,valid_fraction_of_represented
Himachal Pradesh,block,Solan||Nalagarh,ACCESS-CM2,2005,elev,783961136.1011642,783961136.1011655,783961136.1011655,1.0000000000000018,1.0,1.0000000000000018,4,4,0,meets_screen,0.99,valid_fraction_of_represented
Himachal Pradesh,block,Solan||Solan,ACCESS-CM2,2005,elev,258983249.1085002,258983249.10850012,258983249.10850012,0.9999999999999997,1.0,0.9999999999999997,4,4,0,meets_screen,0.99,valid_fraction_of_represented
Himachal Pradesh,block,Una||Amb,ACCESS-CM2,2005,elev,332772274.7622034,332772274.7622026,332772274.7622026,0.9999999999999977,1.0,0.9999999999999977,4,4,0,meets_screen,0.99,valid_fraction_of_represented
Himachal Pradesh,block,Una||Bangana,ACCESS-CM2,2005,elev,417556726.4513639,417556726.45136386,417556726.45136386,0.9999999999999999,1.0,0.9999999999999999,3,3,0,meets_screen,0.99,valid_fraction_of_represented
Himachal Pradesh,block,Una||Gagret,ACCESS-CM2,2005,elev,257562053.00638404,257562053.00638306,257562053.00638306,0.9999999999999962,1.0,0.9999999999999962,4,4,0,meets_screen,0.99,valid_fraction_of_represented
Himachal Pradesh,block,Una||Haroli,ACCESS-CM2,2005,elev,308788143.96486676,308788143.96486676,308788143.96486676,1.0,1.0,1.0,3,3,0,meets_screen,0.99,valid_fraction_of_represented
Himachal Pradesh,block,Una||Una,ACCESS-CM2,2005,elev,225956249.92958847,225956249.92958868,225956249.92958868,1.0000000000000009,1.0,1.0000000000000009,4,4,0,meets_screen,0.99,valid_fraction_of_represented
Himachal Pradesh,district,Bilaspur,ACCESS-CM2,2005,combined,1165718138.6933107,1165718138.6933064,1165718138.6933064,0.9999999999999963,1.0,0.9999999999999963,7,7,0,meets_screen,0.99,valid_fraction_of_represented
Himachal Pradesh,district,Chamba,ACCESS-CM2,2005,combined,6513658468.896824,6513658468.896839,6513658468.896839,1.0000000000000024,1.0,1.0000000000000024,23,23,0,meets_screen,0.99,valid_fraction_of_represented
Himachal Pradesh,district,Hamirpur,ACCESS-CM2,2005,combined,1115691482.700033,1115691482.700034,1115691482.700034,1.0000000000000009,1.0,1.0000000000000009,6,6,0,meets_screen,0.99,valid_fraction_of_represented
Himachal Pradesh,district,Kangra,ACCESS-CM2,2005,combined,5741000451.160244,5741000451.160234,5741000451.160234,0.9999999999999983,1.0,0.9999999999999983,19,19,0,meets_screen,0.99,valid_fraction_of_represented
Himachal Pradesh,district,Kinnaur,ACCESS-CM2,2005,combined,6502330581.496404,6502330581.49642,6502330581.49642,1.0000000000000024,1.0,1.0000000000000024,23,23,0,meets_screen,0.99,valid_fraction_of_represented
Himachal Pradesh,district,Kullu,ACCESS-CM2,2005,combined,5487328163.896597,5487328163.89656,5487328163.89656,0.9999999999999932,1.0,0.9999999999999932,18,18,0,meets_screen,0.99,valid_fraction_of_represented
Himachal Pradesh,district,Lahul and Spiti,ACCESS-CM2,2005,combined,13957466022.129667,13957466022.129658,13957466022.129658,0.9999999999999993,1.0,0.9999999999999993,38,38,0,meets_screen,0.99,valid_fraction_of_represented
Himachal Pradesh,district,Mandi,ACCESS-CM2,2005,combined,3949932745.1880474,3949932745.1880417,3949932745.1880417,0.9999999999999986,1.0,0.9999999999999986,13,13,0,meets_screen,0.99,valid_fraction_of_represented
Himachal Pradesh,district,Shimla,ACCESS-CM2,2005,combined,5124729266.640434,5124729266.640426,5124729266.640426,0.9999999999999983,1.0,0.9999999999999983,19,19,0,meets_screen,0.99,valid_fraction_of_represented
Himachal Pradesh,district,Sirmaur,ACCESS-CM2,2005,combined,2826621989.663709,2826621989.6637197,2826621989.6637197,1.0000000000000038,1.0,1.0000000000000038,12,12,0,meets_screen,0.99,valid_fraction_of_represented
Himachal Pradesh,district,Solan,ACCESS-CM2,2005,combined,1935696454.0244927,1935696454.024496,1935696454.024496,1.0000000000000018,1.0,1.0000000000000018,9,9,0,meets_screen,0.99,valid_fraction_of_represented
Himachal Pradesh,district,Una,ACCESS-CM2,2005,combined,1542635448.1144047,1542635448.1144047,1542635448.1144047,1.0,1.0,1.0,7,7,0,meets_screen,0.99,valid_fraction_of_represented
Himachal Pradesh,block,Bilaspur||Bilaspur Sadar,ACCESS-CM2,2005,combined,280136006.23538226,280136006.2353821,280136006.2353821,0.9999999999999993,1.0,0.9999999999999993,3,3,0,meets_screen,0.99,valid_fraction_of_represented
Himachal Pradesh,block,Bilaspur||Ghumarwin,ACCESS-CM2,2005,combined,286875727.0940388,286875727.0940379,286875727.0940379,0.9999999999999969,1.0,0.9999999999999969,4,4,0,meets_screen,0.99,valid_fraction_of_represented
Himachal Pradesh,block,Bilaspur||Jhandutta,ACCESS-CM2,2005,combined,327823576.29459643,327823576.29459685,327823576.29459685,1.0000000000000013,1.0,1.0000000000000013,3,3,0,meets_screen,0.99,valid_fraction_of_represented
Himachal Pradesh,block,Bilaspur||Shree Naina Devi,ACCESS-CM2,2005,combined,270882829.06929135,270882829.0692905,270882829.0692905,0.9999999999999969,1.0,0.9999999999999969,5,5,0,meets_screen,0.99,valid_fraction_of_represented
Himachal Pradesh,block,Chamba||Bharmour,ACCESS-CM2,2005,combined,1655485650.3297377,1655485650.329739,1655485650.329739,1.0000000000000009,1.0,1.0000000000000009,9,9,0,meets_screen,0.99,valid_fraction_of_represented
Himachal Pradesh,block,Chamba||Bhattiyat,ACCESS-CM2,2005,combined,673432904.046608,673432904.0466087,673432904.0466087,1.000000000000001,1.0,1.000000000000001,5,5,0,meets_screen,0.99,valid_fraction_of_represented
Himachal Pradesh,block,Chamba||Chamba,ACCESS-CM2,2005,combined,368519564.8275985,368519564.8275989,368519564.8275989,1.000000000000001,1.0,1.000000000000001,3,3,0,meets_screen,0.99,valid_fraction_of_represented
Himachal Pradesh,block,Chamba||Mehla,ACCESS-CM2,2005,combined,639687108.5455532,639687108.545553,639687108.545553,0.9999999999999997,1.0,0.9999999999999997,4,4,0,meets_screen,0.99,valid_fraction_of_represented
Himachal Pradesh,block,Chamba||Pangi,ACCESS-CM2,2005,combined,1511085204.160126,1511085204.1601264,1511085204.1601264,1.0000000000000002,1.0,1.0000000000000002,8,8,0,meets_screen,0.99,valid_fraction_of_represented
Himachal Pradesh,block,Chamba||Saluni,ACCESS-CM2,2005,combined,501777609.8156944,501777609.8156931,501777609.8156931,0.9999999999999973,1.0,0.9999999999999973,4,4,0,meets_screen,0.99,valid_fraction_of_represented
Himachal Pradesh,block,Chamba||Tisa,ACCESS-CM2,2005,combined,1163670427.1715212,1163670427.1715193,1163670427.1715193,0.9999999999999983,1.0,0.9999999999999983,6,6,0,meets_screen,0.99,valid_fraction_of_represented
Himachal Pradesh,block,Hamirpur||Bamson,ACCESS-CM2,2005,combined,57875403.03530016,57875403.035300106,57875403.035300106,0.9999999999999991,1.0,0.9999999999999991,1,1,0,meets_screen,0.99,valid_fraction_of_represented
Himachal Pradesh,block,Hamirpur||Bhoranj,ACCESS-CM2,2005,combined,157790505.49750966,157790505.49750945,157790505.49750945,0.9999999999999987,1.0,0.9999999999999987,1,1,0,meets_screen,0.99,valid_fraction_of_represented
Himachal Pradesh,block,Hamirpur||Bijhri,ACCESS-CM2,2005,combined,282401976.49856716,282401976.49856746,282401976.49856746,1.000000000000001,1.0,1.000000000000001,4,4,0,meets_screen,0.99,valid_fraction_of_represented
Himachal Pradesh,block,Hamirpur||Hamirpur,ACCESS-CM2,2005,combined,242490022.37086192,242490022.37086207,242490022.37086207,1.0000000000000007,1.0,1.0000000000000007,3,3,0,meets_screen,0.99,valid_fraction_of_represented
Himachal Pradesh,block,Hamirpur||Nadaun,ACCESS-CM2,2005,combined,261523714.96790195,261523714.96790192,261523714.96790192,0.9999999999999999,1.0,0.9999999999999999,2,2,0,meets_screen,0.99,valid_fraction_of_represented
Himachal Pradesh,block,Hamirpur||Tira Sujanpur,ACCESS-CM2,2005,combined,113609860.32989319,113609860.32989317,113609860.32989317,0.9999999999999999,1.0,0.9999999999999999,4,4,0,meets_screen,0.99,valid_fraction_of_represented
Himachal Pradesh,block,Kangra||Baijnath,ACCESS-CM2,2005,combined,1277895250.1485736,1277895250.1485734,1277895250.1485734,0.9999999999999998,1.0,0.9999999999999998,6,6,0,meets_screen,0.99,valid_fraction_of_represented
Himachal Pradesh,block,Kangra||Bhawarna,ACCESS-CM2,2005,combined,81204037.88976844,81204037.88976854,81204037.88976854,1.0000000000000013,1.0,1.0000000000000013,2,2,0,meets_screen,0.99,valid_fraction_of_represented
Himachal Pradesh,block,Kangra||Dehra Gopipur,ACCESS-CM2,2005,combined,514190023.08510906,514190023.0851095,514190023.0851095,1.0000000000000009,1.0,1.0000000000000009,3,3,0,meets_screen,0.99,valid_fraction_of_represented
Himachal Pradesh,block,Kangra||Dharamshala,ACCESS-CM2,2005,combined,69397215.89302382,69397215.89302413,69397215.89302413,1.0000000000000044,1.0,1.0000000000000044,2,2,0,meets_screen,0.99,valid_fraction_of_represented
Himachal Pradesh,block,Kangra||Fatehpur,ACCESS-CM2,2005,combined,277848476.9087239,277848476.9087241,277848476.9087241,1.0000000000000009,1.0,1.0000000000000009,3,3,0,meets_screen,0.99,valid_fraction_of_represented
Himachal Pradesh,block,Kangra||Indora,ACCESS-CM2,2005,combined,474715335.1168559,474715335.11685604,474715335.11685604,1.0000000000000002,1.0,1.0000000000000002,4,4,0,meets_screen,0.99,valid_fraction_of_represented
Himachal Pradesh,block,Kangra||Kangra,ACCESS-CM2,2005,combined,251682395.01794788,251682395.01794842,251682395.01794842,1.0000000000000022,1.0,1.0000000000000022,4,4,0,meets_screen,0.99,valid_fraction_of_represented
Himachal Pradesh,block,Kangra||Lambagaon,ACCESS-CM2,2005,combined,248799783.503588,248799783.50358802,248799783.50358802,1.0000000000000002,1.0,1.0000000000000002,3,3,0,meets_screen,0.99,valid_fraction_of_represented
Himachal Pradesh,block,Kangra||Nagrota Bagwan,ACCESS-CM2,2005,combined,271109972.0321957,271109972.03219587,271109972.03219587,1.0000000000000007,1.0,1.0000000000000007,3,3,0,meets_screen,0.99,valid_fraction_of_represented
Himachal Pradesh,block,Kangra||Nagrota Surian,ACCESS-CM2,2005,combined,550366988.6821353,550366988.6821352,550366988.6821352,0.9999999999999998,1.0,0.9999999999999998,6,6,0,meets_screen,0.99,valid_fraction_of_represented
Himachal Pradesh,block,Kangra||Nurpur,ACCESS-CM2,2005,combined,392615145.37395895,392615145.3739581,392615145.3739581,0.9999999999999979,1.0,0.9999999999999979,4,4,0,meets_screen,0.99,valid_fraction_of_represented
Himachal Pradesh,block,Kangra||Panchrukhi,ACCESS-CM2,2005,combined,326879455.49382025,326879455.4938202,326879455.4938202,0.9999999999999998,1.0,0.9999999999999998,4,4,0,meets_screen,0.99,valid_fraction_of_represented
Himachal Pradesh,block,Kangra||Pragpur,ACCESS-CM2,2005,combined,430613965.3121061,430613965.3121051,430613965.3121051,0.9999999999999978,1.0,0.9999999999999978,5,5,0,meets_screen,0.99,valid_fraction_of_represented
Himachal Pradesh,block,Kangra||Rait,ACCESS-CM2,2005,combined,471364674.2986287,471364674.29862833,471364674.29862833,0.9999999999999992,1.0,0.9999999999999992,4,4,0,meets_screen,0.99,valid_fraction_of_represented
Himachal Pradesh,block,Kangra||Sulah,ACCESS-CM2,2005,combined,102317732.40379879,102317732.40379894,102317732.40379894,1.0000000000000016,1.0,1.0000000000000016,4,4,0,meets_screen,0.99,valid_fraction_of_represented
Himachal Pradesh,block,Kinnaur||Kalpa,ACCESS-CM2,2005,combined,1831733843.4512792,1831733843.4512794,1831733843.4512794,1.0000000000000002,1.0,1.0000000000000002,10,10,0,meets_screen,0.99,valid_fraction_of_represented
Himachal Pradesh,block,Kinnaur||Nichar,ACCESS-CM2,2005,combined,1128770740.8837311,1128770740.8837304,1128770740.8837304,0.9999999999999993,1.0,0.9999999999999993,7,7,0,meets_screen,0.99,valid_fraction_of_represented
Himachal Pradesh,block,Kinnaur||Pooh,ACCESS-CM2,2005,combined,3541825997.1614084,3541825997.161411,3541825997.161411,1.0000000000000007,1.0,1.0000000000000007,14,14,0,meets_screen,0.99,valid_fraction_of_represented
Himachal Pradesh,block,Kullu||Anni,ACCESS-CM2,2005,combined,293270233.9572538,293270233.95725334,293270233.95725334,0.9999999999999983,1.0,0.9999999999999983,4,4,0,meets_screen,0.99,valid_fraction_of_represented
Himachal Pradesh,block,Kullu||Banjar,ACCESS-CM2,2005,combined,1289688645.4098825,1289688645.4098802,1289688645.4098802,0.9999999999999981,1.0,0.9999999999999981,8,8,0,meets_screen,0.99,valid_fraction_of_represented
Himachal Pradesh,block,Kullu||Kullu,ACCESS-CM2,2005,combined,2113375084.6148772,2113375084.6148796,2113375084.6148796,1.000000000000001,1.0,1.000000000000001,8,8,0,meets_screen,0.99,valid_fraction_of_represented
Himachal Pradesh,block,Kullu||Naggar,ACCESS-CM2,2005,combined,1369584134.6749237,1369584134.6749246,1369584134.6749246,1.0000000000000007,1.0,1.0000000000000007,7,7,0,meets_screen,0.99,valid_fraction_of_represented
Himachal Pradesh,block,Kullu||Nirmand,ACCESS-CM2,2005,combined,421410065.239621,421410065.23962116,421410065.23962116,1.0000000000000004,1.0,1.0000000000000004,4,4,0,meets_screen,0.99,valid_fraction_of_represented
Himachal Pradesh,block,Lahul and Spiti||Lahul,ACCESS-CM2,2005,combined,6714424264.3684225,6714424264.368433,6714424264.368433,1.0000000000000016,1.0,1.0000000000000016,23,23,0,meets_screen,0.99,valid_fraction_of_represented
Himachal Pradesh,block,Lahul and Spiti||Spiti,ACCESS-CM2,2005,combined,7243041757.76119,7243041757.761225,7243041757.761225,1.0000000000000047,1.0,1.0000000000000047,21,21,0,meets_screen,0.99,valid_fraction_of_represented
Himachal Pradesh,block,Mandi||Balh,ACCESS-CM2,2005,combined,236767491.86430404,236767491.8643038,236767491.8643038,0.999999999999999,1.0,0.999999999999999,2,2,0,meets_screen,0.99,valid_fraction_of_represented
Himachal Pradesh,block,Mandi||Bali Chowki,ACCESS-CM2,2005,combined,195013923.01758975,195013923.01759,195013923.01759,1.0000000000000013,1.0,1.0000000000000013,2,2,0,meets_screen,0.99,valid_fraction_of_represented
Himachal Pradesh,block,Mandi||Chauntra,ACCESS-CM2,2005,combined,361531868.4028636,361531868.4028643,361531868.4028643,1.0000000000000018,1.0,1.0000000000000018,4,4,0,meets_screen,0.99,valid_fraction_of_represented
Himachal Pradesh,block,Mandi||Dharmpur,ACCESS-CM2,2005,combined,234272195.80595624,234272195.805956,234272195.805956,0.999999999999999,1.0,0.999999999999999,4,4,0,meets_screen,0.99,valid_fraction_of_represented
Himachal Pradesh,block,Mandi||Drang,ACCESS-CM2,2005,combined,411855407.63011163,411855407.63011163,411855407.63011163,1.0,1.0,1.0,3,3,0,meets_screen,0.99,valid_fraction_of_represented
Himachal Pradesh,block,Mandi||Gohar,ACCESS-CM2,2005,combined,241735355.71638238,241735355.71638256,241735355.71638256,1.0000000000000007,1.0,1.0000000000000007,4,4,0,meets_screen,0.99,valid_fraction_of_represented
Himachal Pradesh,block,Mandi||Gopalpur,ACCESS-CM2,2005,combined,264318853.3917518,264318853.39175183,264318853.39175183,1.0000000000000002,1.0,1.0000000000000002,5,5,0,meets_screen,0.99,valid_fraction_of_represented
Himachal Pradesh,block,Mandi||Karsog,ACCESS-CM2,2005,combined,576112582.2909881,576112582.2909889,576112582.2909889,1.0000000000000016,1.0,1.0000000000000016,3,3,0,meets_screen,0.99,valid_fraction_of_represented
Himachal Pradesh,block,Mandi||Mandi Sadar,ACCESS-CM2,2005,combined,595358470.3727835,595358470.3727833,595358470.3727833,0.9999999999999996,1.0,0.9999999999999996,4,4,0,meets_screen,0.99,valid_fraction_of_represented
Himachal Pradesh,block,Mandi||Seraj,ACCESS-CM2,2005,combined,314207109.9006153,314207109.90061504,314207109.90061504,0.9999999999999992,1.0,0.9999999999999992,4,4,0,meets_screen,0.99,valid_fraction_of_represented
Himachal Pradesh,block,Mandi||Sundarnagar,ACCESS-CM2,2005,combined,518759486.7946955,518759486.7946952,518759486.7946952,0.9999999999999994,1.0,0.9999999999999994,3,3,0,meets_screen,0.99,valid_fraction_of_represented
Himachal Pradesh,block,Shimla||Basantpur,ACCESS-CM2,2005,combined,17426251.03414944,17426251.03414944,17426251.03414944,1.0,1.0,1.0,1,1,0,meets_screen,0.99,valid_fraction_of_represented
Himachal Pradesh,block,Shimla||Chauhara,ACCESS-CM2,2005,combined,999851517.6955408,999851517.6955413,999851517.6955413,1.0000000000000004,1.0,1.0000000000000004,7,7,0,meets_screen,0.99,valid_fraction_of_represented
Himachal Pradesh,block,Shimla||Chaupal,ACCESS-CM2,2005,combined,664325508.7473435,664325508.747343,664325508.747343,0.9999999999999991,1.0,0.9999999999999991,6,6,0,meets_screen,0.99,valid_fraction_of_represented
Himachal Pradesh,block,Shimla||Jubbal,ACCESS-CM2,2005,combined,309899444.74054205,309899444.7405424,309899444.7405424,1.000000000000001,1.0,1.000000000000001,3,3,0,meets_screen,0.99,valid_fraction_of_represented
Himachal Pradesh,block,Shimla||Kotkhai,ACCESS-CM2,2005,combined,244154385.72868133,244154385.7286816,244154385.7286816,1.000000000000001,1.0,1.000000000000001,2,2,0,meets_screen,0.99,valid_fraction_of_represented
Himachal Pradesh,block,Shimla||Kupvi,ACCESS-CM2,2005,combined,176674591.70014793,176674591.70014787,176674591.70014787,0.9999999999999997,1.0,0.9999999999999997,2,2,0,meets_screen,0.99,valid_fraction_of_represented
Himachal Pradesh,block,Shimla||Mashobra,ACCESS-CM2,2005,combined,723714228.9567833,723714228.9567833,723714228.9567833,1.0,1.0,1.0,7,7,0,meets_screen,0.99,valid_fraction_of_represented
Himachal Pradesh,block,Shimla||Nankhari,ACCESS-CM2,2005,combined,142504035.5612588,142504035.56125864,142504035.56125864,0.999999999999999,1.0,0.999999999999999,3,3,0,meets_screen,0.99,valid_fraction_of_represented
Himachal Pradesh,block,Shimla||Narkanda,ACCESS-CM2,2005,combined,220146892.5676345,220146892.56763458,220146892.56763458,1.0000000000000004,1.0,1.0000000000000004,4,4,0,meets_screen,0.99,valid_fraction_of_represented
Himachal Pradesh,block,Shimla||Rampur,ACCESS-CM2,2005,combined,845767256.6223258,845767256.622326,845767256.622326,1.0000000000000002,1.0,1.0000000000000002,4,4,0,meets_screen,0.99,valid_fraction_of_represented
Himachal Pradesh,block,Shimla||Rohru,ACCESS-CM2,2005,combined,302367208.3797199,302367208.37971956,302367208.37971956,0.9999999999999988,1.0,0.9999999999999988,4,4,0,meets_screen,0.99,valid_fraction_of_represented
Himachal Pradesh,block,Shimla||Theog,ACCESS-CM2,2005,combined,477897944.9062983,477897944.90629774,477897944.90629774,0.9999999999999989,1.0,0.9999999999999989,5,5,0,meets_screen,0.99,valid_fraction_of_represented
Himachal Pradesh,block,Sirmaur||Nahan,ACCESS-CM2,2005,combined,565123283.8817843,565123283.8817842,565123283.8817842,0.9999999999999998,1.0,0.9999999999999998,4,4,0,meets_screen,0.99,valid_fraction_of_represented
Himachal Pradesh,block,Sirmaur||Pachhad,ACCESS-CM2,2005,combined,390632230.2649409,390632230.26494133,390632230.26494133,1.000000000000001,1.0,1.000000000000001,4,4,0,meets_screen,0.99,valid_fraction_of_represented
Himachal Pradesh,block,Sirmaur||Paonta Sahib,ACCESS-CM2,2005,combined,766947556.5697162,766947556.5697181,766947556.5697181,1.0000000000000024,1.0,1.0000000000000024,6,6,0,meets_screen,0.99,valid_fraction_of_represented
Himachal Pradesh,block,Sirmaur||Rajgarh,ACCESS-CM2,2005,combined,380026349.18129474,380026349.18129396,380026349.18129396,0.999999999999998,1.0,0.999999999999998,4,4,0,meets_screen,0.99,valid_fraction_of_represented
Himachal Pradesh,block,Sirmaur||Sangrah,ACCESS-CM2,2005,combined,480488491.00813305,480488491.00813365,480488491.00813365,1.0000000000000013,1.0,1.0000000000000013,4,4,0,meets_screen,0.99,valid_fraction_of_represented
Himachal Pradesh,block,Sirmaur||Shillai,ACCESS-CM2,2005,combined,243404078.75784922,243404078.757849,243404078.757849,0.9999999999999991,1.0,0.9999999999999991,3,3,0,meets_screen,0.99,valid_fraction_of_represented
Himachal Pradesh,block,Solan||Dharampur,ACCESS-CM2,2005,combined,280059223.38235945,280059223.38235945,280059223.38235945,1.0,1.0,1.0,4,4,0,meets_screen,0.99,valid_fraction_of_represented
Himachal Pradesh,block,Solan||Kandaghat,ACCESS-CM2,2005,combined,227507572.68469033,227507572.68469062,227507572.68469062,1.0000000000000013,1.0,1.0000000000000013,3,3,0,meets_screen,0.99,valid_fraction_of_represented
Himachal Pradesh,block,Solan||Kunihar,ACCESS-CM2,2005,combined,385185272.7477798,385185272.74777997,385185272.74777997,1.0000000000000004,1.0,1.0000000000000004,4,4,0,meets_screen,0.99,valid_fraction_of_represented
Himachal Pradesh,block,Solan||Nalagarh,ACCESS-CM2,2005,combined,783961136.1011642,783961136.1011655,783961136.1011655,1.0000000000000018,1.0,1.0000000000000018,4,4,0,meets_screen,0.99,valid_fraction_of_represented
Himachal Pradesh,block,Solan||Solan,ACCESS-CM2,2005,combined,258983249.1085002,258983249.10850012,258983249.10850012,0.9999999999999997,1.0,0.9999999999999997,4,4,0,meets_screen,0.99,valid_fraction_of_represented
Himachal Pradesh,block,Una||Amb,ACCESS-CM2,2005,combined,332772274.7622034,332772274.7622026,332772274.7622026,0.9999999999999977,1.0,0.9999999999999977,4,4,0,meets_screen,0.99,valid_fraction_of_represented
Himachal Pradesh,block,Una||Bangana,ACCESS-CM2,2005,combined,417556726.4513639,417556726.45136386,417556726.45136386,0.9999999999999999,1.0,0.9999999999999999,3,3,0,meets_screen,0.99,valid_fraction_of_represented
Himachal Pradesh,block,Una||Gagret,ACCESS-CM2,2005,combined,257562053.00638404,257562053.00638306,257562053.00638306,0.9999999999999962,1.0,0.9999999999999962,4,4,0,meets_screen,0.99,valid_fraction_of_represented
Himachal Pradesh,block,Una||Haroli,ACCESS-CM2,2005,combined,308788143.96486676,308788143.96486676,308788143.96486676,1.0,1.0,1.0,3,3,0,meets_screen,0.99,valid_fraction_of_represented
Himachal Pradesh,block,Una||Una,ACCESS-CM2,2005,combined,225956249.92958847,225956249.92958868,225956249.92958868,1.0000000000000009,1.0,1.0000000000000009,4,4,0,meets_screen,0.99,valid_fraction_of_represented
Himachal Pradesh,district,Bilaspur,MRI-ESM2-0,2005,baseline,1165718138.6933107,1165718138.6933064,1165718138.6933064,0.9999999999999963,1.0,0.9999999999999963,7,7,0,meets_screen,0.99,valid_fraction_of_represented
Himachal Pradesh,district,Chamba,MRI-ESM2-0,2005,baseline,6513658468.896824,6513658468.896839,6513658468.896839,1.0000000000000024,1.0,1.0000000000000024,23,23,0,meets_screen,0.99,valid_fraction_of_represented
Himachal Pradesh,district,Hamirpur,MRI-ESM2-0,2005,baseline,1115691482.700033,1115691482.700034,1115691482.700034,1.0000000000000009,1.0,1.0000000000000009,6,6,0,meets_screen,0.99,valid_fraction_of_represented
Himachal Pradesh,district,Kangra,MRI-ESM2-0,2005,baseline,5741000451.160244,5741000451.160234,5741000451.160234,0.9999999999999983,1.0,0.9999999999999983,19,19,0,meets_screen,0.99,valid_fraction_of_represented
Himachal Pradesh,district,Kinnaur,MRI-ESM2-0,2005,baseline,6502330581.496404,6502330581.49642,6502330581.49642,1.0000000000000024,1.0,1.0000000000000024,23,23,0,meets_screen,0.99,valid_fraction_of_represented
Himachal Pradesh,district,Kullu,MRI-ESM2-0,2005,baseline,5487328163.896597,5487328163.89656,5404110442.9436655,0.9999999999999932,0.9848345645699816,0.984834564569975,18,17,1,partial_coverage,0.99,valid_fraction_of_represented
Himachal Pradesh,district,Lahul and Spiti,MRI-ESM2-0,2005,baseline,13957466022.129667,13957466022.129658,8290371936.059051,0.9999999999999993,0.5939740009335942,0.5939740009335938,38,27,11,partial_coverage,0.99,valid_fraction_of_represented
Himachal Pradesh,district,Mandi,MRI-ESM2-0,2005,baseline,3949932745.1880474,3949932745.1880417,3949932745.1880417,0.9999999999999986,1.0,0.9999999999999986,13,13,0,meets_screen,0.99,valid_fraction_of_represented
Himachal Pradesh,district,Shimla,MRI-ESM2-0,2005,baseline,5124729266.640434,5124729266.640426,5124729266.640426,0.9999999999999983,1.0,0.9999999999999983,19,19,0,meets_screen,0.99,valid_fraction_of_represented
Himachal Pradesh,district,Sirmaur,MRI-ESM2-0,2005,baseline,2826621989.663709,2826621989.6637197,2826621989.6637197,1.0000000000000038,1.0,1.0000000000000038,12,12,0,meets_screen,0.99,valid_fraction_of_represented
Himachal Pradesh,district,Solan,MRI-ESM2-0,2005,baseline,1935696454.0244927,1935696454.024496,1935696454.024496,1.0000000000000018,1.0,1.0000000000000018,9,9,0,meets_screen,0.99,valid_fraction_of_represented
Himachal Pradesh,district,Una,MRI-ESM2-0,2005,baseline,1542635448.1144047,1542635448.1144047,1542635448.1144047,1.0,1.0,1.0,7,7,0,meets_screen,0.99,valid_fraction_of_represented
Himachal Pradesh,block,Bilaspur||Bilaspur Sadar,MRI-ESM2-0,2005,baseline,280136006.23538226,280136006.2353821,280136006.2353821,0.9999999999999993,1.0,0.9999999999999993,3,3,0,meets_screen,0.99,valid_fraction_of_represented
Himachal Pradesh,block,Bilaspur||Ghumarwin,MRI-ESM2-0,2005,baseline,286875727.0940388,286875727.0940379,286875727.0940379,0.9999999999999969,1.0,0.9999999999999969,4,4,0,meets_screen,0.99,valid_fraction_of_represented
Himachal Pradesh,block,Bilaspur||Jhandutta,MRI-ESM2-0,2005,baseline,327823576.29459643,327823576.29459685,327823576.29459685,1.0000000000000013,1.0,1.0000000000000013,3,3,0,meets_screen,0.99,valid_fraction_of_represented
Himachal Pradesh,block,Bilaspur||Shree Naina Devi,MRI-ESM2-0,2005,baseline,270882829.06929135,270882829.0692905,270882829.0692905,0.9999999999999969,1.0,0.9999999999999969,5,5,0,meets_screen,0.99,valid_fraction_of_represented
Himachal Pradesh,block,Chamba||Bharmour,MRI-ESM2-0,2005,baseline,1655485650.3297377,1655485650.329739,1655485650.329739,1.0000000000000009,1.0,1.0000000000000009,9,9,0,meets_screen,0.99,valid_fraction_of_represented
Himachal Pradesh,block,Chamba||Bhattiyat,MRI-ESM2-0,2005,baseline,673432904.046608,673432904.0466087,673432904.0466087,1.000000000000001,1.0,1.000000000000001,5,5,0,meets_screen,0.99,valid_fraction_of_represented
Himachal Pradesh,block,Chamba||Chamba,MRI-ESM2-0,2005,baseline,368519564.8275985,368519564.8275989,368519564.8275989,1.000000000000001,1.0,1.000000000000001,3,3,0,meets_screen,0.99,valid_fraction_of_represented
Himachal Pradesh,block,Chamba||Mehla,MRI-ESM2-0,2005,baseline,639687108.5455532,639687108.545553,639687108.545553,0.9999999999999997,1.0,0.9999999999999997,4,4,0,meets_screen,0.99,valid_fraction_of_represented
Himachal Pradesh,block,Chamba||Pangi,MRI-ESM2-0,2005,baseline,1511085204.160126,1511085204.1601264,1511085204.1601264,1.0000000000000002,1.0,1.0000000000000002,8,8,0,meets_screen,0.99,valid_fraction_of_represented
Himachal Pradesh,block,Chamba||Saluni,MRI-ESM2-0,2005,baseline,501777609.8156944,501777609.8156931,501777609.8156931,0.9999999999999973,1.0,0.9999999999999973,4,4,0,meets_screen,0.99,valid_fraction_of_represented
Himachal Pradesh,block,Chamba||Tisa,MRI-ESM2-0,2005,baseline,1163670427.1715212,1163670427.1715193,1163670427.1715193,0.9999999999999983,1.0,0.9999999999999983,6,6,0,meets_screen,0.99,valid_fraction_of_represented
Himachal Pradesh,block,Hamirpur||Bamson,MRI-ESM2-0,2005,baseline,57875403.03530016,57875403.035300106,57875403.035300106,0.9999999999999991,1.0,0.9999999999999991,1,1,0,meets_screen,0.99,valid_fraction_of_represented
Himachal Pradesh,block,Hamirpur||Bhoranj,MRI-ESM2-0,2005,baseline,157790505.49750966,157790505.49750945,157790505.49750945,0.9999999999999987,1.0,0.9999999999999987,1,1,0,meets_screen,0.99,valid_fraction_of_represented
Himachal Pradesh,block,Hamirpur||Bijhri,MRI-ESM2-0,2005,baseline,282401976.49856716,282401976.49856746,282401976.49856746,1.000000000000001,1.0,1.000000000000001,4,4,0,meets_screen,0.99,valid_fraction_of_represented
Himachal Pradesh,block,Hamirpur||Hamirpur,MRI-ESM2-0,2005,baseline,242490022.37086192,242490022.37086207,242490022.37086207,1.0000000000000007,1.0,1.0000000000000007,3,3,0,meets_screen,0.99,valid_fraction_of_represented
Himachal Pradesh,block,Hamirpur||Nadaun,MRI-ESM2-0,2005,baseline,261523714.96790195,261523714.96790192,261523714.96790192,0.9999999999999999,1.0,0.9999999999999999,2,2,0,meets_screen,0.99,valid_fraction_of_represented
Himachal Pradesh,block,Hamirpur||Tira Sujanpur,MRI-ESM2-0,2005,baseline,113609860.32989319,113609860.32989317,113609860.32989317,0.9999999999999999,1.0,0.9999999999999999,4,4,0,meets_screen,0.99,valid_fraction_of_represented
Himachal Pradesh,block,Kangra||Baijnath,MRI-ESM2-0,2005,baseline,1277895250.1485736,1277895250.1485734,1277895250.1485734,0.9999999999999998,1.0,0.9999999999999998,6,6,0,meets_screen,0.99,valid_fraction_of_represented
Himachal Pradesh,block,Kangra||Bhawarna,MRI-ESM2-0,2005,baseline,81204037.88976844,81204037.88976854,81204037.88976854,1.0000000000000013,1.0,1.0000000000000013,2,2,0,meets_screen,0.99,valid_fraction_of_represented
Himachal Pradesh,block,Kangra||Dehra Gopipur,MRI-ESM2-0,2005,baseline,514190023.08510906,514190023.0851095,514190023.0851095,1.0000000000000009,1.0,1.0000000000000009,3,3,0,meets_screen,0.99,valid_fraction_of_represented
Himachal Pradesh,block,Kangra||Dharamshala,MRI-ESM2-0,2005,baseline,69397215.89302382,69397215.89302413,69397215.89302413,1.0000000000000044,1.0,1.0000000000000044,2,2,0,meets_screen,0.99,valid_fraction_of_represented
Himachal Pradesh,block,Kangra||Fatehpur,MRI-ESM2-0,2005,baseline,277848476.9087239,277848476.9087241,277848476.9087241,1.0000000000000009,1.0,1.0000000000000009,3,3,0,meets_screen,0.99,valid_fraction_of_represented
Himachal Pradesh,block,Kangra||Indora,MRI-ESM2-0,2005,baseline,474715335.1168559,474715335.11685604,474715335.11685604,1.0000000000000002,1.0,1.0000000000000002,4,4,0,meets_screen,0.99,valid_fraction_of_represented
Himachal Pradesh,block,Kangra||Kangra,MRI-ESM2-0,2005,baseline,251682395.01794788,251682395.01794842,251682395.01794842,1.0000000000000022,1.0,1.0000000000000022,4,4,0,meets_screen,0.99,valid_fraction_of_represented
Himachal Pradesh,block,Kangra||Lambagaon,MRI-ESM2-0,2005,baseline,248799783.503588,248799783.50358802,248799783.50358802,1.0000000000000002,1.0,1.0000000000000002,3,3,0,meets_screen,0.99,valid_fraction_of_represented
Himachal Pradesh,block,Kangra||Nagrota Bagwan,MRI-ESM2-0,2005,baseline,271109972.0321957,271109972.03219587,271109972.03219587,1.0000000000000007,1.0,1.0000000000000007,3,3,0,meets_screen,0.99,valid_fraction_of_represented
Himachal Pradesh,block,Kangra||Nagrota Surian,MRI-ESM2-0,2005,baseline,550366988.6821353,550366988.6821352,550366988.6821352,0.9999999999999998,1.0,0.9999999999999998,6,6,0,meets_screen,0.99,valid_fraction_of_represented
Himachal Pradesh,block,Kangra||Nurpur,MRI-ESM2-0,2005,baseline,392615145.37395895,392615145.3739581,392615145.3739581,0.9999999999999979,1.0,0.9999999999999979,4,4,0,meets_screen,0.99,valid_fraction_of_represented
Himachal Pradesh,block,Kangra||Panchrukhi,MRI-ESM2-0,2005,baseline,326879455.49382025,326879455.4938202,326879455.4938202,0.9999999999999998,1.0,0.9999999999999998,4,4,0,meets_screen,0.99,valid_fraction_of_represented
Himachal Pradesh,block,Kangra||Pragpur,MRI-ESM2-0,2005,baseline,430613965.3121061,430613965.3121051,430613965.3121051,0.9999999999999978,1.0,0.9999999999999978,5,5,0,meets_screen,0.99,valid_fraction_of_represented
Himachal Pradesh,block,Kangra||Rait,MRI-ESM2-0,2005,baseline,471364674.2986287,471364674.29862833,471364674.29862833,0.9999999999999992,1.0,0.9999999999999992,4,4,0,meets_screen,0.99,valid_fraction_of_represented
Himachal Pradesh,block,Kangra||Sulah,MRI-ESM2-0,2005,baseline,102317732.40379879,102317732.40379894,102317732.40379894,1.0000000000000016,1.0,1.0000000000000016,4,4,0,meets_screen,0.99,valid_fraction_of_represented
Himachal Pradesh,block,Kinnaur||Kalpa,MRI-ESM2-0,2005,baseline,1831733843.4512792,1831733843.4512794,1831733843.4512794,1.0000000000000002,1.0,1.0000000000000002,10,10,0,meets_screen,0.99,valid_fraction_of_represented
Himachal Pradesh,block,Kinnaur||Nichar,MRI-ESM2-0,2005,baseline,1128770740.8837311,1128770740.8837304,1128770740.8837304,0.9999999999999993,1.0,0.9999999999999993,7,7,0,meets_screen,0.99,valid_fraction_of_represented
Himachal Pradesh,block,Kinnaur||Pooh,MRI-ESM2-0,2005,baseline,3541825997.1614084,3541825997.161411,3541825997.161411,1.0000000000000007,1.0,1.0000000000000007,14,14,0,meets_screen,0.99,valid_fraction_of_represented
Himachal Pradesh,block,Kullu||Anni,MRI-ESM2-0,2005,baseline,293270233.9572538,293270233.95725334,293270233.95725334,0.9999999999999983,1.0,0.9999999999999983,4,4,0,meets_screen,0.99,valid_fraction_of_represented
Himachal Pradesh,block,Kullu||Banjar,MRI-ESM2-0,2005,baseline,1289688645.4098825,1289688645.4098802,1289688645.4098802,0.9999999999999981,1.0,0.9999999999999981,8,8,0,meets_screen,0.99,valid_fraction_of_represented
Himachal Pradesh,block,Kullu||Kullu,MRI-ESM2-0,2005,baseline,2113375084.6148772,2113375084.6148796,2113375084.6148796,1.000000000000001,1.0,1.000000000000001,8,8,0,meets_screen,0.99,valid_fraction_of_represented
Himachal Pradesh,block,Kullu||Naggar,MRI-ESM2-0,2005,baseline,1369584134.6749237,1369584134.6749246,1286366413.7220306,1.0000000000000007,0.9392386938151515,0.9392386938151521,7,6,1,partial_coverage,0.99,valid_fraction_of_represented
Himachal Pradesh,block,Kullu||Nirmand,MRI-ESM2-0,2005,baseline,421410065.239621,421410065.23962116,421410065.23962116,1.0000000000000004,1.0,1.0000000000000004,4,4,0,meets_screen,0.99,valid_fraction_of_represented
Himachal Pradesh,block,Lahul and Spiti||Lahul,MRI-ESM2-0,2005,baseline,6714424264.3684225,6714424264.368433,4720580663.474881,1.0000000000000016,0.7030506976637861,0.7030506976637872,23,18,5,partial_coverage,0.99,valid_fraction_of_represented
Himachal Pradesh,block,Lahul and Spiti||Spiti,MRI-ESM2-0,2005,baseline,7243041757.76119,7243041757.761225,3569791272.584168,1.0000000000000047,0.4928580273279504,0.4928580273279528,21,12,9,partial_coverage,0.99,valid_fraction_of_represented
Himachal Pradesh,block,Mandi||Balh,MRI-ESM2-0,2005,baseline,236767491.86430404,236767491.8643038,236767491.8643038,0.999999999999999,1.0,0.999999999999999,2,2,0,meets_screen,0.99,valid_fraction_of_represented
Himachal Pradesh,block,Mandi||Bali Chowki,MRI-ESM2-0,2005,baseline,195013923.01758975,195013923.01759,195013923.01759,1.0000000000000013,1.0,1.0000000000000013,2,2,0,meets_screen,0.99,valid_fraction_of_represented
Himachal Pradesh,block,Mandi||Chauntra,MRI-ESM2-0,2005,baseline,361531868.4028636,361531868.4028643,361531868.4028643,1.0000000000000018,1.0,1.0000000000000018,4,4,0,meets_screen,0.99,valid_fraction_of_represented
Himachal Pradesh,block,Mandi||Dharmpur,MRI-ESM2-0,2005,baseline,234272195.80595624,234272195.805956,234272195.805956,0.999999999999999,1.0,0.999999999999999,4,4,0,meets_screen,0.99,valid_fraction_of_represented
Himachal Pradesh,block,Mandi||Drang,MRI-ESM2-0,2005,baseline,411855407.63011163,411855407.63011163,411855407.63011163,1.0,1.0,1.0,3,3,0,meets_screen,0.99,valid_fraction_of_represented
Himachal Pradesh,block,Mandi||Gohar,MRI-ESM2-0,2005,baseline,241735355.71638238,241735355.71638256,241735355.71638256,1.0000000000000007,1.0,1.0000000000000007,4,4,0,meets_screen,0.99,valid_fraction_of_represented
Himachal Pradesh,block,Mandi||Gopalpur,MRI-ESM2-0,2005,baseline,264318853.3917518,264318853.39175183,264318853.39175183,1.0000000000000002,1.0,1.0000000000000002,5,5,0,meets_screen,0.99,valid_fraction_of_represented
Himachal Pradesh,block,Mandi||Karsog,MRI-ESM2-0,2005,baseline,576112582.2909881,576112582.2909889,576112582.2909889,1.0000000000000016,1.0,1.0000000000000016,3,3,0,meets_screen,0.99,valid_fraction_of_represented
Himachal Pradesh,block,Mandi||Mandi Sadar,MRI-ESM2-0,2005,baseline,595358470.3727835,595358470.3727833,595358470.3727833,0.9999999999999996,1.0,0.9999999999999996,4,4,0,meets_screen,0.99,valid_fraction_of_represented
Himachal Pradesh,block,Mandi||Seraj,MRI-ESM2-0,2005,baseline,314207109.9006153,314207109.90061504,314207109.90061504,0.9999999999999992,1.0,0.9999999999999992,4,4,0,meets_screen,0.99,valid_fraction_of_represented
Himachal Pradesh,block,Mandi||Sundarnagar,MRI-ESM2-0,2005,baseline,518759486.7946955,518759486.7946952,518759486.7946952,0.9999999999999994,1.0,0.9999999999999994,3,3,0,meets_screen,0.99,valid_fraction_of_represented
Himachal Pradesh,block,Shimla||Basantpur,MRI-ESM2-0,2005,baseline,17426251.03414944,17426251.03414944,17426251.03414944,1.0,1.0,1.0,1,1,0,meets_screen,0.99,valid_fraction_of_represented
Himachal Pradesh,block,Shimla||Chauhara,MRI-ESM2-0,2005,baseline,999851517.6955408,999851517.6955413,999851517.6955413,1.0000000000000004,1.0,1.0000000000000004,7,7,0,meets_screen,0.99,valid_fraction_of_represented
Himachal Pradesh,block,Shimla||Chaupal,MRI-ESM2-0,2005,baseline,664325508.7473435,664325508.747343,664325508.747343,0.9999999999999991,1.0,0.9999999999999991,6,6,0,meets_screen,0.99,valid_fraction_of_represented
Himachal Pradesh,block,Shimla||Jubbal,MRI-ESM2-0,2005,baseline,309899444.74054205,309899444.7405424,309899444.7405424,1.000000000000001,1.0,1.000000000000001,3,3,0,meets_screen,0.99,valid_fraction_of_represented
Himachal Pradesh,block,Shimla||Kotkhai,MRI-ESM2-0,2005,baseline,244154385.72868133,244154385.7286816,244154385.7286816,1.000000000000001,1.0,1.000000000000001,2,2,0,meets_screen,0.99,valid_fraction_of_represented
Himachal Pradesh,block,Shimla||Kupvi,MRI-ESM2-0,2005,baseline,176674591.70014793,176674591.70014787,176674591.70014787,0.9999999999999997,1.0,0.9999999999999997,2,2,0,meets_screen,0.99,valid_fraction_of_represented
Himachal Pradesh,block,Shimla||Mashobra,MRI-ESM2-0,2005,baseline,723714228.9567833,723714228.9567833,723714228.9567833,1.0,1.0,1.0,7,7,0,meets_screen,0.99,valid_fraction_of_represented
Himachal Pradesh,block,Shimla||Nankhari,MRI-ESM2-0,2005,baseline,142504035.5612588,142504035.56125864,142504035.56125864,0.999999999999999,1.0,0.999999999999999,3,3,0,meets_screen,0.99,valid_fraction_of_represented
Himachal Pradesh,block,Shimla||Narkanda,MRI-ESM2-0,2005,baseline,220146892.5676345,220146892.56763458,220146892.56763458,1.0000000000000004,1.0,1.0000000000000004,4,4,0,meets_screen,0.99,valid_fraction_of_represented
Himachal Pradesh,block,Shimla||Rampur,MRI-ESM2-0,2005,baseline,845767256.6223258,845767256.622326,845767256.622326,1.0000000000000002,1.0,1.0000000000000002,4,4,0,meets_screen,0.99,valid_fraction_of_represented
Himachal Pradesh,block,Shimla||Rohru,MRI-ESM2-0,2005,baseline,302367208.3797199,302367208.37971956,302367208.37971956,0.9999999999999988,1.0,0.9999999999999988,4,4,0,meets_screen,0.99,valid_fraction_of_represented
Himachal Pradesh,block,Shimla||Theog,MRI-ESM2-0,2005,baseline,477897944.9062983,477897944.90629774,477897944.90629774,0.9999999999999989,1.0,0.9999999999999989,5,5,0,meets_screen,0.99,valid_fraction_of_represented
Himachal Pradesh,block,Sirmaur||Nahan,MRI-ESM2-0,2005,baseline,565123283.8817843,565123283.8817842,565123283.8817842,0.9999999999999998,1.0,0.9999999999999998,4,4,0,meets_screen,0.99,valid_fraction_of_represented
Himachal Pradesh,block,Sirmaur||Pachhad,MRI-ESM2-0,2005,baseline,390632230.2649409,390632230.26494133,390632230.26494133,1.000000000000001,1.0,1.000000000000001,4,4,0,meets_screen,0.99,valid_fraction_of_represented
Himachal Pradesh,block,Sirmaur||Paonta Sahib,MRI-ESM2-0,2005,baseline,766947556.5697162,766947556.5697181,766947556.5697181,1.0000000000000024,1.0,1.0000000000000024,6,6,0,meets_screen,0.99,valid_fraction_of_represented
Himachal Pradesh,block,Sirmaur||Rajgarh,MRI-ESM2-0,2005,baseline,380026349.18129474,380026349.18129396,380026349.18129396,0.999999999999998,1.0,0.999999999999998,4,4,0,meets_screen,0.99,valid_fraction_of_represented
Himachal Pradesh,block,Sirmaur||Sangrah,MRI-ESM2-0,2005,baseline,480488491.00813305,480488491.00813365,480488491.00813365,1.0000000000000013,1.0,1.0000000000000013,4,4,0,meets_screen,0.99,valid_fraction_of_represented
Himachal Pradesh,block,Sirmaur||Shillai,MRI-ESM2-0,2005,baseline,243404078.75784922,243404078.757849,243404078.757849,0.9999999999999991,1.0,0.9999999999999991,3,3,0,meets_screen,0.99,valid_fraction_of_represented
Himachal Pradesh,block,Solan||Dharampur,MRI-ESM2-0,2005,baseline,280059223.38235945,280059223.38235945,280059223.38235945,1.0,1.0,1.0,4,4,0,meets_screen,0.99,valid_fraction_of_represented
Himachal Pradesh,block,Solan||Kandaghat,MRI-ESM2-0,2005,baseline,227507572.68469033,227507572.68469062,227507572.68469062,1.0000000000000013,1.0,1.0000000000000013,3,3,0,meets_screen,0.99,valid_fraction_of_represented
Himachal Pradesh,block,Solan||Kunihar,MRI-ESM2-0,2005,baseline,385185272.7477798,385185272.74777997,385185272.74777997,1.0000000000000004,1.0,1.0000000000000004,4,4,0,meets_screen,0.99,valid_fraction_of_represented
Himachal Pradesh,block,Solan||Nalagarh,MRI-ESM2-0,2005,baseline,783961136.1011642,783961136.1011655,783961136.1011655,1.0000000000000018,1.0,1.0000000000000018,4,4,0,meets_screen,0.99,valid_fraction_of_represented
Himachal Pradesh,block,Solan||Solan,MRI-ESM2-0,2005,baseline,258983249.1085002,258983249.10850012,258983249.10850012,0.9999999999999997,1.0,0.9999999999999997,4,4,0,meets_screen,0.99,valid_fraction_of_represented
Himachal Pradesh,block,Una||Amb,MRI-ESM2-0,2005,baseline,332772274.7622034,332772274.7622026,332772274.7622026,0.9999999999999977,1.0,0.9999999999999977,4,4,0,meets_screen,0.99,valid_fraction_of_represented
Himachal Pradesh,block,Una||Bangana,MRI-ESM2-0,2005,baseline,417556726.4513639,417556726.45136386,417556726.45136386,0.9999999999999999,1.0,0.9999999999999999,3,3,0,meets_screen,0.99,valid_fraction_of_represented
Himachal Pradesh,block,Una||Gagret,MRI-ESM2-0,2005,baseline,257562053.00638404,257562053.00638306,257562053.00638306,0.9999999999999962,1.0,0.9999999999999962,4,4,0,meets_screen,0.99,valid_fraction_of_represented
Himachal Pradesh,block,Una||Haroli,MRI-ESM2-0,2005,baseline,308788143.96486676,308788143.96486676,308788143.96486676,1.0,1.0,1.0,3,3,0,meets_screen,0.99,valid_fraction_of_represented
Himachal Pradesh,block,Una||Una,MRI-ESM2-0,2005,baseline,225956249.92958847,225956249.92958868,225956249.92958868,1.0000000000000009,1.0,1.0000000000000009,4,4,0,meets_screen,0.99,valid_fraction_of_represented
Himachal Pradesh,district,Bilaspur,MRI-ESM2-0,2005,combined,1165718138.6933107,1165718138.6933064,1165718138.6933064,0.9999999999999963,1.0,0.9999999999999963,7,7,0,meets_screen,0.99,valid_fraction_of_represented
Himachal Pradesh,district,Chamba,MRI-ESM2-0,2005,combined,6513658468.896824,6513658468.896839,6513658468.896839,1.0000000000000024,1.0,1.0000000000000024,23,23,0,meets_screen,0.99,valid_fraction_of_represented
Himachal Pradesh,district,Hamirpur,MRI-ESM2-0,2005,combined,1115691482.700033,1115691482.700034,1115691482.700034,1.0000000000000009,1.0,1.0000000000000009,6,6,0,meets_screen,0.99,valid_fraction_of_represented
Himachal Pradesh,district,Kangra,MRI-ESM2-0,2005,combined,5741000451.160244,5741000451.160234,5741000451.160234,0.9999999999999983,1.0,0.9999999999999983,19,19,0,meets_screen,0.99,valid_fraction_of_represented
Himachal Pradesh,district,Kinnaur,MRI-ESM2-0,2005,combined,6502330581.496404,6502330581.49642,6502330581.49642,1.0000000000000024,1.0,1.0000000000000024,23,23,0,meets_screen,0.99,valid_fraction_of_represented
Himachal Pradesh,district,Kullu,MRI-ESM2-0,2005,combined,5487328163.896597,5487328163.89656,5487328163.89656,0.9999999999999932,1.0,0.9999999999999932,18,18,0,meets_screen,0.99,valid_fraction_of_represented
Himachal Pradesh,district,Lahul and Spiti,MRI-ESM2-0,2005,combined,13957466022.129667,13957466022.129658,13957466022.129658,0.9999999999999993,1.0,0.9999999999999993,38,38,0,meets_screen,0.99,valid_fraction_of_represented
Himachal Pradesh,district,Mandi,MRI-ESM2-0,2005,combined,3949932745.1880474,3949932745.1880417,3949932745.1880417,0.9999999999999986,1.0,0.9999999999999986,13,13,0,meets_screen,0.99,valid_fraction_of_represented
Himachal Pradesh,district,Shimla,MRI-ESM2-0,2005,combined,5124729266.640434,5124729266.640426,5124729266.640426,0.9999999999999983,1.0,0.9999999999999983,19,19,0,meets_screen,0.99,valid_fraction_of_represented
Himachal Pradesh,district,Sirmaur,MRI-ESM2-0,2005,combined,2826621989.663709,2826621989.6637197,2826621989.6637197,1.0000000000000038,1.0,1.0000000000000038,12,12,0,meets_screen,0.99,valid_fraction_of_represented
Himachal Pradesh,district,Solan,MRI-ESM2-0,2005,combined,1935696454.0244927,1935696454.024496,1935696454.024496,1.0000000000000018,1.0,1.0000000000000018,9,9,0,meets_screen,0.99,valid_fraction_of_represented
Himachal Pradesh,district,Una,MRI-ESM2-0,2005,combined,1542635448.1144047,1542635448.1144047,1542635448.1144047,1.0,1.0,1.0,7,7,0,meets_screen,0.99,valid_fraction_of_represented
Himachal Pradesh,block,Bilaspur||Bilaspur Sadar,MRI-ESM2-0,2005,combined,280136006.23538226,280136006.2353821,280136006.2353821,0.9999999999999993,1.0,0.9999999999999993,3,3,0,meets_screen,0.99,valid_fraction_of_represented
Himachal Pradesh,block,Bilaspur||Ghumarwin,MRI-ESM2-0,2005,combined,286875727.0940388,286875727.0940379,286875727.0940379,0.9999999999999969,1.0,0.9999999999999969,4,4,0,meets_screen,0.99,valid_fraction_of_represented
Himachal Pradesh,block,Bilaspur||Jhandutta,MRI-ESM2-0,2005,combined,327823576.29459643,327823576.29459685,327823576.29459685,1.0000000000000013,1.0,1.0000000000000013,3,3,0,meets_screen,0.99,valid_fraction_of_represented
Himachal Pradesh,block,Bilaspur||Shree Naina Devi,MRI-ESM2-0,2005,combined,270882829.06929135,270882829.0692905,270882829.0692905,0.9999999999999969,1.0,0.9999999999999969,5,5,0,meets_screen,0.99,valid_fraction_of_represented
Himachal Pradesh,block,Chamba||Bharmour,MRI-ESM2-0,2005,combined,1655485650.3297377,1655485650.329739,1655485650.329739,1.0000000000000009,1.0,1.0000000000000009,9,9,0,meets_screen,0.99,valid_fraction_of_represented
Himachal Pradesh,block,Chamba||Bhattiyat,MRI-ESM2-0,2005,combined,673432904.046608,673432904.0466087,673432904.0466087,1.000000000000001,1.0,1.000000000000001,5,5,0,meets_screen,0.99,valid_fraction_of_represented
Himachal Pradesh,block,Chamba||Chamba,MRI-ESM2-0,2005,combined,368519564.8275985,368519564.8275989,368519564.8275989,1.000000000000001,1.0,1.000000000000001,3,3,0,meets_screen,0.99,valid_fraction_of_represented
Himachal Pradesh,block,Chamba||Mehla,MRI-ESM2-0,2005,combined,639687108.5455532,639687108.545553,639687108.545553,0.9999999999999997,1.0,0.9999999999999997,4,4,0,meets_screen,0.99,valid_fraction_of_represented
Himachal Pradesh,block,Chamba||Pangi,MRI-ESM2-0,2005,combined,1511085204.160126,1511085204.1601264,1511085204.1601264,1.0000000000000002,1.0,1.0000000000000002,8,8,0,meets_screen,0.99,valid_fraction_of_represented
Himachal Pradesh,block,Chamba||Saluni,MRI-ESM2-0,2005,combined,501777609.8156944,501777609.8156931,501777609.8156931,0.9999999999999973,1.0,0.9999999999999973,4,4,0,meets_screen,0.99,valid_fraction_of_represented
Himachal Pradesh,block,Chamba||Tisa,MRI-ESM2-0,2005,combined,1163670427.1715212,1163670427.1715193,1163670427.1715193,0.9999999999999983,1.0,0.9999999999999983,6,6,0,meets_screen,0.99,valid_fraction_of_represented
Himachal Pradesh,block,Hamirpur||Bamson,MRI-ESM2-0,2005,combined,57875403.03530016,57875403.035300106,57875403.035300106,0.9999999999999991,1.0,0.9999999999999991,1,1,0,meets_screen,0.99,valid_fraction_of_represented
Himachal Pradesh,block,Hamirpur||Bhoranj,MRI-ESM2-0,2005,combined,157790505.49750966,157790505.49750945,157790505.49750945,0.9999999999999987,1.0,0.9999999999999987,1,1,0,meets_screen,0.99,valid_fraction_of_represented
Himachal Pradesh,block,Hamirpur||Bijhri,MRI-ESM2-0,2005,combined,282401976.49856716,282401976.49856746,282401976.49856746,1.000000000000001,1.0,1.000000000000001,4,4,0,meets_screen,0.99,valid_fraction_of_represented
Himachal Pradesh,block,Hamirpur||Hamirpur,MRI-ESM2-0,2005,combined,242490022.37086192,242490022.37086207,242490022.37086207,1.0000000000000007,1.0,1.0000000000000007,3,3,0,meets_screen,0.99,valid_fraction_of_represented
Himachal Pradesh,block,Hamirpur||Nadaun,MRI-ESM2-0,2005,combined,261523714.96790195,261523714.96790192,261523714.96790192,0.9999999999999999,1.0,0.9999999999999999,2,2,0,meets_screen,0.99,valid_fraction_of_represented
Himachal Pradesh,block,Hamirpur||Tira Sujanpur,MRI-ESM2-0,2005,combined,113609860.32989319,113609860.32989317,113609860.32989317,0.9999999999999999,1.0,0.9999999999999999,4,4,0,meets_screen,0.99,valid_fraction_of_represented
Himachal Pradesh,block,Kangra||Baijnath,MRI-ESM2-0,2005,combined,1277895250.1485736,1277895250.1485734,1277895250.1485734,0.9999999999999998,1.0,0.9999999999999998,6,6,0,meets_screen,0.99,valid_fraction_of_represented
Himachal Pradesh,block,Kangra||Bhawarna,MRI-ESM2-0,2005,combined,81204037.88976844,81204037.88976854,81204037.88976854,1.0000000000000013,1.0,1.0000000000000013,2,2,0,meets_screen,0.99,valid_fraction_of_represented
Himachal Pradesh,block,Kangra||Dehra Gopipur,MRI-ESM2-0,2005,combined,514190023.08510906,514190023.0851095,514190023.0851095,1.0000000000000009,1.0,1.0000000000000009,3,3,0,meets_screen,0.99,valid_fraction_of_represented
Himachal Pradesh,block,Kangra||Dharamshala,MRI-ESM2-0,2005,combined,69397215.89302382,69397215.89302413,69397215.89302413,1.0000000000000044,1.0,1.0000000000000044,2,2,0,meets_screen,0.99,valid_fraction_of_represented
Himachal Pradesh,block,Kangra||Fatehpur,MRI-ESM2-0,2005,combined,277848476.9087239,277848476.9087241,277848476.9087241,1.0000000000000009,1.0,1.0000000000000009,3,3,0,meets_screen,0.99,valid_fraction_of_represented
Himachal Pradesh,block,Kangra||Indora,MRI-ESM2-0,2005,combined,474715335.1168559,474715335.11685604,474715335.11685604,1.0000000000000002,1.0,1.0000000000000002,4,4,0,meets_screen,0.99,valid_fraction_of_represented
Himachal Pradesh,block,Kangra||Kangra,MRI-ESM2-0,2005,combined,251682395.01794788,251682395.01794842,251682395.01794842,1.0000000000000022,1.0,1.0000000000000022,4,4,0,meets_screen,0.99,valid_fraction_of_represented
Himachal Pradesh,block,Kangra||Lambagaon,MRI-ESM2-0,2005,combined,248799783.503588,248799783.50358802,248799783.50358802,1.0000000000000002,1.0,1.0000000000000002,3,3,0,meets_screen,0.99,valid_fraction_of_represented
Himachal Pradesh,block,Kangra||Nagrota Bagwan,MRI-ESM2-0,2005,combined,271109972.0321957,271109972.03219587,271109972.03219587,1.0000000000000007,1.0,1.0000000000000007,3,3,0,meets_screen,0.99,valid_fraction_of_represented
Himachal Pradesh,block,Kangra||Nagrota Surian,MRI-ESM2-0,2005,combined,550366988.6821353,550366988.6821352,550366988.6821352,0.9999999999999998,1.0,0.9999999999999998,6,6,0,meets_screen,0.99,valid_fraction_of_represented
Himachal Pradesh,block,Kangra||Nurpur,MRI-ESM2-0,2005,combined,392615145.37395895,392615145.3739581,392615145.3739581,0.9999999999999979,1.0,0.9999999999999979,4,4,0,meets_screen,0.99,valid_fraction_of_represented
Himachal Pradesh,block,Kangra||Panchrukhi,MRI-ESM2-0,2005,combined,326879455.49382025,326879455.4938202,326879455.4938202,0.9999999999999998,1.0,0.9999999999999998,4,4,0,meets_screen,0.99,valid_fraction_of_represented
Himachal Pradesh,block,Kangra||Pragpur,MRI-ESM2-0,2005,combined,430613965.3121061,430613965.3121051,430613965.3121051,0.9999999999999978,1.0,0.9999999999999978,5,5,0,meets_screen,0.99,valid_fraction_of_represented
Himachal Pradesh,block,Kangra||Rait,MRI-ESM2-0,2005,combined,471364674.2986287,471364674.29862833,471364674.29862833,0.9999999999999992,1.0,0.9999999999999992,4,4,0,meets_screen,0.99,valid_fraction_of_represented
Himachal Pradesh,block,Kangra||Sulah,MRI-ESM2-0,2005,combined,102317732.40379879,102317732.40379894,102317732.40379894,1.0000000000000016,1.0,1.0000000000000016,4,4,0,meets_screen,0.99,valid_fraction_of_represented
Himachal Pradesh,block,Kinnaur||Kalpa,MRI-ESM2-0,2005,combined,1831733843.4512792,1831733843.4512794,1831733843.4512794,1.0000000000000002,1.0,1.0000000000000002,10,10,0,meets_screen,0.99,valid_fraction_of_represented
Himachal Pradesh,block,Kinnaur||Nichar,MRI-ESM2-0,2005,combined,1128770740.8837311,1128770740.8837304,1128770740.8837304,0.9999999999999993,1.0,0.9999999999999993,7,7,0,meets_screen,0.99,valid_fraction_of_represented
Himachal Pradesh,block,Kinnaur||Pooh,MRI-ESM2-0,2005,combined,3541825997.1614084,3541825997.161411,3541825997.161411,1.0000000000000007,1.0,1.0000000000000007,14,14,0,meets_screen,0.99,valid_fraction_of_represented
Himachal Pradesh,block,Kullu||Anni,MRI-ESM2-0,2005,combined,293270233.9572538,293270233.95725334,293270233.95725334,0.9999999999999983,1.0,0.9999999999999983,4,4,0,meets_screen,0.99,valid_fraction_of_represented
Himachal Pradesh,block,Kullu||Banjar,MRI-ESM2-0,2005,combined,1289688645.4098825,1289688645.4098802,1289688645.4098802,0.9999999999999981,1.0,0.9999999999999981,8,8,0,meets_screen,0.99,valid_fraction_of_represented
Himachal Pradesh,block,Kullu||Kullu,MRI-ESM2-0,2005,combined,2113375084.6148772,2113375084.6148796,2113375084.6148796,1.000000000000001,1.0,1.000000000000001,8,8,0,meets_screen,0.99,valid_fraction_of_represented
Himachal Pradesh,block,Kullu||Naggar,MRI-ESM2-0,2005,combined,1369584134.6749237,1369584134.6749246,1369584134.6749246,1.0000000000000007,1.0,1.0000000000000007,7,7,0,meets_screen,0.99,valid_fraction_of_represented
Himachal Pradesh,block,Kullu||Nirmand,MRI-ESM2-0,2005,combined,421410065.239621,421410065.23962116,421410065.23962116,1.0000000000000004,1.0,1.0000000000000004,4,4,0,meets_screen,0.99,valid_fraction_of_represented
Himachal Pradesh,block,Lahul and Spiti||Lahul,MRI-ESM2-0,2005,combined,6714424264.3684225,6714424264.368433,6714424264.368433,1.0000000000000016,1.0,1.0000000000000016,23,23,0,meets_screen,0.99,valid_fraction_of_represented
Himachal Pradesh,block,Lahul and Spiti||Spiti,MRI-ESM2-0,2005,combined,7243041757.76119,7243041757.761225,7243041757.761225,1.0000000000000047,1.0,1.0000000000000047,21,21,0,meets_screen,0.99,valid_fraction_of_represented
Himachal Pradesh,block,Mandi||Balh,MRI-ESM2-0,2005,combined,236767491.86430404,236767491.8643038,236767491.8643038,0.999999999999999,1.0,0.999999999999999,2,2,0,meets_screen,0.99,valid_fraction_of_represented
Himachal Pradesh,block,Mandi||Bali Chowki,MRI-ESM2-0,2005,combined,195013923.01758975,195013923.01759,195013923.01759,1.0000000000000013,1.0,1.0000000000000013,2,2,0,meets_screen,0.99,valid_fraction_of_represented
Himachal Pradesh,block,Mandi||Chauntra,MRI-ESM2-0,2005,combined,361531868.4028636,361531868.4028643,361531868.4028643,1.0000000000000018,1.0,1.0000000000000018,4,4,0,meets_screen,0.99,valid_fraction_of_represented
Himachal Pradesh,block,Mandi||Dharmpur,MRI-ESM2-0,2005,combined,234272195.80595624,234272195.805956,234272195.805956,0.999999999999999,1.0,0.999999999999999,4,4,0,meets_screen,0.99,valid_fraction_of_represented
Himachal Pradesh,block,Mandi||Drang,MRI-ESM2-0,2005,combined,411855407.63011163,411855407.63011163,411855407.63011163,1.0,1.0,1.0,3,3,0,meets_screen,0.99,valid_fraction_of_represented
Himachal Pradesh,block,Mandi||Gohar,MRI-ESM2-0,2005,combined,241735355.71638238,241735355.71638256,241735355.71638256,1.0000000000000007,1.0,1.0000000000000007,4,4,0,meets_screen,0.99,valid_fraction_of_represented
Himachal Pradesh,block,Mandi||Gopalpur,MRI-ESM2-0,2005,combined,264318853.3917518,264318853.39175183,264318853.39175183,1.0000000000000002,1.0,1.0000000000000002,5,5,0,meets_screen,0.99,valid_fraction_of_represented
Himachal Pradesh,block,Mandi||Karsog,MRI-ESM2-0,2005,combined,576112582.2909881,576112582.2909889,576112582.2909889,1.0000000000000016,1.0,1.0000000000000016,3,3,0,meets_screen,0.99,valid_fraction_of_represented
Himachal Pradesh,block,Mandi||Mandi Sadar,MRI-ESM2-0,2005,combined,595358470.3727835,595358470.3727833,595358470.3727833,0.9999999999999996,1.0,0.9999999999999996,4,4,0,meets_screen,0.99,valid_fraction_of_represented
Himachal Pradesh,block,Mandi||Seraj,MRI-ESM2-0,2005,combined,314207109.9006153,314207109.90061504,314207109.90061504,0.9999999999999992,1.0,0.9999999999999992,4,4,0,meets_screen,0.99,valid_fraction_of_represented
Himachal Pradesh,block,Mandi||Sundarnagar,MRI-ESM2-0,2005,combined,518759486.7946955,518759486.7946952,518759486.7946952,0.9999999999999994,1.0,0.9999999999999994,3,3,0,meets_screen,0.99,valid_fraction_of_represented
Himachal Pradesh,block,Shimla||Basantpur,MRI-ESM2-0,2005,combined,17426251.03414944,17426251.03414944,17426251.03414944,1.0,1.0,1.0,1,1,0,meets_screen,0.99,valid_fraction_of_represented
Himachal Pradesh,block,Shimla||Chauhara,MRI-ESM2-0,2005,combined,999851517.6955408,999851517.6955413,999851517.6955413,1.0000000000000004,1.0,1.0000000000000004,7,7,0,meets_screen,0.99,valid_fraction_of_represented
Himachal Pradesh,block,Shimla||Chaupal,MRI-ESM2-0,2005,combined,664325508.7473435,664325508.747343,664325508.747343,0.9999999999999991,1.0,0.9999999999999991,6,6,0,meets_screen,0.99,valid_fraction_of_represented
Himachal Pradesh,block,Shimla||Jubbal,MRI-ESM2-0,2005,combined,309899444.74054205,309899444.7405424,309899444.7405424,1.000000000000001,1.0,1.000000000000001,3,3,0,meets_screen,0.99,valid_fraction_of_represented
Himachal Pradesh,block,Shimla||Kotkhai,MRI-ESM2-0,2005,combined,244154385.72868133,244154385.7286816,244154385.7286816,1.000000000000001,1.0,1.000000000000001,2,2,0,meets_screen,0.99,valid_fraction_of_represented
Himachal Pradesh,block,Shimla||Kupvi,MRI-ESM2-0,2005,combined,176674591.70014793,176674591.70014787,176674591.70014787,0.9999999999999997,1.0,0.9999999999999997,2,2,0,meets_screen,0.99,valid_fraction_of_represented
Himachal Pradesh,block,Shimla||Mashobra,MRI-ESM2-0,2005,combined,723714228.9567833,723714228.9567833,723714228.9567833,1.0,1.0,1.0,7,7,0,meets_screen,0.99,valid_fraction_of_represented
Himachal Pradesh,block,Shimla||Nankhari,MRI-ESM2-0,2005,combined,142504035.5612588,142504035.56125864,142504035.56125864,0.999999999999999,1.0,0.999999999999999,3,3,0,meets_screen,0.99,valid_fraction_of_represented
Himachal Pradesh,block,Shimla||Narkanda,MRI-ESM2-0,2005,combined,220146892.5676345,220146892.56763458,220146892.56763458,1.0000000000000004,1.0,1.0000000000000004,4,4,0,meets_screen,0.99,valid_fraction_of_represented
Himachal Pradesh,block,Shimla||Rampur,MRI-ESM2-0,2005,combined,845767256.6223258,845767256.622326,845767256.622326,1.0000000000000002,1.0,1.0000000000000002,4,4,0,meets_screen,0.99,valid_fraction_of_represented
Himachal Pradesh,block,Shimla||Rohru,MRI-ESM2-0,2005,combined,302367208.3797199,302367208.37971956,302367208.37971956,0.9999999999999988,1.0,0.9999999999999988,4,4,0,meets_screen,0.99,valid_fraction_of_represented
Himachal Pradesh,block,Shimla||Theog,MRI-ESM2-0,2005,combined,477897944.9062983,477897944.90629774,477897944.90629774,0.9999999999999989,1.0,0.9999999999999989,5,5,0,meets_screen,0.99,valid_fraction_of_represented
Himachal Pradesh,block,Sirmaur||Nahan,MRI-ESM2-0,2005,combined,565123283.8817843,565123283.8817842,565123283.8817842,0.9999999999999998,1.0,0.9999999999999998,4,4,0,meets_screen,0.99,valid_fraction_of_represented
Himachal Pradesh,block,Sirmaur||Pachhad,MRI-ESM2-0,2005,combined,390632230.2649409,390632230.26494133,390632230.26494133,1.000000000000001,1.0,1.000000000000001,4,4,0,meets_screen,0.99,valid_fraction_of_represented
Himachal Pradesh,block,Sirmaur||Paonta Sahib,MRI-ESM2-0,2005,combined,766947556.5697162,766947556.5697181,766947556.5697181,1.0000000000000024,1.0,1.0000000000000024,6,6,0,meets_screen,0.99,valid_fraction_of_represented
Himachal Pradesh,block,Sirmaur||Rajgarh,MRI-ESM2-0,2005,combined,380026349.18129474,380026349.18129396,380026349.18129396,0.999999999999998,1.0,0.999999999999998,4,4,0,meets_screen,0.99,valid_fraction_of_represented
Himachal Pradesh,block,Sirmaur||Sangrah,MRI-ESM2-0,2005,combined,480488491.00813305,480488491.00813365,480488491.00813365,1.0000000000000013,1.0,1.0000000000000013,4,4,0,meets_screen,0.99,valid_fraction_of_represented
Himachal Pradesh,block,Sirmaur||Shillai,MRI-ESM2-0,2005,combined,243404078.75784922,243404078.757849,243404078.757849,0.9999999999999991,1.0,0.9999999999999991,3,3,0,meets_screen,0.99,valid_fraction_of_represented
Himachal Pradesh,block,Solan||Dharampur,MRI-ESM2-0,2005,combined,280059223.38235945,280059223.38235945,280059223.38235945,1.0,1.0,1.0,4,4,0,meets_screen,0.99,valid_fraction_of_represented
Himachal Pradesh,block,Solan||Kandaghat,MRI-ESM2-0,2005,combined,227507572.68469033,227507572.68469062,227507572.68469062,1.0000000000000013,1.0,1.0000000000000013,3,3,0,meets_screen,0.99,valid_fraction_of_represented
Himachal Pradesh,block,Solan||Kunihar,MRI-ESM2-0,2005,combined,385185272.7477798,385185272.74777997,385185272.74777997,1.0000000000000004,1.0,1.0000000000000004,4,4,0,meets_screen,0.99,valid_fraction_of_represented
Himachal Pradesh,block,Solan||Nalagarh,MRI-ESM2-0,2005,combined,783961136.1011642,783961136.1011655,783961136.1011655,1.0000000000000018,1.0,1.0000000000000018,4,4,0,meets_screen,0.99,valid_fraction_of_represented
Himachal Pradesh,block,Solan||Solan,MRI-ESM2-0,2005,combined,258983249.1085002,258983249.10850012,258983249.10850012,0.9999999999999997,1.0,0.9999999999999997,4,4,0,meets_screen,0.99,valid_fraction_of_represented
Himachal Pradesh,block,Una||Amb,MRI-ESM2-0,2005,combined,332772274.7622034,332772274.7622026,332772274.7622026,0.9999999999999977,1.0,0.9999999999999977,4,4,0,meets_screen,0.99,valid_fraction_of_represented
Himachal Pradesh,block,Una||Bangana,MRI-ESM2-0,2005,combined,417556726.4513639,417556726.45136386,417556726.45136386,0.9999999999999999,1.0,0.9999999999999999,3,3,0,meets_screen,0.99,valid_fraction_of_represented
Himachal Pradesh,block,Una||Gagret,MRI-ESM2-0,2005,combined,257562053.00638404,257562053.00638306,257562053.00638306,0.9999999999999962,1.0,0.9999999999999962,4,4,0,meets_screen,0.99,valid_fraction_of_represented
Himachal Pradesh,block,Una||Haroli,MRI-ESM2-0,2005,combined,308788143.96486676,308788143.96486676,308788143.96486676,1.0,1.0,1.0,3,3,0,meets_screen,0.99,valid_fraction_of_represented
Himachal Pradesh,block,Una||Una,MRI-ESM2-0,2005,combined,225956249.92958847,225956249.92958868,225956249.92958868,1.0000000000000009,1.0,1.0000000000000009,4,4,0,meets_screen,0.99,valid_fraction_of_represented
