level,district,block,slug,value_region_first,value_unit_series,coverage,regions,period_x,irt_shade_peak_v1,period_y,diff_region_first,diff_unit_series
block,Alappuzha,Ambalappuzha,annual_mean,27.88867367549702,27.88867367549702,1.000000015840869,4,1990-2010,27.522992815290177,1990-2010,0.36568086020684376,0.36568086020684376
block,Alappuzha,Ambalappuzha,days_ge_28,156.60101017123708,156.42857142857142,1.000000015840869,4,1990-2010,104.0952380952381,1990-2010,52.505772075998976,52.333333333333314
block,Alappuzha,Ambalappuzha,days_ge_30,20.2576908813429,20.09523809523809,1.000000015840869,4,1990-2010,14.333333333333334,1990-2010,5.924357548009565,5.761904761904757
block,Alappuzha,Ambalappuzha,days_ge_32,0.0,0.0,1.000000015840869,4,1990-2010,0.238095238095238,1990-2010,-0.238095238095238,-0.238095238095238
block,Alappuzha,Aryad,annual_mean,27.8811191331528,27.8811191331528,0.6936618512946534,5,1990-2010,27.65992603713344,1990-2010,0.2211930960193591,0.2211930960193591
block,Alappuzha,Aryad,days_ge_28,152.66565939551865,152.61904761904762,0.6936618512946534,5,1990-2010,118.73559847081904,1990-2010,33.9300609246996,33.88344914822858
block,Alappuzha,Aryad,days_ge_30,17.532894033083068,17.571428571428573,0.6936618512946534,5,1990-2010,18.0285041629528,1990-2010,-0.49561012986973196,-0.4570755915242266
block,Alappuzha,Aryad,days_ge_32,0.0,0.0,0.6936618512946534,5,1990-2010,0.3316438666931992,1990-2010,-0.3316438666931992,-0.3316438666931992
block,Alappuzha,Bharanicavu,annual_mean,27.786443206201994,27.786443206201994,1.0000000000000002,6,1990-2010,26.896525337582545,1990-2010,0.8899178686194489,0.8899178686194489
block,Alappuzha,Bharanicavu,days_ge_28,153.29256873477863,152.47619047619048,1.0000000000000002,6,1990-2010,53.61904761904762,1990-2010,99.673521115731,98.85714285714286
block,Alappuzha,Bharanicavu,days_ge_30,27.486428056328144,27.33333333333333,1.0000000000000002,6,1990-2010,1.4285714285714286,1990-2010,26.057856627756717,25.9047619047619
block,Alappuzha,Bharanicavu,days_ge_32,0.0,0.0,1.0000000000000002,6,1990-2010,0.0,1990-2010,0.0,0.0
block,Alappuzha,Champakulam,annual_mean,27.86551396738076,27.86551396738076,0.9828327385046806,4,1990-2010,27.5414935747585,1990-2010,0.3240203926222591,0.3240203926222591
block,Alappuzha,Champakulam,days_ge_28,158.21150687894755,158.1904761904762,0.9828327385046806,4,1990-2010,106.1803105338245,1990-2010,52.03119634512305,52.01016565665171
block,Alappuzha,Champakulam,days_ge_30,23.515452037060573,23.476190476190474,0.9828327385046806,4,1990-2010,14.809473547517907,1990-2010,8.705978489542666,8.666716928672567
block,Alappuzha,Champakulam,days_ge_32,0.0,0.0,0.9828327385046806,4,1990-2010,0.2492596027066317,1990-2010,-0.2492596027066317,-0.2492596027066317
block,Alappuzha,Chengannur,annual_mean,27.70948747786124,27.70948747786124,0.9999996694297356,5,1990-2010,27.22138358221009,1990-2010,0.4881038956511503,0.4881038956511503
block,Alappuzha,Chengannur,days_ge_28,150.79021428374955,148.23809523809524,0.9999996694297356,5,1990-2010,76.3698679930431,1990-2010,74.42034629070645,71.86822724505214
block,Alappuzha,Chengannur,days_ge_30,27.36437841699713,27.142857142857142,0.9999996694297356,5,1990-2010,5.799847327342692,1990-2010,21.564531089654437,21.34300981551445
block,Alappuzha,Chengannur,days_ge_32,0.0,0.0,0.9999996694297356,5,1990-2010,0.0018331018151696,1990-2010,-0.0018331018151696,-0.0018331018151696
block,Alappuzha,Harippad,annual_mean,27.874264844045744,27.874264844045744,1.000000001055519,6,1990-2010,27.48614294154051,1990-2010,0.38812190250523315,0.38812190250523315
block,Alappuzha,Harippad,days_ge_28,160.87243295875624,159.66666666666666,1.000000001055519,6,1990-2010,101.59953432043108,1990-2010,59.27289863832516,58.06713234623558
block,Alappuzha,Harippad,days_ge_30,26.449764072438423,26.33333333333333,1.000000001055519,6,1990-2010,13.709887395197551,1990-2010,12.739876677240872,12.623445938135777
block,Alappuzha,Harippad,days_ge_32,0.0,0.0,1.000000001055519,6,1990-2010,0.2264682830715421,1990-2010,-0.2264682830715421,-0.2264682830715421
block,Alappuzha,Kanjikkuzhy,annual_mean,27.897277844164154,27.897277844164154,0.8395784638437349,3,1990-2010,27.66239901951381,1990-2010,0.2348788246503446,0.2348788246503446
block,Alappuzha,Kanjikkuzhy,days_ge_28,153.98833065141588,153.52380952380952,0.8395784638437349,3,1990-2010,119.0,1990-2010,34.98833065141588,34.52380952380952
block,Alappuzha,Kanjikkuzhy,days_ge_30,18.729909456608198,18.52380952380953,0.8395784638437349,3,1990-2010,18.09523809523809,1990-2010,0.6346713613701063,0.4285714285714377
block,Alappuzha,Kanjikkuzhy,days_ge_32,0.0,0.0,0.8395784638437349,3,1990-2010,0.3333333333333333,1990-2010,-0.3333333333333333,-0.3333333333333333
block,Alappuzha,Mavelikkara,annual_mean,27.836320956378856,27.836320956378856,0.9999998425499016,5,1990-2010,27.029149473293494,1990-2010,0.8071714830853622,0.8071714830853622
block,Alappuzha,Mavelikkara,days_ge_28,155.33046875874587,155.0,0.9999998425499016,5,1990-2010,63.05396467432127,1990-2010,92.2765040844246,91.94603532567874
block,Alappuzha,Mavelikkara,days_ge_30,26.13036603628821,25.952380952380956,0.9999998425499016,5,1990-2010,3.2892226412426147,1990-2010,22.841143395045595,22.663158311138343
block,Alappuzha,Mavelikkara,days_ge_32,0.0,0.0,0.9999998425499016,5,1990-2010,0.0041363186266352,1990-2010,-0.0041363186266352,-0.0041363186266352
block,Alappuzha,Muthukulam,annual_mean,27.849139006412877,27.849139006412877,0.9999999999999986,3,1990-2010,26.78543658704908,1990-2010,1.0637024193637963,1.0637024193637963
block,Alappuzha,Muthukulam,days_ge_28,155.76600247591554,155.38095238095238,0.9999999999999986,3,1990-2010,52.68229167417677,1990-2010,103.08371080173877,102.69866070677561
block,Alappuzha,Muthukulam,days_ge_30,25.34121913335761,25.0,0.9999999999999986,3,1990-2010,1.5430061136280004,1990-2010,23.79821301972961,23.456993886372
block,Alappuzha,Muthukulam,days_ge_32,0.0,0.0,0.9999999999999986,3,1990-2010,0.0063545423037141,1990-2010,-0.0063545423037141,-0.0063545423037141
block,Alappuzha,Pattanakkad,annual_mean,27.967669059323384,27.967669059323384,0.9114061705938832,3,1990-2010,27.67133770184844,1990-2010,0.2963313574749442,0.2963313574749442
block,Alappuzha,Pattanakkad,days_ge_28,161.0694393297951,161.38095238095238,0.9114061705938832,3,1990-2010,120.18236595357963,1990-2010,40.88707337621547,41.198586427372746
block,Alappuzha,Pattanakkad,days_ge_30,27.50302678733545,26.476190476190474,0.9114061705938832,3,1990-2010,18.459043004031837,1990-2010,9.043983783303613,8.017147472158637
block,Alappuzha,Pattanakkad,days_ge_32,0.0166357149760582,0.0,0.9114061705938832,3,1990-2010,0.3333333333333333,1990-2010,-0.3166976183572751,-0.3333333333333333
block,Alappuzha,Thycattussery,annual_mean,27.94567976502864,27.94567976502864,0.5479903948421566,4,1990-2010,27.673366399467984,1990-2010,0.272313365560656,0.272313365560656
block,Alappuzha,Thycattussery,days_ge_28,160.39749866997255,160.76190476190476,0.5479903948421566,4,1990-2010,120.45071232787404,1990-2010,39.946786342098505,40.311192434030716
block,Alappuzha,Thycattussery,days_ge_30,28.668479243669065,27.952380952380956,0.5479903948421566,4,1990-2010,18.541611119199334,1990-2010,10.12686812446973,9.410769833181622
block,Alappuzha,Thycattussery,days_ge_32,0.0113798936329721,0.0,0.5479903948421566,4,1990-2010,0.3333333333333333,1990-2010,-0.3219534397003612,-0.3333333333333333
block,Alappuzha,Veliyanad,annual_mean,27.77666395016634,27.77666395016634,0.9607054733690884,5,1990-2010,27.54280813439337,1990-2010,0.23385581577297287,0.23385581577297287
block,Alappuzha,Veliyanad,days_ge_28,153.0370533358599,152.38095238095238,0.9607054733690884,5,1990-2010,106.4629128059354,1990-2010,46.57414052992449,45.91803957501698
block,Alappuzha,Veliyanad,days_ge_30,24.685284694707505,24.52380952380953,0.9607054733690884,5,1990-2010,14.813572797996752,1990-2010,9.871711896710753,9.710236725812777
block,Alappuzha,Veliyanad,days_ge_32,0.0,0.0,0.9607054733690884,5,1990-2010,0.2479822698444946,1990-2010,-0.2479822698444946,-0.2479822698444946
block,Ernakulam,Alangad,annual_mean,28.046780403731304,28.046780403731304,0.9999999999358788,5,1990-2010,27.575382472601525,1990-2010,0.4713979311297791,0.4713979311297791
block,Ernakulam,Alangad,days_ge_28,170.33889066500765,170.38095238095238,0.9999999999358788,5,1990-2010,112.33015973556638,1990-2010,58.00873092944127,58.050792645386
block,Ernakulam,Alangad,days_ge_30,41.38997322632264,41.42857142857143,0.9999999999358788,5,1990-2010,15.369852329668028,1990-2010,26.02012089665461,26.058719098903403
block,Ernakulam,Alangad,days_ge_32,0.0494535666389668,0.0476190476190476,0.9999999999358788,5,1990-2010,0.4282741057691691,1990-2010,-0.3788205391302023,-0.38065505815012146
block,Ernakulam,Angamali,annual_mean,27.48568539330541,27.48568539330541,0.9999999999999996,5,1990-2010,27.05690302033795,1990-2010,0.42878237296746136,0.42878237296746136
block,Ernakulam,Angamali,days_ge_28,145.24403084347924,127.76190476190476,0.9999999999999996,5,1990-2010,90.80549663730764,1990-2010,54.438534206171596,36.95640812459712
block,Ernakulam,Angamali,days_ge_30,37.03297636158212,24.142857142857142,0.9999999999999996,5,1990-2010,11.67582784336249,1990-2010,25.35714851821963,12.467029299494653
block,Ernakulam,Angamali,days_ge_32,0.1110910964595292,0.0,0.9999999999999996,5,1990-2010,0.3325450251643349,1990-2010,-0.22145392870480568,-0.3325450251643349
block,Ernakulam,Edappally,annual_mean,28.04418269185878,28.04418269185878,1.0000000307629384,5,1990-2010,27.572771939699194,1990-2010,0.47141075215958494,0.47141075215958494
block,Ernakulam,Edappally,days_ge_28,170.19615574446266,170.14285714285714,1.0000000307629384,5,1990-2010,112.4602966802588,1990-2010,57.73585906420385,57.68256046259833
block,Ernakulam,Edappally,days_ge_30,41.05251603139319,41.04761904761905,1.0000000307629384,5,1990-2010,15.662084672249266,1990-2010,25.390431359143925,25.385534375369787
block,Ernakulam,Edappally,days_ge_32,0.0483886165015038,0.0476190476190476,1.0000000307629384,5,1990-2010,0.4023770326209036,1990-2010,-0.3539884161193998,-0.35475798500185596
block,Ernakulam,Koovappady,annual_mean,27.437787155244752,27.437787155244752,1.000000007771568,6,1990-2010,27.59985823739853,1990-2010,-0.1620710821537763,-0.1620710821537763
block,Ernakulam,Koovappady,days_ge_28,138.9508228755329,126.14285714285714,1.000000007771568,6,1990-2010,116.52323418819012,1990-2010,22.42758868734279,9.619622954667022
block,Ernakulam,Koovappady,days_ge_30,31.85473926694255,22.33333333333333,1.000000007771568,6,1990-2010,15.661785045849854,1990-2010,16.192954221092695,6.671548287483475
block,Ernakulam,Koovappady,days_ge_32,0.0510225821506195,0.0,1.000000007771568,6,1990-2010,0.4285714285714285,1990-2010,-0.377548846420809,-0.4285714285714285
block,Ernakulam,Kothamangalam,annual_mean,23.741025293209663,23.741025293209663,1.0039498162118603,8,1990-2010,25.907528348166828,1990-2010,-2.1665030549571647,-2.1665030549571647
block,Ernakulam,Kothamangalam,days_ge_28,29.3370983226054,1.809523809523809,1.0039498162118603,8,1990-2010,56.47175577409436,1990-2010,-27.134657451488962,-54.66223196457055
block,Ernakulam,Kothamangalam,days_ge_30,4.994736795551255,0.0,1.0039498162118603,8,1990-2010,7.051575968805606,1990-2010,-2.0568391732543514,-7.051575968805606
block,Ernakulam,Kothamangalam,days_ge_32,0.0100964043071275,0.0,1.0039498162118603,8,1990-2010,0.187609456211508,1990-2010,-0.17751305190438052,-0.187609456211508
block,Ernakulam,Mulanthuruthy,annual_mean,27.874463641097783,27.874463641097783,0.9984103104567458,5,1990-2010,27.67559977877956,1990-2010,0.19886386231822328,0.19886386231822328
block,Ernakulam,Mulanthuruthy,days_ge_28,157.95080237268027,156.28571428571428,0.9984103104567458,5,1990-2010,120.78622621307466,1990-2010,37.164576159605616,35.49948807263962
block,Ernakulam,Mulanthuruthy,days_ge_30,33.88926125366489,32.42857142857143,0.9984103104567458,5,1990-2010,18.639176506887416,1990-2010,15.250084746777475,13.789394921684014
block,Ernakulam,Mulanthuruthy,days_ge_32,0.0278231027695821,0.0,0.9984103104567458,5,1990-2010,0.3341301495588188,1990-2010,-0.3063070467892367,-0.3341301495588188
block,Ernakulam,Muvattupuzha,annual_mean,26.95421948163326,26.95421948163326,0.9999999846561802,6,1990-2010,27.504532849247795,1990-2010,-0.5503133676145353,-0.5503133676145353
block,Ernakulam,Muvattupuzha,days_ge_28,105.0708763605996,100.9047619047619,0.9999999846561802,6,1990-2010,104.97893563317444,1990-2010,0.09194072742515402,-4.074173728412546
block,Ernakulam,Muvattupuzha,days_ge_30,16.278630891277334,13.857142857142858,0.9999999846561802,6,1990-2010,12.820399257350797,1990-2010,3.4582316339265375,1.0367435997920609
block,Ernakulam,Muvattupuzha,days_ge_32,0.0008047637801574,0.0,0.9999999846561802,6,1990-2010,0.193250988207111,1990-2010,-0.1924462244269536,-0.193250988207111
block,Ernakulam,Palluruthy,annual_mean,28.03022302674471,28.030223026744714,0.9999856564254348,3,1990-2010,27.653811383115105,1990-2010,0.37641164362960566,0.3764116436296092
block,Ernakulam,Palluruthy,days_ge_28,168.39849871063382,168.42857142857142,0.9999856564254348,3,1990-2010,119.24825634214474,1990-2010,49.150242368489074,49.180315086426674
block,Ernakulam,Palluruthy,days_ge_30,38.62188140518096,38.333333333333336,0.9999856564254348,3,1990-2010,18.276214001236838,1990-2010,20.34566740394412,20.057119332096498
block,Ernakulam,Palluruthy,days_ge_32,0.0414730975989843,0.0,0.9999856564254348,3,1990-2010,0.3236412458935858,1990-2010,-0.28216814829460146,-0.3236412458935858
block,Ernakulam,Pampakuda,annual_mean,27.09592893623341,27.09592893623341,0.9999999999999986,4,1990-2010,27.53760972156092,1990-2010,-0.44168078532750954,-0.44168078532750954
block,Ernakulam,Pampakuda,days_ge_28,111.50066153572382,107.71428571428572,0.9999999999999986,4,1990-2010,107.50805189397664,1990-2010,3.9926096417471797,0.20623382030908033
block,Ernakulam,Pampakuda,days_ge_30,17.459491526596736,15.238095238095235,0.9999999999999986,4,1990-2010,14.035349393731453,1990-2010,3.424142132865283,1.2027458443637826
block,Ernakulam,Pampakuda,days_ge_32,0.0007369744924024,0.0,0.9999999999999986,4,1990-2010,0.197118119423474,1990-2010,-0.1963811449310716,-0.197118119423474
block,Ernakulam,Parakkadav,annual_mean,28.0009060868676,28.0009060868676,1.0000000000000009,5,1990-2010,27.51122819785633,1990-2010,0.48967788901127207,0.48967788901127207
block,Ernakulam,Parakkadav,days_ge_28,168.516284345992,168.23809523809524,1.0000000000000009,5,1990-2010,107.9768772591504,1990-2010,60.53940708684161,60.26121797894484
block,Ernakulam,Parakkadav,days_ge_30,45.80530708867189,45.19047619047619,1.0000000000000009,5,1990-2010,14.418500842139071,1990-2010,31.386806246532817,30.77197534833712
block,Ernakulam,Parakkadav,days_ge_32,0.1654162843525659,0.0952380952380952,1.0000000000000009,5,1990-2010,0.4027914766389291,1990-2010,-0.23737519228636322,-0.3075533814008339
block,Ernakulam,Paravur,annual_mean,28.163233639706437,28.163233639706437,0.9533510517668892,4,1990-2010,26.98415461941182,1990-2010,1.1790790202946155,1.1790790202946155
block,Ernakulam,Paravur,days_ge_28,181.50327713561992,180.66666666666663,0.9533510517668892,4,1990-2010,72.211525972158,1990-2010,109.29175116346192,108.45514069450863
block,Ernakulam,Paravur,days_ge_30,48.43153211358623,48.80952380952381,0.9533510517668892,4,1990-2010,6.602463097469511,1990-2010,41.82906901611672,42.2070607120543
block,Ernakulam,Paravur,days_ge_32,0.0937420889070915,0.0476190476190476,0.9533510517668892,4,1990-2010,0.1934333227638517,1990-2010,-0.0996912338567602,-0.1458142751448041
block,Ernakulam,Vadavucode,annual_mean,27.64858656375904,27.64858656375904,0.9999999999999994,4,1990-2010,27.63224639358965,1990-2010,0.016340170169389268,0.016340170169389268
block,Ernakulam,Vadavucode,days_ge_28,142.7653634231059,141.8095238095238,0.9999999999999994,4,1990-2010,117.45480709427363,1990-2010,25.310556328832263,24.354716715250163
block,Ernakulam,Vadavucode,days_ge_30,31.82617161202677,31.0,0.9999999999999994,4,1990-2010,17.134140523283317,1990-2010,14.692031088743452,13.865859476716683
block,Ernakulam,Vadavucode,days_ge_32,0.0425814597320508,0.0476190476190476,0.9999999999999994,4,1990-2010,0.3745141327885009,1990-2010,-0.3319326730564501,-0.32689508516945326
block,Ernakulam,Vazhakkulam,annual_mean,27.819938687482363,27.819938687482363,1.0000000000000009,3,1990-2010,27.57613100324358,1990-2010,0.24380768423878152,0.24380768423878152
block,Ernakulam,Vazhakkulam,days_ge_28,154.29717639372606,153.95238095238096,1.0000000000000009,3,1990-2010,112.38095238095238,1990-2010,41.91622401277368,41.571428571428584
block,Ernakulam,Vazhakkulam,days_ge_30,36.08052608113653,35.904761904761905,1.0000000000000009,3,1990-2010,15.38095238095238,1990-2010,20.699573700184153,20.523809523809526
block,Ernakulam,Vazhakkulam,days_ge_32,0.0476986226303266,0.0476190476190476,1.0000000000000009,3,1990-2010,0.4285714285714285,1990-2010,-0.3808728059411019,-0.3809523809523809
block,Ernakulam,Vypeen,annual_mean,28.10674590441925,28.10674590441926,0.8485322663314658,4,1990-2010,27.02866754256584,1990-2010,1.0780783618534073,1.078078361853418
block,Ernakulam,Vypeen,days_ge_28,176.05599615670462,175.76190476190476,0.8485322663314658,4,1990-2010,75.358471121187,1990-2010,100.69752503551763,100.40343364071776
block,Ernakulam,Vypeen,days_ge_30,44.492018001684286,44.142857142857146,0.8485322663314658,4,1990-2010,7.492173651061764,1990-2010,36.999844350622524,36.650683491795384
block,Ernakulam,Vypeen,days_ge_32,0.0628992487826069,0.0476190476190476,0.8485322663314658,4,1990-2010,0.1752297995868751,1990-2010,-0.1123305508042682,-0.1276107519678275
block,Idukki,Adimaly,annual_mean,21.92109400617732,21.92109400617732,1.0000000000000004,2,1990-2010,23.652723996460058,1990-2010,-1.7316299902827375,-1.7316299902827375
block,Idukki,Adimaly,days_ge_28,0.0314385389438179,0.0,1.0000000000000004,2,1990-2010,4.863228248091435,1990-2010,-4.831789709147617,-4.863228248091435
block,Idukki,Adimaly,days_ge_30,0.0,0.0,1.0000000000000004,2,1990-2010,0.0649633524763771,1990-2010,-0.0649633524763771,-0.0649633524763771
block,Idukki,Adimaly,days_ge_32,0.0,0.0,1.0000000000000004,2,1990-2010,0.0,1990-2010,0.0,0.0
block,Idukki,Azhutha,annual_mean,23.528215046945228,23.528215046945228,0.999999999999994,9,1990-2010,23.735184404831948,1990-2010,-0.20696935788672022,-0.20696935788672022
block,Idukki,Azhutha,days_ge_28,6.008402809537137,1.6666666666666667,0.999999999999994,9,1990-2010,1.989914630504404,1990-2010,4.018488179032733,-0.32324796383773724
block,Idukki,Azhutha,days_ge_30,0.1676136673840665,0.0,0.999999999999994,9,1990-2010,0.0144950138092596,1990-2010,0.1531186535748069,-0.0144950138092596
block,Idukki,Azhutha,days_ge_32,0.0,0.0,0.999999999999994,9,1990-2010,0.0,1990-2010,0.0,0.0
block,Idukki,Devikulam,annual_mean,22.49046783541488,22.49046783541488,0.9999999999999954,6,1990-2010,21.446028778555807,1990-2010,1.0444390568590727,1.0444390568590727
block,Idukki,Devikulam,days_ge_28,2.10922892998716,0.0476190476190476,0.9999999999999954,6,1990-2010,1.4900291824349536,1990-2010,0.6191997475522064,-1.442410134815906
block,Idukki,Devikulam,days_ge_30,0.0192489294204603,0.0,0.9999999999999954,6,1990-2010,0.0405433239451604,1990-2010,-0.0212943945247001,-0.0405433239451604
block,Idukki,Devikulam,days_ge_32,0.0,0.0,0.9999999999999954,6,1990-2010,0.0,1990-2010,0.0,0.0
block,Idukki,Elemdesam,annual_mean,25.23059469956328,25.23059469956328,1.0000000000000029,4,1990-2010,25.45109645381137,1990-2010,-0.22050175424809026,-0.22050175424809026
block,Idukki,Elemdesam,days_ge_28,40.9657748316008,35.095238095238095,1.0000000000000029,4,1990-2010,13.852457226176783,1990-2010,27.113317605424015,21.242780869061313
block,Idukki,Elemdesam,days_ge_30,1.0028188209919395,0.3809523809523809,1.0000000000000029,4,1990-2010,0.4248094905279279,1990-2010,0.5780093304640117,-0.043857109575547004
block,Idukki,Elemdesam,days_ge_32,0.0,0.0,1.0000000000000029,4,1990-2010,0.0043634590762455,1990-2010,-0.0043634590762455,-0.0043634590762455
block,Idukki,Idukki,annual_mean,23.323910889683905,23.323910889683905,1.0000000000000004,3,1990-2010,24.90021122608111,1990-2010,-1.5763003363972068,-1.5763003363972068
block,Idukki,Idukki,days_ge_28,21.738788561589782,0.9047619047619048,1.0000000000000004,3,1990-2010,8.259481803557723,1990-2010,13.47930675803206,-7.354719898795818
block,Idukki,Idukki,days_ge_30,0.4033735863660534,0.0,1.0000000000000004,3,1990-2010,0.0347087321697927,1990-2010,0.3686648541962607,-0.0347087321697927
block,Idukki,Idukki,days_ge_32,0.0,0.0,1.0000000000000004,3,1990-2010,0.0,1990-2010,0.0,0.0
block,Idukki,Kattappana,annual_mean,21.17844457554358,21.17844457554358,0.9999999999999968,5,1990-2010,23.08915884520376,1990-2010,-1.910714269660179,-1.910714269660179
block,Idukki,Kattappana,days_ge_28,0.2144280508683713,0.0,0.9999999999999968,5,1990-2010,0.3760135036721773,1990-2010,-0.16158545280380598,-0.3760135036721773
block,Idukki,Kattappana,days_ge_30,0.0032984980761157,0.0,0.9999999999999968,5,1990-2010,0.0005758648049583,1990-2010,0.0027226332711574,-0.0005758648049583
block,Idukki,Kattappana,days_ge_32,0.0,0.0,0.9999999999999968,5,1990-2010,0.0,1990-2010,0.0,0.0
block,Idukki,Nedumkandom,annual_mean,21.281552123821417,21.281552123821417,1.0000000000000004,2,1990-2010,23.19334868190697,1990-2010,-1.9117965580855518,-1.9117965580855518
block,Idukki,Nedumkandom,days_ge_28,0.0,0.0,1.0000000000000004,2,1990-2010,0.0440537112689264,1990-2010,-0.0440537112689264,-0.0440537112689264
block,Idukki,Nedumkandom,days_ge_30,0.0,0.0,1.0000000000000004,2,1990-2010,0.0,1990-2010,0.0,0.0
block,Idukki,Nedumkandom,days_ge_32,0.0,0.0,1.0000000000000004,2,1990-2010,0.0,1990-2010,0.0,0.0
block,Idukki,Thodupuzha,annual_mean,25.756083865197017,25.756083865197017,1.0000000000000024,4,1990-2010,27.37731618198444,1990-2010,-1.6212323167874239,-1.6212323167874239
block,Idukki,Thodupuzha,days_ge_28,55.33329232143484,53.85714285714285,1.0000000000000024,4,1990-2010,97.5910566174641,1990-2010,-42.257764296029265,-43.73391376032126
block,Idukki,Thodupuzha,days_ge_30,3.190574480283233,1.2857142857142858,1.0000000000000024,4,1990-2010,11.576417556382951,1990-2010,-8.385843076099718,-10.290703270668665
block,Idukki,Thodupuzha,days_ge_32,0.0,0.0,1.0000000000000024,4,1990-2010,0.1356329236325165,1990-2010,-0.1356329236325165,-0.1356329236325165
block,Kannur,Edakkad,annual_mean,27.24390111354666,27.24390111354666,0.9996960815543662,5,1990-2010,27.485739479849908,1990-2010,-0.24183836630324862,-0.24183836630324862
block,Kannur,Edakkad,days_ge_28,116.89984962573124,113.66666666666669,0.9996960815543662,5,1990-2010,118.0114800290626,1990-2010,-1.111630403331361,-4.344813362395911
block,Kannur,Edakkad,days_ge_30,18.2630382931074,17.80952380952381,0.9996960815543662,5,1990-2010,19.88353627491419,1990-2010,-1.620497981806789,-2.0740124653903784
block,Kannur,Edakkad,days_ge_32,0.0495234280365927,0.0476190476190476,0.9996960815543662,5,1990-2010,0.3333333333333333,1990-2010,-0.2838099052967406,-0.2857142857142857
block,Kannur,Irikkur,annual_mean,26.455979455822717,26.455979455822717,1.0000000000000016,6,1990-2010,26.04353931380682,1990-2010,0.41244014201589607,0.41244014201589607
block,Kannur,Irikkur,days_ge_28,85.46556509657837,75.47619047619048,1.0000000000000016,6,1990-2010,48.521712260267954,1990-2010,36.94385283631042,26.954478215922528
block,Kannur,Irikkur,days_ge_30,9.730644255144888,4.809523809523809,1.0000000000000016,6,1990-2010,5.852570861914431,1990-2010,3.8780733932304567,-1.0430470523906221
block,Kannur,Irikkur,days_ge_32,0.002254310201069,0.0,1.0000000000000016,6,1990-2010,0.0839412250837531,1990-2010,-0.08168691488268409,-0.0839412250837531
block,Kannur,Iritty,annual_mean,26.06674798928865,26.06674798928865,1.000000000000004,3,1990-2010,25.868159076405888,1990-2010,0.19858891288276226,0.19858891288276226
block,Kannur,Iritty,days_ge_28,79.5787407584898,64.47619047619048,1.000000000000004,3,1990-2010,55.93166163479888,1990-2010,23.647079123690922,8.544528841391603
block,Kannur,Iritty,days_ge_30,10.405875741107216,2.9047619047619047,1.000000000000004,3,1990-2010,8.013901556644988,1990-2010,2.391974184462228,-5.109139651883083
block,Kannur,Iritty,days_ge_32,0.035644892207164,0.0,1.000000000000004,3,1990-2010,0.1558324214686937,1990-2010,-0.1201875292615297,-0.1558324214686937
block,Kannur,Kalliasseri,annual_mean,27.3426656184032,27.3426656184032,0.9740471279140228,5,1990-2010,27.27965814615876,1990-2010,0.06300747224443981,0.06300747224443981
block,Kannur,Kalliasseri,days_ge_28,119.28679184994505,118.0,0.9740471279140228,5,1990-2010,101.90703728221412,1990-2010,17.379754567730927,16.09296271778588
block,Kannur,Kalliasseri,days_ge_30,16.98942275462738,16.571428571428573,0.9740471279140228,5,1990-2010,14.887400168470332,1990-2010,2.102022586157048,1.6840284029582406
block,Kannur,Kalliasseri,days_ge_32,0.0264152045389111,0.0,0.9740471279140228,5,1990-2010,0.1840013059031087,1990-2010,-0.1575861013641976,-0.1840013059031087
block,Kannur,Kannur,annual_mean,27.52528227783431,27.52528227783431,0.9999874525912428,3,1990-2010,27.53804433913458,1990-2010,-0.012762061300268357,-0.012762061300268357
block,Kannur,Kannur,days_ge_28,131.2976101264134,131.04761904761904,0.9999874525912428,3,1990-2010,121.9047619047619,1990-2010,9.39284822165149,9.142857142857139
block,Kannur,Kannur,days_ge_30,20.616135755669013,20.52380952380953,0.9999874525912428,3,1990-2010,21.38095238095238,1990-2010,-0.7648166252833661,-0.8571428571428505
block,Kannur,Kannur,days_ge_32,0.0472303691119706,0.0476190476190476,0.9999874525912428,3,1990-2010,0.3333333333333333,1990-2010,-0.2861029642213627,-0.2857142857142857
block,Kannur,Kuthuparamba,annual_mean,26.80334384361675,26.80334384361675,1.000000000000002,4,1990-2010,27.13104298448057,1990-2010,-0.32769914086381746,-0.32769914086381746
block,Kannur,Kuthuparamba,days_ge_28,97.4098768317993,93.38095238095238,1.000000000000002,4,1990-2010,100.63620906678742,1990-2010,-3.2263322349881207,-7.255256685835036
block,Kannur,Kuthuparamba,days_ge_30,13.8996127322273,11.142857142857142,1.000000000000002,4,1990-2010,15.129236800131329,1990-2010,-1.2296240679040285,-3.9863796572741865
block,Kannur,Kuthuparamba,days_ge_32,0.0546045747995983,0.0,1.000000000000002,4,1990-2010,0.3028301658877012,1990-2010,-0.24822559108810288,-0.3028301658877012
block,Kannur,Panoor,annual_mean,27.2308864352888,27.2308864352888,1.000000254025739,3,1990-2010,27.29004915089249,1990-2010,-0.059162715603690685,-0.059162715603690685
block,Kannur,Panoor,days_ge_28,117.53143535731284,114.28571428571428,1.000000254025739,3,1990-2010,101.42855484238692,1990-2010,16.10288051492593,12.857159443327362
block,Kannur,Panoor,days_ge_30,20.898563179672195,19.476190476190474,1.000000254025739,3,1990-2010,13.70257539375396,1990-2010,7.195987785918234,5.773615082436514
block,Kannur,Panoor,days_ge_32,0.0933497257657388,0.0952380952380952,1.000000254025739,3,1990-2010,0.278819833795134,1990-2010,-0.18547010802939518,-0.18358173855703877
block,Kannur,Payyannur,annual_mean,26.93416223600034,26.93416223600034,1.0000000006784977,6,1990-2010,26.713907736004032,1990-2010,0.22025449999630808,0.22025449999630808
block,Kannur,Payyannur,days_ge_28,98.55638345649128,92.66666666666669,1.0000000006784977,6,1990-2010,67.64658622250278,1990-2010,30.9097972339885,25.02008044416391
block,Kannur,Payyannur,days_ge_30,11.031215337825602,8.80952380952381,1.0000000006784977,6,1990-2010,6.019885215012727,1990-2010,5.011330122812875,2.789638594511083
block,Kannur,Payyannur,days_ge_32,0.0006686989360054,0.0,1.0000000006784977,6,1990-2010,0.0251474855548711,1990-2010,-0.0244787866188657,-0.0251474855548711
block,Kannur,Peravoor,annual_mean,26.481736755117577,26.481736755117577,0.9999999999999994,3,1990-2010,25.670886730056964,1990-2010,0.8108500250606134,0.8108500250606134
block,Kannur,Peravoor,days_ge_28,87.94102695032882,81.71428571428571,0.9999999999999994,3,1990-2010,49.04165582813916,1990-2010,38.899371122189656,32.672629886146545
block,Kannur,Peravoor,days_ge_30,11.649354626519472,6.619047619047619,0.9999999999999994,3,1990-2010,7.160143255944139,1990-2010,4.489211370575332,-0.5410956368965207
block,Kannur,Peravoor,days_ge_32,0.043145757875998,0.0,0.9999999999999994,3,1990-2010,0.1414135346616685,1990-2010,-0.0982677767856705,-0.1414135346616685
block,Kannur,Taliparamba,annual_mean,26.67781299306824,26.67781299306824,0.999754134663016,6,1990-2010,26.82424877953612,1990-2010,-0.14643578646787958,-0.14643578646787958
block,Kannur,Taliparamba,days_ge_28,90.75403684953974,83.33333333333333,0.999754134663016,6,1990-2010,76.71612604582272,1990-2010,14.037910803717025,6.61720728751061
block,Kannur,Taliparamba,days_ge_30,10.42851728227478,6.904761904761905,0.999754134663016,6,1990-2010,8.59311028806602,1990-2010,1.8354069942087605,-1.688348383304115
block,Kannur,Taliparamba,days_ge_32,0.0009758510707176,0.0,0.999754134663016,6,1990-2010,0.0486634935392164,1990-2010,-0.047687642468498805,-0.0486634935392164
block,Kannur,Thalassery,annual_mean,27.342030437524457,27.342030437524457,0.9989822007370096,3,1990-2010,27.41709519053641,1990-2010,-0.07506475301195437,-0.07506475301195437
block,Kannur,Thalassery,days_ge_28,124.26102472580044,121.23809523809524,0.9989822007370096,3,1990-2010,112.44204753285295,1990-2010,11.818977192947486,8.796047705242287
block,Kannur,Thalassery,days_ge_30,23.386034834654986,21.476190476190474,0.9989822007370096,3,1990-2010,17.811662067045205,1990-2010,5.5743727676097805,3.6645284091452694
block,Kannur,Thalassery,days_ge_32,0.103839624267698,0.0952380952380952,0.9989822007370096,3,1990-2010,0.3205467916318573,1990-2010,-0.2167071673641593,-0.22530869639376208
block,Kasaragod,Kanhangad,annual_mean,27.17941371881115,27.17941371881115,1.0000000722631366,3,1990-2010,26.4017254830646,1990-2010,0.7776882357465524,0.7776882357465524
block,Kasaragod,Kanhangad,days_ge_28,106.9641116445411,106.14285714285714,1.0000000722631366,3,1990-2010,48.082752163987,1990-2010,58.8813594805541,58.060104978870136
block,Kasaragod,Kanhangad,days_ge_30,11.506961800875931,11.476190476190476,1.0000000722631366,3,1990-2010,1.764171414573662,1990-2010,9.74279038630227,9.712019061616814
block,Kasaragod,Kanhangad,days_ge_32,0.0,0.0,1.0000000722631366,3,1990-2010,0.0,1990-2010,0.0,0.0
block,Kasaragod,Karadka,annual_mean,27.15921698433903,27.15921698433903,0.9999999999999992,5,1990-2010,26.543301339553903,1990-2010,0.615915644785126,0.615915644785126
block,Kasaragod,Karadka,days_ge_28,112.14327710309254,107.9047619047619,0.9999999999999992,5,1990-2010,54.92718131745181,1990-2010,57.21609578564073,52.97758058731009
block,Kasaragod,Karadka,days_ge_30,13.763032239395407,13.523809523809524,0.9999999999999992,5,1990-2010,3.226120043812397,1990-2010,10.53691219558301,10.297689479997127
block,Kasaragod,Karadka,days_ge_32,0.0056998008104922,0.0,0.9999999999999992,5,1990-2010,0.0,1990-2010,0.0056998008104922,0.0
block,Kasaragod,Kasargod,annual_mean,27.35575975501215,27.35575975501215,1.000000001589687,3,1990-2010,26.61498966045517,1990-2010,0.7407700945569822,0.7407700945569822
block,Kasaragod,Kasargod,days_ge_28,119.5216592289632,119.71428571428572,1.000000001589687,3,1990-2010,59.71096220787887,1990-2010,59.81069702108433,60.00332350640685
block,Kasaragod,Kasargod,days_ge_30,14.2274260561241,14.19047619047619,1.000000001589687,3,1990-2010,3.922040599378987,1990-2010,10.305385456745114,10.268435591097203
block,Kasaragod,Kasargod,days_ge_32,0.0,0.0,1.000000001589687,3,1990-2010,0.0,1990-2010,0.0,0.0
block,Kasaragod,Manjeshwar,annual_mean,27.34555980669331,27.34555980669331,0.9999999877095505,5,1990-2010,26.762275544268658,1990-2010,0.5832842624246517,0.5832842624246517
block,Kasaragod,Manjeshwar,days_ge_28,121.7572982968629,120.71428571428572,0.9999999877095505,5,1990-2010,69.42703334457708,1990-2010,52.330264952285816,51.28725236970864
block,Kasaragod,Manjeshwar,days_ge_30,16.366851117102772,16.523809523809526,0.9999999877095505,5,1990-2010,5.930523870287094,1990-2010,10.43632724681568,10.593285653522432
block,Kasaragod,Manjeshwar,days_ge_32,0.02834123914487,0.0,0.9999999877095505,5,1990-2010,0.0,1990-2010,0.02834123914487,0.0
block,Kasaragod,Nileshwar,annual_mean,27.186034498397547,27.186034498397547,0.9978586654044714,4,1990-2010,26.51561284014876,1990-2010,0.6704216582487881,0.6704216582487881
block,Kasaragod,Nileshwar,days_ge_28,106.49383182188367,105.1904761904762,0.9978586654044714,4,1990-2010,54.71571734516244,1990-2010,51.778114476721235,50.474758845313765
block,Kasaragod,Nileshwar,days_ge_30,11.186473309860906,11.38095238095238,0.9978586654044714,4,1990-2010,2.498831297764964,1990-2010,8.687642012095942,8.882121083187416
block,Kasaragod,Nileshwar,days_ge_32,0.0,0.0,0.9978586654044714,4,1990-2010,0.002512518307548,1990-2010,-0.002512518307548,-0.002512518307548
block,Kasaragod,Parappa,annual_mean,26.581590047523243,26.581590047523243,1.0000000000000016,5,1990-2010,25.87835006889806,1990-2010,0.7032399786251808,0.7032399786251808
block,Kasaragod,Parappa,days_ge_28,88.161890931939,75.0,1.0000000000000016,5,1990-2010,30.1429756814453,1990-2010,58.0189152504937,44.8570243185547
block,Kasaragod,Parappa,days_ge_30,8.848684866287346,5.380952380952381,1.0000000000000016,5,1990-2010,0.7459131722321717,1990-2010,8.102771694055175,4.63503920872021
block,Kasaragod,Parappa,days_ge_32,0.0,0.0,1.0000000000000016,5,1990-2010,0.0,1990-2010,0.0,0.0
block,Kollam,Anchal,annual_mean,26.83127922023935,26.83127922023935,0.9999999999999998,7,1990-2010,25.564747837397924,1990-2010,1.2665313828414249,1.2665313828414249
block,Kollam,Anchal,days_ge_28,90.40428978904978,89.19047619047619,0.9999999999999998,7,1990-2010,13.505803134775212,1990-2010,76.89848665427458,75.68467305570098
block,Kollam,Anchal,days_ge_30,10.246124897083336,9.142857142857142,0.9999999999999998,7,1990-2010,0.1937055684842585,1990-2010,10.052419328599077,8.949151574372884
block,Kollam,Anchal,days_ge_32,0.0,0.0,0.9999999999999998,7,1990-2010,0.0,1990-2010,0.0,0.0
block,Kollam,Chadayamangalam,annual_mean,27.298918071981262,27.298918071981262,0.9999999999999996,4,1990-2010,26.68626080558235,1990-2010,0.6126572663989123,0.6126572663989123
block,Kollam,Chadayamangalam,days_ge_28,112.40024598414897,110.71428571428572,0.9999999999999996,4,1990-2010,42.67308564235672,1990-2010,69.72716034179226,68.04120007192901
block,Kollam,Chadayamangalam,days_ge_30,15.34016910622682,15.285714285714286,0.9999999999999996,4,1990-2010,0.7132213057578861,1990-2010,14.626947800468935,14.572492979956401
block,Kollam,Chadayamangalam,days_ge_32,0.0,0.0,0.9999999999999996,4,1990-2010,0.0,1990-2010,0.0,0.0
block,Kollam,Chavara,annual_mean,27.8299928164547,27.829992816454705,1.0000000095371482,6,1990-2010,26.60351834802617,1990-2010,1.2264744684285276,1.2264744684285347
block,Kollam,Chavara,days_ge_28,152.91804325323946,152.52380952380952,1.0000000095371482,6,1990-2010,40.01712558406077,1990-2010,112.90091766917868,112.50668393974874
block,Kollam,Chavara,days_ge_30,24.72067748620493,24.52380952380953,1.0000000095371482,6,1990-2010,0.7894617074080134,1990-2010,23.93121577879692,23.734347816401517
block,Kollam,Chavara,days_ge_32,0.0,0.0,1.0000000095371482,6,1990-2010,0.0,1990-2010,0.0,0.0
block,Kollam,Chittumala,annual_mean,27.74259987984754,27.74259987984754,0.999999999444385,4,1990-2010,26.4012182867885,1990-2010,1.3413815930590403,1.3413815930590403
block,Kollam,Chittumala,days_ge_28,144.25939477946383,143.33333333333334,0.999999999444385,4,1990-2010,30.007207171868203,1990-2010,114.25218760759563,113.32612616146514
block,Kollam,Chittumala,days_ge_30,22.56745034062084,22.0,0.999999999444385,4,1990-2010,0.3414701188486194,1990-2010,22.22598022177222,21.65852988115138
block,Kollam,Chittumala,days_ge_32,0.0,0.0,0.999999999444385,4,1990-2010,0.0,1990-2010,0.0,0.0
block,Kollam,Ithikkara,annual_mean,27.63306002098989,27.63306002098989,0.999999999769628,6,1990-2010,26.424221324178173,1990-2010,1.2088386968117177,1.2088386968117177
block,Kollam,Ithikkara,days_ge_28,133.5063264621844,132.71428571428572,0.999999999769628,6,1990-2010,30.658548067377694,1990-2010,102.84777839480671,102.05573764690803
block,Kollam,Ithikkara,days_ge_30,19.49542679327715,19.23809523809524,0.999999999769628,6,1990-2010,0.3249156096489229,1990-2010,19.17051118362823,18.91317962844632
block,Kollam,Ithikkara,days_ge_32,0.0,0.0,0.999999999769628,6,1990-2010,0.0,1990-2010,0.0,0.0
block,Kollam,Kottarakkara,annual_mean,27.528338268585703,27.528338268585703,1.0000000000000002,3,1990-2010,26.6209865050226,1990-2010,0.9073517635631028,0.9073517635631028
block,Kollam,Kottarakkara,days_ge_28,125.89280970058373,125.14285714285714,1.0000000000000002,3,1990-2010,39.1816827391618,1990-2010,86.71112696142193,85.96117440369534
block,Kollam,Kottarakkara,days_ge_30,18.879926899448545,18.857142857142858,1.0000000000000002,3,1990-2010,0.6494092617049987,1990-2010,18.230517637743546,18.20773359543786
block,Kollam,Kottarakkara,days_ge_32,0.0,0.0,1.0000000000000002,3,1990-2010,0.0,1990-2010,0.0,0.0
block,Kollam,Mukhathala,annual_mean,27.771310231622905,27.771310231622905,0.9999999983630548,3,1990-2010,26.354118437994096,1990-2010,1.4171917936288096,1.4171917936288096
block,Kollam,Mukhathala,days_ge_28,147.2914911645724,146.28571428571428,0.9999999983630548,3,1990-2010,27.761904761904763,1990-2010,119.52958640266763,118.52380952380952
block,Kollam,Mukhathala,days_ge_30,23.339272084464728,23.047619047619047,0.9999999983630548,3,1990-2010,0.238095238095238,1990-2010,23.10117684636949,22.80952380952381
block,Kollam,Mukhathala,days_ge_32,0.0,0.0,0.9999999983630548,3,1990-2010,0.0,1990-2010,0.0,0.0
block,Kollam,Oachira,annual_mean,27.83947532032268,27.83947532032268,1.000000000928828,4,1990-2010,26.88407095278201,1990-2010,0.9554043675406696,0.9554043675406696
block,Kollam,Oachira,days_ge_28,154.41774787725393,154.0952380952381,1.000000000928828,4,1990-2010,53.39229548509565,1990-2010,101.02545239215829,100.70294261014246
block,Kollam,Oachira,days_ge_30,25.55233635914443,25.61904761904762,1.000000000928828,4,1990-2010,1.4052292971351967,1990-2010,24.147107062009233,24.213818321912424
block,Kollam,Oachira,days_ge_32,0.0,0.0,1.000000000928828,4,1990-2010,0.0,1990-2010,0.0,0.0
block,Kollam,Pathanapuram,annual_mean,27.0222203406274,27.0222203406274,1.00000001100057,6,1990-2010,26.76897909714932,1990-2010,0.2532412434780795,0.2532412434780795
block,Kollam,Pathanapuram,days_ge_28,99.570284981612,98.47619047619048,1.00000001100057,6,1990-2010,48.00156666469623,1990-2010,51.56871831691578,50.474623811494254
block,Kollam,Pathanapuram,days_ge_30,13.07211209308825,13.0,1.00000001100057,6,1990-2010,1.3275950041444733,1990-2010,11.744517088943777,11.672404995855526
block,Kollam,Pathanapuram,days_ge_32,0.0,0.0,1.00000001100057,6,1990-2010,0.0,1990-2010,0.0,0.0
block,Kollam,Sasthamcottah,annual_mean,27.73958578076872,27.73958578076872,1.0000000000000009,5,1990-2010,26.89611177101232,1990-2010,0.8434740097564024,0.8434740097564024
block,Kollam,Sasthamcottah,days_ge_28,146.2079022070303,145.33333333333334,1.0000000000000009,5,1990-2010,53.59933243862603,1990-2010,92.60856976840427,91.73400089470732
block,Kollam,Sasthamcottah,days_ge_30,25.47427729526759,25.09523809523809,1.0000000000000009,5,1990-2010,1.4276637314986114,1990-2010,24.04661356376898,23.66757436373948
block,Kollam,Sasthamcottah,days_ge_32,0.0,0.0,1.0000000000000009,5,1990-2010,0.0,1990-2010,0.0,0.0
block,Kollam,Vettikkavala,annual_mean,27.27626523858495,27.27626523858495,1.0000000000000009,5,1990-2010,26.84553985319491,1990-2010,0.43072538539004057,0.43072538539004057
block,Kollam,Vettikkavala,days_ge_28,111.9810650527661,109.66666666666669,1.0000000000000009,5,1990-2010,49.474979574016096,1990-2010,62.50608547875,60.19168709265059
block,Kollam,Vettikkavala,days_ge_30,15.643612212116883,15.523809523809524,1.0000000000000009,5,1990-2010,1.1732608497540624,1990-2010,14.470351362362821,14.350548674055462
block,Kollam,Vettikkavala,days_ge_32,0.0,0.0,1.0000000000000009,5,1990-2010,0.0,1990-2010,0.0,0.0
block,Kottayam,Erattupetta,annual_mean,26.232080771239755,26.232080771239755,1.0,4,1990-2010,25.31804275076847,1990-2010,0.9140380204712848,0.9140380204712848
block,Kottayam,Erattupetta,days_ge_28,75.89192145467311,67.85714285714286,1.0,4,1990-2010,10.87107301780844,1990-2010,65.02084843686467,56.98606983933442
block,Kottayam,Erattupetta,days_ge_30,8.854160191126061,3.571428571428572,1.0,4,1990-2010,0.4315871050678919,1990-2010,8.422573086058168,3.1398414663606804
block,Kottayam,Erattupetta,days_ge_32,0.0,0.0,1.0,4,1990-2010,0.0004107807271024,1990-2010,-0.0004107807271024,-0.0004107807271024
block,Kottayam,Ettumanoor,annual_mean,27.53689945916985,27.53689945916985,0.9867814207264126,4,1990-2010,27.467470410740912,1990-2010,0.06942904842893682,0.06942904842893682
block,Kottayam,Ettumanoor,days_ge_28,139.03185374724475,135.28571428571428,0.9867814207264126,4,1990-2010,100.12764546238664,1990-2010,38.904208284858115,35.15806882332764
block,Kottayam,Ettumanoor,days_ge_30,24.143973521116745,23.33333333333333,0.9867814207264126,4,1990-2010,12.286180016843597,1990-2010,11.857793504273149,11.047153316489732
block,Kottayam,Ettumanoor,days_ge_32,0.0,0.0,0.9867814207264126,4,1990-2010,0.1349752526076675,1990-2010,-0.1349752526076675,-0.1349752526076675
block,Kottayam,Kaduthuruthy,annual_mean,27.57697433299442,27.57697433299442,0.9999999999999968,4,1990-2010,27.58726538547722,1990-2010,-0.010291052482799046,-0.010291052482799046
block,Kottayam,Kaduthuruthy,days_ge_28,137.34022730959703,132.52380952380952,0.9999999999999968,4,1990-2010,112.08230510833673,1990-2010,25.2579222012603,20.441504415472792
block,Kottayam,Kaduthuruthy,days_ge_30,20.86319852735523,19.714285714285715,0.9999999999999968,4,1990-2010,15.78175781348306,1990-2010,5.081440713872171,3.932527900802656
block,Kottayam,Kaduthuruthy,days_ge_32,0.0,0.0,0.9999999999999968,4,1990-2010,0.249357496341651,1990-2010,-0.249357496341651,-0.249357496341651
block,Kottayam,Kanjirappally,annual_mean,25.503864680798596,25.503864680798596,1.000000000000001,4,1990-2010,25.804524760319985,1990-2010,-0.3006600795213892,-0.3006600795213892
block,Kottayam,Kanjirappally,days_ge_28,56.07977412641127,43.76190476190476,1.000000000000001,4,1990-2010,21.32862500620624,1990-2010,34.75114912020503,22.433279755698518
block,Kottayam,Kanjirappally,days_ge_30,5.100766535136867,0.7142857142857143,1.000000000000001,4,1990-2010,0.6179087445102845,1990-2010,4.482857790626583,0.09637696977542975
block,Kottayam,Kanjirappally,days_ge_32,0.0,0.0,1.000000000000001,4,1990-2010,0.0,1990-2010,0.0,0.0
block,Kottayam,Lalam,annual_mean,26.8084985068252,26.8084985068252,0.9999999999999984,3,1990-2010,27.3649848971412,1990-2010,-0.5564863903159996,-0.5564863903159996
block,Kottayam,Lalam,days_ge_28,94.61337763968145,93.85714285714286,0.9999999999999984,3,1990-2010,92.20419617309597,1990-2010,2.40918146658548,1.6529466840468956
block,Kottayam,Lalam,days_ge_30,12.416449560796677,11.476190476190476,0.9999999999999984,3,1990-2010,9.78210995031769,1990-2010,2.634339610478987,1.6940805258727867
block,Kottayam,Lalam,days_ge_32,0.0,0.0,0.9999999999999984,3,1990-2010,0.0581310857037769,1990-2010,-0.0581310857037769,-0.0581310857037769
block,Kottayam,Madappally,annual_mean,27.68030116294653,27.68030116294653,0.9999999994659003,4,1990-2010,27.27391735841196,1990-2010,0.40638380453457046,0.40638380453457046
block,Kottayam,Madappally,days_ge_28,150.12951484315658,149.71428571428572,0.9999999994659003,4,1990-2010,80.91440191188342,1990-2010,69.21511293127317,68.7998838024023
block,Kottayam,Madappally,days_ge_30,28.12277112248781,28.09523809523809,0.9999999994659003,4,1990-2010,6.811373699778615,1990-2010,21.31139742270919,21.283864395459474
block,Kottayam,Madappally,days_ge_32,0.0,0.0,0.9999999994659003,4,1990-2010,0.0031981959818144,1990-2010,-0.0031981959818144,-0.0031981959818144
block,Kottayam,Pallom,annual_mean,27.69463700302884,27.69463700302884,0.8964305459945747,4,1990-2010,27.50970320146562,1990-2010,0.18493380156322203,0.18493380156322203
block,Kottayam,Pallom,days_ge_28,149.26210392105645,149.04761904761904,0.8964305459945747,4,1990-2010,104.21567981001104,1990-2010,45.04642411104541,44.831939237608
block,Kottayam,Pallom,days_ge_30,27.06857974901804,27.52380952380953,0.8964305459945747,4,1990-2010,13.545259825054623,1990-2010,13.523319923963415,13.978549698754906
block,Kottayam,Pallom,days_ge_32,0.0,0.0,0.8964305459945747,4,1990-2010,0.1780630040462776,1990-2010,-0.1780630040462776,-0.1780630040462776
block,Kottayam,Pampady,annual_mean,27.47611962480936,27.47611962480936,0.9999999999999994,5,1990-2010,27.270146825683096,1990-2010,0.20597279912626476,0.20597279912626476
block,Kottayam,Pampady,days_ge_28,133.65117859665696,129.9047619047619,0.9999999999999994,5,1990-2010,84.8540012995884,1990-2010,48.79717729706856,45.050760605173494
block,Kottayam,Pampady,days_ge_30,22.598185112151803,21.952380952380956,0.9999999999999994,5,1990-2010,8.08447381720934,1990-2010,14.513711294942464,13.867907135171617
block,Kottayam,Pampady,days_ge_32,0.0,0.0,0.9999999999999994,5,1990-2010,0.0,1990-2010,0.0,0.0
block,Kottayam,Uzhavoor,annual_mean,26.727066091954665,26.727066091954665,1.0000000000000029,5,1990-2010,27.41656480634204,1990-2010,-0.6894987143873763,-0.6894987143873763
block,Kottayam,Uzhavoor,days_ge_28,92.1764786183138,89.66666666666667,1.0000000000000029,5,1990-2010,95.54627228166147,1990-2010,-3.3697936633476786,-5.8796056149948015
block,Kottayam,Uzhavoor,days_ge_30,11.874462329665688,9.428571428571429,1.0000000000000029,5,1990-2010,10.47104961982446,1990-2010,1.4034127098412288,-1.0424781912530303
block,Kottayam,Uzhavoor,days_ge_32,0.0,0.0,1.0000000000000029,5,1990-2010,0.079174677277449,1990-2010,-0.079174677277449,-0.079174677277449
block,Kottayam,Vaikom,annual_mean,27.84266766704073,27.84266766704073,0.9622317949256768,4,1990-2010,27.668647141456525,1990-2010,0.17402052558420422,0.17402052558420422
block,Kottayam,Vaikom,days_ge_28,152.92078692913026,152.61904761904762,0.9622317949256768,4,1990-2010,119.82647155165826,1990-2010,33.094315377472,32.79257606738936
block,Kottayam,Vaikom,days_ge_30,23.69567712599634,23.714285714285715,0.9622317949256768,4,1990-2010,18.349537034209867,1990-2010,5.346140091786474,5.364748680075849
block,Kottayam,Vaikom,days_ge_32,0.0,0.0,0.9622317949256768,4,1990-2010,0.3333333333333333,1990-2010,-0.3333333333333333,-0.3333333333333333
block,Kottayam,Vazhoor,annual_mean,26.919203116798265,26.919203116798265,0.9999999892905164,5,1990-2010,26.87589224810677,1990-2010,0.043310868691495585,0.043310868691495585
block,Kottayam,Vazhoor,days_ge_28,106.31119492427234,97.95238095238096,0.9999999892905164,5,1990-2010,68.69932018240165,1990-2010,37.61187474187069,29.253060769979314
block,Kottayam,Vazhoor,days_ge_30,14.957923594657856,13.523809523809524,0.9999999892905164,5,1990-2010,6.14130524862553,1990-2010,8.816618346032326,7.382504275183994
block,Kottayam,Vazhoor,days_ge_32,0.0,0.0,0.9999999892905164,5,1990-2010,0.0,1990-2010,0.0,0.0
block,Kozhikode,Balusseri,annual_mean,27.164943688823787,27.164943688823787,1.000000002908676,3,1990-2010,26.556785531478823,1990-2010,0.6081581573449633,0.6081581573449633
block,Kozhikode,Balusseri,days_ge_28,108.0685410051084,108.0952380952381,1.000000002908676,3,1990-2010,72.04300237282523,1990-2010,36.02553863228317,36.052235722412874
block,Kozhikode,Balusseri,days_ge_30,15.541636640671712,15.476190476190476,1.000000002908676,3,1990-2010,8.001249583723826,1990-2010,7.5403870569478855,7.47494089246665
block,Kozhikode,Balusseri,days_ge_32,0.0481982884312727,0.0476190476190476,1.000000002908676,3,1990-2010,0.2691324149911939,1990-2010,-0.2209341265599212,-0.22151336737214627
block,Kozhikode,Chelannur,annual_mean,27.27383918463177,27.27383918463177,1.0000000078942484,3,1990-2010,27.218918025220496,1990-2010,0.05492115941127196,0.05492115941127196
block,Kozhikode,Chelannur,days_ge_28,113.14526084366058,112.14285714285714,1.0000000078942484,3,1990-2010,95.40968459810986,1990-2010,17.735576245550718,16.733172544747276
block,Kozhikode,Chelannur,days_ge_30,17.460936321382363,17.571428571428573,1.0000000078942484,3,1990-2010,10.79745675952875,1990-2010,6.663479561853613,6.773971811899823
block,Kozhikode,Chelannur,days_ge_32,0.0816639586099192,0.0952380952380952,1.0000000078942484,3,1990-2010,0.3687482278495389,1990-2010,-0.2870842692396197,-0.27351013261144375
block,Kozhikode,Koduvally,annual_mean,26.663989254914757,26.663989254914757,0.9999999942512,5,1990-2010,26.162698936645203,1990-2010,0.5012903182695538,0.5012903182695538
block,Kozhikode,Koduvally,days_ge_28,94.9014582905934,83.80952380952381,0.9999999942512,5,1990-2010,52.51367446326142,1990-2010,42.38778382733198,31.295849346262393
block,Kozhikode,Koduvally,days_ge_30,13.279667315773208,6.333333333333333,0.9999999942512,5,1990-2010,5.302810361442483,1990-2010,7.976856954330725,1.03052297189085
block,Kozhikode,Koduvally,days_ge_32,0.0457534330121582,0.0,0.9999999942512,5,1990-2010,0.1746598889975729,1990-2010,-0.1289064559854147,-0.1746598889975729
block,Kozhikode,Kozhikode,annual_mean,27.578695879164208,27.578695879164208,1.0000000089261134,4,1990-2010,27.292680191653197,1990-2010,0.2860156875110107,0.2860156875110107
block,Kozhikode,Kozhikode,days_ge_28,131.0766350033588,131.0952380952381,1.0000000089261134,4,1990-2010,99.83743874985892,1990-2010,31.239196253499884,31.257799345379183
block,Kozhikode,Kozhikode,days_ge_30,24.58616859607364,24.61904761904762,1.0000000089261134,4,1990-2010,12.526427178741514,1990-2010,12.059741417332127,12.092620440306106
block,Kozhikode,Kozhikode,days_ge_32,0.1869939893222319,0.1904761904761904,1.0000000089261134,4,1990-2010,0.4723048756440885,1990-2010,-0.28531088632185664,-0.2818286851678981
block,Kozhikode,Kunnamangalam,annual_mean,26.901449834542387,26.901449834542387,1.0000000000000016,5,1990-2010,26.54443966999021,1990-2010,0.35701016455217527,0.35701016455217527
block,Kozhikode,Kunnamangalam,days_ge_28,102.18073085985732,93.47619047619048,1.0000000000000016,5,1990-2010,68.1281959310519,1990-2010,34.052534928805414,25.347994545138576
block,Kozhikode,Kunnamangalam,days_ge_30,14.93849003049675,9.285714285714286,1.0000000000000016,5,1990-2010,7.223736500048406,1990-2010,7.714753530448344,2.0619777856658805
block,Kozhikode,Kunnamangalam,days_ge_32,0.0581721976089875,0.0,1.0000000000000016,5,1990-2010,0.2422141197600698,1990-2010,-0.18404192215108228,-0.2422141197600698
block,Kozhikode,Kunnummal,annual_mean,26.34674977951972,26.34674977951972,0.9999999999999996,3,1990-2010,25.70032139788379,1990-2010,0.6464283816359284,0.6464283816359284
block,Kozhikode,Kunnummal,days_ge_28,92.45286851023567,74.0952380952381,0.9999999999999996,3,1990-2010,43.02470664574847,1990-2010,49.4281618644872,31.07053144948963
block,Kozhikode,Kunnummal,days_ge_30,15.56015927196601,4.619047619047619,0.9999999999999996,3,1990-2010,5.039939055950539,1990-2010,10.52022021601547,-0.4208914369029202
block,Kozhikode,Kunnummal,days_ge_32,0.0745967520100173,0.0,0.9999999999999996,3,1990-2010,0.1012545165892806,1990-2010,-0.026657764579263304,-0.1012545165892806
block,Kozhikode,Melday,annual_mean,27.29026126560202,27.29026126560202,1.000000154237458,3,1990-2010,27.168193529444064,1990-2010,0.12206773615795541,0.12206773615795541
block,Kozhikode,Melday,days_ge_28,117.55225749506718,116.61904761904762,1.000000154237458,3,1990-2010,90.61561430449476,1990-2010,26.936643190572426,26.003433314552865
block,Kozhikode,Melday,days_ge_30,19.854471688036945,19.428571428571427,1.000000154237458,3,1990-2010,10.334744213302956,1990-2010,9.519727474733989,9.09382721526847
block,Kozhikode,Melday,days_ge_32,0.0786986307932284,0.0952380952380952,1.000000154237458,3,1990-2010,0.2199415692325423,1990-2010,-0.1412429384393139,-0.12470347399444709
block,Kozhikode,Panthalayani,annual_mean,27.280226042472595,27.280226042472595,1.0000000000000004,3,1990-2010,26.946909820538394,1990-2010,0.33331622193420074,0.33331622193420074
block,Kozhikode,Panthalayani,days_ge_28,115.33952517689276,114.33333333333331,1.0000000000000004,3,1990-2010,73.341314888297,1990-2010,41.99821028859576,40.99201844503631
block,Kozhikode,Panthalayani,days_ge_30,18.55956699311445,18.714285714285715,1.0000000000000004,3,1990-2010,6.029440271476425,1990-2010,12.530126721638027,12.68484544280929
block,Kozhikode,Panthalayani,days_ge_32,0.0826148591019486,0.0952380952380952,1.0000000000000004,3,1990-2010,0.1542450273432839,1990-2010,-0.0716301682413353,-0.0590069321051887
block,Kozhikode,Perambra,annual_mean,26.407245951435023,26.407245951435023,0.9999999999999998,5,1990-2010,24.97054072159189,1990-2010,1.436705229843131,1.436705229843131
block,Kozhikode,Perambra,days_ge_28,90.95612398843993,75.0,0.9999999999999998,5,1990-2010,17.591395248203092,1990-2010,73.36472874023684,57.40860475179691
block,Kozhikode,Perambra,days_ge_30,13.279868023688968,4.190476190476191,0.9999999999999998,5,1990-2010,1.8562033148627064,1990-2010,11.423664708826262,2.3342728756134843
block,Kozhikode,Perambra,days_ge_32,0.0430269113994185,0.0,0.9999999999999998,5,1990-2010,0.0341373011976259,1990-2010,0.008889610201792603,-0.0341373011976259
block,Kozhikode,Thodannur,annual_mean,27.240466267192488,27.240466267192488,0.9999999999999992,3,1990-2010,27.22904350644066,1990-2010,0.011422760751827354,0.011422760751827354
block,Kozhikode,Thodannur,days_ge_28,114.96458229039888,114.9047619047619,0.9999999999999992,3,1990-2010,95.38095238095238,1990-2010,19.5836299094465,19.52380952380952
block,Kozhikode,Thodannur,days_ge_30,19.217291579107822,19.142857142857142,0.9999999999999992,3,1990-2010,11.523809523809524,1990-2010,7.693482055298299,7.619047619047619
block,Kozhikode,Thodannur,days_ge_32,0.0894408702845491,0.0952380952380952,0.9999999999999992,3,1990-2010,0.238095238095238,1990-2010,-0.14865436781068891,-0.1428571428571428
block,Kozhikode,Thuneri,annual_mean,27.014911837270628,27.014911837270628,1.0000000131138267,4,1990-2010,26.98366106369353,1990-2010,0.03125077357709927,0.03125077357709927
block,Kozhikode,Thuneri,days_ge_28,108.93103887839392,102.28571428571428,1.0000000131138267,4,1990-2010,89.8857819915712,1990-2010,19.045256886822713,12.39993229414307
block,Kozhikode,Thuneri,days_ge_30,18.179182151630023,14.38095238095238,1.0000000131138267,4,1990-2010,11.691540290047138,1990-2010,6.487641861582885,2.6894120909052415
block,Kozhikode,Thuneri,days_ge_32,0.0862407185807349,0.0476190476190476,1.0000000131138267,4,1990-2010,0.2385975762571886,1990-2010,-0.1523568576764537,-0.19097852863814102
block,Kozhikode,Vadakara,annual_mean,27.502436927485768,27.502436927485768,1.000000000227519,3,1990-2010,27.22904350644066,1990-2010,0.2733934210451068,0.2733934210451068
block,Kozhikode,Vadakara,days_ge_28,133.27278109407337,133.1904761904762,1.000000000227519,3,1990-2010,95.38095238095238,1990-2010,37.89182871312099,37.809523809523824
block,Kozhikode,Vadakara,days_ge_30,26.985933031620487,26.23809523809524,1.000000000227519,3,1990-2010,11.523809523809524,1990-2010,15.462123507810963,14.714285714285717
block,Kozhikode,Vadakara,days_ge_32,0.128779812704035,0.0952380952380952,1.000000000227519,3,1990-2010,0.238095238095238,1990-2010,-0.10931542539120301,-0.1428571428571428
block,Malappuram,Areakode,annual_mean,26.856045779812128,26.856045779812128,1.0000000000000002,5,1990-2010,26.92018387696585,1990-2010,-0.0641380971537231,-0.0641380971537231
block,Malappuram,Areakode,days_ge_28,94.07276339890602,93.61904761904762,1.0000000000000002,5,1990-2010,88.93259778737679,1990-2010,5.140165611529227,4.686449831670828
block,Malappuram,Areakode,days_ge_30,13.07439908029646,12.904761904761903,1.0000000000000002,5,1990-2010,13.747971785838423,1990-2010,-0.6735727055419627,-0.8432098810765201
block,Malappuram,Areakode,days_ge_32,0.0972396511479821,0.0952380952380952,1.0000000000000002,5,1990-2010,0.430353938105542,1990-2010,-0.3331142869575599,-0.3351158428674468
block,Malappuram,Kalikavu,annual_mean,26.11569662416979,26.11569662416979,1.0000000000000018,5,1990-2010,24.925759342989284,1990-2010,1.1899372811805051,1.1899372811805051
block,Malappuram,Kalikavu,days_ge_28,83.89047126352321,66.04761904761905,1.0000000000000018,5,1990-2010,18.927426951803323,1990-2010,64.96304431171988,47.120192095815725
block,Malappuram,Kalikavu,days_ge_30,11.191211385528318,2.4285714285714284,1.0000000000000018,5,1990-2010,0.5652598470075242,1990-2010,10.625951538520793,1.863311581563904
block,Malappuram,Kalikavu,days_ge_32,0.0833123054581683,0.0,1.0000000000000018,5,1990-2010,0.0,1990-2010,0.0833123054581683,0.0
block,Malappuram,Kondotty,annual_mean,27.23136759414057,27.23136759414057,1.0000000000000009,4,1990-2010,27.358405893269563,1990-2010,-0.12703829912899423,-0.12703829912899423
block,Malappuram,Kondotty,days_ge_28,113.07284088972462,109.04761904761904,1.0000000000000009,4,1990-2010,104.33466856130131,1990-2010,8.738172328423303,4.712950486317723
block,Malappuram,Kondotty,days_ge_30,18.761565193588982,18.38095238095238,1.0000000000000009,4,1990-2010,14.328032883037888,1990-2010,4.433532310551094,4.052919497914491
block,Malappuram,Kondotty,days_ge_32,0.1365241251831315,0.0952380952380952,1.0000000000000009,4,1990-2010,0.5334381626384741,1990-2010,-0.3969140374553426,-0.43820006740037887
block,Malappuram,Kuttippuram,annual_mean,27.51084420778189,27.51084420778189,1.0000000358097192,7,1990-2010,27.451347030691096,1990-2010,0.05949717709079394,0.05949717709079394
block,Malappuram,Kuttippuram,days_ge_28,130.0462215871559,128.42857142857142,1.0000000358097192,7,1990-2010,110.97306362966022,1990-2010,19.073157957495695,17.4555077989112
block,Malappuram,Kuttippuram,days_ge_30,30.208198448594324,29.23809523809524,1.0000000358097192,7,1990-2010,17.924336425831903,1990-2010,12.28386202276242,11.313758812263337
block,Malappuram,Kuttippuram,days_ge_32,0.1962075582500328,0.1904761904761904,1.0000000358097192,7,1990-2010,0.6238649316199867,1990-2010,-0.4276573733699539,-0.4333887411437963
block,Malappuram,Malappuram,annual_mean,27.072004853309554,27.072004853309554,1.000000008945913,6,1990-2010,27.552519805658623,1990-2010,-0.4805149523490684,-0.4805149523490684
block,Malappuram,Malappuram,days_ge_28,105.07245376689932,103.14285714285714,1.000000008945913,6,1990-2010,119.72816932092653,1990-2010,-14.65571555402721,-16.585312178069387
block,Malappuram,Malappuram,days_ge_30,19.510586621231862,19.19047619047619,1.000000008945913,6,1990-2010,20.14677379779146,1990-2010,-0.6361871765595986,-0.9562976073152711
block,Malappuram,Malappuram,days_ge_32,0.1446582349140896,0.1428571428571428,1.000000008945913,6,1990-2010,0.6198963005991298,1990-2010,-0.47523806568504023,-0.477039157741987
block,Malappuram,Mankada,annual_mean,27.268536129818784,27.268536129818784,1.000000046988535,5,1990-2010,27.50629479993653,1990-2010,-0.23775867011774565,-0.23775867011774565
block,Malappuram,Mankada,days_ge_28,114.58178569927938,113.76190476190476,1.000000046988535,5,1990-2010,115.7430624605124,1990-2010,-1.161276761233026,-1.981157698607646
block,Malappuram,Mankada,days_ge_30,26.67197986305602,26.666666666666668,1.000000046988535,5,1990-2010,19.109914536151464,1990-2010,7.5620653269045555,7.5567521305152034
block,Malappuram,Mankada,days_ge_32,0.2127946310303456,0.1904761904761904,1.000000046988535,5,1990-2010,0.6190476190476191,1990-2010,-0.4062529880172735,-0.42857142857142866
block,Malappuram,Nilambur,annual_mean,26.03485365853093,26.03485365853093,0.9999999756256994,7,1990-2010,25.504137598295717,1990-2010,0.5307160602352141,0.5307160602352141
block,Malappuram,Nilambur,days_ge_28,78.18460134565888,64.76190476190476,0.9999999756256994,7,1990-2010,21.489168508157512,1990-2010,56.695432837501365,43.27273625374725
block,Malappuram,Nilambur,days_ge_30,10.472823689099949,2.8095238095238093,0.9999999756256994,7,1990-2010,0.6578563176486311,1990-2010,9.814967371451317,2.151667491875178
block,Malappuram,Nilambur,days_ge_32,0.0773065622996001,0.0,0.9999999756256994,7,1990-2010,0.0,1990-2010,0.0773065622996001,0.0
block,Malappuram,Perinthalmanna,annual_mean,26.978434851531645,26.978434851531645,1.0000000000000009,6,1990-2010,27.155982680773874,1990-2010,-0.17754782924222923,-0.17754782924222923
block,Malappuram,Perinthalmanna,days_ge_28,102.29560958456746,99.23809523809524,1.0000000000000009,6,1990-2010,103.16096302055864,1990-2010,-0.8653534359911816,-3.922867782463399
block,Malappuram,Perinthalmanna,days_ge_30,22.734530326088134,19.38095238095238,1.0000000000000009,6,1990-2010,16.989463142562858,1990-2010,5.745067183525276,2.3914892383895214
block,Malappuram,Perinthalmanna,days_ge_32,0.1944112707011311,0.0952380952380952,1.0000000000000009,6,1990-2010,0.5550295954799146,1990-2010,-0.36061832477878353,-0.45979150024181936
block,Malappuram,Perumpadappu,annual_mean,27.90306863029248,27.903068630292477,0.9999999985408176,4,1990-2010,27.301985800086403,1990-2010,0.601082830206078,0.6010828302060744
block,Malappuram,Perumpadappu,days_ge_28,159.6684629675963,159.1904761904762,0.9999999985408176,4,1990-2010,99.18650437598572,1990-2010,60.48195859161058,60.003971814490484
block,Malappuram,Perumpadappu,days_ge_30,41.79324530936501,42.095238095238095,0.9999999985408176,4,1990-2010,16.873433922823057,1990-2010,24.919811386541955,25.221804172415037
block,Malappuram,Perumpadappu,days_ge_32,0.285526417842843,0.2857142857142857,0.9999999985408176,4,1990-2010,0.7036126987049717,1990-2010,-0.4180862808621287,-0.417898412990686
block,Malappuram,Ponnani,annual_mean,27.82227446883157,27.82227446883157,0.9999997267142592,4,1990-2010,27.53983572829976,1990-2010,0.2824387405318092,0.2824387405318092
block,Malappuram,Ponnani,days_ge_28,153.0353987600783,151.9047619047619,0.9999997267142592,4,1990-2010,117.38161147130783,1990-2010,35.65378728877046,34.52315043345406
block,Malappuram,Ponnani,days_ge_30,39.67717446905986,39.71428571428572,0.9999997267142592,4,1990-2010,21.70162965477489,1990-2010,17.975544814284966,18.01265605951083
block,Malappuram,Ponnani,days_ge_32,0.2741649373427192,0.2857142857142857,0.9999997267142592,4,1990-2010,0.7897877031871455,1990-2010,-0.5156227658444263,-0.5040734174728598
block,Malappuram,Tanur,annual_mean,27.68909120475108,27.68909120475108,0.9999997940527288,4,1990-2010,27.59835152574631,1990-2010,0.09073967900476987,0.09073967900476987
block,Malappuram,Tanur,days_ge_28,141.9295928894625,139.23809523809524,0.9999997940527288,4,1990-2010,121.69150324588058,1990-2010,20.238089643581915,17.54659199221466
block,Malappuram,Tanur,days_ge_30,32.99528765444628,32.19047619047619,0.9999997940527288,4,1990-2010,23.785740361041128,1990-2010,9.209547293405151,8.404735829435062
block,Malappuram,Tanur,days_ge_32,0.1894635970378019,0.1904761904761904,0.9999997940527288,4,1990-2010,0.8757526875264735,1990-2010,-0.6862890904886716,-0.6852764970502832
block,Malappuram,Tirur,annual_mean,27.79570507328098,27.79570507328098,0.999999950252786,4,1990-2010,27.61761315186917,1990-2010,0.17809192141181285,0.17809192141181285
block,Malappuram,Tirur,days_ge_28,149.18570140972875,149.1904761904762,0.999999950252786,4,1990-2010,123.10822392963252,1990-2010,26.077477480096235,26.08225226084369
block,Malappuram,Tirur,days_ge_30,36.36189316000237,35.857142857142854,0.999999950252786,4,1990-2010,24.522541455854878,1990-2010,11.83935170414749,11.334601401287976
block,Malappuram,Tirur,days_ge_32,0.2222104677828326,0.238095238095238,0.999999950252786,4,1990-2010,0.900712695117454,1990-2010,-0.6785022273346214,-0.662617457022216
block,Malappuram,Tirurangadi,annual_mean,27.658281931816408,27.658281931816408,0.9999999886556188,6,1990-2010,27.3334137992186,1990-2010,0.3248681325978069,0.3248681325978069
block,Malappuram,Tirurangadi,days_ge_28,138.47324160189524,137.04761904761904,0.9999999886556188,6,1990-2010,102.2012385527515,1990-2010,36.272003049143734,34.84638049486753
block,Malappuram,Tirurangadi,days_ge_30,30.05016556886825,28.80952380952381,0.9999999886556188,6,1990-2010,13.660668784152486,1990-2010,16.38949678471576,15.148855025371324
block,Malappuram,Tirurangadi,days_ge_32,0.190769654705819,0.1428571428571428,0.9999999886556188,6,1990-2010,0.5348588217274699,1990-2010,-0.34408916702165093,-0.3920016788703271
block,Malappuram,Vengara,annual_mean,27.395766011981664,27.395766011981664,0.9999999864507424,5,1990-2010,27.396371075319003,1990-2010,-0.0006050633373391179,-0.0006050633373391179
block,Malappuram,Vengara,days_ge_28,122.17416144561729,120.0,0.9999999864507424,5,1990-2010,107.16174565782444,1990-2010,15.012415787792847,12.83825434217556
block,Malappuram,Vengara,days_ge_30,23.717358603703747,22.904761904761905,0.9999999864507424,5,1990-2010,15.628505090264763,1990-2010,8.088853513438984,7.276256814497142
block,Malappuram,Vengara,days_ge_32,0.1652789026055883,0.1428571428571428,0.9999999864507424,5,1990-2010,0.5710609743604375,1990-2010,-0.40578207175484915,-0.42820383150329466
block,Malappuram,Wandoor,annual_mean,26.84459991256377,26.84459991256377,0.9999999999999988,4,1990-2010,26.816974884607397,1990-2010,0.027625027956371895,0.027625027956371895
block,Malappuram,Wandoor,days_ge_28,93.76117197478798,93.61904761904762,0.9999999999999988,4,1990-2010,85.82931764616463,1990-2010,7.931854328623359,7.789729972882995
block,Malappuram,Wandoor,days_ge_30,13.219653913354197,13.0,0.9999999999999988,4,1990-2010,13.79143646312298,1990-2010,-0.5717825497687841,-0.7914364631229809
block,Malappuram,Wandoor,days_ge_32,0.0986059605555866,0.0952380952380952,0.9999999999999988,4,1990-2010,0.4100811058643377,1990-2010,-0.3114751453087511,-0.31484301062624254
block,Palakkad,Alathur,annual_mean,26.70886546440876,26.70886546440876,1.0000000000000009,5,1990-2010,26.91200756660608,1990-2010,-0.20314210219731876,-0.20314210219731876
block,Palakkad,Alathur,days_ge_28,92.77792489884264,91.85714285714286,1.0000000000000009,5,1990-2010,82.61953716057963,1990-2010,10.158387738263016,9.237605696563236
block,Palakkad,Alathur,days_ge_30,20.304468608342127,19.80952380952381,1.0000000000000009,5,1990-2010,10.840301264670211,1990-2010,9.464167343671916,8.969222544853599
block,Palakkad,Alathur,days_ge_32,0.1649685248926617,0.1904761904761904,1.0000000000000009,5,1990-2010,0.2661136816012439,1990-2010,-0.10114515670858218,-0.07563749112505347
block,Palakkad,Attappadi,annual_mean,25.043222282044333,25.043222282044333,1.0000000000000016,6,1990-2010,24.291270530572625,1990-2010,0.751951751471708,0.751951751471708
block,Palakkad,Attappadi,days_ge_28,48.074209885823095,27.38095238095238,1.0000000000000016,6,1990-2010,8.860094689322837,1990-2010,39.21411519650026,18.520857691629544
block,Palakkad,Attappadi,days_ge_30,1.5595178289683196,0.1904761904761904,1.0000000000000016,6,1990-2010,0.4798824142319592,1990-2010,1.0796354147363605,-0.2894062237557688
block,Palakkad,Attappadi,days_ge_32,0.0005474520275822,0.0,1.0000000000000016,6,1990-2010,0.0121381826342738,1990-2010,-0.011590730606691598,-0.0121381826342738
block,Palakkad,Chittur,annual_mean,25.79206504923338,25.79206504923338,0.9999999999999992,5,1990-2010,27.29753197066044,1990-2010,-1.505466921427061,-1.505466921427061
block,Palakkad,Chittur,days_ge_28,60.44139151554375,59.523809523809526,0.9999999999999992,5,1990-2010,108.04314399678395,1990-2010,-47.601752481240204,-48.51933447297443
block,Palakkad,Chittur,days_ge_30,6.417461472657062,4.190476190476191,0.9999999999999992,5,1990-2010,16.26981756111946,1990-2010,-9.852356088462397,-12.07934137064327
block,Palakkad,Chittur,days_ge_32,0.0,0.0,0.9999999999999992,5,1990-2010,0.4631460131697426,1990-2010,-0.4631460131697426,-0.4631460131697426
block,Palakkad,Kollengode,annual_mean,25.883485809841595,25.883485809841595,0.9999999999999992,5,1990-2010,26.548471509924163,1990-2010,-0.6649857000825676,-0.6649857000825676
block,Palakkad,Kollengode,days_ge_28,63.70909098836788,62.80952380952381,0.9999999999999992,5,1990-2010,79.6757350381053,1990-2010,-15.966644049737418,-16.86621122858149
block,Palakkad,Kollengode,days_ge_30,7.116570924417982,5.0,0.9999999999999992,5,1990-2010,11.60433340773041,1990-2010,-4.487762483312428,-6.60433340773041
block,Palakkad,Kollengode,days_ge_32,0.0042983989888301,0.0,0.9999999999999992,5,1990-2010,0.3284471969609559,1990-2010,-0.3241487979721258,-0.3284471969609559
block,Palakkad,Kuzhalmannam,annual_mean,26.585224473934485,26.585224473934485,0.9999999999999982,5,1990-2010,27.070695878273064,1990-2010,-0.48547140433857905,-0.48547140433857905
block,Palakkad,Kuzhalmannam,days_ge_28,87.38338596723699,86.57142857142857,0.9999999999999982,5,1990-2010,87.88948639840115,1990-2010,-0.5061004311641568,-1.3180578269725771
block,Palakkad,Kuzhalmannam,days_ge_30,16.89587459922964,16.285714285714285,0.9999999999999982,5,1990-2010,11.183779713057008,1990-2010,5.712094886172631,5.101934572657276
block,Palakkad,Kuzhalmannam,days_ge_32,0.1146131077678162,0.1428571428571428,0.9999999999999982,5,1990-2010,0.2716172182938272,1990-2010,-0.157004110526011,-0.12876007543668438
block,Palakkad,Malampuzha,annual_mean,25.94220314745676,25.94220314745676,1.000000000000002,6,1990-2010,26.79668317794734,1990-2010,-0.8544800304905813,-0.8544800304905813
block,Palakkad,Malampuzha,days_ge_28,63.02900637319245,61.80952380952381,1.000000000000002,6,1990-2010,75.6450020243152,1990-2010,-12.615995651122752,-13.835478214791394
block,Palakkad,Malampuzha,days_ge_30,6.865672232421277,3.9047619047619047,1.000000000000002,6,1990-2010,8.393770099620179,1990-2010,-1.5280978671989018,-4.489008194858274
block,Palakkad,Malampuzha,days_ge_32,0.0,0.0,1.000000000000002,6,1990-2010,0.2063729601476054,1990-2010,-0.2063729601476054,-0.2063729601476054
block,Palakkad,Mannarkad,annual_mean,25.85094675585613,25.85094675585613,1.0000000000000029,7,1990-2010,26.092341659900768,1990-2010,-0.2413949040446397,-0.2413949040446397
block,Palakkad,Mannarkad,days_ge_28,60.83273922783492,60.76190476190476,1.0000000000000029,7,1990-2010,55.23733046386735,1990-2010,5.595408763967569,5.5245742980374075
block,Palakkad,Mannarkad,days_ge_30,3.005026655432253,2.4761904761904763,1.0000000000000029,7,1990-2010,7.173161997425554,1990-2010,-4.168135341993301,-4.696971521235078
block,Palakkad,Mannarkad,days_ge_32,0.00733672581074,0.0,1.0000000000000029,7,1990-2010,0.2301007084963807,1990-2010,-0.2227639826856407,-0.2301007084963807
block,Palakkad,Nemmara,annual_mean,26.017499550518306,26.017499550518306,0.9999999901986212,5,1990-2010,25.813290477585785,1990-2010,0.204209072932521,0.204209072932521
block,Palakkad,Nemmara,days_ge_28,68.12990773925287,67.52380952380952,0.9999999901986212,5,1990-2010,44.80657403935583,1990-2010,23.32333369989704,22.71723548445369
block,Palakkad,Nemmara,days_ge_30,8.335888293534474,7.523809523809524,0.9999999901986212,5,1990-2010,5.572653493175088,1990-2010,2.7632348003593856,1.9511560306344355
block,Palakkad,Nemmara,days_ge_32,0.0110927485464086,0.0,0.9999999901986212,5,1990-2010,0.1261991014019512,1990-2010,-0.1151063528555426,-0.1261991014019512
block,Palakkad,Ottappalam,annual_mean,27.147008420162024,27.147008420162024,1.0000000001086031,5,1990-2010,27.67472417876012,1990-2010,-0.5277157585980952,-0.5277157585980952
block,Palakkad,Ottappalam,days_ge_28,110.60865393858114,107.57142857142856,1.0000000001086031,5,1990-2010,132.7921014871096,1990-2010,-22.18344754852845,-25.220672915681035
block,Palakkad,Ottappalam,days_ge_30,28.15192729982206,26.09523809523809,1.0000000001086031,5,1990-2010,22.86606146675748,1990-2010,5.28586583306458,3.2291766284806123
block,Palakkad,Ottappalam,days_ge_32,0.197904363752334,0.238095238095238,1.0000000001086031,5,1990-2010,0.7547654666236739,1990-2010,-0.5568611028713399,-0.5166702285284359
block,Palakkad,Palakkad,annual_mean,26.237974548407838,26.23797454840784,0.9999999999999988,5,1990-2010,26.849222110526604,1990-2010,-0.6112475621187663,-0.6112475621187627
block,Palakkad,Palakkad,days_ge_28,73.39031247477845,73.14285714285714,0.9999999999999988,5,1990-2010,78.45924008927062,1990-2010,-5.068927614492168,-5.3163829464134835
block,Palakkad,Palakkad,days_ge_30,8.69173214449805,8.571428571428571,0.9999999999999988,5,1990-2010,9.408111999228217,1990-2010,-0.7163798547301656,-0.8366834277996453
block,Palakkad,Palakkad,days_ge_32,0.001880598169513,0.0,0.9999999999999988,5,1990-2010,0.2925486520154905,1990-2010,-0.2906680538459775,-0.2925486520154905
block,Palakkad,Pattambi,annual_mean,27.365482260697327,27.365482260697327,0.9999999838440168,7,1990-2010,27.49225145264428,1990-2010,-0.12676919194695202,-0.12676919194695202
block,Palakkad,Pattambi,days_ge_28,120.17026526369652,120.1904761904762,0.9999999838440168,7,1990-2010,115.01732270185668,1990-2010,5.152942561839836,5.173153488619519
block,Palakkad,Pattambi,days_ge_30,32.28170549191251,32.19047619047619,0.9999999838440168,7,1990-2010,18.790857087080852,1990-2010,13.49084840483166,13.399619103395338
block,Palakkad,Pattambi,days_ge_32,0.2498935575938595,0.238095238095238,0.9999999838440168,7,1990-2010,0.645811253890084,1990-2010,-0.3959176962962245,-0.40771601579484595
block,Palakkad,Sreekrishnapuram,annual_mean,26.95659547425358,26.95659547425358,1.0000000000000009,4,1990-2010,27.659298323884315,1990-2010,-0.7027028496307359,-0.7027028496307359
block,Palakkad,Sreekrishnapuram,days_ge_28,103.59621245127342,97.57142857142856,1.0000000000000009,4,1990-2010,131.9787391196796,1990-2010,-28.382526668406186,-34.40731054825105
block,Palakkad,Sreekrishnapuram,days_ge_30,24.28741544148761,18.714285714285715,1.0000000000000009,4,1990-2010,22.67826680098444,1990-2010,1.6091486405031716,-3.9639810866987233
block,Palakkad,Sreekrishnapuram,days_ge_32,0.1767354200984012,0.1428571428571428,1.0000000000000009,4,1990-2010,0.7494975804932633,1990-2010,-0.572762160394862,-0.6066404376361205
block,Palakkad,Trithala,annual_mean,27.52940151400438,27.52940151400438,1.0000000011442869,5,1990-2010,27.380091797829,1990-2010,0.1493097161753809,0.1493097161753809
block,Palakkad,Trithala,days_ge_28,131.43899108749443,129.38095238095238,1.0000000011442869,5,1990-2010,105.5293423009976,1990-2010,25.90964878649683,23.85161007995478
block,Palakkad,Trithala,days_ge_30,35.38904631984571,34.80952380952381,1.0000000011442869,5,1990-2010,16.581222762362504,1990-2010,18.807823557483207,18.228301047161306
block,Palakkad,Trithala,days_ge_32,0.2526685049583603,0.238095238095238,1.0000000011442869,5,1990-2010,0.5944815981043929,1990-2010,-0.34181309314603264,-0.3563863600091549
block,Pathanamthitta,Elanthoor,annual_mean,26.995837791167883,26.995837791167883,0.9999999999999974,8,1990-2010,27.06509159458676,1990-2010,-0.06925380341887788,-0.06925380341887788
block,Pathanamthitta,Elanthoor,days_ge_28,102.73626267195876,99.8095238095238,0.9999999999999974,8,1990-2010,66.54172802262204,1990-2010,36.19453464933672,33.26779578690176
block,Pathanamthitta,Elanthoor,days_ge_30,14.901079707355152,13.952380952380953,0.9999999999999974,8,1990-2010,4.380487960299164,1990-2010,10.520591747055988,9.57189299208179
block,Pathanamthitta,Elanthoor,days_ge_32,0.0,0.0,0.9999999999999974,8,1990-2010,0.0,1990-2010,0.0,0.0
block,Pathanamthitta,Koipuram,annual_mean,27.28993084411664,27.28993084411664,0.9999999878855238,9,1990-2010,27.214792891128663,1990-2010,0.07513795298797632,0.07513795298797632
block,Pathanamthitta,Koipuram,days_ge_28,125.995618069682,117.57142857142856,0.9999999878855238,9,1990-2010,76.17104955543186,1990-2010,49.82456851425013,41.40037901599669
block,Pathanamthitta,Koipuram,days_ge_30,21.85801681030461,20.047619047619047,0.9999999878855238,9,1990-2010,5.85490125212486,1990-2010,16.00311555817975,14.192717795494188
block,Pathanamthitta,Koipuram,days_ge_32,0.0,0.0,0.9999999878855238,9,1990-2010,0.0,1990-2010,0.0,0.0
block,Pathanamthitta,Konni,annual_mean,26.88099761822325,26.88099761822325,1.0000000000000004,6,1990-2010,25.77641840730584,1990-2010,1.1045792109174108,1.1045792109174108
block,Pathanamthitta,Konni,days_ge_28,95.63885830562826,94.71428571428572,1.0000000000000004,6,1990-2010,23.947495582406354,1990-2010,71.69136272322191,70.76679013187936
block,Pathanamthitta,Konni,days_ge_30,12.585302312106483,11.61904761904762,1.0000000000000004,6,1990-2010,0.6989975604584315,1990-2010,11.886304751648051,10.920050058589188
block,Pathanamthitta,Konni,days_ge_32,0.0,0.0,1.0000000000000004,6,1990-2010,0.0,1990-2010,0.0,0.0
block,Pathanamthitta,Mallappally,annual_mean,27.25500351820664,27.25500351820665,0.9999999999999982,5,1990-2010,27.19290736482264,1990-2010,0.06209615338399743,0.06209615338400809
block,Pathanamthitta,Mallappally,days_ge_28,123.73031599072696,116.23809523809524,0.9999999999999982,5,1990-2010,74.86060072077782,1990-2010,48.86971526994914,41.377494517317416
block,Pathanamthitta,Mallappally,days_ge_30,21.43335275129236,20.09523809523809,0.9999999999999982,5,1990-2010,5.6870688657978885,1990-2010,15.746283885494472,14.408169229440203
block,Pathanamthitta,Mallappally,days_ge_32,0.0,0.0,0.9999999999999982,5,1990-2010,0.0,1990-2010,0.0,0.0
block,Pathanamthitta,Pandlam,annual_mean,27.235986629280745,27.235986629280745,1.000000000000001,2,1990-2010,26.896249178243263,1990-2010,0.33973745103748243,0.33973745103748243
block,Pathanamthitta,Pandlam,days_ge_28,113.48293914229532,111.9047619047619,1.000000000000001,2,1990-2010,53.5385298636974,1990-2010,59.944409278597924,58.3662320410645
block,Pathanamthitta,Pandlam,days_ge_30,18.35534314737951,17.952380952380953,1.000000000000001,2,1990-2010,1.430181783678433,1990-2010,16.92516136370108,16.52219916870252
block,Pathanamthitta,Pandlam,days_ge_32,0.0,0.0,1.000000000000001,2,1990-2010,0.0,1990-2010,0.0,0.0
block,Pathanamthitta,Parakode,annual_mean,27.40723961690857,27.40723961690857,1.0000000015193424,6,1990-2010,26.89139327404171,1990-2010,0.5158463428668583,0.5158463428668583
block,Pathanamthitta,Parakode,days_ge_28,123.67733148920688,121.23809523809524,1.0000000015193424,6,1990-2010,52.1227294510486,1990-2010,71.55460203815828,69.11536578704664
block,Pathanamthitta,Parakode,days_ge_30,21.620028928436906,21.33333333333333,1.0000000015193424,6,1990-2010,1.4584977919314088,1990-2010,20.161531136505495,19.87483554140192
block,Pathanamthitta,Parakode,days_ge_32,0.0,0.0,1.0000000015193424,6,1990-2010,0.0,1990-2010,0.0,0.0
block,Pathanamthitta,Pulikeezhu,annual_mean,27.75000216078881,27.75000216078881,0.9999999348873564,7,1990-2010,27.263101966111712,1990-2010,0.4869001946770979,0.4869001946770979
block,Pathanamthitta,Pulikeezhu,days_ge_28,155.09433460801444,154.8095238095238,0.9999999348873564,7,1990-2010,79.6440922096491,1990-2010,75.45024239836533,75.1654315998747
block,Pathanamthitta,Pulikeezhu,days_ge_30,28.90513217387472,28.761904761904763,0.9999999348873564,7,1990-2010,6.600155566958748,1990-2010,22.30497660691597,22.161749194946015
block,Pathanamthitta,Pulikeezhu,days_ge_32,0.0,0.0,0.9999999348873564,7,1990-2010,0.0145929905121575,1990-2010,-0.0145929905121575,-0.0145929905121575
block,Pathanamthitta,Ranni,annual_mean,25.826953053447838,25.826953053447838,1.0000000000000009,6,1990-2010,24.59572108018664,1990-2010,1.231231973261199,1.231231973261199
block,Pathanamthitta,Ranni,days_ge_28,60.59599534154468,56.04761904761905,1.0000000000000009,6,1990-2010,16.06466166410075,1990-2010,44.531333677443925,39.9829573835183
block,Pathanamthitta,Ranni,days_ge_30,3.316557236357118,1.5238095238095235,1.0000000000000009,6,1990-2010,0.5269756869705249,1990-2010,2.789581549386593,0.9968338368389986
block,Pathanamthitta,Ranni,days_ge_32,0.0,0.0,1.0000000000000009,6,1990-2010,0.0,1990-2010,0.0,0.0
block,Thiruvananthapuram,Athiyannoor,annual_mean,27.31081080926395,27.31081080926395,0.999999999273217,4,1990-2010,26.62169364204649,1990-2010,0.6891171672174572,0.6891171672174572
block,Thiruvananthapuram,Athiyannoor,days_ge_28,105.8810753950605,105.38095238095238,0.999999999273217,4,1990-2010,36.48733851532283,1990-2010,69.39373687973767,68.89361386562955
block,Thiruvananthapuram,Athiyannoor,days_ge_30,13.28032189348609,13.142857142857142,0.999999999273217,4,1990-2010,0.2538823453002419,1990-2010,13.026439548185847,12.8889747975569
block,Thiruvananthapuram,Athiyannoor,days_ge_32,0.0,0.0,0.999999999273217,4,1990-2010,0.0,1990-2010,0.0,0.0
block,Thiruvananthapuram,Chirayinkeezhu,annual_mean,27.382703173673928,27.382703173673928,1.0000000060524854,4,1990-2010,26.68272295019868,1990-2010,0.6999802234752472,0.6999802234752472
block,Thiruvananthapuram,Chirayinkeezhu,days_ge_28,112.77668386184342,112.28571428571428,1.0000000060524854,4,1990-2010,42.03610600821935,1990-2010,70.74057785362407,70.24960827749493
block,Thiruvananthapuram,Chirayinkeezhu,days_ge_30,14.330594767440768,14.19047619047619,1.0000000060524854,4,1990-2010,0.4628531407587207,1990-2010,13.867741626682047,13.727623049717469
block,Thiruvananthapuram,Chirayinkeezhu,days_ge_32,0.0,0.0,1.0000000060524854,4,1990-2010,0.0,1990-2010,0.0,0.0
block,Thiruvananthapuram,Kilimanoor,annual_mean,27.45375743898196,27.45375743898196,1.0000000000000002,7,1990-2010,26.761610698821773,1990-2010,0.6921467401601866,0.6921467401601866
block,Thiruvananthapuram,Kilimanoor,days_ge_28,119.08065229342624,119.04761904761904,1.0000000000000002,7,1990-2010,44.72844139286256,1990-2010,74.35221090056368,74.31917765475649
block,Thiruvananthapuram,Kilimanoor,days_ge_30,16.23853395995224,16.142857142857142,1.0000000000000002,7,1990-2010,0.6981980312506771,1990-2010,15.540335928701563,15.444659111606466
block,Thiruvananthapuram,Kilimanoor,days_ge_32,0.0,0.0,1.0000000000000002,7,1990-2010,0.0,1990-2010,0.0,0.0
block,Thiruvananthapuram,Nedumangad,annual_mean,27.287061586318607,27.287061586318607,1.000000000000001,3,1990-2010,26.238640564076903,1990-2010,1.0484210222417047,1.0484210222417047
block,Thiruvananthapuram,Nedumangad,days_ge_28,106.93883008917608,106.52380952380952,1.000000000000001,3,1990-2010,30.235075835924537,1990-2010,76.70375425325155,76.28873368788499
block,Thiruvananthapuram,Nedumangad,days_ge_30,13.535975262314388,13.571428571428571,1.000000000000001,3,1990-2010,0.3253327642514914,1990-2010,13.210642498062896,13.24609580717708
block,Thiruvananthapuram,Nedumangad,days_ge_32,0.0,0.0,1.000000000000001,3,1990-2010,0.0,1990-2010,0.0,0.0
block,Thiruvananthapuram,Nemom,annual_mean,27.327337529722637,27.327337529722637,1.0000000006447098,4,1990-2010,26.283406183169767,1990-2010,1.0439313465528706,1.0439313465528706
block,Thiruvananthapuram,Nemom,days_ge_28,107.66976266314803,107.1904761904762,1.0000000006447098,4,1990-2010,28.242450722349727,1990-2010,79.4273119407983,78.94802546812647
block,Thiruvananthapuram,Nemom,days_ge_30,13.839748963199415,13.761904761904765,1.0000000006447098,4,1990-2010,0.1904899367223353,1990-2010,13.64925902647708,13.57141482518243
block,Thiruvananthapuram,Nemom,days_ge_32,0.0,0.0,1.0000000006447098,4,1990-2010,0.0,1990-2010,0.0,0.0
block,Thiruvananthapuram,Parassala,annual_mean,27.099994876822755,27.099994876822755,1.0000000000000022,5,1990-2010,26.60932867867606,1990-2010,0.49066619814669465,0.49066619814669465
block,Thiruvananthapuram,Parassala,days_ge_28,92.55210548538868,92.42857142857144,1.0000000000000022,5,1990-2010,35.61904761904762,1990-2010,56.93305786634106,56.809523809523824
block,Thiruvananthapuram,Parassala,days_ge_30,9.011532428473512,8.380952380952381,1.0000000000000022,5,1990-2010,0.238095238095238,1990-2010,8.773437190378274,8.142857142857144
block,Thiruvananthapuram,Parassala,days_ge_32,0.0,0.0,1.0000000000000022,5,1990-2010,0.0,1990-2010,0.0,0.0
block,Thiruvananthapuram,Perumkadavila,annual_mean,27.06006007494965,27.06006007494965,1.0000000000000002,5,1990-2010,25.808448420070043,1990-2010,1.251611654879607,1.251611654879607
block,Thiruvananthapuram,Perumkadavila,days_ge_28,93.03494561125989,92.33333333333331,1.0000000000000002,5,1990-2010,18.262995810113605,1990-2010,74.77194980114628,74.0703375232197
block,Thiruvananthapuram,Perumkadavila,days_ge_30,9.335696110665364,8.571428571428571,1.0000000000000002,5,1990-2010,0.1137602707214554,1990-2010,9.221935839943908,8.457668300707116
block,Thiruvananthapuram,Perumkadavila,days_ge_32,0.0,0.0,1.0000000000000002,5,1990-2010,0.0,1990-2010,0.0,0.0
block,Thiruvananthapuram,Pothencode,annual_mean,27.381763828030184,27.381763828030184,0.9999999997498774,7,1990-2010,26.683193096173795,1990-2010,0.698570731856389,0.698570731856389
block,Thiruvananthapuram,Pothencode,days_ge_28,111.7978644929528,111.85714285714286,0.9999999997498774,7,1990-2010,42.270442210886415,1990-2010,69.52742228206638,69.58670064625645
block,Thiruvananthapuram,Pothencode,days_ge_30,15.09711815117772,15.0,0.9999999997498774,7,1990-2010,0.4418602817462843,1990-2010,14.655257869431434,14.558139718253715
block,Thiruvananthapuram,Pothencode,days_ge_32,0.0,0.0,0.9999999997498774,7,1990-2010,0.0,1990-2010,0.0,0.0
block,Thiruvananthapuram,Vamanapuram,annual_mean,27.14838750963206,27.14838750963206,0.9999999999999994,6,1990-2010,25.804275748935165,1990-2010,1.3441117606968938,1.3441117606968938
block,Thiruvananthapuram,Vamanapuram,days_ge_28,101.29833442399202,100.57142857142856,0.9999999999999994,6,1990-2010,18.04683730836287,1990-2010,83.25149711562915,82.52459126306569
block,Thiruvananthapuram,Vamanapuram,days_ge_30,11.898307203408482,11.428571428571429,0.9999999999999994,6,1990-2010,0.1842996012968423,1990-2010,11.71400760211164,11.244271827274586
block,Thiruvananthapuram,Vamanapuram,days_ge_32,0.0,0.0,0.9999999999999994,6,1990-2010,0.0,1990-2010,0.0,0.0
block,Thiruvananthapuram,Varkala,annual_mean,27.53937475865705,27.53937475865705,0.999999993494462,5,1990-2010,26.388048615860708,1990-2010,1.1513261427963428,1.1513261427963428
block,Thiruvananthapuram,Varkala,days_ge_28,124.82687590248304,124.33333333333331,0.999999993494462,5,1990-2010,30.431606769571143,1990-2010,94.39526913291189,93.90172656376217
block,Thiruvananthapuram,Varkala,days_ge_30,16.605839668588175,16.285714285714285,0.999999993494462,5,1990-2010,0.3177285411970879,1990-2010,16.288111127391087,15.967985744517197
block,Thiruvananthapuram,Varkala,days_ge_32,0.0,0.0,0.999999993494462,5,1990-2010,0.0,1990-2010,0.0,0.0
block,Thiruvananthapuram,Vellanad,annual_mean,27.08578316474554,27.08578316474554,1.000000000163395,4,1990-2010,25.274691565253928,1990-2010,1.8110915994916112,1.8110915994916112
block,Thiruvananthapuram,Vellanad,days_ge_28,98.21919592883312,97.14285714285714,1.000000000163395,4,1990-2010,3.9418059516304815,1990-2010,94.27738997720263,93.20105119122665
block,Thiruvananthapuram,Vellanad,days_ge_30,10.905557389079332,10.142857142857142,1.000000000163395,4,1990-2010,0.0082168515392356,1990-2010,10.897340537540096,10.134640291317906
block,Thiruvananthapuram,Vellanad,days_ge_32,0.0,0.0,1.000000000163395,4,1990-2010,0.0,1990-2010,0.0,0.0
block,Thrissur,Anthikkad,annual_mean,27.952914881672683,27.952914881672683,1.0000000007838232,5,1990-2010,26.94448089133097,1990-2010,1.0084339903417145,1.0084339903417145
block,Thrissur,Anthikkad,days_ge_28,162.4037998127191,162.42857142857142,1.0000000007838232,5,1990-2010,71.31358673757441,1990-2010,91.09021307514467,91.114984690997
block,Thrissur,Anthikkad,days_ge_30,50.485232208234656,50.42857142857143,1.0000000007838232,5,1990-2010,6.62930116890186,1990-2010,43.855931039332795,43.79927025966957
block,Thrissur,Anthikkad,days_ge_32,0.3640794179871187,0.2857142857142857,1.0000000007838232,5,1990-2010,0.2467598312030265,1990-2010,0.11731958678409218,0.0389544545112592
block,Thrissur,Chalakkudy,annual_mean,27.608108267006514,27.608108267006514,1.000000000458256,7,1990-2010,25.796766755201617,1990-2010,1.8113415118048977,1.8113415118048977
block,Thrissur,Chalakkudy,days_ge_28,146.79277208265134,134.85714285714286,1.000000000458256,7,1990-2010,37.14377815304767,1990-2010,109.64899392960368,97.7133647040952
block,Thrissur,Chalakkudy,days_ge_30,42.41134009098089,36.66666666666666,1.000000000458256,7,1990-2010,3.132543755432708,1990-2010,39.278796335548186,33.53412291123395
block,Thrissur,Chalakkudy,days_ge_32,0.2037366764040439,0.1904761904761904,1.000000000458256,7,1990-2010,0.1227974441251648,1990-2010,0.08093923227887909,0.06767874635102561
block,Thrissur,Chavakkad,annual_mean,27.85627277679661,27.85627277679661,0.99482008740562,6,1990-2010,27.21164554114056,1990-2010,0.6446272356560527,0.6446272356560527
block,Thrissur,Chavakkad,days_ge_28,155.1851907305446,154.71428571428572,0.99482008740562,6,1990-2010,92.44906167626196,1990-2010,62.73612905428264,62.26522403802376
block,Thrissur,Chavakkad,days_ge_30,40.53122547112875,40.85714285714285,0.99482008740562,6,1990-2010,14.344849425748246,1990-2010,26.186376045380506,26.512293431394603
block,Thrissur,Chavakkad,days_ge_32,0.2833404683291411,0.2857142857142857,0.99482008740562,6,1990-2010,0.6048864224425987,1990-2010,-0.3215459541134576,-0.319172136728313
block,Thrissur,Cherpu,annual_mean,27.947171517063506,27.947171517063506,0.9999999999981184,3,1990-2010,26.94473093460244,1990-2010,1.002440582461066,1.002440582461066
block,Thrissur,Cherpu,days_ge_28,162.10872681650395,161.71428571428572,0.9999999999981184,3,1990-2010,71.33363936233897,1990-2010,90.77508745416498,90.38064635194675
block,Thrissur,Cherpu,days_ge_30,50.858639869323376,50.95238095238095,0.9999999999981184,3,1990-2010,6.636017590208545,1990-2010,44.22262227911483,44.3163633621724
block,Thrissur,Cherpu,days_ge_32,0.3783962144816969,0.2857142857142857,0.9999999999981184,3,1990-2010,0.2470497486695021,1990-2010,0.1313464658121948,0.03866453704478359
block,Thrissur,Chowannur,annual_mean,27.804025828067243,27.804025828067243,1.0000000265754363,6,1990-2010,27.18342617579869,1990-2010,0.6205996522685524,0.6205996522685524
block,Thrissur,Chowannur,days_ge_28,151.7145195133371,150.9047619047619,1.0000000265754363,6,1990-2010,90.47619047619048,1990-2010,61.23832903714663,60.428571428571416
block,Thrissur,Chowannur,days_ge_30,41.27161748257708,41.47619047619048,1.0000000265754363,6,1990-2010,13.047619047619047,1990-2010,28.22399843495803,28.428571428571434
block,Thrissur,Chowannur,days_ge_32,0.2835053733637375,0.2857142857142857,1.0000000265754363,6,1990-2010,0.5238095238095238,1990-2010,-0.24030415044578635,-0.23809523809523814
block,Thrissur,Irinjalakkuda,annual_mean,27.99176270089476,27.99176270089476,1.0000000000000002,3,1990-2010,26.962945353462104,1990-2010,1.028817347432657,1.028817347432657
block,Thrissur,Irinjalakkuda,days_ge_28,165.97530723662624,165.76190476190476,1.0000000000000002,3,1990-2010,72.28150564592188,1990-2010,93.69380159070435,93.48039911598288
block,Thrissur,Irinjalakkuda,days_ge_30,50.70486326118095,50.42857142857143,1.0000000000000002,3,1990-2010,6.574359329188745,1990-2010,44.1305039319922,43.854212099382686
block,Thrissur,Irinjalakkuda,days_ge_32,0.2511506615114023,0.238095238095238,1.0000000000000002,3,1990-2010,0.2502442298133479,1990-2010,0.0009064316980544329,-0.012148991718109875
block,Thrissur,Kodakara,annual_mean,27.97868940652807,27.97868940652807,1.000000062369795,4,1990-2010,27.036539071456748,1990-2010,0.9421503350713216,0.9421503350713216
block,Thrissur,Kodakara,days_ge_28,164.92148206885363,164.85714285714286,1.000000062369795,4,1990-2010,76.72827848573421,1990-2010,88.19320358311943,88.12886437140865
block,Thrissur,Kodakara,days_ge_30,50.35548847050772,50.04761904761905,1.000000062369795,4,1990-2010,6.988012616613148,1990-2010,43.367475853894575,43.0596064310059
block,Thrissur,Kodakara,days_ge_32,0.2644662255760077,0.238095238095238,1.000000062369795,4,1990-2010,0.2847153370987147,1990-2010,-0.02024911152270703,-0.04662009900347672
block,Thrissur,Mala,annual_mean,27.985537547813788,27.985537547813788,0.9999999999999998,4,1990-2010,27.299133159176325,1990-2010,0.6864043886374631,0.6864043886374631
block,Thrissur,Mala,days_ge_28,165.89127486553332,165.28571428571428,0.9999999999999998,4,1990-2010,94.01799392053567,1990-2010,71.87328094499765,71.2677203651786
block,Thrissur,Mala,days_ge_30,50.02191716014776,49.90476190476191,0.9999999999999998,4,1990-2010,11.085328671437155,1990-2010,38.936588488710605,38.81943323332476
block,Thrissur,Mala,days_ge_32,0.2373511637957748,0.238095238095238,0.9999999999999998,4,1990-2010,0.3508684313856148,1990-2010,-0.11351726758983999,-0.1127731932903768
block,Thrissur,Mathilakam,annual_mean,28.134135174470263,28.134135174470263,1.000000054863992,5,1990-2010,26.91693067184668,1990-2010,1.2172045026235843,1.2172045026235843
block,Thrissur,Mathilakam,days_ge_28,178.41389869003655,178.0,1.000000054863992,5,1990-2010,68.59063979729687,1990-2010,109.82325889273967,109.40936020270313
block,Thrissur,Mathilakam,days_ge_30,52.97428563931152,52.90476190476191,1.000000054863992,5,1990-2010,5.89590315112746,1990-2010,47.078382488184054,47.00885875363445
block,Thrissur,Mathilakam,days_ge_32,0.2300279873065395,0.1904761904761904,1.000000054863992,5,1990-2010,0.2017671573924641,1990-2010,0.028260829914075414,-0.011290966916273681
block,Thrissur,Mullassery,annual_mean,27.946240486601543,27.946240486601543,0.9951995470110476,5,1990-2010,27.18342617579869,1990-2010,0.7628143108028524,0.7628143108028524
block,Thrissur,Mullassery,days_ge_28,162.13382009090387,162.04761904761904,0.9951995470110476,5,1990-2010,90.47619047619048,1990-2010,71.65762961471339,71.57142857142856
block,Thrissur,Mullassery,days_ge_30,47.60820505167039,47.38095238095238,0.9951995470110476,5,1990-2010,13.047619047619047,1990-2010,34.560586004051345,34.33333333333333
block,Thrissur,Mullassery,days_ge_32,0.3293225369201965,0.2857142857142857,0.9951995470110476,5,1990-2010,0.5238095238095238,1990-2010,-0.19448698688932736,-0.23809523809523814
block,Thrissur,Ollukkara,annual_mean,27.78389201155723,27.78389201155723,1.0000000013206096,5,1990-2010,27.197752645808063,1990-2010,0.5861393657491689,0.5861393657491689
block,Thrissur,Ollukkara,days_ge_28,152.17178422827345,148.76190476190476,1.0000000013206096,5,1990-2010,90.62450927099256,1990-2010,61.54727495728089,58.1373954909122
block,Thrissur,Ollukkara,days_ge_30,46.91214190630713,46.19047619047619,1.0000000013206096,5,1990-2010,11.446488918579975,1990-2010,35.465652987727154,34.743987271896216
block,Thrissur,Ollukkara,days_ge_32,0.3679459583825209,0.2857142857142857,1.0000000013206096,5,1990-2010,0.3487911369466757,1990-2010,0.019154821435845237,-0.06307685123238999
block,Thrissur,Pazhayannur,annual_mean,27.47959193920935,27.479591939209342,0.9999999981603822,5,1990-2010,27.28947245800912,1990-2010,0.19011948120023092,0.19011948120022382
block,Thrissur,Pazhayannur,days_ge_28,130.4893636195279,127.28571428571428,0.9999999981603822,5,1990-2010,98.17414258538275,1990-2010,32.31522103414514,29.111571700331524
block,Thrissur,Pazhayannur,days_ge_30,37.7653619310134,36.80952380952381,0.9999999981603822,5,1990-2010,13.31545499969806,1990-2010,24.44990693131534,23.494068809825748
block,Thrissur,Pazhayannur,days_ge_32,0.2294891638588423,0.238095238095238,0.9999999981603822,5,1990-2010,0.3487468542100029,1990-2010,-0.1192576903511606,-0.1106516161147649
block,Thrissur,Puzhakkal,annual_mean,27.89527301013373,27.89527301013373,0.9999999985328444,4,1990-2010,27.15403330508959,1990-2010,0.7412397050441406,0.7412397050441406
block,Thrissur,Puzhakkal,days_ge_28,158.17022516600076,157.9047619047619,0.9999999985328444,4,1990-2010,88.08700786571247,1990-2010,70.0832173002883,69.81775403904943
block,Thrissur,Puzhakkal,days_ge_30,49.72744134079353,49.90476190476191,0.9999999985328444,4,1990-2010,12.172131544046376,1990-2010,37.55530979674715,37.73263036071553
block,Thrissur,Puzhakkal,days_ge_32,0.3854913553867434,0.3333333333333333,0.9999999985328444,4,1990-2010,0.4797364425645082,1990-2010,-0.09424508717776481,-0.1464031092311749
block,Thrissur,Thalikkulam,annual_mean,28.02527374920889,28.02527374920889,0.974641086801624,7,1990-2010,26.98767195888876,1990-2010,1.037601790320128,1.037601790320128
block,Thrissur,Thalikkulam,days_ge_28,167.95425074929597,167.71428571428572,0.974641086801624,7,1990-2010,74.7773642902527,1990-2010,93.17688645904326,92.93692142403302
block,Thrissur,Thalikkulam,days_ge_30,49.046710566369015,48.90476190476191,0.974641086801624,7,1990-2010,7.789457987750736,1990-2010,41.25725257861828,41.115303917011175
block,Thrissur,Thalikkulam,days_ge_32,0.2670348457435642,0.2857142857142857,0.974641086801624,7,1990-2010,0.2968385428080139,1990-2010,-0.02980369706444974,-0.011124257093728218
block,Thrissur,Vellangallur,annual_mean,27.995622760093266,27.995622760093266,0.9999999999999988,4,1990-2010,26.946220466389477,1990-2010,1.049402293703789,1.049402293703789
block,Thrissur,Vellangallur,days_ge_28,166.36324394030362,166.0952380952381,0.9999999999999988,4,1990-2010,71.13571163705302,1990-2010,95.2275323032506,94.95952645818508
block,Thrissur,Vellangallur,days_ge_30,50.53682272249181,50.142857142857146,0.9999999999999988,4,1990-2010,6.405997571281628,1990-2010,44.13082515121018,43.736859571575515
block,Thrissur,Vellangallur,days_ge_32,0.2374729016258679,0.238095238095238,0.9999999999999988,4,1990-2010,0.2390161714587786,1990-2010,-0.0015432698329106986,-0.0009209333635405992
block,Thrissur,Wadakkanchery,annual_mean,27.66544282165537,27.66544282165537,1.0000000059094385,9,1990-2010,27.231025645699116,1990-2010,0.43441717595625207,0.43441717595625207
block,Thrissur,Wadakkanchery,days_ge_28,141.08207175681352,140.57142857142858,1.0000000059094385,9,1990-2010,93.88186906281176,1990-2010,47.20020269400176,46.689559508616824
block,Thrissur,Wadakkanchery,days_ge_30,42.48589661926818,42.095238095238095,1.0000000059094385,9,1990-2010,13.23088832851504,1990-2010,29.255008290753143,28.864349766723056
block,Thrissur,Wadakkanchery,days_ge_32,0.2440039460481466,0.238095238095238,1.0000000059094385,9,1990-2010,0.4545391267862899,1990-2010,-0.21053518073814328,-0.21644388869105188
block,Wayanad,Kalpetta,annual_mean,22.50871675702173,22.50871675702173,1.0000000000000018,7,1990-2010,23.956699959718065,1990-2010,-1.447983202696335,-1.447983202696335
block,Wayanad,Kalpetta,days_ge_28,2.209207429837596,0.9523809523809524,1.0000000000000018,7,1990-2010,2.780521305432796,1990-2010,-0.5713138755952003,-1.8281403530518436
block,Wayanad,Kalpetta,days_ge_30,0.1584667030271726,0.0,1.0000000000000018,7,1990-2010,0.0832883697375017,1990-2010,0.07517833328967091,-0.0832883697375017
block,Wayanad,Kalpetta,days_ge_32,0.0011111827202358,0.0,1.0000000000000018,7,1990-2010,0.0,1990-2010,0.0011111827202358,0.0
block,Wayanad,Mananthavady,annual_mean,22.89235238336575,22.892352383365747,1.0000000000000004,7,1990-2010,24.31970957368425,1990-2010,-1.4273571903184994,-1.427357190318503
block,Wayanad,Mananthavady,days_ge_28,5.379193257116936,2.238095238095238,1.0000000000000004,7,1990-2010,3.881694062859732,1990-2010,1.4974991942572036,-1.643598824764494
block,Wayanad,Mananthavady,days_ge_30,0.4766893170068007,0.0,1.0000000000000004,7,1990-2010,0.1633629979886724,1990-2010,0.31332631901812824,-0.1633629979886724
block,Wayanad,Mananthavady,days_ge_32,0.001765515988914,0.0,1.0000000000000004,7,1990-2010,0.0,1990-2010,0.001765515988914,0.0
block,Wayanad,Panamaram,annual_mean,22.010462032910805,22.010462032910805,1.0000000000000009,4,1990-2010,23.937507726314315,1990-2010,-1.9270456934035103,-1.9270456934035103
block,Wayanad,Panamaram,days_ge_28,0.6791911751459511,0.3333333333333333,1.0000000000000009,4,1990-2010,2.2507046796047403,1990-2010,-1.5715135044587893,-1.917371346271407
block,Wayanad,Panamaram,days_ge_30,0.0,0.0,1.0000000000000009,4,1990-2010,0.0665807039601942,1990-2010,-0.0665807039601942,-0.0665807039601942
block,Wayanad,Panamaram,days_ge_32,0.0,0.0,1.0000000000000009,4,1990-2010,0.0,1990-2010,0.0,0.0
block,Wayanad,Sulthan Bathery,annual_mean,21.75863131551934,21.75863131551934,1.000000000000001,7,1990-2010,23.632816366931337,1990-2010,-1.8741850514119953,-1.8741850514119953
block,Wayanad,Sulthan Bathery,days_ge_28,0.2622229412069521,0.1428571428571428,1.000000000000001,7,1990-2010,1.1949890978696724,1990-2010,-0.9327661566627203,-1.0521319550125297
block,Wayanad,Sulthan Bathery,days_ge_30,0.0,0.0,1.000000000000001,7,1990-2010,0.0115206705591083,1990-2010,-0.0115206705591083,-0.0115206705591083
block,Wayanad,Sulthan Bathery,days_ge_32,0.0,0.0,1.000000000000001,7,1990-2010,0.0,1990-2010,0.0,0.0
district,Alappuzha,,annual_mean,27.84432969711484,27.84432969711484,0.927099378745261,19,1990-2010,27.38089653785416,1990-2010,0.4634331592606813,0.4634331592606813
district,Alappuzha,,days_ge_28,155.76715379277024,153.9047619047619,0.927099378745261,19,1990-2010,94.20736394914582,1990-2010,61.55978984362443,59.69739795561608
district,Alappuzha,,days_ge_30,24.675974555746592,24.428571428571427,0.927099378745261,19,1990-2010,11.628399483380258,1990-2010,13.047575072366334,12.800171945191169
district,Alappuzha,,days_ge_32,0.0017069786876132,0.0,0.927099378745261,19,1990-2010,0.1853521201650319,1990-2010,-0.1836451414774187,-0.1853521201650319
district,Ernakulam,,annual_mean,26.384471969587864,26.384471969587864,0.995097870377886,19,1990-2010,26.95413753279364,1990-2010,-0.5696655632057777,-0.5696655632057777
district,Ernakulam,,days_ge_28,108.78937157084944,70.52380952380952,0.995097870377886,19,1990-2010,90.00463176478965,1990-2010,18.78473980605979,-19.48082224098013
district,Ernakulam,,days_ge_30,24.25752903672449,2.095238095238096,0.995097870377886,19,1990-2010,11.890200821423404,1990-2010,12.367328215301084,-9.794962726185307
district,Ernakulam,,days_ge_32,0.0414037771917753,0.0,0.995097870377886,19,1990-2010,0.2794811094322291,1990-2010,-0.2380773322404538,-0.2794811094322291
district,Idukki,,annual_mean,22.9531036047556,22.9531036047556,0.9999999999999984,17,1990-2010,23.51306434544019,1990-2010,-0.5599607406845877,-0.5599607406845877
district,Idukki,,days_ge_28,9.844302979197716,0.2857142857142857,0.9999999999999984,17,1990-2010,7.008029032900236,1990-2010,2.8362739462974798,-6.72231474718595
district,Idukki,,days_ge_30,0.2907818917291865,0.0,0.9999999999999984,17,1990-2010,0.4785349891353917,1990-2010,-0.18775309740620522,-0.4785349891353917
district,Idukki,,days_ge_32,0.0,0.0,0.9999999999999984,17,1990-2010,0.0052788904140526,1990-2010,-0.0052788904140526,-0.0052788904140526
district,Kannur,,annual_mean,26.716868780938213,26.716868780938213,0.9985012784787354,13,1990-2010,26.583404621443872,1990-2010,0.13346415949434132,0.13346415949434132
district,Kannur,,days_ge_28,95.7603142773394,86.71428571428571,0.9985012784787354,13,1990-2010,74.44718556773053,1990-2010,21.313128709608876,12.26710014655518
district,Kannur,,days_ge_30,12.610636328586835,7.714285714285714,0.9985012784787354,13,1990-2010,9.943869647428883,1990-2010,2.6667666811579522,-2.229583933143169
district,Kannur,,days_ge_32,0.026306838323355,0.0,0.9985012784787354,13,1990-2010,0.1440062127972231,1990-2010,-0.11769937447386808,-0.1440062127972231
district,Kasaragod,,annual_mean,27.063994322568696,27.063994322568696,0.9997790082216572,11,1990-2010,26.39592807836399,1990-2010,0.6680662442047058,0.6680662442047058
district,Kasaragod,,days_ge_28,107.1273305820335,99.61904761904762,0.9997790082216572,11,1990-2010,50.9229162611661,1990-2010,56.20441432086739,48.69613135788152
district,Kasaragod,,days_ge_30,12.50697263015612,10.761904761904765,0.9997790082216572,11,1990-2010,2.958220561537695,1990-2010,9.548752068618425,7.803684200367069
district,Kasaragod,,days_ge_32,0.0075538425045685,0.0,0.9997790082216572,11,1990-2010,0.0002603454168398,1990-2010,0.0072934970877287,-0.0002603454168398
district,Kollam,,annual_mean,27.229534211260454,27.229534211260454,1.0000000017631754,21,1990-2010,26.26763068761969,1990-2010,0.961903523640764,0.961903523640764
district,Kollam,,days_ge_28,112.6893735935542,107.1904761904762,1.0000000017631754,21,1990-2010,31.968933124741667,1990-2010,80.72044046881253,75.22154306573454
district,Kollam,,days_ge_30,15.623927333287606,14.333333333333334,1.0000000017631754,21,1990-2010,0.6404997558245418,1990-2010,14.983427577463065,13.692833577508793
district,Kollam,,days_ge_32,0.0,0.0,1.0000000017631754,21,1990-2010,0.0,1990-2010,0.0,0.0
district,Kottayam,,annual_mean,26.89259400774652,26.89259400774652,0.9887609329515634,15,1990-2010,26.876827522480895,1990-2010,0.015766485265626073,0.015766485265626073
district,Kottayam,,days_ge_28,108.49330737661364,93.8095238095238,0.9887609329515634,15,1990-2010,72.89214692401129,1990-2010,35.60116045260236,20.91737688551251
district,Kottayam,,days_ge_30,16.29090736592304,9.904761904761903,0.9887609329515634,15,1990-2010,8.082191179290454,1990-2010,8.208716186632586,1.822570725471449
district,Kottayam,,days_ge_32,0.0,0.0,0.9887609329515634,15,1990-2010,0.0770158791037261,1990-2010,-0.0770158791037261,-0.0770158791037261
district,Kozhikode,,annual_mean,26.896281608352734,26.896281608352734,1.000000006597404,11,1990-2010,26.374603146564283,1990-2010,0.5216784617884507,0.5216784617884507
district,Kozhikode,,days_ge_28,104.65997813376974,94.76190476190476,1.000000006597404,11,1990-2010,64.24216507983822,1990-2010,40.417813053931525,30.519739682066543
district,Kozhikode,,days_ge_30,16.506965645824486,9.666666666666666,1.000000006597404,11,1990-2010,7.24135836664118,1990-2010,9.265607279183307,2.4253083000254865
district,Kozhikode,,days_ge_32,0.0726460877536983,0.0,1.000000006597404,11,1990-2010,0.2091363950613192,1990-2010,-0.1364903073076209,-0.2091363950613192
district,Malappuram,,annual_mean,26.85604386427273,26.85604386427273,0.999999982563588,21,1990-2010,26.57739486515681,1990-2010,0.2786489991159229,0.2786489991159229
district,Malappuram,,days_ge_28,104.58334700779754,92.47619047619048,0.999999982563588,21,1990-2010,76.33849433477818,1990-2010,28.244852673019366,16.137696141412306
district,Malappuram,,days_ge_30,19.428947585803147,11.285714285714286,0.999999982563588,21,1990-2010,11.596728298822969,1990-2010,7.8322192869801786,-0.31101401310868226
district,Malappuram,,days_ge_32,0.1391678137178172,0.0,0.999999982563588,21,1990-2010,0.3880973431506118,1990-2010,-0.2489295294327946,-0.3880973431506118
district,Palakkad,,annual_mean,26.129977651265097,26.129977651265097,0.9999999980163612,27,1990-2010,26.369342516402806,1990-2010,-0.23936486513770916,-0.23936486513770916
district,Palakkad,,days_ge_28,74.80580485574468,69.28571428571429,0.9999999980163612,27,1990-2010,71.04336676691452,1990-2010,3.762438088830166,-1.7576524812002248
district,Palakkad,,days_ge_30,11.697979024697892,5.047619047619048,0.9999999980163612,27,1990-2010,9.990643494336393,1990-2010,1.7073355303614992,-4.943024446717344
district,Palakkad,,days_ge_32,0.0621114662319913,0.0,0.9999999980163612,27,1990-2010,0.2958925254969698,1990-2010,-0.23378105926497852,-0.2958925254969698
district,Pathanamthitta,,annual_mean,26.601204765712016,26.601204765712016,0.999999997346224,23,1990-2010,25.718457569926365,1990-2010,0.882747195785651,0.882747195785651
district,Pathanamthitta,,days_ge_28,90.37959546284468,81.19047619047619,0.999999997346224,23,1990-2010,33.94001356264194,1990-2010,56.43958190020274,47.25046262783425
district,Pathanamthitta,,days_ge_30,11.56015471782907,5.809523809523809,0.999999997346224,23,1990-2010,1.650382544581748,1990-2010,9.909772173247323,4.159141264942061
district,Pathanamthitta,,days_ge_32,0.0,0.0,0.999999997346224,23,1990-2010,0.0005043461615054,1990-2010,-0.0005043461615054,-0.0005043461615054
district,Thiruvananthapuram,,annual_mean,27.2346058778062,27.2346058778062,0.9999999999674196,17,1990-2010,26.097739203600387,1990-2010,1.1368666742058124,1.1368666742058124
district,Thiruvananthapuram,,days_ge_28,104.7272086638282,103.42857142857144,0.9999999999674196,17,1990-2010,25.563165307016646,1990-2010,79.16404335681155,77.8654061215548
district,Thiruvananthapuram,,days_ge_30,12.660256498758894,12.238095238095235,0.9999999999674196,17,1990-2010,0.2550150809444256,1990-2010,12.40524141781447,11.983080157150809
district,Thiruvananthapuram,,days_ge_32,0.0,0.0,0.9999999999674196,17,1990-2010,0.0,1990-2010,0.0,0.0
district,Thrissur,,annual_mean,27.77733802799597,27.77733802799597,0.9991568484965884,21,1990-2010,26.785075300999623,1990-2010,0.9922627269963478,0.9922627269963478
district,Thrissur,,days_ge_28,152.80430128976522,147.23809523809524,0.9991568484965884,21,1990-2010,73.12392428781423,1990-2010,79.68037700195099,74.11417095028101
district,Thrissur,,days_ge_30,45.35034318952105,43.76190476190476,0.9991568484965884,21,1990-2010,8.635925534567566,1990-2010,36.71441765495348,35.1259792273372
district,Thrissur,,days_ge_32,0.2662101490986032,0.238095238095238,0.9991568484965884,21,1990-2010,0.3031186318362833,1990-2010,-0.036908482737680104,-0.0650233937410453
district,Wayanad,,annual_mean,22.36190640241196,22.36190640241196,0.999999999999999,14,1990-2010,23.979429628244343,1990-2010,-1.6175232258323824,-1.6175232258323824
district,Wayanad,,days_ge_28,2.479143881975818,0.6190476190476191,0.999999999999999,14,1990-2010,2.6260865610536244,1990-2010,-0.14694267907780656,-2.0070389420060053
district,Wayanad,,days_ge_30,0.1950635675270859,0.0,0.999999999999999,14,1990-2010,0.0866632894865573,1990-2010,0.1084002780405286,-0.0866632894865573
district,Wayanad,,days_ge_32,0.0008742452772563,0.0,0.999999999999999,14,1990-2010,0.0,1990-2010,0.0008742452772563,0.0
