state_name,level,unit_key,model,scenario,year,candidate,method_signature,valid_intersected_area_m2,total_intersected_area_m2,valid_area_fraction,n_cells_total,n_cells_valid,n_cells_invalid,spatial_support_method,climate_fill_method,exclusion_reason,wbgt_annual_mean_c,days_ge_28,days_ge_30,days_ge_32,district_name,block_name
Kerala,block,Alappuzha||Ambalappuzha,ACCESS-CM2,historical,2005,W1,outdoor-pilot-v1:W1:parton-logan-a1.86-b2.2:humidity-vapour_pressure:magnus-6.112-17.62-243.12:toa-shape-erbs1982:wind-w1-dtr-slope0.03-amp0.1-0.8:pressure-isa-elev-sea-level-constant-no-dem:liljegren-thermofeel2.3.0:day-nex-normalised-complete365-feb29dropped,87415766.85147078,87415766.85147078,1.0,1,1,0,intersection_area_weighted_valid_cells_only,native,,30.96080137272709,363.0,301.0,58.0,Alappuzha,Ambalappuzha
Kerala,block,Alappuzha||Aryad,ACCESS-CM2,historical,2005,W1,outdoor-pilot-v1:W1:parton-logan-a1.86-b2.2:humidity-vapour_pressure:magnus-6.112-17.62-243.12:toa-shape-erbs1982:wind-w1-dtr-slope0.03-amp0.1-0.8:pressure-isa-elev-sea-level-constant-no-dem:liljegren-thermofeel2.3.0:day-nex-normalised-complete365-feb29dropped,85906893.71300279,85906893.71300279,1.0,2,2,0,intersection_area_weighted_valid_cells_only,native,,31.199374830873456,363.0,324.57425440668624,91.39686040947214,Alappuzha,Aryad
Kerala,block,Alappuzha||Bharanicavu,ACCESS-CM2,historical,2005,W1,outdoor-pilot-v1:W1:parton-logan-a1.86-b2.2:humidity-vapour_pressure:magnus-6.112-17.62-243.12:toa-shape-erbs1982:wind-w1-dtr-slope0.03-amp0.1-0.8:pressure-isa-elev-sea-level-constant-no-dem:liljegren-thermofeel2.3.0:day-nex-normalised-complete365-feb29dropped,133047995.053491,133047995.053491,1.0,1,1,0,intersection_area_weighted_valid_cells_only,native,,30.28870549592767,363.0,208.00000000000003,14.0,Alappuzha,Bharanicavu
Kerala,block,Alappuzha||Champakulam,ACCESS-CM2,historical,2005,W1,outdoor-pilot-v1:W1:parton-logan-a1.86-b2.2:humidity-vapour_pressure:magnus-6.112-17.62-243.12:toa-shape-erbs1982:wind-w1-dtr-slope0.03-amp0.1-0.8:pressure-isa-elev-sea-level-constant-no-dem:liljegren-thermofeel2.3.0:day-nex-normalised-complete365-feb29dropped,174946819.1911126,174946819.1911126,1.0,3,3,0,intersection_area_weighted_valid_cells_only,native,,31.000503165283238,363.0,304.5967139788407,64.00416680025027,Alappuzha,Champakulam
Kerala,block,Alappuzha||Chengannur,ACCESS-CM2,historical,2005,W1,outdoor-pilot-v1:W1:parton-logan-a1.86-b2.2:humidity-vapour_pressure:magnus-6.112-17.62-243.12:toa-shape-erbs1982:wind-w1-dtr-slope0.03-amp0.1-0.8:pressure-isa-elev-sea-level-constant-no-dem:liljegren-thermofeel2.3.0:day-nex-normalised-complete365-feb29dropped,143188337.77540636,143188337.77540636,1.0,3,3,0,intersection_area_weighted_valid_cells_only,native,,30.69450207281417,362.99999999999994,262.7253063639242,38.139464277611026,Alappuzha,Chengannur
Kerala,block,Alappuzha||Harippad,ACCESS-CM2,historical,2005,W1,outdoor-pilot-v1:W1:parton-logan-a1.86-b2.2:humidity-vapour_pressure:magnus-6.112-17.62-243.12:toa-shape-erbs1982:wind-w1-dtr-slope0.03-amp0.1-0.8:pressure-isa-elev-sea-level-constant-no-dem:liljegren-thermofeel2.3.0:day-nex-normalised-complete365-feb29dropped,112097491.95683366,112097491.95683366,1.0,3,3,0,intersection_area_weighted_valid_cells_only,native,,30.92216625943278,362.9557693411367,295.84544877242496,55.794082434313175,Alappuzha,Harippad
Kerala,block,Alappuzha||Kanjikkuzhy,ACCESS-CM2,historical,2005,W1,outdoor-pilot-v1:W1:parton-logan-a1.86-b2.2:humidity-vapour_pressure:magnus-6.112-17.62-243.12:toa-shape-erbs1982:wind-w1-dtr-slope0.03-amp0.1-0.8:pressure-isa-elev-sea-level-constant-no-dem:liljegren-thermofeel2.3.0:day-nex-normalised-complete365-feb29dropped,129468468.36571386,129468468.36571386,1.0,1,1,0,intersection_area_weighted_valid_cells_only,native,,31.20368341246145,363.0,324.99999999999994,92.0,Alappuzha,Kanjikkuzhy
Kerala,block,Alappuzha||Mavelikkara,ACCESS-CM2,historical,2005,W1,outdoor-pilot-v1:W1:parton-logan-a1.86-b2.2:humidity-vapour_pressure:magnus-6.112-17.62-243.12:toa-shape-erbs1982:wind-w1-dtr-slope0.03-amp0.1-0.8:pressure-isa-elev-sea-level-constant-no-dem:liljegren-thermofeel2.3.0:day-nex-normalised-complete365-feb29dropped,98289059.26779926,98289059.26779926,1.0,4,4,0,intersection_area_weighted_valid_cells_only,native,,30.45303312714647,362.9943985996515,230.21678863077926,23.86982396448321,Alappuzha,Mavelikkara
Kerala,block,Alappuzha||Muthukulam,ACCESS-CM2,historical,2005,W1,outdoor-pilot-v1:W1:parton-logan-a1.86-b2.2:humidity-vapour_pressure:magnus-6.112-17.62-243.12:toa-shape-erbs1982:wind-w1-dtr-slope0.03-amp0.1-0.8:pressure-isa-elev-sea-level-constant-no-dem:liljegren-thermofeel2.3.0:day-nex-normalised-complete365-feb29dropped,119167562.20576802,119167562.20576802,1.0,4,4,0,intersection_area_weighted_valid_cells_only,native,,30.17966182240277,362.2766956264546,196.1565846927612,12.343055930931254,Alappuzha,Muthukulam
Kerala,block,Alappuzha||Pattanakkad,ACCESS-CM2,historical,2005,W1,outdoor-pilot-v1:W1:parton-logan-a1.86-b2.2:humidity-vapour_pressure:magnus-6.112-17.62-243.12:toa-shape-erbs1982:wind-w1-dtr-slope0.03-amp0.1-0.8:pressure-isa-elev-sea-level-constant-no-dem:liljegren-thermofeel2.3.0:day-nex-normalised-complete365-feb29dropped,113751564.52611786,113751564.52611786,1.0,2,2,0,intersection_area_weighted_valid_cells_only,native,,31.292623014886935,363.00000000000006,328.1832929519452,106.64314757894792,Alappuzha,Pattanakkad
Kerala,block,Alappuzha||Thycattussery,ACCESS-CM2,historical,2005,W1,outdoor-pilot-v1:W1:parton-logan-a1.86-b2.2:humidity-vapour_pressure:magnus-6.112-17.62-243.12:toa-shape-erbs1982:wind-w1-dtr-slope0.03-amp0.1-0.8:pressure-isa-elev-sea-level-constant-no-dem:liljegren-thermofeel2.3.0:day-nex-normalised-complete365-feb29dropped,83859090.58114141,83859090.58114141,1.0,2,2,0,intersection_area_weighted_valid_cells_only,native,,31.312808491109255,363.0,328.9057639596609,109.96651421444007,Alappuzha,Thycattussery
Kerala,block,Alappuzha||Veliyanad,ACCESS-CM2,historical,2005,W1,outdoor-pilot-v1:W1:parton-logan-a1.86-b2.2:humidity-vapour_pressure:magnus-6.112-17.62-243.12:toa-shape-erbs1982:wind-w1-dtr-slope0.03-amp0.1-0.8:pressure-isa-elev-sea-level-constant-no-dem:liljegren-thermofeel2.3.0:day-nex-normalised-complete365-feb29dropped,139097578.462905,139097578.462905,1.0,4,4,0,intersection_area_weighted_valid_cells_only,native,,31.01296157217124,363.00000000000006,305.4057201679944,66.31423287851841,Alappuzha,Veliyanad
Kerala,block,Ernakulam||Alangad,ACCESS-CM2,historical,2005,W1,outdoor-pilot-v1:W1:parton-logan-a1.86-b2.2:humidity-vapour_pressure:magnus-6.112-17.62-243.12:toa-shape-erbs1982:wind-w1-dtr-slope0.03-amp0.1-0.8:pressure-isa-elev-sea-level-constant-no-dem:liljegren-thermofeel2.3.0:day-nex-normalised-complete365-feb29dropped,151863491.9672302,151863491.9672302,1.0,2,2,0,intersection_area_weighted_valid_cells_only,native,,31.379336638945603,363.99687811057623,320.90322142786454,128.92195276440688,Ernakulam,Alangad
Kerala,block,Ernakulam||Angamali,ACCESS-CM2,historical,2005,W1,outdoor-pilot-v1:W1:parton-logan-a1.86-b2.2:humidity-vapour_pressure:magnus-6.112-17.62-243.12:toa-shape-erbs1982:wind-w1-dtr-slope0.03-amp0.1-0.8:pressure-isa-elev-sea-level-constant-no-dem:liljegren-thermofeel2.3.0:day-nex-normalised-complete365-feb29dropped,409869678.07738435,409869678.07738435,1.0,4,4,0,intersection_area_weighted_valid_cells_only,native,,30.971124223523137,351.00681063552634,281.6335487698597,103.89193499844036,Ernakulam,Angamali
Kerala,block,Ernakulam||Edappally,ACCESS-CM2,historical,2005,W1,outdoor-pilot-v1:W1:parton-logan-a1.86-b2.2:humidity-vapour_pressure:magnus-6.112-17.62-243.12:toa-shape-erbs1982:wind-w1-dtr-slope0.03-amp0.1-0.8:pressure-isa-elev-sea-level-constant-no-dem:liljegren-thermofeel2.3.0:day-nex-normalised-complete365-feb29dropped,109537795.64352089,109537795.64352089,1.0,3,3,0,intersection_area_weighted_valid_cells_only,native,,31.35077337681396,363.72495884251947,319.8352604176251,124.14839354535546,Ernakulam,Edappally
Kerala,block,Ernakulam||Koovappady,ACCESS-CM2,historical,2005,W1,outdoor-pilot-v1:W1:parton-logan-a1.86-b2.2:humidity-vapour_pressure:magnus-6.112-17.62-243.12:toa-shape-erbs1982:wind-w1-dtr-slope0.03-amp0.1-0.8:pressure-isa-elev-sea-level-constant-no-dem:liljegren-thermofeel2.3.0:day-nex-normalised-complete365-feb29dropped,194081841.1262865,194081841.1262865,1.0,2,2,0,intersection_area_weighted_valid_cells_only,native,,31.448494688672326,363.99999999999994,332.05778618033804,134.16030021749108,Ernakulam,Koovappady
Kerala,block,Ernakulam||Kothamangalam,ACCESS-CM2,historical,2005,W1,outdoor-pilot-v1:W1:parton-logan-a1.86-b2.2:humidity-vapour_pressure:magnus-6.112-17.62-243.12:toa-shape-erbs1982:wind-w1-dtr-slope0.03-amp0.1-0.8:pressure-isa-elev-sea-level-constant-no-dem:liljegren-thermofeel2.3.0:day-nex-normalised-complete365-feb29dropped,958390106.1437131,958390106.1437131,1.0,8,8,0,intersection_area_weighted_valid_cells_only,native,,29.924382145549664,314.56012022556314,199.65702355874654,62.04937505439362,Ernakulam,Kothamangalam
Kerala,block,Ernakulam||Mulanthuruthy,ACCESS-CM2,historical,2005,W1,outdoor-pilot-v1:W1:parton-logan-a1.86-b2.2:humidity-vapour_pressure:magnus-6.112-17.62-243.12:toa-shape-erbs1982:wind-w1-dtr-slope0.03-amp0.1-0.8:pressure-isa-elev-sea-level-constant-no-dem:liljegren-thermofeel2.3.0:day-nex-normalised-complete365-feb29dropped,184316457.45170534,184316457.45170534,1.0,2,2,0,intersection_area_weighted_valid_cells_only,native,,31.343688201755615,363.0083665703676,329.92470086669164,115.11713198514636,Ernakulam,Mulanthuruthy
Kerala,block,Ernakulam||Muvattupuzha,ACCESS-CM2,historical,2005,W1,outdoor-pilot-v1:W1:parton-logan-a1.86-b2.2:humidity-vapour_pressure:magnus-6.112-17.62-243.12:toa-shape-erbs1982:wind-w1-dtr-slope0.03-amp0.1-0.8:pressure-isa-elev-sea-level-constant-no-dem:liljegren-thermofeel2.3.0:day-nex-normalised-complete365-feb29dropped,219266348.56120464,219266348.56120464,1.0,2,2,0,intersection_area_weighted_valid_cells_only,native,,31.25999345712875,363.1763784587249,324.4692984221484,108.82048913792134,Ernakulam,Muvattupuzha
Kerala,block,Ernakulam||Palluruthy,ACCESS-CM2,historical,2005,W1,outdoor-pilot-v1:W1:parton-logan-a1.86-b2.2:humidity-vapour_pressure:magnus-6.112-17.62-243.12:toa-shape-erbs1982:wind-w1-dtr-slope0.03-amp0.1-0.8:pressure-isa-elev-sea-level-constant-no-dem:liljegren-thermofeel2.3.0:day-nex-normalised-complete365-feb29dropped,62173586.26567684,62173586.26567684,1.0,2,2,0,intersection_area_weighted_valid_cells_only,native,,31.32058432800225,362.9127712130423,326.888839931841,112.79020406373756,Ernakulam,Palluruthy
Kerala,block,Ernakulam||Pampakuda,ACCESS-CM2,historical,2005,W1,outdoor-pilot-v1:W1:parton-logan-a1.86-b2.2:humidity-vapour_pressure:magnus-6.112-17.62-243.12:toa-shape-erbs1982:wind-w1-dtr-slope0.03-amp0.1-0.8:pressure-isa-elev-sea-level-constant-no-dem:liljegren-thermofeel2.3.0:day-nex-normalised-complete365-feb29dropped,218998079.0838137,218998079.0838137,1.0,2,2,0,intersection_area_weighted_valid_cells_only,native,,31.251146444436436,363.0,324.27896101578585,106.41844152367887,Ernakulam,Pampakuda
Kerala,block,Ernakulam||Parakkadav,ACCESS-CM2,historical,2005,W1,outdoor-pilot-v1:W1:parton-logan-a1.86-b2.2:humidity-vapour_pressure:magnus-6.112-17.62-243.12:toa-shape-erbs1982:wind-w1-dtr-slope0.03-amp0.1-0.8:pressure-isa-elev-sea-level-constant-no-dem:liljegren-thermofeel2.3.0:day-nex-normalised-complete365-feb29dropped,93530523.34485708,93530523.34485708,1.0,2,2,0,intersection_area_weighted_valid_cells_only,native,,31.31295239736231,363.7293105047088,312.6086256459715,122.23276261771892,Ernakulam,Parakkadav
Kerala,block,Ernakulam||Paravur,ACCESS-CM2,historical,2005,W1,outdoor-pilot-v1:W1:parton-logan-a1.86-b2.2:humidity-vapour_pressure:magnus-6.112-17.62-243.12:toa-shape-erbs1982:wind-w1-dtr-slope0.03-amp0.1-0.8:pressure-isa-elev-sea-level-constant-no-dem:liljegren-thermofeel2.3.0:day-nex-normalised-complete365-feb29dropped,78277144.5156995,78277144.5156995,1.0,2,2,0,intersection_area_weighted_valid_cells_only,native,,30.767558035059928,361.5310498890204,244.46254655963375,67.27624722551107,Ernakulam,Paravur
Kerala,block,Ernakulam||Vadavucode,ACCESS-CM2,historical,2005,W1,outdoor-pilot-v1:W1:parton-logan-a1.86-b2.2:humidity-vapour_pressure:magnus-6.112-17.62-243.12:toa-shape-erbs1982:wind-w1-dtr-slope0.03-amp0.1-0.8:pressure-isa-elev-sea-level-constant-no-dem:liljegren-thermofeel2.3.0:day-nex-normalised-complete365-feb29dropped,206332272.71660694,206332272.71660694,1.0,4,4,0,intersection_area_weighted_valid_cells_only,native,,31.370091468523878,363.45677633282287,327.6519095779754,122.1167915811182,Ernakulam,Vadavucode
Kerala,block,Ernakulam||Vazhakkulam,ACCESS-CM2,historical,2005,W1,outdoor-pilot-v1:W1:parton-logan-a1.86-b2.2:humidity-vapour_pressure:magnus-6.112-17.62-243.12:toa-shape-erbs1982:wind-w1-dtr-slope0.03-amp0.1-0.8:pressure-isa-elev-sea-level-constant-no-dem:liljegren-thermofeel2.3.0:day-nex-normalised-complete365-feb29dropped,75394266.39895916,75394266.39895916,1.0,1,1,0,intersection_area_weighted_valid_cells_only,native,,31.38011118809564,364.0,321.0,129.0,Ernakulam,Vazhakkulam
Kerala,block,Ernakulam||Vypeen,ACCESS-CM2,historical,2005,W1,outdoor-pilot-v1:W1:parton-logan-a1.86-b2.2:humidity-vapour_pressure:magnus-6.112-17.62-243.12:toa-shape-erbs1982:wind-w1-dtr-slope0.03-amp0.1-0.8:pressure-isa-elev-sea-level-constant-no-dem:liljegren-thermofeel2.3.0:day-nex-normalised-complete365-feb29dropped,97978211.9007784,97978211.9007784,1.0,4,4,0,intersection_area_weighted_valid_cells_only,native,,30.781498469904786,361.39602131511333,248.52686821650357,66.48915791690251,Ernakulam,Vypeen
Kerala,block,Idukki||Adimaly,ACCESS-CM2,historical,2005,W1,outdoor-pilot-v1:W1:parton-logan-a1.86-b2.2:humidity-vapour_pressure:magnus-6.112-17.62-243.12:toa-shape-erbs1982:wind-w1-dtr-slope0.03-amp0.1-0.8:pressure-isa-elev-sea-level-constant-no-dem:liljegren-thermofeel2.3.0:day-nex-normalised-complete365-feb29dropped,439970540.7421797,439970540.7421797,1.0,4,4,0,intersection_area_weighted_valid_cells_only,native,,27.768823971116966,197.3955128386819,57.48806883470846,1.992324364938085,Idukki,Adimaly
Kerala,block,Idukki||Azhutha,ACCESS-CM2,historical,2005,W1,outdoor-pilot-v1:W1:parton-logan-a1.86-b2.2:humidity-vapour_pressure:magnus-6.112-17.62-243.12:toa-shape-erbs1982:wind-w1-dtr-slope0.03-amp0.1-0.8:pressure-isa-elev-sea-level-constant-no-dem:liljegren-thermofeel2.3.0:day-nex-normalised-complete365-feb29dropped,1246460033.999763,1246460033.999763,1.0,7,7,0,intersection_area_weighted_valid_cells_only,native,,27.554981563941784,134.4814903503136,18.411538896280646,0.3494032475511591,Idukki,Azhutha
Kerala,block,Idukki||Devikulam,ACCESS-CM2,historical,2005,W1,outdoor-pilot-v1:W1:parton-logan-a1.86-b2.2:humidity-vapour_pressure:magnus-6.112-17.62-243.12:toa-shape-erbs1982:wind-w1-dtr-slope0.03-amp0.1-0.8:pressure-isa-elev-sea-level-constant-no-dem:liljegren-thermofeel2.3.0:day-nex-normalised-complete365-feb29dropped,991080965.2718499,991080965.2718499,1.0,7,7,0,intersection_area_weighted_valid_cells_only,native,,25.791401629082067,72.41426995464158,15.895971439865,0.6529850654311207,Idukki,Devikulam
Kerala,block,Idukki||Elemdesam,ACCESS-CM2,historical,2005,W1,outdoor-pilot-v1:W1:parton-logan-a1.86-b2.2:humidity-vapour_pressure:magnus-6.112-17.62-243.12:toa-shape-erbs1982:wind-w1-dtr-slope0.03-amp0.1-0.8:pressure-isa-elev-sea-level-constant-no-dem:liljegren-thermofeel2.3.0:day-nex-normalised-complete365-feb29dropped,314146733.56750375,314146733.56750375,1.0,3,3,0,intersection_area_weighted_valid_cells_only,native,,29.359507047762204,328.1434735237633,114.40423684622775,6.120533778365967,Idukki,Elemdesam
Kerala,block,Idukki||Idukki,ACCESS-CM2,historical,2005,W1,outdoor-pilot-v1:W1:parton-logan-a1.86-b2.2:humidity-vapour_pressure:magnus-6.112-17.62-243.12:toa-shape-erbs1982:wind-w1-dtr-slope0.03-amp0.1-0.8:pressure-isa-elev-sea-level-constant-no-dem:liljegren-thermofeel2.3.0:day-nex-normalised-complete365-feb29dropped,530594847.99269235,530594847.99269235,1.0,5,5,0,intersection_area_weighted_valid_cells_only,native,,28.823933064266853,273.8931713777539,81.11711249186492,2.1870223693705912,Idukki,Idukki
Kerala,block,Idukki||Kattappana,ACCESS-CM2,historical,2005,W1,outdoor-pilot-v1:W1:parton-logan-a1.86-b2.2:humidity-vapour_pressure:magnus-6.112-17.62-243.12:toa-shape-erbs1982:wind-w1-dtr-slope0.03-amp0.1-0.8:pressure-isa-elev-sea-level-constant-no-dem:liljegren-thermofeel2.3.0:day-nex-normalised-complete365-feb29dropped,334551651.8741273,334551651.8741273,1.0,4,4,0,intersection_area_weighted_valid_cells_only,native,,27.03473255415388,79.2089165478757,5.242928849988671,0.07509499620811351,Idukki,Kattappana
Kerala,block,Idukki||Nedumkandom,ACCESS-CM2,historical,2005,W1,outdoor-pilot-v1:W1:parton-logan-a1.86-b2.2:humidity-vapour_pressure:magnus-6.112-17.62-243.12:toa-shape-erbs1982:wind-w1-dtr-slope0.03-amp0.1-0.8:pressure-isa-elev-sea-level-constant-no-dem:liljegren-thermofeel2.3.0:day-nex-normalised-complete365-feb29dropped,340895687.26052195,340895687.26052195,1.0,3,3,0,intersection_area_weighted_valid_cells_only,native,,27.233230449656762,102.87200668417228,5.550767619884737,0.0,Idukki,Nedumkandom
Kerala,block,Idukki||Thodupuzha,ACCESS-CM2,historical,2005,W1,outdoor-pilot-v1:W1:parton-logan-a1.86-b2.2:humidity-vapour_pressure:magnus-6.112-17.62-243.12:toa-shape-erbs1982:wind-w1-dtr-slope0.03-amp0.1-0.8:pressure-isa-elev-sea-level-constant-no-dem:liljegren-thermofeel2.3.0:day-nex-normalised-complete365-feb29dropped,159476724.99247625,159476724.99247625,1.0,2,2,0,intersection_area_weighted_valid_cells_only,native,,31.11798178686571,361.23006628996654,311.17811960150976,97.94304654276158,Idukki,Thodupuzha
Kerala,block,Kannur||Edakkad,ACCESS-CM2,historical,2005,W1,outdoor-pilot-v1:W1:parton-logan-a1.86-b2.2:humidity-vapour_pressure:magnus-6.112-17.62-243.12:toa-shape-erbs1982:wind-w1-dtr-slope0.03-amp0.1-0.8:pressure-isa-elev-sea-level-constant-no-dem:liljegren-thermofeel2.3.0:day-nex-normalised-complete365-feb29dropped,174430761.43509537,174430761.43509537,1.0,2,2,0,intersection_area_weighted_valid_cells_only,native,,30.938884640222273,358.314457382268,283.1951932964954,83.94337214680407,Kannur,Edakkad
Kerala,block,Kannur||Irikkur,ACCESS-CM2,historical,2005,W1,outdoor-pilot-v1:W1:parton-logan-a1.86-b2.2:humidity-vapour_pressure:magnus-6.112-17.62-243.12:toa-shape-erbs1982:wind-w1-dtr-slope0.03-amp0.1-0.8:pressure-isa-elev-sea-level-constant-no-dem:liljegren-thermofeel2.3.0:day-nex-normalised-complete365-feb29dropped,431805429.14267635,431805429.14267635,1.0,4,4,0,intersection_area_weighted_valid_cells_only,native,,29.639684770058764,304.2619796714548,154.7662204418094,27.72969910680959,Kannur,Irikkur
Kerala,block,Kannur||Iritty,ACCESS-CM2,historical,2005,W1,outdoor-pilot-v1:W1:parton-logan-a1.86-b2.2:humidity-vapour_pressure:magnus-6.112-17.62-243.12:toa-shape-erbs1982:wind-w1-dtr-slope0.03-amp0.1-0.8:pressure-isa-elev-sea-level-constant-no-dem:liljegren-thermofeel2.3.0:day-nex-normalised-complete365-feb29dropped,396466857.13743514,396466857.13743514,1.0,5,5,0,intersection_area_weighted_valid_cells_only,native,,29.552437955771417,279.10910070682525,153.11940251339448,42.044976809336646,Kannur,Iritty
Kerala,block,Kannur||Kalliasseri,ACCESS-CM2,historical,2005,W1,outdoor-pilot-v1:W1:parton-logan-a1.86-b2.2:humidity-vapour_pressure:magnus-6.112-17.62-243.12:toa-shape-erbs1982:wind-w1-dtr-slope0.03-amp0.1-0.8:pressure-isa-elev-sea-level-constant-no-dem:liljegren-thermofeel2.3.0:day-nex-normalised-complete365-feb29dropped,160242132.750861,160242132.750861,1.0,3,3,0,intersection_area_weighted_valid_cells_only,native,,30.706099399532885,355.84020531835955,256.28345001807907,62.090073304817615,Kannur,Kalliasseri
Kerala,block,Kannur||Kannur,ACCESS-CM2,historical,2005,W1,outdoor-pilot-v1:W1:parton-logan-a1.86-b2.2:humidity-vapour_pressure:magnus-6.112-17.62-243.12:toa-shape-erbs1982:wind-w1-dtr-slope0.03-amp0.1-0.8:pressure-isa-elev-sea-level-constant-no-dem:liljegren-thermofeel2.3.0:day-nex-normalised-complete365-feb29dropped,71758034.10124771,71758034.10124771,1.0,1,1,0,intersection_area_weighted_valid_cells_only,native,,30.95180929111424,358.0,292.0,83.0,Kannur,Kannur
Kerala,block,Kannur||Kuthuparamba,ACCESS-CM2,historical,2005,W1,outdoor-pilot-v1:W1:parton-logan-a1.86-b2.2:humidity-vapour_pressure:magnus-6.112-17.62-243.12:toa-shape-erbs1982:wind-w1-dtr-slope0.03-amp0.1-0.8:pressure-isa-elev-sea-level-constant-no-dem:liljegren-thermofeel2.3.0:day-nex-normalised-complete365-feb29dropped,278539983.8018948,278539983.8018948,1.0,4,4,0,intersection_area_weighted_valid_cells_only,native,,30.69735174336377,346.0165564810558,246.11857555842204,78.57816792408327,Kannur,Kuthuparamba
Kerala,block,Kannur||Panoor,ACCESS-CM2,historical,2005,W1,outdoor-pilot-v1:W1:parton-logan-a1.86-b2.2:humidity-vapour_pressure:magnus-6.112-17.62-243.12:toa-shape-erbs1982:wind-w1-dtr-slope0.03-amp0.1-0.8:pressure-isa-elev-sea-level-constant-no-dem:liljegren-thermofeel2.3.0:day-nex-normalised-complete365-feb29dropped,66988257.3436255,66988257.3436255,1.0,2,2,0,intersection_area_weighted_valid_cells_only,native,,30.85351009428573,358.4276082548489,257.13129905818687,75.12455684212924,Kannur,Panoor
Kerala,block,Kannur||Payyannur,ACCESS-CM2,historical,2005,W1,outdoor-pilot-v1:W1:parton-logan-a1.86-b2.2:humidity-vapour_pressure:magnus-6.112-17.62-243.12:toa-shape-erbs1982:wind-w1-dtr-slope0.03-amp0.1-0.8:pressure-isa-elev-sea-level-constant-no-dem:liljegren-thermofeel2.3.0:day-nex-normalised-complete365-feb29dropped,439202469.3794371,439202469.3794371,1.0,3,3,0,intersection_area_weighted_valid_cells_only,native,,30.16008919861725,345.77094479127334,191.56248059352035,31.010365975302665,Kannur,Payyannur
Kerala,block,Kannur||Peravoor,ACCESS-CM2,historical,2005,W1,outdoor-pilot-v1:W1:parton-logan-a1.86-b2.2:humidity-vapour_pressure:magnus-6.112-17.62-243.12:toa-shape-erbs1982:wind-w1-dtr-slope0.03-amp0.1-0.8:pressure-isa-elev-sea-level-constant-no-dem:liljegren-thermofeel2.3.0:day-nex-normalised-complete365-feb29dropped,318385070.1049171,318385070.1049171,1.0,2,2,0,intersection_area_weighted_valid_cells_only,native,,29.39990888507418,265.7269778455709,137.33293287670125,38.21197013075547,Kannur,Peravoor
Kerala,block,Kannur||Taliparamba,ACCESS-CM2,historical,2005,W1,outdoor-pilot-v1:W1:parton-logan-a1.86-b2.2:humidity-vapour_pressure:magnus-6.112-17.62-243.12:toa-shape-erbs1982:wind-w1-dtr-slope0.03-amp0.1-0.8:pressure-isa-elev-sea-level-constant-no-dem:liljegren-thermofeel2.3.0:day-nex-normalised-complete365-feb29dropped,526322492.52569425,526322492.52569425,1.0,5,5,0,intersection_area_weighted_valid_cells_only,native,,30.309173514196424,341.2870293133128,211.2823747003992,40.64060952895869,Kannur,Taliparamba
Kerala,block,Kannur||Thalassery,ACCESS-CM2,historical,2005,W1,outdoor-pilot-v1:W1:parton-logan-a1.86-b2.2:humidity-vapour_pressure:magnus-6.112-17.62-243.12:toa-shape-erbs1982:wind-w1-dtr-slope0.03-amp0.1-0.8:pressure-isa-elev-sea-level-constant-no-dem:liljegren-thermofeel2.3.0:day-nex-normalised-complete365-feb29dropped,102913203.60616228,102913203.60616228,1.0,4,4,0,intersection_area_weighted_valid_cells_only,native,,30.9105599558119,358.4414570042078,273.2580238576842,82.02973454157586,Kannur,Thalassery
Kerala,block,Kasaragod||Kanhangad,ACCESS-CM2,historical,2005,W1,outdoor-pilot-v1:W1:parton-logan-a1.86-b2.2:humidity-vapour_pressure:magnus-6.112-17.62-243.12:toa-shape-erbs1982:wind-w1-dtr-slope0.03-amp0.1-0.8:pressure-isa-elev-sea-level-constant-no-dem:liljegren-thermofeel2.3.0:day-nex-normalised-complete365-feb29dropped,242092224.8980625,242092224.8980625,1.0,2,2,0,intersection_area_weighted_valid_cells_only,native,,29.79921588608506,345.0118999265118,148.06743291689978,11.027766495194026,Kasaragod,Kanhangad
Kerala,block,Kasaragod||Karadka,ACCESS-CM2,historical,2005,W1,outdoor-pilot-v1:W1:parton-logan-a1.86-b2.2:humidity-vapour_pressure:magnus-6.112-17.62-243.12:toa-shape-erbs1982:wind-w1-dtr-slope0.03-amp0.1-0.8:pressure-isa-elev-sea-level-constant-no-dem:liljegren-thermofeel2.3.0:day-nex-normalised-complete365-feb29dropped,397107072.7855542,397107072.7855542,1.0,4,4,0,intersection_area_weighted_valid_cells_only,native,,29.990014692328828,346.76325677442475,165.19504468733172,22.630692539068843,Kasaragod,Karadka
Kerala,block,Kasaragod||Kasargod,ACCESS-CM2,historical,2005,W1,outdoor-pilot-v1:W1:parton-logan-a1.86-b2.2:humidity-vapour_pressure:magnus-6.112-17.62-243.12:toa-shape-erbs1982:wind-w1-dtr-slope0.03-amp0.1-0.8:pressure-isa-elev-sea-level-constant-no-dem:liljegren-thermofeel2.3.0:day-nex-normalised-complete365-feb29dropped,144805031.32725972,152808192.8934325,0.9476260963850667,4,3,1,intersection_area_weighted_valid_cells_only,native,,30.027498661152215,348.4074931756078,167.1250363201513,24.22228455805555,Kasaragod,Kasargod
Kerala,block,Kasaragod||Manjeshwar,ACCESS-CM2,historical,2005,W1,outdoor-pilot-v1:W1:parton-logan-a1.86-b2.2:humidity-vapour_pressure:magnus-6.112-17.62-243.12:toa-shape-erbs1982:wind-w1-dtr-slope0.03-amp0.1-0.8:pressure-isa-elev-sea-level-constant-no-dem:liljegren-thermofeel2.3.0:day-nex-normalised-complete365-feb29dropped,451184162.8235033,451184162.8235033,1.0,4,4,0,intersection_area_weighted_valid_cells_only,native,,30.165559575584698,350.0051461163455,184.2177612990307,32.10784297139901,Kasaragod,Manjeshwar
Kerala,block,Kasaragod||Nileshwar,ACCESS-CM2,historical,2005,W1,outdoor-pilot-v1:W1:parton-logan-a1.86-b2.2:humidity-vapour_pressure:magnus-6.112-17.62-243.12:toa-shape-erbs1982:wind-w1-dtr-slope0.03-amp0.1-0.8:pressure-isa-elev-sea-level-constant-no-dem:liljegren-thermofeel2.3.0:day-nex-normalised-complete365-feb29dropped,205667554.8901833,205667554.8901833,1.0,4,4,0,intersection_area_weighted_valid_cells_only,native,,29.91830480119435,345.7390334564917,161.65502956768185,17.242479758389454,Kasaragod,Nileshwar
Kerala,block,Kasaragod||Parappa,ACCESS-CM2,historical,2005,W1,outdoor-pilot-v1:W1:parton-logan-a1.86-b2.2:humidity-vapour_pressure:magnus-6.112-17.62-243.12:toa-shape-erbs1982:wind-w1-dtr-slope0.03-amp0.1-0.8:pressure-isa-elev-sea-level-constant-no-dem:liljegren-thermofeel2.3.0:day-nex-normalised-complete365-feb29dropped,543982031.8661207,543982031.8661207,1.0,3,3,0,intersection_area_weighted_valid_cells_only,native,,29.375384056406403,322.2176782304045,118.35712767602158,6.18942667527402,Kasaragod,Parappa
Kerala,block,Kollam||Anchal,ACCESS-CM2,historical,2005,W1,outdoor-pilot-v1:W1:parton-logan-a1.86-b2.2:humidity-vapour_pressure:magnus-6.112-17.62-243.12:toa-shape-erbs1982:wind-w1-dtr-slope0.03-amp0.1-0.8:pressure-isa-elev-sea-level-constant-no-dem:liljegren-thermofeel2.3.0:day-nex-normalised-complete365-feb29dropped,908273614.5979147,908273614.5979147,1.0,5,5,0,intersection_area_weighted_valid_cells_only,native,,28.971697249039266,289.8245102098441,64.00503889361441,1.1997892979559057,Kollam,Anchal
Kerala,block,Kollam||Chadayamangalam,ACCESS-CM2,historical,2005,W1,outdoor-pilot-v1:W1:parton-logan-a1.86-b2.2:humidity-vapour_pressure:magnus-6.112-17.62-243.12:toa-shape-erbs1982:wind-w1-dtr-slope0.03-amp0.1-0.8:pressure-isa-elev-sea-level-constant-no-dem:liljegren-thermofeel2.3.0:day-nex-normalised-complete365-feb29dropped,247280954.5227781,247280954.5227781,1.0,2,2,0,intersection_area_weighted_valid_cells_only,native,,29.989585948961132,358.0160311769636,178.09595939011996,3.744411855228902,Kollam,Chadayamangalam
Kerala,block,Kollam||Chavara,ACCESS-CM2,historical,2005,W1,outdoor-pilot-v1:W1:parton-logan-a1.86-b2.2:humidity-vapour_pressure:magnus-6.112-17.62-243.12:toa-shape-erbs1982:wind-w1-dtr-slope0.03-amp0.1-0.8:pressure-isa-elev-sea-level-constant-no-dem:liljegren-thermofeel2.3.0:day-nex-normalised-complete365-feb29dropped,101149615.61021994,101149615.61021994,1.0,3,3,0,intersection_area_weighted_valid_cells_only,native,,29.9630129108971,362.93014798569334,172.9788755987255,7.513068721516502,Kollam,Chavara
Kerala,block,Kollam||Chittumala,ACCESS-CM2,historical,2005,W1,outdoor-pilot-v1:W1:parton-logan-a1.86-b2.2:humidity-vapour_pressure:magnus-6.112-17.62-243.12:toa-shape-erbs1982:wind-w1-dtr-slope0.03-amp0.1-0.8:pressure-isa-elev-sea-level-constant-no-dem:liljegren-thermofeel2.3.0:day-nex-normalised-complete365-feb29dropped,157185120.43081596,157185120.43081596,1.0,2,2,0,intersection_area_weighted_valid_cells_only,native,,29.735594128411744,363.00000000000006,148.64426848913462,3.042018797994084,Kollam,Chittumala
Kerala,block,Kollam||Ithikkara,ACCESS-CM2,historical,2005,W1,outdoor-pilot-v1:W1:parton-logan-a1.86-b2.2:humidity-vapour_pressure:magnus-6.112-17.62-243.12:toa-shape-erbs1982:wind-w1-dtr-slope0.03-amp0.1-0.8:pressure-isa-elev-sea-level-constant-no-dem:liljegren-thermofeel2.3.0:day-nex-normalised-complete365-feb29dropped,148289972.9513451,148289972.9513451,1.0,2,2,0,intersection_area_weighted_valid_cells_only,native,,29.74785628511118,363.0,150.45865919256656,2.331495964114069,Kollam,Ithikkara
Kerala,block,Kollam||Kottarakkara,ACCESS-CM2,historical,2005,W1,outdoor-pilot-v1:W1:parton-logan-a1.86-b2.2:humidity-vapour_pressure:magnus-6.112-17.62-243.12:toa-shape-erbs1982:wind-w1-dtr-slope0.03-amp0.1-0.8:pressure-isa-elev-sea-level-constant-no-dem:liljegren-thermofeel2.3.0:day-nex-normalised-complete365-feb29dropped,130650761.8636519,130650761.8636519,1.0,4,4,0,intersection_area_weighted_valid_cells_only,native,,29.945797499846993,363.0,172.94756885364328,4.612522277114534,Kollam,Kottarakkara
Kerala,block,Kollam||Mukhathala,ACCESS-CM2,historical,2005,W1,outdoor-pilot-v1:W1:parton-logan-a1.86-b2.2:humidity-vapour_pressure:magnus-6.112-17.62-243.12:toa-shape-erbs1982:wind-w1-dtr-slope0.03-amp0.1-0.8:pressure-isa-elev-sea-level-constant-no-dem:liljegren-thermofeel2.3.0:day-nex-normalised-complete365-feb29dropped,65612921.83507759,65612921.83507759,1.0,1,1,0,intersection_area_weighted_valid_cells_only,native,,29.682997538610124,363.0,143.0,2.0,Kollam,Mukhathala
Kerala,block,Kollam||Oachira,ACCESS-CM2,historical,2005,W1,outdoor-pilot-v1:W1:parton-logan-a1.86-b2.2:humidity-vapour_pressure:magnus-6.112-17.62-243.12:toa-shape-erbs1982:wind-w1-dtr-slope0.03-amp0.1-0.8:pressure-isa-elev-sea-level-constant-no-dem:liljegren-thermofeel2.3.0:day-nex-normalised-complete365-feb29dropped,109736987.5098153,109736987.5098153,1.0,2,2,0,intersection_area_weighted_valid_cells_only,native,,30.276310896679785,362.92997360569126,206.59947211382607,13.719894422765218,Kollam,Oachira
Kerala,block,Kollam||Pathanapuram,ACCESS-CM2,historical,2005,W1,outdoor-pilot-v1:W1:parton-logan-a1.86-b2.2:humidity-vapour_pressure:magnus-6.112-17.62-243.12:toa-shape-erbs1982:wind-w1-dtr-slope0.03-amp0.1-0.8:pressure-isa-elev-sea-level-constant-no-dem:liljegren-thermofeel2.3.0:day-nex-normalised-complete365-feb29dropped,321984510.0539413,321984510.0539413,1.0,3,3,0,intersection_area_weighted_valid_cells_only,native,,30.165662974235598,355.86745926440057,201.54265916008484,11.42801455687718,Kollam,Pathanapuram
Kerala,block,Kollam||Sasthamcottah,ACCESS-CM2,historical,2005,W1,outdoor-pilot-v1:W1:parton-logan-a1.86-b2.2:humidity-vapour_pressure:magnus-6.112-17.62-243.12:toa-shape-erbs1982:wind-w1-dtr-slope0.03-amp0.1-0.8:pressure-isa-elev-sea-level-constant-no-dem:liljegren-thermofeel2.3.0:day-nex-normalised-complete365-feb29dropped,118380971.04305314,118380971.04305314,1.0,2,2,0,intersection_area_weighted_valid_cells_only,native,,30.288243664482206,363.0,207.95043973982416,13.990850413506005,Kollam,Sasthamcottah
Kerala,block,Kollam||Vettikkavala,ACCESS-CM2,historical,2005,W1,outdoor-pilot-v1:W1:parton-logan-a1.86-b2.2:humidity-vapour_pressure:magnus-6.112-17.62-243.12:toa-shape-erbs1982:wind-w1-dtr-slope0.03-amp0.1-0.8:pressure-isa-elev-sea-level-constant-no-dem:liljegren-thermofeel2.3.0:day-nex-normalised-complete365-feb29dropped,175430923.48502225,175430923.48502225,1.0,3,3,0,intersection_area_weighted_valid_cells_only,native,,30.20153591652173,363.0,202.0879748943311,9.632712930400402,Kollam,Vettikkavala
Kerala,block,Kottayam||Erattupetta,ACCESS-CM2,historical,2005,W1,outdoor-pilot-v1:W1:parton-logan-a1.86-b2.2:humidity-vapour_pressure:magnus-6.112-17.62-243.12:toa-shape-erbs1982:wind-w1-dtr-slope0.03-amp0.1-0.8:pressure-isa-elev-sea-level-constant-no-dem:liljegren-thermofeel2.3.0:day-nex-normalised-complete365-feb29dropped,262254295.96679074,262254295.96679074,1.0,4,4,0,intersection_area_weighted_valid_cells_only,native,,29.100406380779667,301.0508759629025,79.9797405811708,4.439010788516682,Kottayam,Erattupetta
Kerala,block,Kottayam||Ettumanoor,ACCESS-CM2,historical,2005,W1,outdoor-pilot-v1:W1:parton-logan-a1.86-b2.2:humidity-vapour_pressure:magnus-6.112-17.62-243.12:toa-shape-erbs1982:wind-w1-dtr-slope0.03-amp0.1-0.8:pressure-isa-elev-sea-level-constant-no-dem:liljegren-thermofeel2.3.0:day-nex-normalised-complete365-feb29dropped,143435864.68418306,143435864.68418306,1.0,2,2,0,intersection_area_weighted_valid_cells_only,native,,31.04619833653181,362.99999999999994,305.3625500081591,73.55269849251309,Kottayam,Ettumanoor
Kerala,block,Kottayam||Kaduthuruthy,ACCESS-CM2,historical,2005,W1,outdoor-pilot-v1:W1:parton-logan-a1.86-b2.2:humidity-vapour_pressure:magnus-6.112-17.62-243.12:toa-shape-erbs1982:wind-w1-dtr-slope0.03-amp0.1-0.8:pressure-isa-elev-sea-level-constant-no-dem:liljegren-thermofeel2.3.0:day-nex-normalised-complete365-feb29dropped,190462524.94357803,190462524.94357803,1.0,4,4,0,intersection_area_weighted_valid_cells_only,native,,31.233568511752377,362.99999999999994,322.67691711691833,100.60420718523564,Kottayam,Kaduthuruthy
Kerala,block,Kottayam||Kanjirappally,ACCESS-CM2,historical,2005,W1,outdoor-pilot-v1:W1:parton-logan-a1.86-b2.2:humidity-vapour_pressure:magnus-6.112-17.62-243.12:toa-shape-erbs1982:wind-w1-dtr-slope0.03-amp0.1-0.8:pressure-isa-elev-sea-level-constant-no-dem:liljegren-thermofeel2.3.0:day-nex-normalised-complete365-feb29dropped,362433144.1441581,362433144.1441581,1.0,3,3,0,intersection_area_weighted_valid_cells_only,native,,29.471721107636565,321.30635719011224,119.16845818817318,6.309581886550565,Kottayam,Kanjirappally
Kerala,block,Kottayam||Lalam,ACCESS-CM2,historical,2005,W1,outdoor-pilot-v1:W1:parton-logan-a1.86-b2.2:humidity-vapour_pressure:magnus-6.112-17.62-243.12:toa-shape-erbs1982:wind-w1-dtr-slope0.03-amp0.1-0.8:pressure-isa-elev-sea-level-constant-no-dem:liljegren-thermofeel2.3.0:day-nex-normalised-complete365-feb29dropped,216039052.7149638,216039052.7149638,1.0,4,4,0,intersection_area_weighted_valid_cells_only,native,,31.02450944425253,362.20593077823355,301.1635406918706,77.23233981951037,Kottayam,Lalam
Kerala,block,Kottayam||Madappally,ACCESS-CM2,historical,2005,W1,outdoor-pilot-v1:W1:parton-logan-a1.86-b2.2:humidity-vapour_pressure:magnus-6.112-17.62-243.12:toa-shape-erbs1982:wind-w1-dtr-slope0.03-amp0.1-0.8:pressure-isa-elev-sea-level-constant-no-dem:liljegren-thermofeel2.3.0:day-nex-normalised-complete365-feb29dropped,158600106.3219865,158600106.3219865,1.0,4,4,0,intersection_area_weighted_valid_cells_only,native,,30.78775957227674,363.0,274.2558789178665,46.07796427553976,Kottayam,Madappally
Kerala,block,Kottayam||Pallom,ACCESS-CM2,historical,2005,W1,outdoor-pilot-v1:W1:parton-logan-a1.86-b2.2:humidity-vapour_pressure:magnus-6.112-17.62-243.12:toa-shape-erbs1982:wind-w1-dtr-slope0.03-amp0.1-0.8:pressure-isa-elev-sea-level-constant-no-dem:liljegren-thermofeel2.3.0:day-nex-normalised-complete365-feb29dropped,173658964.72448564,173658964.72448564,1.0,3,3,0,intersection_area_weighted_valid_cells_only,native,,31.080143784994448,363.0,309.5972314631806,77.53381438888711,Kottayam,Pallom
Kerala,block,Kottayam||Pampady,ACCESS-CM2,historical,2005,W1,outdoor-pilot-v1:W1:parton-logan-a1.86-b2.2:humidity-vapour_pressure:magnus-6.112-17.62-243.12:toa-shape-erbs1982:wind-w1-dtr-slope0.03-amp0.1-0.8:pressure-isa-elev-sea-level-constant-no-dem:liljegren-thermofeel2.3.0:day-nex-normalised-complete365-feb29dropped,228566923.37540096,228566923.37540096,1.0,2,2,0,intersection_area_weighted_valid_cells_only,native,,30.879194024343203,360.8498537806887,285.071751071108,59.20821148390724,Kottayam,Pampady
Kerala,block,Kottayam||Uzhavoor,ACCESS-CM2,historical,2005,W1,outdoor-pilot-v1:W1:parton-logan-a1.86-b2.2:humidity-vapour_pressure:magnus-6.112-17.62-243.12:toa-shape-erbs1982:wind-w1-dtr-slope0.03-amp0.1-0.8:pressure-isa-elev-sea-level-constant-no-dem:liljegren-thermofeel2.3.0:day-nex-normalised-complete365-feb29dropped,197092785.9828177,197092785.9828177,1.0,2,2,0,intersection_area_weighted_valid_cells_only,native,,31.091651649228172,362.99999999999994,308.62668222826426,84.27735511957003,Kottayam,Uzhavoor
Kerala,block,Kottayam||Vaikom,ACCESS-CM2,historical,2005,W1,outdoor-pilot-v1:W1:parton-logan-a1.86-b2.2:humidity-vapour_pressure:magnus-6.112-17.62-243.12:toa-shape-erbs1982:wind-w1-dtr-slope0.03-amp0.1-0.8:pressure-isa-elev-sea-level-constant-no-dem:liljegren-thermofeel2.3.0:day-nex-normalised-complete365-feb29dropped,129974915.3552092,129974915.3552092,1.0,2,2,0,intersection_area_weighted_valid_cells_only,native,,31.265852025315972,363.0,327.225115716003,102.23553229361376,Kottayam,Vaikom
Kerala,block,Kottayam||Vazhoor,ACCESS-CM2,historical,2005,W1,outdoor-pilot-v1:W1:parton-logan-a1.86-b2.2:humidity-vapour_pressure:magnus-6.112-17.62-243.12:toa-shape-erbs1982:wind-w1-dtr-slope0.03-amp0.1-0.8:pressure-isa-elev-sea-level-constant-no-dem:liljegren-thermofeel2.3.0:day-nex-normalised-complete365-feb29dropped,143248164.72064638,143248164.72064638,1.0,4,4,0,intersection_area_weighted_valid_cells_only,native,,30.4852456303079,348.42046764962964,239.3717729485554,44.131434749893174,Kottayam,Vazhoor
Kerala,block,Kozhikode||Balusseri,ACCESS-CM2,historical,2005,W1,outdoor-pilot-v1:W1:parton-logan-a1.86-b2.2:humidity-vapour_pressure:magnus-6.112-17.62-243.12:toa-shape-erbs1982:wind-w1-dtr-slope0.03-amp0.1-0.8:pressure-isa-elev-sea-level-constant-no-dem:liljegren-thermofeel2.3.0:day-nex-normalised-complete365-feb29dropped,246438232.12302446,246438232.12302446,1.0,4,4,0,intersection_area_weighted_valid_cells_only,native,,30.336545900159237,324.2026277011526,205.8901745911991,64.29215530554498,Kozhikode,Balusseri
Kerala,block,Kozhikode||Chelannur,ACCESS-CM2,historical,2005,W1,outdoor-pilot-v1:W1:parton-logan-a1.86-b2.2:humidity-vapour_pressure:magnus-6.112-17.62-243.12:toa-shape-erbs1982:wind-w1-dtr-slope0.03-amp0.1-0.8:pressure-isa-elev-sea-level-constant-no-dem:liljegren-thermofeel2.3.0:day-nex-normalised-complete365-feb29dropped,141203641.51659504,141203641.51659504,1.0,2,2,0,intersection_area_weighted_valid_cells_only,native,,30.96646127695677,359.7949702278722,257.2059894938822,86.15473205085028,Kozhikode,Chelannur
Kerala,block,Kozhikode||Koduvally,ACCESS-CM2,historical,2005,W1,outdoor-pilot-v1:W1:parton-logan-a1.86-b2.2:humidity-vapour_pressure:magnus-6.112-17.62-243.12:toa-shape-erbs1982:wind-w1-dtr-slope0.03-amp0.1-0.8:pressure-isa-elev-sea-level-constant-no-dem:liljegren-thermofeel2.3.0:day-nex-normalised-complete365-feb29dropped,435295568.00314564,435295568.00314564,1.0,4,4,0,intersection_area_weighted_valid_cells_only,native,,30.026423091541798,320.9313690449551,181.5726609895228,43.363513593834284,Kozhikode,Koduvally
Kerala,block,Kozhikode||Kozhikode,ACCESS-CM2,historical,2005,W1,outdoor-pilot-v1:W1:parton-logan-a1.86-b2.2:humidity-vapour_pressure:magnus-6.112-17.62-243.12:toa-shape-erbs1982:wind-w1-dtr-slope0.03-amp0.1-0.8:pressure-isa-elev-sea-level-constant-no-dem:liljegren-thermofeel2.3.0:day-nex-normalised-complete365-feb29dropped,175430890.81283823,175430890.81283823,1.0,2,2,0,intersection_area_weighted_valid_cells_only,native,,31.059150533640636,360.0,264.7552071655776,96.95254447978735,Kozhikode,Kozhikode
Kerala,block,Kozhikode||Kunnamangalam,ACCESS-CM2,historical,2005,W1,outdoor-pilot-v1:W1:parton-logan-a1.86-b2.2:humidity-vapour_pressure:magnus-6.112-17.62-243.12:toa-shape-erbs1982:wind-w1-dtr-slope0.03-amp0.1-0.8:pressure-isa-elev-sea-level-constant-no-dem:liljegren-thermofeel2.3.0:day-nex-normalised-complete365-feb29dropped,296591259.5525364,296591259.5525364,1.0,5,5,0,intersection_area_weighted_valid_cells_only,native,,30.363914455813497,335.15971213394465,209.330668741816,58.632302991043,Kozhikode,Kunnamangalam
Kerala,block,Kozhikode||Kunnummal,ACCESS-CM2,historical,2005,W1,outdoor-pilot-v1:W1:parton-logan-a1.86-b2.2:humidity-vapour_pressure:magnus-6.112-17.62-243.12:toa-shape-erbs1982:wind-w1-dtr-slope0.03-amp0.1-0.8:pressure-isa-elev-sea-level-constant-no-dem:liljegren-thermofeel2.3.0:day-nex-normalised-complete365-feb29dropped,263421310.18075174,263421310.18075174,1.0,4,4,0,intersection_area_weighted_valid_cells_only,native,,29.46177767926641,275.7825488888558,137.8642698772686,30.16916096535784,Kozhikode,Kunnummal
Kerala,block,Kozhikode||Melday,ACCESS-CM2,historical,2005,W1,outdoor-pilot-v1:W1:parton-logan-a1.86-b2.2:humidity-vapour_pressure:magnus-6.112-17.62-243.12:toa-shape-erbs1982:wind-w1-dtr-slope0.03-amp0.1-0.8:pressure-isa-elev-sea-level-constant-no-dem:liljegren-thermofeel2.3.0:day-nex-normalised-complete365-feb29dropped,82338306.48905319,82338306.48905319,1.0,2,2,0,intersection_area_weighted_valid_cells_only,native,,30.76092690566747,357.6187729538834,246.66282135436745,64.14079715412542,Kozhikode,Melday
Kerala,block,Kozhikode||Panthalayani,ACCESS-CM2,historical,2005,W1,outdoor-pilot-v1:W1:parton-logan-a1.86-b2.2:humidity-vapour_pressure:magnus-6.112-17.62-243.12:toa-shape-erbs1982:wind-w1-dtr-slope0.03-amp0.1-0.8:pressure-isa-elev-sea-level-constant-no-dem:liljegren-thermofeel2.3.0:day-nex-normalised-complete365-feb29dropped,76280530.18627933,76280530.18627933,1.0,4,4,0,intersection_area_weighted_valid_cells_only,native,,30.57963050285276,356.1744019104931,227.27289384799633,53.78041369863531,Kozhikode,Panthalayani
Kerala,block,Kozhikode||Perambra,ACCESS-CM2,historical,2005,W1,outdoor-pilot-v1:W1:parton-logan-a1.86-b2.2:humidity-vapour_pressure:magnus-6.112-17.62-243.12:toa-shape-erbs1982:wind-w1-dtr-slope0.03-amp0.1-0.8:pressure-isa-elev-sea-level-constant-no-dem:liljegren-thermofeel2.3.0:day-nex-normalised-complete365-feb29dropped,318377720.0400582,318377720.0400582,1.0,2,2,0,intersection_area_weighted_valid_cells_only,native,,28.820761042850783,237.21610976923407,83.24520301091569,12.176106561921845,Kozhikode,Perambra
Kerala,block,Kozhikode||Thodannur,ACCESS-CM2,historical,2005,W1,outdoor-pilot-v1:W1:parton-logan-a1.86-b2.2:humidity-vapour_pressure:magnus-6.112-17.62-243.12:toa-shape-erbs1982:wind-w1-dtr-slope0.03-amp0.1-0.8:pressure-isa-elev-sea-level-constant-no-dem:liljegren-thermofeel2.3.0:day-nex-normalised-complete365-feb29dropped,79613586.28223379,79613586.28223379,1.0,1,1,0,intersection_area_weighted_valid_cells_only,native,,30.81078020929812,358.0,251.99999999999997,67.0,Kozhikode,Thodannur
Kerala,block,Kozhikode||Thuneri,ACCESS-CM2,historical,2005,W1,outdoor-pilot-v1:W1:parton-logan-a1.86-b2.2:humidity-vapour_pressure:magnus-6.112-17.62-243.12:toa-shape-erbs1982:wind-w1-dtr-slope0.03-amp0.1-0.8:pressure-isa-elev-sea-level-constant-no-dem:liljegren-thermofeel2.3.0:day-nex-normalised-complete365-feb29dropped,143239618.27802873,143239618.27802873,1.0,3,3,0,intersection_area_weighted_valid_cells_only,native,,30.583266488929592,342.11245716707,234.21520947095323,65.44575913315201,Kozhikode,Thuneri
Kerala,block,Kozhikode||Vadakara,ACCESS-CM2,historical,2005,W1,outdoor-pilot-v1:W1:parton-logan-a1.86-b2.2:humidity-vapour_pressure:magnus-6.112-17.62-243.12:toa-shape-erbs1982:wind-w1-dtr-slope0.03-amp0.1-0.8:pressure-isa-elev-sea-level-constant-no-dem:liljegren-thermofeel2.3.0:day-nex-normalised-complete365-feb29dropped,90199585.86599983,90199585.86599983,1.0,1,1,0,intersection_area_weighted_valid_cells_only,native,,30.810780209298123,358.0,251.99999999999997,67.0,Kozhikode,Vadakara
Kerala,block,Malappuram||Areakode,ACCESS-CM2,historical,2005,W1,outdoor-pilot-v1:W1:parton-logan-a1.86-b2.2:humidity-vapour_pressure:magnus-6.112-17.62-243.12:toa-shape-erbs1982:wind-w1-dtr-slope0.03-amp0.1-0.8:pressure-isa-elev-sea-level-constant-no-dem:liljegren-thermofeel2.3.0:day-nex-normalised-complete365-feb29dropped,233672198.9008971,233672198.9008971,1.0,4,4,0,intersection_area_weighted_valid_cells_only,native,,30.7875372712807,343.87276345421014,255.4524226651909,90.6871311985913,Malappuram,Areakode
Kerala,block,Malappuram||Kalikavu,ACCESS-CM2,historical,2005,W1,outdoor-pilot-v1:W1:parton-logan-a1.86-b2.2:humidity-vapour_pressure:magnus-6.112-17.62-243.12:toa-shape-erbs1982:wind-w1-dtr-slope0.03-amp0.1-0.8:pressure-isa-elev-sea-level-constant-no-dem:liljegren-thermofeel2.3.0:day-nex-normalised-complete365-feb29dropped,620411109.8107977,620411109.8107977,1.0,3,3,0,intersection_area_weighted_valid_cells_only,native,,29.029795693138144,293.39407924720376,130.7768102070547,8.25369636416393,Malappuram,Kalikavu
Kerala,block,Malappuram||Kondotty,ACCESS-CM2,historical,2005,W1,outdoor-pilot-v1:W1:parton-logan-a1.86-b2.2:humidity-vapour_pressure:magnus-6.112-17.62-243.12:toa-shape-erbs1982:wind-w1-dtr-slope0.03-amp0.1-0.8:pressure-isa-elev-sea-level-constant-no-dem:liljegren-thermofeel2.3.0:day-nex-normalised-complete365-feb29dropped,186600711.61569095,186600711.61569095,1.0,3,3,0,intersection_area_weighted_valid_cells_only,native,,31.142601210277842,360.1456509728965,274.8695960807722,105.6624247659713,Malappuram,Kondotty
Kerala,block,Malappuram||Kuttippuram,ACCESS-CM2,historical,2005,W1,outdoor-pilot-v1:W1:parton-logan-a1.86-b2.2:humidity-vapour_pressure:magnus-6.112-17.62-243.12:toa-shape-erbs1982:wind-w1-dtr-slope0.03-amp0.1-0.8:pressure-isa-elev-sea-level-constant-no-dem:liljegren-thermofeel2.3.0:day-nex-normalised-complete365-feb29dropped,162804233.33835104,162804233.33835104,1.0,2,2,0,intersection_area_weighted_valid_cells_only,native,,31.337141822456733,360.9831394059967,297.3203512860625,124.94941821799013,Malappuram,Kuttippuram
Kerala,block,Malappuram||Malappuram,ACCESS-CM2,historical,2005,W1,outdoor-pilot-v1:W1:parton-logan-a1.86-b2.2:humidity-vapour_pressure:magnus-6.112-17.62-243.12:toa-shape-erbs1982:wind-w1-dtr-slope0.03-amp0.1-0.8:pressure-isa-elev-sea-level-constant-no-dem:liljegren-thermofeel2.3.0:day-nex-normalised-complete365-feb29dropped,215496329.8367946,215496329.8367946,1.0,4,4,0,intersection_area_weighted_valid_cells_only,native,,31.405142212883206,360.97619365844633,313.4417291580192,128.80091740572328,Malappuram,Malappuram
Kerala,block,Malappuram||Mankada,ACCESS-CM2,historical,2005,W1,outdoor-pilot-v1:W1:parton-logan-a1.86-b2.2:humidity-vapour_pressure:magnus-6.112-17.62-243.12:toa-shape-erbs1982:wind-w1-dtr-slope0.03-amp0.1-0.8:pressure-isa-elev-sea-level-constant-no-dem:liljegren-thermofeel2.3.0:day-nex-normalised-complete365-feb29dropped,203102785.14767653,203102785.14767653,1.0,2,2,0,intersection_area_weighted_valid_cells_only,native,,31.37616600542494,361.00000000000006,306.25701873192565,127.31425468298141,Malappuram,Mankada
Kerala,block,Malappuram||Nilambur,ACCESS-CM2,historical,2005,W1,outdoor-pilot-v1:W1:parton-logan-a1.86-b2.2:humidity-vapour_pressure:magnus-6.112-17.62-243.12:toa-shape-erbs1982:wind-w1-dtr-slope0.03-amp0.1-0.8:pressure-isa-elev-sea-level-constant-no-dem:liljegren-thermofeel2.3.0:day-nex-normalised-complete365-feb29dropped,578406663.0060374,578406663.0060374,1.0,4,4,0,intersection_area_weighted_valid_cells_only,native,,29.495696884209867,315.39658992481446,139.0441958491218,8.895579639130181,Malappuram,Nilambur
Kerala,block,Malappuram||Perinthalmanna,ACCESS-CM2,historical,2005,W1,outdoor-pilot-v1:W1:parton-logan-a1.86-b2.2:humidity-vapour_pressure:magnus-6.112-17.62-243.12:toa-shape-erbs1982:wind-w1-dtr-slope0.03-amp0.1-0.8:pressure-isa-elev-sea-level-constant-no-dem:liljegren-thermofeel2.3.0:day-nex-normalised-complete365-feb29dropped,277003716.50264424,277003716.50264424,1.0,4,4,0,intersection_area_weighted_valid_cells_only,native,,31.100139749387253,350.2283622414652,283.4566045903011,113.2264213098672,Malappuram,Perinthalmanna
Kerala,block,Malappuram||Perumpadappu,ACCESS-CM2,historical,2005,W1,outdoor-pilot-v1:W1:parton-logan-a1.86-b2.2:humidity-vapour_pressure:magnus-6.112-17.62-243.12:toa-shape-erbs1982:wind-w1-dtr-slope0.03-amp0.1-0.8:pressure-isa-elev-sea-level-constant-no-dem:liljegren-thermofeel2.3.0:day-nex-normalised-complete365-feb29dropped,92168517.49710117,92168517.49710117,1.0,4,4,0,intersection_area_weighted_valid_cells_only,native,,31.161830257271415,359.5298505707679,278.4920131301284,106.1188825561463,Malappuram,Perumpadappu
Kerala,block,Malappuram||Ponnani,ACCESS-CM2,historical,2005,W1,outdoor-pilot-v1:W1:parton-logan-a1.86-b2.2:humidity-vapour_pressure:magnus-6.112-17.62-243.12:toa-shape-erbs1982:wind-w1-dtr-slope0.03-amp0.1-0.8:pressure-isa-elev-sea-level-constant-no-dem:liljegren-thermofeel2.3.0:day-nex-normalised-complete365-feb29dropped,109474618.1968622,109474618.1968622,1.0,4,4,0,intersection_area_weighted_valid_cells_only,native,,31.356839022556127,360.30448396283043,306.94337498963836,122.25617875649147,Malappuram,Ponnani
Kerala,block,Malappuram||Tanur,ACCESS-CM2,historical,2005,W1,outdoor-pilot-v1:W1:parton-logan-a1.86-b2.2:humidity-vapour_pressure:magnus-6.112-17.62-243.12:toa-shape-erbs1982:wind-w1-dtr-slope0.03-amp0.1-0.8:pressure-isa-elev-sea-level-constant-no-dem:liljegren-thermofeel2.3.0:day-nex-normalised-complete365-feb29dropped,125896039.55120565,125896039.55120565,1.0,3,3,0,intersection_area_weighted_valid_cells_only,native,,31.369278827182377,360.01576710372535,312.6128793916668,120.76082396219635,Malappuram,Tanur
Kerala,block,Malappuram||Tirur,ACCESS-CM2,historical,2005,W1,outdoor-pilot-v1:W1:parton-logan-a1.86-b2.2:humidity-vapour_pressure:magnus-6.112-17.62-243.12:toa-shape-erbs1982:wind-w1-dtr-slope0.03-amp0.1-0.8:pressure-isa-elev-sea-level-constant-no-dem:liljegren-thermofeel2.3.0:day-nex-normalised-complete365-feb29dropped,120741278.4814492,120741278.4814492,1.0,2,2,0,intersection_area_weighted_valid_cells_only,native,,31.388020654004862,360.0141722337556,315.73072755864405,122.04251670126672,Malappuram,Tirur
Kerala,block,Malappuram||Tirurangadi,ACCESS-CM2,historical,2005,W1,outdoor-pilot-v1:W1:parton-logan-a1.86-b2.2:humidity-vapour_pressure:magnus-6.112-17.62-243.12:toa-shape-erbs1982:wind-w1-dtr-slope0.03-amp0.1-0.8:pressure-isa-elev-sea-level-constant-no-dem:liljegren-thermofeel2.3.0:day-nex-normalised-complete365-feb29dropped,141446219.36872175,141446219.36872175,1.0,2,2,0,intersection_area_weighted_valid_cells_only,native,,31.107113275108283,360.0,269.39221153766124,102.58008814069217,Malappuram,Tirurangadi
Kerala,block,Malappuram||Vengara,ACCESS-CM2,historical,2005,W1,outdoor-pilot-v1:W1:parton-logan-a1.86-b2.2:humidity-vapour_pressure:magnus-6.112-17.62-243.12:toa-shape-erbs1982:wind-w1-dtr-slope0.03-amp0.1-0.8:pressure-isa-elev-sea-level-constant-no-dem:liljegren-thermofeel2.3.0:day-nex-normalised-complete365-feb29dropped,117757993.40516758,117757993.40516758,1.0,4,4,0,intersection_area_weighted_valid_cells_only,native,,31.185775731834724,360.20672066414664,281.4064951251546,109.18631337487436,Malappuram,Vengara
Kerala,block,Malappuram||Wandoor,ACCESS-CM2,historical,2005,W1,outdoor-pilot-v1:W1:parton-logan-a1.86-b2.2:humidity-vapour_pressure:magnus-6.112-17.62-243.12:toa-shape-erbs1982:wind-w1-dtr-slope0.03-amp0.1-0.8:pressure-isa-elev-sea-level-constant-no-dem:liljegren-thermofeel2.3.0:day-nex-normalised-complete365-feb29dropped,369924793.3476437,369924793.3476437,1.0,4,4,0,intersection_area_weighted_valid_cells_only,native,,30.72159838171333,340.2026796188427,252.7170166749162,88.15342276667602,Malappuram,Wandoor
Kerala,block,Palakkad||Alathur,ACCESS-CM2,historical,2005,W1,outdoor-pilot-v1:W1:parton-logan-a1.86-b2.2:humidity-vapour_pressure:magnus-6.112-17.62-243.12:toa-shape-erbs1982:wind-w1-dtr-slope0.03-amp0.1-0.8:pressure-isa-elev-sea-level-constant-no-dem:liljegren-thermofeel2.3.0:day-nex-normalised-complete365-feb29dropped,370666520.83871007,370666520.83871007,1.0,4,4,0,intersection_area_weighted_valid_cells_only,native,,31.005403716286516,351.46560568259133,274.86317115729025,106.4699412754719,Palakkad,Alathur
Kerala,block,Palakkad||Attappadi,ACCESS-CM2,historical,2005,W1,outdoor-pilot-v1:W1:parton-logan-a1.86-b2.2:humidity-vapour_pressure:magnus-6.112-17.62-243.12:toa-shape-erbs1982:wind-w1-dtr-slope0.03-amp0.1-0.8:pressure-isa-elev-sea-level-constant-no-dem:liljegren-thermofeel2.3.0:day-nex-normalised-complete365-feb29dropped,737850840.7262989,737850840.7262989,1.0,4,4,0,intersection_area_weighted_valid_cells_only,native,,28.526997125134702,217.36045692023342,64.37969869426438,7.123004240524495,Palakkad,Attappadi
Kerala,block,Palakkad||Chittur,ACCESS-CM2,historical,2005,W1,outdoor-pilot-v1:W1:parton-logan-a1.86-b2.2:humidity-vapour_pressure:magnus-6.112-17.62-243.12:toa-shape-erbs1982:wind-w1-dtr-slope0.03-amp0.1-0.8:pressure-isa-elev-sea-level-constant-no-dem:liljegren-thermofeel2.3.0:day-nex-normalised-complete365-feb29dropped,276002195.2675314,276002195.2675314,1.0,3,3,0,intersection_area_weighted_valid_cells_only,native,,31.487084629629678,358.76497834455284,322.8762633592943,138.74629693431763,Palakkad,Chittur
Kerala,block,Palakkad||Kollengode,ACCESS-CM2,historical,2005,W1,outdoor-pilot-v1:W1:parton-logan-a1.86-b2.2:humidity-vapour_pressure:magnus-6.112-17.62-243.12:toa-shape-erbs1982:wind-w1-dtr-slope0.03-amp0.1-0.8:pressure-isa-elev-sea-level-constant-no-dem:liljegren-thermofeel2.3.0:day-nex-normalised-complete365-feb29dropped,339642159.434967,339642159.434967,1.0,4,4,0,intersection_area_weighted_valid_cells_only,native,,30.755290143241638,326.6565806865364,256.3176785616921,103.74704705840266,Palakkad,Kollengode
Kerala,block,Palakkad||Kuzhalmannam,ACCESS-CM2,historical,2005,W1,outdoor-pilot-v1:W1:parton-logan-a1.86-b2.2:humidity-vapour_pressure:magnus-6.112-17.62-243.12:toa-shape-erbs1982:wind-w1-dtr-slope0.03-amp0.1-0.8:pressure-isa-elev-sea-level-constant-no-dem:liljegren-thermofeel2.3.0:day-nex-normalised-complete365-feb29dropped,188664981.78420222,188664981.78420222,1.0,4,4,0,intersection_area_weighted_valid_cells_only,native,,31.190002331312726,358.89794307790055,295.63555642659185,114.63153964086341,Palakkad,Kuzhalmannam
Kerala,block,Palakkad||Malampuzha,ACCESS-CM2,historical,2005,W1,outdoor-pilot-v1:W1:parton-logan-a1.86-b2.2:humidity-vapour_pressure:magnus-6.112-17.62-243.12:toa-shape-erbs1982:wind-w1-dtr-slope0.03-amp0.1-0.8:pressure-isa-elev-sea-level-constant-no-dem:liljegren-thermofeel2.3.0:day-nex-normalised-complete365-feb29dropped,459269593.766905,459269593.766905,1.0,4,4,0,intersection_area_weighted_valid_cells_only,native,,30.942262396888705,356.89929910073295,266.2307095557236,92.4189372244578,Palakkad,Malampuzha
Kerala,block,Palakkad||Mannarkad,ACCESS-CM2,historical,2005,W1,outdoor-pilot-v1:W1:parton-logan-a1.86-b2.2:humidity-vapour_pressure:magnus-6.112-17.62-243.12:toa-shape-erbs1982:wind-w1-dtr-slope0.03-amp0.1-0.8:pressure-isa-elev-sea-level-constant-no-dem:liljegren-thermofeel2.3.0:day-nex-normalised-complete365-feb29dropped,467601226.2295485,467601226.2295485,1.0,4,4,0,intersection_area_weighted_valid_cells_only,native,,30.179778674946295,320.2982063816794,200.30667018998247,59.006034586660384,Palakkad,Mannarkad
Kerala,block,Palakkad||Nemmara,ACCESS-CM2,historical,2005,W1,outdoor-pilot-v1:W1:parton-logan-a1.86-b2.2:humidity-vapour_pressure:magnus-6.112-17.62-243.12:toa-shape-erbs1982:wind-w1-dtr-slope0.03-amp0.1-0.8:pressure-isa-elev-sea-level-constant-no-dem:liljegren-thermofeel2.3.0:day-nex-normalised-complete365-feb29dropped,555039573.8726864,555039573.8726864,1.0,3,3,0,intersection_area_weighted_valid_cells_only,native,,30.002918589022613,307.93131014688055,189.72748502049197,56.791494971221965,Palakkad,Nemmara
Kerala,block,Palakkad||Ottappalam,ACCESS-CM2,historical,2005,W1,outdoor-pilot-v1:W1:parton-logan-a1.86-b2.2:humidity-vapour_pressure:magnus-6.112-17.62-243.12:toa-shape-erbs1982:wind-w1-dtr-slope0.03-amp0.1-0.8:pressure-isa-elev-sea-level-constant-no-dem:liljegren-thermofeel2.3.0:day-nex-normalised-complete365-feb29dropped,210366186.58052093,210366186.58052093,1.0,4,4,0,intersection_area_weighted_valid_cells_only,native,,31.64421795662831,362.98762354900714,335.1001276502948,150.417889386415,Palakkad,Ottappalam
Kerala,block,Palakkad||Palakkad,ACCESS-CM2,historical,2005,W1,outdoor-pilot-v1:W1:parton-logan-a1.86-b2.2:humidity-vapour_pressure:magnus-6.112-17.62-243.12:toa-shape-erbs1982:wind-w1-dtr-slope0.03-amp0.1-0.8:pressure-isa-elev-sea-level-constant-no-dem:liljegren-thermofeel2.3.0:day-nex-normalised-complete365-feb29dropped,241763758.41435975,241763758.41435975,1.0,3,3,0,intersection_area_weighted_valid_cells_only,native,,30.94607473002608,357.8222456783811,263.7613741186521,92.29823610556615,Palakkad,Palakkad
Kerala,block,Palakkad||Pattambi,ACCESS-CM2,historical,2005,W1,outdoor-pilot-v1:W1:parton-logan-a1.86-b2.2:humidity-vapour_pressure:magnus-6.112-17.62-243.12:toa-shape-erbs1982:wind-w1-dtr-slope0.03-amp0.1-0.8:pressure-isa-elev-sea-level-constant-no-dem:liljegren-thermofeel2.3.0:day-nex-normalised-complete365-feb29dropped,227300033.67633516,227300033.67633516,1.0,2,2,0,intersection_area_weighted_valid_cells_only,native,,31.39528158963405,361.3746908877945,304.30647231199293,129.8709815413286,Palakkad,Pattambi
Kerala,block,Palakkad||Sreekrishnapuram,ACCESS-CM2,historical,2005,W1,outdoor-pilot-v1:W1:parton-logan-a1.86-b2.2:humidity-vapour_pressure:magnus-6.112-17.62-243.12:toa-shape-erbs1982:wind-w1-dtr-slope0.03-amp0.1-0.8:pressure-isa-elev-sea-level-constant-no-dem:liljegren-thermofeel2.3.0:day-nex-normalised-complete365-feb29dropped,235949718.922892,235949718.922892,1.0,2,2,0,intersection_area_weighted_valid_cells_only,native,,31.63166861110217,362.85970341019305,333.9556782628131,149.3565256622615,Palakkad,Sreekrishnapuram
Kerala,block,Palakkad||Trithala,ACCESS-CM2,historical,2005,W1,outdoor-pilot-v1:W1:parton-logan-a1.86-b2.2:humidity-vapour_pressure:magnus-6.112-17.62-243.12:toa-shape-erbs1982:wind-w1-dtr-slope0.03-amp0.1-0.8:pressure-isa-elev-sea-level-constant-no-dem:liljegren-thermofeel2.3.0:day-nex-normalised-complete365-feb29dropped,172625539.7589664,172625539.7589664,1.0,2,2,0,intersection_area_weighted_valid_cells_only,native,,31.280876010499814,361.2579432199039,289.51964662278766,119.32524916211477,Palakkad,Trithala
Kerala,block,Pathanamthitta||Elanthoor,ACCESS-CM2,historical,2005,W1,outdoor-pilot-v1:W1:parton-logan-a1.86-b2.2:humidity-vapour_pressure:magnus-6.112-17.62-243.12:toa-shape-erbs1982:wind-w1-dtr-slope0.03-amp0.1-0.8:pressure-isa-elev-sea-level-constant-no-dem:liljegren-thermofeel2.3.0:day-nex-normalised-complete365-feb29dropped,165272177.66963196,165272177.66963196,1.0,4,4,0,intersection_area_weighted_valid_cells_only,native,,30.542426535119752,362.60189265031494,243.3312069743276,30.2449016197808,Pathanamthitta,Elanthoor
Kerala,block,Pathanamthitta||Koipuram,ACCESS-CM2,historical,2005,W1,outdoor-pilot-v1:W1:parton-logan-a1.86-b2.2:humidity-vapour_pressure:magnus-6.112-17.62-243.12:toa-shape-erbs1982:wind-w1-dtr-slope0.03-amp0.1-0.8:pressure-isa-elev-sea-level-constant-no-dem:liljegren-thermofeel2.3.0:day-nex-normalised-complete365-feb29dropped,122369727.17920087,122369727.17920087,1.0,2,2,0,intersection_area_weighted_valid_cells_only,native,,30.69794825834455,362.89803891504295,263.3803814840219,38.62352535307874,Pathanamthitta,Koipuram
Kerala,block,Pathanamthitta||Konni,ACCESS-CM2,historical,2005,W1,outdoor-pilot-v1:W1:parton-logan-a1.86-b2.2:humidity-vapour_pressure:magnus-6.112-17.62-243.12:toa-shape-erbs1982:wind-w1-dtr-slope0.03-amp0.1-0.8:pressure-isa-elev-sea-level-constant-no-dem:liljegren-thermofeel2.3.0:day-nex-normalised-complete365-feb29dropped,760814313.3584683,760814313.3584683,1.0,6,6,0,intersection_area_weighted_valid_cells_only,native,,29.274653341948316,292.0179961204575,107.84199929182205,6.312111245218115,Pathanamthitta,Konni
Kerala,block,Pathanamthitta||Mallappally,ACCESS-CM2,historical,2005,W1,outdoor-pilot-v1:W1:parton-logan-a1.86-b2.2:humidity-vapour_pressure:magnus-6.112-17.62-243.12:toa-shape-erbs1982:wind-w1-dtr-slope0.03-amp0.1-0.8:pressure-isa-elev-sea-level-constant-no-dem:liljegren-thermofeel2.3.0:day-nex-normalised-complete365-feb29dropped,135221015.28638616,135221015.28638616,1.0,2,2,0,intersection_area_weighted_valid_cells_only,native,,30.678116889629433,362.8268372966011,260.8527240293399,37.66230350411518,Pathanamthitta,Mallappally
Kerala,block,Pathanamthitta||Pandlam,ACCESS-CM2,historical,2005,W1,outdoor-pilot-v1:W1:parton-logan-a1.86-b2.2:humidity-vapour_pressure:magnus-6.112-17.62-243.12:toa-shape-erbs1982:wind-w1-dtr-slope0.03-amp0.1-0.8:pressure-isa-elev-sea-level-constant-no-dem:liljegren-thermofeel2.3.0:day-nex-normalised-complete365-feb29dropped,56455551.80996532,56455551.80996532,1.0,2,2,0,intersection_area_weighted_valid_cells_only,native,,30.288677516474262,363.0,208.23672220072962,13.966182542752911,Pathanamthitta,Pandlam
Kerala,block,Pathanamthitta||Parakode,ACCESS-CM2,historical,2005,W1,outdoor-pilot-v1:W1:parton-logan-a1.86-b2.2:humidity-vapour_pressure:magnus-6.112-17.62-243.12:toa-shape-erbs1982:wind-w1-dtr-slope0.03-amp0.1-0.8:pressure-isa-elev-sea-level-constant-no-dem:liljegren-thermofeel2.3.0:day-nex-normalised-complete365-feb29dropped,271784618.9469935,271784618.9469935,1.0,2,2,0,intersection_area_weighted_valid_cells_only,native,,30.2881855340351,363.0,212.3991754139171,13.371546369440413,Pathanamthitta,Parakode
Kerala,block,Pathanamthitta||Pulikeezhu,ACCESS-CM2,historical,2005,W1,outdoor-pilot-v1:W1:parton-logan-a1.86-b2.2:humidity-vapour_pressure:magnus-6.112-17.62-243.12:toa-shape-erbs1982:wind-w1-dtr-slope0.03-amp0.1-0.8:pressure-isa-elev-sea-level-constant-no-dem:liljegren-thermofeel2.3.0:day-nex-normalised-complete365-feb29dropped,91618067.30021557,91618067.30021557,1.0,2,2,0,intersection_area_weighted_valid_cells_only,native,,30.740716727808756,363.0,269.08387904513614,41.103230082719115,Pathanamthitta,Pulikeezhu
Kerala,block,Pathanamthitta||Ranni,ACCESS-CM2,historical,2005,W1,outdoor-pilot-v1:W1:parton-logan-a1.86-b2.2:humidity-vapour_pressure:magnus-6.112-17.62-243.12:toa-shape-erbs1982:wind-w1-dtr-slope0.03-amp0.1-0.8:pressure-isa-elev-sea-level-constant-no-dem:liljegren-thermofeel2.3.0:day-nex-normalised-complete365-feb29dropped,1047385044.7536519,1047385044.7536519,1.0,5,5,0,intersection_area_weighted_valid_cells_only,native,,28.257468893438322,184.0243402458676,77.87003332678685,4.931179638391861,Pathanamthitta,Ranni
Kerala,block,Thiruvananthapuram||Athiyannoor,ACCESS-CM2,historical,2005,W1,outdoor-pilot-v1:W1:parton-logan-a1.86-b2.2:humidity-vapour_pressure:magnus-6.112-17.62-243.12:toa-shape-erbs1982:wind-w1-dtr-slope0.03-amp0.1-0.8:pressure-isa-elev-sea-level-constant-no-dem:liljegren-thermofeel2.3.0:day-nex-normalised-complete365-feb29dropped,104939802.27507037,104939802.27507037,1.0,2,2,0,intersection_area_weighted_valid_cells_only,native,,29.837045753435515,360.110509750435,151.55254875217517,1.1105097504350268,Thiruvananthapuram,Athiyannoor
Kerala,block,Thiruvananthapuram||Chirayinkeezhu,ACCESS-CM2,historical,2005,W1,outdoor-pilot-v1:W1:parton-logan-a1.86-b2.2:humidity-vapour_pressure:magnus-6.112-17.62-243.12:toa-shape-erbs1982:wind-w1-dtr-slope0.03-amp0.1-0.8:pressure-isa-elev-sea-level-constant-no-dem:liljegren-thermofeel2.3.0:day-nex-normalised-complete365-feb29dropped,101507285.52364905,101507285.52364905,1.0,2,2,0,intersection_area_weighted_valid_cells_only,native,,29.901781565728164,361.8796638237325,163.11513434611126,1.9439831911866268,Thiruvananthapuram,Chirayinkeezhu
Kerala,block,Thiruvananthapuram||Kilimanoor,ACCESS-CM2,historical,2005,W1,outdoor-pilot-v1:W1:parton-logan-a1.86-b2.2:humidity-vapour_pressure:magnus-6.112-17.62-243.12:toa-shape-erbs1982:wind-w1-dtr-slope0.03-amp0.1-0.8:pressure-isa-elev-sea-level-constant-no-dem:liljegren-thermofeel2.3.0:day-nex-normalised-complete365-feb29dropped,180009797.67879018,180009797.67879018,1.0,2,2,0,intersection_area_weighted_valid_cells_only,native,,30.040958418656817,363.0,183.09458173963546,3.554052885421407,Thiruvananthapuram,Kilimanoor
Kerala,block,Thiruvananthapuram||Nedumangad,ACCESS-CM2,historical,2005,W1,outdoor-pilot-v1:W1:parton-logan-a1.86-b2.2:humidity-vapour_pressure:magnus-6.112-17.62-243.12:toa-shape-erbs1982:wind-w1-dtr-slope0.03-amp0.1-0.8:pressure-isa-elev-sea-level-constant-no-dem:liljegren-thermofeel2.3.0:day-nex-normalised-complete365-feb29dropped,145221849.52401662,145221849.52401662,1.0,2,2,0,intersection_area_weighted_valid_cells_only,native,,29.485297036688326,327.20146495687897,120.69742910472287,1.3663976098562638,Thiruvananthapuram,Nedumangad
Kerala,block,Thiruvananthapuram||Nemom,ACCESS-CM2,historical,2005,W1,outdoor-pilot-v1:W1:parton-logan-a1.86-b2.2:humidity-vapour_pressure:magnus-6.112-17.62-243.12:toa-shape-erbs1982:wind-w1-dtr-slope0.03-amp0.1-0.8:pressure-isa-elev-sea-level-constant-no-dem:liljegren-thermofeel2.3.0:day-nex-normalised-complete365-feb29dropped,109056164.63818394,109056164.63818394,1.0,3,3,0,intersection_area_weighted_valid_cells_only,native,,29.52197728965223,333.5190706060824,120.45067128251353,0.8276717659854179,Thiruvananthapuram,Nemom
Kerala,block,Thiruvananthapuram||Parassala,ACCESS-CM2,historical,2005,W1,outdoor-pilot-v1:W1:parton-logan-a1.86-b2.2:humidity-vapour_pressure:magnus-6.112-17.62-243.12:toa-shape-erbs1982:wind-w1-dtr-slope0.03-amp0.1-0.8:pressure-isa-elev-sea-level-constant-no-dem:liljegren-thermofeel2.3.0:day-nex-normalised-complete365-feb29dropped,83783388.13677567,83783388.13677567,1.0,1,1,0,intersection_area_weighted_valid_cells_only,native,,29.82635975886023,360.0,151.0,1.0,Thiruvananthapuram,Parassala
Kerala,block,Thiruvananthapuram||Perumkadavila,ACCESS-CM2,historical,2005,W1,outdoor-pilot-v1:W1:parton-logan-a1.86-b2.2:humidity-vapour_pressure:magnus-6.112-17.62-243.12:toa-shape-erbs1982:wind-w1-dtr-slope0.03-amp0.1-0.8:pressure-isa-elev-sea-level-constant-no-dem:liljegren-thermofeel2.3.0:day-nex-normalised-complete365-feb29dropped,284043891.8623246,284043891.8623246,1.0,3,3,0,intersection_area_weighted_valid_cells_only,native,,29.080511866407015,291.9946712529944,82.46428451522334,0.477793137030113,Thiruvananthapuram,Perumkadavila
Kerala,block,Thiruvananthapuram||Pothencode,ACCESS-CM2,historical,2005,W1,outdoor-pilot-v1:W1:parton-logan-a1.86-b2.2:humidity-vapour_pressure:magnus-6.112-17.62-243.12:toa-shape-erbs1982:wind-w1-dtr-slope0.03-amp0.1-0.8:pressure-isa-elev-sea-level-constant-no-dem:liljegren-thermofeel2.3.0:day-nex-normalised-complete365-feb29dropped,280750125.112076,280750125.112076,1.0,4,4,0,intersection_area_weighted_valid_cells_only,native,,29.898218420249457,360.4484340837633,160.8382194291887,1.9523097030540673,Thiruvananthapuram,Pothencode
Kerala,block,Thiruvananthapuram||Vamanapuram,ACCESS-CM2,historical,2005,W1,outdoor-pilot-v1:W1:parton-logan-a1.86-b2.2:humidity-vapour_pressure:magnus-6.112-17.62-243.12:toa-shape-erbs1982:wind-w1-dtr-slope0.03-amp0.1-0.8:pressure-isa-elev-sea-level-constant-no-dem:liljegren-thermofeel2.3.0:day-nex-normalised-complete365-feb29dropped,433539724.98043513,433539724.98043513,1.0,4,4,0,intersection_area_weighted_valid_cells_only,native,,29.114994320041735,302.79967868953713,78.65616629433276,0.8150970249434735,Thiruvananthapuram,Vamanapuram
Kerala,block,Thiruvananthapuram||Varkala,ACCESS-CM2,historical,2005,W1,outdoor-pilot-v1:W1:parton-logan-a1.86-b2.2:humidity-vapour_pressure:magnus-6.112-17.62-243.12:toa-shape-erbs1982:wind-w1-dtr-slope0.03-amp0.1-0.8:pressure-isa-elev-sea-level-constant-no-dem:liljegren-thermofeel2.3.0:day-nex-normalised-complete365-feb29dropped,102936578.93104501,102936578.93104501,1.0,4,4,0,intersection_area_weighted_valid_cells_only,native,,29.67049265883877,353.86627494427887,137.0173270974793,1.7789179535556776,Thiruvananthapuram,Varkala
Kerala,block,Thiruvananthapuram||Vellanad,ACCESS-CM2,historical,2005,W1,outdoor-pilot-v1:W1:parton-logan-a1.86-b2.2:humidity-vapour_pressure:magnus-6.112-17.62-243.12:toa-shape-erbs1982:wind-w1-dtr-slope0.03-amp0.1-0.8:pressure-isa-elev-sea-level-constant-no-dem:liljegren-thermofeel2.3.0:day-nex-normalised-complete365-feb29dropped,367281670.0919373,367281670.0919373,1.0,2,2,0,intersection_area_weighted_valid_cells_only,native,,28.582081502255313,253.79618541112688,27.417379387493085,0.034510776464789734,Thiruvananthapuram,Vellanad
Kerala,block,Thrissur||Anthikkad,ACCESS-CM2,historical,2005,W1,outdoor-pilot-v1:W1:parton-logan-a1.86-b2.2:humidity-vapour_pressure:magnus-6.112-17.62-243.12:toa-shape-erbs1982:wind-w1-dtr-slope0.03-amp0.1-0.8:pressure-isa-elev-sea-level-constant-no-dem:liljegren-thermofeel2.3.0:day-nex-normalised-complete365-feb29dropped,73596836.36461374,73596836.36461374,1.0,2,2,0,intersection_area_weighted_valid_cells_only,native,,30.82779158219479,362.0,238.9097822763178,75.84913012456326,Thrissur,Anthikkad
Kerala,block,Thrissur||Chalakkudy,ACCESS-CM2,historical,2005,W1,outdoor-pilot-v1:W1:parton-logan-a1.86-b2.2:humidity-vapour_pressure:magnus-6.112-17.62-243.12:toa-shape-erbs1982:wind-w1-dtr-slope0.03-amp0.1-0.8:pressure-isa-elev-sea-level-constant-no-dem:liljegren-thermofeel2.3.0:day-nex-normalised-complete365-feb29dropped,795710727.8832483,795710727.8832483,1.0,4,4,0,intersection_area_weighted_valid_cells_only,native,,29.904540206353854,314.61055637251906,172.28208008172297,41.40029720378597,Thrissur,Chalakkudy
Kerala,block,Thrissur||Chavakkad,ACCESS-CM2,historical,2005,W1,outdoor-pilot-v1:W1:parton-logan-a1.86-b2.2:humidity-vapour_pressure:magnus-6.112-17.62-243.12:toa-shape-erbs1982:wind-w1-dtr-slope0.03-amp0.1-0.8:pressure-isa-elev-sea-level-constant-no-dem:liljegren-thermofeel2.3.0:day-nex-normalised-complete365-feb29dropped,99556225.87025616,99556225.87025616,1.0,2,2,0,intersection_area_weighted_valid_cells_only,native,,31.115167390928885,360.5811542739212,269.41884572607876,102.43246170956847,Thrissur,Chavakkad
Kerala,block,Thrissur||Cherpu,ACCESS-CM2,historical,2005,W1,outdoor-pilot-v1:W1:parton-logan-a1.86-b2.2:humidity-vapour_pressure:magnus-6.112-17.62-243.12:toa-shape-erbs1982:wind-w1-dtr-slope0.03-amp0.1-0.8:pressure-isa-elev-sea-level-constant-no-dem:liljegren-thermofeel2.3.0:day-nex-normalised-complete365-feb29dropped,66708672.55101788,66708672.55101788,1.0,2,2,0,intersection_area_weighted_valid_cells_only,native,,30.828098990908572,362.0,238.94022361029772,75.87754203627786,Thrissur,Cherpu
Kerala,block,Thrissur||Chowannur,ACCESS-CM2,historical,2005,W1,outdoor-pilot-v1:W1:parton-logan-a1.86-b2.2:humidity-vapour_pressure:magnus-6.112-17.62-243.12:toa-shape-erbs1982:wind-w1-dtr-slope0.03-amp0.1-0.8:pressure-isa-elev-sea-level-constant-no-dem:liljegren-thermofeel2.3.0:day-nex-normalised-complete365-feb29dropped,129514953.60651334,129514953.60651334,1.0,1,1,0,intersection_area_weighted_valid_cells_only,native,,31.12155618593735,362.0,267.99999999999994,103.0,Thrissur,Chowannur
Kerala,block,Thrissur||Irinjalakkuda,ACCESS-CM2,historical,2005,W1,outdoor-pilot-v1:W1:parton-logan-a1.86-b2.2:humidity-vapour_pressure:magnus-6.112-17.62-243.12:toa-shape-erbs1982:wind-w1-dtr-slope0.03-amp0.1-0.8:pressure-isa-elev-sea-level-constant-no-dem:liljegren-thermofeel2.3.0:day-nex-normalised-complete365-feb29dropped,111878505.82941176,111878505.82941176,1.0,2,2,0,intersection_area_weighted_valid_cells_only,native,,30.86627044867771,362.25512882608035,244.63334947808795,79.3371900433652,Thrissur,Irinjalakkuda
Kerala,block,Thrissur||Kodakara,ACCESS-CM2,historical,2005,W1,outdoor-pilot-v1:W1:parton-logan-a1.86-b2.2:humidity-vapour_pressure:magnus-6.112-17.62-243.12:toa-shape-erbs1982:wind-w1-dtr-slope0.03-amp0.1-0.8:pressure-isa-elev-sea-level-constant-no-dem:liljegren-thermofeel2.3.0:day-nex-normalised-complete365-feb29dropped,187590312.98222235,187590312.98222235,1.0,2,2,0,intersection_area_weighted_valid_cells_only,native,,31.001516820132835,362.97902207907305,263.45457405589826,91.64337534424116,Thrissur,Kodakara
Kerala,block,Thrissur||Mala,ACCESS-CM2,historical,2005,W1,outdoor-pilot-v1:W1:parton-logan-a1.86-b2.2:humidity-vapour_pressure:magnus-6.112-17.62-243.12:toa-shape-erbs1982:wind-w1-dtr-slope0.03-amp0.1-0.8:pressure-isa-elev-sea-level-constant-no-dem:liljegren-thermofeel2.3.0:day-nex-normalised-complete365-feb29dropped,121545481.29755807,121545481.29755807,1.0,4,4,0,intersection_area_weighted_valid_cells_only,native,,31.176530396501008,363.412916173688,290.9013762309096,108.83146609082696,Thrissur,Mala
Kerala,block,Thrissur||Mathilakam,ACCESS-CM2,historical,2005,W1,outdoor-pilot-v1:W1:parton-logan-a1.86-b2.2:humidity-vapour_pressure:magnus-6.112-17.62-243.12:toa-shape-erbs1982:wind-w1-dtr-slope0.03-amp0.1-0.8:pressure-isa-elev-sea-level-constant-no-dem:liljegren-thermofeel2.3.0:day-nex-normalised-complete365-feb29dropped,131405769.90361738,131405769.90361738,1.0,3,3,0,intersection_area_weighted_valid_cells_only,native,,30.753175436631384,361.6185551526209,235.56828241239398,67.25303551669268,Thrissur,Mathilakam
Kerala,block,Thrissur||Mullassery,ACCESS-CM2,historical,2005,W1,outdoor-pilot-v1:W1:parton-logan-a1.86-b2.2:humidity-vapour_pressure:magnus-6.112-17.62-243.12:toa-shape-erbs1982:wind-w1-dtr-slope0.03-amp0.1-0.8:pressure-isa-elev-sea-level-constant-no-dem:liljegren-thermofeel2.3.0:day-nex-normalised-complete365-feb29dropped,64433786.16286644,64433786.16286644,1.0,1,1,0,intersection_area_weighted_valid_cells_only,native,,31.12155618593735,362.0,268.0,103.0,Thrissur,Mullassery
Kerala,block,Thrissur||Ollukkara,ACCESS-CM2,historical,2005,W1,outdoor-pilot-v1:W1:parton-logan-a1.86-b2.2:humidity-vapour_pressure:magnus-6.112-17.62-243.12:toa-shape-erbs1982:wind-w1-dtr-slope0.03-amp0.1-0.8:pressure-isa-elev-sea-level-constant-no-dem:liljegren-thermofeel2.3.0:day-nex-normalised-complete365-feb29dropped,378208274.07454115,378208274.07454115,1.0,4,4,0,intersection_area_weighted_valid_cells_only,native,,31.19609106235207,362.8120113391196,280.3601582348549,111.53116703776325,Thrissur,Ollukkara
Kerala,block,Thrissur||Pazhayannur,ACCESS-CM2,historical,2005,W1,outdoor-pilot-v1:W1:parton-logan-a1.86-b2.2:humidity-vapour_pressure:magnus-6.112-17.62-243.12:toa-shape-erbs1982:wind-w1-dtr-slope0.03-amp0.1-0.8:pressure-isa-elev-sea-level-constant-no-dem:liljegren-thermofeel2.3.0:day-nex-normalised-complete365-feb29dropped,224305213.20351154,224305213.20351154,1.0,2,2,0,intersection_area_weighted_valid_cells_only,native,,31.319410446567414,363.00000000000006,293.5824548100048,124.00701669727574,Thrissur,Pazhayannur
Kerala,block,Thrissur||Puzhakkal,ACCESS-CM2,historical,2005,W1,outdoor-pilot-v1:W1:parton-logan-a1.86-b2.2:humidity-vapour_pressure:magnus-6.112-17.62-243.12:toa-shape-erbs1982:wind-w1-dtr-slope0.03-amp0.1-0.8:pressure-isa-elev-sea-level-constant-no-dem:liljegren-thermofeel2.3.0:day-nex-normalised-complete365-feb29dropped,143585915.5491334,143585915.5491334,1.0,3,3,0,intersection_area_weighted_valid_cells_only,native,,31.08788445260078,362.03370937261775,264.8555388644534,99.98426711254064,Thrissur,Puzhakkal
Kerala,block,Thrissur||Thalikkulam,ACCESS-CM2,historical,2005,W1,outdoor-pilot-v1:W1:parton-logan-a1.86-b2.2:humidity-vapour_pressure:magnus-6.112-17.62-243.12:toa-shape-erbs1982:wind-w1-dtr-slope0.03-amp0.1-0.8:pressure-isa-elev-sea-level-constant-no-dem:liljegren-thermofeel2.3.0:day-nex-normalised-complete365-feb29dropped,67937916.97934313,67937916.97934313,1.0,2,2,0,intersection_area_weighted_valid_cells_only,native,,30.880891633424493,362.0,244.16804699484146,80.75684386185203,Thrissur,Thalikkulam
Kerala,block,Thrissur||Vellangallur,ACCESS-CM2,historical,2005,W1,outdoor-pilot-v1:W1:parton-logan-a1.86-b2.2:humidity-vapour_pressure:magnus-6.112-17.62-243.12:toa-shape-erbs1982:wind-w1-dtr-slope0.03-amp0.1-0.8:pressure-isa-elev-sea-level-constant-no-dem:liljegren-thermofeel2.3.0:day-nex-normalised-complete365-feb29dropped,99785827.15190794,99785827.15190794,1.0,3,3,0,intersection_area_weighted_valid_cells_only,native,,30.833448592336797,362.0781834515259,240.9742713539362,76.09374327237347,Thrissur,Vellangallur
Kerala,block,Thrissur||Wadakkanchery,ACCESS-CM2,historical,2005,W1,outdoor-pilot-v1:W1:parton-logan-a1.86-b2.2:humidity-vapour_pressure:magnus-6.112-17.62-243.12:toa-shape-erbs1982:wind-w1-dtr-slope0.03-amp0.1-0.8:pressure-isa-elev-sea-level-constant-no-dem:liljegren-thermofeel2.3.0:day-nex-normalised-complete365-feb29dropped,326000729.1650269,326000729.1650269,1.0,3,3,0,intersection_area_weighted_valid_cells_only,native,,31.20321706856718,362.34055850322267,278.6231786791694,111.75250088099428,Thrissur,Wadakkanchery
Kerala,block,Wayanad||Kalpetta,ACCESS-CM2,historical,2005,W1,outdoor-pilot-v1:W1:parton-logan-a1.86-b2.2:humidity-vapour_pressure:magnus-6.112-17.62-243.12:toa-shape-erbs1982:wind-w1-dtr-slope0.03-amp0.1-0.8:pressure-isa-elev-sea-level-constant-no-dem:liljegren-thermofeel2.3.0:day-nex-normalised-complete365-feb29dropped,616982880.3421464,616982880.3421464,1.0,4,4,0,intersection_area_weighted_valid_cells_only,native,,27.964963722203382,175.23398957005156,30.676257330876638,1.785172130603308,Wayanad,Kalpetta
Kerala,block,Wayanad||Mananthavady,ACCESS-CM2,historical,2005,W1,outdoor-pilot-v1:W1:parton-logan-a1.86-b2.2:humidity-vapour_pressure:magnus-6.112-17.62-243.12:toa-shape-erbs1982:wind-w1-dtr-slope0.03-amp0.1-0.8:pressure-isa-elev-sea-level-constant-no-dem:liljegren-thermofeel2.3.0:day-nex-normalised-complete365-feb29dropped,666939695.291894,666939695.291894,1.0,4,4,0,intersection_area_weighted_valid_cells_only,native,,28.23264454261907,193.14931886770796,40.965118491879416,2.6356515862008507,Wayanad,Mananthavady
Kerala,block,Wayanad||Panamaram,ACCESS-CM2,historical,2005,W1,outdoor-pilot-v1:W1:parton-logan-a1.86-b2.2:humidity-vapour_pressure:magnus-6.112-17.62-243.12:toa-shape-erbs1982:wind-w1-dtr-slope0.03-amp0.1-0.8:pressure-isa-elev-sea-level-constant-no-dem:liljegren-thermofeel2.3.0:day-nex-normalised-complete365-feb29dropped,264879663.94499558,264879663.94499558,1.0,2,2,0,intersection_area_weighted_valid_cells_only,native,,27.938524099881047,169.57472696429713,25.884655656894676,1.6990973915820398,Wayanad,Panamaram
Kerala,block,Wayanad||Sulthan Bathery,ACCESS-CM2,historical,2005,W1,outdoor-pilot-v1:W1:parton-logan-a1.86-b2.2:humidity-vapour_pressure:magnus-6.112-17.62-243.12:toa-shape-erbs1982:wind-w1-dtr-slope0.03-amp0.1-0.8:pressure-isa-elev-sea-level-constant-no-dem:liljegren-thermofeel2.3.0:day-nex-normalised-complete365-feb29dropped,582257374.4276267,582257374.4276267,1.0,4,4,0,intersection_area_weighted_valid_cells_only,native,,27.72849684001191,156.05765986617254,15.742910186922012,1.2548491044794252,Wayanad,Sulthan Bathery
Kerala,block,Alappuzha||Ambalappuzha,ACCESS-CM2,historical,2005,C1,outdoor-pilot-v1:C1:parton-logan-a1.86-b2.2:humidity-vapour_pressure:magnus-6.112-17.62-243.12:toa-shape-erbs1982:wind-constant-daily-mean:pressure-isa-elev-sea-level-constant-no-dem:liljegren-thermofeel2.3.0:day-nex-normalised-complete365-feb29dropped,87415766.85147078,87415766.85147078,1.0,1,1,0,intersection_area_weighted_valid_cells_only,native,,31.176601222792904,363.0,329.0,77.0,Alappuzha,Ambalappuzha
Kerala,block,Alappuzha||Aryad,ACCESS-CM2,historical,2005,C1,outdoor-pilot-v1:C1:parton-logan-a1.86-b2.2:humidity-vapour_pressure:magnus-6.112-17.62-243.12:toa-shape-erbs1982:wind-constant-daily-mean:pressure-isa-elev-sea-level-constant-no-dem:liljegren-thermofeel2.3.0:day-nex-normalised-complete365-feb29dropped,85906893.71300279,85906893.71300279,1.0,2,2,0,intersection_area_weighted_valid_cells_only,native,,31.433024348296836,363.0,336.85808480222875,118.25494521170087,Alappuzha,Aryad
Kerala,block,Alappuzha||Bharanicavu,ACCESS-CM2,historical,2005,C1,outdoor-pilot-v1:C1:parton-logan-a1.86-b2.2:humidity-vapour_pressure:magnus-6.112-17.62-243.12:toa-shape-erbs1982:wind-constant-daily-mean:pressure-isa-elev-sea-level-constant-no-dem:liljegren-thermofeel2.3.0:day-nex-normalised-complete365-feb29dropped,133047995.053491,133047995.053491,1.0,1,1,0,intersection_area_weighted_valid_cells_only,native,,30.491195062661287,363.0,235.0,24.0,Alappuzha,Bharanicavu
Kerala,block,Alappuzha||Champakulam,ACCESS-CM2,historical,2005,C1,outdoor-pilot-v1:C1:parton-logan-a1.86-b2.2:humidity-vapour_pressure:magnus-6.112-17.62-243.12:toa-shape-erbs1982:wind-constant-daily-mean:pressure-isa-elev-sea-level-constant-no-dem:liljegren-thermofeel2.3.0:day-nex-normalised-complete365-feb29dropped,174946819.1911126,174946819.1911126,1.0,3,3,0,intersection_area_weighted_valid_cells_only,native,,31.219900762654593,363.0,329.4859061869132,84.634887436288,Alappuzha,Champakulam
Kerala,block,Alappuzha||Chengannur,ACCESS-CM2,historical,2005,C1,outdoor-pilot-v1:C1:parton-logan-a1.86-b2.2:humidity-vapour_pressure:magnus-6.112-17.62-243.12:toa-shape-erbs1982:wind-constant-daily-mean:pressure-isa-elev-sea-level-constant-no-dem:liljegren-thermofeel2.3.0:day-nex-normalised-complete365-feb29dropped,143188337.77540636,143188337.77540636,1.0,3,3,0,intersection_area_weighted_valid_cells_only,native,,30.91228235613088,362.99999999999994,289.73300539154786,59.1936972472249,Alappuzha,Chengannur
Kerala,block,Alappuzha||Harippad,ACCESS-CM2,historical,2005,C1,outdoor-pilot-v1:C1:parton-logan-a1.86-b2.2:humidity-vapour_pressure:magnus-6.112-17.62-243.12:toa-shape-erbs1982:wind-constant-daily-mean:pressure-isa-elev-sea-level-constant-no-dem:liljegren-thermofeel2.3.0:day-nex-normalised-complete365-feb29dropped,112097491.95683366,112097491.95683366,1.0,3,3,0,intersection_area_weighted_valid_cells_only,native,,31.13732961664156,362.99999999999994,323.3543089726937,74.40981416125358,Alappuzha,Harippad
Kerala,block,Alappuzha||Kanjikkuzhy,ACCESS-CM2,historical,2005,C1,outdoor-pilot-v1:C1:parton-logan-a1.86-b2.2:humidity-vapour_pressure:magnus-6.112-17.62-243.12:toa-shape-erbs1982:wind-constant-daily-mean:pressure-isa-elev-sea-level-constant-no-dem:liljegren-thermofeel2.3.0:day-nex-normalised-complete365-feb29dropped,129468468.36571386,129468468.36571386,1.0,1,1,0,intersection_area_weighted_valid_cells_only,native,,31.43765529075736,363.0,337.0,118.99999999999999,Alappuzha,Kanjikkuzhy
Kerala,block,Alappuzha||Mavelikkara,ACCESS-CM2,historical,2005,C1,outdoor-pilot-v1:C1:parton-logan-a1.86-b2.2:humidity-vapour_pressure:magnus-6.112-17.62-243.12:toa-shape-erbs1982:wind-constant-daily-mean:pressure-isa-elev-sea-level-constant-no-dem:liljegren-thermofeel2.3.0:day-nex-normalised-complete365-feb29dropped,98289059.26779926,98289059.26779926,1.0,4,4,0,intersection_area_weighted_valid_cells_only,native,,30.66157082536783,363.0,257.17814716552607,38.23902506257388,Alappuzha,Mavelikkara
Kerala,block,Alappuzha||Muthukulam,ACCESS-CM2,historical,2005,C1,outdoor-pilot-v1:C1:parton-logan-a1.86-b2.2:humidity-vapour_pressure:magnus-6.112-17.62-243.12:toa-shape-erbs1982:wind-constant-daily-mean:pressure-isa-elev-sea-level-constant-no-dem:liljegren-thermofeel2.3.0:day-nex-normalised-complete365-feb29dropped,119167562.20576802,119167562.20576802,1.0,4,4,0,intersection_area_weighted_valid_cells_only,native,,30.381517998460904,363.0,215.9502300349827,22.611851787266964,Alappuzha,Muthukulam
Kerala,block,Alappuzha||Pattanakkad,ACCESS-CM2,historical,2005,C1,outdoor-pilot-v1:C1:parton-logan-a1.86-b2.2:humidity-vapour_pressure:magnus-6.112-17.62-243.12:toa-shape-erbs1982:wind-constant-daily-mean:pressure-isa-elev-sea-level-constant-no-dem:liljegren-thermofeel2.3.0:day-nex-normalised-complete365-feb29dropped,113751564.52611786,113751564.52611786,1.0,2,2,0,intersection_area_weighted_valid_cells_only,native,,31.530772233437258,363.636658590389,340.8199515423343,137.46309912128217,Alappuzha,Pattanakkad
Kerala,block,Alappuzha||Thycattussery,ACCESS-CM2,historical,2005,C1,outdoor-pilot-v1:C1:parton-logan-a1.86-b2.2:humidity-vapour_pressure:magnus-6.112-17.62-243.12:toa-shape-erbs1982:wind-constant-daily-mean:pressure-isa-elev-sea-level-constant-no-dem:liljegren-thermofeel2.3.0:day-nex-normalised-complete365-feb29dropped,83859090.58114141,83859090.58114141,1.0,2,2,0,intersection_area_weighted_valid_cells_only,native,,31.551905786782466,363.78115279193224,341.68691675159306,141.65343096603317,Alappuzha,Thycattussery
Kerala,block,Alappuzha||Veliyanad,ACCESS-CM2,historical,2005,C1,outdoor-pilot-v1:C1:parton-logan-a1.86-b2.2:humidity-vapour_pressure:magnus-6.112-17.62-243.12:toa-shape-erbs1982:wind-constant-daily-mean:pressure-isa-elev-sea-level-constant-no-dem:liljegren-thermofeel2.3.0:day-nex-normalised-complete365-feb29dropped,139097578.462905,139097578.462905,1.0,4,4,0,intersection_area_weighted_valid_cells_only,native,,31.234115286843192,363.00000000000006,328.84702964021636,87.79331609424014,Alappuzha,Veliyanad
Kerala,block,Ernakulam||Alangad,ACCESS-CM2,historical,2005,C1,outdoor-pilot-v1:C1:parton-logan-a1.86-b2.2:humidity-vapour_pressure:magnus-6.112-17.62-243.12:toa-shape-erbs1982:wind-constant-daily-mean:pressure-isa-elev-sea-level-constant-no-dem:liljegren-thermofeel2.3.0:day-nex-normalised-complete365-feb29dropped,151863491.9672302,151863491.9672302,1.0,2,2,0,intersection_area_weighted_valid_cells_only,native,,31.63218596841884,363.99791874038414,345.89281512978545,159.90842457690408,Ernakulam,Alangad
Kerala,block,Ernakulam||Angamali,ACCESS-CM2,historical,2005,C1,outdoor-pilot-v1:C1:parton-logan-a1.86-b2.2:humidity-vapour_pressure:magnus-6.112-17.62-243.12:toa-shape-erbs1982:wind-constant-daily-mean:pressure-isa-elev-sea-level-constant-no-dem:liljegren-thermofeel2.3.0:day-nex-normalised-complete365-feb29dropped,409869678.07738435,409869678.07738435,1.0,4,4,0,intersection_area_weighted_valid_cells_only,native,,31.242453169296677,355.3554004733936,301.8825851072832,129.40012576191685,Ernakulam,Angamali
Kerala,block,Ernakulam||Edappally,ACCESS-CM2,historical,2005,C1,outdoor-pilot-v1:C1:parton-logan-a1.86-b2.2:humidity-vapour_pressure:magnus-6.112-17.62-243.12:toa-shape-erbs1982:wind-constant-daily-mean:pressure-isa-elev-sea-level-constant-no-dem:liljegren-thermofeel2.3.0:day-nex-normalised-complete365-feb29dropped,109537795.64352089,109537795.64352089,1.0,3,3,0,intersection_area_weighted_valid_cells_only,native,,31.60093666236716,363.939331500005,342.3234570277938,155.12212511036407,Ernakulam,Edappally
Kerala,block,Ernakulam||Koovappady,ACCESS-CM2,historical,2005,C1,outdoor-pilot-v1:C1:parton-logan-a1.86-b2.2:humidity-vapour_pressure:magnus-6.112-17.62-243.12:toa-shape-erbs1982:wind-constant-daily-mean:pressure-isa-elev-sea-level-constant-no-dem:liljegren-thermofeel2.3.0:day-nex-normalised-complete365-feb29dropped,194081841.1262865,194081841.1262865,1.0,2,2,0,intersection_area_weighted_valid_cells_only,native,,31.71585220219989,363.99999999999994,346.7371857453559,162.94874298142346,Ernakulam,Koovappady
Kerala,block,Ernakulam||Kothamangalam,ACCESS-CM2,historical,2005,C1,outdoor-pilot-v1:C1:parton-logan-a1.86-b2.2:humidity-vapour_pressure:magnus-6.112-17.62-243.12:toa-shape-erbs1982:wind-constant-daily-mean:pressure-isa-elev-sea-level-constant-no-dem:liljegren-thermofeel2.3.0:day-nex-normalised-complete365-feb29dropped,958390106.1437131,958390106.1437131,1.0,8,8,0,intersection_area_weighted_valid_cells_only,native,,30.213691003936216,327.03101526422,221.16129970860715,76.06722023939196,Ernakulam,Kothamangalam
Kerala,block,Ernakulam||Mulanthuruthy,ACCESS-CM2,historical,2005,C1,outdoor-pilot-v1:C1:parton-logan-a1.86-b2.2:humidity-vapour_pressure:magnus-6.112-17.62-243.12:toa-shape-erbs1982:wind-constant-daily-mean:pressure-isa-elev-sea-level-constant-no-dem:liljegren-thermofeel2.3.0:day-nex-normalised-complete365-feb29dropped,184316457.45170534,184316457.45170534,1.0,2,2,0,intersection_area_weighted_valid_cells_only,native,,31.58432459806575,364.0,343.02509971110277,148.10039884441116,Ernakulam,Mulanthuruthy
Kerala,block,Ernakulam||Muvattupuzha,ACCESS-CM2,historical,2005,C1,outdoor-pilot-v1:C1:parton-logan-a1.86-b2.2:humidity-vapour_pressure:magnus-6.112-17.62-243.12:toa-shape-erbs1982:wind-constant-daily-mean:pressure-isa-elev-sea-level-constant-no-dem:liljegren-thermofeel2.3.0:day-nex-normalised-complete365-feb29dropped,219266348.56120464,219266348.56120464,1.0,2,2,0,intersection_area_weighted_valid_cells_only,native,,31.513338917395306,363.1763784587249,338.7637845872489,137.64411067919644,Ernakulam,Muvattupuzha
Kerala,block,Ernakulam||Palluruthy,ACCESS-CM2,historical,2005,C1,outdoor-pilot-v1:C1:parton-logan-a1.86-b2.2:humidity-vapour_pressure:magnus-6.112-17.62-243.12:toa-shape-erbs1982:wind-constant-daily-mean:pressure-isa-elev-sea-level-constant-no-dem:liljegren-thermofeel2.3.0:day-nex-normalised-complete365-feb29dropped,62173586.26567684,62173586.26567684,1.0,2,2,0,intersection_area_weighted_valid_cells_only,native,,31.560938459905024,363.9127712130423,340.2668313419911,145.38313639126812,Ernakulam,Palluruthy
Kerala,block,Ernakulam||Pampakuda,ACCESS-CM2,historical,2005,C1,outdoor-pilot-v1:C1:parton-logan-a1.86-b2.2:humidity-vapour_pressure:magnus-6.112-17.62-243.12:toa-shape-erbs1982:wind-constant-daily-mean:pressure-isa-elev-sea-level-constant-no-dem:liljegren-thermofeel2.3.0:day-nex-normalised-complete365-feb29dropped,218998079.0838137,218998079.0838137,1.0,2,2,0,intersection_area_weighted_valid_cells_only,native,,31.497904901068853,363.2848701269732,338.70922076183945,136.55792203157182,Ernakulam,Pampakuda
Kerala,block,Ernakulam||Parakkadav,ACCESS-CM2,historical,2005,C1,outdoor-pilot-v1:C1:parton-logan-a1.86-b2.2:humidity-vapour_pressure:magnus-6.112-17.62-243.12:toa-shape-erbs1982:wind-constant-daily-mean:pressure-isa-elev-sea-level-constant-no-dem:liljegren-thermofeel2.3.0:day-nex-normalised-complete365-feb29dropped,93530523.34485708,93530523.34485708,1.0,2,2,0,intersection_area_weighted_valid_cells_only,native,,31.564533063881715,363.8195403364725,336.706327328334,152.0597748047902,Ernakulam,Parakkadav
Kerala,block,Ernakulam||Paravur,ACCESS-CM2,historical,2005,C1,outdoor-pilot-v1:C1:parton-logan-a1.86-b2.2:humidity-vapour_pressure:magnus-6.112-17.62-243.12:toa-shape-erbs1982:wind-constant-daily-mean:pressure-isa-elev-sea-level-constant-no-dem:liljegren-thermofeel2.3.0:day-nex-normalised-complete365-feb29dropped,78277144.5156995,78277144.5156995,1.0,2,2,0,intersection_area_weighted_valid_cells_only,native,,31.008715721574116,362.3540332593469,261.2327128563685,87.57746341126632,Ernakulam,Paravur
Kerala,block,Ernakulam||Vadavucode,ACCESS-CM2,historical,2005,C1,outdoor-pilot-v1:C1:parton-logan-a1.86-b2.2:humidity-vapour_pressure:magnus-6.112-17.62-243.12:toa-shape-erbs1982:wind-constant-daily-mean:pressure-isa-elev-sea-level-constant-no-dem:liljegren-thermofeel2.3.0:day-nex-normalised-complete365-feb29dropped,206332272.71660694,206332272.71660694,1.0,4,4,0,intersection_area_weighted_valid_cells_only,native,,31.618801694744697,363.98781103072815,344.42122240467484,153.78240137287392,Ernakulam,Vadavucode
Kerala,block,Ernakulam||Vazhakkulam,ACCESS-CM2,historical,2005,C1,outdoor-pilot-v1:C1:parton-logan-a1.86-b2.2:humidity-vapour_pressure:magnus-6.112-17.62-243.12:toa-shape-erbs1982:wind-constant-daily-mean:pressure-isa-elev-sea-level-constant-no-dem:liljegren-thermofeel2.3.0:day-nex-normalised-complete365-feb29dropped,75394266.39895916,75394266.39895916,1.0,1,1,0,intersection_area_weighted_valid_cells_only,native,,31.632975319904325,364.0,346.0,160.0,Ernakulam,Vazhakkulam
Kerala,block,Ernakulam||Vypeen,ACCESS-CM2,historical,2005,C1,outdoor-pilot-v1:C1:parton-logan-a1.86-b2.2:humidity-vapour_pressure:magnus-6.112-17.62-243.12:toa-shape-erbs1982:wind-constant-daily-mean:pressure-isa-elev-sea-level-constant-no-dem:liljegren-thermofeel2.3.0:day-nex-normalised-complete365-feb29dropped,97978211.9007784,97978211.9007784,1.0,4,4,0,intersection_area_weighted_valid_cells_only,native,,31.021057491213213,362.315484757717,265.29999053656667,87.64806361565655,Ernakulam,Vypeen
Kerala,block,Idukki||Adimaly,ACCESS-CM2,historical,2005,C1,outdoor-pilot-v1:C1:parton-logan-a1.86-b2.2:humidity-vapour_pressure:magnus-6.112-17.62-243.12:toa-shape-erbs1982:wind-constant-daily-mean:pressure-isa-elev-sea-level-constant-no-dem:liljegren-thermofeel2.3.0:day-nex-normalised-complete365-feb29dropped,439970540.7421797,439970540.7421797,1.0,4,4,0,intersection_area_weighted_valid_cells_only,native,,28.061304423676745,219.07287579565593,76.14230351944964,3.668585659021148,Idukki,Adimaly
Kerala,block,Idukki||Azhutha,ACCESS-CM2,historical,2005,C1,outdoor-pilot-v1:C1:parton-logan-a1.86-b2.2:humidity-vapour_pressure:magnus-6.112-17.62-243.12:toa-shape-erbs1982:wind-constant-daily-mean:pressure-isa-elev-sea-level-constant-no-dem:liljegren-thermofeel2.3.0:day-nex-normalised-complete365-feb29dropped,1246460033.999763,1246460033.999763,1.0,7,7,0,intersection_area_weighted_valid_cells_only,native,,27.7982632329049,155.26390239353898,29.31771232412877,0.8166306767812245,Idukki,Azhutha
Kerala,block,Idukki||Devikulam,ACCESS-CM2,historical,2005,C1,outdoor-pilot-v1:C1:parton-logan-a1.86-b2.2:humidity-vapour_pressure:magnus-6.112-17.62-243.12:toa-shape-erbs1982:wind-constant-daily-mean:pressure-isa-elev-sea-level-constant-no-dem:liljegren-thermofeel2.3.0:day-nex-normalised-complete365-feb29dropped,991080965.2718499,991080965.2718499,1.0,7,7,0,intersection_area_weighted_valid_cells_only,native,,26.10797867248935,85.02741248947648,22.1260617664062,1.1626590657194564,Idukki,Devikulam
Kerala,block,Idukki||Elemdesam,ACCESS-CM2,historical,2005,C1,outdoor-pilot-v1:C1:parton-logan-a1.86-b2.2:humidity-vapour_pressure:magnus-6.112-17.62-243.12:toa-shape-erbs1982:wind-constant-daily-mean:pressure-isa-elev-sea-level-constant-no-dem:liljegren-thermofeel2.3.0:day-nex-normalised-complete365-feb29dropped,314146733.56750375,314146733.56750375,1.0,3,3,0,intersection_area_weighted_valid_cells_only,native,,29.62730675450279,344.1175530821822,148.66112772556525,10.818026691714888,Idukki,Elemdesam
Kerala,block,Idukki||Idukki,ACCESS-CM2,historical,2005,C1,outdoor-pilot-v1:C1:parton-logan-a1.86-b2.2:humidity-vapour_pressure:magnus-6.112-17.62-243.12:toa-shape-erbs1982:wind-constant-daily-mean:pressure-isa-elev-sea-level-constant-no-dem:liljegren-thermofeel2.3.0:day-nex-normalised-complete365-feb29dropped,530594847.99269235,530594847.99269235,1.0,5,5,0,intersection_area_weighted_valid_cells_only,native,,29.090505075805645,294.4722564177593,108.4390225600616,4.987228649964492,Idukki,Idukki
Kerala,block,Idukki||Kattappana,ACCESS-CM2,historical,2005,C1,outdoor-pilot-v1:C1:parton-logan-a1.86-b2.2:humidity-vapour_pressure:magnus-6.112-17.62-243.12:toa-shape-erbs1982:wind-constant-daily-mean:pressure-isa-elev-sea-level-constant-no-dem:liljegren-thermofeel2.3.0:day-nex-normalised-complete365-feb29dropped,334551651.8741273,334551651.8741273,1.0,4,4,0,intersection_area_weighted_valid_cells_only,native,,27.292212417438783,100.34325064363833,10.54938916191424,0.12346763982461648,Idukki,Kattappana
Kerala,block,Idukki||Nedumkandom,ACCESS-CM2,historical,2005,C1,outdoor-pilot-v1:C1:parton-logan-a1.86-b2.2:humidity-vapour_pressure:magnus-6.112-17.62-243.12:toa-shape-erbs1982:wind-constant-daily-mean:pressure-isa-elev-sea-level-constant-no-dem:liljegren-thermofeel2.3.0:day-nex-normalised-complete365-feb29dropped,340895687.26052195,340895687.26052195,1.0,3,3,0,intersection_area_weighted_valid_cells_only,native,,27.508573178420686,135.06920410582762,9.410735177423547,0.0,Idukki,Nedumkandom
Kerala,block,Idukki||Thodupuzha,ACCESS-CM2,historical,2005,C1,outdoor-pilot-v1:C1:parton-logan-a1.86-b2.2:humidity-vapour_pressure:magnus-6.112-17.62-243.12:toa-shape-erbs1982:wind-constant-daily-mean:pressure-isa-elev-sea-level-constant-no-dem:liljegren-thermofeel2.3.0:day-nex-normalised-complete365-feb29dropped,159476724.99247625,159476724.99247625,1.0,2,2,0,intersection_area_weighted_valid_cells_only,native,,31.368076316764537,362.03917884312466,327.18951029295744,125.67880817845199,Idukki,Thodupuzha
Kerala,block,Kannur||Edakkad,ACCESS-CM2,historical,2005,C1,outdoor-pilot-v1:C1:parton-logan-a1.86-b2.2:humidity-vapour_pressure:magnus-6.112-17.62-243.12:toa-shape-erbs1982:wind-constant-daily-mean:pressure-isa-elev-sea-level-constant-no-dem:liljegren-thermofeel2.3.0:day-nex-normalised-complete365-feb29dropped,174430761.43509537,174430761.43509537,1.0,2,2,0,intersection_area_weighted_valid_cells_only,native,,31.180987318014203,361.0,304.0253097369077,100.20120167587615,Kannur,Edakkad
Kerala,block,Kannur||Irikkur,ACCESS-CM2,historical,2005,C1,outdoor-pilot-v1:C1:parton-logan-a1.86-b2.2:humidity-vapour_pressure:magnus-6.112-17.62-243.12:toa-shape-erbs1982:wind-constant-daily-mean:pressure-isa-elev-sea-level-constant-no-dem:liljegren-thermofeel2.3.0:day-nex-normalised-complete365-feb29dropped,431805429.14267635,431805429.14267635,1.0,4,4,0,intersection_area_weighted_valid_cells_only,native,,29.895800005304867,321.694828984405,174.4106745656989,33.189918293638165,Kannur,Irikkur
Kerala,block,Kannur||Iritty,ACCESS-CM2,historical,2005,C1,outdoor-pilot-v1:C1:parton-logan-a1.86-b2.2:humidity-vapour_pressure:magnus-6.112-17.62-243.12:toa-shape-erbs1982:wind-constant-daily-mean:pressure-isa-elev-sea-level-constant-no-dem:liljegren-thermofeel2.3.0:day-nex-normalised-complete365-feb29dropped,396466857.13743514,396466857.13743514,1.0,5,5,0,intersection_area_weighted_valid_cells_only,native,,29.82257790282806,292.83041085964186,174.8678837568854,51.191341715562096,Kannur,Iritty
Kerala,block,Kannur||Kalliasseri,ACCESS-CM2,historical,2005,C1,outdoor-pilot-v1:C1:parton-logan-a1.86-b2.2:humidity-vapour_pressure:magnus-6.112-17.62-243.12:toa-shape-erbs1982:wind-constant-daily-mean:pressure-isa-elev-sea-level-constant-no-dem:liljegren-thermofeel2.3.0:day-nex-normalised-complete365-feb29dropped,160242132.750861,160242132.750861,1.0,3,3,0,intersection_area_weighted_valid_cells_only,native,,30.938452360835154,359.52978773051547,277.3671722981674,79.45886917024366,Kannur,Kalliasseri
Kerala,block,Kannur||Kannur,ACCESS-CM2,historical,2005,C1,outdoor-pilot-v1:C1:parton-logan-a1.86-b2.2:humidity-vapour_pressure:magnus-6.112-17.62-243.12:toa-shape-erbs1982:wind-constant-daily-mean:pressure-isa-elev-sea-level-constant-no-dem:liljegren-thermofeel2.3.0:day-nex-normalised-complete365-feb29dropped,71758034.10124771,71758034.10124771,1.0,1,1,0,intersection_area_weighted_valid_cells_only,native,,31.188425884685664,361.0,310.0,98.0,Kannur,Kannur
Kerala,block,Kannur||Kuthuparamba,ACCESS-CM2,historical,2005,C1,outdoor-pilot-v1:C1:parton-logan-a1.86-b2.2:humidity-vapour_pressure:magnus-6.112-17.62-243.12:toa-shape-erbs1982:wind-constant-daily-mean:pressure-isa-elev-sea-level-constant-no-dem:liljegren-thermofeel2.3.0:day-nex-normalised-complete365-feb29dropped,278539983.8018948,278539983.8018948,1.0,4,4,0,intersection_area_weighted_valid_cells_only,native,,30.953759491874774,350.0599886845007,272.58114453598586,96.52358993219434,Kannur,Kuthuparamba
Kerala,block,Kannur||Panoor,ACCESS-CM2,historical,2005,C1,outdoor-pilot-v1:C1:parton-logan-a1.86-b2.2:humidity-vapour_pressure:magnus-6.112-17.62-243.12:toa-shape-erbs1982:wind-constant-daily-mean:pressure-isa-elev-sea-level-constant-no-dem:liljegren-thermofeel2.3.0:day-nex-normalised-complete365-feb29dropped,66988257.3436255,66988257.3436255,1.0,2,2,0,intersection_area_weighted_valid_cells_only,native,,31.103058038662915,361.0,282.9865155678847,99.84847429364015,Kannur,Panoor
Kerala,block,Kannur||Payyannur,ACCESS-CM2,historical,2005,C1,outdoor-pilot-v1:C1:parton-logan-a1.86-b2.2:humidity-vapour_pressure:magnus-6.112-17.62-243.12:toa-shape-erbs1982:wind-constant-daily-mean:pressure-isa-elev-sea-level-constant-no-dem:liljegren-thermofeel2.3.0:day-nex-normalised-complete365-feb29dropped,439202469.3794371,439202469.3794371,1.0,3,3,0,intersection_area_weighted_valid_cells_only,native,,30.38655583411784,353.3484106580989,214.59563338721838,45.88800693423369,Kannur,Payyannur
Kerala,block,Kannur||Peravoor,ACCESS-CM2,historical,2005,C1,outdoor-pilot-v1:C1:parton-logan-a1.86-b2.2:humidity-vapour_pressure:magnus-6.112-17.62-243.12:toa-shape-erbs1982:wind-constant-daily-mean:pressure-isa-elev-sea-level-constant-no-dem:liljegren-thermofeel2.3.0:day-nex-normalised-complete365-feb29dropped,318385070.1049171,318385070.1049171,1.0,2,2,0,intersection_area_weighted_valid_cells_only,native,,29.67398987736515,282.12096274594575,161.45413589662624,46.84830100248557,Kannur,Peravoor
Kerala,block,Kannur||Taliparamba,ACCESS-CM2,historical,2005,C1,outdoor-pilot-v1:C1:parton-logan-a1.86-b2.2:humidity-vapour_pressure:magnus-6.112-17.62-243.12:toa-shape-erbs1982:wind-constant-daily-mean:pressure-isa-elev-sea-level-constant-no-dem:liljegren-thermofeel2.3.0:day-nex-normalised-complete365-feb29dropped,526322492.52569425,526322492.52569425,1.0,5,5,0,intersection_area_weighted_valid_cells_only,native,,30.54637347287669,348.8988029095916,233.11620617336442,58.45337259304824,Kannur,Taliparamba
Kerala,block,Kannur||Thalassery,ACCESS-CM2,historical,2005,C1,outdoor-pilot-v1:C1:parton-logan-a1.86-b2.2:humidity-vapour_pressure:magnus-6.112-17.62-243.12:toa-shape-erbs1982:wind-constant-daily-mean:pressure-isa-elev-sea-level-constant-no-dem:liljegren-thermofeel2.3.0:day-nex-normalised-complete365-feb29dropped,102913203.60616228,102913203.60616228,1.0,4,4,0,intersection_area_weighted_valid_cells_only,native,,31.156480352892874,360.94140101392014,296.36139441537244,100.67518418852406,Kannur,Thalassery
Kerala,block,Kasaragod||Kanhangad,ACCESS-CM2,historical,2005,C1,outdoor-pilot-v1:C1:parton-logan-a1.86-b2.2:humidity-vapour_pressure:magnus-6.112-17.62-243.12:toa-shape-erbs1982:wind-constant-daily-mean:pressure-isa-elev-sea-level-constant-no-dem:liljegren-thermofeel2.3.0:day-nex-normalised-complete365-feb29dropped,242092224.8980625,242092224.8980625,1.0,2,2,0,intersection_area_weighted_valid_cells_only,native,,30.011787780598866,351.0118999265118,169.09916605426437,23.015866568682302,Kasaragod,Kanhangad
Kerala,block,Kasaragod||Karadka,ACCESS-CM2,historical,2005,C1,outdoor-pilot-v1:C1:parton-logan-a1.86-b2.2:humidity-vapour_pressure:magnus-6.112-17.62-243.12:toa-shape-erbs1982:wind-constant-daily-mean:pressure-isa-elev-sea-level-constant-no-dem:liljegren-thermofeel2.3.0:day-nex-normalised-complete365-feb29dropped,397107072.7855542,397107072.7855542,1.0,4,4,0,intersection_area_weighted_valid_cells_only,native,,30.218415753480336,352.37559645231397,192.43828617697858,33.178096996885465,Kasaragod,Karadka
Kerala,block,Kasaragod||Kasargod,ACCESS-CM2,historical,2005,C1,outdoor-pilot-v1:C1:parton-logan-a1.86-b2.2:humidity-vapour_pressure:magnus-6.112-17.62-243.12:toa-shape-erbs1982:wind-constant-daily-mean:pressure-isa-elev-sea-level-constant-no-dem:liljegren-thermofeel2.3.0:day-nex-normalised-complete365-feb29dropped,144805031.32725972,152808192.8934325,0.9476260963850667,4,3,1,intersection_area_weighted_valid_cells_only,native,,30.251473588001105,353.3984002861191,194.68414010182764,33.09814758922063,Kasaragod,Kasargod
Kerala,block,Kasaragod||Manjeshwar,ACCESS-CM2,historical,2005,C1,outdoor-pilot-v1:C1:parton-logan-a1.86-b2.2:humidity-vapour_pressure:magnus-6.112-17.62-243.12:toa-shape-erbs1982:wind-constant-daily-mean:pressure-isa-elev-sea-level-constant-no-dem:liljegren-thermofeel2.3.0:day-nex-normalised-complete365-feb29dropped,451184162.8235033,451184162.8235033,1.0,4,4,0,intersection_area_weighted_valid_cells_only,native,,30.392937816777845,354.89601221518495,212.0537914567168,39.93436702984407,Kasaragod,Manjeshwar
Kerala,block,Kasaragod||Nileshwar,ACCESS-CM2,historical,2005,C1,outdoor-pilot-v1:C1:parton-logan-a1.86-b2.2:humidity-vapour_pressure:magnus-6.112-17.62-243.12:toa-shape-erbs1982:wind-constant-daily-mean:pressure-isa-elev-sea-level-constant-no-dem:liljegren-thermofeel2.3.0:day-nex-normalised-complete365-feb29dropped,205667554.8901833,205667554.8901833,1.0,4,4,0,intersection_area_weighted_valid_cells_only,native,,30.13262126817799,352.5134479138835,187.66900583574963,27.248860897007283,Kasaragod,Nileshwar
Kerala,block,Kasaragod||Parappa,ACCESS-CM2,historical,2005,C1,outdoor-pilot-v1:C1:parton-logan-a1.86-b2.2:humidity-vapour_pressure:magnus-6.112-17.62-243.12:toa-shape-erbs1982:wind-constant-daily-mean:pressure-isa-elev-sea-level-constant-no-dem:liljegren-thermofeel2.3.0:day-nex-normalised-complete365-feb29dropped,543982031.8661207,543982031.8661207,1.0,3,3,0,intersection_area_weighted_valid_cells_only,native,,29.60477423471492,339.2652889532284,133.1444798764793,11.98026310409682,Kasaragod,Parappa
Kerala,block,Kollam||Anchal,ACCESS-CM2,historical,2005,C1,outdoor-pilot-v1:C1:parton-logan-a1.86-b2.2:humidity-vapour_pressure:magnus-6.112-17.62-243.12:toa-shape-erbs1982:wind-constant-daily-mean:pressure-isa-elev-sea-level-constant-no-dem:liljegren-thermofeel2.3.0:day-nex-normalised-complete365-feb29dropped,908273614.5979147,908273614.5979147,1.0,5,5,0,intersection_area_weighted_valid_cells_only,native,,29.176733631117667,312.537575056066,85.84877638674638,2.961517125653349,Kollam,Anchal
Kerala,block,Kollam||Chadayamangalam,ACCESS-CM2,historical,2005,C1,outdoor-pilot-v1:C1:parton-logan-a1.86-b2.2:humidity-vapour_pressure:magnus-6.112-17.62-243.12:toa-shape-erbs1982:wind-constant-daily-mean:pressure-isa-elev-sea-level-constant-no-dem:liljegren-thermofeel2.3.0:day-nex-normalised-complete365-feb29dropped,247280954.5227781,247280954.5227781,1.0,2,2,0,intersection_area_weighted_valid_cells_only,native,,30.182066043687207,359.869045226554,199.2237534625055,11.233235565686705,Kollam,Chadayamangalam
Kerala,block,Kollam||Chavara,ACCESS-CM2,historical,2005,C1,outdoor-pilot-v1:C1:parton-logan-a1.86-b2.2:humidity-vapour_pressure:magnus-6.112-17.62-243.12:toa-shape-erbs1982:wind-constant-daily-mean:pressure-isa-elev-sea-level-constant-no-dem:liljegren-thermofeel2.3.0:day-nex-normalised-complete365-feb29dropped,101149615.61021994,101149615.61021994,1.0,3,3,0,intersection_area_weighted_valid_cells_only,native,,30.157820632857092,363.00000000000006,194.10741943794474,12.857426305573908,Kollam,Chavara
Kerala,block,Kollam||Chittumala,ACCESS-CM2,historical,2005,C1,outdoor-pilot-v1:C1:parton-logan-a1.86-b2.2:humidity-vapour_pressure:magnus-6.112-17.62-243.12:toa-shape-erbs1982:wind-constant-daily-mean:pressure-isa-elev-sea-level-constant-no-dem:liljegren-thermofeel2.3.0:day-nex-normalised-complete365-feb29dropped,157185120.43081596,157185120.43081596,1.0,2,2,0,intersection_area_weighted_valid_cells_only,native,,29.924698412255573,363.00000000000006,166.51261748746302,4.823532896489646,Kollam,Chittumala
Kerala,block,Kollam||Ithikkara,ACCESS-CM2,historical,2005,C1,outdoor-pilot-v1:C1:parton-logan-a1.86-b2.2:humidity-vapour_pressure:magnus-6.112-17.62-243.12:toa-shape-erbs1982:wind-constant-daily-mean:pressure-isa-elev-sea-level-constant-no-dem:liljegren-thermofeel2.3.0:day-nex-normalised-complete365-feb29dropped,148289972.9513451,148289972.9513451,1.0,2,2,0,intersection_area_weighted_valid_cells_only,native,,29.936326182956634,363.0,168.12165112079467,4.491731838513312,Kollam,Ithikkara
Kerala,block,Kollam||Kottarakkara,ACCESS-CM2,historical,2005,C1,outdoor-pilot-v1:C1:parton-logan-a1.86-b2.2:humidity-vapour_pressure:magnus-6.112-17.62-243.12:toa-shape-erbs1982:wind-constant-daily-mean:pressure-isa-elev-sea-level-constant-no-dem:liljegren-thermofeel2.3.0:day-nex-normalised-complete365-feb29dropped,130650761.8636519,130650761.8636519,1.0,4,4,0,intersection_area_weighted_valid_cells_only,native,,30.137671751833903,363.0,193.08405429395154,9.922214169820814,Kollam,Kottarakkara
Kerala,block,Kollam||Mukhathala,ACCESS-CM2,historical,2005,C1,outdoor-pilot-v1:C1:parton-logan-a1.86-b2.2:humidity-vapour_pressure:magnus-6.112-17.62-243.12:toa-shape-erbs1982:wind-constant-daily-mean:pressure-isa-elev-sea-level-constant-no-dem:liljegren-thermofeel2.3.0:day-nex-normalised-complete365-feb29dropped,65612921.83507759,65612921.83507759,1.0,1,1,0,intersection_area_weighted_valid_cells_only,native,,29.870828986141266,363.0,160.0,3.0,Kollam,Mukhathala
Kerala,block,Kollam||Oachira,ACCESS-CM2,historical,2005,C1,outdoor-pilot-v1:C1:parton-logan-a1.86-b2.2:humidity-vapour_pressure:magnus-6.112-17.62-243.12:toa-shape-erbs1982:wind-constant-daily-mean:pressure-isa-elev-sea-level-constant-no-dem:liljegren-thermofeel2.3.0:day-nex-normalised-complete365-feb29dropped,109736987.5098153,109736987.5098153,1.0,2,2,0,intersection_area_weighted_valid_cells_only,native,,30.478700922038897,363.0,232.89920817073914,23.71989442276522,Kollam,Oachira
Kerala,block,Kollam||Pathanapuram,ACCESS-CM2,historical,2005,C1,outdoor-pilot-v1:C1:parton-logan-a1.86-b2.2:humidity-vapour_pressure:magnus-6.112-17.62-243.12:toa-shape-erbs1982:wind-constant-daily-mean:pressure-isa-elev-sea-level-constant-no-dem:liljegren-thermofeel2.3.0:day-nex-normalised-complete365-feb29dropped,321984510.0539413,321984510.0539413,1.0,3,3,0,intersection_area_weighted_valid_cells_only,native,,30.370193697982604,357.47630303934784,225.83208160184546,18.998989550224582,Kollam,Pathanapuram
Kerala,block,Kollam||Sasthamcottah,ACCESS-CM2,historical,2005,C1,outdoor-pilot-v1:C1:parton-logan-a1.86-b2.2:humidity-vapour_pressure:magnus-6.112-17.62-243.12:toa-shape-erbs1982:wind-constant-daily-mean:pressure-isa-elev-sea-level-constant-no-dem:liljegren-thermofeel2.3.0:day-nex-normalised-complete365-feb29dropped,118380971.04305314,118380971.04305314,1.0,2,2,0,intersection_area_weighted_valid_cells_only,native,,30.49072205490503,363.0,234.94281508441253,23.983988223635503,Kollam,Sasthamcottah
Kerala,block,Kollam||Vettikkavala,ACCESS-CM2,historical,2005,C1,outdoor-pilot-v1:C1:parton-logan-a1.86-b2.2:humidity-vapour_pressure:magnus-6.112-17.62-243.12:toa-shape-erbs1982:wind-constant-daily-mean:pressure-isa-elev-sea-level-constant-no-dem:liljegren-thermofeel2.3.0:day-nex-normalised-complete365-feb29dropped,175430923.48502225,175430923.48502225,1.0,3,3,0,intersection_area_weighted_valid_cells_only,native,,30.40048189933374,363.0,226.02853946957777,18.19474570977442,Kollam,Vettikkavala
Kerala,block,Kottayam||Erattupetta,ACCESS-CM2,historical,2005,C1,outdoor-pilot-v1:C1:parton-logan-a1.86-b2.2:humidity-vapour_pressure:magnus-6.112-17.62-243.12:toa-shape-erbs1982:wind-constant-daily-mean:pressure-isa-elev-sea-level-constant-no-dem:liljegren-thermofeel2.3.0:day-nex-normalised-complete365-feb29dropped,262254295.96679074,262254295.96679074,1.0,4,4,0,intersection_area_weighted_valid_cells_only,native,,29.344210269672807,322.4606689843595,108.93728042477208,6.668050397463288,Kottayam,Erattupetta
Kerala,block,Kottayam||Ettumanoor,ACCESS-CM2,historical,2005,C1,outdoor-pilot-v1:C1:parton-logan-a1.86-b2.2:humidity-vapour_pressure:magnus-6.112-17.62-243.12:toa-shape-erbs1982:wind-constant-daily-mean:pressure-isa-elev-sea-level-constant-no-dem:liljegren-thermofeel2.3.0:day-nex-normalised-complete365-feb29dropped,143435864.68418306,143435864.68418306,1.0,2,2,0,intersection_area_weighted_valid_cells_only,native,,31.27844156227628,362.99999999999994,323.90836667210607,102.93299546122107,Kottayam,Ettumanoor
Kerala,block,Kottayam||Kaduthuruthy,ACCESS-CM2,historical,2005,C1,outdoor-pilot-v1:C1:parton-logan-a1.86-b2.2:humidity-vapour_pressure:magnus-6.112-17.62-243.12:toa-shape-erbs1982:wind-constant-daily-mean:pressure-isa-elev-sea-level-constant-no-dem:liljegren-thermofeel2.3.0:day-nex-normalised-complete365-feb29dropped,190462524.94357803,190462524.94357803,1.0,4,4,0,intersection_area_weighted_valid_cells_only,native,,31.473691627349897,363.39913051810606,337.0194839049663,130.93472065509548,Kottayam,Kaduthuruthy
Kerala,block,Kottayam||Kanjirappally,ACCESS-CM2,historical,2005,C1,outdoor-pilot-v1:C1:parton-logan-a1.86-b2.2:humidity-vapour_pressure:magnus-6.112-17.62-243.12:toa-shape-erbs1982:wind-constant-daily-mean:pressure-isa-elev-sea-level-constant-no-dem:liljegren-thermofeel2.3.0:day-nex-normalised-complete365-feb29dropped,362433144.1441581,362433144.1441581,1.0,3,3,0,intersection_area_weighted_valid_cells_only,native,,29.703025514556234,335.7756265044355,143.73584365310398,9.832166068629949,Kottayam,Kanjirappally
Kerala,block,Kottayam||Lalam,ACCESS-CM2,historical,2005,C1,outdoor-pilot-v1:C1:parton-logan-a1.86-b2.2:humidity-vapour_pressure:magnus-6.112-17.62-243.12:toa-shape-erbs1982:wind-constant-daily-mean:pressure-isa-elev-sea-level-constant-no-dem:liljegren-thermofeel2.3.0:day-nex-normalised-complete365-feb29dropped,216039052.7149638,216039052.7149638,1.0,4,4,0,intersection_area_weighted_valid_cells_only,native,,31.26327479671121,362.50014855740113,321.0285513402766,106.99531695748936,Kottayam,Lalam
Kerala,block,Kottayam||Madappally,ACCESS-CM2,historical,2005,C1,outdoor-pilot-v1:C1:parton-logan-a1.86-b2.2:humidity-vapour_pressure:magnus-6.112-17.62-243.12:toa-shape-erbs1982:wind-constant-daily-mean:pressure-isa-elev-sea-level-constant-no-dem:liljegren-thermofeel2.3.0:day-nex-normalised-complete365-feb29dropped,158600106.3219865,158600106.3219865,1.0,4,4,0,intersection_area_weighted_valid_cells_only,native,,31.010156697597363,363.0,300.0795764393494,70.52308665951335,Kottayam,Madappally
Kerala,block,Kottayam||Pallom,ACCESS-CM2,historical,2005,C1,outdoor-pilot-v1:C1:parton-logan-a1.86-b2.2:humidity-vapour_pressure:magnus-6.112-17.62-243.12:toa-shape-erbs1982:wind-constant-daily-mean:pressure-isa-elev-sea-level-constant-no-dem:liljegren-thermofeel2.3.0:day-nex-normalised-complete365-feb29dropped,173658964.72448564,173658964.72448564,1.0,3,3,0,intersection_area_weighted_valid_cells_only,native,,31.312747647130422,363.0,326.72611327963756,106.38589620286744,Kottayam,Pallom
Kerala,block,Kottayam||Pampady,ACCESS-CM2,historical,2005,C1,outdoor-pilot-v1:C1:parton-logan-a1.86-b2.2:humidity-vapour_pressure:magnus-6.112-17.62-243.12:toa-shape-erbs1982:wind-constant-daily-mean:pressure-isa-elev-sea-level-constant-no-dem:liljegren-thermofeel2.3.0:day-nex-normalised-complete365-feb29dropped,228566923.37540096,228566923.37540096,1.0,2,2,0,intersection_area_weighted_valid_cells_only,native,,31.11051244001786,361.5665691871258,308.2210667807824,89.28245408392597,Kottayam,Pampady
Kerala,block,Kottayam||Uzhavoor,ACCESS-CM2,historical,2005,C1,outdoor-pilot-v1:C1:parton-logan-a1.86-b2.2:humidity-vapour_pressure:magnus-6.112-17.62-243.12:toa-shape-erbs1982:wind-constant-daily-mean:pressure-isa-elev-sea-level-constant-no-dem:liljegren-thermofeel2.3.0:day-nex-normalised-complete365-feb29dropped,197092785.9828177,197092785.9828177,1.0,2,2,0,intersection_area_weighted_valid_cells_only,native,,31.332789549005973,362.99999999999994,327.1929003007271,114.16890963768574,Kottayam,Uzhavoor
Kerala,block,Kottayam||Vaikom,ACCESS-CM2,historical,2005,C1,outdoor-pilot-v1:C1:parton-logan-a1.86-b2.2:humidity-vapour_pressure:magnus-6.112-17.62-243.12:toa-shape-erbs1982:wind-constant-daily-mean:pressure-isa-elev-sea-level-constant-no-dem:liljegren-thermofeel2.3.0:day-nex-normalised-complete365-feb29dropped,129974915.3552092,129974915.3552092,1.0,2,2,0,intersection_area_weighted_valid_cells_only,native,,31.502743856500764,363.4450231432006,339.67013885920363,131.90567115281735,Kottayam,Vaikom
Kerala,block,Kottayam||Vazhoor,ACCESS-CM2,historical,2005,C1,outdoor-pilot-v1:C1:parton-logan-a1.86-b2.2:humidity-vapour_pressure:magnus-6.112-17.62-243.12:toa-shape-erbs1982:wind-constant-daily-mean:pressure-isa-elev-sea-level-constant-no-dem:liljegren-thermofeel2.3.0:day-nex-normalised-complete365-feb29dropped,143248164.72064638,143248164.72064638,1.0,4,4,0,intersection_area_weighted_valid_cells_only,native,,30.71533902668969,353.2815494930809,264.271982649783,66.82960869784559,Kottayam,Vazhoor
Kerala,block,Kozhikode||Balusseri,ACCESS-CM2,historical,2005,C1,outdoor-pilot-v1:C1:parton-logan-a1.86-b2.2:humidity-vapour_pressure:magnus-6.112-17.62-243.12:toa-shape-erbs1982:wind-constant-daily-mean:pressure-isa-elev-sea-level-constant-no-dem:liljegren-thermofeel2.3.0:day-nex-normalised-complete365-feb29dropped,246438232.12302446,246438232.12302446,1.0,4,4,0,intersection_area_weighted_valid_cells_only,native,,30.596732835946927,331.62884454196126,227.52211555228374,86.2581386369823,Kozhikode,Balusseri
Kerala,block,Kozhikode||Chelannur,ACCESS-CM2,historical,2005,C1,outdoor-pilot-v1:C1:parton-logan-a1.86-b2.2:humidity-vapour_pressure:magnus-6.112-17.62-243.12:toa-shape-erbs1982:wind-constant-daily-mean:pressure-isa-elev-sea-level-constant-no-dem:liljegren-thermofeel2.3.0:day-nex-normalised-complete365-feb29dropped,141203641.51659504,141203641.51659504,1.0,2,2,0,intersection_area_weighted_valid_cells_only,native,,31.22272109837079,360.948742556968,280.1034746078183,115.53964273446704,Kozhikode,Chelannur
Kerala,block,Kozhikode||Koduvally,ACCESS-CM2,historical,2005,C1,outdoor-pilot-v1:C1:parton-logan-a1.86-b2.2:humidity-vapour_pressure:magnus-6.112-17.62-243.12:toa-shape-erbs1982:wind-constant-daily-mean:pressure-isa-elev-sea-level-constant-no-dem:liljegren-thermofeel2.3.0:day-nex-normalised-complete365-feb29dropped,435295568.00314564,435295568.00314564,1.0,4,4,0,intersection_area_weighted_valid_cells_only,native,,30.304232559591302,334.5364450948808,205.58299248972625,62.378059242114134,Kozhikode,Koduvally
Kerala,block,Kozhikode||Kozhikode,ACCESS-CM2,historical,2005,C1,outdoor-pilot-v1:C1:parton-logan-a1.86-b2.2:humidity-vapour_pressure:magnus-6.112-17.62-243.12:toa-shape-erbs1982:wind-constant-daily-mean:pressure-isa-elev-sea-level-constant-no-dem:liljegren-thermofeel2.3.0:day-nex-normalised-complete365-feb29dropped,175430890.81283823,175430890.81283823,1.0,2,2,0,intersection_area_weighted_valid_cells_only,native,,31.313822668241095,361.639467462842,291.5920119426293,127.59201194262928,Kozhikode,Kozhikode
Kerala,block,Kozhikode||Kunnamangalam,ACCESS-CM2,historical,2005,C1,outdoor-pilot-v1:C1:parton-logan-a1.86-b2.2:humidity-vapour_pressure:magnus-6.112-17.62-243.12:toa-shape-erbs1982:wind-constant-daily-mean:pressure-isa-elev-sea-level-constant-no-dem:liljegren-thermofeel2.3.0:day-nex-normalised-complete365-feb29dropped,296591259.5525364,296591259.5525364,1.0,5,5,0,intersection_area_weighted_valid_cells_only,native,,30.633734886030805,344.1083680376605,232.89603878429244,81.29303462936818,Kozhikode,Kunnamangalam
Kerala,block,Kozhikode||Kunnummal,ACCESS-CM2,historical,2005,C1,outdoor-pilot-v1:C1:parton-logan-a1.86-b2.2:humidity-vapour_pressure:magnus-6.112-17.62-243.12:toa-shape-erbs1982:wind-constant-daily-mean:pressure-isa-elev-sea-level-constant-no-dem:liljegren-thermofeel2.3.0:day-nex-normalised-complete365-feb29dropped,263421310.18075174,263421310.18075174,1.0,4,4,0,intersection_area_weighted_valid_cells_only,native,,29.72519095776503,292.09991596893883,158.99073226314323,42.92233975422312,Kozhikode,Kunnummal
Kerala,block,Kozhikode||Melday,ACCESS-CM2,historical,2005,C1,outdoor-pilot-v1:C1:parton-logan-a1.86-b2.2:humidity-vapour_pressure:magnus-6.112-17.62-243.12:toa-shape-erbs1982:wind-constant-daily-mean:pressure-isa-elev-sea-level-constant-no-dem:liljegren-thermofeel2.3.0:day-nex-normalised-complete365-feb29dropped,82338306.48905319,82338306.48905319,1.0,2,2,0,intersection_area_weighted_valid_cells_only,native,,31.00509859491411,360.8093864769417,270.90036726213424,91.04404840048407,Kozhikode,Melday
Kerala,block,Kozhikode||Panthalayani,ACCESS-CM2,historical,2005,C1,outdoor-pilot-v1:C1:parton-logan-a1.86-b2.2:humidity-vapour_pressure:magnus-6.112-17.62-243.12:toa-shape-erbs1982:wind-constant-daily-mean:pressure-isa-elev-sea-level-constant-no-dem:liljegren-thermofeel2.3.0:day-nex-normalised-complete365-feb29dropped,76280530.18627933,76280530.18627933,1.0,4,4,0,intersection_area_weighted_valid_cells_only,native,,30.816576076527603,360.06430776367887,248.74915506650314,73.08879627034527,Kozhikode,Panthalayani
Kerala,block,Kozhikode||Perambra,ACCESS-CM2,historical,2005,C1,outdoor-pilot-v1:C1:parton-logan-a1.86-b2.2:humidity-vapour_pressure:magnus-6.112-17.62-243.12:toa-shape-erbs1982:wind-constant-daily-mean:pressure-isa-elev-sea-level-constant-no-dem:liljegren-thermofeel2.3.0:day-nex-normalised-complete365-feb29dropped,318377720.0400582,318377720.0400582,1.0,2,2,0,intersection_area_weighted_valid_cells_only,native,,29.091616907498363,259.9184464735434,102.24883966612589,17.190653182762652,Kozhikode,Perambra
Kerala,block,Kozhikode||Thodannur,ACCESS-CM2,historical,2005,C1,outdoor-pilot-v1:C1:parton-logan-a1.86-b2.2:humidity-vapour_pressure:magnus-6.112-17.62-243.12:toa-shape-erbs1982:wind-constant-daily-mean:pressure-isa-elev-sea-level-constant-no-dem:liljegren-thermofeel2.3.0:day-nex-normalised-complete365-feb29dropped,79613586.28223379,79613586.28223379,1.0,1,1,0,intersection_area_weighted_valid_cells_only,native,,31.05695531704508,361.0,277.0,96.0,Kozhikode,Thodannur
Kerala,block,Kozhikode||Thuneri,ACCESS-CM2,historical,2005,C1,outdoor-pilot-v1:C1:parton-logan-a1.86-b2.2:humidity-vapour_pressure:magnus-6.112-17.62-243.12:toa-shape-erbs1982:wind-constant-daily-mean:pressure-isa-elev-sea-level-constant-no-dem:liljegren-thermofeel2.3.0:day-nex-normalised-complete365-feb29dropped,143239618.27802873,143239618.27802873,1.0,3,3,0,intersection_area_weighted_valid_cells_only,native,,30.835737573634646,347.2629906526348,259.42629885479744,89.0786961414001,Kozhikode,Thuneri
Kerala,block,Kozhikode||Vadakara,ACCESS-CM2,historical,2005,C1,outdoor-pilot-v1:C1:parton-logan-a1.86-b2.2:humidity-vapour_pressure:magnus-6.112-17.62-243.12:toa-shape-erbs1982:wind-constant-daily-mean:pressure-isa-elev-sea-level-constant-no-dem:liljegren-thermofeel2.3.0:day-nex-normalised-complete365-feb29dropped,90199585.86599983,90199585.86599983,1.0,1,1,0,intersection_area_weighted_valid_cells_only,native,,31.056955317045084,361.0,277.0,96.0,Kozhikode,Vadakara
Kerala,block,Malappuram||Areakode,ACCESS-CM2,historical,2005,C1,outdoor-pilot-v1:C1:parton-logan-a1.86-b2.2:humidity-vapour_pressure:magnus-6.112-17.62-243.12:toa-shape-erbs1982:wind-constant-daily-mean:pressure-isa-elev-sea-level-constant-no-dem:liljegren-thermofeel2.3.0:day-nex-normalised-complete365-feb29dropped,233672198.9008971,233672198.9008971,1.0,4,4,0,intersection_area_weighted_valid_cells_only,native,,31.068031387510565,351.9861336797716,278.11269762513245,112.27884693813404,Malappuram,Areakode
Kerala,block,Malappuram||Kalikavu,ACCESS-CM2,historical,2005,C1,outdoor-pilot-v1:C1:parton-logan-a1.86-b2.2:humidity-vapour_pressure:magnus-6.112-17.62-243.12:toa-shape-erbs1982:wind-constant-daily-mean:pressure-isa-elev-sea-level-constant-no-dem:liljegren-thermofeel2.3.0:day-nex-normalised-complete365-feb29dropped,620411109.8107977,620411109.8107977,1.0,3,3,0,intersection_area_weighted_valid_cells_only,native,,29.355891702821406,314.07496237817645,152.67866218215175,18.779466533941886,Malappuram,Kalikavu
Kerala,block,Malappuram||Kondotty,ACCESS-CM2,historical,2005,C1,outdoor-pilot-v1:C1:parton-logan-a1.86-b2.2:humidity-vapour_pressure:magnus-6.112-17.62-243.12:toa-shape-erbs1982:wind-constant-daily-mean:pressure-isa-elev-sea-level-constant-no-dem:liljegren-thermofeel2.3.0:day-nex-normalised-complete365-feb29dropped,186600711.61569095,186600711.61569095,1.0,3,3,0,intersection_area_weighted_valid_cells_only,native,,31.39989834577365,362.1159507961015,302.23488529103753,135.613167778901,Malappuram,Kondotty
Kerala,block,Malappuram||Kuttippuram,ACCESS-CM2,historical,2005,C1,outdoor-pilot-v1:C1:parton-logan-a1.86-b2.2:humidity-vapour_pressure:magnus-6.112-17.62-243.12:toa-shape-erbs1982:wind-constant-daily-mean:pressure-isa-elev-sea-level-constant-no-dem:liljegren-thermofeel2.3.0:day-nex-normalised-complete365-feb29dropped,162804233.33835104,162804233.33835104,1.0,2,2,0,intersection_area_weighted_valid_cells_only,native,,31.61231173772347,363.0,328.1011635640197,150.91569702998356,Malappuram,Kuttippuram
Kerala,block,Malappuram||Malappuram,ACCESS-CM2,historical,2005,C1,outdoor-pilot-v1:C1:parton-logan-a1.86-b2.2:humidity-vapour_pressure:magnus-6.112-17.62-243.12:toa-shape-erbs1982:wind-constant-daily-mean:pressure-isa-elev-sea-level-constant-no-dem:liljegren-thermofeel2.3.0:day-nex-normalised-complete365-feb29dropped,215496329.8367946,215496329.8367946,1.0,4,4,0,intersection_area_weighted_valid_cells_only,native,,31.684541596507554,362.98437303290746,334.26044150247435,153.18874318336964,Malappuram,Malappuram
Kerala,block,Malappuram||Mankada,ACCESS-CM2,historical,2005,C1,outdoor-pilot-v1:C1:parton-logan-a1.86-b2.2:humidity-vapour_pressure:magnus-6.112-17.62-243.12:toa-shape-erbs1982:wind-constant-daily-mean:pressure-isa-elev-sea-level-constant-no-dem:liljegren-thermofeel2.3.0:day-nex-normalised-complete365-feb29dropped,203102785.14767653,203102785.14767653,1.0,2,2,0,intersection_area_weighted_valid_cells_only,native,,31.65409775974838,362.99999999999994,331.7028074927703,152.38855280978885,Malappuram,Mankada
Kerala,block,Malappuram||Nilambur,ACCESS-CM2,historical,2005,C1,outdoor-pilot-v1:C1:parton-logan-a1.86-b2.2:humidity-vapour_pressure:magnus-6.112-17.62-243.12:toa-shape-erbs1982:wind-constant-daily-mean:pressure-isa-elev-sea-level-constant-no-dem:liljegren-thermofeel2.3.0:day-nex-normalised-complete365-feb29dropped,578406663.0060374,578406663.0060374,1.0,4,4,0,intersection_area_weighted_valid_cells_only,native,,29.807107389542626,333.98581526675224,161.852803259483,22.195982877132554,Malappuram,Nilambur
Kerala,block,Malappuram||Perinthalmanna,ACCESS-CM2,historical,2005,C1,outdoor-pilot-v1:C1:parton-logan-a1.86-b2.2:humidity-vapour_pressure:magnus-6.112-17.62-243.12:toa-shape-erbs1982:wind-constant-daily-mean:pressure-isa-elev-sea-level-constant-no-dem:liljegren-thermofeel2.3.0:day-nex-normalised-complete365-feb29dropped,277003716.50264424,277003716.50264424,1.0,4,4,0,intersection_area_weighted_valid_cells_only,native,,31.390202476682592,356.82031095879836,304.13130750080427,134.34309382522605,Malappuram,Perinthalmanna
Kerala,block,Malappuram||Perumpadappu,ACCESS-CM2,historical,2005,C1,outdoor-pilot-v1:C1:parton-logan-a1.86-b2.2:humidity-vapour_pressure:magnus-6.112-17.62-243.12:toa-shape-erbs1982:wind-constant-daily-mean:pressure-isa-elev-sea-level-constant-no-dem:liljegren-thermofeel2.3.0:day-nex-normalised-complete365-feb29dropped,92168517.49710117,92168517.49710117,1.0,4,4,0,intersection_area_weighted_valid_cells_only,native,,31.421336938507118,362.19912144437694,300.51721599849674,133.66316593580933,Malappuram,Perumpadappu
Kerala,block,Malappuram||Ponnani,ACCESS-CM2,historical,2005,C1,outdoor-pilot-v1:C1:parton-logan-a1.86-b2.2:humidity-vapour_pressure:magnus-6.112-17.62-243.12:toa-shape-erbs1982:wind-constant-daily-mean:pressure-isa-elev-sea-level-constant-no-dem:liljegren-thermofeel2.3.0:day-nex-normalised-complete365-feb29dropped,109474618.1968622,109474618.1968622,1.0,4,4,0,intersection_area_weighted_valid_cells_only,native,,31.620439297620663,362.9572759797497,330.0158749322094,147.13084908028935,Malappuram,Ponnani
Kerala,block,Malappuram||Tanur,ACCESS-CM2,historical,2005,C1,outdoor-pilot-v1:C1:parton-logan-a1.86-b2.2:humidity-vapour_pressure:magnus-6.112-17.62-243.12:toa-shape-erbs1982:wind-constant-daily-mean:pressure-isa-elev-sea-level-constant-no-dem:liljegren-thermofeel2.3.0:day-nex-normalised-complete365-feb29dropped,125896039.55120565,125896039.55120565,1.0,3,3,0,intersection_area_weighted_valid_cells_only,native,,31.625800093123612,362.935676132551,331.52541428203534,145.24262524179,Malappuram,Tanur
Kerala,block,Malappuram||Tirur,ACCESS-CM2,historical,2005,C1,outdoor-pilot-v1:C1:parton-logan-a1.86-b2.2:humidity-vapour_pressure:magnus-6.112-17.62-243.12:toa-shape-erbs1982:wind-constant-daily-mean:pressure-isa-elev-sea-level-constant-no-dem:liljegren-thermofeel2.3.0:day-nex-normalised-complete365-feb29dropped,120741278.4814492,120741278.4814492,1.0,2,2,0,intersection_area_weighted_valid_cells_only,native,,31.644722647633458,363.0,333.9149665974665,146.07086116877787,Malappuram,Tirur
Kerala,block,Malappuram||Tirurangadi,ACCESS-CM2,historical,2005,C1,outdoor-pilot-v1:C1:parton-logan-a1.86-b2.2:humidity-vapour_pressure:magnus-6.112-17.62-243.12:toa-shape-erbs1982:wind-constant-daily-mean:pressure-isa-elev-sea-level-constant-no-dem:liljegren-thermofeel2.3.0:day-nex-normalised-complete365-feb29dropped,141446219.36872175,141446219.36872175,1.0,2,2,0,intersection_area_weighted_valid_cells_only,native,,31.360358135750044,362.0290044070346,298.0731630602805,133.37705729144994,Malappuram,Tirurangadi
Kerala,block,Malappuram||Vengara,ACCESS-CM2,historical,2005,C1,outdoor-pilot-v1:C1:parton-logan-a1.86-b2.2:humidity-vapour_pressure:magnus-6.112-17.62-243.12:toa-shape-erbs1982:wind-constant-daily-mean:pressure-isa-elev-sea-level-constant-no-dem:liljegren-thermofeel2.3.0:day-nex-normalised-complete365-feb29dropped,117757993.40516758,117757993.40516758,1.0,4,4,0,intersection_area_weighted_valid_cells_only,native,,31.444819697620996,362.2790755558062,307.6608960060458,138.25236970600008,Malappuram,Vengara
Kerala,block,Malappuram||Wandoor,ACCESS-CM2,historical,2005,C1,outdoor-pilot-v1:C1:parton-logan-a1.86-b2.2:humidity-vapour_pressure:magnus-6.112-17.62-243.12:toa-shape-erbs1982:wind-constant-daily-mean:pressure-isa-elev-sea-level-constant-no-dem:liljegren-thermofeel2.3.0:day-nex-normalised-complete365-feb29dropped,369924793.3476437,369924793.3476437,1.0,4,4,0,intersection_area_weighted_valid_cells_only,native,,31.01059320114167,350.5615839970812,274.20503212212225,107.22987482774164,Malappuram,Wandoor
Kerala,block,Palakkad||Alathur,ACCESS-CM2,historical,2005,C1,outdoor-pilot-v1:C1:parton-logan-a1.86-b2.2:humidity-vapour_pressure:magnus-6.112-17.62-243.12:toa-shape-erbs1982:wind-constant-daily-mean:pressure-isa-elev-sea-level-constant-no-dem:liljegren-thermofeel2.3.0:day-nex-normalised-complete365-feb29dropped,370666520.83871007,370666520.83871007,1.0,4,4,0,intersection_area_weighted_valid_cells_only,native,,31.303965547702585,356.48336672780874,298.9390199313336,131.26481262705335,Palakkad,Alathur
Kerala,block,Palakkad||Attappadi,ACCESS-CM2,historical,2005,C1,outdoor-pilot-v1:C1:parton-logan-a1.86-b2.2:humidity-vapour_pressure:magnus-6.112-17.62-243.12:toa-shape-erbs1982:wind-constant-daily-mean:pressure-isa-elev-sea-level-constant-no-dem:liljegren-thermofeel2.3.0:day-nex-normalised-complete365-feb29dropped,737850840.7262989,737850840.7262989,1.0,4,4,0,intersection_area_weighted_valid_cells_only,native,,28.86962392838504,242.42390544967074,90.59510088247939,12.92628112011545,Palakkad,Attappadi
Kerala,block,Palakkad||Chittur,ACCESS-CM2,historical,2005,C1,outdoor-pilot-v1:C1:parton-logan-a1.86-b2.2:humidity-vapour_pressure:magnus-6.112-17.62-243.12:toa-shape-erbs1982:wind-constant-daily-mean:pressure-isa-elev-sea-level-constant-no-dem:liljegren-thermofeel2.3.0:day-nex-normalised-complete365-feb29dropped,276002195.2675314,276002195.2675314,1.0,3,3,0,intersection_area_weighted_valid_cells_only,native,,31.818980950307132,360.8178912860231,335.0210013102231,167.40544939592988,Palakkad,Chittur
Kerala,block,Palakkad||Kollengode,ACCESS-CM2,historical,2005,C1,outdoor-pilot-v1:C1:parton-logan-a1.86-b2.2:humidity-vapour_pressure:magnus-6.112-17.62-243.12:toa-shape-erbs1982:wind-constant-daily-mean:pressure-isa-elev-sea-level-constant-no-dem:liljegren-thermofeel2.3.0:day-nex-normalised-complete365-feb29dropped,339642159.434967,339642159.434967,1.0,4,4,0,intersection_area_weighted_valid_cells_only,native,,31.077392759743226,337.4979486724998,275.65371597448956,125.13674216999466,Palakkad,Kollengode
Kerala,block,Palakkad||Kuzhalmannam,ACCESS-CM2,historical,2005,C1,outdoor-pilot-v1:C1:parton-logan-a1.86-b2.2:humidity-vapour_pressure:magnus-6.112-17.62-243.12:toa-shape-erbs1982:wind-constant-daily-mean:pressure-isa-elev-sea-level-constant-no-dem:liljegren-thermofeel2.3.0:day-nex-normalised-complete365-feb29dropped,188664981.78420222,188664981.78420222,1.0,4,4,0,intersection_area_weighted_valid_cells_only,native,,31.501174155829382,362.2413577804783,318.8128552639218,142.27933769109282,Palakkad,Kuzhalmannam
Kerala,block,Palakkad||Malampuzha,ACCESS-CM2,historical,2005,C1,outdoor-pilot-v1:C1:parton-logan-a1.86-b2.2:humidity-vapour_pressure:magnus-6.112-17.62-243.12:toa-shape-erbs1982:wind-constant-daily-mean:pressure-isa-elev-sea-level-constant-no-dem:liljegren-thermofeel2.3.0:day-nex-normalised-complete365-feb29dropped,459269593.766905,459269593.766905,1.0,4,4,0,intersection_area_weighted_valid_cells_only,native,,31.272706435134662,359.397742494914,292.4962788543258,125.5987612162839,Palakkad,Malampuzha
Kerala,block,Palakkad||Mannarkad,ACCESS-CM2,historical,2005,C1,outdoor-pilot-v1:C1:parton-logan-a1.86-b2.2:humidity-vapour_pressure:magnus-6.112-17.62-243.12:toa-shape-erbs1982:wind-constant-daily-mean:pressure-isa-elev-sea-level-constant-no-dem:liljegren-thermofeel2.3.0:day-nex-normalised-complete365-feb29dropped,467601226.2295485,467601226.2295485,1.0,4,4,0,intersection_area_weighted_valid_cells_only,native,,30.49597893779845,335.5126977854142,224.76989608715095,77.47550830492548,Palakkad,Mannarkad
Kerala,block,Palakkad||Nemmara,ACCESS-CM2,historical,2005,C1,outdoor-pilot-v1:C1:parton-logan-a1.86-b2.2:humidity-vapour_pressure:magnus-6.112-17.62-243.12:toa-shape-erbs1982:wind-constant-daily-mean:pressure-isa-elev-sea-level-constant-no-dem:liljegren-thermofeel2.3.0:day-nex-normalised-complete365-feb29dropped,555039573.8726864,555039573.8726864,1.0,3,3,0,intersection_area_weighted_valid_cells_only,native,,30.314553416081228,325.5492148206354,214.94325598115296,69.90367280613928,Palakkad,Nemmara
Kerala,block,Palakkad||Ottappalam,ACCESS-CM2,historical,2005,C1,outdoor-pilot-v1:C1:parton-logan-a1.86-b2.2:humidity-vapour_pressure:magnus-6.112-17.62-243.12:toa-shape-erbs1982:wind-constant-daily-mean:pressure-isa-elev-sea-level-constant-no-dem:liljegren-thermofeel2.3.0:day-nex-normalised-complete365-feb29dropped,210366186.58052093,210366186.58052093,1.0,4,4,0,intersection_area_weighted_valid_cells_only,native,,31.93700315795515,362.9994799259331,345.475547664381,173.55550152078786,Palakkad,Ottappalam
Kerala,block,Palakkad||Palakkad,ACCESS-CM2,historical,2005,C1,outdoor-pilot-v1:C1:parton-logan-a1.86-b2.2:humidity-vapour_pressure:magnus-6.112-17.62-243.12:toa-shape-erbs1982:wind-constant-daily-mean:pressure-isa-elev-sea-level-constant-no-dem:liljegren-thermofeel2.3.0:day-nex-normalised-complete365-feb29dropped,241763758.41435975,241763758.41435975,1.0,3,3,0,intersection_area_weighted_valid_cells_only,native,,31.263446724716488,360.2551933365577,291.1660707507931,124.40602909205104,Palakkad,Palakkad
Kerala,block,Palakkad||Pattambi,ACCESS-CM2,historical,2005,C1,outdoor-pilot-v1:C1:parton-logan-a1.86-b2.2:humidity-vapour_pressure:magnus-6.112-17.62-243.12:toa-shape-erbs1982:wind-constant-daily-mean:pressure-isa-elev-sea-level-constant-no-dem:liljegren-thermofeel2.3.0:day-nex-normalised-complete365-feb29dropped,227300033.67633516,227300033.67633516,1.0,2,2,0,intersection_area_weighted_valid_cells_only,native,,31.674054587148692,363.0,331.3722179901506,155.30894520963682,Palakkad,Pattambi
Kerala,block,Palakkad||Sreekrishnapuram,ACCESS-CM2,historical,2005,C1,outdoor-pilot-v1:C1:parton-logan-a1.86-b2.2:humidity-vapour_pressure:magnus-6.112-17.62-243.12:toa-shape-erbs1982:wind-constant-daily-mean:pressure-isa-elev-sea-level-constant-no-dem:liljegren-thermofeel2.3.0:day-nex-normalised-complete365-feb29dropped,235949718.922892,235949718.922892,1.0,2,2,0,intersection_area_weighted_valid_cells_only,native,,31.925338726554642,362.9198305201103,344.4366951421512,172.61707647190298,Palakkad,Sreekrishnapuram
Kerala,block,Palakkad||Trithala,ACCESS-CM2,historical,2005,C1,outdoor-pilot-v1:C1:parton-logan-a1.86-b2.2:humidity-vapour_pressure:magnus-6.112-17.62-243.12:toa-shape-erbs1982:wind-constant-daily-mean:pressure-isa-elev-sea-level-constant-no-dem:liljegren-thermofeel2.3.0:day-nex-normalised-complete365-feb29dropped,172625539.7589664,172625539.7589664,1.0,2,2,0,intersection_area_weighted_valid_cells_only,native,,31.553887404069496,362.7420567800961,318.1981576436528,146.87290848153802,Palakkad,Trithala
Kerala,block,Pathanamthitta||Elanthoor,ACCESS-CM2,historical,2005,C1,outdoor-pilot-v1:C1:parton-logan-a1.86-b2.2:humidity-vapour_pressure:magnus-6.112-17.62-243.12:toa-shape-erbs1982:wind-constant-daily-mean:pressure-isa-elev-sea-level-constant-no-dem:liljegren-thermofeel2.3.0:day-nex-normalised-complete365-feb29dropped,165272177.66963196,165272177.66963196,1.0,4,4,0,intersection_area_weighted_valid_cells_only,native,,30.759158193395727,363.0,268.8505053956531,47.36913836393973,Pathanamthitta,Elanthoor
Kerala,block,Pathanamthitta||Koipuram,ACCESS-CM2,historical,2005,C1,outdoor-pilot-v1:C1:parton-logan-a1.86-b2.2:humidity-vapour_pressure:magnus-6.112-17.62-243.12:toa-shape-erbs1982:wind-constant-daily-mean:pressure-isa-elev-sea-level-constant-no-dem:liljegren-thermofeel2.3.0:day-nex-normalised-complete365-feb29dropped,122369727.17920087,122369727.17920087,1.0,2,2,0,intersection_area_weighted_valid_cells_only,native,,30.917106743262643,363.0,290.02351768667194,59.909797758378836,Pathanamthitta,Koipuram
Kerala,block,Pathanamthitta||Konni,ACCESS-CM2,historical,2005,C1,outdoor-pilot-v1:C1:parton-logan-a1.86-b2.2:humidity-vapour_pressure:magnus-6.112-17.62-243.12:toa-shape-erbs1982:wind-constant-daily-mean:pressure-isa-elev-sea-level-constant-no-dem:liljegren-thermofeel2.3.0:day-nex-normalised-complete365-feb29dropped,760814313.3584683,760814313.3584683,1.0,6,6,0,intersection_area_weighted_valid_cells_only,native,,29.489719451886085,307.57701415818667,128.63409011752887,10.2436025239413,Pathanamthitta,Konni
Kerala,block,Pathanamthitta||Mallappally,ACCESS-CM2,historical,2005,C1,outdoor-pilot-v1:C1:parton-logan-a1.86-b2.2:humidity-vapour_pressure:magnus-6.112-17.62-243.12:toa-shape-erbs1982:wind-constant-daily-mean:pressure-isa-elev-sea-level-constant-no-dem:liljegren-thermofeel2.3.0:day-nex-normalised-complete365-feb29dropped,135221015.28638616,135221015.28638616,1.0,2,2,0,intersection_area_weighted_valid_cells_only,native,,30.897329295976974,363.0,287.24665456744384,58.45016458032304,Pathanamthitta,Mallappally
Kerala,block,Pathanamthitta||Pandlam,ACCESS-CM2,historical,2005,C1,outdoor-pilot-v1:C1:parton-logan-a1.86-b2.2:humidity-vapour_pressure:magnus-6.112-17.62-243.12:toa-shape-erbs1982:wind-constant-daily-mean:pressure-isa-elev-sea-level-constant-no-dem:liljegren-thermofeel2.3.0:day-nex-normalised-complete365-feb29dropped,56455551.80996532,56455551.80996532,1.0,2,2,0,intersection_area_weighted_valid_cells_only,native,,30.491257325270773,363.0,235.16908728623548,23.898547628258726,Pathanamthitta,Pandlam
Kerala,block,Pathanamthitta||Parakode,ACCESS-CM2,historical,2005,C1,outdoor-pilot-v1:C1:parton-logan-a1.86-b2.2:humidity-vapour_pressure:magnus-6.112-17.62-243.12:toa-shape-erbs1982:wind-constant-daily-mean:pressure-isa-elev-sea-level-constant-no-dem:liljegren-thermofeel2.3.0:day-nex-normalised-complete365-feb29dropped,271784618.9469935,271784618.9469935,1.0,2,2,0,intersection_area_weighted_valid_cells_only,native,,30.492352132593986,363.0,238.14226815279793,22.114639108321235,Pathanamthitta,Parakode
Kerala,block,Pathanamthitta||Pulikeezhu,ACCESS-CM2,historical,2005,C1,outdoor-pilot-v1:C1:parton-logan-a1.86-b2.2:humidity-vapour_pressure:magnus-6.112-17.62-243.12:toa-shape-erbs1982:wind-constant-daily-mean:pressure-isa-elev-sea-level-constant-no-dem:liljegren-thermofeel2.3.0:day-nex-normalised-complete365-feb29dropped,91618067.30021557,91618067.30021557,1.0,2,2,0,intersection_area_weighted_valid_cells_only,native,,30.959596876947753,363.0,296.1451696052872,62.91935840226594,Pathanamthitta,Pulikeezhu
Kerala,block,Pathanamthitta||Ranni,ACCESS-CM2,historical,2005,C1,outdoor-pilot-v1:C1:parton-logan-a1.86-b2.2:humidity-vapour_pressure:magnus-6.112-17.62-243.12:toa-shape-erbs1982:wind-constant-daily-mean:pressure-isa-elev-sea-level-constant-no-dem:liljegren-thermofeel2.3.0:day-nex-normalised-complete365-feb29dropped,1047385044.7536519,1047385044.7536519,1.0,5,5,0,intersection_area_weighted_valid_cells_only,native,,28.48789240314492,199.9009055644995,87.8792882146185,8.04604294653789,Pathanamthitta,Ranni
Kerala,block,Thiruvananthapuram||Athiyannoor,ACCESS-CM2,historical,2005,C1,outdoor-pilot-v1:C1:parton-logan-a1.86-b2.2:humidity-vapour_pressure:magnus-6.112-17.62-243.12:toa-shape-erbs1982:wind-constant-daily-mean:pressure-isa-elev-sea-level-constant-no-dem:liljegren-thermofeel2.3.0:day-nex-normalised-complete365-feb29dropped,104939802.27507037,104939802.27507037,1.0,2,2,0,intersection_area_weighted_valid_cells_only,native,,30.00608130869221,362.110509750435,168.10509750435025,6.778980499129947,Thiruvananthapuram,Athiyannoor
Kerala,block,Thiruvananthapuram||Chirayinkeezhu,ACCESS-CM2,historical,2005,C1,outdoor-pilot-v1:C1:parton-logan-a1.86-b2.2:humidity-vapour_pressure:magnus-6.112-17.62-243.12:toa-shape-erbs1982:wind-constant-daily-mean:pressure-isa-elev-sea-level-constant-no-dem:liljegren-thermofeel2.3.0:day-nex-normalised-complete365-feb29dropped,101507285.52364905,101507285.52364905,1.0,2,2,0,intersection_area_weighted_valid_cells_only,native,,30.073971207758262,362.4118235074596,182.3392015813648,4.859957977966567,Thiruvananthapuram,Chirayinkeezhu
Kerala,block,Thiruvananthapuram||Kilimanoor,ACCESS-CM2,historical,2005,C1,outdoor-pilot-v1:C1:parton-logan-a1.86-b2.2:humidity-vapour_pressure:magnus-6.112-17.62-243.12:toa-shape-erbs1982:wind-constant-daily-mean:pressure-isa-elev-sea-level-constant-no-dem:liljegren-thermofeel2.3.0:day-nex-normalised-complete365-feb29dropped,180009797.67879018,180009797.67879018,1.0,2,2,0,intersection_area_weighted_valid_cells_only,native,,30.228342760514643,363.0,203.64863462505687,10.439185098974924,Thiruvananthapuram,Kilimanoor
Kerala,block,Thiruvananthapuram||Nedumangad,ACCESS-CM2,historical,2005,C1,outdoor-pilot-v1:C1:parton-logan-a1.86-b2.2:humidity-vapour_pressure:magnus-6.112-17.62-243.12:toa-shape-erbs1982:wind-constant-daily-mean:pressure-isa-elev-sea-level-constant-no-dem:liljegren-thermofeel2.3.0:day-nex-normalised-complete365-feb29dropped,145221849.52401662,145221849.52401662,1.0,2,2,0,intersection_area_weighted_valid_cells_only,native,,29.662696429429996,335.1214948336756,138.4302243244354,3.4159940246406597,Thiruvananthapuram,Nedumangad
Kerala,block,Thiruvananthapuram||Nemom,ACCESS-CM2,historical,2005,C1,outdoor-pilot-v1:C1:parton-logan-a1.86-b2.2:humidity-vapour_pressure:magnus-6.112-17.62-243.12:toa-shape-erbs1982:wind-constant-daily-mean:pressure-isa-elev-sea-level-constant-no-dem:liljegren-thermofeel2.3.0:day-nex-normalised-complete365-feb29dropped,109056164.63818394,109056164.63818394,1.0,3,3,0,intersection_area_weighted_valid_cells_only,native,,29.69583038448897,341.07042681413526,136.554483366015,5.172386647486707,Thiruvananthapuram,Nemom
Kerala,block,Thiruvananthapuram||Parassala,ACCESS-CM2,historical,2005,C1,outdoor-pilot-v1:C1:parton-logan-a1.86-b2.2:humidity-vapour_pressure:magnus-6.112-17.62-243.12:toa-shape-erbs1982:wind-constant-daily-mean:pressure-isa-elev-sea-level-constant-no-dem:liljegren-thermofeel2.3.0:day-nex-normalised-complete365-feb29dropped,83783388.13677567,83783388.13677567,1.0,1,1,0,intersection_area_weighted_valid_cells_only,native,,29.996874122916523,362.0,167.0,6.999999999999999,Thiruvananthapuram,Parassala
Kerala,block,Thiruvananthapuram||Perumkadavila,ACCESS-CM2,historical,2005,C1,outdoor-pilot-v1:C1:parton-logan-a1.86-b2.2:humidity-vapour_pressure:magnus-6.112-17.62-243.12:toa-shape-erbs1982:wind-constant-daily-mean:pressure-isa-elev-sea-level-constant-no-dem:liljegren-thermofeel2.3.0:day-nex-normalised-complete365-feb29dropped,284043891.8623246,284043891.8623246,1.0,3,3,0,intersection_area_weighted_valid_cells_only,native,,29.26099331862918,306.65047177735175,96.89388330367227,3.344551959210791,Thiruvananthapuram,Perumkadavila
Kerala,block,Thiruvananthapuram||Pothencode,ACCESS-CM2,historical,2005,C1,outdoor-pilot-v1:C1:parton-logan-a1.86-b2.2:humidity-vapour_pressure:magnus-6.112-17.62-243.12:toa-shape-erbs1982:wind-constant-daily-mean:pressure-isa-elev-sea-level-constant-no-dem:liljegren-thermofeel2.3.0:day-nex-normalised-complete365-feb29dropped,280750125.112076,280750125.112076,1.0,4,4,0,intersection_area_weighted_valid_cells_only,native,,30.067199315993612,361.4042997151583,180.2136313692259,4.933379548646959,Thiruvananthapuram,Pothencode
Kerala,block,Thiruvananthapuram||Vamanapuram,ACCESS-CM2,historical,2005,C1,outdoor-pilot-v1:C1:parton-logan-a1.86-b2.2:humidity-vapour_pressure:magnus-6.112-17.62-243.12:toa-shape-erbs1982:wind-constant-daily-mean:pressure-isa-elev-sea-level-constant-no-dem:liljegren-thermofeel2.3.0:day-nex-normalised-complete365-feb29dropped,433539724.98043513,433539724.98043513,1.0,4,4,0,intersection_area_weighted_valid_cells_only,native,,29.30426537147056,320.32695816091893,98.0508294432824,2.1403393111005227,Thiruvananthapuram,Vamanapuram
Kerala,block,Thiruvananthapuram||Varkala,ACCESS-CM2,historical,2005,C1,outdoor-pilot-v1:C1:parton-logan-a1.86-b2.2:humidity-vapour_pressure:magnus-6.112-17.62-243.12:toa-shape-erbs1982:wind-constant-daily-mean:pressure-isa-elev-sea-level-constant-no-dem:liljegren-thermofeel2.3.0:day-nex-normalised-complete365-feb29dropped,102936578.93104501,102936578.93104501,1.0,4,4,0,intersection_area_weighted_valid_cells_only,native,,29.848831626530515,358.20479434574645,157.3792435189828,3.982466294248496,Thiruvananthapuram,Varkala
Kerala,block,Thiruvananthapuram||Vellanad,ACCESS-CM2,historical,2005,C1,outdoor-pilot-v1:C1:parton-logan-a1.86-b2.2:humidity-vapour_pressure:magnus-6.112-17.62-243.12:toa-shape-erbs1982:wind-constant-daily-mean:pressure-isa-elev-sea-level-constant-no-dem:liljegren-thermofeel2.3.0:day-nex-normalised-complete365-feb29dropped,367281670.0919373,367281670.0919373,1.0,2,2,0,intersection_area_weighted_valid_cells_only,native,,28.76964665273892,278.0024375524367,42.45189016395788,0.24157543525352815,Thiruvananthapuram,Vellanad
Kerala,block,Thrissur||Anthikkad,ACCESS-CM2,historical,2005,C1,outdoor-pilot-v1:C1:parton-logan-a1.86-b2.2:humidity-vapour_pressure:magnus-6.112-17.62-243.12:toa-shape-erbs1982:wind-constant-daily-mean:pressure-isa-elev-sea-level-constant-no-dem:liljegren-thermofeel2.3.0:day-nex-normalised-complete365-feb29dropped,73596836.36461374,73596836.36461374,1.0,2,2,0,intersection_area_weighted_valid_cells_only,native,,31.080024982254645,362.0,261.8794562004405,104.94010835219504,Thrissur,Anthikkad
Kerala,block,Thrissur||Chalakkudy,ACCESS-CM2,historical,2005,C1,outdoor-pilot-v1:C1:parton-logan-a1.86-b2.2:humidity-vapour_pressure:magnus-6.112-17.62-243.12:toa-shape-erbs1982:wind-constant-daily-mean:pressure-isa-elev-sea-level-constant-no-dem:liljegren-thermofeel2.3.0:day-nex-normalised-complete365-feb29dropped,795710727.8832483,795710727.8832483,1.0,4,4,0,intersection_area_weighted_valid_cells_only,native,,30.197908211370017,329.7924994324042,197.50519050141133,58.09404501992157,Thrissur,Chalakkudy
Kerala,block,Thrissur||Chavakkad,ACCESS-CM2,historical,2005,C1,outdoor-pilot-v1:C1:parton-logan-a1.86-b2.2:humidity-vapour_pressure:magnus-6.112-17.62-243.12:toa-shape-erbs1982:wind-constant-daily-mean:pressure-isa-elev-sea-level-constant-no-dem:liljegren-thermofeel2.3.0:day-nex-normalised-complete365-feb29dropped,99556225.87025616,99556225.87025616,1.0,2,2,0,intersection_area_weighted_valid_cells_only,native,,31.377260487208495,362.0,291.4188457260788,132.44607769305813,Thrissur,Chavakkad
Kerala,block,Thrissur||Cherpu,ACCESS-CM2,historical,2005,C1,outdoor-pilot-v1:C1:parton-logan-a1.86-b2.2:humidity-vapour_pressure:magnus-6.112-17.62-243.12:toa-shape-erbs1982:wind-constant-daily-mean:pressure-isa-elev-sea-level-constant-no-dem:liljegren-thermofeel2.3.0:day-nex-normalised-complete365-feb29dropped,66708672.55101788,66708672.55101788,1.0,2,2,0,intersection_area_weighted_valid_cells_only,native,,31.080346668502347,362.0,261.9088828232878,104.97156439730765,Thrissur,Cherpu
Kerala,block,Thrissur||Chowannur,ACCESS-CM2,historical,2005,C1,outdoor-pilot-v1:C1:parton-logan-a1.86-b2.2:humidity-vapour_pressure:magnus-6.112-17.62-243.12:toa-shape-erbs1982:wind-constant-daily-mean:pressure-isa-elev-sea-level-constant-no-dem:liljegren-thermofeel2.3.0:day-nex-normalised-complete365-feb29dropped,129514953.60651334,129514953.60651334,1.0,1,1,0,intersection_area_weighted_valid_cells_only,native,,31.3874334220623,362.0,290.0,135.0,Thrissur,Chowannur
Kerala,block,Thrissur||Irinjalakkuda,ACCESS-CM2,historical,2005,C1,outdoor-pilot-v1:C1:parton-logan-a1.86-b2.2:humidity-vapour_pressure:magnus-6.112-17.62-243.12:toa-shape-erbs1982:wind-constant-daily-mean:pressure-isa-elev-sea-level-constant-no-dem:liljegren-thermofeel2.3.0:day-nex-normalised-complete365-feb29dropped,111878505.82941176,111878505.82941176,1.0,2,2,0,intersection_area_weighted_valid_cells_only,native,,31.123402364260397,362.25512882608035,267.1230918259273,109.61283417376671,Thrissur,Irinjalakkuda
Kerala,block,Thrissur||Kodakara,ACCESS-CM2,historical,2005,C1,outdoor-pilot-v1:C1:parton-logan-a1.86-b2.2:humidity-vapour_pressure:magnus-6.112-17.62-243.12:toa-shape-erbs1982:wind-constant-daily-mean:pressure-isa-elev-sea-level-constant-no-dem:liljegren-thermofeel2.3.0:day-nex-normalised-complete365-feb29dropped,187590312.98222235,187590312.98222235,1.0,2,2,0,intersection_area_weighted_valid_cells_only,native,,31.27375832070764,362.97902207907305,284.4965298977522,125.5384857396062,Thrissur,Kodakara
Kerala,block,Thrissur||Mala,ACCESS-CM2,historical,2005,C1,outdoor-pilot-v1:C1:parton-logan-a1.86-b2.2:humidity-vapour_pressure:magnus-6.112-17.62-243.12:toa-shape-erbs1982:wind-constant-daily-mean:pressure-isa-elev-sea-level-constant-no-dem:liljegren-thermofeel2.3.0:day-nex-normalised-complete365-feb29dropped,121545481.29755807,121545481.29755807,1.0,4,4,0,intersection_area_weighted_valid_cells_only,native,,31.437848541340287,363.4560298876933,313.63971054172606,140.6436262775737,Thrissur,Mala
Kerala,block,Thrissur||Mathilakam,ACCESS-CM2,historical,2005,C1,outdoor-pilot-v1:C1:parton-logan-a1.86-b2.2:humidity-vapour_pressure:magnus-6.112-17.62-243.12:toa-shape-erbs1982:wind-constant-daily-mean:pressure-isa-elev-sea-level-constant-no-dem:liljegren-thermofeel2.3.0:day-nex-normalised-complete365-feb29dropped,131405769.90361738,131405769.90361738,1.0,3,3,0,intersection_area_weighted_valid_cells_only,native,,30.999404890313183,362.04389621860906,255.2094501030976,91.61818000943173,Thrissur,Mathilakam
Kerala,block,Thrissur||Mullassery,ACCESS-CM2,historical,2005,C1,outdoor-pilot-v1:C1:parton-logan-a1.86-b2.2:humidity-vapour_pressure:magnus-6.112-17.62-243.12:toa-shape-erbs1982:wind-constant-daily-mean:pressure-isa-elev-sea-level-constant-no-dem:liljegren-thermofeel2.3.0:day-nex-normalised-complete365-feb29dropped,64433786.16286644,64433786.16286644,1.0,1,1,0,intersection_area_weighted_valid_cells_only,native,,31.3874334220623,362.0,290.0,135.0,Thrissur,Mullassery
Kerala,block,Thrissur||Ollukkara,ACCESS-CM2,historical,2005,C1,outdoor-pilot-v1:C1:parton-logan-a1.86-b2.2:humidity-vapour_pressure:magnus-6.112-17.62-243.12:toa-shape-erbs1982:wind-constant-daily-mean:pressure-isa-elev-sea-level-constant-no-dem:liljegren-thermofeel2.3.0:day-nex-normalised-complete365-feb29dropped,378208274.07454115,378208274.07454115,1.0,4,4,0,intersection_area_weighted_valid_cells_only,native,,31.47474901362594,362.8120113391196,305.15316177987944,143.26504771614148,Thrissur,Ollukkara
Kerala,block,Thrissur||Pazhayannur,ACCESS-CM2,historical,2005,C1,outdoor-pilot-v1:C1:parton-logan-a1.86-b2.2:humidity-vapour_pressure:magnus-6.112-17.62-243.12:toa-shape-erbs1982:wind-constant-daily-mean:pressure-isa-elev-sea-level-constant-no-dem:liljegren-thermofeel2.3.0:day-nex-normalised-complete365-feb29dropped,224305213.20351154,224305213.20351154,1.0,2,2,0,intersection_area_weighted_valid_cells_only,native,,31.605378702496804,363.00000000000006,319.9710518152302,154.71929764091126,Thrissur,Pazhayannur
Kerala,block,Thrissur||Puzhakkal,ACCESS-CM2,historical,2005,C1,outdoor-pilot-v1:C1:parton-logan-a1.86-b2.2:humidity-vapour_pressure:magnus-6.112-17.62-243.12:toa-shape-erbs1982:wind-constant-daily-mean:pressure-isa-elev-sea-level-constant-no-dem:liljegren-thermofeel2.3.0:day-nex-normalised-complete365-feb29dropped,143585915.5491334,143585915.5491334,1.0,3,3,0,intersection_area_weighted_valid_cells_only,native,,31.352575834828556,362.03370937261775,287.1558685968211,131.5552091320857,Thrissur,Puzhakkal
Kerala,block,Thrissur||Thalikkulam,ACCESS-CM2,historical,2005,C1,outdoor-pilot-v1:C1:parton-logan-a1.86-b2.2:humidity-vapour_pressure:magnus-6.112-17.62-243.12:toa-shape-erbs1982:wind-constant-daily-mean:pressure-isa-elev-sea-level-constant-no-dem:liljegren-thermofeel2.3.0:day-nex-normalised-complete365-feb29dropped,67937916.97934313,67937916.97934313,1.0,2,2,0,intersection_area_weighted_valid_cells_only,native,,31.13559125434552,362.0,266.9624454283467,110.37364856133618,Thrissur,Thalikkulam
Kerala,block,Thrissur||Vellangallur,ACCESS-CM2,historical,2005,C1,outdoor-pilot-v1:C1:parton-logan-a1.86-b2.2:humidity-vapour_pressure:magnus-6.112-17.62-243.12:toa-shape-erbs1982:wind-constant-daily-mean:pressure-isa-elev-sea-level-constant-no-dem:liljegren-thermofeel2.3.0:day-nex-normalised-complete365-feb29dropped,99785827.15190794,99785827.15190794,1.0,3,3,0,intersection_area_weighted_valid_cells_only,native,,31.087340618877544,362.1370273024174,263.2294659419694,105.13159742465372,Thrissur,Vellangallur
Kerala,block,Thrissur||Wadakkanchery,ACCESS-CM2,historical,2005,C1,outdoor-pilot-v1:C1:parton-logan-a1.86-b2.2:humidity-vapour_pressure:magnus-6.112-17.62-243.12:toa-shape-erbs1982:wind-constant-daily-mean:pressure-isa-elev-sea-level-constant-no-dem:liljegren-thermofeel2.3.0:day-nex-normalised-complete365-feb29dropped,326000729.1650269,326000729.1650269,1.0,3,3,0,intersection_area_weighted_valid_cells_only,native,,31.477207920398527,362.43300282781985,302.97308146746303,143.0883872416815,Thrissur,Wadakkanchery
Kerala,block,Wayanad||Kalpetta,ACCESS-CM2,historical,2005,C1,outdoor-pilot-v1:C1:parton-logan-a1.86-b2.2:humidity-vapour_pressure:magnus-6.112-17.62-243.12:toa-shape-erbs1982:wind-constant-daily-mean:pressure-isa-elev-sea-level-constant-no-dem:liljegren-thermofeel2.3.0:day-nex-normalised-complete365-feb29dropped,616982880.3421464,616982880.3421464,1.0,4,4,0,intersection_area_weighted_valid_cells_only,native,,28.26870093188777,201.81036997116783,45.67031719591135,2.6971678465267437,Wayanad,Kalpetta
Kerala,block,Wayanad||Mananthavady,ACCESS-CM2,historical,2005,C1,outdoor-pilot-v1:C1:parton-logan-a1.86-b2.2:humidity-vapour_pressure:magnus-6.112-17.62-243.12:toa-shape-erbs1982:wind-constant-daily-mean:pressure-isa-elev-sea-level-constant-no-dem:liljegren-thermofeel2.3.0:day-nex-normalised-complete365-feb29dropped,666939695.291894,666939695.291894,1.0,4,4,0,intersection_area_weighted_valid_cells_only,native,,28.53073105132255,221.00673967220064,59.16316060356195,3.6229341442767904,Wayanad,Mananthavady
Kerala,block,Wayanad||Panamaram,ACCESS-CM2,historical,2005,C1,outdoor-pilot-v1:C1:parton-logan-a1.86-b2.2:humidity-vapour_pressure:magnus-6.112-17.62-243.12:toa-shape-erbs1982:wind-constant-daily-mean:pressure-isa-elev-sea-level-constant-no-dem:liljegren-thermofeel2.3.0:day-nex-normalised-complete365-feb29dropped,264879663.94499558,264879663.94499558,1.0,2,2,0,intersection_area_weighted_valid_cells_only,native,,28.257963131189946,198.67201913904327,38.88465565689467,2.3981947831640795,Wayanad,Panamaram
Kerala,block,Wayanad||Sulthan Bathery,ACCESS-CM2,historical,2005,C1,outdoor-pilot-v1:C1:parton-logan-a1.86-b2.2:humidity-vapour_pressure:magnus-6.112-17.62-243.12:toa-shape-erbs1982:wind-constant-daily-mean:pressure-isa-elev-sea-level-constant-no-dem:liljegren-thermofeel2.3.0:day-nex-normalised-complete365-feb29dropped,582257374.4276267,582257374.4276267,1.0,4,4,0,intersection_area_weighted_valid_cells_only,native,,28.060109286673985,181.2467996911447,32.98478492011693,1.5096982089588507,Wayanad,Sulthan Bathery
Rajasthan,block,Ajmer||Ajmer Rural,ACCESS-CM2,historical,2005,W1,outdoor-pilot-v1:W1:parton-logan-a1.86-b2.2:humidity-vapour_pressure:magnus-6.112-17.62-243.12:toa-shape-erbs1982:wind-w1-dtr-slope0.03-amp0.1-0.8:pressure-isa-elev-sea-level-constant-no-dem:liljegren-thermofeel2.3.0:day-nex-normalised-complete365-feb29dropped,774178452.4873722,774178452.4873722,1.0,7,7,0,intersection_area_weighted_valid_cells_only,native,,26.660982450487555,187.76210677546663,141.16115185844484,39.898634867979766,Ajmer,Ajmer Rural
Rajasthan,block,Ajmer||Arain,ACCESS-CM2,historical,2005,W1,outdoor-pilot-v1:W1:parton-logan-a1.86-b2.2:humidity-vapour_pressure:magnus-6.112-17.62-243.12:toa-shape-erbs1982:wind-w1-dtr-slope0.03-amp0.1-0.8:pressure-isa-elev-sea-level-constant-no-dem:liljegren-thermofeel2.3.0:day-nex-normalised-complete365-feb29dropped,557021075.3912592,557021075.3912592,1.0,5,5,0,intersection_area_weighted_valid_cells_only,native,,26.956465587367127,193.14528176931833,149.5315387243143,56.3649011692179,Ajmer,Arain
Rajasthan,block,Ajmer||Kishangarh Silora,ACCESS-CM2,historical,2005,W1,outdoor-pilot-v1:W1:parton-logan-a1.86-b2.2:humidity-vapour_pressure:magnus-6.112-17.62-243.12:toa-shape-erbs1982:wind-w1-dtr-slope0.03-amp0.1-0.8:pressure-isa-elev-sea-level-constant-no-dem:liljegren-thermofeel2.3.0:day-nex-normalised-complete365-feb29dropped,635988327.7305158,635988327.7305158,1.0,6,6,0,intersection_area_weighted_valid_cells_only,native,,26.797510373901385,190.7642015721006,146.79437613331825,52.50154875003152,Ajmer,Kishangarh Silora
Rajasthan,block,Ajmer||Pisangan,ACCESS-CM2,historical,2005,W1,outdoor-pilot-v1:W1:parton-logan-a1.86-b2.2:humidity-vapour_pressure:magnus-6.112-17.62-243.12:toa-shape-erbs1982:wind-w1-dtr-slope0.03-amp0.1-0.8:pressure-isa-elev-sea-level-constant-no-dem:liljegren-thermofeel2.3.0:day-nex-normalised-complete365-feb29dropped,980113760.9284794,980113760.9284794,1.0,7,7,0,intersection_area_weighted_valid_cells_only,native,,26.8458408980313,188.65593139769433,145.35986326632064,46.37462015496134,Ajmer,Pisangan
Rajasthan,block,Ajmer||Sawar,ACCESS-CM2,historical,2005,W1,outdoor-pilot-v1:W1:parton-logan-a1.86-b2.2:humidity-vapour_pressure:magnus-6.112-17.62-243.12:toa-shape-erbs1982:wind-w1-dtr-slope0.03-amp0.1-0.8:pressure-isa-elev-sea-level-constant-no-dem:liljegren-thermofeel2.3.0:day-nex-normalised-complete365-feb29dropped,533439507.6271612,533439507.6271612,1.0,4,4,0,intersection_area_weighted_valid_cells_only,native,,26.81772090002748,191.59047720264778,147.5243513543324,52.33776177009953,Ajmer,Sawar
Rajasthan,block,Ajmer||Srinagar,ACCESS-CM2,historical,2005,W1,outdoor-pilot-v1:W1:parton-logan-a1.86-b2.2:humidity-vapour_pressure:magnus-6.112-17.62-243.12:toa-shape-erbs1982:wind-w1-dtr-slope0.03-amp0.1-0.8:pressure-isa-elev-sea-level-constant-no-dem:liljegren-thermofeel2.3.0:day-nex-normalised-complete365-feb29dropped,574552901.6098908,574552901.6098908,1.0,5,5,0,intersection_area_weighted_valid_cells_only,native,,26.852530566242944,190.1643302507476,148.50731015858477,47.75621015287699,Ajmer,Srinagar
Rajasthan,block,Alwar||Govindgarh,ACCESS-CM2,historical,2005,W1,outdoor-pilot-v1:W1:parton-logan-a1.86-b2.2:humidity-vapour_pressure:magnus-6.112-17.62-243.12:toa-shape-erbs1982:wind-w1-dtr-slope0.03-amp0.1-0.8:pressure-isa-elev-sea-level-constant-no-dem:liljegren-thermofeel2.3.0:day-nex-normalised-complete365-feb29dropped,111760767.19678786,111760767.19678786,1.0,4,4,0,intersection_area_weighted_valid_cells_only,native,,27.52208766094019,199.8221653670835,167.63778754232004,107.77110187144241,Alwar,Govindgarh
Rajasthan,block,Alwar||Kathumar,ACCESS-CM2,historical,2005,W1,outdoor-pilot-v1:W1:parton-logan-a1.86-b2.2:humidity-vapour_pressure:magnus-6.112-17.62-243.12:toa-shape-erbs1982:wind-w1-dtr-slope0.03-amp0.1-0.8:pressure-isa-elev-sea-level-constant-no-dem:liljegren-thermofeel2.3.0:day-nex-normalised-complete365-feb29dropped,571424810.8858334,571424810.8858334,1.0,4,4,0,intersection_area_weighted_valid_cells_only,native,,27.580793458094558,201.4319033691649,168.67359282440012,107.50391169417851,Alwar,Kathumar
Rajasthan,block,Alwar||Laxmangarh,ACCESS-CM2,historical,2005,W1,outdoor-pilot-v1:W1:parton-logan-a1.86-b2.2:humidity-vapour_pressure:magnus-6.112-17.62-243.12:toa-shape-erbs1982:wind-w1-dtr-slope0.03-amp0.1-0.8:pressure-isa-elev-sea-level-constant-no-dem:liljegren-thermofeel2.3.0:day-nex-normalised-complete365-feb29dropped,463646576.347684,463646576.347684,1.0,4,4,0,intersection_area_weighted_valid_cells_only,native,,27.510726522407108,200.78192368507925,167.87091231364693,105.13881194084402,Alwar,Laxmangarh
Rajasthan,block,Alwar||Malkheda,ACCESS-CM2,historical,2005,W1,outdoor-pilot-v1:W1:parton-logan-a1.86-b2.2:humidity-vapour_pressure:magnus-6.112-17.62-243.12:toa-shape-erbs1982:wind-w1-dtr-slope0.03-amp0.1-0.8:pressure-isa-elev-sea-level-constant-no-dem:liljegren-thermofeel2.3.0:day-nex-normalised-complete365-feb29dropped,469564821.55548775,469564821.55548775,1.0,4,4,0,intersection_area_weighted_valid_cells_only,native,,27.0427857828936,193.21839312273661,153.8660975839247,85.35795687971756,Alwar,Malkheda
Rajasthan,block,Alwar||Rajgarh,ACCESS-CM2,historical,2005,W1,outdoor-pilot-v1:W1:parton-logan-a1.86-b2.2:humidity-vapour_pressure:magnus-6.112-17.62-243.12:toa-shape-erbs1982:wind-w1-dtr-slope0.03-amp0.1-0.8:pressure-isa-elev-sea-level-constant-no-dem:liljegren-thermofeel2.3.0:day-nex-normalised-complete365-feb29dropped,798116712.9408326,798116712.9408326,1.0,4,4,0,intersection_area_weighted_valid_cells_only,native,,27.03526700820545,194.93316872922637,154.21074719134378,82.57406572449682,Alwar,Rajgarh
Rajasthan,block,Alwar||Ramgarh,ACCESS-CM2,historical,2005,W1,outdoor-pilot-v1:W1:parton-logan-a1.86-b2.2:humidity-vapour_pressure:magnus-6.112-17.62-243.12:toa-shape-erbs1982:wind-w1-dtr-slope0.03-amp0.1-0.8:pressure-isa-elev-sea-level-constant-no-dem:liljegren-thermofeel2.3.0:day-nex-normalised-complete365-feb29dropped,545046175.9139135,545046175.9139135,1.0,5,5,0,intersection_area_weighted_valid_cells_only,native,,27.393448681644664,198.28656043025742,166.00795967996342,104.47720655931488,Alwar,Ramgarh
Rajasthan,block,Alwar||Reni,ACCESS-CM2,historical,2005,W1,outdoor-pilot-v1:W1:parton-logan-a1.86-b2.2:humidity-vapour_pressure:magnus-6.112-17.62-243.12:toa-shape-erbs1982:wind-w1-dtr-slope0.03-amp0.1-0.8:pressure-isa-elev-sea-level-constant-no-dem:liljegren-thermofeel2.3.0:day-nex-normalised-complete365-feb29dropped,417591438.86794204,417591438.86794204,1.0,4,4,0,intersection_area_weighted_valid_cells_only,native,,27.418064265157177,199.93924595651714,165.62858900601412,100.5887405259021,Alwar,Reni
Rajasthan,block,Alwar||Thanagazi,ACCESS-CM2,historical,2005,W1,outdoor-pilot-v1:W1:parton-logan-a1.86-b2.2:humidity-vapour_pressure:magnus-6.112-17.62-243.12:toa-shape-erbs1982:wind-w1-dtr-slope0.03-amp0.1-0.8:pressure-isa-elev-sea-level-constant-no-dem:liljegren-thermofeel2.3.0:day-nex-normalised-complete365-feb29dropped,640267169.3811799,640267169.3811799,1.0,6,6,0,intersection_area_weighted_valid_cells_only,native,,26.629976890480616,186.86168596028458,139.30390570072416,62.7023463766112,Alwar,Thanagazi
Rajasthan,block,Alwar||Umren,ACCESS-CM2,historical,2005,W1,outdoor-pilot-v1:W1:parton-logan-a1.86-b2.2:humidity-vapour_pressure:magnus-6.112-17.62-243.12:toa-shape-erbs1982:wind-w1-dtr-slope0.03-amp0.1-0.8:pressure-isa-elev-sea-level-constant-no-dem:liljegren-thermofeel2.3.0:day-nex-normalised-complete365-feb29dropped,733341915.4884504,733341915.4884504,1.0,6,6,0,intersection_area_weighted_valid_cells_only,native,,27.045132813034897,193.19960796537148,157.2869664089744,89.64359061057796,Alwar,Umren
Rajasthan,block,Anoopgarh||Anupgarh,ACCESS-CM2,historical,2005,W1,outdoor-pilot-v1:W1:parton-logan-a1.86-b2.2:humidity-vapour_pressure:magnus-6.112-17.62-243.12:toa-shape-erbs1982:wind-w1-dtr-slope0.03-amp0.1-0.8:pressure-isa-elev-sea-level-constant-no-dem:liljegren-thermofeel2.3.0:day-nex-normalised-complete365-feb29dropped,1198699775.516665,1198699775.516665,1.0,7,7,0,intersection_area_weighted_valid_cells_only,native,,28.191452953530952,200.168831466063,176.46811223649703,137.9055310463847,Anoopgarh,Anupgarh
Rajasthan,block,Anoopgarh||Gharsana,ACCESS-CM2,historical,2005,W1,outdoor-pilot-v1:W1:parton-logan-a1.86-b2.2:humidity-vapour_pressure:magnus-6.112-17.62-243.12:toa-shape-erbs1982:wind-w1-dtr-slope0.03-amp0.1-0.8:pressure-isa-elev-sea-level-constant-no-dem:liljegren-thermofeel2.3.0:day-nex-normalised-complete365-feb29dropped,1386401616.8105474,1386401616.8105474,1.0,7,7,0,intersection_area_weighted_valid_cells_only,native,,28.18085965655681,200.5454411067578,176.52079376470633,139.40090401946273,Anoopgarh,Gharsana
Rajasthan,block,Anoopgarh||Khajuwala,ACCESS-CM2,historical,2005,W1,outdoor-pilot-v1:W1:parton-logan-a1.86-b2.2:humidity-vapour_pressure:magnus-6.112-17.62-243.12:toa-shape-erbs1982:wind-w1-dtr-slope0.03-amp0.1-0.8:pressure-isa-elev-sea-level-constant-no-dem:liljegren-thermofeel2.3.0:day-nex-normalised-complete365-feb29dropped,4147358924.8556876,4147358924.8556876,1.0,19,19,0,intersection_area_weighted_valid_cells_only,native,,28.057369032856432,199.70206409236758,175.69590361177993,135.2552516720907,Anoopgarh,Khajuwala
Rajasthan,block,Anoopgarh||Raisinghnagar,ACCESS-CM2,historical,2005,W1,outdoor-pilot-v1:W1:parton-logan-a1.86-b2.2:humidity-vapour_pressure:magnus-6.112-17.62-243.12:toa-shape-erbs1982:wind-w1-dtr-slope0.03-amp0.1-0.8:pressure-isa-elev-sea-level-constant-no-dem:liljegren-thermofeel2.3.0:day-nex-normalised-complete365-feb29dropped,1318724640.9588888,1318724640.9588888,1.0,6,6,0,intersection_area_weighted_valid_cells_only,native,,28.182322785635023,199.31360600747482,175.6744792515598,137.78099203922176,Anoopgarh,Raisinghnagar
Rajasthan,block,Anoopgarh||Vijainagar,ACCESS-CM2,historical,2005,W1,outdoor-pilot-v1:W1:parton-logan-a1.86-b2.2:humidity-vapour_pressure:magnus-6.112-17.62-243.12:toa-shape-erbs1982:wind-w1-dtr-slope0.03-amp0.1-0.8:pressure-isa-elev-sea-level-constant-no-dem:liljegren-thermofeel2.3.0:day-nex-normalised-complete365-feb29dropped,805400419.7556998,805400419.7556998,1.0,5,5,0,intersection_area_weighted_valid_cells_only,native,,28.209709364984924,200.46098286026708,177.55640888307576,138.55405949358567,Anoopgarh,Vijainagar
Rajasthan,block,Balotra||Baltora,ACCESS-CM2,historical,2005,W1,outdoor-pilot-v1:W1:parton-logan-a1.86-b2.2:humidity-vapour_pressure:magnus-6.112-17.62-243.12:toa-shape-erbs1982:wind-w1-dtr-slope0.03-amp0.1-0.8:pressure-isa-elev-sea-level-constant-no-dem:liljegren-thermofeel2.3.0:day-nex-normalised-complete365-feb29dropped,1489861780.0371723,1489861780.0371723,1.0,7,7,0,intersection_area_weighted_valid_cells_only,native,,27.727421797027613,198.64671922362143,169.87278706100557,83.04360202683974,Balotra,Baltora
Rajasthan,block,Balotra||Baytoo,ACCESS-CM2,historical,2005,W1,outdoor-pilot-v1:W1:parton-logan-a1.86-b2.2:humidity-vapour_pressure:magnus-6.112-17.62-243.12:toa-shape-erbs1982:wind-w1-dtr-slope0.03-amp0.1-0.8:pressure-isa-elev-sea-level-constant-no-dem:liljegren-thermofeel2.3.0:day-nex-normalised-complete365-feb29dropped,1170171880.457113,1170171880.457113,1.0,6,6,0,intersection_area_weighted_valid_cells_only,native,,27.402264401636057,195.13368096147187,160.7943305472321,59.882152326662045,Balotra,Baytoo
Rajasthan,block,Balotra||Gira,ACCESS-CM2,historical,2005,W1,outdoor-pilot-v1:W1:parton-logan-a1.86-b2.2:humidity-vapour_pressure:magnus-6.112-17.62-243.12:toa-shape-erbs1982:wind-w1-dtr-slope0.03-amp0.1-0.8:pressure-isa-elev-sea-level-constant-no-dem:liljegren-thermofeel2.3.0:day-nex-normalised-complete365-feb29dropped,1586754758.2101502,1586754758.2101502,1.0,8,8,0,intersection_area_weighted_valid_cells_only,native,,27.41634435879934,194.65276546938955,160.7693937196366,69.89693661723516,Balotra,Gira
Rajasthan,block,Balotra||Kalyanpur,ACCESS-CM2,historical,2005,W1,outdoor-pilot-v1:W1:parton-logan-a1.86-b2.2:humidity-vapour_pressure:magnus-6.112-17.62-243.12:toa-shape-erbs1982:wind-w1-dtr-slope0.03-amp0.1-0.8:pressure-isa-elev-sea-level-constant-no-dem:liljegren-thermofeel2.3.0:day-nex-normalised-complete365-feb29dropped,1162571122.6757252,1162571122.6757252,1.0,6,6,0,intersection_area_weighted_valid_cells_only,native,,27.65893882778872,197.02301270067315,167.34385414049467,87.59664828246504,Balotra,Kalyanpur
Rajasthan,block,Balotra||Panyla Kla,ACCESS-CM2,historical,2005,W1,outdoor-pilot-v1:W1:parton-logan-a1.86-b2.2:humidity-vapour_pressure:magnus-6.112-17.62-243.12:toa-shape-erbs1982:wind-w1-dtr-slope0.03-amp0.1-0.8:pressure-isa-elev-sea-level-constant-no-dem:liljegren-thermofeel2.3.0:day-nex-normalised-complete365-feb29dropped,475334870.5301346,475334870.5301346,1.0,4,4,0,intersection_area_weighted_valid_cells_only,native,,27.862301190316238,202.51994466722687,175.28656944674447,79.2355309411547,Balotra,Panyla Kla
Rajasthan,block,Balotra||Patodi,ACCESS-CM2,historical,2005,W1,outdoor-pilot-v1:W1:parton-logan-a1.86-b2.2:humidity-vapour_pressure:magnus-6.112-17.62-243.12:toa-shape-erbs1982:wind-w1-dtr-slope0.03-amp0.1-0.8:pressure-isa-elev-sea-level-constant-no-dem:liljegren-thermofeel2.3.0:day-nex-normalised-complete365-feb29dropped,830074643.4822034,830074643.4822034,1.0,6,6,0,intersection_area_weighted_valid_cells_only,native,,27.619935764654844,196.80685076739618,167.29808903371716,83.02270416806128,Balotra,Patodi
Rajasthan,block,Balotra||Samdari,ACCESS-CM2,historical,2005,W1,outdoor-pilot-v1:W1:parton-logan-a1.86-b2.2:humidity-vapour_pressure:magnus-6.112-17.62-243.12:toa-shape-erbs1982:wind-w1-dtr-slope0.03-amp0.1-0.8:pressure-isa-elev-sea-level-constant-no-dem:liljegren-thermofeel2.3.0:day-nex-normalised-complete365-feb29dropped,868002540.1581239,868002540.1581239,1.0,6,6,0,intersection_area_weighted_valid_cells_only,native,,27.66371773916803,197.06013610201407,167.4868484792639,80.15912376691516,Balotra,Samdari
Rajasthan,block,Balotra||Sindhari,ACCESS-CM2,historical,2005,W1,outdoor-pilot-v1:W1:parton-logan-a1.86-b2.2:humidity-vapour_pressure:magnus-6.112-17.62-243.12:toa-shape-erbs1982:wind-w1-dtr-slope0.03-amp0.1-0.8:pressure-isa-elev-sea-level-constant-no-dem:liljegren-thermofeel2.3.0:day-nex-normalised-complete365-feb29dropped,1417328156.6199727,1417328156.6199727,1.0,9,9,0,intersection_area_weighted_valid_cells_only,native,,27.7194810160207,200.3052978784691,172.01309702223983,74.87222181181416,Balotra,Sindhari
Rajasthan,block,Balotra||Siwana,ACCESS-CM2,historical,2005,W1,outdoor-pilot-v1:W1:parton-logan-a1.86-b2.2:humidity-vapour_pressure:magnus-6.112-17.62-243.12:toa-shape-erbs1982:wind-w1-dtr-slope0.03-amp0.1-0.8:pressure-isa-elev-sea-level-constant-no-dem:liljegren-thermofeel2.3.0:day-nex-normalised-complete365-feb29dropped,1191540449.7817354,1191540449.7817354,1.0,7,7,0,intersection_area_weighted_valid_cells_only,native,,27.43539755334497,193.17814371149592,158.49487427132178,56.74096949854613,Balotra,Siwana
Rajasthan,block,Banswara||Anandpuri,ACCESS-CM2,historical,2005,W1,outdoor-pilot-v1:W1:parton-logan-a1.86-b2.2:humidity-vapour_pressure:magnus-6.112-17.62-243.12:toa-shape-erbs1982:wind-w1-dtr-slope0.03-amp0.1-0.8:pressure-isa-elev-sea-level-constant-no-dem:liljegren-thermofeel2.3.0:day-nex-normalised-complete365-feb29dropped,332052945.340249,332052945.340249,1.0,2,2,0,intersection_area_weighted_valid_cells_only,native,,28.53443451128586,217.13729122330903,182.2745824466181,80.30426662143594,Banswara,Anandpuri
Rajasthan,block,Banswara||Arthuna,ACCESS-CM2,historical,2005,W1,outdoor-pilot-v1:W1:parton-logan-a1.86-b2.2:humidity-vapour_pressure:magnus-6.112-17.62-243.12:toa-shape-erbs1982:wind-w1-dtr-slope0.03-amp0.1-0.8:pressure-isa-elev-sea-level-constant-no-dem:liljegren-thermofeel2.3.0:day-nex-normalised-complete365-feb29dropped,245660513.61833134,245660513.61833134,1.0,5,5,0,intersection_area_weighted_valid_cells_only,native,,28.502052741712358,216.96131874995908,181.45275243621774,81.40389624441069,Banswara,Arthuna
Rajasthan,block,Banswara||Bagidora,ACCESS-CM2,historical,2005,W1,outdoor-pilot-v1:W1:parton-logan-a1.86-b2.2:humidity-vapour_pressure:magnus-6.112-17.62-243.12:toa-shape-erbs1982:wind-w1-dtr-slope0.03-amp0.1-0.8:pressure-isa-elev-sea-level-constant-no-dem:liljegren-thermofeel2.3.0:day-nex-normalised-complete365-feb29dropped,303389427.5928245,303389427.5928245,1.0,3,3,0,intersection_area_weighted_valid_cells_only,native,,28.277115562940224,212.7675868284835,176.19356943574817,60.97212142468371,Banswara,Bagidora
Rajasthan,block,Banswara||Banswara,ACCESS-CM2,historical,2005,W1,outdoor-pilot-v1:W1:parton-logan-a1.86-b2.2:humidity-vapour_pressure:magnus-6.112-17.62-243.12:toa-shape-erbs1982:wind-w1-dtr-slope0.03-amp0.1-0.8:pressure-isa-elev-sea-level-constant-no-dem:liljegren-thermofeel2.3.0:day-nex-normalised-complete365-feb29dropped,528701462.30247617,528701462.30247617,1.0,4,4,0,intersection_area_weighted_valid_cells_only,native,,28.12754566207872,211.25227540552902,171.58546736616736,54.43697511315911,Banswara,Banswara
Rajasthan,block,Banswara||Chhoti Sarwan,ACCESS-CM2,historical,2005,W1,outdoor-pilot-v1:W1:parton-logan-a1.86-b2.2:humidity-vapour_pressure:magnus-6.112-17.62-243.12:toa-shape-erbs1982:wind-w1-dtr-slope0.03-amp0.1-0.8:pressure-isa-elev-sea-level-constant-no-dem:liljegren-thermofeel2.3.0:day-nex-normalised-complete365-feb29dropped,347139781.4428353,347139781.4428353,1.0,3,3,0,intersection_area_weighted_valid_cells_only,native,,27.945096046500204,210.56626587493085,166.81483759856218,48.537372772265826,Banswara,Chhoti Sarwan
Rajasthan,block,Banswara||Gangar Talai,ACCESS-CM2,historical,2005,W1,outdoor-pilot-v1:W1:parton-logan-a1.86-b2.2:humidity-vapour_pressure:magnus-6.112-17.62-243.12:toa-shape-erbs1982:wind-w1-dtr-slope0.03-amp0.1-0.8:pressure-isa-elev-sea-level-constant-no-dem:liljegren-thermofeel2.3.0:day-nex-normalised-complete365-feb29dropped,217965510.99221054,217965510.99221054,1.0,2,2,0,intersection_area_weighted_valid_cells_only,native,,28.481641622466242,216.56149137089955,181.12298274179912,71.54535330529225,Banswara,Gangar Talai
Rajasthan,block,Banswara||Garhi,ACCESS-CM2,historical,2005,W1,outdoor-pilot-v1:W1:parton-logan-a1.86-b2.2:humidity-vapour_pressure:magnus-6.112-17.62-243.12:toa-shape-erbs1982:wind-w1-dtr-slope0.03-amp0.1-0.8:pressure-isa-elev-sea-level-constant-no-dem:liljegren-thermofeel2.3.0:day-nex-normalised-complete365-feb29dropped,462837379.8836703,462837379.8836703,1.0,3,3,0,intersection_area_weighted_valid_cells_only,native,,28.417932421013845,215.58781652480144,179.97939896489694,80.07174214477111,Banswara,Garhi
Rajasthan,block,Banswara||Ghatol,ACCESS-CM2,historical,2005,W1,outdoor-pilot-v1:W1:parton-logan-a1.86-b2.2:humidity-vapour_pressure:magnus-6.112-17.62-243.12:toa-shape-erbs1982:wind-w1-dtr-slope0.03-amp0.1-0.8:pressure-isa-elev-sea-level-constant-no-dem:liljegren-thermofeel2.3.0:day-nex-normalised-complete365-feb29dropped,766717605.7303244,766717605.7303244,1.0,6,6,0,intersection_area_weighted_valid_cells_only,native,,28.131314178218336,210.60229629491067,175.02628984147162,66.20162169533873,Banswara,Ghatol
Rajasthan,block,Banswara||Kushalgarh,ACCESS-CM2,historical,2005,W1,outdoor-pilot-v1:W1:parton-logan-a1.86-b2.2:humidity-vapour_pressure:magnus-6.112-17.62-243.12:toa-shape-erbs1982:wind-w1-dtr-slope0.03-amp0.1-0.8:pressure-isa-elev-sea-level-constant-no-dem:liljegren-thermofeel2.3.0:day-nex-normalised-complete365-feb29dropped,644146539.7745677,644146539.7745677,1.0,4,4,0,intersection_area_weighted_valid_cells_only,native,,28.215628781432166,211.6643256985594,171.8249108641643,49.82721604814699,Banswara,Kushalgarh
Rajasthan,block,Banswara||Sajjangarh,ACCESS-CM2,historical,2005,W1,outdoor-pilot-v1:W1:parton-logan-a1.86-b2.2:humidity-vapour_pressure:magnus-6.112-17.62-243.12:toa-shape-erbs1982:wind-w1-dtr-slope0.03-amp0.1-0.8:pressure-isa-elev-sea-level-constant-no-dem:liljegren-thermofeel2.3.0:day-nex-normalised-complete365-feb29dropped,393932124.77661383,393932124.77661383,1.0,4,4,0,intersection_area_weighted_valid_cells_only,native,,28.32241641520235,213.5572183022873,177.82551508844213,55.704079042816886,Banswara,Sajjangarh
Rajasthan,block,Banswara||Talwara,ACCESS-CM2,historical,2005,W1,outdoor-pilot-v1:W1:parton-logan-a1.86-b2.2:humidity-vapour_pressure:magnus-6.112-17.62-243.12:toa-shape-erbs1982:wind-w1-dtr-slope0.03-amp0.1-0.8:pressure-isa-elev-sea-level-constant-no-dem:liljegren-thermofeel2.3.0:day-nex-normalised-complete365-feb29dropped,267220337.2940066,267220337.2940066,1.0,3,3,0,intersection_area_weighted_valid_cells_only,native,,28.218053711964327,212.00155118321197,176.76589184939124,65.82852853702903,Banswara,Talwara
Rajasthan,block,Baran||Anta,ACCESS-CM2,historical,2005,W1,outdoor-pilot-v1:W1:parton-logan-a1.86-b2.2:humidity-vapour_pressure:magnus-6.112-17.62-243.12:toa-shape-erbs1982:wind-w1-dtr-slope0.03-amp0.1-0.8:pressure-isa-elev-sea-level-constant-no-dem:liljegren-thermofeel2.3.0:day-nex-normalised-complete365-feb29dropped,547458738.7939318,547458738.7939318,1.0,4,4,0,intersection_area_weighted_valid_cells_only,native,,28.12138160941031,209.21985599117875,180.39040560702736,121.57288065388012,Baran,Anta
Rajasthan,block,Baran||Atru,ACCESS-CM2,historical,2005,W1,outdoor-pilot-v1:W1:parton-logan-a1.86-b2.2:humidity-vapour_pressure:magnus-6.112-17.62-243.12:toa-shape-erbs1982:wind-w1-dtr-slope0.03-amp0.1-0.8:pressure-isa-elev-sea-level-constant-no-dem:liljegren-thermofeel2.3.0:day-nex-normalised-complete365-feb29dropped,833261189.4159284,833261189.4159284,1.0,7,7,0,intersection_area_weighted_valid_cells_only,native,,28.0664925442746,210.52027303017204,180.6494073886519,111.0757295062311,Baran,Atru
Rajasthan,block,Baran||Baran (Full),ACCESS-CM2,historical,2005,W1,outdoor-pilot-v1:W1:parton-logan-a1.86-b2.2:humidity-vapour_pressure:magnus-6.112-17.62-243.12:toa-shape-erbs1982:wind-w1-dtr-slope0.03-amp0.1-0.8:pressure-isa-elev-sea-level-constant-no-dem:liljegren-thermofeel2.3.0:day-nex-normalised-complete365-feb29dropped,624388290.3447803,624388290.3447803,1.0,6,6,0,intersection_area_weighted_valid_cells_only,native,,28.120774090564257,209.5977980519469,180.594621327822,122.09761943630538,Baran,Baran (Full)
Rajasthan,block,Baran||Chhabra,ACCESS-CM2,historical,2005,W1,outdoor-pilot-v1:W1:parton-logan-a1.86-b2.2:humidity-vapour_pressure:magnus-6.112-17.62-243.12:toa-shape-erbs1982:wind-w1-dtr-slope0.03-amp0.1-0.8:pressure-isa-elev-sea-level-constant-no-dem:liljegren-thermofeel2.3.0:day-nex-normalised-complete365-feb29dropped,800269927.5534151,800269927.5534151,1.0,6,6,0,intersection_area_weighted_valid_cells_only,native,,27.77868581204753,206.60125740432642,176.28577130324933,83.20317920921718,Baran,Chhabra
Rajasthan,block,Baran||Chhipabarod,ACCESS-CM2,historical,2005,W1,outdoor-pilot-v1:W1:parton-logan-a1.86-b2.2:humidity-vapour_pressure:magnus-6.112-17.62-243.12:toa-shape-erbs1982:wind-w1-dtr-slope0.03-amp0.1-0.8:pressure-isa-elev-sea-level-constant-no-dem:liljegren-thermofeel2.3.0:day-nex-normalised-complete365-feb29dropped,850160871.5401137,850160871.5401137,1.0,4,4,0,intersection_area_weighted_valid_cells_only,native,,27.85572011702511,208.43250058304983,178.0612362391494,86.22795449484356,Baran,Chhipabarod
Rajasthan,block,Baran||Kishanganj,ACCESS-CM2,historical,2005,W1,outdoor-pilot-v1:W1:parton-logan-a1.86-b2.2:humidity-vapour_pressure:magnus-6.112-17.62-243.12:toa-shape-erbs1982:wind-w1-dtr-slope0.03-amp0.1-0.8:pressure-isa-elev-sea-level-constant-no-dem:liljegren-thermofeel2.3.0:day-nex-normalised-complete365-feb29dropped,1426577529.7513702,1426577529.7513702,1.0,6,6,0,intersection_area_weighted_valid_cells_only,native,,27.948153474454486,207.69477464882377,178.51766571540253,110.48663044959922,Baran,Kishanganj
Rajasthan,block,Baran||Mangrol,ACCESS-CM2,historical,2005,W1,outdoor-pilot-v1:W1:parton-logan-a1.86-b2.2:humidity-vapour_pressure:magnus-6.112-17.62-243.12:toa-shape-erbs1982:wind-w1-dtr-slope0.03-amp0.1-0.8:pressure-isa-elev-sea-level-constant-no-dem:liljegren-thermofeel2.3.0:day-nex-normalised-complete365-feb29dropped,441180338.1788998,441180338.1788998,1.0,4,4,0,intersection_area_weighted_valid_cells_only,native,,28.181905012182156,209.9870114090532,182.27820002153385,129.03136556035895,Baran,Mangrol
Rajasthan,block,Baran||Shahbad,ACCESS-CM2,historical,2005,W1,outdoor-pilot-v1:W1:parton-logan-a1.86-b2.2:humidity-vapour_pressure:magnus-6.112-17.62-243.12:toa-shape-erbs1982:wind-w1-dtr-slope0.03-amp0.1-0.8:pressure-isa-elev-sea-level-constant-no-dem:liljegren-thermofeel2.3.0:day-nex-normalised-complete365-feb29dropped,1470997696.6746905,1470997696.6746905,1.0,6,6,0,intersection_area_weighted_valid_cells_only,native,,27.51603083889437,202.72908125614757,166.66991813307104,83.88839798494122,Baran,Shahbad
Rajasthan,block,Barmer||Aadel,ACCESS-CM2,historical,2005,W1,outdoor-pilot-v1:W1:parton-logan-a1.86-b2.2:humidity-vapour_pressure:magnus-6.112-17.62-243.12:toa-shape-erbs1982:wind-w1-dtr-slope0.03-amp0.1-0.8:pressure-isa-elev-sea-level-constant-no-dem:liljegren-thermofeel2.3.0:day-nex-normalised-complete365-feb29dropped,446165945.8609542,446165945.8609542,1.0,3,3,0,intersection_area_weighted_valid_cells_only,native,,27.835278206374966,202.54100802358,176.0297348880329,74.61881702864724,Barmer,Aadel
Rajasthan,block,Barmer||Barmer,ACCESS-CM2,historical,2005,W1,outdoor-pilot-v1:W1:parton-logan-a1.86-b2.2:humidity-vapour_pressure:magnus-6.112-17.62-243.12:toa-shape-erbs1982:wind-w1-dtr-slope0.03-amp0.1-0.8:pressure-isa-elev-sea-level-constant-no-dem:liljegren-thermofeel2.3.0:day-nex-normalised-complete365-feb29dropped,1973553299.6006675,1973553299.6006675,1.0,10,10,0,intersection_area_weighted_valid_cells_only,native,,27.238135021110462,194.26729048173104,154.643409571092,39.46161941236692,Barmer,Barmer
Rajasthan,block,Barmer||Barmer Rural,ACCESS-CM2,historical,2005,W1,outdoor-pilot-v1:W1:parton-logan-a1.86-b2.2:humidity-vapour_pressure:magnus-6.112-17.62-243.12:toa-shape-erbs1982:wind-w1-dtr-slope0.03-amp0.1-0.8:pressure-isa-elev-sea-level-constant-no-dem:liljegren-thermofeel2.3.0:day-nex-normalised-complete365-feb29dropped,1345518591.958608,1345518591.958608,1.0,9,9,0,intersection_area_weighted_valid_cells_only,native,,27.48574935952402,196.28380827765736,164.1411067211115,57.59067702504793,Barmer,Barmer Rural
Rajasthan,block,Barmer||Chohtan,ACCESS-CM2,historical,2005,W1,outdoor-pilot-v1:W1:parton-logan-a1.86-b2.2:humidity-vapour_pressure:magnus-6.112-17.62-243.12:toa-shape-erbs1982:wind-w1-dtr-slope0.03-amp0.1-0.8:pressure-isa-elev-sea-level-constant-no-dem:liljegren-thermofeel2.3.0:day-nex-normalised-complete365-feb29dropped,1116958317.214515,1116958317.214515,1.0,7,7,0,intersection_area_weighted_valid_cells_only,native,,27.591544630143105,198.92538400963193,168.58768088544045,47.49493808186656,Barmer,Chohtan
Rajasthan,block,Barmer||Dhanau,ACCESS-CM2,historical,2005,W1,outdoor-pilot-v1:W1:parton-logan-a1.86-b2.2:humidity-vapour_pressure:magnus-6.112-17.62-243.12:toa-shape-erbs1982:wind-w1-dtr-slope0.03-amp0.1-0.8:pressure-isa-elev-sea-level-constant-no-dem:liljegren-thermofeel2.3.0:day-nex-normalised-complete365-feb29dropped,1315251564.632786,1315251564.632786,1.0,6,6,0,intersection_area_weighted_valid_cells_only,native,,27.727240686989575,200.03933074648907,173.39810056611967,54.53981369874566,Barmer,Dhanau
Rajasthan,block,Barmer||Dhorimanna,ACCESS-CM2,historical,2005,W1,outdoor-pilot-v1:W1:parton-logan-a1.86-b2.2:humidity-vapour_pressure:magnus-6.112-17.62-243.12:toa-shape-erbs1982:wind-w1-dtr-slope0.03-amp0.1-0.8:pressure-isa-elev-sea-level-constant-no-dem:liljegren-thermofeel2.3.0:day-nex-normalised-complete365-feb29dropped,1315865348.931768,1315865348.931768,1.0,7,7,0,intersection_area_weighted_valid_cells_only,native,,27.955060290846315,203.76880900148717,178.39754606864895,71.96601281514874,Barmer,Dhorimanna
Rajasthan,block,Barmer||Fagliya,ACCESS-CM2,historical,2005,W1,outdoor-pilot-v1:W1:parton-logan-a1.86-b2.2:humidity-vapour_pressure:magnus-6.112-17.62-243.12:toa-shape-erbs1982:wind-w1-dtr-slope0.03-amp0.1-0.8:pressure-isa-elev-sea-level-constant-no-dem:liljegren-thermofeel2.3.0:day-nex-normalised-complete365-feb29dropped,851242935.9419439,851242935.9419439,1.0,7,7,0,intersection_area_weighted_valid_cells_only,native,,28.360865450467365,208.97349016239454,185.04087633435034,84.30718217388511,Barmer,Fagliya
Rajasthan,block,Barmer||Gadra Road,ACCESS-CM2,historical,2005,W1,outdoor-pilot-v1:W1:parton-logan-a1.86-b2.2:humidity-vapour_pressure:magnus-6.112-17.62-243.12:toa-shape-erbs1982:wind-w1-dtr-slope0.03-amp0.1-0.8:pressure-isa-elev-sea-level-constant-no-dem:liljegren-thermofeel2.3.0:day-nex-normalised-complete365-feb29dropped,3885229819.896744,3885229819.896744,1.0,11,11,0,intersection_area_weighted_valid_cells_only,native,,27.604023812637944,199.1316838988128,167.69678383128715,60.70696729837178,Barmer,Gadra Road
Rajasthan,block,Barmer||Gudhamalani,ACCESS-CM2,historical,2005,W1,outdoor-pilot-v1:W1:parton-logan-a1.86-b2.2:humidity-vapour_pressure:magnus-6.112-17.62-243.12:toa-shape-erbs1982:wind-w1-dtr-slope0.03-amp0.1-0.8:pressure-isa-elev-sea-level-constant-no-dem:liljegren-thermofeel2.3.0:day-nex-normalised-complete365-feb29dropped,855134718.8628451,855134718.8628451,1.0,5,5,0,intersection_area_weighted_valid_cells_only,native,,27.99217566227011,204.6585426078629,178.09027943429604,79.37335901027626,Barmer,Gudhamalani
Rajasthan,block,Barmer||Ramsar,ACCESS-CM2,historical,2005,W1,outdoor-pilot-v1:W1:parton-logan-a1.86-b2.2:humidity-vapour_pressure:magnus-6.112-17.62-243.12:toa-shape-erbs1982:wind-w1-dtr-slope0.03-amp0.1-0.8:pressure-isa-elev-sea-level-constant-no-dem:liljegren-thermofeel2.3.0:day-nex-normalised-complete365-feb29dropped,1627038176.4849033,1627038176.4849033,1.0,7,7,0,intersection_area_weighted_valid_cells_only,native,,27.318875477361313,195.95255749660916,158.63648650226028,41.02509644261023,Barmer,Ramsar
Rajasthan,block,Barmer||Sedwa,ACCESS-CM2,historical,2005,W1,outdoor-pilot-v1:W1:parton-logan-a1.86-b2.2:humidity-vapour_pressure:magnus-6.112-17.62-243.12:toa-shape-erbs1982:wind-w1-dtr-slope0.03-amp0.1-0.8:pressure-isa-elev-sea-level-constant-no-dem:liljegren-thermofeel2.3.0:day-nex-normalised-complete365-feb29dropped,741231406.4764202,741231406.4764202,1.0,4,4,0,intersection_area_weighted_valid_cells_only,native,,28.045504414914234,204.91083939095253,181.7429865747255,67.41035369546941,Barmer,Sedwa
Rajasthan,block,Barmer||Sheo,ACCESS-CM2,historical,2005,W1,outdoor-pilot-v1:W1:parton-logan-a1.86-b2.2:humidity-vapour_pressure:magnus-6.112-17.62-243.12:toa-shape-erbs1982:wind-w1-dtr-slope0.03-amp0.1-0.8:pressure-isa-elev-sea-level-constant-no-dem:liljegren-thermofeel2.3.0:day-nex-normalised-complete365-feb29dropped,2722463084.187394,2722463084.187394,1.0,14,14,0,intersection_area_weighted_valid_cells_only,native,,27.08616920055051,191.06761024558298,148.4447973779063,48.23189444019332,Barmer,Sheo
Rajasthan,block,Beawar||Badnor,ACCESS-CM2,historical,2005,W1,outdoor-pilot-v1:W1:parton-logan-a1.86-b2.2:humidity-vapour_pressure:magnus-6.112-17.62-243.12:toa-shape-erbs1982:wind-w1-dtr-slope0.03-amp0.1-0.8:pressure-isa-elev-sea-level-constant-no-dem:liljegren-thermofeel2.3.0:day-nex-normalised-complete365-feb29dropped,382258974.5935432,382258974.5935432,1.0,4,4,0,intersection_area_weighted_valid_cells_only,native,,26.552501354792124,182.98985355848578,127.43145959250054,27.243324923777653,Beawar,Badnor
Rajasthan,block,Beawar||Jaitaran,ACCESS-CM2,historical,2005,W1,outdoor-pilot-v1:W1:parton-logan-a1.86-b2.2:humidity-vapour_pressure:magnus-6.112-17.62-243.12:toa-shape-erbs1982:wind-w1-dtr-slope0.03-amp0.1-0.8:pressure-isa-elev-sea-level-constant-no-dem:liljegren-thermofeel2.3.0:day-nex-normalised-complete365-feb29dropped,1378055930.1938696,1378055930.1938696,1.0,5,5,0,intersection_area_weighted_valid_cells_only,native,,27.298465692752565,193.52509455290118,155.23467087319673,73.46511164680516,Beawar,Jaitaran
Rajasthan,block,Beawar||Jawaja,ACCESS-CM2,historical,2005,W1,outdoor-pilot-v1:W1:parton-logan-a1.86-b2.2:humidity-vapour_pressure:magnus-6.112-17.62-243.12:toa-shape-erbs1982:wind-w1-dtr-slope0.03-amp0.1-0.8:pressure-isa-elev-sea-level-constant-no-dem:liljegren-thermofeel2.3.0:day-nex-normalised-complete365-feb29dropped,689055309.7983738,689055309.7983738,1.0,7,7,0,intersection_area_weighted_valid_cells_only,native,,26.615196686531874,184.611298357544,130.3546258627283,31.02508493210907,Beawar,Jawaja
Rajasthan,block,Beawar||Masooda,ACCESS-CM2,historical,2005,W1,outdoor-pilot-v1:W1:parton-logan-a1.86-b2.2:humidity-vapour_pressure:magnus-6.112-17.62-243.12:toa-shape-erbs1982:wind-w1-dtr-slope0.03-amp0.1-0.8:pressure-isa-elev-sea-level-constant-no-dem:liljegren-thermofeel2.3.0:day-nex-normalised-complete365-feb29dropped,863028866.6773293,863028866.6773293,1.0,4,4,0,intersection_area_weighted_valid_cells_only,native,,26.806119601385955,188.3273792467324,144.0652258001791,37.42674139588825,Beawar,Masooda
Rajasthan,block,Beawar||Raipur,ACCESS-CM2,historical,2005,W1,outdoor-pilot-v1:W1:parton-logan-a1.86-b2.2:humidity-vapour_pressure:magnus-6.112-17.62-243.12:toa-shape-erbs1982:wind-w1-dtr-slope0.03-amp0.1-0.8:pressure-isa-elev-sea-level-constant-no-dem:liljegren-thermofeel2.3.0:day-nex-normalised-complete365-feb29dropped,1098784232.8669667,1098784232.8669667,1.0,7,7,0,intersection_area_weighted_valid_cells_only,native,,26.974229777170564,189.12587726359274,143.8610158248933,51.19437343509099,Beawar,Raipur
Rajasthan,block,Bharatpur||Bayana,ACCESS-CM2,historical,2005,W1,outdoor-pilot-v1:W1:parton-logan-a1.86-b2.2:humidity-vapour_pressure:magnus-6.112-17.62-243.12:toa-shape-erbs1982:wind-w1-dtr-slope0.03-amp0.1-0.8:pressure-isa-elev-sea-level-constant-no-dem:liljegren-thermofeel2.3.0:day-nex-normalised-complete365-feb29dropped,778413300.995752,778413300.995752,1.0,5,5,0,intersection_area_weighted_valid_cells_only,native,,27.85883699988494,203.99092110817244,174.48694484390393,112.2875757222397,Bharatpur,Bayana
Rajasthan,block,Bharatpur||Bhusawar,ACCESS-CM2,historical,2005,W1,outdoor-pilot-v1:W1:parton-logan-a1.86-b2.2:humidity-vapour_pressure:magnus-6.112-17.62-243.12:toa-shape-erbs1982:wind-w1-dtr-slope0.03-amp0.1-0.8:pressure-isa-elev-sea-level-constant-no-dem:liljegren-thermofeel2.3.0:day-nex-normalised-complete365-feb29dropped,278871837.2492295,278871837.2492295,1.0,3,3,0,intersection_area_weighted_valid_cells_only,native,,27.68739904904478,203.11295906592557,171.57179060845985,108.51923109144961,Bharatpur,Bhusawar
Rajasthan,block,Bharatpur||Nadbai,ACCESS-CM2,historical,2005,W1,outdoor-pilot-v1:W1:parton-logan-a1.86-b2.2:humidity-vapour_pressure:magnus-6.112-17.62-243.12:toa-shape-erbs1982:wind-w1-dtr-slope0.03-amp0.1-0.8:pressure-isa-elev-sea-level-constant-no-dem:liljegren-thermofeel2.3.0:day-nex-normalised-complete365-feb29dropped,447783897.2866317,447783897.2866317,1.0,4,4,0,intersection_area_weighted_valid_cells_only,native,,27.74909107507,202.93888436437402,171.90406743441548,112.37696899945112,Bharatpur,Nadbai
Rajasthan,block,Bharatpur||Rupbas,ACCESS-CM2,historical,2005,W1,outdoor-pilot-v1:W1:parton-logan-a1.86-b2.2:humidity-vapour_pressure:magnus-6.112-17.62-243.12:toa-shape-erbs1982:wind-w1-dtr-slope0.03-amp0.1-0.8:pressure-isa-elev-sea-level-constant-no-dem:liljegren-thermofeel2.3.0:day-nex-normalised-complete365-feb29dropped,394865058.0856235,394865058.0856235,1.0,6,6,0,intersection_area_weighted_valid_cells_only,native,,28.07405825676824,204.73523179812383,180.34011318014365,124.09839306353041,Bharatpur,Rupbas
Rajasthan,block,Bharatpur||Sewar,ACCESS-CM2,historical,2005,W1,outdoor-pilot-v1:W1:parton-logan-a1.86-b2.2:humidity-vapour_pressure:magnus-6.112-17.62-243.12:toa-shape-erbs1982:wind-w1-dtr-slope0.03-amp0.1-0.8:pressure-isa-elev-sea-level-constant-no-dem:liljegren-thermofeel2.3.0:day-nex-normalised-complete365-feb29dropped,501512372.62049043,501512372.62049043,1.0,4,4,0,intersection_area_weighted_valid_cells_only,native,,28.018362440580553,203.81117207148426,177.82273153046881,122.55141022646002,Bharatpur,Sewar
Rajasthan,block,Bharatpur||Uchain,ACCESS-CM2,historical,2005,W1,outdoor-pilot-v1:W1:parton-logan-a1.86-b2.2:humidity-vapour_pressure:magnus-6.112-17.62-243.12:toa-shape-erbs1982:wind-w1-dtr-slope0.03-amp0.1-0.8:pressure-isa-elev-sea-level-constant-no-dem:liljegren-thermofeel2.3.0:day-nex-normalised-complete365-feb29dropped,165552533.4770728,165552533.4770728,1.0,2,2,0,intersection_area_weighted_valid_cells_only,native,,27.922782016338395,203.99999999999997,174.2214784870936,117.30453291975374,Bharatpur,Uchain
Rajasthan,block,Bharatpur||Weir,ACCESS-CM2,historical,2005,W1,outdoor-pilot-v1:W1:parton-logan-a1.86-b2.2:humidity-vapour_pressure:magnus-6.112-17.62-243.12:toa-shape-erbs1982:wind-w1-dtr-slope0.03-amp0.1-0.8:pressure-isa-elev-sea-level-constant-no-dem:liljegren-thermofeel2.3.0:day-nex-normalised-complete365-feb29dropped,326183962.49843514,326183962.49843514,1.0,4,4,0,intersection_area_weighted_valid_cells_only,native,,27.708470132802535,203.27690267519077,172.03162424792632,109.28701650928927,Bharatpur,Weir
Rajasthan,block,Bhilwara||Asind,ACCESS-CM2,historical,2005,W1,outdoor-pilot-v1:W1:parton-logan-a1.86-b2.2:humidity-vapour_pressure:magnus-6.112-17.62-243.12:toa-shape-erbs1982:wind-w1-dtr-slope0.03-amp0.1-0.8:pressure-isa-elev-sea-level-constant-no-dem:liljegren-thermofeel2.3.0:day-nex-normalised-complete365-feb29dropped,725940041.9316642,725940041.9316642,1.0,4,4,0,intersection_area_weighted_valid_cells_only,native,,26.59510677246712,183.23244130040862,126.1724692107833,27.221016843158644,Bhilwara,Asind
Rajasthan,block,Bhilwara||Bijoliya,ACCESS-CM2,historical,2005,W1,outdoor-pilot-v1:W1:parton-logan-a1.86-b2.2:humidity-vapour_pressure:magnus-6.112-17.62-243.12:toa-shape-erbs1982:wind-w1-dtr-slope0.03-amp0.1-0.8:pressure-isa-elev-sea-level-constant-no-dem:liljegren-thermofeel2.3.0:day-nex-normalised-complete365-feb29dropped,724698477.5896866,724698477.5896866,1.0,4,4,0,intersection_area_weighted_valid_cells_only,native,,27.04999160569796,195.6317797358241,148.98340967174414,42.687931747534286,Bhilwara,Bijoliya
Rajasthan,block,Bhilwara||Hurda,ACCESS-CM2,historical,2005,W1,outdoor-pilot-v1:W1:parton-logan-a1.86-b2.2:humidity-vapour_pressure:magnus-6.112-17.62-243.12:toa-shape-erbs1982:wind-w1-dtr-slope0.03-amp0.1-0.8:pressure-isa-elev-sea-level-constant-no-dem:liljegren-thermofeel2.3.0:day-nex-normalised-complete365-feb29dropped,650429162.1217024,650429162.1217024,1.0,6,6,0,intersection_area_weighted_valid_cells_only,native,,26.848674714000072,187.22985583545926,144.74018221700024,36.768140803788306,Bhilwara,Hurda
Rajasthan,block,Bhilwara||Kareda,ACCESS-CM2,historical,2005,W1,outdoor-pilot-v1:W1:parton-logan-a1.86-b2.2:humidity-vapour_pressure:magnus-6.112-17.62-243.12:toa-shape-erbs1982:wind-w1-dtr-slope0.03-amp0.1-0.8:pressure-isa-elev-sea-level-constant-no-dem:liljegren-thermofeel2.3.0:day-nex-normalised-complete365-feb29dropped,556797149.0601896,556797149.0601896,1.0,4,4,0,intersection_area_weighted_valid_cells_only,native,,26.215635175277228,177.97758838169884,102.92442986496414,13.417763178381135,Bhilwara,Kareda
Rajasthan,block,Bhilwara||Mandal,ACCESS-CM2,historical,2005,W1,outdoor-pilot-v1:W1:parton-logan-a1.86-b2.2:humidity-vapour_pressure:magnus-6.112-17.62-243.12:toa-shape-erbs1982:wind-w1-dtr-slope0.03-amp0.1-0.8:pressure-isa-elev-sea-level-constant-no-dem:liljegren-thermofeel2.3.0:day-nex-normalised-complete365-feb29dropped,662599825.134824,662599825.134824,1.0,4,4,0,intersection_area_weighted_valid_cells_only,native,,26.628978160272972,184.47510940952287,124.7800642513655,24.45362587589838,Bhilwara,Mandal
Rajasthan,block,Bhilwara||Mandalgarh,ACCESS-CM2,historical,2005,W1,outdoor-pilot-v1:W1:parton-logan-a1.86-b2.2:humidity-vapour_pressure:magnus-6.112-17.62-243.12:toa-shape-erbs1982:wind-w1-dtr-slope0.03-amp0.1-0.8:pressure-isa-elev-sea-level-constant-no-dem:liljegren-thermofeel2.3.0:day-nex-normalised-complete365-feb29dropped,837772817.3714662,837772817.3714662,1.0,6,6,0,intersection_area_weighted_valid_cells_only,native,,27.17245068692263,197.22483017548643,152.49908042649923,46.23310805406826,Bhilwara,Mandalgarh
Rajasthan,block,Bhilwara||Raipur,ACCESS-CM2,historical,2005,W1,outdoor-pilot-v1:W1:parton-logan-a1.86-b2.2:humidity-vapour_pressure:magnus-6.112-17.62-243.12:toa-shape-erbs1982:wind-w1-dtr-slope0.03-amp0.1-0.8:pressure-isa-elev-sea-level-constant-no-dem:liljegren-thermofeel2.3.0:day-nex-normalised-complete365-feb29dropped,509251353.5377957,509251353.5377957,1.0,3,3,0,intersection_area_weighted_valid_cells_only,native,,26.32023861456172,180.0366266990549,103.12385797539642,12.812600716702503,Bhilwara,Raipur
Rajasthan,block,Bhilwara||Sahara,ACCESS-CM2,historical,2005,W1,outdoor-pilot-v1:W1:parton-logan-a1.86-b2.2:humidity-vapour_pressure:magnus-6.112-17.62-243.12:toa-shape-erbs1982:wind-w1-dtr-slope0.03-amp0.1-0.8:pressure-isa-elev-sea-level-constant-no-dem:liljegren-thermofeel2.3.0:day-nex-normalised-complete365-feb29dropped,657670532.8184154,657670532.8184154,1.0,4,4,0,intersection_area_weighted_valid_cells_only,native,,26.505656602319615,182.88388128622094,110.88242383070363,16.73985249472327,Bhilwara,Sahara
Rajasthan,block,Bhilwara||Suwana,ACCESS-CM2,historical,2005,W1,outdoor-pilot-v1:W1:parton-logan-a1.86-b2.2:humidity-vapour_pressure:magnus-6.112-17.62-243.12:toa-shape-erbs1982:wind-w1-dtr-slope0.03-amp0.1-0.8:pressure-isa-elev-sea-level-constant-no-dem:liljegren-thermofeel2.3.0:day-nex-normalised-complete365-feb29dropped,972053868.8482057,972053868.8482057,1.0,7,7,0,intersection_area_weighted_valid_cells_only,native,,26.807614096886155,187.8171835321737,134.6283779278705,29.975840414949833,Bhilwara,Suwana
Rajasthan,block,Bikaner||Bikaner,ACCESS-CM2,historical,2005,W1,outdoor-pilot-v1:W1:parton-logan-a1.86-b2.2:humidity-vapour_pressure:magnus-6.112-17.62-243.12:toa-shape-erbs1982:wind-w1-dtr-slope0.03-amp0.1-0.8:pressure-isa-elev-sea-level-constant-no-dem:liljegren-thermofeel2.3.0:day-nex-normalised-complete365-feb29dropped,3767985425.335848,3767985425.335848,1.0,12,12,0,intersection_area_weighted_valid_cells_only,native,,27.8223692857892,199.37516328757292,170.51092660654228,123.79541963537424,Bikaner,Bikaner
Rajasthan,block,Bikaner||Kolayat,ACCESS-CM2,historical,2005,W1,outdoor-pilot-v1:W1:parton-logan-a1.86-b2.2:humidity-vapour_pressure:magnus-6.112-17.62-243.12:toa-shape-erbs1982:wind-w1-dtr-slope0.03-amp0.1-0.8:pressure-isa-elev-sea-level-constant-no-dem:liljegren-thermofeel2.3.0:day-nex-normalised-complete365-feb29dropped,8288344321.828869,8288344321.828869,1.0,25,25,0,intersection_area_weighted_valid_cells_only,native,,27.60783982247159,196.69168694753142,163.56851941598796,115.00500357742168,Bikaner,Kolayat
Rajasthan,block,Bikaner||Lunkaransar,ACCESS-CM2,historical,2005,W1,outdoor-pilot-v1:W1:parton-logan-a1.86-b2.2:humidity-vapour_pressure:magnus-6.112-17.62-243.12:toa-shape-erbs1982:wind-w1-dtr-slope0.03-amp0.1-0.8:pressure-isa-elev-sea-level-constant-no-dem:liljegren-thermofeel2.3.0:day-nex-normalised-complete365-feb29dropped,5097404342.038689,5097404342.038689,1.0,15,15,0,intersection_area_weighted_valid_cells_only,native,,28.029284965723356,201.27765913935278,176.80218807062946,131.4451558191895,Bikaner,Lunkaransar
Rajasthan,block,Bikaner||Nokha,ACCESS-CM2,historical,2005,W1,outdoor-pilot-v1:W1:parton-logan-a1.86-b2.2:humidity-vapour_pressure:magnus-6.112-17.62-243.12:toa-shape-erbs1982:wind-w1-dtr-slope0.03-amp0.1-0.8:pressure-isa-elev-sea-level-constant-no-dem:liljegren-thermofeel2.3.0:day-nex-normalised-complete365-feb29dropped,2180179306.6552515,2180179306.6552515,1.0,11,11,0,intersection_area_weighted_valid_cells_only,native,,27.40217361501246,196.74185947902953,159.47131979275963,103.87438366826491,Bikaner,Nokha
Rajasthan,block,Bikaner||Panchoo,ACCESS-CM2,historical,2005,W1,outdoor-pilot-v1:W1:parton-logan-a1.86-b2.2:humidity-vapour_pressure:magnus-6.112-17.62-243.12:toa-shape-erbs1982:wind-w1-dtr-slope0.03-amp0.1-0.8:pressure-isa-elev-sea-level-constant-no-dem:liljegren-thermofeel2.3.0:day-nex-normalised-complete365-feb29dropped,1619317519.4341102,1619317519.4341102,1.0,8,8,0,intersection_area_weighted_valid_cells_only,native,,27.26272639233073,194.09583877859978,155.40843079763314,95.84388147939194,Bikaner,Panchoo
Rajasthan,block,Bikaner||Poogal,ACCESS-CM2,historical,2005,W1,outdoor-pilot-v1:W1:parton-logan-a1.86-b2.2:humidity-vapour_pressure:magnus-6.112-17.62-243.12:toa-shape-erbs1982:wind-w1-dtr-slope0.03-amp0.1-0.8:pressure-isa-elev-sea-level-constant-no-dem:liljegren-thermofeel2.3.0:day-nex-normalised-complete365-feb29dropped,2157231676.618514,2157231676.618514,1.0,9,9,0,intersection_area_weighted_valid_cells_only,native,,28.02412476071439,199.84118429160227,174.57697449799434,133.46093629225822,Bikaner,Poogal
Rajasthan,block,Bikaner||Sri Dungargarh,ACCESS-CM2,historical,2005,W1,outdoor-pilot-v1:W1:parton-logan-a1.86-b2.2:humidity-vapour_pressure:magnus-6.112-17.62-243.12:toa-shape-erbs1982:wind-w1-dtr-slope0.03-amp0.1-0.8:pressure-isa-elev-sea-level-constant-no-dem:liljegren-thermofeel2.3.0:day-nex-normalised-complete365-feb29dropped,2993446612.2606597,2993446612.2606597,1.0,14,14,0,intersection_area_weighted_valid_cells_only,native,,27.650877724405074,199.57697290385983,168.0845704447797,115.73540441826758,Bikaner,Sri Dungargarh
Rajasthan,block,Bundi||Bundi,ACCESS-CM2,historical,2005,W1,outdoor-pilot-v1:W1:parton-logan-a1.86-b2.2:humidity-vapour_pressure:magnus-6.112-17.62-243.12:toa-shape-erbs1982:wind-w1-dtr-slope0.03-amp0.1-0.8:pressure-isa-elev-sea-level-constant-no-dem:liljegren-thermofeel2.3.0:day-nex-normalised-complete365-feb29dropped,977486693.635833,977486693.635833,1.0,6,6,0,intersection_area_weighted_valid_cells_only,native,,27.87292743241442,205.819655237609,171.63902116686614,104.40558292490562,Bundi,Bundi
Rajasthan,block,Bundi||Hindoli,ACCESS-CM2,historical,2005,W1,outdoor-pilot-v1:W1:parton-logan-a1.86-b2.2:humidity-vapour_pressure:magnus-6.112-17.62-243.12:toa-shape-erbs1982:wind-w1-dtr-slope0.03-amp0.1-0.8:pressure-isa-elev-sea-level-constant-no-dem:liljegren-thermofeel2.3.0:day-nex-normalised-complete365-feb29dropped,1342114593.7894368,1342114593.7894368,1.0,7,7,0,intersection_area_weighted_valid_cells_only,native,,27.656967729358595,203.75488383570953,165.7570466021709,88.55813122699749,Bundi,Hindoli
Rajasthan,block,Bundi||Keshoraipatan,ACCESS-CM2,historical,2005,W1,outdoor-pilot-v1:W1:parton-logan-a1.86-b2.2:humidity-vapour_pressure:magnus-6.112-17.62-243.12:toa-shape-erbs1982:wind-w1-dtr-slope0.03-amp0.1-0.8:pressure-isa-elev-sea-level-constant-no-dem:liljegren-thermofeel2.3.0:day-nex-normalised-complete365-feb29dropped,1341531988.1319056,1341531988.1319056,1.0,8,8,0,intersection_area_weighted_valid_cells_only,native,,28.08458401215577,208.15790101373332,177.8617391919119,124.69011770462122,Bundi,Keshoraipatan
Rajasthan,block,Bundi||Nainwa,ACCESS-CM2,historical,2005,W1,outdoor-pilot-v1:W1:parton-logan-a1.86-b2.2:humidity-vapour_pressure:magnus-6.112-17.62-243.12:toa-shape-erbs1982:wind-w1-dtr-slope0.03-amp0.1-0.8:pressure-isa-elev-sea-level-constant-no-dem:liljegren-thermofeel2.3.0:day-nex-normalised-complete365-feb29dropped,1185323452.5153675,1185323452.5153675,1.0,6,6,0,intersection_area_weighted_valid_cells_only,native,,27.87440159044693,205.7721702912854,171.78752654340892,110.22647937834314,Bundi,Nainwa
Rajasthan,block,Bundi||Talera,ACCESS-CM2,historical,2005,W1,outdoor-pilot-v1:W1:parton-logan-a1.86-b2.2:humidity-vapour_pressure:magnus-6.112-17.62-243.12:toa-shape-erbs1982:wind-w1-dtr-slope0.03-amp0.1-0.8:pressure-isa-elev-sea-level-constant-no-dem:liljegren-thermofeel2.3.0:day-nex-normalised-complete365-feb29dropped,930260647.1613737,930260647.1613737,1.0,6,6,0,intersection_area_weighted_valid_cells_only,native,,27.6280165161366,203.50723152615961,166.87379439136663,81.10760054190739,Bundi,Talera
Rajasthan,block,Chittorgarh||Bari Sadri,ACCESS-CM2,historical,2005,W1,outdoor-pilot-v1:W1:parton-logan-a1.86-b2.2:humidity-vapour_pressure:magnus-6.112-17.62-243.12:toa-shape-erbs1982:wind-w1-dtr-slope0.03-amp0.1-0.8:pressure-isa-elev-sea-level-constant-no-dem:liljegren-thermofeel2.3.0:day-nex-normalised-complete365-feb29dropped,509151470.6236266,509151470.6236266,1.0,5,5,0,intersection_area_weighted_valid_cells_only,native,,26.809856164074365,190.29570546357118,109.98621140236376,19.84712184851094,Chittorgarh,Bari Sadri
Rajasthan,block,Chittorgarh||Begun,ACCESS-CM2,historical,2005,W1,outdoor-pilot-v1:W1:parton-logan-a1.86-b2.2:humidity-vapour_pressure:magnus-6.112-17.62-243.12:toa-shape-erbs1982:wind-w1-dtr-slope0.03-amp0.1-0.8:pressure-isa-elev-sea-level-constant-no-dem:liljegren-thermofeel2.3.0:day-nex-normalised-complete365-feb29dropped,919327351.3661512,919327351.3661512,1.0,4,4,0,intersection_area_weighted_valid_cells_only,native,,26.993758999703225,194.27978626557507,145.15716472583617,34.082828547637384,Chittorgarh,Begun
Rajasthan,block,Chittorgarh||Bhadesar,ACCESS-CM2,historical,2005,W1,outdoor-pilot-v1:W1:parton-logan-a1.86-b2.2:humidity-vapour_pressure:magnus-6.112-17.62-243.12:toa-shape-erbs1982:wind-w1-dtr-slope0.03-amp0.1-0.8:pressure-isa-elev-sea-level-constant-no-dem:liljegren-thermofeel2.3.0:day-nex-normalised-complete365-feb29dropped,534814750.2297175,534814750.2297175,1.0,4,4,0,intersection_area_weighted_valid_cells_only,native,,26.95425379502387,192.63358711058518,131.51423477495484,26.182969076569798,Chittorgarh,Bhadesar
Rajasthan,block,Chittorgarh||Bhainsrorgarh,ACCESS-CM2,historical,2005,W1,outdoor-pilot-v1:W1:parton-logan-a1.86-b2.2:humidity-vapour_pressure:magnus-6.112-17.62-243.12:toa-shape-erbs1982:wind-w1-dtr-slope0.03-amp0.1-0.8:pressure-isa-elev-sea-level-constant-no-dem:liljegren-thermofeel2.3.0:day-nex-normalised-complete365-feb29dropped,1616850661.961893,1616850661.961893,1.0,9,9,0,intersection_area_weighted_valid_cells_only,native,,27.314386399979803,199.68571299228827,157.93267014223002,47.44083806936372,Chittorgarh,Bhainsrorgarh
Rajasthan,block,Chittorgarh||Bhopalsagar,ACCESS-CM2,historical,2005,W1,outdoor-pilot-v1:W1:parton-logan-a1.86-b2.2:humidity-vapour_pressure:magnus-6.112-17.62-243.12:toa-shape-erbs1982:wind-w1-dtr-slope0.03-amp0.1-0.8:pressure-isa-elev-sea-level-constant-no-dem:liljegren-thermofeel2.3.0:day-nex-normalised-complete365-feb29dropped,392149527.72187054,392149527.72187054,1.0,4,4,0,intersection_area_weighted_valid_cells_only,native,,26.671470555063735,185.75807746372982,108.14744865660595,18.095597718852346,Chittorgarh,Bhopalsagar
Rajasthan,block,Chittorgarh||Chittorgarh,ACCESS-CM2,historical,2005,W1,outdoor-pilot-v1:W1:parton-logan-a1.86-b2.2:humidity-vapour_pressure:magnus-6.112-17.62-243.12:toa-shape-erbs1982:wind-w1-dtr-slope0.03-amp0.1-0.8:pressure-isa-elev-sea-level-constant-no-dem:liljegren-thermofeel2.3.0:day-nex-normalised-complete365-feb29dropped,986935585.7444482,986935585.7444482,1.0,7,7,0,intersection_area_weighted_valid_cells_only,native,,26.95031684392493,193.0796517906239,136.79207415092142,30.377111886783755,Chittorgarh,Chittorgarh
Rajasthan,block,Chittorgarh||Dungla,ACCESS-CM2,historical,2005,W1,outdoor-pilot-v1:W1:parton-logan-a1.86-b2.2:humidity-vapour_pressure:magnus-6.112-17.62-243.12:toa-shape-erbs1982:wind-w1-dtr-slope0.03-amp0.1-0.8:pressure-isa-elev-sea-level-constant-no-dem:liljegren-thermofeel2.3.0:day-nex-normalised-complete365-feb29dropped,496236860.90522885,496236860.90522885,1.0,4,4,0,intersection_area_weighted_valid_cells_only,native,,26.847070520713896,190.54877199969735,117.99643749303385,22.033019547929747,Chittorgarh,Dungla
Rajasthan,block,Chittorgarh||Gangrar,ACCESS-CM2,historical,2005,W1,outdoor-pilot-v1:W1:parton-logan-a1.86-b2.2:humidity-vapour_pressure:magnus-6.112-17.62-243.12:toa-shape-erbs1982:wind-w1-dtr-slope0.03-amp0.1-0.8:pressure-isa-elev-sea-level-constant-no-dem:liljegren-thermofeel2.3.0:day-nex-normalised-complete365-feb29dropped,556451994.0692643,556451994.0692643,1.0,5,5,0,intersection_area_weighted_valid_cells_only,native,,26.90716242379069,190.73768197571792,138.6418753375633,31.311720541101785,Chittorgarh,Gangrar
Rajasthan,block,Chittorgarh||Kapasan,ACCESS-CM2,historical,2005,W1,outdoor-pilot-v1:W1:parton-logan-a1.86-b2.2:humidity-vapour_pressure:magnus-6.112-17.62-243.12:toa-shape-erbs1982:wind-w1-dtr-slope0.03-amp0.1-0.8:pressure-isa-elev-sea-level-constant-no-dem:liljegren-thermofeel2.3.0:day-nex-normalised-complete365-feb29dropped,515022428.1195824,515022428.1195824,1.0,5,5,0,intersection_area_weighted_valid_cells_only,native,,26.9330591700185,190.8536881646805,130.64379027836983,25.586637251520816,Chittorgarh,Kapasan
Rajasthan,block,Chittorgarh||Nimbahera,ACCESS-CM2,historical,2005,W1,outdoor-pilot-v1:W1:parton-logan-a1.86-b2.2:humidity-vapour_pressure:magnus-6.112-17.62-243.12:toa-shape-erbs1982:wind-w1-dtr-slope0.03-amp0.1-0.8:pressure-isa-elev-sea-level-constant-no-dem:liljegren-thermofeel2.3.0:day-nex-normalised-complete365-feb29dropped,836387189.6690993,836387189.6690993,1.0,7,7,0,intersection_area_weighted_valid_cells_only,native,,26.96446793029039,194.69258517915867,135.4089820528061,25.384503116710363,Chittorgarh,Nimbahera
Rajasthan,block,Chittorgarh||Rashmi,ACCESS-CM2,historical,2005,W1,outdoor-pilot-v1:W1:parton-logan-a1.86-b2.2:humidity-vapour_pressure:magnus-6.112-17.62-243.12:toa-shape-erbs1982:wind-w1-dtr-slope0.03-amp0.1-0.8:pressure-isa-elev-sea-level-constant-no-dem:liljegren-thermofeel2.3.0:day-nex-normalised-complete365-feb29dropped,451624612.82926106,451624612.82926106,1.0,3,3,0,intersection_area_weighted_valid_cells_only,native,,26.726822464465393,185.34843100497136,125.36849306025195,21.66612424363897,Chittorgarh,Rashmi
Rajasthan,block,Churu||Bidasar,ACCESS-CM2,historical,2005,W1,outdoor-pilot-v1:W1:parton-logan-a1.86-b2.2:humidity-vapour_pressure:magnus-6.112-17.62-243.12:toa-shape-erbs1982:wind-w1-dtr-slope0.03-amp0.1-0.8:pressure-isa-elev-sea-level-constant-no-dem:liljegren-thermofeel2.3.0:day-nex-normalised-complete365-feb29dropped,1219318160.5726614,1219318160.5726614,1.0,7,7,0,intersection_area_weighted_valid_cells_only,native,,27.255468314592665,195.73441015180282,156.98237799047058,98.87912124525552,Churu,Bidasar
Rajasthan,block,Churu||Churu,ACCESS-CM2,historical,2005,W1,outdoor-pilot-v1:W1:parton-logan-a1.86-b2.2:humidity-vapour_pressure:magnus-6.112-17.62-243.12:toa-shape-erbs1982:wind-w1-dtr-slope0.03-amp0.1-0.8:pressure-isa-elev-sea-level-constant-no-dem:liljegren-thermofeel2.3.0:day-nex-normalised-complete365-feb29dropped,1599655539.9660032,1599655539.9660032,1.0,8,8,0,intersection_area_weighted_valid_cells_only,native,,27.439840172153378,198.41058693056524,167.3873668848583,109.7713081510431,Churu,Churu
Rajasthan,block,Churu||Rajgarh,ACCESS-CM2,historical,2005,W1,outdoor-pilot-v1:W1:parton-logan-a1.86-b2.2:humidity-vapour_pressure:magnus-6.112-17.62-243.12:toa-shape-erbs1982:wind-w1-dtr-slope0.03-amp0.1-0.8:pressure-isa-elev-sea-level-constant-no-dem:liljegren-thermofeel2.3.0:day-nex-normalised-complete365-feb29dropped,2206652367.1919193,2206652367.1919193,1.0,9,9,0,intersection_area_weighted_valid_cells_only,native,,27.614150477732576,198.66431577035456,170.420939367069,115.48409599607416,Churu,Rajgarh
Rajasthan,block,Churu||Ratangarh,ACCESS-CM2,historical,2005,W1,outdoor-pilot-v1:W1:parton-logan-a1.86-b2.2:humidity-vapour_pressure:magnus-6.112-17.62-243.12:toa-shape-erbs1982:wind-w1-dtr-slope0.03-amp0.1-0.8:pressure-isa-elev-sea-level-constant-no-dem:liljegren-thermofeel2.3.0:day-nex-normalised-complete365-feb29dropped,1696951655.9253688,1696951655.9253688,1.0,10,10,0,intersection_area_weighted_valid_cells_only,native,,27.300804759708498,196.82736123381758,161.36485060260927,104.42194417690891,Churu,Ratangarh
Rajasthan,block,Churu||Sardarshahar,ACCESS-CM2,historical,2005,W1,outdoor-pilot-v1:W1:parton-logan-a1.86-b2.2:humidity-vapour_pressure:magnus-6.112-17.62-243.12:toa-shape-erbs1982:wind-w1-dtr-slope0.03-amp0.1-0.8:pressure-isa-elev-sea-level-constant-no-dem:liljegren-thermofeel2.3.0:day-nex-normalised-complete365-feb29dropped,3844435504.998402,3844435504.998402,1.0,14,14,0,intersection_area_weighted_valid_cells_only,native,,27.8090724588821,201.05851495714955,174.47690630436318,123.81691297968567,Churu,Sardarshahar
Rajasthan,block,Churu||Sujangarh,ACCESS-CM2,historical,2005,W1,outdoor-pilot-v1:W1:parton-logan-a1.86-b2.2:humidity-vapour_pressure:magnus-6.112-17.62-243.12:toa-shape-erbs1982:wind-w1-dtr-slope0.03-amp0.1-0.8:pressure-isa-elev-sea-level-constant-no-dem:liljegren-thermofeel2.3.0:day-nex-normalised-complete365-feb29dropped,1473696309.3761017,1473696309.3761017,1.0,8,8,0,intersection_area_weighted_valid_cells_only,native,,27.082819733651164,194.1196332993826,154.73591178617028,92.22866696283391,Churu,Sujangarh
Rajasthan,block,Churu||Taranagar,ACCESS-CM2,historical,2005,W1,outdoor-pilot-v1:W1:parton-logan-a1.86-b2.2:humidity-vapour_pressure:magnus-6.112-17.62-243.12:toa-shape-erbs1982:wind-w1-dtr-slope0.03-amp0.1-0.8:pressure-isa-elev-sea-level-constant-no-dem:liljegren-thermofeel2.3.0:day-nex-normalised-complete365-feb29dropped,1808705182.3666518,1808705182.3666518,1.0,9,9,0,intersection_area_weighted_valid_cells_only,native,,27.68810814155431,199.97030959779394,173.03608868886514,119.1183826251428,Churu,Taranagar
Rajasthan,block,Dausa||Bandikui,ACCESS-CM2,historical,2005,W1,outdoor-pilot-v1:W1:parton-logan-a1.86-b2.2:humidity-vapour_pressure:magnus-6.112-17.62-243.12:toa-shape-erbs1982:wind-w1-dtr-slope0.03-amp0.1-0.8:pressure-isa-elev-sea-level-constant-no-dem:liljegren-thermofeel2.3.0:day-nex-normalised-complete365-feb29dropped,140353990.55047306,140353990.55047306,1.0,4,4,0,intersection_area_weighted_valid_cells_only,native,,27.476148481564348,201.2083505034,167.18252082503017,101.83260912318995,Dausa,Bandikui
Rajasthan,block,Dausa||Baswa,ACCESS-CM2,historical,2005,W1,outdoor-pilot-v1:W1:parton-logan-a1.86-b2.2:humidity-vapour_pressure:magnus-6.112-17.62-243.12:toa-shape-erbs1982:wind-w1-dtr-slope0.03-amp0.1-0.8:pressure-isa-elev-sea-level-constant-no-dem:liljegren-thermofeel2.3.0:day-nex-normalised-complete365-feb29dropped,493202932.18605936,493202932.18605936,1.0,4,4,0,intersection_area_weighted_valid_cells_only,native,,27.32007677633031,199.76832955299156,163.41440915982884,95.28315886425001,Dausa,Baswa
Rajasthan,block,Dausa||Dausa,ACCESS-CM2,historical,2005,W1,outdoor-pilot-v1:W1:parton-logan-a1.86-b2.2:humidity-vapour_pressure:magnus-6.112-17.62-243.12:toa-shape-erbs1982:wind-w1-dtr-slope0.03-amp0.1-0.8:pressure-isa-elev-sea-level-constant-no-dem:liljegren-thermofeel2.3.0:day-nex-normalised-complete365-feb29dropped,625716026.2797565,625716026.2797565,1.0,6,6,0,intersection_area_weighted_valid_cells_only,native,,27.36912718070356,201.740536496619,164.69966940641297,96.21815476753683,Dausa,Dausa
Rajasthan,block,Dausa||Lalsot,ACCESS-CM2,historical,2005,W1,outdoor-pilot-v1:W1:parton-logan-a1.86-b2.2:humidity-vapour_pressure:magnus-6.112-17.62-243.12:toa-shape-erbs1982:wind-w1-dtr-slope0.03-amp0.1-0.8:pressure-isa-elev-sea-level-constant-no-dem:liljegren-thermofeel2.3.0:day-nex-normalised-complete365-feb29dropped,720380786.09477,720380786.09477,1.0,4,4,0,intersection_area_weighted_valid_cells_only,native,,27.49530257056421,202.02193125165417,166.3757090219888,96.98658099175009,Dausa,Lalsot
Rajasthan,block,Dausa||Lawan,ACCESS-CM2,historical,2005,W1,outdoor-pilot-v1:W1:parton-logan-a1.86-b2.2:humidity-vapour_pressure:magnus-6.112-17.62-243.12:toa-shape-erbs1982:wind-w1-dtr-slope0.03-amp0.1-0.8:pressure-isa-elev-sea-level-constant-no-dem:liljegren-thermofeel2.3.0:day-nex-normalised-complete365-feb29dropped,172324177.84525776,172324177.84525776,1.0,4,4,0,intersection_area_weighted_valid_cells_only,native,,27.42284280553086,202.07997833894242,165.59892953915693,96.31299903819568,Dausa,Lawan
Rajasthan,block,Dausa||Mahwa,ACCESS-CM2,historical,2005,W1,outdoor-pilot-v1:W1:parton-logan-a1.86-b2.2:humidity-vapour_pressure:magnus-6.112-17.62-243.12:toa-shape-erbs1982:wind-w1-dtr-slope0.03-amp0.1-0.8:pressure-isa-elev-sea-level-constant-no-dem:liljegren-thermofeel2.3.0:day-nex-normalised-complete365-feb29dropped,484567888.9464356,484567888.9464356,1.0,5,5,0,intersection_area_weighted_valid_cells_only,native,,27.619162338828193,202.66399311734628,169.53525561222648,105.66624436352541,Dausa,Mahwa
Rajasthan,block,Dausa||Nangal Rajawatan,ACCESS-CM2,historical,2005,W1,outdoor-pilot-v1:W1:parton-logan-a1.86-b2.2:humidity-vapour_pressure:magnus-6.112-17.62-243.12:toa-shape-erbs1982:wind-w1-dtr-slope0.03-amp0.1-0.8:pressure-isa-elev-sea-level-constant-no-dem:liljegren-thermofeel2.3.0:day-nex-normalised-complete365-feb29dropped,122035058.07904863,122035058.07904863,1.0,2,2,0,intersection_area_weighted_valid_cells_only,native,,27.38709602051432,201.4418420170222,164.92245602269625,94.80614005674062,Dausa,Nangal Rajawatan
Rajasthan,block,Dausa||Ramgarh Pachwara,ACCESS-CM2,historical,2005,W1,outdoor-pilot-v1:W1:parton-logan-a1.86-b2.2:humidity-vapour_pressure:magnus-6.112-17.62-243.12:toa-shape-erbs1982:wind-w1-dtr-slope0.03-amp0.1-0.8:pressure-isa-elev-sea-level-constant-no-dem:liljegren-thermofeel2.3.0:day-nex-normalised-complete365-feb29dropped,146559210.47117436,146559210.47117436,1.0,2,2,0,intersection_area_weighted_valid_cells_only,native,,27.483319927319382,201.93252663597494,166.86505327194985,93.86505327194986,Dausa,Ramgarh Pachwara
Rajasthan,block,Dausa||Sikandara,ACCESS-CM2,historical,2005,W1,outdoor-pilot-v1:W1:parton-logan-a1.86-b2.2:humidity-vapour_pressure:magnus-6.112-17.62-243.12:toa-shape-erbs1982:wind-w1-dtr-slope0.03-amp0.1-0.8:pressure-isa-elev-sea-level-constant-no-dem:liljegren-thermofeel2.3.0:day-nex-normalised-complete365-feb29dropped,240123087.90927774,240123087.90927774,1.0,3,3,0,intersection_area_weighted_valid_cells_only,native,,27.4230696513837,202.0619883160319,166.99888319294377,98.12285982500748,Dausa,Sikandara
Rajasthan,block,Dausa||Sikrai,ACCESS-CM2,historical,2005,W1,outdoor-pilot-v1:W1:parton-logan-a1.86-b2.2:humidity-vapour_pressure:magnus-6.112-17.62-243.12:toa-shape-erbs1982:wind-w1-dtr-slope0.03-amp0.1-0.8:pressure-isa-elev-sea-level-constant-no-dem:liljegren-thermofeel2.3.0:day-nex-normalised-complete365-feb29dropped,270418437.07422334,270418437.07422334,1.0,3,3,0,intersection_area_weighted_valid_cells_only,native,,27.476891688692447,202.3693829482979,167.5642771242285,99.6979327235763,Dausa,Sikrai
Rajasthan,block,Deeg||Deeg,ACCESS-CM2,historical,2005,W1,outdoor-pilot-v1:W1:parton-logan-a1.86-b2.2:humidity-vapour_pressure:magnus-6.112-17.62-243.12:toa-shape-erbs1982:wind-w1-dtr-slope0.03-amp0.1-0.8:pressure-isa-elev-sea-level-constant-no-dem:liljegren-thermofeel2.3.0:day-nex-normalised-complete365-feb29dropped,505855196.937153,505855196.937153,1.0,4,4,0,intersection_area_weighted_valid_cells_only,native,,27.720313515936432,201.40955852222848,171.49459894881358,112.62518215474923,Deeg,Deeg
Rajasthan,block,Deeg||Kaman,ACCESS-CM2,historical,2005,W1,outdoor-pilot-v1:W1:parton-logan-a1.86-b2.2:humidity-vapour_pressure:magnus-6.112-17.62-243.12:toa-shape-erbs1982:wind-w1-dtr-slope0.03-amp0.1-0.8:pressure-isa-elev-sea-level-constant-no-dem:liljegren-thermofeel2.3.0:day-nex-normalised-complete365-feb29dropped,356003918.5475617,356003918.5475617,1.0,4,4,0,intersection_area_weighted_valid_cells_only,native,,27.666614867987864,199.0,169.86833647132764,112.4155579007284,Deeg,Kaman
Rajasthan,block,Deeg||Kumher,ACCESS-CM2,historical,2005,W1,outdoor-pilot-v1:W1:parton-logan-a1.86-b2.2:humidity-vapour_pressure:magnus-6.112-17.62-243.12:toa-shape-erbs1982:wind-w1-dtr-slope0.03-amp0.1-0.8:pressure-isa-elev-sea-level-constant-no-dem:liljegren-thermofeel2.3.0:day-nex-normalised-complete365-feb29dropped,448255023.10090935,448255023.10090935,1.0,4,4,0,intersection_area_weighted_valid_cells_only,native,,27.82898751665525,203.03184764990704,173.98515923861368,115.22958392225891,Deeg,Kumher
Rajasthan,block,Deeg||Nagar Pahari,ACCESS-CM2,historical,2005,W1,outdoor-pilot-v1:W1:parton-logan-a1.86-b2.2:humidity-vapour_pressure:magnus-6.112-17.62-243.12:toa-shape-erbs1982:wind-w1-dtr-slope0.03-amp0.1-0.8:pressure-isa-elev-sea-level-constant-no-dem:liljegren-thermofeel2.3.0:day-nex-normalised-complete365-feb29dropped,473126198.59071577,473126198.59071577,1.0,4,4,0,intersection_area_weighted_valid_cells_only,native,,27.56397492155809,200.0725807608932,167.87961648371973,108.864040248156,Deeg,Nagar Pahari
Rajasthan,block,Deeg||Pahari,ACCESS-CM2,historical,2005,W1,outdoor-pilot-v1:W1:parton-logan-a1.86-b2.2:humidity-vapour_pressure:magnus-6.112-17.62-243.12:toa-shape-erbs1982:wind-w1-dtr-slope0.03-amp0.1-0.8:pressure-isa-elev-sea-level-constant-no-dem:liljegren-thermofeel2.3.0:day-nex-normalised-complete365-feb29dropped,383967698.17024565,383967698.17024565,1.0,3,3,0,intersection_area_weighted_valid_cells_only,native,,27.58700249943315,198.99999999999997,168.5401688620805,109.88676122191674,Deeg,Pahari
Rajasthan,block,Dholpur||Bari,ACCESS-CM2,historical,2005,W1,outdoor-pilot-v1:W1:parton-logan-a1.86-b2.2:humidity-vapour_pressure:magnus-6.112-17.62-243.12:toa-shape-erbs1982:wind-w1-dtr-slope0.03-amp0.1-0.8:pressure-isa-elev-sea-level-constant-no-dem:liljegren-thermofeel2.3.0:day-nex-normalised-complete365-feb29dropped,795083110.1841325,795083110.1841325,1.0,6,6,0,intersection_area_weighted_valid_cells_only,native,,28.14049240467602,206.53014366567163,183.23075156762025,129.93515172151152,Dholpur,Bari
Rajasthan,block,Dholpur||Baseri,ACCESS-CM2,historical,2005,W1,outdoor-pilot-v1:W1:parton-logan-a1.86-b2.2:humidity-vapour_pressure:magnus-6.112-17.62-243.12:toa-shape-erbs1982:wind-w1-dtr-slope0.03-amp0.1-0.8:pressure-isa-elev-sea-level-constant-no-dem:liljegren-thermofeel2.3.0:day-nex-normalised-complete365-feb29dropped,348965278.13456285,348965278.13456285,1.0,4,4,0,intersection_area_weighted_valid_cells_only,native,,28.053874134951702,205.2278654858125,180.27874249439705,124.66463595633695,Dholpur,Baseri
Rajasthan,block,Dholpur||Dhaulpur,ACCESS-CM2,historical,2005,W1,outdoor-pilot-v1:W1:parton-logan-a1.86-b2.2:humidity-vapour_pressure:magnus-6.112-17.62-243.12:toa-shape-erbs1982:wind-w1-dtr-slope0.03-amp0.1-0.8:pressure-isa-elev-sea-level-constant-no-dem:liljegren-thermofeel2.3.0:day-nex-normalised-complete365-feb29dropped,313539129.62616354,313539129.62616354,1.0,2,2,0,intersection_area_weighted_valid_cells_only,native,,28.35443128640967,207.65352587663997,188.0,141.96057762991992,Dholpur,Dhaulpur
Rajasthan,block,Dholpur||Rajakhera,ACCESS-CM2,historical,2005,W1,outdoor-pilot-v1:W1:parton-logan-a1.86-b2.2:humidity-vapour_pressure:magnus-6.112-17.62-243.12:toa-shape-erbs1982:wind-w1-dtr-slope0.03-amp0.1-0.8:pressure-isa-elev-sea-level-constant-no-dem:liljegren-thermofeel2.3.0:day-nex-normalised-complete365-feb29dropped,612885475.8846836,612885475.8846836,1.0,5,5,0,intersection_area_weighted_valid_cells_only,native,,28.451503020107886,207.9516450127978,188.58822306958984,146.29408226657287,Dholpur,Rajakhera
Rajasthan,block,Dholpur||Saipau,ACCESS-CM2,historical,2005,W1,outdoor-pilot-v1:W1:parton-logan-a1.86-b2.2:humidity-vapour_pressure:magnus-6.112-17.62-243.12:toa-shape-erbs1982:wind-w1-dtr-slope0.03-amp0.1-0.8:pressure-isa-elev-sea-level-constant-no-dem:liljegren-thermofeel2.3.0:day-nex-normalised-complete365-feb29dropped,311694030.1441715,311694030.1441715,1.0,3,3,0,intersection_area_weighted_valid_cells_only,native,,28.30787253254738,206.79351693306702,186.9711150833859,137.83722342427995,Dholpur,Saipau
Rajasthan,block,Dholpur||Sarmathura,ACCESS-CM2,historical,2005,W1,outdoor-pilot-v1:W1:parton-logan-a1.86-b2.2:humidity-vapour_pressure:magnus-6.112-17.62-243.12:toa-shape-erbs1982:wind-w1-dtr-slope0.03-amp0.1-0.8:pressure-isa-elev-sea-level-constant-no-dem:liljegren-thermofeel2.3.0:day-nex-normalised-complete365-feb29dropped,652248448.8310648,652248448.8310648,1.0,6,6,0,intersection_area_weighted_valid_cells_only,native,,28.02231047229191,205.6888535880743,179.88091324048432,122.81226512745799,Dholpur,Sarmathura
Rajasthan,block,Didwana Kuchaman||Didwana,ACCESS-CM2,historical,2005,W1,outdoor-pilot-v1:W1:parton-logan-a1.86-b2.2:humidity-vapour_pressure:magnus-6.112-17.62-243.12:toa-shape-erbs1982:wind-w1-dtr-slope0.03-amp0.1-0.8:pressure-isa-elev-sea-level-constant-no-dem:liljegren-thermofeel2.3.0:day-nex-normalised-complete365-feb29dropped,996715816.4352629,996715816.4352629,1.0,7,7,0,intersection_area_weighted_valid_cells_only,native,,26.898193968831187,190.07559583742318,146.50143444261334,73.81493897242468,Didwana Kuchaman,Didwana
Rajasthan,block,Didwana Kuchaman||Kuchaman,ACCESS-CM2,historical,2005,W1,outdoor-pilot-v1:W1:parton-logan-a1.86-b2.2:humidity-vapour_pressure:magnus-6.112-17.62-243.12:toa-shape-erbs1982:wind-w1-dtr-slope0.03-amp0.1-0.8:pressure-isa-elev-sea-level-constant-no-dem:liljegren-thermofeel2.3.0:day-nex-normalised-complete365-feb29dropped,562909425.980304,562909425.980304,1.0,6,6,0,intersection_area_weighted_valid_cells_only,native,,26.6603214601199,187.61000069709775,139.99337753644008,53.98235703627104,Didwana Kuchaman,Kuchaman
Rajasthan,block,Didwana Kuchaman||Ladnu,ACCESS-CM2,historical,2005,W1,outdoor-pilot-v1:W1:parton-logan-a1.86-b2.2:humidity-vapour_pressure:magnus-6.112-17.62-243.12:toa-shape-erbs1982:wind-w1-dtr-slope0.03-amp0.1-0.8:pressure-isa-elev-sea-level-constant-no-dem:liljegren-thermofeel2.3.0:day-nex-normalised-complete365-feb29dropped,1258367908.5487156,1258367908.5487156,1.0,7,7,0,intersection_area_weighted_valid_cells_only,native,,26.95923491557327,191.2041375850806,151.084454020371,81.90796718878467,Didwana Kuchaman,Ladnu
Rajasthan,block,Didwana Kuchaman||Makrana,ACCESS-CM2,historical,2005,W1,outdoor-pilot-v1:W1:parton-logan-a1.86-b2.2:humidity-vapour_pressure:magnus-6.112-17.62-243.12:toa-shape-erbs1982:wind-w1-dtr-slope0.03-amp0.1-0.8:pressure-isa-elev-sea-level-constant-no-dem:liljegren-thermofeel2.3.0:day-nex-normalised-complete365-feb29dropped,1132747999.9014583,1132747999.9014583,1.0,6,6,0,intersection_area_weighted_valid_cells_only,native,,26.91025547511064,191.0472658140221,148.11780149324355,67.87816797891551,Didwana Kuchaman,Makrana
Rajasthan,block,Didwana Kuchaman||Molasar,ACCESS-CM2,historical,2005,W1,outdoor-pilot-v1:W1:parton-logan-a1.86-b2.2:humidity-vapour_pressure:magnus-6.112-17.62-243.12:toa-shape-erbs1982:wind-w1-dtr-slope0.03-amp0.1-0.8:pressure-isa-elev-sea-level-constant-no-dem:liljegren-thermofeel2.3.0:day-nex-normalised-complete365-feb29dropped,659263144.6758817,659263144.6758817,1.0,5,5,0,intersection_area_weighted_valid_cells_only,native,,26.792209853531144,188.48913300057288,143.01744038070973,65.9482614807449,Didwana Kuchaman,Molasar
Rajasthan,block,Didwana Kuchaman||Nawa,ACCESS-CM2,historical,2005,W1,outdoor-pilot-v1:W1:parton-logan-a1.86-b2.2:humidity-vapour_pressure:magnus-6.112-17.62-243.12:toa-shape-erbs1982:wind-w1-dtr-slope0.03-amp0.1-0.8:pressure-isa-elev-sea-level-constant-no-dem:liljegren-thermofeel2.3.0:day-nex-normalised-complete365-feb29dropped,1078062748.5858383,1078062748.5858383,1.0,7,7,0,intersection_area_weighted_valid_cells_only,native,,26.707402871475278,187.9882701719104,140.97969146787992,57.98941518093447,Didwana Kuchaman,Nawa
Rajasthan,block,Didwana Kuchaman||Parbatsar,ACCESS-CM2,historical,2005,W1,outdoor-pilot-v1:W1:parton-logan-a1.86-b2.2:humidity-vapour_pressure:magnus-6.112-17.62-243.12:toa-shape-erbs1982:wind-w1-dtr-slope0.03-amp0.1-0.8:pressure-isa-elev-sea-level-constant-no-dem:liljegren-thermofeel2.3.0:day-nex-normalised-complete365-feb29dropped,1114843738.8400004,1114843738.8400004,1.0,7,7,0,intersection_area_weighted_valid_cells_only,native,,26.761255046583297,189.93561950895034,144.13025482464636,49.971588630920394,Didwana Kuchaman,Parbatsar
Rajasthan,block,Dudu||Dudu,ACCESS-CM2,historical,2005,W1,outdoor-pilot-v1:W1:parton-logan-a1.86-b2.2:humidity-vapour_pressure:magnus-6.112-17.62-243.12:toa-shape-erbs1982:wind-w1-dtr-slope0.03-amp0.1-0.8:pressure-isa-elev-sea-level-constant-no-dem:liljegren-thermofeel2.3.0:day-nex-normalised-complete365-feb29dropped,636461612.4327222,636461612.4327222,1.0,6,6,0,intersection_area_weighted_valid_cells_only,native,,26.94599101002982,193.48640485782062,149.6692827719813,63.931252682997595,Dudu,Dudu
Rajasthan,block,Dudu||Madhorajpura,ACCESS-CM2,historical,2005,W1,outdoor-pilot-v1:W1:parton-logan-a1.86-b2.2:humidity-vapour_pressure:magnus-6.112-17.62-243.12:toa-shape-erbs1982:wind-w1-dtr-slope0.03-amp0.1-0.8:pressure-isa-elev-sea-level-constant-no-dem:liljegren-thermofeel2.3.0:day-nex-normalised-complete365-feb29dropped,474226126.2291032,474226126.2291032,1.0,5,5,0,intersection_area_weighted_valid_cells_only,native,,27.366018876092046,200.50667848401517,158.58070686633698,86.69083902649433,Dudu,Madhorajpura
Rajasthan,block,Dudu||Mauzamabad,ACCESS-CM2,historical,2005,W1,outdoor-pilot-v1:W1:parton-logan-a1.86-b2.2:humidity-vapour_pressure:magnus-6.112-17.62-243.12:toa-shape-erbs1982:wind-w1-dtr-slope0.03-amp0.1-0.8:pressure-isa-elev-sea-level-constant-no-dem:liljegren-thermofeel2.3.0:day-nex-normalised-complete365-feb29dropped,702956601.1025352,702956601.1025352,1.0,4,4,0,intersection_area_weighted_valid_cells_only,native,,27.051580858575495,196.60520812906597,153.1701791932356,73.04061051778457,Dudu,Mauzamabad
Rajasthan,block,Dudu||Phagi,ACCESS-CM2,historical,2005,W1,outdoor-pilot-v1:W1:parton-logan-a1.86-b2.2:humidity-vapour_pressure:magnus-6.112-17.62-243.12:toa-shape-erbs1982:wind-w1-dtr-slope0.03-amp0.1-0.8:pressure-isa-elev-sea-level-constant-no-dem:liljegren-thermofeel2.3.0:day-nex-normalised-complete365-feb29dropped,644108864.5192124,644108864.5192124,1.0,6,6,0,intersection_area_weighted_valid_cells_only,native,,27.26349583357682,199.19646180814286,156.43737929666915,82.30839507846282,Dudu,Phagi
Rajasthan,block,Dungarpur||Aspur,ACCESS-CM2,historical,2005,W1,outdoor-pilot-v1:W1:parton-logan-a1.86-b2.2:humidity-vapour_pressure:magnus-6.112-17.62-243.12:toa-shape-erbs1982:wind-w1-dtr-slope0.03-amp0.1-0.8:pressure-isa-elev-sea-level-constant-no-dem:liljegren-thermofeel2.3.0:day-nex-normalised-complete365-feb29dropped,343029460.82867986,343029460.82867986,1.0,3,3,0,intersection_area_weighted_valid_cells_only,native,,28.185826222583582,211.7003369494395,176.25410020588683,70.08870310385852,Dungarpur,Aspur
Rajasthan,block,Dungarpur||Bichiwara,ACCESS-CM2,historical,2005,W1,outdoor-pilot-v1:W1:parton-logan-a1.86-b2.2:humidity-vapour_pressure:magnus-6.112-17.62-243.12:toa-shape-erbs1982:wind-w1-dtr-slope0.03-amp0.1-0.8:pressure-isa-elev-sea-level-constant-no-dem:liljegren-thermofeel2.3.0:day-nex-normalised-complete365-feb29dropped,596155058.8719229,596155058.8719229,1.0,4,4,0,intersection_area_weighted_valid_cells_only,native,,27.442797941567637,200.1995673221254,138.41031168461757,31.550535171092683,Dungarpur,Bichiwara
Rajasthan,block,Dungarpur||Chikhali,ACCESS-CM2,historical,2005,W1,outdoor-pilot-v1:W1:parton-logan-a1.86-b2.2:humidity-vapour_pressure:magnus-6.112-17.62-243.12:toa-shape-erbs1982:wind-w1-dtr-slope0.03-amp0.1-0.8:pressure-isa-elev-sea-level-constant-no-dem:liljegren-thermofeel2.3.0:day-nex-normalised-complete365-feb29dropped,242211026.38144708,242211026.38144708,1.0,3,3,0,intersection_area_weighted_valid_cells_only,native,,28.708487117379143,218.5360142437801,185.36465171453892,95.8599653249962,Dungarpur,Chikhali
Rajasthan,block,Dungarpur||Dovada,ACCESS-CM2,historical,2005,W1,outdoor-pilot-v1:W1:parton-logan-a1.86-b2.2:humidity-vapour_pressure:magnus-6.112-17.62-243.12:toa-shape-erbs1982:wind-w1-dtr-slope0.03-amp0.1-0.8:pressure-isa-elev-sea-level-constant-no-dem:liljegren-thermofeel2.3.0:day-nex-normalised-complete365-feb29dropped,406294923.1245248,406294923.1245248,1.0,3,3,0,intersection_area_weighted_valid_cells_only,native,,27.962608580234114,209.38713050538908,170.78944151438273,55.109581351273,Dungarpur,Dovada
Rajasthan,block,Dungarpur||Dungarpur,ACCESS-CM2,historical,2005,W1,outdoor-pilot-v1:W1:parton-logan-a1.86-b2.2:humidity-vapour_pressure:magnus-6.112-17.62-243.12:toa-shape-erbs1982:wind-w1-dtr-slope0.03-amp0.1-0.8:pressure-isa-elev-sea-level-constant-no-dem:liljegren-thermofeel2.3.0:day-nex-normalised-complete365-feb29dropped,321868721.37275875,321868721.37275875,1.0,3,3,0,intersection_area_weighted_valid_cells_only,native,,27.345807549747406,197.19948000672272,131.2044368575616,28.190901497624235,Dungarpur,Dungarpur
Rajasthan,block,Dungarpur||Galiyakoat,ACCESS-CM2,historical,2005,W1,outdoor-pilot-v1:W1:parton-logan-a1.86-b2.2:humidity-vapour_pressure:magnus-6.112-17.62-243.12:toa-shape-erbs1982:wind-w1-dtr-slope0.03-amp0.1-0.8:pressure-isa-elev-sea-level-constant-no-dem:liljegren-thermofeel2.3.0:day-nex-normalised-complete365-feb29dropped,169710800.19249365,169710800.19249365,1.0,4,4,0,intersection_area_weighted_valid_cells_only,native,,28.44509105174303,215.11049636156955,180.5030119049362,80.09035722877383,Dungarpur,Galiyakoat
Rajasthan,block,Dungarpur||Jothari,ACCESS-CM2,historical,2005,W1,outdoor-pilot-v1:W1:parton-logan-a1.86-b2.2:humidity-vapour_pressure:magnus-6.112-17.62-243.12:toa-shape-erbs1982:wind-w1-dtr-slope0.03-amp0.1-0.8:pressure-isa-elev-sea-level-constant-no-dem:liljegren-thermofeel2.3.0:day-nex-normalised-complete365-feb29dropped,261548704.54464996,261548704.54464996,1.0,4,4,0,intersection_area_weighted_valid_cells_only,native,,28.080197906138427,210.82007750235525,173.4627804477087,59.02040664363653,Dungarpur,Jothari
Rajasthan,block,Dungarpur||Sabla,ACCESS-CM2,historical,2005,W1,outdoor-pilot-v1:W1:parton-logan-a1.86-b2.2:humidity-vapour_pressure:magnus-6.112-17.62-243.12:toa-shape-erbs1982:wind-w1-dtr-slope0.03-amp0.1-0.8:pressure-isa-elev-sea-level-constant-no-dem:liljegren-thermofeel2.3.0:day-nex-normalised-complete365-feb29dropped,366497267.8785642,366497267.8785642,1.0,2,2,0,intersection_area_weighted_valid_cells_only,native,,28.273273192882574,212.0724757872335,178.07247578723351,76.90825262411164,Dungarpur,Sabla
Rajasthan,block,Dungarpur||Sagwara,ACCESS-CM2,historical,2005,W1,outdoor-pilot-v1:W1:parton-logan-a1.86-b2.2:humidity-vapour_pressure:magnus-6.112-17.62-243.12:toa-shape-erbs1982:wind-w1-dtr-slope0.03-amp0.1-0.8:pressure-isa-elev-sea-level-constant-no-dem:liljegren-thermofeel2.3.0:day-nex-normalised-complete365-feb29dropped,651274614.179434,651274614.179434,1.0,4,4,0,intersection_area_weighted_valid_cells_only,native,,28.34772797679515,214.19370842532615,178.7814161548549,76.06133352642317,Dungarpur,Sagwara
Rajasthan,block,Dungarpur||Simalwara,ACCESS-CM2,historical,2005,W1,outdoor-pilot-v1:W1:parton-logan-a1.86-b2.2:humidity-vapour_pressure:magnus-6.112-17.62-243.12:toa-shape-erbs1982:wind-w1-dtr-slope0.03-amp0.1-0.8:pressure-isa-elev-sea-level-constant-no-dem:liljegren-thermofeel2.3.0:day-nex-normalised-complete365-feb29dropped,411693080.31007683,411693080.31007683,1.0,4,4,0,intersection_area_weighted_valid_cells_only,native,,28.252837768648003,212.7643916121525,177.4385425450865,69.03587908306974,Dungarpur,Simalwara
Rajasthan,block,Ganganagar||Ganganagar,ACCESS-CM2,historical,2005,W1,outdoor-pilot-v1:W1:parton-logan-a1.86-b2.2:humidity-vapour_pressure:magnus-6.112-17.62-243.12:toa-shape-erbs1982:wind-w1-dtr-slope0.03-amp0.1-0.8:pressure-isa-elev-sea-level-constant-no-dem:liljegren-thermofeel2.3.0:day-nex-normalised-complete365-feb29dropped,978301507.7159715,978301507.7159715,1.0,5,5,0,intersection_area_weighted_valid_cells_only,native,,28.214815534684913,198.7554418469614,175.45713339127127,140.71217041456458,Ganganagar,Ganganagar
Rajasthan,block,Ganganagar||Karanpur,ACCESS-CM2,historical,2005,W1,outdoor-pilot-v1:W1:parton-logan-a1.86-b2.2:humidity-vapour_pressure:magnus-6.112-17.62-243.12:toa-shape-erbs1982:wind-w1-dtr-slope0.03-amp0.1-0.8:pressure-isa-elev-sea-level-constant-no-dem:liljegren-thermofeel2.3.0:day-nex-normalised-complete365-feb29dropped,820979563.6523676,820979563.6523676,1.0,5,5,0,intersection_area_weighted_valid_cells_only,native,,28.198107445058813,198.50123270077188,175.07598569726449,140.05131913636006,Ganganagar,Karanpur
Rajasthan,block,Ganganagar||Padampur,ACCESS-CM2,historical,2005,W1,outdoor-pilot-v1:W1:parton-logan-a1.86-b2.2:humidity-vapour_pressure:magnus-6.112-17.62-243.12:toa-shape-erbs1982:wind-w1-dtr-slope0.03-amp0.1-0.8:pressure-isa-elev-sea-level-constant-no-dem:liljegren-thermofeel2.3.0:day-nex-normalised-complete365-feb29dropped,848549728.3119836,848549728.3119836,1.0,7,7,0,intersection_area_weighted_valid_cells_only,native,,28.162129860680256,199.48750765068303,175.88926222756058,139.0226101575929,Ganganagar,Padampur
Rajasthan,block,Ganganagar||Sadulshahar,ACCESS-CM2,historical,2005,W1,outdoor-pilot-v1:W1:parton-logan-a1.86-b2.2:humidity-vapour_pressure:magnus-6.112-17.62-243.12:toa-shape-erbs1982:wind-w1-dtr-slope0.03-amp0.1-0.8:pressure-isa-elev-sea-level-constant-no-dem:liljegren-thermofeel2.3.0:day-nex-normalised-complete365-feb29dropped,770307830.863958,770307830.863958,1.0,5,5,0,intersection_area_weighted_valid_cells_only,native,,28.098407491708713,198.25551588538536,175.0953705527826,137.1664474435199,Ganganagar,Sadulshahar
Rajasthan,block,Ganganagar||Suratgarh,ACCESS-CM2,historical,2005,W1,outdoor-pilot-v1:W1:parton-logan-a1.86-b2.2:humidity-vapour_pressure:magnus-6.112-17.62-243.12:toa-shape-erbs1982:wind-w1-dtr-slope0.03-amp0.1-0.8:pressure-isa-elev-sea-level-constant-no-dem:liljegren-thermofeel2.3.0:day-nex-normalised-complete365-feb29dropped,2803590733.592578,2803590733.592578,1.0,12,12,0,intersection_area_weighted_valid_cells_only,native,,28.136861720255517,200.6364939773335,177.84228254661477,135.59550743418512,Ganganagar,Suratgarh
Rajasthan,block,Gangapurcity||Bamanwas,ACCESS-CM2,historical,2005,W1,outdoor-pilot-v1:W1:parton-logan-a1.86-b2.2:humidity-vapour_pressure:magnus-6.112-17.62-243.12:toa-shape-erbs1982:wind-w1-dtr-slope0.03-amp0.1-0.8:pressure-isa-elev-sea-level-constant-no-dem:liljegren-thermofeel2.3.0:day-nex-normalised-complete365-feb29dropped,728564450.6934437,728564450.6934437,1.0,4,4,0,intersection_area_weighted_valid_cells_only,native,,27.644991151679992,203.8667161781538,169.75148309944333,105.21283316057306,Gangapurcity,Bamanwas
Rajasthan,block,Gangapurcity||Gangapur City,ACCESS-CM2,historical,2005,W1,outdoor-pilot-v1:W1:parton-logan-a1.86-b2.2:humidity-vapour_pressure:magnus-6.112-17.62-243.12:toa-shape-erbs1982:wind-w1-dtr-slope0.03-amp0.1-0.8:pressure-isa-elev-sea-level-constant-no-dem:liljegren-thermofeel2.3.0:day-nex-normalised-complete365-feb29dropped,637204909.3163607,637204909.3163607,1.0,4,4,0,intersection_area_weighted_valid_cells_only,native,,27.739186664724055,204.30516308180518,172.04541408838182,111.3751909811868,Gangapurcity,Gangapur City
Rajasthan,block,Gangapurcity||Nadauti,ACCESS-CM2,historical,2005,W1,outdoor-pilot-v1:W1:parton-logan-a1.86-b2.2:humidity-vapour_pressure:magnus-6.112-17.62-243.12:toa-shape-erbs1982:wind-w1-dtr-slope0.03-amp0.1-0.8:pressure-isa-elev-sea-level-constant-no-dem:liljegren-thermofeel2.3.0:day-nex-normalised-complete365-feb29dropped,647252652.5791932,647252652.5791932,1.0,6,6,0,intersection_area_weighted_valid_cells_only,native,,27.614828762106455,203.47282755296993,169.9168073121754,104.80957831102187,Gangapurcity,Nadauti
Rajasthan,block,Gangapurcity||Todabhim,ACCESS-CM2,historical,2005,W1,outdoor-pilot-v1:W1:parton-logan-a1.86-b2.2:humidity-vapour_pressure:magnus-6.112-17.62-243.12:toa-shape-erbs1982:wind-w1-dtr-slope0.03-amp0.1-0.8:pressure-isa-elev-sea-level-constant-no-dem:liljegren-thermofeel2.3.0:day-nex-normalised-complete365-feb29dropped,542723713.6945428,542723713.6945428,1.0,3,3,0,intersection_area_weighted_valid_cells_only,native,,27.717982206620082,203.9663362254252,170.2169626160835,107.47258232962001,Gangapurcity,Todabhim
Rajasthan,block,Hanumangarh||Bhadra,ACCESS-CM2,historical,2005,W1,outdoor-pilot-v1:W1:parton-logan-a1.86-b2.2:humidity-vapour_pressure:magnus-6.112-17.62-243.12:toa-shape-erbs1982:wind-w1-dtr-slope0.03-amp0.1-0.8:pressure-isa-elev-sea-level-constant-no-dem:liljegren-thermofeel2.3.0:day-nex-normalised-complete365-feb29dropped,1731366634.8395133,1731366634.8395133,1.0,11,11,0,intersection_area_weighted_valid_cells_only,native,,27.76591429229838,198.48153259945866,172.50002233987038,123.07773026563375,Hanumangarh,Bhadra
Rajasthan,block,Hanumangarh||Hanumangarh,ACCESS-CM2,historical,2005,W1,outdoor-pilot-v1:W1:parton-logan-a1.86-b2.2:humidity-vapour_pressure:magnus-6.112-17.62-243.12:toa-shape-erbs1982:wind-w1-dtr-slope0.03-amp0.1-0.8:pressure-isa-elev-sea-level-constant-no-dem:liljegren-thermofeel2.3.0:day-nex-normalised-complete365-feb29dropped,1230334032.0448906,1230334032.0448906,1.0,7,7,0,intersection_area_weighted_valid_cells_only,native,,28.01586493518749,199.3947200362449,175.06788740520648,132.76612576169484,Hanumangarh,Hanumangarh
Rajasthan,block,Hanumangarh||Nohar,ACCESS-CM2,historical,2005,W1,outdoor-pilot-v1:W1:parton-logan-a1.86-b2.2:humidity-vapour_pressure:magnus-6.112-17.62-243.12:toa-shape-erbs1982:wind-w1-dtr-slope0.03-amp0.1-0.8:pressure-isa-elev-sea-level-constant-no-dem:liljegren-thermofeel2.3.0:day-nex-normalised-complete365-feb29dropped,2466540668.473819,2466540668.473819,1.0,10,10,0,intersection_area_weighted_valid_cells_only,native,,27.881538936837718,199.24026126357674,175.08632574394744,127.99289118702848,Hanumangarh,Nohar
Rajasthan,block,Hanumangarh||Pilibanga,ACCESS-CM2,historical,2005,W1,outdoor-pilot-v1:W1:parton-logan-a1.86-b2.2:humidity-vapour_pressure:magnus-6.112-17.62-243.12:toa-shape-erbs1982:wind-w1-dtr-slope0.03-amp0.1-0.8:pressure-isa-elev-sea-level-constant-no-dem:liljegren-thermofeel2.3.0:day-nex-normalised-complete365-feb29dropped,1009990697.2070236,1009990697.2070236,1.0,5,5,0,intersection_area_weighted_valid_cells_only,native,,28.102314684567673,200.00495288093865,176.04079375055247,133.6173025038657,Hanumangarh,Pilibanga
Rajasthan,block,Hanumangarh||Rawatsar,ACCESS-CM2,historical,2005,W1,outdoor-pilot-v1:W1:parton-logan-a1.86-b2.2:humidity-vapour_pressure:magnus-6.112-17.62-243.12:toa-shape-erbs1982:wind-w1-dtr-slope0.03-amp0.1-0.8:pressure-isa-elev-sea-level-constant-no-dem:liljegren-thermofeel2.3.0:day-nex-normalised-complete365-feb29dropped,1873515112.2335467,1873515112.2335467,1.0,8,8,0,intersection_area_weighted_valid_cells_only,native,,28.021153808613697,200.5125386918473,175.831858268788,129.67124813192555,Hanumangarh,Rawatsar
Rajasthan,block,Hanumangarh||Sangaria,ACCESS-CM2,historical,2005,W1,outdoor-pilot-v1:W1:parton-logan-a1.86-b2.2:humidity-vapour_pressure:magnus-6.112-17.62-243.12:toa-shape-erbs1982:wind-w1-dtr-slope0.03-amp0.1-0.8:pressure-isa-elev-sea-level-constant-no-dem:liljegren-thermofeel2.3.0:day-nex-normalised-complete365-feb29dropped,652252908.398299,652252908.398299,1.0,4,4,0,intersection_area_weighted_valid_cells_only,native,,27.98139213288334,198.04993824839997,174.8643139180726,135.00509328821244,Hanumangarh,Sangaria
Rajasthan,block,Hanumangarh||Tibbi,ACCESS-CM2,historical,2005,W1,outdoor-pilot-v1:W1:parton-logan-a1.86-b2.2:humidity-vapour_pressure:magnus-6.112-17.62-243.12:toa-shape-erbs1982:wind-w1-dtr-slope0.03-amp0.1-0.8:pressure-isa-elev-sea-level-constant-no-dem:liljegren-thermofeel2.3.0:day-nex-normalised-complete365-feb29dropped,745798391.1454437,745798391.1454437,1.0,6,6,0,intersection_area_weighted_valid_cells_only,native,,27.912899476212477,198.69856628427286,174.30550146572003,130.24309609760533,Hanumangarh,Tibbi
Rajasthan,block,Jaipur Gramin||Andhi,ACCESS-CM2,historical,2005,W1,outdoor-pilot-v1:W1:parton-logan-a1.86-b2.2:humidity-vapour_pressure:magnus-6.112-17.62-243.12:toa-shape-erbs1982:wind-w1-dtr-slope0.03-amp0.1-0.8:pressure-isa-elev-sea-level-constant-no-dem:liljegren-thermofeel2.3.0:day-nex-normalised-complete365-feb29dropped,491642158.58144057,491642158.58144057,1.0,4,4,0,intersection_area_weighted_valid_cells_only,native,,26.99259948848061,194.04656579896707,151.89556886100004,76.99811501563866,Jaipur Gramin,Andhi
Rajasthan,block,Jaipur Gramin||Bassi,ACCESS-CM2,historical,2005,W1,outdoor-pilot-v1:W1:parton-logan-a1.86-b2.2:humidity-vapour_pressure:magnus-6.112-17.62-243.12:toa-shape-erbs1982:wind-w1-dtr-slope0.03-amp0.1-0.8:pressure-isa-elev-sea-level-constant-no-dem:liljegren-thermofeel2.3.0:day-nex-normalised-complete365-feb29dropped,387990280.13157064,387990280.13157064,1.0,3,3,0,intersection_area_weighted_valid_cells_only,native,,27.19410463265761,198.15825375315234,157.88508011860992,84.47753942735957,Jaipur Gramin,Bassi
Rajasthan,block,Jaipur Gramin||Chaksu,ACCESS-CM2,historical,2005,W1,outdoor-pilot-v1:W1:parton-logan-a1.86-b2.2:humidity-vapour_pressure:magnus-6.112-17.62-243.12:toa-shape-erbs1982:wind-w1-dtr-slope0.03-amp0.1-0.8:pressure-isa-elev-sea-level-constant-no-dem:liljegren-thermofeel2.3.0:day-nex-normalised-complete365-feb29dropped,523967337.94612247,523967337.94612247,1.0,5,5,0,intersection_area_weighted_valid_cells_only,native,,27.435099308364418,201.98874891634185,164.1812241016189,89.2769088938434,Jaipur Gramin,Chaksu
Rajasthan,block,Jaipur Gramin||Govindgarh,ACCESS-CM2,historical,2005,W1,outdoor-pilot-v1:W1:parton-logan-a1.86-b2.2:humidity-vapour_pressure:magnus-6.112-17.62-243.12:toa-shape-erbs1982:wind-w1-dtr-slope0.03-amp0.1-0.8:pressure-isa-elev-sea-level-constant-no-dem:liljegren-thermofeel2.3.0:day-nex-normalised-complete365-feb29dropped,682783015.2697796,682783015.2697796,1.0,6,6,0,intersection_area_weighted_valid_cells_only,native,,26.607899634257922,185.09668305938632,137.9670032543838,52.800077234128835,Jaipur Gramin,Govindgarh
Rajasthan,block,Jaipur Gramin||Jamwa Ramgarh,ACCESS-CM2,historical,2005,W1,outdoor-pilot-v1:W1:parton-logan-a1.86-b2.2:humidity-vapour_pressure:magnus-6.112-17.62-243.12:toa-shape-erbs1982:wind-w1-dtr-slope0.03-amp0.1-0.8:pressure-isa-elev-sea-level-constant-no-dem:liljegren-thermofeel2.3.0:day-nex-normalised-complete365-feb29dropped,529645472.20075893,529645472.20075893,1.0,6,6,0,intersection_area_weighted_valid_cells_only,native,,26.93898816643071,192.65492058018177,150.06283339239025,73.24262648731917,Jaipur Gramin,Jamwa Ramgarh
Rajasthan,block,Jaipur Gramin||Kishangarh Renwal,ACCESS-CM2,historical,2005,W1,outdoor-pilot-v1:W1:parton-logan-a1.86-b2.2:humidity-vapour_pressure:magnus-6.112-17.62-243.12:toa-shape-erbs1982:wind-w1-dtr-slope0.03-amp0.1-0.8:pressure-isa-elev-sea-level-constant-no-dem:liljegren-thermofeel2.3.0:day-nex-normalised-complete365-feb29dropped,540684485.7505609,540684485.7505609,1.0,5,5,0,intersection_area_weighted_valid_cells_only,native,,26.77700069064678,186.857793856046,145.66743384955947,62.687528291741074,Jaipur Gramin,Kishangarh Renwal
Rajasthan,block,Jaipur Gramin||Kotkhawda,ACCESS-CM2,historical,2005,W1,outdoor-pilot-v1:W1:parton-logan-a1.86-b2.2:humidity-vapour_pressure:magnus-6.112-17.62-243.12:toa-shape-erbs1982:wind-w1-dtr-slope0.03-amp0.1-0.8:pressure-isa-elev-sea-level-constant-no-dem:liljegren-thermofeel2.3.0:day-nex-normalised-complete365-feb29dropped,291478800.4827604,291478800.4827604,1.0,2,2,0,intersection_area_weighted_valid_cells_only,native,,27.56710557767017,202.9993662298718,168.99683114935914,95.99556360910279,Jaipur Gramin,Kotkhawda
Rajasthan,block,Jaipur Gramin||Sambhar,ACCESS-CM2,historical,2005,W1,outdoor-pilot-v1:W1:parton-logan-a1.86-b2.2:humidity-vapour_pressure:magnus-6.112-17.62-243.12:toa-shape-erbs1982:wind-w1-dtr-slope0.03-amp0.1-0.8:pressure-isa-elev-sea-level-constant-no-dem:liljegren-thermofeel2.3.0:day-nex-normalised-complete365-feb29dropped,1018481177.0528194,1018481177.0528194,1.0,9,9,0,intersection_area_weighted_valid_cells_only,native,,26.905105065345428,193.272051849343,150.04336826314227,66.88489609910276,Jaipur Gramin,Sambhar
Rajasthan,block,Jaipur Gramin||Shahpura,ACCESS-CM2,historical,2005,W1,outdoor-pilot-v1:W1:parton-logan-a1.86-b2.2:humidity-vapour_pressure:magnus-6.112-17.62-243.12:toa-shape-erbs1982:wind-w1-dtr-slope0.03-amp0.1-0.8:pressure-isa-elev-sea-level-constant-no-dem:liljegren-thermofeel2.3.0:day-nex-normalised-complete365-feb29dropped,527106510.56438684,527106510.56438684,1.0,6,6,0,intersection_area_weighted_valid_cells_only,native,,26.46055425061416,183.14753603442733,130.7832960855465,50.84147359747206,Jaipur Gramin,Shahpura
Rajasthan,block,Jaipur Gramin||Tunga,ACCESS-CM2,historical,2005,W1,outdoor-pilot-v1:W1:parton-logan-a1.86-b2.2:humidity-vapour_pressure:magnus-6.112-17.62-243.12:toa-shape-erbs1982:wind-w1-dtr-slope0.03-amp0.1-0.8:pressure-isa-elev-sea-level-constant-no-dem:liljegren-thermofeel2.3.0:day-nex-normalised-complete365-feb29dropped,267562851.80592662,267562851.80592662,1.0,5,5,0,intersection_area_weighted_valid_cells_only,native,,27.36927186020982,200.53863663200633,162.95694704894382,89.94963622470216,Jaipur Gramin,Tunga
Rajasthan,block,Jaipur||Amber,ACCESS-CM2,historical,2005,W1,outdoor-pilot-v1:W1:parton-logan-a1.86-b2.2:humidity-vapour_pressure:magnus-6.112-17.62-243.12:toa-shape-erbs1982:wind-w1-dtr-slope0.03-amp0.1-0.8:pressure-isa-elev-sea-level-constant-no-dem:liljegren-thermofeel2.3.0:day-nex-normalised-complete365-feb29dropped,440009673.15993744,440009673.15993744,1.0,5,5,0,intersection_area_weighted_valid_cells_only,native,,26.691389682817952,186.85578102578086,142.6599323379402,58.77243874655967,Jaipur,Amber
Rajasthan,block,Jaipur||Jalsu,ACCESS-CM2,historical,2005,W1,outdoor-pilot-v1:W1:parton-logan-a1.86-b2.2:humidity-vapour_pressure:magnus-6.112-17.62-243.12:toa-shape-erbs1982:wind-w1-dtr-slope0.03-amp0.1-0.8:pressure-isa-elev-sea-level-constant-no-dem:liljegren-thermofeel2.3.0:day-nex-normalised-complete365-feb29dropped,408910719.91971815,408910719.91971815,1.0,3,3,0,intersection_area_weighted_valid_cells_only,native,,26.708194378682876,185.18756044508888,142.01175258982454,55.36989751692246,Jaipur,Jalsu
Rajasthan,block,Jaipur||Jhotwara,ACCESS-CM2,historical,2005,W1,outdoor-pilot-v1:W1:parton-logan-a1.86-b2.2:humidity-vapour_pressure:magnus-6.112-17.62-243.12:toa-shape-erbs1982:wind-w1-dtr-slope0.03-amp0.1-0.8:pressure-isa-elev-sea-level-constant-no-dem:liljegren-thermofeel2.3.0:day-nex-normalised-complete365-feb29dropped,566292898.4538227,566292898.4538227,1.0,4,4,0,intersection_area_weighted_valid_cells_only,native,,26.96997684552342,194.48045280809578,151.4967899383775,71.90893110301194,Jaipur,Jhotwara
Rajasthan,block,Jaipur||Sanganer,ACCESS-CM2,historical,2005,W1,outdoor-pilot-v1:W1:parton-logan-a1.86-b2.2:humidity-vapour_pressure:magnus-6.112-17.62-243.12:toa-shape-erbs1982:wind-w1-dtr-slope0.03-amp0.1-0.8:pressure-isa-elev-sea-level-constant-no-dem:liljegren-thermofeel2.3.0:day-nex-normalised-complete365-feb29dropped,709514446.0612833,709514446.0612833,1.0,5,5,0,intersection_area_weighted_valid_cells_only,native,,27.068704035982535,196.40433942641457,154.19888370749948,76.23813463381484,Jaipur,Sanganer
Rajasthan,block,Jaisalmer||Bhaniyana,ACCESS-CM2,historical,2005,W1,outdoor-pilot-v1:W1:parton-logan-a1.86-b2.2:humidity-vapour_pressure:magnus-6.112-17.62-243.12:toa-shape-erbs1982:wind-w1-dtr-slope0.03-amp0.1-0.8:pressure-isa-elev-sea-level-constant-no-dem:liljegren-thermofeel2.3.0:day-nex-normalised-complete365-feb29dropped,1656217842.3541176,1656217842.3541176,1.0,8,8,0,intersection_area_weighted_valid_cells_only,native,,27.197514036393198,192.92276407705378,152.6384516103048,65.37457135225137,Jaisalmer,Bhaniyana
Rajasthan,block,Jaisalmer||Fatehgarh,ACCESS-CM2,historical,2005,W1,outdoor-pilot-v1:W1:parton-logan-a1.86-b2.2:humidity-vapour_pressure:magnus-6.112-17.62-243.12:toa-shape-erbs1982:wind-w1-dtr-slope0.03-amp0.1-0.8:pressure-isa-elev-sea-level-constant-no-dem:liljegren-thermofeel2.3.0:day-nex-normalised-complete365-feb29dropped,4467962028.845956,4467962028.845956,1.0,16,16,0,intersection_area_weighted_valid_cells_only,native,,27.038176041984713,189.29264652200655,148.78654575152586,51.19853023381749,Jaisalmer,Fatehgarh
Rajasthan,block,Jaisalmer||Jaisalmer,ACCESS-CM2,historical,2005,W1,outdoor-pilot-v1:W1:parton-logan-a1.86-b2.2:humidity-vapour_pressure:magnus-6.112-17.62-243.12:toa-shape-erbs1982:wind-w1-dtr-slope0.03-amp0.1-0.8:pressure-isa-elev-sea-level-constant-no-dem:liljegren-thermofeel2.3.0:day-nex-normalised-complete365-feb29dropped,2866017542.524042,2866017542.524042,1.0,13,13,0,intersection_area_weighted_valid_cells_only,native,,26.966448076688195,186.9613963133702,149.22474548741403,64.75474963167554,Jaisalmer,Jaisalmer
Rajasthan,block,Jaisalmer||Mohangarh,ACCESS-CM2,historical,2005,W1,outdoor-pilot-v1:W1:parton-logan-a1.86-b2.2:humidity-vapour_pressure:magnus-6.112-17.62-243.12:toa-shape-erbs1982:wind-w1-dtr-slope0.03-amp0.1-0.8:pressure-isa-elev-sea-level-constant-no-dem:liljegren-thermofeel2.3.0:day-nex-normalised-complete365-feb29dropped,4990720004.959466,4990720004.959466,1.0,13,13,0,intersection_area_weighted_valid_cells_only,native,,27.015530517878467,189.07003026906642,150.46492472651047,84.64094657344819,Jaisalmer,Mohangarh
Rajasthan,block,Jaisalmer||Nachana,ACCESS-CM2,historical,2005,W1,outdoor-pilot-v1:W1:parton-logan-a1.86-b2.2:humidity-vapour_pressure:magnus-6.112-17.62-243.12:toa-shape-erbs1982:wind-w1-dtr-slope0.03-amp0.1-0.8:pressure-isa-elev-sea-level-constant-no-dem:liljegren-thermofeel2.3.0:day-nex-normalised-complete365-feb29dropped,4137308503.838182,4137308503.838182,1.0,15,15,0,intersection_area_weighted_valid_cells_only,native,,27.196060734580264,191.38709687553506,155.56998025179047,98.66534248210392,Jaisalmer,Nachana
Rajasthan,block,Jaisalmer||Sam,ACCESS-CM2,historical,2005,W1,outdoor-pilot-v1:W1:parton-logan-a1.86-b2.2:humidity-vapour_pressure:magnus-6.112-17.62-243.12:toa-shape-erbs1982:wind-w1-dtr-slope0.03-amp0.1-0.8:pressure-isa-elev-sea-level-constant-no-dem:liljegren-thermofeel2.3.0:day-nex-normalised-complete365-feb29dropped,16515495637.604725,16515495637.604725,1.0,40,40,0,intersection_area_weighted_valid_cells_only,native,,27.18041340909576,189.2378495056485,154.1018636165756,77.87007318902455,Jaisalmer,Sam
Rajasthan,block,Jaisalmer||Sankra,ACCESS-CM2,historical,2005,W1,outdoor-pilot-v1:W1:parton-logan-a1.86-b2.2:humidity-vapour_pressure:magnus-6.112-17.62-243.12:toa-shape-erbs1982:wind-w1-dtr-slope0.03-amp0.1-0.8:pressure-isa-elev-sea-level-constant-no-dem:liljegren-thermofeel2.3.0:day-nex-normalised-complete365-feb29dropped,3815865200.244033,3815865200.244033,1.0,15,15,0,intersection_area_weighted_valid_cells_only,native,,27.057494297988896,190.31949359471346,151.9400336556779,69.11994335348489,Jaisalmer,Sankra
Rajasthan,block,Jalore||Ahore,ACCESS-CM2,historical,2005,W1,outdoor-pilot-v1:W1:parton-logan-a1.86-b2.2:humidity-vapour_pressure:magnus-6.112-17.62-243.12:toa-shape-erbs1982:wind-w1-dtr-slope0.03-amp0.1-0.8:pressure-isa-elev-sea-level-constant-no-dem:liljegren-thermofeel2.3.0:day-nex-normalised-complete365-feb29dropped,1620473371.3061643,1620473371.3061643,1.0,9,9,0,intersection_area_weighted_valid_cells_only,native,,27.48779860325758,193.8109552637793,160.75421661185874,61.74486819924388,Jalore,Ahore
Rajasthan,block,Jalore||Bagoda,ACCESS-CM2,historical,2005,W1,outdoor-pilot-v1:W1:parton-logan-a1.86-b2.2:humidity-vapour_pressure:magnus-6.112-17.62-243.12:toa-shape-erbs1982:wind-w1-dtr-slope0.03-amp0.1-0.8:pressure-isa-elev-sea-level-constant-no-dem:liljegren-thermofeel2.3.0:day-nex-normalised-complete365-feb29dropped,818103825.8030066,818103825.8030066,1.0,5,5,0,intersection_area_weighted_valid_cells_only,native,,27.898641437946154,203.28239861299713,173.17352800695355,73.52623277198882,Jalore,Bagoda
Rajasthan,block,Jalore||Bhinmal,ACCESS-CM2,historical,2005,W1,outdoor-pilot-v1:W1:parton-logan-a1.86-b2.2:humidity-vapour_pressure:magnus-6.112-17.62-243.12:toa-shape-erbs1982:wind-w1-dtr-slope0.03-amp0.1-0.8:pressure-isa-elev-sea-level-constant-no-dem:liljegren-thermofeel2.3.0:day-nex-normalised-complete365-feb29dropped,586097993.3099625,586097993.3099625,1.0,6,6,0,intersection_area_weighted_valid_cells_only,native,,27.665504846074004,200.58685120569638,161.81909745298557,60.909352964699124,Jalore,Bhinmal
Rajasthan,block,Jalore||Chitalwana,ACCESS-CM2,historical,2005,W1,outdoor-pilot-v1:W1:parton-logan-a1.86-b2.2:humidity-vapour_pressure:magnus-6.112-17.62-243.12:toa-shape-erbs1982:wind-w1-dtr-slope0.03-amp0.1-0.8:pressure-isa-elev-sea-level-constant-no-dem:liljegren-thermofeel2.3.0:day-nex-normalised-complete365-feb29dropped,1677766019.4890683,1677766019.4890683,1.0,10,10,0,intersection_area_weighted_valid_cells_only,native,,28.30833917307435,207.4256119541521,182.83870354687093,86.66875579375915,Jalore,Chitalwana
Rajasthan,block,Jalore||Jalore,ACCESS-CM2,historical,2005,W1,outdoor-pilot-v1:W1:parton-logan-a1.86-b2.2:humidity-vapour_pressure:magnus-6.112-17.62-243.12:toa-shape-erbs1982:wind-w1-dtr-slope0.03-amp0.1-0.8:pressure-isa-elev-sea-level-constant-no-dem:liljegren-thermofeel2.3.0:day-nex-normalised-complete365-feb29dropped,1055830128.3553634,1055830128.3553634,1.0,7,7,0,intersection_area_weighted_valid_cells_only,native,,27.50252365098519,196.0233838887433,159.41815339168508,56.16546140299468,Jalore,Jalore
Rajasthan,block,Jalore||Jaswantpura,ACCESS-CM2,historical,2005,W1,outdoor-pilot-v1:W1:parton-logan-a1.86-b2.2:humidity-vapour_pressure:magnus-6.112-17.62-243.12:toa-shape-erbs1982:wind-w1-dtr-slope0.03-amp0.1-0.8:pressure-isa-elev-sea-level-constant-no-dem:liljegren-thermofeel2.3.0:day-nex-normalised-complete365-feb29dropped,1075877762.1475806,1075877762.1475806,1.0,6,6,0,intersection_area_weighted_valid_cells_only,native,,27.268984279378575,192.1894503776004,142.6491078376896,39.91867686709032,Jalore,Jaswantpura
Rajasthan,block,Jalore||Raniwara,ACCESS-CM2,historical,2005,W1,outdoor-pilot-v1:W1:parton-logan-a1.86-b2.2:humidity-vapour_pressure:magnus-6.112-17.62-243.12:toa-shape-erbs1982:wind-w1-dtr-slope0.03-amp0.1-0.8:pressure-isa-elev-sea-level-constant-no-dem:liljegren-thermofeel2.3.0:day-nex-normalised-complete365-feb29dropped,914732137.1848099,914732137.1848099,1.0,4,4,0,intersection_area_weighted_valid_cells_only,native,,27.463144660919518,199.9295249780052,150.416492763944,48.55407658492441,Jalore,Raniwara
Rajasthan,block,Jalore||Sanchore,ACCESS-CM2,historical,2005,W1,outdoor-pilot-v1:W1:parton-logan-a1.86-b2.2:humidity-vapour_pressure:magnus-6.112-17.62-243.12:toa-shape-erbs1982:wind-w1-dtr-slope0.03-amp0.1-0.8:pressure-isa-elev-sea-level-constant-no-dem:liljegren-thermofeel2.3.0:day-nex-normalised-complete365-feb29dropped,979524367.6431731,979524367.6431731,1.0,8,8,0,intersection_area_weighted_valid_cells_only,native,,28.17122827196741,205.6941842029708,179.26716804772965,78.52346980063092,Jalore,Sanchore
Rajasthan,block,Jalore||Sarnau,ACCESS-CM2,historical,2005,W1,outdoor-pilot-v1:W1:parton-logan-a1.86-b2.2:humidity-vapour_pressure:magnus-6.112-17.62-243.12:toa-shape-erbs1982:wind-w1-dtr-slope0.03-amp0.1-0.8:pressure-isa-elev-sea-level-constant-no-dem:liljegren-thermofeel2.3.0:day-nex-normalised-complete365-feb29dropped,442990217.48606485,442990217.48606485,1.0,4,4,0,intersection_area_weighted_valid_cells_only,native,,27.899990259450142,204.39041929407148,169.50927590344085,67.38296046273928,Jalore,Sarnau
Rajasthan,block,Jalore||Sayla,ACCESS-CM2,historical,2005,W1,outdoor-pilot-v1:W1:parton-logan-a1.86-b2.2:humidity-vapour_pressure:magnus-6.112-17.62-243.12:toa-shape-erbs1982:wind-w1-dtr-slope0.03-amp0.1-0.8:pressure-isa-elev-sea-level-constant-no-dem:liljegren-thermofeel2.3.0:day-nex-normalised-complete365-feb29dropped,1471915578.4734628,1471915578.4734628,1.0,8,8,0,intersection_area_weighted_valid_cells_only,native,,27.64928320485853,198.9496340593568,164.40034846560295,64.72464179272794,Jalore,Sayla
Rajasthan,block,Jhalawar||Aklera,ACCESS-CM2,historical,2005,W1,outdoor-pilot-v1:W1:parton-logan-a1.86-b2.2:humidity-vapour_pressure:magnus-6.112-17.62-243.12:toa-shape-erbs1982:wind-w1-dtr-slope0.03-amp0.1-0.8:pressure-isa-elev-sea-level-constant-no-dem:liljegren-thermofeel2.3.0:day-nex-normalised-complete365-feb29dropped,779166793.5646715,779166793.5646715,1.0,5,5,0,intersection_area_weighted_valid_cells_only,native,,27.871041279100183,208.81321647745446,175.88373429372965,74.43960280971099,Jhalawar,Aklera
Rajasthan,block,Jhalawar||Bakani,ACCESS-CM2,historical,2005,W1,outdoor-pilot-v1:W1:parton-logan-a1.86-b2.2:humidity-vapour_pressure:magnus-6.112-17.62-243.12:toa-shape-erbs1982:wind-w1-dtr-slope0.03-amp0.1-0.8:pressure-isa-elev-sea-level-constant-no-dem:liljegren-thermofeel2.3.0:day-nex-normalised-complete365-feb29dropped,445380680.9624896,445380680.9624896,1.0,4,4,0,intersection_area_weighted_valid_cells_only,native,,27.856837914818264,209.2542893080838,174.9604303304996,70.45438622033765,Jhalawar,Bakani
Rajasthan,block,Jhalawar||Bhawani Mandi,ACCESS-CM2,historical,2005,W1,outdoor-pilot-v1:W1:parton-logan-a1.86-b2.2:humidity-vapour_pressure:magnus-6.112-17.62-243.12:toa-shape-erbs1982:wind-w1-dtr-slope0.03-amp0.1-0.8:pressure-isa-elev-sea-level-constant-no-dem:liljegren-thermofeel2.3.0:day-nex-normalised-complete365-feb29dropped,702105248.4816223,702105248.4816223,1.0,6,6,0,intersection_area_weighted_valid_cells_only,native,,27.693888790133112,208.72185009847036,168.71366656056063,55.475605445986425,Jhalawar,Bhawani Mandi
Rajasthan,block,Jhalawar||Dag,ACCESS-CM2,historical,2005,W1,outdoor-pilot-v1:W1:parton-logan-a1.86-b2.2:humidity-vapour_pressure:magnus-6.112-17.62-243.12:toa-shape-erbs1982:wind-w1-dtr-slope0.03-amp0.1-0.8:pressure-isa-elev-sea-level-constant-no-dem:liljegren-thermofeel2.3.0:day-nex-normalised-complete365-feb29dropped,929916824.0475453,929916824.0475453,1.0,6,6,0,intersection_area_weighted_valid_cells_only,native,,27.55154705962129,205.48688092189678,163.22849239968053,35.47018364538414,Jhalawar,Dag
Rajasthan,block,Jhalawar||Jhalrapatan,ACCESS-CM2,historical,2005,W1,outdoor-pilot-v1:W1:parton-logan-a1.86-b2.2:humidity-vapour_pressure:magnus-6.112-17.62-243.12:toa-shape-erbs1982:wind-w1-dtr-slope0.03-amp0.1-0.8:pressure-isa-elev-sea-level-constant-no-dem:liljegren-thermofeel2.3.0:day-nex-normalised-complete365-feb29dropped,861890851.597662,861890851.597662,1.0,5,5,0,intersection_area_weighted_valid_cells_only,native,,27.918810911150327,209.84352446547186,176.1538997592935,84.27668512407922,Jhalawar,Jhalrapatan
Rajasthan,block,Jhalawar||Khanpur,ACCESS-CM2,historical,2005,W1,outdoor-pilot-v1:W1:parton-logan-a1.86-b2.2:humidity-vapour_pressure:magnus-6.112-17.62-243.12:toa-shape-erbs1982:wind-w1-dtr-slope0.03-amp0.1-0.8:pressure-isa-elev-sea-level-constant-no-dem:liljegren-thermofeel2.3.0:day-nex-normalised-complete365-feb29dropped,937076841.490537,937076841.490537,1.0,7,7,0,intersection_area_weighted_valid_cells_only,native,,28.028485008598924,209.9225988507803,179.66982992481363,101.91039126307705,Jhalawar,Khanpur
Rajasthan,block,Jhalawar||Manoharthana,ACCESS-CM2,historical,2005,W1,outdoor-pilot-v1:W1:parton-logan-a1.86-b2.2:humidity-vapour_pressure:magnus-6.112-17.62-243.12:toa-shape-erbs1982:wind-w1-dtr-slope0.03-amp0.1-0.8:pressure-isa-elev-sea-level-constant-no-dem:liljegren-thermofeel2.3.0:day-nex-normalised-complete365-feb29dropped,636826887.0567931,636826887.0567931,1.0,4,4,0,intersection_area_weighted_valid_cells_only,native,,27.732094477045653,206.11199797543088,174.36313253865805,64.10122502854092,Jhalawar,Manoharthana
Rajasthan,block,Jhalawar||Pirawa (Sunel),ACCESS-CM2,historical,2005,W1,outdoor-pilot-v1:W1:parton-logan-a1.86-b2.2:humidity-vapour_pressure:magnus-6.112-17.62-243.12:toa-shape-erbs1982:wind-w1-dtr-slope0.03-amp0.1-0.8:pressure-isa-elev-sea-level-constant-no-dem:liljegren-thermofeel2.3.0:day-nex-normalised-complete365-feb29dropped,1050704718.5359933,1050704718.5359933,1.0,4,4,0,intersection_area_weighted_valid_cells_only,native,,27.793402871685128,209.03146851994092,171.88009244526717,59.93447115110042,Jhalawar,Pirawa (Sunel)
Rajasthan,block,Jhunjhunu||Alsisar,ACCESS-CM2,historical,2005,W1,outdoor-pilot-v1:W1:parton-logan-a1.86-b2.2:humidity-vapour_pressure:magnus-6.112-17.62-243.12:toa-shape-erbs1982:wind-w1-dtr-slope0.03-amp0.1-0.8:pressure-isa-elev-sea-level-constant-no-dem:liljegren-thermofeel2.3.0:day-nex-normalised-complete365-feb29dropped,658812150.6575769,658812150.6575769,1.0,4,4,0,intersection_area_weighted_valid_cells_only,native,,27.364594741728556,197.33498121001452,166.17272295733127,106.18692937325346,Jhunjhunu,Alsisar
Rajasthan,block,Jhunjhunu||Buhana,ACCESS-CM2,historical,2005,W1,outdoor-pilot-v1:W1:parton-logan-a1.86-b2.2:humidity-vapour_pressure:magnus-6.112-17.62-243.12:toa-shape-erbs1982:wind-w1-dtr-slope0.03-amp0.1-0.8:pressure-isa-elev-sea-level-constant-no-dem:liljegren-thermofeel2.3.0:day-nex-normalised-complete365-feb29dropped,364202753.84085906,364202753.84085906,1.0,4,4,0,intersection_area_weighted_valid_cells_only,native,,27.31962300567881,195.55483218219433,165.29228912835498,104.09777345712742,Jhunjhunu,Buhana
Rajasthan,block,Jhunjhunu||Chirawa,ACCESS-CM2,historical,2005,W1,outdoor-pilot-v1:W1:parton-logan-a1.86-b2.2:humidity-vapour_pressure:magnus-6.112-17.62-243.12:toa-shape-erbs1982:wind-w1-dtr-slope0.03-amp0.1-0.8:pressure-isa-elev-sea-level-constant-no-dem:liljegren-thermofeel2.3.0:day-nex-normalised-complete365-feb29dropped,497906629.8040639,497906629.8040639,1.0,4,4,0,intersection_area_weighted_valid_cells_only,native,,27.284158579592372,195.65900367482803,164.27624838136148,100.67108560893683,Jhunjhunu,Chirawa
Rajasthan,block,Jhunjhunu||Jhunjhunu,ACCESS-CM2,historical,2005,W1,outdoor-pilot-v1:W1:parton-logan-a1.86-b2.2:humidity-vapour_pressure:magnus-6.112-17.62-243.12:toa-shape-erbs1982:wind-w1-dtr-slope0.03-amp0.1-0.8:pressure-isa-elev-sea-level-constant-no-dem:liljegren-thermofeel2.3.0:day-nex-normalised-complete365-feb29dropped,506344990.91486084,506344990.91486084,1.0,4,4,0,intersection_area_weighted_valid_cells_only,native,,27.18031709727677,194.5074894303887,160.24312293857966,98.2035903028371,Jhunjhunu,Jhunjhunu
Rajasthan,block,Jhunjhunu||Mandawa,ACCESS-CM2,historical,2005,W1,outdoor-pilot-v1:W1:parton-logan-a1.86-b2.2:humidity-vapour_pressure:magnus-6.112-17.62-243.12:toa-shape-erbs1982:wind-w1-dtr-slope0.03-amp0.1-0.8:pressure-isa-elev-sea-level-constant-no-dem:liljegren-thermofeel2.3.0:day-nex-normalised-complete365-feb29dropped,460638204.2288621,460638204.2288621,1.0,4,4,0,intersection_area_weighted_valid_cells_only,native,,27.192946567886796,194.8025874383878,159.6446371652883,98.54589248947715,Jhunjhunu,Mandawa
Rajasthan,block,Jhunjhunu||Nawalgarh,ACCESS-CM2,historical,2005,W1,outdoor-pilot-v1:W1:parton-logan-a1.86-b2.2:humidity-vapour_pressure:magnus-6.112-17.62-243.12:toa-shape-erbs1982:wind-w1-dtr-slope0.03-amp0.1-0.8:pressure-isa-elev-sea-level-constant-no-dem:liljegren-thermofeel2.3.0:day-nex-normalised-complete365-feb29dropped,1089159382.889534,1089159382.889534,1.0,7,7,0,intersection_area_weighted_valid_cells_only,native,,26.775601470887157,188.32934563452048,144.76376327632724,77.61780093113843,Jhunjhunu,Nawalgarh
Rajasthan,block,Jhunjhunu||Pilani,ACCESS-CM2,historical,2005,W1,outdoor-pilot-v1:W1:parton-logan-a1.86-b2.2:humidity-vapour_pressure:magnus-6.112-17.62-243.12:toa-shape-erbs1982:wind-w1-dtr-slope0.03-amp0.1-0.8:pressure-isa-elev-sea-level-constant-no-dem:liljegren-thermofeel2.3.0:day-nex-normalised-complete365-feb29dropped,373200060.3749176,373200060.3749176,1.0,4,4,0,intersection_area_weighted_valid_cells_only,native,,27.43339663420373,197.03696922270248,169.0263462839062,107.2191187853289,Jhunjhunu,Pilani
Rajasthan,block,Jhunjhunu||Singhana,ACCESS-CM2,historical,2005,W1,outdoor-pilot-v1:W1:parton-logan-a1.86-b2.2:humidity-vapour_pressure:magnus-6.112-17.62-243.12:toa-shape-erbs1982:wind-w1-dtr-slope0.03-amp0.1-0.8:pressure-isa-elev-sea-level-constant-no-dem:liljegren-thermofeel2.3.0:day-nex-normalised-complete365-feb29dropped,289230106.52786744,289230106.52786744,1.0,2,2,0,intersection_area_weighted_valid_cells_only,native,,27.223936661297078,194.69712392137922,162.39424784275843,99.18274352827537,Jhunjhunu,Singhana
Rajasthan,block,Jhunjhunu||Surajgarh,ACCESS-CM2,historical,2005,W1,outdoor-pilot-v1:W1:parton-logan-a1.86-b2.2:humidity-vapour_pressure:magnus-6.112-17.62-243.12:toa-shape-erbs1982:wind-w1-dtr-slope0.03-amp0.1-0.8:pressure-isa-elev-sea-level-constant-no-dem:liljegren-thermofeel2.3.0:day-nex-normalised-complete365-feb29dropped,432161758.95240736,432161758.95240736,1.0,4,4,0,intersection_area_weighted_valid_cells_only,native,,27.38866564116816,196.37543939103236,167.27493452870044,105.20690306401568,Jhunjhunu,Surajgarh
Rajasthan,block,Jodhpur Gramin||Balesar,ACCESS-CM2,historical,2005,W1,outdoor-pilot-v1:W1:parton-logan-a1.86-b2.2:humidity-vapour_pressure:magnus-6.112-17.62-243.12:toa-shape-erbs1982:wind-w1-dtr-slope0.03-amp0.1-0.8:pressure-isa-elev-sea-level-constant-no-dem:liljegren-thermofeel2.3.0:day-nex-normalised-complete365-feb29dropped,890977543.2865663,890977543.2865663,1.0,6,6,0,intersection_area_weighted_valid_cells_only,native,,27.408156239859782,195.45840110181982,158.36791961841203,81.07953495172669,Jodhpur Gramin,Balesar
Rajasthan,block,Jodhpur Gramin||Bawadi,ACCESS-CM2,historical,2005,W1,outdoor-pilot-v1:W1:parton-logan-a1.86-b2.2:humidity-vapour_pressure:magnus-6.112-17.62-243.12:toa-shape-erbs1982:wind-w1-dtr-slope0.03-amp0.1-0.8:pressure-isa-elev-sea-level-constant-no-dem:liljegren-thermofeel2.3.0:day-nex-normalised-complete365-feb29dropped,1270811884.7949605,1270811884.7949605,1.0,8,8,0,intersection_area_weighted_valid_cells_only,native,,27.430595639920917,195.53839479640425,158.778729616359,91.53863253247005,Jodhpur Gramin,Bawadi
Rajasthan,block,Jodhpur Gramin||Bhopalgarh,ACCESS-CM2,historical,2005,W1,outdoor-pilot-v1:W1:parton-logan-a1.86-b2.2:humidity-vapour_pressure:magnus-6.112-17.62-243.12:toa-shape-erbs1982:wind-w1-dtr-slope0.03-amp0.1-0.8:pressure-isa-elev-sea-level-constant-no-dem:liljegren-thermofeel2.3.0:day-nex-normalised-complete365-feb29dropped,1251898080.6465423,1251898080.6465423,1.0,5,5,0,intersection_area_weighted_valid_cells_only,native,,27.392647216945008,195.25433936810543,158.59501339859926,88.89230726522794,Jodhpur Gramin,Bhopalgarh
Rajasthan,block,Jodhpur Gramin||Bilara,ACCESS-CM2,historical,2005,W1,outdoor-pilot-v1:W1:parton-logan-a1.86-b2.2:humidity-vapour_pressure:magnus-6.112-17.62-243.12:toa-shape-erbs1982:wind-w1-dtr-slope0.03-amp0.1-0.8:pressure-isa-elev-sea-level-constant-no-dem:liljegren-thermofeel2.3.0:day-nex-normalised-complete365-feb29dropped,1090819741.279469,1090819741.279469,1.0,6,6,0,intersection_area_weighted_valid_cells_only,native,,27.510589842220956,195.85557612410747,161.17073183728942,85.80139378163899,Jodhpur Gramin,Bilara
Rajasthan,block,Jodhpur Gramin||Dhawa,ACCESS-CM2,historical,2005,W1,outdoor-pilot-v1:W1:parton-logan-a1.86-b2.2:humidity-vapour_pressure:magnus-6.112-17.62-243.12:toa-shape-erbs1982:wind-w1-dtr-slope0.03-amp0.1-0.8:pressure-isa-elev-sea-level-constant-no-dem:liljegren-thermofeel2.3.0:day-nex-normalised-complete365-feb29dropped,843583916.0120993,843583916.0120993,1.0,6,6,0,intersection_area_weighted_valid_cells_only,native,,27.606002021454973,196.55145966198262,164.71406368321755,85.04275000430621,Jodhpur Gramin,Dhawa
Rajasthan,block,Jodhpur Gramin||Luni,ACCESS-CM2,historical,2005,W1,outdoor-pilot-v1:W1:parton-logan-a1.86-b2.2:humidity-vapour_pressure:magnus-6.112-17.62-243.12:toa-shape-erbs1982:wind-w1-dtr-slope0.03-amp0.1-0.8:pressure-isa-elev-sea-level-constant-no-dem:liljegren-thermofeel2.3.0:day-nex-normalised-complete365-feb29dropped,1165562795.5208964,1165562795.5208964,1.0,7,7,0,intersection_area_weighted_valid_cells_only,native,,27.613587739916795,197.03874418433537,163.5901921036541,85.83886313279021,Jodhpur Gramin,Luni
Rajasthan,block,Jodhpur Gramin||Osian,ACCESS-CM2,historical,2005,W1,outdoor-pilot-v1:W1:parton-logan-a1.86-b2.2:humidity-vapour_pressure:magnus-6.112-17.62-243.12:toa-shape-erbs1982:wind-w1-dtr-slope0.03-amp0.1-0.8:pressure-isa-elev-sea-level-constant-no-dem:liljegren-thermofeel2.3.0:day-nex-normalised-complete365-feb29dropped,1159507086.9073927,1159507086.9073927,1.0,6,6,0,intersection_area_weighted_valid_cells_only,native,,27.253202274441644,192.50518489136456,155.7058686276292,82.12183581725024,Jodhpur Gramin,Osian
Rajasthan,block,Jodhpur Gramin||Peepad Sahar,ACCESS-CM2,historical,2005,W1,outdoor-pilot-v1:W1:parton-logan-a1.86-b2.2:humidity-vapour_pressure:magnus-6.112-17.62-243.12:toa-shape-erbs1982:wind-w1-dtr-slope0.03-amp0.1-0.8:pressure-isa-elev-sea-level-constant-no-dem:liljegren-thermofeel2.3.0:day-nex-normalised-complete365-feb29dropped,1081477137.4874778,1081477137.4874778,1.0,7,7,0,intersection_area_weighted_valid_cells_only,native,,27.50113847740233,195.85869898600328,160.3242362351141,91.03587106230589,Jodhpur Gramin,Peepad Sahar
Rajasthan,block,Jodhpur Gramin||Sekhala,ACCESS-CM2,historical,2005,W1,outdoor-pilot-v1:W1:parton-logan-a1.86-b2.2:humidity-vapour_pressure:magnus-6.112-17.62-243.12:toa-shape-erbs1982:wind-w1-dtr-slope0.03-amp0.1-0.8:pressure-isa-elev-sea-level-constant-no-dem:liljegren-thermofeel2.3.0:day-nex-normalised-complete365-feb29dropped,956740541.7521589,956740541.7521589,1.0,6,6,0,intersection_area_weighted_valid_cells_only,native,,27.246985050940214,192.57916358662885,154.75392245432297,75.40199935704678,Jodhpur Gramin,Sekhala
Rajasthan,block,Jodhpur Gramin||Shergarh,ACCESS-CM2,historical,2005,W1,outdoor-pilot-v1:W1:parton-logan-a1.86-b2.2:humidity-vapour_pressure:magnus-6.112-17.62-243.12:toa-shape-erbs1982:wind-w1-dtr-slope0.03-amp0.1-0.8:pressure-isa-elev-sea-level-constant-no-dem:liljegren-thermofeel2.3.0:day-nex-normalised-complete365-feb29dropped,1226116105.4719317,1226116105.4719317,1.0,7,7,0,intersection_area_weighted_valid_cells_only,native,,27.333778546805483,193.76089137959835,156.5242224358606,73.58644280497552,Jodhpur Gramin,Shergarh
Rajasthan,block,Jodhpur Gramin||Tinwari,ACCESS-CM2,historical,2005,W1,outdoor-pilot-v1:W1:parton-logan-a1.86-b2.2:humidity-vapour_pressure:magnus-6.112-17.62-243.12:toa-shape-erbs1982:wind-w1-dtr-slope0.03-amp0.1-0.8:pressure-isa-elev-sea-level-constant-no-dem:liljegren-thermofeel2.3.0:day-nex-normalised-complete365-feb29dropped,785790447.5172864,785790447.5172864,1.0,6,6,0,intersection_area_weighted_valid_cells_only,native,,27.323303554681306,194.35682526872043,156.92934146164214,81.13213276901998,Jodhpur Gramin,Tinwari
Rajasthan,block,Jodhpur||Keru,ACCESS-CM2,historical,2005,W1,outdoor-pilot-v1:W1:parton-logan-a1.86-b2.2:humidity-vapour_pressure:magnus-6.112-17.62-243.12:toa-shape-erbs1982:wind-w1-dtr-slope0.03-amp0.1-0.8:pressure-isa-elev-sea-level-constant-no-dem:liljegren-thermofeel2.3.0:day-nex-normalised-complete365-feb29dropped,656398173.2155536,656398173.2155536,1.0,4,4,0,intersection_area_weighted_valid_cells_only,native,,27.419794336598127,196.0,158.7383050200582,81.43032260684245,Jodhpur,Keru
Rajasthan,block,Jodhpur||Mandor,ACCESS-CM2,historical,2005,W1,outdoor-pilot-v1:W1:parton-logan-a1.86-b2.2:humidity-vapour_pressure:magnus-6.112-17.62-243.12:toa-shape-erbs1982:wind-w1-dtr-slope0.03-amp0.1-0.8:pressure-isa-elev-sea-level-constant-no-dem:liljegren-thermofeel2.3.0:day-nex-normalised-complete365-feb29dropped,897101282.3056359,897101282.3056359,1.0,6,6,0,intersection_area_weighted_valid_cells_only,native,,27.547496324843443,196.1418904049539,160.90133434428262,90.47735920997941,Jodhpur,Mandor
Rajasthan,block,Karauli||Hindaun,ACCESS-CM2,historical,2005,W1,outdoor-pilot-v1:W1:parton-logan-a1.86-b2.2:humidity-vapour_pressure:magnus-6.112-17.62-243.12:toa-shape-erbs1982:wind-w1-dtr-slope0.03-amp0.1-0.8:pressure-isa-elev-sea-level-constant-no-dem:liljegren-thermofeel2.3.0:day-nex-normalised-complete365-feb29dropped,425743311.6095833,425743311.6095833,1.0,4,4,0,intersection_area_weighted_valid_cells_only,native,,27.713573339034216,204.0,171.95339523794135,106.25364302385569,Karauli,Hindaun
Rajasthan,block,Karauli||Karauli,ACCESS-CM2,historical,2005,W1,outdoor-pilot-v1:W1:parton-logan-a1.86-b2.2:humidity-vapour_pressure:magnus-6.112-17.62-243.12:toa-shape-erbs1982:wind-w1-dtr-slope0.03-amp0.1-0.8:pressure-isa-elev-sea-level-constant-no-dem:liljegren-thermofeel2.3.0:day-nex-normalised-complete365-feb29dropped,680935533.7044693,680935533.7044693,1.0,4,4,0,intersection_area_weighted_valid_cells_only,native,,27.620163330439087,203.49369494271122,170.80310540364857,104.79159295467515,Karauli,Karauli
Rajasthan,block,Karauli||Mandrayal,ACCESS-CM2,historical,2005,W1,outdoor-pilot-v1:W1:parton-logan-a1.86-b2.2:humidity-vapour_pressure:magnus-6.112-17.62-243.12:toa-shape-erbs1982:wind-w1-dtr-slope0.03-amp0.1-0.8:pressure-isa-elev-sea-level-constant-no-dem:liljegren-thermofeel2.3.0:day-nex-normalised-complete365-feb29dropped,575851432.7690359,575851432.7690359,1.0,4,4,0,intersection_area_weighted_valid_cells_only,native,,27.797354537063164,204.8170116891416,176.1244720091071,112.31223125859286,Karauli,Mandrayal
Rajasthan,block,Karauli||Masalpur,ACCESS-CM2,historical,2005,W1,outdoor-pilot-v1:W1:parton-logan-a1.86-b2.2:humidity-vapour_pressure:magnus-6.112-17.62-243.12:toa-shape-erbs1982:wind-w1-dtr-slope0.03-amp0.1-0.8:pressure-isa-elev-sea-level-constant-no-dem:liljegren-thermofeel2.3.0:day-nex-normalised-complete365-feb29dropped,576682605.6451085,576682605.6451085,1.0,5,5,0,intersection_area_weighted_valid_cells_only,native,,27.76323077412181,204.0,173.49411326881244,110.02906888294176,Karauli,Masalpur
Rajasthan,block,Karauli||Sapotra,ACCESS-CM2,historical,2005,W1,outdoor-pilot-v1:W1:parton-logan-a1.86-b2.2:humidity-vapour_pressure:magnus-6.112-17.62-243.12:toa-shape-erbs1982:wind-w1-dtr-slope0.03-amp0.1-0.8:pressure-isa-elev-sea-level-constant-no-dem:liljegren-thermofeel2.3.0:day-nex-normalised-complete365-feb29dropped,1357046658.9998183,1357046658.9998183,1.0,6,6,0,intersection_area_weighted_valid_cells_only,native,,27.72492286268237,204.00499131372467,172.5274130758646,109.83051852581862,Karauli,Sapotra
Rajasthan,block,Karauli||Sri Mahaveer Ji,ACCESS-CM2,historical,2005,W1,outdoor-pilot-v1:W1:parton-logan-a1.86-b2.2:humidity-vapour_pressure:magnus-6.112-17.62-243.12:toa-shape-erbs1982:wind-w1-dtr-slope0.03-amp0.1-0.8:pressure-isa-elev-sea-level-constant-no-dem:liljegren-thermofeel2.3.0:day-nex-normalised-complete365-feb29dropped,210681372.93652374,210681372.93652374,1.0,4,4,0,intersection_area_weighted_valid_cells_only,native,,27.7246070500121,204.0,172.2604243019052,109.54931909160179,Karauli,Sri Mahaveer Ji
Rajasthan,block,Kekri||Bhinay,ACCESS-CM2,historical,2005,W1,outdoor-pilot-v1:W1:parton-logan-a1.86-b2.2:humidity-vapour_pressure:magnus-6.112-17.62-243.12:toa-shape-erbs1982:wind-w1-dtr-slope0.03-amp0.1-0.8:pressure-isa-elev-sea-level-constant-no-dem:liljegren-thermofeel2.3.0:day-nex-normalised-complete365-feb29dropped,979197845.684492,979197845.684492,1.0,5,5,0,intersection_area_weighted_valid_cells_only,native,,26.984746633709936,190.29107572905926,149.81490372016626,47.968322334557456,Kekri,Bhinay
Rajasthan,block,Kekri||Kekri,ACCESS-CM2,historical,2005,W1,outdoor-pilot-v1:W1:parton-logan-a1.86-b2.2:humidity-vapour_pressure:magnus-6.112-17.62-243.12:toa-shape-erbs1982:wind-w1-dtr-slope0.03-amp0.1-0.8:pressure-isa-elev-sea-level-constant-no-dem:liljegren-thermofeel2.3.0:day-nex-normalised-complete365-feb29dropped,1003625481.1423327,1003625481.1423327,1.0,6,6,0,intersection_area_weighted_valid_cells_only,native,,27.1676405120197,195.15309801760154,153.316376422836,60.92495816233399,Kekri,Kekri
Rajasthan,block,Kekri||Sarwar,ACCESS-CM2,historical,2005,W1,outdoor-pilot-v1:W1:parton-logan-a1.86-b2.2:humidity-vapour_pressure:magnus-6.112-17.62-243.12:toa-shape-erbs1982:wind-w1-dtr-slope0.03-amp0.1-0.8:pressure-isa-elev-sea-level-constant-no-dem:liljegren-thermofeel2.3.0:day-nex-normalised-complete365-feb29dropped,884164747.4832326,884164747.4832326,1.0,6,6,0,intersection_area_weighted_valid_cells_only,native,,27.060362635368183,192.94564810727883,151.0775647322045,57.35184989450801,Kekri,Sarwar
Rajasthan,block,Kekri||Todaraisingh,ACCESS-CM2,historical,2005,W1,outdoor-pilot-v1:W1:parton-logan-a1.86-b2.2:humidity-vapour_pressure:magnus-6.112-17.62-243.12:toa-shape-erbs1982:wind-w1-dtr-slope0.03-amp0.1-0.8:pressure-isa-elev-sea-level-constant-no-dem:liljegren-thermofeel2.3.0:day-nex-normalised-complete365-feb29dropped,1001930705.2136889,1001930705.2136889,1.0,5,5,0,intersection_area_weighted_valid_cells_only,native,,27.377420376819227,199.51973428880433,157.99310668710442,78.27814406014322,Kekri,Todaraisingh
Rajasthan,block,Khairthal-Tijara||Kishangarh Bas,ACCESS-CM2,historical,2005,W1,outdoor-pilot-v1:W1:parton-logan-a1.86-b2.2:humidity-vapour_pressure:magnus-6.112-17.62-243.12:toa-shape-erbs1982:wind-w1-dtr-slope0.03-amp0.1-0.8:pressure-isa-elev-sea-level-constant-no-dem:liljegren-thermofeel2.3.0:day-nex-normalised-complete365-feb29dropped,396884304.86530685,396884304.86530685,1.0,4,4,0,intersection_area_weighted_valid_cells_only,native,,27.30717366589252,195.91790317275039,163.42548430455014,103.10645835160034,Khairthal-Tijara,Kishangarh Bas
Rajasthan,block,Khairthal-Tijara||Kotkasim,ACCESS-CM2,historical,2005,W1,outdoor-pilot-v1:W1:parton-logan-a1.86-b2.2:humidity-vapour_pressure:magnus-6.112-17.62-243.12:toa-shape-erbs1982:wind-w1-dtr-slope0.03-amp0.1-0.8:pressure-isa-elev-sea-level-constant-no-dem:liljegren-thermofeel2.3.0:day-nex-normalised-complete365-feb29dropped,340969718.13381416,340969718.13381416,1.0,4,4,0,intersection_area_weighted_valid_cells_only,native,,27.367953254151473,196.43649793442955,163.84013291516357,106.37822567598025,Khairthal-Tijara,Kotkasim
Rajasthan,block,Khairthal-Tijara||Mandawar,ACCESS-CM2,historical,2005,W1,outdoor-pilot-v1:W1:parton-logan-a1.86-b2.2:humidity-vapour_pressure:magnus-6.112-17.62-243.12:toa-shape-erbs1982:wind-w1-dtr-slope0.03-amp0.1-0.8:pressure-isa-elev-sea-level-constant-no-dem:liljegren-thermofeel2.3.0:day-nex-normalised-complete365-feb29dropped,570869235.2564065,570869235.2564065,1.0,6,6,0,intersection_area_weighted_valid_cells_only,native,,27.235904999672133,194.86595195771378,161.76780023850037,100.91821292470833,Khairthal-Tijara,Mandawar
Rajasthan,block,Khairthal-Tijara||Tijara,ACCESS-CM2,historical,2005,W1,outdoor-pilot-v1:W1:parton-logan-a1.86-b2.2:humidity-vapour_pressure:magnus-6.112-17.62-243.12:toa-shape-erbs1982:wind-w1-dtr-slope0.03-amp0.1-0.8:pressure-isa-elev-sea-level-constant-no-dem:liljegren-thermofeel2.3.0:day-nex-normalised-complete365-feb29dropped,697585230.6362562,697585230.6362562,1.0,4,4,0,intersection_area_weighted_valid_cells_only,native,,27.382149059516937,195.52408834738068,164.4736620390403,106.91741712216775,Khairthal-Tijara,Tijara
Rajasthan,block,Kota||Itawa,ACCESS-CM2,historical,2005,W1,outdoor-pilot-v1:W1:parton-logan-a1.86-b2.2:humidity-vapour_pressure:magnus-6.112-17.62-243.12:toa-shape-erbs1982:wind-w1-dtr-slope0.03-amp0.1-0.8:pressure-isa-elev-sea-level-constant-no-dem:liljegren-thermofeel2.3.0:day-nex-normalised-complete365-feb29dropped,899628475.0539647,899628475.0539647,1.0,6,6,0,intersection_area_weighted_valid_cells_only,native,,28.142672709111896,209.08256803609436,180.9508511116263,127.68175184858643,Kota,Itawa
Rajasthan,block,Kota||Khairabad,ACCESS-CM2,historical,2005,W1,outdoor-pilot-v1:W1:parton-logan-a1.86-b2.2:humidity-vapour_pressure:magnus-6.112-17.62-243.12:toa-shape-erbs1982:wind-w1-dtr-slope0.03-amp0.1-0.8:pressure-isa-elev-sea-level-constant-no-dem:liljegren-thermofeel2.3.0:day-nex-normalised-complete365-feb29dropped,764902014.5039028,764902014.5039028,1.0,4,4,0,intersection_area_weighted_valid_cells_only,native,,27.69213701574308,207.3966021545057,169.0702448130361,71.33120369076845,Kota,Khairabad
Rajasthan,block,Kota||Ladpura,ACCESS-CM2,historical,2005,W1,outdoor-pilot-v1:W1:parton-logan-a1.86-b2.2:humidity-vapour_pressure:magnus-6.112-17.62-243.12:toa-shape-erbs1982:wind-w1-dtr-slope0.03-amp0.1-0.8:pressure-isa-elev-sea-level-constant-no-dem:liljegren-thermofeel2.3.0:day-nex-normalised-complete365-feb29dropped,1464240042.990233,1464240042.990233,1.0,8,8,0,intersection_area_weighted_valid_cells_only,native,,27.819598210070772,207.24031992023654,172.00706841111014,92.6710806890763,Kota,Ladpura
Rajasthan,block,Kota||Sangod,ACCESS-CM2,historical,2005,W1,outdoor-pilot-v1:W1:parton-logan-a1.86-b2.2:humidity-vapour_pressure:magnus-6.112-17.62-243.12:toa-shape-erbs1982:wind-w1-dtr-slope0.03-amp0.1-0.8:pressure-isa-elev-sea-level-constant-no-dem:liljegren-thermofeel2.3.0:day-nex-normalised-complete365-feb29dropped,1045262848.4842787,1045262848.4842787,1.0,7,7,0,intersection_area_weighted_valid_cells_only,native,,28.08771557025534,209.99592452816202,179.60974506776492,113.17498285867813,Kota,Sangod
Rajasthan,block,Kota||Sultanpur,ACCESS-CM2,historical,2005,W1,outdoor-pilot-v1:W1:parton-logan-a1.86-b2.2:humidity-vapour_pressure:magnus-6.112-17.62-243.12:toa-shape-erbs1982:wind-w1-dtr-slope0.03-amp0.1-0.8:pressure-isa-elev-sea-level-constant-no-dem:liljegren-thermofeel2.3.0:day-nex-normalised-complete365-feb29dropped,915661070.2903329,915661070.2903329,1.0,6,6,0,intersection_area_weighted_valid_cells_only,native,,28.17583893346109,209.97147883063906,181.54711416917377,127.70585243209881,Kota,Sultanpur
Rajasthan,block,Kotputli-Behror||Bansur,ACCESS-CM2,historical,2005,W1,outdoor-pilot-v1:W1:parton-logan-a1.86-b2.2:humidity-vapour_pressure:magnus-6.112-17.62-243.12:toa-shape-erbs1982:wind-w1-dtr-slope0.03-amp0.1-0.8:pressure-isa-elev-sea-level-constant-no-dem:liljegren-thermofeel2.3.0:day-nex-normalised-complete365-feb29dropped,884988729.8336607,884988729.8336607,1.0,7,7,0,intersection_area_weighted_valid_cells_only,native,,26.75794456657747,187.91038215472244,142.13571739933218,76.82961098934467,Kotputli-Behror,Bansur
Rajasthan,block,Kotputli-Behror||Behror,ACCESS-CM2,historical,2005,W1,outdoor-pilot-v1:W1:parton-logan-a1.86-b2.2:humidity-vapour_pressure:magnus-6.112-17.62-243.12:toa-shape-erbs1982:wind-w1-dtr-slope0.03-amp0.1-0.8:pressure-isa-elev-sea-level-constant-no-dem:liljegren-thermofeel2.3.0:day-nex-normalised-complete365-feb29dropped,349826468.5855533,349826468.5855533,1.0,4,4,0,intersection_area_weighted_valid_cells_only,native,,27.11971925454146,192.74730984389373,159.85165243965287,94.68346705374805,Kotputli-Behror,Behror
Rajasthan,block,Kotputli-Behror||Kotputli,ACCESS-CM2,historical,2005,W1,outdoor-pilot-v1:W1:parton-logan-a1.86-b2.2:humidity-vapour_pressure:magnus-6.112-17.62-243.12:toa-shape-erbs1982:wind-w1-dtr-slope0.03-amp0.1-0.8:pressure-isa-elev-sea-level-constant-no-dem:liljegren-thermofeel2.3.0:day-nex-normalised-complete365-feb29dropped,398329375.1315756,398329375.1315756,1.0,4,4,0,intersection_area_weighted_valid_cells_only,native,,26.867966179531305,189.1269131371471,147.8293999970309,78.23339855369136,Kotputli-Behror,Kotputli
Rajasthan,block,Kotputli-Behror||Neemrana,ACCESS-CM2,historical,2005,W1,outdoor-pilot-v1:W1:parton-logan-a1.86-b2.2:humidity-vapour_pressure:magnus-6.112-17.62-243.12:toa-shape-erbs1982:wind-w1-dtr-slope0.03-amp0.1-0.8:pressure-isa-elev-sea-level-constant-no-dem:liljegren-thermofeel2.3.0:day-nex-normalised-complete365-feb29dropped,390806225.382414,390806225.382414,1.0,5,5,0,intersection_area_weighted_valid_cells_only,native,,27.295721657202126,195.91245729738452,164.90421055776875,105.42255440383106,Kotputli-Behror,Neemrana
Rajasthan,block,Kotputli-Behror||Paota,ACCESS-CM2,historical,2005,W1,outdoor-pilot-v1:W1:parton-logan-a1.86-b2.2:humidity-vapour_pressure:magnus-6.112-17.62-243.12:toa-shape-erbs1982:wind-w1-dtr-slope0.03-amp0.1-0.8:pressure-isa-elev-sea-level-constant-no-dem:liljegren-thermofeel2.3.0:day-nex-normalised-complete365-feb29dropped,412497719.2908802,412497719.2908802,1.0,4,4,0,intersection_area_weighted_valid_cells_only,native,,26.65809827757026,186.38143129536996,138.34663539339672,65.50475181492823,Kotputli-Behror,Paota
Rajasthan,block,Kotputli-Behror||Viratnagar,ACCESS-CM2,historical,2005,W1,outdoor-pilot-v1:W1:parton-logan-a1.86-b2.2:humidity-vapour_pressure:magnus-6.112-17.62-243.12:toa-shape-erbs1982:wind-w1-dtr-slope0.03-amp0.1-0.8:pressure-isa-elev-sea-level-constant-no-dem:liljegren-thermofeel2.3.0:day-nex-normalised-complete365-feb29dropped,483432854.81098276,483432854.81098276,1.0,5,5,0,intersection_area_weighted_valid_cells_only,native,,26.5118230280294,183.4333637758228,133.82870926221443,56.56369697496974,Kotputli-Behror,Viratnagar
Rajasthan,block,Nagaur||Bherunda,ACCESS-CM2,historical,2005,W1,outdoor-pilot-v1:W1:parton-logan-a1.86-b2.2:humidity-vapour_pressure:magnus-6.112-17.62-243.12:toa-shape-erbs1982:wind-w1-dtr-slope0.03-amp0.1-0.8:pressure-isa-elev-sea-level-constant-no-dem:liljegren-thermofeel2.3.0:day-nex-normalised-complete365-feb29dropped,706222650.1602631,706222650.1602631,1.0,6,6,0,intersection_area_weighted_valid_cells_only,native,,26.956415921334617,190.66343126479234,149.30353933132997,57.99800186595776,Nagaur,Bherunda
Rajasthan,block,Nagaur||Degana,ACCESS-CM2,historical,2005,W1,outdoor-pilot-v1:W1:parton-logan-a1.86-b2.2:humidity-vapour_pressure:magnus-6.112-17.62-243.12:toa-shape-erbs1982:wind-w1-dtr-slope0.03-amp0.1-0.8:pressure-isa-elev-sea-level-constant-no-dem:liljegren-thermofeel2.3.0:day-nex-normalised-complete365-feb29dropped,1204258733.012392,1204258733.012392,1.0,7,7,0,intersection_area_weighted_valid_cells_only,native,,27.217574991121076,193.58028567263102,154.02721271795127,83.7144915393984,Nagaur,Degana
Rajasthan,block,Nagaur||Jayal,ACCESS-CM2,historical,2005,W1,outdoor-pilot-v1:W1:parton-logan-a1.86-b2.2:humidity-vapour_pressure:magnus-6.112-17.62-243.12:toa-shape-erbs1982:wind-w1-dtr-slope0.03-amp0.1-0.8:pressure-isa-elev-sea-level-constant-no-dem:liljegren-thermofeel2.3.0:day-nex-normalised-complete365-feb29dropped,2075822339.4447415,2075822339.4447415,1.0,9,9,0,intersection_area_weighted_valid_cells_only,native,,27.255627769285628,195.0985392261773,154.1671073460123,92.05824073982456,Nagaur,Jayal
Rajasthan,block,Nagaur||Khinvsar,ACCESS-CM2,historical,2005,W1,outdoor-pilot-v1:W1:parton-logan-a1.86-b2.2:humidity-vapour_pressure:magnus-6.112-17.62-243.12:toa-shape-erbs1982:wind-w1-dtr-slope0.03-amp0.1-0.8:pressure-isa-elev-sea-level-constant-no-dem:liljegren-thermofeel2.3.0:day-nex-normalised-complete365-feb29dropped,1653431655.1326966,1653431655.1326966,1.0,8,8,0,intersection_area_weighted_valid_cells_only,native,,27.3448676276659,195.2736686708763,158.12295132791988,94.63173810325962,Nagaur,Khinvsar
Rajasthan,block,Nagaur||Merta,ACCESS-CM2,historical,2005,W1,outdoor-pilot-v1:W1:parton-logan-a1.86-b2.2:humidity-vapour_pressure:magnus-6.112-17.62-243.12:toa-shape-erbs1982:wind-w1-dtr-slope0.03-amp0.1-0.8:pressure-isa-elev-sea-level-constant-no-dem:liljegren-thermofeel2.3.0:day-nex-normalised-complete365-feb29dropped,1501603108.438953,1501603108.438953,1.0,7,7,0,intersection_area_weighted_valid_cells_only,native,,27.39166164428587,195.3425076133527,158.20601397102593,89.83171695417155,Nagaur,Merta
Rajasthan,block,Nagaur||Mundwa,ACCESS-CM2,historical,2005,W1,outdoor-pilot-v1:W1:parton-logan-a1.86-b2.2:humidity-vapour_pressure:magnus-6.112-17.62-243.12:toa-shape-erbs1982:wind-w1-dtr-slope0.03-amp0.1-0.8:pressure-isa-elev-sea-level-constant-no-dem:liljegren-thermofeel2.3.0:day-nex-normalised-complete365-feb29dropped,1069177543.0702081,1069177543.0702081,1.0,8,8,0,intersection_area_weighted_valid_cells_only,native,,27.371651132441563,194.87338108897993,157.40408870869396,92.75145062617693,Nagaur,Mundwa
Rajasthan,block,Nagaur||Nagaur,ACCESS-CM2,historical,2005,W1,outdoor-pilot-v1:W1:parton-logan-a1.86-b2.2:humidity-vapour_pressure:magnus-6.112-17.62-243.12:toa-shape-erbs1982:wind-w1-dtr-slope0.03-amp0.1-0.8:pressure-isa-elev-sea-level-constant-no-dem:liljegren-thermofeel2.3.0:day-nex-normalised-complete365-feb29dropped,1999630961.0458128,1999630961.0458128,1.0,9,9,0,intersection_area_weighted_valid_cells_only,native,,27.404927058552538,197.05287469613936,157.92569848358497,99.946998826655,Nagaur,Nagaur
Rajasthan,block,Nagaur||Riyan Badi,ACCESS-CM2,historical,2005,W1,outdoor-pilot-v1:W1:parton-logan-a1.86-b2.2:humidity-vapour_pressure:magnus-6.112-17.62-243.12:toa-shape-erbs1982:wind-w1-dtr-slope0.03-amp0.1-0.8:pressure-isa-elev-sea-level-constant-no-dem:liljegren-thermofeel2.3.0:day-nex-normalised-complete365-feb29dropped,796632466.2562516,796632466.2562516,1.0,7,7,0,intersection_area_weighted_valid_cells_only,native,,27.26321158916296,193.43564236886516,153.56793171179893,76.33561675000028,Nagaur,Riyan Badi
Rajasthan,block,Neem Ka Thana||Ajeetgarh,ACCESS-CM2,historical,2005,W1,outdoor-pilot-v1:W1:parton-logan-a1.86-b2.2:humidity-vapour_pressure:magnus-6.112-17.62-243.12:toa-shape-erbs1982:wind-w1-dtr-slope0.03-amp0.1-0.8:pressure-isa-elev-sea-level-constant-no-dem:liljegren-thermofeel2.3.0:day-nex-normalised-complete365-feb29dropped,498386738.60897946,498386738.60897946,1.0,4,4,0,intersection_area_weighted_valid_cells_only,native,,26.400326666599682,183.71076379454595,128.95564941396592,48.823949277742585,Neem Ka Thana,Ajeetgarh
Rajasthan,block,Neem Ka Thana||Khetri,ACCESS-CM2,historical,2005,W1,outdoor-pilot-v1:W1:parton-logan-a1.86-b2.2:humidity-vapour_pressure:magnus-6.112-17.62-243.12:toa-shape-erbs1982:wind-w1-dtr-slope0.03-amp0.1-0.8:pressure-isa-elev-sea-level-constant-no-dem:liljegren-thermofeel2.3.0:day-nex-normalised-complete365-feb29dropped,804584943.1330549,804584943.1330549,1.0,5,5,0,intersection_area_weighted_valid_cells_only,native,,26.94665970593204,190.40958259351063,152.98269464780688,85.21168801893599,Neem Ka Thana,Khetri
Rajasthan,block,Neem Ka Thana||Neem Ka Thana,ACCESS-CM2,historical,2005,W1,outdoor-pilot-v1:W1:parton-logan-a1.86-b2.2:humidity-vapour_pressure:magnus-6.112-17.62-243.12:toa-shape-erbs1982:wind-w1-dtr-slope0.03-amp0.1-0.8:pressure-isa-elev-sea-level-constant-no-dem:liljegren-thermofeel2.3.0:day-nex-normalised-complete365-feb29dropped,539929679.5541512,539929679.5541512,1.0,4,4,0,intersection_area_weighted_valid_cells_only,native,,26.508288617001078,185.35429507281358,134.6361329004726,56.876794550078905,Neem Ka Thana,Neem Ka Thana
Rajasthan,block,Neem Ka Thana||Patan,ACCESS-CM2,historical,2005,W1,outdoor-pilot-v1:W1:parton-logan-a1.86-b2.2:humidity-vapour_pressure:magnus-6.112-17.62-243.12:toa-shape-erbs1982:wind-w1-dtr-slope0.03-amp0.1-0.8:pressure-isa-elev-sea-level-constant-no-dem:liljegren-thermofeel2.3.0:day-nex-normalised-complete365-feb29dropped,384526857.4132128,384526857.4132128,1.0,4,4,0,intersection_area_weighted_valid_cells_only,native,,26.75529804154948,187.91914877126496,146.5323494194799,73.71198014165014,Neem Ka Thana,Patan
Rajasthan,block,Neem Ka Thana||Sri Madhopur,ACCESS-CM2,historical,2005,W1,outdoor-pilot-v1:W1:parton-logan-a1.86-b2.2:humidity-vapour_pressure:magnus-6.112-17.62-243.12:toa-shape-erbs1982:wind-w1-dtr-slope0.03-amp0.1-0.8:pressure-isa-elev-sea-level-constant-no-dem:liljegren-thermofeel2.3.0:day-nex-normalised-complete365-feb29dropped,497260382.90367067,497260382.90367067,1.0,5,5,0,intersection_area_weighted_valid_cells_only,native,,26.48025358730928,184.9146980501909,132.35862285907427,49.70939394559193,Neem Ka Thana,Sri Madhopur
Rajasthan,block,Neem Ka Thana||Udaipurwati,ACCESS-CM2,historical,2005,W1,outdoor-pilot-v1:W1:parton-logan-a1.86-b2.2:humidity-vapour_pressure:magnus-6.112-17.62-243.12:toa-shape-erbs1982:wind-w1-dtr-slope0.03-amp0.1-0.8:pressure-isa-elev-sea-level-constant-no-dem:liljegren-thermofeel2.3.0:day-nex-normalised-complete365-feb29dropped,447926847.23191065,447926847.23191065,1.0,4,4,0,intersection_area_weighted_valid_cells_only,native,,26.609008774811674,186.13901607152627,137.8568994161732,65.2469052938784,Neem Ka Thana,Udaipurwati
Rajasthan,block,Pali||Bali,ACCESS-CM2,historical,2005,W1,outdoor-pilot-v1:W1:parton-logan-a1.86-b2.2:humidity-vapour_pressure:magnus-6.112-17.62-243.12:toa-shape-erbs1982:wind-w1-dtr-slope0.03-amp0.1-0.8:pressure-isa-elev-sea-level-constant-no-dem:liljegren-thermofeel2.3.0:day-nex-normalised-complete365-feb29dropped,1414538855.025001,1414538855.025001,1.0,8,8,0,intersection_area_weighted_valid_cells_only,native,,26.398670909240085,175.5400774094631,91.6210501340966,15.176199763500549,Pali,Bali
Rajasthan,block,Pali||Desuri,ACCESS-CM2,historical,2005,W1,outdoor-pilot-v1:W1:parton-logan-a1.86-b2.2:humidity-vapour_pressure:magnus-6.112-17.62-243.12:toa-shape-erbs1982:wind-w1-dtr-slope0.03-amp0.1-0.8:pressure-isa-elev-sea-level-constant-no-dem:liljegren-thermofeel2.3.0:day-nex-normalised-complete365-feb29dropped,840483296.7001067,840483296.7001067,1.0,6,6,0,intersection_area_weighted_valid_cells_only,native,,26.531894519651825,178.0967330939557,109.79738270549579,20.293174199771553,Pali,Desuri
Rajasthan,block,Pali||Kharchi(Mar.Jun),ACCESS-CM2,historical,2005,W1,outdoor-pilot-v1:W1:parton-logan-a1.86-b2.2:humidity-vapour_pressure:magnus-6.112-17.62-243.12:toa-shape-erbs1982:wind-w1-dtr-slope0.03-amp0.1-0.8:pressure-isa-elev-sea-level-constant-no-dem:liljegren-thermofeel2.3.0:day-nex-normalised-complete365-feb29dropped,1401040798.2453895,1401040798.2453895,1.0,8,8,0,intersection_area_weighted_valid_cells_only,native,,27.01380052235263,187.59927695360108,142.88560790090767,42.450961755275344,Pali,Kharchi(Mar.Jun)
Rajasthan,block,Pali||Pali,ACCESS-CM2,historical,2005,W1,outdoor-pilot-v1:W1:parton-logan-a1.86-b2.2:humidity-vapour_pressure:magnus-6.112-17.62-243.12:toa-shape-erbs1982:wind-w1-dtr-slope0.03-amp0.1-0.8:pressure-isa-elev-sea-level-constant-no-dem:liljegren-thermofeel2.3.0:day-nex-normalised-complete365-feb29dropped,1361481407.081191,1361481407.081191,1.0,7,7,0,intersection_area_weighted_valid_cells_only,native,,27.34097118928835,191.5148994753684,157.56024565859994,55.672336513692265,Pali,Pali
Rajasthan,block,Pali||Rani Station,ACCESS-CM2,historical,2005,W1,outdoor-pilot-v1:W1:parton-logan-a1.86-b2.2:humidity-vapour_pressure:magnus-6.112-17.62-243.12:toa-shape-erbs1982:wind-w1-dtr-slope0.03-amp0.1-0.8:pressure-isa-elev-sea-level-constant-no-dem:liljegren-thermofeel2.3.0:day-nex-normalised-complete365-feb29dropped,779023709.9591348,779023709.9591348,1.0,6,6,0,intersection_area_weighted_valid_cells_only,native,,27.13074296318983,189.09336479939006,146.49607335309557,38.82064249547952,Pali,Rani Station
Rajasthan,block,Pali||Rohat,ACCESS-CM2,historical,2005,W1,outdoor-pilot-v1:W1:parton-logan-a1.86-b2.2:humidity-vapour_pressure:magnus-6.112-17.62-243.12:toa-shape-erbs1982:wind-w1-dtr-slope0.03-amp0.1-0.8:pressure-isa-elev-sea-level-constant-no-dem:liljegren-thermofeel2.3.0:day-nex-normalised-complete365-feb29dropped,1429071230.7176347,1429071230.7176347,1.0,7,7,0,intersection_area_weighted_valid_cells_only,native,,27.47815852910481,194.55107371708988,160.88223928755812,71.04312035205257,Pali,Rohat
Rajasthan,block,Pali||Sojat,ACCESS-CM2,historical,2005,W1,outdoor-pilot-v1:W1:parton-logan-a1.86-b2.2:humidity-vapour_pressure:magnus-6.112-17.62-243.12:toa-shape-erbs1982:wind-w1-dtr-slope0.03-amp0.1-0.8:pressure-isa-elev-sea-level-constant-no-dem:liljegren-thermofeel2.3.0:day-nex-normalised-complete365-feb29dropped,1713353613.0181057,1713353613.0181057,1.0,7,7,0,intersection_area_weighted_valid_cells_only,native,,27.34438620187131,193.32744832745473,156.94871259781553,66.67861481781513,Pali,Sojat
Rajasthan,block,Pali||Sumerpur,ACCESS-CM2,historical,2005,W1,outdoor-pilot-v1:W1:parton-logan-a1.86-b2.2:humidity-vapour_pressure:magnus-6.112-17.62-243.12:toa-shape-erbs1982:wind-w1-dtr-slope0.03-amp0.1-0.8:pressure-isa-elev-sea-level-constant-no-dem:liljegren-thermofeel2.3.0:day-nex-normalised-complete365-feb29dropped,970519193.8004689,970519193.8004689,1.0,6,6,0,intersection_area_weighted_valid_cells_only,native,,27.183998944454125,189.85733135355383,147.9408343223708,39.826064691984996,Pali,Sumerpur
Rajasthan,block,Phalodi||Aau,ACCESS-CM2,historical,2005,W1,outdoor-pilot-v1:W1:parton-logan-a1.86-b2.2:humidity-vapour_pressure:magnus-6.112-17.62-243.12:toa-shape-erbs1982:wind-w1-dtr-slope0.03-amp0.1-0.8:pressure-isa-elev-sea-level-constant-no-dem:liljegren-thermofeel2.3.0:day-nex-normalised-complete365-feb29dropped,753735366.497777,753735366.497777,1.0,5,5,0,intersection_area_weighted_valid_cells_only,native,,27.270467325266974,194.03817246789504,157.59925081345582,92.65319630532538,Phalodi,Aau
Rajasthan,block,Phalodi||Bap,ACCESS-CM2,historical,2005,W1,outdoor-pilot-v1:W1:parton-logan-a1.86-b2.2:humidity-vapour_pressure:magnus-6.112-17.62-243.12:toa-shape-erbs1982:wind-w1-dtr-slope0.03-amp0.1-0.8:pressure-isa-elev-sea-level-constant-no-dem:liljegren-thermofeel2.3.0:day-nex-normalised-complete365-feb29dropped,3378862937.847036,3378862937.847036,1.0,14,14,0,intersection_area_weighted_valid_cells_only,native,,27.15610881272973,191.92796229261734,156.06030539308384,89.10043036272658,Phalodi,Bap
Rajasthan,block,Phalodi||Bapini,ACCESS-CM2,historical,2005,W1,outdoor-pilot-v1:W1:parton-logan-a1.86-b2.2:humidity-vapour_pressure:magnus-6.112-17.62-243.12:toa-shape-erbs1982:wind-w1-dtr-slope0.03-amp0.1-0.8:pressure-isa-elev-sea-level-constant-no-dem:liljegren-thermofeel2.3.0:day-nex-normalised-complete365-feb29dropped,777576681.7411388,777576681.7411388,1.0,4,4,0,intersection_area_weighted_valid_cells_only,native,,27.256151869893333,192.3617144786333,156.30514000724537,87.96978424010332,Phalodi,Bapini
Rajasthan,block,Phalodi||Dechu,ACCESS-CM2,historical,2005,W1,outdoor-pilot-v1:W1:parton-logan-a1.86-b2.2:humidity-vapour_pressure:magnus-6.112-17.62-243.12:toa-shape-erbs1982:wind-w1-dtr-slope0.03-amp0.1-0.8:pressure-isa-elev-sea-level-constant-no-dem:liljegren-thermofeel2.3.0:day-nex-normalised-complete365-feb29dropped,1146867408.9190378,1146867408.9190378,1.0,5,5,0,intersection_area_weighted_valid_cells_only,native,,27.22365803545302,191.66443817863566,154.5570356101019,77.02024511353974,Phalodi,Dechu
Rajasthan,block,Phalodi||Ghantiyali,ACCESS-CM2,historical,2005,W1,outdoor-pilot-v1:W1:parton-logan-a1.86-b2.2:humidity-vapour_pressure:magnus-6.112-17.62-243.12:toa-shape-erbs1982:wind-w1-dtr-slope0.03-amp0.1-0.8:pressure-isa-elev-sea-level-constant-no-dem:liljegren-thermofeel2.3.0:day-nex-normalised-complete365-feb29dropped,1338574626.5938044,1338574626.5938044,1.0,8,8,0,intersection_area_weighted_valid_cells_only,native,,27.261265571493226,193.55870987631064,157.79343605253314,95.23527251357676,Phalodi,Ghantiyali
Rajasthan,block,Phalodi||Lohawat,ACCESS-CM2,historical,2005,W1,outdoor-pilot-v1:W1:parton-logan-a1.86-b2.2:humidity-vapour_pressure:magnus-6.112-17.62-243.12:toa-shape-erbs1982:wind-w1-dtr-slope0.03-amp0.1-0.8:pressure-isa-elev-sea-level-constant-no-dem:liljegren-thermofeel2.3.0:day-nex-normalised-complete365-feb29dropped,983006225.0607235,983006225.0607235,1.0,6,6,0,intersection_area_weighted_valid_cells_only,native,,27.187877718314255,192.16925443305422,155.40632410155752,81.0500343629419,Phalodi,Lohawat
Rajasthan,block,Phalodi||Phalodi,ACCESS-CM2,historical,2005,W1,outdoor-pilot-v1:W1:parton-logan-a1.86-b2.2:humidity-vapour_pressure:magnus-6.112-17.62-243.12:toa-shape-erbs1982:wind-w1-dtr-slope0.03-amp0.1-0.8:pressure-isa-elev-sea-level-constant-no-dem:liljegren-thermofeel2.3.0:day-nex-normalised-complete365-feb29dropped,1024350264.9348114,1024350264.9348114,1.0,5,5,0,intersection_area_weighted_valid_cells_only,native,,27.14346988386559,191.53826263273092,156.37920407072787,78.44373717962762,Phalodi,Phalodi
Rajasthan,block,Pratapgarh||Arnod,ACCESS-CM2,historical,2005,W1,outdoor-pilot-v1:W1:parton-logan-a1.86-b2.2:humidity-vapour_pressure:magnus-6.112-17.62-243.12:toa-shape-erbs1982:wind-w1-dtr-slope0.03-amp0.1-0.8:pressure-isa-elev-sea-level-constant-no-dem:liljegren-thermofeel2.3.0:day-nex-normalised-complete365-feb29dropped,325145327.5924136,325145327.5924136,1.0,3,3,0,intersection_area_weighted_valid_cells_only,native,,27.263848817609937,202.18430352934902,143.49871398518647,23.37946391908159,Pratapgarh,Arnod
Rajasthan,block,Pratapgarh||Chhoti Sadri,ACCESS-CM2,historical,2005,W1,outdoor-pilot-v1:W1:parton-logan-a1.86-b2.2:humidity-vapour_pressure:magnus-6.112-17.62-243.12:toa-shape-erbs1982:wind-w1-dtr-slope0.03-amp0.1-0.8:pressure-isa-elev-sea-level-constant-no-dem:liljegren-thermofeel2.3.0:day-nex-normalised-complete365-feb29dropped,719763766.9669073,719763766.9669073,1.0,5,5,0,intersection_area_weighted_valid_cells_only,native,,26.906525257140324,194.02917648260762,124.61496809455683,21.513122180158224,Pratapgarh,Chhoti Sadri
Rajasthan,block,Pratapgarh||Dalot,ACCESS-CM2,historical,2005,W1,outdoor-pilot-v1:W1:parton-logan-a1.86-b2.2:humidity-vapour_pressure:magnus-6.112-17.62-243.12:toa-shape-erbs1982:wind-w1-dtr-slope0.03-amp0.1-0.8:pressure-isa-elev-sea-level-constant-no-dem:liljegren-thermofeel2.3.0:day-nex-normalised-complete365-feb29dropped,330807666.48898864,330807666.48898864,1.0,3,3,0,intersection_area_weighted_valid_cells_only,native,,27.391584088649267,203.66273892817026,146.9073474931238,26.158975137041512,Pratapgarh,Dalot
Rajasthan,block,Pratapgarh||Dhamotar,ACCESS-CM2,historical,2005,W1,outdoor-pilot-v1:W1:parton-logan-a1.86-b2.2:humidity-vapour_pressure:magnus-6.112-17.62-243.12:toa-shape-erbs1982:wind-w1-dtr-slope0.03-amp0.1-0.8:pressure-isa-elev-sea-level-constant-no-dem:liljegren-thermofeel2.3.0:day-nex-normalised-complete365-feb29dropped,743894607.5305531,743894607.5305531,1.0,6,6,0,intersection_area_weighted_valid_cells_only,native,,27.284014964232984,203.75113115202342,145.34665950952888,27.51896588893097,Pratapgarh,Dhamotar
Rajasthan,block,Pratapgarh||Dhariawad,ACCESS-CM2,historical,2005,W1,outdoor-pilot-v1:W1:parton-logan-a1.86-b2.2:humidity-vapour_pressure:magnus-6.112-17.62-243.12:toa-shape-erbs1982:wind-w1-dtr-slope0.03-amp0.1-0.8:pressure-isa-elev-sea-level-constant-no-dem:liljegren-thermofeel2.3.0:day-nex-normalised-complete365-feb29dropped,895338366.0424247,895338366.0424247,1.0,7,7,0,intersection_area_weighted_valid_cells_only,native,,27.70211787073809,207.92814584064638,162.6037609258796,47.497077765205695,Pratapgarh,Dhariawad
Rajasthan,block,Pratapgarh||Peepal Khoont,ACCESS-CM2,historical,2005,W1,outdoor-pilot-v1:W1:parton-logan-a1.86-b2.2:humidity-vapour_pressure:magnus-6.112-17.62-243.12:toa-shape-erbs1982:wind-w1-dtr-slope0.03-amp0.1-0.8:pressure-isa-elev-sea-level-constant-no-dem:liljegren-thermofeel2.3.0:day-nex-normalised-complete365-feb29dropped,457800461.79538953,457800461.79538953,1.0,4,4,0,intersection_area_weighted_valid_cells_only,native,,27.810025810008185,208.7914109600371,164.3726011338838,45.419203496552385,Pratapgarh,Peepal Khoont
Rajasthan,block,Pratapgarh||Pratapgarh,ACCESS-CM2,historical,2005,W1,outdoor-pilot-v1:W1:parton-logan-a1.86-b2.2:humidity-vapour_pressure:magnus-6.112-17.62-243.12:toa-shape-erbs1982:wind-w1-dtr-slope0.03-amp0.1-0.8:pressure-isa-elev-sea-level-constant-no-dem:liljegren-thermofeel2.3.0:day-nex-normalised-complete365-feb29dropped,578751570.7285893,578751570.7285893,1.0,4,4,0,intersection_area_weighted_valid_cells_only,native,,27.164411784550758,200.20390883769736,139.47329693558854,23.139599595460822,Pratapgarh,Pratapgarh
Rajasthan,block,Pratapgarh||Suhagpura,ACCESS-CM2,historical,2005,W1,outdoor-pilot-v1:W1:parton-logan-a1.86-b2.2:humidity-vapour_pressure:magnus-6.112-17.62-243.12:toa-shape-erbs1982:wind-w1-dtr-slope0.03-amp0.1-0.8:pressure-isa-elev-sea-level-constant-no-dem:liljegren-thermofeel2.3.0:day-nex-normalised-complete365-feb29dropped,387675126.48005605,387675126.48005605,1.0,2,2,0,intersection_area_weighted_valid_cells_only,native,,27.671327479726312,206.77265513078348,162.090620523134,42.090620523133985,Pratapgarh,Suhagpura
Rajasthan,block,Rajsamand||Amet,ACCESS-CM2,historical,2005,W1,outdoor-pilot-v1:W1:parton-logan-a1.86-b2.2:humidity-vapour_pressure:magnus-6.112-17.62-243.12:toa-shape-erbs1982:wind-w1-dtr-slope0.03-amp0.1-0.8:pressure-isa-elev-sea-level-constant-no-dem:liljegren-thermofeel2.3.0:day-nex-normalised-complete365-feb29dropped,522250086.58600676,522250086.58600676,1.0,4,4,0,intersection_area_weighted_valid_cells_only,native,,26.01477419554336,172.1721647622307,77.89037740453567,9.682661740606246,Rajsamand,Amet
Rajasthan,block,Rajsamand||Bhim,ACCESS-CM2,historical,2005,W1,outdoor-pilot-v1:W1:parton-logan-a1.86-b2.2:humidity-vapour_pressure:magnus-6.112-17.62-243.12:toa-shape-erbs1982:wind-w1-dtr-slope0.03-amp0.1-0.8:pressure-isa-elev-sea-level-constant-no-dem:liljegren-thermofeel2.3.0:day-nex-normalised-complete365-feb29dropped,654469269.6661386,654469269.6661386,1.0,6,6,0,intersection_area_weighted_valid_cells_only,native,,26.247159436710643,177.8738224495907,105.95664635610864,17.37823686561716,Rajsamand,Bhim
Rajasthan,block,Rajsamand||Delwada,ACCESS-CM2,historical,2005,W1,outdoor-pilot-v1:W1:parton-logan-a1.86-b2.2:humidity-vapour_pressure:magnus-6.112-17.62-243.12:toa-shape-erbs1982:wind-w1-dtr-slope0.03-amp0.1-0.8:pressure-isa-elev-sea-level-constant-no-dem:liljegren-thermofeel2.3.0:day-nex-normalised-complete365-feb29dropped,207327982.3269216,207327982.3269216,1.0,4,4,0,intersection_area_weighted_valid_cells_only,native,,25.516506474860204,139.66450678052954,42.93870452237816,3.3543723156718905,Rajsamand,Delwada
Rajasthan,block,Rajsamand||Deogarh,ACCESS-CM2,historical,2005,W1,outdoor-pilot-v1:W1:parton-logan-a1.86-b2.2:humidity-vapour_pressure:magnus-6.112-17.62-243.12:toa-shape-erbs1982:wind-w1-dtr-slope0.03-amp0.1-0.8:pressure-isa-elev-sea-level-constant-no-dem:liljegren-thermofeel2.3.0:day-nex-normalised-complete365-feb29dropped,599994391.119606,599994391.119606,1.0,5,5,0,intersection_area_weighted_valid_cells_only,native,,26.022585285972173,173.41440899987018,87.67315401442939,10.227630797581572,Rajsamand,Deogarh
Rajasthan,block,Rajsamand||Khamnor,ACCESS-CM2,historical,2005,W1,outdoor-pilot-v1:W1:parton-logan-a1.86-b2.2:humidity-vapour_pressure:magnus-6.112-17.62-243.12:toa-shape-erbs1982:wind-w1-dtr-slope0.03-amp0.1-0.8:pressure-isa-elev-sea-level-constant-no-dem:liljegren-thermofeel2.3.0:day-nex-normalised-complete365-feb29dropped,574332055.0065396,574332055.0065396,1.0,4,4,0,intersection_area_weighted_valid_cells_only,native,,25.567663781444455,144.87930076283928,46.27559623483105,3.938680551660609,Rajsamand,Khamnor
Rajasthan,block,Rajsamand||Kumbhalgarh,ACCESS-CM2,historical,2005,W1,outdoor-pilot-v1:W1:parton-logan-a1.86-b2.2:humidity-vapour_pressure:magnus-6.112-17.62-243.12:toa-shape-erbs1982:wind-w1-dtr-slope0.03-amp0.1-0.8:pressure-isa-elev-sea-level-constant-no-dem:liljegren-thermofeel2.3.0:day-nex-normalised-complete365-feb29dropped,888565037.6402407,888565037.6402407,1.0,6,6,0,intersection_area_weighted_valid_cells_only,native,,25.4568491185566,141.90511086561318,46.94496939278008,4.891909595520184,Rajsamand,Kumbhalgarh
Rajasthan,block,Rajsamand||Railmagra,ACCESS-CM2,historical,2005,W1,outdoor-pilot-v1:W1:parton-logan-a1.86-b2.2:humidity-vapour_pressure:magnus-6.112-17.62-243.12:toa-shape-erbs1982:wind-w1-dtr-slope0.03-amp0.1-0.8:pressure-isa-elev-sea-level-constant-no-dem:liljegren-thermofeel2.3.0:day-nex-normalised-complete365-feb29dropped,567356606.9564435,567356606.9564435,1.0,6,6,0,intersection_area_weighted_valid_cells_only,native,,26.533860925244618,183.77435038023944,105.7870623349282,16.476179027741196,Rajsamand,Railmagra
Rajasthan,block,Rajsamand||Rajsamand,ACCESS-CM2,historical,2005,W1,outdoor-pilot-v1:W1:parton-logan-a1.86-b2.2:humidity-vapour_pressure:magnus-6.112-17.62-243.12:toa-shape-erbs1982:wind-w1-dtr-slope0.03-amp0.1-0.8:pressure-isa-elev-sea-level-constant-no-dem:liljegren-thermofeel2.3.0:day-nex-normalised-complete365-feb29dropped,614625685.1977503,614625685.1977503,1.0,5,5,0,intersection_area_weighted_valid_cells_only,native,,26.0740069798121,172.05774269937672,74.45025465496064,10.08211342753968,Rajsamand,Rajsamand
Rajasthan,block,Salumbar||Jaisamand,ACCESS-CM2,historical,2005,W1,outdoor-pilot-v1:W1:parton-logan-a1.86-b2.2:humidity-vapour_pressure:magnus-6.112-17.62-243.12:toa-shape-erbs1982:wind-w1-dtr-slope0.03-amp0.1-0.8:pressure-isa-elev-sea-level-constant-no-dem:liljegren-thermofeel2.3.0:day-nex-normalised-complete365-feb29dropped,455985435.1567819,455985435.1567819,1.0,3,3,0,intersection_area_weighted_valid_cells_only,native,,26.19602808118367,166.20954437537688,66.72921061635031,7.249073703877175,Salumbar,Jaisamand
Rajasthan,block,Salumbar||Jhallara,ACCESS-CM2,historical,2005,W1,outdoor-pilot-v1:W1:parton-logan-a1.86-b2.2:humidity-vapour_pressure:magnus-6.112-17.62-243.12:toa-shape-erbs1982:wind-w1-dtr-slope0.03-amp0.1-0.8:pressure-isa-elev-sea-level-constant-no-dem:liljegren-thermofeel2.3.0:day-nex-normalised-complete365-feb29dropped,384295612.022818,384295612.022818,1.0,4,4,0,intersection_area_weighted_valid_cells_only,native,,27.4846957097621,201.7947005606062,142.48608447266113,37.021872652621724,Salumbar,Jhallara
Rajasthan,block,Salumbar||Lasadiya,ACCESS-CM2,historical,2005,W1,outdoor-pilot-v1:W1:parton-logan-a1.86-b2.2:humidity-vapour_pressure:magnus-6.112-17.62-243.12:toa-shape-erbs1982:wind-w1-dtr-slope0.03-amp0.1-0.8:pressure-isa-elev-sea-level-constant-no-dem:liljegren-thermofeel2.3.0:day-nex-normalised-complete365-feb29dropped,512530251.76336896,512530251.76336896,1.0,4,4,0,intersection_area_weighted_valid_cells_only,native,,26.971739202259943,193.3096968640969,115.80252287270964,21.878211561697317,Salumbar,Lasadiya
Rajasthan,block,Salumbar||Salumbar,ACCESS-CM2,historical,2005,W1,outdoor-pilot-v1:W1:parton-logan-a1.86-b2.2:humidity-vapour_pressure:magnus-6.112-17.62-243.12:toa-shape-erbs1982:wind-w1-dtr-slope0.03-amp0.1-0.8:pressure-isa-elev-sea-level-constant-no-dem:liljegren-thermofeel2.3.0:day-nex-normalised-complete365-feb29dropped,665405897.5912706,665405897.5912706,1.0,7,7,0,intersection_area_weighted_valid_cells_only,native,,27.04381384462694,194.42969217905608,116.67377240886593,20.092828745035398,Salumbar,Salumbar
Rajasthan,block,Salumbar||Sarada,ACCESS-CM2,historical,2005,W1,outdoor-pilot-v1:W1:parton-logan-a1.86-b2.2:humidity-vapour_pressure:magnus-6.112-17.62-243.12:toa-shape-erbs1982:wind-w1-dtr-slope0.03-amp0.1-0.8:pressure-isa-elev-sea-level-constant-no-dem:liljegren-thermofeel2.3.0:day-nex-normalised-complete365-feb29dropped,377723991.77114224,377723991.77114224,1.0,4,4,0,intersection_area_weighted_valid_cells_only,native,,26.542456565452223,180.10364332644963,80.57403729626616,10.38260090059076,Salumbar,Sarada
Rajasthan,block,Salumbar||Semari,ACCESS-CM2,historical,2005,W1,outdoor-pilot-v1:W1:parton-logan-a1.86-b2.2:humidity-vapour_pressure:magnus-6.112-17.62-243.12:toa-shape-erbs1982:wind-w1-dtr-slope0.03-amp0.1-0.8:pressure-isa-elev-sea-level-constant-no-dem:liljegren-thermofeel2.3.0:day-nex-normalised-complete365-feb29dropped,127859089.61513309,127859089.61513309,1.0,2,2,0,intersection_area_weighted_valid_cells_only,native,,26.941371858729838,192.98342134808888,102.09758895037025,16.294649812207336,Salumbar,Semari
Rajasthan,block,Sawai Madhopur||Bonli,ACCESS-CM2,historical,2005,W1,outdoor-pilot-v1:W1:parton-logan-a1.86-b2.2:humidity-vapour_pressure:magnus-6.112-17.62-243.12:toa-shape-erbs1982:wind-w1-dtr-slope0.03-amp0.1-0.8:pressure-isa-elev-sea-level-constant-no-dem:liljegren-thermofeel2.3.0:day-nex-normalised-complete365-feb29dropped,628249793.8089128,628249793.8089128,1.0,4,4,0,intersection_area_weighted_valid_cells_only,native,,27.764819753218895,205.85381885036531,170.80993525246782,110.65116349778546,Sawai Madhopur,Bonli
Rajasthan,block,Sawai Madhopur||Chauth Ka Barwara,ACCESS-CM2,historical,2005,W1,outdoor-pilot-v1:W1:parton-logan-a1.86-b2.2:humidity-vapour_pressure:magnus-6.112-17.62-243.12:toa-shape-erbs1982:wind-w1-dtr-slope0.03-amp0.1-0.8:pressure-isa-elev-sea-level-constant-no-dem:liljegren-thermofeel2.3.0:day-nex-normalised-complete365-feb29dropped,526916917.5208283,526916917.5208283,1.0,5,5,0,intersection_area_weighted_valid_cells_only,native,,27.799306035720644,205.11183050658943,170.99191983962604,110.16650582582021,Sawai Madhopur,Chauth Ka Barwara
Rajasthan,block,Sawai Madhopur||Khandar,ACCESS-CM2,historical,2005,W1,outdoor-pilot-v1:W1:parton-logan-a1.86-b2.2:humidity-vapour_pressure:magnus-6.112-17.62-243.12:toa-shape-erbs1982:wind-w1-dtr-slope0.03-amp0.1-0.8:pressure-isa-elev-sea-level-constant-no-dem:liljegren-thermofeel2.3.0:day-nex-normalised-complete365-feb29dropped,1391000130.4132438,1391000130.4132438,1.0,8,8,0,intersection_area_weighted_valid_cells_only,native,,27.865056207951497,205.45758080465754,174.4417157117861,115.84297877612947,Sawai Madhopur,Khandar
Rajasthan,block,Sawai Madhopur||Malarna Doongar,ACCESS-CM2,historical,2005,W1,outdoor-pilot-v1:W1:parton-logan-a1.86-b2.2:humidity-vapour_pressure:magnus-6.112-17.62-243.12:toa-shape-erbs1982:wind-w1-dtr-slope0.03-amp0.1-0.8:pressure-isa-elev-sea-level-constant-no-dem:liljegren-thermofeel2.3.0:day-nex-normalised-complete365-feb29dropped,374338037.44727093,374338037.44727093,1.0,4,4,0,intersection_area_weighted_valid_cells_only,native,,27.81068194709652,205.68221180934515,171.6515303279595,112.64483605032288,Sawai Madhopur,Malarna Doongar
Rajasthan,block,Sawai Madhopur||Sawai Madhopur,ACCESS-CM2,historical,2005,W1,outdoor-pilot-v1:W1:parton-logan-a1.86-b2.2:humidity-vapour_pressure:magnus-6.112-17.62-243.12:toa-shape-erbs1982:wind-w1-dtr-slope0.03-amp0.1-0.8:pressure-isa-elev-sea-level-constant-no-dem:liljegren-thermofeel2.3.0:day-nex-normalised-complete365-feb29dropped,739493123.9029344,739493123.9029344,1.0,5,5,0,intersection_area_weighted_valid_cells_only,native,,27.82027549768337,206.06576400587923,170.9569036762032,112.68134289382388,Sawai Madhopur,Sawai Madhopur
Rajasthan,block,Shahpura||Banera,ACCESS-CM2,historical,2005,W1,outdoor-pilot-v1:W1:parton-logan-a1.86-b2.2:humidity-vapour_pressure:magnus-6.112-17.62-243.12:toa-shape-erbs1982:wind-w1-dtr-slope0.03-amp0.1-0.8:pressure-isa-elev-sea-level-constant-no-dem:liljegren-thermofeel2.3.0:day-nex-normalised-complete365-feb29dropped,662966105.2847351,662966105.2847351,1.0,5,5,0,intersection_area_weighted_valid_cells_only,native,,26.824090149463245,186.9282097166134,141.09399286648147,33.67059180850293,Shahpura,Banera
Rajasthan,block,Shahpura||Jahazpur,ACCESS-CM2,historical,2005,W1,outdoor-pilot-v1:W1:parton-logan-a1.86-b2.2:humidity-vapour_pressure:magnus-6.112-17.62-243.12:toa-shape-erbs1982:wind-w1-dtr-slope0.03-amp0.1-0.8:pressure-isa-elev-sea-level-constant-no-dem:liljegren-thermofeel2.3.0:day-nex-normalised-complete365-feb29dropped,1080541021.156568,1080541021.156568,1.0,5,5,0,intersection_area_weighted_valid_cells_only,native,,27.31752501112268,198.62740573540697,156.29032325045037,62.33002765381096,Shahpura,Jahazpur
Rajasthan,block,Shahpura||Kotri,ACCESS-CM2,historical,2005,W1,outdoor-pilot-v1:W1:parton-logan-a1.86-b2.2:humidity-vapour_pressure:magnus-6.112-17.62-243.12:toa-shape-erbs1982:wind-w1-dtr-slope0.03-amp0.1-0.8:pressure-isa-elev-sea-level-constant-no-dem:liljegren-thermofeel2.3.0:day-nex-normalised-complete365-feb29dropped,933624047.062348,933624047.062348,1.0,5,5,0,intersection_area_weighted_valid_cells_only,native,,27.10399810814484,194.27811104471724,151.1999919371925,43.236769327633034,Shahpura,Kotri
Rajasthan,block,Shahpura||Shahpura,ACCESS-CM2,historical,2005,W1,outdoor-pilot-v1:W1:parton-logan-a1.86-b2.2:humidity-vapour_pressure:magnus-6.112-17.62-243.12:toa-shape-erbs1982:wind-w1-dtr-slope0.03-amp0.1-0.8:pressure-isa-elev-sea-level-constant-no-dem:liljegren-thermofeel2.3.0:day-nex-normalised-complete365-feb29dropped,1130740106.912926,1130740106.912926,1.0,6,6,0,intersection_area_weighted_valid_cells_only,native,,27.018015291541474,191.74210476723664,150.12508548099902,46.02517098970619,Shahpura,Shahpura
Rajasthan,block,Sikar||Danta Ramgarh,ACCESS-CM2,historical,2005,W1,outdoor-pilot-v1:W1:parton-logan-a1.86-b2.2:humidity-vapour_pressure:magnus-6.112-17.62-243.12:toa-shape-erbs1982:wind-w1-dtr-slope0.03-amp0.1-0.8:pressure-isa-elev-sea-level-constant-no-dem:liljegren-thermofeel2.3.0:day-nex-normalised-complete365-feb29dropped,898850233.8666829,898850233.8666829,1.0,5,5,0,intersection_area_weighted_valid_cells_only,native,,26.565382566625516,184.74154462232164,135.4632455032657,53.85692396844951,Sikar,Danta Ramgarh
Rajasthan,block,Sikar||Dhod,ACCESS-CM2,historical,2005,W1,outdoor-pilot-v1:W1:parton-logan-a1.86-b2.2:humidity-vapour_pressure:magnus-6.112-17.62-243.12:toa-shape-erbs1982:wind-w1-dtr-slope0.03-amp0.1-0.8:pressure-isa-elev-sea-level-constant-no-dem:liljegren-thermofeel2.3.0:day-nex-normalised-complete365-feb29dropped,1094113400.119869,1094113400.119869,1.0,6,6,0,intersection_area_weighted_valid_cells_only,native,,26.51795906547472,183.91693894653824,132.31085199564535,54.38677704071581,Sikar,Dhod
Rajasthan,block,Sikar||Fatehpur,ACCESS-CM2,historical,2005,W1,outdoor-pilot-v1:W1:parton-logan-a1.86-b2.2:humidity-vapour_pressure:magnus-6.112-17.62-243.12:toa-shape-erbs1982:wind-w1-dtr-slope0.03-amp0.1-0.8:pressure-isa-elev-sea-level-constant-no-dem:liljegren-thermofeel2.3.0:day-nex-normalised-complete365-feb29dropped,1257446006.510756,1257446006.510756,1.0,5,5,0,intersection_area_weighted_valid_cells_only,native,,27.071725064577002,194.22972906175818,155.01989825886145,94.49401762527889,Sikar,Fatehpur
Rajasthan,block,Sikar||Khandela,ACCESS-CM2,historical,2005,W1,outdoor-pilot-v1:W1:parton-logan-a1.86-b2.2:humidity-vapour_pressure:magnus-6.112-17.62-243.12:toa-shape-erbs1982:wind-w1-dtr-slope0.03-amp0.1-0.8:pressure-isa-elev-sea-level-constant-no-dem:liljegren-thermofeel2.3.0:day-nex-normalised-complete365-feb29dropped,633573907.8235164,633573907.8235164,1.0,4,4,0,intersection_area_weighted_valid_cells_only,native,,26.419932598993665,184.1631727067695,129.90151023309386,48.48314986199338,Sikar,Khandela
Rajasthan,block,Sikar||Lachhmangarh,ACCESS-CM2,historical,2005,W1,outdoor-pilot-v1:W1:parton-logan-a1.86-b2.2:humidity-vapour_pressure:magnus-6.112-17.62-243.12:toa-shape-erbs1982:wind-w1-dtr-slope0.03-amp0.1-0.8:pressure-isa-elev-sea-level-constant-no-dem:liljegren-thermofeel2.3.0:day-nex-normalised-complete365-feb29dropped,550354396.6517103,550354396.6517103,1.0,4,4,0,intersection_area_weighted_valid_cells_only,native,,26.86633239700236,190.88627822719582,147.35916889503093,82.49241608574731,Sikar,Lachhmangarh
Rajasthan,block,Sikar||Nechwa,ACCESS-CM2,historical,2005,W1,outdoor-pilot-v1:W1:parton-logan-a1.86-b2.2:humidity-vapour_pressure:magnus-6.112-17.62-243.12:toa-shape-erbs1982:wind-w1-dtr-slope0.03-amp0.1-0.8:pressure-isa-elev-sea-level-constant-no-dem:liljegren-thermofeel2.3.0:day-nex-normalised-complete365-feb29dropped,479150709.52786714,479150709.52786714,1.0,6,6,0,intersection_area_weighted_valid_cells_only,native,,26.70867323908017,187.8000611929909,140.04783946933247,67.68317554111151,Sikar,Nechwa
Rajasthan,block,Sikar||Palsana,ACCESS-CM2,historical,2005,W1,outdoor-pilot-v1:W1:parton-logan-a1.86-b2.2:humidity-vapour_pressure:magnus-6.112-17.62-243.12:toa-shape-erbs1982:wind-w1-dtr-slope0.03-amp0.1-0.8:pressure-isa-elev-sea-level-constant-no-dem:liljegren-thermofeel2.3.0:day-nex-normalised-complete365-feb29dropped,491201533.6731533,491201533.6731533,1.0,4,4,0,intersection_area_weighted_valid_cells_only,native,,26.419428523766985,183.3387045791307,130.33923196932383,48.71719116749132,Sikar,Palsana
Rajasthan,block,Sikar||Piprali,ACCESS-CM2,historical,2005,W1,outdoor-pilot-v1:W1:parton-logan-a1.86-b2.2:humidity-vapour_pressure:magnus-6.112-17.62-243.12:toa-shape-erbs1982:wind-w1-dtr-slope0.03-amp0.1-0.8:pressure-isa-elev-sea-level-constant-no-dem:liljegren-thermofeel2.3.0:day-nex-normalised-complete365-feb29dropped,405704767.003847,405704767.003847,1.0,5,5,0,intersection_area_weighted_valid_cells_only,native,,26.387776520656463,183.1045943249575,129.08483240221375,50.11530610163204,Sikar,Piprali
Rajasthan,block,Sirohi||Abu Road,ACCESS-CM2,historical,2005,W1,outdoor-pilot-v1:W1:parton-logan-a1.86-b2.2:humidity-vapour_pressure:magnus-6.112-17.62-243.12:toa-shape-erbs1982:wind-w1-dtr-slope0.03-amp0.1-0.8:pressure-isa-elev-sea-level-constant-no-dem:liljegren-thermofeel2.3.0:day-nex-normalised-complete365-feb29dropped,879483182.4059334,879483182.4059334,1.0,6,6,0,intersection_area_weighted_valid_cells_only,native,,26.23683119210722,174.27369075770955,68.57147885491267,7.631381687485688,Sirohi,Abu Road
Rajasthan,block,Sirohi||Pindwara,ACCESS-CM2,historical,2005,W1,outdoor-pilot-v1:W1:parton-logan-a1.86-b2.2:humidity-vapour_pressure:magnus-6.112-17.62-243.12:toa-shape-erbs1982:wind-w1-dtr-slope0.03-amp0.1-0.8:pressure-isa-elev-sea-level-constant-no-dem:liljegren-thermofeel2.3.0:day-nex-normalised-complete365-feb29dropped,1113496150.8475268,1113496150.8475268,1.0,6,6,0,intersection_area_weighted_valid_cells_only,native,,26.161098911932605,173.0215785292357,68.83358062183868,6.021940461367322,Sirohi,Pindwara
Rajasthan,block,Sirohi||Reodar,ACCESS-CM2,historical,2005,W1,outdoor-pilot-v1:W1:parton-logan-a1.86-b2.2:humidity-vapour_pressure:magnus-6.112-17.62-243.12:toa-shape-erbs1982:wind-w1-dtr-slope0.03-amp0.1-0.8:pressure-isa-elev-sea-level-constant-no-dem:liljegren-thermofeel2.3.0:day-nex-normalised-complete365-feb29dropped,1085961352.910543,1085961352.910543,1.0,8,8,0,intersection_area_weighted_valid_cells_only,native,,26.889569950613865,189.73898829465674,111.05331901677323,21.921407159058678,Sirohi,Reodar
Rajasthan,block,Sirohi||Sheoganj,ACCESS-CM2,historical,2005,W1,outdoor-pilot-v1:W1:parton-logan-a1.86-b2.2:humidity-vapour_pressure:magnus-6.112-17.62-243.12:toa-shape-erbs1982:wind-w1-dtr-slope0.03-amp0.1-0.8:pressure-isa-elev-sea-level-constant-no-dem:liljegren-thermofeel2.3.0:day-nex-normalised-complete365-feb29dropped,884217141.1296952,884217141.1296952,1.0,6,6,0,intersection_area_weighted_valid_cells_only,native,,27.127750844557212,191.3835784725172,141.6041356371396,35.34843975696846,Sirohi,Sheoganj
Rajasthan,block,Sirohi||Sirohi,ACCESS-CM2,historical,2005,W1,outdoor-pilot-v1:W1:parton-logan-a1.86-b2.2:humidity-vapour_pressure:magnus-6.112-17.62-243.12:toa-shape-erbs1982:wind-w1-dtr-slope0.03-amp0.1-0.8:pressure-isa-elev-sea-level-constant-no-dem:liljegren-thermofeel2.3.0:day-nex-normalised-complete365-feb29dropped,1174452574.3989406,1174452574.3989406,1.0,8,8,0,intersection_area_weighted_valid_cells_only,native,,26.935409389601382,188.72541967021616,120.54815023061145,23.723210373290783,Sirohi,Sirohi
Rajasthan,block,Tonk||Deoli,ACCESS-CM2,historical,2005,W1,outdoor-pilot-v1:W1:parton-logan-a1.86-b2.2:humidity-vapour_pressure:magnus-6.112-17.62-243.12:toa-shape-erbs1982:wind-w1-dtr-slope0.03-amp0.1-0.8:pressure-isa-elev-sea-level-constant-no-dem:liljegren-thermofeel2.3.0:day-nex-normalised-complete365-feb29dropped,1226431579.4903662,1226431579.4903662,1.0,7,7,0,intersection_area_weighted_valid_cells_only,native,,27.49328776518116,201.37537629103318,161.31458704535314,82.17764597684368,Tonk,Deoli
Rajasthan,block,Tonk||Malpura,ACCESS-CM2,historical,2005,W1,outdoor-pilot-v1:W1:parton-logan-a1.86-b2.2:humidity-vapour_pressure:magnus-6.112-17.62-243.12:toa-shape-erbs1982:wind-w1-dtr-slope0.03-amp0.1-0.8:pressure-isa-elev-sea-level-constant-no-dem:liljegren-thermofeel2.3.0:day-nex-normalised-complete365-feb29dropped,1489898129.505968,1489898129.505968,1.0,8,8,0,intersection_area_weighted_valid_cells_only,native,,27.199481942940587,197.10782378076277,153.7400101235962,73.41274439768513,Tonk,Malpura
Rajasthan,block,Tonk||Newai,ACCESS-CM2,historical,2005,W1,outdoor-pilot-v1:W1:parton-logan-a1.86-b2.2:humidity-vapour_pressure:magnus-6.112-17.62-243.12:toa-shape-erbs1982:wind-w1-dtr-slope0.03-amp0.1-0.8:pressure-isa-elev-sea-level-constant-no-dem:liljegren-thermofeel2.3.0:day-nex-normalised-complete365-feb29dropped,979845450.8092109,979845450.8092109,1.0,7,7,0,intersection_area_weighted_valid_cells_only,native,,27.590401359682303,204.10357663814625,167.69478017463763,99.22970804079203,Tonk,Newai
Rajasthan,block,Tonk||Peeplu,ACCESS-CM2,historical,2005,W1,outdoor-pilot-v1:W1:parton-logan-a1.86-b2.2:humidity-vapour_pressure:magnus-6.112-17.62-243.12:toa-shape-erbs1982:wind-w1-dtr-slope0.03-amp0.1-0.8:pressure-isa-elev-sea-level-constant-no-dem:liljegren-thermofeel2.3.0:day-nex-normalised-complete365-feb29dropped,695939645.3289565,695939645.3289565,1.0,4,4,0,intersection_area_weighted_valid_cells_only,native,,27.526992226256265,202.66386003225978,163.67794005561757,90.97962854704768,Tonk,Peeplu
Rajasthan,block,Tonk||Tonk,ACCESS-CM2,historical,2005,W1,outdoor-pilot-v1:W1:parton-logan-a1.86-b2.2:humidity-vapour_pressure:magnus-6.112-17.62-243.12:toa-shape-erbs1982:wind-w1-dtr-slope0.03-amp0.1-0.8:pressure-isa-elev-sea-level-constant-no-dem:liljegren-thermofeel2.3.0:day-nex-normalised-complete365-feb29dropped,814516902.73679,814516902.73679,1.0,7,7,0,intersection_area_weighted_valid_cells_only,native,,27.638697514082914,204.47383809378488,167.4788156130268,97.39376481671006,Tonk,Tonk
Rajasthan,block,Tonk||Uniara,ACCESS-CM2,historical,2005,W1,outdoor-pilot-v1:W1:parton-logan-a1.86-b2.2:humidity-vapour_pressure:magnus-6.112-17.62-243.12:toa-shape-erbs1982:wind-w1-dtr-slope0.03-amp0.1-0.8:pressure-isa-elev-sea-level-constant-no-dem:liljegren-thermofeel2.3.0:day-nex-normalised-complete365-feb29dropped,988711446.0887053,988711446.0887053,1.0,5,5,0,intersection_area_weighted_valid_cells_only,native,,27.77613612026276,205.49905411269256,171.07192171309924,106.25471713952076,Tonk,Uniara
Rajasthan,block,Udaipur||Bargaon,ACCESS-CM2,historical,2005,W1,outdoor-pilot-v1:W1:parton-logan-a1.86-b2.2:humidity-vapour_pressure:magnus-6.112-17.62-243.12:toa-shape-erbs1982:wind-w1-dtr-slope0.03-amp0.1-0.8:pressure-isa-elev-sea-level-constant-no-dem:liljegren-thermofeel2.3.0:day-nex-normalised-complete365-feb29dropped,446151756.3524637,446151756.3524637,1.0,3,3,0,intersection_area_weighted_valid_cells_only,native,,25.03691776632129,105.46014966906179,19.430309917993387,0.22582115504684083,Udaipur,Bargaon
Rajasthan,block,Udaipur||Bhinder,ACCESS-CM2,historical,2005,W1,outdoor-pilot-v1:W1:parton-logan-a1.86-b2.2:humidity-vapour_pressure:magnus-6.112-17.62-243.12:toa-shape-erbs1982:wind-w1-dtr-slope0.03-amp0.1-0.8:pressure-isa-elev-sea-level-constant-no-dem:liljegren-thermofeel2.3.0:day-nex-normalised-complete365-feb29dropped,351817563.3271809,351817563.3271809,1.0,4,4,0,intersection_area_weighted_valid_cells_only,native,,26.75743853718246,188.45040603509958,101.14676972860771,15.601331140109863,Udaipur,Bhinder
Rajasthan,block,Udaipur||Girwa,ACCESS-CM2,historical,2005,W1,outdoor-pilot-v1:W1:parton-logan-a1.86-b2.2:humidity-vapour_pressure:magnus-6.112-17.62-243.12:toa-shape-erbs1982:wind-w1-dtr-slope0.03-amp0.1-0.8:pressure-isa-elev-sea-level-constant-no-dem:liljegren-thermofeel2.3.0:day-nex-normalised-complete365-feb29dropped,881444869.6289033,881444869.6289033,1.0,5,5,0,intersection_area_weighted_valid_cells_only,native,,25.196431739899833,110.74411587890432,24.83610863781963,0.9868466194241828,Udaipur,Girwa
Rajasthan,block,Udaipur||Gogunda,ACCESS-CM2,historical,2005,W1,outdoor-pilot-v1:W1:parton-logan-a1.86-b2.2:humidity-vapour_pressure:magnus-6.112-17.62-243.12:toa-shape-erbs1982:wind-w1-dtr-slope0.03-amp0.1-0.8:pressure-isa-elev-sea-level-constant-no-dem:liljegren-thermofeel2.3.0:day-nex-normalised-complete365-feb29dropped,440766334.31581676,440766334.31581676,1.0,4,4,0,intersection_area_weighted_valid_cells_only,native,,24.89358361108475,96.28282499989426,15.449157856311698,0.0,Udaipur,Gogunda
Rajasthan,block,Udaipur||Jhadol,ACCESS-CM2,historical,2005,W1,outdoor-pilot-v1:W1:parton-logan-a1.86-b2.2:humidity-vapour_pressure:magnus-6.112-17.62-243.12:toa-shape-erbs1982:wind-w1-dtr-slope0.03-amp0.1-0.8:pressure-isa-elev-sea-level-constant-no-dem:liljegren-thermofeel2.3.0:day-nex-normalised-complete365-feb29dropped,710885991.4619827,710885991.4619827,1.0,5,5,0,intersection_area_weighted_valid_cells_only,native,,24.928425074242146,92.16321678515315,15.653143971179603,0.052755556534062574,Udaipur,Jhadol
Rajasthan,block,Udaipur||Kherwara,ACCESS-CM2,historical,2005,W1,outdoor-pilot-v1:W1:parton-logan-a1.86-b2.2:humidity-vapour_pressure:magnus-6.112-17.62-243.12:toa-shape-erbs1982:wind-w1-dtr-slope0.03-amp0.1-0.8:pressure-isa-elev-sea-level-constant-no-dem:liljegren-thermofeel2.3.0:day-nex-normalised-complete365-feb29dropped,636594160.7114683,636594160.7114683,1.0,4,4,0,intersection_area_weighted_valid_cells_only,native,,26.34778224727488,164.94439494101766,71.04202138172619,10.556145399267566,Udaipur,Kherwara
Rajasthan,block,Udaipur||Kotra,ACCESS-CM2,historical,2005,W1,outdoor-pilot-v1:W1:parton-logan-a1.86-b2.2:humidity-vapour_pressure:magnus-6.112-17.62-243.12:toa-shape-erbs1982:wind-w1-dtr-slope0.03-amp0.1-0.8:pressure-isa-elev-sea-level-constant-no-dem:liljegren-thermofeel2.3.0:day-nex-normalised-complete365-feb29dropped,1734678058.1437674,1734678058.1437674,1.0,8,8,0,intersection_area_weighted_valid_cells_only,native,,25.62843023463983,140.2682614540489,42.66068089952832,2.4901905252806826,Udaipur,Kotra
Rajasthan,block,Udaipur||Kurabad,ACCESS-CM2,historical,2005,W1,outdoor-pilot-v1:W1:parton-logan-a1.86-b2.2:humidity-vapour_pressure:magnus-6.112-17.62-243.12:toa-shape-erbs1982:wind-w1-dtr-slope0.03-amp0.1-0.8:pressure-isa-elev-sea-level-constant-no-dem:liljegren-thermofeel2.3.0:day-nex-normalised-complete365-feb29dropped,535202938.211929,535202938.211929,1.0,4,4,0,intersection_area_weighted_valid_cells_only,native,,26.342937255028872,178.3787292148411,75.06117436081064,8.215188538229329,Udaipur,Kurabad
Rajasthan,block,Udaipur||Mavli,ACCESS-CM2,historical,2005,W1,outdoor-pilot-v1:W1:parton-logan-a1.86-b2.2:humidity-vapour_pressure:magnus-6.112-17.62-243.12:toa-shape-erbs1982:wind-w1-dtr-slope0.03-amp0.1-0.8:pressure-isa-elev-sea-level-constant-no-dem:liljegren-thermofeel2.3.0:day-nex-normalised-complete365-feb29dropped,834239948.838457,834239948.838457,1.0,5,5,0,intersection_area_weighted_valid_cells_only,native,,26.27908405249822,178.28535596753227,80.70148589113158,10.175293191254957,Udaipur,Mavli
Rajasthan,block,Udaipur||Nayagaon,ACCESS-CM2,historical,2005,W1,outdoor-pilot-v1:W1:parton-logan-a1.86-b2.2:humidity-vapour_pressure:magnus-6.112-17.62-243.12:toa-shape-erbs1982:wind-w1-dtr-slope0.03-amp0.1-0.8:pressure-isa-elev-sea-level-constant-no-dem:liljegren-thermofeel2.3.0:day-nex-normalised-complete365-feb29dropped,282925490.9523479,282925490.9523479,1.0,3,3,0,intersection_area_weighted_valid_cells_only,native,,26.649922251252892,186.48030148150826,97.07264828088913,15.465790782470817,Udaipur,Nayagaon
Rajasthan,block,Udaipur||Phalasiya,ACCESS-CM2,historical,2005,W1,outdoor-pilot-v1:W1:parton-logan-a1.86-b2.2:humidity-vapour_pressure:magnus-6.112-17.62-243.12:toa-shape-erbs1982:wind-w1-dtr-slope0.03-amp0.1-0.8:pressure-isa-elev-sea-level-constant-no-dem:liljegren-thermofeel2.3.0:day-nex-normalised-complete365-feb29dropped,715991438.1128622,715991438.1128622,1.0,5,5,0,intersection_area_weighted_valid_cells_only,native,,25.36149799284562,116.0680612244566,25.0229807011346,0.7613839225858439,Udaipur,Phalasiya
Rajasthan,block,Udaipur||Rishbhdeo,ACCESS-CM2,historical,2005,W1,outdoor-pilot-v1:W1:parton-logan-a1.86-b2.2:humidity-vapour_pressure:magnus-6.112-17.62-243.12:toa-shape-erbs1982:wind-w1-dtr-slope0.03-amp0.1-0.8:pressure-isa-elev-sea-level-constant-no-dem:liljegren-thermofeel2.3.0:day-nex-normalised-complete365-feb29dropped,615976004.8147236,615976004.8147236,1.0,5,5,0,intersection_area_weighted_valid_cells_only,native,,26.495073416724395,176.15503825855055,79.34756703152722,14.335575529747953,Udaipur,Rishbhdeo
Rajasthan,block,Udaipur||Sayra,ACCESS-CM2,historical,2005,W1,outdoor-pilot-v1:W1:parton-logan-a1.86-b2.2:humidity-vapour_pressure:magnus-6.112-17.62-243.12:toa-shape-erbs1982:wind-w1-dtr-slope0.03-amp0.1-0.8:pressure-isa-elev-sea-level-constant-no-dem:liljegren-thermofeel2.3.0:day-nex-normalised-complete365-feb29dropped,575677583.7847121,575677583.7847121,1.0,4,4,0,intersection_area_weighted_valid_cells_only,native,,25.09417071567154,112.35289373306314,27.957340275635584,2.0642645277200233,Udaipur,Sayra
Rajasthan,block,Udaipur||Vallabhnagar,ACCESS-CM2,historical,2005,W1,outdoor-pilot-v1:W1:parton-logan-a1.86-b2.2:humidity-vapour_pressure:magnus-6.112-17.62-243.12:toa-shape-erbs1982:wind-w1-dtr-slope0.03-amp0.1-0.8:pressure-isa-elev-sea-level-constant-no-dem:liljegren-thermofeel2.3.0:day-nex-normalised-complete365-feb29dropped,433268793.8131186,433268793.8131186,1.0,4,4,0,intersection_area_weighted_valid_cells_only,native,,26.30724286180031,178.42361844546244,77.04776878249163,9.546585241116532,Udaipur,Vallabhnagar
Rajasthan,block,Ajmer||Ajmer Rural,ACCESS-CM2,historical,2005,C1,outdoor-pilot-v1:C1:parton-logan-a1.86-b2.2:humidity-vapour_pressure:magnus-6.112-17.62-243.12:toa-shape-erbs1982:wind-constant-daily-mean:pressure-isa-elev-sea-level-constant-no-dem:liljegren-thermofeel2.3.0:day-nex-normalised-complete365-feb29dropped,774178452.4873722,774178452.4873722,1.0,7,7,0,intersection_area_weighted_valid_cells_only,native,,27.114921603920582,195.08128077093917,149.34393103372017,56.39557672008107,Ajmer,Ajmer Rural
Rajasthan,block,Ajmer||Arain,ACCESS-CM2,historical,2005,C1,outdoor-pilot-v1:C1:parton-logan-a1.86-b2.2:humidity-vapour_pressure:magnus-6.112-17.62-243.12:toa-shape-erbs1982:wind-constant-daily-mean:pressure-isa-elev-sea-level-constant-no-dem:liljegren-thermofeel2.3.0:day-nex-normalised-complete365-feb29dropped,557021075.3912592,557021075.3912592,1.0,5,5,0,intersection_area_weighted_valid_cells_only,native,,27.402474862145276,200.508134808997,157.1283773066779,77.07758114710926,Ajmer,Arain
Rajasthan,block,Ajmer||Kishangarh Silora,ACCESS-CM2,historical,2005,C1,outdoor-pilot-v1:C1:parton-logan-a1.86-b2.2:humidity-vapour_pressure:magnus-6.112-17.62-243.12:toa-shape-erbs1982:wind-constant-daily-mean:pressure-isa-elev-sea-level-constant-no-dem:liljegren-thermofeel2.3.0:day-nex-normalised-complete365-feb29dropped,635988327.7305158,635988327.7305158,1.0,6,6,0,intersection_area_weighted_valid_cells_only,native,,27.253985243284138,198.69804192785523,155.17450148265596,73.65265710520211,Ajmer,Kishangarh Silora
Rajasthan,block,Ajmer||Pisangan,ACCESS-CM2,historical,2005,C1,outdoor-pilot-v1:C1:parton-logan-a1.86-b2.2:humidity-vapour_pressure:magnus-6.112-17.62-243.12:toa-shape-erbs1982:wind-constant-daily-mean:pressure-isa-elev-sea-level-constant-no-dem:liljegren-thermofeel2.3.0:day-nex-normalised-complete365-feb29dropped,980113760.9284794,980113760.9284794,1.0,7,7,0,intersection_area_weighted_valid_cells_only,native,,27.295005392961258,196.27914510653983,153.86355813149555,63.65640800549788,Ajmer,Pisangan
Rajasthan,block,Ajmer||Sawar,ACCESS-CM2,historical,2005,C1,outdoor-pilot-v1:C1:parton-logan-a1.86-b2.2:humidity-vapour_pressure:magnus-6.112-17.62-243.12:toa-shape-erbs1982:wind-constant-daily-mean:pressure-isa-elev-sea-level-constant-no-dem:liljegren-thermofeel2.3.0:day-nex-normalised-complete365-feb29dropped,533439507.6271612,533439507.6271612,1.0,4,4,0,intersection_area_weighted_valid_cells_only,native,,27.26922873089337,198.30038736973734,154.29169574878995,70.73144393195332,Ajmer,Sawar
Rajasthan,block,Ajmer||Srinagar,ACCESS-CM2,historical,2005,C1,outdoor-pilot-v1:C1:parton-logan-a1.86-b2.2:humidity-vapour_pressure:magnus-6.112-17.62-243.12:toa-shape-erbs1982:wind-constant-daily-mean:pressure-isa-elev-sea-level-constant-no-dem:liljegren-thermofeel2.3.0:day-nex-normalised-complete365-feb29dropped,574552901.6098908,574552901.6098908,1.0,5,5,0,intersection_area_weighted_valid_cells_only,native,,27.296661170622873,198.36338171004192,153.9086089682488,67.80584406989581,Ajmer,Srinagar
Rajasthan,block,Alwar||Govindgarh,ACCESS-CM2,historical,2005,C1,outdoor-pilot-v1:C1:parton-logan-a1.86-b2.2:humidity-vapour_pressure:magnus-6.112-17.62-243.12:toa-shape-erbs1982:wind-constant-daily-mean:pressure-isa-elev-sea-level-constant-no-dem:liljegren-thermofeel2.3.0:day-nex-normalised-complete365-feb29dropped,111760767.19678786,111760767.19678786,1.0,4,4,0,intersection_area_weighted_valid_cells_only,native,,27.974425749573843,203.9146292723757,177.18746110141558,117.50135331905463,Alwar,Govindgarh
Rajasthan,block,Alwar||Kathumar,ACCESS-CM2,historical,2005,C1,outdoor-pilot-v1:C1:parton-logan-a1.86-b2.2:humidity-vapour_pressure:magnus-6.112-17.62-243.12:toa-shape-erbs1982:wind-constant-daily-mean:pressure-isa-elev-sea-level-constant-no-dem:liljegren-thermofeel2.3.0:day-nex-normalised-complete365-feb29dropped,571424810.8858334,571424810.8858334,1.0,4,4,0,intersection_area_weighted_valid_cells_only,native,,28.0381610345339,206.0020548943127,179.6252466384374,118.36722821586704,Alwar,Kathumar
Rajasthan,block,Alwar||Laxmangarh,ACCESS-CM2,historical,2005,C1,outdoor-pilot-v1:C1:parton-logan-a1.86-b2.2:humidity-vapour_pressure:magnus-6.112-17.62-243.12:toa-shape-erbs1982:wind-constant-daily-mean:pressure-isa-elev-sea-level-constant-no-dem:liljegren-thermofeel2.3.0:day-nex-normalised-complete365-feb29dropped,463646576.347684,463646576.347684,1.0,4,4,0,intersection_area_weighted_valid_cells_only,native,,27.961779955133267,204.7311666313089,176.80057260173092,114.92166936741727,Alwar,Laxmangarh
Rajasthan,block,Alwar||Malkheda,ACCESS-CM2,historical,2005,C1,outdoor-pilot-v1:C1:parton-logan-a1.86-b2.2:humidity-vapour_pressure:magnus-6.112-17.62-243.12:toa-shape-erbs1982:wind-constant-daily-mean:pressure-isa-elev-sea-level-constant-no-dem:liljegren-thermofeel2.3.0:day-nex-normalised-complete365-feb29dropped,469564821.55548775,469564821.55548775,1.0,4,4,0,intersection_area_weighted_valid_cells_only,native,,27.497019174015456,200.36869541264767,164.01560363704772,97.98846523028193,Alwar,Malkheda
Rajasthan,block,Alwar||Rajgarh,ACCESS-CM2,historical,2005,C1,outdoor-pilot-v1:C1:parton-logan-a1.86-b2.2:humidity-vapour_pressure:magnus-6.112-17.62-243.12:toa-shape-erbs1982:wind-constant-daily-mean:pressure-isa-elev-sea-level-constant-no-dem:liljegren-thermofeel2.3.0:day-nex-normalised-complete365-feb29dropped,798116712.9408326,798116712.9408326,1.0,4,4,0,intersection_area_weighted_valid_cells_only,native,,27.49231948374882,201.7491733236387,164.66554705758432,96.43368509893268,Alwar,Rajgarh
Rajasthan,block,Alwar||Ramgarh,ACCESS-CM2,historical,2005,C1,outdoor-pilot-v1:C1:parton-logan-a1.86-b2.2:humidity-vapour_pressure:magnus-6.112-17.62-243.12:toa-shape-erbs1982:wind-constant-daily-mean:pressure-isa-elev-sea-level-constant-no-dem:liljegren-thermofeel2.3.0:day-nex-normalised-complete365-feb29dropped,545046175.9139135,545046175.9139135,1.0,5,5,0,intersection_area_weighted_valid_cells_only,native,,27.842286162412353,201.92187109549545,173.8388293326249,112.95287459763506,Alwar,Ramgarh
Rajasthan,block,Alwar||Reni,ACCESS-CM2,historical,2005,C1,outdoor-pilot-v1:C1:parton-logan-a1.86-b2.2:humidity-vapour_pressure:magnus-6.112-17.62-243.12:toa-shape-erbs1982:wind-constant-daily-mean:pressure-isa-elev-sea-level-constant-no-dem:liljegren-thermofeel2.3.0:day-nex-normalised-complete365-feb29dropped,417591438.86794204,417591438.86794204,1.0,4,4,0,intersection_area_weighted_valid_cells_only,native,,27.87540498831824,205.56341027267214,175.3577805356232,110.17305636194504,Alwar,Reni
Rajasthan,block,Alwar||Thanagazi,ACCESS-CM2,historical,2005,C1,outdoor-pilot-v1:C1:parton-logan-a1.86-b2.2:humidity-vapour_pressure:magnus-6.112-17.62-243.12:toa-shape-erbs1982:wind-constant-daily-mean:pressure-isa-elev-sea-level-constant-no-dem:liljegren-thermofeel2.3.0:day-nex-normalised-complete365-feb29dropped,640267169.3811799,640267169.3811799,1.0,6,6,0,intersection_area_weighted_valid_cells_only,native,,27.08918839041392,196.19316175355388,151.58577437573786,79.66291102891911,Alwar,Thanagazi
Rajasthan,block,Alwar||Umren,ACCESS-CM2,historical,2005,C1,outdoor-pilot-v1:C1:parton-logan-a1.86-b2.2:humidity-vapour_pressure:magnus-6.112-17.62-243.12:toa-shape-erbs1982:wind-constant-daily-mean:pressure-isa-elev-sea-level-constant-no-dem:liljegren-thermofeel2.3.0:day-nex-normalised-complete365-feb29dropped,733341915.4884504,733341915.4884504,1.0,6,6,0,intersection_area_weighted_valid_cells_only,native,,27.49726660720456,199.60593348018156,165.6421078826435,100.77273592739081,Alwar,Umren
Rajasthan,block,Anoopgarh||Anupgarh,ACCESS-CM2,historical,2005,C1,outdoor-pilot-v1:C1:parton-logan-a1.86-b2.2:humidity-vapour_pressure:magnus-6.112-17.62-243.12:toa-shape-erbs1982:wind-constant-daily-mean:pressure-isa-elev-sea-level-constant-no-dem:liljegren-thermofeel2.3.0:day-nex-normalised-complete365-feb29dropped,1198699775.516665,1198699775.516665,1.0,7,7,0,intersection_area_weighted_valid_cells_only,native,,28.6900589583532,203.36215935726008,185.2512329422204,150.8336190418647,Anoopgarh,Anupgarh
Rajasthan,block,Anoopgarh||Gharsana,ACCESS-CM2,historical,2005,C1,outdoor-pilot-v1:C1:parton-logan-a1.86-b2.2:humidity-vapour_pressure:magnus-6.112-17.62-243.12:toa-shape-erbs1982:wind-constant-daily-mean:pressure-isa-elev-sea-level-constant-no-dem:liljegren-thermofeel2.3.0:day-nex-normalised-complete365-feb29dropped,1386401616.8105474,1386401616.8105474,1.0,7,7,0,intersection_area_weighted_valid_cells_only,native,,28.693616527851017,203.01874528828023,184.040767064062,152.6510172871338,Anoopgarh,Gharsana
Rajasthan,block,Anoopgarh||Khajuwala,ACCESS-CM2,historical,2005,C1,outdoor-pilot-v1:C1:parton-logan-a1.86-b2.2:humidity-vapour_pressure:magnus-6.112-17.62-243.12:toa-shape-erbs1982:wind-constant-daily-mean:pressure-isa-elev-sea-level-constant-no-dem:liljegren-thermofeel2.3.0:day-nex-normalised-complete365-feb29dropped,4147358924.8556876,4147358924.8556876,1.0,19,19,0,intersection_area_weighted_valid_cells_only,native,,28.574616282083525,202.6688397116913,184.36513447459924,148.17151633897473,Anoopgarh,Khajuwala
Rajasthan,block,Anoopgarh||Raisinghnagar,ACCESS-CM2,historical,2005,C1,outdoor-pilot-v1:C1:parton-logan-a1.86-b2.2:humidity-vapour_pressure:magnus-6.112-17.62-243.12:toa-shape-erbs1982:wind-constant-daily-mean:pressure-isa-elev-sea-level-constant-no-dem:liljegren-thermofeel2.3.0:day-nex-normalised-complete365-feb29dropped,1318724640.9588888,1318724640.9588888,1.0,6,6,0,intersection_area_weighted_valid_cells_only,native,,28.665524374685038,203.9473170650191,184.68129106120443,149.78683633455185,Anoopgarh,Raisinghnagar
Rajasthan,block,Anoopgarh||Vijainagar,ACCESS-CM2,historical,2005,C1,outdoor-pilot-v1:C1:parton-logan-a1.86-b2.2:humidity-vapour_pressure:magnus-6.112-17.62-243.12:toa-shape-erbs1982:wind-constant-daily-mean:pressure-isa-elev-sea-level-constant-no-dem:liljegren-thermofeel2.3.0:day-nex-normalised-complete365-feb29dropped,805400419.7556998,805400419.7556998,1.0,5,5,0,intersection_area_weighted_valid_cells_only,native,,28.699283691758865,204.0802332560495,185.45863347077704,151.0242894989067,Anoopgarh,Vijainagar
Rajasthan,block,Balotra||Baltora,ACCESS-CM2,historical,2005,C1,outdoor-pilot-v1:C1:parton-logan-a1.86-b2.2:humidity-vapour_pressure:magnus-6.112-17.62-243.12:toa-shape-erbs1982:wind-constant-daily-mean:pressure-isa-elev-sea-level-constant-no-dem:liljegren-thermofeel2.3.0:day-nex-normalised-complete365-feb29dropped,1489861780.0371723,1489861780.0371723,1.0,7,7,0,intersection_area_weighted_valid_cells_only,native,,28.185510628920543,207.9749212270594,178.82587698830193,104.62328967680048,Balotra,Baltora
Rajasthan,block,Balotra||Baytoo,ACCESS-CM2,historical,2005,C1,outdoor-pilot-v1:C1:parton-logan-a1.86-b2.2:humidity-vapour_pressure:magnus-6.112-17.62-243.12:toa-shape-erbs1982:wind-constant-daily-mean:pressure-isa-elev-sea-level-constant-no-dem:liljegren-thermofeel2.3.0:day-nex-normalised-complete365-feb29dropped,1170171880.457113,1170171880.457113,1.0,6,6,0,intersection_area_weighted_valid_cells_only,native,,27.877605462808326,203.1282284913696,174.37931363903334,78.21297429196241,Balotra,Baytoo
Rajasthan,block,Balotra||Gira,ACCESS-CM2,historical,2005,C1,outdoor-pilot-v1:C1:parton-logan-a1.86-b2.2:humidity-vapour_pressure:magnus-6.112-17.62-243.12:toa-shape-erbs1982:wind-constant-daily-mean:pressure-isa-elev-sea-level-constant-no-dem:liljegren-thermofeel2.3.0:day-nex-normalised-complete365-feb29dropped,1586754758.2101502,1586754758.2101502,1.0,8,8,0,intersection_area_weighted_valid_cells_only,native,,27.894752610285906,202.28637363412076,174.35287804722012,87.83341229422908,Balotra,Gira
Rajasthan,block,Balotra||Kalyanpur,ACCESS-CM2,historical,2005,C1,outdoor-pilot-v1:C1:parton-logan-a1.86-b2.2:humidity-vapour_pressure:magnus-6.112-17.62-243.12:toa-shape-erbs1982:wind-constant-daily-mean:pressure-isa-elev-sea-level-constant-no-dem:liljegren-thermofeel2.3.0:day-nex-normalised-complete365-feb29dropped,1162571122.6757252,1162571122.6757252,1.0,6,6,0,intersection_area_weighted_valid_cells_only,native,,28.11284502342712,207.2521268998074,176.5833853374897,106.94603795258736,Balotra,Kalyanpur
Rajasthan,block,Balotra||Panyla Kla,ACCESS-CM2,historical,2005,C1,outdoor-pilot-v1:C1:parton-logan-a1.86-b2.2:humidity-vapour_pressure:magnus-6.112-17.62-243.12:toa-shape-erbs1982:wind-constant-daily-mean:pressure-isa-elev-sea-level-constant-no-dem:liljegren-thermofeel2.3.0:day-nex-normalised-complete365-feb29dropped,475334870.5301346,475334870.5301346,1.0,4,4,0,intersection_area_weighted_valid_cells_only,native,,28.319773760335597,210.01533737123847,181.7759372717655,97.47580042993616,Balotra,Panyla Kla
Rajasthan,block,Balotra||Patodi,ACCESS-CM2,historical,2005,C1,outdoor-pilot-v1:C1:parton-logan-a1.86-b2.2:humidity-vapour_pressure:magnus-6.112-17.62-243.12:toa-shape-erbs1982:wind-constant-daily-mean:pressure-isa-elev-sea-level-constant-no-dem:liljegren-thermofeel2.3.0:day-nex-normalised-complete365-feb29dropped,830074643.4822034,830074643.4822034,1.0,6,6,0,intersection_area_weighted_valid_cells_only,native,,28.084855585967574,204.87533015038085,176.2404278371052,104.55914904531211,Balotra,Patodi
Rajasthan,block,Balotra||Samdari,ACCESS-CM2,historical,2005,C1,outdoor-pilot-v1:C1:parton-logan-a1.86-b2.2:humidity-vapour_pressure:magnus-6.112-17.62-243.12:toa-shape-erbs1982:wind-constant-daily-mean:pressure-isa-elev-sea-level-constant-no-dem:liljegren-thermofeel2.3.0:day-nex-normalised-complete365-feb29dropped,868002540.1581239,868002540.1581239,1.0,6,6,0,intersection_area_weighted_valid_cells_only,native,,28.107393458884204,207.74456856463547,177.4067819283313,97.76457823021688,Balotra,Samdari
Rajasthan,block,Balotra||Sindhari,ACCESS-CM2,historical,2005,C1,outdoor-pilot-v1:C1:parton-logan-a1.86-b2.2:humidity-vapour_pressure:magnus-6.112-17.62-243.12:toa-shape-erbs1982:wind-constant-daily-mean:pressure-isa-elev-sea-level-constant-no-dem:liljegren-thermofeel2.3.0:day-nex-normalised-complete365-feb29dropped,1417328156.6199727,1417328156.6199727,1.0,9,9,0,intersection_area_weighted_valid_cells_only,native,,28.17890030549302,206.77994998594593,179.70932452928903,94.4066779545807,Balotra,Sindhari
Rajasthan,block,Balotra||Siwana,ACCESS-CM2,historical,2005,C1,outdoor-pilot-v1:C1:parton-logan-a1.86-b2.2:humidity-vapour_pressure:magnus-6.112-17.62-243.12:toa-shape-erbs1982:wind-constant-daily-mean:pressure-isa-elev-sea-level-constant-no-dem:liljegren-thermofeel2.3.0:day-nex-normalised-complete365-feb29dropped,1191540449.7817354,1191540449.7817354,1.0,7,7,0,intersection_area_weighted_valid_cells_only,native,,27.88518812778905,203.8603305917112,171.49563480522488,71.95293833741374,Balotra,Siwana
Rajasthan,block,Banswara||Anandpuri,ACCESS-CM2,historical,2005,C1,outdoor-pilot-v1:C1:parton-logan-a1.86-b2.2:humidity-vapour_pressure:magnus-6.112-17.62-243.12:toa-shape-erbs1982:wind-constant-daily-mean:pressure-isa-elev-sea-level-constant-no-dem:liljegren-thermofeel2.3.0:day-nex-normalised-complete365-feb29dropped,332052945.340249,332052945.340249,1.0,2,2,0,intersection_area_weighted_valid_cells_only,native,,28.96319232897788,223.20593683496352,191.13729122330903,99.16697539812691,Banswara,Anandpuri
Rajasthan,block,Banswara||Arthuna,ACCESS-CM2,historical,2005,C1,outdoor-pilot-v1:C1:parton-logan-a1.86-b2.2:humidity-vapour_pressure:magnus-6.112-17.62-243.12:toa-shape-erbs1982:wind-constant-daily-mean:pressure-isa-elev-sea-level-constant-no-dem:liljegren-thermofeel2.3.0:day-nex-normalised-complete365-feb29dropped,245660513.61833134,245660513.61833134,1.0,5,5,0,intersection_area_weighted_valid_cells_only,native,,28.928208846759613,221.46192941902427,191.47534750702948,99.40997376065518,Banswara,Arthuna
Rajasthan,block,Banswara||Bagidora,ACCESS-CM2,historical,2005,C1,outdoor-pilot-v1:C1:parton-logan-a1.86-b2.2:humidity-vapour_pressure:magnus-6.112-17.62-243.12:toa-shape-erbs1982:wind-constant-daily-mean:pressure-isa-elev-sea-level-constant-no-dem:liljegren-thermofeel2.3.0:day-nex-normalised-complete365-feb29dropped,303389427.5928245,303389427.5928245,1.0,3,3,0,intersection_area_weighted_valid_cells_only,native,,28.70545019853163,221.18808685552213,188.40107815915448,84.69417360288975,Banswara,Bagidora
Rajasthan,block,Banswara||Banswara,ACCESS-CM2,historical,2005,C1,outdoor-pilot-v1:C1:parton-logan-a1.86-b2.2:humidity-vapour_pressure:magnus-6.112-17.62-243.12:toa-shape-erbs1982:wind-constant-daily-mean:pressure-isa-elev-sea-level-constant-no-dem:liljegren-thermofeel2.3.0:day-nex-normalised-complete365-feb29dropped,528701462.30247617,528701462.30247617,1.0,4,4,0,intersection_area_weighted_valid_cells_only,native,,28.55599049551301,219.5663709284768,186.25538855743363,74.7153306089031,Banswara,Banswara
Rajasthan,block,Banswara||Chhoti Sarwan,ACCESS-CM2,historical,2005,C1,outdoor-pilot-v1:C1:parton-logan-a1.86-b2.2:humidity-vapour_pressure:magnus-6.112-17.62-243.12:toa-shape-erbs1982:wind-constant-daily-mean:pressure-isa-elev-sea-level-constant-no-dem:liljegren-thermofeel2.3.0:day-nex-normalised-complete365-feb29dropped,347139781.4428353,347139781.4428353,1.0,3,3,0,intersection_area_weighted_valid_cells_only,native,,28.371532441097443,217.70757606495596,181.28415304739454,65.08352398469508,Banswara,Chhoti Sarwan
Rajasthan,block,Banswara||Gangar Talai,ACCESS-CM2,historical,2005,C1,outdoor-pilot-v1:C1:parton-logan-a1.86-b2.2:humidity-vapour_pressure:magnus-6.112-17.62-243.12:toa-shape-erbs1982:wind-constant-daily-mean:pressure-isa-elev-sea-level-constant-no-dem:liljegren-thermofeel2.3.0:day-nex-normalised-complete365-feb29dropped,217965510.99221054,217965510.99221054,1.0,2,2,0,intersection_area_weighted_valid_cells_only,native,,28.911513305342528,223.00000000000003,189.68447411269864,94.0534223380959,Banswara,Gangar Talai
Rajasthan,block,Banswara||Garhi,ACCESS-CM2,historical,2005,C1,outdoor-pilot-v1:C1:parton-logan-a1.86-b2.2:humidity-vapour_pressure:magnus-6.112-17.62-243.12:toa-shape-erbs1982:wind-constant-daily-mean:pressure-isa-elev-sea-level-constant-no-dem:liljegren-thermofeel2.3.0:day-nex-normalised-complete365-feb29dropped,462837379.8836703,462837379.8836703,1.0,3,3,0,intersection_area_weighted_valid_cells_only,native,,28.840167963855365,219.699372347451,190.7697260998944,97.40013308722968,Banswara,Garhi
Rajasthan,block,Banswara||Ghatol,ACCESS-CM2,historical,2005,C1,outdoor-pilot-v1:C1:parton-logan-a1.86-b2.2:humidity-vapour_pressure:magnus-6.112-17.62-243.12:toa-shape-erbs1982:wind-constant-daily-mean:pressure-isa-elev-sea-level-constant-no-dem:liljegren-thermofeel2.3.0:day-nex-normalised-complete365-feb29dropped,766717605.7303244,766717605.7303244,1.0,6,6,0,intersection_area_weighted_valid_cells_only,native,,28.550167068342834,217.9913053075485,185.99825766237177,82.46527675949706,Banswara,Ghatol
Rajasthan,block,Banswara||Kushalgarh,ACCESS-CM2,historical,2005,C1,outdoor-pilot-v1:C1:parton-logan-a1.86-b2.2:humidity-vapour_pressure:magnus-6.112-17.62-243.12:toa-shape-erbs1982:wind-constant-daily-mean:pressure-isa-elev-sea-level-constant-no-dem:liljegren-thermofeel2.3.0:day-nex-normalised-complete365-feb29dropped,644146539.7745677,644146539.7745677,1.0,4,4,0,intersection_area_weighted_valid_cells_only,native,,28.65206606827379,221.43090155274044,188.7638125086111,71.58780704960081,Banswara,Kushalgarh
Rajasthan,block,Banswara||Sajjangarh,ACCESS-CM2,historical,2005,C1,outdoor-pilot-v1:C1:parton-logan-a1.86-b2.2:humidity-vapour_pressure:magnus-6.112-17.62-243.12:toa-shape-erbs1982:wind-constant-daily-mean:pressure-isa-elev-sea-level-constant-no-dem:liljegren-thermofeel2.3.0:day-nex-normalised-complete365-feb29dropped,393932124.77661383,393932124.77661383,1.0,4,4,0,intersection_area_weighted_valid_cells_only,native,,28.755489690210354,222.3055005111286,189.84663959177172,80.42386581034187,Banswara,Sajjangarh
Rajasthan,block,Banswara||Talwara,ACCESS-CM2,historical,2005,C1,outdoor-pilot-v1:C1:parton-logan-a1.86-b2.2:humidity-vapour_pressure:magnus-6.112-17.62-243.12:toa-shape-erbs1982:wind-constant-daily-mean:pressure-isa-elev-sea-level-constant-no-dem:liljegren-thermofeel2.3.0:day-nex-normalised-complete365-feb29dropped,267220337.2940066,267220337.2940066,1.0,3,3,0,intersection_area_weighted_valid_cells_only,native,,28.64139873896486,219.2356593338207,187.1192257318011,85.53395535527922,Banswara,Talwara
Rajasthan,block,Baran||Anta,ACCESS-CM2,historical,2005,C1,outdoor-pilot-v1:C1:parton-logan-a1.86-b2.2:humidity-vapour_pressure:magnus-6.112-17.62-243.12:toa-shape-erbs1982:wind-constant-daily-mean:pressure-isa-elev-sea-level-constant-no-dem:liljegren-thermofeel2.3.0:day-nex-normalised-complete365-feb29dropped,547458738.7939318,547458738.7939318,1.0,4,4,0,intersection_area_weighted_valid_cells_only,native,,28.566082973539515,212.43971198235752,192.58893391196202,136.05822410410357,Baran,Anta
Rajasthan,block,Baran||Atru,ACCESS-CM2,historical,2005,C1,outdoor-pilot-v1:C1:parton-logan-a1.86-b2.2:humidity-vapour_pressure:magnus-6.112-17.62-243.12:toa-shape-erbs1982:wind-constant-daily-mean:pressure-isa-elev-sea-level-constant-no-dem:liljegren-thermofeel2.3.0:day-nex-normalised-complete365-feb29dropped,833261189.4159284,833261189.4159284,1.0,7,7,0,intersection_area_weighted_valid_cells_only,native,,28.513007602173655,213.03913176994084,192.4587201570054,125.03107049397443,Baran,Atru
Rajasthan,block,Baran||Baran (Full),ACCESS-CM2,historical,2005,C1,outdoor-pilot-v1:C1:parton-logan-a1.86-b2.2:humidity-vapour_pressure:magnus-6.112-17.62-243.12:toa-shape-erbs1982:wind-constant-daily-mean:pressure-isa-elev-sea-level-constant-no-dem:liljegren-thermofeel2.3.0:day-nex-normalised-complete365-feb29dropped,624388290.3447803,624388290.3447803,1.0,6,6,0,intersection_area_weighted_valid_cells_only,native,,28.565038079031883,212.18677199493055,193.40075371547488,135.44528680846645,Baran,Baran (Full)
Rajasthan,block,Baran||Chhabra,ACCESS-CM2,historical,2005,C1,outdoor-pilot-v1:C1:parton-logan-a1.86-b2.2:humidity-vapour_pressure:magnus-6.112-17.62-243.12:toa-shape-erbs1982:wind-constant-daily-mean:pressure-isa-elev-sea-level-constant-no-dem:liljegren-thermofeel2.3.0:day-nex-normalised-complete365-feb29dropped,800269927.5534151,800269927.5534151,1.0,6,6,0,intersection_area_weighted_valid_cells_only,native,,28.225881665810757,211.82029166131477,188.5703197074128,99.44724481225495,Baran,Chhabra
Rajasthan,block,Baran||Chhipabarod,ACCESS-CM2,historical,2005,C1,outdoor-pilot-v1:C1:parton-logan-a1.86-b2.2:humidity-vapour_pressure:magnus-6.112-17.62-243.12:toa-shape-erbs1982:wind-constant-daily-mean:pressure-isa-elev-sea-level-constant-no-dem:liljegren-thermofeel2.3.0:day-nex-normalised-complete365-feb29dropped,850160871.5401137,850160871.5401137,1.0,4,4,0,intersection_area_weighted_valid_cells_only,native,,28.304204588289892,212.60598779662033,189.90190413847992,101.76098452860299,Baran,Chhipabarod
Rajasthan,block,Baran||Kishanganj,ACCESS-CM2,historical,2005,C1,outdoor-pilot-v1:C1:parton-logan-a1.86-b2.2:humidity-vapour_pressure:magnus-6.112-17.62-243.12:toa-shape-erbs1982:wind-constant-daily-mean:pressure-isa-elev-sea-level-constant-no-dem:liljegren-thermofeel2.3.0:day-nex-normalised-complete365-feb29dropped,1426577529.7513702,1426577529.7513702,1.0,6,6,0,intersection_area_weighted_valid_cells_only,native,,28.39281279081067,211.74992210515654,190.51895821169344,123.60428434338931,Baran,Kishanganj
Rajasthan,block,Baran||Mangrol,ACCESS-CM2,historical,2005,C1,outdoor-pilot-v1:C1:parton-logan-a1.86-b2.2:humidity-vapour_pressure:magnus-6.112-17.62-243.12:toa-shape-erbs1982:wind-constant-daily-mean:pressure-isa-elev-sea-level-constant-no-dem:liljegren-thermofeel2.3.0:day-nex-normalised-complete365-feb29dropped,441180338.1788998,441180338.1788998,1.0,4,4,0,intersection_area_weighted_valid_cells_only,native,,28.626030290742136,213.24397705411903,192.7430343549342,141.73953141862046,Baran,Mangrol
Rajasthan,block,Baran||Shahbad,ACCESS-CM2,historical,2005,C1,outdoor-pilot-v1:C1:parton-logan-a1.86-b2.2:humidity-vapour_pressure:magnus-6.112-17.62-243.12:toa-shape-erbs1982:wind-constant-daily-mean:pressure-isa-elev-sea-level-constant-no-dem:liljegren-thermofeel2.3.0:day-nex-normalised-complete365-feb29dropped,1470997696.6746905,1470997696.6746905,1.0,6,6,0,intersection_area_weighted_valid_cells_only,native,,27.975036860698133,208.44023140833391,183.62477396461063,97.18545072994367,Baran,Shahbad
Rajasthan,block,Barmer||Aadel,ACCESS-CM2,historical,2005,C1,outdoor-pilot-v1:C1:parton-logan-a1.86-b2.2:humidity-vapour_pressure:magnus-6.112-17.62-243.12:toa-shape-erbs1982:wind-constant-daily-mean:pressure-isa-elev-sea-level-constant-no-dem:liljegren-thermofeel2.3.0:day-nex-normalised-complete365-feb29dropped,446165945.8609542,446165945.8609542,1.0,3,3,0,intersection_area_weighted_valid_cells_only,native,,28.296995936906573,207.97324668681313,183.06925212418986,92.52701863336323,Barmer,Aadel
Rajasthan,block,Barmer||Barmer,ACCESS-CM2,historical,2005,C1,outdoor-pilot-v1:C1:parton-logan-a1.86-b2.2:humidity-vapour_pressure:magnus-6.112-17.62-243.12:toa-shape-erbs1982:wind-constant-daily-mean:pressure-isa-elev-sea-level-constant-no-dem:liljegren-thermofeel2.3.0:day-nex-normalised-complete365-feb29dropped,1973553299.6006675,1973553299.6006675,1.0,10,10,0,intersection_area_weighted_valid_cells_only,native,,27.713003227246933,201.4416231672815,170.32208009837709,54.76386870681459,Barmer,Barmer
Rajasthan,block,Barmer||Barmer Rural,ACCESS-CM2,historical,2005,C1,outdoor-pilot-v1:C1:parton-logan-a1.86-b2.2:humidity-vapour_pressure:magnus-6.112-17.62-243.12:toa-shape-erbs1982:wind-constant-daily-mean:pressure-isa-elev-sea-level-constant-no-dem:liljegren-thermofeel2.3.0:day-nex-normalised-complete365-feb29dropped,1345518591.958608,1345518591.958608,1.0,9,9,0,intersection_area_weighted_valid_cells_only,native,,27.956552726450017,203.54997858127302,176.62673462176716,75.20271687447404,Barmer,Barmer Rural
Rajasthan,block,Barmer||Chohtan,ACCESS-CM2,historical,2005,C1,outdoor-pilot-v1:C1:parton-logan-a1.86-b2.2:humidity-vapour_pressure:magnus-6.112-17.62-243.12:toa-shape-erbs1982:wind-constant-daily-mean:pressure-isa-elev-sea-level-constant-no-dem:liljegren-thermofeel2.3.0:day-nex-normalised-complete365-feb29dropped,1116958317.214515,1116958317.214515,1.0,7,7,0,intersection_area_weighted_valid_cells_only,native,,28.067513877511352,204.78620660959507,180.18077184824935,62.30928215875622,Barmer,Chohtan
Rajasthan,block,Barmer||Dhanau,ACCESS-CM2,historical,2005,C1,outdoor-pilot-v1:C1:parton-logan-a1.86-b2.2:humidity-vapour_pressure:magnus-6.112-17.62-243.12:toa-shape-erbs1982:wind-constant-daily-mean:pressure-isa-elev-sea-level-constant-no-dem:liljegren-thermofeel2.3.0:day-nex-normalised-complete365-feb29dropped,1315251564.632786,1315251564.632786,1.0,6,6,0,intersection_area_weighted_valid_cells_only,native,,28.19880919683391,206.49876005982517,182.5196384213198,70.50219215896114,Barmer,Dhanau
Rajasthan,block,Barmer||Dhorimanna,ACCESS-CM2,historical,2005,C1,outdoor-pilot-v1:C1:parton-logan-a1.86-b2.2:humidity-vapour_pressure:magnus-6.112-17.62-243.12:toa-shape-erbs1982:wind-constant-daily-mean:pressure-isa-elev-sea-level-constant-no-dem:liljegren-thermofeel2.3.0:day-nex-normalised-complete365-feb29dropped,1315865348.931768,1315865348.931768,1.0,7,7,0,intersection_area_weighted_valid_cells_only,native,,28.417526912673118,211.5901290596207,184.68707535510836,88.92778906522268,Barmer,Dhorimanna
Rajasthan,block,Barmer||Fagliya,ACCESS-CM2,historical,2005,C1,outdoor-pilot-v1:C1:parton-logan-a1.86-b2.2:humidity-vapour_pressure:magnus-6.112-17.62-243.12:toa-shape-erbs1982:wind-constant-daily-mean:pressure-isa-elev-sea-level-constant-no-dem:liljegren-thermofeel2.3.0:day-nex-normalised-complete365-feb29dropped,851242935.9419439,851242935.9419439,1.0,7,7,0,intersection_area_weighted_valid_cells_only,native,,28.814902681900765,220.44028613558496,191.8205936593344,107.56945255728267,Barmer,Fagliya
Rajasthan,block,Barmer||Gadra Road,ACCESS-CM2,historical,2005,C1,outdoor-pilot-v1:C1:parton-logan-a1.86-b2.2:humidity-vapour_pressure:magnus-6.112-17.62-243.12:toa-shape-erbs1982:wind-constant-daily-mean:pressure-isa-elev-sea-level-constant-no-dem:liljegren-thermofeel2.3.0:day-nex-normalised-complete365-feb29dropped,3885229819.896744,3885229819.896744,1.0,11,11,0,intersection_area_weighted_valid_cells_only,native,,28.09732298741814,205.72024276609517,179.3009070296091,77.84337560365498,Barmer,Gadra Road
Rajasthan,block,Barmer||Gudhamalani,ACCESS-CM2,historical,2005,C1,outdoor-pilot-v1:C1:parton-logan-a1.86-b2.2:humidity-vapour_pressure:magnus-6.112-17.62-243.12:toa-shape-erbs1982:wind-constant-daily-mean:pressure-isa-elev-sea-level-constant-no-dem:liljegren-thermofeel2.3.0:day-nex-normalised-complete365-feb29dropped,855134718.8628451,855134718.8628451,1.0,5,5,0,intersection_area_weighted_valid_cells_only,native,,28.452972991993946,212.43157349648283,184.17797222183174,94.77762430736986,Barmer,Gudhamalani
Rajasthan,block,Barmer||Ramsar,ACCESS-CM2,historical,2005,C1,outdoor-pilot-v1:C1:parton-logan-a1.86-b2.2:humidity-vapour_pressure:magnus-6.112-17.62-243.12:toa-shape-erbs1982:wind-constant-daily-mean:pressure-isa-elev-sea-level-constant-no-dem:liljegren-thermofeel2.3.0:day-nex-normalised-complete365-feb29dropped,1627038176.4849033,1627038176.4849033,1.0,7,7,0,intersection_area_weighted_valid_cells_only,native,,27.802379252707507,202.19495057849383,171.7255604549733,56.98120450429724,Barmer,Ramsar
Rajasthan,block,Barmer||Sedwa,ACCESS-CM2,historical,2005,C1,outdoor-pilot-v1:C1:parton-logan-a1.86-b2.2:humidity-vapour_pressure:magnus-6.112-17.62-243.12:toa-shape-erbs1982:wind-constant-daily-mean:pressure-isa-elev-sea-level-constant-no-dem:liljegren-thermofeel2.3.0:day-nex-normalised-complete365-feb29dropped,741231406.4764202,741231406.4764202,1.0,4,4,0,intersection_area_weighted_valid_cells_only,native,,28.509294630663728,212.3723244411255,187.28070757900633,84.57995754193196,Barmer,Sedwa
Rajasthan,block,Barmer||Sheo,ACCESS-CM2,historical,2005,C1,outdoor-pilot-v1:C1:parton-logan-a1.86-b2.2:humidity-vapour_pressure:magnus-6.112-17.62-243.12:toa-shape-erbs1982:wind-constant-daily-mean:pressure-isa-elev-sea-level-constant-no-dem:liljegren-thermofeel2.3.0:day-nex-normalised-complete365-feb29dropped,2722463084.187394,2722463084.187394,1.0,14,14,0,intersection_area_weighted_valid_cells_only,native,,27.579067467884727,198.45377743317454,166.19039217044525,63.66815329571788,Barmer,Sheo
Rajasthan,block,Beawar||Badnor,ACCESS-CM2,historical,2005,C1,outdoor-pilot-v1:C1:parton-logan-a1.86-b2.2:humidity-vapour_pressure:magnus-6.112-17.62-243.12:toa-shape-erbs1982:wind-constant-daily-mean:pressure-isa-elev-sea-level-constant-no-dem:liljegren-thermofeel2.3.0:day-nex-normalised-complete365-feb29dropped,382258974.5935432,382258974.5935432,1.0,4,4,0,intersection_area_weighted_valid_cells_only,native,,26.989050482466762,190.81424084563727,142.45128852136855,33.03001338511846,Beawar,Badnor
Rajasthan,block,Beawar||Jaitaran,ACCESS-CM2,historical,2005,C1,outdoor-pilot-v1:C1:parton-logan-a1.86-b2.2:humidity-vapour_pressure:magnus-6.112-17.62-243.12:toa-shape-erbs1982:wind-constant-daily-mean:pressure-isa-elev-sea-level-constant-no-dem:liljegren-thermofeel2.3.0:day-nex-normalised-complete365-feb29dropped,1378055930.1938696,1378055930.1938696,1.0,5,5,0,intersection_area_weighted_valid_cells_only,native,,27.747506706951047,201.38002958587506,167.0839134763513,95.18404634070066,Beawar,Jaitaran
Rajasthan,block,Beawar||Jawaja,ACCESS-CM2,historical,2005,C1,outdoor-pilot-v1:C1:parton-logan-a1.86-b2.2:humidity-vapour_pressure:magnus-6.112-17.62-243.12:toa-shape-erbs1982:wind-constant-daily-mean:pressure-isa-elev-sea-level-constant-no-dem:liljegren-thermofeel2.3.0:day-nex-normalised-complete365-feb29dropped,689055309.7983738,689055309.7983738,1.0,7,7,0,intersection_area_weighted_valid_cells_only,native,,27.05294080103238,191.62054792930468,141.19702511115813,40.54252278924531,Beawar,Jawaja
Rajasthan,block,Beawar||Masooda,ACCESS-CM2,historical,2005,C1,outdoor-pilot-v1:C1:parton-logan-a1.86-b2.2:humidity-vapour_pressure:magnus-6.112-17.62-243.12:toa-shape-erbs1982:wind-constant-daily-mean:pressure-isa-elev-sea-level-constant-no-dem:liljegren-thermofeel2.3.0:day-nex-normalised-complete365-feb29dropped,863028866.6773293,863028866.6773293,1.0,4,4,0,intersection_area_weighted_valid_cells_only,native,,27.246455628390834,195.86240170201066,153.14904322373377,52.33472939914617,Beawar,Masooda
Rajasthan,block,Beawar||Raipur,ACCESS-CM2,historical,2005,C1,outdoor-pilot-v1:C1:parton-logan-a1.86-b2.2:humidity-vapour_pressure:magnus-6.112-17.62-243.12:toa-shape-erbs1982:wind-constant-daily-mean:pressure-isa-elev-sea-level-constant-no-dem:liljegren-thermofeel2.3.0:day-nex-normalised-complete365-feb29dropped,1098784232.8669667,1098784232.8669667,1.0,7,7,0,intersection_area_weighted_valid_cells_only,native,,27.41533964239183,196.83541681485175,153.8668390457488,65.79946620840508,Beawar,Raipur
Rajasthan,block,Bharatpur||Bayana,ACCESS-CM2,historical,2005,C1,outdoor-pilot-v1:C1:parton-logan-a1.86-b2.2:humidity-vapour_pressure:magnus-6.112-17.62-243.12:toa-shape-erbs1982:wind-constant-daily-mean:pressure-isa-elev-sea-level-constant-no-dem:liljegren-thermofeel2.3.0:day-nex-normalised-complete365-feb29dropped,778413300.995752,778413300.995752,1.0,5,5,0,intersection_area_weighted_valid_cells_only,native,,28.32842185638294,208.72832771464863,188.08969841249342,130.2936812004877,Bharatpur,Bayana
Rajasthan,block,Bharatpur||Bhusawar,ACCESS-CM2,historical,2005,C1,outdoor-pilot-v1:C1:parton-logan-a1.86-b2.2:humidity-vapour_pressure:magnus-6.112-17.62-243.12:toa-shape-erbs1982:wind-constant-daily-mean:pressure-isa-elev-sea-level-constant-no-dem:liljegren-thermofeel2.3.0:day-nex-normalised-complete365-feb29dropped,278871837.2492295,278871837.2492295,1.0,3,3,0,intersection_area_weighted_valid_cells_only,native,,28.150146132343245,207.25569552977228,183.19614073393,122.45967629560732,Bharatpur,Bhusawar
Rajasthan,block,Bharatpur||Nadbai,ACCESS-CM2,historical,2005,C1,outdoor-pilot-v1:C1:parton-logan-a1.86-b2.2:humidity-vapour_pressure:magnus-6.112-17.62-243.12:toa-shape-erbs1982:wind-constant-daily-mean:pressure-isa-elev-sea-level-constant-no-dem:liljegren-thermofeel2.3.0:day-nex-normalised-complete365-feb29dropped,447783897.2866317,447783897.2866317,1.0,4,4,0,intersection_area_weighted_valid_cells_only,native,,28.21258604217562,207.45437245537818,184.61229913729073,126.49077014652164,Bharatpur,Nadbai
Rajasthan,block,Bharatpur||Rupbas,ACCESS-CM2,historical,2005,C1,outdoor-pilot-v1:C1:parton-logan-a1.86-b2.2:humidity-vapour_pressure:magnus-6.112-17.62-243.12:toa-shape-erbs1982:wind-constant-daily-mean:pressure-isa-elev-sea-level-constant-no-dem:liljegren-thermofeel2.3.0:day-nex-normalised-complete365-feb29dropped,394865058.0856235,394865058.0856235,1.0,6,6,0,intersection_area_weighted_valid_cells_only,native,,28.545831232343126,209.99331554230494,191.23210509883893,142.42709970719076,Bharatpur,Rupbas
Rajasthan,block,Bharatpur||Sewar,ACCESS-CM2,historical,2005,C1,outdoor-pilot-v1:C1:parton-logan-a1.86-b2.2:humidity-vapour_pressure:magnus-6.112-17.62-243.12:toa-shape-erbs1982:wind-constant-daily-mean:pressure-isa-elev-sea-level-constant-no-dem:liljegren-thermofeel2.3.0:day-nex-normalised-complete365-feb29dropped,501512372.62049043,501512372.62049043,1.0,4,4,0,intersection_area_weighted_valid_cells_only,native,,28.486266795332252,209.00302128954993,189.91103739677453,139.71544430995863,Bharatpur,Sewar
Rajasthan,block,Bharatpur||Uchain,ACCESS-CM2,historical,2005,C1,outdoor-pilot-v1:C1:parton-logan-a1.86-b2.2:humidity-vapour_pressure:magnus-6.112-17.62-243.12:toa-shape-erbs1982:wind-constant-daily-mean:pressure-isa-elev-sea-level-constant-no-dem:liljegren-thermofeel2.3.0:day-nex-normalised-complete365-feb29dropped,165552533.4770728,165552533.4770728,1.0,2,2,0,intersection_area_weighted_valid_cells_only,native,,28.38950435704814,209.0276848108867,189.0830544326601,133.38758735241385,Bharatpur,Uchain
Rajasthan,block,Bharatpur||Weir,ACCESS-CM2,historical,2005,C1,outdoor-pilot-v1:C1:parton-logan-a1.86-b2.2:humidity-vapour_pressure:magnus-6.112-17.62-243.12:toa-shape-erbs1982:wind-constant-daily-mean:pressure-isa-elev-sea-level-constant-no-dem:liljegren-thermofeel2.3.0:day-nex-normalised-complete365-feb29dropped,326183962.49843514,326183962.49843514,1.0,4,4,0,intersection_area_weighted_valid_cells_only,native,,28.172029303766703,207.28960736032545,183.8688220809763,123.85325161498461,Bharatpur,Weir
Rajasthan,block,Bhilwara||Asind,ACCESS-CM2,historical,2005,C1,outdoor-pilot-v1:C1:parton-logan-a1.86-b2.2:humidity-vapour_pressure:magnus-6.112-17.62-243.12:toa-shape-erbs1982:wind-constant-daily-mean:pressure-isa-elev-sea-level-constant-no-dem:liljegren-thermofeel2.3.0:day-nex-normalised-complete365-feb29dropped,725940041.9316642,725940041.9316642,1.0,4,4,0,intersection_area_weighted_valid_cells_only,native,,27.022415138487606,189.52420476563987,141.15080976957387,33.08836802713208,Bhilwara,Asind
Rajasthan,block,Bhilwara||Bijoliya,ACCESS-CM2,historical,2005,C1,outdoor-pilot-v1:C1:parton-logan-a1.86-b2.2:humidity-vapour_pressure:magnus-6.112-17.62-243.12:toa-shape-erbs1982:wind-constant-daily-mean:pressure-isa-elev-sea-level-constant-no-dem:liljegren-thermofeel2.3.0:day-nex-normalised-complete365-feb29dropped,724698477.5896866,724698477.5896866,1.0,4,4,0,intersection_area_weighted_valid_cells_only,native,,27.47883901532852,203.0886631069085,158.44262705815748,54.590542862092704,Bhilwara,Bijoliya
Rajasthan,block,Bhilwara||Hurda,ACCESS-CM2,historical,2005,C1,outdoor-pilot-v1:C1:parton-logan-a1.86-b2.2:humidity-vapour_pressure:magnus-6.112-17.62-243.12:toa-shape-erbs1982:wind-constant-daily-mean:pressure-isa-elev-sea-level-constant-no-dem:liljegren-thermofeel2.3.0:day-nex-normalised-complete365-feb29dropped,650429162.1217024,650429162.1217024,1.0,6,6,0,intersection_area_weighted_valid_cells_only,native,,27.280646339387072,196.24506236739083,154.01688340497643,49.78585736203393,Bhilwara,Hurda
Rajasthan,block,Bhilwara||Kareda,ACCESS-CM2,historical,2005,C1,outdoor-pilot-v1:C1:parton-logan-a1.86-b2.2:humidity-vapour_pressure:magnus-6.112-17.62-243.12:toa-shape-erbs1982:wind-constant-daily-mean:pressure-isa-elev-sea-level-constant-no-dem:liljegren-thermofeel2.3.0:day-nex-normalised-complete365-feb29dropped,556797149.0601896,556797149.0601896,1.0,4,4,0,intersection_area_weighted_valid_cells_only,native,,26.64265101491438,185.4512783696625,117.0973263826713,19.104338273454566,Bhilwara,Kareda
Rajasthan,block,Bhilwara||Mandal,ACCESS-CM2,historical,2005,C1,outdoor-pilot-v1:C1:parton-logan-a1.86-b2.2:humidity-vapour_pressure:magnus-6.112-17.62-243.12:toa-shape-erbs1982:wind-constant-daily-mean:pressure-isa-elev-sea-level-constant-no-dem:liljegren-thermofeel2.3.0:day-nex-normalised-complete365-feb29dropped,662599825.134824,662599825.134824,1.0,4,4,0,intersection_area_weighted_valid_cells_only,native,,27.052663245094774,191.7616781913423,141.02007793851465,32.560682482888,Bhilwara,Mandal
Rajasthan,block,Bhilwara||Mandalgarh,ACCESS-CM2,historical,2005,C1,outdoor-pilot-v1:C1:parton-logan-a1.86-b2.2:humidity-vapour_pressure:magnus-6.112-17.62-243.12:toa-shape-erbs1982:wind-constant-daily-mean:pressure-isa-elev-sea-level-constant-no-dem:liljegren-thermofeel2.3.0:day-nex-normalised-complete365-feb29dropped,837772817.3714662,837772817.3714662,1.0,6,6,0,intersection_area_weighted_valid_cells_only,native,,27.59600837846467,204.73524993662872,162.0913281988683,61.45816864129182,Bhilwara,Mandalgarh
Rajasthan,block,Bhilwara||Raipur,ACCESS-CM2,historical,2005,C1,outdoor-pilot-v1:C1:parton-logan-a1.86-b2.2:humidity-vapour_pressure:magnus-6.112-17.62-243.12:toa-shape-erbs1982:wind-constant-daily-mean:pressure-isa-elev-sea-level-constant-no-dem:liljegren-thermofeel2.3.0:day-nex-normalised-complete365-feb29dropped,509251353.5377957,509251353.5377957,1.0,3,3,0,intersection_area_weighted_valid_cells_only,native,,26.7401882609255,187.0366266990549,119.33451627405718,18.94323215467618,Bhilwara,Raipur
Rajasthan,block,Bhilwara||Sahara,ACCESS-CM2,historical,2005,C1,outdoor-pilot-v1:C1:parton-logan-a1.86-b2.2:humidity-vapour_pressure:magnus-6.112-17.62-243.12:toa-shape-erbs1982:wind-constant-daily-mean:pressure-isa-elev-sea-level-constant-no-dem:liljegren-thermofeel2.3.0:day-nex-normalised-complete365-feb29dropped,657670532.8184154,657670532.8184154,1.0,4,4,0,intersection_area_weighted_valid_cells_only,native,,26.925636827729033,190.52763930580204,126.12800090277473,23.419971659889693,Bhilwara,Sahara
Rajasthan,block,Bhilwara||Suwana,ACCESS-CM2,historical,2005,C1,outdoor-pilot-v1:C1:parton-logan-a1.86-b2.2:humidity-vapour_pressure:magnus-6.112-17.62-243.12:toa-shape-erbs1982:wind-constant-daily-mean:pressure-isa-elev-sea-level-constant-no-dem:liljegren-thermofeel2.3.0:day-nex-normalised-complete365-feb29dropped,972053868.8482057,972053868.8482057,1.0,7,7,0,intersection_area_weighted_valid_cells_only,native,,27.229241463221914,197.31055202862535,148.26273111256899,36.3686804258505,Bhilwara,Suwana
Rajasthan,block,Bikaner||Bikaner,ACCESS-CM2,historical,2005,C1,outdoor-pilot-v1:C1:parton-logan-a1.86-b2.2:humidity-vapour_pressure:magnus-6.112-17.62-243.12:toa-shape-erbs1982:wind-constant-daily-mean:pressure-isa-elev-sea-level-constant-no-dem:liljegren-thermofeel2.3.0:day-nex-normalised-complete365-feb29dropped,3767985425.335848,3767985425.335848,1.0,12,12,0,intersection_area_weighted_valid_cells_only,native,,28.319373005557654,202.87412961926717,180.60328022839602,136.96147786055798,Bikaner,Bikaner
Rajasthan,block,Bikaner||Kolayat,ACCESS-CM2,historical,2005,C1,outdoor-pilot-v1:C1:parton-logan-a1.86-b2.2:humidity-vapour_pressure:magnus-6.112-17.62-243.12:toa-shape-erbs1982:wind-constant-daily-mean:pressure-isa-elev-sea-level-constant-no-dem:liljegren-thermofeel2.3.0:day-nex-normalised-complete365-feb29dropped,8288344321.828869,8288344321.828869,1.0,25,25,0,intersection_area_weighted_valid_cells_only,native,,28.11089388697812,200.70719784581615,176.01315877940374,127.17451299315566,Bikaner,Kolayat
Rajasthan,block,Bikaner||Lunkaransar,ACCESS-CM2,historical,2005,C1,outdoor-pilot-v1:C1:parton-logan-a1.86-b2.2:humidity-vapour_pressure:magnus-6.112-17.62-243.12:toa-shape-erbs1982:wind-constant-daily-mean:pressure-isa-elev-sea-level-constant-no-dem:liljegren-thermofeel2.3.0:day-nex-normalised-complete365-feb29dropped,5097404342.038689,5097404342.038689,1.0,15,15,0,intersection_area_weighted_valid_cells_only,native,,28.528150083906315,205.61456823950206,184.6663770260132,147.18909944050563,Bikaner,Lunkaransar
Rajasthan,block,Bikaner||Nokha,ACCESS-CM2,historical,2005,C1,outdoor-pilot-v1:C1:parton-logan-a1.86-b2.2:humidity-vapour_pressure:magnus-6.112-17.62-243.12:toa-shape-erbs1982:wind-constant-daily-mean:pressure-isa-elev-sea-level-constant-no-dem:liljegren-thermofeel2.3.0:day-nex-normalised-complete365-feb29dropped,2180179306.6552515,2180179306.6552515,1.0,11,11,0,intersection_area_weighted_valid_cells_only,native,,27.87908125122579,201.04281936891638,171.77884651090372,117.47172030351884,Bikaner,Nokha
Rajasthan,block,Bikaner||Panchoo,ACCESS-CM2,historical,2005,C1,outdoor-pilot-v1:C1:parton-logan-a1.86-b2.2:humidity-vapour_pressure:magnus-6.112-17.62-243.12:toa-shape-erbs1982:wind-constant-daily-mean:pressure-isa-elev-sea-level-constant-no-dem:liljegren-thermofeel2.3.0:day-nex-normalised-complete365-feb29dropped,1619317519.4341102,1619317519.4341102,1.0,8,8,0,intersection_area_weighted_valid_cells_only,native,,27.738150926997566,199.78685615317707,167.18738464769055,108.68534162554099,Bikaner,Panchoo
Rajasthan,block,Bikaner||Poogal,ACCESS-CM2,historical,2005,C1,outdoor-pilot-v1:C1:parton-logan-a1.86-b2.2:humidity-vapour_pressure:magnus-6.112-17.62-243.12:toa-shape-erbs1982:wind-constant-daily-mean:pressure-isa-elev-sea-level-constant-no-dem:liljegren-thermofeel2.3.0:day-nex-normalised-complete365-feb29dropped,2157231676.618514,2157231676.618514,1.0,9,9,0,intersection_area_weighted_valid_cells_only,native,,28.539915471609884,202.7807522198212,184.4834605928873,146.68374062426162,Bikaner,Poogal
Rajasthan,block,Bikaner||Sri Dungargarh,ACCESS-CM2,historical,2005,C1,outdoor-pilot-v1:C1:parton-logan-a1.86-b2.2:humidity-vapour_pressure:magnus-6.112-17.62-243.12:toa-shape-erbs1982:wind-constant-daily-mean:pressure-isa-elev-sea-level-constant-no-dem:liljegren-thermofeel2.3.0:day-nex-normalised-complete365-feb29dropped,2993446612.2606597,2993446612.2606597,1.0,14,14,0,intersection_area_weighted_valid_cells_only,native,,28.136264923422058,204.0924520359931,178.75386506611534,128.016485820084,Bikaner,Sri Dungargarh
Rajasthan,block,Bundi||Bundi,ACCESS-CM2,historical,2005,C1,outdoor-pilot-v1:C1:parton-logan-a1.86-b2.2:humidity-vapour_pressure:magnus-6.112-17.62-243.12:toa-shape-erbs1982:wind-constant-daily-mean:pressure-isa-elev-sea-level-constant-no-dem:liljegren-thermofeel2.3.0:day-nex-normalised-complete365-feb29dropped,977486693.635833,977486693.635833,1.0,6,6,0,intersection_area_weighted_valid_cells_only,native,,28.306294836605456,211.88281624947587,183.9071021687067,117.09324645408262,Bundi,Bundi
Rajasthan,block,Bundi||Hindoli,ACCESS-CM2,historical,2005,C1,outdoor-pilot-v1:C1:parton-logan-a1.86-b2.2:humidity-vapour_pressure:magnus-6.112-17.62-243.12:toa-shape-erbs1982:wind-constant-daily-mean:pressure-isa-elev-sea-level-constant-no-dem:liljegren-thermofeel2.3.0:day-nex-normalised-complete365-feb29dropped,1342114593.7894368,1342114593.7894368,1.0,7,7,0,intersection_area_weighted_valid_cells_only,native,,28.088401664067515,208.5874889723363,178.16617902131358,108.15248924700201,Bundi,Hindoli
Rajasthan,block,Bundi||Keshoraipatan,ACCESS-CM2,historical,2005,C1,outdoor-pilot-v1:C1:parton-logan-a1.86-b2.2:humidity-vapour_pressure:magnus-6.112-17.62-243.12:toa-shape-erbs1982:wind-constant-daily-mean:pressure-isa-elev-sea-level-constant-no-dem:liljegren-thermofeel2.3.0:day-nex-normalised-complete365-feb29dropped,1341531988.1319056,1341531988.1319056,1.0,8,8,0,intersection_area_weighted_valid_cells_only,native,,28.52822560132688,213.62738224276225,191.03437224865502,136.80872363509218,Bundi,Keshoraipatan
Rajasthan,block,Bundi||Nainwa,ACCESS-CM2,historical,2005,C1,outdoor-pilot-v1:C1:parton-logan-a1.86-b2.2:humidity-vapour_pressure:magnus-6.112-17.62-243.12:toa-shape-erbs1982:wind-constant-daily-mean:pressure-isa-elev-sea-level-constant-no-dem:liljegren-thermofeel2.3.0:day-nex-normalised-complete365-feb29dropped,1185323452.5153675,1185323452.5153675,1.0,6,6,0,intersection_area_weighted_valid_cells_only,native,,28.317888271347744,211.72161804134242,186.47705806097397,126.37790526790467,Bundi,Nainwa
Rajasthan,block,Bundi||Talera,ACCESS-CM2,historical,2005,C1,outdoor-pilot-v1:C1:parton-logan-a1.86-b2.2:humidity-vapour_pressure:magnus-6.112-17.62-243.12:toa-shape-erbs1982:wind-constant-daily-mean:pressure-isa-elev-sea-level-constant-no-dem:liljegren-thermofeel2.3.0:day-nex-normalised-complete365-feb29dropped,930260647.1613737,930260647.1613737,1.0,6,6,0,intersection_area_weighted_valid_cells_only,native,,28.06184977850228,210.0019767062569,177.46805862946354,97.84707133629165,Bundi,Talera
Rajasthan,block,Chittorgarh||Bari Sadri,ACCESS-CM2,historical,2005,C1,outdoor-pilot-v1:C1:parton-logan-a1.86-b2.2:humidity-vapour_pressure:magnus-6.112-17.62-243.12:toa-shape-erbs1982:wind-constant-daily-mean:pressure-isa-elev-sea-level-constant-no-dem:liljegren-thermofeel2.3.0:day-nex-normalised-complete365-feb29dropped,509151470.6236266,509151470.6236266,1.0,5,5,0,intersection_area_weighted_valid_cells_only,native,,27.23081686140755,201.82944537683727,131.72230494599776,25.398099644092564,Chittorgarh,Bari Sadri
Rajasthan,block,Chittorgarh||Begun,ACCESS-CM2,historical,2005,C1,outdoor-pilot-v1:C1:parton-logan-a1.86-b2.2:humidity-vapour_pressure:magnus-6.112-17.62-243.12:toa-shape-erbs1982:wind-constant-daily-mean:pressure-isa-elev-sea-level-constant-no-dem:liljegren-thermofeel2.3.0:day-nex-normalised-complete365-feb29dropped,919327351.3661512,919327351.3661512,1.0,4,4,0,intersection_area_weighted_valid_cells_only,native,,27.418601680260196,203.11938181919476,154.79058253179804,45.21358336253559,Chittorgarh,Begun
Rajasthan,block,Chittorgarh||Bhadesar,ACCESS-CM2,historical,2005,C1,outdoor-pilot-v1:C1:parton-logan-a1.86-b2.2:humidity-vapour_pressure:magnus-6.112-17.62-243.12:toa-shape-erbs1982:wind-constant-daily-mean:pressure-isa-elev-sea-level-constant-no-dem:liljegren-thermofeel2.3.0:day-nex-normalised-complete365-feb29dropped,534814750.2297175,534814750.2297175,1.0,4,4,0,intersection_area_weighted_valid_cells_only,native,,27.37607514337152,202.81550005391802,147.65532522997808,31.086344245842195,Chittorgarh,Bhadesar
Rajasthan,block,Chittorgarh||Bhainsrorgarh,ACCESS-CM2,historical,2005,C1,outdoor-pilot-v1:C1:parton-logan-a1.86-b2.2:humidity-vapour_pressure:magnus-6.112-17.62-243.12:toa-shape-erbs1982:wind-constant-daily-mean:pressure-isa-elev-sea-level-constant-no-dem:liljegren-thermofeel2.3.0:day-nex-normalised-complete365-feb29dropped,1616850661.961893,1616850661.961893,1.0,9,9,0,intersection_area_weighted_valid_cells_only,native,,27.74797348661901,208.5497873715459,168.8198388491124,63.15419734158307,Chittorgarh,Bhainsrorgarh
Rajasthan,block,Chittorgarh||Bhopalsagar,ACCESS-CM2,historical,2005,C1,outdoor-pilot-v1:C1:parton-logan-a1.86-b2.2:humidity-vapour_pressure:magnus-6.112-17.62-243.12:toa-shape-erbs1982:wind-constant-daily-mean:pressure-isa-elev-sea-level-constant-no-dem:liljegren-thermofeel2.3.0:day-nex-normalised-complete365-feb29dropped,392149527.72187054,392149527.72187054,1.0,4,4,0,intersection_area_weighted_valid_cells_only,native,,27.090197923899456,194.3448124910106,123.94301225823475,23.850139620624002,Chittorgarh,Bhopalsagar
Rajasthan,block,Chittorgarh||Chittorgarh,ACCESS-CM2,historical,2005,C1,outdoor-pilot-v1:C1:parton-logan-a1.86-b2.2:humidity-vapour_pressure:magnus-6.112-17.62-243.12:toa-shape-erbs1982:wind-constant-daily-mean:pressure-isa-elev-sea-level-constant-no-dem:liljegren-thermofeel2.3.0:day-nex-normalised-complete365-feb29dropped,986935585.7444482,986935585.7444482,1.0,7,7,0,intersection_area_weighted_valid_cells_only,native,,27.375294180547325,203.72683511972667,153.37111716341943,36.76340286162462,Chittorgarh,Chittorgarh
Rajasthan,block,Chittorgarh||Dungla,ACCESS-CM2,historical,2005,C1,outdoor-pilot-v1:C1:parton-logan-a1.86-b2.2:humidity-vapour_pressure:magnus-6.112-17.62-243.12:toa-shape-erbs1982:wind-constant-daily-mean:pressure-isa-elev-sea-level-constant-no-dem:liljegren-thermofeel2.3.0:day-nex-normalised-complete365-feb29dropped,496236860.90522885,496236860.90522885,1.0,4,4,0,intersection_area_weighted_valid_cells_only,native,,27.267995970570887,200.86472423775126,136.9028003743123,26.17376576801251,Chittorgarh,Dungla
Rajasthan,block,Chittorgarh||Gangrar,ACCESS-CM2,historical,2005,C1,outdoor-pilot-v1:C1:parton-logan-a1.86-b2.2:humidity-vapour_pressure:magnus-6.112-17.62-243.12:toa-shape-erbs1982:wind-constant-daily-mean:pressure-isa-elev-sea-level-constant-no-dem:liljegren-thermofeel2.3.0:day-nex-normalised-complete365-feb29dropped,556451994.0692643,556451994.0692643,1.0,5,5,0,intersection_area_weighted_valid_cells_only,native,,27.32833105241276,200.22003381245037,150.18043933957503,36.30179078226002,Chittorgarh,Gangrar
Rajasthan,block,Chittorgarh||Kapasan,ACCESS-CM2,historical,2005,C1,outdoor-pilot-v1:C1:parton-logan-a1.86-b2.2:humidity-vapour_pressure:magnus-6.112-17.62-243.12:toa-shape-erbs1982:wind-constant-daily-mean:pressure-isa-elev-sea-level-constant-no-dem:liljegren-thermofeel2.3.0:day-nex-normalised-complete365-feb29dropped,515022428.1195824,515022428.1195824,1.0,5,5,0,intersection_area_weighted_valid_cells_only,native,,27.352572198507872,199.8774686659324,146.6855067648751,34.11361678260671,Chittorgarh,Kapasan
Rajasthan,block,Chittorgarh||Nimbahera,ACCESS-CM2,historical,2005,C1,outdoor-pilot-v1:C1:parton-logan-a1.86-b2.2:humidity-vapour_pressure:magnus-6.112-17.62-243.12:toa-shape-erbs1982:wind-constant-daily-mean:pressure-isa-elev-sea-level-constant-no-dem:liljegren-thermofeel2.3.0:day-nex-normalised-complete365-feb29dropped,836387189.6690993,836387189.6690993,1.0,7,7,0,intersection_area_weighted_valid_cells_only,native,,27.388698079799443,205.20413091297172,149.82439426221518,32.91506153087003,Chittorgarh,Nimbahera
Rajasthan,block,Chittorgarh||Rashmi,ACCESS-CM2,historical,2005,C1,outdoor-pilot-v1:C1:parton-logan-a1.86-b2.2:humidity-vapour_pressure:magnus-6.112-17.62-243.12:toa-shape-erbs1982:wind-constant-daily-mean:pressure-isa-elev-sea-level-constant-no-dem:liljegren-thermofeel2.3.0:day-nex-normalised-complete365-feb29dropped,451624612.82926106,451624612.82926106,1.0,3,3,0,intersection_area_weighted_valid_cells_only,native,,27.147177601030517,194.34843100497133,137.75316863819728,31.025399910792153,Chittorgarh,Rashmi
Rajasthan,block,Churu||Bidasar,ACCESS-CM2,historical,2005,C1,outdoor-pilot-v1:C1:parton-logan-a1.86-b2.2:humidity-vapour_pressure:magnus-6.112-17.62-243.12:toa-shape-erbs1982:wind-constant-daily-mean:pressure-isa-elev-sea-level-constant-no-dem:liljegren-thermofeel2.3.0:day-nex-normalised-complete365-feb29dropped,1219318160.5726614,1219318160.5726614,1.0,7,7,0,intersection_area_weighted_valid_cells_only,native,,27.727008642498294,201.54914977912938,169.93073671984416,111.61636946173486,Churu,Bidasar
Rajasthan,block,Churu||Churu,ACCESS-CM2,historical,2005,C1,outdoor-pilot-v1:C1:parton-logan-a1.86-b2.2:humidity-vapour_pressure:magnus-6.112-17.62-243.12:toa-shape-erbs1982:wind-constant-daily-mean:pressure-isa-elev-sea-level-constant-no-dem:liljegren-thermofeel2.3.0:day-nex-normalised-complete365-feb29dropped,1599655539.9660032,1599655539.9660032,1.0,8,8,0,intersection_area_weighted_valid_cells_only,native,,27.909648892960234,201.86052834911268,176.97705632317147,120.21558334810841,Churu,Churu
Rajasthan,block,Churu||Rajgarh,ACCESS-CM2,historical,2005,C1,outdoor-pilot-v1:C1:parton-logan-a1.86-b2.2:humidity-vapour_pressure:magnus-6.112-17.62-243.12:toa-shape-erbs1982:wind-constant-daily-mean:pressure-isa-elev-sea-level-constant-no-dem:liljegren-thermofeel2.3.0:day-nex-normalised-complete365-feb29dropped,2206652367.1919193,2206652367.1919193,1.0,9,9,0,intersection_area_weighted_valid_cells_only,native,,28.074216049309694,201.14165406491097,178.8627454978877,128.43670974768816,Churu,Rajgarh
Rajasthan,block,Churu||Ratangarh,ACCESS-CM2,historical,2005,C1,outdoor-pilot-v1:C1:parton-logan-a1.86-b2.2:humidity-vapour_pressure:magnus-6.112-17.62-243.12:toa-shape-erbs1982:wind-constant-daily-mean:pressure-isa-elev-sea-level-constant-no-dem:liljegren-thermofeel2.3.0:day-nex-normalised-complete365-feb29dropped,1696951655.9253688,1696951655.9253688,1.0,10,10,0,intersection_area_weighted_valid_cells_only,native,,27.775503178968023,201.08366379585038,172.72124305225077,114.4783325194305,Churu,Ratangarh
Rajasthan,block,Churu||Sardarshahar,ACCESS-CM2,historical,2005,C1,outdoor-pilot-v1:C1:parton-logan-a1.86-b2.2:humidity-vapour_pressure:magnus-6.112-17.62-243.12:toa-shape-erbs1982:wind-constant-daily-mean:pressure-isa-elev-sea-level-constant-no-dem:liljegren-thermofeel2.3.0:day-nex-normalised-complete365-feb29dropped,3844435504.998402,3844435504.998402,1.0,14,14,0,intersection_area_weighted_valid_cells_only,native,,28.290925113998714,203.95922446780014,182.6479610040141,134.7350561936577,Churu,Sardarshahar
Rajasthan,block,Churu||Sujangarh,ACCESS-CM2,historical,2005,C1,outdoor-pilot-v1:C1:parton-logan-a1.86-b2.2:humidity-vapour_pressure:magnus-6.112-17.62-243.12:toa-shape-erbs1982:wind-constant-daily-mean:pressure-isa-elev-sea-level-constant-no-dem:liljegren-thermofeel2.3.0:day-nex-normalised-complete365-feb29dropped,1473696309.3761017,1473696309.3761017,1.0,8,8,0,intersection_area_weighted_valid_cells_only,native,,27.550577387714455,199.86260454829556,166.40401898861026,105.12851761611688,Churu,Sujangarh
Rajasthan,block,Churu||Taranagar,ACCESS-CM2,historical,2005,C1,outdoor-pilot-v1:C1:parton-logan-a1.86-b2.2:humidity-vapour_pressure:magnus-6.112-17.62-243.12:toa-shape-erbs1982:wind-constant-daily-mean:pressure-isa-elev-sea-level-constant-no-dem:liljegren-thermofeel2.3.0:day-nex-normalised-complete365-feb29dropped,1808705182.3666518,1808705182.3666518,1.0,9,9,0,intersection_area_weighted_valid_cells_only,native,,28.15341870357512,201.99297869217702,179.78428683623292,132.12094507806341,Churu,Taranagar
Rajasthan,block,Dausa||Bandikui,ACCESS-CM2,historical,2005,C1,outdoor-pilot-v1:C1:parton-logan-a1.86-b2.2:humidity-vapour_pressure:magnus-6.112-17.62-243.12:toa-shape-erbs1982:wind-constant-daily-mean:pressure-isa-elev-sea-level-constant-no-dem:liljegren-thermofeel2.3.0:day-nex-normalised-complete365-feb29dropped,140353990.55047306,140353990.55047306,1.0,4,4,0,intersection_area_weighted_valid_cells_only,native,,27.935240241344093,206.59999244413316,177.0926189833297,111.22770103852109,Dausa,Bandikui
Rajasthan,block,Dausa||Baswa,ACCESS-CM2,historical,2005,C1,outdoor-pilot-v1:C1:parton-logan-a1.86-b2.2:humidity-vapour_pressure:magnus-6.112-17.62-243.12:toa-shape-erbs1982:wind-constant-daily-mean:pressure-isa-elev-sea-level-constant-no-dem:liljegren-thermofeel2.3.0:day-nex-normalised-complete365-feb29dropped,493202932.18605936,493202932.18605936,1.0,4,4,0,intersection_area_weighted_valid_cells_only,native,,27.780159175896355,205.59161309129433,173.23769269813158,105.27664914335858,Dausa,Baswa
Rajasthan,block,Dausa||Dausa,ACCESS-CM2,historical,2005,C1,outdoor-pilot-v1:C1:parton-logan-a1.86-b2.2:humidity-vapour_pressure:magnus-6.112-17.62-243.12:toa-shape-erbs1982:wind-constant-daily-mean:pressure-isa-elev-sea-level-constant-no-dem:liljegren-thermofeel2.3.0:day-nex-normalised-complete365-feb29dropped,625716026.2797565,625716026.2797565,1.0,6,6,0,intersection_area_weighted_valid_cells_only,native,,27.832862729633067,207.06193613755232,173.97449922325043,104.08547303146925,Dausa,Dausa
Rajasthan,block,Dausa||Lalsot,ACCESS-CM2,historical,2005,C1,outdoor-pilot-v1:C1:parton-logan-a1.86-b2.2:humidity-vapour_pressure:magnus-6.112-17.62-243.12:toa-shape-erbs1982:wind-constant-daily-mean:pressure-isa-elev-sea-level-constant-no-dem:liljegren-thermofeel2.3.0:day-nex-normalised-complete365-feb29dropped,720380786.09477,720380786.09477,1.0,4,4,0,intersection_area_weighted_valid_cells_only,native,,27.958024992533584,206.82196100637998,177.86616210339574,109.92680944320796,Dausa,Lalsot
Rajasthan,block,Dausa||Lawan,ACCESS-CM2,historical,2005,C1,outdoor-pilot-v1:C1:parton-logan-a1.86-b2.2:humidity-vapour_pressure:magnus-6.112-17.62-243.12:toa-shape-erbs1982:wind-constant-daily-mean:pressure-isa-elev-sea-level-constant-no-dem:liljegren-thermofeel2.3.0:day-nex-normalised-complete365-feb29dropped,172324177.84525776,172324177.84525776,1.0,4,4,0,intersection_area_weighted_valid_cells_only,native,,27.888302137412644,207.70965619834328,175.425507167287,105.47759480867464,Dausa,Lawan
Rajasthan,block,Dausa||Mahwa,ACCESS-CM2,historical,2005,C1,outdoor-pilot-v1:C1:parton-logan-a1.86-b2.2:humidity-vapour_pressure:magnus-6.112-17.62-243.12:toa-shape-erbs1982:wind-constant-daily-mean:pressure-isa-elev-sea-level-constant-no-dem:liljegren-thermofeel2.3.0:day-nex-normalised-complete365-feb29dropped,484567888.9464356,484567888.9464356,1.0,5,5,0,intersection_area_weighted_valid_cells_only,native,,28.077761084863734,207.09873619088867,181.1029574022431,117.21326693668375,Dausa,Mahwa
Rajasthan,block,Dausa||Nangal Rajawatan,ACCESS-CM2,historical,2005,C1,outdoor-pilot-v1:C1:parton-logan-a1.86-b2.2:humidity-vapour_pressure:magnus-6.112-17.62-243.12:toa-shape-erbs1982:wind-constant-daily-mean:pressure-isa-elev-sea-level-constant-no-dem:liljegren-thermofeel2.3.0:day-nex-normalised-complete365-feb29dropped,122035058.07904863,122035058.07904863,1.0,2,2,0,intersection_area_weighted_valid_cells_only,native,,27.85134825304751,206.96122801134814,174.96122801134814,103.92245602269624,Dausa,Nangal Rajawatan
Rajasthan,block,Dausa||Ramgarh Pachwara,ACCESS-CM2,historical,2005,C1,outdoor-pilot-v1:C1:parton-logan-a1.86-b2.2:humidity-vapour_pressure:magnus-6.112-17.62-243.12:toa-shape-erbs1982:wind-constant-daily-mean:pressure-isa-elev-sea-level-constant-no-dem:liljegren-thermofeel2.3.0:day-nex-normalised-complete365-feb29dropped,146559210.47117436,146559210.47117436,1.0,2,2,0,intersection_area_weighted_valid_cells_only,native,,27.94762624363304,207.28835109064997,177.86505327194988,108.44175545324975,Dausa,Ramgarh Pachwara
Rajasthan,block,Dausa||Sikandara,ACCESS-CM2,historical,2005,C1,outdoor-pilot-v1:C1:parton-logan-a1.86-b2.2:humidity-vapour_pressure:magnus-6.112-17.62-243.12:toa-shape-erbs1982:wind-constant-daily-mean:pressure-isa-elev-sea-level-constant-no-dem:liljegren-thermofeel2.3.0:day-nex-normalised-complete365-feb29dropped,240123087.90927774,240123087.90927774,1.0,3,3,0,intersection_area_weighted_valid_cells_only,native,,27.886155174873476,207.06226751779596,175.99944159647185,105.99888319294374,Dausa,Sikandara
Rajasthan,block,Dausa||Sikrai,ACCESS-CM2,historical,2005,C1,outdoor-pilot-v1:C1:parton-logan-a1.86-b2.2:humidity-vapour_pressure:magnus-6.112-17.62-243.12:toa-shape-erbs1982:wind-constant-daily-mean:pressure-isa-elev-sea-level-constant-no-dem:liljegren-thermofeel2.3.0:day-nex-normalised-complete365-feb29dropped,270418437.07422334,270418437.07422334,1.0,3,3,0,intersection_area_weighted_valid_cells_only,native,,27.938973094049892,207.0,177.67752732001304,108.81628427025167,Dausa,Sikrai
Rajasthan,block,Deeg||Deeg,ACCESS-CM2,historical,2005,C1,outdoor-pilot-v1:C1:parton-logan-a1.86-b2.2:humidity-vapour_pressure:magnus-6.112-17.62-243.12:toa-shape-erbs1982:wind-constant-daily-mean:pressure-isa-elev-sea-level-constant-no-dem:liljegren-thermofeel2.3.0:day-nex-normalised-complete365-feb29dropped,505855196.937153,505855196.937153,1.0,4,4,0,intersection_area_weighted_valid_cells_only,native,,28.180411588123018,205.43700746859392,181.90978730554957,127.31209636619944,Deeg,Deeg
Rajasthan,block,Deeg||Kaman,ACCESS-CM2,historical,2005,C1,outdoor-pilot-v1:C1:parton-logan-a1.86-b2.2:humidity-vapour_pressure:magnus-6.112-17.62-243.12:toa-shape-erbs1982:wind-constant-daily-mean:pressure-isa-elev-sea-level-constant-no-dem:liljegren-thermofeel2.3.0:day-nex-normalised-complete365-feb29dropped,356003918.5475617,356003918.5475617,1.0,4,4,0,intersection_area_weighted_valid_cells_only,native,,28.11916293954276,203.71677096150464,178.87420228874325,125.70137436595323,Deeg,Kaman
Rajasthan,block,Deeg||Kumher,ACCESS-CM2,historical,2005,C1,outdoor-pilot-v1:C1:parton-logan-a1.86-b2.2:humidity-vapour_pressure:magnus-6.112-17.62-243.12:toa-shape-erbs1982:wind-constant-daily-mean:pressure-isa-elev-sea-level-constant-no-dem:liljegren-thermofeel2.3.0:day-nex-normalised-complete365-feb29dropped,448255023.10090935,448255023.10090935,1.0,4,4,0,intersection_area_weighted_valid_cells_only,native,,28.292786653644008,206.52096336640767,184.94638932484048,131.5620791075531,Deeg,Kumher
Rajasthan,block,Deeg||Nagar Pahari,ACCESS-CM2,historical,2005,C1,outdoor-pilot-v1:C1:parton-logan-a1.86-b2.2:humidity-vapour_pressure:magnus-6.112-17.62-243.12:toa-shape-erbs1982:wind-constant-daily-mean:pressure-isa-elev-sea-level-constant-no-dem:liljegren-thermofeel2.3.0:day-nex-normalised-complete365-feb29dropped,473126198.59071577,473126198.59071577,1.0,4,4,0,intersection_area_weighted_valid_cells_only,native,,28.01930351497201,204.74551710838668,178.5592080094419,119.41659307936926,Deeg,Nagar Pahari
Rajasthan,block,Deeg||Pahari,ACCESS-CM2,historical,2005,C1,outdoor-pilot-v1:C1:parton-logan-a1.86-b2.2:humidity-vapour_pressure:magnus-6.112-17.62-243.12:toa-shape-erbs1982:wind-constant-daily-mean:pressure-isa-elev-sea-level-constant-no-dem:liljegren-thermofeel2.3.0:day-nex-normalised-complete365-feb29dropped,383967698.17024565,383967698.17024565,1.0,3,3,0,intersection_area_weighted_valid_cells_only,native,,28.037697002158822,203.53172570620725,177.6931847196725,121.7329617991813,Deeg,Pahari
Rajasthan,block,Dholpur||Bari,ACCESS-CM2,historical,2005,C1,outdoor-pilot-v1:C1:parton-logan-a1.86-b2.2:humidity-vapour_pressure:magnus-6.112-17.62-243.12:toa-shape-erbs1982:wind-constant-daily-mean:pressure-isa-elev-sea-level-constant-no-dem:liljegren-thermofeel2.3.0:day-nex-normalised-complete365-feb29dropped,795083110.1841325,795083110.1841325,1.0,6,6,0,intersection_area_weighted_valid_cells_only,native,,28.61835822074543,212.2415229556727,192.7676936747527,147.28685227414053,Dholpur,Bari
Rajasthan,block,Dholpur||Baseri,ACCESS-CM2,historical,2005,C1,outdoor-pilot-v1:C1:parton-logan-a1.86-b2.2:humidity-vapour_pressure:magnus-6.112-17.62-243.12:toa-shape-erbs1982:wind-constant-daily-mean:pressure-isa-elev-sea-level-constant-no-dem:liljegren-thermofeel2.3.0:day-nex-normalised-complete365-feb29dropped,348965278.13456285,348965278.13456285,1.0,4,4,0,intersection_area_weighted_valid_cells_only,native,,28.527649273920098,210.73087748831858,191.69932808143727,140.84242528335713,Dholpur,Baseri
Rajasthan,block,Dholpur||Dhaulpur,ACCESS-CM2,historical,2005,C1,outdoor-pilot-v1:C1:parton-logan-a1.86-b2.2:humidity-vapour_pressure:magnus-6.112-17.62-243.12:toa-shape-erbs1982:wind-constant-daily-mean:pressure-isa-elev-sea-level-constant-no-dem:liljegren-thermofeel2.3.0:day-nex-normalised-complete365-feb29dropped,313539129.62616354,313539129.62616354,1.0,2,2,0,intersection_area_weighted_valid_cells_only,native,,28.833062878528374,213.99999999999997,194.96057762991995,154.0,Dholpur,Dhaulpur
Rajasthan,block,Dholpur||Rajakhera,ACCESS-CM2,historical,2005,C1,outdoor-pilot-v1:C1:parton-logan-a1.86-b2.2:humidity-vapour_pressure:magnus-6.112-17.62-243.12:toa-shape-erbs1982:wind-constant-daily-mean:pressure-isa-elev-sea-level-constant-no-dem:liljegren-thermofeel2.3.0:day-nex-normalised-complete365-feb29dropped,612885475.8846836,612885475.8846836,1.0,5,5,0,intersection_area_weighted_valid_cells_only,native,,28.928836943101157,214.00984313615606,195.49617583245498,157.09009696254853,Dholpur,Rajakhera
Rajasthan,block,Dholpur||Saipau,ACCESS-CM2,historical,2005,C1,outdoor-pilot-v1:C1:parton-logan-a1.86-b2.2:humidity-vapour_pressure:magnus-6.112-17.62-243.12:toa-shape-erbs1982:wind-constant-daily-mean:pressure-isa-elev-sea-level-constant-no-dem:liljegren-thermofeel2.3.0:day-nex-normalised-complete365-feb29dropped,311694030.1441715,311694030.1441715,1.0,3,3,0,intersection_area_weighted_valid_cells_only,native,,28.785499138141795,213.22833631253943,193.15221448666165,152.45667262507888,Dholpur,Saipau
Rajasthan,block,Dholpur||Sarmathura,ACCESS-CM2,historical,2005,C1,outdoor-pilot-v1:C1:parton-logan-a1.86-b2.2:humidity-vapour_pressure:magnus-6.112-17.62-243.12:toa-shape-erbs1982:wind-constant-daily-mean:pressure-isa-elev-sea-level-constant-no-dem:liljegren-thermofeel2.3.0:day-nex-normalised-complete365-feb29dropped,652248448.8310648,652248448.8310648,1.0,6,6,0,intersection_area_weighted_valid_cells_only,native,,28.493840683984278,210.66866929219876,191.57537350974198,139.13074795171102,Dholpur,Sarmathura
Rajasthan,block,Didwana Kuchaman||Didwana,ACCESS-CM2,historical,2005,C1,outdoor-pilot-v1:C1:parton-logan-a1.86-b2.2:humidity-vapour_pressure:magnus-6.112-17.62-243.12:toa-shape-erbs1982:wind-constant-daily-mean:pressure-isa-elev-sea-level-constant-no-dem:liljegren-thermofeel2.3.0:day-nex-normalised-complete365-feb29dropped,996715816.4352629,996715816.4352629,1.0,7,7,0,intersection_area_weighted_valid_cells_only,native,,27.363921718258744,198.3318935161478,160.1150717092723,90.90902574079692,Didwana Kuchaman,Didwana
Rajasthan,block,Didwana Kuchaman||Kuchaman,ACCESS-CM2,historical,2005,C1,outdoor-pilot-v1:C1:parton-logan-a1.86-b2.2:humidity-vapour_pressure:magnus-6.112-17.62-243.12:toa-shape-erbs1982:wind-constant-daily-mean:pressure-isa-elev-sea-level-constant-no-dem:liljegren-thermofeel2.3.0:day-nex-normalised-complete365-feb29dropped,562909425.980304,562909425.980304,1.0,6,6,0,intersection_area_weighted_valid_cells_only,native,,27.122139419177277,196.4562189355141,154.55744590859197,73.46110106166589,Didwana Kuchaman,Kuchaman
Rajasthan,block,Didwana Kuchaman||Ladnu,ACCESS-CM2,historical,2005,C1,outdoor-pilot-v1:C1:parton-logan-a1.86-b2.2:humidity-vapour_pressure:magnus-6.112-17.62-243.12:toa-shape-erbs1982:wind-constant-daily-mean:pressure-isa-elev-sea-level-constant-no-dem:liljegren-thermofeel2.3.0:day-nex-normalised-complete365-feb29dropped,1258367908.5487156,1258367908.5487156,1.0,7,7,0,intersection_area_weighted_valid_cells_only,native,,27.42451601910885,198.6658426425751,162.45795978408887,99.19002134606473,Didwana Kuchaman,Ladnu
Rajasthan,block,Didwana Kuchaman||Makrana,ACCESS-CM2,historical,2005,C1,outdoor-pilot-v1:C1:parton-logan-a1.86-b2.2:humidity-vapour_pressure:magnus-6.112-17.62-243.12:toa-shape-erbs1982:wind-constant-daily-mean:pressure-isa-elev-sea-level-constant-no-dem:liljegren-thermofeel2.3.0:day-nex-normalised-complete365-feb29dropped,1132747999.9014583,1132747999.9014583,1.0,6,6,0,intersection_area_weighted_valid_cells_only,native,,27.375784227856787,199.58170256484064,158.56928691675608,85.72535609427936,Didwana Kuchaman,Makrana
Rajasthan,block,Didwana Kuchaman||Molasar,ACCESS-CM2,historical,2005,C1,outdoor-pilot-v1:C1:parton-logan-a1.86-b2.2:humidity-vapour_pressure:magnus-6.112-17.62-243.12:toa-shape-erbs1982:wind-constant-daily-mean:pressure-isa-elev-sea-level-constant-no-dem:liljegren-thermofeel2.3.0:day-nex-normalised-complete365-feb29dropped,659263144.6758817,659263144.6758817,1.0,5,5,0,intersection_area_weighted_valid_cells_only,native,,27.256935344219798,197.49857031837124,156.8527933325463,83.15043251548661,Didwana Kuchaman,Molasar
Rajasthan,block,Didwana Kuchaman||Nawa,ACCESS-CM2,historical,2005,C1,outdoor-pilot-v1:C1:parton-logan-a1.86-b2.2:humidity-vapour_pressure:magnus-6.112-17.62-243.12:toa-shape-erbs1982:wind-constant-daily-mean:pressure-isa-elev-sea-level-constant-no-dem:liljegren-thermofeel2.3.0:day-nex-normalised-complete365-feb29dropped,1078062748.5858383,1078062748.5858383,1.0,7,7,0,intersection_area_weighted_valid_cells_only,native,,27.168241755593428,196.57603953130993,154.5878265447666,75.83236480598359,Didwana Kuchaman,Nawa
Rajasthan,block,Didwana Kuchaman||Parbatsar,ACCESS-CM2,historical,2005,C1,outdoor-pilot-v1:C1:parton-logan-a1.86-b2.2:humidity-vapour_pressure:magnus-6.112-17.62-243.12:toa-shape-erbs1982:wind-constant-daily-mean:pressure-isa-elev-sea-level-constant-no-dem:liljegren-thermofeel2.3.0:day-nex-normalised-complete365-feb29dropped,1114843738.8400004,1114843738.8400004,1.0,7,7,0,intersection_area_weighted_valid_cells_only,native,,27.221859796944862,197.77428684409455,153.8899728771864,71.09707077219477,Didwana Kuchaman,Parbatsar
Rajasthan,block,Dudu||Dudu,ACCESS-CM2,historical,2005,C1,outdoor-pilot-v1:C1:parton-logan-a1.86-b2.2:humidity-vapour_pressure:magnus-6.112-17.62-243.12:toa-shape-erbs1982:wind-constant-daily-mean:pressure-isa-elev-sea-level-constant-no-dem:liljegren-thermofeel2.3.0:day-nex-normalised-complete365-feb29dropped,636461612.4327222,636461612.4327222,1.0,6,6,0,intersection_area_weighted_valid_cells_only,native,,27.398005953990328,201.4731586864507,157.59410204118177,81.57927775473665,Dudu,Dudu
Rajasthan,block,Dudu||Madhorajpura,ACCESS-CM2,historical,2005,C1,outdoor-pilot-v1:C1:parton-logan-a1.86-b2.2:humidity-vapour_pressure:magnus-6.112-17.62-243.12:toa-shape-erbs1982:wind-constant-daily-mean:pressure-isa-elev-sea-level-constant-no-dem:liljegren-thermofeel2.3.0:day-nex-normalised-complete365-feb29dropped,474226126.2291032,474226126.2291032,1.0,5,5,0,intersection_area_weighted_valid_cells_only,native,,27.830027265645466,206.36443712189762,172.0154689710319,101.27755212808982,Dudu,Madhorajpura
Rajasthan,block,Dudu||Mauzamabad,ACCESS-CM2,historical,2005,C1,outdoor-pilot-v1:C1:parton-logan-a1.86-b2.2:humidity-vapour_pressure:magnus-6.112-17.62-243.12:toa-shape-erbs1982:wind-constant-daily-mean:pressure-isa-elev-sea-level-constant-no-dem:liljegren-thermofeel2.3.0:day-nex-normalised-complete365-feb29dropped,702956601.1025352,702956601.1025352,1.0,4,4,0,intersection_area_weighted_valid_cells_only,native,,27.509479494321468,203.13127686304043,160.95320147085536,87.90373347230856,Dudu,Mauzamabad
Rajasthan,block,Dudu||Phagi,ACCESS-CM2,historical,2005,C1,outdoor-pilot-v1:C1:parton-logan-a1.86-b2.2:humidity-vapour_pressure:magnus-6.112-17.62-243.12:toa-shape-erbs1982:wind-constant-daily-mean:pressure-isa-elev-sea-level-constant-no-dem:liljegren-thermofeel2.3.0:day-nex-normalised-complete365-feb29dropped,644108864.5192124,644108864.5192124,1.0,6,6,0,intersection_area_weighted_valid_cells_only,native,,27.7238621203198,205.30090345873427,167.5757321766709,96.04838462780528,Dudu,Phagi
Rajasthan,block,Dungarpur||Aspur,ACCESS-CM2,historical,2005,C1,outdoor-pilot-v1:C1:parton-logan-a1.86-b2.2:humidity-vapour_pressure:magnus-6.112-17.62-243.12:toa-shape-erbs1982:wind-constant-daily-mean:pressure-isa-elev-sea-level-constant-no-dem:liljegren-thermofeel2.3.0:day-nex-normalised-complete365-feb29dropped,343029460.82867986,343029460.82867986,1.0,3,3,0,intersection_area_weighted_valid_cells_only,native,,28.59967052337528,218.1027003467157,186.51880305538336,86.8548578739393,Dungarpur,Aspur
Rajasthan,block,Dungarpur||Bichiwara,ACCESS-CM2,historical,2005,C1,outdoor-pilot-v1:C1:parton-logan-a1.86-b2.2:humidity-vapour_pressure:magnus-6.112-17.62-243.12:toa-shape-erbs1982:wind-constant-daily-mean:pressure-isa-elev-sea-level-constant-no-dem:liljegren-thermofeel2.3.0:day-nex-normalised-complete365-feb29dropped,596155058.8719229,596155058.8719229,1.0,4,4,0,intersection_area_weighted_valid_cells_only,native,,27.86161376985551,207.6267188003265,154.11415367803906,43.86712919836995,Dungarpur,Bichiwara
Rajasthan,block,Dungarpur||Chikhali,ACCESS-CM2,historical,2005,C1,outdoor-pilot-v1:C1:parton-logan-a1.86-b2.2:humidity-vapour_pressure:magnus-6.112-17.62-243.12:toa-shape-erbs1982:wind-constant-daily-mean:pressure-isa-elev-sea-level-constant-no-dem:liljegren-thermofeel2.3.0:day-nex-normalised-complete365-feb29dropped,242211026.38144708,242211026.38144708,1.0,3,3,0,intersection_area_weighted_valid_cells_only,native,,29.1327715816993,225.5234887859042,192.6823258572695,112.81186043400328,Dungarpur,Chikhali
Rajasthan,block,Dungarpur||Dovada,ACCESS-CM2,historical,2005,C1,outdoor-pilot-v1:C1:parton-logan-a1.86-b2.2:humidity-vapour_pressure:magnus-6.112-17.62-243.12:toa-shape-erbs1982:wind-constant-daily-mean:pressure-isa-elev-sea-level-constant-no-dem:liljegren-thermofeel2.3.0:day-nex-normalised-complete365-feb29dropped,406294923.1245248,406294923.1245248,1.0,3,3,0,intersection_area_weighted_valid_cells_only,native,,28.378578769511197,216.48622294938346,180.37178629125242,72.57678279640051,Dungarpur,Dovada
Rajasthan,block,Dungarpur||Dungarpur,ACCESS-CM2,historical,2005,C1,outdoor-pilot-v1:C1:parton-logan-a1.86-b2.2:humidity-vapour_pressure:magnus-6.112-17.62-243.12:toa-shape-erbs1982:wind-constant-daily-mean:pressure-isa-elev-sea-level-constant-no-dem:liljegren-thermofeel2.3.0:day-nex-normalised-complete365-feb29dropped,321868721.37275875,321868721.37275875,1.0,3,3,0,intersection_area_weighted_valid_cells_only,native,,27.76479320225115,205.89648158802606,148.8354610310832,38.55439438175941,Dungarpur,Dungarpur
Rajasthan,block,Dungarpur||Galiyakoat,ACCESS-CM2,historical,2005,C1,outdoor-pilot-v1:C1:parton-logan-a1.86-b2.2:humidity-vapour_pressure:magnus-6.112-17.62-243.12:toa-shape-erbs1982:wind-constant-daily-mean:pressure-isa-elev-sea-level-constant-no-dem:liljegren-thermofeel2.3.0:day-nex-normalised-complete365-feb29dropped,169710800.19249365,169710800.19249365,1.0,4,4,0,intersection_area_weighted_valid_cells_only,native,,28.867874658538245,221.63814249312514,190.41091690951933,96.58779990643123,Dungarpur,Galiyakoat
Rajasthan,block,Dungarpur||Jothari,ACCESS-CM2,historical,2005,C1,outdoor-pilot-v1:C1:parton-logan-a1.86-b2.2:humidity-vapour_pressure:magnus-6.112-17.62-243.12:toa-shape-erbs1982:wind-constant-daily-mean:pressure-isa-elev-sea-level-constant-no-dem:liljegren-thermofeel2.3.0:day-nex-normalised-complete365-feb29dropped,261548704.54464996,261548704.54464996,1.0,4,4,0,intersection_area_weighted_valid_cells_only,native,,28.501669504021155,217.83994947227927,184.53932198277545,75.95212871922382,Dungarpur,Jothari
Rajasthan,block,Dungarpur||Sabla,ACCESS-CM2,historical,2005,C1,outdoor-pilot-v1:C1:parton-logan-a1.86-b2.2:humidity-vapour_pressure:magnus-6.112-17.62-243.12:toa-shape-erbs1982:wind-constant-daily-mean:pressure-isa-elev-sea-level-constant-no-dem:liljegren-thermofeel2.3.0:day-nex-normalised-complete365-feb29dropped,366497267.8785642,366497267.8785642,1.0,2,2,0,intersection_area_weighted_valid_cells_only,native,,28.687043730292746,218.69082526241115,189.0724757872335,92.59907788652279,Dungarpur,Sabla
Rajasthan,block,Dungarpur||Sagwara,ACCESS-CM2,historical,2005,C1,outdoor-pilot-v1:C1:parton-logan-a1.86-b2.2:humidity-vapour_pressure:magnus-6.112-17.62-243.12:toa-shape-erbs1982:wind-constant-daily-mean:pressure-isa-elev-sea-level-constant-no-dem:liljegren-thermofeel2.3.0:day-nex-normalised-complete365-feb29dropped,651274614.179434,651274614.179434,1.0,4,4,0,intersection_area_weighted_valid_cells_only,native,,28.768111681551563,219.58059883144077,189.59593221304658,92.61480105274116,Dungarpur,Sagwara
Rajasthan,block,Dungarpur||Simalwara,ACCESS-CM2,historical,2005,C1,outdoor-pilot-v1:C1:parton-logan-a1.86-b2.2:humidity-vapour_pressure:magnus-6.112-17.62-243.12:toa-shape-erbs1982:wind-constant-daily-mean:pressure-isa-elev-sea-level-constant-no-dem:liljegren-thermofeel2.3.0:day-nex-normalised-complete365-feb29dropped,411693080.31007683,411693080.31007683,1.0,4,4,0,intersection_area_weighted_valid_cells_only,native,,28.6750189928516,219.57841024760455,187.4183950431282,84.9649519093901,Dungarpur,Simalwara
Rajasthan,block,Ganganagar||Ganganagar,ACCESS-CM2,historical,2005,C1,outdoor-pilot-v1:C1:parton-logan-a1.86-b2.2:humidity-vapour_pressure:magnus-6.112-17.62-243.12:toa-shape-erbs1982:wind-constant-daily-mean:pressure-isa-elev-sea-level-constant-no-dem:liljegren-thermofeel2.3.0:day-nex-normalised-complete365-feb29dropped,978301507.7159715,978301507.7159715,1.0,5,5,0,intersection_area_weighted_valid_cells_only,native,,28.678550404233103,205.6038645125086,182.70395416472013,150.21257523823266,Ganganagar,Ganganagar
Rajasthan,block,Ganganagar||Karanpur,ACCESS-CM2,historical,2005,C1,outdoor-pilot-v1:C1:parton-logan-a1.86-b2.2:humidity-vapour_pressure:magnus-6.112-17.62-243.12:toa-shape-erbs1982:wind-constant-daily-mean:pressure-isa-elev-sea-level-constant-no-dem:liljegren-thermofeel2.3.0:day-nex-normalised-complete365-feb29dropped,820979563.6523676,820979563.6523676,1.0,5,5,0,intersection_area_weighted_valid_cells_only,native,,28.67162291199719,203.68096724182305,182.78161949999202,150.22722123707604,Ganganagar,Karanpur
Rajasthan,block,Ganganagar||Padampur,ACCESS-CM2,historical,2005,C1,outdoor-pilot-v1:C1:parton-logan-a1.86-b2.2:humidity-vapour_pressure:magnus-6.112-17.62-243.12:toa-shape-erbs1982:wind-constant-daily-mean:pressure-isa-elev-sea-level-constant-no-dem:liljegren-thermofeel2.3.0:day-nex-normalised-complete365-feb29dropped,848549728.3119836,848549728.3119836,1.0,7,7,0,intersection_area_weighted_valid_cells_only,native,,28.63551367488862,204.92087729201748,184.24228557920944,150.98426054422723,Ganganagar,Padampur
Rajasthan,block,Ganganagar||Sadulshahar,ACCESS-CM2,historical,2005,C1,outdoor-pilot-v1:C1:parton-logan-a1.86-b2.2:humidity-vapour_pressure:magnus-6.112-17.62-243.12:toa-shape-erbs1982:wind-constant-daily-mean:pressure-isa-elev-sea-level-constant-no-dem:liljegren-thermofeel2.3.0:day-nex-normalised-complete365-feb29dropped,770307830.863958,770307830.863958,1.0,5,5,0,intersection_area_weighted_valid_cells_only,native,,28.55659938303395,204.37865174309906,181.37407753135145,147.6341676284844,Ganganagar,Sadulshahar
Rajasthan,block,Ganganagar||Suratgarh,ACCESS-CM2,historical,2005,C1,outdoor-pilot-v1:C1:parton-logan-a1.86-b2.2:humidity-vapour_pressure:magnus-6.112-17.62-243.12:toa-shape-erbs1982:wind-constant-daily-mean:pressure-isa-elev-sea-level-constant-no-dem:liljegren-thermofeel2.3.0:day-nex-normalised-complete365-feb29dropped,2803590733.592578,2803590733.592578,1.0,12,12,0,intersection_area_weighted_valid_cells_only,native,,28.619865417622584,205.80816815301387,185.35311266912828,152.20257058864814,Ganganagar,Suratgarh
Rajasthan,block,Gangapurcity||Bamanwas,ACCESS-CM2,historical,2005,C1,outdoor-pilot-v1:C1:parton-logan-a1.86-b2.2:humidity-vapour_pressure:magnus-6.112-17.62-243.12:toa-shape-erbs1982:wind-constant-daily-mean:pressure-isa-elev-sea-level-constant-no-dem:liljegren-thermofeel2.3.0:day-nex-normalised-complete365-feb29dropped,728564450.6934437,728564450.6934437,1.0,4,4,0,intersection_area_weighted_valid_cells_only,native,,28.106879048908894,207.24656680071092,181.99804990015423,116.35304560231546,Gangapurcity,Bamanwas
Rajasthan,block,Gangapurcity||Gangapur City,ACCESS-CM2,historical,2005,C1,outdoor-pilot-v1:C1:parton-logan-a1.86-b2.2:humidity-vapour_pressure:magnus-6.112-17.62-243.12:toa-shape-erbs1982:wind-constant-daily-mean:pressure-isa-elev-sea-level-constant-no-dem:liljegren-thermofeel2.3.0:day-nex-normalised-complete365-feb29dropped,637204909.3163607,637204909.3163607,1.0,4,4,0,intersection_area_weighted_valid_cells_only,native,,28.199796421678016,207.87743816767104,184.92285225605283,121.8212122841417,Gangapurcity,Gangapur City
Rajasthan,block,Gangapurcity||Nadauti,ACCESS-CM2,historical,2005,C1,outdoor-pilot-v1:C1:parton-logan-a1.86-b2.2:humidity-vapour_pressure:magnus-6.112-17.62-243.12:toa-shape-erbs1982:wind-constant-daily-mean:pressure-isa-elev-sea-level-constant-no-dem:liljegren-thermofeel2.3.0:day-nex-normalised-complete365-feb29dropped,647252652.5791932,647252652.5791932,1.0,6,6,0,intersection_area_weighted_valid_cells_only,native,,28.07730086724625,207.22741607447492,181.44528351953196,115.12336034085124,Gangapurcity,Nadauti
Rajasthan,block,Gangapurcity||Todabhim,ACCESS-CM2,historical,2005,C1,outdoor-pilot-v1:C1:parton-logan-a1.86-b2.2:humidity-vapour_pressure:magnus-6.112-17.62-243.12:toa-shape-erbs1982:wind-constant-daily-mean:pressure-isa-elev-sea-level-constant-no-dem:liljegren-thermofeel2.3.0:day-nex-normalised-complete365-feb29dropped,542723713.6945428,542723713.6945428,1.0,3,3,0,intersection_area_weighted_valid_cells_only,native,,28.17657801906686,207.08915275931523,184.93766577372855,121.10413272794983,Gangapurcity,Todabhim
Rajasthan,block,Hanumangarh||Bhadra,ACCESS-CM2,historical,2005,C1,outdoor-pilot-v1:C1:parton-logan-a1.86-b2.2:humidity-vapour_pressure:magnus-6.112-17.62-243.12:toa-shape-erbs1982:wind-constant-daily-mean:pressure-isa-elev-sea-level-constant-no-dem:liljegren-thermofeel2.3.0:day-nex-normalised-complete365-feb29dropped,1731366634.8395133,1731366634.8395133,1.0,11,11,0,intersection_area_weighted_valid_cells_only,native,,28.222156166948988,201.28842645931968,179.99699125390393,134.74760852961606,Hanumangarh,Bhadra
Rajasthan,block,Hanumangarh||Hanumangarh,ACCESS-CM2,historical,2005,C1,outdoor-pilot-v1:C1:parton-logan-a1.86-b2.2:humidity-vapour_pressure:magnus-6.112-17.62-243.12:toa-shape-erbs1982:wind-constant-daily-mean:pressure-isa-elev-sea-level-constant-no-dem:liljegren-thermofeel2.3.0:day-nex-normalised-complete365-feb29dropped,1230334032.0448906,1230334032.0448906,1.0,7,7,0,intersection_area_weighted_valid_cells_only,native,,28.47464228690216,202.4608793143968,182.71414471228286,146.44343506366798,Hanumangarh,Hanumangarh
Rajasthan,block,Hanumangarh||Nohar,ACCESS-CM2,historical,2005,C1,outdoor-pilot-v1:C1:parton-logan-a1.86-b2.2:humidity-vapour_pressure:magnus-6.112-17.62-243.12:toa-shape-erbs1982:wind-constant-daily-mean:pressure-isa-elev-sea-level-constant-no-dem:liljegren-thermofeel2.3.0:day-nex-normalised-complete365-feb29dropped,2466540668.473819,2466540668.473819,1.0,10,10,0,intersection_area_weighted_valid_cells_only,native,,28.3435257848782,201.79115406360586,181.98793995787898,138.48933215950578,Hanumangarh,Nohar
Rajasthan,block,Hanumangarh||Pilibanga,ACCESS-CM2,historical,2005,C1,outdoor-pilot-v1:C1:parton-logan-a1.86-b2.2:humidity-vapour_pressure:magnus-6.112-17.62-243.12:toa-shape-erbs1982:wind-constant-daily-mean:pressure-isa-elev-sea-level-constant-no-dem:liljegren-thermofeel2.3.0:day-nex-normalised-complete365-feb29dropped,1009990697.2070236,1009990697.2070236,1.0,5,5,0,intersection_area_weighted_valid_cells_only,native,,28.57039807783458,204.82925861135192,183.96110745690567,148.9138977859374,Hanumangarh,Pilibanga
Rajasthan,block,Hanumangarh||Rawatsar,ACCESS-CM2,historical,2005,C1,outdoor-pilot-v1:C1:parton-logan-a1.86-b2.2:humidity-vapour_pressure:magnus-6.112-17.62-243.12:toa-shape-erbs1982:wind-constant-daily-mean:pressure-isa-elev-sea-level-constant-no-dem:liljegren-thermofeel2.3.0:day-nex-normalised-complete365-feb29dropped,1873515112.2335467,1873515112.2335467,1.0,8,8,0,intersection_area_weighted_valid_cells_only,native,,28.49439369160901,204.03319232685968,184.46726599436533,148.31715568960158,Hanumangarh,Rawatsar
Rajasthan,block,Hanumangarh||Sangaria,ACCESS-CM2,historical,2005,C1,outdoor-pilot-v1:C1:parton-logan-a1.86-b2.2:humidity-vapour_pressure:magnus-6.112-17.62-243.12:toa-shape-erbs1982:wind-constant-daily-mean:pressure-isa-elev-sea-level-constant-no-dem:liljegren-thermofeel2.3.0:day-nex-normalised-complete365-feb29dropped,652252908.398299,652252908.398299,1.0,4,4,0,intersection_area_weighted_valid_cells_only,native,,28.430903492846927,201.04275965685747,179.6306081228628,144.27832223558477,Hanumangarh,Sangaria
Rajasthan,block,Hanumangarh||Tibbi,ACCESS-CM2,historical,2005,C1,outdoor-pilot-v1:C1:parton-logan-a1.86-b2.2:humidity-vapour_pressure:magnus-6.112-17.62-243.12:toa-shape-erbs1982:wind-constant-daily-mean:pressure-isa-elev-sea-level-constant-no-dem:liljegren-thermofeel2.3.0:day-nex-normalised-complete365-feb29dropped,745798391.1454437,745798391.1454437,1.0,6,6,0,intersection_area_weighted_valid_cells_only,native,,28.364487689766303,200.54280775492217,181.59727281160923,142.09586544466046,Hanumangarh,Tibbi
Rajasthan,block,Jaipur Gramin||Andhi,ACCESS-CM2,historical,2005,C1,outdoor-pilot-v1:C1:parton-logan-a1.86-b2.2:humidity-vapour_pressure:magnus-6.112-17.62-243.12:toa-shape-erbs1982:wind-constant-daily-mean:pressure-isa-elev-sea-level-constant-no-dem:liljegren-thermofeel2.3.0:day-nex-normalised-complete365-feb29dropped,491642158.58144057,491642158.58144057,1.0,4,4,0,intersection_area_weighted_valid_cells_only,native,,27.456145480759524,202.53569824503174,163.47509700843412,91.97672280051717,Jaipur Gramin,Andhi
Rajasthan,block,Jaipur Gramin||Bassi,ACCESS-CM2,historical,2005,C1,outdoor-pilot-v1:C1:parton-logan-a1.86-b2.2:humidity-vapour_pressure:magnus-6.112-17.62-243.12:toa-shape-erbs1982:wind-constant-daily-mean:pressure-isa-elev-sea-level-constant-no-dem:liljegren-thermofeel2.3.0:day-nex-normalised-complete365-feb29dropped,387990280.13157064,387990280.13157064,1.0,3,3,0,intersection_area_weighted_valid_cells_only,native,,27.662471432555886,206.14991924944468,168.87952378280482,96.74515672609687,Jaipur Gramin,Bassi
Rajasthan,block,Jaipur Gramin||Chaksu,ACCESS-CM2,historical,2005,C1,outdoor-pilot-v1:C1:parton-logan-a1.86-b2.2:humidity-vapour_pressure:magnus-6.112-17.62-243.12:toa-shape-erbs1982:wind-constant-daily-mean:pressure-isa-elev-sea-level-constant-no-dem:liljegren-thermofeel2.3.0:day-nex-normalised-complete365-feb29dropped,523967337.94612247,523967337.94612247,1.0,5,5,0,intersection_area_weighted_valid_cells_only,native,,27.89827848827728,207.0241893215894,175.17591590878453,104.31289208058034,Jaipur Gramin,Chaksu
Rajasthan,block,Jaipur Gramin||Govindgarh,ACCESS-CM2,historical,2005,C1,outdoor-pilot-v1:C1:parton-logan-a1.86-b2.2:humidity-vapour_pressure:magnus-6.112-17.62-243.12:toa-shape-erbs1982:wind-constant-daily-mean:pressure-isa-elev-sea-level-constant-no-dem:liljegren-thermofeel2.3.0:day-nex-normalised-complete365-feb29dropped,682783015.2697796,682783015.2697796,1.0,6,6,0,intersection_area_weighted_valid_cells_only,native,,27.073430111226404,196.83463233770186,150.86474760181463,71.97243758824914,Jaipur Gramin,Govindgarh
Rajasthan,block,Jaipur Gramin||Jamwa Ramgarh,ACCESS-CM2,historical,2005,C1,outdoor-pilot-v1:C1:parton-logan-a1.86-b2.2:humidity-vapour_pressure:magnus-6.112-17.62-243.12:toa-shape-erbs1982:wind-constant-daily-mean:pressure-isa-elev-sea-level-constant-no-dem:liljegren-thermofeel2.3.0:day-nex-normalised-complete365-feb29dropped,529645472.20075893,529645472.20075893,1.0,6,6,0,intersection_area_weighted_valid_cells_only,native,,27.40439009060187,202.0017394155336,161.38151062632886,87.90142641059626,Jaipur Gramin,Jamwa Ramgarh
Rajasthan,block,Jaipur Gramin||Kishangarh Renwal,ACCESS-CM2,historical,2005,C1,outdoor-pilot-v1:C1:parton-logan-a1.86-b2.2:humidity-vapour_pressure:magnus-6.112-17.62-243.12:toa-shape-erbs1982:wind-constant-daily-mean:pressure-isa-elev-sea-level-constant-no-dem:liljegren-thermofeel2.3.0:day-nex-normalised-complete365-feb29dropped,540684485.7505609,540684485.7505609,1.0,5,5,0,intersection_area_weighted_valid_cells_only,native,,27.239511348815423,196.96500442981016,157.91172322823934,79.80635045503342,Jaipur Gramin,Kishangarh Renwal
Rajasthan,block,Jaipur Gramin||Kotkhawda,ACCESS-CM2,historical,2005,C1,outdoor-pilot-v1:C1:parton-logan-a1.86-b2.2:humidity-vapour_pressure:magnus-6.112-17.62-243.12:toa-shape-erbs1982:wind-constant-daily-mean:pressure-isa-elev-sea-level-constant-no-dem:liljegren-thermofeel2.3.0:day-nex-normalised-complete365-feb29dropped,291478800.4827604,291478800.4827604,1.0,2,2,0,intersection_area_weighted_valid_cells_only,native,,28.031773298088062,207.9993662298718,179.99683114935914,111.99492983897461,Jaipur Gramin,Kotkhawda
Rajasthan,block,Jaipur Gramin||Sambhar,ACCESS-CM2,historical,2005,C1,outdoor-pilot-v1:C1:parton-logan-a1.86-b2.2:humidity-vapour_pressure:magnus-6.112-17.62-243.12:toa-shape-erbs1982:wind-constant-daily-mean:pressure-isa-elev-sea-level-constant-no-dem:liljegren-thermofeel2.3.0:day-nex-normalised-complete365-feb29dropped,1018481177.0528194,1018481177.0528194,1.0,9,9,0,intersection_area_weighted_valid_cells_only,native,,27.365394412747563,201.06968402760705,158.44206019429177,84.88128640861267,Jaipur Gramin,Sambhar
Rajasthan,block,Jaipur Gramin||Shahpura,ACCESS-CM2,historical,2005,C1,outdoor-pilot-v1:C1:parton-logan-a1.86-b2.2:humidity-vapour_pressure:magnus-6.112-17.62-243.12:toa-shape-erbs1982:wind-constant-daily-mean:pressure-isa-elev-sea-level-constant-no-dem:liljegren-thermofeel2.3.0:day-nex-normalised-complete365-feb29dropped,527106510.56438684,527106510.56438684,1.0,6,6,0,intersection_area_weighted_valid_cells_only,native,,26.923123280242603,192.40069216411072,143.54692740452222,66.74416319121825,Jaipur Gramin,Shahpura
Rajasthan,block,Jaipur Gramin||Tunga,ACCESS-CM2,historical,2005,C1,outdoor-pilot-v1:C1:parton-logan-a1.86-b2.2:humidity-vapour_pressure:magnus-6.112-17.62-243.12:toa-shape-erbs1982:wind-constant-daily-mean:pressure-isa-elev-sea-level-constant-no-dem:liljegren-thermofeel2.3.0:day-nex-normalised-complete365-feb29dropped,267562851.80592662,267562851.80592662,1.0,5,5,0,intersection_area_weighted_valid_cells_only,native,,27.83577863244736,207.13477535416274,173.94360305728745,103.76942397965594,Jaipur Gramin,Tunga
Rajasthan,block,Jaipur||Amber,ACCESS-CM2,historical,2005,C1,outdoor-pilot-v1:C1:parton-logan-a1.86-b2.2:humidity-vapour_pressure:magnus-6.112-17.62-243.12:toa-shape-erbs1982:wind-constant-daily-mean:pressure-isa-elev-sea-level-constant-no-dem:liljegren-thermofeel2.3.0:day-nex-normalised-complete365-feb29dropped,440009673.15993744,440009673.15993744,1.0,5,5,0,intersection_area_weighted_valid_cells_only,native,,27.157965545245183,199.11838934643424,152.93347001833416,74.4704737215311,Jaipur,Amber
Rajasthan,block,Jaipur||Jalsu,ACCESS-CM2,historical,2005,C1,outdoor-pilot-v1:C1:parton-logan-a1.86-b2.2:humidity-vapour_pressure:magnus-6.112-17.62-243.12:toa-shape-erbs1982:wind-constant-daily-mean:pressure-isa-elev-sea-level-constant-no-dem:liljegren-thermofeel2.3.0:day-nex-normalised-complete365-feb29dropped,408910719.91971815,408910719.91971815,1.0,3,3,0,intersection_area_weighted_valid_cells_only,native,,27.175597642147967,198.1810312285197,156.13401915681666,77.14054837338587,Jaipur,Jalsu
Rajasthan,block,Jaipur||Jhotwara,ACCESS-CM2,historical,2005,C1,outdoor-pilot-v1:C1:parton-logan-a1.86-b2.2:humidity-vapour_pressure:magnus-6.112-17.62-243.12:toa-shape-erbs1982:wind-constant-daily-mean:pressure-isa-elev-sea-level-constant-no-dem:liljegren-thermofeel2.3.0:day-nex-normalised-complete365-feb29dropped,566292898.4538227,566292898.4538227,1.0,4,4,0,intersection_area_weighted_valid_cells_only,native,,27.436148901038422,202.91554725525924,162.69160691308463,87.93652248010326,Jaipur,Jhotwara
Rajasthan,block,Jaipur||Sanganer,ACCESS-CM2,historical,2005,C1,outdoor-pilot-v1:C1:parton-logan-a1.86-b2.2:humidity-vapour_pressure:magnus-6.112-17.62-243.12:toa-shape-erbs1982:wind-constant-daily-mean:pressure-isa-elev-sea-level-constant-no-dem:liljegren-thermofeel2.3.0:day-nex-normalised-complete365-feb29dropped,709514446.0612833,709514446.0612833,1.0,5,5,0,intersection_area_weighted_valid_cells_only,native,,27.534634181723646,203.94722705127919,165.3252087831151,91.46350894916556,Jaipur,Sanganer
Rajasthan,block,Jaisalmer||Bhaniyana,ACCESS-CM2,historical,2005,C1,outdoor-pilot-v1:C1:parton-logan-a1.86-b2.2:humidity-vapour_pressure:magnus-6.112-17.62-243.12:toa-shape-erbs1982:wind-constant-daily-mean:pressure-isa-elev-sea-level-constant-no-dem:liljegren-thermofeel2.3.0:day-nex-normalised-complete365-feb29dropped,1656217842.3541176,1656217842.3541176,1.0,8,8,0,intersection_area_weighted_valid_cells_only,native,,27.68382624328009,199.81691308138758,169.20553465380252,82.6309142804723,Jaisalmer,Bhaniyana
Rajasthan,block,Jaisalmer||Fatehgarh,ACCESS-CM2,historical,2005,C1,outdoor-pilot-v1:C1:parton-logan-a1.86-b2.2:humidity-vapour_pressure:magnus-6.112-17.62-243.12:toa-shape-erbs1982:wind-constant-daily-mean:pressure-isa-elev-sea-level-constant-no-dem:liljegren-thermofeel2.3.0:day-nex-normalised-complete365-feb29dropped,4467962028.845956,4467962028.845956,1.0,16,16,0,intersection_area_weighted_valid_cells_only,native,,27.541557687927078,197.59479705702051,164.6854051839291,64.31842838822783,Jaisalmer,Fatehgarh
Rajasthan,block,Jaisalmer||Jaisalmer,ACCESS-CM2,historical,2005,C1,outdoor-pilot-v1:C1:parton-logan-a1.86-b2.2:humidity-vapour_pressure:magnus-6.112-17.62-243.12:toa-shape-erbs1982:wind-constant-daily-mean:pressure-isa-elev-sea-level-constant-no-dem:liljegren-thermofeel2.3.0:day-nex-normalised-complete365-feb29dropped,2866017542.524042,2866017542.524042,1.0,13,13,0,intersection_area_weighted_valid_cells_only,native,,27.46992465554133,195.35908495854179,163.93282184237563,82.96413419204048,Jaisalmer,Jaisalmer
Rajasthan,block,Jaisalmer||Mohangarh,ACCESS-CM2,historical,2005,C1,outdoor-pilot-v1:C1:parton-logan-a1.86-b2.2:humidity-vapour_pressure:magnus-6.112-17.62-243.12:toa-shape-erbs1982:wind-constant-daily-mean:pressure-isa-elev-sea-level-constant-no-dem:liljegren-thermofeel2.3.0:day-nex-normalised-complete365-feb29dropped,4990720004.959466,4990720004.959466,1.0,13,13,0,intersection_area_weighted_valid_cells_only,native,,27.510592670683522,194.77641842509837,163.19597455261518,103.26567894082845,Jaisalmer,Mohangarh
Rajasthan,block,Jaisalmer||Nachana,ACCESS-CM2,historical,2005,C1,outdoor-pilot-v1:C1:parton-logan-a1.86-b2.2:humidity-vapour_pressure:magnus-6.112-17.62-243.12:toa-shape-erbs1982:wind-constant-daily-mean:pressure-isa-elev-sea-level-constant-no-dem:liljegren-thermofeel2.3.0:day-nex-normalised-complete365-feb29dropped,4137308503.838182,4137308503.838182,1.0,15,15,0,intersection_area_weighted_valid_cells_only,native,,27.69053289325932,197.3395098785075,167.34447723161915,110.76090885554365,Jaisalmer,Nachana
Rajasthan,block,Jaisalmer||Sam,ACCESS-CM2,historical,2005,C1,outdoor-pilot-v1:C1:parton-logan-a1.86-b2.2:humidity-vapour_pressure:magnus-6.112-17.62-243.12:toa-shape-erbs1982:wind-constant-daily-mean:pressure-isa-elev-sea-level-constant-no-dem:liljegren-thermofeel2.3.0:day-nex-normalised-complete365-feb29dropped,16515495637.604725,16515495637.604725,1.0,40,40,0,intersection_area_weighted_valid_cells_only,native,,27.678143293652067,196.33897695080745,166.5800984757298,94.99553814622088,Jaisalmer,Sam
Rajasthan,block,Jaisalmer||Sankra,ACCESS-CM2,historical,2005,C1,outdoor-pilot-v1:C1:parton-logan-a1.86-b2.2:humidity-vapour_pressure:magnus-6.112-17.62-243.12:toa-shape-erbs1982:wind-constant-daily-mean:pressure-isa-elev-sea-level-constant-no-dem:liljegren-thermofeel2.3.0:day-nex-normalised-complete365-feb29dropped,3815865200.244033,3815865200.244033,1.0,15,15,0,intersection_area_weighted_valid_cells_only,native,,27.55148878415452,197.91443237296164,164.69358094261594,87.26620330866554,Jaisalmer,Sankra
Rajasthan,block,Jalore||Ahore,ACCESS-CM2,historical,2005,C1,outdoor-pilot-v1:C1:parton-logan-a1.86-b2.2:humidity-vapour_pressure:magnus-6.112-17.62-243.12:toa-shape-erbs1982:wind-constant-daily-mean:pressure-isa-elev-sea-level-constant-no-dem:liljegren-thermofeel2.3.0:day-nex-normalised-complete365-feb29dropped,1620473371.3061643,1620473371.3061643,1.0,9,9,0,intersection_area_weighted_valid_cells_only,native,,27.920362764134634,204.39770480208168,174.1795168601033,76.60257087497459,Jalore,Ahore
Rajasthan,block,Jalore||Bagoda,ACCESS-CM2,historical,2005,C1,outdoor-pilot-v1:C1:parton-logan-a1.86-b2.2:humidity-vapour_pressure:magnus-6.112-17.62-243.12:toa-shape-erbs1982:wind-constant-daily-mean:pressure-isa-elev-sea-level-constant-no-dem:liljegren-thermofeel2.3.0:day-nex-normalised-complete365-feb29dropped,818103825.8030066,818103825.8030066,1.0,5,5,0,intersection_area_weighted_valid_cells_only,native,,28.354880389693562,211.65332826462773,181.77019225606435,89.2573153551147,Jalore,Bagoda
Rajasthan,block,Jalore||Bhinmal,ACCESS-CM2,historical,2005,C1,outdoor-pilot-v1:C1:parton-logan-a1.86-b2.2:humidity-vapour_pressure:magnus-6.112-17.62-243.12:toa-shape-erbs1982:wind-constant-daily-mean:pressure-isa-elev-sea-level-constant-no-dem:liljegren-thermofeel2.3.0:day-nex-normalised-complete365-feb29dropped,586097993.3099625,586097993.3099625,1.0,6,6,0,intersection_area_weighted_valid_cells_only,native,,28.11589965239203,207.88818543478007,175.00080000272825,73.06133913079469,Jalore,Bhinmal
Rajasthan,block,Jalore||Chitalwana,ACCESS-CM2,historical,2005,C1,outdoor-pilot-v1:C1:parton-logan-a1.86-b2.2:humidity-vapour_pressure:magnus-6.112-17.62-243.12:toa-shape-erbs1982:wind-constant-daily-mean:pressure-isa-elev-sea-level-constant-no-dem:liljegren-thermofeel2.3.0:day-nex-normalised-complete365-feb29dropped,1677766019.4890683,1677766019.4890683,1.0,10,10,0,intersection_area_weighted_valid_cells_only,native,,28.762171380664032,219.71824827120082,189.53660367530645,107.12538232442525,Jalore,Chitalwana
Rajasthan,block,Jalore||Jalore,ACCESS-CM2,historical,2005,C1,outdoor-pilot-v1:C1:parton-logan-a1.86-b2.2:humidity-vapour_pressure:magnus-6.112-17.62-243.12:toa-shape-erbs1982:wind-constant-daily-mean:pressure-isa-elev-sea-level-constant-no-dem:liljegren-thermofeel2.3.0:day-nex-normalised-complete365-feb29dropped,1055830128.3553634,1055830128.3553634,1.0,7,7,0,intersection_area_weighted_valid_cells_only,native,,27.936962454836358,205.39687010067217,171.20601287348634,68.24745808554579,Jalore,Jalore
Rajasthan,block,Jalore||Jaswantpura,ACCESS-CM2,historical,2005,C1,outdoor-pilot-v1:C1:parton-logan-a1.86-b2.2:humidity-vapour_pressure:magnus-6.112-17.62-243.12:toa-shape-erbs1982:wind-constant-daily-mean:pressure-isa-elev-sea-level-constant-no-dem:liljegren-thermofeel2.3.0:day-nex-normalised-complete365-feb29dropped,1075877762.1475806,1075877762.1475806,1.0,6,6,0,intersection_area_weighted_valid_cells_only,native,,27.711432176107703,203.09631912644477,158.92481475278362,52.81168584452677,Jalore,Jaswantpura
Rajasthan,block,Jalore||Raniwara,ACCESS-CM2,historical,2005,C1,outdoor-pilot-v1:C1:parton-logan-a1.86-b2.2:humidity-vapour_pressure:magnus-6.112-17.62-243.12:toa-shape-erbs1982:wind-constant-daily-mean:pressure-isa-elev-sea-level-constant-no-dem:liljegren-thermofeel2.3.0:day-nex-normalised-complete365-feb29dropped,914732137.1848099,914732137.1848099,1.0,4,4,0,intersection_area_weighted_valid_cells_only,native,,27.910259613836683,205.41276040767917,165.35401124163783,59.58236092191987,Jalore,Raniwara
Rajasthan,block,Jalore||Sanchore,ACCESS-CM2,historical,2005,C1,outdoor-pilot-v1:C1:parton-logan-a1.86-b2.2:humidity-vapour_pressure:magnus-6.112-17.62-243.12:toa-shape-erbs1982:wind-constant-daily-mean:pressure-isa-elev-sea-level-constant-no-dem:liljegren-thermofeel2.3.0:day-nex-normalised-complete365-feb29dropped,979524367.6431731,979524367.6431731,1.0,8,8,0,intersection_area_weighted_valid_cells_only,native,,28.62558318504486,217.05023791802125,186.9182923053411,95.56966860462722,Jalore,Sanchore
Rajasthan,block,Jalore||Sarnau,ACCESS-CM2,historical,2005,C1,outdoor-pilot-v1:C1:parton-logan-a1.86-b2.2:humidity-vapour_pressure:magnus-6.112-17.62-243.12:toa-shape-erbs1982:wind-constant-daily-mean:pressure-isa-elev-sea-level-constant-no-dem:liljegren-thermofeel2.3.0:day-nex-normalised-complete365-feb29dropped,442990217.48606485,442990217.48606485,1.0,4,4,0,intersection_area_weighted_valid_cells_only,native,,28.35301704969443,212.21905660925893,180.53793441843735,78.24968286459864,Jalore,Sarnau
Rajasthan,block,Jalore||Sayla,ACCESS-CM2,historical,2005,C1,outdoor-pilot-v1:C1:parton-logan-a1.86-b2.2:humidity-vapour_pressure:magnus-6.112-17.62-243.12:toa-shape-erbs1982:wind-constant-daily-mean:pressure-isa-elev-sea-level-constant-no-dem:liljegren-thermofeel2.3.0:day-nex-normalised-complete365-feb29dropped,1471915578.4734628,1471915578.4734628,1.0,8,8,0,intersection_area_weighted_valid_cells_only,native,,28.099096109686027,207.87412730302503,176.42626486579493,79.31358558167993,Jalore,Sayla
Rajasthan,block,Jhalawar||Aklera,ACCESS-CM2,historical,2005,C1,outdoor-pilot-v1:C1:parton-logan-a1.86-b2.2:humidity-vapour_pressure:magnus-6.112-17.62-243.12:toa-shape-erbs1982:wind-constant-daily-mean:pressure-isa-elev-sea-level-constant-no-dem:liljegren-thermofeel2.3.0:day-nex-normalised-complete365-feb29dropped,779166793.5646715,779166793.5646715,1.0,5,5,0,intersection_area_weighted_valid_cells_only,native,,28.316571237022853,215.22041167342852,190.2922241717859,91.77155834400911,Jhalawar,Aklera
Rajasthan,block,Jhalawar||Bakani,ACCESS-CM2,historical,2005,C1,outdoor-pilot-v1:C1:parton-logan-a1.86-b2.2:humidity-vapour_pressure:magnus-6.112-17.62-243.12:toa-shape-erbs1982:wind-constant-daily-mean:pressure-isa-elev-sea-level-constant-no-dem:liljegren-thermofeel2.3.0:day-nex-normalised-complete365-feb29dropped,445380680.9624896,445380680.9624896,1.0,4,4,0,intersection_area_weighted_valid_cells_only,native,,28.300345962610486,215.2787223926309,188.0547062544537,91.41273181898792,Jhalawar,Bakani
Rajasthan,block,Jhalawar||Bhawani Mandi,ACCESS-CM2,historical,2005,C1,outdoor-pilot-v1:C1:parton-logan-a1.86-b2.2:humidity-vapour_pressure:magnus-6.112-17.62-243.12:toa-shape-erbs1982:wind-constant-daily-mean:pressure-isa-elev-sea-level-constant-no-dem:liljegren-thermofeel2.3.0:day-nex-normalised-complete365-feb29dropped,702105248.4816223,702105248.4816223,1.0,6,6,0,intersection_area_weighted_valid_cells_only,native,,28.131396181497283,213.84987411116666,182.76857027761702,74.03902543291586,Jhalawar,Bhawani Mandi
Rajasthan,block,Jhalawar||Dag,ACCESS-CM2,historical,2005,C1,outdoor-pilot-v1:C1:parton-logan-a1.86-b2.2:humidity-vapour_pressure:magnus-6.112-17.62-243.12:toa-shape-erbs1982:wind-constant-daily-mean:pressure-isa-elev-sea-level-constant-no-dem:liljegren-thermofeel2.3.0:day-nex-normalised-complete365-feb29dropped,929916824.0475453,929916824.0475453,1.0,6,6,0,intersection_area_weighted_valid_cells_only,native,,27.987935695125355,211.58341407023707,173.9030253093189,49.22417576453228,Jhalawar,Dag
Rajasthan,block,Jhalawar||Jhalrapatan,ACCESS-CM2,historical,2005,C1,outdoor-pilot-v1:C1:parton-logan-a1.86-b2.2:humidity-vapour_pressure:magnus-6.112-17.62-243.12:toa-shape-erbs1982:wind-constant-daily-mean:pressure-isa-elev-sea-level-constant-no-dem:liljegren-thermofeel2.3.0:day-nex-normalised-complete365-feb29dropped,861890851.597662,861890851.597662,1.0,5,5,0,intersection_area_weighted_valid_cells_only,native,,28.361227976961903,215.1765536810727,189.66874205391053,102.26098560750579,Jhalawar,Jhalrapatan
Rajasthan,block,Jhalawar||Khanpur,ACCESS-CM2,historical,2005,C1,outdoor-pilot-v1:C1:parton-logan-a1.86-b2.2:humidity-vapour_pressure:magnus-6.112-17.62-243.12:toa-shape-erbs1982:wind-constant-daily-mean:pressure-isa-elev-sea-level-constant-no-dem:liljegren-thermofeel2.3.0:day-nex-normalised-complete365-feb29dropped,937076841.490537,937076841.490537,1.0,7,7,0,intersection_area_weighted_valid_cells_only,native,,28.47459054569761,214.62137265757283,192.27255184184335,115.3920100056365,Jhalawar,Khanpur
Rajasthan,block,Jhalawar||Manoharthana,ACCESS-CM2,historical,2005,C1,outdoor-pilot-v1:C1:parton-logan-a1.86-b2.2:humidity-vapour_pressure:magnus-6.112-17.62-243.12:toa-shape-erbs1982:wind-constant-daily-mean:pressure-isa-elev-sea-level-constant-no-dem:liljegren-thermofeel2.3.0:day-nex-normalised-complete365-feb29dropped,636826887.0567931,636826887.0567931,1.0,4,4,0,intersection_area_weighted_valid_cells_only,native,,28.176135266406327,212.34427542425095,188.8786211032045,81.11120329744763,Jhalawar,Manoharthana
Rajasthan,block,Jhalawar||Pirawa (Sunel),ACCESS-CM2,historical,2005,C1,outdoor-pilot-v1:C1:parton-logan-a1.86-b2.2:humidity-vapour_pressure:magnus-6.112-17.62-243.12:toa-shape-erbs1982:wind-constant-daily-mean:pressure-isa-elev-sea-level-constant-no-dem:liljegren-thermofeel2.3.0:day-nex-normalised-complete365-feb29dropped,1050704718.5359933,1050704718.5359933,1.0,4,4,0,intersection_area_weighted_valid_cells_only,native,,28.232043944322555,215.15594396594807,185.51624407864654,80.97328178399503,Jhalawar,Pirawa (Sunel)
Rajasthan,block,Jhunjhunu||Alsisar,ACCESS-CM2,historical,2005,C1,outdoor-pilot-v1:C1:parton-logan-a1.86-b2.2:humidity-vapour_pressure:magnus-6.112-17.62-243.12:toa-shape-erbs1982:wind-constant-daily-mean:pressure-isa-elev-sea-level-constant-no-dem:liljegren-thermofeel2.3.0:day-nex-normalised-complete365-feb29dropped,658812150.6575769,658812150.6575769,1.0,4,4,0,intersection_area_weighted_valid_cells_only,native,,27.829044782602264,201.30656837817014,176.75192580722265,117.03965637653125,Jhunjhunu,Alsisar
Rajasthan,block,Jhunjhunu||Buhana,ACCESS-CM2,historical,2005,C1,outdoor-pilot-v1:C1:parton-logan-a1.86-b2.2:humidity-vapour_pressure:magnus-6.112-17.62-243.12:toa-shape-erbs1982:wind-constant-daily-mean:pressure-isa-elev-sea-level-constant-no-dem:liljegren-thermofeel2.3.0:day-nex-normalised-complete365-feb29dropped,364202753.84085906,364202753.84085906,1.0,4,4,0,intersection_area_weighted_valid_cells_only,native,,27.77741079236587,201.43436423654018,173.38541145437716,112.43843369253248,Jhunjhunu,Buhana
Rajasthan,block,Jhunjhunu||Chirawa,ACCESS-CM2,historical,2005,C1,outdoor-pilot-v1:C1:parton-logan-a1.86-b2.2:humidity-vapour_pressure:magnus-6.112-17.62-243.12:toa-shape-erbs1982:wind-constant-daily-mean:pressure-isa-elev-sea-level-constant-no-dem:liljegren-thermofeel2.3.0:day-nex-normalised-complete365-feb29dropped,497906629.8040639,497906629.8040639,1.0,4,4,0,intersection_area_weighted_valid_cells_only,native,,27.74704549977348,201.0,173.54154990683605,113.74926356569931,Jhunjhunu,Chirawa
Rajasthan,block,Jhunjhunu||Jhunjhunu,ACCESS-CM2,historical,2005,C1,outdoor-pilot-v1:C1:parton-logan-a1.86-b2.2:humidity-vapour_pressure:magnus-6.112-17.62-243.12:toa-shape-erbs1982:wind-constant-daily-mean:pressure-isa-elev-sea-level-constant-no-dem:liljegren-thermofeel2.3.0:day-nex-normalised-complete365-feb29dropped,506344990.91486084,506344990.91486084,1.0,4,4,0,intersection_area_weighted_valid_cells_only,native,,27.6444105032812,200.81336454941223,172.90607445141077,110.87629418022014,Jhunjhunu,Jhunjhunu
Rajasthan,block,Jhunjhunu||Mandawa,ACCESS-CM2,historical,2005,C1,outdoor-pilot-v1:C1:parton-logan-a1.86-b2.2:humidity-vapour_pressure:magnus-6.112-17.62-243.12:toa-shape-erbs1982:wind-constant-daily-mean:pressure-isa-elev-sea-level-constant-no-dem:liljegren-thermofeel2.3.0:day-nex-normalised-complete365-feb29dropped,460638204.2288621,460638204.2288621,1.0,4,4,0,intersection_area_weighted_valid_cells_only,native,,27.656810604575774,200.9012553241889,174.26924819079935,112.26955535083967,Jhunjhunu,Mandawa
Rajasthan,block,Jhunjhunu||Nawalgarh,ACCESS-CM2,historical,2005,C1,outdoor-pilot-v1:C1:parton-logan-a1.86-b2.2:humidity-vapour_pressure:magnus-6.112-17.62-243.12:toa-shape-erbs1982:wind-constant-daily-mean:pressure-isa-elev-sea-level-constant-no-dem:liljegren-thermofeel2.3.0:day-nex-normalised-complete365-feb29dropped,1089159382.889534,1089159382.889534,1.0,7,7,0,intersection_area_weighted_valid_cells_only,native,,27.237887383852463,197.0368164587049,161.10016934268745,91.83043182213576,Jhunjhunu,Nawalgarh
Rajasthan,block,Jhunjhunu||Pilani,ACCESS-CM2,historical,2005,C1,outdoor-pilot-v1:C1:parton-logan-a1.86-b2.2:humidity-vapour_pressure:magnus-6.112-17.62-243.12:toa-shape-erbs1982:wind-constant-daily-mean:pressure-isa-elev-sea-level-constant-no-dem:liljegren-thermofeel2.3.0:day-nex-normalised-complete365-feb29dropped,373200060.3749176,373200060.3749176,1.0,4,4,0,intersection_area_weighted_valid_cells_only,native,,27.895542449856876,201.07145295760355,176.06331550660866,119.06027846192738,Jhunjhunu,Pilani
Rajasthan,block,Jhunjhunu||Singhana,ACCESS-CM2,historical,2005,C1,outdoor-pilot-v1:C1:parton-logan-a1.86-b2.2:humidity-vapour_pressure:magnus-6.112-17.62-243.12:toa-shape-erbs1982:wind-constant-daily-mean:pressure-isa-elev-sea-level-constant-no-dem:liljegren-thermofeel2.3.0:day-nex-normalised-complete365-feb29dropped,289230106.52786744,289230106.52786744,1.0,2,2,0,intersection_area_weighted_valid_cells_only,native,,27.683292079545993,201.0,171.69712392137922,109.30287607862078,Jhunjhunu,Singhana
Rajasthan,block,Jhunjhunu||Surajgarh,ACCESS-CM2,historical,2005,C1,outdoor-pilot-v1:C1:parton-logan-a1.86-b2.2:humidity-vapour_pressure:magnus-6.112-17.62-243.12:toa-shape-erbs1982:wind-constant-daily-mean:pressure-isa-elev-sea-level-constant-no-dem:liljegren-thermofeel2.3.0:day-nex-normalised-complete365-feb29dropped,432161758.95240736,432161758.95240736,1.0,4,4,0,intersection_area_weighted_valid_cells_only,native,,27.849393275952284,201.52643395772856,174.89949513766805,116.24246113105325,Jhunjhunu,Surajgarh
Rajasthan,block,Jodhpur Gramin||Balesar,ACCESS-CM2,historical,2005,C1,outdoor-pilot-v1:C1:parton-logan-a1.86-b2.2:humidity-vapour_pressure:magnus-6.112-17.62-243.12:toa-shape-erbs1982:wind-constant-daily-mean:pressure-isa-elev-sea-level-constant-no-dem:liljegren-thermofeel2.3.0:day-nex-normalised-complete365-feb29dropped,890977543.2865663,890977543.2865663,1.0,6,6,0,intersection_area_weighted_valid_cells_only,native,,27.87865155520323,200.72110883880663,172.51594362661646,98.41207481272983,Jodhpur Gramin,Balesar
Rajasthan,block,Jodhpur Gramin||Bawadi,ACCESS-CM2,historical,2005,C1,outdoor-pilot-v1:C1:parton-logan-a1.86-b2.2:humidity-vapour_pressure:magnus-6.112-17.62-243.12:toa-shape-erbs1982:wind-constant-daily-mean:pressure-isa-elev-sea-level-constant-no-dem:liljegren-thermofeel2.3.0:day-nex-normalised-complete365-feb29dropped,1270811884.7949605,1270811884.7949605,1.0,8,8,0,intersection_area_weighted_valid_cells_only,native,,27.890936516079925,200.5146295689562,173.3402364227598,108.79168781759589,Jodhpur Gramin,Bawadi
Rajasthan,block,Jodhpur Gramin||Bhopalgarh,ACCESS-CM2,historical,2005,C1,outdoor-pilot-v1:C1:parton-logan-a1.86-b2.2:humidity-vapour_pressure:magnus-6.112-17.62-243.12:toa-shape-erbs1982:wind-constant-daily-mean:pressure-isa-elev-sea-level-constant-no-dem:liljegren-thermofeel2.3.0:day-nex-normalised-complete365-feb29dropped,1251898080.6465423,1251898080.6465423,1.0,5,5,0,intersection_area_weighted_valid_cells_only,native,,27.853648186530716,200.63201730681587,172.87758017421672,109.07258256654953,Jodhpur Gramin,Bhopalgarh
Rajasthan,block,Jodhpur Gramin||Bilara,ACCESS-CM2,historical,2005,C1,outdoor-pilot-v1:C1:parton-logan-a1.86-b2.2:humidity-vapour_pressure:magnus-6.112-17.62-243.12:toa-shape-erbs1982:wind-constant-daily-mean:pressure-isa-elev-sea-level-constant-no-dem:liljegren-thermofeel2.3.0:day-nex-normalised-complete365-feb29dropped,1090819741.279469,1090819741.279469,1.0,6,6,0,intersection_area_weighted_valid_cells_only,native,,27.953867868758437,202.48940589565643,173.6644583253492,104.39412788673742,Jodhpur Gramin,Bilara
Rajasthan,block,Jodhpur Gramin||Dhawa,ACCESS-CM2,historical,2005,C1,outdoor-pilot-v1:C1:parton-logan-a1.86-b2.2:humidity-vapour_pressure:magnus-6.112-17.62-243.12:toa-shape-erbs1982:wind-constant-daily-mean:pressure-isa-elev-sea-level-constant-no-dem:liljegren-thermofeel2.3.0:day-nex-normalised-complete365-feb29dropped,843583916.0120993,843583916.0120993,1.0,6,6,0,intersection_area_weighted_valid_cells_only,native,,28.05197583098099,206.26084610075344,174.42949452125023,101.86450962154714,Jodhpur Gramin,Dhawa
Rajasthan,block,Jodhpur Gramin||Luni,ACCESS-CM2,historical,2005,C1,outdoor-pilot-v1:C1:parton-logan-a1.86-b2.2:humidity-vapour_pressure:magnus-6.112-17.62-243.12:toa-shape-erbs1982:wind-constant-daily-mean:pressure-isa-elev-sea-level-constant-no-dem:liljegren-thermofeel2.3.0:day-nex-normalised-complete365-feb29dropped,1165562795.5208964,1165562795.5208964,1.0,7,7,0,intersection_area_weighted_valid_cells_only,native,,28.052657643131422,204.89825611299258,174.5788550875746,103.2494827463745,Jodhpur Gramin,Luni
Rajasthan,block,Jodhpur Gramin||Osian,ACCESS-CM2,historical,2005,C1,outdoor-pilot-v1:C1:parton-logan-a1.86-b2.2:humidity-vapour_pressure:magnus-6.112-17.62-243.12:toa-shape-erbs1982:wind-constant-daily-mean:pressure-isa-elev-sea-level-constant-no-dem:liljegren-thermofeel2.3.0:day-nex-normalised-complete365-feb29dropped,1159507086.9073927,1159507086.9073927,1.0,6,6,0,intersection_area_weighted_valid_cells_only,native,,27.724828159961383,198.8337628409704,168.2327016079302,99.17392060023477,Jodhpur Gramin,Osian
Rajasthan,block,Jodhpur Gramin||Peepad Sahar,ACCESS-CM2,historical,2005,C1,outdoor-pilot-v1:C1:parton-logan-a1.86-b2.2:humidity-vapour_pressure:magnus-6.112-17.62-243.12:toa-shape-erbs1982:wind-constant-daily-mean:pressure-isa-elev-sea-level-constant-no-dem:liljegren-thermofeel2.3.0:day-nex-normalised-complete365-feb29dropped,1081477137.4874778,1081477137.4874778,1.0,7,7,0,intersection_area_weighted_valid_cells_only,native,,27.955273085935115,201.55518709546183,173.44717473079044,108.35665751610883,Jodhpur Gramin,Peepad Sahar
Rajasthan,block,Jodhpur Gramin||Sekhala,ACCESS-CM2,historical,2005,C1,outdoor-pilot-v1:C1:parton-logan-a1.86-b2.2:humidity-vapour_pressure:magnus-6.112-17.62-243.12:toa-shape-erbs1982:wind-constant-daily-mean:pressure-isa-elev-sea-level-constant-no-dem:liljegren-thermofeel2.3.0:day-nex-normalised-complete365-feb29dropped,956740541.7521589,956740541.7521589,1.0,6,6,0,intersection_area_weighted_valid_cells_only,native,,27.726828950127175,198.9490735655423,170.02491562975217,94.77844801620179,Jodhpur Gramin,Sekhala
Rajasthan,block,Jodhpur Gramin||Shergarh,ACCESS-CM2,historical,2005,C1,outdoor-pilot-v1:C1:parton-logan-a1.86-b2.2:humidity-vapour_pressure:magnus-6.112-17.62-243.12:toa-shape-erbs1982:wind-constant-daily-mean:pressure-isa-elev-sea-level-constant-no-dem:liljegren-thermofeel2.3.0:day-nex-normalised-complete365-feb29dropped,1226116105.4719317,1226116105.4719317,1.0,7,7,0,intersection_area_weighted_valid_cells_only,native,,27.810755307048233,200.52833388291643,171.6930568055187,93.32556416429088,Jodhpur Gramin,Shergarh
Rajasthan,block,Jodhpur Gramin||Tinwari,ACCESS-CM2,historical,2005,C1,outdoor-pilot-v1:C1:parton-logan-a1.86-b2.2:humidity-vapour_pressure:magnus-6.112-17.62-243.12:toa-shape-erbs1982:wind-constant-daily-mean:pressure-isa-elev-sea-level-constant-no-dem:liljegren-thermofeel2.3.0:day-nex-normalised-complete365-feb29dropped,785790447.5172864,785790447.5172864,1.0,6,6,0,intersection_area_weighted_valid_cells_only,native,,27.79056007290744,199.05741505379675,170.82144586008167,97.06821818570941,Jodhpur Gramin,Tinwari
Rajasthan,block,Jodhpur||Keru,ACCESS-CM2,historical,2005,C1,outdoor-pilot-v1:C1:parton-logan-a1.86-b2.2:humidity-vapour_pressure:magnus-6.112-17.62-243.12:toa-shape-erbs1982:wind-constant-daily-mean:pressure-isa-elev-sea-level-constant-no-dem:liljegren-thermofeel2.3.0:day-nex-normalised-complete365-feb29dropped,656398173.2155536,656398173.2155536,1.0,4,4,0,intersection_area_weighted_valid_cells_only,native,,27.877597206576837,199.81060363073752,173.17552236104717,98.60584496788961,Jodhpur,Keru
Rajasthan,block,Jodhpur||Mandor,ACCESS-CM2,historical,2005,C1,outdoor-pilot-v1:C1:parton-logan-a1.86-b2.2:humidity-vapour_pressure:magnus-6.112-17.62-243.12:toa-shape-erbs1982:wind-constant-daily-mean:pressure-isa-elev-sea-level-constant-no-dem:liljegren-thermofeel2.3.0:day-nex-normalised-complete365-feb29dropped,897101282.3056359,897101282.3056359,1.0,6,6,0,intersection_area_weighted_valid_cells_only,native,,27.997807451165368,201.86241487464594,174.05454951350885,108.29020294715522,Jodhpur,Mandor
Rajasthan,block,Karauli||Hindaun,ACCESS-CM2,historical,2005,C1,outdoor-pilot-v1:C1:parton-logan-a1.86-b2.2:humidity-vapour_pressure:magnus-6.112-17.62-243.12:toa-shape-erbs1982:wind-constant-daily-mean:pressure-isa-elev-sea-level-constant-no-dem:liljegren-thermofeel2.3.0:day-nex-normalised-complete365-feb29dropped,425743311.6095833,425743311.6095833,1.0,4,4,0,intersection_area_weighted_valid_cells_only,native,,28.180400271214726,207.96770654951607,185.09547460100706,121.22691347983256,Karauli,Hindaun
Rajasthan,block,Karauli||Karauli,ACCESS-CM2,historical,2005,C1,outdoor-pilot-v1:C1:parton-logan-a1.86-b2.2:humidity-vapour_pressure:magnus-6.112-17.62-243.12:toa-shape-erbs1982:wind-constant-daily-mean:pressure-isa-elev-sea-level-constant-no-dem:liljegren-thermofeel2.3.0:day-nex-normalised-complete365-feb29dropped,680935533.7044693,680935533.7044693,1.0,4,4,0,intersection_area_weighted_valid_cells_only,native,,28.082138309869997,208.0,183.2345117731791,118.42091012304019,Karauli,Karauli
Rajasthan,block,Karauli||Mandrayal,ACCESS-CM2,historical,2005,C1,outdoor-pilot-v1:C1:parton-logan-a1.86-b2.2:humidity-vapour_pressure:magnus-6.112-17.62-243.12:toa-shape-erbs1982:wind-constant-daily-mean:pressure-isa-elev-sea-level-constant-no-dem:liljegren-thermofeel2.3.0:day-nex-normalised-complete365-feb29dropped,575851432.7690359,575851432.7690359,1.0,4,4,0,intersection_area_weighted_valid_cells_only,native,,28.264000171428375,208.8890303351291,186.66709100538722,127.68592051482675,Karauli,Mandrayal
Rajasthan,block,Karauli||Masalpur,ACCESS-CM2,historical,2005,C1,outdoor-pilot-v1:C1:parton-logan-a1.86-b2.2:humidity-vapour_pressure:magnus-6.112-17.62-243.12:toa-shape-erbs1982:wind-constant-daily-mean:pressure-isa-elev-sea-level-constant-no-dem:liljegren-thermofeel2.3.0:day-nex-normalised-complete365-feb29dropped,576682605.6451085,576682605.6451085,1.0,5,5,0,intersection_area_weighted_valid_cells_only,native,,28.23310984365614,208.8369182494362,186.79067392544232,124.67953430307217,Karauli,Masalpur
Rajasthan,block,Karauli||Sapotra,ACCESS-CM2,historical,2005,C1,outdoor-pilot-v1:C1:parton-logan-a1.86-b2.2:humidity-vapour_pressure:magnus-6.112-17.62-243.12:toa-shape-erbs1982:wind-constant-daily-mean:pressure-isa-elev-sea-level-constant-no-dem:liljegren-thermofeel2.3.0:day-nex-normalised-complete365-feb29dropped,1357046658.9998183,1357046658.9998183,1.0,6,6,0,intersection_area_weighted_valid_cells_only,native,,28.183060656893858,208.5375054690044,185.4128233551117,120.48853400474738,Karauli,Sapotra
Rajasthan,block,Karauli||Sri Mahaveer Ji,ACCESS-CM2,historical,2005,C1,outdoor-pilot-v1:C1:parton-logan-a1.86-b2.2:humidity-vapour_pressure:magnus-6.112-17.62-243.12:toa-shape-erbs1982:wind-constant-daily-mean:pressure-isa-elev-sea-level-constant-no-dem:liljegren-thermofeel2.3.0:day-nex-normalised-complete365-feb29dropped,210681372.93652374,210681372.93652374,1.0,4,4,0,intersection_area_weighted_valid_cells_only,native,,28.1879006519701,207.89019237934738,185.0792346684767,122.11854842337404,Karauli,Sri Mahaveer Ji
Rajasthan,block,Kekri||Bhinay,ACCESS-CM2,historical,2005,C1,outdoor-pilot-v1:C1:parton-logan-a1.86-b2.2:humidity-vapour_pressure:magnus-6.112-17.62-243.12:toa-shape-erbs1982:wind-constant-daily-mean:pressure-isa-elev-sea-level-constant-no-dem:liljegren-thermofeel2.3.0:day-nex-normalised-complete365-feb29dropped,979197845.684492,979197845.684492,1.0,5,5,0,intersection_area_weighted_valid_cells_only,native,,27.421274372237868,200.35047354322452,158.62438733917065,65.7190919723587,Kekri,Bhinay
Rajasthan,block,Kekri||Kekri,ACCESS-CM2,historical,2005,C1,outdoor-pilot-v1:C1:parton-logan-a1.86-b2.2:humidity-vapour_pressure:magnus-6.112-17.62-243.12:toa-shape-erbs1982:wind-constant-daily-mean:pressure-isa-elev-sea-level-constant-no-dem:liljegren-thermofeel2.3.0:day-nex-normalised-complete365-feb29dropped,1003625481.1423327,1003625481.1423327,1.0,6,6,0,intersection_area_weighted_valid_cells_only,native,,27.602895559117773,206.67138787701947,163.17621709920817,77.16396774504607,Kekri,Kekri
Rajasthan,block,Kekri||Sarwar,ACCESS-CM2,historical,2005,C1,outdoor-pilot-v1:C1:parton-logan-a1.86-b2.2:humidity-vapour_pressure:magnus-6.112-17.62-243.12:toa-shape-erbs1982:wind-constant-daily-mean:pressure-isa-elev-sea-level-constant-no-dem:liljegren-thermofeel2.3.0:day-nex-normalised-complete365-feb29dropped,884164747.4832326,884164747.4832326,1.0,6,6,0,intersection_area_weighted_valid_cells_only,native,,27.499671984806326,204.40364674296407,161.38191902784075,74.23005213806555,Kekri,Sarwar
Rajasthan,block,Kekri||Todaraisingh,ACCESS-CM2,historical,2005,C1,outdoor-pilot-v1:C1:parton-logan-a1.86-b2.2:humidity-vapour_pressure:magnus-6.112-17.62-243.12:toa-shape-erbs1982:wind-constant-daily-mean:pressure-isa-elev-sea-level-constant-no-dem:liljegren-thermofeel2.3.0:day-nex-normalised-complete365-feb29dropped,1001930705.2136889,1001930705.2136889,1.0,5,5,0,intersection_area_weighted_valid_cells_only,native,,27.821030284722614,207.2441367985612,171.2900633222331,97.0799514033837,Kekri,Todaraisingh
Rajasthan,block,Khairthal-Tijara||Kishangarh Bas,ACCESS-CM2,historical,2005,C1,outdoor-pilot-v1:C1:parton-logan-a1.86-b2.2:humidity-vapour_pressure:magnus-6.112-17.62-243.12:toa-shape-erbs1982:wind-constant-daily-mean:pressure-isa-elev-sea-level-constant-no-dem:liljegren-thermofeel2.3.0:day-nex-normalised-complete365-feb29dropped,396884304.86530685,396884304.86530685,1.0,4,4,0,intersection_area_weighted_valid_cells_only,native,,27.753225563428916,200.15413448624452,172.5134381582072,111.58764170316272,Khairthal-Tijara,Kishangarh Bas
Rajasthan,block,Khairthal-Tijara||Kotkasim,ACCESS-CM2,historical,2005,C1,outdoor-pilot-v1:C1:parton-logan-a1.86-b2.2:humidity-vapour_pressure:magnus-6.112-17.62-243.12:toa-shape-erbs1982:wind-constant-daily-mean:pressure-isa-elev-sea-level-constant-no-dem:liljegren-thermofeel2.3.0:day-nex-normalised-complete365-feb29dropped,340969718.13381416,340969718.13381416,1.0,4,4,0,intersection_area_weighted_valid_cells_only,native,,27.812471132542402,200.12219246191358,173.45562106992486,114.64144791126883,Khairthal-Tijara,Kotkasim
Rajasthan,block,Khairthal-Tijara||Mandawar,ACCESS-CM2,historical,2005,C1,outdoor-pilot-v1:C1:parton-logan-a1.86-b2.2:humidity-vapour_pressure:magnus-6.112-17.62-243.12:toa-shape-erbs1982:wind-constant-daily-mean:pressure-isa-elev-sea-level-constant-no-dem:liljegren-thermofeel2.3.0:day-nex-normalised-complete365-feb29dropped,570869235.2564065,570869235.2564065,1.0,6,6,0,intersection_area_weighted_valid_cells_only,native,,27.685459278110393,200.04073347378434,171.20976794894443,110.28408955066054,Khairthal-Tijara,Mandawar
Rajasthan,block,Khairthal-Tijara||Tijara,ACCESS-CM2,historical,2005,C1,outdoor-pilot-v1:C1:parton-logan-a1.86-b2.2:humidity-vapour_pressure:magnus-6.112-17.62-243.12:toa-shape-erbs1982:wind-constant-daily-mean:pressure-isa-elev-sea-level-constant-no-dem:liljegren-thermofeel2.3.0:day-nex-normalised-complete365-feb29dropped,697585230.6362562,697585230.6362562,1.0,4,4,0,intersection_area_weighted_valid_cells_only,native,,27.824047138302706,199.52252041911962,173.0207820695291,113.96436673132702,Khairthal-Tijara,Tijara
Rajasthan,block,Kota||Itawa,ACCESS-CM2,historical,2005,C1,outdoor-pilot-v1:C1:parton-logan-a1.86-b2.2:humidity-vapour_pressure:magnus-6.112-17.62-243.12:toa-shape-erbs1982:wind-constant-daily-mean:pressure-isa-elev-sea-level-constant-no-dem:liljegren-thermofeel2.3.0:day-nex-normalised-complete365-feb29dropped,899628475.0539647,899628475.0539647,1.0,6,6,0,intersection_area_weighted_valid_cells_only,native,,28.586080962608037,212.34654552177983,192.594761983256,141.6749162521754,Kota,Itawa
Rajasthan,block,Kota||Khairabad,ACCESS-CM2,historical,2005,C1,outdoor-pilot-v1:C1:parton-logan-a1.86-b2.2:humidity-vapour_pressure:magnus-6.112-17.62-243.12:toa-shape-erbs1982:wind-constant-daily-mean:pressure-isa-elev-sea-level-constant-no-dem:liljegren-thermofeel2.3.0:day-nex-normalised-complete365-feb29dropped,764902014.5039028,764902014.5039028,1.0,4,4,0,intersection_area_weighted_valid_cells_only,native,,28.132099053945684,212.16513783501233,184.00257027665478,90.77715411165012,Kota,Khairabad
Rajasthan,block,Kota||Ladpura,ACCESS-CM2,historical,2005,C1,outdoor-pilot-v1:C1:parton-logan-a1.86-b2.2:humidity-vapour_pressure:magnus-6.112-17.62-243.12:toa-shape-erbs1982:wind-constant-daily-mean:pressure-isa-elev-sea-level-constant-no-dem:liljegren-thermofeel2.3.0:day-nex-normalised-complete365-feb29dropped,1464240042.990233,1464240042.990233,1.0,8,8,0,intersection_area_weighted_valid_cells_only,native,,28.258391164909312,211.3699488760116,185.14726681086736,109.78027033688028,Kota,Ladpura
Rajasthan,block,Kota||Sangod,ACCESS-CM2,historical,2005,C1,outdoor-pilot-v1:C1:parton-logan-a1.86-b2.2:humidity-vapour_pressure:magnus-6.112-17.62-243.12:toa-shape-erbs1982:wind-constant-daily-mean:pressure-isa-elev-sea-level-constant-no-dem:liljegren-thermofeel2.3.0:day-nex-normalised-complete365-feb29dropped,1045262848.4842787,1045262848.4842787,1.0,7,7,0,intersection_area_weighted_valid_cells_only,native,,28.531522533216766,213.98969579447296,191.16543024219445,126.70315401224735,Kota,Sangod
Rajasthan,block,Kota||Sultanpur,ACCESS-CM2,historical,2005,C1,outdoor-pilot-v1:C1:parton-logan-a1.86-b2.2:humidity-vapour_pressure:magnus-6.112-17.62-243.12:toa-shape-erbs1982:wind-constant-daily-mean:pressure-isa-elev-sea-level-constant-no-dem:liljegren-thermofeel2.3.0:day-nex-normalised-complete365-feb29dropped,915661070.2903329,915661070.2903329,1.0,6,6,0,intersection_area_weighted_valid_cells_only,native,,28.620578857080304,214.3706198373,191.66969088622292,139.7316186158065,Kota,Sultanpur
Rajasthan,block,Kotputli-Behror||Bansur,ACCESS-CM2,historical,2005,C1,outdoor-pilot-v1:C1:parton-logan-a1.86-b2.2:humidity-vapour_pressure:magnus-6.112-17.62-243.12:toa-shape-erbs1982:wind-constant-daily-mean:pressure-isa-elev-sea-level-constant-no-dem:liljegren-thermofeel2.3.0:day-nex-normalised-complete365-feb29dropped,884988729.8336607,884988729.8336607,1.0,7,7,0,intersection_area_weighted_valid_cells_only,native,,27.209492866694834,195.97106993803268,160.02809045429765,92.10701607288476,Kotputli-Behror,Bansur
Rajasthan,block,Kotputli-Behror||Behror,ACCESS-CM2,historical,2005,C1,outdoor-pilot-v1:C1:parton-logan-a1.86-b2.2:humidity-vapour_pressure:magnus-6.112-17.62-243.12:toa-shape-erbs1982:wind-constant-daily-mean:pressure-isa-elev-sea-level-constant-no-dem:liljegren-thermofeel2.3.0:day-nex-normalised-complete365-feb29dropped,349826468.5855533,349826468.5855533,1.0,4,4,0,intersection_area_weighted_valid_cells_only,native,,27.5766257386854,199.72471493201525,167.81675133950952,104.9087877470038,Kotputli-Behror,Behror
Rajasthan,block,Kotputli-Behror||Kotputli,ACCESS-CM2,historical,2005,C1,outdoor-pilot-v1:C1:parton-logan-a1.86-b2.2:humidity-vapour_pressure:magnus-6.112-17.62-243.12:toa-shape-erbs1982:wind-constant-daily-mean:pressure-isa-elev-sea-level-constant-no-dem:liljegren-thermofeel2.3.0:day-nex-normalised-complete365-feb29dropped,398329375.1315756,398329375.1315756,1.0,4,4,0,intersection_area_weighted_valid_cells_only,native,,27.32614649146174,197.86858979122826,161.64914346360607,93.84669779962846,Kotputli-Behror,Kotputli
Rajasthan,block,Kotputli-Behror||Neemrana,ACCESS-CM2,historical,2005,C1,outdoor-pilot-v1:C1:parton-logan-a1.86-b2.2:humidity-vapour_pressure:magnus-6.112-17.62-243.12:toa-shape-erbs1982:wind-constant-daily-mean:pressure-isa-elev-sea-level-constant-no-dem:liljegren-thermofeel2.3.0:day-nex-normalised-complete365-feb29dropped,390806225.382414,390806225.382414,1.0,5,5,0,intersection_area_weighted_valid_cells_only,native,,27.749200150047827,200.84101758598254,172.13926687130282,112.43681009430745,Kotputli-Behror,Neemrana
Rajasthan,block,Kotputli-Behror||Paota,ACCESS-CM2,historical,2005,C1,outdoor-pilot-v1:C1:parton-logan-a1.86-b2.2:humidity-vapour_pressure:magnus-6.112-17.62-243.12:toa-shape-erbs1982:wind-constant-daily-mean:pressure-isa-elev-sea-level-constant-no-dem:liljegren-thermofeel2.3.0:day-nex-normalised-complete365-feb29dropped,412497719.2908802,412497719.2908802,1.0,4,4,0,intersection_area_weighted_valid_cells_only,native,,27.116129260053043,195.57342261832295,155.11821229632105,84.08951248706649,Kotputli-Behror,Paota
Rajasthan,block,Kotputli-Behror||Viratnagar,ACCESS-CM2,historical,2005,C1,outdoor-pilot-v1:C1:parton-logan-a1.86-b2.2:humidity-vapour_pressure:magnus-6.112-17.62-243.12:toa-shape-erbs1982:wind-constant-daily-mean:pressure-isa-elev-sea-level-constant-no-dem:liljegren-thermofeel2.3.0:day-nex-normalised-complete365-feb29dropped,483432854.81098276,483432854.81098276,1.0,5,5,0,intersection_area_weighted_valid_cells_only,native,,26.97363398696987,193.41716201747906,146.48322005624692,72.00704673360438,Kotputli-Behror,Viratnagar
Rajasthan,block,Nagaur||Bherunda,ACCESS-CM2,historical,2005,C1,outdoor-pilot-v1:C1:parton-logan-a1.86-b2.2:humidity-vapour_pressure:magnus-6.112-17.62-243.12:toa-shape-erbs1982:wind-constant-daily-mean:pressure-isa-elev-sea-level-constant-no-dem:liljegren-thermofeel2.3.0:day-nex-normalised-complete365-feb29dropped,706222650.1602631,706222650.1602631,1.0,6,6,0,intersection_area_weighted_valid_cells_only,native,,27.414727012653096,197.06837470577105,157.5641020585249,76.91669686901922,Nagaur,Bherunda
Rajasthan,block,Nagaur||Degana,ACCESS-CM2,historical,2005,C1,outdoor-pilot-v1:C1:parton-logan-a1.86-b2.2:humidity-vapour_pressure:magnus-6.112-17.62-243.12:toa-shape-erbs1982:wind-constant-daily-mean:pressure-isa-elev-sea-level-constant-no-dem:liljegren-thermofeel2.3.0:day-nex-normalised-complete365-feb29dropped,1204258733.012392,1204258733.012392,1.0,7,7,0,intersection_area_weighted_valid_cells_only,native,,27.683941778646716,202.34722056207775,168.270277206366,101.24034290711307,Nagaur,Degana
Rajasthan,block,Nagaur||Jayal,ACCESS-CM2,historical,2005,C1,outdoor-pilot-v1:C1:parton-logan-a1.86-b2.2:humidity-vapour_pressure:magnus-6.112-17.62-243.12:toa-shape-erbs1982:wind-constant-daily-mean:pressure-isa-elev-sea-level-constant-no-dem:liljegren-thermofeel2.3.0:day-nex-normalised-complete365-feb29dropped,2075822339.4447415,2075822339.4447415,1.0,9,9,0,intersection_area_weighted_valid_cells_only,native,,27.727793409165912,202.18434156567258,169.9662627047554,107.41837790544298,Nagaur,Jayal
Rajasthan,block,Nagaur||Khinvsar,ACCESS-CM2,historical,2005,C1,outdoor-pilot-v1:C1:parton-logan-a1.86-b2.2:humidity-vapour_pressure:magnus-6.112-17.62-243.12:toa-shape-erbs1982:wind-constant-daily-mean:pressure-isa-elev-sea-level-constant-no-dem:liljegren-thermofeel2.3.0:day-nex-normalised-complete365-feb29dropped,1653431655.1326966,1653431655.1326966,1.0,8,8,0,intersection_area_weighted_valid_cells_only,native,,27.816288295615703,200.33306109364136,171.15310849212375,108.79571142774132,Nagaur,Khinvsar
Rajasthan,block,Nagaur||Merta,ACCESS-CM2,historical,2005,C1,outdoor-pilot-v1:C1:parton-logan-a1.86-b2.2:humidity-vapour_pressure:magnus-6.112-17.62-243.12:toa-shape-erbs1982:wind-constant-daily-mean:pressure-isa-elev-sea-level-constant-no-dem:liljegren-thermofeel2.3.0:day-nex-normalised-complete365-feb29dropped,1501603108.438953,1501603108.438953,1.0,7,7,0,intersection_area_weighted_valid_cells_only,native,,27.852983372218855,203.0316233544251,172.449550600636,108.16194185856263,Nagaur,Merta
Rajasthan,block,Nagaur||Mundwa,ACCESS-CM2,historical,2005,C1,outdoor-pilot-v1:C1:parton-logan-a1.86-b2.2:humidity-vapour_pressure:magnus-6.112-17.62-243.12:toa-shape-erbs1982:wind-constant-daily-mean:pressure-isa-elev-sea-level-constant-no-dem:liljegren-thermofeel2.3.0:day-nex-normalised-complete365-feb29dropped,1069177543.0702081,1069177543.0702081,1.0,8,8,0,intersection_area_weighted_valid_cells_only,native,,27.8399082734494,202.51705103466603,174.42941473968324,111.24132579752012,Nagaur,Mundwa
Rajasthan,block,Nagaur||Nagaur,ACCESS-CM2,historical,2005,C1,outdoor-pilot-v1:C1:parton-logan-a1.86-b2.2:humidity-vapour_pressure:magnus-6.112-17.62-243.12:toa-shape-erbs1982:wind-constant-daily-mean:pressure-isa-elev-sea-level-constant-no-dem:liljegren-thermofeel2.3.0:day-nex-normalised-complete365-feb29dropped,1999630961.0458128,1999630961.0458128,1.0,9,9,0,intersection_area_weighted_valid_cells_only,native,,27.876928227445365,202.49357375272095,172.49133433132863,114.19966413665344,Nagaur,Nagaur
Rajasthan,block,Nagaur||Riyan Badi,ACCESS-CM2,historical,2005,C1,outdoor-pilot-v1:C1:parton-logan-a1.86-b2.2:humidity-vapour_pressure:magnus-6.112-17.62-243.12:toa-shape-erbs1982:wind-constant-daily-mean:pressure-isa-elev-sea-level-constant-no-dem:liljegren-thermofeel2.3.0:day-nex-normalised-complete365-feb29dropped,796632466.2562516,796632466.2562516,1.0,7,7,0,intersection_area_weighted_valid_cells_only,native,,27.72141754176331,201.34560568973868,167.01642718734738,98.89712377393646,Nagaur,Riyan Badi
Rajasthan,block,Neem Ka Thana||Ajeetgarh,ACCESS-CM2,historical,2005,C1,outdoor-pilot-v1:C1:parton-logan-a1.86-b2.2:humidity-vapour_pressure:magnus-6.112-17.62-243.12:toa-shape-erbs1982:wind-constant-daily-mean:pressure-isa-elev-sea-level-constant-no-dem:liljegren-thermofeel2.3.0:day-nex-normalised-complete365-feb29dropped,498386738.60897946,498386738.60897946,1.0,4,4,0,intersection_area_weighted_valid_cells_only,native,,26.86174156312278,190.98857444802175,141.38558673270947,65.46586267848814,Neem Ka Thana,Ajeetgarh
Rajasthan,block,Neem Ka Thana||Khetri,ACCESS-CM2,historical,2005,C1,outdoor-pilot-v1:C1:parton-logan-a1.86-b2.2:humidity-vapour_pressure:magnus-6.112-17.62-243.12:toa-shape-erbs1982:wind-constant-daily-mean:pressure-isa-elev-sea-level-constant-no-dem:liljegren-thermofeel2.3.0:day-nex-normalised-complete365-feb29dropped,804584943.1330549,804584943.1330549,1.0,5,5,0,intersection_area_weighted_valid_cells_only,native,,27.40766026732602,198.36288426453692,165.38662992061322,98.92695677994381,Neem Ka Thana,Khetri
Rajasthan,block,Neem Ka Thana||Neem Ka Thana,ACCESS-CM2,historical,2005,C1,outdoor-pilot-v1:C1:parton-logan-a1.86-b2.2:humidity-vapour_pressure:magnus-6.112-17.62-243.12:toa-shape-erbs1982:wind-constant-daily-mean:pressure-isa-elev-sea-level-constant-no-dem:liljegren-thermofeel2.3.0:day-nex-normalised-complete365-feb29dropped,539929679.5541512,539929679.5541512,1.0,4,4,0,intersection_area_weighted_valid_cells_only,native,,26.96924624911265,192.76325684142623,147.3901611884633,74.01707849429442,Neem Ka Thana,Neem Ka Thana
Rajasthan,block,Neem Ka Thana||Patan,ACCESS-CM2,historical,2005,C1,outdoor-pilot-v1:C1:parton-logan-a1.86-b2.2:humidity-vapour_pressure:magnus-6.112-17.62-243.12:toa-shape-erbs1982:wind-constant-daily-mean:pressure-isa-elev-sea-level-constant-no-dem:liljegren-thermofeel2.3.0:day-nex-normalised-complete365-feb29dropped,384526857.4132128,384526857.4132128,1.0,4,4,0,intersection_area_weighted_valid_cells_only,native,,27.216610387435672,195.9601980790263,157.98615071697682,90.19635917380727,Neem Ka Thana,Patan
Rajasthan,block,Neem Ka Thana||Sri Madhopur,ACCESS-CM2,historical,2005,C1,outdoor-pilot-v1:C1:parton-logan-a1.86-b2.2:humidity-vapour_pressure:magnus-6.112-17.62-243.12:toa-shape-erbs1982:wind-constant-daily-mean:pressure-isa-elev-sea-level-constant-no-dem:liljegren-thermofeel2.3.0:day-nex-normalised-complete365-feb29dropped,497260382.90367067,497260382.90367067,1.0,5,5,0,intersection_area_weighted_valid_cells_only,native,,26.942879667965897,194.65087796869386,144.62062272954125,65.92686625956411,Neem Ka Thana,Sri Madhopur
Rajasthan,block,Neem Ka Thana||Udaipurwati,ACCESS-CM2,historical,2005,C1,outdoor-pilot-v1:C1:parton-logan-a1.86-b2.2:humidity-vapour_pressure:magnus-6.112-17.62-243.12:toa-shape-erbs1982:wind-constant-daily-mean:pressure-isa-elev-sea-level-constant-no-dem:liljegren-thermofeel2.3.0:day-nex-normalised-complete365-feb29dropped,447926847.23191065,447926847.23191065,1.0,4,4,0,intersection_area_weighted_valid_cells_only,native,,27.069966875779297,194.89609368800785,154.1398431551371,79.64311535881309,Neem Ka Thana,Udaipurwati
Rajasthan,block,Pali||Bali,ACCESS-CM2,historical,2005,C1,outdoor-pilot-v1:C1:parton-logan-a1.86-b2.2:humidity-vapour_pressure:magnus-6.112-17.62-243.12:toa-shape-erbs1982:wind-constant-daily-mean:pressure-isa-elev-sea-level-constant-no-dem:liljegren-thermofeel2.3.0:day-nex-normalised-complete365-feb29dropped,1414538855.025001,1414538855.025001,1.0,8,8,0,intersection_area_weighted_valid_cells_only,native,,26.815300607815892,183.3677563900392,107.1190992813881,21.334813262107566,Pali,Bali
Rajasthan,block,Pali||Desuri,ACCESS-CM2,historical,2005,C1,outdoor-pilot-v1:C1:parton-logan-a1.86-b2.2:humidity-vapour_pressure:magnus-6.112-17.62-243.12:toa-shape-erbs1982:wind-constant-daily-mean:pressure-isa-elev-sea-level-constant-no-dem:liljegren-thermofeel2.3.0:day-nex-normalised-complete365-feb29dropped,840483296.7001067,840483296.7001067,1.0,6,6,0,intersection_area_weighted_valid_cells_only,native,,26.953581324572042,186.18579154423125,123.35319324324952,27.11061794860649,Pali,Desuri
Rajasthan,block,Pali||Kharchi(Mar.Jun),ACCESS-CM2,historical,2005,C1,outdoor-pilot-v1:C1:parton-logan-a1.86-b2.2:humidity-vapour_pressure:magnus-6.112-17.62-243.12:toa-shape-erbs1982:wind-constant-daily-mean:pressure-isa-elev-sea-level-constant-no-dem:liljegren-thermofeel2.3.0:day-nex-normalised-complete365-feb29dropped,1401040798.2453895,1401040798.2453895,1.0,8,8,0,intersection_area_weighted_valid_cells_only,native,,27.439443488887555,195.41124907049152,155.35274356020133,57.50317098875771,Pali,Kharchi(Mar.Jun)
Rajasthan,block,Pali||Pali,ACCESS-CM2,historical,2005,C1,outdoor-pilot-v1:C1:parton-logan-a1.86-b2.2:humidity-vapour_pressure:magnus-6.112-17.62-243.12:toa-shape-erbs1982:wind-constant-daily-mean:pressure-isa-elev-sea-level-constant-no-dem:liljegren-thermofeel2.3.0:day-nex-normalised-complete365-feb29dropped,1361481407.081191,1361481407.081191,1.0,7,7,0,intersection_area_weighted_valid_cells_only,native,,27.76513265938516,199.80887977237748,169.9753916756915,74.52776751337899,Pali,Pali
Rajasthan,block,Pali||Rani Station,ACCESS-CM2,historical,2005,C1,outdoor-pilot-v1:C1:parton-logan-a1.86-b2.2:humidity-vapour_pressure:magnus-6.112-17.62-243.12:toa-shape-erbs1982:wind-constant-daily-mean:pressure-isa-elev-sea-level-constant-no-dem:liljegren-thermofeel2.3.0:day-nex-normalised-complete365-feb29dropped,779023709.9591348,779023709.9591348,1.0,6,6,0,intersection_area_weighted_valid_cells_only,native,,27.551232261349746,197.5738801076796,159.62235945695804,52.524862371611945,Pali,Rani Station
Rajasthan,block,Pali||Rohat,ACCESS-CM2,historical,2005,C1,outdoor-pilot-v1:C1:parton-logan-a1.86-b2.2:humidity-vapour_pressure:magnus-6.112-17.62-243.12:toa-shape-erbs1982:wind-constant-daily-mean:pressure-isa-elev-sea-level-constant-no-dem:liljegren-thermofeel2.3.0:day-nex-normalised-complete365-feb29dropped,1429071230.7176347,1429071230.7176347,1.0,7,7,0,intersection_area_weighted_valid_cells_only,native,,27.909412854137727,202.83445020361998,172.96834572600056,87.3983360781275,Pali,Rohat
Rajasthan,block,Pali||Sojat,ACCESS-CM2,historical,2005,C1,outdoor-pilot-v1:C1:parton-logan-a1.86-b2.2:humidity-vapour_pressure:magnus-6.112-17.62-243.12:toa-shape-erbs1982:wind-constant-daily-mean:pressure-isa-elev-sea-level-constant-no-dem:liljegren-thermofeel2.3.0:day-nex-normalised-complete365-feb29dropped,1713353613.0181057,1713353613.0181057,1.0,7,7,0,intersection_area_weighted_valid_cells_only,native,,27.778042356229854,201.02125855544642,167.66751191246786,85.00678692277204,Pali,Sojat
Rajasthan,block,Pali||Sumerpur,ACCESS-CM2,historical,2005,C1,outdoor-pilot-v1:C1:parton-logan-a1.86-b2.2:humidity-vapour_pressure:magnus-6.112-17.62-243.12:toa-shape-erbs1982:wind-constant-daily-mean:pressure-isa-elev-sea-level-constant-no-dem:liljegren-thermofeel2.3.0:day-nex-normalised-complete365-feb29dropped,970519193.8004689,970519193.8004689,1.0,6,6,0,intersection_area_weighted_valid_cells_only,native,,27.603643744943316,198.4941978582848,159.33783045739767,54.07631942490646,Pali,Sumerpur
Rajasthan,block,Phalodi||Aau,ACCESS-CM2,historical,2005,C1,outdoor-pilot-v1:C1:parton-logan-a1.86-b2.2:humidity-vapour_pressure:magnus-6.112-17.62-243.12:toa-shape-erbs1982:wind-constant-daily-mean:pressure-isa-elev-sea-level-constant-no-dem:liljegren-thermofeel2.3.0:day-nex-normalised-complete365-feb29dropped,753735366.497777,753735366.497777,1.0,5,5,0,intersection_area_weighted_valid_cells_only,native,,27.7472020599838,198.81273599742093,168.61207032100248,103.2690990350345,Phalodi,Aau
Rajasthan,block,Phalodi||Bap,ACCESS-CM2,historical,2005,C1,outdoor-pilot-v1:C1:parton-logan-a1.86-b2.2:humidity-vapour_pressure:magnus-6.112-17.62-243.12:toa-shape-erbs1982:wind-constant-daily-mean:pressure-isa-elev-sea-level-constant-no-dem:liljegren-thermofeel2.3.0:day-nex-normalised-complete365-feb29dropped,3378862937.847036,3378862937.847036,1.0,14,14,0,intersection_area_weighted_valid_cells_only,native,,27.64846926677016,198.03647144548154,165.5112340706646,104.2268645483685,Phalodi,Bap
Rajasthan,block,Phalodi||Bapini,ACCESS-CM2,historical,2005,C1,outdoor-pilot-v1:C1:parton-logan-a1.86-b2.2:humidity-vapour_pressure:magnus-6.112-17.62-243.12:toa-shape-erbs1982:wind-constant-daily-mean:pressure-isa-elev-sea-level-constant-no-dem:liljegren-thermofeel2.3.0:day-nex-normalised-complete365-feb29dropped,777576681.7411388,777576681.7411388,1.0,4,4,0,intersection_area_weighted_valid_cells_only,native,,27.730135535445566,199.18196236582696,166.83499187594563,101.93619079772215,Phalodi,Bapini
Rajasthan,block,Phalodi||Dechu,ACCESS-CM2,historical,2005,C1,outdoor-pilot-v1:C1:parton-logan-a1.86-b2.2:humidity-vapour_pressure:magnus-6.112-17.62-243.12:toa-shape-erbs1982:wind-constant-daily-mean:pressure-isa-elev-sea-level-constant-no-dem:liljegren-thermofeel2.3.0:day-nex-normalised-complete365-feb29dropped,1146867408.9190378,1146867408.9190378,1.0,5,5,0,intersection_area_weighted_valid_cells_only,native,,27.710211556934503,199.2813306956039,170.78286996327455,97.00918227258865,Phalodi,Dechu
Rajasthan,block,Phalodi||Ghantiyali,ACCESS-CM2,historical,2005,C1,outdoor-pilot-v1:C1:parton-logan-a1.86-b2.2:humidity-vapour_pressure:magnus-6.112-17.62-243.12:toa-shape-erbs1982:wind-constant-daily-mean:pressure-isa-elev-sea-level-constant-no-dem:liljegren-thermofeel2.3.0:day-nex-normalised-complete365-feb29dropped,1338574626.5938044,1338574626.5938044,1.0,8,8,0,intersection_area_weighted_valid_cells_only,native,,27.742761696399903,198.86889000462202,167.56629686029314,105.07467580887392,Phalodi,Ghantiyali
Rajasthan,block,Phalodi||Lohawat,ACCESS-CM2,historical,2005,C1,outdoor-pilot-v1:C1:parton-logan-a1.86-b2.2:humidity-vapour_pressure:magnus-6.112-17.62-243.12:toa-shape-erbs1982:wind-constant-daily-mean:pressure-isa-elev-sea-level-constant-no-dem:liljegren-thermofeel2.3.0:day-nex-normalised-complete365-feb29dropped,983006225.0607235,983006225.0607235,1.0,6,6,0,intersection_area_weighted_valid_cells_only,native,,27.66988652980837,198.4320485168356,167.9121405945198,99.00759866690886,Phalodi,Lohawat
Rajasthan,block,Phalodi||Phalodi,ACCESS-CM2,historical,2005,C1,outdoor-pilot-v1:C1:parton-logan-a1.86-b2.2:humidity-vapour_pressure:magnus-6.112-17.62-243.12:toa-shape-erbs1982:wind-constant-daily-mean:pressure-isa-elev-sea-level-constant-no-dem:liljegren-thermofeel2.3.0:day-nex-normalised-complete365-feb29dropped,1024350264.9348114,1024350264.9348114,1.0,5,5,0,intersection_area_weighted_valid_cells_only,native,,27.63451794823881,198.62755558471508,167.26406536445634,100.17146330679397,Phalodi,Phalodi
Rajasthan,block,Pratapgarh||Arnod,ACCESS-CM2,historical,2005,C1,outdoor-pilot-v1:C1:parton-logan-a1.86-b2.2:humidity-vapour_pressure:magnus-6.112-17.62-243.12:toa-shape-erbs1982:wind-constant-daily-mean:pressure-isa-elev-sea-level-constant-no-dem:liljegren-thermofeel2.3.0:day-nex-normalised-complete365-feb29dropped,325145327.5924136,325145327.5924136,1.0,3,3,0,intersection_area_weighted_valid_cells_only,native,,27.682383311780434,209.17129283670022,154.13399639365738,33.04773510606462,Pratapgarh,Arnod
Rajasthan,block,Pratapgarh||Chhoti Sadri,ACCESS-CM2,historical,2005,C1,outdoor-pilot-v1:C1:parton-logan-a1.86-b2.2:humidity-vapour_pressure:magnus-6.112-17.62-243.12:toa-shape-erbs1982:wind-constant-daily-mean:pressure-isa-elev-sea-level-constant-no-dem:liljegren-thermofeel2.3.0:day-nex-normalised-complete365-feb29dropped,719763766.9669073,719763766.9669073,1.0,5,5,0,intersection_area_weighted_valid_cells_only,native,,27.32765832842253,205.50851763213646,140.6789527674352,26.669397980133777,Pratapgarh,Chhoti Sadri
Rajasthan,block,Pratapgarh||Dalot,ACCESS-CM2,historical,2005,C1,outdoor-pilot-v1:C1:parton-logan-a1.86-b2.2:humidity-vapour_pressure:magnus-6.112-17.62-243.12:toa-shape-erbs1982:wind-constant-daily-mean:pressure-isa-elev-sea-level-constant-no-dem:liljegren-thermofeel2.3.0:day-nex-normalised-complete365-feb29dropped,330807666.48898864,330807666.48898864,1.0,3,3,0,intersection_area_weighted_valid_cells_only,native,,27.81727842121259,210.66273892817026,161.81294854710168,33.99698230262088,Pratapgarh,Dalot
Rajasthan,block,Pratapgarh||Dhamotar,ACCESS-CM2,historical,2005,C1,outdoor-pilot-v1:C1:parton-logan-a1.86-b2.2:humidity-vapour_pressure:magnus-6.112-17.62-243.12:toa-shape-erbs1982:wind-constant-daily-mean:pressure-isa-elev-sea-level-constant-no-dem:liljegren-thermofeel2.3.0:day-nex-normalised-complete365-feb29dropped,743894607.5305531,743894607.5305531,1.0,6,6,0,intersection_area_weighted_valid_cells_only,native,,27.702386575084162,208.61947801339804,160.63649582550232,38.36427981483042,Pratapgarh,Dhamotar
Rajasthan,block,Pratapgarh||Dhariawad,ACCESS-CM2,historical,2005,C1,outdoor-pilot-v1:C1:parton-logan-a1.86-b2.2:humidity-vapour_pressure:magnus-6.112-17.62-243.12:toa-shape-erbs1982:wind-constant-daily-mean:pressure-isa-elev-sea-level-constant-no-dem:liljegren-thermofeel2.3.0:day-nex-normalised-complete365-feb29dropped,895338366.0424247,895338366.0424247,1.0,7,7,0,intersection_area_weighted_valid_cells_only,native,,28.117343260550935,212.95640716988567,176.15649710769614,61.40856031374946,Pratapgarh,Dhariawad
Rajasthan,block,Pratapgarh||Peepal Khoont,ACCESS-CM2,historical,2005,C1,outdoor-pilot-v1:C1:parton-logan-a1.86-b2.2:humidity-vapour_pressure:magnus-6.112-17.62-243.12:toa-shape-erbs1982:wind-constant-daily-mean:pressure-isa-elev-sea-level-constant-no-dem:liljegren-thermofeel2.3.0:day-nex-normalised-complete365-feb29dropped,457800461.79538953,457800461.79538953,1.0,4,4,0,intersection_area_weighted_valid_cells_only,native,,28.231906223633473,215.3804579187976,177.73294604708784,59.906666495810704,Pratapgarh,Peepal Khoont
Rajasthan,block,Pratapgarh||Pratapgarh,ACCESS-CM2,historical,2005,C1,outdoor-pilot-v1:C1:parton-logan-a1.86-b2.2:humidity-vapour_pressure:magnus-6.112-17.62-243.12:toa-shape-erbs1982:wind-constant-daily-mean:pressure-isa-elev-sea-level-constant-no-dem:liljegren-thermofeel2.3.0:day-nex-normalised-complete365-feb29dropped,578751570.7285893,578751570.7285893,1.0,4,4,0,intersection_area_weighted_valid_cells_only,native,,27.583818079496425,208.10506974988692,152.10695628693267,33.89764088044106,Pratapgarh,Pratapgarh
Rajasthan,block,Pratapgarh||Suhagpura,ACCESS-CM2,historical,2005,C1,outdoor-pilot-v1:C1:parton-logan-a1.86-b2.2:humidity-vapour_pressure:magnus-6.112-17.62-243.12:toa-shape-erbs1982:wind-constant-daily-mean:pressure-isa-elev-sea-level-constant-no-dem:liljegren-thermofeel2.3.0:day-nex-normalised-complete365-feb29dropped,387675126.48005605,387675126.48005605,1.0,2,2,0,intersection_area_weighted_valid_cells_only,native,,28.088602783727467,212.8181241046268,174.95421360160407,53.99968257544737,Pratapgarh,Suhagpura
Rajasthan,block,Rajsamand||Amet,ACCESS-CM2,historical,2005,C1,outdoor-pilot-v1:C1:parton-logan-a1.86-b2.2:humidity-vapour_pressure:magnus-6.112-17.62-243.12:toa-shape-erbs1982:wind-constant-daily-mean:pressure-isa-elev-sea-level-constant-no-dem:liljegren-thermofeel2.3.0:day-nex-normalised-complete365-feb29dropped,522250086.58600676,522250086.58600676,1.0,4,4,0,intersection_area_weighted_valid_cells_only,native,,26.434931355060165,182.00479478810183,92.73065787841988,11.989502664335268,Rajsamand,Amet
Rajasthan,block,Rajsamand||Bhim,ACCESS-CM2,historical,2005,C1,outdoor-pilot-v1:C1:parton-logan-a1.86-b2.2:humidity-vapour_pressure:magnus-6.112-17.62-243.12:toa-shape-erbs1982:wind-constant-daily-mean:pressure-isa-elev-sea-level-constant-no-dem:liljegren-thermofeel2.3.0:day-nex-normalised-complete365-feb29dropped,654469269.6661386,654469269.6661386,1.0,6,6,0,intersection_area_weighted_valid_cells_only,native,,26.677615408505453,185.19236829219602,119.85433179052444,22.91879868626179,Rajsamand,Bhim
Rajasthan,block,Rajsamand||Delwada,ACCESS-CM2,historical,2005,C1,outdoor-pilot-v1:C1:parton-logan-a1.86-b2.2:humidity-vapour_pressure:magnus-6.112-17.62-243.12:toa-shape-erbs1982:wind-constant-daily-mean:pressure-isa-elev-sea-level-constant-no-dem:liljegren-thermofeel2.3.0:day-nex-normalised-complete365-feb29dropped,207327982.3269216,207327982.3269216,1.0,4,4,0,intersection_area_weighted_valid_cells_only,native,,25.936264246851298,154.65397440781697,53.164356266264114,5.0619308411955295,Rajsamand,Delwada
Rajasthan,block,Rajsamand||Deogarh,ACCESS-CM2,historical,2005,C1,outdoor-pilot-v1:C1:parton-logan-a1.86-b2.2:humidity-vapour_pressure:magnus-6.112-17.62-243.12:toa-shape-erbs1982:wind-constant-daily-mean:pressure-isa-elev-sea-level-constant-no-dem:liljegren-thermofeel2.3.0:day-nex-normalised-complete365-feb29dropped,599994391.119606,599994391.119606,1.0,5,5,0,intersection_area_weighted_valid_cells_only,native,,26.447194634801992,181.34866175513645,101.91744942585167,14.823839049356069,Rajsamand,Deogarh
Rajasthan,block,Rajsamand||Khamnor,ACCESS-CM2,historical,2005,C1,outdoor-pilot-v1:C1:parton-logan-a1.86-b2.2:humidity-vapour_pressure:magnus-6.112-17.62-243.12:toa-shape-erbs1982:wind-constant-daily-mean:pressure-isa-elev-sea-level-constant-no-dem:liljegren-thermofeel2.3.0:day-nex-normalised-complete365-feb29dropped,574332055.0065396,574332055.0065396,1.0,4,4,0,intersection_area_weighted_valid_cells_only,native,,25.988582254609863,159.22702123322279,56.98246632114397,5.787471141150264,Rajsamand,Khamnor
Rajasthan,block,Rajsamand||Kumbhalgarh,ACCESS-CM2,historical,2005,C1,outdoor-pilot-v1:C1:parton-logan-a1.86-b2.2:humidity-vapour_pressure:magnus-6.112-17.62-243.12:toa-shape-erbs1982:wind-constant-daily-mean:pressure-isa-elev-sea-level-constant-no-dem:liljegren-thermofeel2.3.0:day-nex-normalised-complete365-feb29dropped,888565037.6402407,888565037.6402407,1.0,6,6,0,intersection_area_weighted_valid_cells_only,native,,25.881144747400764,155.4378857058173,57.316462426110654,6.257724026250142,Rajsamand,Kumbhalgarh
Rajasthan,block,Rajsamand||Railmagra,ACCESS-CM2,historical,2005,C1,outdoor-pilot-v1:C1:parton-logan-a1.86-b2.2:humidity-vapour_pressure:magnus-6.112-17.62-243.12:toa-shape-erbs1982:wind-constant-daily-mean:pressure-isa-elev-sea-level-constant-no-dem:liljegren-thermofeel2.3.0:day-nex-normalised-complete365-feb29dropped,567356606.9564435,567356606.9564435,1.0,6,6,0,intersection_area_weighted_valid_cells_only,native,,26.952747251132504,191.82669075773552,121.97122234673338,20.817619236616018,Rajsamand,Railmagra
Rajasthan,block,Rajsamand||Rajsamand,ACCESS-CM2,historical,2005,C1,outdoor-pilot-v1:C1:parton-logan-a1.86-b2.2:humidity-vapour_pressure:magnus-6.112-17.62-243.12:toa-shape-erbs1982:wind-constant-daily-mean:pressure-isa-elev-sea-level-constant-no-dem:liljegren-thermofeel2.3.0:day-nex-normalised-complete365-feb29dropped,614625685.1977503,614625685.1977503,1.0,5,5,0,intersection_area_weighted_valid_cells_only,native,,26.493378961929178,184.3629075765334,90.22254444705428,11.444682303745385,Rajsamand,Rajsamand
Rajasthan,block,Salumbar||Jaisamand,ACCESS-CM2,historical,2005,C1,outdoor-pilot-v1:C1:parton-logan-a1.86-b2.2:humidity-vapour_pressure:magnus-6.112-17.62-243.12:toa-shape-erbs1982:wind-constant-daily-mean:pressure-isa-elev-sea-level-constant-no-dem:liljegren-thermofeel2.3.0:day-nex-normalised-complete365-feb29dropped,455985435.1567819,455985435.1567819,1.0,3,3,0,intersection_area_weighted_valid_cells_only,native,,26.609719621486494,177.6307363291171,80.55858946278083,11.391401534664134,Salumbar,Jaisamand
Rajasthan,block,Salumbar||Jhallara,ACCESS-CM2,historical,2005,C1,outdoor-pilot-v1:C1:parton-logan-a1.86-b2.2:humidity-vapour_pressure:magnus-6.112-17.62-243.12:toa-shape-erbs1982:wind-constant-daily-mean:pressure-isa-elev-sea-level-constant-no-dem:liljegren-thermofeel2.3.0:day-nex-normalised-complete365-feb29dropped,384295612.022818,384295612.022818,1.0,4,4,0,intersection_area_weighted_valid_cells_only,native,,27.899663983378197,208.52092396858293,158.70431407851464,50.74961181958239,Salumbar,Jhallara
Rajasthan,block,Salumbar||Lasadiya,ACCESS-CM2,historical,2005,C1,outdoor-pilot-v1:C1:parton-logan-a1.86-b2.2:humidity-vapour_pressure:magnus-6.112-17.62-243.12:toa-shape-erbs1982:wind-constant-daily-mean:pressure-isa-elev-sea-level-constant-no-dem:liljegren-thermofeel2.3.0:day-nex-normalised-complete365-feb29dropped,512530251.76336896,512530251.76336896,1.0,4,4,0,intersection_area_weighted_valid_cells_only,native,,27.38798402044085,202.84769569622412,136.4046952810791,30.559840782025695,Salumbar,Lasadiya
Rajasthan,block,Salumbar||Salumbar,ACCESS-CM2,historical,2005,C1,outdoor-pilot-v1:C1:parton-logan-a1.86-b2.2:humidity-vapour_pressure:magnus-6.112-17.62-243.12:toa-shape-erbs1982:wind-constant-daily-mean:pressure-isa-elev-sea-level-constant-no-dem:liljegren-thermofeel2.3.0:day-nex-normalised-complete365-feb29dropped,665405897.5912706,665405897.5912706,1.0,7,7,0,intersection_area_weighted_valid_cells_only,native,,27.4586848795484,202.8320862208126,135.04783309810182,30.56888258166702,Salumbar,Salumbar
Rajasthan,block,Salumbar||Sarada,ACCESS-CM2,historical,2005,C1,outdoor-pilot-v1:C1:parton-logan-a1.86-b2.2:humidity-vapour_pressure:magnus-6.112-17.62-243.12:toa-shape-erbs1982:wind-constant-daily-mean:pressure-isa-elev-sea-level-constant-no-dem:liljegren-thermofeel2.3.0:day-nex-normalised-complete365-feb29dropped,377723991.77114224,377723991.77114224,1.0,4,4,0,intersection_area_weighted_valid_cells_only,native,,26.957212023428767,191.78692296932294,97.95905434851174,16.379772668257527,Salumbar,Sarada
Rajasthan,block,Salumbar||Semari,ACCESS-CM2,historical,2005,C1,outdoor-pilot-v1:C1:parton-logan-a1.86-b2.2:humidity-vapour_pressure:magnus-6.112-17.62-243.12:toa-shape-erbs1982:wind-constant-daily-mean:pressure-isa-elev-sea-level-constant-no-dem:liljegren-thermofeel2.3.0:day-nex-normalised-complete365-feb29dropped,127859089.61513309,127859089.61513309,1.0,2,2,0,intersection_area_weighted_valid_cells_only,native,,27.356336189774858,201.87415230941232,120.55124375698755,24.840995005590035,Salumbar,Semari
Rajasthan,block,Sawai Madhopur||Bonli,ACCESS-CM2,historical,2005,C1,outdoor-pilot-v1:C1:parton-logan-a1.86-b2.2:humidity-vapour_pressure:magnus-6.112-17.62-243.12:toa-shape-erbs1982:wind-constant-daily-mean:pressure-isa-elev-sea-level-constant-no-dem:liljegren-thermofeel2.3.0:day-nex-normalised-complete365-feb29dropped,628249793.8089128,628249793.8089128,1.0,4,4,0,intersection_area_weighted_valid_cells_only,native,,28.223919484435676,208.17915785712202,183.49214900096712,122.19056352592517,Sawai Madhopur,Bonli
Rajasthan,block,Sawai Madhopur||Chauth Ka Barwara,ACCESS-CM2,historical,2005,C1,outdoor-pilot-v1:C1:parton-logan-a1.86-b2.2:humidity-vapour_pressure:magnus-6.112-17.62-243.12:toa-shape-erbs1982:wind-constant-daily-mean:pressure-isa-elev-sea-level-constant-no-dem:liljegren-thermofeel2.3.0:day-nex-normalised-complete365-feb29dropped,526916917.5208283,526916917.5208283,1.0,5,5,0,intersection_area_weighted_valid_cells_only,native,,28.251440381659354,209.06348969277968,184.34858591086848,123.20854491718718,Sawai Madhopur,Chauth Ka Barwara
Rajasthan,block,Sawai Madhopur||Khandar,ACCESS-CM2,historical,2005,C1,outdoor-pilot-v1:C1:parton-logan-a1.86-b2.2:humidity-vapour_pressure:magnus-6.112-17.62-243.12:toa-shape-erbs1982:wind-constant-daily-mean:pressure-isa-elev-sea-level-constant-no-dem:liljegren-thermofeel2.3.0:day-nex-normalised-complete365-feb29dropped,1391000130.4132438,1391000130.4132438,1.0,8,8,0,intersection_area_weighted_valid_cells_only,native,,28.315460163736958,209.82896523597552,188.49887683921946,126.92125917781792,Sawai Madhopur,Khandar
Rajasthan,block,Sawai Madhopur||Malarna Doongar,ACCESS-CM2,historical,2005,C1,outdoor-pilot-v1:C1:parton-logan-a1.86-b2.2:humidity-vapour_pressure:magnus-6.112-17.62-243.12:toa-shape-erbs1982:wind-constant-daily-mean:pressure-isa-elev-sea-level-constant-no-dem:liljegren-thermofeel2.3.0:day-nex-normalised-complete365-feb29dropped,374338037.44727093,374338037.44727093,1.0,4,4,0,intersection_area_weighted_valid_cells_only,native,,28.267313492088725,208.31109391301814,186.09070546469442,125.01810572499912,Sawai Madhopur,Malarna Doongar
Rajasthan,block,Sawai Madhopur||Sawai Madhopur,ACCESS-CM2,historical,2005,C1,outdoor-pilot-v1:C1:parton-logan-a1.86-b2.2:humidity-vapour_pressure:magnus-6.112-17.62-243.12:toa-shape-erbs1982:wind-constant-daily-mean:pressure-isa-elev-sea-level-constant-no-dem:liljegren-thermofeel2.3.0:day-nex-normalised-complete365-feb29dropped,739493123.9029344,739493123.9029344,1.0,5,5,0,intersection_area_weighted_valid_cells_only,native,,28.271081476589806,209.39806290044712,187.29510922856602,124.79644138040427,Sawai Madhopur,Sawai Madhopur
Rajasthan,block,Shahpura||Banera,ACCESS-CM2,historical,2005,C1,outdoor-pilot-v1:C1:parton-logan-a1.86-b2.2:humidity-vapour_pressure:magnus-6.112-17.62-243.12:toa-shape-erbs1982:wind-constant-daily-mean:pressure-isa-elev-sea-level-constant-no-dem:liljegren-thermofeel2.3.0:day-nex-normalised-complete365-feb29dropped,662966105.2847351,662966105.2847351,1.0,5,5,0,intersection_area_weighted_valid_cells_only,native,,27.247365078109247,196.92161855058603,151.91860992124265,42.727780296909394,Shahpura,Banera
Rajasthan,block,Shahpura||Jahazpur,ACCESS-CM2,historical,2005,C1,outdoor-pilot-v1:C1:parton-logan-a1.86-b2.2:humidity-vapour_pressure:magnus-6.112-17.62-243.12:toa-shape-erbs1982:wind-constant-daily-mean:pressure-isa-elev-sea-level-constant-no-dem:liljegren-thermofeel2.3.0:day-nex-normalised-complete365-feb29dropped,1080541021.156568,1080541021.156568,1.0,5,5,0,intersection_area_weighted_valid_cells_only,native,,27.746527196659056,207.0854278727444,168.1469379881558,79.7823647170377,Shahpura,Jahazpur
Rajasthan,block,Shahpura||Kotri,ACCESS-CM2,historical,2005,C1,outdoor-pilot-v1:C1:parton-logan-a1.86-b2.2:humidity-vapour_pressure:magnus-6.112-17.62-243.12:toa-shape-erbs1982:wind-constant-daily-mean:pressure-isa-elev-sea-level-constant-no-dem:liljegren-thermofeel2.3.0:day-nex-normalised-complete365-feb29dropped,933624047.062348,933624047.062348,1.0,5,5,0,intersection_area_weighted_valid_cells_only,native,,27.525315204396378,204.1553531523282,160.28174856435834,57.77278223125416,Shahpura,Kotri
Rajasthan,block,Shahpura||Shahpura,ACCESS-CM2,historical,2005,C1,outdoor-pilot-v1:C1:parton-logan-a1.86-b2.2:humidity-vapour_pressure:magnus-6.112-17.62-243.12:toa-shape-erbs1982:wind-constant-daily-mean:pressure-isa-elev-sea-level-constant-no-dem:liljegren-thermofeel2.3.0:day-nex-normalised-complete365-feb29dropped,1130740106.912926,1130740106.912926,1.0,6,6,0,intersection_area_weighted_valid_cells_only,native,,27.444201681012316,201.5150943874144,158.442435906831,58.63704429752302,Shahpura,Shahpura
Rajasthan,block,Sikar||Danta Ramgarh,ACCESS-CM2,historical,2005,C1,outdoor-pilot-v1:C1:parton-logan-a1.86-b2.2:humidity-vapour_pressure:magnus-6.112-17.62-243.12:toa-shape-erbs1982:wind-constant-daily-mean:pressure-isa-elev-sea-level-constant-no-dem:liljegren-thermofeel2.3.0:day-nex-normalised-complete365-feb29dropped,898850233.8666829,898850233.8666829,1.0,5,5,0,intersection_area_weighted_valid_cells_only,native,,27.027438977882788,194.82121103650155,149.20754364711502,70.02619382606738,Sikar,Danta Ramgarh
Rajasthan,block,Sikar||Dhod,ACCESS-CM2,historical,2005,C1,outdoor-pilot-v1:C1:parton-logan-a1.86-b2.2:humidity-vapour_pressure:magnus-6.112-17.62-243.12:toa-shape-erbs1982:wind-constant-daily-mean:pressure-isa-elev-sea-level-constant-no-dem:liljegren-thermofeel2.3.0:day-nex-normalised-complete365-feb29dropped,1094113400.119869,1094113400.119869,1.0,6,6,0,intersection_area_weighted_valid_cells_only,native,,26.975511180477273,194.27754311167467,148.36009111183552,72.18665289954927,Sikar,Dhod
Rajasthan,block,Sikar||Fatehpur,ACCESS-CM2,historical,2005,C1,outdoor-pilot-v1:C1:parton-logan-a1.86-b2.2:humidity-vapour_pressure:magnus-6.112-17.62-243.12:toa-shape-erbs1982:wind-constant-daily-mean:pressure-isa-elev-sea-level-constant-no-dem:liljegren-thermofeel2.3.0:day-nex-normalised-complete365-feb29dropped,1257446006.510756,1257446006.510756,1.0,5,5,0,intersection_area_weighted_valid_cells_only,native,,27.537541103173567,199.96407593348886,169.41230280174887,106.7542373657827,Sikar,Fatehpur
Rajasthan,block,Sikar||Khandela,ACCESS-CM2,historical,2005,C1,outdoor-pilot-v1:C1:parton-logan-a1.86-b2.2:humidity-vapour_pressure:magnus-6.112-17.62-243.12:toa-shape-erbs1982:wind-constant-daily-mean:pressure-isa-elev-sea-level-constant-no-dem:liljegren-thermofeel2.3.0:day-nex-normalised-complete365-feb29dropped,633573907.8235164,633573907.8235164,1.0,4,4,0,intersection_area_weighted_valid_cells_only,native,,26.879969862283232,192.87803684405577,143.39585291911519,64.21654101867543,Sikar,Khandela
Rajasthan,block,Sikar||Lachhmangarh,ACCESS-CM2,historical,2005,C1,outdoor-pilot-v1:C1:parton-logan-a1.86-b2.2:humidity-vapour_pressure:magnus-6.112-17.62-243.12:toa-shape-erbs1982:wind-constant-daily-mean:pressure-isa-elev-sea-level-constant-no-dem:liljegren-thermofeel2.3.0:day-nex-normalised-complete365-feb29dropped,550354396.6517103,550354396.6517103,1.0,4,4,0,intersection_area_weighted_valid_cells_only,native,,27.328700857174056,198.1892273364277,162.834934072705,98.03235148312243,Sikar,Lachhmangarh
Rajasthan,block,Sikar||Nechwa,ACCESS-CM2,historical,2005,C1,outdoor-pilot-v1:C1:parton-logan-a1.86-b2.2:humidity-vapour_pressure:magnus-6.112-17.62-243.12:toa-shape-erbs1982:wind-constant-daily-mean:pressure-isa-elev-sea-level-constant-no-dem:liljegren-thermofeel2.3.0:day-nex-normalised-complete365-feb29dropped,479150709.52786714,479150709.52786714,1.0,6,6,0,intersection_area_weighted_valid_cells_only,native,,27.16580819654503,195.56670499973762,156.92625751355385,85.35616704404032,Sikar,Nechwa
Rajasthan,block,Sikar||Palsana,ACCESS-CM2,historical,2005,C1,outdoor-pilot-v1:C1:parton-logan-a1.86-b2.2:humidity-vapour_pressure:magnus-6.112-17.62-243.12:toa-shape-erbs1982:wind-constant-daily-mean:pressure-isa-elev-sea-level-constant-no-dem:liljegren-thermofeel2.3.0:day-nex-normalised-complete365-feb29dropped,491201533.6731533,491201533.6731533,1.0,4,4,0,intersection_area_weighted_valid_cells_only,native,,26.87993684740481,193.2339999733818,143.23413226372188,62.49730345468992,Sikar,Palsana
Rajasthan,block,Sikar||Piprali,ACCESS-CM2,historical,2005,C1,outdoor-pilot-v1:C1:parton-logan-a1.86-b2.2:humidity-vapour_pressure:magnus-6.112-17.62-243.12:toa-shape-erbs1982:wind-constant-daily-mean:pressure-isa-elev-sea-level-constant-no-dem:liljegren-thermofeel2.3.0:day-nex-normalised-complete365-feb29dropped,405704767.003847,405704767.003847,1.0,5,5,0,intersection_area_weighted_valid_cells_only,native,,26.84507531557676,192.4455869602387,143.8431736353572,64.72255560177747,Sikar,Piprali
Rajasthan,block,Sirohi||Abu Road,ACCESS-CM2,historical,2005,C1,outdoor-pilot-v1:C1:parton-logan-a1.86-b2.2:humidity-vapour_pressure:magnus-6.112-17.62-243.12:toa-shape-erbs1982:wind-constant-daily-mean:pressure-isa-elev-sea-level-constant-no-dem:liljegren-thermofeel2.3.0:day-nex-normalised-complete365-feb29dropped,879483182.4059334,879483182.4059334,1.0,6,6,0,intersection_area_weighted_valid_cells_only,native,,26.663202492980563,183.86961613478945,84.68019843386378,11.943449543128544,Sirohi,Abu Road
Rajasthan,block,Sirohi||Pindwara,ACCESS-CM2,historical,2005,C1,outdoor-pilot-v1:C1:parton-logan-a1.86-b2.2:humidity-vapour_pressure:magnus-6.112-17.62-243.12:toa-shape-erbs1982:wind-constant-daily-mean:pressure-isa-elev-sea-level-constant-no-dem:liljegren-thermofeel2.3.0:day-nex-normalised-complete365-feb29dropped,1113496150.8475268,1113496150.8475268,1.0,6,6,0,intersection_area_weighted_valid_cells_only,native,,26.576004247520178,184.24616937707617,83.25853309066169,10.077690840136835,Sirohi,Pindwara
Rajasthan,block,Sirohi||Reodar,ACCESS-CM2,historical,2005,C1,outdoor-pilot-v1:C1:parton-logan-a1.86-b2.2:humidity-vapour_pressure:magnus-6.112-17.62-243.12:toa-shape-erbs1982:wind-constant-daily-mean:pressure-isa-elev-sea-level-constant-no-dem:liljegren-thermofeel2.3.0:day-nex-normalised-complete365-feb29dropped,1085961352.910543,1085961352.910543,1.0,8,8,0,intersection_area_weighted_valid_cells_only,native,,27.327060708312636,198.107618985926,128.00277357581794,30.09608858435484,Sirohi,Reodar
Rajasthan,block,Sirohi||Sheoganj,ACCESS-CM2,historical,2005,C1,outdoor-pilot-v1:C1:parton-logan-a1.86-b2.2:humidity-vapour_pressure:magnus-6.112-17.62-243.12:toa-shape-erbs1982:wind-constant-daily-mean:pressure-isa-elev-sea-level-constant-no-dem:liljegren-thermofeel2.3.0:day-nex-normalised-complete365-feb29dropped,884217141.1296952,884217141.1296952,1.0,6,6,0,intersection_area_weighted_valid_cells_only,native,,27.5503028824987,199.35119339147968,154.28174335236434,45.702419472282585,Sirohi,Sheoganj
Rajasthan,block,Sirohi||Sirohi,ACCESS-CM2,historical,2005,C1,outdoor-pilot-v1:C1:parton-logan-a1.86-b2.2:humidity-vapour_pressure:magnus-6.112-17.62-243.12:toa-shape-erbs1982:wind-constant-daily-mean:pressure-isa-elev-sea-level-constant-no-dem:liljegren-thermofeel2.3.0:day-nex-normalised-complete365-feb29dropped,1174452574.3989406,1174452574.3989406,1.0,8,8,0,intersection_area_weighted_valid_cells_only,native,,27.362854536613508,197.56502250500404,137.44472711028916,33.6165779194398,Sirohi,Sirohi
Rajasthan,block,Tonk||Deoli,ACCESS-CM2,historical,2005,C1,outdoor-pilot-v1:C1:parton-logan-a1.86-b2.2:humidity-vapour_pressure:magnus-6.112-17.62-243.12:toa-shape-erbs1982:wind-constant-daily-mean:pressure-isa-elev-sea-level-constant-no-dem:liljegren-thermofeel2.3.0:day-nex-normalised-complete365-feb29dropped,1226431579.4903662,1226431579.4903662,1.0,7,7,0,intersection_area_weighted_valid_cells_only,native,,27.930765847944052,207.6807025728522,174.8288756754065,101.61129947657031,Tonk,Deoli
Rajasthan,block,Tonk||Malpura,ACCESS-CM2,historical,2005,C1,outdoor-pilot-v1:C1:parton-logan-a1.86-b2.2:humidity-vapour_pressure:magnus-6.112-17.62-243.12:toa-shape-erbs1982:wind-constant-daily-mean:pressure-isa-elev-sea-level-constant-no-dem:liljegren-thermofeel2.3.0:day-nex-normalised-complete365-feb29dropped,1489898129.505968,1489898129.505968,1.0,8,8,0,intersection_area_weighted_valid_cells_only,native,,27.647863470505566,204.75959886366115,165.61968667726094,88.23061376426574,Tonk,Malpura
Rajasthan,block,Tonk||Newai,ACCESS-CM2,historical,2005,C1,outdoor-pilot-v1:C1:parton-logan-a1.86-b2.2:humidity-vapour_pressure:magnus-6.112-17.62-243.12:toa-shape-erbs1982:wind-constant-daily-mean:pressure-isa-elev-sea-level-constant-no-dem:liljegren-thermofeel2.3.0:day-nex-normalised-complete365-feb29dropped,979845450.8092109,979845450.8092109,1.0,7,7,0,intersection_area_weighted_valid_cells_only,native,,28.050859371906498,207.96292162902017,178.56749722674817,112.52227795248479,Tonk,Newai
Rajasthan,block,Tonk||Peeplu,ACCESS-CM2,historical,2005,C1,outdoor-pilot-v1:C1:parton-logan-a1.86-b2.2:humidity-vapour_pressure:magnus-6.112-17.62-243.12:toa-shape-erbs1982:wind-constant-daily-mean:pressure-isa-elev-sea-level-constant-no-dem:liljegren-thermofeel2.3.0:day-nex-normalised-complete365-feb29dropped,695939645.3289565,695939645.3289565,1.0,4,4,0,intersection_area_weighted_valid_cells_only,native,,27.980392203075304,208.3189142295852,176.2362942676844,108.65544012903908,Tonk,Peeplu
Rajasthan,block,Tonk||Tonk,ACCESS-CM2,historical,2005,C1,outdoor-pilot-v1:C1:parton-logan-a1.86-b2.2:humidity-vapour_pressure:magnus-6.112-17.62-243.12:toa-shape-erbs1982:wind-constant-daily-mean:pressure-isa-elev-sea-level-constant-no-dem:liljegren-thermofeel2.3.0:day-nex-normalised-complete365-feb29dropped,814516902.73679,814516902.73679,1.0,7,7,0,intersection_area_weighted_valid_cells_only,native,,28.090204497985777,208.86085795429133,179.3193341471939,115.40077920499662,Tonk,Tonk
Rajasthan,block,Tonk||Uniara,ACCESS-CM2,historical,2005,C1,outdoor-pilot-v1:C1:parton-logan-a1.86-b2.2:humidity-vapour_pressure:magnus-6.112-17.62-243.12:toa-shape-erbs1982:wind-constant-daily-mean:pressure-isa-elev-sea-level-constant-no-dem:liljegren-thermofeel2.3.0:day-nex-normalised-complete365-feb29dropped,988711446.0887053,988711446.0887053,1.0,5,5,0,intersection_area_weighted_valid_cells_only,native,,28.224405786694305,209.9596585284745,185.3661853375468,123.02745077825406,Tonk,Uniara
Rajasthan,block,Udaipur||Bargaon,ACCESS-CM2,historical,2005,C1,outdoor-pilot-v1:C1:parton-logan-a1.86-b2.2:humidity-vapour_pressure:magnus-6.112-17.62-243.12:toa-shape-erbs1982:wind-constant-daily-mean:pressure-isa-elev-sea-level-constant-no-dem:liljegren-thermofeel2.3.0:day-nex-normalised-complete365-feb29dropped,446151756.3524637,446151756.3524637,1.0,3,3,0,intersection_area_weighted_valid_cells_only,native,,25.454228689883816,122.29405921369616,26.265305281987047,0.3613138480749454,Udaipur,Bargaon
Rajasthan,block,Udaipur||Bhinder,ACCESS-CM2,historical,2005,C1,outdoor-pilot-v1:C1:parton-logan-a1.86-b2.2:humidity-vapour_pressure:magnus-6.112-17.62-243.12:toa-shape-erbs1982:wind-constant-daily-mean:pressure-isa-elev-sea-level-constant-no-dem:liljegren-thermofeel2.3.0:day-nex-normalised-complete365-feb29dropped,351817563.3271809,351817563.3271809,1.0,4,4,0,intersection_area_weighted_valid_cells_only,native,,27.17346935213194,199.40984238732148,122.82919595984278,22.301225051537273,Udaipur,Bhinder
Rajasthan,block,Udaipur||Girwa,ACCESS-CM2,historical,2005,C1,outdoor-pilot-v1:C1:parton-logan-a1.86-b2.2:humidity-vapour_pressure:magnus-6.112-17.62-243.12:toa-shape-erbs1982:wind-constant-daily-mean:pressure-isa-elev-sea-level-constant-no-dem:liljegren-thermofeel2.3.0:day-nex-normalised-complete365-feb29dropped,881444869.6289033,881444869.6289033,1.0,5,5,0,intersection_area_weighted_valid_cells_only,native,,25.61169576877838,126.45965505147589,31.678575949430538,1.5897892108951874,Udaipur,Girwa
Rajasthan,block,Udaipur||Gogunda,ACCESS-CM2,historical,2005,C1,outdoor-pilot-v1:C1:parton-logan-a1.86-b2.2:humidity-vapour_pressure:magnus-6.112-17.62-243.12:toa-shape-erbs1982:wind-constant-daily-mean:pressure-isa-elev-sea-level-constant-no-dem:liljegren-thermofeel2.3.0:day-nex-normalised-complete365-feb29dropped,440766334.31581676,440766334.31581676,1.0,4,4,0,intersection_area_weighted_valid_cells_only,native,,25.308423246492342,111.54471582638705,20.848267359658838,0.0,Udaipur,Gogunda
Rajasthan,block,Udaipur||Jhadol,ACCESS-CM2,historical,2005,C1,outdoor-pilot-v1:C1:parton-logan-a1.86-b2.2:humidity-vapour_pressure:magnus-6.112-17.62-243.12:toa-shape-erbs1982:wind-constant-daily-mean:pressure-isa-elev-sea-level-constant-no-dem:liljegren-thermofeel2.3.0:day-nex-normalised-complete365-feb29dropped,710885991.4619827,710885991.4619827,1.0,5,5,0,intersection_area_weighted_valid_cells_only,native,,25.34227255802633,106.8212053305508,19.08587530122293,0.08792592755677096,Udaipur,Jhadol
Rajasthan,block,Udaipur||Kherwara,ACCESS-CM2,historical,2005,C1,outdoor-pilot-v1:C1:parton-logan-a1.86-b2.2:humidity-vapour_pressure:magnus-6.112-17.62-243.12:toa-shape-erbs1982:wind-constant-daily-mean:pressure-isa-elev-sea-level-constant-no-dem:liljegren-thermofeel2.3.0:day-nex-normalised-complete365-feb29dropped,636594160.7114683,636594160.7114683,1.0,4,4,0,intersection_area_weighted_valid_cells_only,native,,26.76288320206837,179.59969055469477,87.49418378822031,15.182483068564668,Udaipur,Kherwara
Rajasthan,block,Udaipur||Kotra,ACCESS-CM2,historical,2005,C1,outdoor-pilot-v1:C1:parton-logan-a1.86-b2.2:humidity-vapour_pressure:magnus-6.112-17.62-243.12:toa-shape-erbs1982:wind-constant-daily-mean:pressure-isa-elev-sea-level-constant-no-dem:liljegren-thermofeel2.3.0:day-nex-normalised-complete365-feb29dropped,1734678058.1437674,1734678058.1437674,1.0,8,8,0,intersection_area_weighted_valid_cells_only,native,,26.038117890423397,154.28812636023082,52.69160899501459,4.867718435301036,Udaipur,Kotra
Rajasthan,block,Udaipur||Kurabad,ACCESS-CM2,historical,2005,C1,outdoor-pilot-v1:C1:parton-logan-a1.86-b2.2:humidity-vapour_pressure:magnus-6.112-17.62-243.12:toa-shape-erbs1982:wind-constant-daily-mean:pressure-isa-elev-sea-level-constant-no-dem:liljegren-thermofeel2.3.0:day-nex-normalised-complete365-feb29dropped,535202938.211929,535202938.211929,1.0,4,4,0,intersection_area_weighted_valid_cells_only,native,,26.756962098419176,189.59616880852954,91.74027663702931,12.615690304813578,Udaipur,Kurabad
Rajasthan,block,Udaipur||Mavli,ACCESS-CM2,historical,2005,C1,outdoor-pilot-v1:C1:parton-logan-a1.86-b2.2:humidity-vapour_pressure:magnus-6.112-17.62-243.12:toa-shape-erbs1982:wind-constant-daily-mean:pressure-isa-elev-sea-level-constant-no-dem:liljegren-thermofeel2.3.0:day-nex-normalised-complete365-feb29dropped,834239948.838457,834239948.838457,1.0,5,5,0,intersection_area_weighted_valid_cells_only,native,,26.697795696782556,188.2823751757783,96.11029128947777,14.468870824662869,Udaipur,Mavli
Rajasthan,block,Udaipur||Nayagaon,ACCESS-CM2,historical,2005,C1,outdoor-pilot-v1:C1:parton-logan-a1.86-b2.2:humidity-vapour_pressure:magnus-6.112-17.62-243.12:toa-shape-erbs1982:wind-constant-daily-mean:pressure-isa-elev-sea-level-constant-no-dem:liljegren-thermofeel2.3.0:day-nex-normalised-complete365-feb29dropped,282925490.9523479,282925490.9523479,1.0,3,3,0,intersection_area_weighted_valid_cells_only,native,,27.0680316492375,193.88780806561724,112.56746046143488,22.27947446948249,Udaipur,Nayagaon
Rajasthan,block,Udaipur||Phalasiya,ACCESS-CM2,historical,2005,C1,outdoor-pilot-v1:C1:parton-logan-a1.86-b2.2:humidity-vapour_pressure:magnus-6.112-17.62-243.12:toa-shape-erbs1982:wind-constant-daily-mean:pressure-isa-elev-sea-level-constant-no-dem:liljegren-thermofeel2.3.0:day-nex-normalised-complete365-feb29dropped,715991438.1128622,715991438.1128622,1.0,5,5,0,intersection_area_weighted_valid_cells_only,native,,25.77620701961204,136.03256396711072,35.959701300920294,1.1563689494639273,Udaipur,Phalasiya
Rajasthan,block,Udaipur||Rishbhdeo,ACCESS-CM2,historical,2005,C1,outdoor-pilot-v1:C1:parton-logan-a1.86-b2.2:humidity-vapour_pressure:magnus-6.112-17.62-243.12:toa-shape-erbs1982:wind-constant-daily-mean:pressure-isa-elev-sea-level-constant-no-dem:liljegren-thermofeel2.3.0:day-nex-normalised-complete365-feb29dropped,615976004.8147236,615976004.8147236,1.0,5,5,0,intersection_area_weighted_valid_cells_only,native,,26.910474237892892,190.8636482397877,95.1193032146028,20.26953539739946,Udaipur,Rishbhdeo
Rajasthan,block,Udaipur||Sayra,ACCESS-CM2,historical,2005,C1,outdoor-pilot-v1:C1:parton-logan-a1.86-b2.2:humidity-vapour_pressure:magnus-6.112-17.62-243.12:toa-shape-erbs1982:wind-constant-daily-mean:pressure-isa-elev-sea-level-constant-no-dem:liljegren-thermofeel2.3.0:day-nex-normalised-complete365-feb29dropped,575677583.7847121,575677583.7847121,1.0,4,4,0,intersection_area_weighted_valid_cells_only,native,,25.512613862734927,124.23412576057052,36.79921777852203,3.096396791580035,Udaipur,Sayra
Rajasthan,block,Udaipur||Vallabhnagar,ACCESS-CM2,historical,2005,C1,outdoor-pilot-v1:C1:parton-logan-a1.86-b2.2:humidity-vapour_pressure:magnus-6.112-17.62-243.12:toa-shape-erbs1982:wind-constant-daily-mean:pressure-isa-elev-sea-level-constant-no-dem:liljegren-thermofeel2.3.0:day-nex-normalised-complete365-feb29dropped,433268793.8131186,433268793.8131186,1.0,4,4,0,intersection_area_weighted_valid_cells_only,native,,26.724873619253287,188.15484036816284,93.10521394882517,14.370220537604537,Udaipur,Vallabhnagar
Himachal Pradesh,block,Bilaspur||Bilaspur Sadar,ACCESS-CM2,historical,2005,W1,outdoor-pilot-v1:W1:parton-logan-a1.86-b2.2:humidity-vapour_pressure:magnus-6.112-17.62-243.12:toa-shape-erbs1982:wind-w1-dtr-slope0.03-amp0.1-0.8:pressure-isa-elev-sea-level-constant-no-dem:liljegren-thermofeel2.3.0:day-nex-normalised-complete365-feb29dropped,280136006.2353821,280136006.2353821,1.0,3,3,0,intersection_area_weighted_valid_cells_only,native,,23.041425093079468,63.601532896148406,7.714523424492747,0.2851827529467016,Bilaspur,Bilaspur Sadar
Himachal Pradesh,block,Bilaspur||Ghumarwin,ACCESS-CM2,historical,2005,W1,outdoor-pilot-v1:W1:parton-logan-a1.86-b2.2:humidity-vapour_pressure:magnus-6.112-17.62-243.12:toa-shape-erbs1982:wind-w1-dtr-slope0.03-amp0.1-0.8:pressure-isa-elev-sea-level-constant-no-dem:liljegren-thermofeel2.3.0:day-nex-normalised-complete365-feb29dropped,286875727.0940379,286875727.0940379,1.0,4,4,0,intersection_area_weighted_valid_cells_only,native,,24.193037543807513,127.03929517699432,48.617712645882136,2.611719237025474,Bilaspur,Ghumarwin
Himachal Pradesh,block,Bilaspur||Jhandutta,ACCESS-CM2,historical,2005,W1,outdoor-pilot-v1:W1:parton-logan-a1.86-b2.2:humidity-vapour_pressure:magnus-6.112-17.62-243.12:toa-shape-erbs1982:wind-w1-dtr-slope0.03-amp0.1-0.8:pressure-isa-elev-sea-level-constant-no-dem:liljegren-thermofeel2.3.0:day-nex-normalised-complete365-feb29dropped,327823576.29459685,327823576.29459685,1.0,3,3,0,intersection_area_weighted_valid_cells_only,native,,25.065283661097844,154.8243287816451,84.29625846290918,9.265223642048284,Bilaspur,Jhandutta
Himachal Pradesh,block,Bilaspur||Shree Naina Devi,ACCESS-CM2,historical,2005,W1,outdoor-pilot-v1:W1:parton-logan-a1.86-b2.2:humidity-vapour_pressure:magnus-6.112-17.62-243.12:toa-shape-erbs1982:wind-w1-dtr-slope0.03-amp0.1-0.8:pressure-isa-elev-sea-level-constant-no-dem:liljegren-thermofeel2.3.0:day-nex-normalised-complete365-feb29dropped,270882829.0692905,270882829.0692905,1.0,5,5,0,intersection_area_weighted_valid_cells_only,native,,25.752407572383383,167.6092871413318,114.4747137654711,38.899834472788065,Bilaspur,Shree Naina Devi
Himachal Pradesh,block,Chamba||Bharmour,ACCESS-CM2,historical,2005,W1,outdoor-pilot-v1:W1:parton-logan-a1.86-b2.2:humidity-vapour_pressure:magnus-6.112-17.62-243.12:toa-shape-erbs1982:wind-w1-dtr-slope0.03-amp0.1-0.8:pressure-isa-elev-sea-level-constant-no-dem:liljegren-thermofeel2.3.0:day-nex-normalised-complete365-feb29dropped,1655485650.329739,1655485650.329739,1.0,9,9,0,intersection_area_weighted_valid_cells_only,native,,13.422357586081059,0.0864726351425483,0.009728171453536685,0.0,Chamba,Bharmour
Himachal Pradesh,block,Chamba||Bhattiyat,ACCESS-CM2,historical,2005,W1,outdoor-pilot-v1:W1:parton-logan-a1.86-b2.2:humidity-vapour_pressure:magnus-6.112-17.62-243.12:toa-shape-erbs1982:wind-w1-dtr-slope0.03-amp0.1-0.8:pressure-isa-elev-sea-level-constant-no-dem:liljegren-thermofeel2.3.0:day-nex-normalised-complete365-feb29dropped,673432904.0466087,673432904.0466087,1.0,5,5,0,intersection_area_weighted_valid_cells_only,native,,21.445940016568073,46.24290569269807,26.031608484501092,6.967694280492796,Chamba,Bhattiyat
Himachal Pradesh,block,Chamba||Chamba,ACCESS-CM2,historical,2005,W1,outdoor-pilot-v1:W1:parton-logan-a1.86-b2.2:humidity-vapour_pressure:magnus-6.112-17.62-243.12:toa-shape-erbs1982:wind-w1-dtr-slope0.03-amp0.1-0.8:pressure-isa-elev-sea-level-constant-no-dem:liljegren-thermofeel2.3.0:day-nex-normalised-complete365-feb29dropped,368519564.8275989,368519564.8275989,1.0,3,3,0,intersection_area_weighted_valid_cells_only,native,,19.58290337579668,12.710742290739407,0.0025056144562411124,0.0,Chamba,Chamba
Himachal Pradesh,block,Chamba||Mehla,ACCESS-CM2,historical,2005,W1,outdoor-pilot-v1:W1:parton-logan-a1.86-b2.2:humidity-vapour_pressure:magnus-6.112-17.62-243.12:toa-shape-erbs1982:wind-w1-dtr-slope0.03-amp0.1-0.8:pressure-isa-elev-sea-level-constant-no-dem:liljegren-thermofeel2.3.0:day-nex-normalised-complete365-feb29dropped,639687108.545553,639687108.545553,1.0,4,4,0,intersection_area_weighted_valid_cells_only,native,,16.646349600379665,3.159853679448912,0.0,0.0,Chamba,Mehla
Himachal Pradesh,block,Chamba||Pangi,ACCESS-CM2,historical,2005,W1,outdoor-pilot-v1:W1:parton-logan-a1.86-b2.2:humidity-vapour_pressure:magnus-6.112-17.62-243.12:toa-shape-erbs1982:wind-w1-dtr-slope0.03-amp0.1-0.8:pressure-isa-elev-sea-level-constant-no-dem:liljegren-thermofeel2.3.0:day-nex-normalised-complete365-feb29dropped,1511085204.1601264,1511085204.1601264,1.0,8,8,0,intersection_area_weighted_valid_cells_only,native,,9.552953515291605,0.0,0.0,0.0,Chamba,Pangi
Himachal Pradesh,block,Chamba||Saluni,ACCESS-CM2,historical,2005,W1,outdoor-pilot-v1:W1:parton-logan-a1.86-b2.2:humidity-vapour_pressure:magnus-6.112-17.62-243.12:toa-shape-erbs1982:wind-w1-dtr-slope0.03-amp0.1-0.8:pressure-isa-elev-sea-level-constant-no-dem:liljegren-thermofeel2.3.0:day-nex-normalised-complete365-feb29dropped,501777609.8156931,501777609.8156931,1.0,4,4,0,intersection_area_weighted_valid_cells_only,native,,18.310055742346567,19.075196918166746,1.6886155809450545,0.0,Chamba,Saluni
Himachal Pradesh,block,Chamba||Tisa,ACCESS-CM2,historical,2005,W1,outdoor-pilot-v1:W1:parton-logan-a1.86-b2.2:humidity-vapour_pressure:magnus-6.112-17.62-243.12:toa-shape-erbs1982:wind-w1-dtr-slope0.03-amp0.1-0.8:pressure-isa-elev-sea-level-constant-no-dem:liljegren-thermofeel2.3.0:day-nex-normalised-complete365-feb29dropped,1163670427.1715193,1163670427.1715193,1.0,6,6,0,intersection_area_weighted_valid_cells_only,native,,15.117313577185769,1.371200848886304,0.0,0.0,Chamba,Tisa
Himachal Pradesh,block,Hamirpur||Bamson,ACCESS-CM2,historical,2005,W1,outdoor-pilot-v1:W1:parton-logan-a1.86-b2.2:humidity-vapour_pressure:magnus-6.112-17.62-243.12:toa-shape-erbs1982:wind-w1-dtr-slope0.03-amp0.1-0.8:pressure-isa-elev-sea-level-constant-no-dem:liljegren-thermofeel2.3.0:day-nex-normalised-complete365-feb29dropped,57875403.035300106,57875403.035300106,1.0,1,1,0,intersection_area_weighted_valid_cells_only,native,,25.247089008419437,157.0,105.99999999999999,19.0,Hamirpur,Bamson
Himachal Pradesh,block,Hamirpur||Bhoranj,ACCESS-CM2,historical,2005,W1,outdoor-pilot-v1:W1:parton-logan-a1.86-b2.2:humidity-vapour_pressure:magnus-6.112-17.62-243.12:toa-shape-erbs1982:wind-w1-dtr-slope0.03-amp0.1-0.8:pressure-isa-elev-sea-level-constant-no-dem:liljegren-thermofeel2.3.0:day-nex-normalised-complete365-feb29dropped,157790505.49750945,157790505.49750945,1.0,1,1,0,intersection_area_weighted_valid_cells_only,native,,23.903530216881514,131.0,33.0,1.0,Hamirpur,Bhoranj
Himachal Pradesh,block,Hamirpur||Bijhri,ACCESS-CM2,historical,2005,W1,outdoor-pilot-v1:W1:parton-logan-a1.86-b2.2:humidity-vapour_pressure:magnus-6.112-17.62-243.12:toa-shape-erbs1982:wind-w1-dtr-slope0.03-amp0.1-0.8:pressure-isa-elev-sea-level-constant-no-dem:liljegren-thermofeel2.3.0:day-nex-normalised-complete365-feb29dropped,282401976.49856746,282401976.49856746,1.0,4,4,0,intersection_area_weighted_valid_cells_only,native,,24.60079596604748,146.35339302372878,69.56818882021697,9.470569892668282,Hamirpur,Bijhri
Himachal Pradesh,block,Hamirpur||Hamirpur,ACCESS-CM2,historical,2005,W1,outdoor-pilot-v1:W1:parton-logan-a1.86-b2.2:humidity-vapour_pressure:magnus-6.112-17.62-243.12:toa-shape-erbs1982:wind-w1-dtr-slope0.03-amp0.1-0.8:pressure-isa-elev-sea-level-constant-no-dem:liljegren-thermofeel2.3.0:day-nex-normalised-complete365-feb29dropped,242490022.37086207,242490022.37086207,1.0,3,3,0,intersection_area_weighted_valid_cells_only,native,,24.394251067138107,141.53044460765062,61.48454425221628,7.849358375787556,Hamirpur,Hamirpur
Himachal Pradesh,block,Hamirpur||Nadaun,ACCESS-CM2,historical,2005,W1,outdoor-pilot-v1:W1:parton-logan-a1.86-b2.2:humidity-vapour_pressure:magnus-6.112-17.62-243.12:toa-shape-erbs1982:wind-w1-dtr-slope0.03-amp0.1-0.8:pressure-isa-elev-sea-level-constant-no-dem:liljegren-thermofeel2.3.0:day-nex-normalised-complete365-feb29dropped,261523714.96790192,261523714.96790192,1.0,2,2,0,intersection_area_weighted_valid_cells_only,native,,25.266409920800065,162.46264101819403,115.3879230545821,21.387923054582103,Hamirpur,Nadaun
Himachal Pradesh,block,Hamirpur||Tira Sujanpur,ACCESS-CM2,historical,2005,W1,outdoor-pilot-v1:W1:parton-logan-a1.86-b2.2:humidity-vapour_pressure:magnus-6.112-17.62-243.12:toa-shape-erbs1982:wind-w1-dtr-slope0.03-amp0.1-0.8:pressure-isa-elev-sea-level-constant-no-dem:liljegren-thermofeel2.3.0:day-nex-normalised-complete365-feb29dropped,113609860.32989317,113609860.32989317,1.0,4,4,0,intersection_area_weighted_valid_cells_only,native,,25.17474918491281,156.51845669229357,102.88267473762714,19.270651055348353,Hamirpur,Tira Sujanpur
Himachal Pradesh,block,Kangra||Baijnath,ACCESS-CM2,historical,2005,W1,outdoor-pilot-v1:W1:parton-logan-a1.86-b2.2:humidity-vapour_pressure:magnus-6.112-17.62-243.12:toa-shape-erbs1982:wind-w1-dtr-slope0.03-amp0.1-0.8:pressure-isa-elev-sea-level-constant-no-dem:liljegren-thermofeel2.3.0:day-nex-normalised-complete365-feb29dropped,1183232464.8680964,1277895250.1485734,0.9259228913563368,6,5,1,intersection_area_weighted_valid_cells_only,native,,13.046421061972271,7.261112400729266,4.902407098581543,0.8787333478589558,Kangra,Baijnath
Himachal Pradesh,block,Kangra||Bhawarna,ACCESS-CM2,historical,2005,W1,outdoor-pilot-v1:W1:parton-logan-a1.86-b2.2:humidity-vapour_pressure:magnus-6.112-17.62-243.12:toa-shape-erbs1982:wind-w1-dtr-slope0.03-amp0.1-0.8:pressure-isa-elev-sea-level-constant-no-dem:liljegren-thermofeel2.3.0:day-nex-normalised-complete365-feb29dropped,81204037.88976854,81204037.88976854,1.0,2,2,0,intersection_area_weighted_valid_cells_only,native,,23.652612747946577,107.83906646235477,45.78733782525452,8.616853905014572,Kangra,Bhawarna
Himachal Pradesh,block,Kangra||Dehra Gopipur,ACCESS-CM2,historical,2005,W1,outdoor-pilot-v1:W1:parton-logan-a1.86-b2.2:humidity-vapour_pressure:magnus-6.112-17.62-243.12:toa-shape-erbs1982:wind-w1-dtr-slope0.03-amp0.1-0.8:pressure-isa-elev-sea-level-constant-no-dem:liljegren-thermofeel2.3.0:day-nex-normalised-complete365-feb29dropped,514190023.0851095,514190023.0851095,1.0,3,3,0,intersection_area_weighted_valid_cells_only,native,,25.496579543196795,165.400141159582,122.48231432435351,28.121589936096353,Kangra,Dehra Gopipur
Himachal Pradesh,block,Kangra||Dharamshala,ACCESS-CM2,historical,2005,W1,outdoor-pilot-v1:W1:parton-logan-a1.86-b2.2:humidity-vapour_pressure:magnus-6.112-17.62-243.12:toa-shape-erbs1982:wind-w1-dtr-slope0.03-amp0.1-0.8:pressure-isa-elev-sea-level-constant-no-dem:liljegren-thermofeel2.3.0:day-nex-normalised-complete365-feb29dropped,69397215.89302413,69397215.89302413,1.0,2,2,0,intersection_area_weighted_valid_cells_only,native,,20.702158001202626,57.835116025317035,6.506450552848166,0.0,Kangra,Dharamshala
Himachal Pradesh,block,Kangra||Fatehpur,ACCESS-CM2,historical,2005,W1,outdoor-pilot-v1:W1:parton-logan-a1.86-b2.2:humidity-vapour_pressure:magnus-6.112-17.62-243.12:toa-shape-erbs1982:wind-w1-dtr-slope0.03-amp0.1-0.8:pressure-isa-elev-sea-level-constant-no-dem:liljegren-thermofeel2.3.0:day-nex-normalised-complete365-feb29dropped,277848476.9087241,277848476.9087241,1.0,3,3,0,intersection_area_weighted_valid_cells_only,native,,26.501474141672837,182.2084235992573,151.68916086893833,85.02895714617706,Kangra,Fatehpur
Himachal Pradesh,block,Kangra||Indora,ACCESS-CM2,historical,2005,W1,outdoor-pilot-v1:W1:parton-logan-a1.86-b2.2:humidity-vapour_pressure:magnus-6.112-17.62-243.12:toa-shape-erbs1982:wind-w1-dtr-slope0.03-amp0.1-0.8:pressure-isa-elev-sea-level-constant-no-dem:liljegren-thermofeel2.3.0:day-nex-normalised-complete365-feb29dropped,474715335.11685604,474715335.11685604,1.0,4,4,0,intersection_area_weighted_valid_cells_only,native,,26.900124556881167,185.70572454469553,156.7623326652658,105.57627339658782,Kangra,Indora
Himachal Pradesh,block,Kangra||Kangra,ACCESS-CM2,historical,2005,W1,outdoor-pilot-v1:W1:parton-logan-a1.86-b2.2:humidity-vapour_pressure:magnus-6.112-17.62-243.12:toa-shape-erbs1982:wind-w1-dtr-slope0.03-amp0.1-0.8:pressure-isa-elev-sea-level-constant-no-dem:liljegren-thermofeel2.3.0:day-nex-normalised-complete365-feb29dropped,251682395.01794842,251682395.01794842,1.0,4,4,0,intersection_area_weighted_valid_cells_only,native,,24.448137743265708,131.99465901972644,78.76772400801637,17.666976375848847,Kangra,Kangra
Himachal Pradesh,block,Kangra||Lambagaon,ACCESS-CM2,historical,2005,W1,outdoor-pilot-v1:W1:parton-logan-a1.86-b2.2:humidity-vapour_pressure:magnus-6.112-17.62-243.12:toa-shape-erbs1982:wind-w1-dtr-slope0.03-amp0.1-0.8:pressure-isa-elev-sea-level-constant-no-dem:liljegren-thermofeel2.3.0:day-nex-normalised-complete365-feb29dropped,248799783.50358802,248799783.50358802,1.0,3,3,0,intersection_area_weighted_valid_cells_only,native,,25.202291866375862,156.768512823268,108.84428910046735,20.962754922510914,Kangra,Lambagaon
Himachal Pradesh,block,Kangra||Nagrota Bagwan,ACCESS-CM2,historical,2005,W1,outdoor-pilot-v1:W1:parton-logan-a1.86-b2.2:humidity-vapour_pressure:magnus-6.112-17.62-243.12:toa-shape-erbs1982:wind-w1-dtr-slope0.03-amp0.1-0.8:pressure-isa-elev-sea-level-constant-no-dem:liljegren-thermofeel2.3.0:day-nex-normalised-complete365-feb29dropped,271109972.03219587,271109972.03219587,1.0,3,3,0,intersection_area_weighted_valid_cells_only,native,,23.014837277967768,90.00715823317333,23.4816618322356,3.419520135953654,Kangra,Nagrota Bagwan
Himachal Pradesh,block,Kangra||Nagrota Surian,ACCESS-CM2,historical,2005,W1,outdoor-pilot-v1:W1:parton-logan-a1.86-b2.2:humidity-vapour_pressure:magnus-6.112-17.62-243.12:toa-shape-erbs1982:wind-w1-dtr-slope0.03-amp0.1-0.8:pressure-isa-elev-sea-level-constant-no-dem:liljegren-thermofeel2.3.0:day-nex-normalised-complete365-feb29dropped,550366988.6821352,550366988.6821352,1.0,6,6,0,intersection_area_weighted_valid_cells_only,native,,25.611255602652875,164.92680958698327,127.71519776672054,42.583221772739094,Kangra,Nagrota Surian
Himachal Pradesh,block,Kangra||Nurpur,ACCESS-CM2,historical,2005,W1,outdoor-pilot-v1:W1:parton-logan-a1.86-b2.2:humidity-vapour_pressure:magnus-6.112-17.62-243.12:toa-shape-erbs1982:wind-w1-dtr-slope0.03-amp0.1-0.8:pressure-isa-elev-sea-level-constant-no-dem:liljegren-thermofeel2.3.0:day-nex-normalised-complete365-feb29dropped,392615145.3739581,392615145.3739581,1.0,4,4,0,intersection_area_weighted_valid_cells_only,native,,25.54980008673145,161.33335589751076,125.34169086205047,46.669727797842306,Kangra,Nurpur
Himachal Pradesh,block,Kangra||Panchrukhi,ACCESS-CM2,historical,2005,W1,outdoor-pilot-v1:W1:parton-logan-a1.86-b2.2:humidity-vapour_pressure:magnus-6.112-17.62-243.12:toa-shape-erbs1982:wind-w1-dtr-slope0.03-amp0.1-0.8:pressure-isa-elev-sea-level-constant-no-dem:liljegren-thermofeel2.3.0:day-nex-normalised-complete365-feb29dropped,326879455.4938202,326879455.4938202,1.0,4,4,0,intersection_area_weighted_valid_cells_only,native,,19.38104150073874,23.346811077936696,3.7418458252383227,0.23988976369535528,Kangra,Panchrukhi
Himachal Pradesh,block,Kangra||Pragpur,ACCESS-CM2,historical,2005,W1,outdoor-pilot-v1:W1:parton-logan-a1.86-b2.2:humidity-vapour_pressure:magnus-6.112-17.62-243.12:toa-shape-erbs1982:wind-w1-dtr-slope0.03-amp0.1-0.8:pressure-isa-elev-sea-level-constant-no-dem:liljegren-thermofeel2.3.0:day-nex-normalised-complete365-feb29dropped,430613965.3121051,430613965.3121051,1.0,5,5,0,intersection_area_weighted_valid_cells_only,native,,25.677534716331046,169.97823149940984,129.71770666682704,38.55109016972709,Kangra,Pragpur
Himachal Pradesh,block,Kangra||Rait,ACCESS-CM2,historical,2005,W1,outdoor-pilot-v1:W1:parton-logan-a1.86-b2.2:humidity-vapour_pressure:magnus-6.112-17.62-243.12:toa-shape-erbs1982:wind-w1-dtr-slope0.03-amp0.1-0.8:pressure-isa-elev-sea-level-constant-no-dem:liljegren-thermofeel2.3.0:day-nex-normalised-complete365-feb29dropped,471364674.29862833,471364674.29862833,1.0,4,4,0,intersection_area_weighted_valid_cells_only,native,,21.192576972707794,72.8847926911101,46.405537312514326,10.786986675965597,Kangra,Rait
Himachal Pradesh,block,Kangra||Sulah,ACCESS-CM2,historical,2005,W1,outdoor-pilot-v1:W1:parton-logan-a1.86-b2.2:humidity-vapour_pressure:magnus-6.112-17.62-243.12:toa-shape-erbs1982:wind-w1-dtr-slope0.03-amp0.1-0.8:pressure-isa-elev-sea-level-constant-no-dem:liljegren-thermofeel2.3.0:day-nex-normalised-complete365-feb29dropped,102317732.40379894,102317732.40379894,1.0,4,4,0,intersection_area_weighted_valid_cells_only,native,,22.614261448071098,88.15419206508167,37.24560923479379,6.406828018414568,Kangra,Sulah
Himachal Pradesh,block,Kinnaur||Kalpa,ACCESS-CM2,historical,2005,W1,outdoor-pilot-v1:W1:parton-logan-a1.86-b2.2:humidity-vapour_pressure:magnus-6.112-17.62-243.12:toa-shape-erbs1982:wind-w1-dtr-slope0.03-amp0.1-0.8:pressure-isa-elev-sea-level-constant-no-dem:liljegren-thermofeel2.3.0:day-nex-normalised-complete365-feb29dropped,1831733843.4512794,1831733843.4512794,1.0,10,10,0,intersection_area_weighted_valid_cells_only,native,,13.230406908421745,0.0,0.0,0.0,Kinnaur,Kalpa
Himachal Pradesh,block,Kinnaur||Nichar,ACCESS-CM2,historical,2005,W1,outdoor-pilot-v1:W1:parton-logan-a1.86-b2.2:humidity-vapour_pressure:magnus-6.112-17.62-243.12:toa-shape-erbs1982:wind-w1-dtr-slope0.03-amp0.1-0.8:pressure-isa-elev-sea-level-constant-no-dem:liljegren-thermofeel2.3.0:day-nex-normalised-complete365-feb29dropped,1128770740.8837304,1128770740.8837304,1.0,7,7,0,intersection_area_weighted_valid_cells_only,native,,14.516139040640551,0.0,0.0,0.0,Kinnaur,Nichar
Himachal Pradesh,block,Kinnaur||Pooh,ACCESS-CM2,historical,2005,W1,outdoor-pilot-v1:W1:parton-logan-a1.86-b2.2:humidity-vapour_pressure:magnus-6.112-17.62-243.12:toa-shape-erbs1982:wind-w1-dtr-slope0.03-amp0.1-0.8:pressure-isa-elev-sea-level-constant-no-dem:liljegren-thermofeel2.3.0:day-nex-normalised-complete365-feb29dropped,3541825997.161411,3541825997.161411,1.0,14,14,0,intersection_area_weighted_valid_cells_only,native,,12.832401884950448,0.0,0.0,0.0,Kinnaur,Pooh
Himachal Pradesh,block,Kullu||Anni,ACCESS-CM2,historical,2005,W1,outdoor-pilot-v1:W1:parton-logan-a1.86-b2.2:humidity-vapour_pressure:magnus-6.112-17.62-243.12:toa-shape-erbs1982:wind-w1-dtr-slope0.03-amp0.1-0.8:pressure-isa-elev-sea-level-constant-no-dem:liljegren-thermofeel2.3.0:day-nex-normalised-complete365-feb29dropped,293270233.95725334,293270233.95725334,1.0,4,4,0,intersection_area_weighted_valid_cells_only,native,,19.239226499246424,0.6912316942622605,0.0,0.0,Kullu,Anni
Himachal Pradesh,block,Kullu||Banjar,ACCESS-CM2,historical,2005,W1,outdoor-pilot-v1:W1:parton-logan-a1.86-b2.2:humidity-vapour_pressure:magnus-6.112-17.62-243.12:toa-shape-erbs1982:wind-w1-dtr-slope0.03-amp0.1-0.8:pressure-isa-elev-sea-level-constant-no-dem:liljegren-thermofeel2.3.0:day-nex-normalised-complete365-feb29dropped,1289688645.4098802,1289688645.4098802,1.0,8,8,0,intersection_area_weighted_valid_cells_only,native,,14.124134693218632,0.05697097365138554,0.0,0.0,Kullu,Banjar
Himachal Pradesh,block,Kullu||Kullu,ACCESS-CM2,historical,2005,W1,outdoor-pilot-v1:W1:parton-logan-a1.86-b2.2:humidity-vapour_pressure:magnus-6.112-17.62-243.12:toa-shape-erbs1982:wind-w1-dtr-slope0.03-amp0.1-0.8:pressure-isa-elev-sea-level-constant-no-dem:liljegren-thermofeel2.3.0:day-nex-normalised-complete365-feb29dropped,2113375084.6148796,2113375084.6148796,1.0,8,8,0,intersection_area_weighted_valid_cells_only,native,,11.153075187046177,0.3670471025714138,0.0,0.0,Kullu,Kullu
Himachal Pradesh,block,Kullu||Naggar,ACCESS-CM2,historical,2005,W1,outdoor-pilot-v1:W1:parton-logan-a1.86-b2.2:humidity-vapour_pressure:magnus-6.112-17.62-243.12:toa-shape-erbs1982:wind-w1-dtr-slope0.03-amp0.1-0.8:pressure-isa-elev-sea-level-constant-no-dem:liljegren-thermofeel2.3.0:day-nex-normalised-complete365-feb29dropped,981455536.9590743,1369584134.6749246,0.7166084303335085,7,5,2,intersection_area_weighted_valid_cells_only,native,,15.631857105770788,1.1180137581429381,0.0626797846402093,0.0,Kullu,Naggar
Himachal Pradesh,block,Kullu||Nirmand,ACCESS-CM2,historical,2005,W1,outdoor-pilot-v1:W1:parton-logan-a1.86-b2.2:humidity-vapour_pressure:magnus-6.112-17.62-243.12:toa-shape-erbs1982:wind-w1-dtr-slope0.03-amp0.1-0.8:pressure-isa-elev-sea-level-constant-no-dem:liljegren-thermofeel2.3.0:day-nex-normalised-complete365-feb29dropped,421410065.23962116,421410065.23962116,1.0,4,4,0,intersection_area_weighted_valid_cells_only,native,,16.400669710642504,0.04865920451947856,0.0,0.0,Kullu,Nirmand
Himachal Pradesh,block,Lahul and Spiti||Lahul,ACCESS-CM2,historical,2005,W1,outdoor-pilot-v1:W1:parton-logan-a1.86-b2.2:humidity-vapour_pressure:magnus-6.112-17.62-243.12:toa-shape-erbs1982:wind-w1-dtr-slope0.03-amp0.1-0.8:pressure-isa-elev-sea-level-constant-no-dem:liljegren-thermofeel2.3.0:day-nex-normalised-complete365-feb29dropped,4467917827.726033,6714424264.368433,0.665420839048855,23,17,6,intersection_area_weighted_valid_cells_only,native,,8.260035216989154,0.0,0.0,0.0,Lahul and Spiti,Lahul
Himachal Pradesh,block,Lahul and Spiti||Spiti,ACCESS-CM2,historical,2005,W1,outdoor-pilot-v1:W1:parton-logan-a1.86-b2.2:humidity-vapour_pressure:magnus-6.112-17.62-243.12:toa-shape-erbs1982:wind-w1-dtr-slope0.03-amp0.1-0.8:pressure-isa-elev-sea-level-constant-no-dem:liljegren-thermofeel2.3.0:day-nex-normalised-complete365-feb29dropped,3981199020.521965,7243041757.761225,0.5496584382184381,21,13,8,intersection_area_weighted_valid_cells_only,native,,8.237844084637723,0.0,0.0,0.0,Lahul and Spiti,Spiti
Himachal Pradesh,block,Mandi||Balh,ACCESS-CM2,historical,2005,W1,outdoor-pilot-v1:W1:parton-logan-a1.86-b2.2:humidity-vapour_pressure:magnus-6.112-17.62-243.12:toa-shape-erbs1982:wind-w1-dtr-slope0.03-amp0.1-0.8:pressure-isa-elev-sea-level-constant-no-dem:liljegren-thermofeel2.3.0:day-nex-normalised-complete365-feb29dropped,236767491.8643038,236767491.8643038,1.0,2,2,0,intersection_area_weighted_valid_cells_only,native,,22.778919414502628,59.56289049263956,4.140722623159889,0.0,Mandi,Balh
Himachal Pradesh,block,Mandi||Bali Chowki,ACCESS-CM2,historical,2005,W1,outdoor-pilot-v1:W1:parton-logan-a1.86-b2.2:humidity-vapour_pressure:magnus-6.112-17.62-243.12:toa-shape-erbs1982:wind-w1-dtr-slope0.03-amp0.1-0.8:pressure-isa-elev-sea-level-constant-no-dem:liljegren-thermofeel2.3.0:day-nex-normalised-complete365-feb29dropped,195013923.01759,195013923.01759,1.0,2,2,0,intersection_area_weighted_valid_cells_only,native,,18.310375192784274,0.0,0.0,0.0,Mandi,Bali Chowki
Himachal Pradesh,block,Mandi||Chauntra,ACCESS-CM2,historical,2005,W1,outdoor-pilot-v1:W1:parton-logan-a1.86-b2.2:humidity-vapour_pressure:magnus-6.112-17.62-243.12:toa-shape-erbs1982:wind-w1-dtr-slope0.03-amp0.1-0.8:pressure-isa-elev-sea-level-constant-no-dem:liljegren-thermofeel2.3.0:day-nex-normalised-complete365-feb29dropped,361531868.4028643,361531868.4028643,1.0,4,4,0,intersection_area_weighted_valid_cells_only,native,,21.662854749157336,76.74503054392865,29.93276549311909,4.694602705441906,Mandi,Chauntra
Himachal Pradesh,block,Mandi||Dharmpur,ACCESS-CM2,historical,2005,W1,outdoor-pilot-v1:W1:parton-logan-a1.86-b2.2:humidity-vapour_pressure:magnus-6.112-17.62-243.12:toa-shape-erbs1982:wind-w1-dtr-slope0.03-amp0.1-0.8:pressure-isa-elev-sea-level-constant-no-dem:liljegren-thermofeel2.3.0:day-nex-normalised-complete365-feb29dropped,234272195.805956,234272195.805956,1.0,4,4,0,intersection_area_weighted_valid_cells_only,native,,24.4686245296613,130.60595817104837,73.3469397515355,12.498400539847669,Mandi,Dharmpur
Himachal Pradesh,block,Mandi||Drang,ACCESS-CM2,historical,2005,W1,outdoor-pilot-v1:W1:parton-logan-a1.86-b2.2:humidity-vapour_pressure:magnus-6.112-17.62-243.12:toa-shape-erbs1982:wind-w1-dtr-slope0.03-amp0.1-0.8:pressure-isa-elev-sea-level-constant-no-dem:liljegren-thermofeel2.3.0:day-nex-normalised-complete365-feb29dropped,411855407.63011163,411855407.63011163,1.0,3,3,0,intersection_area_weighted_valid_cells_only,native,,20.489624987224932,49.63548083074765,4.86137893512535,0.0,Mandi,Drang
Himachal Pradesh,block,Mandi||Gohar,ACCESS-CM2,historical,2005,W1,outdoor-pilot-v1:W1:parton-logan-a1.86-b2.2:humidity-vapour_pressure:magnus-6.112-17.62-243.12:toa-shape-erbs1982:wind-w1-dtr-slope0.03-amp0.1-0.8:pressure-isa-elev-sea-level-constant-no-dem:liljegren-thermofeel2.3.0:day-nex-normalised-complete365-feb29dropped,241735355.71638256,241735355.71638256,1.0,4,4,0,intersection_area_weighted_valid_cells_only,native,,19.759143096844156,2.144154971560269,0.11695390753965106,0.0,Mandi,Gohar
Himachal Pradesh,block,Mandi||Gopalpur,ACCESS-CM2,historical,2005,W1,outdoor-pilot-v1:W1:parton-logan-a1.86-b2.2:humidity-vapour_pressure:magnus-6.112-17.62-243.12:toa-shape-erbs1982:wind-w1-dtr-slope0.03-amp0.1-0.8:pressure-isa-elev-sea-level-constant-no-dem:liljegren-thermofeel2.3.0:day-nex-normalised-complete365-feb29dropped,264318853.39175183,264318853.39175183,1.0,5,5,0,intersection_area_weighted_valid_cells_only,native,,23.16047962992885,80.21416457637054,13.473015505140163,0.4791242584723942,Mandi,Gopalpur
Himachal Pradesh,block,Mandi||Karsog,ACCESS-CM2,historical,2005,W1,outdoor-pilot-v1:W1:parton-logan-a1.86-b2.2:humidity-vapour_pressure:magnus-6.112-17.62-243.12:toa-shape-erbs1982:wind-w1-dtr-slope0.03-amp0.1-0.8:pressure-isa-elev-sea-level-constant-no-dem:liljegren-thermofeel2.3.0:day-nex-normalised-complete365-feb29dropped,576112582.2909889,576112582.2909889,1.0,3,3,0,intersection_area_weighted_valid_cells_only,native,,19.818897720289634,0.49437582027828675,0.0,0.0,Mandi,Karsog
Himachal Pradesh,block,Mandi||Mandi Sadar,ACCESS-CM2,historical,2005,W1,outdoor-pilot-v1:W1:parton-logan-a1.86-b2.2:humidity-vapour_pressure:magnus-6.112-17.62-243.12:toa-shape-erbs1982:wind-w1-dtr-slope0.03-amp0.1-0.8:pressure-isa-elev-sea-level-constant-no-dem:liljegren-thermofeel2.3.0:day-nex-normalised-complete365-feb29dropped,595358470.3727833,595358470.3727833,1.0,4,4,0,intersection_area_weighted_valid_cells_only,native,,21.33202769064926,26.045089502446114,1.6075597293268715,0.0,Mandi,Mandi Sadar
Himachal Pradesh,block,Mandi||Seraj,ACCESS-CM2,historical,2005,W1,outdoor-pilot-v1:W1:parton-logan-a1.86-b2.2:humidity-vapour_pressure:magnus-6.112-17.62-243.12:toa-shape-erbs1982:wind-w1-dtr-slope0.03-amp0.1-0.8:pressure-isa-elev-sea-level-constant-no-dem:liljegren-thermofeel2.3.0:day-nex-normalised-complete365-feb29dropped,314207109.90061504,314207109.90061504,1.0,4,4,0,intersection_area_weighted_valid_cells_only,native,,19.552310293332102,0.15692525811866495,0.0,0.0,Mandi,Seraj
Himachal Pradesh,block,Mandi||Sundarnagar,ACCESS-CM2,historical,2005,W1,outdoor-pilot-v1:W1:parton-logan-a1.86-b2.2:humidity-vapour_pressure:magnus-6.112-17.62-243.12:toa-shape-erbs1982:wind-w1-dtr-slope0.03-amp0.1-0.8:pressure-isa-elev-sea-level-constant-no-dem:liljegren-thermofeel2.3.0:day-nex-normalised-complete365-feb29dropped,518759486.7946952,518759486.7946952,1.0,3,3,0,intersection_area_weighted_valid_cells_only,native,,21.76562217072332,37.35729819205378,2.0376708104756607,0.0,Mandi,Sundarnagar
Himachal Pradesh,block,Shimla||Basantpur,ACCESS-CM2,historical,2005,W1,outdoor-pilot-v1:W1:parton-logan-a1.86-b2.2:humidity-vapour_pressure:magnus-6.112-17.62-243.12:toa-shape-erbs1982:wind-w1-dtr-slope0.03-amp0.1-0.8:pressure-isa-elev-sea-level-constant-no-dem:liljegren-thermofeel2.3.0:day-nex-normalised-complete365-feb29dropped,17426251.03414944,17426251.03414944,1.0,1,1,0,intersection_area_weighted_valid_cells_only,native,,21.552047624016183,6.0,0.0,0.0,Shimla,Basantpur
Himachal Pradesh,block,Shimla||Chauhara,ACCESS-CM2,historical,2005,W1,outdoor-pilot-v1:W1:parton-logan-a1.86-b2.2:humidity-vapour_pressure:magnus-6.112-17.62-243.12:toa-shape-erbs1982:wind-w1-dtr-slope0.03-amp0.1-0.8:pressure-isa-elev-sea-level-constant-no-dem:liljegren-thermofeel2.3.0:day-nex-normalised-complete365-feb29dropped,999851517.6955413,999851517.6955413,1.0,7,7,0,intersection_area_weighted_valid_cells_only,native,,15.946731042928748,0.0,0.0,0.0,Shimla,Chauhara
Himachal Pradesh,block,Shimla||Chaupal,ACCESS-CM2,historical,2005,W1,outdoor-pilot-v1:W1:parton-logan-a1.86-b2.2:humidity-vapour_pressure:magnus-6.112-17.62-243.12:toa-shape-erbs1982:wind-w1-dtr-slope0.03-amp0.1-0.8:pressure-isa-elev-sea-level-constant-no-dem:liljegren-thermofeel2.3.0:day-nex-normalised-complete365-feb29dropped,664325508.747343,664325508.747343,1.0,6,6,0,intersection_area_weighted_valid_cells_only,native,,19.427883691962503,0.7755640370202618,0.0,0.0,Shimla,Chaupal
Himachal Pradesh,block,Shimla||Jubbal,ACCESS-CM2,historical,2005,W1,outdoor-pilot-v1:W1:parton-logan-a1.86-b2.2:humidity-vapour_pressure:magnus-6.112-17.62-243.12:toa-shape-erbs1982:wind-w1-dtr-slope0.03-amp0.1-0.8:pressure-isa-elev-sea-level-constant-no-dem:liljegren-thermofeel2.3.0:day-nex-normalised-complete365-feb29dropped,309899444.7405424,309899444.7405424,1.0,3,3,0,intersection_area_weighted_valid_cells_only,native,,18.084786653320265,0.06648179588400721,0.0,0.0,Shimla,Jubbal
Himachal Pradesh,block,Shimla||Kotkhai,ACCESS-CM2,historical,2005,W1,outdoor-pilot-v1:W1:parton-logan-a1.86-b2.2:humidity-vapour_pressure:magnus-6.112-17.62-243.12:toa-shape-erbs1982:wind-w1-dtr-slope0.03-amp0.1-0.8:pressure-isa-elev-sea-level-constant-no-dem:liljegren-thermofeel2.3.0:day-nex-normalised-complete365-feb29dropped,244154385.7286816,244154385.7286816,1.0,2,2,0,intersection_area_weighted_valid_cells_only,native,,17.96424175715306,0.0,0.0,0.0,Shimla,Kotkhai
Himachal Pradesh,block,Shimla||Kupvi,ACCESS-CM2,historical,2005,W1,outdoor-pilot-v1:W1:parton-logan-a1.86-b2.2:humidity-vapour_pressure:magnus-6.112-17.62-243.12:toa-shape-erbs1982:wind-w1-dtr-slope0.03-amp0.1-0.8:pressure-isa-elev-sea-level-constant-no-dem:liljegren-thermofeel2.3.0:day-nex-normalised-complete365-feb29dropped,176674591.70014787,176674591.70014787,1.0,2,2,0,intersection_area_weighted_valid_cells_only,native,,19.849476847645764,1.0,0.0,0.0,Shimla,Kupvi
Himachal Pradesh,block,Shimla||Mashobra,ACCESS-CM2,historical,2005,W1,outdoor-pilot-v1:W1:parton-logan-a1.86-b2.2:humidity-vapour_pressure:magnus-6.112-17.62-243.12:toa-shape-erbs1982:wind-w1-dtr-slope0.03-amp0.1-0.8:pressure-isa-elev-sea-level-constant-no-dem:liljegren-thermofeel2.3.0:day-nex-normalised-complete365-feb29dropped,723714228.9567833,723714228.9567833,1.0,7,7,0,intersection_area_weighted_valid_cells_only,native,,20.995934083650763,5.640501629853358,0.03681283670023583,0.0,Shimla,Mashobra
Himachal Pradesh,block,Shimla||Nankhari,ACCESS-CM2,historical,2005,W1,outdoor-pilot-v1:W1:parton-logan-a1.86-b2.2:humidity-vapour_pressure:magnus-6.112-17.62-243.12:toa-shape-erbs1982:wind-w1-dtr-slope0.03-amp0.1-0.8:pressure-isa-elev-sea-level-constant-no-dem:liljegren-thermofeel2.3.0:day-nex-normalised-complete365-feb29dropped,142504035.56125864,142504035.56125864,1.0,3,3,0,intersection_area_weighted_valid_cells_only,native,,20.019678706560214,0.0,0.0,0.0,Shimla,Nankhari
Himachal Pradesh,block,Shimla||Narkanda,ACCESS-CM2,historical,2005,W1,outdoor-pilot-v1:W1:parton-logan-a1.86-b2.2:humidity-vapour_pressure:magnus-6.112-17.62-243.12:toa-shape-erbs1982:wind-w1-dtr-slope0.03-amp0.1-0.8:pressure-isa-elev-sea-level-constant-no-dem:liljegren-thermofeel2.3.0:day-nex-normalised-complete365-feb29dropped,220146892.56763458,220146892.56763458,1.0,4,4,0,intersection_area_weighted_valid_cells_only,native,,20.153197956596145,0.7566583915795698,0.0,0.0,Shimla,Narkanda
Himachal Pradesh,block,Shimla||Rampur,ACCESS-CM2,historical,2005,W1,outdoor-pilot-v1:W1:parton-logan-a1.86-b2.2:humidity-vapour_pressure:magnus-6.112-17.62-243.12:toa-shape-erbs1982:wind-w1-dtr-slope0.03-amp0.1-0.8:pressure-isa-elev-sea-level-constant-no-dem:liljegren-thermofeel2.3.0:day-nex-normalised-complete365-feb29dropped,845767256.622326,845767256.622326,1.0,4,4,0,intersection_area_weighted_valid_cells_only,native,,16.05036154788629,0.0,0.0,0.0,Shimla,Rampur
Himachal Pradesh,block,Shimla||Rohru,ACCESS-CM2,historical,2005,W1,outdoor-pilot-v1:W1:parton-logan-a1.86-b2.2:humidity-vapour_pressure:magnus-6.112-17.62-243.12:toa-shape-erbs1982:wind-w1-dtr-slope0.03-amp0.1-0.8:pressure-isa-elev-sea-level-constant-no-dem:liljegren-thermofeel2.3.0:day-nex-normalised-complete365-feb29dropped,302367208.37971956,302367208.37971956,1.0,4,4,0,intersection_area_weighted_valid_cells_only,native,,18.185255006306676,0.0,0.0,0.0,Shimla,Rohru
Himachal Pradesh,block,Shimla||Theog,ACCESS-CM2,historical,2005,W1,outdoor-pilot-v1:W1:parton-logan-a1.86-b2.2:humidity-vapour_pressure:magnus-6.112-17.62-243.12:toa-shape-erbs1982:wind-w1-dtr-slope0.03-amp0.1-0.8:pressure-isa-elev-sea-level-constant-no-dem:liljegren-thermofeel2.3.0:day-nex-normalised-complete365-feb29dropped,477897944.90629774,477897944.90629774,1.0,5,5,0,intersection_area_weighted_valid_cells_only,native,,19.026306502952657,0.038000756809324666,0.0,0.0,Shimla,Theog
Himachal Pradesh,block,Sirmaur||Nahan,ACCESS-CM2,historical,2005,W1,outdoor-pilot-v1:W1:parton-logan-a1.86-b2.2:humidity-vapour_pressure:magnus-6.112-17.62-243.12:toa-shape-erbs1982:wind-w1-dtr-slope0.03-amp0.1-0.8:pressure-isa-elev-sea-level-constant-no-dem:liljegren-thermofeel2.3.0:day-nex-normalised-complete365-feb29dropped,565123283.8817842,565123283.8817842,1.0,4,4,0,intersection_area_weighted_valid_cells_only,native,,25.510630226233978,155.85742360019955,85.44819108242521,32.1944601387642,Sirmaur,Nahan
Himachal Pradesh,block,Sirmaur||Pachhad,ACCESS-CM2,historical,2005,W1,outdoor-pilot-v1:W1:parton-logan-a1.86-b2.2:humidity-vapour_pressure:magnus-6.112-17.62-243.12:toa-shape-erbs1982:wind-w1-dtr-slope0.03-amp0.1-0.8:pressure-isa-elev-sea-level-constant-no-dem:liljegren-thermofeel2.3.0:day-nex-normalised-complete365-feb29dropped,390632230.26494133,390632230.26494133,1.0,4,4,0,intersection_area_weighted_valid_cells_only,native,,23.810940838569284,92.48750307770759,44.21990083628618,15.44536492572861,Sirmaur,Pachhad
Himachal Pradesh,block,Sirmaur||Paonta Sahib,ACCESS-CM2,historical,2005,W1,outdoor-pilot-v1:W1:parton-logan-a1.86-b2.2:humidity-vapour_pressure:magnus-6.112-17.62-243.12:toa-shape-erbs1982:wind-w1-dtr-slope0.03-amp0.1-0.8:pressure-isa-elev-sea-level-constant-no-dem:liljegren-thermofeel2.3.0:day-nex-normalised-complete365-feb29dropped,766947556.5697181,766947556.5697181,1.0,6,6,0,intersection_area_weighted_valid_cells_only,native,,24.64085460907564,109.50853199808071,60.04885682788773,32.93087786002181,Sirmaur,Paonta Sahib
Himachal Pradesh,block,Sirmaur||Rajgarh,ACCESS-CM2,historical,2005,W1,outdoor-pilot-v1:W1:parton-logan-a1.86-b2.2:humidity-vapour_pressure:magnus-6.112-17.62-243.12:toa-shape-erbs1982:wind-w1-dtr-slope0.03-amp0.1-0.8:pressure-isa-elev-sea-level-constant-no-dem:liljegren-thermofeel2.3.0:day-nex-normalised-complete365-feb29dropped,380026349.18129396,380026349.18129396,1.0,4,4,0,intersection_area_weighted_valid_cells_only,native,,20.22392182999635,3.5105105220323365,0.11120103586078875,0.001347370739991694,Sirmaur,Rajgarh
Himachal Pradesh,block,Sirmaur||Sangrah,ACCESS-CM2,historical,2005,W1,outdoor-pilot-v1:W1:parton-logan-a1.86-b2.2:humidity-vapour_pressure:magnus-6.112-17.62-243.12:toa-shape-erbs1982:wind-w1-dtr-slope0.03-amp0.1-0.8:pressure-isa-elev-sea-level-constant-no-dem:liljegren-thermofeel2.3.0:day-nex-normalised-complete365-feb29dropped,480488491.00813365,480488491.00813365,1.0,4,4,0,intersection_area_weighted_valid_cells_only,native,,22.589591566273217,68.18361797256938,17.726974849448382,0.6475442504831149,Sirmaur,Sangrah
Himachal Pradesh,block,Sirmaur||Shillai,ACCESS-CM2,historical,2005,W1,outdoor-pilot-v1:W1:parton-logan-a1.86-b2.2:humidity-vapour_pressure:magnus-6.112-17.62-243.12:toa-shape-erbs1982:wind-w1-dtr-slope0.03-amp0.1-0.8:pressure-isa-elev-sea-level-constant-no-dem:liljegren-thermofeel2.3.0:day-nex-normalised-complete365-feb29dropped,243404078.757849,243404078.757849,1.0,3,3,0,intersection_area_weighted_valid_cells_only,native,,22.329132936697043,43.83303573953996,3.0138061836430725,0.7372083491430785,Sirmaur,Shillai
Himachal Pradesh,block,Solan||Dharampur,ACCESS-CM2,historical,2005,W1,outdoor-pilot-v1:W1:parton-logan-a1.86-b2.2:humidity-vapour_pressure:magnus-6.112-17.62-243.12:toa-shape-erbs1982:wind-w1-dtr-slope0.03-amp0.1-0.8:pressure-isa-elev-sea-level-constant-no-dem:liljegren-thermofeel2.3.0:day-nex-normalised-complete365-feb29dropped,280059223.38235945,280059223.38235945,1.0,4,4,0,intersection_area_weighted_valid_cells_only,native,,24.49149308241731,118.31492896439137,69.57180657034938,14.28423756107393,Solan,Dharampur
Himachal Pradesh,block,Solan||Kandaghat,ACCESS-CM2,historical,2005,W1,outdoor-pilot-v1:W1:parton-logan-a1.86-b2.2:humidity-vapour_pressure:magnus-6.112-17.62-243.12:toa-shape-erbs1982:wind-w1-dtr-slope0.03-amp0.1-0.8:pressure-isa-elev-sea-level-constant-no-dem:liljegren-thermofeel2.3.0:day-nex-normalised-complete365-feb29dropped,227507572.68469062,227507572.68469062,1.0,3,3,0,intersection_area_weighted_valid_cells_only,native,,22.197229317824966,28.84399390402253,0.6166083484122981,0.0,Solan,Kandaghat
Himachal Pradesh,block,Solan||Kunihar,ACCESS-CM2,historical,2005,W1,outdoor-pilot-v1:W1:parton-logan-a1.86-b2.2:humidity-vapour_pressure:magnus-6.112-17.62-243.12:toa-shape-erbs1982:wind-w1-dtr-slope0.03-amp0.1-0.8:pressure-isa-elev-sea-level-constant-no-dem:liljegren-thermofeel2.3.0:day-nex-normalised-complete365-feb29dropped,385185272.74777997,385185272.74777997,1.0,4,4,0,intersection_area_weighted_valid_cells_only,native,,22.993671070752477,69.47509776198386,4.752678845281658,0.0,Solan,Kunihar
Himachal Pradesh,block,Solan||Nalagarh,ACCESS-CM2,historical,2005,W1,outdoor-pilot-v1:W1:parton-logan-a1.86-b2.2:humidity-vapour_pressure:magnus-6.112-17.62-243.12:toa-shape-erbs1982:wind-w1-dtr-slope0.03-amp0.1-0.8:pressure-isa-elev-sea-level-constant-no-dem:liljegren-thermofeel2.3.0:day-nex-normalised-complete365-feb29dropped,783961136.1011655,783961136.1011655,1.0,4,4,0,intersection_area_weighted_valid_cells_only,native,,25.265702947942327,143.72506522047334,92.9201034764351,37.24612759244134,Solan,Nalagarh
Himachal Pradesh,block,Solan||Solan,ACCESS-CM2,historical,2005,W1,outdoor-pilot-v1:W1:parton-logan-a1.86-b2.2:humidity-vapour_pressure:magnus-6.112-17.62-243.12:toa-shape-erbs1982:wind-w1-dtr-slope0.03-amp0.1-0.8:pressure-isa-elev-sea-level-constant-no-dem:liljegren-thermofeel2.3.0:day-nex-normalised-complete365-feb29dropped,258983249.10850012,258983249.10850012,1.0,4,4,0,intersection_area_weighted_valid_cells_only,native,,22.781909537050367,51.43886313193095,4.611760273548954,0.6419963772179493,Solan,Solan
Himachal Pradesh,block,Una||Amb,ACCESS-CM2,historical,2005,W1,outdoor-pilot-v1:W1:parton-logan-a1.86-b2.2:humidity-vapour_pressure:magnus-6.112-17.62-243.12:toa-shape-erbs1982:wind-w1-dtr-slope0.03-amp0.1-0.8:pressure-isa-elev-sea-level-constant-no-dem:liljegren-thermofeel2.3.0:day-nex-normalised-complete365-feb29dropped,332772274.7622026,332772274.7622026,1.0,4,4,0,intersection_area_weighted_valid_cells_only,native,,25.917579916946362,173.55540812087617,137.3677081963804,48.65289961869619,Una,Amb
Himachal Pradesh,block,Una||Bangana,ACCESS-CM2,historical,2005,W1,outdoor-pilot-v1:W1:parton-logan-a1.86-b2.2:humidity-vapour_pressure:magnus-6.112-17.62-243.12:toa-shape-erbs1982:wind-w1-dtr-slope0.03-amp0.1-0.8:pressure-isa-elev-sea-level-constant-no-dem:liljegren-thermofeel2.3.0:day-nex-normalised-complete365-feb29dropped,417556726.45136386,417556726.45136386,1.0,3,3,0,intersection_area_weighted_valid_cells_only,native,,25.585731253932867,168.15080765833588,124.35564825138609,35.07504176323101,Una,Bangana
Himachal Pradesh,block,Una||Gagret,ACCESS-CM2,historical,2005,W1,outdoor-pilot-v1:W1:parton-logan-a1.86-b2.2:humidity-vapour_pressure:magnus-6.112-17.62-243.12:toa-shape-erbs1982:wind-w1-dtr-slope0.03-amp0.1-0.8:pressure-isa-elev-sea-level-constant-no-dem:liljegren-thermofeel2.3.0:day-nex-normalised-complete365-feb29dropped,257562053.00638306,257562053.00638306,1.0,4,4,0,intersection_area_weighted_valid_cells_only,native,,26.064506294136763,176.02478660580334,141.25824849865134,56.77243826295222,Una,Gagret
Himachal Pradesh,block,Una||Haroli,ACCESS-CM2,historical,2005,W1,outdoor-pilot-v1:W1:parton-logan-a1.86-b2.2:humidity-vapour_pressure:magnus-6.112-17.62-243.12:toa-shape-erbs1982:wind-w1-dtr-slope0.03-amp0.1-0.8:pressure-isa-elev-sea-level-constant-no-dem:liljegren-thermofeel2.3.0:day-nex-normalised-complete365-feb29dropped,308788143.96486676,308788143.96486676,1.0,3,3,0,intersection_area_weighted_valid_cells_only,native,,26.5978534525567,183.8931749067975,152.45895798351938,86.05154240338302,Una,Haroli
Himachal Pradesh,block,Una||Una,ACCESS-CM2,historical,2005,W1,outdoor-pilot-v1:W1:parton-logan-a1.86-b2.2:humidity-vapour_pressure:magnus-6.112-17.62-243.12:toa-shape-erbs1982:wind-w1-dtr-slope0.03-amp0.1-0.8:pressure-isa-elev-sea-level-constant-no-dem:liljegren-thermofeel2.3.0:day-nex-normalised-complete365-feb29dropped,225956249.92958868,225956249.92958868,1.0,4,4,0,intersection_area_weighted_valid_cells_only,native,,26.182389300682388,177.8241585980406,139.9055157004214,59.381491033166114,Una,Una
Himachal Pradesh,block,Bilaspur||Bilaspur Sadar,ACCESS-CM2,historical,2005,C1,outdoor-pilot-v1:C1:parton-logan-a1.86-b2.2:humidity-vapour_pressure:magnus-6.112-17.62-243.12:toa-shape-erbs1982:wind-constant-daily-mean:pressure-isa-elev-sea-level-constant-no-dem:liljegren-thermofeel2.3.0:day-nex-normalised-complete365-feb29dropped,280136006.2353821,280136006.2353821,1.0,3,3,0,intersection_area_weighted_valid_cells_only,native,,23.351788664949066,80.70845836114147,11.279029716956778,0.6844386070720838,Bilaspur,Bilaspur Sadar
Himachal Pradesh,block,Bilaspur||Ghumarwin,ACCESS-CM2,historical,2005,C1,outdoor-pilot-v1:C1:parton-logan-a1.86-b2.2:humidity-vapour_pressure:magnus-6.112-17.62-243.12:toa-shape-erbs1982:wind-constant-daily-mean:pressure-isa-elev-sea-level-constant-no-dem:liljegren-thermofeel2.3.0:day-nex-normalised-complete365-feb29dropped,286875727.0940379,286875727.0940379,1.0,4,4,0,intersection_area_weighted_valid_cells_only,native,,24.51513307529827,136.73690436166996,60.88975276444308,6.120256678568265,Bilaspur,Ghumarwin
Himachal Pradesh,block,Bilaspur||Jhandutta,ACCESS-CM2,historical,2005,C1,outdoor-pilot-v1:C1:parton-logan-a1.86-b2.2:humidity-vapour_pressure:magnus-6.112-17.62-243.12:toa-shape-erbs1982:wind-constant-daily-mean:pressure-isa-elev-sea-level-constant-no-dem:liljegren-thermofeel2.3.0:day-nex-normalised-complete365-feb29dropped,327823576.29459685,327823576.29459685,1.0,3,3,0,intersection_area_weighted_valid_cells_only,native,,25.391595387533187,162.49977020786753,103.52411865433375,16.79759232300196,Bilaspur,Jhandutta
Himachal Pradesh,block,Bilaspur||Shree Naina Devi,ACCESS-CM2,historical,2005,C1,outdoor-pilot-v1:C1:parton-logan-a1.86-b2.2:humidity-vapour_pressure:magnus-6.112-17.62-243.12:toa-shape-erbs1982:wind-constant-daily-mean:pressure-isa-elev-sea-level-constant-no-dem:liljegren-thermofeel2.3.0:day-nex-normalised-complete365-feb29dropped,270882829.0692905,270882829.0692905,1.0,5,5,0,intersection_area_weighted_valid_cells_only,native,,26.08586320605256,172.96434170276405,127.58736432382793,49.6689827731137,Bilaspur,Shree Naina Devi
Himachal Pradesh,block,Chamba||Bharmour,ACCESS-CM2,historical,2005,C1,outdoor-pilot-v1:C1:parton-logan-a1.86-b2.2:humidity-vapour_pressure:magnus-6.112-17.62-243.12:toa-shape-erbs1982:wind-constant-daily-mean:pressure-isa-elev-sea-level-constant-no-dem:liljegren-thermofeel2.3.0:day-nex-normalised-complete365-feb29dropped,1655485650.329739,1655485650.329739,1.0,9,9,0,intersection_area_weighted_valid_cells_only,native,,13.749001226369863,0.10160534629249426,0.016213619089227808,0.0,Chamba,Bharmour
Himachal Pradesh,block,Chamba||Bhattiyat,ACCESS-CM2,historical,2005,C1,outdoor-pilot-v1:C1:parton-logan-a1.86-b2.2:humidity-vapour_pressure:magnus-6.112-17.62-243.12:toa-shape-erbs1982:wind-constant-daily-mean:pressure-isa-elev-sea-level-constant-no-dem:liljegren-thermofeel2.3.0:day-nex-normalised-complete365-feb29dropped,673432904.0466087,673432904.0466087,1.0,5,5,0,intersection_area_weighted_valid_cells_only,native,,21.77870999294058,52.16495789373005,28.77093837741569,9.38869789415135,Chamba,Bhattiyat
Himachal Pradesh,block,Chamba||Chamba,ACCESS-CM2,historical,2005,C1,outdoor-pilot-v1:C1:parton-logan-a1.86-b2.2:humidity-vapour_pressure:magnus-6.112-17.62-243.12:toa-shape-erbs1982:wind-constant-daily-mean:pressure-isa-elev-sea-level-constant-no-dem:liljegren-thermofeel2.3.0:day-nex-normalised-complete365-feb29dropped,368519564.8275989,368519564.8275989,1.0,3,3,0,intersection_area_weighted_valid_cells_only,native,,19.901063168210378,18.639276088267184,0.8499162739994932,0.0,Chamba,Chamba
Himachal Pradesh,block,Chamba||Mehla,ACCESS-CM2,historical,2005,C1,outdoor-pilot-v1:C1:parton-logan-a1.86-b2.2:humidity-vapour_pressure:magnus-6.112-17.62-243.12:toa-shape-erbs1982:wind-constant-daily-mean:pressure-isa-elev-sea-level-constant-no-dem:liljegren-thermofeel2.3.0:day-nex-normalised-complete365-feb29dropped,639687108.545553,639687108.545553,1.0,4,4,0,intersection_area_weighted_valid_cells_only,native,,16.975668525878213,4.744502684759108,0.19690058426733947,0.0,Chamba,Mehla
Himachal Pradesh,block,Chamba||Pangi,ACCESS-CM2,historical,2005,C1,outdoor-pilot-v1:C1:parton-logan-a1.86-b2.2:humidity-vapour_pressure:magnus-6.112-17.62-243.12:toa-shape-erbs1982:wind-constant-daily-mean:pressure-isa-elev-sea-level-constant-no-dem:liljegren-thermofeel2.3.0:day-nex-normalised-complete365-feb29dropped,1511085204.1601264,1511085204.1601264,1.0,8,8,0,intersection_area_weighted_valid_cells_only,native,,9.881918887527096,0.0,0.0,0.0,Chamba,Pangi
Himachal Pradesh,block,Chamba||Saluni,ACCESS-CM2,historical,2005,C1,outdoor-pilot-v1:C1:parton-logan-a1.86-b2.2:humidity-vapour_pressure:magnus-6.112-17.62-243.12:toa-shape-erbs1982:wind-constant-daily-mean:pressure-isa-elev-sea-level-constant-no-dem:liljegren-thermofeel2.3.0:day-nex-normalised-complete365-feb29dropped,501777609.8156931,501777609.8156931,1.0,4,4,0,intersection_area_weighted_valid_cells_only,native,,18.64069352313664,25.85680480612466,2.979057770833338,0.0,Chamba,Saluni
Himachal Pradesh,block,Chamba||Tisa,ACCESS-CM2,historical,2005,C1,outdoor-pilot-v1:C1:parton-logan-a1.86-b2.2:humidity-vapour_pressure:magnus-6.112-17.62-243.12:toa-shape-erbs1982:wind-constant-daily-mean:pressure-isa-elev-sea-level-constant-no-dem:liljegren-thermofeel2.3.0:day-nex-normalised-complete365-feb29dropped,1163670427.1715193,1163670427.1715193,1.0,6,6,0,intersection_area_weighted_valid_cells_only,native,,15.441416701333395,2.011094578366579,0.0914133899257536,0.0,Chamba,Tisa
Himachal Pradesh,block,Hamirpur||Bamson,ACCESS-CM2,historical,2005,C1,outdoor-pilot-v1:C1:parton-logan-a1.86-b2.2:humidity-vapour_pressure:magnus-6.112-17.62-243.12:toa-shape-erbs1982:wind-constant-daily-mean:pressure-isa-elev-sea-level-constant-no-dem:liljegren-thermofeel2.3.0:day-nex-normalised-complete365-feb29dropped,57875403.035300106,57875403.035300106,1.0,1,1,0,intersection_area_weighted_valid_cells_only,native,,25.55729773878642,160.00000000000003,117.0,24.0,Hamirpur,Bamson
Himachal Pradesh,block,Hamirpur||Bhoranj,ACCESS-CM2,historical,2005,C1,outdoor-pilot-v1:C1:parton-logan-a1.86-b2.2:humidity-vapour_pressure:magnus-6.112-17.62-243.12:toa-shape-erbs1982:wind-constant-daily-mean:pressure-isa-elev-sea-level-constant-no-dem:liljegren-thermofeel2.3.0:day-nex-normalised-complete365-feb29dropped,157790505.49750945,157790505.49750945,1.0,1,1,0,intersection_area_weighted_valid_cells_only,native,,24.229091221587087,139.0,41.0,2.0,Hamirpur,Bhoranj
Himachal Pradesh,block,Hamirpur||Bijhri,ACCESS-CM2,historical,2005,C1,outdoor-pilot-v1:C1:parton-logan-a1.86-b2.2:humidity-vapour_pressure:magnus-6.112-17.62-243.12:toa-shape-erbs1982:wind-constant-daily-mean:pressure-isa-elev-sea-level-constant-no-dem:liljegren-thermofeel2.3.0:day-nex-normalised-complete365-feb29dropped,282401976.49856746,282401976.49856746,1.0,4,4,0,intersection_area_weighted_valid_cells_only,native,,24.930396384001444,153.16073266833433,81.89903911686426,13.563421889815197,Hamirpur,Bijhri
Himachal Pradesh,block,Hamirpur||Hamirpur,ACCESS-CM2,historical,2005,C1,outdoor-pilot-v1:C1:parton-logan-a1.86-b2.2:humidity-vapour_pressure:magnus-6.112-17.62-243.12:toa-shape-erbs1982:wind-constant-daily-mean:pressure-isa-elev-sea-level-constant-no-dem:liljegren-thermofeel2.3.0:day-nex-normalised-complete365-feb29dropped,242490022.37086207,242490022.37086207,1.0,3,3,0,intersection_area_weighted_valid_cells_only,native,,24.71944752429761,147.85674068281938,70.95451944203397,10.331630080243002,Hamirpur,Hamirpur
Himachal Pradesh,block,Hamirpur||Nadaun,ACCESS-CM2,historical,2005,C1,outdoor-pilot-v1:C1:parton-logan-a1.86-b2.2:humidity-vapour_pressure:magnus-6.112-17.62-243.12:toa-shape-erbs1982:wind-constant-daily-mean:pressure-isa-elev-sea-level-constant-no-dem:liljegren-thermofeel2.3.0:day-nex-normalised-complete365-feb29dropped,261523714.96790192,261523714.96790192,1.0,2,2,0,intersection_area_weighted_valid_cells_only,native,,25.603435787729165,166.23132050909703,127.69396152729104,26.619243563679117,Hamirpur,Nadaun
Himachal Pradesh,block,Hamirpur||Tira Sujanpur,ACCESS-CM2,historical,2005,C1,outdoor-pilot-v1:C1:parton-logan-a1.86-b2.2:humidity-vapour_pressure:magnus-6.112-17.62-243.12:toa-shape-erbs1982:wind-constant-daily-mean:pressure-isa-elev-sea-level-constant-no-dem:liljegren-thermofeel2.3.0:day-nex-normalised-complete365-feb29dropped,113609860.32989317,113609860.32989317,1.0,4,4,0,intersection_area_weighted_valid_cells_only,native,,25.49203342568499,160.03890213350635,113.31091747833294,24.162670833696655,Hamirpur,Tira Sujanpur
Himachal Pradesh,block,Kangra||Baijnath,ACCESS-CM2,historical,2005,C1,outdoor-pilot-v1:C1:parton-logan-a1.86-b2.2:humidity-vapour_pressure:magnus-6.112-17.62-243.12:toa-shape-erbs1982:wind-constant-daily-mean:pressure-isa-elev-sea-level-constant-no-dem:liljegren-thermofeel2.3.0:day-nex-normalised-complete365-feb29dropped,1183232464.8680964,1277895250.1485734,0.9259228913563368,6,5,1,intersection_area_weighted_valid_cells_only,native,,13.375132205091264,7.399859771443838,5.4111474578683065,1.1099789657165757,Kangra,Baijnath
Himachal Pradesh,block,Kangra||Bhawarna,ACCESS-CM2,historical,2005,C1,outdoor-pilot-v1:C1:parton-logan-a1.86-b2.2:humidity-vapour_pressure:magnus-6.112-17.62-243.12:toa-shape-erbs1982:wind-constant-daily-mean:pressure-isa-elev-sea-level-constant-no-dem:liljegren-thermofeel2.3.0:day-nex-normalised-complete365-feb29dropped,81204037.88976854,81204037.88976854,1.0,2,2,0,intersection_area_weighted_valid_cells_only,native,,23.97402856994534,118.19347442561785,53.113007656795226,10.605358652325627,Kangra,Bhawarna
Himachal Pradesh,block,Kangra||Dehra Gopipur,ACCESS-CM2,historical,2005,C1,outdoor-pilot-v1:C1:parton-logan-a1.86-b2.2:humidity-vapour_pressure:magnus-6.112-17.62-243.12:toa-shape-erbs1982:wind-constant-daily-mean:pressure-isa-elev-sea-level-constant-no-dem:liljegren-thermofeel2.3.0:day-nex-normalised-complete365-feb29dropped,514190023.0851095,514190023.0851095,1.0,3,3,0,intersection_area_weighted_valid_cells_only,native,,25.8293971573355,169.0788335426497,131.35738476613537,34.800282319164054,Kangra,Dehra Gopipur
Himachal Pradesh,block,Kangra||Dharamshala,ACCESS-CM2,historical,2005,C1,outdoor-pilot-v1:C1:parton-logan-a1.86-b2.2:humidity-vapour_pressure:magnus-6.112-17.62-243.12:toa-shape-erbs1982:wind-constant-daily-mean:pressure-isa-elev-sea-level-constant-no-dem:liljegren-thermofeel2.3.0:day-nex-normalised-complete365-feb29dropped,69397215.89302413,69397215.89302413,1.0,2,2,0,intersection_area_weighted_valid_cells_only,native,,21.024611494011126,67.95626132974752,10.844084254746944,0.0,Kangra,Dharamshala
Himachal Pradesh,block,Kangra||Fatehpur,ACCESS-CM2,historical,2005,C1,outdoor-pilot-v1:C1:parton-logan-a1.86-b2.2:humidity-vapour_pressure:magnus-6.112-17.62-243.12:toa-shape-erbs1982:wind-constant-daily-mean:pressure-isa-elev-sea-level-constant-no-dem:liljegren-thermofeel2.3.0:day-nex-normalised-complete365-feb29dropped,277848476.9087241,277848476.9087241,1.0,3,3,0,intersection_area_weighted_valid_cells_only,native,,26.848774489766825,187.20488999700885,157.22962521274786,102.22643577459426,Kangra,Fatehpur
Himachal Pradesh,block,Kangra||Indora,ACCESS-CM2,historical,2005,C1,outdoor-pilot-v1:C1:parton-logan-a1.86-b2.2:humidity-vapour_pressure:magnus-6.112-17.62-243.12:toa-shape-erbs1982:wind-constant-daily-mean:pressure-isa-elev-sea-level-constant-no-dem:liljegren-thermofeel2.3.0:day-nex-normalised-complete365-feb29dropped,474715335.11685604,474715335.11685604,1.0,4,4,0,intersection_area_weighted_valid_cells_only,native,,27.250295491895105,190.18810445456216,163.3336505025814,115.98874110049374,Kangra,Indora
Himachal Pradesh,block,Kangra||Kangra,ACCESS-CM2,historical,2005,C1,outdoor-pilot-v1:C1:parton-logan-a1.86-b2.2:humidity-vapour_pressure:magnus-6.112-17.62-243.12:toa-shape-erbs1982:wind-constant-daily-mean:pressure-isa-elev-sea-level-constant-no-dem:liljegren-thermofeel2.3.0:day-nex-normalised-complete365-feb29dropped,251682395.01794842,251682395.01794842,1.0,4,4,0,intersection_area_weighted_valid_cells_only,native,,24.772687429411942,139.3566312975562,84.96296812331357,21.357878585431287,Kangra,Kangra
Himachal Pradesh,block,Kangra||Lambagaon,ACCESS-CM2,historical,2005,C1,outdoor-pilot-v1:C1:parton-logan-a1.86-b2.2:humidity-vapour_pressure:magnus-6.112-17.62-243.12:toa-shape-erbs1982:wind-constant-daily-mean:pressure-isa-elev-sea-level-constant-no-dem:liljegren-thermofeel2.3.0:day-nex-normalised-complete365-feb29dropped,248799783.50358802,248799783.50358802,1.0,3,3,0,intersection_area_weighted_valid_cells_only,native,,25.51821702049642,159.72081190806708,119.34583421347581,26.20680492843081,Kangra,Lambagaon
Himachal Pradesh,block,Kangra||Nagrota Bagwan,ACCESS-CM2,historical,2005,C1,outdoor-pilot-v1:C1:parton-logan-a1.86-b2.2:humidity-vapour_pressure:magnus-6.112-17.62-243.12:toa-shape-erbs1982:wind-constant-daily-mean:pressure-isa-elev-sea-level-constant-no-dem:liljegren-thermofeel2.3.0:day-nex-normalised-complete365-feb29dropped,271109972.03219587,271109972.03219587,1.0,3,3,0,intersection_area_weighted_valid_cells_only,native,,23.334660559685044,102.37834678959368,29.929702687696924,4.208640167327574,Kangra,Nagrota Bagwan
Himachal Pradesh,block,Kangra||Nagrota Surian,ACCESS-CM2,historical,2005,C1,outdoor-pilot-v1:C1:parton-logan-a1.86-b2.2:humidity-vapour_pressure:magnus-6.112-17.62-243.12:toa-shape-erbs1982:wind-constant-daily-mean:pressure-isa-elev-sea-level-constant-no-dem:liljegren-thermofeel2.3.0:day-nex-normalised-complete365-feb29dropped,550366988.6821352,550366988.6821352,1.0,6,6,0,intersection_area_weighted_valid_cells_only,native,,25.945437008378278,168.52713814658657,132.86233754843582,51.251461128462,Kangra,Nagrota Surian
Himachal Pradesh,block,Kangra||Nurpur,ACCESS-CM2,historical,2005,C1,outdoor-pilot-v1:C1:parton-logan-a1.86-b2.2:humidity-vapour_pressure:magnus-6.112-17.62-243.12:toa-shape-erbs1982:wind-constant-daily-mean:pressure-isa-elev-sea-level-constant-no-dem:liljegren-thermofeel2.3.0:day-nex-normalised-complete365-feb29dropped,392615145.3739581,392615145.3739581,1.0,4,4,0,intersection_area_weighted_valid_cells_only,native,,25.887051139675616,166.10551110905735,133.52570188206914,59.67675488219085,Kangra,Nurpur
Himachal Pradesh,block,Kangra||Panchrukhi,ACCESS-CM2,historical,2005,C1,outdoor-pilot-v1:C1:parton-logan-a1.86-b2.2:humidity-vapour_pressure:magnus-6.112-17.62-243.12:toa-shape-erbs1982:wind-constant-daily-mean:pressure-isa-elev-sea-level-constant-no-dem:liljegren-thermofeel2.3.0:day-nex-normalised-complete365-feb29dropped,326879455.4938202,326879455.4938202,1.0,4,4,0,intersection_area_weighted_valid_cells_only,native,,19.70090208821233,27.12348712360489,5.483071678880211,0.3030186488783435,Kangra,Panchrukhi
Himachal Pradesh,block,Kangra||Pragpur,ACCESS-CM2,historical,2005,C1,outdoor-pilot-v1:C1:parton-logan-a1.86-b2.2:humidity-vapour_pressure:magnus-6.112-17.62-243.12:toa-shape-erbs1982:wind-constant-daily-mean:pressure-isa-elev-sea-level-constant-no-dem:liljegren-thermofeel2.3.0:day-nex-normalised-complete365-feb29dropped,430613965.3121051,430613965.3121051,1.0,5,5,0,intersection_area_weighted_valid_cells_only,native,,26.021205932588146,174.72666222618457,137.59773087000525,48.8985556591545,Kangra,Pragpur
Himachal Pradesh,block,Kangra||Rait,ACCESS-CM2,historical,2005,C1,outdoor-pilot-v1:C1:parton-logan-a1.86-b2.2:humidity-vapour_pressure:magnus-6.112-17.62-243.12:toa-shape-erbs1982:wind-constant-daily-mean:pressure-isa-elev-sea-level-constant-no-dem:liljegren-thermofeel2.3.0:day-nex-normalised-complete365-feb29dropped,471364674.29862833,471364674.29862833,1.0,4,4,0,intersection_area_weighted_valid_cells_only,native,,21.52199620303396,76.45538813887309,49.1765414225026,12.944384011158716,Kangra,Rait
Himachal Pradesh,block,Kangra||Sulah,ACCESS-CM2,historical,2005,C1,outdoor-pilot-v1:C1:parton-logan-a1.86-b2.2:humidity-vapour_pressure:magnus-6.112-17.62-243.12:toa-shape-erbs1982:wind-constant-daily-mean:pressure-isa-elev-sea-level-constant-no-dem:liljegren-thermofeel2.3.0:day-nex-normalised-complete365-feb29dropped,102317732.40379894,102317732.40379894,1.0,4,4,0,intersection_area_weighted_valid_cells_only,native,,22.932904641414993,96.31937713707094,43.43817321031349,7.985714008068793,Kangra,Sulah
Himachal Pradesh,block,Kinnaur||Kalpa,ACCESS-CM2,historical,2005,C1,outdoor-pilot-v1:C1:parton-logan-a1.86-b2.2:humidity-vapour_pressure:magnus-6.112-17.62-243.12:toa-shape-erbs1982:wind-constant-daily-mean:pressure-isa-elev-sea-level-constant-no-dem:liljegren-thermofeel2.3.0:day-nex-normalised-complete365-feb29dropped,1831733843.4512794,1831733843.4512794,1.0,10,10,0,intersection_area_weighted_valid_cells_only,native,,13.522840842599516,0.0,0.0,0.0,Kinnaur,Kalpa
Himachal Pradesh,block,Kinnaur||Nichar,ACCESS-CM2,historical,2005,C1,outdoor-pilot-v1:C1:parton-logan-a1.86-b2.2:humidity-vapour_pressure:magnus-6.112-17.62-243.12:toa-shape-erbs1982:wind-constant-daily-mean:pressure-isa-elev-sea-level-constant-no-dem:liljegren-thermofeel2.3.0:day-nex-normalised-complete365-feb29dropped,1128770740.8837304,1128770740.8837304,1.0,7,7,0,intersection_area_weighted_valid_cells_only,native,,14.827140531582087,0.0,0.0,0.0,Kinnaur,Nichar
Himachal Pradesh,block,Kinnaur||Pooh,ACCESS-CM2,historical,2005,C1,outdoor-pilot-v1:C1:parton-logan-a1.86-b2.2:humidity-vapour_pressure:magnus-6.112-17.62-243.12:toa-shape-erbs1982:wind-constant-daily-mean:pressure-isa-elev-sea-level-constant-no-dem:liljegren-thermofeel2.3.0:day-nex-normalised-complete365-feb29dropped,3541825997.161411,3541825997.161411,1.0,14,14,0,intersection_area_weighted_valid_cells_only,native,,13.145437454793784,0.0,0.0,0.0,Kinnaur,Pooh
Himachal Pradesh,block,Kullu||Anni,ACCESS-CM2,historical,2005,C1,outdoor-pilot-v1:C1:parton-logan-a1.86-b2.2:humidity-vapour_pressure:magnus-6.112-17.62-243.12:toa-shape-erbs1982:wind-constant-daily-mean:pressure-isa-elev-sea-level-constant-no-dem:liljegren-thermofeel2.3.0:day-nex-normalised-complete365-feb29dropped,293270233.95725334,293270233.95725334,1.0,4,4,0,intersection_area_weighted_valid_cells_only,native,,19.52321505199092,0.7006228632727374,0.0,0.0,Kullu,Anni
Himachal Pradesh,block,Kullu||Banjar,ACCESS-CM2,historical,2005,C1,outdoor-pilot-v1:C1:parton-logan-a1.86-b2.2:humidity-vapour_pressure:magnus-6.112-17.62-243.12:toa-shape-erbs1982:wind-constant-daily-mean:pressure-isa-elev-sea-level-constant-no-dem:liljegren-thermofeel2.3.0:day-nex-normalised-complete365-feb29dropped,1289688645.4098802,1289688645.4098802,1.0,8,8,0,intersection_area_weighted_valid_cells_only,native,,14.445683042947579,0.1709129209541566,0.0,0.0,Kullu,Banjar
Himachal Pradesh,block,Kullu||Kullu,ACCESS-CM2,historical,2005,C1,outdoor-pilot-v1:C1:parton-logan-a1.86-b2.2:humidity-vapour_pressure:magnus-6.112-17.62-243.12:toa-shape-erbs1982:wind-constant-daily-mean:pressure-isa-elev-sea-level-constant-no-dem:liljegren-thermofeel2.3.0:day-nex-normalised-complete365-feb29dropped,2113375084.6148796,2113375084.6148796,1.0,8,8,0,intersection_area_weighted_valid_cells_only,native,,11.498040748117166,1.1011413077142413,0.0,0.0,Kullu,Kullu
Himachal Pradesh,block,Kullu||Naggar,ACCESS-CM2,historical,2005,C1,outdoor-pilot-v1:C1:parton-logan-a1.86-b2.2:humidity-vapour_pressure:magnus-6.112-17.62-243.12:toa-shape-erbs1982:wind-constant-daily-mean:pressure-isa-elev-sea-level-constant-no-dem:liljegren-thermofeel2.3.0:day-nex-normalised-complete365-feb29dropped,981455536.9590743,1369584134.6749246,0.7166084303335085,7,5,2,intersection_area_weighted_valid_cells_only,native,,15.948287750037204,2.234759405853648,0.09849680443461463,0.0,Kullu,Naggar
Himachal Pradesh,block,Kullu||Nirmand,ACCESS-CM2,historical,2005,C1,outdoor-pilot-v1:C1:parton-logan-a1.86-b2.2:humidity-vapour_pressure:magnus-6.112-17.62-243.12:toa-shape-erbs1982:wind-constant-daily-mean:pressure-isa-elev-sea-level-constant-no-dem:liljegren-thermofeel2.3.0:day-nex-normalised-complete365-feb29dropped,421410065.23962116,421410065.23962116,1.0,4,4,0,intersection_area_weighted_valid_cells_only,native,,16.70226608417473,0.48415573577735005,0.0,0.0,Kullu,Nirmand
Himachal Pradesh,block,Lahul and Spiti||Lahul,ACCESS-CM2,historical,2005,C1,outdoor-pilot-v1:C1:parton-logan-a1.86-b2.2:humidity-vapour_pressure:magnus-6.112-17.62-243.12:toa-shape-erbs1982:wind-constant-daily-mean:pressure-isa-elev-sea-level-constant-no-dem:liljegren-thermofeel2.3.0:day-nex-normalised-complete365-feb29dropped,4467917827.726033,6714424264.368433,0.665420839048855,23,17,6,intersection_area_weighted_valid_cells_only,native,,8.59733628564781,0.0,0.0,0.0,Lahul and Spiti,Lahul
Himachal Pradesh,block,Lahul and Spiti||Spiti,ACCESS-CM2,historical,2005,C1,outdoor-pilot-v1:C1:parton-logan-a1.86-b2.2:humidity-vapour_pressure:magnus-6.112-17.62-243.12:toa-shape-erbs1982:wind-constant-daily-mean:pressure-isa-elev-sea-level-constant-no-dem:liljegren-thermofeel2.3.0:day-nex-normalised-complete365-feb29dropped,3981199020.521965,7243041757.761225,0.5496584382184381,21,13,8,intersection_area_weighted_valid_cells_only,native,,8.600549668070698,0.0,0.0,0.0,Lahul and Spiti,Spiti
Himachal Pradesh,block,Mandi||Balh,ACCESS-CM2,historical,2005,C1,outdoor-pilot-v1:C1:parton-logan-a1.86-b2.2:humidity-vapour_pressure:magnus-6.112-17.62-243.12:toa-shape-erbs1982:wind-constant-daily-mean:pressure-isa-elev-sea-level-constant-no-dem:liljegren-thermofeel2.3.0:day-nex-normalised-complete365-feb29dropped,236767491.8643038,236767491.8643038,1.0,2,2,0,intersection_area_weighted_valid_cells_only,native,,23.081741654409022,72.27397442737939,5.996264590529805,0.0,Mandi,Balh
Himachal Pradesh,block,Mandi||Bali Chowki,ACCESS-CM2,historical,2005,C1,outdoor-pilot-v1:C1:parton-logan-a1.86-b2.2:humidity-vapour_pressure:magnus-6.112-17.62-243.12:toa-shape-erbs1982:wind-constant-daily-mean:pressure-isa-elev-sea-level-constant-no-dem:liljegren-thermofeel2.3.0:day-nex-normalised-complete365-feb29dropped,195013923.01759,195013923.01759,1.0,2,2,0,intersection_area_weighted_valid_cells_only,native,,18.60665369215142,0.0,0.0,0.0,Mandi,Bali Chowki
Himachal Pradesh,block,Mandi||Chauntra,ACCESS-CM2,historical,2005,C1,outdoor-pilot-v1:C1:parton-logan-a1.86-b2.2:humidity-vapour_pressure:magnus-6.112-17.62-243.12:toa-shape-erbs1982:wind-constant-daily-mean:pressure-isa-elev-sea-level-constant-no-dem:liljegren-thermofeel2.3.0:day-nex-normalised-complete365-feb29dropped,361531868.4028643,361531868.4028643,1.0,4,4,0,intersection_area_weighted_valid_cells_only,native,,21.971825162972678,86.57357066336796,34.78887856596652,5.930024470031883,Mandi,Chauntra
Himachal Pradesh,block,Mandi||Dharmpur,ACCESS-CM2,historical,2005,C1,outdoor-pilot-v1:C1:parton-logan-a1.86-b2.2:humidity-vapour_pressure:magnus-6.112-17.62-243.12:toa-shape-erbs1982:wind-constant-daily-mean:pressure-isa-elev-sea-level-constant-no-dem:liljegren-thermofeel2.3.0:day-nex-normalised-complete365-feb29dropped,234272195.805956,234272195.805956,1.0,4,4,0,intersection_area_weighted_valid_cells_only,native,,24.777498148706922,137.58107587272386,82.06557261990912,15.836973093279266,Mandi,Dharmpur
Himachal Pradesh,block,Mandi||Drang,ACCESS-CM2,historical,2005,C1,outdoor-pilot-v1:C1:parton-logan-a1.86-b2.2:humidity-vapour_pressure:magnus-6.112-17.62-243.12:toa-shape-erbs1982:wind-constant-daily-mean:pressure-isa-elev-sea-level-constant-no-dem:liljegren-thermofeel2.3.0:day-nex-normalised-complete365-feb29dropped,411855407.63011163,411855407.63011163,1.0,3,3,0,intersection_area_weighted_valid_cells_only,native,,20.796171412162057,62.096104365004564,7.639309755196979,0.0,Mandi,Drang
Himachal Pradesh,block,Mandi||Gohar,ACCESS-CM2,historical,2005,C1,outdoor-pilot-v1:C1:parton-logan-a1.86-b2.2:humidity-vapour_pressure:magnus-6.112-17.62-243.12:toa-shape-erbs1982:wind-constant-daily-mean:pressure-isa-elev-sea-level-constant-no-dem:liljegren-thermofeel2.3.0:day-nex-normalised-complete365-feb29dropped,241735355.71638256,241735355.71638256,1.0,4,4,0,intersection_area_weighted_valid_cells_only,native,,20.055467180290304,2.6501423532356125,0.1669608844380999,0.0,Mandi,Gohar
Himachal Pradesh,block,Mandi||Gopalpur,ACCESS-CM2,historical,2005,C1,outdoor-pilot-v1:C1:parton-logan-a1.86-b2.2:humidity-vapour_pressure:magnus-6.112-17.62-243.12:toa-shape-erbs1982:wind-constant-daily-mean:pressure-isa-elev-sea-level-constant-no-dem:liljegren-thermofeel2.3.0:day-nex-normalised-complete365-feb29dropped,264318853.39175183,264318853.39175183,1.0,5,5,0,intersection_area_weighted_valid_cells_only,native,,23.47102016267547,90.2049764496078,16.804498952797818,0.8410432336741932,Mandi,Gopalpur
Himachal Pradesh,block,Mandi||Karsog,ACCESS-CM2,historical,2005,C1,outdoor-pilot-v1:C1:parton-logan-a1.86-b2.2:humidity-vapour_pressure:magnus-6.112-17.62-243.12:toa-shape-erbs1982:wind-constant-daily-mean:pressure-isa-elev-sea-level-constant-no-dem:liljegren-thermofeel2.3.0:day-nex-normalised-complete365-feb29dropped,576112582.2909889,576112582.2909889,1.0,3,3,0,intersection_area_weighted_valid_cells_only,native,,20.11070334784476,0.6015005236057279,0.026781175831860297,0.0,Mandi,Karsog
Himachal Pradesh,block,Mandi||Mandi Sadar,ACCESS-CM2,historical,2005,C1,outdoor-pilot-v1:C1:parton-logan-a1.86-b2.2:humidity-vapour_pressure:magnus-6.112-17.62-243.12:toa-shape-erbs1982:wind-constant-daily-mean:pressure-isa-elev-sea-level-constant-no-dem:liljegren-thermofeel2.3.0:day-nex-normalised-complete365-feb29dropped,595358470.3727833,595358470.3727833,1.0,4,4,0,intersection_area_weighted_valid_cells_only,native,,21.630904529937368,33.00519494703221,2.2679318011698006,0.0,Mandi,Mandi Sadar
Himachal Pradesh,block,Mandi||Seraj,ACCESS-CM2,historical,2005,C1,outdoor-pilot-v1:C1:parton-logan-a1.86-b2.2:humidity-vapour_pressure:magnus-6.112-17.62-243.12:toa-shape-erbs1982:wind-constant-daily-mean:pressure-isa-elev-sea-level-constant-no-dem:liljegren-thermofeel2.3.0:day-nex-normalised-complete365-feb29dropped,314207109.90061504,314207109.90061504,1.0,4,4,0,intersection_area_weighted_valid_cells_only,native,,19.845678831984813,0.15692525811866495,0.0,0.0,Mandi,Seraj
Himachal Pradesh,block,Mandi||Sundarnagar,ACCESS-CM2,historical,2005,C1,outdoor-pilot-v1:C1:parton-logan-a1.86-b2.2:humidity-vapour_pressure:magnus-6.112-17.62-243.12:toa-shape-erbs1982:wind-constant-daily-mean:pressure-isa-elev-sea-level-constant-no-dem:liljegren-thermofeel2.3.0:day-nex-normalised-complete365-feb29dropped,518759486.7946952,518759486.7946952,1.0,3,3,0,intersection_area_weighted_valid_cells_only,native,,22.069302651065943,48.57994442510615,3.2527782132020637,0.0,Mandi,Sundarnagar
Himachal Pradesh,block,Shimla||Basantpur,ACCESS-CM2,historical,2005,C1,outdoor-pilot-v1:C1:parton-logan-a1.86-b2.2:humidity-vapour_pressure:magnus-6.112-17.62-243.12:toa-shape-erbs1982:wind-constant-daily-mean:pressure-isa-elev-sea-level-constant-no-dem:liljegren-thermofeel2.3.0:day-nex-normalised-complete365-feb29dropped,17426251.03414944,17426251.03414944,1.0,1,1,0,intersection_area_weighted_valid_cells_only,native,,21.864203687397236,10.0,1.0,0.0,Shimla,Basantpur
Himachal Pradesh,block,Shimla||Chauhara,ACCESS-CM2,historical,2005,C1,outdoor-pilot-v1:C1:parton-logan-a1.86-b2.2:humidity-vapour_pressure:magnus-6.112-17.62-243.12:toa-shape-erbs1982:wind-constant-daily-mean:pressure-isa-elev-sea-level-constant-no-dem:liljegren-thermofeel2.3.0:day-nex-normalised-complete365-feb29dropped,999851517.6955413,999851517.6955413,1.0,7,7,0,intersection_area_weighted_valid_cells_only,native,,16.232769046269496,0.0003296191065628678,0.0,0.0,Shimla,Chauhara
Himachal Pradesh,block,Shimla||Chaupal,ACCESS-CM2,historical,2005,C1,outdoor-pilot-v1:C1:parton-logan-a1.86-b2.2:humidity-vapour_pressure:magnus-6.112-17.62-243.12:toa-shape-erbs1982:wind-constant-daily-mean:pressure-isa-elev-sea-level-constant-no-dem:liljegren-thermofeel2.3.0:day-nex-normalised-complete365-feb29dropped,664325508.747343,664325508.747343,1.0,6,6,0,intersection_area_weighted_valid_cells_only,native,,19.74171075545122,0.8406672999503287,0.0,0.0,Shimla,Chaupal
Himachal Pradesh,block,Shimla||Jubbal,ACCESS-CM2,historical,2005,C1,outdoor-pilot-v1:C1:parton-logan-a1.86-b2.2:humidity-vapour_pressure:magnus-6.112-17.62-243.12:toa-shape-erbs1982:wind-constant-daily-mean:pressure-isa-elev-sea-level-constant-no-dem:liljegren-thermofeel2.3.0:day-nex-normalised-complete365-feb29dropped,309899444.7405424,309899444.7405424,1.0,3,3,0,intersection_area_weighted_valid_cells_only,native,,18.375773189659906,0.13296359176801442,0.0,0.0,Shimla,Jubbal
Himachal Pradesh,block,Shimla||Kotkhai,ACCESS-CM2,historical,2005,C1,outdoor-pilot-v1:C1:parton-logan-a1.86-b2.2:humidity-vapour_pressure:magnus-6.112-17.62-243.12:toa-shape-erbs1982:wind-constant-daily-mean:pressure-isa-elev-sea-level-constant-no-dem:liljegren-thermofeel2.3.0:day-nex-normalised-complete365-feb29dropped,244154385.7286816,244154385.7286816,1.0,2,2,0,intersection_area_weighted_valid_cells_only,native,,18.263430498313063,0.0,0.0,0.0,Shimla,Kotkhai
Himachal Pradesh,block,Shimla||Kupvi,ACCESS-CM2,historical,2005,C1,outdoor-pilot-v1:C1:parton-logan-a1.86-b2.2:humidity-vapour_pressure:magnus-6.112-17.62-243.12:toa-shape-erbs1982:wind-constant-daily-mean:pressure-isa-elev-sea-level-constant-no-dem:liljegren-thermofeel2.3.0:day-nex-normalised-complete365-feb29dropped,176674591.70014787,176674591.70014787,1.0,2,2,0,intersection_area_weighted_valid_cells_only,native,,20.16745435839076,1.0,0.0,0.0,Shimla,Kupvi
Himachal Pradesh,block,Shimla||Mashobra,ACCESS-CM2,historical,2005,C1,outdoor-pilot-v1:C1:parton-logan-a1.86-b2.2:humidity-vapour_pressure:magnus-6.112-17.62-243.12:toa-shape-erbs1982:wind-constant-daily-mean:pressure-isa-elev-sea-level-constant-no-dem:liljegren-thermofeel2.3.0:day-nex-normalised-complete365-feb29dropped,723714228.9567833,723714228.9567833,1.0,7,7,0,intersection_area_weighted_valid_cells_only,native,,21.30717725968572,8.835740529541383,0.8543823510543086,0.0,Shimla,Mashobra
Himachal Pradesh,block,Shimla||Nankhari,ACCESS-CM2,historical,2005,C1,outdoor-pilot-v1:C1:parton-logan-a1.86-b2.2:humidity-vapour_pressure:magnus-6.112-17.62-243.12:toa-shape-erbs1982:wind-constant-daily-mean:pressure-isa-elev-sea-level-constant-no-dem:liljegren-thermofeel2.3.0:day-nex-normalised-complete365-feb29dropped,142504035.56125864,142504035.56125864,1.0,3,3,0,intersection_area_weighted_valid_cells_only,native,,20.29637120917381,0.9781718970693424,0.0,0.0,Shimla,Nankhari
Himachal Pradesh,block,Shimla||Narkanda,ACCESS-CM2,historical,2005,C1,outdoor-pilot-v1:C1:parton-logan-a1.86-b2.2:humidity-vapour_pressure:magnus-6.112-17.62-243.12:toa-shape-erbs1982:wind-constant-daily-mean:pressure-isa-elev-sea-level-constant-no-dem:liljegren-thermofeel2.3.0:day-nex-normalised-complete365-feb29dropped,220146892.56763458,220146892.56763458,1.0,4,4,0,intersection_area_weighted_valid_cells_only,native,,20.434528023198315,0.8546336341929992,0.0,0.0,Shimla,Narkanda
Himachal Pradesh,block,Shimla||Rampur,ACCESS-CM2,historical,2005,C1,outdoor-pilot-v1:C1:parton-logan-a1.86-b2.2:humidity-vapour_pressure:magnus-6.112-17.62-243.12:toa-shape-erbs1982:wind-constant-daily-mean:pressure-isa-elev-sea-level-constant-no-dem:liljegren-thermofeel2.3.0:day-nex-normalised-complete365-feb29dropped,845767256.622326,845767256.622326,1.0,4,4,0,intersection_area_weighted_valid_cells_only,native,,16.35028450664883,0.29100893578904097,0.0,0.0,Shimla,Rampur
Himachal Pradesh,block,Shimla||Rohru,ACCESS-CM2,historical,2005,C1,outdoor-pilot-v1:C1:parton-logan-a1.86-b2.2:humidity-vapour_pressure:magnus-6.112-17.62-243.12:toa-shape-erbs1982:wind-constant-daily-mean:pressure-isa-elev-sea-level-constant-no-dem:liljegren-thermofeel2.3.0:day-nex-normalised-complete365-feb29dropped,302367208.37971956,302367208.37971956,1.0,4,4,0,intersection_area_weighted_valid_cells_only,native,,18.47655905865446,0.21669394743043977,0.0,0.0,Shimla,Rohru
Himachal Pradesh,block,Shimla||Theog,ACCESS-CM2,historical,2005,C1,outdoor-pilot-v1:C1:parton-logan-a1.86-b2.2:humidity-vapour_pressure:magnus-6.112-17.62-243.12:toa-shape-erbs1982:wind-constant-daily-mean:pressure-isa-elev-sea-level-constant-no-dem:liljegren-thermofeel2.3.0:day-nex-normalised-complete365-feb29dropped,477897944.90629774,477897944.90629774,1.0,5,5,0,intersection_area_weighted_valid_cells_only,native,,19.32944770788033,0.038000756809324666,0.0,0.0,Shimla,Theog
Himachal Pradesh,block,Sirmaur||Nahan,ACCESS-CM2,historical,2005,C1,outdoor-pilot-v1:C1:parton-logan-a1.86-b2.2:humidity-vapour_pressure:magnus-6.112-17.62-243.12:toa-shape-erbs1982:wind-constant-daily-mean:pressure-isa-elev-sea-level-constant-no-dem:liljegren-thermofeel2.3.0:day-nex-normalised-complete365-feb29dropped,565123283.8817842,565123283.8817842,1.0,4,4,0,intersection_area_weighted_valid_cells_only,native,,25.87023667176772,162.76369671481385,96.08416086276347,38.22474711201543,Sirmaur,Nahan
Himachal Pradesh,block,Sirmaur||Pachhad,ACCESS-CM2,historical,2005,C1,outdoor-pilot-v1:C1:parton-logan-a1.86-b2.2:humidity-vapour_pressure:magnus-6.112-17.62-243.12:toa-shape-erbs1982:wind-constant-daily-mean:pressure-isa-elev-sea-level-constant-no-dem:liljegren-thermofeel2.3.0:day-nex-normalised-complete365-feb29dropped,390632230.26494133,390632230.26494133,1.0,4,4,0,intersection_area_weighted_valid_cells_only,native,,24.161078106601305,102.17427941281005,51.10325823039769,20.43410355011081,Sirmaur,Pachhad
Himachal Pradesh,block,Sirmaur||Paonta Sahib,ACCESS-CM2,historical,2005,C1,outdoor-pilot-v1:C1:parton-logan-a1.86-b2.2:humidity-vapour_pressure:magnus-6.112-17.62-243.12:toa-shape-erbs1982:wind-constant-daily-mean:pressure-isa-elev-sea-level-constant-no-dem:liljegren-thermofeel2.3.0:day-nex-normalised-complete365-feb29dropped,766947556.5697181,766947556.5697181,1.0,6,6,0,intersection_area_weighted_valid_cells_only,native,,24.993444613799756,119.2143084058312,65.21171463963469,37.347215596563665,Sirmaur,Paonta Sahib
Himachal Pradesh,block,Sirmaur||Rajgarh,ACCESS-CM2,historical,2005,C1,outdoor-pilot-v1:C1:parton-logan-a1.86-b2.2:humidity-vapour_pressure:magnus-6.112-17.62-243.12:toa-shape-erbs1982:wind-constant-daily-mean:pressure-isa-elev-sea-level-constant-no-dem:liljegren-thermofeel2.3.0:day-nex-normalised-complete365-feb29dropped,380026349.18129396,380026349.18129396,1.0,4,4,0,intersection_area_weighted_valid_cells_only,native,,20.5606040231753,4.265639433788321,0.3404258609052727,0.002694741479983388,Sirmaur,Rajgarh
Himachal Pradesh,block,Sirmaur||Sangrah,ACCESS-CM2,historical,2005,C1,outdoor-pilot-v1:C1:parton-logan-a1.86-b2.2:humidity-vapour_pressure:magnus-6.112-17.62-243.12:toa-shape-erbs1982:wind-constant-daily-mean:pressure-isa-elev-sea-level-constant-no-dem:liljegren-thermofeel2.3.0:day-nex-normalised-complete365-feb29dropped,480488491.00813365,480488491.00813365,1.0,4,4,0,intersection_area_weighted_valid_cells_only,native,,22.932621547417703,74.27295509846282,22.643872338974447,1.0356672722142923,Sirmaur,Sangrah
Himachal Pradesh,block,Sirmaur||Shillai,ACCESS-CM2,historical,2005,C1,outdoor-pilot-v1:C1:parton-logan-a1.86-b2.2:humidity-vapour_pressure:magnus-6.112-17.62-243.12:toa-shape-erbs1982:wind-constant-daily-mean:pressure-isa-elev-sea-level-constant-no-dem:liljegren-thermofeel2.3.0:day-nex-normalised-complete365-feb29dropped,243404078.757849,243404078.757849,1.0,3,3,0,intersection_area_weighted_valid_cells_only,native,,22.664300210308834,53.709121820218385,3.751014532786151,0.7696947426784578,Sirmaur,Shillai
Himachal Pradesh,block,Solan||Dharampur,ACCESS-CM2,historical,2005,C1,outdoor-pilot-v1:C1:parton-logan-a1.86-b2.2:humidity-vapour_pressure:magnus-6.112-17.62-243.12:toa-shape-erbs1982:wind-constant-daily-mean:pressure-isa-elev-sea-level-constant-no-dem:liljegren-thermofeel2.3.0:day-nex-normalised-complete365-feb29dropped,280059223.38235945,280059223.38235945,1.0,4,4,0,intersection_area_weighted_valid_cells_only,native,,24.836547704480292,128.30233842996097,74.2041732170302,23.779643817739785,Solan,Dharampur
Himachal Pradesh,block,Solan||Kandaghat,ACCESS-CM2,historical,2005,C1,outdoor-pilot-v1:C1:parton-logan-a1.86-b2.2:humidity-vapour_pressure:magnus-6.112-17.62-243.12:toa-shape-erbs1982:wind-constant-daily-mean:pressure-isa-elev-sea-level-constant-no-dem:liljegren-thermofeel2.3.0:day-nex-normalised-complete365-feb29dropped,227507572.68469062,227507572.68469062,1.0,3,3,0,intersection_area_weighted_valid_cells_only,native,,22.527832995738844,38.63439042942706,3.3744284241671214,0.0,Solan,Kandaghat
Himachal Pradesh,block,Solan||Kunihar,ACCESS-CM2,historical,2005,C1,outdoor-pilot-v1:C1:parton-logan-a1.86-b2.2:humidity-vapour_pressure:magnus-6.112-17.62-243.12:toa-shape-erbs1982:wind-constant-daily-mean:pressure-isa-elev-sea-level-constant-no-dem:liljegren-thermofeel2.3.0:day-nex-normalised-complete365-feb29dropped,385185272.74777997,385185272.74777997,1.0,4,4,0,intersection_area_weighted_valid_cells_only,native,,23.314889756512567,84.21823556169467,9.981665408198692,0.0,Solan,Kunihar
Himachal Pradesh,block,Solan||Nalagarh,ACCESS-CM2,historical,2005,C1,outdoor-pilot-v1:C1:parton-logan-a1.86-b2.2:humidity-vapour_pressure:magnus-6.112-17.62-243.12:toa-shape-erbs1982:wind-constant-daily-mean:pressure-isa-elev-sea-level-constant-no-dem:liljegren-thermofeel2.3.0:day-nex-normalised-complete365-feb29dropped,783961136.1011655,783961136.1011655,1.0,4,4,0,intersection_area_weighted_valid_cells_only,native,,25.606962630436808,151.96616966632493,98.42792261846563,45.7926117798814,Solan,Nalagarh
Himachal Pradesh,block,Solan||Solan,ACCESS-CM2,historical,2005,C1,outdoor-pilot-v1:C1:parton-logan-a1.86-b2.2:humidity-vapour_pressure:magnus-6.112-17.62-243.12:toa-shape-erbs1982:wind-constant-daily-mean:pressure-isa-elev-sea-level-constant-no-dem:liljegren-thermofeel2.3.0:day-nex-normalised-complete365-feb29dropped,258983249.10850012,258983249.10850012,1.0,4,4,0,intersection_area_weighted_valid_cells_only,native,,23.123602493545498,65.10385004394475,8.889402882360251,1.0699939620299155,Solan,Solan
Himachal Pradesh,block,Una||Amb,ACCESS-CM2,historical,2005,C1,outdoor-pilot-v1:C1:parton-logan-a1.86-b2.2:humidity-vapour_pressure:magnus-6.112-17.62-243.12:toa-shape-erbs1982:wind-constant-daily-mean:pressure-isa-elev-sea-level-constant-no-dem:liljegren-thermofeel2.3.0:day-nex-normalised-complete365-feb29dropped,332772274.7622026,332772274.7622026,1.0,4,4,0,intersection_area_weighted_valid_cells_only,native,,26.263594268287353,178.55455922312808,144.38201064807927,60.85526305051442,Una,Amb
Himachal Pradesh,block,Una||Bangana,ACCESS-CM2,historical,2005,C1,outdoor-pilot-v1:C1:parton-logan-a1.86-b2.2:humidity-vapour_pressure:magnus-6.112-17.62-243.12:toa-shape-erbs1982:wind-constant-daily-mean:pressure-isa-elev-sea-level-constant-no-dem:liljegren-thermofeel2.3.0:day-nex-normalised-complete365-feb29dropped,417556726.45136386,417556726.45136386,1.0,3,3,0,intersection_area_weighted_valid_cells_only,native,,25.926190574021945,172.0650488385367,135.70801554208563,43.411365078419735,Una,Bangana
Himachal Pradesh,block,Una||Gagret,ACCESS-CM2,historical,2005,C1,outdoor-pilot-v1:C1:parton-logan-a1.86-b2.2:humidity-vapour_pressure:magnus-6.112-17.62-243.12:toa-shape-erbs1982:wind-constant-daily-mean:pressure-isa-elev-sea-level-constant-no-dem:liljegren-thermofeel2.3.0:day-nex-normalised-complete365-feb29dropped,257562053.00638306,257562053.00638306,1.0,4,4,0,intersection_area_weighted_valid_cells_only,native,,26.412252412418123,180.98494811453483,148.3275134341996,70.98105436589086,Una,Gagret
Himachal Pradesh,block,Una||Haroli,ACCESS-CM2,historical,2005,C1,outdoor-pilot-v1:C1:parton-logan-a1.86-b2.2:humidity-vapour_pressure:magnus-6.112-17.62-243.12:toa-shape-erbs1982:wind-constant-daily-mean:pressure-isa-elev-sea-level-constant-no-dem:liljegren-thermofeel2.3.0:day-nex-normalised-complete365-feb29dropped,308788143.96486676,308788143.96486676,1.0,3,3,0,intersection_area_weighted_valid_cells_only,native,,26.944960596293054,186.67560044771392,159.81585514828276,102.71089404485829,Una,Haroli
Himachal Pradesh,block,Una||Una,ACCESS-CM2,historical,2005,C1,outdoor-pilot-v1:C1:parton-logan-a1.86-b2.2:humidity-vapour_pressure:magnus-6.112-17.62-243.12:toa-shape-erbs1982:wind-constant-daily-mean:pressure-isa-elev-sea-level-constant-no-dem:liljegren-thermofeel2.3.0:day-nex-normalised-complete365-feb29dropped,225956249.92958868,225956249.92958868,1.0,4,4,0,intersection_area_weighted_valid_cells_only,native,,26.522915471909705,181.30462738763555,149.11777613935556,72.67710792126553,Una,Una
